"community","regulators","community_size","source","term","gene_count","set_size","term_size","universe","fold","p_value","q_value","gene_ratio"
2,"TetR, SigA5, SigF1",18,"COG","C",7,18,204,2712,5.16993464052288,0.0001914487120235,0.001148692272141,"7/18"
2,"TetR, SigA5, SigF1",18,"COG","F",4,18,98,2712,6.14965986394558,0.00332142670240972,0.00996428010722916,"4/18"
2,"TetR, SigA5, SigF1",18,"COG","K",3,18,113,2712,4,0.0364028230682995,0.072805646136599,"3/18"
2,"TetR, SigA5, SigF1",18,"COG","J",2,18,166,2712,1.81526104417671,0.302753415005945,0.371093581625116,"2/18"
2,"TetR, SigA5, SigF1",18,"COG","I",1,18,55,2712,2.73939393939394,0.309244651354263,0.371093581625116,"1/18"
2,"TetR, SigA5, SigF1",18,"COG","H",1,18,173,2712,0.870905587668593,0.695885320609753,0.695885320609753,"1/18"
2,"TetR, SigA5, SigF1",18,"KEGG","map01100",11,18,580,2712,2.85747126436782,0.000283462649772758,0.00510232769590964,"11/18"
2,"TetR, SigA5, SigF1",18,"KEGG","map00860",3,18,48,2712,9.41666666666667,0.00352413272734627,0.0212692267527221,"3/18"
2,"TetR, SigA5, SigF1",18,"KEGG","map00190",3,18,49,2712,9.22448979591837,0.0037383737409178,0.0212692267527221,"3/18"
2,"TetR, SigA5, SigF1",18,"KEGG","map00760",2,18,16,2712,18.8333333333333,0.00472649483393824,0.0212692267527221,"2/18"
2,"TetR, SigA5, SigF1",18,"KEGG","map00720",2,18,18,2712,16.7407407407407,0.00597908814379983,0.0215247173176794,"2/18"
2,"TetR, SigA5, SigF1",18,"KEGG","map00620",2,18,24,2712,12.5555555555556,0.0105346211056804,0.0316038633170413,"2/18"
2,"TetR, SigA5, SigF1",18,"KEGG","map00650",1,18,6,2712,25.1111111111111,0.0392036028104195,0.10080926436965,"1/18"
2,"TetR, SigA5, SigF1",18,"KEGG","map02026",1,18,12,2712,12.5555555555556,0.0769524887443814,0.145998048002544,"1/18"
2,"TetR, SigA5, SigF1",18,"KEGG","map01200",2,18,70,2712,4.3047619047619,0.0770333301730939,0.145998048002544,"2/18"
2,"TetR, SigA5, SigF1",18,"KEGG","map00020",1,18,13,2712,11.5897435897436,0.0831061388194186,0.145998048002544,"1/18"
2,"TetR, SigA5, SigF1",18,"KEGG","map05111",1,18,14,2712,10.7619047619048,0.089221029334888,0.145998048002544,"1/18"
2,"TetR, SigA5, SigF1",18,"KEGG","map00680",1,18,21,2712,7.17460317460317,0.130959142980084,0.196438714470126,"1/18"
2,"TetR, SigA5, SigF1",18,"KEGG","map00010",1,18,28,2712,5.38095238095238,0.170886164513101,0.236611612402755,"1/18"
2,"TetR, SigA5, SigF1",18,"KEGG","map01120",2,18,122,2712,2.46994535519126,0.192746861811419,0.247817393757538,"2/18"
2,"TetR, SigA5, SigF1",18,"KEGG","map00240",1,18,38,2712,3.96491228070175,0.224929478155135,0.25335984620676,"1/18"
2,"TetR, SigA5, SigF1",18,"KEGG","map01110",3,18,249,2712,1.81526104417671,0.225208752183786,0.25335984620676,"3/18"
2,"TetR, SigA5, SigF1",18,"KEGG","map01130",1,18,166,2712,0.907630522088353,0.680381255492122,0.720403682285776,"1/18"
3,"NusG",44,"COG","J",15,44,166,2712,5.56955093099671,1.64974242582885e-08,2.30963939616039e-07,"15/44"
3,"NusG",44,"COG","U",2,44,54,2712,2.28282828282828,0.217872858403064,0.815057374265442,"2/44"
3,"NusG",44,"COG","O",3,44,100,2712,1.84909090909091,0.219651111688961,0.815057374265442,"3/44"
3,"NusG",44,"COG","C",5,44,204,2712,1.51069518716578,0.232873535504412,0.815057374265442,"5/44"
3,"NusG",44,"COG","H",4,44,173,2712,1.42511823436679,0.307555970772837,0.861156718163943,"4/44"
3,"NusG",44,"COG","F",2,44,98,2712,1.25788497217069,0.476841700874471,0.994737437069485,"2/44"
3,"NusG",44,"COG","L",2,44,114,2712,1.08133971291866,0.559021203006088,0.994737437069485,"2/44"
3,"NusG",44,"COG","I",1,44,55,2712,1.12066115702479,0.596993466315257,0.994737437069485,"1/44"
3,"NusG",44,"COG","P",2,44,163,2712,0.75627440044618,0.753091750828753,0.994737437069485,"2/44"
3,"NusG",44,"COG","K",1,44,113,2712,0.545454545454546,0.848619218942388,0.994737437069485,"1/44"
3,"NusG",44,"COG","T",1,44,117,2712,0.526806526806527,0.858618703499137,0.994737437069485,"1/44"
3,"NusG",44,"COG","E",1,44,138,2712,0.446640316205534,0.901413475657003,0.994737437069485,"1/44"
3,"NusG",44,"COG","S",5,44,569,2712,0.541620067103371,0.969295895274781,0.994737437069485,"5/44"
3,"NusG",44,"KEGG","map03010",11,44,53,2712,12.7924528301887,2.53566047598279e-10,9.88907585633289e-09,"11/44"
3,"NusG",44,"KEGG","map00290",2,44,12,2712,10.2727272727273,0.0153162719719546,0.298667303453114,"2/44"
3,"NusG",44,"KEGG","map01110",8,44,249,2712,1.9802847754655,0.0435567555353849,0.306489913478057,"8/44"
3,"NusG",44,"KEGG","map01210",2,44,21,2712,5.87012987012987,0.044446571059578,0.306489913478057,"2/44"
3,"NusG",44,"KEGG","map04016",1,44,3,2712,20.5454545454545,0.04790454415873,0.306489913478057,"1/44"
3,"NusG",44,"KEGG","map05230",1,44,4,2712,15.4090909090909,0.0633686268671152,0.306489913478057,"1/44"
3,"NusG",44,"KEGG","map00970",2,44,26,2712,4.74125874125874,0.0653822850618277,0.306489913478057,"2/44"
3,"NusG",44,"KEGG","map04922",1,44,5,2712,12.3272727272727,0.0785871573020658,0.306489913478057,"1/44"
3,"NusG",44,"KEGG","map00660",1,44,5,2712,12.3272727272727,0.0785871573020658,0.306489913478057,"1/44"
3,"NusG",44,"KEGG","map04066",1,44,5,2712,12.3272727272727,0.0785871573020658,0.306489913478057,"1/44"
3,"NusG",44,"KEGG","map05152",1,44,7,2712,8.8051948051948,0.108302742925879,0.329338675607789,"1/44"
3,"NusG",44,"KEGG","map01100",13,44,580,2712,1.38150470219436,0.127540206597756,0.329338675607789,"13/44"
3,"NusG",44,"KEGG","map01130",5,44,166,2712,1.8565169769989,0.128182125729123,0.329338675607789,"5/44"
3,"NusG",44,"KEGG","map00061",1,44,11,2712,5.60330578512397,0.164951099088305,0.329338675607789,"1/44"
3,"NusG",44,"KEGG","map04122",1,44,11,2712,5.60330578512397,0.164951099088305,0.329338675607789,"1/44"
3,"NusG",44,"KEGG","map00780",1,44,12,2712,5.13636363636364,0.178554265189791,0.329338675607789,"1/44"
3,"NusG",44,"KEGG","map01212",1,44,12,2712,5.13636363636364,0.178554265189791,0.329338675607789,"1/44"
3,"NusG",44,"KEGG","map03070",1,44,12,2712,5.13636363636364,0.178554265189791,0.329338675607789,"1/44"
3,"NusG",44,"KEGG","map00860",2,44,48,2712,2.56818181818182,0.182157522969597,0.329338675607789,"2/44"
3,"NusG",44,"KEGG","map00983",1,44,13,2712,4.74125874125874,0.191940788275587,0.329338675607789,"1/44"
3,"NusG",44,"KEGG","map00770",1,44,13,2712,4.74125874125874,0.191940788275587,0.329338675607789,"1/44"
3,"NusG",44,"KEGG","map00020",1,44,13,2712,4.74125874125874,0.191940788275587,0.329338675607789,"1/44"
3,"NusG",44,"KEGG","map01230",3,44,94,2712,1.96711798839458,0.194225372794337,0.329338675607789,"3/44"
3,"NusG",44,"KEGG","map03060",1,44,14,2712,4.4025974025974,0.20511403959677,0.333310314344751,"1/44"
3,"NusG",44,"KEGG","map02020",2,44,55,2712,2.24132231404959,0.223896369330911,0.345590642459289,"2/44"
3,"NusG",44,"KEGG","map00230",2,44,57,2712,2.16267942583732,0.235985092332064,0.345590642459289,"2/44"
3,"NusG",44,"KEGG","map00250",1,44,17,2712,3.62566844919786,0.243387111566054,0.345590642459289,"1/44"
3,"NusG",44,"KEGG","map00195",2,44,59,2712,2.08936825885978,0.24811635868872,0.345590642459289,"2/44"
3,"NusG",44,"KEGG","map00400",1,44,20,2712,3.08181818181818,0.279857270238629,0.376359777217467,"1/44"
3,"NusG",44,"KEGG","map03440",1,44,22,2712,2.80165289256198,0.303210256543292,0.38506308466991,"1/44"
3,"NusG",44,"KEGG","map00920",1,44,23,2712,2.6798418972332,0.314607560897231,0.38506308466991,"1/44"
3,"NusG",44,"KEGG","map01120",3,44,122,2712,1.51564828614009,0.317401434247163,0.38506308466991,"3/44"
3,"NusG",44,"KEGG","map00620",1,44,24,2712,2.56818181818182,0.325822610105309,0.38506308466991,"1/44"
3,"NusG",44,"KEGG","map00010",1,44,28,2712,2.2012987012987,0.368916562295912,0.423168997927664,"1/44"
3,"NusG",44,"KEGG","map02024",1,44,37,2712,1.66584766584767,0.4562713359185,0.503982819390046,"1/44"
3,"NusG",44,"KEGG","map00240",1,44,38,2712,1.62200956937799,0.465214910206196,0.503982819390046,"1/44"
3,"NusG",44,"KEGG","map01200",1,44,70,2712,0.880519480519481,0.686498333416972,0.704564079033208,"1/44"
3,"NusG",44,"KEGG","map02010",1,44,70,2712,0.880519480519481,0.686498333416972,0.704564079033208,"1/44"
4,"CyAbrB2",48,"COG","C",16,48,204,2712,4.43137254901961,1.53796078574062e-07,2.30694117861092e-06,"16/48"
4,"CyAbrB2",48,"COG","Q",2,48,45,2712,2.51111111111111,0.188586459011819,0.928379900494251,"2/48"
4,"CyAbrB2",48,"COG","S",13,48,569,2712,1.2908611599297,0.19005055366992,0.928379900494251,"13/48"
4,"CyAbrB2",48,"COG","U",2,48,54,2712,2.09259259259259,0.247567973465134,0.928379900494251,"2/48"
4,"CyAbrB2",48,"COG","P",4,48,163,2712,1.38650306748466,0.325761378720548,0.977284136161645,"4/48"
4,"CyAbrB2",48,"COG","T",2,48,117,2712,0.965811965811966,0.621427353506663,0.997129243966606,"2/48"
4,"CyAbrB2",48,"COG","I",1,48,55,2712,1.02727272727273,0.629228922340817,0.997129243966606,"1/48"
4,"CyAbrB2",48,"COG","G",1,48,82,2712,0.689024390243902,0.773915203803117,0.997129243966606,"1/48"
4,"CyAbrB2",48,"COG","J",2,48,166,2712,0.680722891566265,0.803468223626552,0.997129243966606,"2/48"
4,"CyAbrB2",48,"COG","H",2,48,173,2712,0.653179190751445,0.822106147078286,0.997129243966606,"2/48"
4,"CyAbrB2",48,"COG","F",1,48,98,2712,0.576530612244898,0.831767715468073,0.997129243966606,"1/48"
4,"CyAbrB2",48,"COG","O",1,48,100,2712,0.565,0.83789053554993,0.997129243966606,"1/48"
4,"CyAbrB2",48,"COG","K",1,48,113,2712,0.5,0.872694307237293,0.997129243966606,"1/48"
4,"CyAbrB2",48,"COG","M",1,48,147,2712,0.384353741496599,0.932731681328585,0.997129243966606,"1/48"
4,"CyAbrB2",48,"KEGG","map00195",17,48,59,2712,16.2796610169492,1.19538538285332e-17,2.03215515085065e-16,"17/48"
4,"CyAbrB2",48,"KEGG","map01100",30,48,580,2712,2.92241379310345,5.97059421525589e-10,5.07500508296751e-09,"30/48"
4,"CyAbrB2",48,"KEGG","map00190",8,48,49,2712,9.22448979591837,1.37448962052649e-06,7.78877451631676e-06,"8/48"
4,"CyAbrB2",48,"KEGG","map00196",3,48,17,2712,9.97058823529412,0.00297352766113447,0.0126374925598215,"3/48"
4,"CyAbrB2",48,"KEGG","map00710",2,48,16,2712,7.0625,0.0314367115506636,0.106884819272256,"2/48"
4,"CyAbrB2",48,"KEGG","map00860",3,48,48,2712,3.53125,0.0516276575030548,0.146278362925322,"3/48"
4,"CyAbrB2",48,"KEGG","map03070",1,48,12,2712,4.70833333333333,0.193241696173573,0.41872261756598,"1/48"
4,"CyAbrB2",48,"KEGG","map00730",1,48,13,2712,4.34615384615385,0.207584066019376,0.41872261756598,"1/48"
4,"CyAbrB2",48,"KEGG","map03060",1,48,14,2712,4.03571428571429,0.221676679887872,0.41872261756598,"1/48"
4,"CyAbrB2",48,"KEGG","map01200",2,48,70,2712,1.61428571428571,0.35319822235782,0.559596266283383,"2/48"
4,"CyAbrB2",48,"KEGG","map01120",3,48,122,2712,1.38934426229508,0.367581511686835,0.559596266283383,"3/48"
4,"CyAbrB2",48,"KEGG","map00630",1,48,28,2712,2.01785714285714,0.395009129141211,0.559596266283383,"1/48"
4,"CyAbrB2",48,"KEGG","map03010",1,48,53,2712,1.06603773584906,0.615468622226367,0.743163751245737,"1/48"
4,"CyAbrB2",48,"KEGG","map00230",1,48,57,2712,0.991228070175438,0.642506713607412,0.743163751245737,"1/48"
4,"CyAbrB2",48,"KEGG","map01110",4,48,249,2712,0.907630522088353,0.655732721687415,0.743163751245737,"4/48"
4,"CyAbrB2",48,"KEGG","map01130",1,48,166,2712,0.340361445783132,0.953077967979627,0.999999284567266,"1/48"
5,"RpaB",34,"COG","C",11,34,204,2712,4.30103806228374,2.04504588711171e-05,0.000245405506453405,"11/34"
5,"RpaB",34,"COG","F",5,34,98,2712,4.06962785114046,0.00672853480735368,0.0403712088441221,"5/34"
5,"RpaB",34,"COG","G",3,34,82,2712,2.91822094691535,0.0814862285427704,0.325944914171082,"3/34"
5,"RpaB",34,"COG","J",4,34,166,2712,1.92204110559887,0.15104099156652,0.453122974699559,"4/34"
5,"RpaB",34,"COG","D",1,34,27,2712,2.95424836601307,0.289857305067405,0.695657532161771,"1/34"
5,"RpaB",34,"COG","K",2,34,113,2712,1.41176470588235,0.417774930393617,0.747148892978958,"2/34"
5,"RpaB",34,"COG","Q",1,34,45,2712,1.77254901960784,0.435836854237726,0.747148892978958,"1/34"
5,"RpaB",34,"COG","I",1,34,55,2712,1.45026737967914,0.503878217356209,0.755817326034314,"1/34"
5,"RpaB",34,"COG","H",2,34,173,2712,0.922135328119687,0.649097876186948,0.865463834915931,"2/34"
5,"RpaB",34,"COG","T",1,34,117,2712,0.681749622926094,0.778824963135083,0.9345899557621,"1/34"
5,"RpaB",34,"COG","P",1,34,163,2712,0.489354023818116,0.880069122287113,0.947193762465248,"1/34"
5,"RpaB",34,"COG","S",4,34,569,2712,0.560736069471725,0.947193762465248,0.947193762465248,"4/34"
5,"RpaB",34,"KEGG","map00190",8,34,49,2712,13.0228091236495,8.00467330503117e-08,2.64154219066029e-06,"8/34"
5,"RpaB",34,"KEGG","map01100",20,34,580,2712,2.75050709939148,1.96399276090472e-06,3.2405880554928e-05,"20/34"
5,"RpaB",34,"KEGG","map01130",10,34,166,2712,4.80510276399716,2.05183854182333e-05,0.000225702239600566,"10/34"
5,"RpaB",34,"KEGG","map00710",4,34,16,2712,19.9411764705882,3.3728914126059e-05,0.000278263541539987,"4/34"
5,"RpaB",34,"KEGG","map00195",6,34,59,2712,8.11166500498505,6.86605367616524e-05,0.000453159542626906,"6/34"
5,"RpaB",34,"KEGG","map01120",8,34,122,2712,5.2304725168756,9.03701190653636e-05,0.0004970356548595,"8/34"
5,"RpaB",34,"KEGG","map01200",6,34,70,2712,6.83697478991597,0.000181021615572006,0.000853387616268026,"6/34"
5,"RpaB",34,"KEGG","map00010",4,34,28,2712,11.3949579831933,0.000341053389442771,0.00140684523145143,"4/34"
5,"RpaB",34,"KEGG","map01230",6,34,94,2712,5.09136420525657,0.000905983558175329,0.00332193971330954,"6/34"
5,"RpaB",34,"KEGG","map01051",1,34,1,2712,79.7647058823529,0.0125368731563426,0.0413716814159304,"1/34"
5,"RpaB",34,"KEGG","map00196",2,34,17,2712,9.3840830449827,0.0184455233532985,0.0553365700598956,"2/34"
5,"RpaB",34,"KEGG","map00030",2,34,18,2712,8.86274509803922,0.0205896597384149,0.056621564280641,"2/34"
5,"RpaB",34,"KEGG","map00040",1,34,2,2712,39.8823529411765,0.0249211395940718,0.0632613543541823,"1/34"
5,"RpaB",34,"KEGG","map00680",2,34,21,2712,7.59663865546218,0.0276063958502428,0.0650722187898579,"2/34"
5,"RpaB",34,"KEGG","map01110",7,34,249,2712,2.24238128986534,0.0314411464080382,0.0691705220976841,"7/34"
5,"RpaB",34,"KEGG","map00333",1,34,3,2712,26.5882352941176,0.0371546013113413,0.0766313652046414,"1/34"
5,"RpaB",34,"KEGG","map04066",1,34,5,2712,15.9529411764706,0.0611762157011999,0.1121563954522,"1/34"
5,"RpaB",34,"KEGG","map00261",1,34,5,2712,15.9529411764706,0.0611762157011999,0.1121563954522,"1/34"
5,"RpaB",34,"KEGG","map00450",1,34,8,2712,9.97058823529412,0.0961214782896522,0.166947830713606,"1/34"
5,"RpaB",34,"KEGG","map00061",1,34,11,2712,7.25133689839572,0.129802864422296,0.211135268093816,"1/34"
5,"RpaB",34,"KEGG","map00780",1,34,12,2712,6.64705882352941,0.140756845395877,0.211135268093816,"1/34"
5,"RpaB",34,"KEGG","map01212",1,34,12,2712,6.64705882352941,0.140756845395877,0.211135268093816,"1/34"
5,"RpaB",34,"KEGG","map00020",1,34,13,2712,6.13574660633484,0.151576944379781,0.217479963675337,"1/34"
5,"RpaB",34,"KEGG","map03018",1,34,17,2712,4.69204152249135,0.19354999480447,0.266131242856146,"1/34"
5,"RpaB",34,"KEGG","map00400",1,34,20,2712,3.98823529411765,0.223700005228011,0.295284006900975,"1/34"
5,"RpaB",34,"KEGG","map00920",1,34,23,2712,3.46803069053708,0.252754769640442,0.319477451065749,"1/34"
5,"RpaB",34,"KEGG","map00620",1,34,24,2712,3.32352941176471,0.262203017253765,0.319477451065749,"1/34"
5,"RpaB",34,"KEGG","map00260",1,34,25,2712,3.19058823529412,0.271535270755763,0.319477451065749,"1/34"
5,"RpaB",34,"KEGG","map00970",1,34,26,2712,3.06787330316742,0.280752911542628,0.319477451065749,"1/34"
5,"RpaB",34,"KEGG","map03010",1,34,53,2712,1.50499445061043,0.490940588604461,0.532636985610817,"1/34"
5,"RpaB",34,"KEGG","map02020",1,34,55,2712,1.45026737967914,0.503878217356209,0.532636985610817,"1/34"
5,"RpaB",34,"KEGG","map00230",1,34,57,2712,1.39938080495356,0.516496470895338,0.532636985610817,"1/34"
6,"XylR",21,"COG","G",4,21,82,2712,6.29965156794425,0.00313872880615341,0.0313872880615341,"4/21"
6,"XylR",21,"COG","F",3,21,98,2712,3.9533527696793,0.037949691852311,0.189748459261555,"3/21"
6,"XylR",21,"COG","I",2,21,55,2712,4.6961038961039,0.0663206232103362,0.219301791353579,"2/21"
6,"XylR",21,"COG","E",3,21,138,2712,2.80745341614907,0.0877207165414315,0.219301791353579,"3/21"
6,"XylR",21,"COG","M",2,21,147,2712,1.75704567541302,0.316420698798294,0.632841397596589,"2/21"
6,"XylR",21,"COG","H",2,21,173,2712,1.49298100743187,0.391419410392944,0.65236568398824,"2/21"
6,"XylR",21,"COG","P",1,21,163,2712,0.792287467134093,0.72927931205764,0.919897425359927,"1/21"
6,"XylR",21,"COG","J",1,21,166,2712,0.777969018932874,0.735917940287942,0.919897425359927,"1/21"
6,"XylR",21,"COG","S",2,21,569,2712,0.453929199096159,0.953782365931974,0.971210972322711,"2/21"
6,"XylR",21,"KEGG","map01100",12,21,580,2712,2.67192118226601,0.000355944627668671,0.00971815601124841,"12/21"
6,"XylR",21,"KEGG","map01230",5,21,94,2712,6.8693009118541,0.000588979152196873,0.00971815601124841,"5/21"
6,"XylR",21,"KEGG","map01130",6,21,166,2712,4.66781411359725,0.00120611473477709,0.013267262082548,"6/21"
6,"XylR",21,"KEGG","map01110",7,21,249,2712,3.63052208835341,0.00190723688223469,0.0157347042784362,"7/21"
6,"XylR",21,"KEGG","map00521",2,21,13,2712,19.8681318681319,0.00423232060381005,0.0279333159851463,"2/21"
6,"XylR",21,"KEGG","map00524",1,21,2,2712,64.5714285714286,0.0154296001540759,0.0845500790845527,"1/21"
6,"XylR",21,"KEGG","map00520",2,21,30,2712,8.60952380952381,0.0218070021459585,0.0845500790845527,"2/21"
6,"XylR",21,"KEGG","map00333",1,21,3,2712,43.047619047619,0.0230591124776053,0.0845500790845527,"1/21"
6,"XylR",21,"KEGG","map00471",1,21,3,2712,43.047619047619,0.0230591124776053,0.0845500790845527,"1/21"
6,"XylR",21,"KEGG","map00562",1,21,4,2712,32.2857142857143,0.0306322976521972,0.101086582252251,"1/21"
6,"XylR",21,"KEGG","map04070",1,21,5,2712,25.8285714285714,0.0381495508831068,0.11444865264932,"1/21"
6,"XylR",21,"KEGG","map00052",1,21,7,2712,18.4489795918367,0.0530178292119645,0.144457487712086,"1/21"
6,"XylR",21,"KEGG","map00564",1,21,8,2712,16.1428571428571,0.0603696316469182,0.144457487712086,"1/21"
6,"XylR",21,"KEGG","map01120",3,21,122,2712,3.17564402810304,0.0654074177384332,0.144457487712086,"3/21"
6,"XylR",21,"KEGG","map00220",1,21,11,2712,11.7402597402597,0.0821003019035167,0.144457487712086,"1/21"
6,"XylR",21,"KEGG","map00061",1,21,11,2712,11.7402597402597,0.0821003019035167,0.144457487712086,"1/21"
6,"XylR",21,"KEGG","map00300",1,21,11,2712,11.7402597402597,0.0821003019035167,0.144457487712086,"1/21"
6,"XylR",21,"KEGG","map00051",1,21,12,2712,10.7619047619048,0.089236878601046,0.144457487712086,"1/21"
6,"XylR",21,"KEGG","map01212",1,21,12,2712,10.7619047619048,0.089236878601046,0.144457487712086,"1/21"
6,"XylR",21,"KEGG","map00561",1,21,12,2712,10.7619047619048,0.089236878601046,0.144457487712086,"1/21"
6,"XylR",21,"KEGG","map00770",1,21,13,2712,9.93406593406593,0.096320591767482,0.144457487712086,"1/21"
6,"XylR",21,"KEGG","map00670",1,21,13,2712,9.93406593406593,0.096320591767482,0.144457487712086,"1/21"
6,"XylR",21,"KEGG","map01200",2,21,70,2712,3.68979591836735,0.100682491435697,0.144457487712086,"2/21"
6,"XylR",21,"KEGG","map00550",1,21,16,2712,8.07142857142857,0.117258259086567,0.154780901994268,"1/21"
6,"XylR",21,"KEGG","map00710",1,21,16,2712,8.07142857142857,0.117258259086567,0.154780901994268,"1/21"
6,"XylR",21,"KEGG","map00030",1,21,18,2712,7.17460317460317,0.130959142980084,0.166217373782415,"1/21"
6,"XylR",21,"KEGG","map00500",1,21,20,2712,6.45714285714286,0.14445735399461,0.170253310065076,"1/21"
6,"XylR",21,"KEGG","map00400",1,21,20,2712,6.45714285714286,0.14445735399461,0.170253310065076,"1/21"
6,"XylR",21,"KEGG","map01210",1,21,21,2712,6.14965986394558,0.151131349375781,0.171977052737958,"1/21"
6,"XylR",21,"KEGG","map00260",1,21,25,2712,5.16571428571429,0.177334799260738,0.195068279186812,"1/21"
6,"XylR",21,"KEGG","map00630",1,21,28,2712,4.61224489795918,0.196479907738125,0.202619904854941,"1/21"
6,"XylR",21,"KEGG","map00010",1,21,28,2712,4.61224489795918,0.196479907738125,0.202619904854941,"1/21"
7,"SigA1",31,"COG","J",16,31,166,2712,8.43218033424019,2.57798436898996e-12,2.57798436898996e-11,"16/31"
7,"SigA1",31,"COG","O",3,31,100,2712,2.62451612903226,0.103925620711536,0.454799211815532,"3/31"
7,"SigA1",31,"COG","K",3,31,113,2712,2.32258064516129,0.136439763544659,0.454799211815532,"3/31"
7,"SigA1",31,"COG","U",1,31,54,2712,1.62007168458781,0.465805194345331,0.972257005196513,"1/31"
7,"SigA1",31,"COG","G",1,31,82,2712,1.06687647521637,0.616020151273338,0.972257005196513,"1/31"
7,"SigA1",31,"COG","E",1,31,138,2712,0.633941093969144,0.803726655988911,0.972257005196513,"1/31"
7,"SigA1",31,"COG","M",1,31,147,2712,0.595128373930217,0.82403452294316,0.972257005196513,"1/31"
7,"SigA1",31,"COG","H",1,31,173,2712,0.505687115420474,0.871929227100441,0.972257005196513,"1/31"
7,"SigA1",31,"COG","C",1,31,204,2712,0.428842504743833,0.912689056579339,0.972257005196513,"1/31"
7,"SigA1",31,"COG","S",3,31,569,2712,0.461250637791258,0.972257005196513,0.972257005196513,"3/31"
7,"SigA1",31,"KEGG","map03010",14,31,53,2712,23.1089470480828,3.91659180443844e-17,9.39982033065226e-16,"14/31"
7,"SigA1",31,"KEGG","map03020",2,31,3,2712,58.3225806451613,0.000376769386624281,0.00452123263949138,"2/31"
7,"SigA1",31,"KEGG","map00240",2,31,38,2712,4.6044142614601,0.0689216723413802,0.357594459967157,"2/31"
7,"SigA1",31,"KEGG","map00300",1,31,11,2712,7.95307917888563,0.118999184093711,0.357594459967157,"1/31"
7,"SigA1",31,"KEGG","map00051",1,31,12,2712,7.29032258064516,0.129110633665386,0.357594459967157,"1/31"
7,"SigA1",31,"KEGG","map03070",1,31,12,2712,7.29032258064516,0.129110633665386,0.357594459967157,"1/31"
7,"SigA1",31,"KEGG","map04212",1,31,12,2712,7.29032258064516,0.129110633665386,0.357594459967157,"1/31"
7,"SigA1",31,"KEGG","map00230",2,31,57,2712,3.06960950764007,0.137136327648022,0.357594459967157,"2/31"
7,"SigA1",31,"KEGG","map03060",1,31,14,2712,6.24884792626728,0.148997691652982,0.357594459967157,"1/31"
7,"SigA1",31,"KEGG","map04112",1,31,14,2712,6.24884792626728,0.148997691652982,0.357594459967157,"1/31"
7,"SigA1",31,"KEGG","map00710",1,31,16,2712,5.46774193548387,0.168444946673617,0.367516247287891,"1/31"
7,"SigA1",31,"KEGG","map00030",1,31,18,2712,4.86021505376344,0.187461807722585,0.37492361544517,"1/31"
7,"SigA1",31,"KEGG","map00680",1,31,21,2712,4.16589861751152,0.215200215091641,0.397292704784569,"1/31"
7,"SigA1",31,"KEGG","map00010",1,31,28,2712,3.12442396313364,0.276406118737171,0.467441290537015,"1/31"
7,"SigA1",31,"KEGG","map01230",2,31,94,2712,1.86135895676047,0.292150806585634,0.467441290537015,"2/31"
7,"SigA1",31,"KEGG","map02024",1,31,37,2712,2.36442894507411,0.348342614733959,0.522513922100939,"1/31"
7,"SigA1",31,"KEGG","map01120",2,31,122,2712,1.43416181914331,0.410119573989538,0.569203076843944,"2/31"
7,"SigA1",31,"KEGG","map00860",1,31,48,2712,1.82258064516129,0.426902307632958,0.569203076843944,"1/31"
7,"SigA1",31,"KEGG","map00195",1,31,59,2712,1.48277747402952,0.496260694963234,0.6268556146904,"1/31"
7,"SigA1",31,"KEGG","map01110",3,31,249,2712,1.05402254178002,0.552175719718523,0.627294387155847,"3/31"
7,"SigA1",31,"KEGG","map01200",1,31,70,2712,1.24976958525346,0.557463682018569,0.627294387155847,"1/31"
7,"SigA1",31,"KEGG","map01130",2,31,166,2712,1.05402254178002,0.57501985489286,0.627294387155847,"2/31"
7,"SigA1",31,"KEGG","map01100",6,31,580,2712,0.905005561735261,0.678783292224248,0.708295609277477,"6/31"
8,"Rre1",51,"COG","E",7,51,138,2712,2.69735720375107,0.0134017974742089,0.214428759587343,"7/51"
8,"Rre1",51,"COG","O",4,51,100,2712,2.12705882352941,0.116527670974542,0.639012481562865,"4/51"
8,"Rre1",51,"COG","K",4,51,113,2712,1.88235294117647,0.160798695171445,0.639012481562865,"4/51"
8,"Rre1",51,"COG","T",4,51,117,2712,1.81799899446958,0.175549883229429,0.639012481562865,"4/51"
8,"Rre1",51,"COG","H",5,51,173,2712,1.53689221353281,0.222932621595763,0.639012481562865,"5/51"
8,"Rre1",51,"COG","U",2,51,54,2712,1.96949891067538,0.269957276636257,0.639012481562865,"2/51"
8,"Rre1",51,"COG","F",3,51,98,2712,1.62785114045618,0.279567960683753,0.639012481562865,"3/51"
8,"Rre1",51,"COG","V",1,51,31,2712,1.71537001897533,0.446684528620386,0.818697850144719,"1/51"
8,"Rre1",51,"COG","G",2,51,82,2712,1.29698708751793,0.460517540706405,0.818697850144719,"2/51"
8,"Rre1",51,"COG","P",3,51,163,2712,0.978708047636232,0.600674366039429,0.868300425630802,"3/51"
8,"Rre1",51,"COG","J",3,51,166,2712,0.961020552799433,0.61336197497725,0.868300425630802,"3/51"
8,"Rre1",51,"COG","S",10,51,569,2712,0.934560115786209,0.651225319223102,0.868300425630802,"10/51"
8,"Rre1",51,"COG","L",1,51,114,2712,0.466460268317853,0.890415783936656,0.943267884742156,"1/51"
8,"Rre1",51,"COG","C",2,51,204,2712,0.521337946943483,0.90671077607397,0.943267884742156,"2/51"
8,"Rre1",51,"COG","M",1,51,147,2712,0.361744697879152,0.943267884742156,0.943267884742156,"1/51"
8,"Rre1",51,"KEGG","map00300",3,51,11,2712,14.5026737967914,0.000929932607488162,0.0409170347294791,"3/51"
8,"Rre1",51,"KEGG","map01210",3,51,21,2712,7.59663865546218,0.0065641312442101,0.110720126767347,"3/51"
8,"Rre1",51,"KEGG","map01230",6,51,94,2712,3.39424280350438,0.00754909955231914,0.110720126767347,"6/51"
8,"Rre1",51,"KEGG","map00966",1,51,1,2712,53.1764705882353,0.0188053097345133,0.193099657176075,"1/51"
8,"Rre1",51,"KEGG","map00270",3,51,33,2712,4.83422459893048,0.0229905230318515,0.193099657176075,"3/51"
8,"Rre1",51,"KEGG","map03060",2,51,14,2712,7.59663865546218,0.027315162021987,0.193099657176075,"2/51"
8,"Rre1",51,"KEGG","map00760",2,51,16,2712,6.64705882352941,0.0351705949923688,0.193099657176075,"2/51"
8,"Rre1",51,"KEGG","map00480",2,51,17,2712,6.2560553633218,0.0393881790080052,0.193099657176075,"2/51"
8,"Rre1",51,"KEGG","map01110",9,51,249,2712,1.92204110559887,0.0394976571496517,0.193099657176075,"9/51"
8,"Rre1",51,"KEGG","map03013",1,51,3,2712,17.7254901960784,0.0553817000077078,0.221526800030831,"1/51"
8,"Rre1",51,"KEGG","map00332",1,51,3,2712,17.7254901960784,0.0553817000077078,0.221526800030831,"1/51"
8,"Rre1",51,"KEGG","map00260",2,51,25,2712,4.25411764705882,0.0790372507624685,0.23454684539982,"2/51"
8,"Rre1",51,"KEGG","map00230",3,51,57,2712,2.79876160990712,0.0902611052481301,0.23454684539982,"3/51"
8,"Rre1",51,"KEGG","map00750",1,51,5,2712,10.6352941176471,0.090620372086294,0.23454684539982,"1/51"
8,"Rre1",51,"KEGG","map00660",1,51,5,2712,10.6352941176471,0.090620372086294,0.23454684539982,"1/51"
8,"Rre1",51,"KEGG","map00261",1,51,5,2712,10.6352941176471,0.090620372086294,0.23454684539982,"1/51"
8,"Rre1",51,"KEGG","map05225",1,51,5,2712,10.6352941176471,0.090620372086294,0.23454684539982,"1/51"
8,"Rre1",51,"KEGG","map01524",1,51,6,2712,8.86274509803922,0.107753124588547,0.263396526772004,"1/51"
8,"Rre1",51,"KEGG","map05200",1,51,7,2712,7.59663865546218,0.12456930738455,0.27405247624601,"1/51"
8,"Rre1",51,"KEGG","map05204",1,51,7,2712,7.59663865546218,0.12456930738455,0.27405247624601,"1/51"
8,"Rre1",51,"KEGG","map00450",1,51,8,2712,6.64705882352941,0.141074655008723,0.282149310017446,"1/51"
8,"Rre1",51,"KEGG","map00980",1,51,8,2712,6.64705882352941,0.141074655008723,0.282149310017446,"1/51"
8,"Rre1",51,"KEGG","map02024",2,51,37,2712,2.87440381558029,0.152540367840898,0.291816355869545,"2/51"
8,"Rre1",51,"KEGG","map05418",1,51,10,2712,5.31764705882353,0.17317527566696,0.299344992554123,"1/51"
8,"Rre1",51,"KEGG","map00982",1,51,10,2712,5.31764705882353,0.17317527566696,0.299344992554123,"1/51"
8,"Rre1",51,"KEGG","map00220",1,51,11,2712,4.83422459893048,0.188781515837569,0.299344992554123,"1/51"
8,"Rre1",51,"KEGG","map01130",5,51,166,2712,1.60170092133239,0.199013527335955,0.299344992554123,"5/51"
8,"Rre1",51,"KEGG","map00290",1,51,12,2712,4.43137254901961,0.204098858559629,0.299344992554123,"1/51"
8,"Rre1",51,"KEGG","map03070",1,51,12,2712,4.43137254901961,0.204098858559629,0.299344992554123,"1/51"
8,"Rre1",51,"KEGG","map04212",1,51,12,2712,4.43137254901961,0.204098858559629,0.299344992554123,"1/51"
8,"Rre1",51,"KEGG","map00983",1,51,13,2712,4.09049773755656,0.219132546786836,0.301307251831899,"1/51"
8,"Rre1",51,"KEGG","map00670",1,51,13,2712,4.09049773755656,0.219132546786836,0.301307251831899,"1/51"
8,"Rre1",51,"KEGG","map04112",1,51,14,2712,3.79831932773109,0.233887730230286,0.311850306973714,"1/51"
8,"Rre1",51,"KEGG","map00250",1,51,17,2712,3.1280276816609,0.276532384247202,0.34716138826492,"1/51"
8,"Rre1",51,"KEGG","map02020",2,51,55,2712,1.93368983957219,0.277010707771164,0.34716138826492,"2/51"
8,"Rre1",51,"KEGG","map01100",13,51,580,2712,1.19188640973631,0.284041135853117,0.34716138826492,"13/51"
8,"Rre1",51,"KEGG","map00330",1,51,19,2712,2.79876160990712,0.303659990950659,0.361109178427811,"1/51"
8,"Rre1",51,"KEGG","map02025",1,51,20,2712,2.65882352941176,0.316847269250517,0.366875785447967,"1/51"
8,"Rre1",51,"KEGG","map00970",1,51,26,2712,2.04524886877828,0.39098065545528,0.441106380513649,"1/51"
8,"Rre1",51,"KEGG","map01120",3,51,122,2712,1.3076181292189,0.404850919074643,0.445336010982107,"3/51"
8,"Rre1",51,"KEGG","map00240",1,51,38,2712,1.39938080495356,0.516363264208268,0.554145942077165,"1/51"
8,"Rre1",51,"KEGG","map00860",1,51,48,2712,1.1078431372549,0.601208665407795,0.623002328019284,"1/51"
8,"Rre1",51,"KEGG","map00190",1,51,49,2712,1.08523409363745,0.608843184200664,0.623002328019284,"1/51"
9,"DnaA",78,"COG","F",10,78,98,2712,3.54788069073783,0.000389988257253573,0.00740977688781789,"10/78"
9,"DnaA",78,"COG","H",8,78,173,2712,1.60782570031125,0.120722304716779,0.723904921913026,"8/78"
9,"DnaA",78,"COG","O",5,78,100,2712,1.73846153846154,0.158169926793988,0.723904921913026,"5/78"
9,"DnaA",78,"COG","S",20,78,569,2712,1.22211707448966,0.18656139273944,0.723904921913026,"20/78"
9,"DnaA",78,"COG","V",2,78,31,2712,2.24317617866005,0.223534142345293,0.723904921913026,"2/78"
9,"DnaA",78,"COG","L",5,78,114,2712,1.52496626180837,0.228601554288324,0.723904921913026,"5/78"
9,"DnaA",78,"COG","Q",2,78,45,2712,1.54529914529915,0.373448994923491,0.999998377646064,"2/78"
9,"DnaA",78,"COG","I",2,78,55,2712,1.26433566433566,0.473822301654983,0.999998377646064,"2/78"
9,"DnaA",78,"COG","J",5,78,166,2712,1.04726598702502,0.525505010896326,0.999998377646064,"5/78"
9,"DnaA",78,"COG","D",1,78,27,2712,1.28774928774929,0.546968152808096,0.999998377646064,"1/78"
9,"DnaA",78,"COG","K",3,78,113,2712,0.923076923076923,0.639566346080518,0.999998377646064,"3/78"
9,"DnaA",78,"COG","G",2,78,82,2712,0.848030018761726,0.691406771644052,0.999998377646064,"2/78"
9,"DnaA",78,"COG","P",4,78,163,2712,0.853232656913638,0.700546562613228,0.999998377646064,"4/78"
9,"DnaA",78,"COG","E",3,78,138,2712,0.755852842809365,0.76915259054515,0.999998377646064,"3/78"
9,"DnaA",78,"COG","U",1,78,54,2712,0.643874643874644,0.796422078282234,0.999998377646064,"1/78"
9,"DnaA",78,"COG","M",2,78,147,2712,0.473050758765044,0.931930058588051,0.999998377646064,"2/78"
9,"DnaA",78,"COG","C",3,78,204,2712,0.51131221719457,0.941506834221156,0.999998377646064,"3/78"
9,"DnaA",78,"COG","T",1,78,117,2712,0.297172912557528,0.969520699770975,0.999998377646064,"1/78"
9,"DnaA",78,"KEGG","map03013",2,78,3,2712,23.1794871794872,0.002404865910559,0.119350321402871,"2/78"
9,"DnaA",78,"KEGG","map01110",15,78,249,2712,2.09453197405005,0.00397834404676236,0.119350321402871,"15/78"
9,"DnaA",78,"KEGG","map01100",25,78,580,2712,1.49867374005305,0.0172379003653309,0.25220471189255,"25/78"
9,"DnaA",78,"KEGG","map00920",3,78,23,2712,4.53511705685619,0.0267932450035221,0.25220471189255,"3/78"
9,"DnaA",78,"KEGG","map00643",1,78,1,2712,34.7692307692308,0.0287610619469025,0.25220471189255,"1/78"
9,"DnaA",78,"KEGG","map05418",2,78,10,2712,6.95384615384615,0.0316446419916771,0.25220471189255,"2/78"
9,"DnaA",78,"KEGG","map00220",2,78,11,2712,6.32167832167832,0.0379661053773652,0.25220471189255,"2/78"
9,"DnaA",78,"KEGG","map00340",2,78,12,2712,5.7948717948718,0.0447240563311506,0.25220471189255,"2/78"
9,"DnaA",78,"KEGG","map01230",6,78,94,2712,2.21931260229133,0.0511116664921091,0.25220471189255,"6/78"
9,"DnaA",78,"KEGG","map00627",1,78,2,2712,17.3846153846154,0.0567052291059368,0.25220471189255,"1/78"
9,"DnaA",78,"KEGG","map00511",1,78,2,2712,17.3846153846154,0.0567052291059368,0.25220471189255,"1/78"
9,"DnaA",78,"KEGG","map00311",1,78,2,2712,17.3846153846154,0.0567052291059368,0.25220471189255,"1/78"
9,"DnaA",78,"KEGG","map00473",1,78,2,2712,17.3846153846154,0.0567052291059368,0.25220471189255,"1/78"
9,"DnaA",78,"KEGG","map04112",2,78,14,2712,4.96703296703297,0.0594321460265334,0.25220471189255,"2/78"
9,"DnaA",78,"KEGG","map00550",2,78,16,2712,4.34615384615385,0.075547130164526,0.25220471189255,"2/78"
9,"DnaA",78,"KEGG","map00230",4,78,57,2712,2.43994601889339,0.0794013807608177,0.25220471189255,"4/78"
9,"DnaA",78,"KEGG","map00410",1,78,3,2712,11.5897435897436,0.083855410703626,0.25220471189255,"1/78"
9,"DnaA",78,"KEGG","map04714",1,78,3,2712,11.5897435897436,0.083855410703626,0.25220471189255,"1/78"
9,"DnaA",78,"KEGG","map00250",2,78,17,2712,4.09049773755656,0.0840682372975167,0.25220471189255,"2/78"
9,"DnaA",78,"KEGG","map03018",2,78,17,2712,4.09049773755656,0.0840682372975167,0.25220471189255,"2/78"
9,"DnaA",78,"KEGG","map05225",1,78,5,2712,6.95384615384615,0.135862300186813,0.382168252216762,"1/78"
9,"DnaA",78,"KEGG","map00460",1,78,6,2712,5.7948717948718,0.16076172411937,0.382168252216762,"1/78"
9,"DnaA",78,"KEGG","map00740",1,78,6,2712,5.7948717948718,0.16076172411937,0.382168252216762,"1/78"
9,"DnaA",78,"KEGG","map00380",1,78,6,2712,5.7948717948718,0.16076172411937,0.382168252216762,"1/78"
9,"DnaA",78,"KEGG","map01524",1,78,6,2712,5.7948717948718,0.16076172411937,0.382168252216762,"1/78"
9,"DnaA",78,"KEGG","map00970",2,78,26,2712,2.67455621301775,0.170741042950382,0.382168252216762,"2/78"
9,"DnaA",78,"KEGG","map01502",1,78,7,2712,4.96703296703297,0.184952627858722,0.382168252216762,"1/78"
9,"DnaA",78,"KEGG","map05200",1,78,7,2712,4.96703296703297,0.184952627858722,0.382168252216762,"1/78"
9,"DnaA",78,"KEGG","map05204",1,78,7,2712,4.96703296703297,0.184952627858722,0.382168252216762,"1/78"
9,"DnaA",78,"KEGG","map00630",2,78,28,2712,2.48351648351648,0.19162920674249,0.382168252216762,"2/78"
9,"DnaA",78,"KEGG","map01130",7,78,166,2712,1.46617238183503,0.19745359697866,0.382168252216762,"7/78"
9,"DnaA",78,"KEGG","map00980",1,78,8,2712,4.34615384615385,0.208454918072039,0.390852971385072,"1/78"
9,"DnaA",78,"KEGG","map03420",1,78,9,2712,3.86324786324786,0.231287949281499,0.40815520461441,"1/78"
9,"DnaA",78,"KEGG","map00906",1,78,9,2712,3.86324786324786,0.231287949281499,0.40815520461441,"1/78"
9,"DnaA",78,"KEGG","map00982",1,78,10,2712,3.47692307692308,0.253470538980368,0.422450898300613,"1/78"
9,"DnaA",78,"KEGG","map00540",1,78,10,2712,3.47692307692308,0.253470538980368,0.422450898300613,"1/78"
9,"DnaA",78,"KEGG","map01120",5,78,122,2712,1.4249684741488,0.272497347289487,0.441887590199168,"5/78"
9,"DnaA",78,"KEGG","map00240",2,78,38,2712,1.82995951417004,0.299017854515092,0.451851549430809,"2/78"
9,"DnaA",78,"KEGG","map00900",1,78,13,2712,2.67455621301775,0.316296084601566,0.451851549430809,"1/78"
9,"DnaA",78,"KEGG","map00983",1,78,13,2712,2.67455621301775,0.316296084601566,0.451851549430809,"1/78"
9,"DnaA",78,"KEGG","map00770",1,78,13,2712,2.67455621301775,0.316296084601566,0.451851549430809,"1/78"
9,"DnaA",78,"KEGG","map00730",1,78,13,2712,2.67455621301775,0.316296084601566,0.451851549430809,"1/78"
9,"DnaA",78,"KEGG","map00480",1,78,17,2712,2.04524886877828,0.392010812688869,0.522681083585159,"1/78"
9,"DnaA",78,"KEGG","map00130",1,78,17,2712,2.04524886877828,0.392010812688869,0.522681083585159,"1/78"
9,"DnaA",78,"KEGG","map00196",1,78,17,2712,2.04524886877828,0.392010812688869,0.522681083585159,"1/78"
9,"DnaA",78,"KEGG","map00860",2,78,48,2712,1.44871794871795,0.404454946406185,0.522903231424673,"2/78"
9,"DnaA",78,"KEGG","map00030",1,78,18,2712,1.93162393162393,0.40960753128266,0.522903231424673,"1/78"
9,"DnaA",78,"KEGG","map00400",1,78,20,2712,1.73846153846154,0.443306312345388,0.53785457918974,"1/78"
9,"DnaA",78,"KEGG","map00790",1,78,21,2712,1.65567765567766,0.459436367188278,0.53785457918974,"1/78"
9,"DnaA",78,"KEGG","map01210",1,78,21,2712,1.65567765567766,0.459436367188278,0.53785457918974,"1/78"
9,"DnaA",78,"KEGG","map03430",1,78,22,2712,1.58041958041958,0.47510487828427,0.53785457918974,"1/78"
9,"DnaA",78,"KEGG","map03440",1,78,22,2712,1.58041958041958,0.47510487828427,0.53785457918974,"1/78"
9,"DnaA",78,"KEGG","map00910",1,78,22,2712,1.58041958041958,0.47510487828427,0.53785457918974,"1/78"
9,"DnaA",78,"KEGG","map02010",2,78,70,2712,0.993406593406593,0.605062021359654,0.67229113484406,"2/78"
9,"DnaA",78,"KEGG","map00270",1,78,33,2712,1.05361305361305,0.620478409180492,0.676885537287809,"1/78"
9,"DnaA",78,"KEGG","map02024",1,78,37,2712,0.93970893970894,0.662807545554373,0.7101509416654,"1/78"
9,"DnaA",78,"KEGG","map00190",1,78,49,2712,0.709576138147567,0.763771094855024,0.803969573531604,"1/78"
9,"DnaA",78,"KEGG","map02020",1,78,55,2712,0.632167832167832,0.802396148219775,0.830064980917009,"1/78"
9,"DnaA",78,"KEGG","map01200",1,78,70,2712,0.496703296703297,0.873767487200936,0.888577105628071,"1/78"
10,"HrcA, SfsA",23,"COG","S",9,23,569,2712,1.86505692672117,0.03575882252083,0.46486469277079,"9/23"
10,"HrcA, SfsA",23,"COG","G",2,23,82,2712,2.87592788971368,0.152041510198445,0.757838213337227,"2/23"
10,"HrcA, SfsA",23,"COG","D",1,23,27,2712,4.36714975845411,0.206318569085896,0.757838213337227,"1/23"
10,"HrcA, SfsA",23,"COG","V",1,23,31,2712,3.80364656381487,0.233180988719147,0.757838213337227,"1/23"
10,"HrcA, SfsA",23,"COG","Q",1,23,45,2712,2.62028985507246,0.320516116406738,0.811433452564618,"1/23"
10,"HrcA, SfsA",23,"COG","P",2,23,163,2712,1.44678580954921,0.406643817700697,0.811433452564618,"2/23"
10,"HrcA, SfsA",23,"COG","H",2,23,173,2712,1.36315657200302,0.436925705227102,0.811433452564618,"2/23"
10,"HrcA, SfsA",23,"COG","F",1,23,98,2712,1.20319432120674,0.572596455637174,0.817837907530084,"1/23"
10,"HrcA, SfsA",23,"COG","K",1,23,113,2712,1.04347826086957,0.625794529882551,0.817837907530084,"1/23"
10,"HrcA, SfsA",23,"COG","L",1,23,114,2712,1.03432494279176,0.629106082715449,0.817837907530084,"1/23"
10,"HrcA, SfsA",23,"COG","M",1,23,147,2712,0.802129547471162,0.723934882908398,0.855559407073561,"1/23"
10,"HrcA, SfsA",23,"COG","C",1,23,204,2712,0.578005115089514,0.835730885970564,0.905375126468111,"1/23"
10,"HrcA, SfsA",23,"KEGG","map00040",1,23,2,2712,58.9565217391304,0.0168928292795983,0.118249804957188,"1/23"
10,"HrcA, SfsA",23,"KEGG","map02010",2,23,70,2712,3.36894409937888,0.117425202908439,0.317167347289452,"2/23"
10,"HrcA, SfsA",23,"KEGG","map03440",1,23,22,2712,5.3596837944664,0.171473354538903,0.317167347289452,"1/23"
10,"HrcA, SfsA",23,"KEGG","map00520",1,23,30,2712,3.9304347826087,0.226548105206751,0.317167347289452,"1/23"
10,"HrcA, SfsA",23,"KEGG","map00230",1,23,57,2712,2.06864988558352,0.387724869382389,0.452345680946121,"1/23"
10,"HrcA, SfsA",23,"KEGG","map01100",2,23,580,2712,0.406596701649175,0.971816349724743,0.971816349724743,"2/23"
11,"KaiC, RpaA",45,"COG","F",4,45,98,2712,2.45986394557823,0.0772205825744882,0.644733121474338,"4/45"
11,"KaiC, RpaA",45,"COG","S",12,45,569,2712,1.27100175746924,0.219246043476718,0.644733121474338,"12/45"
11,"KaiC, RpaA",45,"COG","U",2,45,54,2712,2.2320987654321,0.225269358511581,0.644733121474338,"2/45"
11,"KaiC, RpaA",45,"COG","I",2,45,55,2712,2.19151515151515,0.231447809824597,0.644733121474338,"2/45"
11,"KaiC, RpaA",45,"COG","C",5,45,204,2712,1.47712418300654,0.247266184640601,0.644733121474338,"5/45"
11,"KaiC, RpaA",45,"COG","J",4,45,166,2712,1.45220883534137,0.295520902697205,0.644733121474338,"4/45"
11,"KaiC, RpaA",45,"COG","H",4,45,173,2712,1.39344894026975,0.322366560737169,0.644733121474338,"4/45"
11,"KaiC, RpaA",45,"COG","P",3,45,163,2712,1.10920245398773,0.51422378441965,0.799953463572629,"3/45"
11,"KaiC, RpaA",45,"COG","K",2,45,113,2712,1.06666666666667,0.56651080686651,0.799953463572629,"2/45"
11,"KaiC, RpaA",45,"COG","L",2,45,114,2712,1.05730994152047,0.571395331123307,0.799953463572629,"2/45"
11,"KaiC, RpaA",45,"COG","M",2,45,147,2712,0.819954648526077,0.71100537978799,0.876984967902466,"2/45"
11,"KaiC, RpaA",45,"COG","G",1,45,82,2712,0.734959349593496,0.751701401059256,0.876984967902466,"1/45"
11,"KaiC, RpaA",45,"COG","O",1,45,100,2712,0.602666666666667,0.818189544444422,0.881127201709378,"1/45"
11,"KaiC, RpaA",45,"KEGG","map00531",1,45,1,2712,60.2666666666667,0.0165929203539827,0.470648054609107,"1/45"
11,"KaiC, RpaA",45,"KEGG","map04714",1,45,3,2712,20.0888888888889,0.0489751162605003,0.470648054609107,"1/45"
11,"KaiC, RpaA",45,"KEGG","map00940",1,45,4,2712,15.0666666666667,0.0647728718043462,0.470648054609107,"1/45"
11,"KaiC, RpaA",45,"KEGG","map00460",1,45,6,2712,10.0444444444444,0.0956024071804457,0.470648054609107,"1/45"
11,"KaiC, RpaA",45,"KEGG","map01501",1,45,6,2712,10.0444444444444,0.0956024071804457,0.470648054609107,"1/45"
11,"KaiC, RpaA",45,"KEGG","map00564",1,45,8,2712,7.53333333333333,0.125437508576008,0.470648054609107,"1/45"
11,"KaiC, RpaA",45,"KEGG","map00240",2,45,38,2712,3.1719298245614,0.130072230245461,0.470648054609107,"2/45"
11,"KaiC, RpaA",45,"KEGG","map00561",1,45,12,2712,5.02222222222222,0.182248923667198,0.470648054609107,"1/45"
11,"KaiC, RpaA",45,"KEGG","map00190",2,45,49,2712,2.45986394557823,0.19464246870369,0.470648054609107,"2/45"
11,"KaiC, RpaA",45,"KEGG","map00900",1,45,13,2712,4.63589743589744,0.195878108272745,0.470648054609107,"1/45"
11,"KaiC, RpaA",45,"KEGG","map00670",1,45,13,2712,4.63589743589744,0.195878108272745,0.470648054609107,"1/45"
11,"KaiC, RpaA",45,"KEGG","map03060",1,45,14,2712,4.3047619047619,0.209285105356008,0.470648054609107,"1/45"
11,"KaiC, RpaA",45,"KEGG","map02020",2,45,55,2712,2.19151515151515,0.231447809824597,0.470648054609107,"2/45"
11,"KaiC, RpaA",45,"KEGG","map00196",1,45,17,2712,3.54509803921569,0.248208108231488,0.470648054609107,"1/45"
11,"KaiC, RpaA",45,"KEGG","map00195",2,45,59,2712,2.04293785310734,0.256267029039169,0.470648054609107,"2/45"
11,"KaiC, RpaA",45,"KEGG","map00500",1,45,20,2712,3.01333333333333,0.285255641526196,0.470648054609107,"1/45"
11,"KaiC, RpaA",45,"KEGG","map00790",1,45,21,2712,2.86984126984127,0.297203448410045,0.470648054609107,"1/45"
11,"KaiC, RpaA",45,"KEGG","map00680",1,45,21,2712,2.86984126984127,0.297203448410045,0.470648054609107,"1/45"
11,"KaiC, RpaA",45,"KEGG","map03440",1,45,22,2712,2.73939393939394,0.308955899105529,0.470648054609107,"1/45"
11,"KaiC, RpaA",45,"KEGG","map02010",2,45,70,2712,1.72190476190476,0.32458486524766,0.470648054609107,"2/45"
11,"KaiC, RpaA",45,"KEGG","map00970",1,45,26,2712,2.31794871794872,0.354073868705676,0.488959152022125,"1/45"
11,"KaiC, RpaA",45,"KEGG","map00520",1,45,30,2712,2.00888888888889,0.396307359495741,0.522405155698931,"1/45"
11,"KaiC, RpaA",45,"KEGG","map00860",1,45,48,2712,1.25555555555556,0.555250318537859,0.700098227721648,"1/45"
11,"KaiC, RpaA",45,"KEGG","map01110",4,45,249,2712,0.96813922356091,0.60386490588828,0.717529745475408,"4/45"
11,"KaiC, RpaA",45,"KEGG","map00230",1,45,57,2712,1.05730994152047,0.618560125409835,0.717529745475408,"1/45"
11,"KaiC, RpaA",45,"KEGG","map01100",9,45,580,2712,0.935172413793104,0.648924936379756,0.72380089057742,"9/45"
11,"KaiC, RpaA",45,"KEGG","map01120",1,45,122,2712,0.493989071038251,0.876148544076849,0.907439563508165,"1/45"
11,"KaiC, RpaA",45,"KEGG","map01130",1,45,166,2712,0.363052208835341,0.943096729358924,0.943096729358924,"1/45"
12,"ChlR",32,"COG","L",4,32,114,2712,2.97368421052632,0.0429580809906738,0.380363572942542,"4/32"
12,"ChlR",32,"COG","V",2,32,31,2712,5.46774193548387,0.0507151430590056,0.380363572942542,"2/32"
12,"ChlR",32,"COG","M",4,32,147,2712,2.30612244897959,0.0917350085665241,0.45867504283262,"4/32"
12,"ChlR",32,"COG","I",2,32,55,2712,3.08181818181818,0.136272851841384,0.511023194405189,"2/32"
12,"ChlR",32,"COG","P",3,32,163,2712,1.55981595092025,0.301602274698935,0.778808670737633,"3/32"
12,"ChlR",32,"COG","J",3,32,166,2712,1.5316265060241,0.311523468295053,0.778808670737633,"3/32"
12,"ChlR",32,"COG","C",3,32,204,2712,1.24632352941176,0.436791176893174,0.935981093342515,"3/32"
12,"ChlR",32,"COG","G",1,32,82,2712,1.03353658536585,0.627764406251177,0.943064355611408,"1/32"
12,"ChlR",32,"COG","O",1,32,100,2712,0.8475,0.70159473775109,0.943064355611408,"1/32"
12,"ChlR",32,"COG","K",1,32,113,2712,0.75,0.745873451867337,0.943064355611408,"1/32"
12,"ChlR",32,"COG","T",1,32,117,2712,0.724358974358974,0.758166821290097,0.943064355611408,"1/32"
12,"ChlR",32,"COG","E",1,32,138,2712,0.614130434782609,0.813829498761582,0.943064355611408,"1/32"
12,"ChlR",32,"COG","S",5,32,569,2712,0.744727592267135,0.832847608116956,0.943064355611408,"5/32"
12,"ChlR",32,"COG","H",1,32,173,2712,0.489884393063584,0.880193398570648,0.943064355611408,"1/32"
12,"ChlR",32,"KEGG","map00561",2,32,12,2712,14.125,0.0082710796644622,0.110594461994897,"2/32"
12,"ChlR",32,"KEGG","map04072",1,32,1,2712,84.75,0.0117994100294979,0.110594461994897,"1/32"
12,"ChlR",32,"KEGG","map05231",1,32,1,2712,84.75,0.0117994100294979,0.110594461994897,"1/32"
12,"ChlR",32,"KEGG","map00130",2,32,17,2712,9.97058823529412,0.0164286311265675,0.110594461994897,"2/32"
12,"ChlR",32,"KEGG","map00626",1,32,2,2712,42.375,0.0234638950457492,0.110594461994897,"1/32"
12,"ChlR",32,"KEGG","map00830",1,32,2,2712,42.375,0.0234638950457492,0.110594461994897,"1/32"
12,"ChlR",32,"KEGG","map00473",1,32,2,2712,42.375,0.0234638950457492,0.110594461994897,"1/32"
12,"ChlR",32,"KEGG","map03430",2,32,22,2712,7.70454545454546,0.0269013556203804,0.110594461994897,"2/32"
12,"ChlR",32,"KEGG","map03440",2,32,22,2712,7.70454545454546,0.0269013556203804,0.110594461994897,"2/32"
12,"ChlR",32,"KEGG","map00071",1,32,4,2712,21.1875,0.0463940485883936,0.14304831648088,"1/32"
12,"ChlR",32,"KEGG","map00625",1,32,4,2712,21.1875,0.0463940485883936,0.14304831648088,"1/32"
12,"ChlR",32,"KEGG","map01220",1,32,4,2712,21.1875,0.0463940485883936,0.14304831648088,"1/32"
12,"ChlR",32,"KEGG","map04070",1,32,5,2712,16.95,0.0576626565814404,0.164116791808715,"1/32"
12,"ChlR",32,"KEGG","map01502",1,32,7,2712,12.1071428571429,0.0798141659771529,0.186438710809333,"1/32"
12,"ChlR",32,"KEGG","map00350",1,32,7,2712,12.1071428571429,0.0798141659771529,0.186438710809333,"1/32"
12,"ChlR",32,"KEGG","map00450",1,32,8,2712,10.59375,0.0906999133667027,0.186438710809333,"1/32"
12,"ChlR",32,"KEGG","map00564",1,32,8,2712,10.59375,0.0906999133667027,0.186438710809333,"1/32"
12,"ChlR",32,"KEGG","map00980",1,32,8,2712,10.59375,0.0906999133667027,0.186438710809333,"1/32"
12,"ChlR",32,"KEGG","map03410",1,32,10,2712,8.475,0.112098394412982,0.20621425853002,"1/32"
12,"ChlR",32,"KEGG","map00982",1,32,10,2712,8.475,0.112098394412982,0.20621425853002,"1/32"
12,"ChlR",32,"KEGG","map04122",1,32,11,2712,7.70454545454546,0.122613883450282,0.20621425853002,"1/32"
12,"ChlR",32,"KEGG","map00640",1,32,11,2712,7.70454545454546,0.122613883450282,0.20621425853002,"1/32"
12,"ChlR",32,"KEGG","map00730",1,32,13,2712,6.51923076923077,0.143284136430958,0.230500567301976,"1/32"
12,"ChlR",32,"KEGG","map03030",1,32,16,2712,5.296875,0.173407602717339,0.267336720855898,"1/32"
12,"ChlR",32,"KEGG","map03018",1,32,17,2712,4.98529411764706,0.183218788441763,0.271163806893809,"1/32"
12,"ChlR",32,"KEGG","map00260",1,32,25,2712,3.39,0.257749339610405,0.366797137137883,"1/32"
12,"ChlR",32,"KEGG","map00010",1,32,28,2712,3.02678571428571,0.283963234990569,0.389134803505594,"1/32"
12,"ChlR",32,"KEGG","map00270",1,32,33,2712,2.56818181818182,0.32567258477505,0.430353058452744,"1/32"
12,"ChlR",32,"KEGG","map01110",4,32,249,2712,1.36144578313253,0.337814198446027,0.431004322155276,"4/32"
12,"ChlR",32,"KEGG","map00240",1,32,38,2712,2.23026315789474,0.365023964315374,0.446297026032927,"1/32"
12,"ChlR",32,"KEGG","map01100",8,32,580,2712,1.16896551724138,0.373924535324885,0.446297026032927,"8/32"
12,"ChlR",32,"KEGG","map02020",1,32,55,2712,1.54090909090909,0.482866509105215,0.554703407781044,"1/32"
12,"ChlR",32,"KEGG","map00230",1,32,57,2712,1.48684210526316,0.495250173829972,0.554703407781044,"1/32"
12,"ChlR",32,"KEGG","map01130",2,32,166,2712,1.0210843373494,0.592586280666047,0.626448353846964,"2/32"
12,"ChlR",32,"KEGG","map01230",1,32,94,2712,0.901595744680851,0.678719740284781,0.697573066403802,"1/32"
12,"ChlR",32,"KEGG","map01120",1,32,122,2712,0.694672131147541,0.772725252076876,0.772725252076876,"1/32"
13,"NtrC",50,"COG","G",5,50,82,2712,3.30731707317073,0.0162985687155257,0.293374236879463,"5/50"
13,"NtrC",50,"COG","U",3,50,54,2712,3.01333333333333,0.0758857024797539,0.464105524571689,"3/50"
13,"NtrC",50,"COG","C",7,50,204,2712,1.86117647058824,0.0773509207619481,0.464105524571689,"7/50"
13,"NtrC",50,"COG","F",4,50,98,2712,2.21387755102041,0.104373857676644,0.469682359544897,"4/50"
13,"NtrC",50,"COG","M",5,50,147,2712,1.84489795918367,0.131266400442386,0.472559041592591,"5/50"
13,"NtrC",50,"COG","Q",2,50,45,2712,2.41066666666667,0.200724820407928,0.602174461223784,"2/50"
13,"NtrC",50,"COG","E",4,50,138,2712,1.57217391304348,0.248219718216705,0.638279275414384,"4/50"
13,"NtrC",50,"COG","N",1,50,24,2712,2.26,0.361434071385474,0.733335533697984,"1/50"
13,"NtrC",50,"COG","J",4,50,166,2712,1.30698795180723,0.366667766848992,0.733335533697984,"4/50"
13,"NtrC",50,"COG","V",1,50,31,2712,1.74967741935484,0.440165038079615,0.792297068543308,"1/50"
13,"NtrC",50,"COG","K",2,50,113,2712,0.96,0.624623786993596,0.827797971867118,"2/50"
13,"NtrC",50,"COG","H",3,50,173,2712,0.940578034682081,0.628395104302255,0.827797971867118,"3/50"
13,"NtrC",50,"COG","L",2,50,114,2712,0.951578947368421,0.629500095168918,0.827797971867118,"2/50"
13,"NtrC",50,"COG","T",2,50,117,2712,0.927179487179487,0.643842867007758,0.827797971867118,"2/50"
13,"NtrC",50,"COG","O",1,50,100,2712,0.5424,0.849834692023535,0.999795913431958,"1/50"
13,"NtrC",50,"COG","S",7,50,569,2712,0.667275922671353,0.925051842637065,0.999795913431958,"7/50"
13,"NtrC",50,"COG","P",1,50,163,2712,0.332760736196319,0.956217216086494,0.999795913431958,"1/50"
13,"NtrC",50,"KEGG","map00030",4,50,18,2712,12.0533333333333,0.000258814347635238,0.0147524178152086,"4/50"
13,"NtrC",50,"KEGG","map00190",5,50,49,2712,5.53469387755102,0.0017980526956593,0.0512445018262899,"5/50"
13,"NtrC",50,"KEGG","map01100",18,50,580,2712,1.68331034482759,0.0119285602499807,0.0995443428501758,"18/50"
13,"NtrC",50,"KEGG","map00220",2,50,11,2712,9.86181818181818,0.016478248809759,0.0995443428501758,"2/50"
13,"NtrC",50,"KEGG","map04013",1,50,1,2712,54.24,0.0184365781710916,0.0995443428501758,"1/50"
13,"NtrC",50,"KEGG","map05016",1,50,1,2712,54.24,0.0184365781710916,0.0995443428501758,"1/50"
13,"NtrC",50,"KEGG","map03008",1,50,1,2712,54.24,0.0184365781710916,0.0995443428501758,"1/50"
13,"NtrC",50,"KEGG","map05205",1,50,1,2712,54.24,0.0184365781710916,0.0995443428501758,"1/50"
13,"NtrC",50,"KEGG","map03070",2,50,12,2712,9.04,0.0195430113221948,0.0995443428501758,"2/50"
13,"NtrC",50,"KEGG","map01120",6,50,122,2712,2.66754098360656,0.0229836593786044,0.0995443428501758,"6/50"
13,"NtrC",50,"KEGG","map03060",2,50,14,2712,7.74857142857143,0.0263212822054421,0.0995443428501758,"2/50"
13,"NtrC",50,"KEGG","map00240",3,50,38,2712,4.2821052631579,0.0316373764494432,0.0995443428501758,"3/50"
13,"NtrC",50,"KEGG","map00760",2,50,16,2712,6.78,0.033907166193267,0.0995443428501758,"2/50"
13,"NtrC",50,"KEGG","map00550",2,50,16,2712,6.78,0.033907166193267,0.0995443428501758,"2/50"
13,"NtrC",50,"KEGG","map01110",9,50,249,2712,1.96048192771084,0.0352449780540553,0.0995443428501758,"9/50"
13,"NtrC",50,"KEGG","map00364",1,50,2,2712,27.12,0.0365399242026093,0.0995443428501758,"1/50"
13,"NtrC",50,"KEGG","map00623",1,50,2,2712,27.12,0.0365399242026093,0.0995443428501758,"1/50"
13,"NtrC",50,"KEGG","map04068",1,50,2,2712,27.12,0.0365399242026093,0.0995443428501758,"1/50"
13,"NtrC",50,"KEGG","map04211",1,50,2,2712,27.12,0.0365399242026093,0.0995443428501758,"1/50"
13,"NtrC",50,"KEGG","map00250",2,50,17,2712,6.38117647058824,0.0379823176694597,0.0995443428501758,"2/50"
13,"NtrC",50,"KEGG","map03018",2,50,17,2712,6.38117647058824,0.0379823176694597,0.0995443428501758,"2/50"
13,"NtrC",50,"KEGG","map01200",4,50,70,2712,3.09942857142857,0.0384206235562082,0.0995443428501758,"4/50"
13,"NtrC",50,"KEGG","map00500",2,50,20,2712,5.424,0.0512428657195375,0.119077253868856,"2/50"
13,"NtrC",50,"KEGG","map00361",1,50,3,2712,18.08,0.0543159403612328,0.119077253868856,"1/50"
13,"NtrC",50,"KEGG","map04724",1,50,3,2712,18.08,0.0543159403612328,0.119077253868856,"1/50"
13,"NtrC",50,"KEGG","map04727",1,50,3,2712,18.08,0.0543159403612328,0.119077253868856,"1/50"
13,"NtrC",50,"KEGG","map05230",1,50,4,2712,13.56,0.0717704265118194,0.151515344858285,"1/50"
13,"NtrC",50,"KEGG","map01130",6,50,166,2712,1.96048192771084,0.081766655245825,0.166453548179001,"6/50"
13,"NtrC",50,"KEGG","map04146",1,50,5,2712,10.848,0.0889090818568743,0.174752333304891,"1/50"
13,"NtrC",50,"KEGG","map01230",4,50,94,2712,2.30808510638298,0.0928879782799534,0.176487158731911,"4/50"
13,"NtrC",50,"KEGG","map00520",2,50,30,2712,3.616,0.104537400360306,0.182637511481364,"2/50"
13,"NtrC",50,"KEGG","map04217",1,50,6,2712,9.04,0.105737506647106,0.182637511481364,"1/50"
13,"NtrC",50,"KEGG","map01501",1,50,6,2712,9.04,0.105737506647106,0.182637511481364,"1/50"
13,"NtrC",50,"KEGG","map01502",1,50,7,2712,7.74857142857143,0.12226120386353,0.199111103434892,"1/50"
13,"NtrC",50,"KEGG","map04213",1,50,7,2712,7.74857142857143,0.12226120386353,0.199111103434892,"1/50"
13,"NtrC",50,"KEGG","map01503",1,50,8,2712,6.78,0.138485580871598,0.21926883638003,"1/50"
13,"NtrC",50,"KEGG","map02024",2,50,37,2712,2.93189189189189,0.147776832006036,0.227656200657947,"2/50"
13,"NtrC",50,"KEGG","map00290",1,50,12,2712,4.52,0.200494777919144,0.285705058534781,"1/50"
13,"NtrC",50,"KEGG","map00561",1,50,12,2712,4.52,0.200494777919144,0.285705058534781,"1/50"
13,"NtrC",50,"KEGG","map04212",1,50,12,2712,4.52,0.200494777919144,0.285705058534781,"1/50"
13,"NtrC",50,"KEGG","map03030",1,50,16,2712,3.39,0.258123663740522,0.358854849590481,"1/50"
13,"NtrC",50,"KEGG","map00480",1,50,17,2712,3.19058823529412,0.271882497869963,0.368983389966378,"1/50"
13,"NtrC",50,"KEGG","map00230",2,50,57,2712,1.90315789473684,0.283233174916664,0.375448627215112,"2/50"
13,"NtrC",50,"KEGG","map01210",1,50,21,2712,2.58285714285714,0.324460412609538,0.408716977260703,"1/50"
13,"NtrC",50,"KEGG","map03430",1,50,22,2712,2.46545454545455,0.337012244407948,0.408716977260703,"1/50"
13,"NtrC",50,"KEGG","map03440",1,50,22,2712,2.46545454545455,0.337012244407948,0.408716977260703,"1/50"
13,"NtrC",50,"KEGG","map00910",1,50,22,2712,2.46545454545455,0.337012244407948,0.408716977260703,"1/50"
13,"NtrC",50,"KEGG","map00920",1,50,23,2712,2.35826086956522,0.349335436891072,0.414835831308148,"1/50"
13,"NtrC",50,"KEGG","map00620",1,50,24,2712,2.26,0.361434071385474,0.420443715693306,"1/50"
13,"NtrC",50,"KEGG","map00970",1,50,26,2712,2.08615384615385,0.384973636123656,0.438869945180967,"1/50"
13,"NtrC",50,"KEGG","map00630",1,50,28,2712,1.93714285714286,0.407662183832834,0.446860470739837,"1/50"
13,"NtrC",50,"KEGG","map00010",1,50,28,2712,1.93714285714286,0.407662183832834,0.446860470739837,"1/50"
13,"NtrC",50,"KEGG","map00270",1,50,33,2712,1.64363636363636,0.460855715725231,0.495637279176191,"1/50"
13,"NtrC",50,"KEGG","map02020",1,50,55,2712,0.986181818181818,0.64438331561102,0.680182388700521,"1/50"
13,"NtrC",50,"KEGG","map00195",1,50,59,2712,0.919322033898305,0.670419726730103,0.694798625883925,"1/50"
13,"NtrC",50,"KEGG","map02010",1,50,70,2712,0.774857142857143,0.732764652138136,0.745849735212031,"1/50"
14,"NrdR",63,"COG","C",9,63,204,2712,1.89915966386555,0.043463012190497,0.46445019785902,"9/63"
14,"NrdR",63,"COG","F",5,63,98,2712,2.19630709426628,0.0750374090381717,0.46445019785902,"5/63"
14,"NrdR",63,"COG","E",6,63,138,2712,1.87163561076605,0.0982088120383612,0.46445019785902,"6/63"
14,"NrdR",63,"COG","H",7,63,173,2712,1.74181117533719,0.103211155079782,0.46445019785902,"7/63"
14,"NrdR",63,"COG","I",3,63,55,2712,2.34805194805195,0.134061003095084,0.482619611142303,"3/63"
14,"NrdR",63,"COG","Q",2,63,45,2712,1.91322751322751,0.281162390368773,0.76308595664931,"2/63"
14,"NrdR",63,"COG","G",3,63,82,2712,1.57491289198606,0.296755649808065,0.76308595664931,"3/63"
14,"NrdR",63,"COG","D",1,63,27,2712,1.59435626102293,0.471499119720164,0.966820970403605,"1/63"
14,"NrdR",63,"COG","K",3,63,113,2712,1.14285714285714,0.492897215772391,0.966820970403605,"3/63"
14,"NrdR",63,"COG","J",4,63,166,2712,1.03729202524383,0.545372685757871,0.966820970403605,"4/63"
14,"NrdR",63,"COG","O",2,63,100,2712,0.860952380952381,0.683554897446103,0.966820970403605,"2/63"
14,"NrdR",63,"COG","S",12,63,569,2712,0.907858398192317,0.697171648011233,0.966820970403605,"12/63"
14,"NrdR",63,"COG","U",1,63,54,2712,0.797178130511464,0.72250244372047,0.966820970403605,"1/63"
14,"NrdR",63,"COG","L",2,63,114,2712,0.755221386800334,0.75197186586947,0.966820970403605,"2/63"
14,"NrdR",63,"COG","P",2,63,163,2712,0.528191644756062,0.9014251686246,0.998215514761763,"2/63"
14,"NrdR",63,"COG","T",1,63,117,2712,0.367928367928368,0.9398719277648,0.998215514761763,"1/63"
14,"NrdR",63,"COG","M",1,63,147,2712,0.29284094590217,0.971355447581727,0.998215514761763,"1/63"
14,"NrdR",63,"KEGG","map01100",27,63,580,2712,2.00394088669951,8.58972214563578e-05,0.00433928325734043,"27/63"
14,"NrdR",63,"KEGG","map01200",8,63,70,2712,4.91972789115646,0.000163746538012846,0.00433928325734043,"8/63"
14,"NrdR",63,"KEGG","map01110",15,63,249,2712,2.59323006310958,0.000393383909225721,0.00694978239632107,"15/63"
14,"NrdR",63,"KEGG","map00720",4,63,18,2712,9.56613756613757,0.000634075941131235,0.00840150621998886,"4/63"
14,"NrdR",63,"KEGG","map01130",9,63,166,2712,2.33390705679862,0.0131103943229815,0.112736517113142,"9/63"
14,"NrdR",63,"KEGG","map00620",3,63,24,2712,5.38095238095238,0.0170785809939752,0.112736517113142,"3/63"
14,"NrdR",63,"KEGG","map00260",3,63,25,2712,5.16571428571429,0.0190911200733585,0.112736517113142,"3/63"
14,"NrdR",63,"KEGG","map01120",7,63,122,2712,2.46994535519126,0.0213636174537328,0.112736517113142,"7/63"
14,"NrdR",63,"KEGG","map04934",1,63,1,2712,43.047619047619,0.0232300884955752,0.112736517113142,"1/63"
14,"NrdR",63,"KEGG","map05211",1,63,1,2712,43.047619047619,0.0232300884955752,0.112736517113142,"1/63"
14,"NrdR",63,"KEGG","map00061",2,63,11,2712,7.82683982683983,0.0255252491576925,0.112736517113142,"2/63"
14,"NrdR",63,"KEGG","map00640",2,63,11,2712,7.82683982683983,0.0255252491576925,0.112736517113142,"2/63"
14,"NrdR",63,"KEGG","map01212",2,63,12,2712,7.17460317460317,0.0301775301528033,0.123031469084506,"2/63"
14,"NrdR",63,"KEGG","map00670",2,63,13,2712,6.62271062271062,0.0351380835047618,0.133022744696598,"2/63"
14,"NrdR",63,"KEGG","map00310",1,63,2,2712,21.5238095238095,0.0459289097514879,0.147894694732809,"1/63"
14,"NrdR",63,"KEGG","map01053",1,63,2,2712,21.5238095238095,0.0459289097514879,0.147894694732809,"1/63"
14,"NrdR",63,"KEGG","map03030",2,63,16,2712,5.38095238095238,0.0517087320150171,0.147894694732809,"2/63"
14,"NrdR",63,"KEGG","map00760",2,63,16,2712,5.38095238095238,0.0517087320150171,0.147894694732809,"2/63"
14,"NrdR",63,"KEGG","map02024",3,63,37,2712,3.49034749034749,0.0530188528287429,0.147894694732809,"3/63"
14,"NrdR",63,"KEGG","map00960",1,63,3,2712,14.3492063492063,0.0681084221816193,0.180487318781291,"1/63"
14,"NrdR",63,"KEGG","map00500",2,63,20,2712,4.3047619047619,0.0771902552468955,0.194813501337403,"2/63"
14,"NrdR",63,"KEGG","map00785",1,63,4,2712,10.7619047619048,0.0897803193401858,0.21628895113772,"1/63"
14,"NrdR",63,"KEGG","map00860",3,63,48,2712,2.69047619047619,0.0988328073474242,0.227745164757108,"3/63"
14,"NrdR",63,"KEGG","map00750",1,63,5,2712,8.60952380952381,0.110956035692316,0.245027912153865,"1/63"
14,"NrdR",63,"KEGG","map00740",1,63,6,2712,7.17460317460317,0.131646752260984,0.278624013349234,"1/63"
14,"NrdR",63,"KEGG","map00630",2,63,28,2712,3.07482993197279,0.136683478246794,0.278624013349234,"2/63"
14,"NrdR",63,"KEGG","map05200",1,63,7,2712,6.14965986394558,0.151863402152912,0.298102233855717,"1/63"
14,"NrdR",63,"KEGG","map03420",1,63,9,2712,4.78306878306878,0.190917027080684,0.348917325354354,"1/63"
14,"NrdR",63,"KEGG","map00906",1,63,9,2712,4.78306878306878,0.190917027080684,0.348917325354354,"1/63"
14,"NrdR",63,"KEGG","map03410",1,63,10,2712,4.3047619047619,0.20977467683796,0.370601929080397,"1/63"
14,"NrdR",63,"KEGG","map00240",2,63,38,2712,2.265664160401,0.220310940394297,0.37666064002896,"2/63"
14,"NrdR",63,"KEGG","map03070",1,63,12,2712,3.58730158730159,0.246201627738095,0.381837614543972,"1/63"
14,"NrdR",63,"KEGG","map00900",1,63,13,2712,3.31135531135531,0.263790256424206,0.381837614543972,"1/63"
14,"NrdR",63,"KEGG","map00983",1,63,13,2712,3.31135531135531,0.263790256424206,0.381837614543972,"1/63"
14,"NrdR",63,"KEGG","map00770",1,63,13,2712,3.31135531135531,0.263790256424206,0.381837614543972,"1/63"
14,"NrdR",63,"KEGG","map00020",1,63,13,2712,3.31135531135531,0.263790256424206,0.381837614543972,"1/63"
14,"NrdR",63,"KEGG","map03060",1,63,14,2712,3.07482993197279,0.280974848438017,0.381837614543972,"1/63"
14,"NrdR",63,"KEGG","map05111",1,63,14,2712,3.07482993197279,0.280974848438017,0.381837614543972,"1/63"
14,"NrdR",63,"KEGG","map04112",1,63,14,2712,3.07482993197279,0.280974848438017,0.381837614543972,"1/63"
14,"NrdR",63,"KEGG","map00480",1,63,17,2712,2.53221288515406,0.330194742789759,0.416674318282314,"1/63"
14,"NrdR",63,"KEGG","map00130",1,63,17,2712,2.53221288515406,0.330194742789759,0.416674318282314,"1/63"
14,"NrdR",63,"KEGG","map03018",1,63,17,2712,2.53221288515406,0.330194742789759,0.416674318282314,"1/63"
14,"NrdR",63,"KEGG","map00330",1,63,19,2712,2.265664160401,0.361149963336732,0.440572369142226,"1/63"
14,"NrdR",63,"KEGG","map01230",3,63,94,2712,1.37386018237082,0.374215699148177,0.440572369142226,"3/63"
14,"NrdR",63,"KEGG","map00400",1,63,20,2712,2.15238095238095,0.376095211130935,0.440572369142226,"1/63"
14,"NrdR",63,"KEGG","map00230",2,63,57,2712,1.51044277360067,0.384169242133011,0.440572369142226,"2/63"
14,"NrdR",63,"KEGG","map00680",1,63,21,2712,2.04988662131519,0.390696251880842,0.440572369142226,"1/63"
14,"NrdR",63,"KEGG","map03440",1,63,22,2712,1.95670995670996,0.404960888124434,0.44714431397073,"1/63"
14,"NrdR",63,"KEGG","map00920",1,63,23,2712,1.87163561076605,0.418896748365386,0.453092401293173,"1/63"
14,"NrdR",63,"KEGG","map00010",1,63,28,2712,1.53741496598639,0.483899699033993,0.512933680976033,"1/63"
14,"NrdR",63,"KEGG","map00270",1,63,33,2712,1.3044733044733,0.541733910067091,0.562978377128546,"1/63"
14,"NrdR",63,"KEGG","map02010",1,63,70,2712,0.614965986394558,0.81115762950021,0.826756814682907,"1/63"
15,"SufR",10,"COG","O",2,10,100,2712,5.424,0.049945715211167,0.449511436900503,"2/10"
15,"SufR",10,"COG","C",2,10,204,2712,2.65882352941176,0.170178244662699,0.54371317449753,"2/10"
15,"SufR",10,"COG","I",1,10,55,2712,4.93090909090909,0.185541105725996,0.54371317449753,"1/10"
15,"SufR",10,"COG","K",1,10,113,2712,2.4,0.347092165625476,0.54371317449753,"1/10"
15,"SufR",10,"COG","E",1,10,138,2712,1.96521739130435,0.407345893891112,0.54371317449753,"1/10"
15,"SufR",10,"COG","P",1,10,163,2712,1.6638036809816,0.462548132862099,0.54371317449753,"1/10"
15,"SufR",10,"COG","J",1,10,166,2712,1.63373493975904,0.468851257344343,0.54371317449753,"1/10"
15,"SufR",10,"COG","H",1,10,173,2712,1.56763005780347,0.48330059955336,0.54371317449753,"1/10"
15,"SufR",10,"COG","S",1,10,569,2712,0.476625659050967,0.905505524351474,0.905505524351474,"1/10"
15,"SufR",10,"KEGG","map00906",1,10,9,2712,30.1333333333333,0.0327481819171731,0.190806976273859,"1/10"
15,"SufR",10,"KEGG","map00130",1,10,17,2712,15.9529411764706,0.0610439169588826,0.190806976273859,"1/10"
15,"SufR",10,"KEGG","map00920",1,10,23,2712,11.7913043478261,0.0817744184030823,0.190806976273859,"1/10"
15,"SufR",10,"KEGG","map02010",1,10,70,2712,3.87428571428571,0.2304445846635,0.32514744644867,"1/10"
15,"SufR",10,"KEGG","map01110",2,10,249,2712,2.17831325301205,0.232248176034764,0.32514744644867,"2/10"
15,"SufR",10,"KEGG","map01100",2,10,580,2712,0.935172413793104,0.665073753596142,0.665073753596142,"2/10"
16,"BolA",40,"COG","J",9,40,166,2712,3.67590361445783,0.000510995833897154,0.00766493750845731,"9/40"
16,"BolA",40,"COG","E",5,40,138,2712,2.45652173913043,0.0497821885676598,0.373366414257449,"5/40"
16,"BolA",40,"COG","M",4,40,147,2712,1.84489795918367,0.168498668648643,0.667957887449501,"4/40"
16,"BolA",40,"COG","C",5,40,204,2712,1.66176470588235,0.178122103319867,0.667957887449501,"5/40"
16,"BolA",40,"COG","N",1,40,24,2712,2.825,0.301032597720772,0.903097793162316,"1/40"
16,"BolA",40,"COG","T",2,40,117,2712,1.15897435897436,0.521197330208167,0.996216668974444,"2/40"
16,"BolA",40,"COG","U",1,40,54,2712,1.25555555555556,0.555318707026403,0.996216668974444,"1/40"
16,"BolA",40,"COG","S",8,40,569,2712,0.953251318101933,0.623658650749592,0.996216668974444,"8/40"
16,"BolA",40,"COG","G",1,40,82,2712,0.826829268292683,0.709792096742742,0.996216668974444,"1/40"
16,"BolA",40,"COG","F",1,40,98,2712,0.691836734693878,0.77306251709808,0.996216668974444,"1/40"
16,"BolA",40,"COG","O",1,40,100,2712,0.678,0.779955980589945,0.996216668974444,"1/40"
16,"BolA",40,"COG","K",1,40,113,2712,0.6,0.820038951378042,0.996216668974444,"1/40"
16,"BolA",40,"COG","P",1,40,163,2712,0.415950920245399,0.917749673297153,0.996216668974444,"1/40"
16,"BolA",40,"COG","H",1,40,173,2712,0.391907514450867,0.929802224376148,0.996216668974444,"1/40"
16,"BolA",40,"KEGG","map03010",5,40,53,2712,6.39622641509434,0.00092179252678146,0.0248883982230994,"5/40"
16,"BolA",40,"KEGG","map00900",2,40,13,2712,10.4307692307692,0.0149326904905973,0.134394214415376,"2/40"
16,"BolA",40,"KEGG","map00730",2,40,13,2712,10.4307692307692,0.0149326904905973,0.134394214415376,"2/40"
16,"BolA",40,"KEGG","map00260",2,40,25,2712,5.424,0.0514013826210474,0.276379936620365,"2/40"
16,"BolA",40,"KEGG","map01110",7,40,249,2712,1.90602409638554,0.0682133914684296,0.276379936620365,"7/40"
16,"BolA",40,"KEGG","map00750",1,40,5,2712,13.56,0.0716540576423168,0.276379936620365,"1/40"
16,"BolA",40,"KEGG","map00261",1,40,5,2712,13.56,0.0716540576423168,0.276379936620365,"1/40"
16,"BolA",40,"KEGG","map01100",12,40,580,2712,1.40275862068966,0.127809492340532,0.363004622229734,"12/40"
16,"BolA",40,"KEGG","map04122",1,40,11,2712,6.16363636363636,0.151049710817182,0.363004622229734,"1/40"
16,"BolA",40,"KEGG","map00300",1,40,11,2712,6.16363636363636,0.151049710817182,0.363004622229734,"1/40"
16,"BolA",40,"KEGG","map01230",3,40,94,2712,2.16382978723404,0.159404728255265,0.363004622229734,"3/40"
16,"BolA",40,"KEGG","map00290",1,40,12,2712,5.65,0.163622095699564,0.363004622229734,"1/40"
16,"BolA",40,"KEGG","map00983",1,40,13,2712,5.21538461538462,0.176012879466978,0.363004622229734,"1/40"
16,"BolA",40,"KEGG","map05111",1,40,14,2712,4.84285714285714,0.188224618933936,0.363004622229734,"1/40"
16,"BolA",40,"KEGG","map00195",2,40,59,2712,2.29830508474576,0.21567258977794,0.388210661600293,"2/40"
16,"BolA",40,"KEGG","map00790",1,40,21,2712,3.22857142857143,0.268901080489164,0.42707818665926,"1/40"
16,"BolA",40,"KEGG","map01210",1,40,21,2712,3.22857142857143,0.268901080489164,0.42707818665926,"1/40"
16,"BolA",40,"KEGG","map00620",1,40,24,2712,2.825,0.301032597720772,0.451548896581158,"1/40"
16,"BolA",40,"KEGG","map00630",1,40,28,2712,2.42142857142857,0.341740506687622,0.485631246345568,"1/40"
16,"BolA",40,"KEGG","map00520",1,40,30,2712,2.26,0.361218160163335,0.487644516220502,"1/40"
16,"BolA",40,"KEGG","map01130",3,40,166,2712,1.22530120481928,0.447297264201901,0.575096482545302,"3/40"
16,"BolA",40,"KEGG","map00860",1,40,48,2712,1.4125,0.513022913535059,0.621109446040887,"1/40"
16,"BolA",40,"KEGG","map01120",2,40,122,2712,1.11147540983607,0.544176053056554,0.621109446040887,"2/40"
16,"BolA",40,"KEGG","map02020",1,40,55,2712,1.23272727272727,0.562010675317955,0.621109446040887,"1/40"
16,"BolA",40,"KEGG","map00230",1,40,57,2712,1.18947368421053,0.575101338926747,0.621109446040887,"1/40"
16,"BolA",40,"KEGG","map01200",1,40,70,2712,0.968571428571429,0.651355547730692,0.676407684181873,"1/40"
17,"Zur, ArsR",37,"COG","J",6,37,166,2712,2.64929990231195,0.0228948834549376,0.19221185880311,"6/37"
17,"Zur, ArsR",37,"COG","H",6,37,173,2712,2.54210279643806,0.0274588369718728,0.19221185880311,"6/37"
17,"Zur, ArsR",37,"COG","V",2,37,31,2712,4.72885789014821,0.0657524366998765,0.306844704599424,"2/37"
17,"Zur, ArsR",37,"COG","E",4,37,138,2712,2.12455934195065,0.115976028820503,0.405916100871759,"4/37"
17,"Zur, ArsR",37,"COG","F",2,37,98,2712,1.49586321014892,0.389139916655187,0.930900674466259,"2/37"
17,"Zur, ArsR",37,"COG","O",2,37,100,2712,1.46594594594595,0.398957431914111,0.930900674466259,"2/37"
17,"Zur, ArsR",37,"COG","U",1,37,54,2712,1.35735735735736,0.527252547634938,0.94186213399881,"1/37"
17,"Zur, ArsR",37,"COG","P",2,37,163,2712,0.899353341071133,0.662284913849969,0.94186213399881,"2/37"
17,"Zur, ArsR",37,"COG","C",2,37,204,2712,0.718600953895072,0.779979731801854,0.94186213399881,"2/37"
17,"Zur, ArsR",37,"COG","K",1,37,113,2712,0.648648648648649,0.795150931258962,0.94186213399881,"1/37"
17,"Zur, ArsR",37,"COG","L",1,37,114,2712,0.642958748221906,0.798067212730073,0.94186213399881,"1/37"
17,"Zur, ArsR",37,"COG","S",6,37,569,2712,0.772906474136703,0.819791065690335,0.94186213399881,"6/37"
17,"Zur, ArsR",37,"COG","M",1,37,147,2712,0.498621070049642,0.87458626728461,0.94186213399881,"1/37"
17,"Zur, ArsR",37,"KEGG","map00970",4,37,26,2712,11.2765072765073,0.00035399976193649,0.00884999404841226,"4/37"
17,"Zur, ArsR",37,"KEGG","map01230",5,37,94,2712,3.89879240943071,0.00813720115687792,0.0914179692078125,"5/37"
17,"Zur, ArsR",37,"KEGG","map00340",2,37,12,2712,12.2162162162162,0.0109701563049375,0.0914179692078125,"2/37"
17,"Zur, ArsR",37,"KEGG","map00750",1,37,5,2712,14.6594594594595,0.0664268962950394,0.383887178879129,"1/37"
17,"Zur, ArsR",37,"KEGG","map00450",1,37,8,2712,9.16216216216216,0.104200792097267,0.383887178879129,"1/37"
17,"Zur, ArsR",37,"KEGG","map00540",1,37,10,2712,7.32972972972973,0.12855275373235,0.383887178879129,"1/37"
17,"Zur, ArsR",37,"KEGG","map00220",1,37,11,2712,6.66339066339066,0.140485969169767,0.383887178879129,"1/37"
17,"Zur, ArsR",37,"KEGG","map04122",1,37,11,2712,6.66339066339066,0.140485969169767,0.383887178879129,"1/37"
17,"Zur, ArsR",37,"KEGG","map01100",11,37,580,2712,1.3901211556384,0.148337777937684,0.383887178879129,"11/37"
17,"Zur, ArsR",37,"KEGG","map00710",1,37,16,2712,4.58108108108108,0.197807134545953,0.383887178879129,"1/37"
17,"Zur, ArsR",37,"KEGG","map00480",1,37,17,2712,4.31160572337043,0.208816457996176,0.383887178879129,"1/37"
17,"Zur, ArsR",37,"KEGG","map00720",1,37,18,2712,4.07207207207207,0.219678718127582,0.383887178879129,"1/37"
17,"Zur, ArsR",37,"KEGG","map00400",1,37,20,2712,3.66486486486487,0.240969666800452,0.383887178879129,"1/37"
17,"Zur, ArsR",37,"KEGG","map01110",5,37,249,2712,1.47183327906219,0.248675088409649,0.383887178879129,"5/37"
17,"Zur, ArsR",37,"KEGG","map00790",1,37,21,2712,3.49034749034749,0.251402104515305,0.383887178879129,"1/37"
17,"Zur, ArsR",37,"KEGG","map00680",1,37,21,2712,3.49034749034749,0.251402104515305,0.383887178879129,"1/37"
17,"Zur, ArsR",37,"KEGG","map03440",1,37,22,2712,3.33169533169533,0.261694977846012,0.383887178879129,"1/37"
17,"Zur, ArsR",37,"KEGG","map00620",1,37,24,2712,3.05405405405405,0.281869271968538,0.383887178879129,"1/37"
17,"Zur, ArsR",37,"KEGG","map00260",1,37,25,2712,2.93189189189189,0.291754255948138,0.383887178879129,"1/37"
17,"Zur, ArsR",37,"KEGG","map00270",1,37,33,2712,2.22113022113022,0.366208621098368,0.45776077637296,"1/37"
17,"Zur, ArsR",37,"KEGG","map00860",1,37,48,2712,1.52702702702703,0.485827822444302,0.570260560007611,"1/37"
17,"Zur, ArsR",37,"KEGG","map01120",2,37,122,2712,1.20159503766061,0.501829292806698,0.570260560007611,"2/37"
17,"Zur, ArsR",37,"KEGG","map01200",1,37,70,2712,1.04710424710425,0.622476464618655,0.676604852846364,"1/37"
17,"Zur, ArsR",37,"KEGG","map01130",2,37,166,2712,0.883099967437317,0.672307603195949,0.70032041999578,"2/37"
18,"Rre28",65,"COG","L",8,65,114,2712,2.92793522267206,0.00517662441425746,0.0880026150423768,"8/65"
18,"Rre28",65,"COG","J",7,65,166,2712,1.75940685820204,0.0992533615880398,0.843653573498338,"7/65"
18,"Rre28",65,"COG","S",17,65,569,2712,1.24655941597945,0.186882793930866,0.859031139465532,"17/65"
18,"Rre28",65,"COG","E",5,65,138,2712,1.51170568561873,0.233698375290305,0.859031139465532,"5/65"
18,"Rre28",65,"COG","H",5,65,173,2712,1.20586927523344,0.40081940064561,0.859031139465532,"5/65"
18,"Rre28",65,"COG","F",3,65,98,2712,1.27723704866562,0.419558393603451,0.859031139465532,"3/65"
18,"Rre28",65,"COG","D",1,65,27,2712,1.54529914529915,0.482219745963297,0.859031139465532,"1/65"
18,"Rre28",65,"COG","K",3,65,113,2712,1.10769230769231,0.514123556136228,0.859031139465532,"3/65"
18,"Rre28",65,"COG","V",1,65,31,2712,1.34590570719603,0.530593184360862,0.859031139465532,"1/65"
18,"Rre28",65,"COG","T",3,65,117,2712,1.0698224852071,0.538024800530672,0.859031139465532,"3/65"
18,"Rre28",65,"COG","P",4,65,163,2712,1.02387918829637,0.555843678477697,0.859031139465532,"4/65"
18,"Rre28",65,"COG","O",2,65,100,2712,0.834461538461538,0.700209561903035,0.898832480595971,"2/65"
18,"Rre28",65,"COG","U",1,65,54,2712,0.772649572649573,0.733702825887282,0.898832480595971,"1/65"
18,"Rre28",65,"COG","I",1,65,55,2712,0.758601398601399,0.740214984020211,0.898832480595971,"1/65"
18,"Rre28",65,"COG","M",2,65,147,2712,0.567660910518053,0.876822142407006,0.993731761394607,"2/65"
18,"Rre28",65,"COG","C",2,65,204,2712,0.409049773755656,0.962604408841777,0.99998458278578,"2/65"
18,"Rre28",65,"KEGG","map03410",2,65,10,2712,8.34461538461539,0.0224877631119769,0.33499572760447,"2/65"
18,"Rre28",65,"KEGG","map00540",2,65,10,2712,8.34461538461539,0.0224877631119769,0.33499572760447,"2/65"
18,"Rre28",65,"KEGG","map00340",2,65,12,2712,6.95384615384615,0.0319824121414653,0.33499572760447,"2/65"
18,"Rre28",65,"KEGG","map00770",2,65,13,2712,6.4189349112426,0.0372217475116077,0.33499572760447,"2/65"
18,"Rre28",65,"KEGG","map02010",4,65,70,2712,2.38417582417582,0.0849355990314912,0.443705526045471,"4/65"
18,"Rre28",65,"KEGG","map00680",2,65,21,2712,3.97362637362637,0.0887242694575318,0.443705526045471,"2/65"
18,"Rre28",65,"KEGG","map05134",1,65,4,2712,10.4307692307692,0.0925276325084295,0.443705526045471,"1/65"
18,"Rre28",65,"KEGG","map00660",1,65,5,2712,8.34461538461539,0.114309650191942,0.443705526045471,"1/65"
18,"Rre28",65,"KEGG","map00430",1,65,5,2712,8.34461538461539,0.114309650191942,0.443705526045471,"1/65"
18,"Rre28",65,"KEGG","map00650",1,65,6,2712,6.95384615384615,0.135576688513894,0.443705526045471,"1/65"
18,"Rre28",65,"KEGG","map00740",1,65,6,2712,6.95384615384615,0.135576688513894,0.443705526045471,"1/65"
18,"Rre28",65,"KEGG","map01503",1,65,8,2712,5.21538461538462,0.176613510433324,0.505045169727587,"1/65"
18,"Rre28",65,"KEGG","map01230",4,65,94,2712,1.77545008183306,0.186536116515287,0.505045169727587,"4/65"
18,"Rre28",65,"KEGG","map03420",1,65,9,2712,4.63589743589744,0.196406454894061,0.505045169727587,"1/65"
18,"Rre28",65,"KEGG","map00061",1,65,11,2712,3.79300699300699,0.234597334658694,0.506033746138702,"1/65"
18,"Rre28",65,"KEGG","map00780",1,65,12,2712,3.47692307692308,0.253016873069351,0.506033746138702,"1/65"
18,"Rre28",65,"KEGG","map01212",1,65,12,2712,3.47692307692308,0.253016873069351,0.506033746138702,"1/65"
18,"Rre28",65,"KEGG","map00290",1,65,12,2712,3.47692307692308,0.253016873069351,0.506033746138702,"1/65"
18,"Rre28",65,"KEGG","map00900",1,65,13,2712,3.2094674556213,0.270999800199163,0.513473305640519,"1/65"
18,"Rre28",65,"KEGG","map01100",16,65,580,2712,1.15098143236074,0.30491336936391,0.530242031008958,"16/65"
18,"Rre28",65,"KEGG","map00760",1,65,16,2712,2.60769230769231,0.322429661924104,0.530242031008958,"1/65"
18,"Rre28",65,"KEGG","map00250",1,65,17,2712,2.45429864253394,0.338765742033501,0.530242031008958,"1/65"
18,"Rre28",65,"KEGG","map00130",1,65,17,2712,2.45429864253394,0.338765742033501,0.530242031008958,"1/65"
18,"Rre28",65,"KEGG","map02020",2,65,55,2712,1.5172027972028,0.382046286709088,0.533760406100513,"2/65"
18,"Rre28",65,"KEGG","map01110",7,65,249,2712,1.17293790546803,0.38790413831504,0.533760406100513,"7/65"
18,"Rre28",65,"KEGG","map00790",1,65,21,2712,1.98681318681319,0.400320304575385,0.533760406100513,"1/65"
18,"Rre28",65,"KEGG","map01210",1,65,21,2712,1.98681318681319,0.400320304575385,0.533760406100513,"1/65"
18,"Rre28",65,"KEGG","map00260",1,65,25,2712,1.66892307692308,0.456224732494989,0.586574656064985,"1/65"
18,"Rre28",65,"KEGG","map00270",1,65,33,2712,1.26433566433566,0.553082648947981,0.680372557905164,"1/65"
18,"Rre28",65,"KEGG","map01120",3,65,122,2712,1.02597730138714,0.566977131587637,0.680372557905164,"3/65"
18,"Rre28",65,"KEGG","map00860",1,65,48,2712,0.869230769230769,0.691115975968598,0.802586294673211,"1/65"
18,"Rre28",65,"KEGG","map03010",1,65,53,2712,0.78722786647315,0.727029997700186,0.816823680265331,"1/65"
18,"Rre28",65,"KEGG","map00230",1,65,57,2712,0.731983805668016,0.752772439753621,0.816823680265331,"1/65"
18,"Rre28",65,"KEGG","map01130",3,65,166,2712,0.754031510658017,0.771444586917257,0.816823680265331,"3/65"
18,"Rre28",65,"KEGG","map01200",1,65,70,2712,0.596043956043956,0.821007942812047,0.844465312606677,"1/65"
19,"NusB",15,"COG","O",2,15,100,2712,3.616,0.103523251388418,0.417621524528878,"2/15"
19,"NusB",15,"COG","K",2,15,113,2712,3.2,0.127031852566018,0.417621524528878,"2/15"
19,"NusB",15,"COG","S",5,15,569,2712,1.58875219683656,0.189896740848689,0.417621524528878,"5/15"
19,"NusB",15,"COG","J",2,15,166,2712,2.17831325301205,0.232915236649843,0.417621524528878,"2/15"
19,"NusB",15,"COG","U",1,15,54,2712,3.34814814814815,0.261013452830549,0.417621524528878,"1/15"
19,"NusB",15,"COG","T",1,15,117,2712,1.54529914529915,0.484825604708225,0.621818399229479,"1/15"
19,"NusB",15,"COG","E",1,15,138,2712,1.31014492753623,0.544091099325794,0.621818399229479,"1/15"
19,"NusB",15,"KEGG","map03070",1,15,12,2712,15.0666666666667,0.0645163848253608,0.0936046114300487,"1/15"
19,"NusB",15,"KEGG","map03060",1,15,14,2712,12.9142857142857,0.074883689144039,0.0936046114300487,"1/15"
19,"NusB",15,"KEGG","map04112",1,15,14,2712,12.9142857142857,0.074883689144039,0.0936046114300487,"1/15"
19,"NusB",15,"KEGG","map02024",1,15,37,2712,4.88648648648649,0.186648812733247,0.186648812733247,"1/15"
20,"NusA",29,"COG","J",14,29,166,2712,7.88699626090569,2.10267825295878e-10,2.52321390355053e-09,"14/29"
20,"NusA",29,"COG","E",4,29,138,2712,2.71064467766117,0.0567208160264995,0.340324896158997,"4/29"
20,"NusA",29,"COG","H",3,29,173,2712,1.62168626669324,0.281001229398638,0.778984614138844,"3/29"
20,"NusA",29,"COG","Q",1,29,45,2712,2.07816091954023,0.386009342504576,0.778984614138844,"1/29"
20,"NusA",29,"COG","U",1,29,54,2712,1.73180076628352,0.443630697457364,0.778984614138844,"1/29"
20,"NusA",29,"COG","I",1,29,55,2712,1.70031347962382,0.449700941917009,0.778984614138844,"1/29"
20,"NusA",29,"COG","G",1,29,82,2712,1.14045416316232,0.591422751701061,0.778984614138844,"1/29"
20,"NusA",29,"COG","F",1,29,98,2712,0.954257565095003,0.658015812983962,0.778984614138844,"1/29"
20,"NusA",29,"COG","O",1,29,100,2712,0.935172413793103,0.665563177145903,0.778984614138844,"1/29"
20,"NusA",29,"COG","K",1,29,113,2712,0.827586206896552,0.710842773463535,0.778984614138844,"1/29"
20,"NusA",29,"COG","L",1,29,114,2712,0.82032667876588,0.714069229627274,0.778984614138844,"1/29"
20,"NusA",29,"COG","S",2,29,569,2712,0.328707351069632,0.990850084783445,0.990850084783445,"2/29"
20,"NusA",29,"KEGG","map03010",11,29,53,2712,19.409238776838,1.42056478098282e-12,5.54020264583301e-11,"11/29"
20,"NusA",29,"KEGG","map01230",5,29,94,2712,4.97432134996332,0.00275885985350757,0.0537977671433977,"5/29"
20,"NusA",29,"KEGG","map01130",6,29,166,2712,3.38014125467387,0.00701472858371678,0.0695058997050149,"6/29"
20,"NusA",29,"KEGG","map04930",1,29,1,2712,93.5172413793103,0.0106932153392331,0.0695058997050149,"1/29"
20,"NusA",29,"KEGG","map05165",1,29,1,2712,93.5172413793103,0.0106932153392331,0.0695058997050149,"1/29"
20,"NusA",29,"KEGG","map05203",1,29,1,2712,93.5172413793103,0.0106932153392331,0.0695058997050149,"1/29"
20,"NusA",29,"KEGG","map00400",2,29,20,2712,9.35172413793103,0.0186229219156382,0.0851927850680687,"2/29"
20,"NusA",29,"KEGG","map00405",1,29,2,2712,46.7586206896552,0.0212759880264933,0.0851927850680687,"1/29"
20,"NusA",29,"KEGG","map01040",1,29,2,2712,46.7586206896552,0.0212759880264933,0.0851927850680687,"1/29"
20,"NusA",29,"KEGG","map00230",3,29,57,2712,4.92196007259528,0.0218443038636074,0.0851927850680687,"3/29"
20,"NusA",29,"KEGG","map00260",2,29,25,2712,7.48137931034483,0.0284519864129975,0.095248255238777,"2/29"
20,"NusA",29,"KEGG","map00970",2,29,26,2712,7.19363395225464,0.0306210000637659,0.095248255238777,"2/29"
20,"NusA",29,"KEGG","map00333",1,29,3,2712,31.1724137931034,0.0317494184129257,0.095248255238777,"1/29"
20,"NusA",29,"KEGG","map05230",1,29,4,2712,23.3793103448276,0.0421145962889036,0.114852105366816,"1/29"
20,"NusA",29,"KEGG","map01110",6,29,249,2712,2.25342750311591,0.0441738866795446,0.114852105366816,"6/29"
20,"NusA",29,"KEGG","map04922",1,29,5,2712,18.7034482758621,0.0523726009815265,0.127658214892471,"1/29"
20,"NusA",29,"KEGG","map01100",10,29,580,2712,1.61236623067776,0.0718108308481577,0.157237938839915,"10/29"
20,"NusA",29,"KEGG","map05152",1,29,7,2712,13.35960591133,0.0725713563876532,0.157237938839915,"1/29"
20,"NusA",29,"KEGG","map00860",2,29,48,2712,3.89655172413793,0.0920628808423247,0.188971176465824,"2/29"
20,"NusA",29,"KEGG","map00061",1,29,11,2712,8.50156739811912,0.111729140403669,0.189175420410003,"1/29"
20,"NusA",29,"KEGG","map00780",1,29,12,2712,7.79310344827586,0.121266295134617,0.189175420410003,"1/29"
20,"NusA",29,"KEGG","map00340",1,29,12,2712,7.79310344827586,0.121266295134617,0.189175420410003,"1/29"
20,"NusA",29,"KEGG","map01212",1,29,12,2712,7.79310344827586,0.121266295134617,0.189175420410003,"1/29"
20,"NusA",29,"KEGG","map03070",1,29,12,2712,7.79310344827586,0.121266295134617,0.189175420410003,"1/29"
20,"NusA",29,"KEGG","map04212",1,29,12,2712,7.79310344827586,0.121266295134617,0.189175420410003,"1/29"
20,"NusA",29,"KEGG","map03060",1,29,14,2712,6.67980295566502,0.140044882520712,0.210067323781068,"1/29"
20,"NusA",29,"KEGG","map03030",1,29,16,2712,5.8448275862069,0.158435722252229,0.228851598808776,"1/29"
20,"NusA",29,"KEGG","map03018",1,29,17,2712,5.50101419878296,0.167488156990614,0.230099306638324,"1/29"
20,"NusA",29,"KEGG","map01200",2,29,70,2712,2.67192118226601,0.171099484423369,0.230099306638324,"2/29"
20,"NusA",29,"KEGG","map02025",1,29,20,2712,4.67586206896552,0.194084914914692,0.249787055555922,"1/29"
20,"NusA",29,"KEGG","map00680",1,29,21,2712,4.45320197044335,0.202766763899638,0.249787055555922,"1/29"
20,"NusA",29,"KEGG","map03430",1,29,22,2712,4.25078369905956,0.211358277778088,0.249787055555922,"1/29"
20,"NusA",29,"KEGG","map03440",1,29,22,2712,4.25078369905956,0.211358277778088,0.249787055555922,"1/29"
20,"NusA",29,"KEGG","map00620",1,29,24,2712,3.89655172413793,0.228273918285501,0.261843612151016,"1/29"
20,"NusA",29,"KEGG","map00010",1,29,28,2712,3.33990147783251,0.261060490386631,0.290895975002247,"1/29"
20,"NusA",29,"KEGG","map02024",1,29,37,2712,2.52749301025163,0.329986965688954,0.35548042371615,"1/29"
20,"NusA",29,"KEGG","map00240",1,29,38,2712,2.46098003629764,0.337250658397373,0.35548042371615,"1/29"
20,"NusA",29,"KEGG","map01120",2,29,122,2712,1.53306953080837,0.377759428255935,0.387700465841617,"2/29"
21,"NtcA",20,"COG","M",5,20,147,2712,4.61224489795918,0.00349420454468576,0.0244594318128003,"5/20"
21,"NtcA",20,"COG","P",4,20,163,2712,3.32760736196319,0.0285908483875289,0.100067969356351,"4/20"
21,"NtcA",20,"COG","T",3,20,117,2712,3.47692307692308,0.0522252783672933,0.121858982857018,"3/20"
21,"NtcA",20,"COG","E",3,20,138,2712,2.94782608695652,0.0779797246074254,0.136464518062994,"3/20"
21,"NtcA",20,"COG","K",2,20,113,2712,2.4,0.201585993744945,0.282220391242923,"2/20"
21,"NtcA",20,"COG","G",1,20,82,2712,1.65365853658537,0.460032064130068,0.536704074818413,"1/20"
21,"NtcA",20,"COG","S",2,20,569,2712,0.476625659050967,0.943787246943623,0.943787246943623,"2/20"
21,"NtcA",20,"KEGG","map00471",1,20,3,2712,45.2,0.0219691821456721,0.251769585904254,"1/20"
21,"NtcA",20,"KEGG","map00051",1,20,12,2712,11.3,0.085158834773886,0.251769585904254,"1/20"
21,"NtcA",20,"KEGG","map00561",1,20,12,2712,11.3,0.085158834773886,0.251769585904254,"1/20"
21,"NtcA",20,"KEGG","map02010",2,20,70,2712,3.87428571428571,0.0925886207877708,0.251769585904254,"2/20"
21,"NtcA",20,"KEGG","map00550",1,20,16,2712,8.475,0.11198028156242,0.251769585904254,"1/20"
21,"NtcA",20,"KEGG","map00710",1,20,16,2712,8.475,0.11198028156242,0.251769585904254,"1/20"
21,"NtcA",20,"KEGG","map01130",3,20,166,2712,2.45060240963855,0.119540637469849,0.251769585904254,"3/20"
21,"NtcA",20,"KEGG","map00030",1,20,18,2712,7.53333333333333,0.125109204525948,0.251769585904254,"1/20"
21,"NtcA",20,"KEGG","map00330",1,20,19,2712,7.13684210526316,0.131604310654189,0.251769585904254,"1/20"
21,"NtcA",20,"KEGG","map00400",1,20,20,2712,6.78,0.13805359167421,0.251769585904254,"1/20"
21,"NtcA",20,"KEGG","map00680",1,20,21,2712,6.45714285714286,0.14445735399461,0.251769585904254,"1/20"
21,"NtcA",20,"KEGG","map01230",2,20,94,2712,2.88510638297872,0.151061751542552,0.251769585904254,"2/20"
21,"NtcA",20,"KEGG","map00010",1,20,28,2712,4.84285714285714,0.188034501363,0.285846402437476,"1/20"
21,"NtcA",20,"KEGG","map00520",1,20,30,2712,4.52,0.200092481706233,0.285846402437476,"1/20"
21,"NtcA",20,"KEGG","map02024",1,20,37,2712,3.66486486486487,0.240969666800452,0.303458987487642,"1/20"
21,"NtcA",20,"KEGG","map01100",6,20,580,2712,1.40275862068966,0.242767189990114,0.303458987487642,"6/20"
21,"NtcA",20,"KEGG","map01110",3,20,249,2712,1.63373493975904,0.276447950693508,0.325232883168833,"3/20"
21,"NtcA",20,"KEGG","map01200",1,20,70,2712,1.93714285714286,0.408366878530033,0.453740976144481,"1/20"
21,"NtcA",20,"KEGG","map01120",1,20,122,2712,1.11147540983607,0.603026696052656,0.634764943213322,"1/20"
24,"Fur",47,"COG","H",6,47,173,2712,2.0012298610257,0.0752914901475152,0.676066621165893,"6/47"
24,"Fur",47,"COG","P",5,47,163,2712,1.77000391593787,0.148643241113942,0.676066621165893,"5/47"
24,"Fur",47,"COG","G",3,47,82,2712,2.11105345096004,0.168095338058172,0.676066621165893,"3/47"
24,"Fur",47,"COG","S",13,47,569,2712,1.31832629099204,0.169016655291473,0.676066621165893,"13/47"
24,"Fur",47,"COG","N",1,47,24,2712,2.40425531914894,0.343859833384987,0.938653070272184,"1/47"
24,"Fur",47,"COG","F",2,47,98,2712,1.17759444203213,0.512081775306004,0.938653070272184,"2/47"
24,"Fur",47,"COG","Q",1,47,45,2712,1.2822695035461,0.547611488131066,0.938653070272184,"1/47"
24,"Fur",47,"COG","J",3,47,166,2712,1.04280953601641,0.556841465298029,0.938653070272184,"3/47"
24,"Fur",47,"COG","K",2,47,113,2712,1.02127659574468,0.590497028141951,0.938653070272184,"2/47"
24,"Fur",47,"COG","U",1,47,54,2712,1.06855791962175,0.614600932017025,0.938653070272184,"1/47"
24,"Fur",47,"COG","E",2,47,138,2712,0.836262719703978,0.700266369470818,0.938653070272184,"2/47"
24,"Fur",47,"COG","M",2,47,147,2712,0.785062961354755,0.733532978911207,0.938653070272184,"2/47"
24,"Fur",47,"COG","O",1,47,100,2712,0.577021276595745,0.83157047845636,0.938653070272184,"1/47"
24,"Fur",47,"COG","L",1,47,114,2712,0.506159014557671,0.869461457786605,0.938653070272184,"1/47"
24,"Fur",47,"COG","C",2,47,204,2712,0.565707133917397,0.879987253380172,0.938653070272184,"2/47"
24,"Fur",47,"KEGG","map00250",3,47,17,2712,10.1827284105131,0.00279854173502116,0.103546044195783,"3/47"
24,"Fur",47,"KEGG","map01100",17,47,580,2712,1.69126925898753,0.0136567740291502,0.160306047197644,"17/47"
24,"Fur",47,"KEGG","map00230",4,47,57,2712,4.04927211646137,0.0159852693398167,0.160306047197644,"4/47"
24,"Fur",47,"KEGG","map00600",1,47,1,2712,57.7021276595745,0.0173303834808264,0.160306047197644,"1/47"
24,"Fur",47,"KEGG","map00130",2,47,17,2712,6.78848560700876,0.0338877079411508,0.181652592029196,"2/47"
24,"Fur",47,"KEGG","map04931",1,47,2,2712,28.8510638297872,0.0343667066001182,0.181652592029196,"1/47"
24,"Fur",47,"KEGG","map00511",1,47,2,2712,28.8510638297872,0.0343667066001182,0.181652592029196,"1/47"
24,"Fur",47,"KEGG","map03020",1,47,3,2712,19.2340425531915,0.0511138522790096,0.236401566790419,"1/47"
24,"Fur",47,"KEGG","map01110",8,47,249,2712,1.85388361958472,0.060967750208245,0.250033509279023,"8/47"
24,"Fur",47,"KEGG","map00785",1,47,4,2712,14.4255319148936,0.0675766241294656,0.250033509279023,"1/47"
24,"Fur",47,"KEGG","map00460",1,47,6,2712,9.61702127659574,0.0996678717836181,0.335246477817625,"1/47"
24,"Fur",47,"KEGG","map01502",1,47,7,2712,8.24316109422492,0.115305569502085,0.355525505964761,"1/47"
24,"Fur",47,"KEGG","map00240",2,47,38,2712,3.03695408734602,0.139622652105617,0.385295820558023,"2/47"
24,"Fur",47,"KEGG","map00906",1,47,9,2712,6.4113475177305,0.145787607778712,0.385295820558023,"1/47"
24,"Fur",47,"KEGG","map00300",1,47,11,2712,5.24564796905222,0.175240981252153,0.432261087088645,"1/47"
24,"Fur",47,"KEGG","map03060",1,47,14,2712,4.12158054711246,0.217566334176227,0.443809453790367,"1/47"
24,"Fur",47,"KEGG","map03030",1,47,16,2712,3.6063829787234,0.244594333123359,0.443809453790367,"1/47"
24,"Fur",47,"KEGG","map00760",1,47,16,2712,3.6063829787234,0.244594333123359,0.443809453790367,"1/47"
24,"Fur",47,"KEGG","map00550",1,47,16,2712,3.6063829787234,0.244594333123359,0.443809453790367,"1/47"
24,"Fur",47,"KEGG","map00480",1,47,17,2712,3.39424280350438,0.257763497197247,0.443809453790367,"1/47"
24,"Fur",47,"KEGG","map00030",1,47,18,2712,3.20567375886525,0.270707881476182,0.443809453790367,"1/47"
24,"Fur",47,"KEGG","map00500",1,47,20,2712,2.88510638297872,0.295937267997412,0.443809453790367,"1/47"
24,"Fur",47,"KEGG","map00680",1,47,21,2712,2.74772036474164,0.308229596527918,0.443809453790367,"1/47"
24,"Fur",47,"KEGG","map03430",1,47,22,2712,2.62282398452611,0.320311799784398,0.443809453790367,"1/47"
24,"Fur",47,"KEGG","map03440",1,47,22,2712,2.62282398452611,0.320311799784398,0.443809453790367,"1/47"
24,"Fur",47,"KEGG","map00910",1,47,22,2712,2.62282398452611,0.320311799784398,0.443809453790367,"1/47"
24,"Fur",47,"KEGG","map01130",4,47,166,2712,1.39041271468854,0.323860952765944,0.443809453790367,"4/47"
24,"Fur",47,"KEGG","map01120",3,47,122,2712,1.41890477851413,0.355065300479726,0.467742268383634,"3/47"
24,"Fur",47,"KEGG","map00970",1,47,26,2712,2.21931260229133,0.366608804949334,0.467742268383634,"1/47"
24,"Fur",47,"KEGG","map00630",1,47,28,2712,2.06079027355623,0.388585259446844,0.479255153317775,"1/47"
24,"Fur",47,"KEGG","map00520",1,47,30,2712,1.92340425531915,0.409814878976542,0.489133887810711,"1/47"
24,"Fur",47,"KEGG","map00270",1,47,33,2712,1.74854932301741,0.440313122892654,0.509112048344631,"1/47"
24,"Fur",47,"KEGG","map02024",1,47,37,2712,1.55951696377228,0.478588716443708,0.536599469952036,"1/47"
24,"Fur",47,"KEGG","map01200",1,47,70,2712,0.824316109422492,0.710541269955263,0.751143628238421,"1/47"
24,"Fur",47,"KEGG","map02010",1,47,70,2712,0.824316109422492,0.710541269955263,0.751143628238421,"1/47"
24,"Fur",47,"KEGG","map01230",1,47,94,2712,0.613852421910367,0.812211427205772,0.834772855739265,"1/47"
25,"RbcR, PlmA, Crp",24,"COG","K",3,24,113,2712,3,0.0754837340763847,0.585100571274088,"3/24"
25,"RbcR, PlmA, Crp",24,"COG","O",2,24,100,2712,2.26,0.220918296556007,0.585100571274088,"2/24"
25,"RbcR, PlmA, Crp",24,"COG","L",2,24,114,2712,1.98245614035088,0.267453479100688,0.585100571274088,"2/24"
25,"RbcR, PlmA, Crp",24,"COG","C",3,24,204,2712,1.66176470588235,0.268233845368851,0.585100571274088,"3/24"
25,"RbcR, PlmA, Crp",24,"COG","E",2,24,138,2712,1.63768115942029,0.34735311911623,0.585100571274088,"2/24"
25,"RbcR, PlmA, Crp",24,"COG","M",2,24,147,2712,1.53741496598639,0.376825860637402,0.585100571274088,"2/24"
25,"RbcR, PlmA, Crp",24,"COG","I",1,24,55,2712,2.05454545454545,0.389726399564382,0.585100571274088,"1/24"
25,"RbcR, PlmA, Crp",24,"COG","S",6,24,569,2712,1.19156414762742,0.390067047516059,0.585100571274088,"6/24"
25,"RbcR, PlmA, Crp",24,"COG","G",1,24,82,2712,1.3780487804878,0.522911068910343,0.697214758547123,"1/24"
25,"RbcR, PlmA, Crp",24,"COG","T",1,24,117,2712,0.965811965811966,0.654586227012444,0.785503472414932,"1/24"
25,"RbcR, PlmA, Crp",24,"COG","J",1,24,166,2712,0.680722891566265,0.781852569368445,0.795862526502704,"1/24"
25,"RbcR, PlmA, Crp",24,"COG","H",1,24,173,2712,0.653179190751445,0.795862526502704,0.795862526502704,"1/24"
25,"RbcR, PlmA, Crp",24,"KEGG","map00290",2,24,12,2712,18.8333333333333,0.00469395710290777,0.10485056374122,"2/24"
25,"RbcR, PlmA, Crp",24,"KEGG","map00770",2,24,13,2712,17.3846153846154,0.00551750431771639,0.10485056374122,"2/24"
25,"RbcR, PlmA, Crp",24,"KEGG","map01130",5,24,166,2712,3.40361445783133,0.0132807801202599,0.10485056374122,"5/24"
25,"RbcR, PlmA, Crp",24,"KEGG","map01210",2,24,21,2712,10.7619047619048,0.0142274311367383,0.10485056374122,"2/24"
25,"RbcR, PlmA, Crp",24,"KEGG","map00680",2,24,21,2712,10.7619047619048,0.0142274311367383,0.10485056374122,"2/24"
25,"RbcR, PlmA, Crp",24,"KEGG","map00626",1,24,2,2712,56.5,0.0176240358030048,0.10485056374122,"1/24"
25,"RbcR, PlmA, Crp",24,"KEGG","map00830",1,24,2,2712,56.5,0.0176240358030048,0.10485056374122,"1/24"
25,"RbcR, PlmA, Crp",24,"KEGG","map01055",1,24,3,2712,37.6666666666667,0.0263240443420193,0.10485056374122,"1/24"
25,"RbcR, PlmA, Crp",24,"KEGG","map00471",1,24,3,2712,37.6666666666667,0.0263240443420193,0.10485056374122,"1/24"
25,"RbcR, PlmA, Crp",24,"KEGG","map00332",1,24,3,2712,37.6666666666667,0.0263240443420193,0.10485056374122,"1/24"
25,"RbcR, PlmA, Crp",24,"KEGG","map00071",1,24,4,2712,28.25,0.0349501879137402,0.10485056374122,"1/24"
25,"RbcR, PlmA, Crp",24,"KEGG","map00625",1,24,4,2712,28.25,0.0349501879137402,0.10485056374122,"1/24"
25,"RbcR, PlmA, Crp",24,"KEGG","map01220",1,24,4,2712,28.25,0.0349501879137402,0.10485056374122,"1/24"
25,"RbcR, PlmA, Crp",24,"KEGG","map00525",1,24,4,2712,28.25,0.0349501879137402,0.10485056374122,"1/24"
25,"RbcR, PlmA, Crp",24,"KEGG","map00660",1,24,5,2712,22.6,0.0435030666028351,0.11423414516667,"1/24"
25,"RbcR, PlmA, Crp",24,"KEGG","map01230",3,24,94,2712,3.6063829787234,0.0482011546144513,0.11423414516667,"3/24"
25,"RbcR, PlmA, Crp",24,"KEGG","map00650",1,24,6,2712,18.8333333333333,0.0519832758387169,0.11423414516667,"1/24"
25,"RbcR, PlmA, Crp",24,"KEGG","map00280",1,24,6,2712,18.8333333333333,0.0519832758387169,0.11423414516667,"1/24"
25,"RbcR, PlmA, Crp",24,"KEGG","map00523",1,24,7,2712,16.1428571428571,0.0603914064299479,0.11423414516667,"1/24"
25,"RbcR, PlmA, Crp",24,"KEGG","map00052",1,24,7,2712,16.1428571428571,0.0603914064299479,0.11423414516667,"1/24"
25,"RbcR, PlmA, Crp",24,"KEGG","map00350",1,24,7,2712,16.1428571428571,0.0603914064299479,0.11423414516667,"1/24"
25,"RbcR, PlmA, Crp",24,"KEGG","map05204",1,24,7,2712,16.1428571428571,0.0603914064299479,0.11423414516667,"1/24"
25,"RbcR, PlmA, Crp",24,"KEGG","map01110",5,24,249,2712,2.26907630522088,0.0625567937817476,0.11423414516667,"5/24"
25,"RbcR, PlmA, Crp",24,"KEGG","map00564",1,24,8,2712,14.125,0.0687280445984065,0.115463114925323,"1/24"
25,"RbcR, PlmA, Crp",24,"KEGG","map00980",1,24,8,2712,14.125,0.0687280445984065,0.115463114925323,"1/24"
25,"RbcR, PlmA, Crp",24,"KEGG","map00982",1,24,10,2712,11.3,0.0851891658244175,0.137613267870213,"1/24"
25,"RbcR, PlmA, Crp",24,"KEGG","map00195",2,24,59,2712,3.83050847457627,0.0946364934961527,0.147212323216238,"2/24"
25,"RbcR, PlmA, Crp",24,"KEGG","map00561",1,24,12,2712,9.41666666666667,0.10137123884131,0.152056858261965,"1/24"
25,"RbcR, PlmA, Crp",24,"KEGG","map00521",1,24,13,2712,8.69230769230769,0.109359050051609,0.158382072488538,"1/24"
25,"RbcR, PlmA, Crp",24,"KEGG","map01200",2,24,70,2712,3.22857142857143,0.12604496578169,0.176462952094366,"2/24"
25,"RbcR, PlmA, Crp",24,"KEGG","map00550",1,24,16,2712,7.0625,0.132916282395726,0.180080124536145,"1/24"
25,"RbcR, PlmA, Crp",24,"KEGG","map00330",1,24,19,2712,5.94736842105263,0.155875733429253,0.204586900125894,"1/24"
25,"RbcR, PlmA, Crp",24,"KEGG","map03430",1,24,22,2712,5.13636363636364,0.178251928804483,0.226866091205706,"1/24"
25,"RbcR, PlmA, Crp",24,"KEGG","map00620",1,24,24,2712,4.70833333333333,0.192852381718123,0.238229412710622,"1/24"
25,"RbcR, PlmA, Crp",24,"KEGG","map00970",1,24,26,2712,4.34615384615385,0.207204044836265,0.248644853803518,"1/24"
25,"RbcR, PlmA, Crp",24,"KEGG","map00010",1,24,28,2712,4.03571428571429,0.221310976194844,0.258196138893985,"1/24"
25,"RbcR, PlmA, Crp",24,"KEGG","map00520",1,24,30,2712,3.76666666666667,0.235177170600503,0.264518632663884,"1/24"
25,"RbcR, PlmA, Crp",24,"KEGG","map01100",7,24,580,2712,1.36379310344828,0.23932638193399,0.264518632663884,"7/24"
25,"RbcR, PlmA, Crp",24,"KEGG","map00270",1,24,33,2712,3.42424242424242,0.255533665997302,0.275190101843248,"1/24"
25,"RbcR, PlmA, Crp",24,"KEGG","map01120",2,24,122,2712,1.85245901639344,0.294187394997953,0.308896764747851,"2/24"
25,"RbcR, PlmA, Crp",24,"KEGG","map02020",1,24,55,2712,2.05454545454545,0.389726399564382,0.399231921504977,"1/24"
29,"ManR, SigA3",34,"COG","F",5,34,98,2712,4.06962785114046,0.00672853480735368,0.107656556917659,"5/34"
29,"ManR, SigA3",34,"COG","E",4,34,138,2712,2.31202046035806,0.0913345982017858,0.665878037293365,"4/34"
29,"ManR, SigA3",34,"COG","J",4,34,166,2712,1.92204110559887,0.15104099156652,0.665878037293365,"4/34"
29,"ManR, SigA3",34,"COG","K",3,34,113,2712,2.11764705882353,0.166469509323341,0.665878037293365,"3/34"
29,"ManR, SigA3",34,"COG","V",1,34,31,2712,2.573055028463,0.325169167518443,0.956982217503569,"1/34"
29,"ManR, SigA3",34,"COG","O",2,34,100,2712,1.59529411764706,0.358868331563838,0.956982217503569,"2/34"
29,"ManR, SigA3",34,"COG","I",1,34,55,2712,1.45026737967914,0.503878217356209,0.976909746334391,"1/34"
29,"ManR, SigA3",34,"COG","P",2,34,163,2712,0.978708047636232,0.615897053811431,0.976909746334391,"2/34"
29,"ManR, SigA3",34,"COG","H",2,34,173,2712,0.922135328119687,0.649097876186948,0.976909746334391,"2/34"
29,"ManR, SigA3",34,"COG","G",1,34,82,2712,0.97274031563845,0.650198645011662,0.976909746334391,"1/34"
29,"ManR, SigA3",34,"COG","L",1,34,114,2712,0.69969040247678,0.769905551587557,0.976909746334391,"1/34"
29,"ManR, SigA3",34,"COG","T",1,34,117,2712,0.681749622926094,0.778824963135083,0.976909746334391,"1/34"
29,"ManR, SigA3",34,"COG","M",1,34,147,2712,0.542617046818727,0.851430845669388,0.976909746334391,"1/34"
29,"ManR, SigA3",34,"COG","S",5,34,569,2712,0.700920086839657,0.87087775074289,0.976909746334391,"5/34"
29,"ManR, SigA3",34,"COG","C",1,34,204,2712,0.391003460207612,0.9311480555787,0.976909746334391,"1/34"
29,"ManR, SigA3",34,"KEGG","map00562",1,34,4,2712,19.9411764705882,0.0492390396854334,0.437501974376994,"1/34"
29,"ManR, SigA3",34,"KEGG","map02010",3,34,70,2712,3.41848739495798,0.0557095647183473,0.437501974376994,"3/34"
29,"ManR, SigA3",34,"KEGG","map04070",1,34,5,2712,15.9529411764706,0.0611762157011999,0.437501974376994,"1/34"
29,"ManR, SigA3",34,"KEGG","map02024",2,34,37,2712,4.31160572337043,0.0773473767389457,0.437501974376994,"2/34"
29,"ManR, SigA3",34,"KEGG","map00240",2,34,38,2712,4.19814241486068,0.0810188841438879,0.437501974376994,"2/34"
29,"ManR, SigA3",34,"KEGG","map00300",1,34,11,2712,7.25133689839572,0.129802864422296,0.438114821520828,"1/34"
29,"ManR, SigA3",34,"KEGG","map02026",1,34,12,2712,6.64705882352941,0.140756845395877,0.438114821520828,"1/34"
29,"ManR, SigA3",34,"KEGG","map00521",1,34,13,2712,6.13574660633484,0.151576944379781,0.438114821520828,"1/34"
29,"ManR, SigA3",34,"KEGG","map00670",1,34,13,2712,6.13574660633484,0.151576944379781,0.438114821520828,"1/34"
29,"ManR, SigA3",34,"KEGG","map05111",1,34,14,2712,5.69747899159664,0.162264748711418,0.438114821520828,"1/34"
29,"ManR, SigA3",34,"KEGG","map00250",1,34,17,2712,4.69204152249135,0.19354999480447,0.473770538228184,"1/34"
29,"ManR, SigA3",34,"KEGG","map00790",1,34,21,2712,3.79831932773109,0.2335046856969,0.473770538228184,"1/34"
29,"ManR, SigA3",34,"KEGG","map03440",1,34,22,2712,3.62566844919786,0.243189130396381,0.473770538228184,"1/34"
29,"ManR, SigA3",34,"KEGG","map00620",1,34,24,2712,3.32352941176471,0.262203017253765,0.473770538228184,"1/34"
29,"ManR, SigA3",34,"KEGG","map00260",1,34,25,2712,3.19058823529412,0.271535270755763,0.473770538228184,"1/34"
29,"ManR, SigA3",34,"KEGG","map00970",1,34,26,2712,3.06787330316742,0.280752911542628,0.473770538228184,"1/34"
29,"ManR, SigA3",34,"KEGG","map00630",1,34,28,2712,2.84873949579832,0.298849801018133,0.474643801617035,"1/34"
29,"ManR, SigA3",34,"KEGG","map00270",1,34,33,2712,2.41711229946524,0.342179974735259,0.491567473150191,"1/34"
29,"ManR, SigA3",34,"KEGG","map01130",3,34,166,2712,1.44153082919915,0.34591785147606,0.491567473150191,"3/34"
29,"ManR, SigA3",34,"KEGG","map01100",8,34,580,2712,1.10020283975659,0.446164205957263,0.587662778949782,"8/34"
29,"ManR, SigA3",34,"KEGG","map01120",2,34,122,2712,1.3076181292189,0.457071050294275,0.587662778949782,"2/34"
29,"ManR, SigA3",34,"KEGG","map02020",1,34,55,2712,1.45026737967914,0.503878217356209,0.606321944094527,"1/34"
29,"ManR, SigA3",34,"KEGG","map00230",1,34,57,2712,1.39938080495356,0.516496470895338,0.606321944094527,"1/34"
29,"ManR, SigA3",34,"KEGG","map01200",1,34,70,2712,1.13949579831933,0.591242198412677,0.665147473214261,"1/34"
29,"ManR, SigA3",34,"KEGG","map01110",3,34,249,2712,0.961020552799433,0.61660209080663,0.665930258071161,"3/34"
29,"ManR, SigA3",34,"KEGG","map01230",1,34,94,2712,0.848560700876095,0.700866121109613,0.727822510383059,"1/34"
