"network","seed","locus_tag","degree","kcore","betweenness","eigenvector","stress","degree_norm","kcore_norm","betweenness_norm","eigenvector_norm","stress_norm","IC","IC_rank"
"s7942",1,"SYNPCC7942_RS03160",384,4,2664.33333333,1,2941,1,0.8,0.868709922833,1,0.834562996595,4.50327291943,1
"s7942",1,"SYNPCC7942_RS10700",254,4,3067,0.712929682279,3524,0.661458333333,0.8,1,0.712929682279,1,4.17438801561,2
"s7942",1,"SYNPCC7942_RS00455",202,4,2494.33333333,0.360085081583,2854,0.526041666667,0.8,0.81328116509,0.360085081583,0.809875141884,3.30928305522,3
"s7942",1,"SYNPCC7942_RS09740",176,4,754.5,0.400402358965,974,0.458333333333,0.8,0.246005868927,0.400402358965,0.27639046538,2.1811320266,4
"s7942",1,"SYNPCC7942_RS07435",268,4,164.5,0.349063915367,188,0.697916666667,0.8,0.053635474405,0.349063915367,0.0533484676504,1.95396452409,5
"s7942",1,"SYNPCC7942_RS00645",158,4,640,0.233035374588,764,0.411458333333,0.8,0.208672970329,0.233035374588,0.216799091941,1.86996577019,6
"s7942",1,"SYNPCC7942_RS05870",142,4,546.333333333,0.289492095801,660,0.369791666667,0.8,0.178132811651,0.289492095801,0.187287173666,1.82470374778,7
"s7942",1,"SYNPCC7942_RS03465",126,5,449.333333333,0.0507220933291,548,0.328125,1,0.146505814585,0.0507220933291,0.155505107832,1.68085801575,8
"s7942",1,"SYNPCC7942_RS09065",57,5,654,0.00609764342753,892,0.1484375,1,0.213237691555,0.00609764342753,0.253121452894,1.62089428788,9
"s7942",1,"SYNPCC7942_RS03075",117,5,397.166666667,0.00697805769768,594,0.3046875,1,0.129496793827,0.00697805769768,0.1685584563,1.60972080782,10
"s7942",1,"SYNPCC7942_RS03325",64,4,717.5,0.177371380199,797,0.166666666667,0.8,0.23394196283,0.177371380199,0.226163450624,1.60414346032,11
"s7942",1,"SYNPCC7942_RS09380",98,5,243.5,0.00319236193773,428,0.255208333333,1,0.07939354418,0.00319236193773,0.121452894438,1.45924713389,12
"s7942",1,"SYNPCC7942_RS02830",98,5,181,0.00398941368488,264,0.255208333333,1,0.0590153244213,0.00398941368488,0.0749148694665,1.39312794091,13
"s7942",1,"SYNPCC7942_RS07185",136,3,275,0.0547810293954,276,0.354166666667,0.6,0.0896641669384,0.0547810293954,0.0783200908059,1.17693195381,14
"s7942",1,"SYNPCC7942_RS00380",48,4,147,0.142636206793,153,0.125,0.8,0.0479295728725,0.142636206793,0.0434165720772,1.15898235174,15
"s7942",1,"SYNPCC7942_RS12560",133,3,237,0.00831947613659,237,0.346354166667,0.6,0.0772742093251,0.00831947613659,0.0672531214529,1.09920097358,16
"s7942",1,"SYNPCC7942_RS06370",44,4,80,0.0629394949991,103,0.114583333333,0.8,0.0260841212912,0.0629394949991,0.0292281498297,1.03283509945,17
"s7942",1,"SYNPCC7942_RS09760",46,3,252,0.000443797888023,254,0.119791666667,0.6,0.0821649820672,0.000443797888023,0.072077185017,0.874477631639,18
"s7942",1,"SYNPCC7942_RS02895",53,3,100.5,0.0461262547382,114,0.138020833333,0.6,0.032768177372,0.0461262547382,0.0323496027242,0.849264868167,19
"s7942",1,"SYNPCC7942_RS09620",43,3,207,0.00925864589538,207,0.111979166667,0.6,0.0674926638409,0.00925864589538,0.0587400681044,0.847470544508,20
"s7942",1,"SYNPCC7942_RS03955",44,3,206,0.000679457715484,206,0.114583333333,0.6,0.0671666123247,0.000679457715484,0.0584562996595,0.840885703033,21
"s7942",1,"SYNPCC7942_RS08885",88,3,0,0.00666546086774,0,0.229166666667,0.6,0,0.00666546086774,0,0.835832127535,22
"s7942",1,"SYNPCC7942_RS10340",26,3,228,0.000920450449521,228,0.0677083333333,0.6,0.0743397456798,0.000920450449521,0.0646992054484,0.807667734911,23
"s7942",1,"SYNPCC7942_RS09160",42,3,116,0.000474851536275,118,0.109375,0.6,0.0378219758722,0.000474851536275,0.033484676504,0.781156503912,24
"s7942",1,"SYNPCC7942_RS10040",18,3,210,0.000365829994079,212,0.046875,0.6,0.0684708183893,0.000365829994079,0.0601589103292,0.775870558713,25
"s7942",1,"SYNPCC7942_RS13165",34,3,138.5,8.45000139076e-05,139,0.0885416666667,0.6,0.0451581349853,8.45000139076e-05,0.0394438138479,0.773228115514,26
"s7942",1,"SYNPCC7942_RS08820",17,3,179,0.000295438714518,180,0.0442708333333,0.6,0.058363221389,0.000295438714518,0.0510783200908,0.754007813528,27
"s7942",1,"SYNPCC7942_RS08405",26,3,130,0.000826117067272,132,0.0677083333333,0.6,0.0423866970981,0.000826117067272,0.0374574347333,0.748378582232,28
"s7942",1,"SYNPCC7942_RS09435",39,3,48,0.00434324341711,48,0.1015625,0.6,0.0156504727747,0.00434324341711,0.0136208853575,0.735177101549,29
"s7942",1,"SYNPCC7942_RS03440",34,3,28,0.00264436879594,28,0.0885416666667,0.6,0.00912944245191,0.00264436879594,0.00794551645857,0.708260994373,30
"s7942",1,"SYNPCC7942_RS11465",33,3,27.5,0.0047690270152,28,0.0859375,0.6,0.00896641669384,0.0047690270152,0.00794551645857,0.707618460168,31
"s7942",1,"SYNPCC7942_RS12275",33,3,16,0.0058417415465,16,0.0859375,0.6,0.00521682425823,0.0058417415465,0.00454029511918,0.701536360924,32
"s7942",1,"SYNPCC7942_RS10165",16,3,55,0.0217619107609,55,0.0416666666667,0.6,0.0179328333877,0.0217619107609,0.0156072644722,0.696968675288,33
"s7942",1,"SYNPCC7942_RS04225",13,3,103,2.37038171273e-05,103,0.0338541666667,0.6,0.0335833061624,2.37038171273e-05,0.0292281498297,0.696689326476,34
"s7942",1,"SYNPCC7942_RS06700",13,3,102,2.57105857852e-05,102,0.0338541666667,0.6,0.0332572546462,2.57105857852e-05,0.0289443813848,0.696081513283,35
"s7942",1,"SYNPCC7942_RS00765",28,3,25,0.000537403848045,25,0.0729166666667,0.6,0.00815128790349,0.000537403848045,0.00709421112372,0.688699569542,36
"s7942",1,"SYNPCC7942_RS03960",9,3,95,0.000586457072446,95,0.0234375,0.6,0.0309748940333,0.000586457072446,0.0269580022701,0.681956853376,37
"s7942",1,"SYNPCC7942_RS07805",19,3,31,9.63561373059e-05,32,0.0494791666667,0.6,0.0101075970003,9.63561373059e-05,0.00908059023837,0.668763710043,38
"s7942",1,"SYNPCC7942_RS05640",22,3,0,0.0100774998603,0,0.0572916666667,0.6,0,0.0100774998603,0,0.667369166527,39
"s7942",1,"SYNPCC7942_RS00480",20,3,0,0.00775530849873,0,0.0520833333333,0.6,0,0.00775530849873,0,0.659838641832,40
"s7942",1,"SYNPCC7942_RS05070",21,3,0,0.00297310142456,0,0.0546875,0.6,0,0.00297310142456,0,0.657660601425,41
"s7942",1,"SYNPCC7942_RS10350",17,3,0,0.0108641431815,0,0.0442708333333,0.6,0,0.0108641431815,0,0.655134976515,42
"s7942",1,"SYNPCC7942_RS03530",16,3,19,0.0008266383113,20,0.0416666666667,0.6,0.00619497880665,0.0008266383113,0.00567536889898,0.654363652684,43
"s7942",1,"SYNPCC7942_RS08780",17,3,13,7.46398214027e-06,15,0.0442708333333,0.6,0.00423866970981,7.46398214027e-06,0.00425652667423,0.652773493699,44
"s7942",1,"SYNPCC7942_RS09935",10,3,35,0.000270667122097,42,0.0260416666667,0.6,0.0114118030649,0.000270667122097,0.0119182746879,0.649642411542,45
"s7942",1,"SYNPCC7942_RS00560",14,3,0,0.00626516910576,0,0.0364583333333,0.6,0,0.00626516910576,0,0.642723502439,46
"s7942",1,"SYNPCC7942_RS08645",14,3,7.5,0.000953186391333,8,0.0364583333333,0.6,0.00244538637105,0.000953186391333,0.00227014755959,0.642127053655,47
"s7942",1,"SYNPCC7942_RS13695",8,3,30,0.00196812366818,30,0.0208333333333,0.6,0.00978154548419,0.00196812366818,0.00851305334847,0.641096055834,48
"s7942",1,"SYNPCC7942_RS09990",4,3,31,0.000176462691847,31,0.0104166666667,0.6,0.0101075970003,0.000176462691847,0.00879682179342,0.629497548152,49
"s7942",1,"SYNPCC7942_RS07720",9,3,6,0.000127223411091,6,0.0234375,0.6,0.00195630909684,0.000127223411091,0.00170261066969,0.627223643178,50
"s7942",1,"SYNPCC7942_RS05230",8,3,5,0.000947993799676,5,0.0208333333333,0.6,0.0016302575807,0.000947993799676,0.00141884222474,0.624830426938,51
"s7942",1,"SYNPCC7942_RS03260",45,2,0,0.00571352211811,0,0.1171875,0.4,0,0.00571352211811,0,0.522901022118,52
"s7942",1,"SYNPCC7942_RS10170",25,2,63,0.00257944393538,63,0.0651041666667,0.4,0.0205412455168,0.00257944393538,0.0178774120318,0.506102268151,53
"s7942",1,"SYNPCC7942_RS09500",28,2,47.5,5.70049651267e-06,49,0.0729166666667,0.4,0.0154874470166,5.70049651267e-06,0.0139046538025,0.502314467982,54
"s7942",1,"SYNPCC7942_RS08850",16,2,22,0.000165203264912,22,0.0416666666667,0.4,0.00717313335507,0.000165203264912,0.00624290578888,0.455247909076,55
"s7942",1,"SYNPCC7942_RS11970",20,2,0,4.80979833441e-05,0,0.0520833333333,0.4,0,4.80979833441e-05,0,0.452131431317,56
"s7942",1,"SYNPCC7942_RS07940",8,2,30,0.000284619282123,40,0.0208333333333,0.4,0.00978154548419,0.000284619282123,0.011350737798,0.442250235898,57
"s7942",1,"SYNPCC7942_RS12285",14,2,0,0.00130446371065,0,0.0364583333333,0.4,0,0.00130446371065,0,0.437762797044,58
"s7942",1,"SYNPCC7942_RS06365",7,2,12,0.0111388276837,12,0.0182291666667,0.4,0.00391261819367,0.0111388276837,0.00340522133939,0.436685833883,59
"s7942",1,"SYNPCC7942_RS05195",3,2,18,0.0162008994217,18,0.0078125,0.4,0.00586892729051,0.0162008994217,0.00510783200908,0.434990158721,60
"s7942",1,"SYNPCC7942_RS11050",13,2,0,8.64985677247e-06,0,0.0338541666667,0.4,0,8.64985677247e-06,0,0.433862816523,61
"s7942",1,"SYNPCC7942_RS12535",12,2,0,3.54734801125e-05,0,0.03125,0.4,0,3.54734801125e-05,0,0.43128547348,62
"s7942",1,"SYNPCC7942_RS11030",6,2,0,3.77682683354e-08,0,0.015625,0.4,0,3.77682683354e-08,0,0.415625037768,63
"s7942",1,"SYNPCC7942_RS11715",4,2,6,0.000194361457174,6,0.0104166666667,0.4,0.00195630909684,0.000194361457174,0.00170261066969,0.41426994789,64
"s7942",1,"SYNPCC7942_RS06230",3,2,0,0.000339052580524,0,0.0078125,0.4,0,0.000339052580524,0,0.408151552581,65
"s7942",1,"SYNPCC7942_RS04835",3,2,0,3.03011118627e-05,0,0.0078125,0.4,0,3.03011118627e-05,0,0.407842801112,66
"s7942",1,"SYNPCC7942_RS08580",8,1,0,4.23580428322e-08,0,0.0208333333333,0.2,0,4.23580428322e-08,0,0.220833375691,67
"s7942",1,"SYNPCC7942_RS10260",6,1,0,0,0,0.015625,0.2,0,0,0,0.215625,68
"s7942",2,"SYNPCC7942_RS03160",377,4,3306.66666667,1,3708,1,1,0.870748299321,1,0.83986409966,4.71061239898,1
"s7942",2,"SYNPCC7942_RS10700",250,4,3797.5,0.714178816487,4415,0.663129973475,1,1,0.714178816487,1,4.37730878996,2
"s7942",2,"SYNPCC7942_RS00455",205,4,3699.5,0.388693348145,4260,0.543766578249,1,0.974193548387,0.388693348145,0.964892412231,3.87154588701,3
"s7942",2,"SYNPCC7942_RS00645",166,4,2116,0.277940308486,2457,0.440318302387,1,0.557208689928,0.277940308486,0.55651189128,2.83197919208,4
"s7942",2,"SYNPCC7942_RS07435",264,4,753.666666667,0.399775433527,904,0.700265251989,1,0.19846390169,0.399775433527,0.204756511891,2.5032610991,5
"s7942",2,"SYNPCC7942_RS09740",173,4,753.166666667,0.39877374188,956,0.458885941645,1,0.19833223612,0.39877374188,0.216534541336,2.27252646098,6
"s7942",2,"SYNPCC7942_RS03325",65,4,1699,0.179006434257,1869,0.172413793103,1,0.447399605003,0.179006434257,0.423329558324,2.22214939069,7
"s7942",2,"SYNPCC7942_RS05870",143,4,497.833333333,0.305340948615,635,0.379310344828,1,0.131095018653,0.305340948615,0.14382785957,1.95957417167,8
"s7942",2,"SYNPCC7942_RS03465",122,4,425.333333333,0.046508196156,516,0.323607427056,1,0.112003511082,0.046508196156,0.116874292186,1.59899342648,9
"s7942",2,"SYNPCC7942_RS03075",117,4,400.333333333,0.00669194727026,593,0.310344827586,1,0.105420232609,0.00669194727026,0.134314835787,1.55677184325,10
"s7942",2,"SYNPCC7942_RS09065",58,4,641.5,0.00616623697158,873,0.153846153846,1,0.168926925609,0.00616623697158,0.197734994337,1.52667431076,11
"s7942",2,"SYNPCC7942_RS09380",95,4,239.833333333,0.00315852827355,423,0.25198938992,1,0.0631555848145,0.00315852827355,0.0958097395243,1.41411324253,12
"s7942",2,"SYNPCC7942_RS02830",96,4,177,0.0042003504849,259,0.254641909814,1,0.0466096115866,0.0042003504849,0.0586636466591,1.36411551854,13
"s7942",2,"SYNPCC7942_RS00380",48,4,168,0.136531243754,197,0.127320954907,1,0.0442396313364,0.136531243754,0.0446206115515,1.35271244155,14
"s7942",2,"SYNPCC7942_RS07185",129,3,264.5,0.0514735051477,265,0.342175066313,0.75,0.0696510862409,0.0514735051477,0.0600226500566,1.27332230776,15
"s7942",2,"SYNPCC7942_RS06370",45,4,98.1666666667,0.0720505282954,120,0.119363395225,1,0.0258503401361,0.0720505282954,0.0271800679502,1.24444433161,16
"s7942",2,"SYNPCC7942_RS02895",60,3,335.5,0.061957593168,435,0.159151193634,0.75,0.0883475971034,0.061957593168,0.0985277463194,1.15798413022,17
"s7942",2,"SYNPCC7942_RS12560",130,3,0,0.0082124089097,0,0.344827586207,0.75,0,0.0082124089097,0,1.10303999512,18
"s7942",2,"SYNPCC7942_RS09760",44,3,301,0.000542721306516,302,0.116710875332,0.75,0.0792626728111,0.000542721306516,0.0684031710079,1.01491944046,19
"s7942",2,"SYNPCC7942_RS09620",47,3,216,0.00915694190479,216,0.124668435013,0.75,0.0568795260039,0.00915694190479,0.0489241223103,0.989629025232,20
"s7942",2,"SYNPCC7942_RS08885",83,3,0,0.00878774468737,0,0.220159151194,0.75,0,0.00878774468737,0,0.978946895881,21
"s7942",2,"SYNPCC7942_RS10340",25,3,296,0.000330568570494,296,0.0663129973475,0.75,0.0779460171165,0.000330568570494,0.0670441676104,0.961633750645,22
"s7942",2,"SYNPCC7942_RS08820",16,3,253,0.00104964359884,253,0.0424403183024,0.75,0.0666227781435,0.00104964359884,0.0573046432616,0.917417383306,23
"s7942",2,"SYNPCC7942_RS09160",53,3,0,0.000536422798881,0,0.140583554377,0.75,0,0.000536422798881,0,0.891119977176,24
"s7942",2,"SYNPCC7942_RS00560",15,3,81,0.0518069892914,81,0.0397877984085,0.75,0.0213298222515,0.0518069892914,0.0183465458664,0.881271155818,25
"s7942",2,"SYNPCC7942_RS10040",18,3,153,0.000237439834946,153,0.0477453580902,0.75,0.0402896642528,0.000237439834946,0.0346545866365,0.872927048814,26
"s7942",2,"SYNPCC7942_RS11465",34,3,25.5,0.0046322084534,26,0.0901856763926,0.75,0.00671494404213,0.0046322084534,0.00588901472254,0.857421843611,27
"s7942",2,"SYNPCC7942_RS03440",33,3,27,0.00218022616554,27,0.0875331564987,0.75,0.00710994075049,0.00218022616554,0.00611551528879,0.852938838704,28
"s7942",2,"SYNPCC7942_RS09435",32,3,29,0.00332192012127,29,0.0848806366048,0.75,0.00763660302831,0.00332192012127,0.00656851642129,0.852407676176,29
"s7942",2,"SYNPCC7942_RS12275",33,3,16,0.00590685193695,16,0.0875331564987,0.75,0.00421329822251,0.00590685193695,0.00362400906002,0.851277315718,30
"s7942",2,"SYNPCC7942_RS10165",15,3,62,0.024266141094,62,0.0397877984085,0.75,0.0163265306122,0.024266141094,0.0140430351076,0.844423505222,31
"s7942",2,"SYNPCC7942_RS08405",26,3,37,0.000611861241751,38,0.0689655172414,0.75,0.00974325213957,0.000611861241751,0.00860702151755,0.83792765214,32
"s7942",2,"SYNPCC7942_RS07805",20,3,50,8.28192462933e-05,50,0.053050397878,0.75,0.0131665569454,8.28192462933e-05,0.0113250283126,0.827624802382,33
"s7942",2,"SYNPCC7942_RS03530",21,3,30.5,0.000656669000013,31,0.0557029177719,0.75,0.00803159973667,0.000656669000013,0.00702151755379,0.821412704062,34
"s7942",2,"SYNPCC7942_RS05640",22,3,0,0.00547508656877,0,0.0583554376658,0.75,0,0.00547508656877,0,0.813830524235,35
"s7942",2,"SYNPCC7942_RS00480",20,3,0,0.00759849407329,0,0.053050397878,0.75,0,0.00759849407329,0,0.810648891951,36
"s7942",2,"SYNPCC7942_RS05070",20,3,0,0.00403002720147,0,0.053050397878,0.75,0,0.00403002720147,0,0.807080425079,37
"s7942",2,"SYNPCC7942_RS08645",17,3,9.5,0.00133575694532,10,0.0450928381963,0.75,0.00250164581962,0.00133575694532,0.00226500566251,0.801195246624,38
"s7942",2,"SYNPCC7942_RS09935",12,3,35,0.000380685379602,42,0.0318302387268,0.75,0.00921658986175,0.000380685379602,0.00951302378256,0.800940537751,39
"s7942",2,"SYNPCC7942_RS03955",42,2,78,0.000788604185471,78,0.111405835544,0.5,0.0205398288348,0.000788604185471,0.0176670441676,0.650401312732,40
"s7942",2,"SYNPCC7942_RS03260",46,2,44,0.00538124778359,44,0.122015915119,0.5,0.0115865701119,0.00538124778359,0.00996602491506,0.64894975793,41
"s7942",2,"SYNPCC7942_RS13165",38,2,70,9.71975735774e-05,70,0.100795755968,0.5,0.0184331797235,9.71975735774e-05,0.0158550396376,0.635181172903,42
"s7942",2,"SYNPCC7942_RS10170",25,2,66,0.00236134313115,66,0.0663129973475,0.5,0.0173798551679,0.00236134313115,0.0149490373726,0.601003233019,43
"s7942",2,"SYNPCC7942_RS06700",14,2,109,3.66340514683e-05,109,0.0371352785146,0.5,0.0287030941409,3.66340514683e-05,0.0246885617214,0.590563568428,44
"s7942",2,"SYNPCC7942_RS04225",18,2,51,2.95978976377e-05,51,0.0477453580902,0.5,0.0134298880843,2.95978976377e-05,0.0115515288788,0.572756372951,45
"s7942",2,"SYNPCC7942_RS06365",9,2,72,0.0114562920059,72,0.0238726790451,0.5,0.0189598420013,0.0114562920059,0.0163080407701,0.570596853822,46
"s7942",2,"SYNPCC7942_RS09500",26,2,0,0.000702570388515,0,0.0689655172414,0.5,0,0.000702570388515,0,0.56966808763,47
"s7942",2,"SYNPCC7942_RS00765",25,2,0,0.000435267815286,0,0.0663129973475,0.5,0,0.000435267815286,0,0.566748265163,48
"s7942",2,"SYNPCC7942_RS03960",11,2,59,0.000608418585499,59,0.0291777188329,0.5,0.0155365371955,0.000608418585499,0.0133635334088,0.558686208023,49
"s7942",2,"SYNPCC7942_RS11970",22,2,0,5.56721e-05,0,0.0583554376658,0.5,0,5.56721e-05,0,0.558411109766,50
"s7942",2,"SYNPCC7942_RS10350",17,2,0,0.0132916175128,0,0.0450928381963,0.5,0,0.0132916175128,0,0.558384455709,51
"s7942",2,"SYNPCC7942_RS05195",6,2,45,0.0163625256215,45,0.0159151193634,0.5,0.0118499012508,0.0163625256215,0.0101925254813,0.554320071717,52
"s7942",2,"SYNPCC7942_RS08850",15,2,22,0.000147545783845,22,0.0397877984085,0.5,0.00579328505596,0.000147545783845,0.00498301245753,0.550711641706,53
"s7942",2,"SYNPCC7942_RS08780",15,2,13,6.47397473919e-06,13,0.0397877984085,0.5,0.00342330480579,6.47397473919e-06,0.00294450736127,0.54616208455,54
"s7942",2,"SYNPCC7942_RS07940",9,2,36,0.001053140809,48,0.0238726790451,0.5,0.00947992100066,0.001053140809,0.0108720271801,0.545277768035,55
"s7942",2,"SYNPCC7942_RS12535",13,2,11,8.7836787201e-05,11,0.0344827586207,0.5,0.00289664252798,8.7836787201e-05,0.00249150622877,0.539958744165,56
"s7942",2,"SYNPCC7942_RS12285",14,2,0,0.00132313415796,0,0.0371352785146,0.5,0,0.00132313415796,0,0.538458412673,57
"s7942",2,"SYNPCC7942_RS11050",13,2,0,8.16892837927e-06,0,0.0344827586207,0.5,0,8.16892837927e-06,0,0.534490927549,58
"s7942",2,"SYNPCC7942_RS05230",9,2,6,0.000246556418213,6,0.0238726790451,0.5,0.00157998683344,0.000246556418213,0.00135900339751,0.527058225694,59
"s7942",2,"SYNPCC7942_RS13695",7,2,10,0.00144131665009,10,0.0185676392573,0.5,0.00263331138907,0.00144131665009,0.00226500566251,0.524907272959,60
"s7942",2,"SYNPCC7942_RS07720",7,2,0,0.000103494585276,0,0.0185676392573,0.5,0,0.000103494585276,0,0.518671133843,61
"s7942",2,"SYNPCC7942_RS09990",4,2,16,7.00254402638e-06,16,0.0106100795756,0.5,0.00421329822251,7.00254402638e-06,0.00362400906002,0.518454389402,62
"s7942",2,"SYNPCC7942_RS11030",5,2,0,1.2908075221e-06,0,0.0132625994695,0.5,0,1.2908075221e-06,0,0.513263890277,63
"s7942",2,"SYNPCC7942_RS06230",3,2,0,0.000335127391085,0,0.0079575596817,0.5,0,0.000335127391085,0,0.508292687073,64
"s7942",2,"SYNPCC7942_RS04835",3,2,0,3.77867338465e-05,0,0.0079575596817,0.5,0,3.77867338465e-05,0,0.507995346416,65
"s7942",2,"SYNPCC7942_RS08580",6,1,0,0,0,0.0159151193634,0.25,0,0,0,0.265915119363,66
"s7942",2,"SYNPCC7942_RS10260",6,1,0,0,0,0.0159151193634,0.25,0,0,0,0.265915119363,67
"s7942",2,"SYNPCC7942_RS11715",3,1,4,0.000188939015425,4,0.0079575596817,0.25,0.00105332455563,0.000188939015425,0.000906002265006,0.260105825518,68
"s7942",3,"SYNPCC7942_RS03160",384,4,3811.16666667,1,4101,1,0.8,1,1,0.997567501824,4.79756750182,1
"s7942",3,"SYNPCC7942_RS10700",248,4,3752.66666667,0.677136388624,4111,0.645833333333,0.8,0.984650369528,0.677136388624,1,4.10762009148,2
"s7942",3,"SYNPCC7942_RS00455",203,4,3705.33333333,0.38332901518,4086,0.528645833333,0.8,0.972230725498,0.38332901518,0.993918754561,3.67812432857,3
"s7942",3,"SYNPCC7942_RS00645",165,4,2035.83333333,0.290517196701,2295,0.4296875,0.8,0.534175886648,0.290517196701,0.558258331306,2.61263891465,4
"s7942",3,"SYNPCC7942_RS07435",271,4,729.333333333,0.425617782237,874,0.705729166667,0.8,0.191367472777,0.425617782237,0.21260034055,2.33531476223,5
"s7942",3,"SYNPCC7942_RS09740",177,4,559,0.363626973712,588,0.4609375,0.8,0.146674246731,0.363626973712,0.143030892727,1.91426961317,6
"s7942",3,"SYNPCC7942_RS05870",143,4,510.666666667,0.336403976298,646,0.372395833333,0.8,0.133992215857,0.336403976298,0.157139382145,1.79993140763,7
"s7942",3,"SYNPCC7942_RS03075",119,5,298.666666667,0.00855164011368,461,0.309895833333,1,0.0783662045743,0.00855164011368,0.112138165896,1.50895184392,8
"s7942",3,"SYNPCC7942_RS09065",56,5,405.5,0.00759180592266,577,0.145833333333,1,0.10639786592,0.00759180592266,0.140355144734,1.40017814991,9
"s7942",3,"SYNPCC7942_RS03465",127,4,353.166666667,0.060206943272,446,0.330729166667,0.8,0.0926662876635,0.060206943272,0.108489418633,1.39209181624,10
"s7942",3,"SYNPCC7942_RS02830",100,5,175.166666667,0.00491898539406,276,0.260416666667,1,0.0459614291337,0.00491898539406,0.0671369496473,1.37843403084,11
"s7942",3,"SYNPCC7942_RS09380",96,5,145.166666667,0.00392362085903,287,0.25,1,0.0380898237636,0.00392362085903,0.0698126976405,1.36182614226,12
"s7942",3,"SYNPCC7942_RS03325",60,4,130,0.172075620034,227,0.15625,0.8,0.0341102899374,0.172075620034,0.0552177085867,1.21765361856,13
"s7942",3,"SYNPCC7942_RS00380",42,4,176,0.149304547673,218,0.109375,0.8,0.0461800848384,0.149304547673,0.0530284602287,1.15788809274,14
"s7942",3,"SYNPCC7942_RS07185",138,3,276.5,0.0563144920042,277,0.359375,0.6,0.0725499628285,0.0563144920042,0.0673801994649,1.1556196543,15
"s7942",3,"SYNPCC7942_RS06370",45,4,76,0.0618300483067,85,0.1171875,0.8,0.0199414002711,0.0618300483067,0.0206762344928,1.01963518307,16
"s7942",3,"SYNPCC7942_RS02895",59,3,325,0.0641820153145,424,0.153645833333,0.6,0.0852757248436,0.0641820153145,0.103137922647,1.00624149614,17
"s7942",3,"SYNPCC7942_RS12560",126,3,0,0.00771833189348,0,0.328125,0.6,0,0.00771833189348,0,0.935843331893,18
"s7942",3,"SYNPCC7942_RS09760",44,3,292,0.000344448954907,294,0.114583333333,0.6,0.0766169589364,0.000344448954907,0.0715154463634,0.863060187588,19
"s7942",3,"SYNPCC7942_RS09620",46,3,214,0.0127534069438,214,0.119791666667,0.6,0.0561507849739,0.0127534069438,0.0520554609584,0.840751319543,20
"s7942",3,"SYNPCC7942_RS08885",88,3,0,0.0052821703679,0,0.229166666667,0.6,0,0.0052821703679,0,0.834448837035,21
"s7942",3,"SYNPCC7942_RS10340",26,3,295,0.000248850277566,295,0.0677083333333,0.6,0.0774041194734,0.000248850277566,0.071758696181,0.817119999265,22
"s7942",3,"SYNPCC7942_RS03955",40,3,188,0.000802453255343,188,0.104166666667,0.6,0.0493287269864,0.000802453255343,0.0457309657018,0.800028812611,23
"s7942",3,"SYNPCC7942_RS08820",15,3,254,0.000349254678531,254,0.0390625,0.6,0.0666462588008,0.000349254678531,0.0617854536609,0.76784346714,24
"s7942",3,"SYNPCC7942_RS13165",33,3,130.5,8.61601054984e-05,131,0.0859375,0.6,0.0342414833603,8.61601054984e-05,0.0318657261007,0.752130869566,25
"s7942",3,"SYNPCC7942_RS09435",37,3,47,0.00367335841792,47,0.0963541666667,0.6,0.0123321817466,0.00367335841792,0.0114327414254,0.723792448257,26
"s7942",3,"SYNPCC7942_RS00560",13,3,85,0.0455312744027,89,0.0338541666667,0.6,0.0223028818822,0.0455312744027,0.0216492337631,0.723337556715,27
"s7942",3,"SYNPCC7942_RS10040",17,3,155,0.000183725210003,155,0.0442708333333,0.6,0.0406699610792,0.000183725210003,0.0377037217222,0.722828241345,28
"s7942",3,"SYNPCC7942_RS09160",45,3,0,0.000348058017359,0,0.1171875,0.6,0,0.000348058017359,0,0.717535558017,29
"s7942",3,"SYNPCC7942_RS03440",37,3,32,0.00104754161501,32,0.0963541666667,0.6,0.00839637906152,0.00104754161501,0.007783994162,0.713582081505,30
"s7942",3,"SYNPCC7942_RS11465",35,3,28.5,0.00361735393783,29,0.0911458333333,0.6,0.00747802510167,0.00361735393783,0.00705424470932,0.709295457082,31
"s7942",3,"SYNPCC7942_RS12275",33,3,17,0.00644420181886,17,0.0859375,0.6,0.00446057637643,0.00644420181886,0.00413524689856,0.700977525094,32
"s7942",3,"SYNPCC7942_RS06700",14,3,124,3.32682508688e-05,124,0.0364583333333,0.6,0.0325359688634,3.32682508688e-05,0.0301629773778,0.699190547825,33
"s7942",3,"SYNPCC7942_RS04225",18,3,103,2.18899307052e-05,103,0.046875,0.6,0.0270258451043,2.18899307052e-05,0.025054731209,0.698977466244,34
"s7942",3,"SYNPCC7942_RS08405",28,3,38,0.000412643118765,40,0.0729166666667,0.6,0.00997070013556,0.000412643118765,0.00972999270251,0.693030002624,35
"s7942",3,"SYNPCC7942_RS07805",20,3,50,0.000101626413074,50,0.0520833333333,0.6,0.0131193422836,0.000101626413074,0.0121624908781,0.677466792908,36
"s7942",3,"SYNPCC7942_RS03960",10,3,84,0.000629635874803,84,0.0260416666667,0.6,0.0220404950365,0.000629635874803,0.0204329846753,0.669144782253,37
"s7942",3,"SYNPCC7942_RS10165",11,3,38,0.0206581179056,39,0.0286458333333,0.6,0.00997070013556,0.0206581179056,0.00948674288494,0.668761394259,38
"s7942",3,"SYNPCC7942_RS00765",25,3,0,0.00058576530823,0,0.0651041666667,0.6,0,0.00058576530823,0,0.665689931975,39
"s7942",3,"SYNPCC7942_RS03530",19,3,24.5,0.000934740624943,25,0.0494791666667,0.6,0.00642847771898,0.000934740624943,0.00608124543907,0.66292363045,40
"s7942",3,"SYNPCC7942_RS00480",20,3,0,0.00900926652905,0,0.0520833333333,0.6,0,0.00900926652905,0,0.661092599862,41
"s7942",3,"SYNPCC7942_RS05640",20,3,0,0.00643628174838,0,0.0520833333333,0.6,0,0.00643628174838,0,0.658519615082,42
"s7942",3,"SYNPCC7942_RS05070",21,3,0,0.00154456561972,0,0.0546875,0.6,0,0.00154456561972,0,0.65623206562,43
"s7942",3,"SYNPCC7942_RS09935",12,3,40.3333333333,0.000386366187501,49,0.03125,0.6,0.0105829361088,0.000386366187501,0.0119192410606,0.654138543357,44
"s7942",3,"SYNPCC7942_RS08780",15,3,12,6.83600935771e-06,13,0.0390625,0.6,0.00314864214807,6.83600935771e-06,0.00316224762831,0.645380225786,45
"s7942",3,"SYNPCC7942_RS08645",15,3,8.5,0.00122047444204,9,0.0390625,0.6,0.00223028818822,0.00122047444204,0.00218924835806,0.644702510988,46
"s7942",3,"SYNPCC7942_RS05230",9,3,6,0.00146844202233,6,0.0234375,0.6,0.00157432107404,0.00146844202233,0.00145949890538,0.627939762002,47
"s7942",3,"SYNPCC7942_RS09990",4,3,34,0.000150418084323,34,0.0104166666667,0.6,0.00892115275287,0.000150418084323,0.00827049379713,0.627758731301,48
"s7942",3,"SYNPCC7942_RS13695",5,3,15,0.000848252336334,15,0.0130208333333,0.6,0.00393580268509,0.000848252336334,0.00364874726344,0.621453635618,49
"s7942",3,"SYNPCC7942_RS03260",44,2,0,0.0055048040576,0,0.114583333333,0.4,0,0.0055048040576,0,0.520088137391,50
"s7942",3,"SYNPCC7942_RS10170",24,2,63,0.00267025235011,63,0.0625,0.4,0.0165303712774,0.00267025235011,0.0153247385064,0.497025362134,51
"s7942",3,"SYNPCC7942_RS09500",26,2,44.5,2.25957281472e-05,45,0.0677083333333,0.4,0.0116762146324,2.25957281472e-05,0.0109462417903,0.490353385484,52
"s7942",3,"SYNPCC7942_RS10350",21,2,0,0.0103153386132,0,0.0546875,0.4,0,0.0103153386132,0,0.465002838613,53
"s7942",3,"SYNPCC7942_RS11970",23,2,0,5.41018490433e-05,0,0.0598958333333,0.4,0,5.41018490433e-05,0,0.459949935182,54
"s7942",3,"SYNPCC7942_RS08850",16,2,22,0.000188992276281,22,0.0416666666667,0.4,0.0057725106048,0.000188992276281,0.00535149598638,0.452979665534,55
"s7942",3,"SYNPCC7942_RS07940",10,2,35,0.00113741200396,42,0.0260416666667,0.4,0.00918353959854,0.00113741200396,0.0102164923376,0.446579110607,56
"s7942",3,"SYNPCC7942_RS05195",5,2,18,0.0161241794408,18,0.0130208333333,0.4,0.00472296322211,0.0161241794408,0.00437849671613,0.438246472712,57
"s7942",3,"SYNPCC7942_RS12285",13,2,0,0.00123938900325,0,0.0338541666667,0.4,0,0.00123938900325,0,0.43509355567,58
"s7942",3,"SYNPCC7942_RS11050",13,2,0,9.13906039064e-06,0,0.0338541666667,0.4,0,9.13906039064e-06,0,0.433863305727,59
"s7942",3,"SYNPCC7942_RS12535",11,2,9,2.43071473474e-05,9,0.0286458333333,0.4,0.00236148161105,2.43071473474e-05,0.00218924835806,0.43322087045,60
"s7942",3,"SYNPCC7942_RS11715",6,2,10,0.00014913254276,10,0.015625,0.4,0.00262386845673,0.00014913254276,0.00243249817563,0.420830499175,61
"s7942",3,"SYNPCC7942_RS07720",7,2,0,0.000121349613879,0,0.0182291666667,0.4,0,0.000121349613879,0,0.418350516281,62
"s7942",3,"SYNPCC7942_RS11030",5,2,0,1.57183516917e-07,0,0.0130208333333,0.4,0,1.57183516917e-07,0,0.413020990517,63
"s7942",3,"SYNPCC7942_RS06230",4,2,0,0.000411392977084,0,0.0104166666667,0.4,0,0.000411392977084,0,0.410828059644,64
"s7942",3,"SYNPCC7942_RS04835",3,2,0,2.39612633603e-05,0,0.0078125,0.4,0,2.39612633603e-05,0,0.407836461263,65
"s7942",3,"SYNPCC7942_RS06365",6,1,45,0.0118674820646,45,0.015625,0.2,0.0118074080553,0.0118674820646,0.0109462417903,0.25024613191,66
"s7942",3,"SYNPCC7942_RS08580",7,1,0,0.000603796355057,0,0.0182291666667,0.2,0,0.000603796355057,0,0.218832963022,67
"s7942",3,"SYNPCC7942_RS10260",5,1,0,0,0,0.0130208333333,0.2,0,0,0,0.213020833333,68
"s7942",4,"SYNPCC7942_RS03160",376,4,3224.33333333,1,3582,1,0.8,0.869795881664,1,0.843220338983,4.51301622065,1
"s7942",4,"SYNPCC7942_RS10700",260,4,3702.66666667,0.759073787638,4248,0.691489361702,0.8,0.998831040375,0.759073787638,1,4.24939418972,2
"s7942",4,"SYNPCC7942_RS00455",211,4,3707,0.381970371904,4240,0.561170212766,0.8,1,0.381970371904,0.998116760829,3.7412573455,3
"s7942",4,"SYNPCC7942_RS00645",166,4,2058.66666667,0.25187443863,2359,0.441489361702,0.8,0.55534574229,0.25187443863,0.555320150659,2.60402969328,4
"s7942",4,"SYNPCC7942_RS07435",264,4,730.666666667,0.361151921486,864,0.702127659574,0.8,0.197104576927,0.361151921486,0.203389830508,2.2637739885,5
"s7942",4,"SYNPCC7942_RS09740",172,4,703.166666667,0.396882295476,904,0.457446808511,0.8,0.189686179301,0.396882295476,0.212806026365,2.05682130965,6
"s7942",4,"SYNPCC7942_RS05870",145,4,467.333333333,0.319675156081,584,0.385638297872,0.8,0.126067799658,0.319675156081,0.13747645951,1.76885771312,7
"s7942",4,"SYNPCC7942_RS03325",69,4,933,0.191928242262,1104,0.183510638298,0.8,0.25168599946,0.191928242262,0.25988700565,1.68701188567,8
"s7942",4,"SYNPCC7942_RS03465",120,5,328.333333333,0.047065363,414,0.31914893617,1,0.0885711716571,0.047065363,0.0974576271186,1.55224309795,9
"s7942",4,"SYNPCC7942_RS03075",117,5,325.666666667,0.00668289834575,469,0.311170212766,1,0.0878518118875,0.00668289834575,0.110404896422,1.51610981942,10
"s7942",4,"SYNPCC7942_RS09380",96,5,170.5,0.00301912799445,306,0.255319148936,1,0.0459940652819,0.00301912799445,0.0720338983051,1.37636624052,11
"s7942",4,"SYNPCC7942_RS09065",55,5,357,0.00579390054465,490,0.146276595745,1,0.0963042891826,0.00579390054465,0.115348399247,1.36372318472,12
"s7942",4,"SYNPCC7942_RS02830",101,5,147.5,0.00432300691739,197,0.268617021277,1,0.0397895872673,0.00432300691739,0.0463747645951,1.35910438006,13
"s7942",4,"SYNPCC7942_RS00380",55,4,213.666666667,0.177874945675,273,0.146276595745,0.8,0.0576387015557,0.177874945675,0.0642655367232,1.2460557797,14
"s7942",4,"SYNPCC7942_RS02895",59,4,323.5,0.0533457733228,411,0.156914893617,0.8,0.0872673320745,0.0533457733228,0.0967514124294,1.19427941144,15
"s7942",4,"SYNPCC7942_RS07185",136,3,278.5,0.0479730508477,279,0.36170212766,0.6,0.075128135959,0.0479730508477,0.0656779661017,1.15048128057,16
"s7942",4,"SYNPCC7942_RS06370",44,4,83,0.0662790636185,107,0.117021276596,0.8,0.0223900728352,0.0662790636185,0.0251883239171,1.03087873697,17
"s7942",4,"SYNPCC7942_RS12560",129,3,0,0.00929146603842,0,0.343085106383,0.6,0,0.00929146603842,0,0.952376572421,18
"s7942",4,"SYNPCC7942_RS08885",88,3,0,0.00721096220611,0,0.234042553191,0.6,0,0.00721096220611,0,0.841253515397,19
"s7942",4,"SYNPCC7942_RS09620",47,3,215,0.0067374075407,215,0.125,0.6,0.0579983814405,0.0067374075407,0.0506120527307,0.840347841712,20
"s7942",4,"SYNPCC7942_RS03955",41,3,189,0.000749003967503,189,0.109042553191,0.6,0.0509846236849,0.000749003967503,0.0444915254237,0.805267706267,21
"s7942",4,"SYNPCC7942_RS13165",37,3,135,0.000106440848555,136,0.0984042553191,0.6,0.0364175883464,0.000106440848555,0.0320150659134,0.766943350427,22
"s7942",4,"SYNPCC7942_RS09760",43,3,95.5,0.000456745534648,97,0.114361702128,0.6,0.0257620717561,0.000456745534648,0.0228342749529,0.763414794372,23
"s7942",4,"SYNPCC7942_RS00560",17,3,111,0.0459589147474,114,0.0452127659574,0.6,0.0299433504181,0.0459589147474,0.0268361581921,0.747951189315,24
"s7942",4,"SYNPCC7942_RS09160",47,3,0,0.00043743651784,0,0.125,0.6,0,0.00043743651784,0,0.725437436518,25
"s7942",4,"SYNPCC7942_RS09435",35,3,32,0.00411650375861,32,0.093085106383,0.6,0.00863231723766,0.00411650375861,0.0075329566855,0.713366884065,26
"s7942",4,"SYNPCC7942_RS03440",34,3,27,0.00092567383767,27,0.0904255319149,0.6,0.00728351766927,0.00092567383767,0.00635593220339,0.704990655625,27
"s7942",4,"SYNPCC7942_RS12275",33,3,17,0.00569536546377,17,0.0877659574468,0.6,0.00458591853251,0.00569536546377,0.00400188323917,0.702049124682,28
"s7942",4,"SYNPCC7942_RS04225",18,3,106,4.61153974966e-05,106,0.0478723404255,0.6,0.0285945508497,4.61153974966e-05,0.0249529190207,0.701465925693,29
"s7942",4,"SYNPCC7942_RS11465",29,3,17.5,0.00401986919614,18,0.0771276595745,0.6,0.00472079848934,0.00401986919614,0.00423728813559,0.690105615396,30
"s7942",4,"SYNPCC7942_RS08405",26,3,36.5,0.000505158025723,38,0.0691489361702,0.6,0.0098462368492,0.000505158025723,0.00894538606403,0.688445717109,31
"s7942",4,"SYNPCC7942_RS10040",15,3,75,0.000244310546988,75,0.0398936170213,0.6,0.0202319935258,0.000244310546988,0.0176553672316,0.678025288326,32
"s7942",4,"SYNPCC7942_RS07805",19,3,46,0.000107026983435,46,0.0505319148936,0.6,0.0124089560291,0.000107026983435,0.0108286252354,0.673876523142,33
"s7942",4,"SYNPCC7942_RS10165",11,3,48,0.0195711600644,48,0.0292553191489,0.6,0.0129484758565,0.0195711600644,0.0112994350282,0.673074390098,34
"s7942",4,"SYNPCC7942_RS10340",26,3,0,0.000922539760983,0,0.0691489361702,0.6,0,0.000922539760983,0,0.670071475931,35
"s7942",4,"SYNPCC7942_RS10350",19,3,0,0.0138054323837,0,0.0505319148936,0.6,0,0.0138054323837,0,0.664337347277,36
"s7942",4,"SYNPCC7942_RS00480",20,3,0,0.00677618757871,0,0.0531914893617,0.6,0,0.00677618757871,0,0.65996767694,37
"s7942",4,"SYNPCC7942_RS05070",20,3,0,0.00185214680138,0,0.0531914893617,0.6,0,0.00185214680138,0,0.655043636163,38
"s7942",4,"SYNPCC7942_RS08645",18,3,8.5,0.00126176902374,9,0.0478723404255,0.6,0.00229295926625,0.00126176902374,0.0021186440678,0.653545712783,39
"s7942",4,"SYNPCC7942_RS03530",16,3,18.5,0.000517652345311,19,0.0425531914894,0.6,0.00499055840302,0.000517652345311,0.00447269303202,0.65253409527,40
"s7942",4,"SYNPCC7942_RS09935",10,3,35,0.000335317195573,42,0.0265957446809,0.6,0.00944159697869,0.000335317195573,0.00988700564972,0.646259664505,41
"s7942",4,"SYNPCC7942_RS08820",12,3,25,0.00030041389095,25,0.031914893617,0.6,0.00674399784192,0.00030041389095,0.00588512241055,0.64484442776,42
"s7942",4,"SYNPCC7942_RS08780",14,3,10.5,5.96425205484e-06,12,0.0372340425532,0.6,0.00283247909361,5.96425205484e-06,0.00282485875706,0.642897344656,43
"s7942",4,"SYNPCC7942_RS05230",9,3,6,0.00162289310551,6,0.0239361702128,0.6,0.00161855948206,0.00162289310551,0.00141242937853,0.628590052179,44
"s7942",4,"SYNPCC7942_RS03260",48,2,46,0.00535005097633,46,0.127659574468,0.4,0.0124089560291,0.00535005097633,0.0108286252354,0.556247206709,45
"s7942",4,"SYNPCC7942_RS10170",25,2,69,0.00207948752255,69,0.0664893617021,0.4,0.0186134340437,0.00207948752255,0.0162429378531,0.503425221121,46
"s7942",4,"SYNPCC7942_RS09500",27,2,46.5,2.37547868038e-05,47,0.0718085106383,0.4,0.012543835986,2.37547868038e-05,0.0110640301318,0.495440131543,47
"s7942",4,"SYNPCC7942_RS03960",10,2,85,0.000577578593473,85,0.0265957446809,0.4,0.0229295926625,0.000577578593473,0.0200094161959,0.470112332133,48
"s7942",4,"SYNPCC7942_RS00765",24,2,0,0.000385277564901,0,0.063829787234,0.4,0,0.000385277564901,0,0.464215064799,49
"s7942",4,"SYNPCC7942_RS06365",8,2,63,0.0102121490186,63,0.0212765957447,0.4,0.0169948745616,0.0102121490186,0.0148305084746,0.4633141278,50
"s7942",4,"SYNPCC7942_RS05640",20,2,0,0.00595830578522,0,0.0531914893617,0.4,0,0.00595830578522,0,0.459149795147,51
"s7942",4,"SYNPCC7942_RS06700",13,2,46,1.87355080592e-05,46,0.0345744680851,0.4,0.0124089560291,1.87355080592e-05,0.0108286252354,0.457830784858,52
"s7942",4,"SYNPCC7942_RS11970",20,2,0,5.09704954788e-05,0,0.0531914893617,0.4,0,5.09704954788e-05,0,0.453242459857,53
"s7942",4,"SYNPCC7942_RS08850",13,2,18,7.74123973459e-05,18,0.0345744680851,0.4,0.00485567844618,7.74123973459e-05,0.00423728813559,0.443744847064,54
"s7942",4,"SYNPCC7942_RS05195",5,2,27,0.0167135799077,27,0.0132978723404,0.4,0.00728351766927,0.0167135799077,0.00635593220339,0.443650902121,55
"s7942",4,"SYNPCC7942_RS12535",13,2,11,5.79958762026e-05,11,0.0345744680851,0.4,0.00296735905045,5.79958762026e-05,0.00258945386064,0.440189276872,56
"s7942",4,"SYNPCC7942_RS12285",13,2,0,0.00145478167428,0,0.0345744680851,0.4,0,0.00145478167428,0,0.436029249759,57
"s7942",4,"SYNPCC7942_RS11050",13,2,0,7.13121025754e-06,0,0.0345744680851,0.4,0,7.13121025754e-06,0,0.434581599295,58
"s7942",4,"SYNPCC7942_RS07940",7,2,25,0.000581020230226,30,0.0186170212766,0.4,0.00674399784192,0.000581020230226,0.00706214689266,0.433004186241,59
"s7942",4,"SYNPCC7942_RS13695",5,2,15,0.000603999144018,15,0.0132978723404,0.4,0.00404639870515,0.000603999144018,0.00353107344633,0.421479343636,60
"s7942",4,"SYNPCC7942_RS07720",8,2,0,9.80087489172e-05,0,0.0212765957447,0.4,0,9.80087489172e-05,0,0.421374604494,61
"s7942",4,"SYNPCC7942_RS11030",5,2,0,1.43566106317e-07,0,0.0132978723404,0.4,0,1.43566106317e-07,0,0.413298015907,62
"s7942",4,"SYNPCC7942_RS09990",3,2,4,7.50719034506e-07,4,0.00797872340426,0.4,0.00107903965471,7.50719034506e-07,0.000941619585687,0.410000133364,63
"s7942",4,"SYNPCC7942_RS06230",3,2,0,0.000293712227502,0,0.00797872340426,0.4,0,0.000293712227502,0,0.408272435632,64
"s7942",4,"SYNPCC7942_RS04835",3,2,0,3.03914275466e-05,0,0.00797872340426,0.4,0,3.03914275466e-05,0,0.408009114832,65
"s7942",4,"SYNPCC7942_RS08580",8,1,0,0,0,0.0212765957447,0.2,0,0,0,0.221276595745,66
"s7942",4,"SYNPCC7942_RS10260",5,1,0,0,0,0.0132978723404,0.2,0,0,0,0.21329787234,67
"s7942",4,"SYNPCC7942_RS11715",2,1,0,0,0,0.00531914893617,0.2,0,0,0,0.205319148936,68
"s7942",5,"SYNPCC7942_RS03160",379,4,3222.75,1,3648,1,1,0.874005604774,1,0.866302540964,4.74030814574,1
"s7942",5,"SYNPCC7942_RS10700",247,4,3531.5,0.689909073452,4138,0.651715039578,1,0.957738202857,0.689909073452,0.982664450249,4.28202676614,2
"s7942",5,"SYNPCC7942_RS00455",202,4,3687.33333333,0.353803351153,4211,0.532981530343,1,1,0.353803351153,1,3.8867848815,3
"s7942",5,"SYNPCC7942_RS00645",170,4,2122,0.264596284926,2434,0.448548812665,1,0.575483637679,0.264596284926,0.578009973878,2.86663870915,4
"s7942",5,"SYNPCC7942_RS07435",270,4,785,0.367611317781,926,0.712401055409,1,0.212890978123,0.367611317781,0.219900261221,2.51280361253,5
"s7942",5,"SYNPCC7942_RS09740",181,4,744.416666667,0.41908318563,949,0.477572559367,1,0.201884830953,0.41908318563,0.225362146758,2.32390272271,6
"s7942",5,"SYNPCC7942_RS05870",145,4,526.5,0.337829723543,690,0.382585751979,1,0.142786114627,0.337829723543,0.163856566136,2.02705815628,7
"s7942",5,"SYNPCC7942_RS03325",63,4,865.75,0.183467559878,1022,0.166226912929,1,0.234790273007,0.183467559878,0.242697696509,1.82718244232,8
"s7942",5,"SYNPCC7942_RS03465",116,4,417.333333333,0.0423098871312,508,0.306068601583,1,0.113180256735,0.0423098871312,0.120636428402,1.58219517385,9
"s7942",5,"SYNPCC7942_RS03075",115,4,391.333333333,0.00572915429481,579,0.303430079156,1,0.10612909058,0.00572915429481,0.137497031584,1.55278535561,10
"s7942",5,"SYNPCC7942_RS09065",55,4,625.333333333,0.006221798766,850,0.145118733509,1,0.16958958597,0.006221798766,0.201852291617,1.52278240986,11
"s7942",5,"SYNPCC7942_RS09380",96,4,230.666666667,0.00265350055902,409,0.253298153034,1,0.0625564997289,0.00265350055902,0.0971265732605,1.41563472658,12
"s7942",5,"SYNPCC7942_RS02830",96,4,172.333333333,0.00340704899143,253,0.253298153034,1,0.0467365756644,0.00340704899143,0.0600807409166,1.36352251861,13
"s7942",5,"SYNPCC7942_RS00380",44,4,148,0.123200926043,178,0.116094986807,1,0.0401374073405,0.123200926043,0.0422702445975,1.32170356479,14
"s7942",5,"SYNPCC7942_RS07185",139,3,276.5,0.0616841682252,277,0.366754617414,0.75,0.0749864400652,0.0616841682252,0.0657800997388,1.31920532544,15
"s7942",5,"SYNPCC7942_RS06370",40,4,55,0.0529269297159,61,0.105540897098,1,0.0149159284036,0.0529269297159,0.0144858703396,1.18786962556,16
"s7942",5,"SYNPCC7942_RS02895",60,3,341.5,0.0543340234,429,0.158311345646,0.75,0.0926143554512,0.0543340234,0.101876038946,1.15713576344,17
"s7942",5,"SYNPCC7942_RS12560",127,3,0,0.00665940041098,0,0.335092348285,0.75,0,0.00665940041098,0,1.0917517487,18
"s7942",5,"SYNPCC7942_RS09160",50,3,303,0.00054167487505,306,0.131926121372,0.75,0.0821732055687,0.00054167487505,0.0726668249822,1.0373078268,19
"s7942",5,"SYNPCC7942_RS10040",19,3,443,0.000364861868962,446,0.0501319261214,0.75,0.120141023323,0.000364861868962,0.105913084778,1.02655089609,20
"s7942",5,"SYNPCC7942_RS09760",44,3,287,0.000665073948782,288,0.116094986807,0.75,0.0778340263967,0.000665073948782,0.0683923058656,1.01298639302,21
"s7942",5,"SYNPCC7942_RS09620",48,3,214.5,0.012861936481,215,0.126649076517,0.75,0.0581721207739,0.012861936481,0.0510567561149,0.998739889887,22
"s7942",5,"SYNPCC7942_RS08885",88,3,0,0.00980057398356,0,0.232189973615,0.75,0,0.00980057398356,0,0.991990547599,23
"s7942",5,"SYNPCC7942_RS10340",28,3,297,0.00100961385235,298,0.0738786279683,0.75,0.0805460133792,0.00100961385235,0.0707670387081,0.976201293908,24
"s7942",5,"SYNPCC7942_RS03955",44,3,202,0.000707456417903,202,0.116094986807,0.75,0.0547821370458,0.000707456417903,0.0479696034196,0.96955418369,25
"s7942",5,"SYNPCC7942_RS13165",38,3,147,0.000154944135238,148,0.100263852243,0.75,0.0398662086422,0.000154944135238,0.0351460460698,0.92543105109,26
"s7942",5,"SYNPCC7942_RS00765",29,3,186,0.000605946702439,186,0.0765171503958,0.75,0.0504429578738,0.000605946702439,0.0441700308715,0.921736085844,27
"s7942",5,"SYNPCC7942_RS08820",15,3,254,0.000408108398846,256,0.0395778364116,0.75,0.0688844693546,0.000408108398846,0.0607931607694,0.919663574934,28
"s7942",5,"SYNPCC7942_RS03440",40,3,30,0.00907197449807,30,0.105540897098,0.75,0.00813596094739,0.00907197449807,0.00712419852767,0.879873031071,29
"s7942",5,"SYNPCC7942_RS12535",14,3,171,8.25266837848e-05,171,0.0369393139842,0.75,0.0463749774002,8.25266837848e-05,0.0406079316077,0.874004749676,30
"s7942",5,"SYNPCC7942_RS12275",34,3,13,0.0093642643024,13,0.089709762533,0.75,0.0035255830772,0.0093642643024,0.00308715269532,0.855686762608,31
"s7942",5,"SYNPCC7942_RS08405",24,3,80,0.000649018334581,82,0.0633245382586,0.75,0.0216958958597,0.000649018334581,0.019472809309,0.855142261762,32
"s7942",5,"SYNPCC7942_RS04225",17,3,111,5.05852439913e-05,111,0.0448548812665,0.75,0.0301030555054,5.05852439913e-05,0.0263595345524,0.851368056568,33
"s7942",5,"SYNPCC7942_RS11465",32,3,23.5,0.0043712839086,24,0.0844327176781,0.75,0.00637316940879,0.0043712839086,0.00569935882213,0.850876529818,34
"s7942",5,"SYNPCC7942_RS07805",21,3,52,0.000105168645759,53,0.0554089709763,0.75,0.0141023323088,0.000105168645759,0.0125860840655,0.832202555996,35
"s7942",5,"SYNPCC7942_RS10350",21,3,0,0.0168163562886,0,0.0554089709763,0.75,0,0.0168163562886,0,0.822225327265,36
"s7942",5,"SYNPCC7942_RS03530",20,3,22.5,0.00101044268183,23,0.0527704485488,0.75,0.00610197071055,0.00101044268183,0.00546188553788,0.815344747479,37
"s7942",5,"SYNPCC7942_RS10165",10,3,23.25,0.0218434517603,30,0.0263852242744,0.75,0.00630536973423,0.0218434517603,0.00712419852767,0.811658244297,38
"s7942",5,"SYNPCC7942_RS08645",20,3,13.5,0.00132070417854,14,0.0527704485488,0.75,0.00366118242633,0.00132070417854,0.00332462597958,0.811076961133,39
"s7942",5,"SYNPCC7942_RS05070",20,3,0,0.000743520345648,0,0.0527704485488,0.75,0,0.000743520345648,0,0.803513968894,40
"s7942",5,"SYNPCC7942_RS08780",17,3,13,1.01483144501e-05,15,0.0448548812665,0.75,0.0035255830772,1.01483144501e-05,0.00356209926383,0.801952711922,41
"s7942",5,"SYNPCC7942_RS00480",16,3,0,0.00745526026551,0,0.0422163588391,0.75,0,0.00745526026551,0,0.799671619105,42
"s7942",5,"SYNPCC7942_RS00560",14,3,0,0.00595298863381,0,0.0369393139842,0.75,0,0.00595298863381,0,0.792892302618,43
"s7942",5,"SYNPCC7942_RS07720",9,3,36,0.000121513841848,36,0.023746701847,0.75,0.00976315313687,0.000121513841848,0.0085490382332,0.792180407059,44
"s7942",5,"SYNPCC7942_RS03260",48,2,0,0.00622952917523,0,0.126649076517,0.5,0,0.00622952917523,0,0.632878605692,45
"s7942",5,"SYNPCC7942_RS10170",25,2,60.5,0.00299675673268,61,0.065963060686,0.5,0.0164075212439,0.00299675673268,0.0144858703396,0.599853209002,46
"s7942",5,"SYNPCC7942_RS09500",27,2,47,0.000636568052419,48,0.0712401055409,0.5,0.0127463388176,0.000636568052419,0.0113987176443,0.596021730055,47
"s7942",5,"SYNPCC7942_RS06700",14,2,113,6.3884309492e-05,113,0.0369393139842,0.5,0.0306454529019,6.3884309492e-05,0.0268344811209,0.594483132316,48
"s7942",5,"SYNPCC7942_RS09435",31,2,0,0.00315538298049,0,0.0817941952507,0.5,0,0.00315538298049,0,0.584949578231,49
"s7942",5,"SYNPCC7942_RS03960",12,2,93,0.000617885089491,93,0.0316622691293,0.5,0.0252214789369,0.000617885089491,0.0220850154358,0.579586648591,50
"s7942",5,"SYNPCC7942_RS06365",8,2,63,0.010790619523,63,0.0211081794195,0.5,0.0170855179895,0.010790619523,0.0149608169081,0.56394513384,51
"s7942",5,"SYNPCC7942_RS11970",24,2,0,9.19062321552e-05,0,0.0633245382586,0.5,0,9.19062321552e-05,0,0.563416444491,52
"s7942",5,"SYNPCC7942_RS05640",18,2,0,0.00542650677841,0,0.0474934036939,0.5,0,0.00542650677841,0,0.552919910472,53
"s7942",5,"SYNPCC7942_RS08850",15,2,22,0.000461089353096,22,0.0395778364116,0.5,0.00596637136142,0.000461089353096,0.00522441225362,0.55122970938,54
"s7942",5,"SYNPCC7942_RS09935",9,2,35,0.00025361208174,42,0.023746701847,0.5,0.00949195443863,0.00025361208174,0.00997387793873,0.543466146306,55
"s7942",5,"SYNPCC7942_RS07940",8,2,36,0.000786347197147,48,0.0211081794195,0.5,0.00976315313687,0.000786347197147,0.0113987176443,0.543056397398,56
"s7942",5,"SYNPCC7942_RS05195",4,2,27,0.0169712498382,27,0.0105540897098,0.5,0.00732236485266,0.0169712498382,0.0064117786749,0.541259483076,57
"s7942",5,"SYNPCC7942_RS11050",13,2,0,1.05571497773e-05,0,0.0343007915567,0.5,0,1.05571497773e-05,0,0.534311348706,58
"s7942",5,"SYNPCC7942_RS12285",10,2,0,0.00132808269225,0,0.0263852242744,0.5,0,0.00132808269225,0,0.527713306967,59
"s7942",5,"SYNPCC7942_RS13695",5,2,15,0.000640927224001,15,0.0131926121372,0.5,0.0040679804737,0.000640927224001,0.00356209926383,0.521463619099,60
"s7942",5,"SYNPCC7942_RS09990",4,2,21,0.000129942623511,21,0.0105540897098,0.5,0.00569517266318,0.000129942623511,0.00498693896937,0.521366143966,61
"s7942",5,"SYNPCC7942_RS05230",5,2,3,0.000927872034741,3,0.0131926121372,0.5,0.000813596094739,0.000927872034741,0.000712419852767,0.515646500119,62
"s7942",5,"SYNPCC7942_RS11030",5,2,0,1.22727317311e-06,0,0.0131926121372,0.5,0,1.22727317311e-06,0,0.51319383941,63
"s7942",5,"SYNPCC7942_RS06230",3,2,0,0.000325707795498,0,0.00791556728232,0.5,0,0.000325707795498,0,0.508241275078,64
"s7942",5,"SYNPCC7942_RS04835",3,2,0,4.0206404029e-05,0,0.00791556728232,0.5,0,4.0206404029e-05,0,0.507955773686,65
"s7942",5,"SYNPCC7942_RS08580",7,1,0,0,0,0.0184696569921,0.25,0,0,0,0.268469656992,66
"s7942",5,"SYNPCC7942_RS11715",4,1,6,0.000177018544886,6,0.0105540897098,0.25,0.00162719218948,0.000177018544886,0.00142483970553,0.26378314015,67
"s7942",5,"SYNPCC7942_RS10260",5,1,0,0,0,0.0131926121372,0.25,0,0,0,0.263192612137,68
"s7942",6,"SYNPCC7942_RS03160",378,4,3716.66666667,1,3946,1,1,0.988299946818,1,0.970725707257,4.95902565408,1
"s7942",6,"SYNPCC7942_RS10700",254,4,3760.66666667,0.718079527113,4065,0.671957671958,1,1,0.718079527113,1,4.39003719907,2
"s7942",6,"SYNPCC7942_RS00455",203,4,3614.33333333,0.405921078167,3951,0.537037037037,1,0.961088459491,0.405921078167,0.971955719557,3.87600229425,3
"s7942",6,"SYNPCC7942_RS00645",166,4,2080.83333333,0.291232603484,2339,0.439153439153,1,0.553315015067,0.291232603484,0.575399753998,2.8591008117,4
"s7942",6,"SYNPCC7942_RS07435",268,4,748.5,0.410305505518,887,0.708994708995,1,0.199033859245,0.410305505518,0.218204182042,2.5365382558,5
"s7942",6,"SYNPCC7942_RS09740",171,4,534.166666667,0.369591552083,560,0.452380952381,1,0.142040418366,0.369591552083,0.137761377614,2.10177430044,6
"s7942",6,"SYNPCC7942_RS05870",144,4,566.833333333,0.313502753681,690,0.380952380952,1,0.150726821485,0.313502753681,0.169741697417,2.01492365354,7
"s7942",6,"SYNPCC7942_RS03325",65,4,937.5,0.17745325918,1000,0.171957671958,1,0.249290905868,0.17745325918,0.246002460025,1.84470429703,8
"s7942",6,"SYNPCC7942_RS03465",125,4,431.333333333,0.052685654258,524,0.330687830688,1,0.114695975891,0.052685654258,0.128905289053,1.62697474989,9
"s7942",6,"SYNPCC7942_RS03075",116,4,396,0.00743131648156,587,0.306878306878,1,0.105300478638,0.00743131648156,0.144403444034,1.56401354603,10
"s7942",6,"SYNPCC7942_RS09065",58,4,644,0.00695932888422,875,0.153439153439,1,0.171246232937,0.00695932888422,0.215252152522,1.54689686778,11
"s7942",6,"SYNPCC7942_RS09380",96,4,240.333333333,0.00358782002418,422,0.253968253968,1,0.0639071086685,0.00358782002418,0.10381303813,1.42527622079,12
"s7942",6,"SYNPCC7942_RS02895",58,4,313,0.0631189636654,400,0.153439153439,1,0.0832299237723,0.0631189636654,0.0984009840098,1.39818902489,13
"s7942",6,"SYNPCC7942_RS02830",99,4,177,0.00449670229011,259,0.261904761905,1,0.0470661230278,0.00449670229011,0.0637146371464,1.37718222437,14
"s7942",6,"SYNPCC7942_RS00380",46,4,136.833333333,0.141862693717,159,0.121693121693,1,0.0363853926608,0.141862693717,0.0391143911439,1.33905559921,15
"s7942",6,"SYNPCC7942_RS07185",137,3,270.5,0.0491765001544,271,0.362433862434,0.75,0.0719287360396,0.0491765001544,0.0666666666667,1.30020576529,16
"s7942",6,"SYNPCC7942_RS06370",49,4,96.1666666667,0.0837944920634,125,0.12962962963,1,0.0255717071441,0.0837944920634,0.0307503075031,1.26974613634,17
"s7942",6,"SYNPCC7942_RS12560",126,3,0,0.00862343301148,0,0.333333333333,0.75,0,0.00862343301148,0,1.09195676634,18
"s7942",6,"SYNPCC7942_RS09760",42,3,264,0.000567325062801,266,0.111111111111,0.75,0.0702003190923,0.000567325062801,0.0654366543665,0.997315409633,19
"s7942",6,"SYNPCC7942_RS08885",87,3,0,0.00889724461513,0,0.230158730159,0.75,0,0.00889724461513,0,0.989055974774,20
"s7942",6,"SYNPCC7942_RS09620",42,3,201,0.00836947566274,201,0.111111111111,0.75,0.053447970218,0.00836947566274,0.0494464944649,0.972375051457,21
"s7942",6,"SYNPCC7942_RS10340",27,3,279,0.00113749761794,279,0.0714285714286,0.75,0.0741889735862,0.00113749761794,0.0686346863469,0.96538972898,22
"s7942",6,"SYNPCC7942_RS08820",16,3,248,0.000356788625331,248,0.042328042328,0.75,0.0659457542988,0.000356788625331,0.0610086100861,0.919639195338,23
"s7942",6,"SYNPCC7942_RS10040",16,3,230,0.000273637054111,230,0.042328042328,0.75,0.0611593689062,0.000273637054111,0.0565805658057,0.910341614094,24
"s7942",6,"SYNPCC7942_RS03955",44,3,84,0.000790515663325,84,0.116402116402,0.75,0.0223364651657,0.000790515663325,0.0206642066421,0.910193303873,25
"s7942",6,"SYNPCC7942_RS00560",17,3,102.5,0.0489184725014,105,0.0449735449735,0.75,0.0272558057082,0.0489184725014,0.0258302583026,0.896978081486,26
"s7942",6,"SYNPCC7942_RS09435",43,3,50,0.00387152955047,50,0.113756613757,0.75,0.0132955149796,0.00387152955047,0.0123001230012,0.893223781288,27
"s7942",6,"SYNPCC7942_RS04225",20,3,150,0.000183295634334,153,0.0529100529101,0.75,0.0398865449388,0.000183295634334,0.0376383763838,0.880618269867,28
"s7942",6,"SYNPCC7942_RS09160",48,3,0,0.000570195829992,0,0.126984126984,0.75,0,0.000570195829992,0,0.877554322814,29
"s7942",6,"SYNPCC7942_RS13165",33,3,51.5,8.9629994926e-05,55,0.0873015873016,0.75,0.013694380429,8.9629994926e-05,0.0135301353014,0.864615733027,30
"s7942",6,"SYNPCC7942_RS12275",34,3,18,0.00626821549031,18,0.0899470899471,0.75,0.00478638539266,0.00626821549031,0.00442804428044,0.855429735111,31
"s7942",6,"SYNPCC7942_RS08405",30,3,43.5,0.000607211299244,46,0.0793650793651,0.75,0.0115670980323,0.000607211299244,0.0113161131611,0.852855501858,32
"s7942",6,"SYNPCC7942_RS10165",15,3,69,0.0219577704706,72,0.0396825396825,0.75,0.0183478106719,0.0219577704706,0.0177121771218,0.847700297947,33
"s7942",6,"SYNPCC7942_RS03440",31,3,26,0.000459718200527,26,0.0820105820106,0.75,0.00691366778939,0.000459718200527,0.00639606396064,0.845780031961,34
"s7942",6,"SYNPCC7942_RS11465",30,3,22.5,0.00222072521854,23,0.0793650793651,0.75,0.00598298174082,0.00222072521854,0.00565805658057,0.843226842905,35
"s7942",6,"SYNPCC7942_RS05070",21,3,56,0.00276767679494,58,0.0555555555556,0.75,0.0148909767772,0.00276767679494,0.0142681426814,0.837482351809,36
"s7942",6,"SYNPCC7942_RS06700",12,3,104,3.0045550371e-05,104,0.031746031746,0.75,0.0276546711576,3.0045550371e-05,0.0255842558426,0.835015004297,37
"s7942",6,"SYNPCC7942_RS07805",20,3,50,9.31307286334e-05,50,0.0529100529101,0.75,0.0132955149796,9.31307286334e-05,0.0123001230012,0.82859882162,38
"s7942",6,"SYNPCC7942_RS00765",22,3,19,0.00040559146004,19,0.0582010582011,0.75,0.00505229569225,0.00040559146004,0.00467404674047,0.818332992094,39
"s7942",6,"SYNPCC7942_RS03960",11,3,61,0.00058884735305,61,0.0291005291005,0.75,0.0162205282751,0.00058884735305,0.0150061500615,0.81091605479,40
"s7942",6,"SYNPCC7942_RS08645",20,3,13,0.000713247016675,14,0.0529100529101,0.75,0.0034568338947,0.000713247016675,0.00344403444034,0.810524168262,41
"s7942",6,"SYNPCC7942_RS03530",18,3,22.5,0.000701796354085,23,0.047619047619,0.75,0.00598298174082,0.000701796354085,0.00565805658057,0.809961882294,42
"s7942",6,"SYNPCC7942_RS08780",17,3,24.5,1.76985583053e-05,27,0.0449735449735,0.75,0.00651480234,1.76985583053e-05,0.00664206642066,0.808148112292,43
"s7942",6,"SYNPCC7942_RS09935",12,3,35.3333333333,0.000415064142307,43,0.031746031746,0.75,0.00939549725224,0.000415064142307,0.0105781057811,0.802134698922,44
"s7942",6,"SYNPCC7942_RS07720",9,3,6,0.00014532108992,6,0.0238095238095,0.75,0.00159546179755,0.00014532108992,0.00147601476015,0.777026321457,45
"s7942",6,"SYNPCC7942_RS09990",4,3,30,0.000158008125794,30,0.010582010582,0.75,0.00797730898776,0.000158008125794,0.00738007380074,0.776097401496,46
"s7942",6,"SYNPCC7942_RS05230",7,3,3,0.000869853098465,3,0.0185185185185,0.75,0.000797730898776,0.000869853098465,0.000738007380074,0.770924109896,47
"s7942",6,"SYNPCC7942_RS13695",5,3,6,0.000810591833328,6,0.0132275132275,0.75,0.00159546179755,0.000810591833328,0.00147601476015,0.767109581619,48
"s7942",6,"SYNPCC7942_RS03260",45,2,0,0.00626913928536,0,0.119047619048,0.5,0,0.00626913928536,0,0.625316758333,49
"s7942",6,"SYNPCC7942_RS09500",26,2,67,0.00071176458671,68,0.0687830687831,0.5,0.0178159900727,0.00071176458671,0.0167281672817,0.604038990724,50
"s7942",6,"SYNPCC7942_RS10170",25,2,60,0.00240646332769,60,0.0661375661376,0.5,0.0159546179755,0.00240646332769,0.0147601476015,0.599258795042,51
"s7942",6,"SYNPCC7942_RS10350",20,2,0,0.0160124166254,0,0.0529100529101,0.5,0,0.0160124166254,0,0.568922469536,52
"s7942",6,"SYNPCC7942_RS11970",22,2,0,5.14952221953e-05,0,0.0582010582011,0.5,0,5.14952221953e-05,0,0.558252553423,53
"s7942",6,"SYNPCC7942_RS06365",7,2,54,0.011912487994,54,0.0185185185185,0.5,0.014359156178,0.011912487994,0.0132841328413,0.558074295532,54
"s7942",6,"SYNPCC7942_RS00480",18,2,0,0.0075507498123,0,0.047619047619,0.5,0,0.0075507498123,0,0.555169797431,55
"s7942",6,"SYNPCC7942_RS08850",15,2,22,0.000151481809563,22,0.0396825396825,0.5,0.00585002659102,0.000151481809563,0.00541205412054,0.551096102204,56
"s7942",6,"SYNPCC7942_RS05640",17,2,0,0.00548004456144,0,0.0449735449735,0.5,0,0.00548004456144,0,0.550453589535,57
"s7942",6,"SYNPCC7942_RS07940",8,2,30,0.000861732142495,40,0.021164021164,0.5,0.00797730898776,0.000861732142495,0.00984009840098,0.539843160695,58
"s7942",6,"SYNPCC7942_RS05195",4,2,27,0.0150171852807,27,0.010582010582,0.5,0.00717957808898,0.0150171852807,0.00664206642066,0.539420840372,59
"s7942",6,"SYNPCC7942_RS12285",14,2,0,0.00204221407293,0,0.037037037037,0.5,0,0.00204221407293,0,0.53907925111,60
"s7942",6,"SYNPCC7942_RS12535",12,2,10,5.49928250788e-05,10,0.031746031746,0.5,0.00265910299592,5.49928250788e-05,0.00246002460025,0.536920152167,61
"s7942",6,"SYNPCC7942_RS11050",13,2,0,8.30121857027e-06,0,0.0343915343915,0.5,0,8.30121857027e-06,0,0.53439983561,62
"s7942",6,"SYNPCC7942_RS11030",5,2,0,1.28540547005e-06,0,0.0132275132275,0.5,0,1.28540547005e-06,0,0.513228798633,63
"s7942",6,"SYNPCC7942_RS06230",3,2,0,0.000331064471856,0,0.00793650793651,0.5,0,0.000331064471856,0,0.508267572408,64
"s7942",6,"SYNPCC7942_RS04835",3,2,0,3.38136389297e-05,0,0.00793650793651,0.5,0,3.38136389297e-05,0,0.507970321575,65
"s7942",6,"SYNPCC7942_RS08580",6,1,0,8.69823306404e-05,0,0.015873015873,0.25,0,8.69823306404e-05,0,0.265959998204,66
"s7942",6,"SYNPCC7942_RS10260",5,1,0,5.54333033526e-18,0,0.0132275132275,0.25,0,5.54333033526e-18,0,0.263227513228,67
"s7942",6,"SYNPCC7942_RS11715",3,1,4,9.00836540385e-05,4,0.00793650793651,0.25,0.00106364119837,9.00836540385e-05,0.000984009840098,0.260074242629,68
"s7942",7,"SYNPCC7942_RS10700",253,4,2713.5,0.736973538408,3322,0.6875,1,0.907752780798,0.736973538408,0.89880952381,4.23103584302,1
"s7942",7,"SYNPCC7942_RS03160",368,4,1517.5,1,1870,1,1,0.507652421176,1,0.505952380952,4.01360480213,2
"s7942",7,"SYNPCC7942_RS00455",203,4,2989.25,0.416631387677,3696,0.551630434783,1,1,0.416631387677,1,3.96826182246,3
"s7942",7,"SYNPCC7942_RS07435",267,4,926.083333333,0.421717633907,1185,0.725543478261,1,0.309804577514,0.421717633907,0.320616883117,2.7776825728,4
"s7942",7,"SYNPCC7942_RS00645",176,4,1009,0.310013116238,1342,0.478260869565,1,0.337542861922,0.310013116238,0.363095238095,2.48891208582,5
"s7942",7,"SYNPCC7942_RS09740",179,4,680.5,0.406776327132,879,0.486413043478,1,0.227649075855,0.406776327132,0.237824675325,2.35866312179,6
"s7942",7,"SYNPCC7942_RS05870",143,4,337.916666667,0.35481742224,448,0.388586956522,1,0.11304396309,0.35481742224,0.121212121212,1.97766046306,7
"s7942",7,"SYNPCC7942_RS03465",125,4,522.333333333,0.0601922815844,702,0.339673913043,1,0.174737252934,0.0601922815844,0.189935064935,1.7645385125,8
"s7942",7,"SYNPCC7942_RS09065",61,4,772.333333333,0.00828854128105,1121,0.165760869565,1,0.25837027125,0.00828854128105,0.303300865801,1.7357205479,9
"s7942",7,"SYNPCC7942_RS03075",116,4,496.333333333,0.00746001777629,758,0.315217391304,1,0.166039419029,0.00746001777629,0.205086580087,1.6938034082,10
"s7942",7,"SYNPCC7942_RS02830",95,4,435.333333333,0.00191228140572,648,0.258152173913,1,0.14563296256,0.00191228140572,0.175324675325,1.5810220932,11
"s7942",7,"SYNPCC7942_RS09380",98,4,315.666666667,0.0032570562972,568,0.266304347826,1,0.10560062446,0.0032570562972,0.15367965368,1.52884168226,12
"s7942",7,"SYNPCC7942_RS03325",61,4,134,0.180015538972,253,0.165760869565,1,0.0448272978172,0.180015538972,0.0684523809524,1.45905608731,13
"s7942",7,"SYNPCC7942_RS07185",141,3,283.5,0.0627729281702,285,0.383152173913,0.75,0.0948398427699,0.0627729281702,0.0771103896104,1.36787533446,14
"s7942",7,"SYNPCC7942_RS00380",48,4,138,0.133732852858,164,0.130434782609,1,0.0461654261102,0.133732852858,0.0443722943723,1.35470535595,15
"s7942",7,"SYNPCC7942_RS06370",44,4,69,0.0751320514906,92,0.119565217391,1,0.0230827130551,0.0751320514906,0.0248917748918,1.24267175683,16
"s7942",7,"SYNPCC7942_RS02895",58,3,222.5,0.0601644575173,346,0.157608695652,0.75,0.0744333863009,0.0601644575173,0.0936147186147,1.13582125808,17
"s7942",7,"SYNPCC7942_RS12560",123,3,0,0.00650181028949,0,0.334239130435,0.75,0,0.00650181028949,0,1.09074094072,18
"s7942",7,"SYNPCC7942_RS09620",46,3,216,0.0112760935629,216,0.125,0.75,0.0722589278247,0.0112760935629,0.0584415584416,1.01697657983,19
"s7942",7,"SYNPCC7942_RS08885",86,3,0,0.00782642168872,0,0.233695652174,0.75,0,0.00782642168872,0,0.991522073863,20
"s7942",7,"SYNPCC7942_RS09760",43,3,97.5,0.000495459627048,99,0.116847826087,0.75,0.0326168771431,0.000495459627048,0.0267857142857,0.926745877143,21
"s7942",7,"SYNPCC7942_RS03955",42,3,78,0.000898615120694,78,0.114130434783,0.75,0.0260935017145,0.000898615120694,0.0211038961039,0.912226447722,22
"s7942",7,"SYNPCC7942_RS13165",36,3,61,6.06696757179e-05,62,0.0978260869565,0.75,0.020406456469,6.06696757179e-05,0.0167748917749,0.885068104876,23
"s7942",7,"SYNPCC7942_RS09435",37,3,48,0.00442002153305,48,0.100543478261,0.75,0.0160575395166,0.00442002153305,0.012987012987,0.884008052298,24
"s7942",7,"SYNPCC7942_RS09160",49,3,0,0.000365096488513,0,0.133152173913,0.75,0,0.000365096488513,0,0.883517270402,25
"s7942",7,"SYNPCC7942_RS03440",33,3,27,0.00478559252631,27,0.0896739130435,0.75,0.00903236597809,0.00478559252631,0.00730519480519,0.860797066353,26
"s7942",7,"SYNPCC7942_RS12275",34,3,17,0.00737174475637,17,0.0923913043478,0.75,0.00568704524546,0.00737174475637,0.00459956709957,0.860049661449,27
"s7942",7,"SYNPCC7942_RS10040",19,3,91,0.000308050947371,91,0.0516304347826,0.75,0.0304424186669,0.000308050947371,0.0246212121212,0.857002116518,28
"s7942",7,"SYNPCC7942_RS11465",30,3,21.5,0.00463343631183,22,0.0815217391304,0.75,0.00719243957514,0.00463343631183,0.00595238095238,0.84929999597,29
"s7942",7,"SYNPCC7942_RS04225",19,3,69,2.17280066505e-05,69,0.0516304347826,0.75,0.0230827130551,2.17280066505e-05,0.0186688311688,0.843403707013,30
"s7942",7,"SYNPCC7942_RS08405",26,3,35.5,0.000513889059723,37,0.070652173913,0.75,0.0118758886008,0.000513889059723,0.0100108225108,0.843052774084,31
"s7942",7,"SYNPCC7942_RS00765",28,3,26,0.000505656911312,26,0.0760869565217,0.75,0.00869783390483,0.000505656911312,0.00703463203463,0.842325079372,32
"s7942",7,"SYNPCC7942_RS07805",20,3,50,9.4082786135e-05,50,0.054347826087,0.75,0.0167266036631,9.4082786135e-05,0.0135281385281,0.834696651064,33
"s7942",7,"SYNPCC7942_RS06700",14,3,72,4.94570822196e-05,72,0.0380434782609,0.75,0.0240863092749,4.94570822196e-05,0.0194805194805,0.831659764099,34
"s7942",7,"SYNPCC7942_RS05640",24,3,0,0.010849388781,0,0.0652173913043,0.75,0,0.010849388781,0,0.826066780085,35
"s7942",7,"SYNPCC7942_RS10340",27,3,0,0.00109228912336,0,0.0733695652174,0.75,0,0.00109228912336,0,0.824461854341,36
"s7942",7,"SYNPCC7942_RS10165",11,3,31.75,0.0236116220877,37,0.0298913043478,0.75,0.0106213933261,0.0236116220877,0.0100108225108,0.824135142272,37
"s7942",7,"SYNPCC7942_RS03530",19,3,21.5,0.00100563653846,23,0.0516304347826,0.75,0.00719243957514,0.00100563653846,0.00622294372294,0.816051454619,38
"s7942",7,"SYNPCC7942_RS03960",11,3,58,0.000662302009629,58,0.0298913043478,0.75,0.0194028602492,0.000662302009629,0.0156926406926,0.815649107299,39
"s7942",7,"SYNPCC7942_RS09935",12,3,42,0.000496991814365,56,0.0326086956522,0.75,0.014050347077,0.000496991814365,0.0151515151515,0.812307549695,40
"s7942",7,"SYNPCC7942_RS00480",19,3,0,0.00688739657946,0,0.0516304347826,0.75,0,0.00688739657946,0,0.808517831362,41
"s7942",7,"SYNPCC7942_RS05070",20,3,0,0.00144099651611,0,0.054347826087,0.75,0,0.00144099651611,0,0.805788822603,42
"s7942",7,"SYNPCC7942_RS08780",17,3,13,9.17478015192e-06,15,0.0461956521739,0.75,0.00434891695241,9.17478015192e-06,0.00405844155844,0.804612185465,43
"s7942",7,"SYNPCC7942_RS08820",12,3,27,0.000249871204921,27,0.0326086956522,0.75,0.00903236597809,0.000249871204921,0.00730519480519,0.79919612764,44
"s7942",7,"SYNPCC7942_RS07940",9,3,30,0.000212659300903,40,0.0244565217391,0.75,0.0100359621979,0.000212659300903,0.0108225108225,0.79552765406,45
"s7942",7,"SYNPCC7942_RS08645",13,3,6.5,0.00120821681894,7,0.0353260869565,0.75,0.00217445847621,0.00120821681894,0.00189393939394,0.790602701646,46
"s7942",7,"SYNPCC7942_RS09990",4,3,30,0.000180233617816,30,0.0108695652174,0.75,0.0100359621979,0.000180233617816,0.00811688311688,0.77920264415,47
"s7942",7,"SYNPCC7942_RS13695",6,3,8,0.000852863358598,8,0.0163043478261,0.75,0.0026762565861,0.000852863358598,0.0021645021645,0.771997969935,48
"s7942",7,"SYNPCC7942_RS03260",44,2,0,0.00464543656531,0,0.119565217391,0.5,0,0.00464543656531,0,0.624210653956,49
"s7942",7,"SYNPCC7942_RS10170",25,2,66,0.00294596461705,66,0.0679347826087,0.5,0.0220791168353,0.00294596461705,0.0178571428571,0.610817006918,50
"s7942",7,"SYNPCC7942_RS09500",27,2,45,5.57992955373e-06,46,0.0733695652174,0.5,0.0150539432968,5.57992955373e-06,0.0124458874459,0.60087497589,51
"s7942",7,"SYNPCC7942_RS11970",22,2,0,5.19017609739e-05,0,0.0597826086957,0.5,0,5.19017609739e-05,0,0.559834510457,52
"s7942",7,"SYNPCC7942_RS08850",15,2,22,0.000251953274968,22,0.0407608695652,0.5,0.00735970561178,0.000251953274968,0.00595238095238,0.554324909404,53
"s7942",7,"SYNPCC7942_RS10350",17,2,0,0.00734868074502,0,0.0461956521739,0.5,0,0.00734868074502,0,0.553544332919,54
"s7942",7,"SYNPCC7942_RS00560",16,2,0,0.00278643219156,0,0.0434782608696,0.5,0,0.00278643219156,0,0.546264693061,55
"s7942",7,"SYNPCC7942_RS12285",14,2,0,0.00147942951338,0,0.0380434782609,0.5,0,0.00147942951338,0,0.539522907774,56
"s7942",7,"SYNPCC7942_RS12535",12,2,10,5.43159081017e-05,10,0.0326086956522,0.5,0.00334532073263,5.43159081017e-05,0.00270562770563,0.538713959999,57
"s7942",7,"SYNPCC7942_RS11050",13,2,0,9.92792280722e-06,0,0.0353260869565,0.5,0,9.92792280722e-06,0,0.535336014879,58
"s7942",7,"SYNPCC7942_RS05195",3,2,8,0.0170940690573,8,0.00815217391304,0.5,0.0026762565861,0.0170940690573,0.0021645021645,0.530087001721,59
"s7942",7,"SYNPCC7942_RS05230",8,2,6,0.000983710264104,6,0.0217391304348,0.5,0.00200719243958,0.000983710264104,0.00162337662338,0.526353409762,60
"s7942",7,"SYNPCC7942_RS08580",8,2,0,0.000766921403387,0,0.0217391304348,0.5,0,0.000766921403387,0,0.522506051838,61
"s7942",7,"SYNPCC7942_RS07720",8,2,0,0.000146524178336,0,0.0217391304348,0.5,0,0.000146524178336,0,0.521885654613,62
"s7942",7,"SYNPCC7942_RS11030",5,2,0,1.26378504245e-07,0,0.0135869565217,0.5,0,1.26378504245e-07,0,0.5135870829,63
"s7942",7,"SYNPCC7942_RS04835",3,2,0,3.38491456064e-05,0,0.00815217391304,0.5,0,3.38491456064e-05,0,0.508186023059,64
"s7942",7,"SYNPCC7942_RS06230",2,2,0,0.000288918899599,0,0.0054347826087,0.5,0,0.000288918899599,0,0.505723701508,65
"s7942",7,"SYNPCC7942_RS06365",6,1,35,0.0125831252082,35,0.0163043478261,0.25,0.0117086225642,0.0125831252082,0.0094696969697,0.300065792568,66
"s7942",7,"SYNPCC7942_RS10260",5,1,0,0.000664719699533,0,0.0135869565217,0.25,0,0.000664719699533,0,0.264251676221,67
"s7942",7,"SYNPCC7942_RS11715",3,1,4,0.000187149118705,4,0.00815217391304,0.25,0.00133812829305,0.000187149118705,0.00108225108225,0.260759702407,68
"s7942",8,"SYNPCC7942_RS03160",376,4,3681.83333333,1,3869,1,1,1,1,0.976773542035,4.97677354203,1
"s7942",8,"SYNPCC7942_RS10700",245,4,3658.66666667,0.684737503045,3897,0.651595744681,1,0.993707844825,0.684737503045,0.983842464024,4.31388355658,2
"s7942",8,"SYNPCC7942_RS00455",204,4,3678.83333333,0.393064356217,3961,0.542553191489,1,0.999185188538,0.393064356217,1,3.93480273624,3
"s7942",8,"SYNPCC7942_RS00645",161,4,2054.16666667,0.280283920784,2264,0.428191489362,1,0.557919514736,0.280283920784,0.571572835143,2.83796776002,4
"s7942",8,"SYNPCC7942_RS07435",272,4,773.166666667,0.41710132945,911,0.723404255319,1,0.209995020597,0.41710132945,0.229992426155,2.58049303152,5
"s7942",8,"SYNPCC7942_RS09740",176,4,613.333333333,0.346682146541,638,0.468085106383,1,0.16658367661,0.346682146541,0.161070436758,2.14242136629,6
"s7942",8,"SYNPCC7942_RS05870",147,4,545.5,0.359161548248,634,0.390957446809,1,0.148159884116,0.359161548248,0.16006059076,2.05833946993,7
"s7942",8,"SYNPCC7942_RS03325",56,4,878.5,0.164899737131,926,0.148936170213,1,0.238603956363,0.164899737131,0.233779348649,1.78621921236,8
"s7942",8,"SYNPCC7942_RS03465",120,4,333,0.0476581219338,421,0.31914893617,1,0.0904440722467,0.0476581219338,0.106286291341,1.56353742169,9
"s7942",8,"SYNPCC7942_RS03075",116,4,330.666666667,0.00670321800094,479,0.308510638298,1,0.0898103299988,0.00670321800094,0.120929058319,1.52595324462,10
"s7942",8,"SYNPCC7942_RS00380",50,4,219.333333333,0.163131631263,277,0.132978723404,1,0.0595717713095,0.163131631263,0.0699318353951,1.42561396137,11
"s7942",8,"SYNPCC7942_RS09380",97,4,178.5,0.00318658691058,319,0.257978723404,1,0.0484812819701,0.00318658691058,0.0805352183792,1.39018181066,12
"s7942",8,"SYNPCC7942_RS09065",53,4,367.666666667,0.00728258805939,506,0.140957446809,1,0.0998596713596,0.00728258805939,0.127745518808,1.37584522504,13
"s7942",8,"SYNPCC7942_RS02830",99,4,145.666666667,0.00400699426337,197,0.26329787234,1,0.0395636231951,0.00400699426337,0.0497349154254,1.35660340522,14
"s7942",8,"SYNPCC7942_RS07185",134,3,280,0.0565226854724,280,0.356382978723,0.75,0.076049069757,0.0565226854724,0.070689219894,1.30964395385,15
"s7942",8,"SYNPCC7942_RS06370",48,4,76.5,0.0649531863047,78,0.127659574468,1,0.0207776922729,0.0649531863047,0.0196919969705,1.23308245002,16
"s7942",8,"SYNPCC7942_RS02895",57,3,326.166666667,0.0598599467,411,0.151595744681,0.75,0.0885881128063,0.0598599467,0.103761676344,1.15380548053,17
"s7942",8,"SYNPCC7942_RS12560",124,3,0,0.00665602722575,0,0.329787234043,0.75,0,0.00665602722575,0,1.08644326127,18
"s7942",8,"SYNPCC7942_RS09760",46,3,314,0.000470229970578,315,0.122340425532,0.75,0.085283599656,0.000470229970578,0.0795253723807,1.03761962754,19
"s7942",8,"SYNPCC7942_RS09620",48,3,262,0.00920509608833,262,0.127659574468,0.75,0.0711602009869,0.00920509608833,0.0661449129008,1.02416978444,20
"s7942",8,"SYNPCC7942_RS08885",90,3,0,0.00735148978995,0,0.239361702128,0.75,0,0.00735148978995,0,0.996713191918,21
"s7942",8,"SYNPCC7942_RS10340",27,3,316,0.000316042722351,316,0.0718085106383,0.75,0.0858268072972,0.000316042722351,0.0797778338803,0.987729194538,22
"s7942",8,"SYNPCC7942_RS03955",46,3,204,0.000795096085354,204,0.122340425532,0.75,0.0554071793944,0.000795096085354,0.0515021459227,0.980044846934,23
"s7942",8,"SYNPCC7942_RS08820",18,3,281,0.000951415938653,281,0.0478723404255,0.75,0.0763206735775,0.000951415938653,0.0709416813936,0.946086111335,24
"s7942",8,"SYNPCC7942_RS10040",17,3,254,0.000390293033173,254,0.0452127659574,0.75,0.0689873704224,0.000390293033173,0.0641252209038,0.928715650317,25
"s7942",8,"SYNPCC7942_RS13165",35,3,134.5,9.7575903444e-05,135,0.093085106383,0.75,0.0365307138654,9.7575903444e-05,0.0340823024489,0.913795698601,26
"s7942",8,"SYNPCC7942_RS09160",51,3,0,0.000456959116949,0,0.135638297872,0.75,0,0.000456959116949,0,0.886095256989,27
"s7942",8,"SYNPCC7942_RS09435",37,3,48,0.00371675806663,48,0.0984042553191,0.75,0.0130369833869,0.00371675806663,0.0121181519818,0.877276148754,28
"s7942",8,"SYNPCC7942_RS03440",37,3,28,0.00341672771548,28,0.0984042553191,0.75,0.0076049069757,0.00341672771548,0.0070689219894,0.866494812,29
"s7942",8,"SYNPCC7942_RS08405",26,3,84,0.00086860549219,85,0.0691489361702,0.75,0.0228147209271,0.00086860549219,0.0214592274678,0.864291490057,30
"s7942",8,"SYNPCC7942_RS06700",15,3,134,5.1896465073e-05,134,0.0398936170213,0.75,0.0363949119551,5.1896465073e-05,0.0338298409493,0.860170266391,31
"s7942",8,"SYNPCC7942_RS12275",34,3,16,0.00592972496945,16,0.0904255319149,0.75,0.00434566112897,0.00592972496945,0.00403938399394,0.854740302007,32
"s7942",8,"SYNPCC7942_RS00765",27,3,51,0.000556840351787,51,0.0718085106383,0.75,0.0138517948486,0.000556840351787,0.0128755364807,0.849092682319,33
"s7942",8,"SYNPCC7942_RS04225",14,3,103,7.78217093649e-06,103,0.0372340425532,0.75,0.0279751935177,7.78217093649e-06,0.026003534461,0.841220552703,34
"s7942",8,"SYNPCC7942_RS07805",20,3,49,8.51268396193e-05,49,0.0531914893617,0.75,0.0133085872075,8.51268396193e-05,0.0123706134814,0.82895581689,35
"s7942",8,"SYNPCC7942_RS10165",11,3,46,0.0203930390526,47,0.0292553191489,0.75,0.0124937757458,0.0203930390526,0.0118656904822,0.82400782443,36
"s7942",8,"SYNPCC7942_RS05640",24,3,0,0.00961746005888,0,0.063829787234,0.75,0,0.00961746005888,0,0.823447247293,37
"s7942",8,"SYNPCC7942_RS08645",19,3,22.5,0.000712210674438,23,0.0505319148936,0.75,0.00611108596261,0.000712210674438,0.00580661449129,0.813161826022,38
"s7942",8,"SYNPCC7942_RS09935",13,3,45.5,0.000427362426927,55,0.0345744680851,0.75,0.0123579738355,0.000427362426927,0.0138853824792,0.811245186827,39
"s7942",8,"SYNPCC7942_RS00480",19,3,0,0.00753911391233,0,0.0505319148936,0.75,0,0.00753911391233,0,0.808071028806,40
"s7942",8,"SYNPCC7942_RS05070",21,3,0,0.00155382501385,0,0.0558510638298,0.75,0,0.00155382501385,0,0.807404888844,41
"s7942",8,"SYNPCC7942_RS08780",16,3,12.5,4.61401623361e-06,14,0.0425531914894,0.75,0.00339504775701,4.61401623361e-06,0.0035344609947,0.799487314257,42
"s7942",8,"SYNPCC7942_RS03530",15,3,16,0.000583057328089,16,0.0398936170213,0.75,0.00434566112897,0.000583057328089,0.00403938399394,0.798861719472,43
"s7942",8,"SYNPCC7942_RS00560",15,3,0,0.00784073731493,0,0.0398936170213,0.75,0,0.00784073731493,0,0.797734354336,44
"s7942",8,"SYNPCC7942_RS12535",11,3,34,6.68815763966e-05,34,0.0292553191489,0.75,0.00923452989906,6.68815763966e-05,0.00858369098712,0.797140421611,45
"s7942",8,"SYNPCC7942_RS09990",4,3,36,0.000152830483174,36,0.0106382978723,0.75,0.00977773754018,0.000152830483174,0.00908861398637,0.779657479882,46
"s7942",8,"SYNPCC7942_RS05230",7,3,4,0.00093355584645,4,0.0186170212766,0.75,0.00108641528224,0.00093355584645,0.00100984599849,0.771646838404,47
"s7942",8,"SYNPCC7942_RS03260",48,2,0,0.00619962175943,0,0.127659574468,0.5,0,0.00619962175943,0,0.633859196227,48
"s7942",8,"SYNPCC7942_RS10170",25,2,69,0.00256244807691,69,0.0664893617021,0.5,0.0187406636187,0.00256244807691,0.0174198434739,0.605212316872,49
"s7942",8,"SYNPCC7942_RS09500",28,2,49,1.16433395729e-05,50,0.0744680851064,0.5,0.0133085872075,1.16433395729e-05,0.0126230749811,0.600411390635,50
"s7942",8,"SYNPCC7942_RS11465",30,2,22.5,0.00204716733556,23,0.0797872340426,0.5,0.00611108596261,0.00204716733556,0.00580661449129,0.593752101832,51
"s7942",8,"SYNPCC7942_RS03960",9,2,85,0.000686393837382,85,0.0239361702128,0.5,0.0230863247477,0.000686393837382,0.0214592274678,0.569168116266,52
"s7942",8,"SYNPCC7942_RS10350",21,2,0,0.0107224966612,0,0.0558510638298,0.5,0,0.0107224966612,0,0.566573560491,53
"s7942",8,"SYNPCC7942_RS06365",8,2,63,0.0114966570763,63,0.0212765957447,0.5,0.0171110406953,0.0114966570763,0.0159050744761,0.565789367992,54
"s7942",8,"SYNPCC7942_RS11970",23,2,0,5.15867597055e-05,0,0.061170212766,0.5,0,5.15867597055e-05,0,0.561221799526,55
"s7942",8,"SYNPCC7942_RS07940",9,2,35,0.00184449899423,42,0.0239361702128,0.5,0.00950613371962,0.00184449899423,0.0106033829841,0.545890185911,56
"s7942",8,"SYNPCC7942_RS08850",13,2,18,0.000199873618746,18,0.0345744680851,0.5,0.00488886877009,0.000199873618746,0.00454430699318,0.544207517467,57
"s7942",8,"SYNPCC7942_RS12285",14,2,0,0.00195884436047,0,0.0372340425532,0.5,0,0.00195884436047,0,0.539192886914,58
"s7942",8,"SYNPCC7942_RS11050",13,2,0,8.92950078944e-06,0,0.0345744680851,0.5,0,8.92950078944e-06,0,0.534583397586,59
"s7942",8,"SYNPCC7942_RS05195",3,2,9,0.0146555878683,9,0.00797872340426,0.5,0.00244443438505,0.0146555878683,0.00227215349659,0.527350899154,60
"s7942",8,"SYNPCC7942_RS13695",5,2,15,0.00137459396509,15,0.0132978723404,0.5,0.00407405730841,0.00137459396509,0.00378692249432,0.522533446108,61
"s7942",8,"SYNPCC7942_RS07720",7,2,0,0.000104215665455,0,0.0186170212766,0.5,0,0.000104215665455,0,0.518721236942,62
"s7942",8,"SYNPCC7942_RS11715",4,2,6,8.46021467188e-05,6,0.0106382978723,0.5,0.00162962292336,8.46021467188e-05,0.00151476899773,0.51386729194,63
"s7942",8,"SYNPCC7942_RS11030",5,2,0,1.34016705849e-07,0,0.0132978723404,0.5,0,1.34016705849e-07,0,0.513298006357,64
"s7942",8,"SYNPCC7942_RS04835",3,2,0,2.83665127221e-05,0,0.00797872340426,0.5,0,2.83665127221e-05,0,0.508007089917,65
"s7942",8,"SYNPCC7942_RS06230",2,2,0,0.000318112291868,0,0.00531914893617,0.5,0,0.000318112291868,0,0.505637261228,66
"s7942",8,"SYNPCC7942_RS08580",7,1,0,0,0,0.0186170212766,0.25,0,0,0,0.268617021277,67
"s7942",8,"SYNPCC7942_RS10260",5,1,0,0,0,0.0132978723404,0.25,0,0,0,0.26329787234,68
"s7942",9,"SYNPCC7942_RS03160",383,4,3818.16666667,1,4079,1,1,1,1,0.98741224885,4.98741224885,1
"s7942",9,"SYNPCC7942_RS10700",248,4,3781.66666667,0.700345453974,4131,0.647519582245,1,0.990440438256,0.700345453974,1,4.33830547448,2
"s7942",9,"SYNPCC7942_RS00455",198,4,3688.33333333,0.365985766352,4044,0.516971279373,1,0.965995896807,0.365985766352,0.978939724038,3.82789266657,3
"s7942",9,"SYNPCC7942_RS00645",166,4,2159.83333333,0.264529303852,2409,0.433420365535,1,0.565672879653,0.264529303852,0.58315177923,2.84677432827,4
"s7942",9,"SYNPCC7942_RS07435",262,4,819,0.351821511593,945,0.68407310705,1,0.214500851194,0.351821511593,0.228758169935,2.47915363977,5
"s7942",9,"SYNPCC7942_RS03325",60,4,1718.16666667,0.165082125237,1866,0.156657963446,1,0.449997817452,0.165082125237,0.451706608569,2.2234445147,6
"s7942",9,"SYNPCC7942_RS09740",173,4,557.166666667,0.355158452248,586,0.451697127937,1,0.145925182243,0.355158452248,0.141854272573,2.094635035,7
"s7942",9,"SYNPCC7942_RS05870",142,4,551.333333333,0.290442953958,691,0.370757180157,1,0.144397398402,0.290442953958,0.16727184701,1.97286937953,8
"s7942",9,"SYNPCC7942_RS03465",119,4,335.666666667,0.040858797107,423,0.310704960836,1,0.087913047274,0.040858797107,0.102396514161,1.54187331938,9
"s7942",9,"SYNPCC7942_RS03075",118,4,331,0.00572304877987,482,0.308093994778,1,0.0866908202016,0.00572304877987,0.116678770274,1.51718663403,10
"s7942",9,"SYNPCC7942_RS02895",60,4,346,0.0537488989925,429,0.156657963446,1,0.0906194072198,0.0537488989925,0.103848946986,1.40487521664,11
"s7942",9,"SYNPCC7942_RS09065",57,4,370.166666667,0.00513423548328,508,0.148825065274,1,0.0969487974159,0.00513423548328,0.122972645848,1.37388074402,12
"s7942",9,"SYNPCC7942_RS09380",96,4,169,0.00267598514294,309,0.250652741514,1,0.044262080405,0.00267598514294,0.0748002904866,1.37239109755,13
"s7942",9,"SYNPCC7942_RS02830",96,4,155.166666667,0.00399180202752,206,0.250652741514,1,0.040639050155,0.00399180202752,0.0498668603244,1.34515045402,14
"s7942",9,"SYNPCC7942_RS00380",45,4,155,0.128259698389,179,0.117493472585,1,0.0405953991881,0.128259698389,0.043330912612,1.32967948277,15
"s7942",9,"SYNPCC7942_RS07185",136,3,275,0.0430011688824,276,0.355091383812,0.75,0.0720240953336,0.0430011688824,0.0668119099492,1.28692855798,16
"s7942",9,"SYNPCC7942_RS06370",46,4,84.1666666667,0.0739545290641,108,0.120104438642,1,0.0220437382688,0.0739545290641,0.0261437908497,1.24224649682,17
"s7942",9,"SYNPCC7942_RS12560",127,3,0,0.00643769014958,0,0.331592689295,0.75,0,0.00643769014958,0,1.08803037944,18
"s7942",9,"SYNPCC7942_RS08885",89,3,0,0.00844303278233,0,0.232375979112,0.75,0,0.00844303278233,0,0.990819011894,19
"s7942",9,"SYNPCC7942_RS09620",45,3,198.5,0.01167876807,199,0.117493472585,0.75,0.0519883015408,0.01167876807,0.0481723553619,0.979332897558,20
"s7942",9,"SYNPCC7942_RS03955",42,3,190,0.000764468401496,190,0.109660574413,0.75,0.0497621022305,0.000764468401496,0.0459937061244,0.956180851169,21
"s7942",9,"SYNPCC7942_RS09760",46,3,99,0.000582883373875,100,0.120104438642,0.75,0.0259286743201,0.000582883373875,0.0242072137497,0.920823210086,22
"s7942",9,"SYNPCC7942_RS13165",34,3,132,0.000112403883137,132,0.088772845953,0.75,0.0345715657602,0.000112403883137,0.0319535221496,0.905410337746,23
"s7942",9,"SYNPCC7942_RS00560",16,3,105.166666667,0.0460696250209,113,0.0417754569191,0.75,0.0275437600943,0.0460696250209,0.0273541515372,0.892742993572,24
"s7942",9,"SYNPCC7942_RS09160",49,3,0,0.000477959833737,0,0.127937336815,0.75,0,0.000477959833737,0,0.878415296649,25
"s7942",9,"SYNPCC7942_RS03440",38,3,29,0.00415257377775,29,0.0992167101828,0.75,0.00759526823518,0.00415257377775,0.00702009198741,0.867984644183,26
"s7942",9,"SYNPCC7942_RS12275",36,3,17,0.0070968962276,17,0.0939947780679,0.75,0.00445239862063,0.0070968962276,0.00411522633745,0.859659299254,27
"s7942",9,"SYNPCC7942_RS09435",39,3,0,0.00350097732012,0,0.10182767624,0.75,0,0.00350097732012,0,0.85532865356,28
"s7942",9,"SYNPCC7942_RS10040",20,3,95,0.000232309423257,95,0.0522193211488,0.75,0.0248810511153,0.000232309423257,0.0229968530622,0.85032953475,29
"s7942",9,"SYNPCC7942_RS00765",28,3,52,0.000393074564648,52,0.0731070496084,0.75,0.0136191016631,0.000393074564648,0.0125877511498,0.849706976986,30
"s7942",9,"SYNPCC7942_RS11465",32,3,18.5,0.00314082435873,19,0.0835509138381,0.75,0.00484525732245,0.00314082435873,0.00459937061244,0.846136366132,31
"s7942",9,"SYNPCC7942_RS10165",15,3,65,0.0213891962038,65,0.0391644908616,0.75,0.0170238770789,0.0213891962038,0.0157346889373,0.843312253082,32
"s7942",9,"SYNPCC7942_RS07805",21,3,53,0.000101777144534,53,0.0548302872063,0.75,0.0138810074643,0.000101777144534,0.0128298232873,0.831642895102,33
"s7942",9,"SYNPCC7942_RS08405",26,3,19,0.000557966580742,20,0.0678851174935,0.75,0.00497621022305,0.000557966580742,0.00484144274994,0.828260737047,34
"s7942",9,"SYNPCC7942_RS03960",10,3,86,0.000558686288698,86,0.0261096605744,0.75,0.0225238989043,0.000558686288698,0.0208182038247,0.820010449592,35
"s7942",9,"SYNPCC7942_RS10340",26,3,0,0.000976361348735,0,0.0678851174935,0.75,0,0.000976361348735,0,0.818861478842,36
"s7942",9,"SYNPCC7942_RS03530",19,3,21.5,0.00275462582104,23,0.0496083550914,0.75,0.00563097472609,0.00275462582104,0.00556765916243,0.813561614801,37
"s7942",9,"SYNPCC7942_RS05640",21,3,0,0.00871472373224,0,0.0548302872063,0.75,0,0.00871472373224,0,0.813545010939,38
"s7942",9,"SYNPCC7942_RS06700",13,3,56,4.9283131253e-05,56,0.0339425587467,0.75,0.0146667248679,4.9283131253e-05,0.0135560396998,0.812214606446,39
"s7942",9,"SYNPCC7942_RS05070",21,3,0,0.00380094455305,0,0.0548302872063,0.75,0,0.00380094455305,0,0.808631231759,40
"s7942",9,"SYNPCC7942_RS00480",19,3,0,0.00639661461292,0,0.0496083550914,0.75,0,0.00639661461292,0,0.806004969704,41
"s7942",9,"SYNPCC7942_RS12535",14,3,37,8.54443643785e-05,37,0.0365535248042,0.75,0.00969051464489,8.54443643785e-05,0.00895666908739,0.805286152901,42
"s7942",9,"SYNPCC7942_RS09935",11,3,40,0.000317541593589,48,0.0287206266319,0.75,0.0104762320485,0.000317541593589,0.0116194625999,0.801133862874,43
"s7942",9,"SYNPCC7942_RS08820",14,3,28,0.000259093792463,28,0.0365535248042,0.75,0.00733336243397,0.000259093792463,0.00677801984992,0.800924000881,44
"s7942",9,"SYNPCC7942_RS08645",17,3,9.5,0.0012172209895,10,0.0443864229765,0.75,0.00248810511153,0.0012172209895,0.00242072137497,0.800512470452,45
"s7942",9,"SYNPCC7942_RS09990",4,3,16,0.000144352202383,16,0.0104438642298,0.75,0.00419049281941,0.000144352202383,0.00387315419995,0.768651863452,46
"s7942",9,"SYNPCC7942_RS03260",46,2,0,0.00537536790937,0,0.120104438642,0.5,0,0.00537536790937,0,0.625479806551,47
"s7942",9,"SYNPCC7942_RS10170",26,2,69,0.0020416187101,69,0.0678851174935,0.5,0.0180715002837,0.0020416187101,0.0167029774873,0.604701213975,48
"s7942",9,"SYNPCC7942_RS09500",28,2,45.5,2.50578417375e-05,47,0.0731070496084,0.5,0.0119167139552,2.50578417375e-05,0.0113773904624,0.596426211868,49
"s7942",9,"SYNPCC7942_RS04225",16,2,102,1.36102769385e-05,102,0.0417754569191,0.5,0.0267143917238,1.36102769385e-05,0.0246913580247,0.593194816945,50
"s7942",9,"SYNPCC7942_RS06365",9,2,63,0.0114246606349,63,0.023498694517,0.5,0.0165000654764,0.0114246606349,0.0152505446623,0.566673965291,51
"s7942",9,"SYNPCC7942_RS11970",23,2,0,5.12140724781e-05,0,0.0600522193211,0.5,0,5.12140724781e-05,0,0.560103433394,52
"s7942",9,"SYNPCC7942_RS10350",17,2,0,0.011144672656,0,0.0443864229765,0.5,0,0.011144672656,0,0.555531095632,53
"s7942",9,"SYNPCC7942_RS08780",18,2,14.5,6.34629870207e-06,16,0.0469973890339,0.5,0.00379763411759,6.34629870207e-06,0.00387315419995,0.55467452365,54
"s7942",9,"SYNPCC7942_RS08850",16,2,20,0.000245051763002,20,0.0417754569191,0.5,0.00523811602427,0.000245051763002,0.00484144274994,0.552100067456,55
"s7942",9,"SYNPCC7942_RS07940",9,2,35,0.00109598051323,42,0.023498694517,0.5,0.00916670304246,0.00109598051323,0.0101670297749,0.543928407848,56
"s7942",9,"SYNPCC7942_RS12285",13,2,0,0.0012516687839,0,0.0339425587467,0.5,0,0.0012516687839,0,0.535194227531,57
"s7942",9,"SYNPCC7942_RS11050",13,2,0,7.1346884439e-06,0,0.0339425587467,0.5,0,7.1346884439e-06,0,0.533949693435,58
"s7942",9,"SYNPCC7942_RS05195",3,2,9,0.0150517127621,9,0.00783289817232,0.5,0.00235715221092,0.0150517127621,0.00217864923747,0.527420412383,59
"s7942",9,"SYNPCC7942_RS05230",7,2,5,0.000826485005887,5,0.0182767624021,0.5,0.00130952900607,0.000826485005887,0.00121036068748,0.521623137102,60
"s7942",9,"SYNPCC7942_RS13695",5,2,15,0.000627871826578,15,0.0130548302872,0.5,0.0039285870182,0.000627871826578,0.00363108206245,0.521242371194,61
"s7942",9,"SYNPCC7942_RS07720",6,2,0,9.12473941734e-05,0,0.0156657963446,0.5,0,9.12473941734e-05,0,0.515757043739,62
"s7942",9,"SYNPCC7942_RS11030",5,2,0,1.50429690701e-07,0,0.0130548302872,0.5,0,1.50429690701e-07,0,0.513054980717,63
"s7942",9,"SYNPCC7942_RS06230",3,2,0,0.000281663695924,0,0.00783289817232,0.5,0,0.000281663695924,0,0.508114561868,64
"s7942",9,"SYNPCC7942_RS04835",3,2,0,3.41286705075e-05,0,0.00783289817232,0.5,0,3.41286705075e-05,0,0.507867026843,65
"s7942",9,"SYNPCC7942_RS08580",7,1,0,2.52159586761e-17,0,0.0182767624021,0.25,0,2.52159586761e-17,0,0.268276762402,66
"s7942",9,"SYNPCC7942_RS10260",5,1,0,1.80296038157e-17,0,0.0130548302872,0.25,0,1.80296038157e-17,0,0.263054830287,67
"s7942",9,"SYNPCC7942_RS11715",2,1,0,7.70732699381e-18,0,0.00522193211488,0.25,0,7.70732699381e-18,0,0.255221932115,68
"s7942",10,"SYNPCC7942_RS03160",367,4,3793.5,1,4085,1,0.8,0.989608695653,1,0.969387755102,4.75899645076,1
"s7942",10,"SYNPCC7942_RS10700",245,4,3833.33333333,0.705775146894,4214,0.66757493188,0.8,1,0.705775146894,1,4.17335007877,2
"s7942",10,"SYNPCC7942_RS00455",206,4,3720,0.417984244433,4098,0.561307901907,0.8,0.97043478261,0.417984244433,0.972472710014,3.72219963896,3
"s7942",10,"SYNPCC7942_RS00645",170,4,2114.66666667,0.330365435683,2379,0.463215258856,0.8,0.551652173914,0.330365435683,0.564546748932,2.70977961738,4
"s7942",10,"SYNPCC7942_RS07435",267,4,798.666666667,0.454076811725,930,0.727520435967,0.8,0.208347826087,0.454076811725,0.220692928334,2.41063800211,5
"s7942",10,"SYNPCC7942_RS09740",171,4,545.333333333,0.366035390773,576,0.465940054496,0.8,0.142260869565,0.366035390773,0.136687233033,1.91092354787,6
"s7942",10,"SYNPCC7942_RS05870",157,4,540.333333333,0.351814051907,700,0.427792915531,0.8,0.140956521739,0.351814051907,0.166112956811,1.88667644599,7
"s7942",10,"SYNPCC7942_RS03325",61,4,933.666666667,0.172132815763,1067,0.16621253406,0.8,0.243565217392,0.172132815763,0.253203607024,1.63511417424,8
"s7942",10,"SYNPCC7942_RS03465",118,5,416.333333333,0.0612901292453,506,0.321525885559,1,0.108608695652,0.0612901292453,0.120075937352,1.61150064781,9
"s7942",10,"SYNPCC7942_RS03075",117,5,392.333333333,0.00880533269515,584,0.318801089918,1,0.102347826087,0.00880533269515,0.138585666825,1.56853991553,10
"s7942",10,"SYNPCC7942_RS09065",57,5,629.333333333,0.00788204171812,857,0.155313351499,1,0.164173913044,0.00788204171812,0.203369719981,1.53073902624,11
"s7942",10,"SYNPCC7942_RS09380",98,5,234.666666667,0.0042477772507,417,0.267029972752,1,0.0612173913045,0.0042477772507,0.0989558614143,1.43145100272,12
"s7942",10,"SYNPCC7942_RS12560",128,3,888,0.0091438849157,892,0.348773841962,0.6,0.231652173913,0.0091438849157,0.211675367822,1.40124526861,13
"s7942",10,"SYNPCC7942_RS02830",95,5,167.333333333,0.00491093190417,246,0.258855585831,1,0.043652173913,0.00491093190417,0.0583768391077,1.36579553076,14
"s7942",10,"SYNPCC7942_RS02895",59,4,340,0.069000140859,427,0.160762942779,0.8,0.088695652174,0.069000140859,0.101328903654,1.21978763947,15
"s7942",10,"SYNPCC7942_RS07185",144,3,286.5,0.0545075679611,287,0.392370572207,0.6,0.0747391304348,0.0545075679611,0.0681063122924,1.1897235829,16
"s7942",10,"SYNPCC7942_RS00380",45,4,136.833333333,0.147638934688,156,0.122615803815,0.8,0.0356956521739,0.147638934688,0.0370194589464,1.14296984962,17
"s7942",10,"SYNPCC7942_RS08405",28,3,831,0.0015049435026,836,0.0762942779292,0.6,0.216782608696,0.0015049435026,0.198386331277,1.0929681614,18
"s7942",10,"SYNPCC7942_RS06370",43,4,96.5,0.0786558192004,119,0.117166212534,0.8,0.0251739130435,0.0786558192004,0.0282392026578,1.04923514744,19
"s7942",10,"SYNPCC7942_RS09620",44,3,532.5,0.0109473716414,534,0.119891008174,0.6,0.138913043478,0.0109473716414,0.126720455624,0.996471878917,20
"s7942",10,"SYNPCC7942_RS03260",47,3,318,0.00842023300968,318,0.128065395095,0.6,0.0829565217392,0.00842023300968,0.0754627432368,0.894904893081,21
"s7942",10,"SYNPCC7942_RS08885",87,3,0,0.00816846310213,0,0.237057220708,0.6,0,0.00816846310213,0,0.84522568381,22
"s7942",10,"SYNPCC7942_RS03955",45,3,204,0.000932368911174,204,0.122615803815,0.6,0.0532173913044,0.000932368911174,0.0484100616991,0.82517562573,23
"s7942",10,"SYNPCC7942_RS09760",46,3,150,0.000597464387951,151,0.125340599455,0.6,0.0391304347826,0.000597464387951,0.0358329378263,0.800901436452,24
"s7942",10,"SYNPCC7942_RS13165",35,3,140.5,0.000134311738438,141,0.0953678474114,0.6,0.0366521739131,0.000134311738438,0.0334598955861,0.765614228649,25
"s7942",10,"SYNPCC7942_RS00560",15,3,92.1666666667,0.0485041451382,96,0.0408719346049,0.6,0.0240434782609,0.0485041451382,0.0227812055055,0.73620076351,26
"s7942",10,"SYNPCC7942_RS09160",49,3,0,0.000768133462852,0,0.133514986376,0.6,0,0.000768133462852,0,0.734283119839,27
"s7942",10,"SYNPCC7942_RS09435",36,3,47,0.00499641809157,47,0.0980926430518,0.6,0.0122608695652,0.00499641809157,0.0111532985287,0.726503229237,28
"s7942",10,"SYNPCC7942_RS03440",38,3,30,0.00361475509393,30,0.103542234332,0.6,0.00782608695653,0.00361475509393,0.00711912672046,0.722102203103,29
"s7942",10,"SYNPCC7942_RS12275",37,3,18,0.00626106988379,18,0.100817438692,0.6,0.00469565217392,0.00626106988379,0.00427147603227,0.716045636782,30
"s7942",10,"SYNPCC7942_RS00765",26,3,67,0.000396013130509,69,0.0708446866485,0.6,0.0174782608696,0.000396013130509,0.016373991457,0.705092952106,31
"s7942",10,"SYNPCC7942_RS11465",32,3,25.5,0.00228183367704,26,0.0871934604905,0.6,0.00665217391305,0.00228183367704,0.00616990982439,0.702297377905,32
"s7942",10,"SYNPCC7942_RS04225",17,3,106,2.67417252243e-05,106,0.0463215258856,0.6,0.0276521739131,2.67417252243e-05,0.0251542477456,0.69915468927,33
"s7942",10,"SYNPCC7942_RS10040",16,3,82,0.000243751227533,84,0.0435967302452,0.6,0.0213913043478,0.000243751227533,0.0199335548173,0.685165340638,34
"s7942",10,"SYNPCC7942_RS10165",13,3,48,0.0251996139595,48,0.0354223433243,0.6,0.0125217391304,0.0251996139595,0.0113906027527,0.684534299167,35
"s7942",10,"SYNPCC7942_RS06700",14,3,85,5.14002952887e-05,85,0.0381471389646,0.6,0.0221739130435,5.14002952887e-05,0.0201708590413,0.680543311345,36
"s7942",10,"SYNPCC7942_RS07805",20,3,49,0.000100268050406,50,0.0544959128065,0.6,0.0127826086957,0.000100268050406,0.0118652112008,0.679244000753,37
"s7942",10,"SYNPCC7942_RS03960",11,3,89,0.000694325253937,89,0.0299727520436,0.6,0.0232173913044,0.000694325253937,0.0211200759374,0.675004544539,38
"s7942",10,"SYNPCC7942_RS05640",22,3,0,0.0105024516758,0,0.0599455040872,0.6,0,0.0105024516758,0,0.670447955763,39
"s7942",10,"SYNPCC7942_RS03530",20,3,24,0.00321343895072,26,0.0544959128065,0.6,0.00626086956522,0.00321343895072,0.00616990982439,0.670140131147,40
"s7942",10,"SYNPCC7942_RS10340",25,3,0,0.00125696429831,0,0.0681198910082,0.6,0,0.00125696429831,0,0.669376855307,41
"s7942",10,"SYNPCC7942_RS00480",20,3,0,0.0083081868617,0,0.0544959128065,0.6,0,0.0083081868617,0,0.662804099668,42
"s7942",10,"SYNPCC7942_RS05070",22,3,0,0.00238119319437,0,0.0599455040872,0.6,0,0.00238119319437,0,0.662326697282,43
"s7942",10,"SYNPCC7942_RS12535",14,3,32,0.000108054401742,34,0.0381471389646,0.6,0.00834782608696,0.000108054401742,0.00806834361652,0.65467136307,44
"s7942",10,"SYNPCC7942_RS08780",17,3,13,6.38866344189e-06,15,0.0463215258856,0.6,0.00339130434783,6.38866344189e-06,0.00355956336023,0.653278782257,45
"s7942",10,"SYNPCC7942_RS08820",13,3,28,0.000350329207376,29,0.0354223433243,0.6,0.00730434782609,0.000350329207376,0.00688182249644,0.649958842854,46
"s7942",10,"SYNPCC7942_RS08645",16,3,7.5,0.00151699462191,8,0.0435967302452,0.6,0.00195652173913,0.00151699462191,0.00189843379212,0.648968680398,47
"s7942",10,"SYNPCC7942_RS09935",10,3,35,0.00035818761814,42,0.0272479564033,0.6,0.00913043478262,0.00035818761814,0.00996677740864,0.646703356213,48
"s7942",10,"SYNPCC7942_RS09990",4,3,31,0.000208461436076,31,0.0108991825613,0.6,0.00808695652175,0.000208461436076,0.00735643094447,0.626551031464,49
"s7942",10,"SYNPCC7942_RS10170",24,2,60,0.00274039210393,60,0.0653950953678,0.4,0.0156521739131,0.00274039210393,0.0142382534409,0.498025914826,50
"s7942",10,"SYNPCC7942_RS09500",27,2,43.5,1.04862561799e-05,45,0.0735694822888,0.4,0.011347826087,1.04862561799e-05,0.0106786900807,0.495606484713,51
"s7942",10,"SYNPCC7942_RS10350",21,2,0,0.0132784336641,0,0.0572207084469,0.4,0,0.0132784336641,0,0.470499142111,52
"s7942",10,"SYNPCC7942_RS11970",21,2,0,7.78148631032e-05,0,0.0572207084469,0.4,0,7.78148631032e-05,0,0.45729852331,53
"s7942",10,"SYNPCC7942_RS08850",15,2,22,0.000245165638569,22,0.0408719346049,0.4,0.00573913043479,0.000245165638569,0.00522069292833,0.452076923607,54
"s7942",10,"SYNPCC7942_RS12285",15,2,0,0.00158489472702,0,0.0408719346049,0.4,0,0.00158489472702,0,0.442456829332,55
"s7942",10,"SYNPCC7942_RS05195",4,2,27,0.0151707748891,27,0.0108991825613,0.4,0.00704347826088,0.0151707748891,0.00640721404841,0.43952064976,56
"s7942",10,"SYNPCC7942_RS07940",7,2,30,0.000355343845165,40,0.0190735694823,0.4,0.00782608695653,0.000355343845165,0.00949216896061,0.436747169245,57
"s7942",10,"SYNPCC7942_RS11050",13,2,0,9.93243955459e-06,0,0.0354223433243,0.4,0,9.93243955459e-06,0,0.435432275764,58
"s7942",10,"SYNPCC7942_RS13695",5,2,15,0.000923173489415,15,0.0136239782016,0.4,0.00391304347826,0.000923173489415,0.00355956336023,0.42201975853,59
"s7942",10,"SYNPCC7942_RS07720",8,2,0,0.000150241221559,0,0.0217983651226,0.4,0,0.000150241221559,0,0.421948606344,60
"s7942",10,"SYNPCC7942_RS11715",6,2,10,9.64960884324e-05,10,0.016348773842,0.4,0.00260869565218,9.64960884324e-05,0.00237304224015,0.421427007823,61
"s7942",10,"SYNPCC7942_RS05230",5,2,3,0.000224986019449,3,0.0136239782016,0.4,0.000782608695653,0.000224986019449,0.000711912672046,0.415343485589,62
"s7942",10,"SYNPCC7942_RS11030",5,2,0,1.85423070658e-07,0,0.0136239782016,0.4,0,1.85423070658e-07,0,0.413624163625,63
"s7942",10,"SYNPCC7942_RS04835",3,2,0,3.28287718838e-05,0,0.00817438692098,0.4,0,3.28287718838e-05,0,0.408207215693,64
"s7942",10,"SYNPCC7942_RS06230",2,2,0,0.000357251235805,0,0.00544959128065,0.4,0,0.000357251235805,0,0.405806842516,65
"s7942",10,"SYNPCC7942_RS06365",6,1,45,0.0137367626107,45,0.016348773842,0.2,0.0117391304348,0.0137367626107,0.0106786900807,0.252503356968,66
"s7942",10,"SYNPCC7942_RS08580",7,1,0,1.91242567301e-17,0,0.0190735694823,0.2,0,1.91242567301e-17,0,0.219073569482,67
"s7942",10,"SYNPCC7942_RS10260",5,1,0,1.2543244402e-17,0,0.0136239782016,0.2,0,1.2543244402e-17,0,0.213623978202,68
"s7942",10,"SYNPCC7942_RS03565",1,1,0,2.58987416721e-18,0,0.00272479564033,0.2,0,2.58987416721e-18,0,0.20272479564,69
"s6803",1,"SGL_RS15805",256,3,2114,0.952929499129,2177,0.914285714286,1,0.649861666154,0.952929499129,0.650627615063,4.16770449463,1
"s6803",1,"SGL_RS12430",280,3,736.5,1,737,1,1,0.226406394098,1,0.220263000598,3.4466693947,2
"s6803",1,"SGL_RS10605",92,3,2602,0.23407567812,2693,0.328571428571,1,0.799877036582,0.23407567812,0.804841601913,3.16736574519,3
"s6803",1,"SGL_RS01955",30,3,3253,0.0298396071402,3346,0.107142857143,1,1,0.0298396071402,1,3.13698246428,4
"s6803",1,"SGL_RS01980",91,3,2821,0.00301597573897,2945,0.325,1,0.867199508146,0.00301597573897,0.880155409444,3.07537089333,5
"s6803",1,"SGL_RS00400",156,3,2135.5,0.00304555726003,2208,0.557142857143,1,0.656470949892,0.00304555726003,0.659892408846,2.87655177314,6
"s6803",1,"SGL_RS02020",27,3,2466,0.00273692802779,2573,0.0964285714286,1,0.758069474331,0.00273692802779,0.768977884041,2.62621285783,7
"s6803",1,"SGL_RS17760",115,3,1432,0.132688697616,1442,0.410714285714,1,0.440209037811,0.132688697616,0.430962343096,2.41457436424,8
"s6803",1,"SGL_RS15210",80,3,1673,0.05483828759,1678,0.285714285714,1,0.514294497387,0.05483828759,0.501494321578,2.35634139227,9
"s6803",1,"SGL_RS08835",72,3,1508,0.0289256376722,1518,0.257142857143,1,0.463572087304,0.0289256376722,0.453676031082,2.2033166132,10
"s6803",1,"SGL_RS06410",101,3,1135,0.0168386587933,1140,0.360714285714,1,0.348908699662,0.0168386587933,0.340705319785,2.06716696395,11
"s6803",1,"SGL_RS10820",124,3,817,0.0373042003413,818,0.442857142857,1,0.251152782047,0.0373042003413,0.244471010161,1.97578513541,12
"s6803",1,"SGL_RS09285",111,3,198.5,0.310968040297,211,0.396428571429,1,0.0610205963726,0.310968040297,0.0630603705918,1.83147757869,13
"s6803",1,"SGL_RS00320",80,3,753,0.0015126174135,784,0.285714285714,1,0.231478635106,0.0015126174135,0.234309623431,1.75301516166,14
"s6803",1,"SGL_RS15965",116,3,549,0.00311364209364,556,0.414285714286,1,0.168767291731,0.00311364209364,0.166168559474,1.75233520758,15
"s6803",1,"SGL_RS14385",53,3,499.5,0.165349440097,517,0.189285714286,1,0.153550568706,0.165349440097,0.154512851166,1.66269857425,16
"s6803",1,"SGL_RS12595",63,3,317.5,0.238142987245,324,0.225,1,0.0976022133415,0.238142987245,0.0968320382546,1.65757723884,17
"s6803",1,"SGL_RS13130",52,3,696,0.0219232848645,697,0.185714285714,1,0.213956347986,0.0219232848645,0.208308427974,1.62990234654,18
"s6803",1,"SGL_RS00515",51,3,733,0.000367431737576,739,0.182142857143,1,0.225330464187,0.000367431737576,0.220860729229,1.6287014823,19
"s6803",1,"SGL_RS03065",70,3,425,0.120980482381,425,0.25,1,0.130648632032,0.120980482381,0.12701733413,1.62864644854,20
"s6803",1,"SGL_RS17395",90,3,366.5,0.000990502949976,370,0.321428571429,1,0.112665232093,0.000990502949976,0.110579796772,1.54566410324,21
"s6803",1,"SGL_RS00455",74,3,405.5,0.000565786149622,422,0.264285714286,1,0.124654165386,0.000565786149622,0.126120741184,1.51562640701,22
"s6803",1,"SGL_RS16495",68,3,408.5,0.00022593774981,411,0.242857142857,1,0.125576391024,0.00022593774981,0.122833233712,1.49149270534,23
"s6803",1,"SGL_RS04055",73,3,365,0.000554942127497,367,0.260714285714,1,0.112204119275,0.000554942127497,0.109683203825,1.48315655094,24
"s6803",1,"SGL_RS06340",47,3,464.5,0.000465429893738,469,0.167857142857,1,0.142791269597,0.000465429893738,0.140167364017,1.45128120636,25
"s6803",1,"SGL_RS06215",59,3,166,0.113929201084,172,0.210714285714,1,0.051029818629,0.113929201084,0.0514046622833,1.42707796771,26
"s6803",1,"SGL_RS04725",59,3,132,0.115215678986,132,0.210714285714,1,0.0405779280664,0.115215678986,0.0394500896593,1.40595798243,27
"s6803",1,"SGL_RS04450",71,3,90.5,0.0128176050261,91,0.253571428571,1,0.0278204734092,0.0128176050261,0.0271966527197,1.32140615973,28
"s6803",1,"SGL_RS08210",46,3,178,0.0453712309557,178,0.164285714286,1,0.0547187211804,0.0453712309557,0.0531978481769,1.3175735146,29
"s6803",1,"SGL_RS02990",32,3,269,0.00060576933603,276,0.114285714286,1,0.0826928988626,0.00060576933603,0.0824865511058,1.28007093359,30
"s6803",1,"SGL_RS18290",53,3,84.5,0.0252190844157,85,0.189285714286,1,0.0259760221334,0.0252190844157,0.0254034668261,1.26588428766,31
"s6803",1,"SGL_RS07535",18,3,198,0.0664698677208,203,0.0642857142857,1,0.0608668920996,0.0664698677208,0.0606694560669,1.25229193017,32
"s6803",1,"SGL_RS06480",34,3,205.5,0.00187596558738,208,0.121428571429,1,0.0631724561943,0.00187596558738,0.0621637776449,1.24864077086,33
"s6803",1,"SGL_RS07730",52,3,38.5,0.0270701704399,39,0.185714285714,1,0.0118352290194,0.0270701704399,0.0116557083084,1.23627539348,34
"s6803",1,"SGL_RS00075",36,3,154.5,0.000675008131261,195,0.128571428571,1,0.0474946203504,0.000675008131261,0.0582785415421,1.23501959859,35
"s6803",1,"SGL_RS11370",55,3,0,0.00358056214755,0,0.196428571429,1,0,0.00358056214755,0,1.20000913358,36
"s6803",1,"SGL_RS08500",45,3,0,0.0379163439405,0,0.160714285714,1,0,0.0379163439405,0,1.19863062965,37
"s6803",1,"SGL_RS15245",32,3,99,0.000396881223721,101,0.114285714286,1,0.0304334460498,0.000396881223721,0.0301852958757,1.17530133744,38
"s6803",1,"SGL_RS12005",35,3,32.5,0.0015893692757,33,0.125,1,0.00999077774362,0.0015893692757,0.00986252241482,1.14644266943,39
"s6803",1,"SGL_RS00670",25,3,56.5,0.000458080602582,62,0.0892857142857,1,0.0173685828466,0.000458080602582,0.0185295875672,1.1256419653,40
"s6803",1,"SGL_RS11285",25,3,35.5,0.00525254524872,37,0.0892857142857,1,0.0109130033815,0.00525254524872,0.0110579796772,1.11650924259,41
"s6803",1,"SGL_RS04820",18,3,50.5,0.000104789851957,52,0.0642857142857,1,0.0155241315709,0.000104789851957,0.0155409444112,1.09545558012,42
"s6803",1,"SGL_RS01625",27,2,62.5,0.0857800639343,63,0.0964285714286,0.666666666667,0.0192130341223,0.0857800639343,0.0188284518828,0.886916788035,43
"s6803",1,"SGL_RS16165",31,2,88.5,0.000491832183261,89,0.110714285714,0.666666666667,0.0272056563172,0.000491832183261,0.0265989240885,0.83167736497,44
"s6803",1,"SGL_RS06080",28,2,70,0.00635598899393,70,0.1,0.666666666667,0.021518598217,0.00635598899393,0.0209205020921,0.81546175597,45
"s6803",1,"SGL_RS04615",21,2,104.5,0.000808808825592,106,0.075,0.666666666667,0.0321241930526,0.000808808825592,0.0316796174537,0.806279285999,46
"s6803",1,"SGL_RS17245",37,2,0,0.00459740425484,0,0.132142857143,0.666666666667,0,0.00459740425484,0,0.803406928065,47
"s6803",1,"SGL_RS13820",30,2,0,0.0227282042636,0,0.107142857143,0.666666666667,0,0.0227282042636,0,0.796537728074,48
"s6803",1,"SGL_RS17120",7,2,66,0.0580333822909,66,0.025,0.666666666667,0.0202889640332,0.0580333822909,0.0197250448296,0.789714057821,49
"s6803",1,"SGL_RS02470",32,2,0,0.00730502498798,0,0.114285714286,0.666666666667,0,0.00730502498798,0,0.788257405941,50
"s6803",1,"SGL_RS05150",26,2,46,0.000605188141123,46,0.0928571428571,0.666666666667,0.014140793114,0.000605188141123,0.0137477585176,0.788017549297,51
"s6803",1,"SGL_RS14540",21,2,34,0.0246697461803,34,0.075,0.666666666667,0.0104518905626,0.0246697461803,0.0101613867304,0.78694969014,52
"s6803",1,"SGL_RS07975",20,2,66,0.00542340987276,66,0.0714285714286,0.666666666667,0.0202889640332,0.00542340987276,0.0197250448296,0.783532656831,53
"s6803",1,"SGL_RS11985",20,2,54,0.000284841789138,54,0.0714285714286,0.666666666667,0.0166000614817,0.000284841789138,0.0161386730424,0.771118814409,54
"s6803",1,"SGL_RS12540",17,2,69,3.71066978381e-05,69,0.0607142857143,0.666666666667,0.0212111896711,3.71066978381e-05,0.0206216377764,0.769250886527,55
"s6803",1,"SGL_RS02510",16,2,55,0.000106667250049,58,0.0571428571429,0.666666666667,0.0169074700277,0.000106667250049,0.0173341303048,0.758157791392,56
"s6803",1,"SGL_RS17440",18,2,40,0.00217780040288,40,0.0642857142857,0.666666666667,0.0122963418383,0.00217780040288,0.011954572624,0.757381095818,57
"s6803",1,"SGL_RS15215",4,2,12,0.0516698563484,12,0.0142857142857,0.666666666667,0.00368890255149,0.0516698563484,0.00358637178721,0.73989751164,58
"s6803",1,"SGL_RS16080",20,2,0,0.00147049179997,0,0.0714285714286,0.666666666667,0,0.00147049179997,0,0.739565729896,59
"s6803",1,"SGL_RS01215",17,2,11,2.32034865625e-05,11,0.0607142857143,0.666666666667,0.00338149400553,2.32034865625e-05,0.00328750747161,0.734073157345,60
"s6803",1,"SGL_RS01255",15,2,9,0.000280702682217,9,0.0535714285714,0.666666666667,0.00276667691362,0.000280702682217,0.00268977884041,0.725975253675,61
"s6803",1,"SGL_RS14610",16,2,0,2.94946832506e-06,0,0.0571428571429,0.666666666667,0,2.94946832506e-06,0,0.723812473278,62
"s6803",1,"SGL_RS08165",15,2,0,9.76499540247e-06,0,0.0535714285714,0.666666666667,0,9.76499540247e-06,0,0.720247860234,63
"s6803",1,"SGL_RS07740",14,2,0,0.000803761870289,0,0.05,0.666666666667,0,0.000803761870289,0,0.717470428537,64
"s6803",1,"SGL_RS15585",12,2,11,0.000569182525235,11,0.0428571428571,0.666666666667,0.00338149400553,0.000569182525235,0.00328750747161,0.716761993526,65
"s6803",1,"SGL_RS08520",10,2,0,4.18540826208e-05,0,0.0357142857143,0.666666666667,0,4.18540826208e-05,0,0.702422806464,66
"s6803",1,"SGL_RS10755",8,2,5.5,0.000354332558179,6,0.0285714285714,0.666666666667,0.00169074700277,0.000354332558179,0.0017931858936,0.699076360693,67
"s6803",1,"SGL_RS08080",9,2,0,2.73327963574e-05,0,0.0321428571429,0.666666666667,0,2.73327963574e-05,0,0.698836856606,68
"s6803",1,"SGL_RS15310",5,2,16,5.38719092773e-05,16,0.0178571428571,0.666666666667,0.00491853673532,5.38719092773e-05,0.00478182904961,0.694278047218,69
"s6803",1,"SGL_RS11835",4,2,8,5.6593088199e-05,8,0.0142857142857,0.666666666667,0.00245926836766,5.6593088199e-05,0.00239091452481,0.685859156933,70
"s6803",1,"SGL_RS12485",2,2,0,0.00569642588208,0,0.00714285714286,0.666666666667,0,0.00569642588208,0,0.679505949692,71
"s6803",1,"SGL_RS08040",3,1,28,0.000910359876654,28,0.0107142857143,0.333333333333,0.00860743928681,0.000910359876654,0.00836820083682,0.361933619048,72
"s6803",1,"SGL_RS08845",4,1,9,0.00118870785386,9,0.0142857142857,0.333333333333,0.00276667691362,0.00118870785386,0.00268977884041,0.354264211227,73
"s6803",1,"SGL_RS14165",2,1,0,2.83769986932e-08,0,0.00714285714286,0.333333333333,0,2.83769986932e-08,0,0.340476218853,74
"s6803",2,"SGL_RS15805",255,3,3687,0.907678614732,3834,0.904255319149,1,1,0.907678614732,1,4.81193393388,1
"s6803",2,"SGL_RS12430",282,3,765,1,770,1,1,0.207485760781,1,0.200834637454,3.40832039824,2
"s6803",2,"SGL_RS01980",91,3,3220.5,0.00372654885422,3377,0.322695035461,1,0.873474369406,0.00372654885422,0.88080333855,3.08069929227,3
"s6803",2,"SGL_RS09285",110,3,2533.5,0.251914855891,2631,0.390070921986,1,0.687144019528,0.251914855891,0.686228482003,3.01535827941,4
"s6803",2,"SGL_RS10605",93,3,2524,0.24665936627,2673,0.329787234043,1,0.684567398969,0.24665936627,0.697183098592,2.95819709787,5
"s6803",2,"SGL_RS01955",31,3,2735,0.0250229859736,2880,0.109929078014,1,0.741795497695,0.0250229859736,0.75117370892,2.6279212706,6
"s6803",2,"SGL_RS00400",149,3,1853.5,0.00401617335597,1930,0.528368794326,1,0.502712232167,0.00401617335597,0.503390714658,2.53848791451,7
"s6803",2,"SGL_RS04450",82,3,1431,0.0289871576227,1478,0.290780141844,1,0.388120423108,0.0289871576227,0.385498174231,2.09338589681,8
"s6803",2,"SGL_RS00320",81,3,1024.5,0.00119745101787,1057,0.287234042553,1,0.277868185517,0.00119745101787,0.275691184142,1.84199086323,9
"s6803",2,"SGL_RS15965",111,3,683.5,0.00699012662321,697,0.393617021277,1,0.185381068619,0.00699012662321,0.181794470527,1.76778268705,10
"s6803",2,"SGL_RS14385",57,3,695.5,0.145672241186,719,0.202127659574,1,0.18863574722,0.145672241186,0.187532603026,1.72396825101,11
"s6803",2,"SGL_RS12595",66,3,447.5,0.221543109723,459,0.234042553191,1,0.121372389477,0.221543109723,0.119718309859,1.69667636225,12
"s6803",2,"SGL_RS06410",109,3,495,0.0158280316817,495,0.386524822695,1,0.13425549227,0.0158280316817,0.129107981221,1.66571632787,13
"s6803",2,"SGL_RS06215",72,3,528,0.11998258777,549,0.255319148936,1,0.143205858421,0.11998258777,0.143192488263,1.66170008339,14
"s6803",2,"SGL_RS15210",83,3,581,0.0512072723967,581,0.294326241135,1,0.157580688907,0.0512072723967,0.151538862806,1.65465306524,15
"s6803",2,"SGL_RS17760",108,3,256,0.129471996364,256,0.382978723404,1,0.0694331434771,0.129471996364,0.0667709963485,1.64865485959,16
"s6803",2,"SGL_RS03065",72,3,442,0.154627611335,444,0.255319148936,1,0.119880661785,0.154627611335,0.115805946792,1.64563336885,17
"s6803",2,"SGL_RS17395",93,3,444,0.00163724715345,450,0.329787234043,1,0.120423108218,0.00163724715345,0.117370892019,1.56921848143,18
"s6803",2,"SGL_RS00455",73,3,538,0.000511961353664,556,0.258865248227,1,0.145918090589,0.000511961353664,0.145018257694,1.55031355786,19
"s6803",2,"SGL_RS10820",118,3,0,0.0280501443534,0,0.418439716312,1,0,0.0280501443534,0,1.44648986067,20
"s6803",2,"SGL_RS04725",55,3,120,0.109628578955,123,0.195035460993,1,0.0325467860049,0.109628578955,0.0320813771518,1.3692922031,21
"s6803",2,"SGL_RS02990",33,3,450,0.00117943082332,457,0.117021276596,1,0.122050447518,0.00117943082332,0.11919666145,1.35944781639,22
"s6803",2,"SGL_RS08210",46,3,228,0.0397005601056,228,0.163120567376,1,0.0618388934093,0.0397005601056,0.0594679186228,1.32412793951,23
"s6803",2,"SGL_RS06340",45,3,253,0.000639882034944,257,0.159574468085,1,0.068619473827,0.000639882034944,0.0670318205529,1.2958656445,24
"s6803",2,"SGL_RS08835",73,3,0,0.0247856974428,0,0.258865248227,1,0,0.0247856974428,0,1.28365094567,25
"s6803",2,"SGL_RS13130",52,3,136,0.0220324112046,136,0.184397163121,1,0.0368863574722,0.0220324112046,0.0354720918101,1.27878802361,26
"s6803",2,"SGL_RS16495",71,3,46,0.000537508872386,46,0.251773049645,1,0.0124762679685,0.000537508872386,0.0119979134064,1.27678473989,27
"s6803",2,"SGL_RS07535",18,3,268.5,0.0606193174888,273,0.063829787234,1,0.0728234336859,0.0606193174888,0.0712050078247,1.26847754623,28
"s6803",2,"SGL_RS13820",38,3,77.5,0.0887338887262,81,0.13475177305,1,0.0210197992948,0.0887338887262,0.0211267605634,1.26563222163,29
"s6803",2,"SGL_RS02020",35,3,210,0.00202556036484,241,0.124113475177,1,0.0569568755085,0.00202556036484,0.0628586332812,1.24595454433,30
"s6803",2,"SGL_RS04055",69,3,0,0.000920848505195,0,0.244680851064,1,0,0.000920848505195,0,1.24560169957,31
"s6803",2,"SGL_RS18290",48,3,78,0.0174834735331,78,0.170212765957,1,0.0211554109032,0.0174834735331,0.0203442879499,1.22919593834,32
"s6803",2,"SGL_RS00075",33,3,180.5,0.000779956581164,223,0.117021276596,1,0.0489557906157,0.000779956581164,0.0581637976004,1.22492082139,33
"s6803",2,"SGL_RS04820",15,3,286.5,0.000202567798332,291,0.0531914893617,1,0.0777054515867,0.000202567798332,0.0758998435055,1.20699935225,34
"s6803",2,"SGL_RS07730",42,3,29,0.0351199790666,30,0.148936170213,1,0.00786547328451,0.0351199790666,0.00782472613459,1.1997463487,35
"s6803",2,"SGL_RS00515",50,3,25,0.000175022549684,25,0.177304964539,1,0.00678058041768,0.000175022549684,0.00652060511215,1.19078117262,36
"s6803",2,"SGL_RS08500",43,3,0,0.035003396305,0,0.152482269504,1,0,0.035003396305,0,1.18748566581,37
"s6803",2,"SGL_RS11370",47,3,0,0.00372452527621,0,0.166666666667,1,0,0.00372452527621,0,1.17039119194,38
"s6803",2,"SGL_RS12005",40,3,39,0.00169709298649,39,0.141843971631,1,0.0105777054516,0.00169709298649,0.010172143975,1.16429091404,39
"s6803",2,"SGL_RS06480",34,3,60,0.00194491349558,60,0.120567375887,1,0.0162733930024,0.00194491349558,0.0156494522692,1.15443513465,40
"s6803",2,"SGL_RS15245",34,3,26,0.00108214853189,27,0.120567375887,1,0.00705180363439,0.00108214853189,0.00704225352113,1.13574358157,41
"s6803",2,"SGL_RS00670",24,3,85.5,0.000635018717708,92,0.0851063829787,1,0.0231895850285,0.000635018717708,0.0239958268127,1.13292681354,42
"s6803",2,"SGL_RS14540",21,3,66.5,0.0206516427431,71,0.0744680851064,1,0.018036343911,0.0206516427431,0.0185185185185,1.13167459028,43
"s6803",2,"SGL_RS04615",15,3,12,0.000503171898634,12,0.0531914893617,1,0.00325467860049,0.000503171898634,0.00312989045383,1.06007923031,44
"s6803",2,"SGL_RS01625",33,2,115.5,0.0880383371069,119,0.117021276596,0.666666666667,0.0313262815297,0.0880383371069,0.0310380803339,0.934090642234,45
"s6803",2,"SGL_RS02470",27,2,212.5,0.0103098901127,214,0.0957446808511,0.666666666667,0.0576349335503,0.0103098901127,0.05581637976,0.886172550941,46
"s6803",2,"SGL_RS05150",29,2,72,0.00250432299114,72,0.102836879433,0.666666666667,0.0195280716029,0.00250432299114,0.018779342723,0.810315283417,47
"s6803",2,"SGL_RS17245",37,2,0,0.00133943771791,0,0.131205673759,0.666666666667,0,0.00133943771791,0,0.799211778144,48
"s6803",2,"SGL_RS16165",27,2,51,0.000284658455399,51,0.0957446808511,0.666666666667,0.0138323840521,0.000284658455399,0.0133020344288,0.789830424454,49
"s6803",2,"SGL_RS11985",27,2,50,0.000256570169453,50,0.0957446808511,0.666666666667,0.0135611608354,0.000256570169453,0.0130412102243,0.789270288747,50
"s6803",2,"SGL_RS17120",7,2,54,0.0573334686665,54,0.0248226950355,0.666666666667,0.0146460537022,0.0573334686665,0.0140845070423,0.777553391114,51
"s6803",2,"SGL_RS06080",29,2,0,0.00372896097681,0,0.102836879433,0.666666666667,0,0.00372896097681,0,0.773232507077,52
"s6803",2,"SGL_RS14610",14,2,96.5,9.49682121721e-05,99,0.0496453900709,0.666666666667,0.0261730404123,9.49682121721e-05,0.0258215962441,0.768401661606,53
"s6803",2,"SGL_RS15585",13,2,96,0.000765913787794,96,0.0460992907801,0.666666666667,0.0260374288039,0.000765913787794,0.0250391236307,0.764608423669,54
"s6803",2,"SGL_RS17440",20,2,43,0.00240158790682,43,0.0709219858156,0.666666666667,0.0116625983184,0.00240158790682,0.0112154407929,0.762868279501,55
"s6803",2,"SGL_RS12540",17,2,65,6.20501458726e-05,65,0.0602836879433,0.666666666667,0.017629509086,6.20501458726e-05,0.0169535732916,0.761595487134,56
"s6803",2,"SGL_RS11285",22,2,26,0.0020609081652,26,0.0780141843972,0.666666666667,0.00705180363439,0.0020609081652,0.00678142931664,0.76057499218,57
"s6803",2,"SGL_RS07975",17,2,51,0.00502689026818,51,0.0602836879433,0.666666666667,0.0138323840521,0.00502689026818,0.0133020344288,0.759111663359,58
"s6803",2,"SGL_RS01215",23,2,17.5,7.52172985999e-05,18,0.0815602836879,0.666666666667,0.00474640629238,7.52172985999e-05,0.00469483568075,0.757743409627,59
"s6803",2,"SGL_RS16080",19,2,34.5,0.00224590823435,35,0.0673758865248,0.666666666667,0.0093572009764,0.00224590823435,0.00912884715702,0.75477450956,60
"s6803",2,"SGL_RS02510",15,2,57.5,0.000338414687095,60,0.0531914893617,0.666666666667,0.0155953349607,0.000338414687095,0.0156494522692,0.751441357946,61
"s6803",2,"SGL_RS12485",2,2,0,0.0562915257346,0,0.00709219858156,0.666666666667,0,0.0562915257346,0,0.730050390983,62
"s6803",2,"SGL_RS01255",13,2,25,0.000129468350089,25,0.0460992907801,0.666666666667,0.00678058041768,0.000129468350089,0.00652060511215,0.726196611327,63
"s6803",2,"SGL_RS08165",16,2,0,9.1119730835e-06,0,0.0567375886525,0.666666666667,0,9.1119730835e-06,0,0.723413367293,64
"s6803",2,"SGL_RS08080",9,2,7,7.69857318606e-05,7,0.031914893617,0.666666666667,0.00189856251695,7.69857318606e-05,0.0018257694314,0.702382877964,65
"s6803",2,"SGL_RS15310",6,2,21.5,9.37800773423e-05,24,0.0212765957447,0.666666666667,0.00583129915921,9.37800773423e-05,0.00625978090767,0.700128122556,66
"s6803",2,"SGL_RS08520",8,2,0,4.96759616399e-06,0,0.0283687943262,0.666666666667,0,4.96759616399e-06,0,0.695040428589,67
"s6803",2,"SGL_RS10755",7,2,6,0.00021450871277,6,0.0248226950355,0.666666666667,0.00162733930024,0.00021450871277,0.00156494522692,0.694896154942,68
"s6803",2,"SGL_RS11835",4,2,5,9.74526236496e-05,5,0.0141843971631,0.666666666667,0.00135611608354,9.74526236496e-05,0.00130412102243,0.68360875356,69
"s6803",2,"SGL_RS07740",12,1,0,0.000651381682466,0,0.0425531914894,0.333333333333,0,0.000651381682466,0,0.376537906505,70
"s6803",2,"SGL_RS08040",3,1,12,0.000848320497798,12,0.0106382978723,0.333333333333,0.00325467860049,0.000848320497798,0.00312989045383,0.351204520757,71
"s6803",2,"SGL_RS15215",4,1,0,7.37032151061e-07,0,0.0141843971631,0.333333333333,0,7.37032151061e-07,0,0.347518467528,72
"s6803",2,"SGL_RS08845",4,1,0,1.49163549039e-17,0,0.0141843971631,0.333333333333,0,1.49163549039e-17,0,0.347517730496,73
"s6803",2,"SGL_RS14165",2,1,0,2.60258368345e-08,0,0.00709219858156,0.333333333333,0,2.60258368345e-08,0,0.34042555794,74
"s6803",3,"SGL_RS15805",260,3,3147.5,1,3183,0.952380952381,1,1,1,1,4.95238095238,1
"s6803",3,"SGL_RS12430",273,3,713,0.946597569423,716,1,1,0.226528991263,0.946597569423,0.224945020421,3.39807158111,2
"s6803",3,"SGL_RS09285",115,3,2388.5,0.30645417715,2407,0.421245421245,1,0.758856235107,0.30645417715,0.756204838203,3.2427606717,3
"s6803",3,"SGL_RS10605",89,3,1916.5,0.274235883308,1942,0.326007326007,1,0.608895949166,0.274235883308,0.610116242538,2.81925540102,4
"s6803",3,"SGL_RS01980",89,3,1966,0.0016913630759,1966,0.326007326007,1,0.624622716442,0.0016913630759,0.617656299089,2.56997770461,5
"s6803",3,"SGL_RS02020",30,3,1979.5,0.00237896903269,1980,0.10989010989,1,0.62891183479,0.00237896903269,0.62205466541,2.36323557912,6
"s6803",3,"SGL_RS01955",32,3,1895.5,0.0340174344173,1896,0.117216117216,1,0.602223987292,0.0340174344173,0.595664467484,2.34912200641,7
"s6803",3,"SGL_RS04450",78,3,1589,0.0356477916866,1600,0.285714285714,1,0.504845115171,0.0356477916866,0.502670436695,2.32887762927,8
"s6803",3,"SGL_RS00320",84,3,1173.5,0.000868725462802,1174,0.307692307692,1,0.372835583797,0.000868725462802,0.368834432925,2.05023104988,9
"s6803",3,"SGL_RS03065",75,3,502,0.14878802115,504,0.274725274725,1,0.159491660048,0.14878802115,0.158341187559,1.74134614348,10
"s6803",3,"SGL_RS14385",60,3,490,0.205615039162,500,0.21978021978,1,0.155679110405,0.205615039162,0.157084511467,1.73815888081,11
"s6803",3,"SGL_RS00400",162,3,142,0.00469549556258,143,0.593406593407,1,0.0451151707705,0.00469549556258,0.0449261702796,1.68814343002,12
"s6803",3,"SGL_RS00455",74,3,590,0.000497927277206,590,0.271062271062,1,0.187450357427,0.000497927277206,0.185359723531,1.6443702793,13
"s6803",3,"SGL_RS06410",105,3,258,0.00789284744583,258,0.384615384615,1,0.0819698173153,0.00789284744583,0.0810556079171,1.55553365729,14
"s6803",3,"SGL_RS17760",106,3,97,0.0967486857957,97,0.388278388278,1,0.0308181096108,0.0967486857957,0.0304743952246,1.54631957891,15
"s6803",3,"SGL_RS04725",63,3,306.5,0.107488793861,308,0.230769230769,1,0.0973788721207,0.107488793861,0.0967640590638,1.53240095581,16
"s6803",3,"SGL_RS12595",67,3,121.5,0.189704850546,122,0.245421245421,1,0.0386020651311,0.189704850546,0.038328620798,1.5120567819,17
"s6803",3,"SGL_RS06215",57,3,303.5,0.102987042265,309,0.208791208791,1,0.0964257347101,0.102987042265,0.0970782280867,1.50528221385,18
"s6803",3,"SGL_RS17395",91,3,257.5,0.00587673566269,259,0.333333333333,1,0.0818109610802,0.00587673566269,0.08136977694,1.50239080702,19
"s6803",3,"SGL_RS10820",121,3,0,0.024192323123,0,0.443223443223,1,0,0.024192323123,0,1.46741576635,20
"s6803",3,"SGL_RS15965",109,3,64,0.00801432073002,64,0.399267399267,1,0.0203335980937,0.00801432073002,0.0201068174678,1.44772213556,21
"s6803",3,"SGL_RS15210",83,3,154,0.023534199195,154,0.304029304029,1,0.048927720413,0.023534199195,0.0483820295319,1.42487325317,22
"s6803",3,"SGL_RS08500",48,3,268,0.0504271703785,270,0.175824175824,1,0.0851469420175,0.0504271703785,0.0848256361923,1.39622392441,23
"s6803",3,"SGL_RS00075",38,3,277,0.000758126416514,278,0.139194139194,1,0.0880063542494,0.000758126416514,0.0873389883757,1.31529760824,24
"s6803",3,"SGL_RS16495",75,3,45,0.000302350522057,45,0.274725274725,1,0.0142970611597,0.000302350522057,0.014137606032,1.30346229244,25
"s6803",3,"SGL_RS08835",68,3,0,0.0185135622769,0,0.249084249084,1,0,0.0185135622769,0,1.26759781136,26
"s6803",3,"SGL_RS04055",72,3,0,0.00125107810575,0,0.263736263736,1,0,0.00125107810575,0,1.26498734184,27
"s6803",3,"SGL_RS13130",44,3,129,0.0198238522715,129,0.161172161172,1,0.0409849086577,0.0198238522715,0.0405278039585,1.26250872606,28
"s6803",3,"SGL_RS08210",51,3,46,0.0465485481378,46,0.186813186813,1,0.0146147736299,0.0465485481378,0.014451775055,1.26242828364,29
"s6803",3,"SGL_RS18290",51,3,84,0.0175577778214,84,0.186813186813,1,0.026687847498,0.0175577778214,0.0263901979265,1.25744901006,30
"s6803",3,"SGL_RS07730",45,3,66,0.0323127611592,67,0.164835164835,1,0.0209690230342,0.0323127611592,0.0210493245366,1.23916627356,31
"s6803",3,"SGL_RS13820",29,3,59,0.0779716612023,61,0.106227106227,1,0.0187450357427,0.0779716612023,0.019164310399,1.22210811357,32
"s6803",3,"SGL_RS00515",55,3,25,0.000181382375392,25,0.201465201465,1,0.00794281175536,0.000181382375392,0.00785422557336,1.21744362117,33
"s6803",3,"SGL_RS11370",48,3,0,0.00495844592823,0,0.175824175824,1,0,0.00495844592823,0,1.18078262175,34
"s6803",3,"SGL_RS05150",25,3,96,0.0019511292231,96,0.0915750915751,1,0.0305003971406,0.0019511292231,0.0301602262017,1.15418684414,35
"s6803",3,"SGL_RS17440",20,3,113,0.00322845776298,113,0.0732600732601,1,0.0359015091342,0.00322845776298,0.0355010995916,1.14789113975,36
"s6803",3,"SGL_RS17245",39,3,0,0.00442867453286,0,0.142857142857,1,0,0.00442867453286,0,1.14728581739,37
"s6803",3,"SGL_RS06480",33,3,39,0.000924937043646,39,0.120879120879,1,0.0123907863384,0.000924937043646,0.0122525918944,1.14644743616,38
"s6803",3,"SGL_RS12005",37,3,0,0.00098964098436,0,0.135531135531,1,0,0.00098964098436,0,1.13652077652,39
"s6803",3,"SGL_RS14540",19,3,27,0.0189945797945,30,0.0695970695971,1,0.00857823669579,0.0189945797945,0.00942507068803,1.10659495678,40
"s6803",3,"SGL_RS02990",24,3,25,0.0011308304974,28,0.0879120879121,1,0.00794281175536,0.0011308304974,0.00879673264216,1.10578246281,41
"s6803",3,"SGL_RS11285",22,3,32,0.00468756804045,32,0.0805860805861,1,0.0101667990469,0.00468756804045,0.0100534087339,1.10549385641,42
"s6803",3,"SGL_RS00670",24,3,13,0.000692636552674,14,0.0879120879121,1,0.00413026211279,0.000692636552674,0.00439836632108,1.0971333529,43
"s6803",3,"SGL_RS04820",14,3,28,0.000475765365547,29,0.0512820512821,1,0.008895949166,0.000475765365547,0.0091109016651,1.06976466748,44
"s6803",3,"SGL_RS07975",16,3,15,0.00135453989881,15,0.0586080586081,1,0.00476568705322,0.00135453989881,0.00471253534402,1.0694408209,45
"s6803",3,"SGL_RS01625",30,2,110.5,0.100138351311,111,0.10989010989,0.666666666667,0.0351072279587,0.100138351311,0.0348727615457,0.946675117372,46
"s6803",3,"SGL_RS06340",49,2,70.5,0.000865877232684,73,0.179487179487,0.666666666667,0.0223987291501,0.000865877232684,0.0229343386742,0.892352791211,47
"s6803",3,"SGL_RS16165",30,2,153.5,0.000296530397592,154,0.10989010989,0.666666666667,0.0487688641779,0.000296530397592,0.0483820295319,0.874004200664,48
"s6803",3,"SGL_RS15245",31,2,53,0.000516366612236,53,0.113553113553,0.666666666667,0.0168387609214,0.000516366612236,0.0166509582155,0.814225865969,49
"s6803",3,"SGL_RS11985",22,2,76,0.000138798338299,76,0.0805860805861,0.666666666667,0.0241461477363,0.000138798338299,0.023876845743,0.795414539071,50
"s6803",3,"SGL_RS01215",21,2,58,4.59923427062e-05,58,0.0769230769231,0.666666666667,0.0184273232724,4.59923427062e-05,0.0182218033302,0.780284862535,51
"s6803",3,"SGL_RS02470",29,2,0,0.00440061039018,0,0.106227106227,0.666666666667,0,0.00440061039018,0,0.777294383284,52
"s6803",3,"SGL_RS06080",28,2,0,0.00384387626676,0,0.102564102564,0.666666666667,0,0.00384387626676,0,0.773074645498,53
"s6803",3,"SGL_RS16080",20,2,38,0.000857427567371,38,0.0732600732601,0.666666666667,0.0120730738681,0.000857427567371,0.0119384228715,0.764795664234,54
"s6803",3,"SGL_RS07535",18,2,13,0.00720821800148,13,0.0659340659341,0.666666666667,0.00413026211279,0.00720821800148,0.00408419729815,0.748023410014,55
"s6803",3,"SGL_RS12540",17,2,25,7.3445734761e-05,25,0.0622710622711,0.666666666667,0.00794281175536,7.3445734761e-05,0.00785422557336,0.744808212002,56
"s6803",3,"SGL_RS01255",16,2,29.5,5.29100769992e-05,30,0.0586080586081,0.666666666667,0.00937251787133,5.29100769992e-05,0.00942507068803,0.744125223911,57
"s6803",3,"SGL_RS02510",15,2,28,7.51615802786e-05,28,0.0549450549451,0.666666666667,0.008895949166,7.51615802786e-05,0.00879673264216,0.739379565001,58
"s6803",3,"SGL_RS08165",18,2,0,7.63102719197e-06,0,0.0659340659341,0.666666666667,0,7.63102719197e-06,0,0.732608363628,59
"s6803",3,"SGL_RS15585",15,2,11,0.00120920233602,11,0.0549450549451,0.666666666667,0.00349483717236,0.00120920233602,0.00345585925228,0.729771620373,60
"s6803",3,"SGL_RS04615",14,2,11,0.00121212371213,11,0.0512820512821,0.666666666667,0.00349483717236,0.00121212371213,0.00345585925228,0.726111538086,61
"s6803",3,"SGL_RS14610",13,2,0,6.13522878577e-06,0,0.047619047619,0.666666666667,0,6.13522878577e-06,0,0.714291849515,62
"s6803",3,"SGL_RS08080",10,2,0,2.60874395951e-05,0,0.03663003663,0.666666666667,0,2.60874395951e-05,0,0.703322790737,63
"s6803",3,"SGL_RS15310",6,2,15,2.29141231751e-05,15,0.021978021978,0.666666666667,0.00476568705322,2.29141231751e-05,0.00471253534402,0.698145825165,64
"s6803",3,"SGL_RS11835",5,2,18,0.00031802486201,18,0.018315018315,0.666666666667,0.00571882446386,0.00031802486201,0.00565504241282,0.696673576721,65
"s6803",3,"SGL_RS10755",7,2,6,0.000211505091745,6,0.025641025641,0.666666666667,0.00190627482129,0.000211505091745,0.00188501413761,0.696310486359,66
"s6803",3,"SGL_RS17120",5,2,0,0.000352759650557,0,0.018315018315,0.666666666667,0,0.000352759650557,0,0.685334444633,67
"s6803",3,"SGL_RS15215",4,2,0,0.00368198833434,0,0.014652014652,0.666666666667,0,0.00368198833434,0,0.685000669653,68
"s6803",3,"SGL_RS07740",11,1,0,0,0,0.040293040293,0.333333333333,0,0,0,0.373626373626,69
"s6803",3,"SGL_RS08520",9,1,0,2.54675702111e-06,0,0.032967032967,0.333333333333,0,2.54675702111e-06,0,0.366302913057,70
"s6803",3,"SGL_RS08845",5,1,8,0.00523037577708,8,0.018315018315,0.333333333333,0.00254169976172,0.00523037577708,0.00251335218347,0.36193377937,71
"s6803",3,"SGL_RS08040",3,1,8,0.00042424738858,8,0.010989010989,0.333333333333,0.00254169976172,0.00042424738858,0.00251335218347,0.349801643656,72
"s6803",3,"SGL_RS12485",2,1,0,0.00287265138681,0,0.00732600732601,0.333333333333,0,0.00287265138681,0,0.343531992046,73
"s6803",3,"SGL_RS14165",2,1,0,2.19212808669e-08,0,0.00732600732601,0.333333333333,0,2.19212808669e-08,0,0.34065936258,74
"s6803",4,"SGL_RS15805",251,3,2679.5,0.97074266571,2763,0.92962962963,1,1,0.97074266571,1,4.90037229534,1
"s6803",4,"SGL_RS12430",270,3,2185,1,2212,1,1,0.815450643777,1,0.800579080709,4.61602972449,2
"s6803",4,"SGL_RS01980",92,3,2422,0.00649562840687,2518,0.340740740741,1,0.90389998134,0.00649562840687,0.911328266377,3.16246461686,3
"s6803",4,"SGL_RS00400",153,3,1739.5,0.00755420980058,1789,0.566666666667,1,0.649188281396,0.00755420980058,0.647484618169,2.87089377603,4
"s6803",4,"SGL_RS10605",90,3,1526.5,0.263527435385,1611,0.333333333333,1,0.569695838776,0.263527435385,0.583061889251,2.74961849674,5
"s6803",4,"SGL_RS01955",37,3,1829,0.0347153140693,1910,0.137037037037,1,0.682590035454,0.0347153140693,0.691277596815,2.54561998338,6
"s6803",4,"SGL_RS14385",63,3,843.5,0.191669528037,871,0.233333333333,1,0.314797536854,0.191669528037,0.315237061165,2.05503745939,7
"s6803",4,"SGL_RS03065",75,3,777,0.153891997788,782,0.277777777778,1,0.289979473782,0.153891997788,0.283025696706,2.00467494605,8
"s6803",4,"SGL_RS09285",116,3,226.5,0.27547383231,243,0.42962962963,1,0.0845306960254,0.27547383231,0.0879478827362,1.8775820407,9
"s6803",4,"SGL_RS15965",110,3,605,0.0127001647121,612,0.407407407407,1,0.225788393357,0.0127001647121,0.221498371336,1.86739433681,10
"s6803",4,"SGL_RS00320",82,3,753,0.00165242200742,775,0.303703703704,1,0.281022578839,0.00165242200742,0.280492218603,1.86687092315,11
"s6803",4,"SGL_RS17760",111,3,249,0.137104925414,249,0.411111111111,1,0.0929277850345,0.137104925414,0.0901194353963,1.73126325696,12
"s6803",4,"SGL_RS06410",100,3,408,0.01169977706,408,0.37037037037,1,0.152267214032,0.01169977706,0.14766558089,1.68200294235,13
"s6803",4,"SGL_RS17395",84,3,495,0.00203278167152,506,0.311111111111,1,0.184735958201,0.00203278167152,0.183134274339,1.68101412532,14
"s6803",4,"SGL_RS15210",79,3,454,0.0523651322055,454,0.292592592593,1,0.169434596007,0.0523651322055,0.164314151285,1.67870647209,15
"s6803",4,"SGL_RS12595",68,3,247,0.196543954865,252,0.251851851852,1,0.0921813771226,0.196543954865,0.0912052117264,1.63178239557,16
"s6803",4,"SGL_RS04725",66,3,350,0.121609828791,350,0.244444444444,1,0.130621384587,0.121609828791,0.126673905176,1.623349563,17
"s6803",4,"SGL_RS02990",29,3,637.5,0.00251330679977,650,0.107407407407,1,0.237917521926,0.00251330679977,0.235251538183,1.58308977432,18
"s6803",4,"SGL_RS06215",68,3,301,0.102846935873,307,0.251851851852,1,0.112334390745,0.102846935873,0.111111111111,1.57814428958,19
"s6803",4,"SGL_RS00455",71,3,392.5,0.000798829724167,403,0.262962962963,1,0.146482552715,0.000798829724167,0.145855953674,1.55610029908,20
"s6803",4,"SGL_RS08500",49,3,408,0.034497661646,411,0.181481481481,1,0.152267214032,0.034497661646,0.14875135722,1.51699771438,21
"s6803",4,"SGL_RS10820",119,3,0,0.0399397467531,0,0.440740740741,1,0,0.0399397467531,0,1.48068048749,22
"s6803",4,"SGL_RS04450",76,3,192,0.0134943750345,192,0.281481481481,1,0.0716551595447,0.0134943750345,0.0694896851249,1.43612070119,23
"s6803",4,"SGL_RS07730",44,3,169.5,0.0323100314084,170,0.162962962963,1,0.0632580705355,0.0323100314084,0.061527325371,1.32005839028,24
"s6803",4,"SGL_RS16495",73,3,46,0.000368722206599,46,0.27037037037,1,0.0171673819742,0.000368722206599,0.0166485703945,1.30455504495,25
"s6803",4,"SGL_RS04055",81,3,0,0.000615905799443,0,0.3,1,0,0.000615905799443,0,1.3006159058,26
"s6803",4,"SGL_RS08835",73,3,0,0.0233937428641,0,0.27037037037,1,0,0.0233937428641,0,1.29376411323,27
"s6803",4,"SGL_RS18290",56,3,90,0.0200133135221,90,0.207407407407,1,0.0335883560366,0.0200133135221,0.0325732899023,1.29358236687,28
"s6803",4,"SGL_RS00075",37,3,190.5,0.00155767845777,217,0.137037037037,1,0.0710953536107,0.00155767845777,0.0785378212088,1.28822789031,29
"s6803",4,"SGL_RS13130",45,3,138,0.014502790823,138,0.166666666667,1,0.0515021459227,0.014502790823,0.0499457111835,1.2826173146,30
"s6803",4,"SGL_RS01625",28,3,68,0.102396503347,79,0.103703703704,1,0.0253778690054,0.102396503347,0.0285921100253,1.26007018608,31
"s6803",4,"SGL_RS08210",48,3,0,0.0581362881834,0,0.177777777778,1,0,0.0581362881834,0,1.23591406596,32
"s6803",4,"SGL_RS17440",17,3,230,0.00204465128466,230,0.062962962963,1,0.0858369098712,0.00204465128466,0.0832428519725,1.23408737609,33
"s6803",4,"SGL_RS02020",31,3,136,0.00288164266307,156,0.114814814815,1,0.0507557380108,0.00288164266307,0.056460369164,1.22491256465,34
"s6803",4,"SGL_RS05150",27,3,163,0.000613058191776,163,0.1,1,0.0608322448218,0.000613058191776,0.0589938472675,1.22043915028,35
"s6803",4,"SGL_RS00515",53,3,26,0.000271049586419,26,0.196296296296,1,0.00970330285501,0.000271049586419,0.00941006152733,1.21568071026,36
"s6803",4,"SGL_RS02470",32,3,107,0.0134180243858,107,0.118518518519,1,0.0399328232879,0.0134180243858,0.0387260224394,1.21059538863,37
"s6803",4,"SGL_RS06340",35,3,95.5,0.000481490722527,103,0.12962962963,1,0.0356409777944,0.000481490722527,0.0372783206659,1.20303041881,38
"s6803",4,"SGL_RS12005",42,3,41,0.00150756896024,41,0.155555555556,1,0.0153013621944,0.00150756896024,0.0148389431777,1.18720342989,39
"s6803",4,"SGL_RS11370",49,3,0,0.00243671789603,0,0.181481481481,1,0,0.00243671789603,0,1.18391819938,40
"s6803",4,"SGL_RS00670",25,3,88.5,0.00101335961598,94,0.0925925925926,1,0.0330285501026,0.00101335961598,0.0340209916757,1.16065549399,41
"s6803",4,"SGL_RS06480",31,3,60,0.00134511826217,60,0.114814814815,1,0.0223922373577,0.00134511826217,0.0217155266015,1.16026769704,42
"s6803",4,"SGL_RS14540",25,3,41,0.0216164456695,41,0.0925925925926,1,0.0153013621944,0.0216164456695,0.0148389431777,1.14434934363,43
"s6803",4,"SGL_RS04615",22,3,78,0.000818495240582,78,0.0814814814815,1,0.029109908565,0.000818495240582,0.028230184582,1.13964006987,44
"s6803",4,"SGL_RS13820",29,3,0,0.0213158191527,0,0.107407407407,1,0,0.0213158191527,0,1.12872322656,45
"s6803",4,"SGL_RS11285",22,3,30,0.00165252702709,30,0.0814814814815,1,0.0111961186789,0.00165252702709,0.0108577633008,1.10518789049,46
"s6803",4,"SGL_RS04820",13,3,27,0.000200199993652,40,0.0481481481481,1,0.010076506811,0.000200199993652,0.0144770177343,1.07290187269,47
"s6803",4,"SGL_RS08165",19,3,0,1.91885178878e-05,0,0.0703703703704,1,0,1.91885178878e-05,0,1.07038955889,48
"s6803",4,"SGL_RS07535",17,2,62.5,0.0657508459618,64,0.062962962963,0.666666666667,0.0233252472476,0.0657508459618,0.023163228375,0.841868951214,49
"s6803",4,"SGL_RS15245",29,2,48,0.000586761283299,48,0.107407407407,0.666666666667,0.0179137898862,0.000586761283299,0.0173724212812,0.809947046525,50
"s6803",4,"SGL_RS17245",36,2,0,0.00506137243504,0,0.133333333333,0.666666666667,0,0.00506137243504,0,0.805061372435,51
"s6803",4,"SGL_RS16165",27,2,24,0.000106371460568,24,0.1,0.666666666667,0.00895689494309,0.000106371460568,0.00868621064061,0.784416143711,52
"s6803",4,"SGL_RS02510",16,2,75,0.000156450571788,75,0.0592592592593,0.666666666667,0.0279902966971,0.000156450571788,0.0271444082519,0.781217081447,53
"s6803",4,"SGL_RS06080",26,2,0,0.00754375208184,0,0.0962962962963,0.666666666667,0,0.00754375208184,0,0.770506715045,54
"s6803",4,"SGL_RS01215",23,2,16,5.22956532412e-05,16,0.0851851851852,0.666666666667,0.00597126329539,5.22956532412e-05,0.00579080709374,0.763666217895,55
"s6803",4,"SGL_RS11985",22,2,19,0.000228060642934,19,0.0814814814815,0.666666666667,0.00709087516328,0.000228060642934,0.00687658342381,0.762343667379,56
"s6803",4,"SGL_RS16080",18,2,34,0.000895917257347,34,0.0666666666667,0.666666666667,0.0126889345027,0.000895917257347,0.0123054650742,0.759223650168,57
"s6803",4,"SGL_RS01255",19,2,29,0.000367223165585,29,0.0703703703704,0.666666666667,0.0108229147229,0.000367223165585,0.0104958378574,0.758723012783,58
"s6803",4,"SGL_RS12485",3,2,3,0.0596815123153,3,0.0111111111111,0.666666666667,0.00111961186789,0.0596815123153,0.00108577633008,0.739664678291,59
"s6803",4,"SGL_RS07975",18,2,0,0.00116871751877,0,0.0666666666667,0.666666666667,0,0.00116871751877,0,0.734502050852,60
"s6803",4,"SGL_RS12540",14,2,8,1.20832255495e-07,8,0.0518518518519,0.666666666667,0.0029856316477,1.20832255495e-07,0.00289540354687,0.724399674546,61
"s6803",4,"SGL_RS14610",15,2,0,8.51459008025e-08,0,0.0555555555556,0.666666666667,0,8.51459008025e-08,0,0.722222307369,62
"s6803",4,"SGL_RS11835",6,2,40,0.000116621350253,40,0.0222222222222,0.666666666667,0.0149281582385,0.000116621350253,0.0144770177343,0.718410686212,63
"s6803",4,"SGL_RS15310",5,2,24,6.33138798731e-06,24,0.0185185185185,0.666666666667,0.00895689494309,6.33138798731e-06,0.00868621064061,0.702834622157,64
"s6803",4,"SGL_RS08520",9,2,0,3.8098161934e-05,0,0.0333333333333,0.666666666667,0,3.8098161934e-05,0,0.700038098162,65
"s6803",4,"SGL_RS10755",7,2,6,0.000413476373118,6,0.0259259259259,0.666666666667,0.00223922373577,0.000413476373118,0.00217155266015,0.697416845362,66
"s6803",4,"SGL_RS08080",8,2,0,3.00073534126e-05,0,0.0296296296296,0.666666666667,0,3.00073534126e-05,0,0.69632630365,67
"s6803",4,"SGL_RS17120",6,2,0,0.00365152471124,0,0.0222222222222,0.666666666667,0,0.00365152471124,0,0.6925404136,68
"s6803",4,"SGL_RS15585",12,1,0,0.00019108992798,0,0.0444444444444,0.333333333333,0,0.00019108992798,0,0.377968867705,69
"s6803",4,"SGL_RS07740",12,1,0,0,0,0.0444444444444,0.333333333333,0,0,0,0.377777777777,70
"s6803",4,"SGL_RS08845",5,1,12,0.000787327517456,12,0.0185185185185,0.333333333333,0.00447844747154,0.000787327517456,0.0043431053203,0.361460732161,71
"s6803",4,"SGL_RS15215",4,1,0,6.64395196667e-07,0,0.0148148148148,0.333333333333,0,6.64395196667e-07,0,0.348148812543,72
"s6803",4,"SGL_RS14165",2,1,0,5.55769240562e-08,0,0.00740740740741,0.333333333333,0,5.55769240562e-08,0,0.340740796317,73
"s6803",4,"SGL_RS08040",2,1,0,0,0,0.00740740740741,0.333333333333,0,0,0,0.34074074074,74
"s6803",5,"SGL_RS12430",280,3,1742,1,1758,1,1,0.978102189781,1,0.97342192691,4.95152411669,1
"s6803",5,"SGL_RS15805",242,3,1728,0.791655917288,1773,0.864285714286,1,0.970241437395,0.791655917288,0.981727574751,4.60791064372,2
"s6803",5,"SGL_RS03065",76,3,1781,0.164168054669,1806,0.271428571429,1,1,0.164168054669,1,3.4355966261,3
"s6803",5,"SGL_RS01980",92,3,1353,0.00195411248537,1353,0.328571428571,1,0.759685569905,0.00195411248537,0.749169435216,2.83938054618,4
"s6803",5,"SGL_RS10605",89,3,1002.5,0.197355982095,1025,0.317857142857,1,0.56288601909,0.197355982095,0.567552602436,2.64565174648,5
"s6803",5,"SGL_RS17760",116,3,1006,0.100109285663,1006,0.414285714286,1,0.564851207187,0.100109285663,0.557032115172,2.63627832231,6
"s6803",5,"SGL_RS02020",30,3,1279.5,0.00203547980552,1281,0.107142857143,1,0.718416619876,0.00203547980552,0.709302325581,2.53689728241,7
"s6803",5,"SGL_RS01955",33,3,1124,0.0270337887292,1124,0.117857142857,1,0.631106120157,0.0270337887292,0.622369878184,2.39836692993,8
"s6803",5,"SGL_RS08835",69,3,978.5,0.0257101606098,980,0.246428571429,1,0.549410443571,0.0257101606098,0.542635658915,2.36418483452,9
"s6803",5,"SGL_RS13130",52,3,1018,0.0339175858098,1032,0.185714285714,1,0.571588994947,0.0339175858098,0.571428571429,2.3626494379,10
"s6803",5,"SGL_RS15210",78,3,907,0.0414397259313,907,0.278571428571,1,0.50926445817,0.0414397259313,0.502214839424,2.3314904521,11
"s6803",5,"SGL_RS00400",152,3,676.5,0.00480547197507,679,0.542857142857,1,0.379842784952,0.00480547197507,0.375968992248,2.30347439203,12
"s6803",5,"SGL_RS15965",113,3,762.5,0.0121972127553,763,0.403571428571,1,0.428130263897,0.0121972127553,0.422480620155,2.26637952538,13
"s6803",5,"SGL_RS00320",83,3,865.5,0.00093286688909,867,0.296428571429,1,0.485962942167,0.00093286688909,0.480066445183,2.26339082567,14
"s6803",5,"SGL_RS06410",105,3,691,0.020510909708,691,0.375,1,0.387984278495,0.020510909708,0.38261351052,2.16610869872,15
"s6803",5,"SGL_RS09285",111,3,425.5,0.256200372608,437,0.396428571429,1,0.238910724312,0.256200372608,0.241971207087,2.13351087544,16
"s6803",5,"SGL_RS14385",57,3,586,0.139109727258,604,0.203571428571,1,0.329028635598,0.139109727258,0.334440753045,2.00615054447,17
"s6803",5,"SGL_RS02990",33,3,663,0.00284221020039,794,0.117857142857,1,0.372262773723,0.00284221020039,0.439645625692,1.93260775247,18
"s6803",5,"SGL_RS12595",62,3,404,0.2215608576,420,0.221428571429,1,0.226838854576,0.2215608576,0.232558139535,1.90238642314,19
"s6803",5,"SGL_RS00455",71,3,477,0.000494702338794,477,0.253571428571,1,0.267827063448,0.000494702338794,0.264119601329,1.78601279569,20
"s6803",5,"SGL_RS04450",76,3,431,0.0293924410897,432,0.271428571429,1,0.241998877035,0.0293924410897,0.239202657807,1.78202254736,21
"s6803",5,"SGL_RS17395",87,3,364.5,0.0020466269802,440,0.310714285714,1,0.2046603032,0.0020466269802,0.243632336656,1.76105355255,22
"s6803",5,"SGL_RS08500",44,3,399,0.0398588340804,482,0.157142857143,1,0.22403144301,0.0398588340804,0.266888150609,1.68792128484,23
"s6803",5,"SGL_RS04725",55,3,252,0.106164593326,255,0.196428571429,1,0.141493542953,0.106164593326,0.141196013289,1.585282721,24
"s6803",5,"SGL_RS06215",64,3,202,0.0851071156659,209,0.228571428571,1,0.113419427288,0.0851071156659,0.115725359911,1.54282333144,25
"s6803",5,"SGL_RS08210",55,3,218,0.0658134624936,218,0.196428571429,1,0.122403144301,0.0658134624936,0.120708748616,1.50535392684,26
"s6803",5,"SGL_RS10820",126,3,0,0.0411862965568,0,0.45,1,0,0.0411862965568,0,1.49118629656,27
"s6803",5,"SGL_RS06340",45,3,192,0.000876142135309,266,0.160714285714,1,0.107804604155,0.000876142135309,0.147286821705,1.41668185371,28
"s6803",5,"SGL_RS07730",40,3,143,0.0891723439371,153,0.142857142857,1,0.0802919708029,0.0891723439371,0.0847176079734,1.39703906557,29
"s6803",5,"SGL_RS13820",37,3,145,0.0934751816713,152,0.132142857143,1,0.0814149354295,0.0934751816713,0.0841638981174,1.39119687236,30
"s6803",5,"SGL_RS07535",16,3,228,0.0526923053101,230,0.0571428571429,1,0.128017967434,0.0526923053101,0.127353266888,1.36520639678,31
"s6803",5,"SGL_RS00075",36,3,189,0.000848436286555,190,0.128571428571,1,0.106120157215,0.000848436286555,0.105204872647,1.34074489472,32
"s6803",5,"SGL_RS16495",75,3,49,0.000566397153623,49,0.267857142857,1,0.027512633352,0.000566397153623,0.0271317829457,1.32306795631,33
"s6803",5,"SGL_RS18290",50,3,74,0.0253313708453,78,0.178571428571,1,0.0415496911847,0.0253313708453,0.0431893687708,1.28864185937,34
"s6803",5,"SGL_RS04055",78,3,0,0.0014253256472,0,0.278571428571,1,0,0.0014253256472,0,1.27999675422,35
"s6803",5,"SGL_RS15245",40,3,69.5,0.00161997288746,71,0.142857142857,1,0.0390230207748,0.00161997288746,0.0393133997785,1.2228135363,36
"s6803",5,"SGL_RS00515",53,3,27,0.00025526036944,27,0.189285714286,1,0.0151600224593,0.00025526036944,0.014950166113,1.21965116323,37
"s6803",5,"SGL_RS06480",31,3,88,0.00243017504433,88,0.110714285714,1,0.049410443571,0.00243017504433,0.0487264673311,1.21128137166,38
"s6803",5,"SGL_RS12005",44,3,44.5,0.00248832348967,45,0.157142857143,1,0.0249859629422,0.00248832348967,0.0249169435216,1.2095340871,39
"s6803",5,"SGL_RS11370",46,3,0,0.00505890776278,0,0.164285714286,1,0,0.00505890776278,0,1.16934462205,40
"s6803",5,"SGL_RS14540",16,3,58.5,0.0258797422629,59,0.0571428571429,1,0.0328467153285,0.0258797422629,0.0326688815061,1.14853819624,41
"s6803",5,"SGL_RS17245",38,3,0,0.00467621786006,0,0.135714285714,1,0,0.00467621786006,0,1.14039050357,42
"s6803",5,"SGL_RS11285",26,3,40,0.00287489810274,40,0.0928571428571,1,0.0224592925323,0.00287489810274,0.0221483942414,1.14033972773,43
"s6803",5,"SGL_RS00670",25,3,25.5,0.000576209031635,27,0.0892857142857,1,0.0143177989893,0.000576209031635,0.014950166113,1.11912988842,44
"s6803",5,"SGL_RS04820",11,3,29,0.000178819358615,37,0.0392857142857,1,0.0162829870859,0.000178819358615,0.0204872646733,1.0762347854,45
"s6803",5,"SGL_RS17440",18,2,242.5,0.00230831625259,284,0.0642857142857,0.666666666667,0.136159460977,0.00230831625259,0.157253599114,1.0266737573,46
"s6803",5,"SGL_RS16165",29,2,203,0.000344687399921,204,0.103571428571,0.666666666667,0.113980909601,0.000344687399921,0.112956810631,0.99752050287,47
"s6803",5,"SGL_RS05150",26,2,164.5,0.000701202247949,189,0.0928571428571,0.666666666667,0.092363840539,0.000701202247949,0.104651162791,0.957240015102,48
"s6803",5,"SGL_RS01625",27,2,58,0.0753366572653,60,0.0964285714286,0.666666666667,0.0325659741718,0.0753366572653,0.0332225913621,0.904220460895,49
"s6803",5,"SGL_RS11985",24,2,105,0.000213280693563,105,0.0857142857143,0.666666666667,0.0589556428972,0.000213280693563,0.0581395348837,0.869689410856,50
"s6803",5,"SGL_RS06080",28,2,70,0.00414641182553,70,0.1,0.666666666667,0.0393037619315,0.00414641182553,0.0387596899225,0.848876530347,51
"s6803",5,"SGL_RS01215",23,2,62,0.000130958125416,62,0.0821428571429,0.666666666667,0.034811903425,0.000130958125416,0.0343300110742,0.818082396435,52
"s6803",5,"SGL_RS02510",13,2,55,0.000453421347512,66,0.0464285714286,0.666666666667,0.0308815272319,0.000453421347512,0.0365448504983,0.780975037173,53
"s6803",5,"SGL_RS02470",29,2,0,0.00285280205867,0,0.103571428571,0.666666666667,0,0.00285280205867,0,0.773090897297,54
"s6803",5,"SGL_RS16080",24,2,0,0.000646132229417,0,0.0857142857143,0.666666666667,0,0.000646132229417,0,0.753027084611,55
"s6803",5,"SGL_RS12540",16,2,23,8.45431303003e-05,23,0.0571428571429,0.666666666667,0.0129140932061,8.45431303003e-05,0.0127353266888,0.749543486835,56
"s6803",5,"SGL_RS07975",17,2,15,0.00235773893683,15,0.0607142857143,0.666666666667,0.00842223469961,0.00235773893683,0.00830564784053,0.746466573858,57
"s6803",5,"SGL_RS15585",16,2,14,0.00354824168605,14,0.0571428571429,0.666666666667,0.0078607523863,0.00354824168605,0.0077519379845,0.742970455867,58
"s6803",5,"SGL_RS12485",2,2,0,0.0572080536221,0,0.00714285714286,0.666666666667,0,0.0572080536221,0,0.731017577432,59
"s6803",5,"SGL_RS15310",7,2,34.5,8.95520148507e-06,36,0.025,0.666666666667,0.0193711398091,8.95520148507e-06,0.0199335548173,0.730980316495,60
"s6803",5,"SGL_RS11835",5,2,38.5,0.000124310123569,40,0.0178571428571,0.666666666667,0.0216170690623,0.000124310123569,0.0221483942414,0.728413582951,61
"s6803",5,"SGL_RS04615",17,2,0,0.000638163777699,0,0.0607142857143,0.666666666667,0,0.000638163777699,0,0.728019116159,62
"s6803",5,"SGL_RS01255",14,2,7.5,0.000238610963111,8,0.05,0.666666666667,0.0042111173498,0.000238610963111,0.00442967884828,0.725546073828,63
"s6803",5,"SGL_RS08165",15,2,0,1.6970750792e-05,0,0.0535714285714,0.666666666667,0,1.6970750792e-05,0,0.720255065989,64
"s6803",5,"SGL_RS14610",14,2,0,6.12154339351e-06,0,0.05,0.666666666667,0,6.12154339351e-06,0,0.71667278821,65
"s6803",5,"SGL_RS08080",10,2,7,0.000288118948516,7,0.0357142857143,0.666666666667,0.00393037619315,0.000288118948516,0.00387596899225,0.710475416515,66
"s6803",5,"SGL_RS08040",4,2,22,0.00125187481333,22,0.0142857142857,0.666666666667,0.0123526108928,0.00125187481333,0.0121816168328,0.706738483492,67
"s6803",5,"SGL_RS10755",9,2,6.5,0.000232029439576,7,0.0321428571429,0.666666666667,0.0036496350365,0.000232029439576,0.00387596899225,0.706567157278,68
"s6803",5,"SGL_RS08520",10,2,0,3.96065920738e-05,0,0.0357142857143,0.666666666667,0,3.96065920738e-05,0,0.702420558973,69
"s6803",5,"SGL_RS17120",8,2,0,0.00321902432723,0,0.0285714285714,0.666666666667,0,0.00321902432723,0,0.698457119566,70
"s6803",5,"SGL_RS15215",5,2,0,1.29555150299e-05,0,0.0178571428571,0.666666666667,0,1.29555150299e-05,0,0.684536765039,71
"s6803",5,"SGL_RS14165",2,2,0,1.38233168406e-05,0,0.00714285714286,0.666666666667,0,1.38233168406e-05,0,0.673823347127,72
"s6803",5,"SGL_RS07740",12,1,0,0.000672389877962,0,0.0428571428571,0.333333333333,0,0.000672389877962,0,0.376862866068,73
"s6803",5,"SGL_RS08845",4,1,0,0,0,0.0142857142857,0.333333333333,0,0,0,0.347619047619,74
"s6803",6,"SGL_RS15805",253,3,3375.5,0.909222369893,3433,0.910071942446,1,1,0.909222369893,1,4.81929431234,1
"s6803",6,"SGL_RS12430",278,3,1641,1,1643,1,1,0.48615019997,1,0.478590154384,3.96474035435,2
"s6803",6,"SGL_RS09285",113,3,1733,0.265512917333,1758,0.406474820144,1,0.513405421419,0.265512917333,0.512088552287,2.69748171118,3
"s6803",6,"SGL_RS10605",88,3,1528.5,0.253421584869,1556,0.31654676259,1,0.452821804177,0.253421584869,0.453247888144,2.47603803978,4
"s6803",6,"SGL_RS03065",79,3,1757.5,0.154266708036,1763,0.284172661871,1,0.520663605392,0.154266708036,0.513545004369,2.47264797967,5
"s6803",6,"SGL_RS01980",92,3,1432.5,0.00418517078497,1433,0.330935251799,1,0.4243815731,0.00418517078497,0.417419166909,2.17692116259,6
"s6803",6,"SGL_RS02020",28,3,1485,0.00208259598188,1486,0.10071942446,1,0.43993482447,0.00208259598188,0.432857558986,1.9755944039,7
"s6803",6,"SGL_RS01955",25,3,1431.5,0.0243402520093,1432,0.089928057554,1,0.424085320693,0.0243402520093,0.417127876493,1.95548150675,8
"s6803",6,"SGL_RS00400",151,3,511,0.00668407877924,514,0.543165467626,1,0.151384980003,0.00668407877924,0.149723274104,1.85095780051,9
"s6803",6,"SGL_RS13130",54,3,1001,0.0387675509071,1005,0.194244604317,1,0.296548659458,0.0387675509071,0.292746868628,1.82230768331,10
"s6803",6,"SGL_RS17760",115,3,381,0.136915173306,381,0.413669064748,1,0.112872167086,0.136915173306,0.110981648704,1.77443805384,11
"s6803",6,"SGL_RS04450",71,3,794,0.0354155447721,801,0.255395683453,1,0.235224411198,0.0354155447721,0.233323623653,1.75935926308,12
"s6803",6,"SGL_RS14385",59,3,552.5,0.17665085798,576,0.212230215827,1,0.163679454896,0.17665085798,0.16778327993,1.72034380863,13
"s6803",6,"SGL_RS15965",114,3,450.5,0.012681165803,451,0.410071942446,1,0.133461709376,0.012681165803,0.131371977862,1.68758679549,14
"s6803",6,"SGL_RS00320",79,3,589.5,0.00256127494939,590,0.284172661871,1,0.174640793956,0.00256127494939,0.171861345762,1.63323607654,15
"s6803",6,"SGL_RS08835",74,3,466,0.0321993596223,468,0.26618705036,1,0.138053621686,0.0321993596223,0.136323914943,1.57276394661,16
"s6803",6,"SGL_RS06215",66,3,357.5,0.103288301321,367,0.237410071942,1,0.105910235521,0.103288301321,0.106903582872,1.55351219166,17
"s6803",6,"SGL_RS12595",63,3,229.5,0.185255925557,230,0.226618705036,1,0.0679899274182,0.185255925557,0.0669967958054,1.54686135382,18
"s6803",6,"SGL_RS06410",104,3,254,0.0130835357891,254,0.374100719424,1,0.0752481113909,0.0130835357891,0.0739877658025,1.53642013241,19
"s6803",6,"SGL_RS08210",55,3,380,0.0660268828182,380,0.197841726619,1,0.112575914679,0.0660268828182,0.110690358287,1.4871348824,20
"s6803",6,"SGL_RS04055",74,3,353.5,0.00135133418242,357,0.26618705036,1,0.104725225892,0.00135133418242,0.103990678707,1.47625428914,21
"s6803",6,"SGL_RS10820",115,3,0,0.0296859639147,0,0.413669064748,1,0,0.0296859639147,0,1.44335502866,22
"s6803",6,"SGL_RS17395",92,3,150,0.00541524095422,155,0.330935251799,1,0.0444378610576,0.00541524095422,0.0451500145645,1.42593836838,23
"s6803",6,"SGL_RS04725",51,3,246,0.0936298258043,246,0.18345323741,1,0.0728780921345,0.0936298258043,0.0716574424701,1.42161859782,24
"s6803",6,"SGL_RS07535",20,3,451,0.0648359598975,453,0.0719424460432,1,0.13360983558,0.0648359598975,0.131954558695,1.40234280022,25
"s6803",6,"SGL_RS06340",48,3,361.5,0.00122045511749,377,0.172661870504,1,0.107095245149,0.00122045511749,0.109816487038,1.39079405781,26
"s6803",6,"SGL_RS15210",75,3,144,0.0361625450992,144,0.269784172662,1,0.0426603466153,0.0361625450992,0.0419458199825,1.39055288436,27
"s6803",6,"SGL_RS16495",78,3,53,0.000415911737561,53,0.280575539568,1,0.0157013775737,0.000415911737561,0.0154383920769,1.31213122096,28
"s6803",6,"SGL_RS01625",35,3,116.5,0.0944814417181,120,0.125899280576,1,0.0345134054214,0.0944814417181,0.0349548499854,1.2898489777,29
"s6803",6,"SGL_RS00075",38,3,257,0.00143120990884,258,0.136690647482,1,0.0761368686121,0.00143120990884,0.0751529274687,1.28941165347,30
"s6803",6,"SGL_RS00455",77,3,0,0.000786188567842,0,0.276978417266,1,0,0.000786188567842,0,1.27776460583,31
"s6803",6,"SGL_RS07730",44,3,146,0.0267765394227,148,0.158273381295,1,0.0432528514294,0.0267765394227,0.0431109816487,1.2714137538,32
"s6803",6,"SGL_RS08500",39,3,145.5,0.0383793919385,148,0.140287769784,1,0.0431047252259,0.0383793919385,0.0431109816487,1.2648828686,33
"s6803",6,"SGL_RS18290",45,3,76,0.0166813603433,78,0.161870503597,1,0.0225151829359,0.0166813603433,0.0227206524905,1.22378769937,34
"s6803",6,"SGL_RS00515",49,3,24,0.00029647468833,24,0.176258992806,1,0.00711005776922,0.00029647468833,0.00699096999709,1.19065649526,35
"s6803",6,"SGL_RS15245",35,3,99,0.000791845253159,100,0.125899280576,1,0.029328988298,0.000791845253159,0.0291290416545,1.18514915578,36
"s6803",6,"SGL_RS11370",46,3,0,0.0047125730319,0,0.165467625899,1,0,0.0047125730319,0,1.17018019893,37
"s6803",6,"SGL_RS02990",36,3,41,0.00419506737417,50,0.129496402878,1,0.0121463486891,0.00419506737417,0.0145645208273,1.16040233977,38
"s6803",6,"SGL_RS13820",34,3,0,0.0325222190165,0,0.122302158273,1,0,0.0325222190165,0,1.15482437729,39
"s6803",6,"SGL_RS17440",21,3,116.5,0.00237997132527,117,0.0755395683453,1,0.0345134054214,0.00237997132527,0.0340809787358,1.14651392383,40
"s6803",6,"SGL_RS06480",34,3,33,0.00170733353236,33,0.122302158273,1,0.00977632943268,0.00170733353236,0.00961258374599,1.14339840498,41
"s6803",6,"SGL_RS12005",37,3,0,0.00166425678584,0,0.13309352518,1,0,0.00166425678584,0,1.13475778197,42
"s6803",6,"SGL_RS14540",23,3,34,0.0235556180982,34,0.0827338129496,1,0.0100725818397,0.0235556180982,0.00990387416254,1.12626588705,43
"s6803",6,"SGL_RS05150",22,3,76,0.00104956279289,76,0.0791366906475,1,0.0225151829359,0.00104956279289,0.0221380716574,1.12483950803,44
"s6803",6,"SGL_RS08165",18,3,60.5,0.000103251809432,63,0.0647482014388,1,0.0179232706266,0.000103251809432,0.0183512962424,1.10112602012,45
"s6803",6,"SGL_RS00670",23,3,15.5,0.00103641085829,17,0.0827338129496,1,0.00459191230929,0.00103641085829,0.00495193708127,1.0933140732,46
"s6803",6,"SGL_RS04820",16,3,50.5,0.000375659037319,62,0.0575539568345,1,0.0149607465561,0.000375659037319,0.0180600058258,1.09095036825,47
"s6803",6,"SGL_RS16165",31,2,142.5,0.000213610874107,143,0.111510791367,0.666666666667,0.0422159680047,0.000213610874107,0.041654529566,0.862261566479,48
"s6803",6,"SGL_RS17245",38,2,0,0.00127364728292,0,0.136690647482,0.666666666667,0,0.00127364728292,0,0.804630961432,49
"s6803",6,"SGL_RS11985",23,2,84,2.66142543229e-05,84,0.0827338129496,0.666666666667,0.0248852021923,2.66142543229e-05,0.0244683949898,0.798780691053,50
"s6803",6,"SGL_RS11285",24,2,36,0.0064969079696,36,0.0863309352518,0.666666666667,0.0106650866538,0.0064969079696,0.0104864549956,0.780646051538,51
"s6803",6,"SGL_RS01215",21,2,61,9.31515178046e-05,61,0.0755395683453,0.666666666667,0.0180713968301,9.31515178046e-05,0.0177687154093,0.77813949877,52
"s6803",6,"SGL_RS02470",28,2,0,0.00544486076689,0,0.10071942446,0.666666666667,0,0.00544486076689,0,0.772830951894,53
"s6803",6,"SGL_RS06080",29,2,0,0.000932445936661,0,0.104316546763,0.666666666667,0,0.000932445936661,0,0.771915659367,54
"s6803",6,"SGL_RS12540",16,2,62,7.76539402985e-05,64,0.0575539568345,0.666666666667,0.0183676492372,7.76539402985e-05,0.0186425866589,0.761308513338,55
"s6803",6,"SGL_RS07975",19,2,17,0.00114613723403,17,0.068345323741,0.666666666667,0.00503629091986,0.00114613723403,0.00495193708127,0.746146355643,56
"s6803",6,"SGL_RS16080",19,2,0,0.00160660451349,0,0.068345323741,0.666666666667,0,0.00160660451349,0,0.736618594921,57
"s6803",6,"SGL_RS01255",17,2,10,3.65053288022e-05,10,0.0611510791367,0.666666666667,0.00296252407051,3.65053288022e-05,0.00291290416545,0.733729679368,58
"s6803",6,"SGL_RS02510",14,2,26,0.00033784920104,26,0.0503597122302,0.666666666667,0.00770256258332,0.00033784920104,0.00757355083018,0.732640341512,59
"s6803",6,"SGL_RS04615",17,2,0,0.00319770652046,0,0.0611510791367,0.666666666667,0,0.00319770652046,0,0.731015452324,60
"s6803",6,"SGL_RS14610",14,2,0,7.41434273875e-06,0,0.0503597122302,0.666666666667,0,7.41434273875e-06,0,0.71703379324,61
"s6803",6,"SGL_RS10755",10,2,8.5,5.26576970449e-05,9,0.0359712230216,0.666666666667,0.00251814545993,5.26576970449e-05,0.00262161374891,0.707830306594,62
"s6803",6,"SGL_RS08080",10,2,7,7.96182071066e-05,7,0.0359712230216,0.666666666667,0.00207376684936,7.96182071066e-05,0.00203903291582,0.706830307661,63
"s6803",6,"SGL_RS08520",7,2,0,4.58870975484e-05,0,0.0251798561151,0.666666666667,0,4.58870975484e-05,0,0.69189240988,64
"s6803",6,"SGL_RS17120",6,2,0,0.000824949874566,0,0.0215827338129,0.666666666667,0,0.000824949874566,0,0.689074350354,65
"s6803",6,"SGL_RS12485",2,2,0,0.00566244660758,0,0.00719424460432,0.666666666667,0,0.00566244660758,0,0.679523357879,66
"s6803",6,"SGL_RS11835",3,2,2,0.000311845519465,2,0.0107913669065,0.666666666667,0.000592504814102,0.000311845519465,0.000582580833091,0.67894496474,67
"s6803",6,"SGL_RS15310",3,2,0,3.14414929769e-06,0,0.0107913669065,0.666666666667,0,3.14414929769e-06,0,0.677461177723,68
"s6803",6,"SGL_RS07740",12,1,0,0.00056623284796,0,0.0431654676259,0.333333333333,0,0.00056623284796,0,0.377065033807,69
"s6803",6,"SGL_RS15585",11,1,0,0.000110193644702,0,0.0395683453237,0.333333333333,0,0.000110193644702,0,0.373011872301,70
"s6803",6,"SGL_RS08040",3,1,8,0.000714633172976,8,0.0107913669065,0.333333333333,0.00237001925641,0.000714633172976,0.00233032333236,0.349539676001,71
"s6803",6,"SGL_RS08845",4,1,0,0,0,0.0143884892086,0.333333333333,0,0,0,0.347721822542,72
"s6803",6,"SGL_RS15215",3,1,0,7.91684003386e-08,0,0.0107913669065,0.333333333333,0,7.91684003386e-08,0,0.344124779408,73
"s6803",6,"SGL_RS14165",2,1,0,3.06228267198e-07,0,0.00719424460432,0.333333333333,0,3.06228267198e-07,0,0.340527884166,74
"s6803",7,"SGL_RS15805",256,3,1494,0.860196574004,1526,0.895104895105,1,1,0.860196574004,1,4.75530146911,1
"s6803",7,"SGL_RS12430",286,3,699.5,1,701,1,1,0.468206157965,1,0.459370904325,3.92757706229,2
"s6803",7,"SGL_RS01980",90,3,1329,0.00428858641982,1350,0.314685314685,1,0.889558232932,0.00428858641982,0.884665792923,3.09319792696,3
"s6803",7,"SGL_RS10605",90,3,982.5,0.197330752819,1025,0.314685314685,1,0.657630522088,0.197330752819,0.671690694626,2.84133728422,4
"s6803",7,"SGL_RS01955",34,3,1084,0.0284532851343,1118,0.118881118881,1,0.725568942436,0.0284532851343,0.732634338139,2.60553768459,5
"s6803",7,"SGL_RS00320",81,3,844,0.00118617145121,845,0.283216783217,1,0.564926372155,0.00118617145121,0.55373525557,2.40306458239,6
"s6803",7,"SGL_RS03065",80,3,493.5,0.161313225901,495,0.27972027972,1,0.330321285141,0.161313225901,0.324377457405,2.09573224817,7
"s6803",7,"SGL_RS00400",151,3,357,0.00518249669118,359,0.527972027972,1,0.238955823293,0.00518249669118,0.235255570118,2.00736591807,8
"s6803",7,"SGL_RS14385",56,3,477.5,0.158721288982,487,0.195804195804,1,0.319611780455,0.158721288982,0.319134993447,1.99327225869,9
"s6803",7,"SGL_RS17395",90,3,455.5,0.00413923414186,464,0.314685314685,1,0.304886211513,0.00413923414186,0.304062909567,1.92777366991,10
"s6803",7,"SGL_RS09285",107,3,212,0.261487528589,214,0.374125874126,1,0.141900937082,0.261487528589,0.140235910878,1.91775025068,11
"s6803",7,"SGL_RS00455",72,3,462,0.000638538718109,462,0.251748251748,1,0.309236947791,0.000638538718109,0.302752293578,1.86437603184,12
"s6803",7,"SGL_RS06410",105,3,252,0.0122119959602,252,0.367132867133,1,0.168674698795,0.0122119959602,0.165137614679,1.71315717657,13
"s6803",7,"SGL_RS17760",111,3,97,0.110804348368,97,0.388111888112,1,0.0649263721553,0.110804348368,0.0635648754915,1.62740748413,14
"s6803",7,"SGL_RS08210",59,3,251,0.0638863523117,251,0.206293706294,1,0.168005354752,0.0638863523117,0.164482306684,1.60266772004,15
"s6803",7,"SGL_RS15965",113,3,144,0.0130057601078,144,0.395104895105,1,0.0963855421687,0.0130057601078,0.0943643512451,1.59886054863,16
"s6803",7,"SGL_RS12595",67,3,124.5,0.182336887895,126,0.234265734266,1,0.0833333333333,0.182336887895,0.0825688073394,1.58250476283,17
"s6803",7,"SGL_RS06215",61,3,187,0.0946108404566,191,0.213286713287,1,0.125167336011,0.0946108404566,0.125163826999,1.55822871675,18
"s6803",7,"SGL_RS15210",82,3,152,0.0310235520537,152,0.286713286713,1,0.101740294511,0.0310235520537,0.0996068152031,1.51908394848,19
"s6803",7,"SGL_RS04725",59,3,141,0.104908208386,141,0.206293706294,1,0.0943775100402,0.104908208386,0.0923984272608,1.49797785198,20
"s6803",7,"SGL_RS07535",17,3,252,0.0636044387024,252,0.0594405594406,1,0.168674698795,0.0636044387024,0.165137614679,1.45685731162,21
"s6803",7,"SGL_RS10820",118,3,0,0.0339572290811,0,0.412587412587,1,0,0.0339572290811,0,1.44654464167,22
"s6803",7,"SGL_RS08500",44,3,155,0.0422453814687,158,0.153846153846,1,0.10374832664,0.0422453814687,0.103538663172,1.40337852513,23
"s6803",7,"SGL_RS02990",31,3,205.5,0.000796698885436,214,0.108391608392,1,0.137550200803,0.000796698885436,0.140235910878,1.38697441896,24
"s6803",7,"SGL_RS00075",35,3,193.5,0.00129532659761,196,0.122377622378,1,0.129518072289,0.00129532659761,0.128440366972,1.38163138824,25
"s6803",7,"SGL_RS13130",46,3,137,0.0272101157597,137,0.160839160839,1,0.0917001338688,0.0272101157597,0.0897771952818,1.36952660575,26
"s6803",7,"SGL_RS18290",55,3,90,0.027668694679,90,0.192307692308,1,0.0602409638554,0.027668694679,0.0589777195282,1.33919507037,27
"s6803",7,"SGL_RS04450",67,3,68,0.0109140071623,68,0.234265734266,1,0.045515394913,0.0109140071623,0.0445609436435,1.33525607998,28
"s6803",7,"SGL_RS16495",74,3,51,0.000553154971605,51,0.258741258741,1,0.0341365461847,0.000553154971605,0.0334207077326,1.32685166763,29
"s6803",7,"SGL_RS02020",32,3,136.5,0.00333534326235,157,0.111888111888,1,0.0913654618474,0.00333534326235,0.102883355177,1.30947227217,30
"s6803",7,"SGL_RS04055",79,3,0,0.000800321878269,0,0.276223776224,1,0,0.000800321878269,0,1.2770240981,31
"s6803",7,"SGL_RS08835",70,3,0,0.0247179819547,0,0.244755244755,1,0,0.0247179819547,0,1.26947322671,32
"s6803",7,"SGL_RS07730",43,3,51.5,0.0401139902503,53,0.15034965035,1,0.0344712182062,0.0401139902503,0.0347313237221,1.25966618253,33
"s6803",7,"SGL_RS06340",41,3,85,0.000745846827706,87,0.143356643357,1,0.0568942436412,0.000745846827706,0.0570117955439,1.25800852937,34
"s6803",7,"SGL_RS00515",48,3,25,0.000267266978023,25,0.167832167832,1,0.016733601071,0.000267266978023,0.0163826998689,1.20121573575,35
"s6803",7,"SGL_RS11370",55,3,0,0.00256756865956,0,0.192307692308,1,0,0.00256756865956,0,1.19487526097,36
"s6803",7,"SGL_RS06480",33,3,39,0.00144288203567,39,0.115384615385,1,0.0261044176707,0.00144288203567,0.0255570117955,1.16848892689,37
"s6803",7,"SGL_RS15245",30,3,46.5,0.000745222205232,47,0.104895104895,1,0.031124497992,0.000745222205232,0.0307994757536,1.16756430085,38
"s6803",7,"SGL_RS12005",40,3,0,0.00176115575425,0,0.13986013986,1,0,0.00176115575425,0,1.14162129561,39
"s6803",7,"SGL_RS11285",24,3,36,0.00678039288598,36,0.0839160839161,1,0.0240963855422,0.00678039288598,0.0235910878113,1.13838395016,40
"s6803",7,"SGL_RS04820",19,3,50,0.000363257406211,55,0.0664335664336,1,0.0334672021419,0.000363257406211,0.0360419397117,1.13630596569,41
"s6803",7,"SGL_RS13820",29,3,0,0.0284559691193,0,0.101398601399,1,0,0.0284559691193,0,1.12985457052,42
"s6803",7,"SGL_RS14540",19,3,32,0.016935178203,32,0.0664335664336,1,0.0214190093708,0.016935178203,0.0209698558322,1.12575760984,43
"s6803",7,"SGL_RS00670",22,3,14,0.000731867295287,16,0.0769230769231,1,0.00937081659973,0.000731867295287,0.0104849279161,1.09751068873,44
"s6803",7,"SGL_RS01625",31,2,64,0.0863137760338,67,0.108391608392,0.666666666667,0.0428380187416,0.0863137760338,0.0439056356488,0.948115705483,45
"s6803",7,"SGL_RS05150",24,2,40,0.0022567892937,40,0.0839160839161,0.666666666667,0.0267737617135,0.0022567892937,0.0262123197903,0.805825621381,46
"s6803",7,"SGL_RS17245",38,2,0,0.00473813898297,0,0.132867132867,0.666666666667,0,0.00473813898297,0,0.804271938517,47
"s6803",7,"SGL_RS06080",27,2,24,0.00595257873164,24,0.0944055944056,0.666666666667,0.0160642570281,0.00595257873164,0.0157273918742,0.798816488707,48
"s6803",7,"SGL_RS16165",26,2,23,3.80444131663e-05,23,0.0909090909091,0.666666666667,0.0153949129853,3.80444131663e-05,0.0150720838794,0.788080798854,49
"s6803",7,"SGL_RS02510",15,2,48.5,5.76332415659e-05,49,0.0524475524476,0.666666666667,0.0324631860776,5.76332415659e-05,0.0321100917431,0.783745130177,50
"s6803",7,"SGL_RS11985",24,2,21,0.000329975673582,21,0.0839160839161,0.666666666667,0.0140562248996,0.000329975673582,0.0137614678899,0.778730419046,51
"s6803",7,"SGL_RS02470",26,2,0,0.00272692409328,0,0.0909090909091,0.666666666667,0,0.00272692409328,0,0.760302681669,52
"s6803",7,"SGL_RS01215",21,2,15,2.23970888767e-05,15,0.0734265734266,0.666666666667,0.0100401606426,2.23970888767e-05,0.00982961992136,0.759985417746,53
"s6803",7,"SGL_RS12540",17,2,25,5.3009585643e-05,25,0.0594405594406,0.666666666667,0.016733601071,5.3009585643e-05,0.0163826998689,0.759276536633,54
"s6803",7,"SGL_RS15215",4,2,12,0.0464310011775,12,0.013986013986,0.666666666667,0.00803212851406,0.0464310011775,0.00786369593709,0.742979506282,55
"s6803",7,"SGL_RS07975",18,2,0,0.00101355882915,0,0.0629370629371,0.666666666667,0,0.00101355882915,0,0.730617288433,56
"s6803",7,"SGL_RS17440",18,2,0,0.000230714963321,0,0.0629370629371,0.666666666667,0,0.000230714963321,0,0.729834444567,57
"s6803",7,"SGL_RS16080",17,2,0,0.000640381764308,0,0.0594405594406,0.666666666667,0,0.000640381764308,0,0.726747607872,58
"s6803",7,"SGL_RS04615",17,2,0,9.78510340188e-05,0,0.0594405594406,0.666666666667,0,9.78510340188e-05,0,0.726205077142,59
"s6803",7,"SGL_RS08165",17,2,0,1.50612499147e-05,0,0.0594405594406,0.666666666667,0,1.50612499147e-05,0,0.726122287358,60
"s6803",7,"SGL_RS01255",13,2,7,0.000277340333279,7,0.0454545454545,0.666666666667,0.00468540829987,0.000277340333279,0.0045871559633,0.721671116718,61
"s6803",7,"SGL_RS10755",11,2,8,0.000349217341916,8,0.0384615384615,0.666666666667,0.0053547523427,0.000349217341916,0.00524246395806,0.716074638771,62
"s6803",7,"SGL_RS15585",14,2,0,0.000115676272324,0,0.048951048951,0.666666666667,0,0.000115676272324,0,0.71573339189,63
"s6803",7,"SGL_RS15310",6,2,20,0.000243263423197,20,0.020979020979,0.666666666667,0.0133868808568,0.000243263423197,0.0131061598952,0.714381991821,64
"s6803",7,"SGL_RS14610",12,2,0,4.47639084972e-06,0,0.041958041958,0.666666666667,0,4.47639084972e-06,0,0.708629185016,65
"s6803",7,"SGL_RS08080",9,2,6,0.000287649241161,6,0.0314685314685,0.666666666667,0.00401606425703,0.000287649241161,0.00393184796855,0.706370759602,66
"s6803",7,"SGL_RS11835",7,2,8,0.00035438242073,8,0.0244755244755,0.666666666667,0.0053547523427,0.00035438242073,0.00524246395806,0.702093789864,67
"s6803",7,"SGL_RS08520",9,2,0,1.23365220304e-05,0,0.0314685314685,0.666666666667,0,1.23365220304e-05,0,0.698147534658,68
"s6803",7,"SGL_RS17120",7,2,0,0.000326748831568,0,0.0244755244755,0.666666666667,0,0.000326748831568,0,0.691468939974,69
"s6803",7,"SGL_RS07740",12,1,0,0.000540716228435,0,0.041958041958,0.333333333333,0,0.000540716228435,0,0.375832091519,70
"s6803",7,"SGL_RS08845",4,1,0,0,0,0.013986013986,0.333333333333,0,0,0,0.347319347319,71
"s6803",7,"SGL_RS08040",3,1,0,0,0,0.0104895104895,0.333333333333,0,0,0,0.343822843822,72
"s6803",7,"SGL_RS14165",2,1,0,4.33774718438e-08,0,0.00699300699301,0.333333333333,0,4.33774718438e-08,0,0.340326383703,73
"s6803",7,"SGL_RS12485",1,1,0,0.0028718001926,0,0.0034965034965,0.333333333333,0,0.0028718001926,0,0.339701637022,74
"s6803",8,"SGL_RS12430",287,3,1569.5,1,1589,1,1,1,1,0.987569919204,4.9875699192,1
"s6803",8,"SGL_RS15805",248,3,1567.5,0.824125686627,1609,0.864111498258,1,0.998725708824,0.824125686627,1,4.68696289371,2
"s6803",8,"SGL_RS01980",94,3,1113,0.00231239040501,1113,0.327526132404,1,0.709143039184,0.00231239040501,0.691733996271,2.73071555826,3
"s6803",8,"SGL_RS10820",114,3,795,0.0291126907462,795,0.397212543554,1,0.506530742275,0.0291126907462,0.494095711622,2.4269516882,4
"s6803",8,"SGL_RS02020",34,3,1034.5,0.00195835878697,1036,0.118466898955,1,0.659127110545,0.00195835878697,0.643878185208,2.42343055349,5
"s6803",8,"SGL_RS14385",54,3,837,0.141150407741,856,0.188153310105,1,0.533290856961,0.141150407741,0.532007458048,2.39460203286,6
"s6803",8,"SGL_RS10605",91,3,678,0.204694276914,697,0.317073170732,1,0.431984708506,0.204694276914,0.433188315724,2.38694047188,7
"s6803",8,"SGL_RS09285",114,3,431,0.254873040689,454,0.397212543554,1,0.274609748327,0.254873040689,0.282162834058,2.20885816663,8
"s6803",8,"SGL_RS01955",34,3,845.5,0.0234784270897,846,0.118466898955,1,0.538706594457,0.0234784270897,0.525792417651,2.20644433815,9
"s6803",8,"SGL_RS00320",84,3,706.5,0.000865182657706,708,0.292682926829,1,0.450143357757,0.000865182657706,0.440024860162,2.18371632741,10
"s6803",8,"SGL_RS15210",81,3,612,0.0270520381465,612,0.282229965157,1,0.389933099713,0.0270520381465,0.380360472343,2.07957557536,11
"s6803",8,"SGL_RS13130",49,3,664,0.0271479285747,664,0.170731707317,1,0.423064670277,0.0271479285747,0.412678682411,2.03362298858,12
"s6803",8,"SGL_RS00400",156,3,362,0.00542927134234,363,0.543554006969,1,0.230646702772,0.00542927134234,0.225605966439,2.00523594752,13
"s6803",8,"SGL_RS06410",101,3,489,0.0100483109496,489,0.351916376307,1,0.311564192418,0.0100483109496,0.303915475451,1.97744435513,14
"s6803",8,"SGL_RS03065",75,3,406,0.137277474841,406,0.261324041812,1,0.258681108633,0.137277474841,0.252330640149,1.90961326543,15
"s6803",8,"SGL_RS04450",79,3,454,0.0316464315588,455,0.275261324042,1,0.289264096846,0.0316464315588,0.282784338098,1.87895619054,16
"s6803",8,"SGL_RS17395",97,3,367,0.00442654819371,367,0.337979094077,1,0.23383243071,0.00442654819371,0.228091982598,1.80433005558,17
"s6803",8,"SGL_RS00455",72,3,403,0.000312164373002,403,0.250871080139,1,0.25676967187,0.000312164373002,0.25046612803,1.75841904441,18
"s6803",8,"SGL_RS12595",69,3,200,0.196830353012,200,0.240418118467,1,0.127429117553,0.196830353012,0.124300807955,1.68897839699,19
"s6803",8,"SGL_RS06215",68,3,264,0.0839463851457,270,0.236933797909,1,0.16820643517,0.0839463851457,0.16780609074,1.65689270896,20
"s6803",8,"SGL_RS17760",113,3,98,0.132960098334,98,0.393728222997,1,0.0624402676011,0.132960098334,0.0609073958981,1.65003598483,21
"s6803",8,"SGL_RS04725",54,3,240,0.104097578462,240,0.188153310105,1,0.152914941064,0.104097578462,0.149160969546,1.59432679918,22
"s6803",8,"SGL_RS15965",106,3,128.5,0.0120124665001,129,0.369337979094,1,0.081873208028,0.0120124665001,0.0801740211311,1.54339767475,23
"s6803",8,"SGL_RS08500",46,3,239,0.042613323278,240,0.160278745645,1,0.152277795476,0.042613323278,0.149160969546,1.50433083394,24
"s6803",8,"SGL_RS02990",26,3,244.5,0.000649789284871,248,0.0905923344948,1,0.155782096209,0.000649789284871,0.154133001865,1.40115722185,25
"s6803",8,"SGL_RS08210",47,3,137,0.0477017203996,137,0.163763066202,1,0.0872889455241,0.0477017203996,0.0851460534493,1.38389978558,26
"s6803",8,"SGL_RS00075",38,3,184,0.00088472508841,185,0.132404181185,1,0.117234788149,0.00088472508841,0.114978247359,1.36550194178,27
"s6803",8,"SGL_RS08835",71,3,56,0.0220462279137,56,0.247386759582,1,0.0356801529149,0.0220462279137,0.0348042262275,1.33991736664,28
"s6803",8,"SGL_RS18290",50,3,82.5,0.0314276569795,83,0.174216027875,1,0.0525645109908,0.0314276569795,0.0515848353014,1.30979303115,29
"s6803",8,"SGL_RS16495",71,3,48,0.000204620389177,48,0.247386759582,1,0.0305829882128,0.000204620389177,0.0298321939093,1.30800656209,30
"s6803",8,"SGL_RS02470",34,3,139,0.012734683097,139,0.118466898955,1,0.0885632366996,0.012734683097,0.0863890615289,1.30615388028,31
"s6803",8,"SGL_RS07535",17,3,142,0.0558058422815,142,0.0592334494774,1,0.0904746734629,0.0558058422815,0.0882535736482,1.29376753887,32
"s6803",8,"SGL_RS06480",37,3,90,0.00120904985007,90,0.128919860627,1,0.057343102899,0.00120904985007,0.0559353635799,1.24340737696,33
"s6803",8,"SGL_RS06340",42,3,62.5,0.000608171824214,63,0.146341463415,1,0.0398215992354,0.000608171824214,0.0391547545059,1.22592598898,34
"s6803",8,"SGL_RS14540",25,3,84,0.0169422871388,84,0.0871080139373,1,0.0535202293724,0.0169422871388,0.0522063393412,1.20977686979,35
"s6803",8,"SGL_RS00515",50,3,27,0.000251855336173,27,0.174216027875,1,0.0172029308697,0.000251855336173,0.016780609074,1.20845142315,36
"s6803",8,"SGL_RS07730",41,3,29,0.0190005050266,29,0.142857142857,1,0.0184772220452,0.0190005050266,0.0180236171535,1.19835848708,37
"s6803",8,"SGL_RS12005",38,3,36.5,0.00144827338119,37,0.132404181185,1,0.0232558139535,0.00144827338119,0.0229956494717,1.18010391799,38
"s6803",8,"SGL_RS11370",48,3,0,0.00419021382975,0,0.16724738676,1,0,0.00419021382975,0,1.17143760059,39
"s6803",8,"SGL_RS13820",36,3,0,0.0254099769367,0,0.12543554007,1,0,0.0254099769367,0,1.15084551701,40
"s6803",8,"SGL_RS15585",16,3,62,0.00376748475691,62,0.0557491289199,1,0.0395030264415,0.00376748475691,0.0385332504661,1.13755289058,41
"s6803",8,"SGL_RS00670",22,3,15.5,0.000644650978327,17,0.0766550522648,1,0.00987575661039,0.000644650978327,0.0105655686762,1.09774102853,42
"s6803",8,"SGL_RS04055",79,2,0,0.0011901584924,0,0.275261324042,0.666666666667,0,0.0011901584924,0,0.943118149201,43
"s6803",8,"SGL_RS17440",17,2,157,0.00241552778166,157,0.0592334494774,0.666666666667,0.100031857279,0.00241552778166,0.0975761342449,0.92592363545,44
"s6803",8,"SGL_RS01625",32,2,55.5,0.0771559169157,56,0.11149825784,0.666666666667,0.0353615801211,0.0771559169157,0.0348042262275,0.925486647771,45
"s6803",8,"SGL_RS05150",26,2,117,0.000473640634393,117,0.0905923344948,0.666666666667,0.0745460337687,0.000473640634393,0.0727159726538,0.904994648219,46
"s6803",8,"SGL_RS15245",34,2,57.5,0.000576120483501,58,0.118466898955,0.666666666667,0.0366358712966,0.000576120483501,0.036047234307,0.858392791709,47
"s6803",8,"SGL_RS16165",29,2,68,0.000204255164019,68,0.101045296167,0.666666666667,0.0433258999681,0.000204255164019,0.0422622747048,0.853504392671,48
"s6803",8,"SGL_RS17245",34,2,0,0.00422849188358,0,0.118466898955,0.666666666667,0,0.00422849188358,0,0.789362057506,49
"s6803",8,"SGL_RS11985",20,2,34,0.000282673954319,34,0.0696864111498,0.666666666667,0.0216629499841,0.000282673954319,0.0211311373524,0.779429839108,50
"s6803",8,"SGL_RS11285",20,2,24.5,0.00227555245321,25,0.0696864111498,0.666666666667,0.0156100669003,0.00227555245321,0.0155376009944,0.769776298165,51
"s6803",8,"SGL_RS07975",21,2,19,0.00178734151067,19,0.0731707317073,0.666666666667,0.0121057661676,0.00178734151067,0.0118085767557,0.765539082808,52
"s6803",8,"SGL_RS02510",14,2,37.5,0.000126881795141,39,0.0487804878049,0.666666666667,0.0238929595413,0.000126881795141,0.0242386575513,0.76370565336,53
"s6803",8,"SGL_RS01215",21,2,14,2.36252820449e-06,14,0.0731707317073,0.666666666667,0.00892003822874,2.36252820449e-06,0.00870105655687,0.757460855688,54
"s6803",8,"SGL_RS06080",25,2,0,0.00291613467486,0,0.0871080139373,0.666666666667,0,0.00291613467486,0,0.756690815279,55
"s6803",8,"SGL_RS08165",19,2,16.5,8.40887653137e-05,17,0.0662020905923,0.666666666667,0.0105129021982,8.40887653137e-05,0.0105655686762,0.754031316899,56
"s6803",8,"SGL_RS04820",13,2,30.5,0.000257439771022,32,0.0452961672474,0.666666666667,0.0194329404269,0.000257439771022,0.0198881292728,0.751541343385,57
"s6803",8,"SGL_RS12540",16,2,22.5,6.49425159325e-05,23,0.0557491289199,0.666666666667,0.0143357757248,6.49425159325e-05,0.0142945929149,0.751111106743,58
"s6803",8,"SGL_RS12485",2,2,0,0.0549040432135,0,0.00696864111498,0.666666666667,0,0.0549040432135,0,0.728539350995,59
"s6803",8,"SGL_RS04615",13,2,10,0.000171688143497,10,0.0452961672474,0.666666666667,0.00637145587767,0.000171688143497,0.00621504039776,0.724721018333,60
"s6803",8,"SGL_RS01255",13,2,6,1.60157825998e-06,6,0.0452961672474,0.666666666667,0.0038228735266,1.60157825998e-06,0.00372902423866,0.719516333258,61
"s6803",8,"SGL_RS16080",15,2,0,0.000584233008527,0,0.0522648083624,0.666666666667,0,0.000584233008527,0,0.719515708038,62
"s6803",8,"SGL_RS14610",15,2,0,4.70053187142e-06,0,0.0522648083624,0.666666666667,0,4.70053187142e-06,0,0.718936175561,63
"s6803",8,"SGL_RS08080",11,2,7,0.000273660171746,7,0.0383275261324,0.666666666667,0.00446001911437,0.000273660171746,0.00435052827843,0.714078400364,64
"s6803",8,"SGL_RS08520",11,2,0,3.92419833568e-05,0,0.0383275261324,0.666666666667,0,3.92419833568e-05,0,0.705033434783,65
"s6803",8,"SGL_RS15310",5,2,16,1.28708358748e-05,16,0.0174216027875,0.666666666667,0.0101943294043,1.28708358748e-05,0.00994406463642,0.704239534331,66
"s6803",8,"SGL_RS11835",4,2,18,0.00024437085318,18,0.01393728223,0.666666666667,0.0114686205798,0.00024437085318,0.011187072716,0.703504013046,67
"s6803",8,"SGL_RS10755",7,2,6,0.000161283353624,6,0.0243902439024,0.666666666667,0.0038228735266,0.000161283353624,0.00372902423866,0.698770091688,68
"s6803",8,"SGL_RS17120",7,2,0,0.00273490552072,0,0.0243902439024,0.666666666667,0,0.00273490552072,0,0.69379181609,69
"s6803",8,"SGL_RS07740",12,1,0,0.000551095097984,0,0.0418118466899,0.333333333333,0,0.000551095097984,0,0.375696275121,70
"s6803",8,"SGL_RS08040",3,1,14,0.00052582798841,14,0.0104529616725,0.333333333333,0.00892003822874,0.00052582798841,0.00870105655687,0.36193321778,71
"s6803",8,"SGL_RS08845",4,1,0,3.58661961059e-18,0,0.01393728223,0.333333333333,0,3.58661961059e-18,0,0.347270615563,72
"s6803",8,"SGL_RS15215",3,1,0,3.09373628249e-18,0,0.0104529616725,0.333333333333,0,3.09373628249e-18,0,0.343786295006,73
"s6803",8,"SGL_RS14165",2,1,0,2.29023464055e-07,0,0.00696864111498,0.333333333333,0,2.29023464055e-07,0,0.340302203471,74
"s6803",9,"SGL_RS12430",279,3,1640,0.953740146985,1642,1,1,0.986762936221,0.953740146985,0.984412470024,4.92491555323,1
"s6803",9,"SGL_RS15805",264,3,1277.5,1,1290,0.94623655914,1,0.768652226233,1,0.773381294964,4.48827008034,2
"s6803",9,"SGL_RS03065",79,3,1662,0.15615529915,1668,0.283154121864,1,1,0.15615529915,1,3.43930942101,3
"s6803",9,"SGL_RS17760",116,3,1029,0.138964238822,1029,0.415770609319,1,0.619133574007,0.138964238822,0.61690647482,2.79077489697,4
"s6803",9,"SGL_RS15210",87,3,965.5,0.0558773503028,966,0.311827956989,1,0.580926594465,0.0558773503028,0.579136690647,2.5277685924,5
"s6803",9,"SGL_RS08835",70,3,988,0.0344690314235,990,0.250896057348,1,0.594464500602,0.0344690314235,0.593525179856,2.47335476923,6
"s6803",9,"SGL_RS10605",98,3,693,0.279654584012,700,0.351254480287,1,0.416967509025,0.279654584012,0.419664268585,2.46754084191,7
"s6803",9,"SGL_RS00400",155,3,663.5,0.00980145244901,666,0.555555555556,1,0.399217809868,0.00980145244901,0.39928057554,2.36385539341,8
"s6803",9,"SGL_RS13130",42,3,972,0.0270021325575,977,0.150537634409,1,0.584837545126,0.0270021325575,0.585731414868,2.34810872696,9
"s6803",9,"SGL_RS15965",109,3,750,0.0208227795288,750,0.390681003584,1,0.451263537906,0.0208227795288,0.44964028777,2.31240760879,10
"s6803",9,"SGL_RS06410",102,3,683,0.0155253568167,683,0.365591397849,1,0.410950661853,0.0155253568167,0.409472422062,2.20153983858,11
"s6803",9,"SGL_RS01980",91,3,618,0.00333189938466,618,0.326164874552,1,0.371841155235,0.00333189938466,0.370503597122,2.07184152629,12
"s6803",9,"SGL_RS09285",114,3,296,0.290914847591,302,0.408602150538,1,0.178098676294,0.290914847591,0.181055155875,2.0586708303,13
"s6803",9,"SGL_RS02020",29,3,655,0.00371469076882,655,0.10394265233,1,0.394103489771,0.00371469076882,0.392685851319,1.89444668419,14
"s6803",9,"SGL_RS01955",31,3,601,0.0410390048088,601,0.111111111111,1,0.361612515042,0.0410390048088,0.3603117506,1.87407438156,15
"s6803",9,"SGL_RS04450",75,3,305,0.034523252888,307,0.268817204301,1,0.183513838748,0.034523252888,0.184052757794,1.67090705373,16
"s6803",9,"SGL_RS12595",62,3,234,0.167241667564,234,0.222222222222,1,0.140794223827,0.167241667564,0.140287769784,1.6705458834,17
"s6803",9,"SGL_RS04725",54,3,246,0.101001833634,246,0.193548387097,1,0.148014440433,0.101001833634,0.147482014388,1.59004667555,18
"s6803",9,"SGL_RS06215",64,3,142,0.115350791212,146,0.229390681004,1,0.0854392298436,0.115350791212,0.0875299760192,1.51771067808,19
"s6803",9,"SGL_RS10820",117,3,0,0.0377597919328,0,0.41935483871,1,0,0.0377597919328,0,1.45711463064,20
"s6803",9,"SGL_RS17395",88,3,104.5,0.00149204881106,105,0.31541218638,1,0.0628760529483,0.00149204881106,0.0629496402878,1.44272992843,21
"s6803",9,"SGL_RS08210",49,3,175,0.0521569694337,175,0.175627240143,1,0.105294825511,0.0521569694337,0.104916067146,1.43799510223,22
"s6803",9,"SGL_RS14385",53,3,44.5,0.16401891033,50,0.189964157706,1,0.0267749699158,0.16401891033,0.0299760191847,1.41073405714,23
"s6803",9,"SGL_RS00075",37,3,220,0.00202162801286,221,0.132616487455,1,0.132370637786,0.00202162801286,0.132494004796,1.39950275805,24
"s6803",9,"SGL_RS07535",20,3,188,0.070988601586,189,0.0716845878136,1,0.113116726835,0.070988601586,0.113309352518,1.36909926875,25
"s6803",9,"SGL_RS12005",40,3,149.5,0.00221399848367,150,0.143369175627,1,0.0899518652226,0.00221399848367,0.089928057554,1.32546309689,26
"s6803",9,"SGL_RS00455",70,3,61,0.00073407905235,61,0.250896057348,1,0.0367027677497,0.00073407905235,0.0365707434053,1.32490364756,27
"s6803",9,"SGL_RS18290",49,3,81,0.0403094596713,84,0.175627240143,1,0.0487364620939,0.0403094596713,0.0503597122302,1.31503287414,28
"s6803",9,"SGL_RS16495",71,3,46,0.00037021863255,46,0.254480286738,1,0.0276774969916,0.00037021863255,0.0275779376499,1.31010594001,29
"s6803",9,"SGL_RS01625",34,3,57,0.10420801901,57,0.121863799283,1,0.0342960288809,0.10420801901,0.0341726618705,1.29454050904,30
"s6803",9,"SGL_RS07730",39,3,106,0.0244138612445,108,0.139784946237,1,0.0637785800241,0.0244138612445,0.0647482014388,1.29272558894,31
"s6803",9,"SGL_RS04055",80,3,0,0.00101840563934,0,0.286738351254,1,0,0.00101840563934,0,1.28775675689,32
"s6803",9,"SGL_RS00320",79,3,0,0.00147724788682,0,0.283154121864,1,0,0.00147724788682,0,1.28463136975,33
"s6803",9,"SGL_RS06480",35,3,104,0.00193557074694,104,0.125448028674,1,0.0625752105897,0.00193557074694,0.0623501199041,1.25230892991,34
"s6803",9,"SGL_RS06340",38,3,94,0.000340478326058,95,0.136200716846,1,0.0565583634176,0.000340478326058,0.0569544364508,1.25005399504,35
"s6803",9,"SGL_RS00515",51,3,26,0.000343010591815,26,0.182795698925,1,0.0156438026474,0.000343010591815,0.015587529976,1.21437004214,36
"s6803",9,"SGL_RS02990",34,3,73,0.00072502212423,74,0.121863799283,1,0.0439229843562,0.00072502212423,0.0443645083933,1.21087631416,37
"s6803",9,"SGL_RS08500",43,3,0,0.027106773724,0,0.154121863799,1,0,0.027106773724,0,1.18122863752,38
"s6803",9,"SGL_RS11370",48,3,0,0.00540799779884,0,0.172043010753,1,0,0.00540799779884,0,1.17745100855,39
"s6803",9,"SGL_RS05150",29,3,50,0.000790014626599,50,0.10394265233,1,0.0300842358604,0.000790014626599,0.0299760191847,1.164792922,40
"s6803",9,"SGL_RS14540",18,3,66.5,0.0165488061339,68,0.0645161290323,1,0.0400120336943,0.0165488061339,0.0407673860911,1.16184435495,41
"s6803",9,"SGL_RS13820",33,3,0,0.0329109336442,0,0.118279569892,1,0,0.0329109336442,0,1.15119050354,42
"s6803",9,"SGL_RS15245",32,3,24.5,0.000971852743744,25,0.114695340502,1,0.0147412755716,0.000971852743744,0.0149880095923,1.14539647841,43
"s6803",9,"SGL_RS17440",20,3,44,0.00173323180997,44,0.0716845878136,1,0.0264741275572,0.00173323180997,0.0263788968825,1.12627084406,44
"s6803",9,"SGL_RS02470",30,3,0,0.00758128199957,0,0.10752688172,1,0,0.00758128199957,0,1.11510816372,45
"s6803",9,"SGL_RS11285",21,3,30,0.0020908571691,30,0.0752688172043,1,0.0180505415162,0.0020908571691,0.0179856115108,1.1133958274,46
"s6803",9,"SGL_RS00670",23,3,12,0.00139066731505,13,0.0824372759857,1,0.0072202166065,0.00139066731505,0.00779376498801,1.0988419249,47
"s6803",9,"SGL_RS04820",12,3,31,0.000153039842966,32,0.0430107526882,1,0.0186522262335,0.000153039842966,0.0191846522782,1.08100067104,48
"s6803",9,"SGL_RS08165",17,3,14.5,7.30211668751e-05,15,0.0609318996416,1,0.00872442839952,7.30211668751e-05,0.0089928057554,1.07872215496,49
"s6803",9,"SGL_RS02510",16,2,102,0.000178091820477,102,0.0573476702509,0.666666666667,0.0613718411552,0.000178091820477,0.0611510791367,0.84671534903,50
"s6803",9,"SGL_RS17245",38,2,0,0.00421068945393,0,0.136200716846,0.666666666667,0,0.00421068945393,0,0.807078072967,51
"s6803",9,"SGL_RS16165",30,2,27,0.000362750214065,27,0.10752688172,0.666666666667,0.0162454873646,0.000362750214065,0.0161870503597,0.806988836325,52
"s6803",9,"SGL_RS11985",25,2,22,0.000339111893349,22,0.089605734767,0.666666666667,0.0132370637786,0.000339111893349,0.0131894484412,0.783038025547,53
"s6803",9,"SGL_RS06080",23,2,21,0.0062100121522,21,0.0824372759857,0.666666666667,0.0126353790614,0.0062100121522,0.0125899280576,0.780539261924,54
"s6803",9,"SGL_RS01215",21,2,15,2.37670666483e-05,15,0.0752688172043,0.666666666667,0.00902527075812,2.37670666483e-05,0.0089928057554,0.759977327451,55
"s6803",9,"SGL_RS07975",19,2,17,0.00193218684955,17,0.0681003584229,0.666666666667,0.0102286401925,0.00193218684955,0.0101918465228,0.757119698655,56
"s6803",9,"SGL_RS12540",17,2,23.5,5.83419344294e-05,24,0.0609318996416,0.666666666667,0.0141395908544,5.83419344294e-05,0.0143884892086,0.756184988306,57
"s6803",9,"SGL_RS16080",22,2,0,0.001768384319,0,0.078853046595,0.666666666667,0,0.001768384319,0,0.747288097581,58
"s6803",9,"SGL_RS01255",17,2,11,0.000331194690173,11,0.0609318996416,0.666666666667,0.00661853188929,0.000331194690173,0.00659472422062,0.741143017109,59
"s6803",9,"SGL_RS15215",3,2,6,0.0536736134833,6,0.010752688172,0.666666666667,0.00361010830325,0.0536736134833,0.00359712230216,0.738300198928,60
"s6803",9,"SGL_RS04615",15,2,0,0.000212891029862,0,0.0537634408602,0.666666666667,0,0.000212891029862,0,0.720642998557,61
"s6803",9,"SGL_RS15585",15,2,0,0.000188797477446,0,0.0537634408602,0.666666666667,0,0.000188797477446,0,0.720618905005,62
"s6803",9,"SGL_RS07740",13,2,0,0.000510616349099,0,0.0465949820789,0.666666666667,0,0.000510616349099,0,0.713772265095,63
"s6803",9,"SGL_RS14610",13,2,0,4.47803268106e-06,0,0.0465949820789,0.666666666667,0,4.47803268106e-06,0,0.713266126779,64
"s6803",9,"SGL_RS10755",9,2,7,0.000349482511768,7,0.0322580645161,0.666666666667,0.00421179302046,0.000349482511768,0.00419664268585,0.707682649401,65
"s6803",9,"SGL_RS08520",11,2,0,5.71125704148e-05,0,0.0394265232975,0.666666666667,0,5.71125704148e-05,0,0.706150302535,66
"s6803",9,"SGL_RS17120",8,2,0,0.00632657595706,0,0.0286738351254,0.666666666667,0,0.00632657595706,0,0.701667077749,67
"s6803",9,"SGL_RS08080",6,2,0,1.2412230618e-05,0,0.0215053763441,0.666666666667,0,1.2412230618e-05,0,0.688184455242,68
"s6803",9,"SGL_RS11835",4,2,4,8.45982608362e-05,4,0.0143369175627,0.666666666667,0.00240673886883,8.45982608362e-05,0.00239808153477,0.685893002894,69
"s6803",9,"SGL_RS15310",5,2,0,2.29542460778e-06,0,0.0179211469534,0.666666666667,0,2.29542460778e-06,0,0.684590109045,70
"s6803",9,"SGL_RS08845",5,1,12,0.00145762608189,12,0.0179211469534,0.333333333333,0.0072202166065,0.00145762608189,0.00719424460432,0.367126567579,71
"s6803",9,"SGL_RS08040",3,1,18,0.000833286920677,18,0.010752688172,0.333333333333,0.0108303249097,0.000833286920677,0.0107913669065,0.366541000242,72
"s6803",9,"SGL_RS14165",2,1,0,2.09157711041e-07,0,0.00716845878136,0.333333333333,0,2.09157711041e-07,0,0.340502001272,73
"s6803",9,"SGL_RS12485",1,1,0,0.00285616255613,0,0.00358422939068,0.333333333333,0,0.00285616255613,0,0.33977372528,74
"s6803",10,"SGL_RS15805",253,3,2503.5,0.870925074254,2574,0.887719298246,1,1,0.870925074254,1,4.7586443725,1
"s6803",10,"SGL_RS12430",285,3,1849.5,1,1883,1,1,0.738765727981,1,0.731546231546,4.47031195953,2
"s6803",10,"SGL_RS01980",96,3,1337,0.00247993051663,1337,0.336842105263,1,0.534052326743,0.00247993051663,0.519425019425,2.39279938195,3
"s6803",10,"SGL_RS10605",91,3,966,0.226426711502,1001,0.319298245614,1,0.385859796285,0.226426711502,0.388888888889,2.32047364229,4
"s6803",10,"SGL_RS10820",121,3,818,0.0301293186372,820,0.424561403509,1,0.326742560415,0.0301293186372,0.31857031857,2.10000360113,5
"s6803",10,"SGL_RS02020",29,3,1260,0.00211216990984,1261,0.101754385965,1,0.503295386459,0.00211216990984,0.489898989899,2.09706093223,6
"s6803",10,"SGL_RS14385",59,3,816,0.158474062625,843,0.20701754386,1,0.32594367885,0.158474062625,0.327505827506,2.01894111284,7
"s6803",10,"SGL_RS01955",30,3,1091.5,0.0279825106859,1094,0.105263157895,1,0.43598961454,0.0279825106859,0.425019425019,1.99425470814,8
"s6803",10,"SGL_RS00320",85,3,818,0.00132002189819,818,0.298245614035,1,0.326742560415,0.00132002189819,0.317793317793,1.94410151414,9
"s6803",10,"SGL_RS15210",78,3,716,0.0215822737895,716,0.273684210526,1,0.285999600559,0.0215822737895,0.278166278166,1.85943236304,10
"s6803",10,"SGL_RS00400",150,3,363,0.00526446104462,364,0.526315789474,1,0.144997004194,0.00526446104462,0.141414141414,1.81799139613,11
"s6803",10,"SGL_RS06410",103,3,557,0.00924986626372,557,0.361403508772,1,0.222488516077,0.00924986626372,0.216394716395,1.80953660751,12
"s6803",10,"SGL_RS09285",104,3,191,0.250921205143,211,0.364912280702,1,0.0762931895347,0.250921205143,0.0819735819736,1.77410025735,13
"s6803",10,"SGL_RS13130",52,3,676,0.0257565675937,678,0.182456140351,1,0.270021969243,0.0257565675937,0.263403263403,1.74163794059,14
"s6803",10,"SGL_RS03065",76,3,386,0.161926981918,393,0.266666666667,1,0.154184142201,0.161926981918,0.152680652681,1.73545844347,15
"s6803",10,"SGL_RS12595",70,3,214,0.19064936751,219,0.245614035088,1,0.0854803275414,0.19064936751,0.0850815850816,1.60682531522,16
"s6803",10,"SGL_RS00455",77,3,424,0.000666731653757,424,0.270175438596,1,0.169362891951,0.000666731653757,0.164724164724,1.60492922692,17
"s6803",10,"SGL_RS17760",117,3,0,0.125199035863,0,0.410526315789,1,0,0.125199035863,0,1.53572535165,18
"s6803",10,"SGL_RS06215",62,3,271,0.0984978970054,274,0.217543859649,1,0.108248452167,0.0984978970054,0.106449106449,1.53073931527,19
"s6803",10,"SGL_RS15965",112,3,148,0.0125973725032,148,0.39298245614,1,0.0591172358698,0.0125973725032,0.0574980574981,1.52219512201,20
"s6803",10,"SGL_RS04725",53,3,246,0.0983000065565,246,0.185964912281,1,0.0982624325944,0.0983000065565,0.0955710955711,1.478098447,21
"s6803",10,"SGL_RS17395",93,3,79.5,0.000836990890052,84,0.326315789474,1,0.0317555422409,0.000836990890052,0.032634032634,1.39154235524,22
"s6803",10,"SGL_RS04450",81,3,81,0.0116639359444,81,0.284210526316,1,0.0323547034152,0.0116639359444,0.0314685314685,1.35969769714,23
"s6803",10,"SGL_RS08835",73,3,56,0.0189462925088,56,0.256140350877,1,0.0223686838426,0.0189462925088,0.021756021756,1.31921134898,24
"s6803",10,"SGL_RS07730",42,3,190,0.0209752776752,191,0.147368421053,1,0.0758937487517,0.0209752776752,0.0742035742036,1.31844102168,25
"s6803",10,"SGL_RS16495",75,3,47,0.0004268464826,47,0.263157894737,1,0.0187737167965,0.0004268464826,0.0182595182595,1.30061797628,26
"s6803",10,"SGL_RS00075",34,3,186,0.000839789443349,187,0.119298245614,1,0.0742959856201,0.000839789443349,0.0726495726496,1.26708359333,27
"s6803",10,"SGL_RS18290",44,3,66,0.0178947930636,66,0.154385964912,1,0.0263630916717,0.0178947930636,0.025641025641,1.22428487529,28
"s6803",10,"SGL_RS04055",62,3,0,0.00036140959344,0,0.217543859649,1,0,0.00036140959344,0,1.21790526924,29
"s6803",10,"SGL_RS08210",48,3,0,0.0461907197882,0,0.168421052632,1,0,0.0461907197882,0,1.21461177242,30
"s6803",10,"SGL_RS02470",30,3,111,0.010424909249,111,0.105263157895,1,0.0443379269023,0.010424909249,0.0431235431235,1.20314953717,31
"s6803",10,"SGL_RS00515",52,3,24,0.000235904208396,24,0.182456140351,1,0.00958657878969,0.000235904208396,0.00932400932401,1.20160263267,32
"s6803",10,"SGL_RS11370",53,3,0,0.0019298005964,0,0.185964912281,1,0,0.0019298005964,0,1.18789471288,33
"s6803",10,"SGL_RS08500",44,3,0,0.0280403487472,0,0.154385964912,1,0,0.0280403487472,0,1.18242631366,34
"s6803",10,"SGL_RS12005",41,3,40,0.000872045233592,40,0.143859649123,1,0.0159776313162,0.000872045233592,0.01554001554,1.17624934121,35
"s6803",10,"SGL_RS06480",30,3,84,0.000927618627764,84,0.105263157895,1,0.0335530257639,0.000927618627764,0.032634032634,1.17237783492,36
"s6803",10,"SGL_RS06340",36,3,47.5,0.000348288346811,53,0.126315789474,1,0.0189734371879,0.000348288346811,0.0205905205905,1.1662280356,37
"s6803",10,"SGL_RS07535",15,3,55,0.0544875539306,58,0.0526315789474,1,0.0219692430597,0.0544875539306,0.022533022533,1.15162139847,38
"s6803",10,"SGL_RS02990",33,3,31,0.000645633184128,33,0.115789473684,1,0.01238266427,0.000645633184128,0.0128205128205,1.14163828396,39
"s6803",10,"SGL_RS13820",33,3,0,0.025248479243,0,0.115789473684,1,0,0.025248479243,0,1.14103795293,40
"s6803",10,"SGL_RS11285",28,3,34,0.00330032289493,36,0.0982456140351,1,0.0135809866187,0.00330032289493,0.013986013986,1.12911293753,41
"s6803",10,"SGL_RS00670",25,3,23,0.000696800038933,24,0.0877192982456,1,0.00918713800679,0.000696800038933,0.00932400932401,1.10692724562,42
"s6803",10,"SGL_RS04820",17,3,34.5,0.000112789642537,36,0.059649122807,1,0.0137807070102,0.000112789642537,0.013986013986,1.08752863345,43
"s6803",10,"SGL_RS08165",16,3,13.5,3.00745803719e-05,14,0.0561403508772,1,0.0053924505692,3.00745803719e-05,0.00543900543901,1.06700188147,44
"s6803",10,"SGL_RS01625",28,2,68.5,0.0731173937536,71,0.0982456140351,0.666666666667,0.0273616936289,0.0731173937536,0.0275835275835,0.892974895668,45
"s6803",10,"SGL_RS17245",38,2,0,0.00415318450167,0,0.133333333333,0.666666666667,0,0.00415318450167,0,0.804153184502,46
"s6803",10,"SGL_RS05150",26,2,46,0.000357962541598,46,0.0912280701754,0.666666666667,0.0183742760136,0.000357962541598,0.017871017871,0.794497993269,47
"s6803",10,"SGL_RS16165",30,2,27,0.000216716558514,27,0.105263157895,0.666666666667,0.0107849011384,0.000216716558514,0.0104895104895,0.793420952748,48
"s6803",10,"SGL_RS15245",28,2,24,0.0001326169532,24,0.0982456140351,0.666666666667,0.00958657878969,0.0001326169532,0.00932400932401,0.783955485769,49
"s6803",10,"SGL_RS14540",20,2,32,0.0158274128849,32,0.0701754385965,0.666666666667,0.0127821050529,0.0158274128849,0.012432012432,0.777883635633,50
"s6803",10,"SGL_RS06080",28,2,0,0.00832170686248,0,0.0982456140351,0.666666666667,0,0.00832170686248,0,0.773233987565,51
"s6803",10,"SGL_RS11985",25,2,22,0.000321867761738,22,0.0877192982456,0.666666666667,0.00878769722389,0.000321867761738,0.00854700854701,0.772042538445,52
"s6803",10,"SGL_RS04615",24,2,20,0.000664802050359,20,0.0842105263158,0.666666666667,0.00798881565808,0.000664802050359,0.00777000777001,0.767300818461,53
"s6803",10,"SGL_RS17440",18,2,40,0.00163958613098,40,0.0631578947368,0.666666666667,0.0159776313162,0.00163958613098,0.01554001554,0.762981794391,54
"s6803",10,"SGL_RS07975",20,2,18,0.00166093478222,18,0.0701754385965,0.666666666667,0.00718993409227,0.00166093478222,0.00699300699301,0.752685981131,55
"s6803",10,"SGL_RS01215",19,2,14,4.41365366478e-05,14,0.0666666666667,0.666666666667,0.00559217096066,4.41365366478e-05,0.00543900543901,0.74440864627,56
"s6803",10,"SGL_RS01255",18,2,13,0.000275588251239,13,0.0631578947368,0.666666666667,0.00519273017775,0.000275588251239,0.00505050505051,0.740343384883,57
"s6803",10,"SGL_RS12540",16,2,21.5,2.00086642055e-05,22,0.0561403508772,0.666666666667,0.00858797683243,2.00086642055e-05,0.00854700854701,0.739962011588,58
"s6803",10,"SGL_RS16080",20,2,0,0.00069494801912,0,0.0701754385965,0.666666666667,0,0.00069494801912,0,0.737537053283,59
"s6803",10,"SGL_RS02510",14,2,24.5,4.19772464588e-05,25,0.0491228070175,0.666666666667,0.00978629918115,4.19772464588e-05,0.00971250971251,0.735330259825,60
"s6803",10,"SGL_RS15585",15,2,14,0.000318350100083,14,0.0526315789474,0.666666666667,0.00559217096066,0.000318350100083,0.00543900543901,0.730647772114,61
"s6803",10,"SGL_RS15215",3,2,8,0.0459561363874,8,0.0105263157895,0.666666666667,0.00319552626323,0.0459561363874,0.003108003108,0.729452648215,62
"s6803",10,"SGL_RS14610",15,2,0,2.74458420129e-06,0,0.0526315789474,0.666666666667,0,2.74458420129e-06,0,0.719300990199,63
"s6803",10,"SGL_RS08080",8,2,6,0.00023396930699,6,0.0280701754386,0.666666666667,0.00239664469742,0.00023396930699,0.002331002331,0.699698458441,64
"s6803",10,"SGL_RS08520",8,2,0,9.31087800971e-06,0,0.0280701754386,0.666666666667,0,9.31087800971e-06,0,0.694746152984,65
"s6803",10,"SGL_RS17120",7,2,0,0.00253180184203,0,0.0245614035088,0.666666666667,0,0.00253180184203,0,0.693759872018,66
"s6803",10,"SGL_RS10755",6,2,5,0.000444279186492,5,0.0210526315789,0.666666666667,0.00199720391452,0.000444279186492,0.0019425019425,0.692103283289,67
"s6803",10,"SGL_RS11835",5,2,6,4.67410775087e-05,6,0.0175438596491,0.666666666667,0.00239664469742,4.67410775087e-05,0.002331002331,0.688984914422,68
"s6803",10,"SGL_RS07740",12,1,0,0.000542925726715,0,0.0421052631579,0.333333333333,0,0.000542925726715,0,0.375981522218,69
"s6803",10,"SGL_RS08845",5,1,4,0.00664304223587,4,0.0175438596491,0.333333333333,0.00159776313162,0.00664304223587,0.001554001554,0.360671999904,70
"s6803",10,"SGL_RS12485",2,1,0,0.00276891847509,0,0.00701754385965,0.333333333333,0,0.00276891847509,0,0.343119795668,71
"s6803",10,"SGL_RS14165",2,1,0,8.32740612458e-08,0,0.00701754385965,0.333333333333,0,8.32740612458e-08,0,0.340350960467,72
"s6803",10,"SGL_RS15310",2,1,0,7.59952992602e-09,0,0.00701754385965,0.333333333333,0,7.59952992602e-09,0,0.340350884792,73
"s6803",10,"SGL_RS08040",2,1,0,2.65894002003e-17,0,0.00701754385965,0.333333333333,0,2.65894002003e-17,0,0.340350877193,74
"s7002",1,"SYNPCC7002_RS05135",241,4,348,1,429,1,1,0.324022346369,1,0.388586956522,3.71260930289,1
"s7002",1,"SYNPCC7002_RS12395",188,4,481,0.81044558225,564,0.780082987552,1,0.447858472998,0.81044558225,0.510869565217,3.54925660802,2
"s7002",1,"SYNPCC7002_RS04780",123,3,1074,0.00093084113664,1104,0.510373443983,0.75,1,0.00093084113664,1,3.26130428512,3
"s7002",1,"SYNPCC7002_RS05460",85,3,704,0.0224887037378,706,0.352697095436,0.75,0.655493482309,0.0224887037378,0.639492753623,2.42017203511,4
"s7002",1,"SYNPCC7002_RS09630",72,3,726,0.00177529838745,726,0.298755186722,0.75,0.675977653631,0.00177529838745,0.657608695652,2.38411683439,5
"s7002",1,"SYNPCC7002_RS06150",59,3,690,0.000352453071073,705,0.244813278008,0.75,0.642458100559,0.000352453071073,0.638586956522,2.27621078816,6
"s7002",1,"SYNPCC7002_RS15520",100,3,550,0.000159114789999,577,0.414937759336,0.75,0.512104283054,0.000159114789999,0.522644927536,2.19984608472,7
"s7002",1,"SYNPCC7002_RS04890",104,4,132,0.432103224377,171,0.43153526971,1,0.122905027933,0.432103224377,0.154891304348,2.14143482637,8
"s7002",1,"SYNPCC7002_RS07385",67,3,594,0.000126535422905,600,0.278008298755,0.75,0.553072625698,0.000126535422905,0.54347826087,2.12468572075,9
"s7002",1,"SYNPCC7002_RS16320",45,4,419.5,0.00959093706192,422,0.186721991701,1,0.390595903166,0.00959093706192,0.382246376812,1.96915520874,10
"s7002",1,"SYNPCC7002_RS09820",73,3,483.5,0.00450602006031,486,0.302904564315,0.75,0.450186219739,0.00450602006031,0.440217391304,1.94781419542,11
"s7002",1,"SYNPCC7002_RS12515",39,3,541,0.00131648687278,558,0.161825726141,0.75,0.503724394786,0.00131648687278,0.505434782609,1.92230139041,12
"s7002",1,"SYNPCC7002_RS05985",96,3,339,0.00843320194948,339,0.398340248963,0.75,0.315642458101,0.00843320194948,0.307065217391,1.7794811264,13
"s7002",1,"SYNPCC7002_RS04650",93,4,153,0.10777424788,153,0.385892116183,1,0.142458100559,0.10777424788,0.138586956522,1.77471142114,14
"s7002",1,"SYNPCC7002_RS15255",51,4,289,0.00119048936487,289,0.211618257261,1,0.269087523277,0.00119048936487,0.261775362319,1.74367163222,15
"s7002",1,"SYNPCC7002_RS10050",154,3,0,0.354315829378,0,0.639004149378,0.75,0,0.354315829378,0,1.74331997876,16
"s7002",1,"SYNPCC7002_RS09320",74,3,341.5,5.73996262645e-05,351,0.307053941909,0.75,0.317970204842,5.73996262645e-05,0.317934782609,1.69301632899,17
"s7002",1,"SYNPCC7002_RS04680",46,3,365.5,9.90533854631e-05,373,0.190871369295,0.75,0.340316573557,9.90533854631e-05,0.337862318841,1.61914931508,18
"s7002",1,"SYNPCC7002_RS02455",45,3,356.5,8.88716463429e-05,358,0.186721991701,0.75,0.331936685289,8.88716463429e-05,0.324275362319,1.59302291096,19
"s7002",1,"SYNPCC7002_RS15680",61,4,160,0.00161252506557,161,0.253112033195,1,0.148975791434,0.00161252506557,0.145833333333,1.54953368303,20
"s7002",1,"SYNPCC7002_RS04250",94,4,0,0.0638582962409,0,0.390041493776,1,0,0.0638582962409,0,1.45389979002,21
"s7002",1,"SYNPCC7002_RS08965",158,3,0,0.000145563120677,0,0.655601659751,0.75,0,0.000145563120677,0,1.40574722287,22
"s7002",1,"SYNPCC7002_RS11685",48,4,43,0.0850431389251,43,0.199170124481,1,0.0400372439479,0.0850431389251,0.0389492753623,1.36319978272,23
"s7002",1,"SYNPCC7002_RS08210",39,3,216.5,0.000184728022972,226,0.161825726141,0.75,0.201582867784,0.000184728022972,0.204710144928,1.31830346688,24
"s7002",1,"SYNPCC7002_RS14440",32,3,211,0.0159254111872,211,0.132780082988,0.75,0.196461824953,0.0159254111872,0.191123188406,1.28629050753,25
"s7002",1,"SYNPCC7002_RS01420",60,3,0,0.186347396752,0,0.248962655602,0.75,0,0.186347396752,0,1.18531005235,26
"s7002",1,"SYNPCC7002_RS11400",46,3,131.5,5.04397291396e-05,133,0.190871369295,0.75,0.122439478585,5.04397291396e-05,0.120471014493,1.1838323021,27
"s7002",1,"SYNPCC7002_RS09780",90,3,0,0.057763534885,0,0.373443983402,0.75,0,0.057763534885,0,1.18120751829,28
"s7002",1,"SYNPCC7002_RS02715",79,3,0,0.0422210363339,0,0.327800829876,0.75,0,0.0422210363339,0,1.12002186621,29
"s7002",1,"SYNPCC7002_RS01800",56,3,66,0.00214342993066,68,0.232365145228,0.75,0.0614525139665,0.00214342993066,0.0615942028986,1.10755529202,30
"s7002",1,"SYNPCC7002_RS03030",83,3,0,6.72231291832e-05,0,0.344398340249,0.75,0,6.72231291832e-05,0,1.09446556338,31
"s7002",1,"SYNPCC7002_RS09995",43,3,87.5,0.00083720531979,88,0.178423236515,0.75,0.0814711359404,0.00083720531979,0.0797101449275,1.0904417227,32
"s7002",1,"SYNPCC7002_RS08860",22,3,134,8.58817012371e-06,134,0.0912863070539,0.75,0.124767225326,8.58817012371e-06,0.121376811594,1.08743893214,33
"s7002",1,"SYNPCC7002_RS08390",80,3,0,0.000688698611292,0,0.331950207469,0.75,0,0.000688698611292,0,1.08263890608,34
"s7002",1,"SYNPCC7002_RS01335",77,3,0,0.000212118627906,0,0.319502074689,0.75,0,0.000212118627906,0,1.06971419332,35
"s7002",1,"SYNPCC7002_RS15720",10,4,1.5,0.000289066777132,3,0.0414937759336,1,0.00139664804469,0.000289066777132,0.00271739130435,1.04589688206,36
"s7002",1,"SYNPCC7002_RS06540",44,3,46,0.000667515138817,48,0.182572614108,0.75,0.0428305400372,0.000667515138817,0.0434782608696,1.01954893015,37
"s7002",1,"SYNPCC7002_RS03950",26,3,83,0.00219397234784,83,0.107883817427,0.75,0.0772811918063,0.00219397234784,0.0751811594203,1.012540141,38
"s7002",1,"SYNPCC7002_RS00650",32,3,52,6.58708899921e-05,55,0.132780082988,0.75,0.048417132216,6.58708899921e-05,0.0498188405797,0.981081926674,39
"s7002",1,"SYNPCC7002_RS00050",31,3,44,0.00369118351708,44,0.128630705394,0.75,0.0409683426443,0.00369118351708,0.0398550724638,0.963145304019,40
"s7002",1,"SYNPCC7002_RS03295",33,3,34.5,0.00203293500094,37,0.136929460581,0.75,0.0321229050279,0.00203293500094,0.0335144927536,0.954599793363,41
"s7002",1,"SYNPCC7002_RS03760",30,3,25,0.0155095432909,25,0.124481327801,0.75,0.0232774674115,0.0155095432909,0.0226449275362,0.93591326604,42
"s7002",1,"SYNPCC7002_RS08945",38,3,0,0.00747507501411,0,0.157676348548,0.75,0,0.00747507501411,0,0.915151423562,43
"s7002",1,"SYNPCC7002_RS09260",19,3,44,1.03638662028e-05,44,0.0788381742739,0.75,0.0409683426443,1.03638662028e-05,0.0398550724638,0.909671953248,44
"s7002",1,"SYNPCC7002_RS00690",21,3,35,0.00011843494966,35,0.0871369294606,0.75,0.0325884543762,0.00011843494966,0.0317028985507,0.901546717337,45
"s7002",1,"SYNPCC7002_RS15410",27,3,20,9.80107084253e-05,20,0.112033195021,0.75,0.0186219739292,9.80107084253e-05,0.018115942029,0.898869121688,46
"s7002",1,"SYNPCC7002_RS00640",34,3,0,0.00364673401978,0,0.141078838174,0.75,0,0.00364673401978,0,0.894725572194,47
"s7002",1,"SYNPCC7002_RS07295",34,3,0,0.00116933218289,0,0.141078838174,0.75,0,0.00116933218289,0,0.892248170357,48
"s7002",1,"SYNPCC7002_RS12090",28,3,0,0.000683941432962,0,0.116182572614,0.75,0,0.000683941432962,0,0.866866514047,49
"s7002",1,"SYNPCC7002_RS14790",28,3,0,0.000533151919171,0,0.116182572614,0.75,0,0.000533151919171,0,0.866715724533,50
"s7002",1,"SYNPCC7002_RS08175",26,3,0,0.00114252185773,0,0.107883817427,0.75,0,0.00114252185773,0,0.859026339285,51
"s7002",1,"SYNPCC7002_RS09175",21,3,0,0.00683869101846,0,0.0871369294606,0.75,0,0.00683869101846,0,0.843975620479,52
"s7002",1,"SYNPCC7002_RS08480",8,3,27,0.00657752019495,27,0.0331950207469,0.75,0.0251396648045,0.00657752019495,0.0244565217391,0.839368727485,53
"s7002",1,"SYNPCC7002_RS14385",17,3,4,0.00162946464353,4,0.0705394190871,0.75,0.00372439478585,0.00162946464353,0.0036231884058,0.829516466922,54
"s7002",1,"SYNPCC7002_RS09845",19,3,0,1.61084652189e-05,0,0.0788381742739,0.75,0,1.61084652189e-05,0,0.828854282739,55
"s7002",1,"SYNPCC7002_RS16160",13,3,10,0.000483845032847,10,0.0539419087137,0.75,0.00931098696462,0.000483845032847,0.00905797101449,0.822794711726,56
"s7002",1,"SYNPCC7002_RS10525",8,3,5,1.96359955448e-05,5,0.0331950207469,0.75,0.00465549348231,1.96359955448e-05,0.00452898550725,0.792399135732,57
"s7002",1,"SYNPCC7002_RS08255",31,2,29,3.58361042928e-05,29,0.128630705394,0.5,0.0270018621974,3.58361042928e-05,0.026268115942,0.681936519638,58
"s7002",1,"SYNPCC7002_RS00260",24,2,23,1.53657181552e-06,23,0.0995850622407,0.5,0.0214152700186,1.53657181552e-06,0.0208333333333,0.641835202164,59
"s7002",1,"SYNPCC7002_RS09420",8,2,24,0.0538252728369,24,0.0331950207469,0.5,0.0223463687151,0.0538252728369,0.0217391304348,0.631105792734,60
"s7002",1,"SYNPCC7002_RS12105",15,2,32,0.000567877651113,32,0.0622406639004,0.5,0.0297951582868,0.000567877651113,0.0289855072464,0.621589207085,61
"s7002",1,"SYNPCC7002_RS15995",13,2,35,0.000960565908955,35,0.0539419087137,0.5,0.0325884543762,0.000960565908955,0.0317028985507,0.61919382755,62
"s7002",1,"SYNPCC7002_RS00635",6,2,26,1.19279529954e-05,29,0.0248962655602,0.5,0.024208566108,1.19279529954e-05,0.026268115942,0.575384875563,63
"s7002",1,"SYNPCC7002_RS10145",12,2,11,8.74663606202e-07,11,0.0497925311203,0.5,0.0102420856611,8.74663606202e-07,0.00996376811594,0.569999259561,64
"s7002",1,"SYNPCC7002_RS01085",16,2,0,0.000124635215178,0,0.0663900414938,0.5,0,0.000124635215178,0,0.566514676709,65
"s7002",1,"SYNPCC7002_RS00010",15,2,0,0.0021439389423,0,0.0622406639004,0.5,0,0.0021439389423,0,0.564384602843,66
"s7002",1,"SYNPCC7002_RS06005",11,2,0,0.000220516131242,0,0.045643153527,0.5,0,0.000220516131242,0,0.545863669658,67
"s7002",1,"SYNPCC7002_RS09195",10,2,0,0.000212859365234,0,0.0414937759336,0.5,0,0.000212859365234,0,0.541706635299,68
"s7002",1,"SYNPCC7002_RS00850",10,2,0,1.76018351515e-06,0,0.0414937759336,0.5,0,1.76018351515e-06,0,0.541495536117,69
"s7002",1,"SYNPCC7002_RS15030",9,2,0,1.17208456707e-05,0,0.0373443983402,0.5,0,1.17208456707e-05,0,0.537356119186,70
"s7002",1,"SYNPCC7002_RS13450",6,2,5,1.17933862555e-05,5,0.0248962655602,0.5,0.00465549348231,1.17933862555e-05,0.00452898550725,0.534092537936,71
"s7002",1,"SYNPCC7002_RS09090",5,2,4,4.04368679111e-05,4,0.0207468879668,0.5,0.00372439478585,4.04368679111e-05,0.0036231884058,0.528134908026,72
"s7002",1,"SYNPCC7002_RS02410",3,2,8,0.000342984993758,8,0.0124481327801,0.5,0.00744878957169,0.000342984993758,0.00724637681159,0.527486284157,73
"s7002",1,"SYNPCC7002_RS06165",5,2,0,1.45502175789e-06,0,0.0207468879668,0.5,0,1.45502175789e-06,0,0.520748342989,74
"s7002",1,"SYNPCC7002_RS04290",3,2,0,1.5949702661e-05,0,0.0124481327801,0.5,0,1.5949702661e-05,0,0.512464082483,75
"s7002",1,"SYNPCC7002_RS15535",2,2,0,4.31861323618e-07,0,0.00829875518672,0.5,0,4.31861323618e-07,0,0.508299187048,76
"s7002",2,"SYNPCC7002_RS12395",190,4,1434.5,0.833425149391,1593,0.785123966942,1,0.605867712497,0.833425149391,0.441274238227,3.66569106706,1
"s7002",2,"SYNPCC7002_RS05135",242,4,645.166666667,1,761,1,1,0.272489126882,1,0.2108033241,3.48329245098,2
"s7002",2,"SYNPCC7002_RS03030",100,4,2367.67857143,8.06809614032e-05,3610,0.413223140496,1,1,8.06809614032e-05,1,3.41330382146,3
"s7002",2,"SYNPCC7002_RS08965",154,4,2055.61904762,0.000191547771418,3195,0.636363636364,1,0.868200216205,0.000191547771418,0.885041551247,3.38979695159,4
"s7002",2,"SYNPCC7002_RS15520",98,4,884.714285714,0.000156660480049,1543,0.404958677686,1,0.373663172185,0.000156660480049,0.427423822715,2.20620233307,5
"s7002",2,"SYNPCC7002_RS10050",152,4,301,0.35823498724,302,0.628099173554,1,0.127128742741,0.35823498724,0.0836565096953,2.19711941323,6
"s7002",2,"SYNPCC7002_RS04780",125,4,613,0.000296488133304,1218,0.51652892562,1,0.258903386379,0.000296488133304,0.337396121884,2.11312492202,7
"s7002",2,"SYNPCC7002_RS04890",108,4,259.666666667,0.446739801231,330,0.446280991736,1,0.109671418156,0.446739801231,0.0914127423823,2.09410495351,8
"s7002",2,"SYNPCC7002_RS08210",50,4,1047.80952381,5.91369489656e-05,1540,0.206611570248,1,0.442547200644,5.91369489656e-05,0.426592797784,2.07581070562,9
"s7002",2,"SYNPCC7002_RS11685",48,4,730.666666667,0.148426029931,788,0.198347107438,1,0.308600447495,0.148426029931,0.218282548476,1.87365613334,10
"s7002",2,"SYNPCC7002_RS09320",86,4,556.821428571,6.97849034347e-05,898,0.355371900826,1,0.235176106795,6.97849034347e-05,0.248753462604,1.83937125513,11
"s7002",2,"SYNPCC7002_RS07385",64,4,532.392857143,0.000108436367243,886,0.264462809917,1,0.22485858662,0.000108436367243,0.245429362881,1.73485919579,12
"s7002",2,"SYNPCC7002_RS04650",86,4,364.5,0.106689065624,389,0.355371900826,1,0.153948261558,0.106689065624,0.107756232687,1.7237654607,13
"s7002",2,"SYNPCC7002_RS04680",47,4,534.5,9.76818450874e-05,633,0.194214876033,1,0.225748548156,9.76818450874e-05,0.175346260388,1.59540736642,14
"s7002",2,"SYNPCC7002_RS05460",89,3,596,0.0229308397621,596,0.367768595041,0.75,0.251723357719,0.0229308397621,0.165096952909,1.55751974543,15
"s7002",2,"SYNPCC7002_RS06150",56,4,419,0.000244109550144,432,0.231404958678,1,0.176966588732,0.000244109550144,0.119667590028,1.52828324699,16
"s7002",2,"SYNPCC7002_RS09630",69,4,305,0.00205908634335,305,0.285123966942,1,0.128818161249,0.00205908634335,0.084487534626,1.50048874916,17
"s7002",2,"SYNPCC7002_RS01420",61,4,0,0.184786929395,0,0.252066115702,1,0,0.184786929395,0,1.4368530451,18
"s7002",2,"SYNPCC7002_RS08390",94,3,277,0.000612555495924,278,0.388429752066,0.75,0.116992231692,0.000612555495924,0.0770083102493,1.3330428495,19
"s7002",2,"SYNPCC7002_RS09820",70,3,412,0.00528861743807,413,0.289256198347,0.75,0.174010106343,0.00528861743807,0.114404432133,1.33295935426,20
"s7002",2,"SYNPCC7002_RS15680",70,4,39.1666666667,0.00415430979248,41,0.289256198347,1,0.0165422228926,0.00415430979248,0.0113573407202,1.32131007175,21
"s7002",2,"SYNPCC7002_RS16320",40,4,136.166666667,0.00923383599297,139,0.165289256198,1,0.0575106217162,0.00923383599297,0.0385041551247,1.27053786903,22
"s7002",2,"SYNPCC7002_RS09995",42,3,347.5,0.00115604548515,603,0.173553719008,0.75,0.146768232898,0.00115604548515,0.16703601108,1.23851400847,23
"s7002",2,"SYNPCC7002_RS04250",96,3,0,0.0686207114549,0,0.396694214876,0.75,0,0.0686207114549,0,1.21531492633,24
"s7002",2,"SYNPCC7002_RS15255",46,4,0,0.00187124810436,0,0.190082644628,1,0,0.00187124810436,0,1.19195389273,25
"s7002",2,"SYNPCC7002_RS00650",27,4,70,3.02482407304e-05,133,0.111570247934,1,0.0295648238932,3.02482407304e-05,0.0368421052632,1.17800742533,26
"s7002",2,"SYNPCC7002_RS02455",43,3,277.5,8.16959577944e-05,437,0.177685950413,0.75,0.117203409005,8.16959577944e-05,0.121052631579,1.16602368695,27
"s7002",2,"SYNPCC7002_RS05985",94,3,0,0.0110696912972,0,0.388429752066,0.75,0,0.0110696912972,0,1.14949944336,28
"s7002",2,"SYNPCC7002_RS11400",49,3,213.464285714,4.93287478448e-05,367,0.202479338843,0.75,0.0901576287803,4.93287478448e-05,0.101662049861,1.14434834623,29
"s7002",2,"SYNPCC7002_RS09780",81,3,0,0.0490016785455,0,0.334710743802,0.75,0,0.0490016785455,0,1.13371242235,30
"s7002",2,"SYNPCC7002_RS02715",71,3,0,0.0430911232807,0,0.293388429752,0.75,0,0.0430911232807,0,1.08647955303,31
"s7002",2,"SYNPCC7002_RS01335",76,3,0,0.00125822030346,0,0.314049586777,0.75,0,0.00125822030346,0,1.06530780708,32
"s7002",2,"SYNPCC7002_RS15720",9,4,1.66666666667,0.000769761522961,4,0.0371900826446,1,0.000703924378411,0.000769761522961,0.001108033241,1.03977180179,33
"s7002",2,"SYNPCC7002_RS14440",34,3,134,0.0214256093014,134,0.140495867769,0.75,0.0565955200241,0.0214256093014,0.0371191135734,1.00563611067,34
"s7002",2,"SYNPCC7002_RS08945",43,3,49.5,0.0124875953821,53,0.177685950413,0.75,0.0209065540388,0.0124875953821,0.0146814404432,0.975761540277,35
"s7002",2,"SYNPCC7002_RS06540",40,3,49.5,5.19259466399e-05,51,0.165289256198,0.75,0.0209065540388,5.19259466399e-05,0.0141274238227,0.950375160006,36
"s7002",2,"SYNPCC7002_RS01800",46,3,0,0.00276238980661,0,0.190082644628,0.75,0,0.00276238980661,0,0.942845034435,37
"s7002",2,"SYNPCC7002_RS12515",38,3,36.5,0.00201555858291,37,0.157024793388,0.75,0.0154159438872,0.00201555858291,0.0102493074792,0.934705603337,38
"s7002",2,"SYNPCC7002_RS09420",12,3,75.5,0.0598529959739,76,0.0495867768595,0.75,0.0318877743419,0.0598529959739,0.0210526315789,0.912380178754,39
"s7002",2,"SYNPCC7002_RS03295",34,3,19,0.00314657597459,19,0.140495867769,0.75,0.00802473791386,0.00314657597459,0.00526315789474,0.906930339552,40
"s7002",2,"SYNPCC7002_RS00050",29,3,38,0.00685475423739,38,0.119834710744,0.75,0.0160494758277,0.00685475423739,0.0105263157895,0.903265256599,41
"s7002",2,"SYNPCC7002_RS08480",11,3,107,0.00855417134576,170,0.0454545454545,0.75,0.0451919450939,0.00855417134576,0.0470914127424,0.896292074637,42
"s7002",2,"SYNPCC7002_RS03950",22,3,67,0.00206926718283,67,0.0909090909091,0.75,0.0282977600121,0.00206926718283,0.0185595567867,0.889835674891,43
"s7002",2,"SYNPCC7002_RS00640",32,3,0,0.00262035035858,0,0.132231404959,0.75,0,0.00262035035858,0,0.884851755318,44
"s7002",2,"SYNPCC7002_RS09260",24,3,36,5.7247935495e-05,36,0.099173553719,0.75,0.0152047665736,5.7247935495e-05,0.00997229916898,0.874407867397,45
"s7002",2,"SYNPCC7002_RS03760",22,3,31.5,0.00905242211302,32,0.0909090909091,0.75,0.0133041707519,0.00905242211302,0.00886426592798,0.872129949702,46
"s7002",2,"SYNPCC7002_RS14385",18,3,3,0.00323657087899,3,0.0743801652893,0.75,0.00126706388114,0.00323657087899,0.000831024930748,0.82971482498,47
"s7002",2,"SYNPCC7002_RS00690",18,3,0,0.00049320132342,0,0.0743801652893,0.75,0,0.00049320132342,0,0.824873366613,48
"s7002",2,"SYNPCC7002_RS16160",14,3,20,0.00291778116717,20,0.0578512396694,0.75,0.00844709254091,0.00291778116717,0.00554016620499,0.824756279582,49
"s7002",2,"SYNPCC7002_RS09845",18,3,0,1.6847631813e-05,0,0.0743801652893,0.75,0,1.6847631813e-05,0,0.824397012921,50
"s7002",2,"SYNPCC7002_RS12105",15,3,8,0.00163981859874,8,0.0619834710744,0.75,0.00337883701636,0.00163981859874,0.00221606648199,0.819218193171,51
"s7002",2,"SYNPCC7002_RS04290",4,3,0,2.87303958819e-05,0,0.0165289256198,0.75,0,2.87303958819e-05,0,0.766557656016,52
"s7002",2,"SYNPCC7002_RS10525",7,2,156,0.0177226579547,157,0.0289256198347,0.5,0.0658873218191,0.0177226579547,0.0434903047091,0.656025904318,53
"s7002",2,"SYNPCC7002_RS08255",34,2,0,7.6816260249e-05,0,0.140495867769,0.5,0,7.6816260249e-05,0,0.640572684029,54
"s7002",2,"SYNPCC7002_RS12090",33,2,0,0.000752835360307,0,0.136363636364,0.5,0,0.000752835360307,0,0.637116471724,55
"s7002",2,"SYNPCC7002_RS08175",30,2,0,0.00299127106937,0,0.123966942149,0.5,0,0.00299127106937,0,0.626958213218,56
"s7002",2,"SYNPCC7002_RS07295",30,2,0,0.00010181300386,0,0.123966942149,0.5,0,0.00010181300386,0,0.624068755153,57
"s7002",2,"SYNPCC7002_RS15410",29,2,0,2.94930905539e-05,0,0.119834710744,0.5,0,2.94930905539e-05,0,0.619864203835,58
"s7002",2,"SYNPCC7002_RS14790",25,2,0,0.00293453178283,0,0.103305785124,0.5,0,0.00293453178283,0,0.606240316907,59
"s7002",2,"SYNPCC7002_RS08860",24,2,0,0.00508132200323,0,0.099173553719,0.5,0,0.00508132200323,0,0.604254875722,60
"s7002",2,"SYNPCC7002_RS00260",23,2,0,1.06554541692e-05,0,0.095041322314,0.5,0,1.06554541692e-05,0,0.595051977768,61
"s7002",2,"SYNPCC7002_RS01085",19,2,0,0.000237072692532,0,0.0785123966942,0.5,0,0.000237072692532,0,0.578749469387,62
"s7002",2,"SYNPCC7002_RS09175",16,2,0,0.00392706974933,0,0.0661157024793,0.5,0,0.00392706974933,0,0.570042772229,63
"s7002",2,"SYNPCC7002_RS00010",15,2,0,0.00212326849301,0,0.0619834710744,0.5,0,0.00212326849301,0,0.564106739567,64
"s7002",2,"SYNPCC7002_RS06005",13,2,12,0.000380181675384,12,0.0537190082645,0.5,0.00506825552455,0.000380181675384,0.00332409972299,0.562491545187,65
"s7002",2,"SYNPCC7002_RS10145",12,2,11,2.61027084306e-07,11,0.0495867768595,0.5,0.0046459008975,2.61027084306e-07,0.00304709141274,0.557280030197,66
"s7002",2,"SYNPCC7002_RS15995",10,2,18,0.000110402387311,18,0.0413223140496,0.5,0.00760238328682,0.000110402387311,0.00498614958449,0.554021249308,67
"s7002",2,"SYNPCC7002_RS00635",5,2,30,1.07657652222e-05,30,0.0206611570248,0.5,0.0126706388114,1.07657652222e-05,0.00831024930748,0.541652810909,68
"s7002",2,"SYNPCC7002_RS15030",10,2,0,9.08015473602e-06,0,0.0413223140496,0.5,0,9.08015473602e-06,0,0.541331394204,69
"s7002",2,"SYNPCC7002_RS00850",10,2,0,5.59847618282e-06,0,0.0413223140496,0.5,0,5.59847618282e-06,0,0.541327912526,70
"s7002",2,"SYNPCC7002_RS09195",7,2,0,0.000216128437711,0,0.0289256198347,0.5,0,0.000216128437711,0,0.529141748272,71
"s7002",2,"SYNPCC7002_RS13450",4,2,2,0.000115189214954,2,0.0165289256198,0.5,0.000844709254091,0.000115189214954,0.000554016620499,0.518042840709,72
"s7002",2,"SYNPCC7002_RS09090",4,2,2,5.20756797858e-05,2,0.0165289256198,0.5,0.000844709254091,5.20756797858e-05,0.000554016620499,0.517979727174,73
"s7002",2,"SYNPCC7002_RS15535",4,2,0,1.81204140128e-06,0,0.0165289256198,0.5,0,1.81204140128e-06,0,0.516530737661,74
"s7002",2,"SYNPCC7002_RS06165",4,2,0,1.42305734218e-07,0,0.0165289256198,0.5,0,1.42305734218e-07,0,0.516529067926,75
"s7002",2,"SYNPCC7002_RS02410",3,1,0,8.57563229612e-18,0,0.0123966942149,0.25,0,8.57563229612e-18,0,0.262396694215,76
"s7002",3,"SYNPCC7002_RS12395",190,4,1590,0.805696780635,1805,0.781893004115,1,0.450488737782,0.805696780635,0.449564134496,3.48764265703,1
"s7002",3,"SYNPCC7002_RS08965",156,4,3050.25,0.000198178633286,3677,0.641975308642,1,0.864215894603,0.000198178633286,0.915815691158,3.42220507304,2
"s7002",3,"SYNPCC7002_RS05135",243,4,671.166666667,1,817,1,1,0.190159134911,1,0.203486924035,3.39364605895,3
"s7002",3,"SYNPCC7002_RS04780",111,3,3529.5,9.13441580511e-05,4015,0.456790123457,0.75,1,9.13441580511e-05,1,3.20688146762,4
"s7002",3,"SYNPCC7002_RS03030",94,4,2754.5,0.000109628239182,3142,0.38683127572,1,0.780422156113,0.000109628239182,0.782565379826,2.9499284399,5
"s7002",3,"SYNPCC7002_RS07385",65,3,2758,0.000201531414875,3085,0.267489711934,0.75,0.781413797988,0.000201531414875,0.768368617684,2.56747365902,6
"s7002",3,"SYNPCC7002_RS11400",48,3,2420,8.77591447118e-05,3127,0.197530864198,0.75,0.685649525429,8.77591447118e-05,0.778829389788,2.41209753856,7
"s7002",3,"SYNPCC7002_RS06540",47,3,2471.5,2.27184342028e-05,2968,0.19341563786,0.75,0.700240827313,2.27184342028e-05,0.739227895392,2.382907079,8
"s7002",3,"SYNPCC7002_RS09995",44,3,2120.33333333,0.00097367721866,2887,0.181069958848,0.75,0.600746092458,0.00097367721866,0.719053549191,2.25184327772,9
"s7002",3,"SYNPCC7002_RS04890",112,4,283.666666667,0.466410026039,389,0.460905349794,1,0.080370212967,0.466410026039,0.0968866749689,2.10457226377,10
"s7002",3,"SYNPCC7002_RS10050",152,4,0,0.376396015076,0,0.625514403292,1,0,0.376396015076,0,2.00191041837,11
"s7002",3,"SYNPCC7002_RS09320",84,4,805.333333333,6.81991640304e-05,1368,0.345679012346,1,0.228172073476,6.81991640304e-05,0.340722291407,1.91464157639,12
"s7002",3,"SYNPCC7002_RS11685",49,4,889.166666667,0.148928443295,975,0.201646090535,1,0.251924257449,0.148928443295,0.242839352428,1.84533814371,13
"s7002",3,"SYNPCC7002_RS15520",95,4,643.916666667,8.05559373963e-05,812,0.390946502058,1,0.182438494593,8.05559373963e-05,0.202241594022,1.77570714661,14
"s7002",3,"SYNPCC7002_RS04650",80,4,588.5,0.121444973643,631,0.329218106996,1,0.166737498229,0.121444973643,0.157160647572,1.77456122644,15
"s7002",3,"SYNPCC7002_RS06150",61,4,906.166666667,0.000128664705338,1067,0.251028806584,1,0.256740803702,0.000128664705338,0.265753424658,1.77365169965,16
"s7002",3,"SYNPCC7002_RS05460",85,4,342,0.0313464168715,345,0.349794238683,1,0.0968975775606,0.0313464168715,0.0859277708593,1.56396600397,17
"s7002",3,"SYNPCC7002_RS09630",69,4,402,0.000706550705144,475,0.283950617284,1,0.113897152571,0.000706550705144,0.118306351183,1.51686067174,18
"s7002",3,"SYNPCC7002_RS00650",36,4,478.583333333,8.84475678043e-05,872,0.148148148148,1,0.13559522123,8.84475678043e-05,0.217185554172,1.50101737112,19
"s7002",3,"SYNPCC7002_RS09820",78,4,310,0.00661425226509,313,0.320987654321,1,0.0878311375549,0.00661425226509,0.0779576587796,1.49339070292,20
"s7002",3,"SYNPCC7002_RS01420",68,4,0,0.21263285668,0,0.279835390947,1,0,0.21263285668,0,1.49246824763,21
"s7002",3,"SYNPCC7002_RS08210",47,4,472.416666667,0.000309877951849,539,0.19341563786,1,0.133848042688,0.000309877951849,0.134246575342,1.46182013384,22
"s7002",3,"SYNPCC7002_RS02715",87,4,0,0.0594506354875,0,0.358024691358,1,0,0.0594506354875,0,1.41747532685,23
"s7002",3,"SYNPCC7002_RS04680",39,4,216,4.80488506226e-05,306,0.16049382716,1,0.0611984700382,4.80488506226e-05,0.0762141967621,1.29795454281,24
"s7002",3,"SYNPCC7002_RS15680",65,4,36.5,0.000883543250555,37,0.267489711934,1,0.0103414081315,0.000883543250555,0.00921544209215,1.28793010541,25
"s7002",3,"SYNPCC7002_RS16320",40,4,136,0.00321477344837,138,0.164609053498,1,0.0385323700241,0.00321477344837,0.0343711083437,1.24072730531,26
"s7002",3,"SYNPCC7002_RS08390",83,3,275,0.000782434449211,278,0.341563786008,0.75,0.0779147187987,0.000782434449211,0.0692403486924,1.23950128795,27
"s7002",3,"SYNPCC7002_RS04250",94,3,0,0.0666384787541,0,0.38683127572,0.75,0,0.0666384787541,0,1.20346975447,28
"s7002",3,"SYNPCC7002_RS15255",47,4,0,0.00053055013355,0,0.19341563786,1,0,0.00053055013355,0,1.19394618799,29
"s7002",3,"SYNPCC7002_RS08255",42,3,419,0.00010655527175,604,0.172839506173,0.75,0.118713698824,0.00010655527175,0.150435865504,1.19209562577,30
"s7002",3,"SYNPCC7002_RS09780",94,3,0,0.044791494268,0,0.38683127572,0.75,0,0.044791494268,0,1.18162276999,31
"s7002",3,"SYNPCC7002_RS05985",96,3,0,0.00999483254257,0,0.395061728395,0.75,0,0.00999483254257,0,1.15505656094,32
"s7002",3,"SYNPCC7002_RS03950",25,4,80,0.0030854804499,80,0.102880658436,1,0.0226661000142,0.0030854804499,0.0199252801993,1.1485575191,33
"s7002",3,"SYNPCC7002_RS00640",35,4,0,0.00402017735116,0,0.144032921811,1,0,0.00402017735116,0,1.14805309916,34
"s7002",3,"SYNPCC7002_RS02455",43,3,296.5,0.000111115538726,361,0.17695473251,0.75,0.0840062331775,0.000111115538726,0.0899128268991,1.10098490813,35
"s7002",3,"SYNPCC7002_RS01335",77,3,0,0.000622232646681,0,0.316872427984,0.75,0,0.000622232646681,0,1.06749466063,36
"s7002",3,"SYNPCC7002_RS15720",12,4,11.5,0.000263071386437,13,0.0493827160494,1,0.00325825187704,0.000263071386437,0.00323785803238,1.05614189735,37
"s7002",3,"SYNPCC7002_RS12515",25,3,279,1.53385945648e-05,340,0.102880658436,0.75,0.0790480237994,1.53385945648e-05,0.0846824408468,1.01662646168,38
"s7002",3,"SYNPCC7002_RS01800",47,3,119,0.00312329785644,122,0.19341563786,0.75,0.0337158237711,0.00312329785644,0.0303860523039,1.01064081179,39
"s7002",3,"SYNPCC7002_RS14440",30,3,124,0.0132934780224,124,0.123456790123,0.75,0.035132455022,0.0132934780224,0.0308841843088,0.952766907476,40
"s7002",3,"SYNPCC7002_RS03295",36,3,80,0.00269875141838,83,0.148148148148,0.75,0.0226661000142,0.00269875141838,0.0206724782067,0.944185477787,41
"s7002",3,"SYNPCC7002_RS08945",37,3,54,0.00994861367291,54,0.152263374486,0.75,0.0152996175096,0.00994861367291,0.0134495641345,0.940961169803,42
"s7002",3,"SYNPCC7002_RS08860",19,3,182,0.00258207493925,182,0.0781893004115,0.75,0.0515653775322,0.00258207493925,0.0453300124533,0.927666765336,43
"s7002",3,"SYNPCC7002_RS03760",29,3,71,0.0122944056503,71,0.119341563786,0.75,0.0201161637626,0.0122944056503,0.0176836861768,0.919435819376,44
"s7002",3,"SYNPCC7002_RS12090",35,3,0,0.000322911732274,0,0.144032921811,0.75,0,0.000322911732274,0,0.894355833543,45
"s7002",3,"SYNPCC7002_RS08175",32,3,0,0.00136357829959,0,0.131687242798,0.75,0,0.00136357829959,0,0.883050821098,46
"s7002",3,"SYNPCC7002_RS00050",29,3,8,0.00695574152727,8,0.119341563786,0.75,0.00226661000142,0.00695574152727,0.00199252801993,0.880556443335,47
"s7002",3,"SYNPCC7002_RS09420",10,3,60.5,0.0561396858782,61,0.0411522633745,0.75,0.0171412381357,0.0561396858782,0.0151930261519,0.87962621354,48
"s7002",3,"SYNPCC7002_RS07295",31,3,0,0.000362688081758,0,0.127572016461,0.75,0,0.000362688081758,0,0.877934704543,49
"s7002",3,"SYNPCC7002_RS08480",10,3,121,0.0108261800652,141,0.0411522633745,0.75,0.0342824762714,0.0108261800652,0.0351183063512,0.871379226062,50
"s7002",3,"SYNPCC7002_RS09260",23,3,35,4.99292473828e-05,35,0.0946502057613,0.75,0.0099164187562,4.99292473828e-05,0.00871731008717,0.863333863852,51
"s7002",3,"SYNPCC7002_RS14790",25,3,0,0.000326734117992,0,0.102880658436,0.75,0,0.000326734117992,0,0.853207392554,52
"s7002",3,"SYNPCC7002_RS09845",19,3,0,1.86830627502e-05,0,0.0781893004115,0.75,0,1.86830627502e-05,0,0.828207983474,53
"s7002",3,"SYNPCC7002_RS12105",17,3,11,0.000974061246919,11,0.0699588477366,0.75,0.00311658875195,0.000974061246919,0.0027397260274,0.826789223763,54
"s7002",3,"SYNPCC7002_RS14385",17,3,6,0.00257048401331,6,0.0699588477366,0.75,0.00169995750106,0.00257048401331,0.00149439601494,0.825723685266,55
"s7002",3,"SYNPCC7002_RS16160",12,3,10,0.000361752414934,10,0.0493827160494,0.75,0.00283326250177,0.000361752414934,0.00249066002491,0.805068390991,56
"s7002",3,"SYNPCC7002_RS04290",4,3,0,3.91076900208e-05,0,0.0164609053498,0.75,0,3.91076900208e-05,0,0.76650001304,57
"s7002",3,"SYNPCC7002_RS15995",12,2,116,1.4438756739e-05,143,0.0493827160494,0.5,0.0328658450205,1.4438756739e-05,0.0356164383562,0.617879438183,58
"s7002",3,"SYNPCC7002_RS09175",19,2,0,0.00591239216604,0,0.0781893004115,0.5,0,0.00591239216604,0,0.584101692578,59
"s7002",3,"SYNPCC7002_RS01085",20,2,0,0.000470314357344,0,0.082304526749,0.5,0,0.000470314357344,0,0.582774841106,60
"s7002",3,"SYNPCC7002_RS00260",19,2,0,1.15774280454e-06,0,0.0781893004115,0.5,0,1.15774280454e-06,0,0.578190458154,61
"s7002",3,"SYNPCC7002_RS00690",18,2,0,0.000587653930329,0,0.0740740740741,0.5,0,0.000587653930329,0,0.574661728004,62
"s7002",3,"SYNPCC7002_RS15410",17,2,0,1.99319280422e-05,0,0.0699588477366,0.5,0,1.99319280422e-05,0,0.569978779665,63
"s7002",3,"SYNPCC7002_RS06005",13,2,12,0.000484981974211,12,0.0534979423868,0.5,0.00339991500212,0.000484981974211,0.00298879202989,0.560371631393,64
"s7002",3,"SYNPCC7002_RS00010",14,2,0,0.00216587934177,0,0.0576131687243,0.5,0,0.00216587934177,0,0.559779048066,65
"s7002",3,"SYNPCC7002_RS10145",11,2,10,7.80322100155e-07,10,0.0452674897119,0.5,0.00283326250177,7.80322100155e-07,0.00249066002491,0.550592192561,66
"s7002",3,"SYNPCC7002_RS15030",12,2,0,3.84483467482e-06,0,0.0493827160494,0.5,0,3.84483467482e-06,0,0.549386560884,67
"s7002",3,"SYNPCC7002_RS02410",4,2,39,0.000550227000961,45,0.0164609053498,0.5,0.0110497237569,0.000550227000961,0.0112079701121,0.53926882622,68
"s7002",3,"SYNPCC7002_RS00635",4,2,33,7.69407051717e-06,33,0.0164609053498,0.5,0.00934976625584,7.69407051717e-06,0.00821917808219,0.534037543758,69
"s7002",3,"SYNPCC7002_RS13450",7,2,6,3.25231635489e-05,6,0.0288065843621,0.5,0.00169995750106,3.25231635489e-05,0.00149439601494,0.532033461042,70
"s7002",3,"SYNPCC7002_RS09090",5,2,4,3.4091876761e-05,4,0.0205761316872,0.5,0.00113330500071,3.4091876761e-05,0.000996264009963,0.522739792575,71
"s7002",3,"SYNPCC7002_RS10525",4,2,2,3.25332086163e-05,2,0.0164609053498,0.5,0.000566652500354,3.25332086163e-05,0.000498132004981,0.517558223064,72
"s7002",3,"SYNPCC7002_RS06165",4,2,0,7.57382863136e-07,0,0.0164609053498,0.5,0,7.57382863136e-07,0,0.516461662733,73
"s7002",3,"SYNPCC7002_RS15535",2,2,0,2.334043685e-07,0,0.0082304526749,0.5,0,2.334043685e-07,0,0.508230686079,74
"s7002",3,"SYNPCC7002_RS00850",10,1,0,3.18340390545e-07,0,0.0411522633745,0.25,0,3.18340390545e-07,0,0.291152581715,75
"s7002",3,"SYNPCC7002_RS09195",4,1,0,0.000144940264903,0,0.0164609053498,0.25,0,0.000144940264903,0,0.266605845615,76
"s7002",4,"SYNPCC7002_RS08965",154,4,5245.08333333,0.000145494586232,5947,0.663793103448,1,0.971131889156,0.000145494586232,1,3.63507048719,1
"s7002",4,"SYNPCC7002_RS04780",118,4,5401,0.000383758665716,5834,0.508620689655,1,1,0.000383758665716,0.980998822936,3.49000327126,2
"s7002",4,"SYNPCC7002_RS05135",232,4,566.333333333,1,669,1,1,0.104857125224,1,0.1124936943,3.21735081952,3
"s7002",4,"SYNPCC7002_RS12395",192,4,1202.5,0.846594131584,1341,0.827586206897,1,0.222643954823,0.846594131584,0.225491844628,3.12231613793,4
"s7002",4,"SYNPCC7002_RS03030",93,4,3350.5,8.70753393504e-05,4173,0.400862068966,1,0.620348083688,8.70753393504e-05,0.701698335295,2.72299556329,5
"s7002",4,"SYNPCC7002_RS07385",76,4,2629,0.000103697231689,3247,0.327586206897,1,0.486761710794,0.000103697231689,0.545989574575,2.3604411895,6
"s7002",4,"SYNPCC7002_RS08390",97,3,3336,0.000734883101824,3380,0.418103448276,0.75,0.617663395667,0.000734883101824,0.568353791828,2.35485551887,7
"s7002",4,"SYNPCC7002_RS06540",46,3,3740,7.639495517e-05,3924,0.198275862069,0.75,0.692464358452,7.639495517e-05,0.65982848495,2.30064510043,8
"s7002",4,"SYNPCC7002_RS04890",112,4,252.833333333,0.486899955813,320,0.48275862069,1,0.0468123187064,0.486899955813,0.0538086430133,2.07027953822,9
"s7002",4,"SYNPCC7002_RS10050",153,4,0,0.388442376653,0,0.659482758621,1,0,0.388442376653,0,2.04792513527,10
"s7002",4,"SYNPCC7002_RS09820",67,4,2028,0.00577914162565,2043,0.288793103448,1,0.375486021107,0.00577914162565,0.343534555238,2.01359282142,11
"s7002",4,"SYNPCC7002_RS15520",90,4,1390.66666667,0.000122300614715,2071,0.387931034483,1,0.257483182127,0.000122300614715,0.348242811502,1.99377932873,12
"s7002",4,"SYNPCC7002_RS05460",84,4,1673,0.0296035457236,1690,0.362068965517,1,0.309757452324,0.0296035457236,0.284176895914,1.98560685948,13
"s7002",4,"SYNPCC7002_RS09630",69,4,1736,0.00269220452721,1994,0.297413793103,1,0.321421958897,0.00269220452721,0.335295106777,1.9568230633,14
"s7002",4,"SYNPCC7002_RS06150",57,4,1604,0.000460338364741,2001,0.245689655172,1,0.296982040363,0.000460338364741,0.336472170842,1.87960420474,15
"s7002",4,"SYNPCC7002_RS15680",65,4,1326.33333333,0.00228566468338,1481,0.280172413793,1,0.245571807689,0.00228566468338,0.249033125946,1.77706301211,16
"s7002",4,"SYNPCC7002_RS09320",72,3,1408.83333333,4.87040225819e-05,1724,0.310344827586,0.75,0.260846756773,4.87040225819e-05,0.289894064234,1.61113435262,17
"s7002",4,"SYNPCC7002_RS04680",48,4,818,0.000155490622695,1327,0.206896551724,1,0.151453434549,0.000155490622695,0.223137716496,1.58164319339,18
"s7002",4,"SYNPCC7002_RS11685",47,4,406.833333333,0.164870892986,446,0.202586206897,1,0.0753255569956,0.164870892986,0.0749957961998,1.51777845308,19
"s7002",4,"SYNPCC7002_RS04650",84,4,0,0.130695346279,0,0.362068965517,1,0,0.130695346279,0,1.4927643118,20
"s7002",4,"SYNPCC7002_RS01420",63,4,0,0.205659486808,0,0.271551724138,1,0,0.205659486808,0,1.47721121095,21
"s7002",4,"SYNPCC7002_RS02715",84,4,0,0.0442333750844,0,0.362068965517,1,0,0.0442333750844,0,1.4063023406,22
"s7002",4,"SYNPCC7002_RS08210",46,4,360.25,0.000189613187396,642,0.198275862069,1,0.066700610998,0.000189613187396,0.107953590045,1.3731196763,23
"s7002",4,"SYNPCC7002_RS02455",41,4,246.5,9.58444643206e-05,302,0.176724137931,1,0.0456396963525,9.58444643206e-05,0.0507819068438,1.27324158559,24
"s7002",4,"SYNPCC7002_RS16320",40,4,219.333333333,0.00667436789304,221,0.172413793103,1,0.040609763624,0.00667436789304,0.037161594081,1.2568595187,25
"s7002",4,"SYNPCC7002_RS01800",52,3,737.5,0.00201036215998,758,0.224137931034,0.75,0.136548787262,0.00201036215998,0.127459223138,1.24015630359,26
"s7002",4,"SYNPCC7002_RS04250",99,3,0,0.0613683214941,0,0.426724137931,0.75,0,0.0613683214941,0,1.23809245943,27
"s7002",4,"SYNPCC7002_RS15255",47,4,0,0.00142420066153,0,0.202586206897,1,0,0.00142420066153,0,1.20401040756,28
"s7002",4,"SYNPCC7002_RS09780",90,3,0,0.0539648775872,0,0.387931034483,0.75,0,0.0539648775872,0,1.19189591207,29
"s7002",4,"SYNPCC7002_RS00640",37,4,0,0.00423804895201,0,0.159482758621,1,0,0.00423804895201,0,1.16372080757,30
"s7002",4,"SYNPCC7002_RS15720",12,4,310.333333333,0.000693205528686,312,0.051724137931,1,0.0574584953403,0.000693205528686,0.052463426938,1.16233926574,31
"s7002",4,"SYNPCC7002_RS05985",93,3,0,0.0103498166733,0,0.400862068966,0.75,0,0.0103498166733,0,1.16121188564,32
"s7002",4,"SYNPCC7002_RS00650",38,3,557.416666667,9.80220636614e-05,625,0.163793103448,0.75,0.103206196383,9.80220636614e-05,0.105095005885,1.12219232778,33
"s7002",4,"SYNPCC7002_RS09995",48,3,435,0.00109279462746,447,0.206896551724,0.75,0.0805406406221,0.00109279462746,0.0751639482092,1.11369393518,34
"s7002",4,"SYNPCC7002_RS01335",83,3,0,0.000444238190547,0,0.35775862069,0.75,0,0.000444238190547,0,1.10820285888,35
"s7002",4,"SYNPCC7002_RS11400",51,3,236.75,4.20805846975e-05,325,0.219827586207,0.75,0.0438344750972,4.20805846975e-05,0.0546494030604,1.06835354495,36
"s7002",4,"SYNPCC7002_RS12515",33,3,300,0.00228012348627,304,0.14224137931,0.75,0.0555452693946,0.00228012348627,0.0511182108626,1.00118498305,37
"s7002",4,"SYNPCC7002_RS03295",32,3,170,0.00197875899094,183,0.137931034483,0.75,0.0314756526569,0.00197875899094,0.0307718177232,0.952157263854,38
"s7002",4,"SYNPCC7002_RS14440",32,3,112,0.0212444278995,112,0.137931034483,0.75,0.020736900574,0.0212444278995,0.0188330250546,0.948745388011,39
"s7002",4,"SYNPCC7002_RS03950",24,3,218,0.00374223217998,218,0.103448275862,0.75,0.04036289576,0.00374223217998,0.0366571380528,0.934210541855,40
"s7002",4,"SYNPCC7002_RS08945",37,3,0,0.0144451355789,0,0.159482758621,0.75,0,0.0144451355789,0,0.9239278942,41
"s7002",4,"SYNPCC7002_RS12090",36,3,0,0.00104113357924,0,0.155172413793,0.75,0,0.00104113357924,0,0.906213547372,42
"s7002",4,"SYNPCC7002_RS00050",31,3,41,0.00788091664267,41,0.133620689655,0.75,0.00759118681726,0.00788091664267,0.00689423238608,0.905987025501,43
"s7002",4,"SYNPCC7002_RS03760",22,3,17,0.0153821364063,17,0.0948275862069,0.75,0.00314756526569,0.0153821364063,0.00285858416008,0.866215872039,44
"s7002",4,"SYNPCC7002_RS08480",11,3,120,0.0175782770361,120,0.0474137931034,0.75,0.0222181077578,0.0175782770361,0.02017824113,0.857388419027,45
"s7002",4,"SYNPCC7002_RS14385",17,3,2,0.00461703431955,2,0.073275862069,0.75,0.000370301795964,0.00461703431955,0.000336304018833,0.828599502203,46
"s7002",4,"SYNPCC7002_RS12105",17,3,8,0.00212406239002,8,0.073275862069,0.75,0.00148120718385,0.00212406239002,0.00134521607533,0.828226347718,47
"s7002",4,"SYNPCC7002_RS00635",6,3,34,9.05724255163e-06,61,0.0258620689655,0.75,0.00629513053138,9.05724255163e-06,0.0102572725744,0.792423529314,48
"s7002",4,"SYNPCC7002_RS15535",5,3,0,3.2565263009e-06,0,0.0215517241379,0.75,0,3.2565263009e-06,0,0.771554980664,49
"s7002",4,"SYNPCC7002_RS08255",31,2,303.5,2.62678390301e-05,314,0.133620689655,0.5,0.0561932975375,2.62678390301e-05,0.0527997309568,0.742639985988,50
"s7002",4,"SYNPCC7002_RS08860",20,2,156,7.54584053265e-06,164,0.0862068965517,0.5,0.0288835400852,7.54584053265e-06,0.0275769295443,0.642674912022,51
"s7002",4,"SYNPCC7002_RS07295",30,2,0,0.000113391129461,0,0.129310344828,0.5,0,0.000113391129461,0,0.629423735957,52
"s7002",4,"SYNPCC7002_RS00690",24,2,48,0.000974146464271,48,0.103448275862,0.5,0.00888724310313,0.000974146464271,0.00807129645199,0.621380961881,53
"s7002",4,"SYNPCC7002_RS08175",27,2,0,0.000443894011843,0,0.116379310345,0.5,0,0.000443894011843,0,0.616823204357,54
"s7002",4,"SYNPCC7002_RS00260",27,2,0,9.63580483451e-06,0,0.116379310345,0.5,0,9.63580483451e-06,0,0.61638894615,55
"s7002",4,"SYNPCC7002_RS09260",23,2,33,7.05733326471e-05,33,0.0991379310345,0.5,0.0061099796334,7.05733326471e-05,0.00554901631074,0.610867500311,56
"s7002",4,"SYNPCC7002_RS14790",25,2,0,0.000465446629033,0,0.10775862069,0.5,0,0.000465446629033,0,0.608224067319,57
"s7002",4,"SYNPCC7002_RS09420",7,2,25.5,0.0534521793475,26,0.0301724137931,0.5,0.00472134789854,0.0534521793475,0.00437195224483,0.592717893284,58
"s7002",4,"SYNPCC7002_RS09175",19,2,0,0.0050792248692,0,0.0818965517241,0.5,0,0.0050792248692,0,0.586975776593,59
"s7002",4,"SYNPCC7002_RS15995",11,2,106,0.000132765681346,108,0.0474137931034,0.5,0.0196259951861,0.000132765681346,0.018160417017,0.585332970988,60
"s7002",4,"SYNPCC7002_RS15410",18,2,0,6.59931777381e-06,0,0.0775862068966,0.5,0,6.59931777381e-06,0,0.577592806214,61
"s7002",4,"SYNPCC7002_RS09845",17,2,0,6.19655736043e-05,0,0.073275862069,0.5,0,6.19655736043e-05,0,0.573337827643,62
"s7002",4,"SYNPCC7002_RS01085",16,2,0,0.000578290484391,0,0.0689655172414,0.5,0,0.000578290484391,0,0.569543807726,63
"s7002",4,"SYNPCC7002_RS16160",13,2,20,0.00295484747625,20,0.0560344827586,0.5,0.00370301795964,0.00295484747625,0.00336304018833,0.566055388383,64
"s7002",4,"SYNPCC7002_RS00010",13,2,0,0.0022427905104,0,0.0560344827586,0.5,0,0.0022427905104,0,0.558277273269,65
"s7002",4,"SYNPCC7002_RS06005",12,2,0,0.000341757633838,0,0.051724137931,0.5,0,0.000341757633838,0,0.552065895565,66
"s7002",4,"SYNPCC7002_RS10145",11,2,10,5.35943574742e-07,10,0.0474137931034,0.5,0.00185150897982,5.35943574742e-07,0.00168152009417,0.550947358121,67
"s7002",4,"SYNPCC7002_RS15030",11,2,0,7.98802522038e-06,0,0.0474137931034,0.5,0,7.98802522038e-06,0,0.547421781129,68
"s7002",4,"SYNPCC7002_RS09090",5,2,70,3.82969753523e-05,70,0.0215517241379,0.5,0.0129605628587,3.82969753523e-05,0.0117706406592,0.546321224631,69
"s7002",4,"SYNPCC7002_RS02410",5,2,45,0.000935191561029,45,0.0215517241379,0.5,0.00833179040918,0.000935191561029,0.00756684042374,0.538385546532,70
"s7002",4,"SYNPCC7002_RS09195",6,2,0,0.000244421992692,0,0.0258620689655,0.5,0,0.000244421992692,0,0.526106490958,71
"s7002",4,"SYNPCC7002_RS13450",6,2,0,0.000186108409033,0,0.0258620689655,0.5,0,0.000186108409033,0,0.526048177375,72
"s7002",4,"SYNPCC7002_RS06165",4,2,0,4.74687153237e-07,0,0.0172413793103,0.5,0,4.74687153237e-07,0,0.517241853997,73
"s7002",4,"SYNPCC7002_RS10525",3,2,1,2.42721904287e-05,1,0.0129310344828,0.5,0.000185150897982,2.42721904287e-05,0.000168152009417,0.513308609581,74
"s7002",4,"SYNPCC7002_RS04290",3,2,0,2.03685742376e-05,0,0.0129310344828,0.5,0,2.03685742376e-05,0,0.512951403057,75
"s7002",4,"SYNPCC7002_RS00850",11,1,0,1.16962485175e-06,0,0.0474137931034,0.25,0,1.16962485175e-06,0,0.297414962728,76
"s7002",5,"SYNPCC7002_RS05135",241,4,489.166666667,1,579,1,1,0.269587581519,1,0.262347077481,3.531934659,1
"s7002",5,"SYNPCC7002_RS12395",188,4,883.5,0.811032805783,993,0.780082987552,1,0.486910994764,0.811032805783,0.449932034436,3.52795882253,2
"s7002",5,"SYNPCC7002_RS04780",112,3,1814.5,0.000280812917177,2207,0.464730290456,0.75,1,0.000280812917177,1,3.21501110337,3
"s7002",5,"SYNPCC7002_RS08965",152,4,1306,0.000112809402888,1417,0.630705394191,1,0.719757508956,0.000112809402888,0.642048028999,2.99262374155,4
"s7002",5,"SYNPCC7002_RS03030",89,4,1130,0.000140511502039,1475,0.369294605809,1,0.62276109121,0.000140511502039,0.668328047123,2.66052425564,5
"s7002",5,"SYNPCC7002_RS15520",95,4,1121.5,7.9127008273e-05,1234,0.394190871369,1,0.618076605125,7.9127008273e-05,0.559130040779,2.57147664428,6
"s7002",5,"SYNPCC7002_RS09320",67,4,1045,5.8685276845e-05,1093,0.278008298755,1,0.575916230366,5.8685276845e-05,0.495242410512,2.34922562491,7
"s7002",5,"SYNPCC7002_RS06540",50,3,1170.5,0.000191816224497,1327,0.207468879668,0.75,0.645081289611,0.000191816224497,0.60126869053,2.20401067603,8
"s7002",5,"SYNPCC7002_RS07385",66,3,1031.5,8.21839241627e-05,1270,0.273858921162,0.75,0.568476164233,8.21839241627e-05,0.575441776167,2.16785904549,9
"s7002",5,"SYNPCC7002_RS04890",106,4,178.666666667,0.451586155096,230,0.439834024896,1,0.0984660604392,0.451586155096,0.104213864975,2.09410010541,10
"s7002",5,"SYNPCC7002_RS10050",163,4,0,0.38382195795,0,0.676348547718,1,0,0.38382195795,0,2.06017050567,11
"s7002",5,"SYNPCC7002_RS08210",47,4,715,0.000207534825666,1035,0.195020746888,1,0.394047947093,0.000207534825666,0.468962392388,2.05823862119,12
"s7002",5,"SYNPCC7002_RS04650",90,4,63,0.128555084981,63,0.373443983402,1,0.034720308625,0.128555084981,0.028545536928,1.56526491394,13
"s7002",5,"SYNPCC7002_RS05460",82,3,323.5,0.0311005305764,334,0.340248962656,0.75,0.178286029209,0.0311005305764,0.151336656094,1.45097217854,14
"s7002",5,"SYNPCC7002_RS11685",49,4,83.6666666667,0.154873171183,89,0.203319502075,1,0.0461100394967,0.154873171183,0.0403262347077,1.44462894746,15
"s7002",5,"SYNPCC7002_RS01420",56,4,0,0.155644254653,0,0.232365145228,1,0,0.155644254653,0,1.38800939988,16
"s7002",5,"SYNPCC7002_RS08255",41,3,404.5,0.00134750637469,517,0.170124481328,0.75,0.222926426013,0.00134750637469,0.234254644314,1.37865305803,17
"s7002",5,"SYNPCC7002_RS08390",84,3,277,0.000758280411441,279,0.348547717842,0.75,0.152659134748,0.000758280411441,0.126415949252,1.37838108225,18
"s7002",5,"SYNPCC7002_RS09820",70,3,298,0.00877310117088,300,0.290456431535,0.75,0.164232570956,0.00877310117088,0.135931128228,1.34939323189,19
"s7002",5,"SYNPCC7002_RS04680",44,3,295,3.01925190395e-05,448,0.182572614108,0.75,0.162579222926,3.01925190395e-05,0.202990484821,1.29817251437,20
"s7002",5,"SYNPCC7002_RS04250",104,3,0,0.0790240057236,0,0.43153526971,0.75,0,0.0790240057236,0,1.26055927543,21
"s7002",5,"SYNPCC7002_RS12515",39,3,258.5,0.00218031016868,276,0.161825726141,0.75,0.142463488564,0.00218031016868,0.12505663797,1.18152616284,22
"s7002",5,"SYNPCC7002_RS02715",78,3,61.5,0.0416246077471,70,0.323651452282,0.75,0.0338936346101,0.0416246077471,0.0317172632533,1.18088695789,23
"s7002",5,"SYNPCC7002_RS09780",87,3,0,0.0517222890337,0,0.360995850622,0.75,0,0.0517222890337,0,1.16271813966,24
"s7002",5,"SYNPCC7002_RS05985",92,3,0,0.00937800755982,0,0.381742738589,0.75,0,0.00937800755982,0,1.14112074615,25
"s7002",5,"SYNPCC7002_RS01335",92,3,0,0.000453205427924,0,0.381742738589,0.75,0,0.000453205427924,0,1.13219594402,26
"s7002",5,"SYNPCC7002_RS09995",37,3,223.5,0.000273469235949,229,0.153526970954,0.75,0.123174428217,0.000273469235949,0.103760761214,1.13073562962,27
"s7002",5,"SYNPCC7002_RS15680",63,3,87.3333333333,0.000944843159258,88,0.261410788382,0.75,0.0481307981997,0.000944843159258,0.039873130947,1.10035956069,28
"s7002",5,"SYNPCC7002_RS01800",50,3,118,0.000264344054369,120,0.207468879668,0.75,0.0650316891706,0.000264344054369,0.0543724512913,1.07713736418,29
"s7002",5,"SYNPCC7002_RS16320",42,3,138.833333333,0.0071467051407,141,0.174273858921,0.75,0.0765132727104,0.0071467051407,0.0638876302673,1.07182146704,30
"s7002",5,"SYNPCC7002_RS02455",41,3,123.5,5.57300187532e-05,143,0.170124481328,0.75,0.0680628272251,5.57300187532e-05,0.0647938377889,1.05303687636,31
"s7002",5,"SYNPCC7002_RS09630",63,3,28,0.00034004212639,28,0.261410788382,0.75,0.0154312482778,0.00034004212639,0.0126869053013,1.03986898409,32
"s7002",5,"SYNPCC7002_RS06150",57,3,22,7.39059995955e-05,22,0.236514522822,0.75,0.0121245522182,7.39059995955e-05,0.00996828273675,1.00868126378,33
"s7002",5,"SYNPCC7002_RS11400",59,3,0,0.000120171681326,0,0.244813278008,0.75,0,0.000120171681326,0,0.994933449689,34
"s7002",5,"SYNPCC7002_RS00650",31,3,91,1.52312063995e-05,97,0.128630705394,0.75,0.0501515569027,1.52312063995e-05,0.0439510647938,0.972748558297,35
"s7002",5,"SYNPCC7002_RS14440",30,3,56,0.0231664579008,56,0.124481327801,0.75,0.0308624965555,0.0231664579008,0.0253738106026,0.95388409286,36
"s7002",5,"SYNPCC7002_RS15255",48,3,0,0.000675489931607,0,0.199170124481,0.75,0,0.000675489931607,0,0.949845614413,37
"s7002",5,"SYNPCC7002_RS03295",32,3,49,0.00165412055939,51,0.132780082988,0.75,0.0270046844861,0.00165412055939,0.0231082917988,0.934547179832,38
"s7002",5,"SYNPCC7002_RS03950",25,3,69,0.00415563359628,69,0.103734439834,0.75,0.0380270046845,0.00415563359628,0.0312641594925,0.927181237607,39
"s7002",5,"SYNPCC7002_RS08945",33,3,28,0.00436032843297,28,0.136929460581,0.75,0.0154312482778,0.00436032843297,0.0126869053013,0.919407942593,40
"s7002",5,"SYNPCC7002_RS00050",35,3,14,0.00810009073501,14,0.145228215768,0.75,0.00771562413888,0.00810009073501,0.00634345265066,0.917387383293,41
"s7002",5,"SYNPCC7002_RS09420",11,3,41,0.0599116049997,41,0.045643153527,0.75,0.0225957564067,0.0599116049997,0.0185772541912,0.896727769125,42
"s7002",5,"SYNPCC7002_RS00640",34,3,0,0.0055831846378,0,0.141078838174,0.75,0,0.0055831846378,0,0.896662022812,43
"s7002",5,"SYNPCC7002_RS12090",33,3,0,0.00087251842618,0,0.136929460581,0.75,0,0.00087251842618,0,0.887801979007,44
"s7002",5,"SYNPCC7002_RS14790",31,3,0,8.92348825734e-05,0,0.128630705394,0.75,0,8.92348825734e-05,0,0.878719940277,45
"s7002",5,"SYNPCC7002_RS03760",27,3,0,0.0148635767469,0,0.112033195021,0.75,0,0.0148635767469,0,0.876896771768,46
"s7002",5,"SYNPCC7002_RS12105",19,3,13,0.00117418716091,13,0.0788381742739,0.75,0.00716450812896,0.00117418716091,0.0058903488899,0.843067218454,47
"s7002",5,"SYNPCC7002_RS14385",19,3,3,0.00631240714129,3,0.0788381742739,0.75,0.00165334802976,0.00631240714129,0.00135931128228,0.838163240727,48
"s7002",5,"SYNPCC7002_RS16160",16,3,12,0.000553722447192,12,0.0663900414938,0.75,0.00661339211904,0.000553722447192,0.00543724512913,0.828994401189,49
"s7002",5,"SYNPCC7002_RS00635",6,3,24,4.0744655497e-06,27,0.0248962655602,0.75,0.0132267842381,4.0744655497e-06,0.0122338015406,0.800360925804,50
"s7002",5,"SYNPCC7002_RS15720",11,3,1.83333333333,0.000225345738539,4,0.045643153527,0.75,0.00101037935152,0.000225345738539,0.00181241504304,0.79869129366,51
"s7002",5,"SYNPCC7002_RS04290",5,3,26,0.000122897495403,26,0.0207468879668,0.75,0.0143290162579,0.000122897495403,0.0117806977798,0.7969794995,52
"s7002",5,"SYNPCC7002_RS07295",33,2,0,0.00342150331096,0,0.136929460581,0.5,0,0.00342150331096,0,0.640350963892,53
"s7002",5,"SYNPCC7002_RS15995",13,2,84,0.000128556069822,84,0.0539419087137,0.5,0.0462937448333,0.000128556069822,0.0380607159039,0.638424925521,54
"s7002",5,"SYNPCC7002_RS08175",30,2,0,0.00201748848181,0,0.124481327801,0.5,0,0.00201748848181,0,0.626498816283,55
"s7002",5,"SYNPCC7002_RS08480",9,2,72,0.00447715143391,72,0.0373443983402,0.5,0.0396803527142,0.00447715143391,0.0326234707748,0.614125373263,56
"s7002",5,"SYNPCC7002_RS00260",27,2,0,7.94664794665e-06,0,0.112033195021,0.5,0,7.94664794665e-06,0,0.612041141669,57
"s7002",5,"SYNPCC7002_RS09260",19,2,29,9.90556487838e-06,29,0.0788381742739,0.5,0.0159823642877,9.90556487838e-06,0.0131400090621,0.607970453189,58
"s7002",5,"SYNPCC7002_RS01085",22,2,0,0.000173258691299,0,0.0912863070539,0.5,0,0.000173258691299,0,0.591459565745,59
"s7002",5,"SYNPCC7002_RS08860",19,2,0,0.000991413550403,0,0.0788381742739,0.5,0,0.000991413550403,0,0.579829587824,60
"s7002",5,"SYNPCC7002_RS15410",19,2,0,3.50672307267e-05,0,0.0788381742739,0.5,0,3.50672307267e-05,0,0.578873241505,61
"s7002",5,"SYNPCC7002_RS09845",19,2,0,2.39686594632e-05,0,0.0788381742739,0.5,0,2.39686594632e-05,0,0.578862142933,62
"s7002",5,"SYNPCC7002_RS09175",18,2,0,0.00342960936869,0,0.0746887966805,0.5,0,0.00342960936869,0,0.578118406049,63
"s7002",5,"SYNPCC7002_RS06005",12,2,28,0.000146298969187,28,0.0497925311203,0.5,0.0154312482778,0.000146298969187,0.0126869053013,0.578056983669,64
"s7002",5,"SYNPCC7002_RS15030",11,2,25,8.79686441844e-05,25,0.045643153527,0.5,0.013777900248,8.79686441844e-05,0.011327594019,0.570836616438,65
"s7002",5,"SYNPCC7002_RS00690",17,2,0,3.9006677235e-05,0,0.0705394190871,0.5,0,3.9006677235e-05,0,0.570578425764,66
"s7002",5,"SYNPCC7002_RS00010",13,2,0,0.000125016692199,0,0.0539419087137,0.5,0,0.000125016692199,0,0.554066925406,67
"s7002",5,"SYNPCC7002_RS10145",10,2,9,3.23252595e-07,9,0.0414937759336,0.5,0.00496004408928,3.23252595e-07,0.00407793384685,0.550532077122,68
"s7002",5,"SYNPCC7002_RS10525",6,2,11,2.90920126701e-05,11,0.0248962655602,0.5,0.00606227610912,2.90920126701e-05,0.00498414136837,0.53597177505,69
"s7002",5,"SYNPCC7002_RS09090",7,2,6,6.15190957077e-05,6,0.0290456431535,0.5,0.00330669605952,6.15190957077e-05,0.00271862256457,0.535132480873,70
"s7002",5,"SYNPCC7002_RS09195",7,2,0,0.000311406325103,0,0.0290456431535,0.5,0,0.000311406325103,0,0.529357049479,71
"s7002",5,"SYNPCC7002_RS02410",3,2,9,0.000233771483078,9,0.0124481327801,0.5,0.00496004408928,0.000233771483078,0.00407793384685,0.521719882199,72
"s7002",5,"SYNPCC7002_RS13450",4,2,3,9.76015168466e-06,3,0.0165975103734,0.5,0.00165334802976,9.76015168466e-06,0.00135931128228,0.519619929837,73
"s7002",5,"SYNPCC7002_RS06165",3,2,0,5.13230283222e-07,0,0.0124481327801,0.5,0,5.13230283222e-07,0,0.51244864601,74
"s7002",5,"SYNPCC7002_RS15535",2,2,0,2.84641302621e-07,0,0.00829875518672,0.5,0,2.84641302621e-07,0,0.508299039828,75
"s7002",5,"SYNPCC7002_RS00850",10,1,0,9.84352626313e-18,0,0.0414937759336,0.25,0,9.84352626313e-18,0,0.291493775934,76
"s7002",6,"SYNPCC7002_RS05135",243,4,753.833333333,1,944,1,1,0.359710513758,1,0.390082644628,3.74979315839,1
"s7002",6,"SYNPCC7002_RS08965",159,4,2095.66666667,0.000207127767832,2420,0.654320987654,1,1,0.000207127767832,1,3.65452811542,2
"s7002",6,"SYNPCC7002_RS12395",196,4,967,0.820375538079,1155,0.80658436214,1,0.461428344202,0.820375538079,0.477272727273,3.56566097169,3
"s7002",6,"SYNPCC7002_RS04890",106,4,1226.83333333,0.445753702321,1492,0.43621399177,1,0.585414347063,0.445753702321,0.61652892562,3.08391096677,4
"s7002",6,"SYNPCC7002_RS03030",94,4,1573,0.000144241052294,1820,0.38683127572,1,0.750596468903,0.000144241052294,0.752066115702,2.88963810138,5
"s7002",6,"SYNPCC7002_RS07385",63,3,1788,0.000210006478614,1992,0.259259259259,0.75,0.853189120406,0.000210006478614,0.823140495868,2.68579888201,6
"s7002",6,"SYNPCC7002_RS15520",100,4,1188.83333333,0.000291377697662,1429,0.411522633745,1,0.567281692379,0.000291377697662,0.590495867769,2.56959157159,7
"s7002",6,"SYNPCC7002_RS04780",112,3,1317,0.00181431957493,1565,0.460905349794,0.75,0.628439637346,0.00181431957493,0.646694214876,2.48785352159,8
"s7002",6,"SYNPCC7002_RS09320",83,4,1092.5,8.98061244023e-05,1234,0.341563786008,1,0.521313822172,8.98061244023e-05,0.509917355372,2.37288476968,9
"s7002",6,"SYNPCC7002_RS08210",49,4,1054.83333333,0.000326313381807,1230,0.201646090535,1,0.503340225861,0.000326313381807,0.50826446281,2.21357709259,10
"s7002",6,"SYNPCC7002_RS10050",153,4,152,0.367829508745,152,0.62962962963,1,0.072530618737,0.367829508745,0.0628099173554,2.13279967447,11
"s7002",6,"SYNPCC7002_RS06150",58,3,795.5,0.000207236085726,809,0.238683127572,0.75,0.379592810561,0.000207236085726,0.334297520661,1.70278069488,12
"s7002",6,"SYNPCC7002_RS15680",66,4,460,0.00148899048542,460,0.271604938272,1,0.219500556704,0.00148899048542,0.190082644628,1.68267713009,13
"s7002",6,"SYNPCC7002_RS01420",71,4,198,0.174796790916,198,0.292181069959,1,0.0944806744074,0.174796790916,0.0818181818182,1.6432767171,14
"s7002",6,"SYNPCC7002_RS09420",12,3,763.5,0.0826087897531,918,0.0493827160494,0.75,0.364323206616,0.0826087897531,0.379338842975,1.62565355539,15
"s7002",6,"SYNPCC7002_RS04680",45,3,710.5,9.20918857194e-05,799,0.185185185185,0.75,0.339032925083,9.20918857194e-05,0.330165289256,1.60447549141,16
"s7002",6,"SYNPCC7002_RS04650",87,4,115,0.117465366686,115,0.358024691358,1,0.054875139176,0.117465366686,0.047520661157,1.57788585838,17
"s7002",6,"SYNPCC7002_RS11400",55,3,522.5,0.000100799658078,561,0.22633744856,0.75,0.249324001908,0.000100799658078,0.231818181818,1.45758043194,18
"s7002",6,"SYNPCC7002_RS11685",46,4,118.833333333,0.138899895533,123,0.189300411523,1,0.0567043104817,0.138899895533,0.050826446281,1.43573106382,19
"s7002",6,"SYNPCC7002_RS04250",101,3,179,0.0632682862371,179,0.415637860082,0.75,0.0854143470652,0.0632682862371,0.0739669421488,1.38828743553,20
"s7002",6,"SYNPCC7002_RS15720",12,4,376,0.000524529442025,376,0.0493827160494,1,0.179417846349,0.000524529442025,0.155371900826,1.38469699267,21
"s7002",6,"SYNPCC7002_RS14440",34,3,493,0.0235688746322,570,0.139917695473,0.75,0.235247335772,0.0235688746322,0.235537190083,1.38427109596,22
"s7002",6,"SYNPCC7002_RS16320",40,4,210,0.00593001903814,210,0.164609053498,1,0.100206775887,0.00593001903814,0.0867768595041,1.35752270793,23
"s7002",6,"SYNPCC7002_RS09630",65,3,381,0.000396058935021,381,0.267489711934,0.75,0.181803721966,0.000396058935021,0.157438016529,1.35712750936,24
"s7002",6,"SYNPCC7002_RS05460",81,3,252.5,0.0171906296768,262,0.333333333333,0.75,0.120486718626,0.0171906296768,0.10826446281,1.32927514445,25
"s7002",6,"SYNPCC7002_RS15255",42,4,88,0.000554392469728,88,0.172839506173,1,0.0419914108477,0.000554392469728,0.0363636363636,1.25174894585,26
"s7002",6,"SYNPCC7002_RS02715",85,3,61.5,0.0440342818796,71,0.349794238683,0.75,0.0293462700811,0.0440342818796,0.0293388429752,1.20251363362,27
"s7002",6,"SYNPCC7002_RS08255",35,3,303,0.000273681637746,304,0.144032921811,0.75,0.144584062351,0.000273681637746,0.125619834711,1.16451050051,28
"s7002",6,"SYNPCC7002_RS09820",67,3,146,0.00426440937602,146,0.275720164609,0.75,0.0696675679973,0.00426440937602,0.0603305785124,1.15998272049,29
"s7002",6,"SYNPCC7002_RS09995",38,3,232.166666667,0.000396253807784,295,0.156378600823,0.75,0.110784157786,0.000396253807784,0.121900826446,1.13945983886,30
"s7002",6,"SYNPCC7002_RS05985",91,3,0,0.0130608950557,0,0.374485596708,0.75,0,0.0130608950557,0,1.13754649176,31
"s7002",6,"SYNPCC7002_RS02455",39,3,253.5,0.0001012766534,254,0.16049382716,0.75,0.120963893749,0.0001012766534,0.104958677686,1.13651767525,32
"s7002",6,"SYNPCC7002_RS09780",80,3,0,0.0482901306696,0,0.329218106996,0.75,0,0.0482901306696,0,1.12750823767,33
"s7002",6,"SYNPCC7002_RS08390",88,3,0,0.00061245006786,0,0.362139917695,0.75,0,0.00061245006786,0,1.11275236776,34
"s7002",6,"SYNPCC7002_RS01335",76,3,0,0.000199907974203,0,0.312757201646,0.75,0,0.000199907974203,0,1.06295710962,35
"s7002",6,"SYNPCC7002_RS08175",32,3,190,0.0111256542907,190,0.131687242798,0.75,0.0906632734212,0.0111256542907,0.0785123966942,1.0619885672,36
"s7002",6,"SYNPCC7002_RS00650",32,3,160,4.69284915759e-05,197,0.131687242798,0.75,0.0763480197231,4.69284915759e-05,0.0814049586777,1.03948714969,37
"s7002",6,"SYNPCC7002_RS00050",36,3,93,0.0134817364933,93,0.148148148148,0.75,0.0443772864641,0.0134817364933,0.0384297520661,0.994436923172,38
"s7002",6,"SYNPCC7002_RS03760",27,3,115,0.0175501560394,115,0.111111111111,0.75,0.054875139176,0.0175501560394,0.047520661157,0.981057067483,39
"s7002",6,"SYNPCC7002_RS06540",39,3,54,0.000303981449447,54,0.16049382716,0.75,0.0257674566566,0.000303981449447,0.0223140495868,0.958879314853,40
"s7002",6,"SYNPCC7002_RS01800",49,3,0,0.000697992716399,0,0.201646090535,0.75,0,0.000697992716399,0,0.952344083251,41
"s7002",6,"SYNPCC7002_RS03950",29,3,72,0.00286569906186,72,0.119341563786,0.75,0.0343566088754,0.00286569906186,0.0297520661157,0.936315937839,42
"s7002",6,"SYNPCC7002_RS00640",40,3,0,0.00633703592295,0,0.164609053498,0.75,0,0.00633703592295,0,0.920946089421,43
"s7002",6,"SYNPCC7002_RS12090",27,3,52,0.000341769474737,52,0.111111111111,0.75,0.02481310641,0.000341769474737,0.0214876033058,0.907753590302,44
"s7002",6,"SYNPCC7002_RS12515",33,3,0,0.0197745051301,0,0.135802469136,0.75,0,0.0197745051301,0,0.905576974266,45
"s7002",6,"SYNPCC7002_RS03295",34,3,15,0.00071595750423,15,0.139917695473,0.75,0.00715762684904,0.00071595750423,0.00619834710744,0.903989626934,46
"s7002",6,"SYNPCC7002_RS07295",37,3,0,0.000202202594763,0,0.152263374486,0.75,0,0.000202202594763,0,0.902465577081,47
"s7002",6,"SYNPCC7002_RS08945",34,3,0,0.0124222780717,0,0.139917695473,0.75,0,0.0124222780717,0,0.902339973545,48
"s7002",6,"SYNPCC7002_RS14790",28,3,0,0.00304989622533,0,0.115226337449,0.75,0,0.00304989622533,0,0.868276233674,49
"s7002",6,"SYNPCC7002_RS14385",20,3,3,0.00497122183402,3,0.082304526749,0.75,0.00143152536981,0.00497122183402,0.00123966942149,0.839946943374,50
"s7002",6,"SYNPCC7002_RS12105",19,3,10,0.00145715641899,10,0.0781893004115,0.75,0.00477175123269,0.00145715641899,0.00413223140496,0.838550439468,51
"s7002",6,"SYNPCC7002_RS15410",20,3,0,9.21255229543e-06,0,0.082304526749,0.75,0,9.21255229543e-06,0,0.832313739301,52
"s7002",6,"SYNPCC7002_RS16160",14,3,11,0.000551828115011,11,0.0576131687243,0.75,0.00524892635596,0.000551828115011,0.00454545454545,0.817959377741,53
"s7002",6,"SYNPCC7002_RS04290",5,3,0,3.66554213329e-05,0,0.0205761316872,0.75,0,3.66554213329e-05,0,0.770612787109,54
"s7002",6,"SYNPCC7002_RS00690",24,2,44,0.00252686017884,44,0.0987654320988,0.5,0.0209957054239,0.00252686017884,0.0181818181818,0.640469815883,55
"s7002",6,"SYNPCC7002_RS00260",25,2,24,0.000106203301846,24,0.102880658436,0.5,0.0114522029585,0.000106203301846,0.0099173553719,0.624356420068,56
"s7002",6,"SYNPCC7002_RS09260",20,2,44,0.000158902098097,44,0.082304526749,0.5,0.0209957054239,0.000158902098097,0.0181818181818,0.621640952453,57
"s7002",6,"SYNPCC7002_RS09090",7,2,87,2.93952524449e-05,87,0.0288065843621,0.5,0.0415142357244,2.93952524449e-05,0.0359504132231,0.606300628562,58
"s7002",6,"SYNPCC7002_RS09175",19,2,0,0.00353261741524,0,0.0781893004115,0.5,0,0.00353261741524,0,0.581721917827,59
"s7002",6,"SYNPCC7002_RS09845",19,2,0,6.46644635548e-05,0,0.0781893004115,0.5,0,6.46644635548e-05,0,0.578253964875,60
"s7002",6,"SYNPCC7002_RS08860",19,2,0,1.47264112638e-05,0,0.0781893004115,0.5,0,1.47264112638e-05,0,0.578204026823,61
"s7002",6,"SYNPCC7002_RS01085",16,2,0,0.000235904362932,0,0.0658436213992,0.5,0,0.000235904362932,0,0.566079525762,62
"s7002",6,"SYNPCC7002_RS00010",14,2,0,0.00415997374118,0,0.0576131687243,0.5,0,0.00415997374118,0,0.561773142465,63
"s7002",6,"SYNPCC7002_RS15995",10,2,9,0.000996088547189,9,0.0411522633745,0.5,0.00429457610943,0.000996088547189,0.00371900826446,0.550161936296,64
"s7002",6,"SYNPCC7002_RS06005",12,2,0,0.000343810343397,0,0.0493827160494,0.5,0,0.000343810343397,0,0.549726526393,65
"s7002",6,"SYNPCC7002_RS10145",10,2,9,1.40014214398e-06,9,0.0411522633745,0.5,0.00429457610943,1.40014214398e-06,0.00371900826446,0.549167247891,66
"s7002",6,"SYNPCC7002_RS08480",6,2,16,0.00744512227759,16,0.0246913580247,0.5,0.00763480197231,0.00744512227759,0.00661157024793,0.546382852523,67
"s7002",6,"SYNPCC7002_RS15535",4,2,28,1.73645171205e-05,28,0.0164609053498,0.5,0.0133609034515,1.73645171205e-05,0.0115702479339,0.541409421252,68
"s7002",6,"SYNPCC7002_RS15030",10,2,0,1.01380595733e-05,0,0.0411522633745,0.5,0,1.01380595733e-05,0,0.541162401434,69
"s7002",6,"SYNPCC7002_RS09195",8,2,0,0.000431676052677,0,0.0329218106996,0.5,0,0.000431676052677,0,0.533353486752,70
"s7002",6,"SYNPCC7002_RS06165",4,2,3,9.9888257471e-06,3,0.0164609053498,0.5,0.00143152536981,9.9888257471e-06,0.00123966942149,0.519142088967,71
"s7002",6,"SYNPCC7002_RS13450",4,2,0,4.99963759455e-05,0,0.0164609053498,0.5,0,4.99963759455e-05,0,0.516510901726,72
"s7002",6,"SYNPCC7002_RS00635",3,2,0,5.3873242096e-05,0,0.0123456790123,0.5,0,5.3873242096e-05,0,0.512399552254,73
"s7002",6,"SYNPCC7002_RS00850",10,1,0,1.48583558812e-06,0,0.0411522633745,0.25,0,1.48583558812e-06,0,0.29115374921,74
"s7002",6,"SYNPCC7002_RS02410",4,1,9,0.000367664869983,9,0.0164609053498,0.25,0.00429457610943,0.000367664869983,0.00371900826446,0.274842154594,75
"s7002",6,"SYNPCC7002_RS10525",3,1,0,4.84002576851e-07,0,0.0123456790123,0.25,0,4.84002576851e-07,0,0.262346163015,76
"s7002",6,"SYNPCC7002_RS09950",2,1,2,6.88104724412e-08,2,0.0082304526749,0.25,0.000954350246539,6.88104724412e-08,0.000826446280992,0.260011318013,77
"s7002",7,"SYNPCC7002_RS12395",201,4,1029,0.840787928114,1096,0.813765182186,1,0.70483475084,0.840787928114,0.585157501335,3.94454536248,1
"s7002",7,"SYNPCC7002_RS05135",247,4,679,1,723,1,1,0.46509503967,1,0.386011745862,3.85110678553,2
"s7002",7,"SYNPCC7002_RS15520",97,4,1459.91666667,0.000112451714134,1873,0.392712550607,1,1,0.000112451714134,1,3.39282500232,3
"s7002",7,"SYNPCC7002_RS08965",150,4,1249.33333333,0.000127203915718,1640,0.607287449393,1,0.855756607108,0.000127203915718,0.875600640683,3.3387719011,4
"s7002",7,"SYNPCC7002_RS03030",92,4,1103.83333333,9.24033160414e-05,1407,0.372469635628,1,0.756093384322,9.24033160414e-05,0.751201281367,2.87985670463,5
"s7002",7,"SYNPCC7002_RS04780",120,3,1244,0.000206515759404,1473,0.485829959514,0.75,0.852103430559,0.000206515759404,0.786438868126,2.87457877396,6
"s7002",7,"SYNPCC7002_RS09320",80,4,761.666666667,4.72361938659e-05,1059,0.323886639676,1,0.521719276213,4.72361938659e-05,0.565403096636,2.41105624872,7
"s7002",7,"SYNPCC7002_RS05460",84,4,651,0.0225009127066,656,0.34008097166,1,0.445915862777,0.0225009127066,0.350240256273,2.15873800342,8
"s7002",7,"SYNPCC7002_RS04890",107,4,169,0.464843487453,212,0.433198380567,1,0.115760031965,0.464843487453,0.113187399893,2.12698929988,9
"s7002",7,"SYNPCC7002_RS08210",42,4,568.75,0.000180819245577,817,0.17004048583,1,0.389577030652,0.000180819245577,0.436198611853,1.99599694758,10
"s7002",7,"SYNPCC7002_RS10050",152,4,0,0.340043250564,0,0.615384615385,1,0,0.340043250564,0,1.95542786595,11
"s7002",7,"SYNPCC7002_RS09630",67,4,549,0.00183968194304,550,0.271255060729,1,0.376048861236,0.00183968194304,0.293646556327,1.94279016024,12
"s7002",7,"SYNPCC7002_RS04650",86,4,370.5,0.118177161989,379,0.348178137652,1,0.253781608539,0.118177161989,0.202349172451,1.92248608063,13
"s7002",7,"SYNPCC7002_RS09820",70,4,438,0.00603440080699,443,0.283400809717,1,0.300017124264,0.00603440080699,0.23651895355,1.82597128834,14
"s7002",7,"SYNPCC7002_RS06150",59,4,388.5,0.000350293519923,406,0.238866396761,1,0.266111079399,0.000350293519923,0.216764548852,1.72209231853,15
"s7002",7,"SYNPCC7002_RS11685",48,4,290,0.153452126157,299,0.194331983806,1,0.19864147497,0.153452126157,0.159636946076,1.70606253101,16
"s7002",7,"SYNPCC7002_RS08390",93,3,353,0.000839009158075,358,0.376518218623,0.75,0.24179462298,0.000839009158075,0.191137213027,1.56028906379,17
"s7002",7,"SYNPCC7002_RS15680",60,4,202.333333333,0.001448022654,315,0.242914979757,1,0.13859238541,0.001448022654,0.168179391351,1.55113477917,18
"s7002",7,"SYNPCC7002_RS16320",41,4,273.833333333,0.00526646393677,355,0.165991902834,1,0.187567783549,0.00526646393677,0.189535504538,1.54836165486,19
"s7002",7,"SYNPCC7002_RS00650",38,4,203.5,3.26862388046e-05,424,0.153846153846,1,0.13939151778,3.26862388046e-05,0.226374799786,1.51964515765,20
"s7002",7,"SYNPCC7002_RS04250",110,3,177,0.0731508946673,177,0.445344129555,0.75,0.121239796792,0.0731508946673,0.0945008008542,1.48423562187,21
"s7002",7,"SYNPCC7002_RS09995",47,3,343.5,0.000594691188711,503,0.19028340081,0.75,0.235287402248,0.000594691188711,0.268553123332,1.44471861758,22
"s7002",7,"SYNPCC7002_RS04680",45,4,170,8.17030359917e-05,252,0.182186234818,1,0.116445002568,8.17030359917e-05,0.134543513081,1.4332564535,23
"s7002",7,"SYNPCC7002_RS01420",59,4,0,0.174699986625,0,0.238866396761,1,0,0.174699986625,0,1.41356638339,24
"s7002",7,"SYNPCC7002_RS02715",80,4,0,0.0574711378672,0,0.323886639676,1,0,0.0574711378672,0,1.38135777754,25
"s7002",7,"SYNPCC7002_RS15255",41,4,142.5,0.000826785336625,201,0.165991902834,1,0.0976083109764,0.000826785336625,0.107314468767,1.37174146791,26
"s7002",7,"SYNPCC7002_RS09780",93,3,0,0.0578701974621,0,0.376518218623,0.75,0,0.0578701974621,0,1.18438841609,27
"s7002",7,"SYNPCC7002_RS11400",47,3,184.5,2.19965696399e-05,199,0.19028340081,0.75,0.126377076317,2.19965696399e-05,0.106246663107,1.1729291368,28
"s7002",7,"SYNPCC7002_RS14440",33,3,201,0.0197918046267,240,0.133603238866,0.75,0.137679091272,0.0197918046267,0.128136679124,1.16921081389,29
"s7002",7,"SYNPCC7002_RS05985",99,3,0,0.018091142549,0,0.400809716599,0.75,0,0.018091142549,0,1.16890085915,30
"s7002",7,"SYNPCC7002_RS15720",12,4,60.3333333333,0.000500790207238,121,0.0485829959514,1,0.041326559735,0.000500790207238,0.0646022423919,1.15501258829,31
"s7002",7,"SYNPCC7002_RS00640",33,4,0,0.00341990383039,0,0.133603238866,1,0,0.00341990383039,0,1.1370231427,32
"s7002",7,"SYNPCC7002_RS07385",54,3,112.5,3.63036748656e-05,117,0.218623481781,0.75,0.0770591928761,3.63036748656e-05,0.0624666310731,1.10818560941,33
"s7002",7,"SYNPCC7002_RS01800",46,3,115,0.0019792643169,120,0.186234817814,0.75,0.0787716193845,0.0019792643169,0.0640683395622,1.08105404108,34
"s7002",7,"SYNPCC7002_RS01335",73,3,0,0.000178464624787,0,0.295546558704,0.75,0,0.000178464624787,0,1.04572502333,35
"s7002",7,"SYNPCC7002_RS06540",49,3,64.5,3.76254247681e-05,67,0.198380566802,0.75,0.0441806039156,3.76254247681e-05,0.0357714895889,1.02837028573,36
"s7002",7,"SYNPCC7002_RS00050",33,3,91,0.0146070686906,91,0.133603238866,0.75,0.0623323249042,0.0146070686906,0.0485851575013,1.00912778996,37
"s7002",7,"SYNPCC7002_RS08945",42,3,49.5,0.0162668573565,52,0.17004048583,0.75,0.0339060448655,0.0162668573565,0.0277629471436,0.997976335196,38
"s7002",7,"SYNPCC7002_RS12515",37,3,61.5,0.000896056005248,65,0.14979757085,0.75,0.0421256921056,0.000896056005248,0.0347036839295,0.97752300289,39
"s7002",7,"SYNPCC7002_RS09420",12,3,63,0.0581070368974,63,0.0485829959514,0.75,0.0431531480106,0.0581070368974,0.0336358782702,0.93347905913,40
"s7002",7,"SYNPCC7002_RS03295",30,3,46,0.000910060702105,51,0.121457489879,0.75,0.0315086477538,0.000910060702105,0.0272290443139,0.931105242649,41
"s7002",7,"SYNPCC7002_RS03760",26,3,32,0.0215769172697,32,0.105263157895,0.75,0.021919059307,0.0215769172697,0.0170848905499,0.915844025022,42
"s7002",7,"SYNPCC7002_RS03950",22,3,58,0.00301610901995,58,0.0890688259109,0.75,0.0397282949939,0.00301610901995,0.0309663641217,0.912779594046,43
"s7002",7,"SYNPCC7002_RS02455",39,3,0,4.25277664403e-05,0,0.157894736842,0.75,0,4.25277664403e-05,0,0.907937264608,44
"s7002",7,"SYNPCC7002_RS12090",37,3,0,0.00216969073747,0,0.14979757085,0.75,0,0.00216969073747,0,0.901967261587,45
"s7002",7,"SYNPCC7002_RS07295",30,3,0,0.000434933064447,0,0.121457489879,0.75,0,0.000434933064447,0,0.871892422943,46
"s7002",7,"SYNPCC7002_RS14790",29,3,0,0.000620243746682,0,0.117408906883,0.75,0,0.000620243746682,0,0.86802915063,47
"s7002",7,"SYNPCC7002_RS14385",20,3,3,0.00395723559543,3,0.080971659919,0.75,0.00205491181003,0.00395723559543,0.00160170848905,0.838585515814,48
"s7002",7,"SYNPCC7002_RS12105",14,3,8,0.00258251210018,8,0.0566801619433,0.75,0.00547976482675,0.00258251210018,0.00427122263748,0.819013661508,49
"s7002",7,"SYNPCC7002_RS16160",13,3,9,0.000326971499474,9,0.0526315789474,0.75,0.00616473543009,0.000326971499474,0.00480512546716,0.813928411344,50
"s7002",7,"SYNPCC7002_RS08255",34,2,0,0.000210012173173,0,0.137651821862,0.5,0,0.000210012173173,0,0.637861834035,51
"s7002",7,"SYNPCC7002_RS08175",31,2,0,0.00335750481925,0,0.125506072874,0.5,0,0.00335750481925,0,0.628863577693,52
"s7002",7,"SYNPCC7002_RS08480",7,2,60,0.00202916192627,80,0.0283400809717,0.5,0.0410982362006,0.00202916192627,0.0427122263748,0.614179705473,53
"s7002",7,"SYNPCC7002_RS00690",20,2,22,0.000158780836739,23,0.080971659919,0.5,0.0150693532736,0.000158780836739,0.0122797650828,0.608479559112,54
"s7002",7,"SYNPCC7002_RS15410",26,2,0,1.10753709199e-05,0,0.105263157895,0.5,0,1.10753709199e-05,0,0.605274233266,55
"s7002",7,"SYNPCC7002_RS09260",20,2,14,2.32993599819e-06,15,0.080971659919,0.5,0.00958958844681,2.32993599819e-06,0.00800854244527,0.598572120747,56
"s7002",7,"SYNPCC7002_RS00260",22,2,0,2.58492792085e-06,0,0.0890688259109,0.5,0,2.58492792085e-06,0,0.589071410839,57
"s7002",7,"SYNPCC7002_RS09175",18,2,0,0.00556510562836,0,0.0728744939271,0.5,0,0.00556510562836,0,0.578439599555,58
"s7002",7,"SYNPCC7002_RS08860",19,2,0,0.000290705015425,0,0.0769230769231,0.5,0,0.000290705015425,0,0.577213781939,59
"s7002",7,"SYNPCC7002_RS09845",15,2,0,1.92139200105e-05,0,0.0607287449393,0.5,0,1.92139200105e-05,0,0.560747958859,60
"s7002",7,"SYNPCC7002_RS06005",12,2,9,0.000417695290552,9,0.0485829959514,0.5,0.00616473543009,0.000417695290552,0.00480512546716,0.559970552139,61
"s7002",7,"SYNPCC7002_RS01085",14,2,0,0.000426797711584,0,0.0566801619433,0.5,0,0.000426797711584,0,0.557106959655,62
"s7002",7,"SYNPCC7002_RS15030",14,2,0,2.4070759594e-05,0,0.0566801619433,0.5,0,2.4070759594e-05,0,0.556704232703,63
"s7002",7,"SYNPCC7002_RS10145",10,2,9,4.27271522181e-07,9,0.0404858299595,0.5,0.00616473543009,4.27271522181e-07,0.00480512546716,0.551456118128,64
"s7002",7,"SYNPCC7002_RS15995",7,2,17,4.83493661782e-05,18,0.0283400809717,0.5,0.0116445002568,4.83493661782e-05,0.00961025093433,0.549643181529,65
"s7002",7,"SYNPCC7002_RS00010",11,2,0,0.00409333603676,0,0.0445344129555,0.5,0,0.00409333603676,0,0.548627748992,66
"s7002",7,"SYNPCC7002_RS00635",4,2,18,1.0673875931e-05,24,0.0161943319838,0.5,0.0123294708602,1.0673875931e-05,0.0128136679124,0.541348144632,67
"s7002",7,"SYNPCC7002_RS09195",10,2,0,0.000613818663973,0,0.0404858299595,0.5,0,0.000613818663973,0,0.541099648623,68
"s7002",7,"SYNPCC7002_RS09090",7,2,6,6.09639675035e-06,6,0.0283400809717,0.5,0.00410982362006,6.09639675035e-06,0.00320341697811,0.535659417967,69
"s7002",7,"SYNPCC7002_RS10525",7,2,4,1.07314979902e-05,4,0.0283400809717,0.5,0.00273988241337,1.07314979902e-05,0.00213561131874,0.533226306202,70
"s7002",7,"SYNPCC7002_RS13450",6,2,0,0.000199115369572,0,0.0242914979757,0.5,0,0.000199115369572,0,0.524490613345,71
"s7002",7,"SYNPCC7002_RS06165",4,2,3,2.11971751644e-05,3,0.0161943319838,0.5,0.00205491181003,2.11971751644e-05,0.00160170848905,0.519872149458,72
"s7002",7,"SYNPCC7002_RS04290",4,2,0,5.85024616304e-05,0,0.0161943319838,0.5,0,5.85024616304e-05,0,0.516252834445,73
"s7002",7,"SYNPCC7002_RS15535",2,2,0,2.8468037932e-07,0,0.0080971659919,0.5,0,2.8468037932e-07,0,0.508097450672,74
"s7002",7,"SYNPCC7002_RS00850",10,1,0,8.39981009904e-07,0,0.0404858299595,0.25,0,8.39981009904e-07,0,0.290486669941,75
"s7002",7,"SYNPCC7002_RS02410",3,1,0,0,0,0.0121457489879,0.25,0,0,0,0.262145748988,76
"s7002",8,"SYNPCC7002_RS12395",191,4,1584.5,0.819204411779,1776,0.799163179916,1,0.499395913222,0.819204411779,0.474485706652,3.59224921157,1
"s7002",8,"SYNPCC7002_RS05135",239,4,642.333333333,1,773,1,1,0.202447864685,1,0.206518835159,3.40896669984,2
"s7002",8,"SYNPCC7002_RS08965",161,4,2441,0.000254110654753,3040,0.673640167364,1,0.76934390923,0.000254110654753,0.812182741117,3.25542092837,3
"s7002",8,"SYNPCC7002_RS04780",110,3,3172.83333333,0.000130934207632,3743,0.460251046025,0.75,1,0.000130934207632,1,3.21038198023,4
"s7002",8,"SYNPCC7002_RS03030",94,4,1733.5,0.000188813384349,2225,0.393305439331,1,0.546357094081,0.000188813384349,0.594442960192,2.53429430699,5
"s7002",8,"SYNPCC7002_RS06540",46,3,2166.66666667,4.77622585732e-05,2367,0.192468619247,0.75,0.682880705995,4.77622585732e-05,0.632380443495,2.257777531,6
"s7002",8,"SYNPCC7002_RS04890",113,4,267.333333333,0.48404127759,358,0.47280334728,1,0.0842569732626,0.48404127759,0.0956452043815,2.13674680251,7
"s7002",8,"SYNPCC7002_RS15520",85,4,1132.08333333,0.00026848435006,1449,0.355648535565,1,0.356805168881,0.00026848435006,0.387122628907,2.0998448177,8
"s7002",8,"SYNPCC7002_RS10050",161,4,0,0.397907376702,0,0.673640167364,1,0,0.397907376702,0,2.07154754407,9
"s7002",8,"SYNPCC7002_RS07385",71,3,1419.91666667,6.66477934895e-05,2002,0.297071129707,0.75,0.44752324421,6.66477934895e-05,0.534865081485,2.0295261032,10
"s7002",8,"SYNPCC7002_RS09320",77,4,997.583333333,8.4498379263e-05,1285,0.322175732218,1,0.314414035825,8.4498379263e-05,0.343307507347,1.97998177377,11
"s7002",8,"SYNPCC7002_RS11685",50,4,907.333333333,0.143114819894,982,0.209205020921,1,0.285969427956,0.143114819894,0.262356398611,1.90064566738,12
"s7002",8,"SYNPCC7002_RS04650",86,4,597.5,0.138293288674,635,0.359832635983,1,0.188317486999,0.138293288674,0.169650013358,1.85609342501,13
"s7002",8,"SYNPCC7002_RS06150",54,4,853.666666667,0.000272659268337,889,0.225941422594,1,0.269054998162,0.000272659268337,0.237510018702,1.73277909873,14
"s7002",8,"SYNPCC7002_RS09630",66,4,688.666666667,0.00182609663149,701,0.276150627615,1,0.217051005936,0.00182609663149,0.187282928133,1.68231065832,15
"s7002",8,"SYNPCC7002_RS01420",66,4,0,0.196492896637,0,0.276150627615,1,0,0.196492896637,0,1.47264352425,16
"s7002",8,"SYNPCC7002_RS08210",47,4,411.833333333,0.000223602065122,532,0.196652719665,1,0.129799863424,0.000223602065122,0.142131979695,1.46880816485,17
"s7002",8,"SYNPCC7002_RS05460",78,3,482.5,0.022360810073,484,0.326359832636,0.75,0.152072280296,0.022360810073,0.129308041678,1.38010096468,18
"s7002",8,"SYNPCC7002_RS04680",52,4,255.333333333,0.000109767165907,299,0.217573221757,1,0.0804748647371,0.000109767165907,0.0798824472348,1.37804030089,19
"s7002",8,"SYNPCC7002_RS16320",46,4,280.5,0.00763372954287,285,0.192468619247,1,0.0884067867837,0.00763372954287,0.0761421319797,1.36465126755,20
"s7002",8,"SYNPCC7002_RS15680",66,4,34.5,0.00184797955542,36,0.276150627615,1,0.0108735620108,0.00184797955542,0.00961795351322,1.29849012269,21
"s7002",8,"SYNPCC7002_RS04250",108,3,0,0.0959195321109,0,0.451882845188,0.75,0,0.0959195321109,0,1.2978023773,22
"s7002",8,"SYNPCC7002_RS11400",41,3,552.583333333,0.000117667743481,718,0.171548117155,0.75,0.174160844671,0.000117667743481,0.191824739514,1.28765136908,23
"s7002",8,"SYNPCC7002_RS15255",50,4,81,0.00118620967129,84,0.209205020921,1,0.0255292325472,0.00118620967129,0.0224418915309,1.25836235467,24
"s7002",8,"SYNPCC7002_RS09780",99,3,0,0.06070379163,0,0.414225941423,0.75,0,0.06070379163,0,1.22492973305,25
"s7002",8,"SYNPCC7002_RS09820",68,3,219.5,0.00618235836796,221,0.284518828452,0.75,0.0691810684457,0.00618235836796,0.0590435479562,1.16892580322,26
"s7002",8,"SYNPCC7002_RS09995",44,3,331.333333333,0.00136531652717,465,0.18410041841,0.75,0.104428218732,0.00136531652717,0.124231899546,1.16412585322,27
"s7002",8,"SYNPCC7002_RS05985",92,3,0,0.0114927330187,0,0.384937238494,0.75,0,0.0114927330187,0,1.14642997151,28
"s7002",8,"SYNPCC7002_RS08390",93,3,0,0.000714648915153,0,0.389121338912,0.75,0,0.000714648915153,0,1.13983598783,29
"s7002",8,"SYNPCC7002_RS02715",78,3,0,0.0625524785434,0,0.326359832636,0.75,0,0.0625524785434,0,1.13891231118,30
"s7002",8,"SYNPCC7002_RS15720",13,4,33,0.000631308450454,36,0.0543933054393,1,0.0104007984451,0.000631308450454,0.00961795351322,1.07504336585,31
"s7002",8,"SYNPCC7002_RS12515",31,3,280.5,0.000188715510799,291,0.129707112971,0.75,0.0884067867837,0.000188715510799,0.0777451242319,1.0460477395,32
"s7002",8,"SYNPCC7002_RS01335",67,3,0,0.000187965075011,0,0.280334728033,0.75,0,0.000187965075011,0,1.03052269311,33
"s7002",8,"SYNPCC7002_RS00650",36,3,147.333333333,0.000116241885425,221,0.150627615063,0.75,0.0464358880075,0.000116241885425,0.0590435479562,1.00622329291,34
"s7002",8,"SYNPCC7002_RS14440",32,3,183,0.0134820245467,183,0.133891213389,0.75,0.057677155014,0.0134820245467,0.0488912636922,1.00394165664,35
"s7002",8,"SYNPCC7002_RS01800",48,3,61.5,0.00283758185391,63,0.200836820084,0.75,0.0193833061932,0.00283758185391,0.0168314186481,0.989889126779,36
"s7002",8,"SYNPCC7002_RS08255",42,2,384.166666667,0.00150374154329,619,0.175732217573,0.5,0.121080002101,0.00150374154329,0.165375367352,0.963691328569,37
"s7002",8,"SYNPCC7002_RS08945",44,3,0,0.0151371840285,0,0.18410041841,0.75,0,0.0151371840285,0,0.949237602438,38
"s7002",8,"SYNPCC7002_RS00050",37,3,41,0.0104734290191,41,0.154811715481,0.75,0.0129222041288,0.0104734290191,0.0109537803901,0.939161129019,39
"s7002",8,"SYNPCC7002_RS02455",42,3,0,7.554617958e-05,0,0.175732217573,0.75,0,7.554617958e-05,0,0.925807763753,40
"s7002",8,"SYNPCC7002_RS03295",34,3,34.5,0.00146675840007,36,0.142259414226,0.75,0.0108735620108,0.00146675840007,0.00961795351322,0.91421768815,41
"s7002",8,"SYNPCC7002_RS00640",32,3,0,0.00355667179036,0,0.133891213389,0.75,0,0.00355667179036,0,0.887447885179,42
"s7002",8,"SYNPCC7002_RS03950",24,3,58,0.0022730960744,58,0.100418410042,0.75,0.0182801912066,0.0022730960744,0.0154955917713,0.886467289094,43
"s7002",8,"SYNPCC7002_RS12090",32,3,0,0.000273454973815,0,0.133891213389,0.75,0,0.000273454973815,0,0.884164668363,44
"s7002",8,"SYNPCC7002_RS03760",25,3,0,0.0147770274564,0,0.10460251046,0.75,0,0.0147770274564,0,0.869379537916,45
"s7002",8,"SYNPCC7002_RS09420",9,3,35,0.0581745217488,35,0.0376569037657,0.75,0.0110311498661,0.0581745217488,0.00935078813786,0.866213363518,46
"s7002",8,"SYNPCC7002_RS08175",22,3,0,0.000986678257252,0,0.092050209205,0.75,0,0.000986678257252,0,0.843036887462,47
"s7002",8,"SYNPCC7002_RS14385",17,3,10,0.0019094207303,10,0.071129707113,0.75,0.00315175710459,0.0019094207303,0.00267165375367,0.828862538702,48
"s7002",8,"SYNPCC7002_RS00010",15,3,0,0.0021033272933,0,0.0627615062762,0.75,0,0.0021033272933,0,0.81486483357,49
"s7002",8,"SYNPCC7002_RS12105",13,3,7,0.00157207502099,7,0.0543933054393,0.75,0.00220622997321,0.00157207502099,0.00187015762757,0.810041768061,50
"s7002",8,"SYNPCC7002_RS00635",6,3,38,2.16571811963e-05,50,0.0251046025105,0.75,0.0119766769974,2.16571811963e-05,0.0133582687684,0.800461205457,51
"s7002",8,"SYNPCC7002_RS07295",30,2,0,0.00113865697577,0,0.125523012552,0.5,0,0.00113865697577,0,0.626661669528,52
"s7002",8,"SYNPCC7002_RS15995",12,2,101,5.4062570079e-05,110,0.0502092050209,0.5,0.0318327467564,5.4062570079e-05,0.0293881912904,0.611484205638,53
"s7002",8,"SYNPCC7002_RS14790",26,2,0,0.000341711472065,0,0.108786610879,0.5,0,0.000341711472065,0,0.609128322351,54
"s7002",8,"SYNPCC7002_RS00260",25,2,0,5.90940642158e-06,0,0.10460251046,0.5,0,5.90940642158e-06,0,0.604608419866,55
"s7002",8,"SYNPCC7002_RS09260",22,2,15,2.35851075429e-05,15,0.092050209205,0.5,0.00472763565688,2.35851075429e-05,0.00400748063051,0.6008089106,56
"s7002",8,"SYNPCC7002_RS00690",23,2,0,0.000354479122065,0,0.0962343096234,0.5,0,0.000354479122065,0,0.596588788745,57
"s7002",8,"SYNPCC7002_RS15410",21,2,0,3.22006987877e-05,0,0.0878661087866,0.5,0,3.22006987877e-05,0,0.587898309485,58
"s7002",8,"SYNPCC7002_RS09845",19,2,0,6.06871506544e-06,0,0.0794979079498,0.5,0,6.06871506544e-06,0,0.579503976665,59
"s7002",8,"SYNPCC7002_RS08860",17,2,0,0.000242406591374,0,0.071129707113,0.5,0,0.000242406591374,0,0.571372113704,60
"s7002",8,"SYNPCC7002_RS01085",14,2,18,2.62206552484e-05,18,0.0585774058577,0.5,0.00567316278826,2.62206552484e-05,0.00480897675661,0.569085766058,61
"s7002",8,"SYNPCC7002_RS08480",6,2,52,0.00541431952569,68,0.0251046025105,0.5,0.0163891369439,0.00541431952569,0.018167245525,0.565075304505,62
"s7002",8,"SYNPCC7002_RS06005",14,2,0,0.00048141750783,0,0.0585774058577,0.5,0,0.00048141750783,0,0.559058823366,63
"s7002",8,"SYNPCC7002_RS09175",14,2,0,0.000190466747088,0,0.0585774058577,0.5,0,0.000190466747088,0,0.558767872605,64
"s7002",8,"SYNPCC7002_RS16160",12,2,10,0.000337389198596,10,0.0502092050209,0.5,0.00315175710459,0.000337389198596,0.00267165375367,0.556370005078,65
"s7002",8,"SYNPCC7002_RS10145",10,2,10,7.17333355716e-07,10,0.0418410041841,0.5,0.00315175710459,7.17333355716e-07,0.00267165375367,0.547665132376,66
"s7002",8,"SYNPCC7002_RS15030",11,2,0,9.63707109015e-06,0,0.0460251046025,0.5,0,9.63707109015e-06,0,0.546034741674,67
"s7002",8,"SYNPCC7002_RS13450",7,2,10,5.27453744688e-06,10,0.0292887029289,0.5,0.00315175710459,5.27453744688e-06,0.00267165375367,0.535117388325,68
"s7002",8,"SYNPCC7002_RS09090",6,2,15,3.19373710554e-05,15,0.0251046025105,0.5,0.00472763565688,3.19373710554e-05,0.00400748063051,0.533871656169,69
"s7002",8,"SYNPCC7002_RS09195",8,2,0,0.000319890636881,0,0.0334728033473,0.5,0,0.000319890636881,0,0.533792693984,70
"s7002",8,"SYNPCC7002_RS10525",6,2,3,1.0211336777e-05,3,0.0251046025105,0.5,0.000945527131377,1.0211336777e-05,0.000801496126102,0.526861837105,71
"s7002",8,"SYNPCC7002_RS06165",5,2,0,1.7005707148e-06,0,0.0209205020921,0.5,0,1.7005707148e-06,0,0.520922202663,72
"s7002",8,"SYNPCC7002_RS09950",2,2,2,1.11937123226e-07,2,0.00836820083682,0.5,0.000630351420918,1.11937123226e-07,0.000534330750735,0.509532994946,73
"s7002",8,"SYNPCC7002_RS04290",2,2,0,1.41679198951e-05,0,0.00836820083682,0.5,0,1.41679198951e-05,0,0.508382368757,74
"s7002",8,"SYNPCC7002_RS15535",2,2,0,6.75859871406e-07,0,0.00836820083682,0.5,0,6.75859871406e-07,0,0.508368876697,75
"s7002",8,"SYNPCC7002_RS00850",10,1,0,1.94476142467e-18,0,0.0418410041841,0.25,0,1.94476142467e-18,0,0.291841004184,76
"s7002",8,"SYNPCC7002_RS02410",1,1,0,1.72540823493e-19,0,0.00418410041841,0.25,0,1.72540823493e-19,0,0.254184100418,77
"s7002",9,"SYNPCC7002_RS05135",247,4,377.333333333,1,455,1,1,0.274524069358,1,0.293737895416,3.56826196477,1
"s7002",9,"SYNPCC7002_RS12395",190,4,551,0.818808758626,634,0.769230769231,1,0.400873044744,0.818808758626,0.409296320207,3.39820889281,2
"s7002",9,"SYNPCC7002_RS15520",92,4,1374.5,0.000185572231592,1549,0.372469635628,1,1,0.000185572231592,1,3.37265520786,3
"s7002",9,"SYNPCC7002_RS08965",170,4,1114.66666667,0.00032336166633,1234,0.688259109312,1,0.810961561782,0.00032336166633,0.796642995481,3.29618702824,4
"s7002",9,"SYNPCC7002_RS09320",70,4,1218,9.36176068211e-05,1368,0.283400809717,1,0.886140414696,9.36176068211e-05,0.883150419626,3.05278526165,5
"s7002",9,"SYNPCC7002_RS04780",121,3,960,0.0018664545096,1020,0.48987854251,0.75,0.698435794834,0.0018664545096,0.658489347966,2.59867013982,6
"s7002",9,"SYNPCC7002_RS10050",156,4,309.5,0.361683500713,310,0.631578947368,1,0.225172790105,0.361683500713,0.200129115558,2.41856435374,7
"s7002",9,"SYNPCC7002_RS08210",49,4,594.333333333,0.000160339466843,673,0.198380566802,1,0.432399660482,0.000160339466843,0.434473854099,2.06541442085,8
"s7002",9,"SYNPCC7002_RS04890",99,4,116.333333333,0.42250082545,150,0.400809716599,1,0.0846368376377,0.42250082545,0.0968366688186,2.00478404851,9
"s7002",9,"SYNPCC7002_RS03030",93,4,413.833333333,0.000100820208403,476,0.376518218623,1,0.301079180308,0.000100820208403,0.307295029051,1.98499324819,10
"s7002",9,"SYNPCC7002_RS15680",65,4,447,0.00117170749138,564,0.263157894737,1,0.32520916697,0.00117170749138,0.364105874758,1.95364464396,11
"s7002",9,"SYNPCC7002_RS08390",95,3,523.166666667,0.000808228200166,533,0.384615384615,0.75,0.380623256942,0.000808228200166,0.344092963202,1.86013983296,12
"s7002",9,"SYNPCC7002_RS15255",47,4,320,0.00073846005162,385,0.19028340081,1,0.232811931611,0.00073846005162,0.248547449968,1.67238124244,13
"s7002",9,"SYNPCC7002_RS05460",86,3,383.5,0.026278623999,388,0.348178137652,0.75,0.279010549291,0.026278623999,0.250484183344,1.65395149429,14
"s7002",9,"SYNPCC7002_RS16320",35,4,317,0.00224093087256,403,0.141700404858,1,0.230629319753,0.00224093087256,0.260167850226,1.63473850571,15
"s7002",9,"SYNPCC7002_RS07385",59,3,417.5,0.000217170350409,467,0.238866396761,0.75,0.303746817024,0.000217170350409,0.301484828922,1.59431521306,16
"s7002",9,"SYNPCC7002_RS09820",68,3,403.5,0.00401152165844,408,0.275303643725,0.75,0.293561295016,0.00401152165844,0.263395739187,1.58627219959,17
"s7002",9,"SYNPCC7002_RS11685",51,4,152.833333333,0.158409340145,162,0.206477732794,1,0.111191948587,0.158409340145,0.104583602324,1.58066262385,18
"s7002",9,"SYNPCC7002_RS04650",80,4,82,0.117117475755,82,0.323886639676,1,0.0596580574754,0.117117475755,0.0529373789542,1.55359955186,19
"s7002",9,"SYNPCC7002_RS02455",43,3,433.333333333,0.000240522038083,472,0.174089068826,0.75,0.31526615739,0.000240522038083,0.304712717883,1.54430846614,20
"s7002",9,"SYNPCC7002_RS11400",54,3,362.833333333,0.000131113462682,396,0.218623481781,0.75,0.263974778707,0.000131113462682,0.255648805681,1.48837817963,21
"s7002",9,"SYNPCC7002_RS15720",13,4,279,0.000275179497637,344,0.0526315789474,1,0.202982902874,0.000275179497637,0.222078760491,1.47796842181,22
"s7002",9,"SYNPCC7002_RS06150",56,4,177.666666667,0.000225416331176,185,0.226720647773,1,0.12925912453,0.000225416331176,0.119431891543,1.47563708018,23
"s7002",9,"SYNPCC7002_RS01420",62,4,0,0.181441994426,0,0.251012145749,1,0,0.181441994426,0,1.43245414018,24
"s7002",9,"SYNPCC7002_RS09630",65,4,99,0.000538768715899,99,0.263157894737,1,0.0720261913423,0.000538768715899,0.0639122014203,1.39963505622,25
"s7002",9,"SYNPCC7002_RS04680",44,4,98.5,5.69444298434e-05,122,0.178137651822,1,0.0716624226992,5.69444298434e-05,0.0787604906391,1.32861750959,26
"s7002",9,"SYNPCC7002_RS08255",36,3,257.5,0.000272098743181,268,0.145748987854,0.75,0.187340851219,0.000272098743181,0.173014848289,1.25637678611,27
"s7002",9,"SYNPCC7002_RS09995",36,3,247.833333333,0.0011572497275,256,0.145748987854,0.75,0.180307990784,0.0011572497275,0.165267914784,1.24248214315,28
"s7002",9,"SYNPCC7002_RS04250",96,3,0,0.0483368349265,0,0.388663967611,0.75,0,0.0483368349265,0,1.18700080254,29
"s7002",9,"SYNPCC7002_RS05985",104,3,0,0.0106996910111,0,0.421052631579,0.75,0,0.0106996910111,0,1.18175232259,30
"s7002",9,"SYNPCC7002_RS01800",43,3,170,0.00224825218586,175,0.174089068826,0.75,0.123681338669,0.00224825218586,0.112976113622,1.1629947733,31
"s7002",9,"SYNPCC7002_RS12515",32,3,189,0.0193618376944,191,0.12955465587,0.75,0.137504547108,0.0193618376944,0.123305358296,1.15972639897,32
"s7002",9,"SYNPCC7002_RS02715",84,3,0,0.0555010294281,0,0.34008097166,0.75,0,0.0555010294281,0,1.14558200109,33
"s7002",9,"SYNPCC7002_RS09780",82,3,0,0.0381153435377,0,0.331983805668,0.75,0,0.0381153435377,0,1.12009914921,34
"s7002",9,"SYNPCC7002_RS14440",31,3,127,0.017036314692,169,0.125506072874,0.75,0.0923972353583,0.017036314692,0.109102646869,1.09404226979,35
"s7002",9,"SYNPCC7002_RS01335",82,3,0,0.000319115557168,0,0.331983805668,0.75,0,0.000319115557168,0,1.08230292123,36
"s7002",9,"SYNPCC7002_RS03295",35,3,110.5,0.00246011068239,115,0.141700404858,0.75,0.0803928701346,0.00246011068239,0.0742414460943,1.04879483177,37
"s7002",9,"SYNPCC7002_RS00650",34,3,92.8333333333,5.97471064069e-05,143,0.137651821862,0.75,0.0675397114102,5.97471064069e-05,0.0923176242737,1.04756890465,38
"s7002",9,"SYNPCC7002_RS06540",38,3,46.5,0.000372381143049,49,0.153846153846,0.75,0.0338304838123,0.000372381143049,0.0316333118141,0.969682330615,39
"s7002",9,"SYNPCC7002_RS03760",32,3,31,0.0211264024249,31,0.12955465587,0.75,0.0225536558749,0.0211264024249,0.0200129115558,0.943247625726,40
"s7002",9,"SYNPCC7002_RS03950",22,3,62,0.00268222244172,62,0.0890688259109,0.75,0.0451073117497,0.00268222244172,0.0400258231117,0.926884183214,41
"s7002",9,"SYNPCC7002_RS00640",42,3,0,0.0053285649967,0,0.17004048583,0.75,0,0.0053285649967,0,0.925369050827,42
"s7002",9,"SYNPCC7002_RS08945",40,3,0,0.0122758759371,0,0.161943319838,0.75,0,0.0122758759371,0,0.924219195775,43
"s7002",9,"SYNPCC7002_RS00050",29,3,12,0.00637688503267,12,0.117408906883,0.75,0.00873044743543,0.00637688503267,0.00774693350549,0.890263172857,44
"s7002",9,"SYNPCC7002_RS12090",30,3,0,0.00110549989521,0,0.121457489879,0.75,0,0.00110549989521,0,0.872562989774,45
"s7002",9,"SYNPCC7002_RS14385",20,3,3,0.0026969634963,3,0.080971659919,0.75,0.00218261185886,0.0026969634963,0.00193673337637,0.837787968651,46
"s7002",9,"SYNPCC7002_RS00635",6,3,30,2.11693489777e-05,34,0.0242914979757,0.75,0.0218261185886,2.11693489777e-05,0.0219496449322,0.818088430845,47
"s7002",9,"SYNPCC7002_RS08480",14,2,134,0.00644920923253,134,0.0566801619433,0.5,0.0974899963623,0.00644920923253,0.0865074241446,0.747126791683,48
"s7002",9,"SYNPCC7002_RS10145",13,2,108.5,1.95847698926e-06,109,0.0526315789474,0.5,0.078937795562,1.95847698926e-06,0.0703679793415,0.701939312328,49
"s7002",9,"SYNPCC7002_RS09090",7,2,112,2.14554985158e-05,112,0.0283400809717,0.5,0.081484176064,2.14554985158e-05,0.0723047127179,0.682150425252,50
"s7002",9,"SYNPCC7002_RS15535",4,2,116.5,1.30942735778e-05,117,0.0161943319838,0.5,0.0847580938523,1.30942735778e-05,0.0755326016785,0.676498121788,51
"s7002",9,"SYNPCC7002_RS00690",23,2,55,0.000449863775081,55,0.0931174089069,0.5,0.0400145507457,0.000449863775081,0.0355067785668,0.669088601994,52
"s7002",9,"SYNPCC7002_RS09260",27,2,40,3.83501898484e-05,40,0.109311740891,0.5,0.0291014914514,3.83501898484e-05,0.025823111685,0.664274694217,53
"s7002",9,"SYNPCC7002_RS09420",10,2,37.5,0.0563308632293,38,0.0404858299595,0.5,0.0272826482357,0.0563308632293,0.0245319561007,0.648631297525,54
"s7002",9,"SYNPCC7002_RS07295",32,2,0,0.000264574563877,0,0.12955465587,0.5,0,0.000264574563877,0,0.629819230434,55
"s7002",9,"SYNPCC7002_RS14790",28,2,0,0.000336187602703,0,0.113360323887,0.5,0,0.000336187602703,0,0.61369651149,56
"s7002",9,"SYNPCC7002_RS08175",27,2,0,0.00300823093274,0,0.109311740891,0.5,0,0.00300823093274,0,0.612319971824,57
"s7002",9,"SYNPCC7002_RS09175",22,2,0,0.00953987586463,0,0.0890688259109,0.5,0,0.00953987586463,0,0.598608701776,58
"s7002",9,"SYNPCC7002_RS16160",14,2,19,0.00224379277397,19,0.0566801619433,0.5,0.0138232084394,0.00224379277397,0.0122659780504,0.585013141207,59
"s7002",9,"SYNPCC7002_RS00260",20,2,0,5.13070750718e-05,0,0.080971659919,0.5,0,5.13070750718e-05,0,0.581022966994,60
"s7002",9,"SYNPCC7002_RS15410",20,2,0,5.67403682544e-06,0,0.080971659919,0.5,0,5.67403682544e-06,0,0.580977333956,61
"s7002",9,"SYNPCC7002_RS08860",20,2,0,2.01553606795e-06,0,0.080971659919,0.5,0,2.01553606795e-06,0,0.580973675455,62
"s7002",9,"SYNPCC7002_RS06005",15,2,14,0.000464203060843,14,0.0607287449393,0.5,0.010185522008,0.000464203060843,0.00903808908974,0.580416559098,63
"s7002",9,"SYNPCC7002_RS12105",13,2,6,0.000946413161348,6,0.0526315789474,0.5,0.00436522371772,0.000946413161348,0.00387346675274,0.561816682579,64
"s7002",9,"SYNPCC7002_RS01085",14,2,0,0.000279903605509,0,0.0566801619433,0.5,0,0.000279903605509,0,0.556960065549,65
"s7002",9,"SYNPCC7002_RS09845",14,2,0,0.000141782594931,0,0.0566801619433,0.5,0,0.000141782594931,0,0.556821944538,66
"s7002",9,"SYNPCC7002_RS00010",13,2,0,0.00234045096669,0,0.0526315789474,0.5,0,0.00234045096669,0,0.554972029914,67
"s7002",9,"SYNPCC7002_RS00850",11,2,0,2.66744765391e-06,0,0.0445344129555,0.5,0,2.66744765391e-06,0,0.544537080403,68
"s7002",9,"SYNPCC7002_RS09195",10,2,0,0.000565249373699,0,0.0404858299595,0.5,0,0.000565249373699,0,0.541051079333,69
"s7002",9,"SYNPCC7002_RS10525",7,2,5,2.3256975194e-05,5,0.0283400809717,0.5,0.00363768643143,2.3256975194e-05,0.00322788896062,0.535228913339,70
"s7002",9,"SYNPCC7002_RS15030",8,2,0,1.67821628067e-05,0,0.0323886639676,0.5,0,1.67821628067e-05,0,0.53240544613,71
"s7002",9,"SYNPCC7002_RS06165",5,2,0,3.95888976339e-07,0,0.0202429149798,0.5,0,3.95888976339e-07,0,0.520243310869,72
"s7002",9,"SYNPCC7002_RS13450",4,2,0,2.06411412113e-06,0,0.0161943319838,0.5,0,2.06411412113e-06,0,0.516196396098,73
"s7002",9,"SYNPCC7002_RS04290",3,2,0,1.81093667451e-05,0,0.0121457489879,0.5,0,1.81093667451e-05,0,0.512163858355,74
"s7002",9,"SYNPCC7002_RS15995",12,1,22,0.000976365232266,22,0.0485829959514,0.25,0.0160058202983,0.000976365232266,0.0142027114267,0.329767892909,75
"s7002",9,"SYNPCC7002_RS02410",3,1,22,0.000318128467033,22,0.0121457489879,0.25,0.0160058202983,0.000318128467033,0.0142027114267,0.29267240918,76
"s7002",10,"SYNPCC7002_RS08965",164,3,2058.16666667,0.000100145213828,2182,0.658634538153,0.75,1,0.000100145213828,1,3.40873468337,1
"s7002",10,"SYNPCC7002_RS05135",249,4,255.666666667,1,319,1,1,0.124220584663,1,0.146196150321,3.27041673498,2
"s7002",10,"SYNPCC7002_RS12395",199,4,322,0.835356784997,372,0.799196787149,1,0.156449914973,0.835356784997,0.170485792851,2.96148927997,3
"s7002",10,"SYNPCC7002_RS04780",114,3,1447,0.000250938895766,1513,0.457831325301,0.75,0.703052878774,0.000250938895766,0.693400549954,2.60453569292,4
"s7002",10,"SYNPCC7002_RS15520",95,3,1203,5.50569399921e-05,1287,0.381526104418,0.75,0.584500769292,5.50569399921e-05,0.589825847846,2.3059077785,5
"s7002",10,"SYNPCC7002_RS09320",70,3,1154.16666667,6.43043524231e-05,1216,0.281124497992,0.75,0.560774151754,6.43043524231e-05,0.557286892759,2.14924984686,6
"s7002",10,"SYNPCC7002_RS10050",168,4,0,0.436050176903,0,0.674698795181,1,0,0.436050176903,0,2.11074897208,7
"s7002",10,"SYNPCC7002_RS06150",64,3,957.5,0.000128166066281,971,0.25702811245,0.75,0.465219855858,0.000128166066281,0.445004582951,1.91738071733,8
"s7002",10,"SYNPCC7002_RS04890",101,4,80.6666666667,0.411100718543,101,0.40562248996,1,0.03919345696,0.411100718543,0.0462878093492,1.90220447481,9
"s7002",10,"SYNPCC7002_RS04650",85,4,342,0.118641666238,342,0.341365461847,1,0.166167300996,0.118641666238,0.156736938588,1.78291136767,10
"s7002",10,"SYNPCC7002_RS15680",68,4,513.166666667,0.00169665173093,515,0.273092369478,1,0.249331929711,0.00169665173093,0.236021998167,1.76014294909,11
"s7002",10,"SYNPCC7002_RS09630",66,3,688,0.000643617788968,688,0.265060240964,0.75,0.334278079196,0.000643617788968,0.315307057745,1.66528899569,12
"s7002",10,"SYNPCC7002_RS04250",99,4,185.5,0.079502368564,186,0.397590361446,1,0.0901287553647,0.079502368564,0.0852428964253,1.6524643818,13
"s7002",10,"SYNPCC7002_RS11685",53,4,278.666666667,0.155843230777,281,0.212851405622,1,0.135395578589,0.155843230777,0.128780934922,1.63287114991,14
"s7002",10,"SYNPCC7002_RS07385",69,3,602.5,3.79093982977e-05,625,0.277108433735,0.75,0.292736253947,3.79093982977e-05,0.286434463795,1.60631706088,15
"s7002",10,"SYNPCC7002_RS04680",46,3,546.5,3.68149420997e-05,553,0.184738955823,0.75,0.265527573082,3.68149420997e-05,0.253437213566,1.45374055741,16
"s7002",10,"SYNPCC7002_RS05460",81,3,325.5,0.0254229619228,334,0.325301204819,0.75,0.158150457527,0.0254229619228,0.153070577452,1.41194520172,17
"s7002",10,"SYNPCC7002_RS08390",90,3,274,0.000446327679565,275,0.361445783133,0.75,0.133128188517,0.000446327679565,0.12603116407,1.3710514634,18
"s7002",10,"SYNPCC7002_RS01420",58,4,0,0.136828721516,0,0.232931726908,1,0,0.136828721516,0,1.36976044842,19
"s7002",10,"SYNPCC7002_RS08210",51,3,412.166666667,0.000160756581354,467,0.204819277108,0.75,0.200259130294,0.000160756581354,0.214023831347,1.36926299533,20
"s7002",10,"SYNPCC7002_RS00650",36,3,458.333333333,2.60229052072e-05,518,0.144578313253,0.75,0.222690096364,2.60229052072e-05,0.237396883593,1.35469131612,21
"s7002",10,"SYNPCC7002_RS16320",39,4,135.666666667,0.00797202576582,139,0.156626506024,1,0.0659162685238,0.00797202576582,0.0637030247479,1.29421782506,22
"s7002",10,"SYNPCC7002_RS09820",65,3,281,0.00353873040325,282,0.261044176707,0.75,0.136529273625,0.00353873040325,0.129239230064,1.2803514108,23
"s7002",10,"SYNPCC7002_RS09995",39,3,332.666666667,0.000266606309177,342,0.156626506024,0.75,0.161632520852,0.000266606309177,0.156736938588,1.22526257177,24
"s7002",10,"SYNPCC7002_RS02455",42,3,292.5,5.87161398903e-05,317,0.168674698795,0.75,0.142116770588,5.87161398903e-05,0.145279560037,1.20612974556,25
"s7002",10,"SYNPCC7002_RS02715",80,3,62.5,0.0488656733358,70,0.321285140562,0.75,0.0303668313223,0.0488656733358,0.032080659945,1.18259830517,26
"s7002",10,"SYNPCC7002_RS09780",91,3,0,0.054841724697,0,0.36546184739,0.75,0,0.054841724697,0,1.17030357209,27
"s7002",10,"SYNPCC7002_RS15255",40,4,0,0.0012478395525,0,0.160642570281,1,0,0.0012478395525,0,1.16189040983,28
"s7002",10,"SYNPCC7002_RS08255",31,3,274.333333333,0.000215658915385,314,0.124497991968,0.75,0.133290144951,0.000215658915385,0.14390467461,1.15190847044,29
"s7002",10,"SYNPCC7002_RS03030",100,3,0,4.50723007068e-05,0,0.401606425703,0.75,0,4.50723007068e-05,0,1.151651498,30
"s7002",10,"SYNPCC7002_RS05985",95,3,0,0.0132665774356,0,0.381526104418,0.75,0,0.0132665774356,0,1.14479268185,31
"s7002",10,"SYNPCC7002_RS01800",57,3,127,0.00207357889627,128,0.228915662651,0.75,0.061705401247,0.00207357889627,0.0586617781852,1.10135642098,32
"s7002",10,"SYNPCC7002_RS15720",11,4,20.1666666667,0.00024678319505,23,0.0441767068273,1,0.00979836424002,0.00024678319505,0.0105407882676,1.06476264253,33
"s7002",10,"SYNPCC7002_RS01335",75,3,0,0.000379102663787,0,0.301204819277,0.75,0,0.000379102663787,0,1.05158392194,34
"s7002",10,"SYNPCC7002_RS14440",31,3,132,0.0185338017971,132,0.124497991968,0.75,0.0641347477528,0.0185338017971,0.0604949587534,1.01766150027,35
"s7002",10,"SYNPCC7002_RS11400",49,3,38.1666666667,2.52695520215e-05,58,0.196787148594,0.75,0.0185440116608,2.52695520215e-05,0.0265811182401,0.991937548047,36
"s7002",10,"SYNPCC7002_RS06540",42,3,57,3.99542792731e-05,57,0.168674698795,0.75,0.027694550166,3.99542792731e-05,0.0261228230981,0.972532026338,37
"s7002",10,"SYNPCC7002_RS03295",31,3,98,0.00140210669619,99,0.124497991968,0.75,0.0476151915134,0.00140210669619,0.0453712190651,0.968886509243,38
"s7002",10,"SYNPCC7002_RS08945",40,3,0,0.0123837869021,0,0.160642570281,0.75,0,0.0123837869021,0,0.923026357183,39
"s7002",10,"SYNPCC7002_RS00050",27,3,56,0.00915393957431,56,0.10843373494,0.75,0.0272086808648,0.00915393957431,0.025664527956,0.920460883335,40
"s7002",10,"SYNPCC7002_RS03950",24,3,66,0.00332200163348,66,0.0963855421687,0.75,0.0320673738764,0.00332200163348,0.0302474793767,0.912022397055,41
"s7002",10,"SYNPCC7002_RS03760",26,3,19.5,0.0155418604523,20,0.104417670683,0.75,0.00947445137257,0.0155418604523,0.00916590284143,0.888599885349,42
"s7002",10,"SYNPCC7002_RS12090",33,3,0,0.000595045476542,0,0.132530120482,0.75,0,0.000595045476542,0,0.883125165959,43
"s7002",10,"SYNPCC7002_RS00640",30,3,0,0.00535321301244,0,0.120481927711,0.75,0,0.00535321301244,0,0.875835140723,44
"s7002",10,"SYNPCC7002_RS14790",28,3,0,0.000162314087944,0,0.112449799197,0.75,0,0.000162314087944,0,0.862612113285,45
"s7002",10,"SYNPCC7002_RS12105",19,3,7,0.00104273201981,7,0.0763052208835,0.75,0.0034010851081,0.00104273201981,0.0032080659945,0.833957104006,46
"s7002",10,"SYNPCC7002_RS14385",17,3,9,0.00373265290724,9,0.0682730923695,0.75,0.00437282371041,0.00373265290724,0.00412465627864,0.830503225266,47
"s7002",10,"SYNPCC7002_RS16160",15,3,11,0.000300760140871,11,0.0602409638554,0.75,0.00534456231273,0.000300760140871,0.00504124656279,0.820927532872,48
"s7002",10,"SYNPCC7002_RS15535",4,3,44,3.10134675333e-06,44,0.0160642570281,0.75,0.0213782492509,3.10134675333e-06,0.0201649862511,0.807610593877,49
"s7002",10,"SYNPCC7002_RS08860",15,2,117,2.66739080906e-06,117,0.0602409638554,0.5,0.0568467082354,2.66739080906e-06,0.0536205316224,0.670710871104,50
"s7002",10,"SYNPCC7002_RS12515",35,2,0,0.002364619364,0,0.140562248996,0.5,0,0.002364619364,0,0.64292686836,51
"s7002",10,"SYNPCC7002_RS07295",35,2,0,0.000149193261125,0,0.140562248996,0.5,0,0.000149193261125,0,0.640711442257,52
"s7002",10,"SYNPCC7002_RS08480",11,2,97,0.00346004083881,97,0.0441767068273,0.5,0.0471293222122,0.00346004083881,0.0444546287809,0.639220698659,53
"s7002",10,"SYNPCC7002_RS09420",8,2,36,0.0545292302051,36,0.0321285140562,0.5,0.0174912948417,0.0545292302051,0.0164986251146,0.620647664218,54
"s7002",10,"SYNPCC7002_RS08175",29,2,0,0.00285522118654,0,0.116465863454,0.5,0,0.00285522118654,0,0.619321084641,55
"s7002",10,"SYNPCC7002_RS15410",23,2,0,6.26359789648e-06,0,0.0923694779116,0.5,0,6.26359789648e-06,0,0.592375741509,56
"s7002",10,"SYNPCC7002_RS10145",11,2,50,2.50967600313e-07,50,0.0441767068273,0.5,0.0242934650579,2.50967600313e-07,0.0229147571036,0.591385179956,57
"s7002",10,"SYNPCC7002_RS09260",19,2,15,1.57740752481e-05,15,0.0763052208835,0.5,0.00728803951736,1.57740752481e-05,0.00687442713107,0.590483461607,58
"s7002",10,"SYNPCC7002_RS00260",22,2,0,2.04996652049e-05,0,0.0883534136546,0.5,0,2.04996652049e-05,0,0.58837391332,59
"s7002",10,"SYNPCC7002_RS00690",21,2,0,0.000259595322617,0,0.0843373493976,0.5,0,0.000259595322617,0,0.58459694472,60
"s7002",10,"SYNPCC7002_RS00010",12,2,38,0.000105044857491,38,0.0481927710843,0.5,0.018463033444,0.000105044857491,0.0174152153987,0.584176064784,61
"s7002",10,"SYNPCC7002_RS09175",17,2,0,0.00210850087553,0,0.0682730923695,0.5,0,0.00210850087553,0,0.570381593245,62
"s7002",10,"SYNPCC7002_RS01085",17,2,0,0.000254738090664,0,0.0682730923695,0.5,0,0.000254738090664,0,0.56852783046,63
"s7002",10,"SYNPCC7002_RS09845",17,2,0,5.2098318627e-06,0,0.0682730923695,0.5,0,5.2098318627e-06,0,0.568278302201,64
"s7002",10,"SYNPCC7002_RS00635",6,2,36,2.25810489396e-05,48,0.0240963855422,0.5,0.0174912948417,2.25810489396e-05,0.0219981668194,0.563608428252,65
"s7002",10,"SYNPCC7002_RS09090",8,2,15,5.62097021527e-05,15,0.0321285140562,0.5,0.00728803951736,5.62097021527e-05,0.00687442713107,0.546347190407,66
"s7002",10,"SYNPCC7002_RS06005",11,2,0,0.000361085406042,0,0.0441767068273,0.5,0,0.000361085406042,0,0.544537792233,67
"s7002",10,"SYNPCC7002_RS15030",10,2,0,4.60187611699e-06,0,0.0401606425703,0.5,0,4.60187611699e-06,0,0.540165244446,68
"s7002",10,"SYNPCC7002_RS00850",10,2,0,9.11477234146e-07,0,0.0401606425703,0.5,0,9.11477234146e-07,0,0.540161554048,69
"s7002",10,"SYNPCC7002_RS10525",6,2,4,1.99434856291e-05,4,0.0240963855422,0.5,0.00194347720463,1.99434856291e-05,0.00183318056829,0.527892986801,70
"s7002",10,"SYNPCC7002_RS09195",5,2,0,0.000343446673099,0,0.0200803212851,0.5,0,0.000343446673099,0,0.520423767958,71
"s7002",10,"SYNPCC7002_RS06165",4,2,0,3.76325924939e-07,0,0.0160642570281,0.5,0,3.76325924939e-07,0,0.516064633354,72
"s7002",10,"SYNPCC7002_RS04290",3,2,0,8.42647980241e-06,0,0.0120481927711,0.5,0,8.42647980241e-06,0,0.512056619251,73
"s7002",10,"SYNPCC7002_RS15995",7,1,6,0.000115392041734,6,0.0281124497992,0.25,0.00291521580694,0.000115392041734,0.00274977085243,0.2838928285,74
"s7002",10,"SYNPCC7002_RS02410",3,1,20,1.28891616671e-05,20,0.0120481927711,0.25,0.00971738602314,1.28891616671e-05,0.00916590284143,0.280944370797,75
"s7002",10,"SYNPCC7002_RS13450",3,1,2,1.23153890974e-05,2,0.0120481927711,0.25,0.000971738602314,1.23153890974e-05,0.000916590284143,0.263948837047,76
