regulatoryGene,targetGene,weight
SYNPCC7002_RS00850,SYNPCC7002_RS00855,0.144996515002259
SYNPCC7002_RS09630,SYNPCC7002_RS12865,0.140510014021121
SYNPCC7002_RS00850,SYNPCC7002_RS02330,0.138154585611464
SYNPCC7002_RS00850,SYNPCC7002_RS00860,0.138002024052234
SYNPCC7002_RS02715,SYNPCC7002_RS03745,0.132755091319785
SYNPCC7002_RS15720,SYNPCC7002_RS15605,0.132667800663026
SYNPCC7002_RS00850,SYNPCC7002_RS12365,0.131871117036244
SYNPCC7002_RS03950,SYNPCC7002_RS15120,0.130584097775083
SYNPCC7002_RS16320,SYNPCC7002_RS15610,0.130034505202306
SYNPCC7002_RS06150,SYNPCC7002_RS00970,0.128947822603489
SYNPCC7002_RS09630,SYNPCC7002_RS05455,0.127937209128765
SYNPCC7002_RS15680,SYNPCC7002_RS15315,0.127468104449382
SYNPCC7002_RS05460,SYNPCC7002_RS16575,0.125746464194834
SYNPCC7002_RS14385,SYNPCC7002_RS14455,0.125699453968732
SYNPCC7002_RS14440,SYNPCC7002_RS14320,0.125589286714558
SYNPCC7002_RS15680,SYNPCC7002_RS15130,0.124941928954456
SYNPCC7002_RS06150,SYNPCC7002_RS09240,0.124731994178537
SYNPCC7002_RS12395,SYNPCC7002_RS07780,0.124575888627851
SYNPCC7002_RS00850,SYNPCC7002_RS12370,0.124453805296181
SYNPCC7002_RS05135,SYNPCC7002_RS09425,0.124005569471608
SYNPCC7002_RS14385,SYNPCC7002_RS14440,0.123811557483977
SYNPCC7002_RS05135,SYNPCC7002_RS06395,0.123646430576779
SYNPCC7002_RS14385,SYNPCC7002_RS14325,0.122955847088524
SYNPCC7002_RS08945,SYNPCC7002_RS12035,0.122899435679385
SYNPCC7002_RS04680,SYNPCC7002_RS14695,0.12276021037251
SYNPCC7002_RS16320,SYNPCC7002_RS15605,0.122758722094173
SYNPCC7002_RS14440,SYNPCC7002_RS14455,0.122422212136022
SYNPCC7002_RS14440,SYNPCC7002_RS14395,0.121862714754227
SYNPCC7002_RS05135,SYNPCC7002_RS16940,0.121140254940156
SYNPCC7002_RS06150,SYNPCC7002_RS08495,0.12057784771404
SYNPCC7002_RS06150,SYNPCC7002_RS10115,0.1200901518036
SYNPCC7002_RS05135,SYNPCC7002_RS14115,0.119969571325221
SYNPCC7002_RS03030,SYNPCC7002_RS02255,0.119836557252606
SYNPCC7002_RS14385,SYNPCC7002_RS14315,0.119742634486
SYNPCC7002_RS00850,SYNPCC7002_RS00865,0.119634373549048
SYNPCC7002_RS05135,SYNPCC7002_RS05140,0.119172923242755
SYNPCC7002_RS05135,SYNPCC7002_RS07770,0.11910900107877
SYNPCC7002_RS05135,SYNPCC7002_RS16355,0.118986452609084
SYNPCC7002_RS00850,SYNPCC7002_RS00870,0.118785429036722
SYNPCC7002_RS05135,SYNPCC7002_RS11350,0.118750904717876
SYNPCC7002_RS06150,SYNPCC7002_RS04355,0.118568243535293
SYNPCC7002_RS15680,SYNPCC7002_RS04900,0.118489000854
SYNPCC7002_RS01800,SYNPCC7002_RS02320,0.118438628468235
SYNPCC7002_RS12395,SYNPCC7002_RS07745,0.118429041813579
SYNPCC7002_RS05460,SYNPCC7002_RS14425,0.118405782825349
SYNPCC7002_RS00850,SYNPCC7002_RS02345,0.118317253452451
SYNPCC7002_RS09320,SYNPCC7002_RS07480,0.11816997261249
SYNPCC7002_RS15680,SYNPCC7002_RS15010,0.118159964307912
SYNPCC7002_RS10050,SYNPCC7002_RS07650,0.117916114055301
SYNPCC7002_RS15520,SYNPCC7002_RS14130,0.1171993670901
SYNPCC7002_RS05135,SYNPCC7002_RS06580,0.117120264795819
SYNPCC7002_RS15680,SYNPCC7002_RS08405,0.117103633743914
SYNPCC7002_RS04680,SYNPCC7002_RS01815,0.117029659472627
SYNPCC7002_RS04650,SYNPCC7002_RS01350,0.116978035120179
SYNPCC7002_RS15520,SYNPCC7002_RS08460,0.116939704664207
SYNPCC7002_RS06540,SYNPCC7002_RS04715,0.116896949724289
SYNPCC7002_RS05135,SYNPCC7002_RS12690,0.116837083403057
SYNPCC7002_RS01085,SYNPCC7002_RS07170,0.116447073902893
SYNPCC7002_RS02715,SYNPCC7002_RS15435,0.11640925000406
SYNPCC7002_RS09630,SYNPCC7002_RS13850,0.11613183993367
SYNPCC7002_RS06150,SYNPCC7002_RS07915,0.115816986531968
SYNPCC7002_RS07385,SYNPCC7002_RS07215,0.115693101568188
SYNPCC7002_RS15720,SYNPCC7002_RS15610,0.115566204858061
SYNPCC7002_RS05135,SYNPCC7002_RS05270,0.115565559872358
SYNPCC7002_RS04650,SYNPCC7002_RS02635,0.115545234579375
SYNPCC7002_RS05135,SYNPCC7002_RS02425,0.115406802317968
SYNPCC7002_RS05985,SYNPCC7002_RS04085,0.115293090824002
SYNPCC7002_RS01800,SYNPCC7002_RS02315,0.115135164631324
SYNPCC7002_RS04650,SYNPCC7002_RS10870,0.115126174783681
SYNPCC7002_RS06150,SYNPCC7002_RS02625,0.115028220860998
SYNPCC7002_RS15680,SYNPCC7002_RS17045,0.11500281771619
SYNPCC7002_RS04650,SYNPCC7002_RS01510,0.114957932082795
SYNPCC7002_RS06150,SYNPCC7002_RS15925,0.114952661732157
SYNPCC7002_RS15680,SYNPCC7002_RS02035,0.114952147110304
SYNPCC7002_RS06150,SYNPCC7002_RS05455,0.114714282459379
SYNPCC7002_RS15255,SYNPCC7002_RS13185,0.114601567866326
SYNPCC7002_RS05135,SYNPCC7002_RS11335,0.114462269648976
SYNPCC7002_RS05135,SYNPCC7002_RS14245,0.114378456565604
SYNPCC7002_RS02715,SYNPCC7002_RS16835,0.114327131908052
SYNPCC7002_RS05135,SYNPCC7002_RS03740,0.114266781832367
SYNPCC7002_RS05135,SYNPCC7002_RS01795,0.113906512100809
SYNPCC7002_RS16320,SYNPCC7002_RS06460,0.113881817095097
SYNPCC7002_RS09630,SYNPCC7002_RS04430,0.113545182334288
SYNPCC7002_RS10050,SYNPCC7002_RS14480,0.113231562796428
SYNPCC7002_RS02455,SYNPCC7002_RS02325,0.113218565882018
SYNPCC7002_RS10050,SYNPCC7002_RS07490,0.11312127013004
SYNPCC7002_RS12395,SYNPCC7002_RS14460,0.113057615623751
SYNPCC7002_RS05135,SYNPCC7002_RS09655,0.11299875374339
SYNPCC7002_RS05985,SYNPCC7002_RS01185,0.112979691973951
SYNPCC7002_RS14385,SYNPCC7002_RS14395,0.112906644061742
SYNPCC7002_RS14440,SYNPCC7002_RS14380,0.112883860501539
SYNPCC7002_RS05135,SYNPCC7002_RS05305,0.112875459608523
SYNPCC7002_RS15680,SYNPCC7002_RS15325,0.112841597600197
SYNPCC7002_RS07385,SYNPCC7002_RS12945,0.112827485049025
SYNPCC7002_RS01800,SYNPCC7002_RS00030,0.11255974487016
SYNPCC7002_RS05460,SYNPCC7002_RS11210,0.112519156135216
SYNPCC7002_RS05135,SYNPCC7002_RS00370,0.112488427309531
SYNPCC7002_RS04650,SYNPCC7002_RS00350,0.112387678700914
SYNPCC7002_RS09630,SYNPCC7002_RS00090,0.112254441033028
SYNPCC7002_RS03295,SYNPCC7002_RS16225,0.112183863387424
SYNPCC7002_RS05460,SYNPCC7002_RS14505,0.112145453796997
SYNPCC7002_RS05985,SYNPCC7002_RS04590,0.112112052718528
SYNPCC7002_RS09630,SYNPCC7002_RS08160,0.112091929891404
SYNPCC7002_RS10050,SYNPCC7002_RS14545,0.11204904908812
SYNPCC7002_RS05135,SYNPCC7002_RS05150,0.112027079837855
SYNPCC7002_RS08965,SYNPCC7002_RS06185,0.111954359605129
SYNPCC7002_RS05135,SYNPCC7002_RS04845,0.111817649209181
SYNPCC7002_RS06540,SYNPCC7002_RS01345,0.111767985765504
SYNPCC7002_RS10050,SYNPCC7002_RS07775,0.111739972830682
SYNPCC7002_RS14385,SYNPCC7002_RS14320,0.111734826344719
SYNPCC7002_RS15680,SYNPCC7002_RS05670,0.111706209242743
SYNPCC7002_RS01335,SYNPCC7002_RS05885,0.111702750858689
SYNPCC7002_RS05460,SYNPCC7002_RS12310,0.111683257052238
SYNPCC7002_RS14440,SYNPCC7002_RS16320,0.111643668460215
SYNPCC7002_RS08390,SYNPCC7002_RS04815,0.111556819509974
SYNPCC7002_RS08965,SYNPCC7002_RS12260,0.111555138741498
SYNPCC7002_RS04650,SYNPCC7002_RS05600,0.111470761155138
SYNPCC7002_RS08255,SYNPCC7002_RS00560,0.11145636148909
SYNPCC7002_RS16320,SYNPCC7002_RS16755,0.111377004536883
SYNPCC7002_RS05985,SYNPCC7002_RS08830,0.111375438249096
SYNPCC7002_RS03950,SYNPCC7002_RS15440,0.111328518304564
SYNPCC7002_RS04650,SYNPCC7002_RS01865,0.111308023990103
SYNPCC7002_RS00635,SYNPCC7002_RS10410,0.111269457114176
SYNPCC7002_RS12395,SYNPCC7002_RS16735,0.11122122325886
SYNPCC7002_RS07295,SYNPCC7002_RS07860,0.111163041865424
SYNPCC7002_RS06540,SYNPCC7002_RS12620,0.111148017696483
SYNPCC7002_RS06150,SYNPCC7002_RS13385,0.111147973194684
SYNPCC7002_RS15030,SYNPCC7002_RS14980,0.111111298542713
SYNPCC7002_RS05985,SYNPCC7002_RS12105,0.11104851901182
SYNPCC7002_RS05985,SYNPCC7002_RS06790,0.111038180243045
SYNPCC7002_RS03295,SYNPCC7002_RS03325,0.111009603179745
SYNPCC7002_RS15680,SYNPCC7002_RS14650,0.110888194055215
SYNPCC7002_RS06540,SYNPCC7002_RS08560,0.110786389404457
SYNPCC7002_RS14440,SYNPCC7002_RS16505,0.110740874774303
SYNPCC7002_RS03295,SYNPCC7002_RS08765,0.110739294726884
SYNPCC7002_RS14385,SYNPCC7002_RS14390,0.110695765762257
SYNPCC7002_RS05135,SYNPCC7002_RS07810,0.110658696515671
SYNPCC7002_RS05135,SYNPCC7002_RS00530,0.110640236846013
SYNPCC7002_RS05460,SYNPCC7002_RS04310,0.110631952567209
SYNPCC7002_RS05135,SYNPCC7002_RS03670,0.110624997991707
SYNPCC7002_RS09630,SYNPCC7002_RS04675,0.110491471523771
SYNPCC7002_RS05135,SYNPCC7002_RS09130,0.110458592186868
SYNPCC7002_RS10050,SYNPCC7002_RS04320,0.110286760439306
SYNPCC7002_RS06540,SYNPCC7002_RS11225,0.110276654320428
SYNPCC7002_RS02715,SYNPCC7002_RS05255,0.110185911239041
SYNPCC7002_RS09630,SYNPCC7002_RS07915,0.110093351123967
SYNPCC7002_RS12395,SYNPCC7002_RS07725,0.1100448563192
SYNPCC7002_RS04890,SYNPCC7002_RS00465,0.109943873226698
SYNPCC7002_RS06540,SYNPCC7002_RS12875,0.109750511386
SYNPCC7002_RS12395,SYNPCC7002_RS15110,0.109686984390147
SYNPCC7002_RS09320,SYNPCC7002_RS10685,0.109607495725703
SYNPCC7002_RS04650,SYNPCC7002_RS00630,0.109583350852105
SYNPCC7002_RS00260,SYNPCC7002_RS08530,0.10951667991471
SYNPCC7002_RS01335,SYNPCC7002_RS02325,0.109456029788345
SYNPCC7002_RS02715,SYNPCC7002_RS02710,0.10940074826106
SYNPCC7002_RS10050,SYNPCC7002_RS06385,0.10934144577952
SYNPCC7002_RS01335,SYNPCC7002_RS01270,0.109330737540787
SYNPCC7002_RS03760,SYNPCC7002_RS03730,0.109298459043962
SYNPCC7002_RS04250,SYNPCC7002_RS01520,0.10923258765714
SYNPCC7002_RS08390,SYNPCC7002_RS15955,0.109182456516854
SYNPCC7002_RS05985,SYNPCC7002_RS01900,0.109134075316053
SYNPCC7002_RS05135,SYNPCC7002_RS04065,0.109127000091716
SYNPCC7002_RS04890,SYNPCC7002_RS01140,0.109085783711087
SYNPCC7002_RS03950,SYNPCC7002_RS16850,0.109084161827746
SYNPCC7002_RS05985,SYNPCC7002_RS11925,0.109024491206961
SYNPCC7002_RS10050,SYNPCC7002_RS01930,0.109009394883424
SYNPCC7002_RS04650,SYNPCC7002_RS02795,0.108996076030963
SYNPCC7002_RS05135,SYNPCC7002_RS16360,0.108894918028185
SYNPCC7002_RS00850,SYNPCC7002_RS02335,0.108875659942824
SYNPCC7002_RS05135,SYNPCC7002_RS05295,0.108870536996553
SYNPCC7002_RS05135,SYNPCC7002_RS04475,0.108864507238961
SYNPCC7002_RS00050,SYNPCC7002_RS05020,0.108810856736285
SYNPCC7002_RS05985,SYNPCC7002_RS13815,0.108778846875149
SYNPCC7002_RS15680,SYNPCC7002_RS14645,0.108714931422937
SYNPCC7002_RS00260,SYNPCC7002_RS05850,0.108657955286995
SYNPCC7002_RS09780,SYNPCC7002_RS06470,0.108626877640464
SYNPCC7002_RS05135,SYNPCC7002_RS16675,0.108607357578457
SYNPCC7002_RS15255,SYNPCC7002_RS15330,0.108592130830518
SYNPCC7002_RS15680,SYNPCC7002_RS14640,0.108587474108882
SYNPCC7002_RS05135,SYNPCC7002_RS11355,0.108569762043221
SYNPCC7002_RS12395,SYNPCC7002_RS01695,0.108557805971657
SYNPCC7002_RS05135,SYNPCC7002_RS03275,0.108543357427191
SYNPCC7002_RS16160,SYNPCC7002_RS04255,0.108533079735669
SYNPCC7002_RS03030,SYNPCC7002_RS11305,0.108477961878951
SYNPCC7002_RS05135,SYNPCC7002_RS05125,0.108430243893574
SYNPCC7002_RS00690,SYNPCC7002_RS13795,0.10840532111109
SYNPCC7002_RS05135,SYNPCC7002_RS05250,0.108356227753639
SYNPCC7002_RS00650,SYNPCC7002_RS04655,0.108324870046849
SYNPCC7002_RS08175,SYNPCC7002_RS11890,0.108316906090635
SYNPCC7002_RS06150,SYNPCC7002_RS14050,0.10831185420275
SYNPCC7002_RS05135,SYNPCC7002_RS06720,0.10830390721843
SYNPCC7002_RS05135,SYNPCC7002_RS12185,0.108290911665161
SYNPCC7002_RS04680,SYNPCC7002_RS14050,0.108266497792636
SYNPCC7002_RS16320,SYNPCC7002_RS15890,0.108218755746046
SYNPCC7002_RS01800,SYNPCC7002_RS05335,0.108133516344734
SYNPCC7002_RS08175,SYNPCC7002_RS03400,0.108112080194063
SYNPCC7002_RS03950,SYNPCC7002_RS15550,0.108090518012785
SYNPCC7002_RS05135,SYNPCC7002_RS05280,0.107983290518975
SYNPCC7002_RS06150,SYNPCC7002_RS13850,0.10798214199639
SYNPCC7002_RS09845,SYNPCC7002_RS09090,0.107972135273862
SYNPCC7002_RS12395,SYNPCC7002_RS12690,0.107954254921371
SYNPCC7002_RS15680,SYNPCC7002_RS04135,0.10793430496469
SYNPCC7002_RS12395,SYNPCC7002_RS03425,0.107864299084921
SYNPCC7002_RS05135,SYNPCC7002_RS05310,0.107823245601709
SYNPCC7002_RS05135,SYNPCC7002_RS07725,0.107660322238072
SYNPCC7002_RS12395,SYNPCC7002_RS05275,0.107619894141584
SYNPCC7002_RS03950,SYNPCC7002_RS11805,0.10757976107177
SYNPCC7002_RS15720,SYNPCC7002_RS15325,0.10756500094812
SYNPCC7002_RS09175,SYNPCC7002_RS14725,0.107542785500231
SYNPCC7002_RS10050,SYNPCC7002_RS09700,0.107528776905504
SYNPCC7002_RS04890,SYNPCC7002_RS03540,0.107504824308808
SYNPCC7002_RS10050,SYNPCC7002_RS04130,0.107443657044201
SYNPCC7002_RS08255,SYNPCC7002_RS03340,0.107388045578583
SYNPCC7002_RS15680,SYNPCC7002_RS10545,0.1073463248064
SYNPCC7002_RS01800,SYNPCC7002_RS10150,0.10733210527408
SYNPCC7002_RS01420,SYNPCC7002_RS00080,0.107318242944498
SYNPCC7002_RS14385,SYNPCC7002_RS14420,0.107301508484379
SYNPCC7002_RS09780,SYNPCC7002_RS16850,0.107297671041556
SYNPCC7002_RS14385,SYNPCC7002_RS14365,0.107217253208273
SYNPCC7002_RS00650,SYNPCC7002_RS01500,0.107188404837779
SYNPCC7002_RS04650,SYNPCC7002_RS04595,0.107185073303751
SYNPCC7002_RS04650,SYNPCC7002_RS12580,0.107162517403415
SYNPCC7002_RS04250,SYNPCC7002_RS01400,0.107160440564155
SYNPCC7002_RS12395,SYNPCC7002_RS09560,0.107130487826257
SYNPCC7002_RS16320,SYNPCC7002_RS15710,0.107118770249216
SYNPCC7002_RS08965,SYNPCC7002_RS02595,0.107101290206519
SYNPCC7002_RS15255,SYNPCC7002_RS15680,0.107097599952283
SYNPCC7002_RS05135,SYNPCC7002_RS10210,0.107059479533033
SYNPCC7002_RS15680,SYNPCC7002_RS17185,0.107049788916617
SYNPCC7002_RS04650,SYNPCC7002_RS11530,0.107012242684538
SYNPCC7002_RS01420,SYNPCC7002_RS14470,0.106979933607457
SYNPCC7002_RS15520,SYNPCC7002_RS14695,0.106927493990502
SYNPCC7002_RS05985,SYNPCC7002_RS11250,0.10692167091157
SYNPCC7002_RS02455,SYNPCC7002_RS11870,0.106914216747028
SYNPCC7002_RS04680,SYNPCC7002_RS03350,0.106881107147014
SYNPCC7002_RS09845,SYNPCC7002_RS04990,0.106874852221582
SYNPCC7002_RS06150,SYNPCC7002_RS11720,0.106872177544128
SYNPCC7002_RS05985,SYNPCC7002_RS11935,0.106865071408619
SYNPCC7002_RS08965,SYNPCC7002_RS00120,0.106846230138403
SYNPCC7002_RS05135,SYNPCC7002_RS01745,0.106827626884489
SYNPCC7002_RS05135,SYNPCC7002_RS16960,0.106748518783468
SYNPCC7002_RS05135,SYNPCC7002_RS03680,0.106706750866698
SYNPCC7002_RS15520,SYNPCC7002_RS03350,0.106656643919596
SYNPCC7002_RS09820,SYNPCC7002_RS05165,0.106607620847988
SYNPCC7002_RS10050,SYNPCC7002_RS12555,0.10658334339974
SYNPCC7002_RS09780,SYNPCC7002_RS12145,0.10653788043139
SYNPCC7002_RS05460,SYNPCC7002_RS09000,0.106491915614918
SYNPCC7002_RS07295,SYNPCC7002_RS15070,0.106408430491106
SYNPCC7002_RS05135,SYNPCC7002_RS07835,0.106395198427409
SYNPCC7002_RS04780,SYNPCC7002_RS13970,0.106383786997097
SYNPCC7002_RS05135,SYNPCC7002_RS05235,0.106380351556348
SYNPCC7002_RS05135,SYNPCC7002_RS10980,0.106362014444077
SYNPCC7002_RS12395,SYNPCC7002_RS06580,0.106319806607824
SYNPCC7002_RS10050,SYNPCC7002_RS07790,0.106300053843752
SYNPCC7002_RS01420,SYNPCC7002_RS09430,0.106227732498711
SYNPCC7002_RS15255,SYNPCC7002_RS02040,0.106227031641898
SYNPCC7002_RS06150,SYNPCC7002_RS12195,0.1062130780925
SYNPCC7002_RS15680,SYNPCC7002_RS05675,0.106174574671797
SYNPCC7002_RS16320,SYNPCC7002_RS14760,0.106174075728518
SYNPCC7002_RS05135,SYNPCC7002_RS03425,0.106089468856677
SYNPCC7002_RS15680,SYNPCC7002_RS03135,0.106078340058043
SYNPCC7002_RS09820,SYNPCC7002_RS06430,0.106074894571752
SYNPCC7002_RS03295,SYNPCC7002_RS01970,0.106064041917112
SYNPCC7002_RS09630,SYNPCC7002_RS00695,0.10605062756526
SYNPCC7002_RS09780,SYNPCC7002_RS17005,0.10604276047872
SYNPCC7002_RS15520,SYNPCC7002_RS09320,0.105995486440565
SYNPCC7002_RS08175,SYNPCC7002_RS04495,0.105952704877351
SYNPCC7002_RS04250,SYNPCC7002_RS17215,0.105907169757847
SYNPCC7002_RS07385,SYNPCC7002_RS13985,0.105898058433107
SYNPCC7002_RS01335,SYNPCC7002_RS01010,0.105861426963511
SYNPCC7002_RS05460,SYNPCC7002_RS17010,0.10580791034458
SYNPCC7002_RS01335,SYNPCC7002_RS03000,0.105794887572965
SYNPCC7002_RS05135,SYNPCC7002_RS00270,0.105786885473441
SYNPCC7002_RS05135,SYNPCC7002_RS05110,0.105775323267974
SYNPCC7002_RS04890,SYNPCC7002_RS00545,0.105761757485375
SYNPCC7002_RS09320,SYNPCC7002_RS10490,0.105713965380694
SYNPCC7002_RS05135,SYNPCC7002_RS17035,0.105558088872081
SYNPCC7002_RS14440,SYNPCC7002_RS14385,0.105467896694993
SYNPCC7002_RS10145,SYNPCC7002_RS09950,0.105457666244523
SYNPCC7002_RS04650,SYNPCC7002_RS11140,0.10541985013047
SYNPCC7002_RS04890,SYNPCC7002_RS10040,0.105384915228673
SYNPCC7002_RS09780,SYNPCC7002_RS04095,0.105339068633801
SYNPCC7002_RS08480,SYNPCC7002_RS03185,0.105335205540583
SYNPCC7002_RS06150,SYNPCC7002_RS00975,0.105316866592752
SYNPCC7002_RS12395,SYNPCC7002_RS09880,0.105310986299476
SYNPCC7002_RS05135,SYNPCC7002_RS11730,0.105299691412072
SYNPCC7002_RS02715,SYNPCC7002_RS06190,0.105241949469641
SYNPCC7002_RS15680,SYNPCC7002_RS15330,0.105239102439851
SYNPCC7002_RS05460,SYNPCC7002_RS06010,0.105179590408323
SYNPCC7002_RS15680,SYNPCC7002_RS02065,0.105153009557892
SYNPCC7002_RS03295,SYNPCC7002_RS03315,0.105088989484845
SYNPCC7002_RS05135,SYNPCC7002_RS03685,0.105042125408579
SYNPCC7002_RS09630,SYNPCC7002_RS10480,0.105040717281326
SYNPCC7002_RS09630,SYNPCC7002_RS10630,0.105021456709952
SYNPCC7002_RS05135,SYNPCC7002_RS12190,0.105018660572942
SYNPCC7002_RS05460,SYNPCC7002_RS14500,0.104956475791959
SYNPCC7002_RS04650,SYNPCC7002_RS10705,0.104950517680734
SYNPCC7002_RS05135,SYNPCC7002_RS00730,0.104912660059696
SYNPCC7002_RS08390,SYNPCC7002_RS08750,0.104880444224138
SYNPCC7002_RS15720,SYNPCC7002_RS15315,0.104860612703574
SYNPCC7002_RS02715,SYNPCC7002_RS04265,0.104855965986089
SYNPCC7002_RS04250,SYNPCC7002_RS13955,0.104785120305406
SYNPCC7002_RS02455,SYNPCC7002_RS03455,0.104690631036542
SYNPCC7002_RS06150,SYNPCC7002_RS15930,0.104683774421331
SYNPCC7002_RS08965,SYNPCC7002_RS06560,0.104679068812609
SYNPCC7002_RS05135,SYNPCC7002_RS13615,0.10466182016705
SYNPCC7002_RS00050,SYNPCC7002_RS04095,0.104659047450175
SYNPCC7002_RS15680,SYNPCC7002_RS07130,0.104598450798189
SYNPCC7002_RS12395,SYNPCC7002_RS16360,0.10459588002928
SYNPCC7002_RS04680,SYNPCC7002_RS08460,0.104587620399464
SYNPCC7002_RS05985,SYNPCC7002_RS09975,0.104584538189126
SYNPCC7002_RS04650,SYNPCC7002_RS12585,0.104582691701021
SYNPCC7002_RS05985,SYNPCC7002_RS10105,0.104581312834883
SYNPCC7002_RS10050,SYNPCC7002_RS12255,0.104536511121405
SYNPCC7002_RS05985,SYNPCC7002_RS11540,0.104528849621546
SYNPCC7002_RS09780,SYNPCC7002_RS01830,0.104496633302019
SYNPCC7002_RS02715,SYNPCC7002_RS09855,0.104487985296586
SYNPCC7002_RS12395,SYNPCC7002_RS03430,0.104469743824065
SYNPCC7002_RS14790,SYNPCC7002_RS05565,0.104454143696289
SYNPCC7002_RS10050,SYNPCC7002_RS07680,0.104449910686812
SYNPCC7002_RS06540,SYNPCC7002_RS15950,0.10441891919446
SYNPCC7002_RS04890,SYNPCC7002_RS10855,0.104418770745706
SYNPCC7002_RS04650,SYNPCC7002_RS02265,0.104374054867965
SYNPCC7002_RS08390,SYNPCC7002_RS12735,0.104367403133892
SYNPCC7002_RS16320,SYNPCC7002_RS15880,0.104331326643493
SYNPCC7002_RS09320,SYNPCC7002_RS11670,0.10427438236385
SYNPCC7002_RS12395,SYNPCC7002_RS08670,0.104238118355705
SYNPCC7002_RS05460,SYNPCC7002_RS08040,0.10421590070044
SYNPCC7002_RS05135,SYNPCC7002_RS05260,0.104172464141815
SYNPCC7002_RS09630,SYNPCC7002_RS09240,0.104134092291976
SYNPCC7002_RS03760,SYNPCC7002_RS13390,0.104068638886403
SYNPCC7002_RS05135,SYNPCC7002_RS07830,0.104022044233767
SYNPCC7002_RS05135,SYNPCC7002_RS05245,0.104007990437653
SYNPCC7002_RS05135,SYNPCC7002_RS07795,0.103972907109125
SYNPCC7002_RS01335,SYNPCC7002_RS02320,0.103955685737163
SYNPCC7002_RS05135,SYNPCC7002_RS11520,0.103951258933317
SYNPCC7002_RS09195,SYNPCC7002_RS03635,0.103916300946252
SYNPCC7002_RS04780,SYNPCC7002_RS07030,0.103910301416259
SYNPCC7002_RS09320,SYNPCC7002_RS03835,0.103877391365646
SYNPCC7002_RS12395,SYNPCC7002_RS05235,0.103860467310037
SYNPCC7002_RS14790,SYNPCC7002_RS10305,0.103854214275794
SYNPCC7002_RS05135,SYNPCC7002_RS05300,0.103828979222745
SYNPCC7002_RS09320,SYNPCC7002_RS06955,0.103807090203841
SYNPCC7002_RS08390,SYNPCC7002_RS00960,0.10373098272114
SYNPCC7002_RS12395,SYNPCC7002_RS17200,0.103728488836463
SYNPCC7002_RS04680,SYNPCC7002_RS12045,0.103675421683957
SYNPCC7002_RS05985,SYNPCC7002_RS13960,0.103670346734066
SYNPCC7002_RS06150,SYNPCC7002_RS07225,0.103648144313265
SYNPCC7002_RS03295,SYNPCC7002_RS05355,0.103642923907331
SYNPCC7002_RS00690,SYNPCC7002_RS08480,0.103607877376392
SYNPCC7002_RS15680,SYNPCC7002_RS13740,0.10358339160239
SYNPCC7002_RS14440,SYNPCC7002_RS14365,0.10353965102421
SYNPCC7002_RS10050,SYNPCC7002_RS15840,0.103465950977985
SYNPCC7002_RS08255,SYNPCC7002_RS09990,0.103454447261039
SYNPCC7002_RS04650,SYNPCC7002_RS04535,0.103451149208163
SYNPCC7002_RS11685,SYNPCC7002_RS09735,0.103413145256837
SYNPCC7002_RS09320,SYNPCC7002_RS01600,0.103402264611857
SYNPCC7002_RS02410,SYNPCC7002_RS08130,0.103373812989528
SYNPCC7002_RS04650,SYNPCC7002_RS04585,0.103311664372502
SYNPCC7002_RS05135,SYNPCC7002_RS05275,0.103306402131117
SYNPCC7002_RS07385,SYNPCC7002_RS07425,0.103293518876054
SYNPCC7002_RS05135,SYNPCC7002_RS04840,0.103266196221049
SYNPCC7002_RS16320,SYNPCC7002_RS15325,0.103253180624654
SYNPCC7002_RS04780,SYNPCC7002_RS10580,0.103154858173249
SYNPCC7002_RS09820,SYNPCC7002_RS15540,0.103112247017745
SYNPCC7002_RS04250,SYNPCC7002_RS08545,0.103067910408566
SYNPCC7002_RS14440,SYNPCC7002_RS14325,0.103062511845575
SYNPCC7002_RS05135,SYNPCC7002_RS06350,0.103056324699416
SYNPCC7002_RS05985,SYNPCC7002_RS13255,0.103031255064342
SYNPCC7002_RS05985,SYNPCC7002_RS17195,0.103013248907373
SYNPCC7002_RS00260,SYNPCC7002_RS11255,0.103012345543766
SYNPCC7002_RS10050,SYNPCC7002_RS12435,0.103003909897183
SYNPCC7002_RS04650,SYNPCC7002_RS06280,0.102983795141199
SYNPCC7002_RS10050,SYNPCC7002_RS07605,0.102981828578943
SYNPCC7002_RS14440,SYNPCC7002_RS14445,0.102898679265017
SYNPCC7002_RS03295,SYNPCC7002_RS08760,0.102895300249025
SYNPCC7002_RS10145,SYNPCC7002_RS14705,0.102856187082598
SYNPCC7002_RS09630,SYNPCC7002_RS08920,0.102839751767276
SYNPCC7002_RS15030,SYNPCC7002_RS15035,0.102808713330267
SYNPCC7002_RS09995,SYNPCC7002_RS04955,0.102803672018909
SYNPCC7002_RS12090,SYNPCC7002_RS16665,0.102801283683715
SYNPCC7002_RS09630,SYNPCC7002_RS05690,0.102797018022652
SYNPCC7002_RS12395,SYNPCC7002_RS11005,0.10279477343825
SYNPCC7002_RS10050,SYNPCC7002_RS00875,0.102727902869466
SYNPCC7002_RS05985,SYNPCC7002_RS00050,0.102702429148291
SYNPCC7002_RS04250,SYNPCC7002_RS05410,0.102690333610675
SYNPCC7002_RS11685,SYNPCC7002_RS16635,0.102677045650352
SYNPCC7002_RS08945,SYNPCC7002_RS09115,0.102668415893412
SYNPCC7002_RS05460,SYNPCC7002_RS15285,0.10266372902098
SYNPCC7002_RS05135,SYNPCC7002_RS11515,0.102612169648478
SYNPCC7002_RS09320,SYNPCC7002_RS10905,0.102608352653078
SYNPCC7002_RS05135,SYNPCC7002_RS12395,0.102588777989564
SYNPCC7002_RS09630,SYNPCC7002_RS01305,0.102576066437874
SYNPCC7002_RS04890,SYNPCC7002_RS02850,0.102558194653897
SYNPCC7002_RS12395,SYNPCC7002_RS07685,0.102553508370514
SYNPCC7002_RS05135,SYNPCC7002_RS01580,0.102544296605002
SYNPCC7002_RS05135,SYNPCC7002_RS03510,0.102532659255696
SYNPCC7002_RS12395,SYNPCC7002_RS11235,0.102519630815486
SYNPCC7002_RS09820,SYNPCC7002_RS13345,0.102518763331441
SYNPCC7002_RS12395,SYNPCC7002_RS14115,0.10250093238522
SYNPCC7002_RS12395,SYNPCC7002_RS11515,0.102494075649574
SYNPCC7002_RS12090,SYNPCC7002_RS06275,0.10247345141806
SYNPCC7002_RS09780,SYNPCC7002_RS04090,0.10242616926743
SYNPCC7002_RS08945,SYNPCC7002_RS00720,0.102415856662224
SYNPCC7002_RS02715,SYNPCC7002_RS16575,0.102410268346111
SYNPCC7002_RS11685,SYNPCC7002_RS06285,0.102387174436287
SYNPCC7002_RS05135,SYNPCC7002_RS09910,0.102379353669879
SYNPCC7002_RS10050,SYNPCC7002_RS07730,0.102365567577975
SYNPCC7002_RS14385,SYNPCC7002_RS14380,0.102359093451524
SYNPCC7002_RS00635,SYNPCC7002_RS00180,0.102351831458885
SYNPCC7002_RS15680,SYNPCC7002_RS03140,0.102350455930674
SYNPCC7002_RS05460,SYNPCC7002_RS14415,0.102348916147077
SYNPCC7002_RS09995,SYNPCC7002_RS09725,0.102326880876623
SYNPCC7002_RS09780,SYNPCC7002_RS04525,0.102290369012113
SYNPCC7002_RS08175,SYNPCC7002_RS03405,0.102230200329287
SYNPCC7002_RS04890,SYNPCC7002_RS10595,0.102230054149282
SYNPCC7002_RS15680,SYNPCC7002_RS06615,0.102220996615597
SYNPCC7002_RS05460,SYNPCC7002_RS10825,0.102152478035127
SYNPCC7002_RS04890,SYNPCC7002_RS08820,0.102125382228543
SYNPCC7002_RS03950,SYNPCC7002_RS16275,0.102088381746414
SYNPCC7002_RS04650,SYNPCC7002_RS00185,0.102087312474967
SYNPCC7002_RS05135,SYNPCC7002_RS04565,0.102022683860442
SYNPCC7002_RS14440,SYNPCC7002_RS14315,0.102015029237313
SYNPCC7002_RS04650,SYNPCC7002_RS08665,0.102014104513519
SYNPCC7002_RS14440,SYNPCC7002_RS14425,0.102009430627842
SYNPCC7002_RS15680,SYNPCC7002_RS08435,0.102008129375122
SYNPCC7002_RS05135,SYNPCC7002_RS05120,0.102004646657739
SYNPCC7002_RS08255,SYNPCC7002_RS06450,0.101970381872307
SYNPCC7002_RS12090,SYNPCC7002_RS12950,0.101954259928885
SYNPCC7002_RS05135,SYNPCC7002_RS07645,0.10193586697964
SYNPCC7002_RS12395,SYNPCC7002_RS11345,0.101914208241012
SYNPCC7002_RS04250,SYNPCC7002_RS11115,0.101898257101663
SYNPCC7002_RS09320,SYNPCC7002_RS07985,0.101841426862559
SYNPCC7002_RS16320,SYNPCC7002_RS06455,0.10181918310447
SYNPCC7002_RS02715,SYNPCC7002_RS04310,0.101793737648559
SYNPCC7002_RS09820,SYNPCC7002_RS10710,0.101785133786881
SYNPCC7002_RS09320,SYNPCC7002_RS10465,0.101718855060019
SYNPCC7002_RS02715,SYNPCC7002_RS07390,0.101717248483067
SYNPCC7002_RS04780,SYNPCC7002_RS01670,0.101659328508418
SYNPCC7002_RS05135,SYNPCC7002_RS01505,0.101652242091299
SYNPCC7002_RS05135,SYNPCC7002_RS08295,0.101625628641989
SYNPCC7002_RS05985,SYNPCC7002_RS06550,0.101610481229537
SYNPCC7002_RS10050,SYNPCC7002_RS10165,0.101584228774712
SYNPCC7002_RS05985,SYNPCC7002_RS00430,0.101576369233142
SYNPCC7002_RS05135,SYNPCC7002_RS05130,0.101568112990092
SYNPCC7002_RS14790,SYNPCC7002_RS05560,0.101521271842143
SYNPCC7002_RS04680,SYNPCC7002_RS07150,0.101485565819626
SYNPCC7002_RS05135,SYNPCC7002_RS04120,0.101484357234552
SYNPCC7002_RS12395,SYNPCC7002_RS00465,0.101479301405193
SYNPCC7002_RS09630,SYNPCC7002_RS05670,0.101477548647606
SYNPCC7002_RS04250,SYNPCC7002_RS16075,0.101472669487668
SYNPCC7002_RS05135,SYNPCC7002_RS01735,0.101469865127498
SYNPCC7002_RS03030,SYNPCC7002_RS10620,0.101453441292817
SYNPCC7002_RS01800,SYNPCC7002_RS00035,0.101450833922183
SYNPCC7002_RS05985,SYNPCC7002_RS16440,0.101448826538938
SYNPCC7002_RS15520,SYNPCC7002_RS07975,0.101438039799023
SYNPCC7002_RS04650,SYNPCC7002_RS04855,0.101435242325579
SYNPCC7002_RS05460,SYNPCC7002_RS14630,0.101416401106021
SYNPCC7002_RS10050,SYNPCC7002_RS03520,0.101402736069464
SYNPCC7002_RS05135,SYNPCC7002_RS02510,0.101392170775832
SYNPCC7002_RS10050,SYNPCC7002_RS09865,0.101343858184408
SYNPCC7002_RS06540,SYNPCC7002_RS03935,0.101326915163476
SYNPCC7002_RS16160,SYNPCC7002_RS16060,0.101315268590951
SYNPCC7002_RS02455,SYNPCC7002_RS11675,0.10120899551986
SYNPCC7002_RS08390,SYNPCC7002_RS16090,0.101197915624031
SYNPCC7002_RS05135,SYNPCC7002_RS05225,0.101181043151929
SYNPCC7002_RS12395,SYNPCC7002_RS00345,0.10117888592818
SYNPCC7002_RS15255,SYNPCC7002_RS05685,0.101162004027487
SYNPCC7002_RS05135,SYNPCC7002_RS05590,0.101146476322792
SYNPCC7002_RS15410,SYNPCC7002_RS08330,0.101134598509826
SYNPCC7002_RS05135,SYNPCC7002_RS11325,0.101066037442465
SYNPCC7002_RS08965,SYNPCC7002_RS02690,0.101029984780331
SYNPCC7002_RS09820,SYNPCC7002_RS16455,0.101027030214708
SYNPCC7002_RS12395,SYNPCC7002_RS07730,0.101016094606979
SYNPCC7002_RS04780,SYNPCC7002_RS11135,0.101005310837736
SYNPCC7002_RS04780,SYNPCC7002_RS03930,0.101004420932781
SYNPCC7002_RS15255,SYNPCC7002_RS15880,0.100992579877926
SYNPCC7002_RS09630,SYNPCC7002_RS17225,0.100980634228837
SYNPCC7002_RS04650,SYNPCC7002_RS10920,0.100952950768968
SYNPCC7002_RS04680,SYNPCC7002_RS16030,0.100945629473748
SYNPCC7002_RS03295,SYNPCC7002_RS06305,0.100940928527939
SYNPCC7002_RS12395,SYNPCC7002_RS03230,0.100908222673187
SYNPCC7002_RS08390,SYNPCC7002_RS10415,0.100895007324868
SYNPCC7002_RS04890,SYNPCC7002_RS04620,0.100862083503526
SYNPCC7002_RS07385,SYNPCC7002_RS04750,0.100785305565638
SYNPCC7002_RS03760,SYNPCC7002_RS06235,0.100782285431159
SYNPCC7002_RS15520,SYNPCC7002_RS05990,0.100768936352982
SYNPCC7002_RS05135,SYNPCC7002_RS12120,0.100765461977755
SYNPCC7002_RS09780,SYNPCC7002_RS12960,0.100755951825738
SYNPCC7002_RS08860,SYNPCC7002_RS01365,0.100691492886882
SYNPCC7002_RS09260,SYNPCC7002_RS13795,0.10060166151118
SYNPCC7002_RS02455,SYNPCC7002_RS01970,0.100556823361514
SYNPCC7002_RS15255,SYNPCC7002_RS15315,0.100547242594321
SYNPCC7002_RS15410,SYNPCC7002_RS14910,0.100524230861266
SYNPCC7002_RS09320,SYNPCC7002_RS11840,0.100512769402999
SYNPCC7002_RS05460,SYNPCC7002_RS10215,0.100507740535782
SYNPCC7002_RS05985,SYNPCC7002_RS02770,0.100507133348951
SYNPCC7002_RS14790,SYNPCC7002_RS14820,0.100490839833108
SYNPCC7002_RS09780,SYNPCC7002_RS04140,0.100486789870852
SYNPCC7002_RS05135,SYNPCC7002_RS15640,0.100469321347765
SYNPCC7002_RS05135,SYNPCC7002_RS04115,0.100467943256578
SYNPCC7002_RS15520,SYNPCC7002_RS06125,0.100425086399427
SYNPCC7002_RS04890,SYNPCC7002_RS17035,0.100423033360349
SYNPCC7002_RS10050,SYNPCC7002_RS11325,0.100399176388355
SYNPCC7002_RS09780,SYNPCC7002_RS05020,0.100376237353818
SYNPCC7002_RS09780,SYNPCC7002_RS06885,0.100368849996834
SYNPCC7002_RS09820,SYNPCC7002_RS05460,0.100368271848495
SYNPCC7002_RS15680,SYNPCC7002_RS01235,0.100318690663817
SYNPCC7002_RS15720,SYNPCC7002_RS06460,0.100318298116361
SYNPCC7002_RS06150,SYNPCC7002_RS06795,0.100289167135582
SYNPCC7002_RS08965,SYNPCC7002_RS13890,0.100259583040688
SYNPCC7002_RS09320,SYNPCC7002_RS12415,0.100226194526801
SYNPCC7002_RS12395,SYNPCC7002_RS11155,0.100206205189143
SYNPCC7002_RS01800,SYNPCC7002_RS05330,0.100194200348458
SYNPCC7002_RS04780,SYNPCC7002_RS05505,0.100183170898171
SYNPCC7002_RS00260,SYNPCC7002_RS13500,0.100157136732782
SYNPCC7002_RS07385,SYNPCC7002_RS14185,0.100148857363055
SYNPCC7002_RS16160,SYNPCC7002_RS16125,0.10014764670101
SYNPCC7002_RS05460,SYNPCC7002_RS14355,0.100146397371408
SYNPCC7002_RS09995,SYNPCC7002_RS03755,0.100108127658325
SYNPCC7002_RS03030,SYNPCC7002_RS07375,0.100103716522376
SYNPCC7002_RS04250,SYNPCC7002_RS08795,0.100101979617308
SYNPCC7002_RS03030,SYNPCC7002_RS02525,0.100065643616366
SYNPCC7002_RS01420,SYNPCC7002_RS08995,0.100052250232674
SYNPCC7002_RS05135,SYNPCC7002_RS03465,0.100051494187842
SYNPCC7002_RS06150,SYNPCC7002_RS04360,0.100045336110185
SYNPCC7002_RS09820,SYNPCC7002_RS11370,0.100000392314793
SYNPCC7002_RS01085,SYNPCC7002_RS10655,0.099994626729757
SYNPCC7002_RS12395,SYNPCC7002_RS08555,0.0999873304961876
SYNPCC7002_RS12515,SYNPCC7002_RS14760,0.0999831160580551
SYNPCC7002_RS08390,SYNPCC7002_RS14060,0.0999615934712353
SYNPCC7002_RS10050,SYNPCC7002_RS07590,0.0999506023388277
SYNPCC7002_RS14385,SYNPCC7002_RS14335,0.0999483150513199
SYNPCC7002_RS03295,SYNPCC7002_RS01960,0.0999263497592232
SYNPCC7002_RS11685,SYNPCC7002_RS12405,0.0998564050146004
SYNPCC7002_RS01420,SYNPCC7002_RS03505,0.0998511275695216
SYNPCC7002_RS04780,SYNPCC7002_RS06540,0.0998388865155035
SYNPCC7002_RS10050,SYNPCC7002_RS07760,0.0998080731358775
SYNPCC7002_RS04780,SYNPCC7002_RS02590,0.0997850526684196
SYNPCC7002_RS05985,SYNPCC7002_RS05410,0.0997698988633737
SYNPCC7002_RS03295,SYNPCC7002_RS14340,0.0997697367838638
SYNPCC7002_RS06150,SYNPCC7002_RS08160,0.0997271077334049
SYNPCC7002_RS12395,SYNPCC7002_RS10765,0.0997260454083941
SYNPCC7002_RS05135,SYNPCC7002_RS05240,0.0997239079135567
SYNPCC7002_RS04680,SYNPCC7002_RS15780,0.0997053902540353
SYNPCC7002_RS04780,SYNPCC7002_RS04345,0.0996998815031477
SYNPCC7002_RS09780,SYNPCC7002_RS06050,0.0996972252761183
SYNPCC7002_RS08965,SYNPCC7002_RS01035,0.0996916968896291
SYNPCC7002_RS10050,SYNPCC7002_RS01040,0.0996841646974763
SYNPCC7002_RS01335,SYNPCC7002_RS11420,0.099668053456265
SYNPCC7002_RS08210,SYNPCC7002_RS17235,0.0996530198818828
SYNPCC7002_RS05135,SYNPCC7002_RS05205,0.0996479203421738
SYNPCC7002_RS05135,SYNPCC7002_RS03665,0.0996403266459367
SYNPCC7002_RS04250,SYNPCC7002_RS14235,0.0996204109717805
SYNPCC7002_RS12395,SYNPCC7002_RS07945,0.0995991752466416
SYNPCC7002_RS04250,SYNPCC7002_RS00350,0.0995741652743019
SYNPCC7002_RS15520,SYNPCC7002_RS01815,0.0995644023383925
SYNPCC7002_RS04780,SYNPCC7002_RS13135,0.0995609623605584
SYNPCC7002_RS10050,SYNPCC7002_RS17220,0.0995525382320107
SYNPCC7002_RS06150,SYNPCC7002_RS15750,0.0995493430586301
SYNPCC7002_RS05135,SYNPCC7002_RS12985,0.0994860270988578
SYNPCC7002_RS10050,SYNPCC7002_RS07600,0.0994856945148584
SYNPCC7002_RS05985,SYNPCC7002_RS06470,0.0994624069848745
SYNPCC7002_RS04890,SYNPCC7002_RS02425,0.0994593767464759
SYNPCC7002_RS04890,SYNPCC7002_RS10275,0.0994577436770167
SYNPCC7002_RS15680,SYNPCC7002_RS14675,0.0994260898033627
SYNPCC7002_RS04650,SYNPCC7002_RS12730,0.0994113736073115
SYNPCC7002_RS00050,SYNPCC7002_RS15135,0.099406511214182
SYNPCC7002_RS04780,SYNPCC7002_RS04150,0.0993813507379605
SYNPCC7002_RS06150,SYNPCC7002_RS14525,0.0993629210710143
SYNPCC7002_RS06150,SYNPCC7002_RS14570,0.0993047244712785
SYNPCC7002_RS09820,SYNPCC7002_RS12790,0.0992992561214372
SYNPCC7002_RS05135,SYNPCC7002_RS02195,0.0992896123449927
SYNPCC7002_RS05460,SYNPCC7002_RS00580,0.0992816912362596
SYNPCC7002_RS15520,SYNPCC7002_RS15385,0.0992631230921795
SYNPCC7002_RS08965,SYNPCC7002_RS13575,0.0992529343110073
SYNPCC7002_RS09320,SYNPCC7002_RS02200,0.0992452155920249
SYNPCC7002_RS09820,SYNPCC7002_RS16600,0.0992301497101042
SYNPCC7002_RS08945,SYNPCC7002_RS11590,0.0992124577914549
SYNPCC7002_RS05985,SYNPCC7002_RS02360,0.0992046272490128
SYNPCC7002_RS14440,SYNPCC7002_RS14400,0.0991998807669983
SYNPCC7002_RS09820,SYNPCC7002_RS00415,0.0991942195901359
SYNPCC7002_RS12515,SYNPCC7002_RS10790,0.0991681514382012
SYNPCC7002_RS16320,SYNPCC7002_RS15705,0.0991348212397297
SYNPCC7002_RS12395,SYNPCC7002_RS11585,0.0990941953814815
SYNPCC7002_RS01800,SYNPCC7002_RS01545,0.099017862487791
SYNPCC7002_RS01335,SYNPCC7002_RS02315,0.0990143675774719
SYNPCC7002_RS15520,SYNPCC7002_RS10640,0.0990140589701662
SYNPCC7002_RS05460,SYNPCC7002_RS11375,0.0990017722904536
SYNPCC7002_RS06150,SYNPCC7002_RS06800,0.098988754201271
SYNPCC7002_RS08965,SYNPCC7002_RS02445,0.0989846559951652
SYNPCC7002_RS04780,SYNPCC7002_RS04710,0.0989756661845744
SYNPCC7002_RS10050,SYNPCC7002_RS07595,0.0989481206199319
SYNPCC7002_RS08945,SYNPCC7002_RS07200,0.0988964811441862
SYNPCC7002_RS13450,SYNPCC7002_RS01920,0.0988861316271262
SYNPCC7002_RS01335,SYNPCC7002_RS10655,0.0988621146424498
SYNPCC7002_RS10050,SYNPCC7002_RS11360,0.0988475385283311
SYNPCC7002_RS09320,SYNPCC7002_RS09215,0.0988412957795839
SYNPCC7002_RS00690,SYNPCC7002_RS04755,0.0988355657881736
SYNPCC7002_RS14790,SYNPCC7002_RS14785,0.0988320063920242
SYNPCC7002_RS12395,SYNPCC7002_RS11685,0.0988143355758844
SYNPCC7002_RS08965,SYNPCC7002_RS05545,0.0988108038424716
SYNPCC7002_RS09995,SYNPCC7002_RS00710,0.0988079285014819
SYNPCC7002_RS04650,SYNPCC7002_RS05595,0.0988025391918116
SYNPCC7002_RS03030,SYNPCC7002_RS07280,0.0987984086953775
SYNPCC7002_RS03030,SYNPCC7002_RS11220,0.0987944187723244
SYNPCC7002_RS05460,SYNPCC7002_RS14405,0.0987942355236155
SYNPCC7002_RS01335,SYNPCC7002_RS03500,0.0987881167931792
SYNPCC7002_RS14790,SYNPCC7002_RS01635,0.098765957721732
SYNPCC7002_RS01800,SYNPCC7002_RS15965,0.0987521774984393
SYNPCC7002_RS00260,SYNPCC7002_RS08535,0.0987402776642412
SYNPCC7002_RS03295,SYNPCC7002_RS03320,0.0987388469958482
SYNPCC7002_RS02715,SYNPCC7002_RS11860,0.0987351674118834
SYNPCC7002_RS09630,SYNPCC7002_RS11560,0.0987320439446149
SYNPCC7002_RS08255,SYNPCC7002_RS07055,0.0987253760672522
SYNPCC7002_RS12395,SYNPCC7002_RS08550,0.0987188611073611
SYNPCC7002_RS12395,SYNPCC7002_RS04890,0.0987137165948534
SYNPCC7002_RS08390,SYNPCC7002_RS16245,0.0986901330811133
SYNPCC7002_RS06150,SYNPCC7002_RS13145,0.098669233083965
SYNPCC7002_RS01800,SYNPCC7002_RS06305,0.0986474783868153
SYNPCC7002_RS15680,SYNPCC7002_RS02600,0.0986118683095259
SYNPCC7002_RS15680,SYNPCC7002_RS14615,0.0986062357461695
SYNPCC7002_RS08965,SYNPCC7002_RS12495,0.0985774906869744
SYNPCC7002_RS04650,SYNPCC7002_RS08545,0.0985735017270148
SYNPCC7002_RS09995,SYNPCC7002_RS01860,0.0985582720323924
SYNPCC7002_RS09320,SYNPCC7002_RS11215,0.0985385521663566
SYNPCC7002_RS08255,SYNPCC7002_RS00705,0.098514847125368
SYNPCC7002_RS04890,SYNPCC7002_RS05135,0.0984962059887866
SYNPCC7002_RS05985,SYNPCC7002_RS15725,0.0984902545088483
SYNPCC7002_RS04650,SYNPCC7002_RS12850,0.0984870109412192
SYNPCC7002_RS04890,SYNPCC7002_RS03055,0.0984803102418969
SYNPCC7002_RS04890,SYNPCC7002_RS08295,0.0984658036293813
SYNPCC7002_RS12090,SYNPCC7002_RS09675,0.0984643045008756
SYNPCC7002_RS01335,SYNPCC7002_RS01100,0.0984594469146457
SYNPCC7002_RS10050,SYNPCC7002_RS15485,0.0984531435009581
SYNPCC7002_RS10145,SYNPCC7002_RS04455,0.0984146408485767
SYNPCC7002_RS06150,SYNPCC7002_RS05690,0.0984041121817012
SYNPCC7002_RS06540,SYNPCC7002_RS07105,0.0983959860983507
SYNPCC7002_RS09630,SYNPCC7002_RS00085,0.0983866687758277
SYNPCC7002_RS08175,SYNPCC7002_RS03870,0.0983847648663263
SYNPCC7002_RS11400,SYNPCC7002_RS04055,0.0983634884471714
SYNPCC7002_RS08945,SYNPCC7002_RS06245,0.098344567398018
SYNPCC7002_RS12395,SYNPCC7002_RS09130,0.0983095210826242
SYNPCC7002_RS05135,SYNPCC7002_RS10965,0.0983083687416744
SYNPCC7002_RS00050,SYNPCC7002_RS10105,0.0982915759655024
SYNPCC7002_RS08390,SYNPCC7002_RS04330,0.0982727462488629
SYNPCC7002_RS03030,SYNPCC7002_RS04440,0.0982625704814646
SYNPCC7002_RS05135,SYNPCC7002_RS01695,0.0982610166422803
SYNPCC7002_RS08965,SYNPCC7002_RS06415,0.0982585823586864
SYNPCC7002_RS12395,SYNPCC7002_RS00455,0.0982509695674993
SYNPCC7002_RS09780,SYNPCC7002_RS07345,0.0982415621279349
SYNPCC7002_RS05985,SYNPCC7002_RS00565,0.0982301773604872
SYNPCC7002_RS15520,SYNPCC7002_RS12030,0.0982219802910496
SYNPCC7002_RS03030,SYNPCC7002_RS03015,0.0982099360432351
SYNPCC7002_RS05135,SYNPCC7002_RS10610,0.0982065656193808
SYNPCC7002_RS08390,SYNPCC7002_RS05915,0.0981471866657654
SYNPCC7002_RS01800,SYNPCC7002_RS09360,0.0981440336857899
SYNPCC7002_RS04890,SYNPCC7002_RS04400,0.0981358427756243
SYNPCC7002_RS12105,SYNPCC7002_RS02685,0.0981340454138369
SYNPCC7002_RS08965,SYNPCC7002_RS02350,0.0981223452163119
SYNPCC7002_RS04250,SYNPCC7002_RS05430,0.0981205643102388
SYNPCC7002_RS05135,SYNPCC7002_RS07745,0.0981201044709934
SYNPCC7002_RS07295,SYNPCC7002_RS03205,0.098113999929281
SYNPCC7002_RS09780,SYNPCC7002_RS13630,0.0980915649929877
SYNPCC7002_RS04890,SYNPCC7002_RS00550,0.0980857346617496
SYNPCC7002_RS05985,SYNPCC7002_RS12815,0.098082241534477
SYNPCC7002_RS08390,SYNPCC7002_RS09820,0.0980743028476548
SYNPCC7002_RS08965,SYNPCC7002_RS05735,0.0980730996535645
SYNPCC7002_RS08965,SYNPCC7002_RS08745,0.098050592177727
SYNPCC7002_RS08965,SYNPCC7002_RS06890,0.0980472194762261
SYNPCC7002_RS05135,SYNPCC7002_RS10925,0.0979899754077085
SYNPCC7002_RS15520,SYNPCC7002_RS05565,0.0979647962818867
SYNPCC7002_RS15680,SYNPCC7002_RS15160,0.0979640401180999
SYNPCC7002_RS02715,SYNPCC7002_RS16490,0.0979477854539012
SYNPCC7002_RS10050,SYNPCC7002_RS07570,0.0979467871163362
SYNPCC7002_RS04780,SYNPCC7002_RS01215,0.0979040231707691
SYNPCC7002_RS04890,SYNPCC7002_RS00875,0.0978792600054367
SYNPCC7002_RS05135,SYNPCC7002_RS09790,0.0978761872648058
SYNPCC7002_RS08965,SYNPCC7002_RS03995,0.0978735868298992
SYNPCC7002_RS14440,SYNPCC7002_RS16310,0.0978408543198717
SYNPCC7002_RS01420,SYNPCC7002_RS04485,0.097817636743286
SYNPCC7002_RS08965,SYNPCC7002_RS04725,0.097811042872319
SYNPCC7002_RS08175,SYNPCC7002_RS01525,0.0978071955328609
SYNPCC7002_RS05135,SYNPCC7002_RS03290,0.0977773164820765
SYNPCC7002_RS15520,SYNPCC7002_RS04680,0.0977753362306535
SYNPCC7002_RS09630,SYNPCC7002_RS06325,0.0977670103515271
SYNPCC7002_RS12395,SYNPCC7002_RS12490,0.0977604260642059
SYNPCC7002_RS06150,SYNPCC7002_RS15190,0.0977536636296274
SYNPCC7002_RS09090,SYNPCC7002_RS16805,0.0977376127575453
SYNPCC7002_RS09630,SYNPCC7002_RS05665,0.0977350786199889
SYNPCC7002_RS12395,SYNPCC7002_RS05135,0.0977293385497863
SYNPCC7002_RS15520,SYNPCC7002_RS02625,0.0976626368704484
SYNPCC7002_RS05135,SYNPCC7002_RS09860,0.0976612415201586
SYNPCC7002_RS09630,SYNPCC7002_RS14575,0.097647181656892
SYNPCC7002_RS12395,SYNPCC7002_RS00530,0.0976265878031888
SYNPCC7002_RS04780,SYNPCC7002_RS06875,0.0976027803738788
SYNPCC7002_RS08390,SYNPCC7002_RS14030,0.0975990774237026
SYNPCC7002_RS12395,SYNPCC7002_RS16445,0.0975795487579915
SYNPCC7002_RS05985,SYNPCC7002_RS10725,0.0975377617369209
SYNPCC7002_RS12395,SYNPCC7002_RS07750,0.0975208029217353
SYNPCC7002_RS15520,SYNPCC7002_RS03485,0.0975183247068462
SYNPCC7002_RS05985,SYNPCC7002_RS01560,0.097502606576154
SYNPCC7002_RS01335,SYNPCC7002_RS12470,0.0974964420390077
SYNPCC7002_RS03030,SYNPCC7002_RS04925,0.0974766970277243
SYNPCC7002_RS09320,SYNPCC7002_RS02690,0.0974423111684875
SYNPCC7002_RS06150,SYNPCC7002_RS14575,0.0974346237059847
SYNPCC7002_RS12395,SYNPCC7002_RS16355,0.0974217249580174
SYNPCC7002_RS08175,SYNPCC7002_RS11445,0.09737564100059
SYNPCC7002_RS05135,SYNPCC7002_RS09035,0.097322678031566
SYNPCC7002_RS05135,SYNPCC7002_RS03675,0.0972883883664866
SYNPCC7002_RS09320,SYNPCC7002_RS10485,0.0972685087083597
SYNPCC7002_RS03030,SYNPCC7002_RS13880,0.0972612653416726
SYNPCC7002_RS09780,SYNPCC7002_RS14730,0.0972450588611256
SYNPCC7002_RS04650,SYNPCC7002_RS02100,0.0972342444487522
SYNPCC7002_RS05460,SYNPCC7002_RS05150,0.0972206519177881
SYNPCC7002_RS08965,SYNPCC7002_RS02395,0.0972053176241415
SYNPCC7002_RS05135,SYNPCC7002_RS09575,0.0972001535369377
SYNPCC7002_RS09630,SYNPCC7002_RS10545,0.0971753372070988
SYNPCC7002_RS02715,SYNPCC7002_RS05655,0.0971570000404044
SYNPCC7002_RS14440,SYNPCC7002_RS14335,0.0971102885727137
SYNPCC7002_RS04650,SYNPCC7002_RS04850,0.0970975627109054
SYNPCC7002_RS05135,SYNPCC7002_RS04950,0.097094192646633
SYNPCC7002_RS05460,SYNPCC7002_RS02415,0.0970772562357433
SYNPCC7002_RS04890,SYNPCC7002_RS03290,0.097074685167856
SYNPCC7002_RS05135,SYNPCC7002_RS13670,0.0970687003957653
SYNPCC7002_RS03030,SYNPCC7002_RS08955,0.0970576547434165
SYNPCC7002_RS04890,SYNPCC7002_RS01795,0.097048877256281
SYNPCC7002_RS08255,SYNPCC7002_RS00675,0.0970451605306466
SYNPCC7002_RS08965,SYNPCC7002_RS11040,0.0970372811144982
SYNPCC7002_RS06540,SYNPCC7002_RS02890,0.0970191066987923
SYNPCC7002_RS02715,SYNPCC7002_RS15065,0.0969850663673421
SYNPCC7002_RS00650,SYNPCC7002_RS13810,0.0969773343850259
SYNPCC7002_RS08965,SYNPCC7002_RS02780,0.0969637254373792
SYNPCC7002_RS06165,SYNPCC7002_RS00740,0.0969378854877215
SYNPCC7002_RS12395,SYNPCC7002_RS03465,0.0969349541122843
SYNPCC7002_RS12090,SYNPCC7002_RS01870,0.0969331417241273
SYNPCC7002_RS00050,SYNPCC7002_RS08605,0.0969324071590725
SYNPCC7002_RS12395,SYNPCC7002_RS01925,0.0969293787914122
SYNPCC7002_RS05135,SYNPCC7002_RS15090,0.0969153321381871
SYNPCC7002_RS04780,SYNPCC7002_RS02985,0.0968864809335676
SYNPCC7002_RS12395,SYNPCC7002_RS00425,0.0968800376817424
SYNPCC7002_RS16160,SYNPCC7002_RS03135,0.096865097389387
SYNPCC7002_RS09320,SYNPCC7002_RS03225,0.0968544891223221
SYNPCC7002_RS10050,SYNPCC7002_RS16130,0.0968459073949228
SYNPCC7002_RS04250,SYNPCC7002_RS01510,0.0968046212583726
SYNPCC7002_RS02455,SYNPCC7002_RS14155,0.0968034922652276
SYNPCC7002_RS05135,SYNPCC7002_RS09795,0.0967988550753451
SYNPCC7002_RS04250,SYNPCC7002_RS09965,0.0967932340778617
SYNPCC7002_RS12090,SYNPCC7002_RS11290,0.0967798208705975
SYNPCC7002_RS15680,SYNPCC7002_RS16655,0.0967440791168866
SYNPCC7002_RS05135,SYNPCC7002_RS13530,0.0967389139119412
SYNPCC7002_RS08390,SYNPCC7002_RS14710,0.0967369354046315
SYNPCC7002_RS01335,SYNPCC7002_RS08625,0.0967250699568973
SYNPCC7002_RS04250,SYNPCC7002_RS09110,0.0967198623830957
SYNPCC7002_RS08965,SYNPCC7002_RS12745,0.0967126134967413
SYNPCC7002_RS09780,SYNPCC7002_RS07785,0.0966998374362776
SYNPCC7002_RS15680,SYNPCC7002_RS05070,0.0966891235554785
SYNPCC7002_RS09630,SYNPCC7002_RS15850,0.0966793239486995
SYNPCC7002_RS03030,SYNPCC7002_RS02735,0.0966607793569912
SYNPCC7002_RS08965,SYNPCC7002_RS07375,0.0966181807276062
SYNPCC7002_RS08255,SYNPCC7002_RS04885,0.0965927189345717
SYNPCC7002_RS06150,SYNPCC7002_RS04675,0.0965778948946079
SYNPCC7002_RS00260,SYNPCC7002_RS03825,0.096500372071787
SYNPCC7002_RS04650,SYNPCC7002_RS09280,0.0964923366590545
SYNPCC7002_RS09195,SYNPCC7002_RS13440,0.0964919787518806
SYNPCC7002_RS08965,SYNPCC7002_RS12700,0.0964885130101592
SYNPCC7002_RS09630,SYNPCC7002_RS11720,0.0964786430102453
SYNPCC7002_RS08255,SYNPCC7002_RS02535,0.096471573794619
SYNPCC7002_RS14790,SYNPCC7002_RS11470,0.0964703469980922
SYNPCC7002_RS09630,SYNPCC7002_RS14570,0.0964482893759305
SYNPCC7002_RS05135,SYNPCC7002_RS06585,0.0964435443576011
SYNPCC7002_RS11400,SYNPCC7002_RS15235,0.0964402384663586
SYNPCC7002_RS15255,SYNPCC7002_RS01775,0.0964308043032368
SYNPCC7002_RS05135,SYNPCC7002_RS12555,0.0963986481525181
SYNPCC7002_RS09630,SYNPCC7002_RS04355,0.0963958213087355
SYNPCC7002_RS10050,SYNPCC7002_RS15080,0.0963135454019888
SYNPCC7002_RS09320,SYNPCC7002_RS06125,0.0963058693617464
SYNPCC7002_RS05135,SYNPCC7002_RS12955,0.0962886374997696
SYNPCC7002_RS06540,SYNPCC7002_RS12220,0.0962776421961489
SYNPCC7002_RS05135,SYNPCC7002_RS08660,0.0962661110595547
SYNPCC7002_RS01085,SYNPCC7002_RS05870,0.0962307149543523
SYNPCC7002_RS15410,SYNPCC7002_RS15375,0.096214521869629
SYNPCC7002_RS11685,SYNPCC7002_RS02130,0.0962135676915398
SYNPCC7002_RS12395,SYNPCC7002_RS11660,0.0962074620181208
SYNPCC7002_RS05135,SYNPCC7002_RS11455,0.0961821430749465
SYNPCC7002_RS05985,SYNPCC7002_RS04850,0.0961686112066914
SYNPCC7002_RS12395,SYNPCC7002_RS07835,0.0961607504537305
SYNPCC7002_RS05460,SYNPCC7002_RS15435,0.0961404678386759
SYNPCC7002_RS04780,SYNPCC7002_RS08200,0.0961229433873022
SYNPCC7002_RS03030,SYNPCC7002_RS00655,0.0961179505473612
SYNPCC7002_RS05135,SYNPCC7002_RS05265,0.096109368129148
SYNPCC7002_RS09780,SYNPCC7002_RS01165,0.0960933162108635
SYNPCC7002_RS05135,SYNPCC7002_RS00425,0.0960847029752489
SYNPCC7002_RS07385,SYNPCC7002_RS13570,0.0960839745382922
SYNPCC7002_RS11400,SYNPCC7002_RS11085,0.0960622605204949
SYNPCC7002_RS06150,SYNPCC7002_RS11435,0.0960330744587777
SYNPCC7002_RS05985,SYNPCC7002_RS13650,0.0960280120395199
SYNPCC7002_RS05985,SYNPCC7002_RS13835,0.0960231630771604
SYNPCC7002_RS04250,SYNPCC7002_RS05475,0.0960195262048948
SYNPCC7002_RS09320,SYNPCC7002_RS06480,0.0960181827325704
SYNPCC7002_RS04780,SYNPCC7002_RS11380,0.0959764706548517
SYNPCC7002_RS04680,SYNPCC7002_RS13505,0.0959695259736817
SYNPCC7002_RS08965,SYNPCC7002_RS10440,0.0959482200542992
SYNPCC7002_RS02715,SYNPCC7002_RS03655,0.0959265183150981
SYNPCC7002_RS09820,SYNPCC7002_RS04910,0.0958842537707964
SYNPCC7002_RS10050,SYNPCC7002_RS14400,0.0958649477683797
SYNPCC7002_RS06150,SYNPCC7002_RS08635,0.0958495372340918
SYNPCC7002_RS01335,SYNPCC7002_RS16325,0.0958420570888549
SYNPCC7002_RS11400,SYNPCC7002_RS09230,0.0958411856541865
SYNPCC7002_RS09780,SYNPCC7002_RS02055,0.0958369040376942
SYNPCC7002_RS08965,SYNPCC7002_RS01750,0.0958262828395847
SYNPCC7002_RS06150,SYNPCC7002_RS15765,0.0958129943381088
SYNPCC7002_RS15520,SYNPCC7002_RS11665,0.0958077231754188
SYNPCC7002_RS09995,SYNPCC7002_RS14520,0.0957784635691393
SYNPCC7002_RS04650,SYNPCC7002_RS10110,0.0957585393403572
SYNPCC7002_RS08965,SYNPCC7002_RS04730,0.095752916094923
SYNPCC7002_RS03295,SYNPCC7002_RS03610,0.0957514249346122
SYNPCC7002_RS04780,SYNPCC7002_RS06895,0.0957165905562477
SYNPCC7002_RS09260,SYNPCC7002_RS01685,0.0957140601349308
SYNPCC7002_RS10050,SYNPCC7002_RS15065,0.095709357083026
SYNPCC7002_RS00690,SYNPCC7002_RS04625,0.0957024376311576
SYNPCC7002_RS01335,SYNPCC7002_RS14905,0.0956960311138257
SYNPCC7002_RS02715,SYNPCC7002_RS04305,0.0956913562086633
SYNPCC7002_RS05135,SYNPCC7002_RS14025,0.0956763930239902
SYNPCC7002_RS01420,SYNPCC7002_RS10765,0.095669682063878
SYNPCC7002_RS09820,SYNPCC7002_RS06665,0.0956516762074239
SYNPCC7002_RS05460,SYNPCC7002_RS14940,0.095631539549372
SYNPCC7002_RS09820,SYNPCC7002_RS14940,0.0956277116858744
SYNPCC7002_RS12395,SYNPCC7002_RS08665,0.0956245900965895
SYNPCC7002_RS09630,SYNPCC7002_RS06200,0.0956199968165152
SYNPCC7002_RS12395,SYNPCC7002_RS10595,0.0956187998231864
SYNPCC7002_RS05460,SYNPCC7002_RS15180,0.095570119830274
SYNPCC7002_RS01420,SYNPCC7002_RS12535,0.0955697695415911
SYNPCC7002_RS06150,SYNPCC7002_RS09695,0.0955674388347253
SYNPCC7002_RS03030,SYNPCC7002_RS12030,0.0955652985144357
SYNPCC7002_RS05985,SYNPCC7002_RS03715,0.095556210555786
SYNPCC7002_RS00640,SYNPCC7002_RS00995,0.0955499518234793
SYNPCC7002_RS01335,SYNPCC7002_RS10770,0.0955419483093986
SYNPCC7002_RS04890,SYNPCC7002_RS09915,0.0955230922970412
SYNPCC7002_RS00640,SYNPCC7002_RS05460,0.0955191197333598
SYNPCC7002_RS08390,SYNPCC7002_RS13690,0.0955184216333281
SYNPCC7002_RS04680,SYNPCC7002_RS06880,0.0955183051572339
SYNPCC7002_RS16320,SYNPCC7002_RS15645,0.0955132064573633
SYNPCC7002_RS04250,SYNPCC7002_RS00525,0.095508320379724
SYNPCC7002_RS15720,SYNPCC7002_RS06465,0.0955079638051486
SYNPCC7002_RS15030,SYNPCC7002_RS14990,0.0955038350513943
SYNPCC7002_RS07385,SYNPCC7002_RS01445,0.0954820882195794
SYNPCC7002_RS08390,SYNPCC7002_RS01310,0.0954738593362246
SYNPCC7002_RS05135,SYNPCC7002_RS05285,0.0954656076417065
SYNPCC7002_RS02715,SYNPCC7002_RS00580,0.0954506613083454
SYNPCC7002_RS02715,SYNPCC7002_RS04200,0.0954388758255238
SYNPCC7002_RS05460,SYNPCC7002_RS16415,0.0954361524135999
SYNPCC7002_RS14385,SYNPCC7002_RS14375,0.0954153881070548
SYNPCC7002_RS05135,SYNPCC7002_RS00265,0.0954078375336958
SYNPCC7002_RS08390,SYNPCC7002_RS00325,0.0953909372457348
SYNPCC7002_RS09820,SYNPCC7002_RS09985,0.0953882464027263
SYNPCC7002_RS12395,SYNPCC7002_RS16815,0.095387013644173
SYNPCC7002_RS08965,SYNPCC7002_RS04450,0.0953736920881178
SYNPCC7002_RS12395,SYNPCC7002_RS16795,0.0953588975318671
SYNPCC7002_RS08210,SYNPCC7002_RS02525,0.0953562072616662
SYNPCC7002_RS03295,SYNPCC7002_RS01965,0.0953392793750091
SYNPCC7002_RS15680,SYNPCC7002_RS05680,0.0953291491089027
SYNPCC7002_RS08255,SYNPCC7002_RS10080,0.0953267319333144
SYNPCC7002_RS04780,SYNPCC7002_RS13245,0.0953232791070504
SYNPCC7002_RS04650,SYNPCC7002_RS09735,0.0952939679352687
SYNPCC7002_RS02455,SYNPCC7002_RS01210,0.0952798336918871
SYNPCC7002_RS05135,SYNPCC7002_RS11660,0.0952696240726514
SYNPCC7002_RS01420,SYNPCC7002_RS11850,0.0952645987156097
SYNPCC7002_RS14790,SYNPCC7002_RS10640,0.0952625942972215
SYNPCC7002_RS04780,SYNPCC7002_RS11145,0.0952035884019325
SYNPCC7002_RS08210,SYNPCC7002_RS12055,0.095202096776971
SYNPCC7002_RS04250,SYNPCC7002_RS08600,0.0951907496450176
SYNPCC7002_RS08965,SYNPCC7002_RS08960,0.0951287447529297
SYNPCC7002_RS08965,SYNPCC7002_RS06950,0.0951272603352864
SYNPCC7002_RS09780,SYNPCC7002_RS16605,0.0951232790618604
SYNPCC7002_RS06540,SYNPCC7002_RS05860,0.0951182917169805
SYNPCC7002_RS06165,SYNPCC7002_RS02755,0.0951030528077625
SYNPCC7002_RS08175,SYNPCC7002_RS08430,0.095084032156551
SYNPCC7002_RS09630,SYNPCC7002_RS03945,0.0950659426424492
SYNPCC7002_RS15520,SYNPCC7002_RS01320,0.0950616669229572
SYNPCC7002_RS06005,SYNPCC7002_RS07135,0.095055527754045
SYNPCC7002_RS09260,SYNPCC7002_RS13415,0.0950415724139054
SYNPCC7002_RS03295,SYNPCC7002_RS14345,0.0950247541897104
SYNPCC7002_RS05135,SYNPCC7002_RS03060,0.0950031107683331
SYNPCC7002_RS05135,SYNPCC7002_RS02130,0.0949629930020503
SYNPCC7002_RS14440,SYNPCC7002_RS15115,0.0949522197420153
SYNPCC7002_RS08965,SYNPCC7002_RS16685,0.094928972684413
SYNPCC7002_RS05135,SYNPCC7002_RS03660,0.0949119103849064
SYNPCC7002_RS10050,SYNPCC7002_RS10940,0.0949006160887641
SYNPCC7002_RS04650,SYNPCC7002_RS10330,0.0948894310860595
SYNPCC7002_RS08945,SYNPCC7002_RS10090,0.0948892859328307
SYNPCC7002_RS09995,SYNPCC7002_RS02260,0.0948839459663037
SYNPCC7002_RS12395,SYNPCC7002_RS01830,0.0948805814404537
SYNPCC7002_RS08255,SYNPCC7002_RS16615,0.09487398480667
SYNPCC7002_RS09320,SYNPCC7002_RS11700,0.0948653819984874
SYNPCC7002_RS01335,SYNPCC7002_RS08165,0.0948492969942393
SYNPCC7002_RS04890,SYNPCC7002_RS10965,0.0948442091357413
SYNPCC7002_RS08965,SYNPCC7002_RS03225,0.0948407233289111
SYNPCC7002_RS05985,SYNPCC7002_RS12910,0.0948344430874581
SYNPCC7002_RS10050,SYNPCC7002_RS02500,0.0948340222840398
SYNPCC7002_RS15520,SYNPCC7002_RS08015,0.0948304235167154
SYNPCC7002_RS01335,SYNPCC7002_RS06435,0.094829661296914
SYNPCC7002_RS04780,SYNPCC7002_RS05630,0.0948158442673409
SYNPCC7002_RS12105,SYNPCC7002_RS02250,0.0948011101531928
SYNPCC7002_RS11685,SYNPCC7002_RS09460,0.0947828431206049
SYNPCC7002_RS15680,SYNPCC7002_RS14610,0.0947759738628589
SYNPCC7002_RS09175,SYNPCC7002_RS15495,0.094740168099533
SYNPCC7002_RS02715,SYNPCC7002_RS05240,0.0947331770093603
SYNPCC7002_RS03295,SYNPCC7002_RS15965,0.0947208635042744
SYNPCC7002_RS07385,SYNPCC7002_RS03840,0.0946958302625944
SYNPCC7002_RS12395,SYNPCC7002_RS05310,0.0946948659008551
SYNPCC7002_RS05135,SYNPCC7002_RS14250,0.0946904087974562
SYNPCC7002_RS11685,SYNPCC7002_RS10920,0.0946833165618033
SYNPCC7002_RS01800,SYNPCC7002_RS12890,0.0946801351329521
SYNPCC7002_RS05135,SYNPCC7002_RS04640,0.0946778882727683
SYNPCC7002_RS10050,SYNPCC7002_RS09905,0.0946483131273751
SYNPCC7002_RS10050,SYNPCC7002_RS04120,0.0946469162843987
SYNPCC7002_RS04890,SYNPCC7002_RS00270,0.0946088724139667
SYNPCC7002_RS05135,SYNPCC7002_RS05230,0.0945962081857336
SYNPCC7002_RS09175,SYNPCC7002_RS16195,0.094593700852115
SYNPCC7002_RS12395,SYNPCC7002_RS01595,0.0945817683469284
SYNPCC7002_RS09780,SYNPCC7002_RS17175,0.0945796001720115
SYNPCC7002_RS02715,SYNPCC7002_RS03675,0.0945722119008703
SYNPCC7002_RS16160,SYNPCC7002_RS16715,0.0945470068616529
SYNPCC7002_RS05135,SYNPCC7002_RS06590,0.0945089653205636
SYNPCC7002_RS05460,SYNPCC7002_RS02510,0.0944925410373044
SYNPCC7002_RS09320,SYNPCC7002_RS08960,0.094489276632986
SYNPCC7002_RS05985,SYNPCC7002_RS04520,0.094471309817366
SYNPCC7002_RS00650,SYNPCC7002_RS05380,0.094466066649312
SYNPCC7002_RS05135,SYNPCC7002_RS13745,0.09445338308622
SYNPCC7002_RS04650,SYNPCC7002_RS00040,0.0944532383743067
SYNPCC7002_RS09820,SYNPCC7002_RS01000,0.094447931629894
SYNPCC7002_RS05135,SYNPCC7002_RS05595,0.0944317737234344
SYNPCC7002_RS09820,SYNPCC7002_RS04940,0.0944315370398077
SYNPCC7002_RS02455,SYNPCC7002_RS03310,0.0944310257813671
SYNPCC7002_RS14790,SYNPCC7002_RS04805,0.0944295663271776
SYNPCC7002_RS05135,SYNPCC7002_RS03655,0.0944149233151712
SYNPCC7002_RS03030,SYNPCC7002_RS03855,0.0943929599002289
SYNPCC7002_RS11400,SYNPCC7002_RS06300,0.0943820542543124
SYNPCC7002_RS05135,SYNPCC7002_RS05290,0.0943705495042417
SYNPCC7002_RS08390,SYNPCC7002_RS01800,0.0943666213593082
SYNPCC7002_RS02715,SYNPCC7002_RS07865,0.094347889810183
SYNPCC7002_RS12090,SYNPCC7002_RS13560,0.0943458717803076
SYNPCC7002_RS05985,SYNPCC7002_RS08605,0.0943427635471725
SYNPCC7002_RS08965,SYNPCC7002_RS10465,0.09432098774289
SYNPCC7002_RS10050,SYNPCC7002_RS07115,0.0943089049597502
SYNPCC7002_RS06540,SYNPCC7002_RS02860,0.0942920872599338
SYNPCC7002_RS11685,SYNPCC7002_RS08660,0.0942914979993937
SYNPCC7002_RS07385,SYNPCC7002_RS08700,0.0942763896020874
SYNPCC7002_RS05460,SYNPCC7002_RS14330,0.0942730142703036
SYNPCC7002_RS11685,SYNPCC7002_RS05550,0.0942635370465101
SYNPCC7002_RS08965,SYNPCC7002_RS08655,0.0942462762830035
SYNPCC7002_RS05135,SYNPCC7002_RS03280,0.0942431292658934
SYNPCC7002_RS10050,SYNPCC7002_RS02745,0.0942371739433388
SYNPCC7002_RS02715,SYNPCC7002_RS05730,0.0942348948812787
SYNPCC7002_RS08210,SYNPCC7002_RS12115,0.0942039029631845
SYNPCC7002_RS15680,SYNPCC7002_RS16955,0.0941957083107221
SYNPCC7002_RS05135,SYNPCC7002_RS03430,0.0941952734756074
SYNPCC7002_RS04780,SYNPCC7002_RS09265,0.0941836587696381
SYNPCC7002_RS06150,SYNPCC7002_RS00695,0.0941467413206395
SYNPCC7002_RS12395,SYNPCC7002_RS06025,0.0941422639680957
SYNPCC7002_RS08860,SYNPCC7002_RS07005,0.0941413746309667
SYNPCC7002_RS08965,SYNPCC7002_RS10220,0.0941283157374193
SYNPCC7002_RS04890,SYNPCC7002_RS03280,0.0941081067601293
SYNPCC7002_RS05460,SYNPCC7002_RS16835,0.094106986401695
SYNPCC7002_RS14440,SYNPCC7002_RS14420,0.0940564917888072
SYNPCC7002_RS01800,SYNPCC7002_RS10785,0.0940255638577642
SYNPCC7002_RS12395,SYNPCC7002_RS10920,0.0940240621248225
SYNPCC7002_RS02715,SYNPCC7002_RS04760,0.094004778406899
SYNPCC7002_RS11685,SYNPCC7002_RS10865,0.0939987284533424
SYNPCC7002_RS04890,SYNPCC7002_RS00425,0.0939834843414481
SYNPCC7002_RS15520,SYNPCC7002_RS12655,0.093977346978629
SYNPCC7002_RS10050,SYNPCC7002_RS07685,0.0939747481521894
SYNPCC7002_RS04250,SYNPCC7002_RS16260,0.0939734286703813
SYNPCC7002_RS05135,SYNPCC7002_RS09160,0.0939636125576676
SYNPCC7002_RS09320,SYNPCC7002_RS02780,0.0939481216355466
SYNPCC7002_RS06150,SYNPCC7002_RS11825,0.0939439993602748
SYNPCC7002_RS08965,SYNPCC7002_RS02435,0.0939367666336008
SYNPCC7002_RS15520,SYNPCC7002_RS00965,0.0939318402550605
SYNPCC7002_RS04890,SYNPCC7002_RS01515,0.0939238183351774
SYNPCC7002_RS10050,SYNPCC7002_RS03510,0.0939200082999399
SYNPCC7002_RS08965,SYNPCC7002_RS01610,0.0939019280529487
SYNPCC7002_RS15720,SYNPCC7002_RS15330,0.0938911211339756
SYNPCC7002_RS10050,SYNPCC7002_RS11000,0.0938878388572086
SYNPCC7002_RS03295,SYNPCC7002_RS00035,0.0938817809430433
SYNPCC7002_RS00850,SYNPCC7002_RS15275,0.0938801476640855
SYNPCC7002_RS10050,SYNPCC7002_RS01170,0.0938758407877077
SYNPCC7002_RS00650,SYNPCC7002_RS00120,0.0938203738156969
SYNPCC7002_RS08965,SYNPCC7002_RS00710,0.0938092755099179
SYNPCC7002_RS12515,SYNPCC7002_RS04780,0.0937811508753793
SYNPCC7002_RS00650,SYNPCC7002_RS09730,0.0937644755123369
SYNPCC7002_RS00640,SYNPCC7002_RS00580,0.0937486425925694
SYNPCC7002_RS04250,SYNPCC7002_RS05995,0.0937384552060875
SYNPCC7002_RS04780,SYNPCC7002_RS06525,0.093736183310599
SYNPCC7002_RS12395,SYNPCC7002_RS04065,0.0937017447291718
SYNPCC7002_RS04650,SYNPCC7002_RS01740,0.0936447692332517
SYNPCC7002_RS02715,SYNPCC7002_RS13750,0.0936211394645171
SYNPCC7002_RS09780,SYNPCC7002_RS05910,0.0936097110020207
SYNPCC7002_RS05460,SYNPCC7002_RS08895,0.0936083982891987
SYNPCC7002_RS12395,SYNPCC7002_RS15155,0.0935595012978917
SYNPCC7002_RS04250,SYNPCC7002_RS04400,0.0935511513439965
SYNPCC7002_RS04650,SYNPCC7002_RS12060,0.0935412205725358
SYNPCC7002_RS14385,SYNPCC7002_RS13940,0.0935376076292196
SYNPCC7002_RS08965,SYNPCC7002_RS09730,0.0935367749196863
SYNPCC7002_RS15030,SYNPCC7002_RS16780,0.0935337584566922
SYNPCC7002_RS12395,SYNPCC7002_RS03090,0.093523202179323
SYNPCC7002_RS15255,SYNPCC7002_RS16655,0.0935088883122458
SYNPCC7002_RS04890,SYNPCC7002_RS16370,0.0934936737700981
SYNPCC7002_RS01335,SYNPCC7002_RS07165,0.0934927839267888
SYNPCC7002_RS09995,SYNPCC7002_RS00705,0.0934772990725611
SYNPCC7002_RS04250,SYNPCC7002_RS05385,0.0934692808243394
SYNPCC7002_RS01800,SYNPCC7002_RS13285,0.0934648174891864
SYNPCC7002_RS12395,SYNPCC7002_RS17210,0.0934414161072079
SYNPCC7002_RS01335,SYNPCC7002_RS09440,0.0934229562654839
SYNPCC7002_RS04780,SYNPCC7002_RS04720,0.0934104317220271
SYNPCC7002_RS09845,SYNPCC7002_RS08900,0.0933921659081253
SYNPCC7002_RS01800,SYNPCC7002_RS13295,0.0933896158614066
SYNPCC7002_RS05135,SYNPCC7002_RS07355,0.0933756518815605
SYNPCC7002_RS01420,SYNPCC7002_RS12240,0.0933538532310127
SYNPCC7002_RS07385,SYNPCC7002_RS14155,0.0933490432293439
SYNPCC7002_RS02455,SYNPCC7002_RS10085,0.0933455151175478
SYNPCC7002_RS05460,SYNPCC7002_RS14620,0.0933190807943073
SYNPCC7002_RS09630,SYNPCC7002_RS00970,0.0933158822327804
SYNPCC7002_RS09320,SYNPCC7002_RS01750,0.0932987732873879
SYNPCC7002_RS08965,SYNPCC7002_RS09200,0.0932919595095398
SYNPCC7002_RS04780,SYNPCC7002_RS08340,0.093259754852237
SYNPCC7002_RS12395,SYNPCC7002_RS12185,0.0932473048726203
SYNPCC7002_RS12515,SYNPCC7002_RS09225,0.0932392820959087
SYNPCC7002_RS01800,SYNPCC7002_RS09050,0.0932214257061062
SYNPCC7002_RS08390,SYNPCC7002_RS01440,0.093216501399887
SYNPCC7002_RS15995,SYNPCC7002_RS16580,0.0932133016446128
SYNPCC7002_RS05985,SYNPCC7002_RS02900,0.0931863314733953
SYNPCC7002_RS08965,SYNPCC7002_RS11290,0.0931807115975189
SYNPCC7002_RS12090,SYNPCC7002_RS00190,0.0931728872569806
SYNPCC7002_RS05985,SYNPCC7002_RS00525,0.0931707991579162
SYNPCC7002_RS01335,SYNPCC7002_RS14890,0.0931649053369403
SYNPCC7002_RS06150,SYNPCC7002_RS07430,0.0931648896262492
SYNPCC7002_RS05460,SYNPCC7002_RS01150,0.093162007294664
SYNPCC7002_RS14790,SYNPCC7002_RS02070,0.0931486616980426
SYNPCC7002_RS05985,SYNPCC7002_RS12845,0.0931407902650959
SYNPCC7002_RS06540,SYNPCC7002_RS13280,0.0931301328575934
SYNPCC7002_RS16320,SYNPCC7002_RS06265,0.0931097980077326
SYNPCC7002_RS15410,SYNPCC7002_RS07960,0.0931054459991847
SYNPCC7002_RS09820,SYNPCC7002_RS12995,0.093105214731419
SYNPCC7002_RS07385,SYNPCC7002_RS15025,0.0931009818285724
SYNPCC7002_RS12090,SYNPCC7002_RS02235,0.0930969851907781
SYNPCC7002_RS01335,SYNPCC7002_RS15470,0.0930934103940883
SYNPCC7002_RS08965,SYNPCC7002_RS13375,0.0930761030903032
SYNPCC7002_RS09320,SYNPCC7002_RS04600,0.0930722527108677
SYNPCC7002_RS05460,SYNPCC7002_RS15485,0.0930684352095819
SYNPCC7002_RS11400,SYNPCC7002_RS10065,0.0930617720856354
SYNPCC7002_RS12395,SYNPCC7002_RS11000,0.0930602843592184
SYNPCC7002_RS10050,SYNPCC7002_RS07795,0.0930504200430767
SYNPCC7002_RS12395,SYNPCC7002_RS05205,0.0930302955870162
SYNPCC7002_RS15520,SYNPCC7002_RS06770,0.0930269190339695
SYNPCC7002_RS15030,SYNPCC7002_RS14995,0.0930185438732933
SYNPCC7002_RS09320,SYNPCC7002_RS01845,0.0929945744227735
SYNPCC7002_RS01335,SYNPCC7002_RS06310,0.092961199382331
SYNPCC7002_RS12395,SYNPCC7002_RS17230,0.0929526828717383
SYNPCC7002_RS06005,SYNPCC7002_RS13885,0.0929476530744726
SYNPCC7002_RS00650,SYNPCC7002_RS12230,0.0929468743161327
SYNPCC7002_RS01800,SYNPCC7002_RS02460,0.0929457495157764
SYNPCC7002_RS09630,SYNPCC7002_RS02065,0.0929426120669602
SYNPCC7002_RS15520,SYNPCC7002_RS11435,0.0929419540781665
SYNPCC7002_RS01335,SYNPCC7002_RS05915,0.0929353199948174
SYNPCC7002_RS12395,SYNPCC7002_RS04535,0.0929281291723356
SYNPCC7002_RS00050,SYNPCC7002_RS17015,0.0929201485691933
SYNPCC7002_RS00650,SYNPCC7002_RS13375,0.0929188270207071
SYNPCC7002_RS04250,SYNPCC7002_RS07495,0.092876157648045
SYNPCC7002_RS11400,SYNPCC7002_RS03470,0.0928749380417481
SYNPCC7002_RS12395,SYNPCC7002_RS05195,0.0928331487290941
SYNPCC7002_RS15520,SYNPCC7002_RS03260,0.092819429654253
SYNPCC7002_RS08965,SYNPCC7002_RS11670,0.0928075405301578
SYNPCC7002_RS05135,SYNPCC7002_RS04370,0.0928064992089276
SYNPCC7002_RS04680,SYNPCC7002_RS10405,0.0927863687536327
SYNPCC7002_RS02715,SYNPCC7002_RS10930,0.0927761819918851
SYNPCC7002_RS05985,SYNPCC7002_RS09275,0.0927729106018152
SYNPCC7002_RS09630,SYNPCC7002_RS13385,0.0927512255551594
SYNPCC7002_RS12395,SYNPCC7002_RS16510,0.0927434480982791
SYNPCC7002_RS12395,SYNPCC7002_RS05240,0.092742881731723
SYNPCC7002_RS08390,SYNPCC7002_RS15510,0.0927379936649226
SYNPCC7002_RS03030,SYNPCC7002_RS07315,0.0927374212120502
SYNPCC7002_RS11685,SYNPCC7002_RS11235,0.0927373612581594
SYNPCC7002_RS10050,SYNPCC7002_RS00370,0.092733726578465
SYNPCC7002_RS01085,SYNPCC7002_RS14710,0.0927328808394741
SYNPCC7002_RS07385,SYNPCC7002_RS02640,0.092719665887309
SYNPCC7002_RS04890,SYNPCC7002_RS04840,0.092698524535769
SYNPCC7002_RS04890,SYNPCC7002_RS08220,0.0926949954321592
SYNPCC7002_RS08965,SYNPCC7002_RS11545,0.0926854290501434
SYNPCC7002_RS12395,SYNPCC7002_RS05250,0.0926829821554677
SYNPCC7002_RS08965,SYNPCC7002_RS07145,0.0926817256370604
SYNPCC7002_RS10050,SYNPCC7002_RS16795,0.0926779837253685
SYNPCC7002_RS03030,SYNPCC7002_RS11880,0.0926335681172154
SYNPCC7002_RS15520,SYNPCC7002_RS04575,0.0926253659599219
SYNPCC7002_RS11685,SYNPCC7002_RS12805,0.092622334501649
SYNPCC7002_RS05135,SYNPCC7002_RS07945,0.0926139930354321
SYNPCC7002_RS11685,SYNPCC7002_RS13530,0.0926109682832769
SYNPCC7002_RS09320,SYNPCC7002_RS03995,0.0925802706469265
SYNPCC7002_RS15520,SYNPCC7002_RS00095,0.092579659652875
SYNPCC7002_RS15520,SYNPCC7002_RS14050,0.0925571852975563
SYNPCC7002_RS12395,SYNPCC7002_RS00265,0.0925277777456101
SYNPCC7002_RS05135,SYNPCC7002_RS09650,0.0925277127922855
SYNPCC7002_RS15255,SYNPCC7002_RS08445,0.0925252599059098
SYNPCC7002_RS15520,SYNPCC7002_RS10620,0.0925225920833811
SYNPCC7002_RS05135,SYNPCC7002_RS15055,0.0925197804082322
SYNPCC7002_RS02455,SYNPCC7002_RS03000,0.0925172288667554
SYNPCC7002_RS04780,SYNPCC7002_RS07385,0.0925100174444647
SYNPCC7002_RS15680,SYNPCC7002_RS05685,0.0924734438560987
SYNPCC7002_RS00640,SYNPCC7002_RS08770,0.0924644862675926
SYNPCC7002_RS05985,SYNPCC7002_RS05760,0.0924415456784268
SYNPCC7002_RS08210,SYNPCC7002_RS04680,0.0924275913203997
SYNPCC7002_RS10050,SYNPCC7002_RS03745,0.0924081776315216
SYNPCC7002_RS01420,SYNPCC7002_RS16510,0.092404078503017
SYNPCC7002_RS10050,SYNPCC7002_RS01315,0.0924022651128475
SYNPCC7002_RS05135,SYNPCC7002_RS05100,0.0923984584203073
SYNPCC7002_RS12395,SYNPCC7002_RS03740,0.0923905415963481
SYNPCC7002_RS09630,SYNPCC7002_RS03600,0.0923881936044289
SYNPCC7002_RS10050,SYNPCC7002_RS08520,0.0923857860247271
SYNPCC7002_RS12395,SYNPCC7002_RS04475,0.0923625041156431
SYNPCC7002_RS09630,SYNPCC7002_RS16950,0.0923614259607944
SYNPCC7002_RS16320,SYNPCC7002_RS15255,0.0923532313873638
SYNPCC7002_RS15520,SYNPCC7002_RS00135,0.0923456990184803
SYNPCC7002_RS09260,SYNPCC7002_RS07185,0.0923362319714796
SYNPCC7002_RS05135,SYNPCC7002_RS10765,0.092326255454604
SYNPCC7002_RS15680,SYNPCC7002_RS04140,0.0923136855545388
SYNPCC7002_RS09630,SYNPCC7002_RS05685,0.0923092081453613
SYNPCC7002_RS06005,SYNPCC7002_RS06650,0.0923041133338095
SYNPCC7002_RS12395,SYNPCC7002_RS16940,0.0923018622951469
SYNPCC7002_RS04890,SYNPCC7002_RS01580,0.0923013749879954
SYNPCC7002_RS08860,SYNPCC7002_RS00925,0.0922915582984157
SYNPCC7002_RS04890,SYNPCC7002_RS00265,0.0922912907601042
SYNPCC7002_RS04680,SYNPCC7002_RS15925,0.0922891673493026
SYNPCC7002_RS09780,SYNPCC7002_RS11460,0.0922846717426034
SYNPCC7002_RS01335,SYNPCC7002_RS15730,0.0922715107766606
SYNPCC7002_RS00640,SYNPCC7002_RS06010,0.0922569446270854
SYNPCC7002_RS06540,SYNPCC7002_RS10910,0.0922496016046099
SYNPCC7002_RS05460,SYNPCC7002_RS08885,0.0922417591090651
SYNPCC7002_RS02715,SYNPCC7002_RS11425,0.0922232086266726
SYNPCC7002_RS05460,SYNPCC7002_RS15305,0.092217172191701
SYNPCC7002_RS11400,SYNPCC7002_RS02965,0.0921952216015446
SYNPCC7002_RS04680,SYNPCC7002_RS13340,0.0921797874005004
SYNPCC7002_RS08965,SYNPCC7002_RS06070,0.0921652462858452
SYNPCC7002_RS02715,SYNPCC7002_RS13440,0.0921508077494649
SYNPCC7002_RS05985,SYNPCC7002_RS04270,0.0921504807747127
SYNPCC7002_RS06540,SYNPCC7002_RS10120,0.0921472125329999
SYNPCC7002_RS09320,SYNPCC7002_RS13980,0.0921434024221578
SYNPCC7002_RS03950,SYNPCC7002_RS08045,0.0921398629363522
SYNPCC7002_RS02715,SYNPCC7002_RS10570,0.0921373997852542
SYNPCC7002_RS09320,SYNPCC7002_RS12700,0.0921363381583111
SYNPCC7002_RS01335,SYNPCC7002_RS15945,0.092111483853985
SYNPCC7002_RS09630,SYNPCC7002_RS15010,0.092091488603754
SYNPCC7002_RS04890,SYNPCC7002_RS06590,0.0920606430126915
SYNPCC7002_RS09995,SYNPCC7002_RS10600,0.092058719063828
SYNPCC7002_RS05985,SYNPCC7002_RS01765,0.092047826769217
SYNPCC7002_RS10050,SYNPCC7002_RS01330,0.0920442697084821
SYNPCC7002_RS09630,SYNPCC7002_RS16655,0.0920336929175225
SYNPCC7002_RS01335,SYNPCC7002_RS00325,0.0920182446355076
SYNPCC7002_RS00050,SYNPCC7002_RS02605,0.0920175301808436
SYNPCC7002_RS15680,SYNPCC7002_RS02060,0.0920137091076056
SYNPCC7002_RS09780,SYNPCC7002_RS15140,0.0919972971586142
SYNPCC7002_RS08965,SYNPCC7002_RS02200,0.0919793649480646
SYNPCC7002_RS10050,SYNPCC7002_RS04315,0.0919680235990022
SYNPCC7002_RS08390,SYNPCC7002_RS08165,0.0919569343114253
SYNPCC7002_RS04650,SYNPCC7002_RS14300,0.0919415859578472
SYNPCC7002_RS04890,SYNPCC7002_RS10945,0.0919332498998104
SYNPCC7002_RS05135,SYNPCC7002_RS01595,0.0919328738259036
SYNPCC7002_RS09780,SYNPCC7002_RS15050,0.0919159273736284
SYNPCC7002_RS12395,SYNPCC7002_RS12440,0.0919120658708728
SYNPCC7002_RS03030,SYNPCC7002_RS09550,0.0919116689442953
SYNPCC7002_RS01420,SYNPCC7002_RS01925,0.0919063917572163
SYNPCC7002_RS04780,SYNPCC7002_RS09345,0.0919043753254915
SYNPCC7002_RS01420,SYNPCC7002_RS01785,0.0919000994697408
SYNPCC7002_RS16320,SYNPCC7002_RS15875,0.0918798760150645
SYNPCC7002_RS08255,SYNPCC7002_RS14055,0.091866019939597
SYNPCC7002_RS12395,SYNPCC7002_RS05180,0.0918649826618869
SYNPCC7002_RS02455,SYNPCC7002_RS02320,0.0918536555032547
SYNPCC7002_RS04890,SYNPCC7002_RS08475,0.0918402159194364
SYNPCC7002_RS03760,SYNPCC7002_RS02955,0.0918135297893404
SYNPCC7002_RS00690,SYNPCC7002_RS00195,0.0918119301970564
SYNPCC7002_RS08965,SYNPCC7002_RS04500,0.0918115857942703
SYNPCC7002_RS08965,SYNPCC7002_RS10685,0.0918085869119473
SYNPCC7002_RS05135,SYNPCC7002_RS03090,0.0917847069961889
SYNPCC7002_RS10050,SYNPCC7002_RS14860,0.0917790988470738
SYNPCC7002_RS08390,SYNPCC7002_RS07040,0.0917517331603637
SYNPCC7002_RS09820,SYNPCC7002_RS01410,0.0917436804034191
SYNPCC7002_RS04250,SYNPCC7002_RS06075,0.0917406873612572
SYNPCC7002_RS08965,SYNPCC7002_RS04955,0.0917377869266918
SYNPCC7002_RS02455,SYNPCC7002_RS14965,0.0917333382220129
SYNPCC7002_RS10050,SYNPCC7002_RS01945,0.0917286513715074
SYNPCC7002_RS00650,SYNPCC7002_RS08125,0.0916961215387332
SYNPCC7002_RS04890,SYNPCC7002_RS05140,0.0916944545390086
SYNPCC7002_RS12395,SYNPCC7002_RS13615,0.0916833352806734
SYNPCC7002_RS09820,SYNPCC7002_RS12140,0.0916813740859893
SYNPCC7002_RS03295,SYNPCC7002_RS01950,0.0916756611345096
SYNPCC7002_RS04780,SYNPCC7002_RS12945,0.091652566568348
SYNPCC7002_RS05460,SYNPCC7002_RS15850,0.0916348881556231
SYNPCC7002_RS09780,SYNPCC7002_RS01185,0.0916316673548846
SYNPCC7002_RS05985,SYNPCC7002_RS08610,0.0916140133826015
SYNPCC7002_RS04890,SYNPCC7002_RS08305,0.0916135885079105
SYNPCC7002_RS05135,SYNPCC7002_RS10890,0.0916023481897663
SYNPCC7002_RS02410,SYNPCC7002_RS12930,0.0915980053299173
SYNPCC7002_RS08210,SYNPCC7002_RS00745,0.0915734196107902
SYNPCC7002_RS08965,SYNPCC7002_RS00650,0.0915622850023998
SYNPCC7002_RS11685,SYNPCC7002_RS06320,0.0915561583607923
SYNPCC7002_RS04680,SYNPCC7002_RS14275,0.0915478846856528
SYNPCC7002_RS15520,SYNPCC7002_RS16030,0.0915331663791978
SYNPCC7002_RS04780,SYNPCC7002_RS09510,0.0915132045995686
SYNPCC7002_RS07385,SYNPCC7002_RS08985,0.0915086853886424
SYNPCC7002_RS04780,SYNPCC7002_RS07040,0.091505121300148
SYNPCC7002_RS01420,SYNPCC7002_RS16735,0.0915042362817488
SYNPCC7002_RS02715,SYNPCC7002_RS06845,0.0914981232295918
SYNPCC7002_RS08945,SYNPCC7002_RS13460,0.0914929184184492
SYNPCC7002_RS04250,SYNPCC7002_RS08400,0.0914891604446493
SYNPCC7002_RS04250,SYNPCC7002_RS10875,0.0914869204456792
SYNPCC7002_RS09995,SYNPCC7002_RS11130,0.091477510827466
SYNPCC7002_RS12395,SYNPCC7002_RS05260,0.0914773105953851
SYNPCC7002_RS12395,SYNPCC7002_RS00170,0.0914623956600187
SYNPCC7002_RS09630,SYNPCC7002_RS12195,0.0914528728460656
SYNPCC7002_RS09630,SYNPCC7002_RS07430,0.0914450509938489
SYNPCC7002_RS15680,SYNPCC7002_RS02975,0.0914440740310086
SYNPCC7002_RS09630,SYNPCC7002_RS14675,0.0914407947201875
SYNPCC7002_RS09995,SYNPCC7002_RS05480,0.0914393060400415
SYNPCC7002_RS05135,SYNPCC7002_RS10950,0.0914328754601339
SYNPCC7002_RS09260,SYNPCC7002_RS13410,0.0914127045246269
SYNPCC7002_RS04680,SYNPCC7002_RS00235,0.0913890863989831
SYNPCC7002_RS15520,SYNPCC7002_RS17180,0.0913855134724904
SYNPCC7002_RS00010,SYNPCC7002_RS07735,0.0913768820874327
SYNPCC7002_RS12395,SYNPCC7002_RS10735,0.0913713376495719
SYNPCC7002_RS09995,SYNPCC7002_RS11300,0.0913682632634442
SYNPCC7002_RS10050,SYNPCC7002_RS07810,0.0913648476998816
SYNPCC7002_RS05135,SYNPCC7002_RS06175,0.0913633708919441
SYNPCC7002_RS11400,SYNPCC7002_RS00115,0.091358681676852
SYNPCC7002_RS15255,SYNPCC7002_RS15325,0.0913414107322655
SYNPCC7002_RS01335,SYNPCC7002_RS15790,0.0913327077369023
SYNPCC7002_RS04680,SYNPCC7002_RS13325,0.0913315680393981
SYNPCC7002_RS05985,SYNPCC7002_RS06805,0.0913262249701269
SYNPCC7002_RS02715,SYNPCC7002_RS14855,0.0913236174973156
SYNPCC7002_RS04650,SYNPCC7002_RS08060,0.0913168311333337
SYNPCC7002_RS10145,SYNPCC7002_RS05810,0.0913167620948404
SYNPCC7002_RS05135,SYNPCC7002_RS08190,0.0913157511779032
SYNPCC7002_RS04650,SYNPCC7002_RS01485,0.0913061435225138
SYNPCC7002_RS05985,SYNPCC7002_RS01520,0.0912790069647669
SYNPCC7002_RS06540,SYNPCC7002_RS01615,0.0912782077883698
SYNPCC7002_RS09195,SYNPCC7002_RS09855,0.0912765971390036
SYNPCC7002_RS05985,SYNPCC7002_RS00825,0.0912723627640955
SYNPCC7002_RS03030,SYNPCC7002_RS01600,0.0912568615807958
SYNPCC7002_RS08210,SYNPCC7002_RS01475,0.0912542506104104
SYNPCC7002_RS00650,SYNPCC7002_RS13470,0.0912518364175741
SYNPCC7002_RS06540,SYNPCC7002_RS10065,0.0912514150047385
SYNPCC7002_RS08965,SYNPCC7002_RS05490,0.0912367447264467
SYNPCC7002_RS15520,SYNPCC7002_RS08730,0.0912299369944248
SYNPCC7002_RS15720,SYNPCC7002_RS15320,0.0912162397057217
SYNPCC7002_RS04250,SYNPCC7002_RS09525,0.0912010583360873
SYNPCC7002_RS04780,SYNPCC7002_RS16210,0.0911848400430349
SYNPCC7002_RS01800,SYNPCC7002_RS03295,0.0911779268856189
SYNPCC7002_RS00650,SYNPCC7002_RS11390,0.0911777362240013
SYNPCC7002_RS01420,SYNPCC7002_RS14860,0.0911727373707358
SYNPCC7002_RS09090,SYNPCC7002_RS15615,0.09116449820434
SYNPCC7002_RS11685,SYNPCC7002_RS02090,0.0911631142593969
SYNPCC7002_RS02715,SYNPCC7002_RS17030,0.0911539715640816
SYNPCC7002_RS07385,SYNPCC7002_RS00055,0.0911394483204283
SYNPCC7002_RS05985,SYNPCC7002_RS09470,0.091137812787328
SYNPCC7002_RS07295,SYNPCC7002_RS09400,0.0911366380210808
SYNPCC7002_RS09420,SYNPCC7002_RS09425,0.0911337199813582
SYNPCC7002_RS04650,SYNPCC7002_RS09580,0.0911314836590638
SYNPCC7002_RS09995,SYNPCC7002_RS10615,0.0911070414780891
SYNPCC7002_RS10145,SYNPCC7002_RS03985,0.0911046203313533
SYNPCC7002_RS07385,SYNPCC7002_RS08100,0.0911019627073731
SYNPCC7002_RS09630,SYNPCC7002_RS11825,0.0911019517102197
SYNPCC7002_RS16160,SYNPCC7002_RS16670,0.0911016381438714
SYNPCC7002_RS05135,SYNPCC7002_RS12445,0.09109483644015
SYNPCC7002_RS12395,SYNPCC7002_RS06590,0.091092381641746
SYNPCC7002_RS10050,SYNPCC7002_RS16395,0.091090079159921
SYNPCC7002_RS04780,SYNPCC7002_RS06960,0.0910820242071069
SYNPCC7002_RS04250,SYNPCC7002_RS08185,0.0910780047631321
SYNPCC7002_RS04250,SYNPCC7002_RS09470,0.091067054253262
SYNPCC7002_RS03030,SYNPCC7002_RS02485,0.0910555522769983
SYNPCC7002_RS15680,SYNPCC7002_RS08445,0.091054888040608
SYNPCC7002_RS12395,SYNPCC7002_RS08060,0.0910290654022307
SYNPCC7002_RS03030,SYNPCC7002_RS03575,0.0910115082271883
SYNPCC7002_RS15680,SYNPCC7002_RS02040,0.0910107909828304
SYNPCC7002_RS04250,SYNPCC7002_RS06510,0.0909943134017529
SYNPCC7002_RS10050,SYNPCC7002_RS10950,0.0909859829330385
SYNPCC7002_RS09320,SYNPCC7002_RS12025,0.0909766078783726
SYNPCC7002_RS08390,SYNPCC7002_RS12755,0.0909750479765714
SYNPCC7002_RS04890,SYNPCC7002_RS00305,0.0909712469440034
SYNPCC7002_RS12395,SYNPCC7002_RS03525,0.0909708179435083
SYNPCC7002_RS07385,SYNPCC7002_RS06820,0.0909680820260676
SYNPCC7002_RS04680,SYNPCC7002_RS11435,0.0909662680440381
SYNPCC7002_RS08965,SYNPCC7002_RS01990,0.0909597028511343
SYNPCC7002_RS09320,SYNPCC7002_RS00635,0.0909565472059053
SYNPCC7002_RS08390,SYNPCC7002_RS07410,0.0909558981614984
SYNPCC7002_RS11685,SYNPCC7002_RS13150,0.0909520247423331
SYNPCC7002_RS08965,SYNPCC7002_RS05745,0.0909509435507657
SYNPCC7002_RS08965,SYNPCC7002_RS05740,0.090935010235368
SYNPCC7002_RS02715,SYNPCC7002_RS06145,0.0909256422562093
SYNPCC7002_RS01420,SYNPCC7002_RS13865,0.0909187288558424
SYNPCC7002_RS07385,SYNPCC7002_RS02670,0.0909112530787979
SYNPCC7002_RS04890,SYNPCC7002_RS04950,0.0908730326022132
SYNPCC7002_RS04250,SYNPCC7002_RS12665,0.0908672337432667
SYNPCC7002_RS09260,SYNPCC7002_RS15465,0.0908639570099949
SYNPCC7002_RS08965,SYNPCC7002_RS04060,0.0908479512321525
SYNPCC7002_RS01420,SYNPCC7002_RS12190,0.090842288905338
SYNPCC7002_RS10525,SYNPCC7002_RS14975,0.0908383838368155
SYNPCC7002_RS03030,SYNPCC7002_RS15445,0.0908357886235019
SYNPCC7002_RS01420,SYNPCC7002_RS05280,0.0908274564291521
SYNPCC7002_RS11400,SYNPCC7002_RS01705,0.0908259309349855
SYNPCC7002_RS05460,SYNPCC7002_RS17155,0.0908250759038086
SYNPCC7002_RS12395,SYNPCC7002_RS15055,0.090824915331855
SYNPCC7002_RS00050,SYNPCC7002_RS00360,0.0908064698341193
SYNPCC7002_RS12395,SYNPCC7002_RS06395,0.090802761449367
SYNPCC7002_RS04650,SYNPCC7002_RS05905,0.090795935059971
SYNPCC7002_RS04680,SYNPCC7002_RS08495,0.0907793354163287
SYNPCC7002_RS14440,SYNPCC7002_RS15475,0.090771969836958
SYNPCC7002_RS01335,SYNPCC7002_RS16245,0.0907612360545425
SYNPCC7002_RS00260,SYNPCC7002_RS09350,0.0907595622552358
SYNPCC7002_RS09995,SYNPCC7002_RS02935,0.0907573795152271
SYNPCC7002_RS05135,SYNPCC7002_RS06330,0.0907467310324168
SYNPCC7002_RS10050,SYNPCC7002_RS17030,0.0907355956438694
SYNPCC7002_RS03030,SYNPCC7002_RS02395,0.090732054423208
SYNPCC7002_RS11685,SYNPCC7002_RS02100,0.0907210310857825
SYNPCC7002_RS09195,SYNPCC7002_RS13040,0.090717367679194
SYNPCC7002_RS15520,SYNPCC7002_RS14915,0.0907127713682304
SYNPCC7002_RS02715,SYNPCC7002_RS08370,0.0906969275387599
SYNPCC7002_RS05460,SYNPCC7002_RS17030,0.0906961243111785
SYNPCC7002_RS05460,SYNPCC7002_RS05655,0.0906838229077258
SYNPCC7002_RS11685,SYNPCC7002_RS04845,0.0906678161229562
SYNPCC7002_RS10050,SYNPCC7002_RS03660,0.0906471136604199
SYNPCC7002_RS04780,SYNPCC7002_RS15585,0.0906458870175277
SYNPCC7002_RS09260,SYNPCC7002_RS10535,0.090645791902698
SYNPCC7002_RS04650,SYNPCC7002_RS12695,0.0906266237282057
SYNPCC7002_RS05460,SYNPCC7002_RS14805,0.0906265242852586
SYNPCC7002_RS09780,SYNPCC7002_RS02605,0.0906221557741668
SYNPCC7002_RS08965,SYNPCC7002_RS04445,0.0906116672219631
SYNPCC7002_RS12515,SYNPCC7002_RS08490,0.0906011907992127
SYNPCC7002_RS09820,SYNPCC7002_RS06835,0.0905968115455057
SYNPCC7002_RS05135,SYNPCC7002_RS03385,0.0905913221604919
SYNPCC7002_RS13450,SYNPCC7002_RS11650,0.0905827693557203
SYNPCC7002_RS01335,SYNPCC7002_RS06655,0.090570403706041
SYNPCC7002_RS04780,SYNPCC7002_RS08525,0.0905681867384776
SYNPCC7002_RS00050,SYNPCC7002_RS06470,0.090560422281668
SYNPCC7002_RS05460,SYNPCC7002_RS07125,0.0905571716088545
SYNPCC7002_RS12395,SYNPCC7002_RS07600,0.090554942594865
SYNPCC7002_RS03030,SYNPCC7002_RS03805,0.0905280049001175
SYNPCC7002_RS04680,SYNPCC7002_RS05575,0.0905262516723781
SYNPCC7002_RS04890,SYNPCC7002_RS06580,0.0904935878946528
SYNPCC7002_RS01335,SYNPCC7002_RS05340,0.0904917528954673
SYNPCC7002_RS05985,SYNPCC7002_RS08600,0.090479692154781
SYNPCC7002_RS00650,SYNPCC7002_RS02350,0.090477233615812
SYNPCC7002_RS05135,SYNPCC7002_RS13820,0.0904668980728069
SYNPCC7002_RS00260,SYNPCC7002_RS08195,0.090466556925406
SYNPCC7002_RS14790,SYNPCC7002_RS05935,0.090465261384343
SYNPCC7002_RS04890,SYNPCC7002_RS05100,0.0904473237558596
SYNPCC7002_RS08390,SYNPCC7002_RS13165,0.0904422567879602
SYNPCC7002_RS09630,SYNPCC7002_RS00950,0.0904345389525283
SYNPCC7002_RS01335,SYNPCC7002_RS03640,0.0904275878344549
SYNPCC7002_RS08860,SYNPCC7002_RS13915,0.0904190158272785
SYNPCC7002_RS04780,SYNPCC7002_RS03545,0.090415278351189
SYNPCC7002_RS03950,SYNPCC7002_RS16315,0.0904147693788737
SYNPCC7002_RS04680,SYNPCC7002_RS08730,0.0904120476345094
SYNPCC7002_RS09420,SYNPCC7002_RS16675,0.0904118482369851
SYNPCC7002_RS00640,SYNPCC7002_RS16455,0.0904117223834943
SYNPCC7002_RS01800,SYNPCC7002_RS10200,0.0903770283402184
SYNPCC7002_RS05135,SYNPCC7002_RS09900,0.0903682799782821
SYNPCC7002_RS09320,SYNPCC7002_RS09595,0.0903633830960692
SYNPCC7002_RS06540,SYNPCC7002_RS07010,0.0903599952316676
SYNPCC7002_RS08965,SYNPCC7002_RS00230,0.0903590493388493
SYNPCC7002_RS09780,SYNPCC7002_RS01850,0.0903527124317866
SYNPCC7002_RS04250,SYNPCC7002_RS10225,0.0903370429375112
SYNPCC7002_RS09820,SYNPCC7002_RS00555,0.0903296201664849
SYNPCC7002_RS02715,SYNPCC7002_RS03660,0.0903255085943767
SYNPCC7002_RS09320,SYNPCC7002_RS02275,0.0903239105799914
SYNPCC7002_RS04250,SYNPCC7002_RS11610,0.0903150998910645
SYNPCC7002_RS08390,SYNPCC7002_RS09315,0.0903054963955488
SYNPCC7002_RS06150,SYNPCC7002_RS15850,0.0903016350169384
SYNPCC7002_RS08860,SYNPCC7002_RS09385,0.090296341699251
SYNPCC7002_RS11400,SYNPCC7002_RS01125,0.0902898077444588
SYNPCC7002_RS08945,SYNPCC7002_RS07370,0.090281341199303
SYNPCC7002_RS00260,SYNPCC7002_RS09810,0.0902739366787512
SYNPCC7002_RS05985,SYNPCC7002_RS04875,0.0902631739436981
SYNPCC7002_RS01800,SYNPCC7002_RS11050,0.0902572803856679
SYNPCC7002_RS12395,SYNPCC7002_RS06350,0.0902400979618014
SYNPCC7002_RS08390,SYNPCC7002_RS12740,0.090228244027578
SYNPCC7002_RS02455,SYNPCC7002_RS01620,0.0902256936539849
SYNPCC7002_RS01800,SYNPCC7002_RS11870,0.0902231506242763
SYNPCC7002_RS05460,SYNPCC7002_RS13210,0.0902008395172199
SYNPCC7002_RS12395,SYNPCC7002_RS09910,0.0901856204379484
SYNPCC7002_RS01800,SYNPCC7002_RS08765,0.0901731981667494
SYNPCC7002_RS09630,SYNPCC7002_RS14560,0.0901721597293693
SYNPCC7002_RS14440,SYNPCC7002_RS14405,0.0901581032646917
SYNPCC7002_RS04680,SYNPCC7002_RS12375,0.0901542249708097
SYNPCC7002_RS06540,SYNPCC7002_RS04445,0.0901290853645113
SYNPCC7002_RS04780,SYNPCC7002_RS13525,0.0901265058678678
SYNPCC7002_RS05135,SYNPCC7002_RS04890,0.0901210408060471
SYNPCC7002_RS11685,SYNPCC7002_RS12985,0.0900674240458233
SYNPCC7002_RS08860,SYNPCC7002_RS17115,0.090066581973448
SYNPCC7002_RS05985,SYNPCC7002_RS08925,0.0900571310363126
SYNPCC7002_RS00260,SYNPCC7002_RS11275,0.0900562630781564
SYNPCC7002_RS00640,SYNPCC7002_RS10195,0.0900503729452172
SYNPCC7002_RS03760,SYNPCC7002_RS00195,0.0900358408191591
SYNPCC7002_RS16320,SYNPCC7002_RS15650,0.0900357402690585
SYNPCC7002_RS09820,SYNPCC7002_RS03415,0.0900327854379488
SYNPCC7002_RS12090,SYNPCC7002_RS13565,0.0900285173559321
SYNPCC7002_RS03030,SYNPCC7002_RS08410,0.0900178608367682
SYNPCC7002_RS04250,SYNPCC7002_RS14735,0.0900146172206144
SYNPCC7002_RS01800,SYNPCC7002_RS01950,0.0900145703115569
SYNPCC7002_RS03295,SYNPCC7002_RS14355,0.090002867303319
SYNPCC7002_RS11400,SYNPCC7002_RS01990,0.0900025577138581
SYNPCC7002_RS04650,SYNPCC7002_RS05385,0.0899993264698462
SYNPCC7002_RS04890,SYNPCC7002_RS01135,0.0899978972736068
SYNPCC7002_RS05135,SYNPCC7002_RS10975,0.0899909746652074
SYNPCC7002_RS15995,SYNPCC7002_RS08035,0.0899841839826533
SYNPCC7002_RS05985,SYNPCC7002_RS13030,0.0899782780070471
SYNPCC7002_RS09260,SYNPCC7002_RS16055,0.0899639664968613
SYNPCC7002_RS15520,SYNPCC7002_RS11490,0.0899592903038327
SYNPCC7002_RS06540,SYNPCC7002_RS12750,0.0899474939355444
SYNPCC7002_RS04650,SYNPCC7002_RS07195,0.0899327173028088
SYNPCC7002_RS03295,SYNPCC7002_RS14350,0.0899248911457625
SYNPCC7002_RS16320,SYNPCC7002_RS14440,0.0899240621435213
SYNPCC7002_RS03030,SYNPCC7002_RS01260,0.0899161170123573
SYNPCC7002_RS16160,SYNPCC7002_RS08440,0.089910863344947
SYNPCC7002_RS12515,SYNPCC7002_RS01215,0.0898919575865642
SYNPCC7002_RS05460,SYNPCC7002_RS05615,0.089885840714399
SYNPCC7002_RS02715,SYNPCC7002_RS02725,0.0898765602256204
SYNPCC7002_RS09820,SYNPCC7002_RS06915,0.0898713553429353
SYNPCC7002_RS15680,SYNPCC7002_RS10555,0.089863284356043
SYNPCC7002_RS09820,SYNPCC7002_RS12215,0.089855685950426
SYNPCC7002_RS04890,SYNPCC7002_RS06585,0.0898551129350271
SYNPCC7002_RS08255,SYNPCC7002_RS01075,0.089840791760456
SYNPCC7002_RS06150,SYNPCC7002_RS15780,0.0897970747188574
SYNPCC7002_RS12515,SYNPCC7002_RS10120,0.089796491951312
SYNPCC7002_RS08965,SYNPCC7002_RS11220,0.0897830527329553
SYNPCC7002_RS04890,SYNPCC7002_RS13535,0.0897659626973167
SYNPCC7002_RS05135,SYNPCC7002_RS09420,0.0897553609880012
SYNPCC7002_RS16320,SYNPCC7002_RS15330,0.0897420951398443
SYNPCC7002_RS02455,SYNPCC7002_RS16220,0.0897363374950195
SYNPCC7002_RS08965,SYNPCC7002_RS07285,0.0897200379597981
SYNPCC7002_RS08965,SYNPCC7002_RS06380,0.089711421290803
SYNPCC7002_RS09995,SYNPCC7002_RS09675,0.0897045081599357
SYNPCC7002_RS06005,SYNPCC7002_RS11755,0.0897026565432501
SYNPCC7002_RS03760,SYNPCC7002_RS08615,0.0896945930071022
SYNPCC7002_RS08965,SYNPCC7002_RS13980,0.089680434100645
SYNPCC7002_RS09320,SYNPCC7002_RS13675,0.0896787057744408
SYNPCC7002_RS08255,SYNPCC7002_RS02160,0.0896728898772941
SYNPCC7002_RS04250,SYNPCC7002_RS07085,0.0896623795416673
SYNPCC7002_RS08965,SYNPCC7002_RS01605,0.0896586190042225
SYNPCC7002_RS09420,SYNPCC7002_RS15000,0.08965316016593
SYNPCC7002_RS05985,SYNPCC7002_RS16470,0.089650470409495
SYNPCC7002_RS00650,SYNPCC7002_RS07530,0.0896441645760813
SYNPCC7002_RS08965,SYNPCC7002_RS13870,0.0896330863998446
SYNPCC7002_RS16320,SYNPCC7002_RS09300,0.0896240931974216
SYNPCC7002_RS01335,SYNPCC7002_RS07620,0.0895942407665094
SYNPCC7002_RS14385,SYNPCC7002_RS14405,0.0895914705677649
SYNPCC7002_RS00650,SYNPCC7002_RS07285,0.0895875693059879
SYNPCC7002_RS01800,SYNPCC7002_RS08280,0.0895873462965741
SYNPCC7002_RS04890,SYNPCC7002_RS06785,0.0895517326313892
SYNPCC7002_RS06540,SYNPCC7002_RS02480,0.0895504314037271
SYNPCC7002_RS03950,SYNPCC7002_RS13210,0.089539440969931
SYNPCC7002_RS08390,SYNPCC7002_RS03110,0.0895380319877962
SYNPCC7002_RS08390,SYNPCC7002_RS15690,0.0895362153016185
SYNPCC7002_RS04250,SYNPCC7002_RS04270,0.0895351166805309
SYNPCC7002_RS08860,SYNPCC7002_RS12565,0.089530729818007
SYNPCC7002_RS04890,SYNPCC7002_RS04565,0.089519469749977
SYNPCC7002_RS12395,SYNPCC7002_RS16690,0.0895123406487318
SYNPCC7002_RS07385,SYNPCC7002_RS06765,0.0895077224912529
SYNPCC7002_RS11685,SYNPCC7002_RS01865,0.0895006818184153
SYNPCC7002_RS00650,SYNPCC7002_RS08965,0.0894981603359893
SYNPCC7002_RS04650,SYNPCC7002_RS05005,0.0894954253792303
SYNPCC7002_RS03760,SYNPCC7002_RS11510,0.0894935543551019
SYNPCC7002_RS09780,SYNPCC7002_RS15110,0.0894672722385546
SYNPCC7002_RS09320,SYNPCC7002_RS11545,0.0894629267719282
SYNPCC7002_RS09320,SYNPCC7002_RS01875,0.0894577152113508
SYNPCC7002_RS12515,SYNPCC7002_RS07875,0.0894517350829154
SYNPCC7002_RS04780,SYNPCC7002_RS13365,0.0894486343835148
SYNPCC7002_RS08390,SYNPCC7002_RS15820,0.0894456526928007
SYNPCC7002_RS08860,SYNPCC7002_RS15240,0.0894409488339481
SYNPCC7002_RS05135,SYNPCC7002_RS05180,0.0894347314355571
SYNPCC7002_RS12395,SYNPCC7002_RS03390,0.0894277992263989
SYNPCC7002_RS08175,SYNPCC7002_RS00940,0.0894234364696101
SYNPCC7002_RS05460,SYNPCC7002_RS03950,0.0894103275707446
SYNPCC7002_RS03950,SYNPCC7002_RS11195,0.0894077909198081
SYNPCC7002_RS09780,SYNPCC7002_RS04180,0.0893990607211756
SYNPCC7002_RS01800,SYNPCC7002_RS14465,0.089393477140469
SYNPCC7002_RS04890,SYNPCC7002_RS06350,0.0893898879078724
SYNPCC7002_RS04890,SYNPCC7002_RS09860,0.0893795327553911
SYNPCC7002_RS00690,SYNPCC7002_RS04770,0.0893695441769787
SYNPCC7002_RS04780,SYNPCC7002_RS04545,0.0893654605800676
SYNPCC7002_RS05985,SYNPCC7002_RS05910,0.0893620286518342
SYNPCC7002_RS01420,SYNPCC7002_RS05170,0.0893539896491795
SYNPCC7002_RS05135,SYNPCC7002_RS09305,0.089353055615383
SYNPCC7002_RS01420,SYNPCC7002_RS10595,0.089338769298291
SYNPCC7002_RS09820,SYNPCC7002_RS10195,0.0893385367148044
SYNPCC7002_RS15030,SYNPCC7002_RS07175,0.0893339737474556
SYNPCC7002_RS06540,SYNPCC7002_RS09225,0.0893295535323862
SYNPCC7002_RS04780,SYNPCC7002_RS10475,0.0893280386886114
SYNPCC7002_RS09780,SYNPCC7002_RS05325,0.0893254018816004
SYNPCC7002_RS09820,SYNPCC7002_RS14715,0.0893192177097099
SYNPCC7002_RS15520,SYNPCC7002_RS07280,0.089299433857396
SYNPCC7002_RS05460,SYNPCC7002_RS14345,0.0892978521011429
SYNPCC7002_RS15680,SYNPCC7002_RS11475,0.089293384886655
SYNPCC7002_RS12395,SYNPCC7002_RS07575,0.0892921976834277
SYNPCC7002_RS02715,SYNPCC7002_RS06665,0.0892893009785918
SYNPCC7002_RS14790,SYNPCC7002_RS04800,0.0892855550899333
SYNPCC7002_RS09995,SYNPCC7002_RS09730,0.0892776423144356
SYNPCC7002_RS00690,SYNPCC7002_RS08075,0.0892576922494046
SYNPCC7002_RS03950,SYNPCC7002_RS07920,0.0892448424008998
SYNPCC7002_RS04250,SYNPCC7002_RS16975,0.089241662994972
SYNPCC7002_RS12395,SYNPCC7002_RS05245,0.0892344766475175
SYNPCC7002_RS04250,SYNPCC7002_RS10895,0.0892278592099415
SYNPCC7002_RS05135,SYNPCC7002_RS10275,0.0891974414292553
SYNPCC7002_RS09630,SYNPCC7002_RS06610,0.0891948271353479
SYNPCC7002_RS07385,SYNPCC7002_RS05635,0.0891886308002703
SYNPCC7002_RS11400,SYNPCC7002_RS12390,0.0891853250843955
SYNPCC7002_RS05135,SYNPCC7002_RS17245,0.0891470508394591
SYNPCC7002_RS04890,SYNPCC7002_RS06175,0.0891370552103013
SYNPCC7002_RS05135,SYNPCC7002_RS11190,0.0891328349593377
SYNPCC7002_RS04250,SYNPCC7002_RS06550,0.0891302689821463
SYNPCC7002_RS05985,SYNPCC7002_RS13630,0.0891259398256909
SYNPCC7002_RS04890,SYNPCC7002_RS11585,0.0891185607750162
SYNPCC7002_RS07295,SYNPCC7002_RS00835,0.0891165363187165
SYNPCC7002_RS09780,SYNPCC7002_RS16470,0.0891050945216421
SYNPCC7002_RS07385,SYNPCC7002_RS12965,0.0890901636482197
SYNPCC7002_RS04780,SYNPCC7002_RS12750,0.0890880300338644
SYNPCC7002_RS08945,SYNPCC7002_RS07195,0.0890833629686053
SYNPCC7002_RS12395,SYNPCC7002_RS04245,0.0890485973952248
SYNPCC7002_RS08860,SYNPCC7002_RS08595,0.089046329282162
SYNPCC7002_RS08390,SYNPCC7002_RS03775,0.0890281648014546
SYNPCC7002_RS05985,SYNPCC7002_RS17025,0.089023572774819
SYNPCC7002_RS03030,SYNPCC7002_RS03570,0.0890214601168901
SYNPCC7002_RS12515,SYNPCC7002_RS01620,0.0890173256793435
SYNPCC7002_RS12395,SYNPCC7002_RS05300,0.0890151938602603
SYNPCC7002_RS11400,SYNPCC7002_RS03375,0.0890105425880699
SYNPCC7002_RS08390,SYNPCC7002_RS09070,0.0890041373093309
SYNPCC7002_RS10050,SYNPCC7002_RS04305,0.0889938339555862
SYNPCC7002_RS12395,SYNPCC7002_RS05970,0.0889786060439262
SYNPCC7002_RS09780,SYNPCC7002_RS09975,0.0889773602998085
SYNPCC7002_RS00640,SYNPCC7002_RS16410,0.0889708080787023
SYNPCC7002_RS05135,SYNPCC7002_RS06050,0.0889684955797336
SYNPCC7002_RS15520,SYNPCC7002_RS02070,0.0889676137952012
SYNPCC7002_RS04780,SYNPCC7002_RS11615,0.0889608054317191
SYNPCC7002_RS12395,SYNPCC7002_RS11690,0.0889599448402381
SYNPCC7002_RS08390,SYNPCC7002_RS13790,0.0889524543390106
SYNPCC7002_RS06165,SYNPCC7002_RS04455,0.0889474917410192
SYNPCC7002_RS02715,SYNPCC7002_RS13300,0.0889472286887737
SYNPCC7002_RS04290,SYNPCC7002_RS11870,0.0889439496139142
SYNPCC7002_RS09820,SYNPCC7002_RS08810,0.088933036208858
SYNPCC7002_RS11685,SYNPCC7002_RS08060,0.0889271326704412
SYNPCC7002_RS08390,SYNPCC7002_RS13965,0.0889233511895671
SYNPCC7002_RS09780,SYNPCC7002_RS13090,0.0889202706720372
SYNPCC7002_RS08390,SYNPCC7002_RS02240,0.088917555214315
SYNPCC7002_RS08965,SYNPCC7002_RS01390,0.0889082223825175
SYNPCC7002_RS06150,SYNPCC7002_RS11560,0.0889044197467868
SYNPCC7002_RS12090,SYNPCC7002_RS05555,0.0888929914076449
SYNPCC7002_RS12395,SYNPCC7002_RS05130,0.0888863416906121
SYNPCC7002_RS01420,SYNPCC7002_RS08670,0.0888803919085264
SYNPCC7002_RS04250,SYNPCC7002_RS01485,0.0888590744729051
SYNPCC7002_RS10050,SYNPCC7002_RS12120,0.0888496833524715
SYNPCC7002_RS05135,SYNPCC7002_RS06025,0.0888413856257148
SYNPCC7002_RS04680,SYNPCC7002_RS00300,0.0888382461411403
SYNPCC7002_RS12395,SYNPCC7002_RS16380,0.0888344539259574
SYNPCC7002_RS03030,SYNPCC7002_RS06225,0.088833862093018
SYNPCC7002_RS04650,SYNPCC7002_RS04010,0.088817422102803
SYNPCC7002_RS04780,SYNPCC7002_RS11505,0.0888058396064384
SYNPCC7002_RS08255,SYNPCC7002_RS01375,0.0887968751306152
SYNPCC7002_RS09995,SYNPCC7002_RS03820,0.0887951410428463
SYNPCC7002_RS02715,SYNPCC7002_RS14865,0.0887948075576537
SYNPCC7002_RS08210,SYNPCC7002_RS10405,0.0887817017553985
SYNPCC7002_RS16320,SYNPCC7002_RS15320,0.0887644177842075
SYNPCC7002_RS02715,SYNPCC7002_RS16420,0.0887531080849545
SYNPCC7002_RS00650,SYNPCC7002_RS13575,0.088751580984039
SYNPCC7002_RS06540,SYNPCC7002_RS08490,0.0887504819000591
SYNPCC7002_RS12395,SYNPCC7002_RS05405,0.0887440407900017
SYNPCC7002_RS12105,SYNPCC7002_RS00660,0.0887401922703582
SYNPCC7002_RS08210,SYNPCC7002_RS02620,0.0887360077354243
SYNPCC7002_RS12395,SYNPCC7002_RS00270,0.0887293081918842
SYNPCC7002_RS10050,SYNPCC7002_RS04410,0.0887266692649026
SYNPCC7002_RS09780,SYNPCC7002_RS04380,0.0887236785519629
SYNPCC7002_RS09995,SYNPCC7002_RS02620,0.0887167593145887
SYNPCC7002_RS15520,SYNPCC7002_RS15190,0.0887134018981981
SYNPCC7002_RS10050,SYNPCC7002_RS13080,0.0887060700391296
SYNPCC7002_RS05985,SYNPCC7002_RS13395,0.0886955982418418
SYNPCC7002_RS00260,SYNPCC7002_RS00245,0.0886934464065034
SYNPCC7002_RS09780,SYNPCC7002_RS11950,0.0886861276117771
SYNPCC7002_RS04890,SYNPCC7002_RS01745,0.088675493605577
SYNPCC7002_RS04890,SYNPCC7002_RS01595,0.0886637509755496
SYNPCC7002_RS04890,SYNPCC7002_RS03385,0.0886544494486608
SYNPCC7002_RS12090,SYNPCC7002_RS06280,0.0886468960893022
SYNPCC7002_RS05135,SYNPCC7002_RS16370,0.088636225507787
SYNPCC7002_RS05135,SYNPCC7002_RS12485,0.0886251345651013
SYNPCC7002_RS09995,SYNPCC7002_RS08480,0.0886181438067801
SYNPCC7002_RS12395,SYNPCC7002_RS06720,0.0886156621842502
SYNPCC7002_RS08175,SYNPCC7002_RS11570,0.0886107304736998
SYNPCC7002_RS04780,SYNPCC7002_RS12705,0.08858935569984
SYNPCC7002_RS08390,SYNPCC7002_RS07220,0.0885877795859576
SYNPCC7002_RS05135,SYNPCC7002_RS02405,0.0885750886234927
SYNPCC7002_RS08965,SYNPCC7002_RS06680,0.0885689773325333
SYNPCC7002_RS04680,SYNPCC7002_RS12530,0.0885687128508716
SYNPCC7002_RS05135,SYNPCC7002_RS09095,0.0885686385207584
SYNPCC7002_RS02715,SYNPCC7002_RS05210,0.0885669095896511
SYNPCC7002_RS06005,SYNPCC7002_RS14625,0.0885647293435205
SYNPCC7002_RS12395,SYNPCC7002_RS16935,0.088564375508671
SYNPCC7002_RS01335,SYNPCC7002_RS08620,0.0885634906532493
SYNPCC7002_RS01800,SYNPCC7002_RS12885,0.0885601368444359
SYNPCC7002_RS15030,SYNPCC7002_RS14985,0.0885590457455043
SYNPCC7002_RS04780,SYNPCC7002_RS05415,0.0885578275300384
SYNPCC7002_RS05985,SYNPCC7002_RS07500,0.0885469037554456
SYNPCC7002_RS12395,SYNPCC7002_RS09580,0.0885368083442669
SYNPCC7002_RS05985,SYNPCC7002_RS00810,0.0885334412126893
SYNPCC7002_RS09630,SYNPCC7002_RS10115,0.0885164272688957
SYNPCC7002_RS08480,SYNPCC7002_RS11185,0.0884959899554781
SYNPCC7002_RS08965,SYNPCC7002_RS10910,0.0884792629665851
SYNPCC7002_RS01335,SYNPCC7002_RS13690,0.0884781052594544
SYNPCC7002_RS04890,SYNPCC7002_RS05425,0.0884763686919529
SYNPCC7002_RS05985,SYNPCC7002_RS12775,0.0884688377090973
SYNPCC7002_RS11400,SYNPCC7002_RS02885,0.0884589074929604
SYNPCC7002_RS12395,SYNPCC7002_RS07475,0.0884493119328104
SYNPCC7002_RS08255,SYNPCC7002_RS02910,0.0884461468675196
SYNPCC7002_RS02455,SYNPCC7002_RS14175,0.0884385075564136
SYNPCC7002_RS12515,SYNPCC7002_RS03515,0.088436241659076
SYNPCC7002_RS00640,SYNPCC7002_RS04910,0.0884321556654973
SYNPCC7002_RS00050,SYNPCC7002_RS08470,0.0884284359607142
SYNPCC7002_RS00050,SYNPCC7002_RS16440,0.088427479560751
SYNPCC7002_RS02455,SYNPCC7002_RS03045,0.0884258869325601
SYNPCC7002_RS08945,SYNPCC7002_RS11960,0.088422408029459
SYNPCC7002_RS04250,SYNPCC7002_RS00885,0.0884148908282513
SYNPCC7002_RS09320,SYNPCC7002_RS04075,0.0884142578417482
SYNPCC7002_RS04650,SYNPCC7002_RS07495,0.0884029633784658
SYNPCC7002_RS09780,SYNPCC7002_RS17235,0.0884001451175091
SYNPCC7002_RS08390,SYNPCC7002_RS00480,0.0883972082240027
SYNPCC7002_RS05135,SYNPCC7002_RS07775,0.0883882055475042
SYNPCC7002_RS15520,SYNPCC7002_RS01460,0.0883880196271181
SYNPCC7002_RS01335,SYNPCC7002_RS05775,0.0883878172923178
SYNPCC7002_RS08965,SYNPCC7002_RS09040,0.088375687683032
SYNPCC7002_RS12395,SYNPCC7002_RS14010,0.0883750776341189
SYNPCC7002_RS10050,SYNPCC7002_RS15055,0.088365152474611
SYNPCC7002_RS04780,SYNPCC7002_RS07455,0.0883567926223522
SYNPCC7002_RS15520,SYNPCC7002_RS09290,0.0883523209852172
SYNPCC7002_RS04780,SYNPCC7002_RS15520,0.0883436630475138
SYNPCC7002_RS12395,SYNPCC7002_RS10275,0.0883328526432944
SYNPCC7002_RS09630,SYNPCC7002_RS14005,0.0883324077390052
SYNPCC7002_RS01420,SYNPCC7002_RS03390,0.0883196263999079
SYNPCC7002_RS05985,SYNPCC7002_RS10030,0.0883162848576304
SYNPCC7002_RS08965,SYNPCC7002_RS05635,0.0883114383873964
SYNPCC7002_RS02715,SYNPCC7002_RS03905,0.0882994569819145
SYNPCC7002_RS09845,SYNPCC7002_RS01685,0.0882975491656173
SYNPCC7002_RS02715,SYNPCC7002_RS15440,0.0882963027946189
SYNPCC7002_RS12395,SYNPCC7002_RS14205,0.0882898588073196
SYNPCC7002_RS01420,SYNPCC7002_RS07140,0.0882893398608449
SYNPCC7002_RS08965,SYNPCC7002_RS12055,0.0882868579538913
SYNPCC7002_RS10050,SYNPCC7002_RS11005,0.0882817251729106
SYNPCC7002_RS12395,SYNPCC7002_RS02090,0.0882618001719704
SYNPCC7002_RS09630,SYNPCC7002_RS07955,0.0882602880728221
SYNPCC7002_RS08255,SYNPCC7002_RS07100,0.0882598280408235
SYNPCC7002_RS05460,SYNPCC7002_RS08890,0.0882546149727933
SYNPCC7002_RS16320,SYNPCC7002_RS16830,0.0882492948978498
SYNPCC7002_RS00650,SYNPCC7002_RS04515,0.0882323901649928
SYNPCC7002_RS03760,SYNPCC7002_RS11080,0.088223297892996
SYNPCC7002_RS01335,SYNPCC7002_RS08275,0.0882232343761647
SYNPCC7002_RS01085,SYNPCC7002_RS12470,0.0882117674728748
SYNPCC7002_RS15255,SYNPCC7002_RS15700,0.088196715699312
SYNPCC7002_RS08945,SYNPCC7002_RS14920,0.0881941370037801
SYNPCC7002_RS12395,SYNPCC7002_RS10280,0.0881823629685054
SYNPCC7002_RS10050,SYNPCC7002_RS02510,0.0881800624960875
SYNPCC7002_RS07385,SYNPCC7002_RS04755,0.0881776110270269
SYNPCC7002_RS04250,SYNPCC7002_RS11150,0.0881757490093524
SYNPCC7002_RS16320,SYNPCC7002_RS07190,0.0881697128094253
SYNPCC7002_RS14385,SYNPCC7002_RS16505,0.088167279114602
SYNPCC7002_RS10050,SYNPCC7002_RS10135,0.0881561295564662
SYNPCC7002_RS08965,SYNPCC7002_RS13645,0.0881477543515239
SYNPCC7002_RS04780,SYNPCC7002_RS06535,0.0881417843662326
SYNPCC7002_RS11400,SYNPCC7002_RS01620,0.0881408276571442
SYNPCC7002_RS04650,SYNPCC7002_RS12020,0.0881354822941571
SYNPCC7002_RS01420,SYNPCC7002_RS08555,0.088134190907719
SYNPCC7002_RS15520,SYNPCC7002_RS11735,0.0881270831944517
SYNPCC7002_RS09820,SYNPCC7002_RS03620,0.0881257900770627
SYNPCC7002_RS05985,SYNPCC7002_RS12070,0.0881169039452976
SYNPCC7002_RS08860,SYNPCC7002_RS00380,0.0881147401316785
SYNPCC7002_RS09820,SYNPCC7002_RS15440,0.0881050335828319
SYNPCC7002_RS05135,SYNPCC7002_RS11005,0.0880738171743076
SYNPCC7002_RS04250,SYNPCC7002_RS09885,0.0880614193035429
SYNPCC7002_RS16320,SYNPCC7002_RS13175,0.0880608619022678
SYNPCC7002_RS10050,SYNPCC7002_RS09160,0.0880478226430934
SYNPCC7002_RS09320,SYNPCC7002_RS11635,0.0880143791488784
SYNPCC7002_RS08965,SYNPCC7002_RS11835,0.088014167707627
SYNPCC7002_RS08965,SYNPCC7002_RS02730,0.0880133196275163
SYNPCC7002_RS08965,SYNPCC7002_RS04545,0.0880048592847734
SYNPCC7002_RS02455,SYNPCC7002_RS15915,0.0880023093793079
SYNPCC7002_RS02715,SYNPCC7002_RS14845,0.0879996596851565
SYNPCC7002_RS06540,SYNPCC7002_RS00235,0.0879785567310164
SYNPCC7002_RS10050,SYNPCC7002_RS08890,0.0879770988324433
SYNPCC7002_RS08965,SYNPCC7002_RS15225,0.0879767386523578
SYNPCC7002_RS04780,SYNPCC7002_RS09710,0.0879675590064841
SYNPCC7002_RS00640,SYNPCC7002_RS10215,0.0879566920295833
SYNPCC7002_RS05135,SYNPCC7002_RS16935,0.087945894387914
SYNPCC7002_RS10050,SYNPCC7002_RS01925,0.087934039649236
SYNPCC7002_RS08255,SYNPCC7002_RS04510,0.0879269626983387
SYNPCC7002_RS05135,SYNPCC7002_RS08220,0.0879247560931332
SYNPCC7002_RS15255,SYNPCC7002_RS01425,0.0879196889013138
SYNPCC7002_RS10050,SYNPCC7002_RS04775,0.0878864903564035
SYNPCC7002_RS09260,SYNPCC7002_RS12335,0.0878846083854319
SYNPCC7002_RS02715,SYNPCC7002_RS07775,0.087878642841602
SYNPCC7002_RS03950,SYNPCC7002_RS15810,0.0878709111281928
SYNPCC7002_RS05985,SYNPCC7002_RS12265,0.0878680569353625
SYNPCC7002_RS04780,SYNPCC7002_RS04360,0.087867533149315
SYNPCC7002_RS09995,SYNPCC7002_RS00785,0.0878665850215995
SYNPCC7002_RS08390,SYNPCC7002_RS12970,0.0878648308383943
SYNPCC7002_RS05135,SYNPCC7002_RS13065,0.087862871212836
SYNPCC7002_RS10050,SYNPCC7002_RS03210,0.0878616201945721
SYNPCC7002_RS06540,SYNPCC7002_RS11615,0.0878484465980881
SYNPCC7002_RS05460,SYNPCC7002_RS13000,0.0878440781884175
SYNPCC7002_RS09780,SYNPCC7002_RS15170,0.0878254247785805
SYNPCC7002_RS04250,SYNPCC7002_RS12355,0.0878103173157096
SYNPCC7002_RS02455,SYNPCC7002_RS11855,0.0878051143140512
SYNPCC7002_RS12515,SYNPCC7002_RS11270,0.0878044486443367
SYNPCC7002_RS15255,SYNPCC7002_RS02065,0.0878018618210297
SYNPCC7002_RS09820,SYNPCC7002_RS06010,0.0877986469281154
SYNPCC7002_RS05135,SYNPCC7002_RS06080,0.0877951331800287
SYNPCC7002_RS06540,SYNPCC7002_RS11940,0.0877856433335138
SYNPCC7002_RS00050,SYNPCC7002_RS16605,0.08778120000306
SYNPCC7002_RS09780,SYNPCC7002_RS16995,0.0877732935662586
SYNPCC7002_RS14440,SYNPCC7002_RS14390,0.0877705429217627
SYNPCC7002_RS10050,SYNPCC7002_RS11730,0.0877655734065183
SYNPCC7002_RS10050,SYNPCC7002_RS07770,0.0877650877784348
SYNPCC7002_RS09320,SYNPCC7002_RS02120,0.0877585902918492
SYNPCC7002_RS05135,SYNPCC7002_RS08780,0.0877537290143112
SYNPCC7002_RS09780,SYNPCC7002_RS13745,0.0877480649641711
SYNPCC7002_RS03030,SYNPCC7002_RS15450,0.0877394693101934
SYNPCC7002_RS05460,SYNPCC7002_RS15265,0.087734982105832
SYNPCC7002_RS04890,SYNPCC7002_RS14245,0.0877340491326457
SYNPCC7002_RS05135,SYNPCC7002_RS09560,0.0877152670169075
SYNPCC7002_RS03950,SYNPCC7002_RS16835,0.0877134354212106
SYNPCC7002_RS15680,SYNPCC7002_RS10560,0.0877032552869846
SYNPCC7002_RS05135,SYNPCC7002_RS12725,0.0877012326585377
SYNPCC7002_RS04890,SYNPCC7002_RS05130,0.0876945741485882
SYNPCC7002_RS07295,SYNPCC7002_RS13610,0.0876936290204263
SYNPCC7002_RS06150,SYNPCC7002_RS14610,0.0876930108862629
SYNPCC7002_RS09320,SYNPCC7002_RS03880,0.0876852713749994
SYNPCC7002_RS15255,SYNPCC7002_RS10635,0.0876831226195613
SYNPCC7002_RS01420,SYNPCC7002_RS03610,0.0876680292668104
SYNPCC7002_RS08945,SYNPCC7002_RS13600,0.0876553179866103
SYNPCC7002_RS15520,SYNPCC7002_RS14290,0.0876505387710481
SYNPCC7002_RS10050,SYNPCC7002_RS08995,0.0876452655710664
SYNPCC7002_RS03030,SYNPCC7002_RS15345,0.0876441847617834
SYNPCC7002_RS08390,SYNPCC7002_RS02375,0.0876335078329611
SYNPCC7002_RS05135,SYNPCC7002_RS08060,0.0876310119766167
SYNPCC7002_RS00690,SYNPCC7002_RS13800,0.0876303157956788
SYNPCC7002_RS16320,SYNPCC7002_RS05920,0.0876069970567257
SYNPCC7002_RS04680,SYNPCC7002_RS08635,0.0876020259228771
SYNPCC7002_RS05985,SYNPCC7002_RS08265,0.0876015466929058
SYNPCC7002_RS01335,SYNPCC7002_RS00950,0.0875968411937539
SYNPCC7002_RS04890,SYNPCC7002_RS12690,0.0875929118610889
SYNPCC7002_RS15720,SYNPCC7002_RS15680,0.0875717684189904
SYNPCC7002_RS05460,SYNPCC7002_RS14865,0.087567641443889
SYNPCC7002_RS09175,SYNPCC7002_RS07940,0.0875666040272786
SYNPCC7002_RS06540,SYNPCC7002_RS10430,0.0875560622779635
SYNPCC7002_RS00260,SYNPCC7002_RS10255,0.087551690338835
SYNPCC7002_RS10050,SYNPCC7002_RS14250,0.0875457925890481
SYNPCC7002_RS15255,SYNPCC7002_RS11465,0.0875360422982784
SYNPCC7002_RS03030,SYNPCC7002_RS01480,0.087534314058468
SYNPCC7002_RS11685,SYNPCC7002_RS03465,0.087533791043248
SYNPCC7002_RS02410,SYNPCC7002_RS09080,0.087529272083678
SYNPCC7002_RS04680,SYNPCC7002_RS03260,0.0875289615768083
SYNPCC7002_RS12395,SYNPCC7002_RS05175,0.0875077957214552
SYNPCC7002_RS12395,SYNPCC7002_RS01140,0.0875071678832238
SYNPCC7002_RS00640,SYNPCC7002_RS16825,0.087498338780186
SYNPCC7002_RS12515,SYNPCC7002_RS15995,0.0874981379859786
SYNPCC7002_RS00640,SYNPCC7002_RS04425,0.0874845212505933
SYNPCC7002_RS00010,SYNPCC7002_RS01410,0.0874699397314375
SYNPCC7002_RS06540,SYNPCC7002_RS07250,0.0874680588512446
SYNPCC7002_RS05135,SYNPCC7002_RS05255,0.0874594437363878
SYNPCC7002_RS04780,SYNPCC7002_RS02760,0.0874516937772697
SYNPCC7002_RS00010,SYNPCC7002_RS12935,0.087414627239299
SYNPCC7002_RS07295,SYNPCC7002_RS07305,0.087413462588416
SYNPCC7002_RS05135,SYNPCC7002_RS07490,0.08741038982586
SYNPCC7002_RS01420,SYNPCC7002_RS01415,0.0874024834385614
SYNPCC7002_RS04780,SYNPCC7002_RS16080,0.0873989913528384
SYNPCC7002_RS10050,SYNPCC7002_RS04640,0.0873920199291842
SYNPCC7002_RS08965,SYNPCC7002_RS01080,0.0873843209229026
SYNPCC7002_RS10050,SYNPCC7002_RS06720,0.0873625396477457
SYNPCC7002_RS14440,SYNPCC7002_RS09860,0.0873595038776986
SYNPCC7002_RS03950,SYNPCC7002_RS13590,0.0873587283683856
SYNPCC7002_RS08965,SYNPCC7002_RS07050,0.0873481907583451
SYNPCC7002_RS08210,SYNPCC7002_RS03305,0.0873465010263114
SYNPCC7002_RS08390,SYNPCC7002_RS08085,0.0873416411972368
SYNPCC7002_RS09995,SYNPCC7002_RS02115,0.0873338757785909
SYNPCC7002_RS04250,SYNPCC7002_RS00430,0.0873248205999789
SYNPCC7002_RS06150,SYNPCC7002_RS10630,0.0873165669137495
SYNPCC7002_RS02715,SYNPCC7002_RS04940,0.0873144327053663
SYNPCC7002_RS09820,SYNPCC7002_RS08085,0.0873087601938478
SYNPCC7002_RS06540,SYNPCC7002_RS07325,0.0873066962207988
SYNPCC7002_RS15255,SYNPCC7002_RS14435,0.0873054539808175
SYNPCC7002_RS02715,SYNPCC7002_RS05290,0.0872975968187226
SYNPCC7002_RS12395,SYNPCC7002_RS03275,0.0872963456601725
SYNPCC7002_RS05135,SYNPCC7002_RS09785,0.0872940931018253
SYNPCC7002_RS01335,SYNPCC7002_RS07515,0.0872926666384825
SYNPCC7002_RS04290,SYNPCC7002_RS01340,0.0872898641546186
SYNPCC7002_RS09995,SYNPCC7002_RS04570,0.087249251431898
SYNPCC7002_RS09995,SYNPCC7002_RS08290,0.0872452653776876
SYNPCC7002_RS08175,SYNPCC7002_RS10760,0.0872418384614894
SYNPCC7002_RS15030,SYNPCC7002_RS15040,0.0872264899604706
SYNPCC7002_RS04650,SYNPCC7002_RS08550,0.0872146762245874
SYNPCC7002_RS05135,SYNPCC7002_RS11235,0.0872086087733125
SYNPCC7002_RS10050,SYNPCC7002_RS16840,0.0871937172145744
SYNPCC7002_RS12395,SYNPCC7002_RS07775,0.0871871133352787
SYNPCC7002_RS05135,SYNPCC7002_RS07680,0.0871860525176769
SYNPCC7002_RS03030,SYNPCC7002_RS16190,0.0871825179193157
SYNPCC7002_RS06150,SYNPCC7002_RS07150,0.087179539173333
SYNPCC7002_RS08390,SYNPCC7002_RS12215,0.0871751785842349
SYNPCC7002_RS11685,SYNPCC7002_RS12850,0.0871751723902037
SYNPCC7002_RS01800,SYNPCC7002_RS12450,0.087166739576342
SYNPCC7002_RS04780,SYNPCC7002_RS03840,0.0871608645088116
SYNPCC7002_RS12395,SYNPCC7002_RS09460,0.0871565005943494
SYNPCC7002_RS08945,SYNPCC7002_RS03730,0.0871445358519994
SYNPCC7002_RS04780,SYNPCC7002_RS06055,0.0871271979809942
SYNPCC7002_RS03950,SYNPCC7002_RS14435,0.0871131901489377
SYNPCC7002_RS12090,SYNPCC7002_RS10320,0.0871103679557438
SYNPCC7002_RS04650,SYNPCC7002_RS13670,0.0870999601775198
SYNPCC7002_RS08965,SYNPCC7002_RS09320,0.0870803863203117
SYNPCC7002_RS12395,SYNPCC7002_RS16385,0.0870778728930836
SYNPCC7002_RS15680,SYNPCC7002_RS06555,0.0870740965212649
SYNPCC7002_RS08210,SYNPCC7002_RS14740,0.0870671899727815
SYNPCC7002_RS04680,SYNPCC7002_RS06405,0.0870612006818725
SYNPCC7002_RS15520,SYNPCC7002_RS10115,0.0870583507962258
SYNPCC7002_RS05460,SYNPCC7002_RS15990,0.0870522714380562
SYNPCC7002_RS04890,SYNPCC7002_RS14280,0.0870501584049684
SYNPCC7002_RS01420,SYNPCC7002_RS07535,0.0870448957550974
SYNPCC7002_RS12395,SYNPCC7002_RS04485,0.08702686333578
SYNPCC7002_RS04780,SYNPCC7002_RS14155,0.0870267474573613
SYNPCC7002_RS16320,SYNPCC7002_RS06465,0.0870043129292114
SYNPCC7002_RS04890,SYNPCC7002_RS01585,0.0870027957729574
SYNPCC7002_RS07295,SYNPCC7002_RS07310,0.0870027537383131
SYNPCC7002_RS05135,SYNPCC7002_RS11000,0.0869951954805794
SYNPCC7002_RS02715,SYNPCC7002_RS13705,0.0869892356167806
SYNPCC7002_RS10050,SYNPCC7002_RS00820,0.086981169973767
SYNPCC7002_RS01800,SYNPCC7002_RS10205,0.0869770839503478
SYNPCC7002_RS11685,SYNPCC7002_RS00305,0.0869731741847618
SYNPCC7002_RS03295,SYNPCC7002_RS01340,0.086968622003607
SYNPCC7002_RS01420,SYNPCC7002_RS06570,0.0869669999068805
SYNPCC7002_RS09260,SYNPCC7002_RS14000,0.0869595931208554
SYNPCC7002_RS04780,SYNPCC7002_RS12290,0.0869469801805722
SYNPCC7002_RS04780,SYNPCC7002_RS16040,0.0869389720246779
SYNPCC7002_RS08945,SYNPCC7002_RS00665,0.0869316025500754
SYNPCC7002_RS05460,SYNPCC7002_RS08720,0.0869275661181749
SYNPCC7002_RS09820,SYNPCC7002_RS04915,0.0869239831599666
SYNPCC7002_RS14440,SYNPCC7002_RS14430,0.0869154401361546
SYNPCC7002_RS03030,SYNPCC7002_RS11400,0.0869122035484723
SYNPCC7002_RS04650,SYNPCC7002_RS11120,0.0869092547559644
SYNPCC7002_RS04250,SYNPCC7002_RS05005,0.0869037616324707
SYNPCC7002_RS02455,SYNPCC7002_RS05855,0.0869018695167812
SYNPCC7002_RS14790,SYNPCC7002_RS01715,0.0869009574634262
SYNPCC7002_RS15680,SYNPCC7002_RS04835,0.0868899611676308
SYNPCC7002_RS09780,SYNPCC7002_RS04270,0.0868753465686299
SYNPCC7002_RS12090,SYNPCC7002_RS06195,0.0868675829855933
SYNPCC7002_RS03030,SYNPCC7002_RS07035,0.086851406585535
SYNPCC7002_RS04780,SYNPCC7002_RS03225,0.0868461395526007
SYNPCC7002_RS09780,SYNPCC7002_RS07575,0.0868022333447829
SYNPCC7002_RS00260,SYNPCC7002_RS15860,0.0867918120927147
SYNPCC7002_RS08210,SYNPCC7002_RS02255,0.0867908069023551
SYNPCC7002_RS10050,SYNPCC7002_RS04295,0.086785430959894
SYNPCC7002_RS09630,SYNPCC7002_RS02625,0.0867611500820779
SYNPCC7002_RS03760,SYNPCC7002_RS09880,0.0867546446379445
SYNPCC7002_RS06005,SYNPCC7002_RS07400,0.0867526688616677
SYNPCC7002_RS00650,SYNPCC7002_RS16570,0.0867323936497696
SYNPCC7002_RS09630,SYNPCC7002_RS15925,0.0867200335913389
SYNPCC7002_RS12395,SYNPCC7002_RS04095,0.0867185882029591
SYNPCC7002_RS15410,SYNPCC7002_RS00955,0.0867155919258437
SYNPCC7002_RS12395,SYNPCC7002_RS06080,0.0867151185757025
SYNPCC7002_RS08945,SYNPCC7002_RS09610,0.0867115363205786
SYNPCC7002_RS05135,SYNPCC7002_RS04010,0.0867106999080321
SYNPCC7002_RS04890,SYNPCC7002_RS12005,0.086684277499384
SYNPCC7002_RS02715,SYNPCC7002_RS12630,0.0866627040189434
SYNPCC7002_RS09780,SYNPCC7002_RS15885,0.0866534380189592
SYNPCC7002_RS15520,SYNPCC7002_RS16190,0.0866531634134373
SYNPCC7002_RS03760,SYNPCC7002_RS12400,0.0866447967869129
SYNPCC7002_RS08965,SYNPCC7002_RS08410,0.0866428418083762
SYNPCC7002_RS09780,SYNPCC7002_RS07565,0.0866424287681722
SYNPCC7002_RS09820,SYNPCC7002_RS07435,0.0866367437777187
SYNPCC7002_RS08965,SYNPCC7002_RS05365,0.0866102627037517
SYNPCC7002_RS08965,SYNPCC7002_RS15015,0.0866058542326438
SYNPCC7002_RS09260,SYNPCC7002_RS03965,0.086593773804249
SYNPCC7002_RS11685,SYNPCC7002_RS11690,0.0865735824351959
SYNPCC7002_RS10050,SYNPCC7002_RS06395,0.0865729344250161
SYNPCC7002_RS05985,SYNPCC7002_RS13125,0.0865609706789386
SYNPCC7002_RS04650,SYNPCC7002_RS05475,0.0865552816821326
SYNPCC7002_RS05985,SYNPCC7002_RS11160,0.0865409986220729
SYNPCC7002_RS05460,SYNPCC7002_RS14420,0.0865268073505645
SYNPCC7002_RS15520,SYNPCC7002_RS08210,0.0865258478355713
SYNPCC7002_RS11400,SYNPCC7002_RS01295,0.086506460071616
SYNPCC7002_RS09780,SYNPCC7002_RS05940,0.0864883204037143
SYNPCC7002_RS15995,SYNPCC7002_RS02000,0.0864809871893834
SYNPCC7002_RS04890,SYNPCC7002_RS07770,0.0864686704680453
SYNPCC7002_RS11685,SYNPCC7002_RS02990,0.0864680380098845
SYNPCC7002_RS11400,SYNPCC7002_RS06705,0.0864653446691354
SYNPCC7002_RS05135,SYNPCC7002_RS02960,0.0864643450088708
SYNPCC7002_RS08965,SYNPCC7002_RS01480,0.0864637677426318
SYNPCC7002_RS09845,SYNPCC7002_RS13415,0.0864597611177273
SYNPCC7002_RS04780,SYNPCC7002_RS03560,0.0864445086115104
SYNPCC7002_RS01335,SYNPCC7002_RS10375,0.0864384383558998
SYNPCC7002_RS02715,SYNPCC7002_RS01940,0.0864275043188801
SYNPCC7002_RS16320,SYNPCC7002_RS03150,0.0864243685744538
SYNPCC7002_RS11400,SYNPCC7002_RS00385,0.08640838072777
SYNPCC7002_RS15255,SYNPCC7002_RS05105,0.0864071579153065
SYNPCC7002_RS09820,SYNPCC7002_RS04425,0.0864040475652782
SYNPCC7002_RS08390,SYNPCC7002_RS02025,0.0864035486420046
SYNPCC7002_RS09320,SYNPCC7002_RS16200,0.0864018723084688
SYNPCC7002_RS08210,SYNPCC7002_RS13340,0.0863687501172875
SYNPCC7002_RS15255,SYNPCC7002_RS15160,0.0863599812119883
SYNPCC7002_RS04890,SYNPCC7002_RS16130,0.0863585724307164
SYNPCC7002_RS12395,SYNPCC7002_RS05550,0.0863579483228576
SYNPCC7002_RS00640,SYNPCC7002_RS04915,0.0863419364966953
SYNPCC7002_RS02715,SYNPCC7002_RS10195,0.0863398170823526
SYNPCC7002_RS09320,SYNPCC7002_RS08745,0.0863247492988912
SYNPCC7002_RS15255,SYNPCC7002_RS16320,0.0863222393824108
SYNPCC7002_RS08390,SYNPCC7002_RS03190,0.0863068678201651
SYNPCC7002_RS03030,SYNPCC7002_RS01990,0.0863038405249252
SYNPCC7002_RS01800,SYNPCC7002_RS13290,0.0862943133358911
SYNPCC7002_RS01085,SYNPCC7002_RS00805,0.0862910823844688
SYNPCC7002_RS05985,SYNPCC7002_RS04395,0.0862849279035914
SYNPCC7002_RS09780,SYNPCC7002_RS12150,0.0862837753276593
SYNPCC7002_RS08210,SYNPCC7002_RS11220,0.0862632798346826
SYNPCC7002_RS10050,SYNPCC7002_RS03655,0.0862598410639966
SYNPCC7002_RS04250,SYNPCC7002_RS02790,0.086248142519361
SYNPCC7002_RS10050,SYNPCC7002_RS03420,0.0862478330733336
SYNPCC7002_RS05135,SYNPCC7002_RS11330,0.0862415281648476
SYNPCC7002_RS12395,SYNPCC7002_RS03290,0.0862403366062928
SYNPCC7002_RS05460,SYNPCC7002_RS14845,0.0862368686999267
SYNPCC7002_RS10050,SYNPCC7002_RS07585,0.0862302224606806
SYNPCC7002_RS04680,SYNPCC7002_RS00230,0.0862269730594812
SYNPCC7002_RS15680,SYNPCC7002_RS05690,0.0862266218174911
SYNPCC7002_RS03760,SYNPCC7002_RS13560,0.0862222985322039
SYNPCC7002_RS08965,SYNPCC7002_RS00385,0.0862218829750657
SYNPCC7002_RS09995,SYNPCC7002_RS16085,0.0862156502276952
SYNPCC7002_RS03030,SYNPCC7002_RS00130,0.08621334004504
SYNPCC7002_RS02715,SYNPCC7002_RS13190,0.0862126202889888
SYNPCC7002_RS04890,SYNPCC7002_RS12615,0.0862108821007674
SYNPCC7002_RS01335,SYNPCC7002_RS09235,0.0862082318724205
SYNPCC7002_RS07385,SYNPCC7002_RS03455,0.0862028812337216
SYNPCC7002_RS09630,SYNPCC7002_RS15930,0.0861975340590548
SYNPCC7002_RS07385,SYNPCC7002_RS02920,0.0861946240463093
SYNPCC7002_RS05985,SYNPCC7002_RS08230,0.0861936296791375
SYNPCC7002_RS01800,SYNPCC7002_RS10780,0.086181742280083
SYNPCC7002_RS04650,SYNPCC7002_RS09285,0.0861679177422954
SYNPCC7002_RS01085,SYNPCC7002_RS13300,0.0861640948659686
SYNPCC7002_RS06540,SYNPCC7002_RS04780,0.0861566737913502
SYNPCC7002_RS08965,SYNPCC7002_RS06205,0.0861524374847315
SYNPCC7002_RS09820,SYNPCC7002_RS09800,0.0861432778988294
SYNPCC7002_RS05135,SYNPCC7002_RS03810,0.0861363881164526
SYNPCC7002_RS06540,SYNPCC7002_RS01190,0.086134091991469
SYNPCC7002_RS05135,SYNPCC7002_RS14460,0.0861327626228552
SYNPCC7002_RS00650,SYNPCC7002_RS10220,0.0861196727411335
SYNPCC7002_RS09780,SYNPCC7002_RS16075,0.0861189981743657
SYNPCC7002_RS03030,SYNPCC7002_RS01840,0.0861159514789046
SYNPCC7002_RS12395,SYNPCC7002_RS02635,0.086113760222339
SYNPCC7002_RS04780,SYNPCC7002_RS02210,0.086113560474026
SYNPCC7002_RS09630,SYNPCC7002_RS03160,0.0861079022627282
SYNPCC7002_RS04650,SYNPCC7002_RS11610,0.0860999801381271
SYNPCC7002_RS09780,SYNPCC7002_RS14295,0.0860978247922373
SYNPCC7002_RS12090,SYNPCC7002_RS16025,0.0860943938902201
SYNPCC7002_RS01800,SYNPCC7002_RS01435,0.0860914373694167
SYNPCC7002_RS09820,SYNPCC7002_RS10805,0.0860909352709166
SYNPCC7002_RS03950,SYNPCC7002_RS12310,0.0860893944239542
SYNPCC7002_RS04250,SYNPCC7002_RS01350,0.0860821588990494
SYNPCC7002_RS09420,SYNPCC7002_RS12550,0.0860785535269996
SYNPCC7002_RS05985,SYNPCC7002_RS11150,0.0860710596373704
SYNPCC7002_RS12395,SYNPCC7002_RS08155,0.0860684032562893
SYNPCC7002_RS03030,SYNPCC7002_RS13715,0.0860590675619787
SYNPCC7002_RS12395,SYNPCC7002_RS02955,0.0860557233529251
SYNPCC7002_RS12395,SYNPCC7002_RS02575,0.0860551865805963
SYNPCC7002_RS00650,SYNPCC7002_RS05740,0.0860535331295524
SYNPCC7002_RS10050,SYNPCC7002_RS10830,0.086028123803367
SYNPCC7002_RS05985,SYNPCC7002_RS13555,0.0860261717553057
SYNPCC7002_RS09780,SYNPCC7002_RS14755,0.0860256918463686
SYNPCC7002_RS04650,SYNPCC7002_RS08315,0.0860225961365273
SYNPCC7002_RS10050,SYNPCC7002_RS06825,0.0860211659308981
SYNPCC7002_RS11400,SYNPCC7002_RS00520,0.0859939741506532
SYNPCC7002_RS15520,SYNPCC7002_RS02525,0.0859735743752082
SYNPCC7002_RS15410,SYNPCC7002_RS07660,0.0859697662286659
SYNPCC7002_RS15520,SYNPCC7002_RS15445,0.0859687354646765
SYNPCC7002_RS09995,SYNPCC7002_RS07210,0.0859650771503559
SYNPCC7002_RS08390,SYNPCC7002_RS06655,0.0859550911557298
SYNPCC7002_RS08965,SYNPCC7002_RS11285,0.0859532782497315
SYNPCC7002_RS09260,SYNPCC7002_RS14705,0.0859478645187528
SYNPCC7002_RS15410,SYNPCC7002_RS07905,0.0859432386760431
SYNPCC7002_RS08255,SYNPCC7002_RS10370,0.0859339733678138
SYNPCC7002_RS08965,SYNPCC7002_RS08425,0.0859326900687777
SYNPCC7002_RS05135,SYNPCC7002_RS01980,0.0859227125912464
SYNPCC7002_RS05135,SYNPCC7002_RS11450,0.0859225478156754
SYNPCC7002_RS05135,SYNPCC7002_RS13060,0.0859121530646118
SYNPCC7002_RS04250,SYNPCC7002_RS12485,0.0858987295028985
SYNPCC7002_RS08390,SYNPCC7002_RS14900,0.0858973854300591
SYNPCC7002_RS09995,SYNPCC7002_RS01380,0.0858845318975276
SYNPCC7002_RS04680,SYNPCC7002_RS02625,0.0858687315324046
SYNPCC7002_RS07295,SYNPCC7002_RS08715,0.0858574756639894
SYNPCC7002_RS15410,SYNPCC7002_RS07300,0.085851898958796
SYNPCC7002_RS14790,SYNPCC7002_RS05325,0.0858474989399798
SYNPCC7002_RS04890,SYNPCC7002_RS11190,0.0858352803956988
SYNPCC7002_RS04680,SYNPCC7002_RS02695,0.0858142637979578
SYNPCC7002_RS15410,SYNPCC7002_RS16180,0.0858110291066606
SYNPCC7002_RS05135,SYNPCC7002_RS00585,0.0857794015564251
SYNPCC7002_RS12090,SYNPCC7002_RS10470,0.085778506022273
SYNPCC7002_RS02455,SYNPCC7002_RS10430,0.0857673688032817
SYNPCC7002_RS06150,SYNPCC7002_RS07955,0.0857584228565873
SYNPCC7002_RS14440,SYNPCC7002_RS16785,0.0857485743670648
SYNPCC7002_RS12515,SYNPCC7002_RS03625,0.0857458217074335
SYNPCC7002_RS02715,SYNPCC7002_RS13050,0.0857449752114538
SYNPCC7002_RS09820,SYNPCC7002_RS07290,0.085743114631127
SYNPCC7002_RS03030,SYNPCC7002_RS09660,0.085739088774039
SYNPCC7002_RS08860,SYNPCC7002_RS07215,0.0857384686294584
SYNPCC7002_RS06150,SYNPCC7002_RS11740,0.0857352534686062
SYNPCC7002_RS01420,SYNPCC7002_RS03105,0.0857351365653971
SYNPCC7002_RS12395,SYNPCC7002_RS03060,0.0857314712245724
SYNPCC7002_RS06540,SYNPCC7002_RS14140,0.0857258525353828
SYNPCC7002_RS09820,SYNPCC7002_RS09220,0.0857086672163974
SYNPCC7002_RS15520,SYNPCC7002_RS02695,0.0856957403031377
SYNPCC7002_RS01800,SYNPCC7002_RS08760,0.0856778229310545
SYNPCC7002_RS00650,SYNPCC7002_RS06560,0.0856714415137366
SYNPCC7002_RS09780,SYNPCC7002_RS04880,0.0856711108709694
SYNPCC7002_RS08390,SYNPCC7002_RS12080,0.0856685516008834
SYNPCC7002_RS04890,SYNPCC7002_RS10925,0.0856632627836626
SYNPCC7002_RS04680,SYNPCC7002_RS02615,0.0856512759947419
SYNPCC7002_RS10050,SYNPCC7002_RS07340,0.0856388744934034
SYNPCC7002_RS04650,SYNPCC7002_RS02785,0.0856341781085069
SYNPCC7002_RS12395,SYNPCC7002_RS04640,0.0856279340940104
SYNPCC7002_RS05985,SYNPCC7002_RS11535,0.0856239138567946
SYNPCC7002_RS12395,SYNPCC7002_RS06585,0.0856204671633248
SYNPCC7002_RS10050,SYNPCC7002_RS07675,0.0856162136193751
SYNPCC7002_RS15255,SYNPCC7002_RS17225,0.0856016016059627
SYNPCC7002_RS01420,SYNPCC7002_RS06080,0.0855963943133921
SYNPCC7002_RS05135,SYNPCC7002_RS05395,0.0855943373236051
SYNPCC7002_RS09780,SYNPCC7002_RS00340,0.0855920819665827
SYNPCC7002_RS05985,SYNPCC7002_RS04525,0.0855896773925123
SYNPCC7002_RS15255,SYNPCC7002_RS15875,0.0855885429986615
SYNPCC7002_RS00640,SYNPCC7002_RS16330,0.0855848535916535
SYNPCC7002_RS05135,SYNPCC7002_RS10740,0.0855730696587531
SYNPCC7002_RS05135,SYNPCC7002_RS08245,0.0855606363844457
SYNPCC7002_RS08390,SYNPCC7002_RS13355,0.0855602438752117
SYNPCC7002_RS08965,SYNPCC7002_RS07380,0.0855555243632886
SYNPCC7002_RS05985,SYNPCC7002_RS04870,0.0855293688077874
SYNPCC7002_RS01800,SYNPCC7002_RS03000,0.0855176924442091
SYNPCC7002_RS08175,SYNPCC7002_RS05905,0.0855078727376916
SYNPCC7002_RS07295,SYNPCC7002_RS08900,0.0855049101937402
SYNPCC7002_RS05460,SYNPCC7002_RS10820,0.085504077196063
SYNPCC7002_RS08175,SYNPCC7002_RS00620,0.0855021931567063
SYNPCC7002_RS05460,SYNPCC7002_RS14350,0.0854991209870282
SYNPCC7002_RS04780,SYNPCC7002_RS02765,0.0854895033619682
SYNPCC7002_RS15680,SYNPCC7002_RS14770,0.0854870077281672
SYNPCC7002_RS05985,SYNPCC7002_RS15165,0.085484877508997
SYNPCC7002_RS01800,SYNPCC7002_RS09365,0.085477847932204
SYNPCC7002_RS04650,SYNPCC7002_RS00840,0.0854743736341341
SYNPCC7002_RS12395,SYNPCC7002_RS03520,0.0854681546611485
SYNPCC7002_RS05460,SYNPCC7002_RS15550,0.0854655730552428
SYNPCC7002_RS02455,SYNPCC7002_RS16095,0.0854603803100413
SYNPCC7002_RS15255,SYNPCC7002_RS15710,0.0854553095636815
SYNPCC7002_RS00050,SYNPCC7002_RS08925,0.0854531492763069
SYNPCC7002_RS12515,SYNPCC7002_RS16770,0.0854471077724642
SYNPCC7002_RS08390,SYNPCC7002_RS07290,0.0854453381833295
SYNPCC7002_RS15680,SYNPCC7002_RS05345,0.0854325577550805
SYNPCC7002_RS15680,SYNPCC7002_RS01165,0.0854276015288094
SYNPCC7002_RS09820,SYNPCC7002_RS05030,0.0854121741838729
SYNPCC7002_RS16160,SYNPCC7002_RS04880,0.0854044373922723
SYNPCC7002_RS01800,SYNPCC7002_RS06045,0.0854013712053735
SYNPCC7002_RS09320,SYNPCC7002_RS04450,0.0853994841130229
SYNPCC7002_RS04250,SYNPCC7002_RS02170,0.0853991066603944
SYNPCC7002_RS06150,SYNPCC7002_RS12705,0.0853986019135265
SYNPCC7002_RS08965,SYNPCC7002_RS01705,0.0853961882277417
SYNPCC7002_RS15520,SYNPCC7002_RS08495,0.0853948975129534
SYNPCC7002_RS09845,SYNPCC7002_RS13795,0.0853873106302013
SYNPCC7002_RS12395,SYNPCC7002_RS08660,0.0853861662563719
SYNPCC7002_RS02455,SYNPCC7002_RS01340,0.085368914364365
SYNPCC7002_RS04890,SYNPCC7002_RS16960,0.0853644949903666
SYNPCC7002_RS07385,SYNPCC7002_RS01780,0.085362318546756
SYNPCC7002_RS12395,SYNPCC7002_RS03670,0.0853376179326315
SYNPCC7002_RS05135,SYNPCC7002_RS13080,0.085336913116998
SYNPCC7002_RS12395,SYNPCC7002_RS14250,0.0853344164180235
SYNPCC7002_RS01335,SYNPCC7002_RS05790,0.0853296557951582
SYNPCC7002_RS03030,SYNPCC7002_RS02350,0.0853294429753258
SYNPCC7002_RS09995,SYNPCC7002_RS12590,0.085327415532302
SYNPCC7002_RS04780,SYNPCC7002_RS15815,0.0853259086334269
SYNPCC7002_RS08390,SYNPCC7002_RS13190,0.085310790761063
SYNPCC7002_RS12395,SYNPCC7002_RS07770,0.0852966935071165
SYNPCC7002_RS08390,SYNPCC7002_RS08620,0.0852956653235242
SYNPCC7002_RS10050,SYNPCC7002_RS03905,0.085292696838312
SYNPCC7002_RS01420,SYNPCC7002_RS06580,0.0852924315158965
SYNPCC7002_RS03030,SYNPCC7002_RS07210,0.0852893363903366
SYNPCC7002_RS00050,SYNPCC7002_RS01560,0.0852883672744231
SYNPCC7002_RS00050,SYNPCC7002_RS03790,0.08528461107299
SYNPCC7002_RS09845,SYNPCC7002_RS09260,0.0852732649490622
SYNPCC7002_RS05135,SYNPCC7002_RS11585,0.0852559339728793
SYNPCC7002_RS04290,SYNPCC7002_RS16785,0.0852553549339055
SYNPCC7002_RS01335,SYNPCC7002_RS02030,0.0852540219018914
SYNPCC7002_RS10050,SYNPCC7002_RS06025,0.085250217821964
SYNPCC7002_RS05135,SYNPCC7002_RS02500,0.0852487006707322
SYNPCC7002_RS02715,SYNPCC7002_RS05160,0.085247218724959
SYNPCC7002_RS09820,SYNPCC7002_RS08770,0.0852465129016654
SYNPCC7002_RS03760,SYNPCC7002_RS08055,0.0852417592227503
SYNPCC7002_RS14790,SYNPCC7002_RS04665,0.0852416991332435
SYNPCC7002_RS02455,SYNPCC7002_RS14915,0.0852343216668359
SYNPCC7002_RS04780,SYNPCC7002_RS14970,0.0852192808415302
SYNPCC7002_RS08390,SYNPCC7002_RS00985,0.0852184737451587
SYNPCC7002_RS15255,SYNPCC7002_RS09310,0.0852182084851476
SYNPCC7002_RS09320,SYNPCC7002_RS11290,0.0852134590964713
SYNPCC7002_RS03030,SYNPCC7002_RS06930,0.0852059430924567
SYNPCC7002_RS04780,SYNPCC7002_RS07335,0.0852032520490663
SYNPCC7002_RS10050,SYNPCC7002_RS15970,0.0851962723595796
SYNPCC7002_RS08210,SYNPCC7002_RS01875,0.085196202600664
SYNPCC7002_RS12105,SYNPCC7002_RS13125,0.0851928717223795
SYNPCC7002_RS04890,SYNPCC7002_RS12240,0.0851900716846695
SYNPCC7002_RS03950,SYNPCC7002_RS14775,0.0851874038620328
SYNPCC7002_RS08945,SYNPCC7002_RS09355,0.0851819991880569
SYNPCC7002_RS12515,SYNPCC7002_RS13270,0.0851813584766492
SYNPCC7002_RS05460,SYNPCC7002_RS07920,0.0851804092678988
SYNPCC7002_RS02715,SYNPCC7002_RS15075,0.0851749404879011
SYNPCC7002_RS04890,SYNPCC7002_RS02575,0.0851677707054241
SYNPCC7002_RS01335,SYNPCC7002_RS06155,0.0851602878044241
SYNPCC7002_RS08390,SYNPCC7002_RS12650,0.0851563948057348
SYNPCC7002_RS15410,SYNPCC7002_RS08455,0.0851555391395271
SYNPCC7002_RS15680,SYNPCC7002_RS13185,0.085152969568735
SYNPCC7002_RS12105,SYNPCC7002_RS17195,0.0851465066927048
SYNPCC7002_RS09320,SYNPCC7002_RS17180,0.0851449457268339
SYNPCC7002_RS01420,SYNPCC7002_RS14465,0.0851313535507636
SYNPCC7002_RS00010,SYNPCC7002_RS16600,0.0851257717464266
SYNPCC7002_RS01420,SYNPCC7002_RS03430,0.0851032699760557
SYNPCC7002_RS04250,SYNPCC7002_RS02265,0.0851020518175999
SYNPCC7002_RS12395,SYNPCC7002_RS12805,0.0850989661807257
SYNPCC7002_RS01085,SYNPCC7002_RS13995,0.0850965040553403
SYNPCC7002_RS05460,SYNPCC7002_RS04425,0.0850893928237675
SYNPCC7002_RS09630,SYNPCC7002_RS15940,0.0850888409026303
SYNPCC7002_RS02715,SYNPCC7002_RS01245,0.085083415141578
SYNPCC7002_RS03030,SYNPCC7002_RS02855,0.085075413317758
SYNPCC7002_RS09630,SYNPCC7002_RS14525,0.0850690076046643
SYNPCC7002_RS02455,SYNPCC7002_RS01125,0.0850463682781624
SYNPCC7002_RS00050,SYNPCC7002_RS16995,0.085044975042973
SYNPCC7002_RS01085,SYNPCC7002_RS01440,0.0850430549379592
SYNPCC7002_RS09175,SYNPCC7002_RS11915,0.0850358950961513
SYNPCC7002_RS08965,SYNPCC7002_RS06710,0.0850187440069948
SYNPCC7002_RS05135,SYNPCC7002_RS01930,0.0850157641689794
SYNPCC7002_RS15520,SYNPCC7002_RS15575,0.0850144104814659
SYNPCC7002_RS12395,SYNPCC7002_RS14255,0.0850120159544789
SYNPCC7002_RS15535,SYNPCC7002_RS01460,0.0850118498106477
SYNPCC7002_RS14790,SYNPCC7002_RS13910,0.0850040090424499
SYNPCC7002_RS08210,SYNPCC7002_RS02595,0.0850032918768269
SYNPCC7002_RS00050,SYNPCC7002_RS08830,0.0849680707314513
SYNPCC7002_RS09820,SYNPCC7002_RS15125,0.0849640465395395
SYNPCC7002_RS04780,SYNPCC7002_RS12515,0.0849558389023178
SYNPCC7002_RS15680,SYNPCC7002_RS15975,0.0849550209782831
SYNPCC7002_RS04780,SYNPCC7002_RS12795,0.0849446820798337
SYNPCC7002_RS05135,SYNPCC7002_RS09460,0.0849372136069079
SYNPCC7002_RS12395,SYNPCC7002_RS07490,0.0849235559355807
SYNPCC7002_RS13450,SYNPCC7002_RS00805,0.0849216898523599
SYNPCC7002_RS05460,SYNPCC7002_RS15310,0.0849175438595693
SYNPCC7002_RS15410,SYNPCC7002_RS13610,0.0849081632685796
SYNPCC7002_RS05460,SYNPCC7002_RS16455,0.0849013813977782
SYNPCC7002_RS05135,SYNPCC7002_RS08475,0.0849002636239044
SYNPCC7002_RS10050,SYNPCC7002_RS10890,0.0848948249938118
SYNPCC7002_RS00640,SYNPCC7002_RS15590,0.0848932045543841
SYNPCC7002_RS00650,SYNPCC7002_RS02445,0.0848810015586793
SYNPCC7002_RS09820,SYNPCC7002_RS14845,0.0848777944280489
SYNPCC7002_RS08175,SYNPCC7002_RS06370,0.0848768325141815
SYNPCC7002_RS09995,SYNPCC7002_RS14700,0.084876749671227
SYNPCC7002_RS08390,SYNPCC7002_RS13465,0.0848501041657061
SYNPCC7002_RS08255,SYNPCC7002_RS12800,0.0848499489465123
SYNPCC7002_RS05460,SYNPCC7002_RS15440,0.0848476579934044
SYNPCC7002_RS09780,SYNPCC7002_RS14240,0.0848465160053897
SYNPCC7002_RS16320,SYNPCC7002_RS16955,0.0848406695918507
SYNPCC7002_RS09820,SYNPCC7002_RS13370,0.0848306442206978
SYNPCC7002_RS07385,SYNPCC7002_RS16020,0.0848292257939927
SYNPCC7002_RS08965,SYNPCC7002_RS13470,0.084826824329251
SYNPCC7002_RS16320,SYNPCC7002_RS15980,0.084821603658471
SYNPCC7002_RS05135,SYNPCC7002_RS16130,0.0848154292984959
SYNPCC7002_RS08965,SYNPCC7002_RS02885,0.0848000830052984
SYNPCC7002_RS03295,SYNPCC7002_RS12885,0.084788698822944
SYNPCC7002_RS03760,SYNPCC7002_RS11895,0.0847876425848566
SYNPCC7002_RS08965,SYNPCC7002_RS10180,0.0847874645936116
SYNPCC7002_RS04890,SYNPCC7002_RS09910,0.0847848127691389
SYNPCC7002_RS12395,SYNPCC7002_RS12150,0.0847708506990285
SYNPCC7002_RS06540,SYNPCC7002_RS02490,0.0847464954402398
SYNPCC7002_RS12395,SYNPCC7002_RS08305,0.0847358787933959
SYNPCC7002_RS12395,SYNPCC7002_RS01760,0.0847337356705165
SYNPCC7002_RS08210,SYNPCC7002_RS00650,0.0847334741002267
SYNPCC7002_RS04890,SYNPCC7002_RS03465,0.0847255094978673
SYNPCC7002_RS11400,SYNPCC7002_RS07210,0.0847233498018177
SYNPCC7002_RS04250,SYNPCC7002_RS04860,0.0847166851151347
SYNPCC7002_RS04890,SYNPCC7002_RS09035,0.0847143543819464
SYNPCC7002_RS00050,SYNPCC7002_RS10725,0.0847136205904822
SYNPCC7002_RS04650,SYNPCC7002_RS05705,0.0847025957554248
SYNPCC7002_RS04250,SYNPCC7002_RS00915,0.0847004580817109
SYNPCC7002_RS02455,SYNPCC7002_RS14185,0.0846952282002857
SYNPCC7002_RS14790,SYNPCC7002_RS13975,0.0846918389238157
SYNPCC7002_RS09780,SYNPCC7002_RS03075,0.0846894701547123
SYNPCC7002_RS06540,SYNPCC7002_RS02210,0.0846872818905883
SYNPCC7002_RS08945,SYNPCC7002_RS01835,0.0846820254054103
SYNPCC7002_RS08175,SYNPCC7002_RS06440,0.0846809676375925
SYNPCC7002_RS09630,SYNPCC7002_RS14610,0.0846765194501459
SYNPCC7002_RS07295,SYNPCC7002_RS07405,0.0846748023893726
SYNPCC7002_RS03030,SYNPCC7002_RS00055,0.0846737480262895
SYNPCC7002_RS04890,SYNPCC7002_RS11325,0.0846660920929211
SYNPCC7002_RS09820,SYNPCC7002_RS17140,0.0846634248610149
SYNPCC7002_RS09995,SYNPCC7002_RS11995,0.0846612785352145
SYNPCC7002_RS08210,SYNPCC7002_RS15450,0.0846577480724322
SYNPCC7002_RS05460,SYNPCC7002_RS06200,0.0846514889929859
SYNPCC7002_RS08210,SYNPCC7002_RS01600,0.0846499996738985
SYNPCC7002_RS00640,SYNPCC7002_RS05945,0.0846406361313968
SYNPCC7002_RS08390,SYNPCC7002_RS01280,0.0846363860888942
SYNPCC7002_RS05985,SYNPCC7002_RS00770,0.0846352320436474
SYNPCC7002_RS08965,SYNPCC7002_RS01875,0.0846292810166613
SYNPCC7002_RS00640,SYNPCC7002_RS00750,0.0846267509656308
SYNPCC7002_RS08175,SYNPCC7002_RS13660,0.0846239725221063
SYNPCC7002_RS09995,SYNPCC7002_RS02530,0.0846141880325335
SYNPCC7002_RS04650,SYNPCC7002_RS04960,0.0846134577309782
SYNPCC7002_RS05135,SYNPCC7002_RS02215,0.0846133992909484
SYNPCC7002_RS05135,SYNPCC7002_RS17220,0.0846107499418633
SYNPCC7002_RS05985,SYNPCC7002_RS10320,0.0845979103873605
SYNPCC7002_RS09320,SYNPCC7002_RS00625,0.0845977847210143
SYNPCC7002_RS04250,SYNPCC7002_RS04895,0.0845935276791835
SYNPCC7002_RS01335,SYNPCC7002_RS12880,0.084591949108157
SYNPCC7002_RS11685,SYNPCC7002_RS09760,0.0845892686804498
SYNPCC7002_RS14790,SYNPCC7002_RS14635,0.0845873368218595
SYNPCC7002_RS12090,SYNPCC7002_RS05485,0.0845872179648587
SYNPCC7002_RS12395,SYNPCC7002_RS02215,0.0845842256557117
SYNPCC7002_RS09320,SYNPCC7002_RS06070,0.0845785485619292
SYNPCC7002_RS00050,SYNPCC7002_RS13815,0.0845783326966131
SYNPCC7002_RS05985,SYNPCC7002_RS07085,0.0845724995969923
SYNPCC7002_RS11685,SYNPCC7002_RS00885,0.0845700586910168
SYNPCC7002_RS08965,SYNPCC7002_RS01790,0.0845670415123775
SYNPCC7002_RS09320,SYNPCC7002_RS15225,0.0845557335955574
SYNPCC7002_RS12515,SYNPCC7002_RS08530,0.084553050148655
SYNPCC7002_RS09630,SYNPCC7002_RS10635,0.0845464159753093
SYNPCC7002_RS08390,SYNPCC7002_RS06855,0.0845435347374714
SYNPCC7002_RS05135,SYNPCC7002_RS12805,0.0845414368874317
SYNPCC7002_RS10050,SYNPCC7002_RS00200,0.0845232717285148
SYNPCC7002_RS12395,SYNPCC7002_RS01745,0.0845066384186574
SYNPCC7002_RS09630,SYNPCC7002_RS16725,0.0844981843409736
SYNPCC7002_RS15520,SYNPCC7002_RS08640,0.084494695546352
SYNPCC7002_RS15520,SYNPCC7002_RS10970,0.0844912405537245
SYNPCC7002_RS01335,SYNPCC7002_RS09625,0.0844884063744831
SYNPCC7002_RS14440,SYNPCC7002_RS16675,0.0844849105474938
SYNPCC7002_RS11685,SYNPCC7002_RS05835,0.0844821548769995
SYNPCC7002_RS11685,SYNPCC7002_RS04535,0.0844664081003742
SYNPCC7002_RS08390,SYNPCC7002_RS13895,0.084456584650692
SYNPCC7002_RS12395,SYNPCC7002_RS07590,0.084455716513631
SYNPCC7002_RS09995,SYNPCC7002_RS10310,0.0844445045203584
SYNPCC7002_RS15680,SYNPCC7002_RS05350,0.0844389026151416
SYNPCC7002_RS11400,SYNPCC7002_RS02225,0.0844320426404984
SYNPCC7002_RS15520,SYNPCC7002_RS03155,0.0844288207376448
SYNPCC7002_RS12090,SYNPCC7002_RS06475,0.0844261245465421
SYNPCC7002_RS09820,SYNPCC7002_RS10020,0.0844191562927895
SYNPCC7002_RS08945,SYNPCC7002_RS04250,0.0844188722222858
SYNPCC7002_RS05135,SYNPCC7002_RS05195,0.0844122570113773
SYNPCC7002_RS10050,SYNPCC7002_RS01980,0.0844007240455004
SYNPCC7002_RS13450,SYNPCC7002_RS07400,0.0843998567655435
SYNPCC7002_RS15520,SYNPCC7002_RS12530,0.0843992288505772
SYNPCC7002_RS08965,SYNPCC7002_RS06955,0.0843891932911266
SYNPCC7002_RS02455,SYNPCC7002_RS08410,0.0843704965934521
SYNPCC7002_RS06150,SYNPCC7002_RS01265,0.084361358590567
SYNPCC7002_RS09420,SYNPCC7002_RS14325,0.0843546833324611
SYNPCC7002_RS08175,SYNPCC7002_RS12770,0.0843366829581855
SYNPCC7002_RS00640,SYNPCC7002_RS01245,0.0843247622480075
SYNPCC7002_RS08175,SYNPCC7002_RS16165,0.0843089898543504
SYNPCC7002_RS09320,SYNPCC7002_RS08950,0.084291273440929
SYNPCC7002_RS12395,SYNPCC7002_RS09575,0.0842803085240397
SYNPCC7002_RS15410,SYNPCC7002_RS08905,0.0842787387500116
SYNPCC7002_RS08255,SYNPCC7002_RS14495,0.0842650537983063
SYNPCC7002_RS04780,SYNPCC7002_RS06150,0.0842562726010428
SYNPCC7002_RS10050,SYNPCC7002_RS01325,0.0842544143700261
SYNPCC7002_RS02715,SYNPCC7002_RS06430,0.0842522200451879
SYNPCC7002_RS08945,SYNPCC7002_RS12130,0.0842496118764037
SYNPCC7002_RS15255,SYNPCC7002_RS11985,0.0842388926042888
SYNPCC7002_RS15520,SYNPCC7002_RS06070,0.0842278874502344
SYNPCC7002_RS02455,SYNPCC7002_RS08940,0.0842098978475305
SYNPCC7002_RS08390,SYNPCC7002_RS05340,0.0842088019525619
SYNPCC7002_RS08965,SYNPCC7002_RS04025,0.0842022191727812
SYNPCC7002_RS07385,SYNPCC7002_RS04710,0.0842002585316584
SYNPCC7002_RS09845,SYNPCC7002_RS11645,0.0842001645904121
SYNPCC7002_RS08965,SYNPCC7002_RS04635,0.084195870012542
SYNPCC7002_RS09630,SYNPCC7002_RS06800,0.084194430249949
SYNPCC7002_RS09780,SYNPCC7002_RS04510,0.0841939134692774
SYNPCC7002_RS10050,SYNPCC7002_RS15805,0.0841857400857572
SYNPCC7002_RS03030,SYNPCC7002_RS01590,0.0841805021600079
SYNPCC7002_RS09780,SYNPCC7002_RS03750,0.0841800565326845
SYNPCC7002_RS09820,SYNPCC7002_RS04050,0.0841559531106161
SYNPCC7002_RS04890,SYNPCC7002_RS11240,0.0841498399986843
SYNPCC7002_RS10050,SYNPCC7002_RS03535,0.084140855558271
SYNPCC7002_RS00640,SYNPCC7002_RS15945,0.0841367279604399
SYNPCC7002_RS07385,SYNPCC7002_RS12740,0.0841354010318667
SYNPCC7002_RS15520,SYNPCC7002_RS08540,0.0841327820932252
SYNPCC7002_RS05135,SYNPCC7002_RS15085,0.0841318784934802
SYNPCC7002_RS02715,SYNPCC7002_RS13195,0.0841238604971274
SYNPCC7002_RS06540,SYNPCC7002_RS06710,0.0841142356866313
SYNPCC7002_RS09320,SYNPCC7002_RS02260,0.0841096985945171
SYNPCC7002_RS09175,SYNPCC7002_RS04305,0.0841094925309651
SYNPCC7002_RS08390,SYNPCC7002_RS02380,0.0841087105603475
SYNPCC7002_RS09320,SYNPCC7002_RS06775,0.0841010115616385
SYNPCC7002_RS00650,SYNPCC7002_RS01705,0.0841004383986759
SYNPCC7002_RS03295,SYNPCC7002_RS09150,0.0840949555287932
SYNPCC7002_RS12395,SYNPCC7002_RS12480,0.0840846200048384
SYNPCC7002_RS10050,SYNPCC7002_RS10040,0.0840787870380458
SYNPCC7002_RS02715,SYNPCC7002_RS09410,0.0840727531149567
SYNPCC7002_RS09175,SYNPCC7002_RS00615,0.0840647026031066
SYNPCC7002_RS09780,SYNPCC7002_RS11450,0.0840553942086376
SYNPCC7002_RS06540,SYNPCC7002_RS12870,0.0840414450769092
SYNPCC7002_RS10145,SYNPCC7002_RS10730,0.0840107901403694
SYNPCC7002_RS00260,SYNPCC7002_RS06930,0.0840103682858805
SYNPCC7002_RS07295,SYNPCC7002_RS14345,0.0840044411107354
SYNPCC7002_RS00650,SYNPCC7002_RS09490,0.0839950760517933
SYNPCC7002_RS09320,SYNPCC7002_RS16685,0.0839929975998114
SYNPCC7002_RS12395,SYNPCC7002_RS05270,0.0839872509873591
SYNPCC7002_RS00260,SYNPCC7002_RS04030,0.083980942584505
SYNPCC7002_RS00640,SYNPCC7002_RS14865,0.0839809012264411
SYNPCC7002_RS03950,SYNPCC7002_RS15125,0.0839799336198106
SYNPCC7002_RS04890,SYNPCC7002_RS07645,0.0839585140908508
SYNPCC7002_RS05135,SYNPCC7002_RS05970,0.0839408544628257
SYNPCC7002_RS09820,SYNPCC7002_RS15075,0.0839335907502124
SYNPCC7002_RS12395,SYNPCC7002_RS01785,0.0839310697166243
SYNPCC7002_RS09820,SYNPCC7002_RS11210,0.083928814130235
SYNPCC7002_RS11400,SYNPCC7002_RS04210,0.0839227392689447
SYNPCC7002_RS02455,SYNPCC7002_RS13035,0.0839223579993911
SYNPCC7002_RS07385,SYNPCC7002_RS09210,0.0839161372054962
SYNPCC7002_RS08965,SYNPCC7002_RS08290,0.0839147585145947
SYNPCC7002_RS14790,SYNPCC7002_RS08140,0.0839119208884259
SYNPCC7002_RS10050,SYNPCC7002_RS11335,0.0839099851038126
SYNPCC7002_RS07295,SYNPCC7002_RS06165,0.083909316615196
SYNPCC7002_RS16160,SYNPCC7002_RS11470,0.0839069129285956
SYNPCC7002_RS15680,SYNPCC7002_RS15140,0.0838986403257459
SYNPCC7002_RS12105,SYNPCC7002_RS01855,0.0838962736906848
SYNPCC7002_RS15520,SYNPCC7002_RS06405,0.0838895057107484
SYNPCC7002_RS10050,SYNPCC7002_RS07835,0.0838700763445262
SYNPCC7002_RS08480,SYNPCC7002_RS16380,0.0838646795294944
SYNPCC7002_RS14385,SYNPCC7002_RS14425,0.0838618457951214
SYNPCC7002_RS01420,SYNPCC7002_RS11235,0.0838594664381189
SYNPCC7002_RS05985,SYNPCC7002_RS16140,0.0838594028510317
SYNPCC7002_RS08210,SYNPCC7002_RS05740,0.0838549934671947
SYNPCC7002_RS09175,SYNPCC7002_RS00905,0.0838461613845241
SYNPCC7002_RS03030,SYNPCC7002_RS13025,0.0838452288529415
SYNPCC7002_RS11400,SYNPCC7002_RS12625,0.0838385112564236
SYNPCC7002_RS11400,SYNPCC7002_RS09125,0.0838352742420486
SYNPCC7002_RS15030,SYNPCC7002_RS06650,0.0838318494487097
SYNPCC7002_RS15520,SYNPCC7002_RS06135,0.0838213304684153
SYNPCC7002_RS04780,SYNPCC7002_RS08205,0.0838187194210698
SYNPCC7002_RS04890,SYNPCC7002_RS08190,0.0838150774187725
SYNPCC7002_RS11685,SYNPCC7002_RS04410,0.0838125680802741
SYNPCC7002_RS10050,SYNPCC7002_RS05090,0.0838054943013348
SYNPCC7002_RS02715,SYNPCC7002_RS10775,0.0838039503587912
SYNPCC7002_RS12395,SYNPCC7002_RS13065,0.083802869586132
SYNPCC7002_RS08965,SYNPCC7002_RS06925,0.0838019461745
SYNPCC7002_RS05460,SYNPCC7002_RS16655,0.0838013998950646
SYNPCC7002_RS04250,SYNPCC7002_RS11925,0.083771906558403
SYNPCC7002_RS05135,SYNPCC7002_RS02470,0.0837709651595233
SYNPCC7002_RS09780,SYNPCC7002_RS16450,0.0837694487180232
SYNPCC7002_RS08390,SYNPCC7002_RS17050,0.0837684388952861
SYNPCC7002_RS07385,SYNPCC7002_RS00220,0.083758998240643
SYNPCC7002_RS09780,SYNPCC7002_RS11440,0.0837546342158499
SYNPCC7002_RS04650,SYNPCC7002_RS03525,0.0837180577129634
SYNPCC7002_RS07385,SYNPCC7002_RS16190,0.0837163180948593
SYNPCC7002_RS04250,SYNPCC7002_RS01740,0.0837145365576369
SYNPCC7002_RS04650,SYNPCC7002_RS03460,0.0837135867546522
SYNPCC7002_RS00010,SYNPCC7002_RS08385,0.0837119528536485
SYNPCC7002_RS04250,SYNPCC7002_RS04595,0.0837063836864493
SYNPCC7002_RS08390,SYNPCC7002_RS00150,0.0837050081120958
SYNPCC7002_RS11685,SYNPCC7002_RS04650,0.0836963773081597
SYNPCC7002_RS08390,SYNPCC7002_RS03220,0.083696168542572
SYNPCC7002_RS02715,SYNPCC7002_RS14830,0.0836904069679369
SYNPCC7002_RS00690,SYNPCC7002_RS07185,0.0836877944531527
SYNPCC7002_RS08965,SYNPCC7002_RS03590,0.083677463611536
SYNPCC7002_RS08965,SYNPCC7002_RS07540,0.0836622926656642
SYNPCC7002_RS04780,SYNPCC7002_RS04365,0.0836601057605294
SYNPCC7002_RS10050,SYNPCC7002_RS13615,0.0836578308402721
SYNPCC7002_RS08390,SYNPCC7002_RS08575,0.0836571901029403
SYNPCC7002_RS04250,SYNPCC7002_RS09155,0.0836428742243807
SYNPCC7002_RS01335,SYNPCC7002_RS12360,0.0836402451636193
SYNPCC7002_RS15520,SYNPCC7002_RS08510,0.0836343680655176
SYNPCC7002_RS01335,SYNPCC7002_RS15555,0.083630752317699
SYNPCC7002_RS12395,SYNPCC7002_RS10130,0.0836250592885653
SYNPCC7002_RS04890,SYNPCC7002_RS13615,0.0836144019323643
SYNPCC7002_RS05985,SYNPCC7002_RS03785,0.0836075429634856
SYNPCC7002_RS05135,SYNPCC7002_RS01515,0.0836058302942229
SYNPCC7002_RS04290,SYNPCC7002_RS13500,0.0836055945049852
SYNPCC7002_RS07385,SYNPCC7002_RS01450,0.0836033008704192
SYNPCC7002_RS15520,SYNPCC7002_RS07980,0.0836017511421693
SYNPCC7002_RS08175,SYNPCC7002_RS10860,0.0835972927470049
SYNPCC7002_RS03030,SYNPCC7002_RS11680,0.0835947945190856
SYNPCC7002_RS10145,SYNPCC7002_RS15745,0.0835943393890319
SYNPCC7002_RS04890,SYNPCC7002_RS05110,0.0835922650648625
SYNPCC7002_RS15520,SYNPCC7002_RS13675,0.0835887429831866
SYNPCC7002_RS05460,SYNPCC7002_RS15075,0.0835862716413748
SYNPCC7002_RS04780,SYNPCC7002_RS05035,0.0835816021982735
SYNPCC7002_RS15520,SYNPCC7002_RS11720,0.0835768406076952
SYNPCC7002_RS02715,SYNPCC7002_RS06010,0.0835696198292577
SYNPCC7002_RS05135,SYNPCC7002_RS05390,0.0835679230342253
SYNPCC7002_RS04780,SYNPCC7002_RS13130,0.0835619044831321
SYNPCC7002_RS04780,SYNPCC7002_RS04810,0.0835611785010353
SYNPCC7002_RS03295,SYNPCC7002_RS10205,0.0835537708360964
SYNPCC7002_RS10050,SYNPCC7002_RS01360,0.0835510429500955
SYNPCC7002_RS00050,SYNPCC7002_RS03530,0.0835478827489434
SYNPCC7002_RS12515,SYNPCC7002_RS10035,0.0835463141672079
SYNPCC7002_RS08390,SYNPCC7002_RS04920,0.0835415656323156
SYNPCC7002_RS11400,SYNPCC7002_RS14175,0.0835388805958735
SYNPCC7002_RS14790,SYNPCC7002_RS08510,0.0835149593631135
SYNPCC7002_RS03030,SYNPCC7002_RS06445,0.0835141982437152
SYNPCC7002_RS08175,SYNPCC7002_RS12685,0.083513259839848
SYNPCC7002_RS09090,SYNPCC7002_RS15620,0.0835080543820586
SYNPCC7002_RS00640,SYNPCC7002_RS07815,0.0834982944081755
SYNPCC7002_RS12515,SYNPCC7002_RS06425,0.0834791340803066
SYNPCC7002_RS04890,SYNPCC7002_RS03090,0.0834663178626063
SYNPCC7002_RS12395,SYNPCC7002_RS00285,0.0834496682447313
SYNPCC7002_RS03760,SYNPCC7002_RS10095,0.0834467500565731
SYNPCC7002_RS07295,SYNPCC7002_RS15555,0.0834398412026468
SYNPCC7002_RS09780,SYNPCC7002_RS16595,0.0834374073869814
SYNPCC7002_RS11685,SYNPCC7002_RS08295,0.0834294664747394
SYNPCC7002_RS01420,SYNPCC7002_RS10865,0.0834136504928002
SYNPCC7002_RS09260,SYNPCC7002_RS02645,0.0834104577675978
SYNPCC7002_RS08210,SYNPCC7002_RS11665,0.0834103779230248
SYNPCC7002_RS12090,SYNPCC7002_RS12595,0.0834070483632701
SYNPCC7002_RS09320,SYNPCC7002_RS12380,0.0834020385359446
SYNPCC7002_RS05460,SYNPCC7002_RS06665,0.0834001900343298
SYNPCC7002_RS00260,SYNPCC7002_RS08815,0.0833994582749755
SYNPCC7002_RS05135,SYNPCC7002_RS11955,0.0833979731752346
SYNPCC7002_RS08210,SYNPCC7002_RS13325,0.0833943386906932
SYNPCC7002_RS09845,SYNPCC7002_RS11495,0.0833929590433118
SYNPCC7002_RS00260,SYNPCC7002_RS07520,0.0833917947410202
SYNPCC7002_RS04650,SYNPCC7002_RS00305,0.0833741283604279
SYNPCC7002_RS04650,SYNPCC7002_RS12910,0.0833719421156248
SYNPCC7002_RS02715,SYNPCC7002_RS00805,0.0833642979755317
SYNPCC7002_RS09820,SYNPCC7002_RS02030,0.0833590337480099
SYNPCC7002_RS12395,SYNPCC7002_RS11190,0.0833546927036673
SYNPCC7002_RS12395,SYNPCC7002_RS05140,0.0833546619056502
SYNPCC7002_RS10525,SYNPCC7002_RS16205,0.083350183297576
SYNPCC7002_RS05460,SYNPCC7002_RS14410,0.0833455644498632
SYNPCC7002_RS01335,SYNPCC7002_RS04995,0.0833421390636997
SYNPCC7002_RS12395,SYNPCC7002_RS14730,0.0833374792028886
SYNPCC7002_RS10050,SYNPCC7002_RS16420,0.0833368719447527
SYNPCC7002_RS04680,SYNPCC7002_RS13185,0.0833308362667375
SYNPCC7002_RS08175,SYNPCC7002_RS05185,0.0833304680166296
SYNPCC7002_RS04780,SYNPCC7002_RS10510,0.0833283037054692
SYNPCC7002_RS15520,SYNPCC7002_RS12170,0.0833206152208077
SYNPCC7002_RS00690,SYNPCC7002_RS03040,0.0833202504116916
SYNPCC7002_RS08965,SYNPCC7002_RS10730,0.0833185080667315
SYNPCC7002_RS12515,SYNPCC7002_RS09705,0.0833182345887456
SYNPCC7002_RS04250,SYNPCC7002_RS12020,0.083318104846164
SYNPCC7002_RS15255,SYNPCC7002_RS10545,0.0833130754055327
SYNPCC7002_RS04890,SYNPCC7002_RS04065,0.0833073171499621
SYNPCC7002_RS09320,SYNPCC7002_RS05490,0.0833060430182406
SYNPCC7002_RS12395,SYNPCC7002_RS16635,0.0832956371722079
SYNPCC7002_RS08390,SYNPCC7002_RS15250,0.0832954529544714
SYNPCC7002_RS08965,SYNPCC7002_RS12025,0.0832858203762084
SYNPCC7002_RS07385,SYNPCC7002_RS09615,0.0832822510159435
SYNPCC7002_RS12395,SYNPCC7002_RS07535,0.0832815686853674
SYNPCC7002_RS12395,SYNPCC7002_RS11100,0.0832746784013509
SYNPCC7002_RS06150,SYNPCC7002_RS15585,0.0832687737280344
SYNPCC7002_RS03030,SYNPCC7002_RS12225,0.0832622546712267
SYNPCC7002_RS11400,SYNPCC7002_RS03805,0.0832619194082252
SYNPCC7002_RS07295,SYNPCC7002_RS03615,0.0832613659273386
SYNPCC7002_RS04890,SYNPCC7002_RS00530,0.0832589559460072
SYNPCC7002_RS07385,SYNPCC7002_RS04545,0.0832586026130153
SYNPCC7002_RS04780,SYNPCC7002_RS13280,0.0832509978006545
SYNPCC7002_RS10050,SYNPCC7002_RS09825,0.0832433555022594
SYNPCC7002_RS05135,SYNPCC7002_RS01140,0.0832404197748394
SYNPCC7002_RS15520,SYNPCC7002_RS06880,0.0832217219085502
SYNPCC7002_RS04780,SYNPCC7002_RS15025,0.0832125492743905
SYNPCC7002_RS00640,SYNPCC7002_RS15800,0.0832099829644318
SYNPCC7002_RS08965,SYNPCC7002_RS11280,0.0832072374103711
SYNPCC7002_RS12395,SYNPCC7002_RS00730,0.0831993864930088
SYNPCC7002_RS04650,SYNPCC7002_RS08360,0.0831980276499499
SYNPCC7002_RS04890,SYNPCC7002_RS01930,0.0831862722513946
SYNPCC7002_RS15255,SYNPCC7002_RS10560,0.0831775781464956
SYNPCC7002_RS16320,SYNPCC7002_RS15655,0.0831736025403774
SYNPCC7002_RS10050,SYNPCC7002_RS02815,0.083171795682545
SYNPCC7002_RS09630,SYNPCC7002_RS02000,0.0831686253184497
SYNPCC7002_RS04780,SYNPCC7002_RS13335,0.0831671226939196
SYNPCC7002_RS04890,SYNPCC7002_RS03275,0.0831651892631069
SYNPCC7002_RS04780,SYNPCC7002_RS03310,0.0831582547293591
SYNPCC7002_RS10050,SYNPCC7002_RS07725,0.0831480843378296
SYNPCC7002_RS08255,SYNPCC7002_RS15350,0.0831420018727776
SYNPCC7002_RS09995,SYNPCC7002_RS04025,0.0831414213411223
SYNPCC7002_RS06540,SYNPCC7002_RS00210,0.0831376118958484
SYNPCC7002_RS15680,SYNPCC7002_RS06460,0.0831362477862481
SYNPCC7002_RS03030,SYNPCC7002_RS15520,0.0831335452620095
SYNPCC7002_RS05985,SYNPCC7002_RS13330,0.0831320965329573
SYNPCC7002_RS08390,SYNPCC7002_RS07250,0.0831016382476218
SYNPCC7002_RS07295,SYNPCC7002_RS07635,0.0830999269027149
SYNPCC7002_RS09995,SYNPCC7002_RS01385,0.0830965431776671
SYNPCC7002_RS09320,SYNPCC7002_RS06140,0.0830656219903616
SYNPCC7002_RS05460,SYNPCC7002_RS01005,0.083063058849195
SYNPCC7002_RS04780,SYNPCC7002_RS05635,0.0830589847392229
SYNPCC7002_RS07385,SYNPCC7002_RS15235,0.0830416518981796
SYNPCC7002_RS05135,SYNPCC7002_RS11345,0.0830378754224052
SYNPCC7002_RS08965,SYNPCC7002_RS05700,0.0830353156157682
SYNPCC7002_RS01420,SYNPCC7002_RS16445,0.0830243754910267
SYNPCC7002_RS08390,SYNPCC7002_RS06015,0.0830109153918882
SYNPCC7002_RS03030,SYNPCC7002_RS10615,0.083008690325952
SYNPCC7002_RS04250,SYNPCC7002_RS04115,0.0830058227902825
SYNPCC7002_RS03030,SYNPCC7002_RS00060,0.0830017632923335
SYNPCC7002_RS07385,SYNPCC7002_RS08070,0.0829945798819655
SYNPCC7002_RS08945,SYNPCC7002_RS00285,0.0829902345533691
SYNPCC7002_RS02715,SYNPCC7002_RS14625,0.0829889240310101
SYNPCC7002_RS00050,SYNPCC7002_RS03725,0.0829800366699295
SYNPCC7002_RS03295,SYNPCC7002_RS06565,0.0829747433143354
SYNPCC7002_RS12395,SYNPCC7002_RS09095,0.0829724193481613
SYNPCC7002_RS04890,SYNPCC7002_RS09875,0.0829683514320054
SYNPCC7002_RS09780,SYNPCC7002_RS16125,0.0829610585392972
SYNPCC7002_RS09820,SYNPCC7002_RS02815,0.0829516532815476
SYNPCC7002_RS09995,SYNPCC7002_RS05045,0.0829452914665986
SYNPCC7002_RS04250,SYNPCC7002_RS03790,0.082944369067199
SYNPCC7002_RS14790,SYNPCC7002_RS14765,0.0829290482067698
SYNPCC7002_RS08390,SYNPCC7002_RS01410,0.0829284789624011
SYNPCC7002_RS15255,SYNPCC7002_RS05675,0.082927676559359
SYNPCC7002_RS08945,SYNPCC7002_RS01755,0.0829162480245517
SYNPCC7002_RS07385,SYNPCC7002_RS01060,0.0829130620365206
SYNPCC7002_RS09845,SYNPCC7002_RS09850,0.0829124772650415
SYNPCC7002_RS12395,SYNPCC7002_RS05280,0.0829081905387308
SYNPCC7002_RS09820,SYNPCC7002_RS15180,0.0828961170463486
SYNPCC7002_RS03950,SYNPCC7002_RS15245,0.0828949954173392
SYNPCC7002_RS09820,SYNPCC7002_RS05160,0.0828883984124058
SYNPCC7002_RS09320,SYNPCC7002_RS08425,0.0828843561935869
SYNPCC7002_RS03030,SYNPCC7002_RS08210,0.0828842222579232
SYNPCC7002_RS09780,SYNPCC7002_RS01645,0.0828724289566293
SYNPCC7002_RS07385,SYNPCC7002_RS12390,0.0828499852035756
SYNPCC7002_RS09260,SYNPCC7002_RS10355,0.0828388381398542
SYNPCC7002_RS15410,SYNPCC7002_RS05785,0.0828320106627218
SYNPCC7002_RS03030,SYNPCC7002_RS12780,0.0828308700305496
SYNPCC7002_RS04650,SYNPCC7002_RS13060,0.0828308184320538
SYNPCC7002_RS13450,SYNPCC7002_RS07920,0.0828280960623618
SYNPCC7002_RS01335,SYNPCC7002_RS07300,0.0828038849377778
SYNPCC7002_RS03760,SYNPCC7002_RS00170,0.0827917030010188
SYNPCC7002_RS10050,SYNPCC7002_RS13515,0.0827912951188867
SYNPCC7002_RS03030,SYNPCC7002_RS03375,0.0827859920570535
SYNPCC7002_RS04890,SYNPCC7002_RS04110,0.0827798444883853
SYNPCC7002_RS11400,SYNPCC7002_RS01290,0.0827794339107413
SYNPCC7002_RS09630,SYNPCC7002_RS08435,0.0827726599135301
SYNPCC7002_RS15520,SYNPCC7002_RS13130,0.082769395358827
SYNPCC7002_RS11685,SYNPCC7002_RS03070,0.0827688675565155
SYNPCC7002_RS01420,SYNPCC7002_RS14195,0.0827674105508422
SYNPCC7002_RS16320,SYNPCC7002_RS05350,0.0827599820667491
SYNPCC7002_RS10050,SYNPCC7002_RS02865,0.0827502228096936
SYNPCC7002_RS01420,SYNPCC7002_RS01545,0.0827491451026862
SYNPCC7002_RS15410,SYNPCC7002_RS07705,0.0827480333589139
SYNPCC7002_RS00010,SYNPCC7002_RS01760,0.0827421523326421
SYNPCC7002_RS12395,SYNPCC7002_RS11355,0.0827324791709093
SYNPCC7002_RS01420,SYNPCC7002_RS05955,0.0827278819788324
SYNPCC7002_RS03760,SYNPCC7002_RS07075,0.0827246067045613
SYNPCC7002_RS12515,SYNPCC7002_RS06030,0.0827226588665403
SYNPCC7002_RS04250,SYNPCC7002_RS00280,0.0827135716217683
SYNPCC7002_RS04650,SYNPCC7002_RS12510,0.0827055900986937
SYNPCC7002_RS14790,SYNPCC7002_RS05345,0.0827043506127486
SYNPCC7002_RS05460,SYNPCC7002_RS06325,0.0826929269359819
SYNPCC7002_RS09320,SYNPCC7002_RS00470,0.0826739085550683
SYNPCC7002_RS08965,SYNPCC7002_RS11680,0.0826702322260621
SYNPCC7002_RS06150,SYNPCC7002_RS02345,0.0826660991526605
SYNPCC7002_RS16320,SYNPCC7002_RS08450,0.082656753229909
SYNPCC7002_RS12395,SYNPCC7002_RS12145,0.0826491648693896
SYNPCC7002_RS07295,SYNPCC7002_RS10095,0.0826472324873703
SYNPCC7002_RS05135,SYNPCC7002_RS07600,0.0826370505530382
SYNPCC7002_RS10050,SYNPCC7002_RS13065,0.0826286050960505
SYNPCC7002_RS03760,SYNPCC7002_RS03390,0.082626090673497
SYNPCC7002_RS09780,SYNPCC7002_RS02060,0.0826211735282038
SYNPCC7002_RS12090,SYNPCC7002_RS01375,0.0826190176597017
SYNPCC7002_RS04780,SYNPCC7002_RS16340,0.0826173404248945
SYNPCC7002_RS12515,SYNPCC7002_RS05315,0.0826121204683116
SYNPCC7002_RS09260,SYNPCC7002_RS00700,0.0826083332850699
SYNPCC7002_RS08210,SYNPCC7002_RS03590,0.0826013219014271
SYNPCC7002_RS15520,SYNPCC7002_RS12045,0.0826000838334031
SYNPCC7002_RS00260,SYNPCC7002_RS10380,0.0825988892602636
SYNPCC7002_RS09780,SYNPCC7002_RS07550,0.0825835933503602
SYNPCC7002_RS04680,SYNPCC7002_RS04355,0.0825831596950283
SYNPCC7002_RS12395,SYNPCC7002_RS13670,0.0825828474104414
SYNPCC7002_RS12105,SYNPCC7002_RS00050,0.082577343508099
SYNPCC7002_RS09320,SYNPCC7002_RS08740,0.0825759910642079
SYNPCC7002_RS12395,SYNPCC7002_RS17035,0.0825739530807215
SYNPCC7002_RS12395,SYNPCC7002_RS00545,0.0825666865111349
SYNPCC7002_RS10050,SYNPCC7002_RS08885,0.0825594193857551
SYNPCC7002_RS05135,SYNPCC7002_RS02790,0.0825575554086868
SYNPCC7002_RS15410,SYNPCC7002_RS03605,0.0825559938070657
SYNPCC7002_RS04780,SYNPCC7002_RS11170,0.0825543811652903
SYNPCC7002_RS03030,SYNPCC7002_RS01605,0.0825537705839679
SYNPCC7002_RS04780,SYNPCC7002_RS15250,0.082551867501256
SYNPCC7002_RS12515,SYNPCC7002_RS10795,0.082550669893605
SYNPCC7002_RS09820,SYNPCC7002_RS00995,0.0825456156400203
SYNPCC7002_RS15535,SYNPCC7002_RS10145,0.0825283687552064
SYNPCC7002_RS02715,SYNPCC7002_RS04910,0.0825276246990291
SYNPCC7002_RS04890,SYNPCC7002_RS16930,0.0825257496925815
SYNPCC7002_RS10050,SYNPCC7002_RS10185,0.0825127534901035
SYNPCC7002_RS12395,SYNPCC7002_RS05955,0.0825122961461409
SYNPCC7002_RS03030,SYNPCC7002_RS01060,0.0825041011229911
SYNPCC7002_RS00640,SYNPCC7002_RS01240,0.0824970895589571
SYNPCC7002_RS04680,SYNPCC7002_RS15190,0.0824786043568779
SYNPCC7002_RS03760,SYNPCC7002_RS13015,0.0824763014278889
SYNPCC7002_RS08210,SYNPCC7002_RS02445,0.0824681503166246
SYNPCC7002_RS10050,SYNPCC7002_RS02405,0.0824623355872887
SYNPCC7002_RS12395,SYNPCC7002_RS12405,0.0824613778601793
SYNPCC7002_RS09780,SYNPCC7002_RS16140,0.0824572387749786
SYNPCC7002_RS05460,SYNPCC7002_RS03615,0.0824478788641592
SYNPCC7002_RS00640,SYNPCC7002_RS14845,0.0824469735040512
SYNPCC7002_RS08390,SYNPCC7002_RS04235,0.0824459153857341
SYNPCC7002_RS01420,SYNPCC7002_RS09880,0.0824321295368504
SYNPCC7002_RS16320,SYNPCC7002_RS15805,0.0824295542987098
SYNPCC7002_RS09780,SYNPCC7002_RS10565,0.082428146838877
SYNPCC7002_RS12395,SYNPCC7002_RS07625,0.0824264774497342
SYNPCC7002_RS04680,SYNPCC7002_RS06795,0.0824242943553641
SYNPCC7002_RS04650,SYNPCC7002_RS14920,0.0824223271655993
SYNPCC7002_RS12515,SYNPCC7002_RS08145,0.0824202077333172
SYNPCC7002_RS09780,SYNPCC7002_RS03795,0.0824162489028007
SYNPCC7002_RS16320,SYNPCC7002_RS13180,0.0824077985444774
SYNPCC7002_RS10050,SYNPCC7002_RS05210,0.0823937987875575
SYNPCC7002_RS01335,SYNPCC7002_RS08390,0.0823872600484633
SYNPCC7002_RS01335,SYNPCC7002_RS02285,0.0823865360044042
SYNPCC7002_RS06150,SYNPCC7002_RS14965,0.0823755486810989
SYNPCC7002_RS03760,SYNPCC7002_RS10130,0.0823742611302705
SYNPCC7002_RS12395,SYNPCC7002_RS12190,0.0823655377462744
SYNPCC7002_RS06540,SYNPCC7002_RS07120,0.082356140240925
SYNPCC7002_RS04890,SYNPCC7002_RS05390,0.082350906535698
SYNPCC7002_RS07385,SYNPCC7002_RS11740,0.0823488859416781
SYNPCC7002_RS03030,SYNPCC7002_RS08700,0.0823477516376624
SYNPCC7002_RS04780,SYNPCC7002_RS15750,0.0823442961649089
SYNPCC7002_RS04780,SYNPCC7002_RS10055,0.0823439629326334
SYNPCC7002_RS04890,SYNPCC7002_RS09130,0.082337892040737
SYNPCC7002_RS06150,SYNPCC7002_RS15510,0.0823358048036614
SYNPCC7002_RS08965,SYNPCC7002_RS04695,0.0823286520090706
SYNPCC7002_RS05985,SYNPCC7002_RS04860,0.0823243568039345
SYNPCC7002_RS10050,SYNPCC7002_RS05265,0.0823180729356879
SYNPCC7002_RS14440,SYNPCC7002_RS17245,0.0823019641827999
SYNPCC7002_RS04250,SYNPCC7002_RS10680,0.0822913115035544
SYNPCC7002_RS04250,SYNPCC7002_RS07350,0.0822894962545234
SYNPCC7002_RS09820,SYNPCC7002_RS14855,0.082286135433985
SYNPCC7002_RS09995,SYNPCC7002_RS12845,0.0822791293522016
SYNPCC7002_RS09630,SYNPCC7002_RS06150,0.0822771311851581
SYNPCC7002_RS09780,SYNPCC7002_RS08445,0.0822664891515659
SYNPCC7002_RS15520,SYNPCC7002_RS13325,0.0822547368433914
SYNPCC7002_RS04890,SYNPCC7002_RS07115,0.0822470853916919
SYNPCC7002_RS04250,SYNPCC7002_RS12350,0.0822440670090399
SYNPCC7002_RS08210,SYNPCC7002_RS07155,0.0822416169243916
SYNPCC7002_RS08965,SYNPCC7002_RS02485,0.0822325004502972
SYNPCC7002_RS03030,SYNPCC7002_RS04575,0.0822293532339627
SYNPCC7002_RS04780,SYNPCC7002_RS11815,0.0821994652826992
SYNPCC7002_RS09995,SYNPCC7002_RS08850,0.0821966563083284
SYNPCC7002_RS01335,SYNPCC7002_RS07405,0.0821899209067732
SYNPCC7002_RS08210,SYNPCC7002_RS00120,0.082185012138269
SYNPCC7002_RS00640,SYNPCC7002_RS15075,0.0821849180794372
SYNPCC7002_RS12395,SYNPCC7002_RS04115,0.0821804859165774
SYNPCC7002_RS08390,SYNPCC7002_RS14905,0.0821786591156796
SYNPCC7002_RS11400,SYNPCC7002_RS12835,0.0821637502348277
SYNPCC7002_RS02715,SYNPCC7002_RS10215,0.0821622681245614
SYNPCC7002_RS15520,SYNPCC7002_RS09740,0.0821602794966842
SYNPCC7002_RS04780,SYNPCC7002_RS08960,0.082160082937023
SYNPCC7002_RS06005,SYNPCC7002_RS11750,0.0821575608054493
SYNPCC7002_RS09995,SYNPCC7002_RS12835,0.0821564930465193
SYNPCC7002_RS02455,SYNPCC7002_RS06210,0.0821561374919828
SYNPCC7002_RS03760,SYNPCC7002_RS02155,0.0821558201332809
SYNPCC7002_RS05460,SYNPCC7002_RS02185,0.0821501797572542
SYNPCC7002_RS15410,SYNPCC7002_RS12010,0.0821495788539353
SYNPCC7002_RS08210,SYNPCC7002_RS03030,0.0821432703046934
SYNPCC7002_RS08860,SYNPCC7002_RS02670,0.0821394686338608
SYNPCC7002_RS03030,SYNPCC7002_RS00815,0.0821390757245567
SYNPCC7002_RS15520,SYNPCC7002_RS09550,0.0821332036657905
SYNPCC7002_RS08945,SYNPCC7002_RS03760,0.0821292293761997
SYNPCC7002_RS08965,SYNPCC7002_RS01295,0.0821284444027759
SYNPCC7002_RS01800,SYNPCC7002_RS00080,0.0821280931102994
SYNPCC7002_RS00650,SYNPCC7002_RS04465,0.0821279562493617
SYNPCC7002_RS01420,SYNPCC7002_RS08010,0.0821206566850027
SYNPCC7002_RS08210,SYNPCC7002_RS01810,0.0821200896232606
SYNPCC7002_RS03030,SYNPCC7002_RS08335,0.0821200191343162
SYNPCC7002_RS09320,SYNPCC7002_RS12135,0.0821191778714295
SYNPCC7002_RS15255,SYNPCC7002_RS15605,0.0821150066323798
SYNPCC7002_RS01800,SYNPCC7002_RS01340,0.0821107591586226
SYNPCC7002_RS15520,SYNPCC7002_RS08960,0.0821038263741009
SYNPCC7002_RS15520,SYNPCC7002_RS01475,0.0820941619255643
SYNPCC7002_RS12515,SYNPCC7002_RS00475,0.0820937687438536
SYNPCC7002_RS15410,SYNPCC7002_RS07310,0.0820894347506561
SYNPCC7002_RS04890,SYNPCC7002_RS12725,0.0820816434750042
SYNPCC7002_RS04650,SYNPCC7002_RS06285,0.0820764484500039
SYNPCC7002_RS08965,SYNPCC7002_RS08125,0.0820744360528468
SYNPCC7002_RS05460,SYNPCC7002_RS05115,0.0820666285149042
SYNPCC7002_RS15680,SYNPCC7002_RS06610,0.0820630323904024
SYNPCC7002_RS04680,SYNPCC7002_RS09240,0.082060059359823
SYNPCC7002_RS08945,SYNPCC7002_RS11155,0.0820577379957801
SYNPCC7002_RS10525,SYNPCC7002_RS10550,0.082054567214713
SYNPCC7002_RS03950,SYNPCC7002_RS00105,0.0820389165247006
SYNPCC7002_RS04250,SYNPCC7002_RS09285,0.0820366948942672
SYNPCC7002_RS04780,SYNPCC7002_RS16770,0.0820353450080671
SYNPCC7002_RS09090,SYNPCC7002_RS16630,0.0820351544510003
SYNPCC7002_RS06540,SYNPCC7002_RS02765,0.0820337477337538
SYNPCC7002_RS15410,SYNPCC7002_RS07365,0.0820220775752853
SYNPCC7002_RS05460,SYNPCC7002_RS09630,0.0820213584802497
SYNPCC7002_RS03030,SYNPCC7002_RS09995,0.0820202502726485
SYNPCC7002_RS04250,SYNPCC7002_RS13125,0.082010479890459
SYNPCC7002_RS08965,SYNPCC7002_RS08735,0.0820070170802673
SYNPCC7002_RS10050,SYNPCC7002_RS13535,0.0820058066958421
SYNPCC7002_RS09820,SYNPCC7002_RS11415,0.0820019056262443
SYNPCC7002_RS15520,SYNPCC7002_RS01480,0.0819956318447031
SYNPCC7002_RS00690,SYNPCC7002_RS11910,0.0819937494564123
SYNPCC7002_RS08945,SYNPCC7002_RS10575,0.0819843295486862
SYNPCC7002_RS08390,SYNPCC7002_RS09345,0.0819821441618943
SYNPCC7002_RS01085,SYNPCC7002_RS16105,0.081981645324258
SYNPCC7002_RS15255,SYNPCC7002_RS03160,0.081981614971583
SYNPCC7002_RS04250,SYNPCC7002_RS07140,0.0819695614504082
SYNPCC7002_RS09420,SYNPCC7002_RS05525,0.0819675022339867
SYNPCC7002_RS04780,SYNPCC7002_RS12305,0.0819654534412509
SYNPCC7002_RS11400,SYNPCC7002_RS06710,0.0819600477503763
SYNPCC7002_RS08945,SYNPCC7002_RS08615,0.0819568338348603
SYNPCC7002_RS11400,SYNPCC7002_RS13870,0.0819544653631977
SYNPCC7002_RS01335,SYNPCC7002_RS06110,0.0819495678839579
SYNPCC7002_RS09320,SYNPCC7002_RS11285,0.0819443364051645
SYNPCC7002_RS09780,SYNPCC7002_RS17205,0.081943645371303
SYNPCC7002_RS15720,SYNPCC7002_RS16290,0.0819409301194943
SYNPCC7002_RS02455,SYNPCC7002_RS10510,0.0819392401624
SYNPCC7002_RS05460,SYNPCC7002_RS14005,0.0819320193811979
SYNPCC7002_RS02715,SYNPCC7002_RS08895,0.081927932031606
SYNPCC7002_RS01420,SYNPCC7002_RS05200,0.081917362738711
SYNPCC7002_RS12515,SYNPCC7002_RS09510,0.0819149935800468
SYNPCC7002_RS08945,SYNPCC7002_RS02955,0.0819112068908385
SYNPCC7002_RS04780,SYNPCC7002_RS14975,0.0819099031207225
SYNPCC7002_RS09420,SYNPCC7002_RS01915,0.0819042943479089
SYNPCC7002_RS07385,SYNPCC7002_RS08205,0.081903249960366
SYNPCC7002_RS09320,SYNPCC7002_RS03565,0.0819001078594983
SYNPCC7002_RS04650,SYNPCC7002_RS10225,0.0818995633332553
SYNPCC7002_RS14440,SYNPCC7002_RS14410,0.0818966532717691
SYNPCC7002_RS11400,SYNPCC7002_RS10730,0.0818947980188335
SYNPCC7002_RS09630,SYNPCC7002_RS08720,0.0818937179178857
SYNPCC7002_RS05985,SYNPCC7002_RS16905,0.0818921374587344
SYNPCC7002_RS08965,SYNPCC7002_RS11830,0.0818917144620649
SYNPCC7002_RS14790,SYNPCC7002_RS08500,0.081883979007477
SYNPCC7002_RS04890,SYNPCC7002_RS04845,0.0818826856344082
SYNPCC7002_RS12395,SYNPCC7002_RS13530,0.0818762705597084
SYNPCC7002_RS02455,SYNPCC7002_RS10750,0.0818687007232031
SYNPCC7002_RS12090,SYNPCC7002_RS10350,0.0818679872889922
SYNPCC7002_RS04250,SYNPCC7002_RS14295,0.0818648306692432
SYNPCC7002_RS12395,SYNPCC7002_RS12060,0.0818622033174241
SYNPCC7002_RS10050,SYNPCC7002_RS04370,0.0818549202111963
SYNPCC7002_RS01420,SYNPCC7002_RS05205,0.0818408578745491
SYNPCC7002_RS09780,SYNPCC7002_RS09785,0.0818391491105896
SYNPCC7002_RS03030,SYNPCC7002_RS10880,0.0818300041949515
SYNPCC7002_RS00640,SYNPCC7002_RS03620,0.0818228444451856
SYNPCC7002_RS00010,SYNPCC7002_RS14835,0.0818203978313353
SYNPCC7002_RS15680,SYNPCC7002_RS11470,0.0818186004488936
SYNPCC7002_RS06540,SYNPCC7002_RS14970,0.0817998879306898
SYNPCC7002_RS10050,SYNPCC7002_RS12440,0.0817923169723394
SYNPCC7002_RS01800,SYNPCC7002_RS00570,0.0817855906062409
SYNPCC7002_RS15520,SYNPCC7002_RS15740,0.0817830886437413
SYNPCC7002_RS11685,SYNPCC7002_RS11660,0.0817741734242277
SYNPCC7002_RS15410,SYNPCC7002_RS11945,0.081769591874336
SYNPCC7002_RS05135,SYNPCC7002_RS15110,0.0817685639353709
SYNPCC7002_RS09995,SYNPCC7002_RS01225,0.0817625201361361
SYNPCC7002_RS09995,SYNPCC7002_RS08840,0.0817442419451164
SYNPCC7002_RS03295,SYNPCC7002_RS01005,0.081739982007278
SYNPCC7002_RS05985,SYNPCC7002_RS16995,0.0817356286411756
SYNPCC7002_RS05135,SYNPCC7002_RS05115,0.0817261310086016
SYNPCC7002_RS08175,SYNPCC7002_RS11495,0.0817180361441298
SYNPCC7002_RS00650,SYNPCC7002_RS12135,0.0817152408969732
SYNPCC7002_RS04650,SYNPCC7002_RS09960,0.0817144290746945
SYNPCC7002_RS04650,SYNPCC7002_RS09965,0.0817103835218654
SYNPCC7002_RS04250,SYNPCC7002_RS04585,0.08171030299899
SYNPCC7002_RS01335,SYNPCC7002_RS05415,0.0816977749297661
SYNPCC7002_RS08390,SYNPCC7002_RS03435,0.0816957042201252
SYNPCC7002_RS10050,SYNPCC7002_RS01650,0.081693009590827
SYNPCC7002_RS02715,SYNPCC7002_RS12040,0.0816927099465941
SYNPCC7002_RS08965,SYNPCC7002_RS08540,0.0816923341914438
SYNPCC7002_RS10050,SYNPCC7002_RS05800,0.0816884746312387
SYNPCC7002_RS12090,SYNPCC7002_RS08470,0.0816809786285337
SYNPCC7002_RS08945,SYNPCC7002_RS11895,0.081678001146824
SYNPCC7002_RS08965,SYNPCC7002_RS01600,0.0816744507335582
SYNPCC7002_RS04780,SYNPCC7002_RS03380,0.0816629822218045
SYNPCC7002_RS12395,SYNPCC7002_RS15050,0.0816480040943292
SYNPCC7002_RS05460,SYNPCC7002_RS09005,0.0816394609716848
SYNPCC7002_RS11400,SYNPCC7002_RS06925,0.081638196598489
SYNPCC7002_RS04250,SYNPCC7002_RS04650,0.0816372929537642
SYNPCC7002_RS04680,SYNPCC7002_RS08120,0.08163702334866
SYNPCC7002_RS09780,SYNPCC7002_RS08500,0.0816284856535194
SYNPCC7002_RS08965,SYNPCC7002_RS13715,0.0816220945885171
SYNPCC7002_RS11400,SYNPCC7002_RS04440,0.0816213374268455
SYNPCC7002_RS07385,SYNPCC7002_RS09710,0.0816143965101813
SYNPCC7002_RS04650,SYNPCC7002_RS00045,0.0816138006533971
SYNPCC7002_RS08965,SYNPCC7002_RS11410,0.0816131116385267
SYNPCC7002_RS08390,SYNPCC7002_RS08020,0.0816121836477542
SYNPCC7002_RS05460,SYNPCC7002_RS15630,0.0816116315810144
SYNPCC7002_RS08945,SYNPCC7002_RS10330,0.0816060062699899
SYNPCC7002_RS15680,SYNPCC7002_RS07345,0.0816046135394877
SYNPCC7002_RS15030,SYNPCC7002_RS14970,0.0816020981473449
SYNPCC7002_RS15520,SYNPCC7002_RS05570,0.0815984616253946
SYNPCC7002_RS12395,SYNPCC7002_RS02795,0.0815982610444819
SYNPCC7002_RS08965,SYNPCC7002_RS03470,0.0815674506177487
SYNPCC7002_RS14790,SYNPCC7002_RS13340,0.0815590088418796
SYNPCC7002_RS04250,SYNPCC7002_RS04380,0.081557477244654
SYNPCC7002_RS02715,SYNPCC7002_RS14630,0.0815532711412768
SYNPCC7002_RS07295,SYNPCC7002_RS05785,0.0815454570269058
SYNPCC7002_RS12395,SYNPCC7002_RS14300,0.0815447859863786
SYNPCC7002_RS08965,SYNPCC7002_RS00715,0.0815447375009734
SYNPCC7002_RS08965,SYNPCC7002_RS05360,0.0815408801722872
SYNPCC7002_RS06150,SYNPCC7002_RS00950,0.0815214503622022
SYNPCC7002_RS08390,SYNPCC7002_RS07420,0.0815115061427417
SYNPCC7002_RS03030,SYNPCC7002_RS03565,0.0815087284895909
SYNPCC7002_RS07295,SYNPCC7002_RS01275,0.0815033272696501
SYNPCC7002_RS04250,SYNPCC7002_RS08945,0.0814986822355178
SYNPCC7002_RS04250,SYNPCC7002_RS13650,0.0814938002851137
SYNPCC7002_RS09630,SYNPCC7002_RS02895,0.0814920333904359
SYNPCC7002_RS04650,SYNPCC7002_RS11190,0.0814875978524741
SYNPCC7002_RS08965,SYNPCC7002_RS03880,0.0814875493611825
SYNPCC7002_RS01800,SYNPCC7002_RS16225,0.0814799149070294
SYNPCC7002_RS04780,SYNPCC7002_RS07145,0.0814770937219192
SYNPCC7002_RS01420,SYNPCC7002_RS07750,0.0814769422563131
SYNPCC7002_RS08965,SYNPCC7002_RS03780,0.0814744169976739
SYNPCC7002_RS09175,SYNPCC7002_RS04415,0.0814740637422067
SYNPCC7002_RS09420,SYNPCC7002_RS02515,0.0814728441970751
SYNPCC7002_RS08965,SYNPCC7002_RS14605,0.081470357636562
SYNPCC7002_RS05135,SYNPCC7002_RS16510,0.0814693144585871
SYNPCC7002_RS04890,SYNPCC7002_RS04615,0.0814661146276024
SYNPCC7002_RS15255,SYNPCC7002_RS04135,0.0814640976280564
SYNPCC7002_RS00050,SYNPCC7002_RS13960,0.0814625421915056
SYNPCC7002_RS09845,SYNPCC7002_RS06770,0.0814584319843541
SYNPCC7002_RS09780,SYNPCC7002_RS05070,0.0814576691845418
SYNPCC7002_RS04780,SYNPCC7002_RS04695,0.0814574526691379
SYNPCC7002_RS10050,SYNPCC7002_RS10980,0.0814568867414006
SYNPCC7002_RS04890,SYNPCC7002_RS13060,0.0814532361484417
SYNPCC7002_RS10050,SYNPCC7002_RS11175,0.0814504172200651
SYNPCC7002_RS12395,SYNPCC7002_RS11245,0.081446667599504
SYNPCC7002_RS11685,SYNPCC7002_RS06940,0.0814450318782685
SYNPCC7002_RS05460,SYNPCC7002_RS09800,0.0814410505891439
SYNPCC7002_RS10050,SYNPCC7002_RS00585,0.0814380189159864
SYNPCC7002_RS05135,SYNPCC7002_RS00305,0.0814355580260836
SYNPCC7002_RS01085,SYNPCC7002_RS13830,0.0814321039758002
SYNPCC7002_RS09780,SYNPCC7002_RS03245,0.0814303458148886
SYNPCC7002_RS00050,SYNPCC7002_RS00525,0.0814275835479765
SYNPCC7002_RS06005,SYNPCC7002_RS03270,0.081425721023952
SYNPCC7002_RS01335,SYNPCC7002_RS07710,0.0814226848743593
SYNPCC7002_RS08210,SYNPCC7002_RS00060,0.0814211060774176
SYNPCC7002_RS10050,SYNPCC7002_RS09645,0.0814187933405941
SYNPCC7002_RS09420,SYNPCC7002_RS14320,0.0814177385801911
SYNPCC7002_RS12515,SYNPCC7002_RS02490,0.0814149889187589
SYNPCC7002_RS08965,SYNPCC7002_RS13675,0.0814011103367399
SYNPCC7002_RS15520,SYNPCC7002_RS02640,0.0813998091502803
SYNPCC7002_RS09320,SYNPCC7002_RS00650,0.081387769433471
SYNPCC7002_RS01800,SYNPCC7002_RS05805,0.0813805178849969
SYNPCC7002_RS12515,SYNPCC7002_RS12620,0.0813757011285415
SYNPCC7002_RS08860,SYNPCC7002_RS05155,0.0813705246120006
SYNPCC7002_RS00260,SYNPCC7002_RS10175,0.081369706068406
SYNPCC7002_RS15410,SYNPCC7002_RS01540,0.081365966982445
SYNPCC7002_RS08175,SYNPCC7002_RS10410,0.0813638425984383
SYNPCC7002_RS15410,SYNPCC7002_RS16270,0.0813599715793346
SYNPCC7002_RS04780,SYNPCC7002_RS04025,0.0813466342890065
SYNPCC7002_RS08390,SYNPCC7002_RS03065,0.0813431262880401
SYNPCC7002_RS08965,SYNPCC7002_RS13810,0.0813413009163085
SYNPCC7002_RS05135,SYNPCC7002_RS08010,0.0813268039708271
SYNPCC7002_RS01420,SYNPCC7002_RS01435,0.0813243446931114
SYNPCC7002_RS05460,SYNPCC7002_RS09410,0.0813243409798461
SYNPCC7002_RS03030,SYNPCC7002_RS10755,0.0813234451774549
SYNPCC7002_RS10050,SYNPCC7002_RS03680,0.0813121547993817
SYNPCC7002_RS10050,SYNPCC7002_RS07470,0.0813093280195936
SYNPCC7002_RS04250,SYNPCC7002_RS04520,0.0813091522707852
SYNPCC7002_RS07385,SYNPCC7002_RS13025,0.081301612659424
SYNPCC7002_RS08945,SYNPCC7002_RS10110,0.0813014459667758
SYNPCC7002_RS10050,SYNPCC7002_RS08045,0.0812959091072072
SYNPCC7002_RS00010,SYNPCC7002_RS06255,0.081294277609998
SYNPCC7002_RS05985,SYNPCC7002_RS03790,0.0812882776761873
SYNPCC7002_RS07385,SYNPCC7002_RS11675,0.0812879958229163
SYNPCC7002_RS00650,SYNPCC7002_RS12115,0.0812861928073925
SYNPCC7002_RS09320,SYNPCC7002_RS01790,0.081279821535367
SYNPCC7002_RS01335,SYNPCC7002_RS14850,0.0812669104493543
SYNPCC7002_RS15995,SYNPCC7002_RS14100,0.0812662851565356
SYNPCC7002_RS02715,SYNPCC7002_RS14490,0.0812554095206633
SYNPCC7002_RS12090,SYNPCC7002_RS00840,0.0812543524552582
SYNPCC7002_RS09820,SYNPCC7002_RS13750,0.0812513894852121
SYNPCC7002_RS15255,SYNPCC7002_RS15720,0.0812480273618206
SYNPCC7002_RS15255,SYNPCC7002_RS15010,0.0812394212420727
SYNPCC7002_RS07295,SYNPCC7002_RS12920,0.0812281976039226
SYNPCC7002_RS08965,SYNPCC7002_RS06775,0.0812245680299348
SYNPCC7002_RS15410,SYNPCC7002_RS09750,0.0812244302642844
SYNPCC7002_RS00650,SYNPCC7002_RS01035,0.0812094516711242
SYNPCC7002_RS08390,SYNPCC7002_RS15515,0.0812048590394292
SYNPCC7002_RS04680,SYNPCC7002_RS10115,0.0811976713908082
SYNPCC7002_RS08860,SYNPCC7002_RS12235,0.0811966724525923
SYNPCC7002_RS00050,SYNPCC7002_RS02360,0.0811885576438394
SYNPCC7002_RS12515,SYNPCC7002_RS12085,0.0811881679960032
SYNPCC7002_RS00690,SYNPCC7002_RS07095,0.0811852090143199
SYNPCC7002_RS16160,SYNPCC7002_RS02070,0.0811778079048326
SYNPCC7002_RS15410,SYNPCC7002_RS14880,0.081175555832528
SYNPCC7002_RS04250,SYNPCC7002_RS02785,0.0811751803897942
SYNPCC7002_RS15520,SYNPCC7002_RS01425,0.0811735580659763
SYNPCC7002_RS12090,SYNPCC7002_RS17190,0.0811544199794939
SYNPCC7002_RS04780,SYNPCC7002_RS11710,0.0811540156049868
SYNPCC7002_RS11400,SYNPCC7002_RS05360,0.0811480982162772
SYNPCC7002_RS07385,SYNPCC7002_RS06965,0.0811477805620319
SYNPCC7002_RS09320,SYNPCC7002_RS05040,0.0811404102646646
SYNPCC7002_RS14385,SYNPCC7002_RS14470,0.0811329221487518
SYNPCC7002_RS07385,SYNPCC7002_RS03025,0.0811326161773951
SYNPCC7002_RS11400,SYNPCC7002_RS06295,0.0811269206484378
SYNPCC7002_RS12395,SYNPCC7002_RS11530,0.0811227920821576
SYNPCC7002_RS05135,SYNPCC7002_RS00545,0.0811227438390206
SYNPCC7002_RS08965,SYNPCC7002_RS10075,0.0811224624550636
SYNPCC7002_RS05985,SYNPCC7002_RS02235,0.0811096509937628
SYNPCC7002_RS01420,SYNPCC7002_RS05530,0.0811060317486958
SYNPCC7002_RS12515,SYNPCC7002_RS16220,0.0810948134112511
SYNPCC7002_RS05985,SYNPCC7002_RS04585,0.0810813286136675
SYNPCC7002_RS09320,SYNPCC7002_RS03485,0.0810789162862204
SYNPCC7002_RS15255,SYNPCC7002_RS16290,0.0810692682576552
SYNPCC7002_RS05985,SYNPCC7002_RS11030,0.0810638443022968
SYNPCC7002_RS01800,SYNPCC7002_RS08865,0.0810632792749598
SYNPCC7002_RS15410,SYNPCC7002_RS07405,0.0810623366431068
SYNPCC7002_RS03030,SYNPCC7002_RS02595,0.0810616152013262
SYNPCC7002_RS02715,SYNPCC7002_RS04915,0.0810604739295707
SYNPCC7002_RS04250,SYNPCC7002_RS03580,0.081054116280696
SYNPCC7002_RS03295,SYNPCC7002_RS10200,0.0810475729837358
SYNPCC7002_RS09320,SYNPCC7002_RS04635,0.0810453027756126
SYNPCC7002_RS12395,SYNPCC7002_RS06255,0.0810438788784846
SYNPCC7002_RS12090,SYNPCC7002_RS14690,0.0810416412291383
SYNPCC7002_RS08945,SYNPCC7002_RS09030,0.0810387957005441
SYNPCC7002_RS00010,SYNPCC7002_RS10460,0.0810372312580643
SYNPCC7002_RS04780,SYNPCC7002_RS13420,0.0810352595042784
SYNPCC7002_RS07295,SYNPCC7002_RS14880,0.0810321539114339
SYNPCC7002_RS12395,SYNPCC7002_RS11350,0.0810270821098424
SYNPCC7002_RS08390,SYNPCC7002_RS05870,0.0810249068180491
SYNPCC7002_RS03030,SYNPCC7002_RS13570,0.0810185759424089
SYNPCC7002_RS08255,SYNPCC7002_RS01565,0.081018486493388
SYNPCC7002_RS08255,SYNPCC7002_RS12270,0.08101457116004
SYNPCC7002_RS04250,SYNPCC7002_RS02950,0.0810117945178692
SYNPCC7002_RS09320,SYNPCC7002_RS13645,0.0810071188402693
SYNPCC7002_RS01420,SYNPCC7002_RS05245,0.0810069412898149
SYNPCC7002_RS02455,SYNPCC7002_RS02890,0.0810022625550389
SYNPCC7002_RS12090,SYNPCC7002_RS07200,0.0809818132876262
SYNPCC7002_RS12090,SYNPCC7002_RS00605,0.0809807564477917
SYNPCC7002_RS03030,SYNPCC7002_RS06375,0.080975628450948
SYNPCC7002_RS00010,SYNPCC7002_RS01275,0.0809752919039775
SYNPCC7002_RS12090,SYNPCC7002_RS05910,0.0809744853385857
SYNPCC7002_RS03030,SYNPCC7002_RS01080,0.0809684065663595
SYNPCC7002_RS15255,SYNPCC7002_RS14800,0.080957619790794
SYNPCC7002_RS01800,SYNPCC7002_RS03445,0.0809520734484845
SYNPCC7002_RS04250,SYNPCC7002_RS05590,0.0809512232057096
SYNPCC7002_RS09175,SYNPCC7002_RS00165,0.0809479752776636
SYNPCC7002_RS11685,SYNPCC7002_RS00185,0.0809421762172686
SYNPCC7002_RS00260,SYNPCC7002_RS10170,0.0809333748356197
SYNPCC7002_RS04250,SYNPCC7002_RS13620,0.0809246153919892
SYNPCC7002_RS09195,SYNPCC7002_RS13210,0.080919147159723
SYNPCC7002_RS03760,SYNPCC7002_RS12850,0.0809187382720816
SYNPCC7002_RS09175,SYNPCC7002_RS07390,0.0809181631223311
SYNPCC7002_RS08390,SYNPCC7002_RS07320,0.0809155633697841
SYNPCC7002_RS05985,SYNPCC7002_RS05430,0.080908765090282
SYNPCC7002_RS04250,SYNPCC7002_RS13080,0.0808959151326248
SYNPCC7002_RS14440,SYNPCC7002_RS13940,0.0808952564596209
SYNPCC7002_RS15520,SYNPCC7002_RS05455,0.0808844490674616
SYNPCC7002_RS14790,SYNPCC7002_RS16160,0.0808769897486374
SYNPCC7002_RS05460,SYNPCC7002_RS08875,0.0808608868481339
SYNPCC7002_RS12395,SYNPCC7002_RS13060,0.0808532991627067
SYNPCC7002_RS09995,SYNPCC7002_RS02365,0.0808490899530801
SYNPCC7002_RS06005,SYNPCC7002_RS07175,0.0808392814327211
SYNPCC7002_RS15520,SYNPCC7002_RS06775,0.0808288587791434
SYNPCC7002_RS04780,SYNPCC7002_RS06530,0.0808270544736859
SYNPCC7002_RS08210,SYNPCC7002_RS08120,0.0808246783503193
SYNPCC7002_RS03030,SYNPCC7002_RS02945,0.0808244984001194
SYNPCC7002_RS04780,SYNPCC7002_RS10960,0.0808150464759772
SYNPCC7002_RS09175,SYNPCC7002_RS14665,0.0808052970308796
SYNPCC7002_RS09820,SYNPCC7002_RS11195,0.0808048997640283
SYNPCC7002_RS10525,SYNPCC7002_RS15025,0.0807879489816387
SYNPCC7002_RS02715,SYNPCC7002_RS05150,0.0807862693059991
SYNPCC7002_RS08390,SYNPCC7002_RS00415,0.0807792849515165
SYNPCC7002_RS01800,SYNPCC7002_RS02385,0.0807659175574478
SYNPCC7002_RS08945,SYNPCC7002_RS06695,0.0807604932191748
SYNPCC7002_RS04890,SYNPCC7002_RS07940,0.080753303108526
SYNPCC7002_RS12395,SYNPCC7002_RS16960,0.0807498864390026
SYNPCC7002_RS10050,SYNPCC7002_RS05655,0.0807488738383951
SYNPCC7002_RS11400,SYNPCC7002_RS00145,0.0807459042742395
SYNPCC7002_RS15520,SYNPCC7002_RS01250,0.0807459030480924
SYNPCC7002_RS00050,SYNPCC7002_RS04520,0.0807447041234409
SYNPCC7002_RS01335,SYNPCC7002_RS16115,0.0807418637076464
SYNPCC7002_RS01335,SYNPCC7002_RS10085,0.0807337777143184
SYNPCC7002_RS01335,SYNPCC7002_RS05060,0.0807329062399901
SYNPCC7002_RS12395,SYNPCC7002_RS07555,0.0807315458362533
SYNPCC7002_RS05985,SYNPCC7002_RS00360,0.0807221335954219
SYNPCC7002_RS12090,SYNPCC7002_RS02360,0.0807161884193469
SYNPCC7002_RS05135,SYNPCC7002_RS17205,0.0807104693446963
SYNPCC7002_RS04650,SYNPCC7002_RS14305,0.0807086006545444
SYNPCC7002_RS08945,SYNPCC7002_RS07350,0.0807024937148365
SYNPCC7002_RS01335,SYNPCC7002_RS11260,0.080702000811061
SYNPCC7002_RS08255,SYNPCC7002_RS02880,0.0807009416526273
SYNPCC7002_RS07295,SYNPCC7002_RS01995,0.0806960275611018
SYNPCC7002_RS00690,SYNPCC7002_RS10535,0.0806880951337005
SYNPCC7002_RS09175,SYNPCC7002_RS07825,0.0806687688100124
SYNPCC7002_RS00640,SYNPCC7002_RS14065,0.0806677584971996
SYNPCC7002_RS09780,SYNPCC7002_RS04175,0.0806621177107394
SYNPCC7002_RS04250,SYNPCC7002_RS00175,0.0806518697545013
SYNPCC7002_RS05135,SYNPCC7002_RS07780,0.0806490961097533
SYNPCC7002_RS08210,SYNPCC7002_RS11885,0.0806462379357596
SYNPCC7002_RS15520,SYNPCC7002_RS08120,0.0806358735019426
SYNPCC7002_RS16160,SYNPCC7002_RS15160,0.0806271509209994
SYNPCC7002_RS11400,SYNPCC7002_RS01605,0.0806236631481967
SYNPCC7002_RS05135,SYNPCC7002_RS03520,0.0806202689114056
SYNPCC7002_RS12395,SYNPCC7002_RS10950,0.080618208500669
SYNPCC7002_RS08390,SYNPCC7002_RS08905,0.0806144565803985
SYNPCC7002_RS04780,SYNPCC7002_RS01280,0.0806131709017502
SYNPCC7002_RS12515,SYNPCC7002_RS16210,0.0806100648472666
SYNPCC7002_RS03030,SYNPCC7002_RS00445,0.0806088255721667
SYNPCC7002_RS08210,SYNPCC7002_RS00965,0.0806014489367913
SYNPCC7002_RS16320,SYNPCC7002_RS15720,0.0805977480146863
SYNPCC7002_RS01335,SYNPCC7002_RS07420,0.080590116117809
SYNPCC7002_RS08965,SYNPCC7002_RS06315,0.0805710042485476
SYNPCC7002_RS15255,SYNPCC7002_RS14770,0.0805618565771788
SYNPCC7002_RS01085,SYNPCC7002_RS07165,0.0805487659009679
SYNPCC7002_RS10145,SYNPCC7002_RS03990,0.0805477390940905
SYNPCC7002_RS10050,SYNPCC7002_RS14455,0.0805420305030538
SYNPCC7002_RS10050,SYNPCC7002_RS11515,0.0805371648416136
SYNPCC7002_RS05135,SYNPCC7002_RS02100,0.0805233794771142
SYNPCC7002_RS08965,SYNPCC7002_RS04390,0.0805105122810262
SYNPCC7002_RS10050,SYNPCC7002_RS04310,0.0805066132777266
SYNPCC7002_RS08390,SYNPCC7002_RS01670,0.0805033033175859
SYNPCC7002_RS03030,SYNPCC7002_RS11735,0.0804974223306877
SYNPCC7002_RS05135,SYNPCC7002_RS07605,0.0804898274796884
SYNPCC7002_RS10050,SYNPCC7002_RS02170,0.0804898087225321
SYNPCC7002_RS11685,SYNPCC7002_RS10130,0.0804889536824934
SYNPCC7002_RS01335,SYNPCC7002_RS11200,0.0804832213071998
SYNPCC7002_RS04250,SYNPCC7002_RS11250,0.0804806079178803
SYNPCC7002_RS15520,SYNPCC7002_RS04195,0.0804776136556363
SYNPCC7002_RS04680,SYNPCC7002_RS12825,0.0804576270733064
SYNPCC7002_RS04780,SYNPCC7002_RS06015,0.0804575505619873
SYNPCC7002_RS00650,SYNPCC7002_RS12745,0.0804550995797942
SYNPCC7002_RS08965,SYNPCC7002_RS03030,0.0804518650194929
SYNPCC7002_RS08255,SYNPCC7002_RS00365,0.0804477090393415
SYNPCC7002_RS00050,SYNPCC7002_RS04590,0.0804386189395252
SYNPCC7002_RS08255,SYNPCC7002_RS05025,0.0804345877776695
SYNPCC7002_RS02455,SYNPCC7002_RS00055,0.0804212043800712
SYNPCC7002_RS05135,SYNPCC7002_RS08305,0.0804140046250891
SYNPCC7002_RS12395,SYNPCC7002_RS08615,0.0803910439966389
SYNPCC7002_RS08860,SYNPCC7002_RS03555,0.0803788561273658
SYNPCC7002_RS16320,SYNPCC7002_RS16390,0.0803632058954309
SYNPCC7002_RS15030,SYNPCC7002_RS14550,0.080360581008585
SYNPCC7002_RS04780,SYNPCC7002_RS03855,0.0803577181079674
SYNPCC7002_RS04780,SYNPCC7002_RS16070,0.0803536092195087
SYNPCC7002_RS01420,SYNPCC7002_RS15870,0.0803499121990765
SYNPCC7002_RS12105,SYNPCC7002_RS08840,0.0803352582161972
SYNPCC7002_RS12105,SYNPCC7002_RS10225,0.0803347558362589
SYNPCC7002_RS00640,SYNPCC7002_RS16240,0.0803296806584768
SYNPCC7002_RS00650,SYNPCC7002_RS07980,0.0803295332895822
SYNPCC7002_RS03030,SYNPCC7002_RS01475,0.0803218676151484
SYNPCC7002_RS03760,SYNPCC7002_RS10090,0.0803133702488059
SYNPCC7002_RS01335,SYNPCC7002_RS07170,0.0802997258108785
SYNPCC7002_RS16320,SYNPCC7002_RS15885,0.0802913832589735
SYNPCC7002_RS05985,SYNPCC7002_RS02515,0.0802908401606259
SYNPCC7002_RS10050,SYNPCC7002_RS14750,0.0802872473471605
SYNPCC7002_RS10050,SYNPCC7002_RS14410,0.0802812755666521
SYNPCC7002_RS12395,SYNPCC7002_RS02425,0.0802749293214685
SYNPCC7002_RS08175,SYNPCC7002_RS00610,0.0802663877516137
SYNPCC7002_RS15520,SYNPCC7002_RS04790,0.0802626948204011
SYNPCC7002_RS09845,SYNPCC7002_RS12175,0.08026098738337
SYNPCC7002_RS10050,SYNPCC7002_RS13820,0.080252910560605
SYNPCC7002_RS08175,SYNPCC7002_RS08215,0.0802474967984324
SYNPCC7002_RS00650,SYNPCC7002_RS04730,0.0802414090816097
SYNPCC7002_RS01420,SYNPCC7002_RS10760,0.080238997229207
SYNPCC7002_RS02715,SYNPCC7002_RS15840,0.0802344968725957
SYNPCC7002_RS15520,SYNPCC7002_RS13850,0.0802126494988928
SYNPCC7002_RS01420,SYNPCC7002_RS05275,0.0802078350779669
SYNPCC7002_RS08945,SYNPCC7002_RS02930,0.0802049812179577
SYNPCC7002_RS08255,SYNPCC7002_RS08855,0.0802036021579674
SYNPCC7002_RS07295,SYNPCC7002_RS14350,0.0802032332376758
SYNPCC7002_RS12515,SYNPCC7002_RS13280,0.0802004817009791
SYNPCC7002_RS01800,SYNPCC7002_RS12770,0.0801992217465076
SYNPCC7002_RS12395,SYNPCC7002_RS11240,0.080190821541873
SYNPCC7002_RS15410,SYNPCC7002_RS01425,0.0801658830872038
SYNPCC7002_RS15520,SYNPCC7002_RS09830,0.0801642604757671
SYNPCC7002_RS04780,SYNPCC7002_RS08585,0.0801570069761498
SYNPCC7002_RS04890,SYNPCC7002_RS12445,0.0801567743099973
SYNPCC7002_RS04250,SYNPCC7002_RS12015,0.0801474169322814
SYNPCC7002_RS00650,SYNPCC7002_RS01250,0.0801473957256004
SYNPCC7002_RS09090,SYNPCC7002_RS06130,0.080140773524282
SYNPCC7002_RS09320,SYNPCC7002_RS11040,0.0801394559818618
SYNPCC7002_RS09320,SYNPCC7002_RS00135,0.0801392280155401
SYNPCC7002_RS04780,SYNPCC7002_RS09290,0.0801389681029308
SYNPCC7002_RS04650,SYNPCC7002_RS00345,0.0801361680541637
SYNPCC7002_RS04250,SYNPCC7002_RS01515,0.0801282350858028
SYNPCC7002_RS05460,SYNPCC7002_RS15490,0.0801258615275895
SYNPCC7002_RS09820,SYNPCC7002_RS10825,0.0801161648822521
SYNPCC7002_RS08175,SYNPCC7002_RS05365,0.0801059090048114
SYNPCC7002_RS04650,SYNPCC7002_RS04895,0.0800966728379792
SYNPCC7002_RS04650,SYNPCC7002_RS09885,0.0800946021377616
SYNPCC7002_RS08255,SYNPCC7002_RS12845,0.0800890779577995
SYNPCC7002_RS01420,SYNPCC7002_RS09415,0.080085158368162
SYNPCC7002_RS05985,SYNPCC7002_RS05485,0.0800700198803648
SYNPCC7002_RS11685,SYNPCC7002_RS10870,0.0800696665522416
SYNPCC7002_RS14385,SYNPCC7002_RS09430,0.0800681295879299
SYNPCC7002_RS07385,SYNPCC7002_RS11930,0.0800679798239409
SYNPCC7002_RS08965,SYNPCC7002_RS11840,0.0800658600721497
SYNPCC7002_RS10050,SYNPCC7002_RS03370,0.0800643790428403
SYNPCC7002_RS09320,SYNPCC7002_RS08965,0.0800617671403218
SYNPCC7002_RS04250,SYNPCC7002_RS13920,0.0800602581674615
SYNPCC7002_RS04250,SYNPCC7002_RS13075,0.0800555151197478
SYNPCC7002_RS08965,SYNPCC7002_RS03570,0.0800533920462114
SYNPCC7002_RS04780,SYNPCC7002_RS14045,0.0800514481874476
SYNPCC7002_RS10050,SYNPCC7002_RS01550,0.0800457034726762
SYNPCC7002_RS08965,SYNPCC7002_RS00145,0.0800428699730275
SYNPCC7002_RS12105,SYNPCC7002_RS06805,0.0800419445518922
SYNPCC7002_RS08175,SYNPCC7002_RS09150,0.0800383832369945
SYNPCC7002_RS05135,SYNPCC7002_RS02170,0.0800301978933235
SYNPCC7002_RS10050,SYNPCC7002_RS11065,0.0800299302495293
SYNPCC7002_RS02715,SYNPCC7002_RS01150,0.0800272160829533
SYNPCC7002_RS09780,SYNPCC7002_RS13095,0.0800267372337167
SYNPCC7002_RS04250,SYNPCC7002_RS06885,0.0800216635433856
SYNPCC7002_RS08210,SYNPCC7002_RS03720,0.0800215867941855
SYNPCC7002_RS04780,SYNPCC7002_RS04750,0.0800132111950384
SYNPCC7002_RS09320,SYNPCC7002_RS01555,0.0800065783753473
SYNPCC7002_RS08175,SYNPCC7002_RS08155,0.080001014440601
SYNPCC7002_RS04250,SYNPCC7002_RS04850,0.0799823596618581
SYNPCC7002_RS07385,SYNPCC7002_RS00600,0.0799673828242839
SYNPCC7002_RS04250,SYNPCC7002_RS00050,0.0799635893138629
SYNPCC7002_RS02455,SYNPCC7002_RS00210,0.0799532973583337
SYNPCC7002_RS01420,SYNPCC7002_RS01695,0.0799531654391936
SYNPCC7002_RS04890,SYNPCC7002_RS03370,0.07994811539535
SYNPCC7002_RS15255,SYNPCC7002_RS13180,0.0799437681985281
SYNPCC7002_RS00650,SYNPCC7002_RS00655,0.0799434075139153
SYNPCC7002_RS05135,SYNPCC7002_RS15355,0.0799423980961741
SYNPCC7002_RS05135,SYNPCC7002_RS07730,0.0799368540963386
SYNPCC7002_RS05135,SYNPCC7002_RS04535,0.0799362565547311
SYNPCC7002_RS15520,SYNPCC7002_RS01540,0.0799343007344115
SYNPCC7002_RS09780,SYNPCC7002_RS05405,0.0799259927190292
SYNPCC7002_RS09820,SYNPCC7002_RS11805,0.0799177819609532
SYNPCC7002_RS12105,SYNPCC7002_RS11075,0.0799176704871812
SYNPCC7002_RS09780,SYNPCC7002_RS10740,0.0799126240526377
SYNPCC7002_RS11400,SYNPCC7002_RS06415,0.0799097686732813
SYNPCC7002_RS15520,SYNPCC7002_RS14585,0.079906880467878
SYNPCC7002_RS04680,SYNPCC7002_RS01810,0.0799059398227025
SYNPCC7002_RS04680,SYNPCC7002_RS05560,0.0798992094548735
SYNPCC7002_RS04890,SYNPCC7002_RS03425,0.0798943538544604
SYNPCC7002_RS08390,SYNPCC7002_RS15950,0.0798928876141011
SYNPCC7002_RS09175,SYNPCC7002_RS14720,0.0798912330895684
SYNPCC7002_RS00690,SYNPCC7002_RS01445,0.0798802870116699
SYNPCC7002_RS03030,SYNPCC7002_RS07050,0.0798669580082347
SYNPCC7002_RS04250,SYNPCC7002_RS13395,0.0798637589207171
SYNPCC7002_RS04890,SYNPCC7002_RS07725,0.0798622465103117
SYNPCC7002_RS11685,SYNPCC7002_RS03385,0.0798608872049857
SYNPCC7002_RS09780,SYNPCC7002_RS02790,0.0798567480047989
SYNPCC7002_RS12395,SYNPCC7002_RS12240,0.0798566270812072
SYNPCC7002_RS02715,SYNPCC7002_RS16315,0.0798563012795608
SYNPCC7002_RS04250,SYNPCC7002_RS16905,0.0798430766768675
SYNPCC7002_RS04890,SYNPCC7002_RS07545,0.0798419830049926
SYNPCC7002_RS09780,SYNPCC7002_RS16265,0.0798416932497781
SYNPCC7002_RS02715,SYNPCC7002_RS05265,0.0798399451225962
SYNPCC7002_RS05985,SYNPCC7002_RS09525,0.0798371969984603
SYNPCC7002_RS14790,SYNPCC7002_RS03245,0.0798348529283068
SYNPCC7002_RS14440,SYNPCC7002_RS17220,0.0798345856731162
SYNPCC7002_RS08175,SYNPCC7002_RS14465,0.0798333080365838
SYNPCC7002_RS11685,SYNPCC7002_RS02935,0.0798287590365824
SYNPCC7002_RS07385,SYNPCC7002_RS07040,0.0798195935556875
SYNPCC7002_RS09320,SYNPCC7002_RS06420,0.0798186330763283
SYNPCC7002_RS04650,SYNPCC7002_RS08055,0.0798028417448023
SYNPCC7002_RS14790,SYNPCC7002_RS08015,0.0798024646271363
SYNPCC7002_RS08965,SYNPCC7002_RS01355,0.0798012710816918
SYNPCC7002_RS15030,SYNPCC7002_RS06005,0.079797439433942
SYNPCC7002_RS05135,SYNPCC7002_RS12670,0.0797959660165988
SYNPCC7002_RS15680,SYNPCC7002_RS15605,0.0797882292932878
SYNPCC7002_RS08390,SYNPCC7002_RS11795,0.079787105957121
SYNPCC7002_RS05135,SYNPCC7002_RS10985,0.0797816112520489
SYNPCC7002_RS03030,SYNPCC7002_RS09830,0.0797766039025637
SYNPCC7002_RS09995,SYNPCC7002_RS08835,0.0797730901327071
SYNPCC7002_RS08210,SYNPCC7002_RS12030,0.07976061901715
SYNPCC7002_RS09820,SYNPCC7002_RS12935,0.0797588040042258
SYNPCC7002_RS08965,SYNPCC7002_RS09125,0.0797560247483643
SYNPCC7002_RS04250,SYNPCC7002_RS01560,0.0797539536583366
SYNPCC7002_RS03030,SYNPCC7002_RS15740,0.0797354757911655
SYNPCC7002_RS12395,SYNPCC7002_RS00305,0.0797329905698391
SYNPCC7002_RS00640,SYNPCC7002_RS02305,0.0797326358043971
SYNPCC7002_RS02455,SYNPCC7002_RS13985,0.0797213142011538
SYNPCC7002_RS01335,SYNPCC7002_RS14895,0.0797207932134572
SYNPCC7002_RS12515,SYNPCC7002_RS13135,0.0797093722782978
SYNPCC7002_RS02715,SYNPCC7002_RS07950,0.0797084287033592
SYNPCC7002_RS03950,SYNPCC7002_RS03335,0.0796989616207407
SYNPCC7002_RS08390,SYNPCC7002_RS04360,0.0796970349461973
SYNPCC7002_RS06150,SYNPCC7002_RS13495,0.0796918453767141
SYNPCC7002_RS14790,SYNPCC7002_RS12195,0.0796825250663271
SYNPCC7002_RS08210,SYNPCC7002_RS13575,0.079682353744742
SYNPCC7002_RS16160,SYNPCC7002_RS04800,0.0796719794557748
SYNPCC7002_RS03030,SYNPCC7002_RS14160,0.0796657158472324
SYNPCC7002_RS15410,SYNPCC7002_RS09850,0.0796604001542072
SYNPCC7002_RS03030,SYNPCC7002_RS04055,0.0796528775666708
SYNPCC7002_RS04250,SYNPCC7002_RS12670,0.0796527064925671
SYNPCC7002_RS04780,SYNPCC7002_RS10435,0.0796487802928589
SYNPCC7002_RS06540,SYNPCC7002_RS06055,0.079642339093194
SYNPCC7002_RS05985,SYNPCC7002_RS17175,0.0796397303489444
SYNPCC7002_RS09630,SYNPCC7002_RS16925,0.0796355369137651
SYNPCC7002_RS15995,SYNPCC7002_RS17055,0.0796300430006277
SYNPCC7002_RS03030,SYNPCC7002_RS02920,0.0796299480350633
SYNPCC7002_RS15520,SYNPCC7002_RS03590,0.0796270249195749
SYNPCC7002_RS15520,SYNPCC7002_RS09595,0.0796262458665079
SYNPCC7002_RS15520,SYNPCC7002_RS13975,0.0796197446311612
SYNPCC7002_RS10050,SYNPCC7002_RS02470,0.0796179184383774
SYNPCC7002_RS15030,SYNPCC7002_RS14975,0.0796165947800997
SYNPCC7002_RS08255,SYNPCC7002_RS09085,0.0796061071736444
SYNPCC7002_RS04250,SYNPCC7002_RS12585,0.0796004103592905
SYNPCC7002_RS09780,SYNPCC7002_RS16585,0.0795978311777717
SYNPCC7002_RS08965,SYNPCC7002_RS04810,0.0795874870489185
SYNPCC7002_RS08965,SYNPCC7002_RS02115,0.0795856460969406
SYNPCC7002_RS10050,SYNPCC7002_RS00270,0.0795810990514359
SYNPCC7002_RS04780,SYNPCC7002_RS09690,0.0795756975632828
SYNPCC7002_RS09780,SYNPCC7002_RS12330,0.079574013327076
SYNPCC7002_RS04250,SYNPCC7002_RS00355,0.0795738262655348
SYNPCC7002_RS14385,SYNPCC7002_RS14445,0.0795701122918102
SYNPCC7002_RS12395,SYNPCC7002_RS05285,0.079565350455067
SYNPCC7002_RS04890,SYNPCC7002_RS04475,0.0795630705790663
SYNPCC7002_RS08965,SYNPCC7002_RS03565,0.0795570479363013
SYNPCC7002_RS05135,SYNPCC7002_RS05175,0.0795570130884302
SYNPCC7002_RS01335,SYNPCC7002_RS12325,0.0795556144947262
SYNPCC7002_RS04250,SYNPCC7002_RS11240,0.0795535972088297
SYNPCC7002_RS09780,SYNPCC7002_RS04805,0.0795519329676231
SYNPCC7002_RS01420,SYNPCC7002_RS07625,0.0795482753197436
SYNPCC7002_RS09995,SYNPCC7002_RS06730,0.0795455385023965
SYNPCC7002_RS11400,SYNPCC7002_RS06225,0.0795438811117456
SYNPCC7002_RS09320,SYNPCC7002_RS11835,0.0795434777011943
SYNPCC7002_RS05135,SYNPCC7002_RS02995,0.0795379200419612
SYNPCC7002_RS12105,SYNPCC7002_RS12845,0.0795321251149727
SYNPCC7002_RS08945,SYNPCC7002_RS01400,0.0795272069885052
SYNPCC7002_RS03030,SYNPCC7002_RS08125,0.0795255242511295
SYNPCC7002_RS04250,SYNPCC7002_RS05705,0.0795143572787619
SYNPCC7002_RS08390,SYNPCC7002_RS15800,0.079508213880741
SYNPCC7002_RS04780,SYNPCC7002_RS06020,0.0795067726560833
SYNPCC7002_RS14440,SYNPCC7002_RS14470,0.07950652902436
SYNPCC7002_RS09175,SYNPCC7002_RS07675,0.0795062059365404
SYNPCC7002_RS04250,SYNPCC7002_RS00840,0.0794915727574167
SYNPCC7002_RS06540,SYNPCC7002_RS12765,0.0794863977207839
SYNPCC7002_RS07295,SYNPCC7002_RS13300,0.0794786979085837
SYNPCC7002_RS00640,SYNPCC7002_RS08625,0.0794785894702833
SYNPCC7002_RS08390,SYNPCC7002_RS12320,0.0794669020698323
SYNPCC7002_RS05985,SYNPCC7002_RS15260,0.0794619981340684
SYNPCC7002_RS11400,SYNPCC7002_RS02735,0.0794582243796973
SYNPCC7002_RS14440,SYNPCC7002_RS09430,0.0794471298016569
SYNPCC7002_RS09320,SYNPCC7002_RS13070,0.0794434707954587
SYNPCC7002_RS03030,SYNPCC7002_RS02730,0.0794424633716159
SYNPCC7002_RS01335,SYNPCC7002_RS01240,0.0794214793430804
SYNPCC7002_RS01420,SYNPCC7002_RS07585,0.0794181055375204
SYNPCC7002_RS04890,SYNPCC7002_RS05835,0.0794176554225808
SYNPCC7002_RS01085,SYNPCC7002_RS11425,0.0793879548753696
SYNPCC7002_RS00260,SYNPCC7002_RS13200,0.0793744620038546
SYNPCC7002_RS08860,SYNPCC7002_RS04345,0.0793661306127403
SYNPCC7002_RS05135,SYNPCC7002_RS13315,0.0793580257992631
SYNPCC7002_RS01420,SYNPCC7002_RS02870,0.0793522440870527
SYNPCC7002_RS12515,SYNPCC7002_RS14310,0.0793510483803407
SYNPCC7002_RS04890,SYNPCC7002_RS07650,0.079347476449755
SYNPCC7002_RS09260,SYNPCC7002_RS09255,0.0793456922725899
SYNPCC7002_RS04250,SYNPCC7002_RS04375,0.0793455904807022
SYNPCC7002_RS12395,SYNPCC7002_RS05110,0.0793421757144933
SYNPCC7002_RS14440,SYNPCC7002_RS09420,0.0793403284457344
SYNPCC7002_RS12395,SYNPCC7002_RS05290,0.0793372663646451
SYNPCC7002_RS06540,SYNPCC7002_RS03545,0.079336126886287
SYNPCC7002_RS02455,SYNPCC7002_RS07050,0.0793360812240641
SYNPCC7002_RS09630,SYNPCC7002_RS14800,0.0793351961436901
SYNPCC7002_RS01335,SYNPCC7002_RS16205,0.079326343213784
SYNPCC7002_RS05135,SYNPCC7002_RS11120,0.079324423235544
SYNPCC7002_RS03760,SYNPCC7002_RS12405,0.0793197814980282
SYNPCC7002_RS05135,SYNPCC7002_RS09520,0.0793174258662535
SYNPCC7002_RS12515,SYNPCC7002_RS13115,0.0793168555993332
SYNPCC7002_RS07385,SYNPCC7002_RS00960,0.0793143768563688
SYNPCC7002_RS01085,SYNPCC7002_RS01910,0.0793056261892918
SYNPCC7002_RS05135,SYNPCC7002_RS13960,0.0793003606344118
SYNPCC7002_RS11685,SYNPCC7002_RS12560,0.0792964283903278
SYNPCC7002_RS06150,SYNPCC7002_RS13695,0.079289958289388
SYNPCC7002_RS03295,SYNPCC7002_RS14360,0.0792896200943349
SYNPCC7002_RS11400,SYNPCC7002_RS09325,0.0792861789162633
SYNPCC7002_RS05985,SYNPCC7002_RS16075,0.0792855501807698
SYNPCC7002_RS13450,SYNPCC7002_RS08790,0.0792827738633149
SYNPCC7002_RS00050,SYNPCC7002_RS11095,0.079274317988
SYNPCC7002_RS08945,SYNPCC7002_RS10095,0.0792694907151608
SYNPCC7002_RS00050,SYNPCC7002_RS01520,0.0792685196220556
SYNPCC7002_RS08965,SYNPCC7002_RS03850,0.0792682462706372
SYNPCC7002_RS09995,SYNPCC7002_RS12780,0.07926358746392
SYNPCC7002_RS01335,SYNPCC7002_RS03495,0.0792464026861113
SYNPCC7002_RS03030,SYNPCC7002_RS08965,0.0792437188026222
SYNPCC7002_RS08480,SYNPCC7002_RS05015,0.0792359962060849
SYNPCC7002_RS09195,SYNPCC7002_RS04625,0.0792325839458067
SYNPCC7002_RS05135,SYNPCC7002_RS03895,0.0792303987480675
SYNPCC7002_RS09820,SYNPCC7002_RS05660,0.0792291247472572
SYNPCC7002_RS00050,SYNPCC7002_RS05485,0.0792283595576944
SYNPCC7002_RS07295,SYNPCC7002_RS04830,0.0792276934220444
SYNPCC7002_RS04890,SYNPCC7002_RS09460,0.0792241893586903
SYNPCC7002_RS09780,SYNPCC7002_RS11230,0.0792127649321292
SYNPCC7002_RS04250,SYNPCC7002_RS04010,0.0792119391731725
SYNPCC7002_RS12395,SYNPCC7002_RS14720,0.0792119086683688
SYNPCC7002_RS08390,SYNPCC7002_RS05710,0.0792035063626881
SYNPCC7002_RS08945,SYNPCC7002_RS10680,0.0791919221912714
SYNPCC7002_RS09780,SYNPCC7002_RS00405,0.0791915474049602
SYNPCC7002_RS04250,SYNPCC7002_RS09975,0.0791853850898454
SYNPCC7002_RS11685,SYNPCC7002_RS08550,0.0791808440922638
SYNPCC7002_RS09195,SYNPCC7002_RS14490,0.0791788458768849
SYNPCC7002_RS01420,SYNPCC7002_RS05305,0.0791754566576523
SYNPCC7002_RS14790,SYNPCC7002_RS13430,0.0791733921178593
SYNPCC7002_RS08965,SYNPCC7002_RS04055,0.0791721247684794
SYNPCC7002_RS09780,SYNPCC7002_RS11160,0.0791692303134828
SYNPCC7002_RS09175,SYNPCC7002_RS05200,0.0791626205725828
SYNPCC7002_RS08965,SYNPCC7002_RS01060,0.0791594173094678
SYNPCC7002_RS15255,SYNPCC7002_RS16150,0.0791490672344476
SYNPCC7002_RS08210,SYNPCC7002_RS10620,0.0791425284692715
SYNPCC7002_RS09780,SYNPCC7002_RS17215,0.0791181875971093
SYNPCC7002_RS10050,SYNPCC7002_RS06505,0.0791087622402216
SYNPCC7002_RS03295,SYNPCC7002_RS06045,0.0791087572687905
SYNPCC7002_RS04890,SYNPCC7002_RS07570,0.0791086550124308
SYNPCC7002_RS12395,SYNPCC7002_RS11950,0.0791044835275656
SYNPCC7002_RS10050,SYNPCC7002_RS01745,0.0791008522875815
SYNPCC7002_RS09820,SYNPCC7002_RS11420,0.0790970386934079
SYNPCC7002_RS11685,SYNPCC7002_RS03525,0.0790908024236603
SYNPCC7002_RS02455,SYNPCC7002_RS02375,0.0790815068957638
SYNPCC7002_RS03295,SYNPCC7002_RS15490,0.0790735446936927
SYNPCC7002_RS12395,SYNPCC7002_RS11730,0.0790720232836633
SYNPCC7002_RS11400,SYNPCC7002_RS02490,0.0790527479654716
SYNPCC7002_RS08255,SYNPCC7002_RS16965,0.079052364013546
SYNPCC7002_RS04650,SYNPCC7002_RS12805,0.0790522223558666
SYNPCC7002_RS10050,SYNPCC7002_RS11955,0.0790488223472743
SYNPCC7002_RS09175,SYNPCC7002_RS01960,0.0790419310472712
SYNPCC7002_RS04250,SYNPCC7002_RS11540,0.0790398674074907
SYNPCC7002_RS08390,SYNPCC7002_RS08100,0.0790233646034317
SYNPCC7002_RS08965,SYNPCC7002_RS09740,0.079021710661703
SYNPCC7002_RS12515,SYNPCC7002_RS12990,0.079021485781514
SYNPCC7002_RS09820,SYNPCC7002_RS13735,0.0790168660833805
SYNPCC7002_RS03030,SYNPCC7002_RS06300,0.0790144176521013
SYNPCC7002_RS05135,SYNPCC7002_RS02515,0.0790099556165769
SYNPCC7002_RS09320,SYNPCC7002_RS12055,0.0790069034764291
SYNPCC7002_RS00690,SYNPCC7002_RS08070,0.0789970040507392
SYNPCC7002_RS16320,SYNPCC7002_RS12440,0.078996033373012
SYNPCC7002_RS09845,SYNPCC7002_RS14000,0.0789936939368724
SYNPCC7002_RS12395,SYNPCC7002_RS04090,0.0789763096838335
SYNPCC7002_RS04780,SYNPCC7002_RS12220,0.0789705024427254
SYNPCC7002_RS05460,SYNPCC7002_RS05665,0.0789688977065435
SYNPCC7002_RS09780,SYNPCC7002_RS01770,0.0789631335060014
SYNPCC7002_RS09820,SYNPCC7002_RS13190,0.0789465360868169
SYNPCC7002_RS04780,SYNPCC7002_RS16100,0.0789452004034668
SYNPCC7002_RS09630,SYNPCC7002_RS14615,0.0789439602669049
SYNPCC7002_RS00690,SYNPCC7002_RS09500,0.0789383379386055
SYNPCC7002_RS09820,SYNPCC7002_RS00580,0.0789290320113263
SYNPCC7002_RS08390,SYNPCC7002_RS14945,0.0789264006794611
SYNPCC7002_RS01335,SYNPCC7002_RS15775,0.0789170517521526
SYNPCC7002_RS08175,SYNPCC7002_RS06755,0.0789116022964633
SYNPCC7002_RS09820,SYNPCC7002_RS02710,0.0789081504258236
SYNPCC7002_RS04650,SYNPCC7002_RS10090,0.0789014876635583
SYNPCC7002_RS03760,SYNPCC7002_RS02930,0.0789005932635382
SYNPCC7002_RS08255,SYNPCC7002_RS13035,0.0788832048241452
SYNPCC7002_RS01420,SYNPCC7002_RS03425,0.0788822012254204
SYNPCC7002_RS07295,SYNPCC7002_RS08760,0.0788708066513426
SYNPCC7002_RS08965,SYNPCC7002_RS09995,0.0788621508337838
SYNPCC7002_RS11685,SYNPCC7002_RS12395,0.0788596915263556
SYNPCC7002_RS04890,SYNPCC7002_RS01575,0.0788573531095732
SYNPCC7002_RS07385,SYNPCC7002_RS12305,0.0788519746229257
SYNPCC7002_RS00690,SYNPCC7002_RS00800,0.078848637742743
SYNPCC7002_RS12395,SYNPCC7002_RS07795,0.0788462532703904
SYNPCC7002_RS01335,SYNPCC7002_RS15820,0.0788456585834076
SYNPCC7002_RS09780,SYNPCC7002_RS02770,0.0788403744742463
SYNPCC7002_RS08390,SYNPCC7002_RS11810,0.0788388299979404
SYNPCC7002_RS12395,SYNPCC7002_RS15135,0.0788354614197604
SYNPCC7002_RS06540,SYNPCC7002_RS14170,0.0788242494819033
SYNPCC7002_RS00650,SYNPCC7002_RS03570,0.0788216087210251
SYNPCC7002_RS05135,SYNPCC7002_RS06385,0.0788190703751998
SYNPCC7002_RS05985,SYNPCC7002_RS02840,0.0788189060316097
SYNPCC7002_RS08480,SYNPCC7002_RS10315,0.07881780016432
SYNPCC7002_RS09820,SYNPCC7002_RS16315,0.0788105613466103
SYNPCC7002_RS04780,SYNPCC7002_RS07990,0.0788086645795971
SYNPCC7002_RS15520,SYNPCC7002_RS12660,0.0788073490173938
SYNPCC7002_RS05460,SYNPCC7002_RS15245,0.0787941238282683
SYNPCC7002_RS12090,SYNPCC7002_RS09960,0.0787938237630887
SYNPCC7002_RS07295,SYNPCC7002_RS07515,0.0787910763106038
SYNPCC7002_RS09320,SYNPCC7002_RS01250,0.078785168287551
SYNPCC7002_RS09820,SYNPCC7002_RS03435,0.0787834008243654
SYNPCC7002_RS09260,SYNPCC7002_RS04660,0.0787720572188213
SYNPCC7002_RS08965,SYNPCC7002_RS11215,0.0787703770783224
SYNPCC7002_RS08965,SYNPCC7002_RS02205,0.0787653520689055
SYNPCC7002_RS04250,SYNPCC7002_RS05405,0.0787650518725527
SYNPCC7002_RS10525,SYNPCC7002_RS07180,0.0787589006938001
SYNPCC7002_RS04250,SYNPCC7002_RS04855,0.0787579616339612
SYNPCC7002_RS03030,SYNPCC7002_RS00715,0.0787539043301625
SYNPCC7002_RS05135,SYNPCC7002_RS07750,0.0787531188537625
SYNPCC7002_RS04780,SYNPCC7002_RS01615,0.0787507289380845
SYNPCC7002_RS09260,SYNPCC7002_RS14125,0.0787498540458939
SYNPCC7002_RS09195,SYNPCC7002_RS08370,0.0787468645455424
SYNPCC7002_RS01335,SYNPCC7002_RS10525,0.0787386035959994
SYNPCC7002_RS15255,SYNPCC7002_RS14610,0.0787329275499706
SYNPCC7002_RS04250,SYNPCC7002_RS01865,0.0787294598174307
SYNPCC7002_RS09995,SYNPCC7002_RS00310,0.0787262454161217
SYNPCC7002_RS12090,SYNPCC7002_RS02930,0.0787261446616097
SYNPCC7002_RS02715,SYNPCC7002_RS15735,0.0787242151850193
SYNPCC7002_RS10050,SYNPCC7002_RS16705,0.078723375973828
SYNPCC7002_RS04780,SYNPCC7002_RS04690,0.0787198451869996
SYNPCC7002_RS12090,SYNPCC7002_RS03970,0.0787187687567088
SYNPCC7002_RS12090,SYNPCC7002_RS13120,0.0787123613290434
SYNPCC7002_RS06150,SYNPCC7002_RS06405,0.0787120686865652
SYNPCC7002_RS06540,SYNPCC7002_RS15040,0.0787104196665086
SYNPCC7002_RS08390,SYNPCC7002_RS12290,0.0787052560424186
SYNPCC7002_RS09780,SYNPCC7002_RS15145,0.078704791172301
SYNPCC7002_RS05135,SYNPCC7002_RS00350,0.0787045619180242
SYNPCC7002_RS08860,SYNPCC7002_RS03925,0.0787037629381793
SYNPCC7002_RS07295,SYNPCC7002_RS07935,0.078696117249065
SYNPCC7002_RS08210,SYNPCC7002_RS02690,0.0786910284456832
SYNPCC7002_RS04680,SYNPCC7002_RS07915,0.0786906279378816
SYNPCC7002_RS15520,SYNPCC7002_RS16200,0.0786845019599869
SYNPCC7002_RS02715,SYNPCC7002_RS11000,0.0786797477774958
SYNPCC7002_RS15520,SYNPCC7002_RS13635,0.0786750923789009
SYNPCC7002_RS04780,SYNPCC7002_RS00075,0.0786721720283156
SYNPCC7002_RS09780,SYNPCC7002_RS06970,0.0786655769374284
SYNPCC7002_RS10050,SYNPCC7002_RS10995,0.0786585761796368
SYNPCC7002_RS06150,SYNPCC7002_RS08920,0.0786577830232177
SYNPCC7002_RS08255,SYNPCC7002_RS05480,0.0786546643635063
SYNPCC7002_RS10050,SYNPCC7002_RS16815,0.0786499420161723
SYNPCC7002_RS08945,SYNPCC7002_RS02220,0.0786486013148154
SYNPCC7002_RS09420,SYNPCC7002_RS13920,0.0786421425260359
SYNPCC7002_RS00640,SYNPCC7002_RS11555,0.0786344029289981
SYNPCC7002_RS00635,SYNPCC7002_RS01250,0.0786337029175163
SYNPCC7002_RS00690,SYNPCC7002_RS13580,0.078630462159235
SYNPCC7002_RS09320,SYNPCC7002_RS01390,0.0786282836568611
SYNPCC7002_RS01335,SYNPCC7002_RS12975,0.0786139349380361
SYNPCC7002_RS15995,SYNPCC7002_RS10800,0.0786077493433614
SYNPCC7002_RS03030,SYNPCC7002_RS07980,0.0786069238984756
SYNPCC7002_RS05135,SYNPCC7002_RS04385,0.0786016414010224
SYNPCC7002_RS12090,SYNPCC7002_RS04875,0.0785972755461837
SYNPCC7002_RS12090,SYNPCC7002_RS08500,0.0785938296823444
SYNPCC7002_RS00260,SYNPCC7002_RS17075,0.0785874256968394
SYNPCC7002_RS07385,SYNPCC7002_RS10475,0.0785811824619788
SYNPCC7002_RS04650,SYNPCC7002_RS12670,0.0785788663141916
SYNPCC7002_RS07295,SYNPCC7002_RS08990,0.078577666607776
SYNPCC7002_RS15520,SYNPCC7002_RS01260,0.0785775338896708
SYNPCC7002_RS04250,SYNPCC7002_RS14755,0.0785704533999348
SYNPCC7002_RS12090,SYNPCC7002_RS16630,0.0785690736438363
SYNPCC7002_RS00640,SYNPCC7002_RS05880,0.0785684052809681
SYNPCC7002_RS09320,SYNPCC7002_RS13890,0.0785655383749621
SYNPCC7002_RS03030,SYNPCC7002_RS12835,0.0785632422815165
SYNPCC7002_RS04780,SYNPCC7002_RS03720,0.0785519588294435
SYNPCC7002_RS09195,SYNPCC7002_RS02280,0.0785422814600843
SYNPCC7002_RS08175,SYNPCC7002_RS03410,0.0785311681978825
SYNPCC7002_RS00650,SYNPCC7002_RS05745,0.0785263896787839
SYNPCC7002_RS01420,SYNPCC7002_RS12395,0.0785251582706883
SYNPCC7002_RS11685,SYNPCC7002_RS12400,0.078518433524212
SYNPCC7002_RS01420,SYNPCC7002_RS05195,0.0785165150158186
SYNPCC7002_RS08390,SYNPCC7002_RS05695,0.0785050178999501
SYNPCC7002_RS05135,SYNPCC7002_RS12240,0.078504740767707
SYNPCC7002_RS01800,SYNPCC7002_RS05775,0.0785017567879191
SYNPCC7002_RS06150,SYNPCC7002_RS09630,0.0784981992505572
SYNPCC7002_RS00690,SYNPCC7002_RS12600,0.078495518969027
SYNPCC7002_RS02455,SYNPCC7002_RS05415,0.0784951856849124
SYNPCC7002_RS08860,SYNPCC7002_RS12600,0.0784907782162104
SYNPCC7002_RS09260,SYNPCC7002_RS13640,0.0784884939850102
SYNPCC7002_RS07385,SYNPCC7002_RS01840,0.078484596595336
SYNPCC7002_RS04250,SYNPCC7002_RS09970,0.07848385490841
SYNPCC7002_RS11400,SYNPCC7002_RS02370,0.0784830791223923
SYNPCC7002_RS15255,SYNPCC7002_RS12155,0.0784744788581638
SYNPCC7002_RS08965,SYNPCC7002_RS02530,0.0784741233265997
SYNPCC7002_RS12395,SYNPCC7002_RS17005,0.0784641778282718
SYNPCC7002_RS12395,SYNPCC7002_RS16420,0.0784630414168406
SYNPCC7002_RS04780,SYNPCC7002_RS11045,0.0784623465100958
SYNPCC7002_RS05460,SYNPCC7002_RS15840,0.0784610723219646
SYNPCC7002_RS02455,SYNPCC7002_RS06205,0.0784609563523422
SYNPCC7002_RS09090,SYNPCC7002_RS00780,0.07845625234582
SYNPCC7002_RS10050,SYNPCC7002_RS11015,0.0784552892948827
SYNPCC7002_RS00640,SYNPCC7002_RS06145,0.0784547624867618
SYNPCC7002_RS16320,SYNPCC7002_RS16415,0.078452549217449
SYNPCC7002_RS10525,SYNPCC7002_RS01100,0.0784495592157377
SYNPCC7002_RS04250,SYNPCC7002_RS06475,0.0784422740663329
SYNPCC7002_RS08860,SYNPCC7002_RS14305,0.0784315584356757
SYNPCC7002_RS04650,SYNPCC7002_RS02575,0.0784268935151838
SYNPCC7002_RS06005,SYNPCC7002_RS08370,0.0784252551985148
SYNPCC7002_RS04650,SYNPCC7002_RS13955,0.0784248172778824
SYNPCC7002_RS08210,SYNPCC7002_RS12415,0.0784245488990807
SYNPCC7002_RS12090,SYNPCC7002_RS02775,0.0784155046342769
SYNPCC7002_RS04650,SYNPCC7002_RS03540,0.0784137053193782
SYNPCC7002_RS08945,SYNPCC7002_RS03405,0.0784088762068785
SYNPCC7002_RS00050,SYNPCC7002_RS16625,0.0784053982907096
SYNPCC7002_RS04780,SYNPCC7002_RS12740,0.0783947566553605
SYNPCC7002_RS04890,SYNPCC7002_RS13075,0.0783901184406248
SYNPCC7002_RS05135,SYNPCC7002_RS09370,0.0783847038050372
SYNPCC7002_RS09845,SYNPCC7002_RS00690,0.0783827488260335
SYNPCC7002_RS15030,SYNPCC7002_RS13700,0.0783784537154743
SYNPCC7002_RS09780,SYNPCC7002_RS11095,0.0783725348312914
SYNPCC7002_RS09780,SYNPCC7002_RS11070,0.0783683618341187
SYNPCC7002_RS09780,SYNPCC7002_RS13125,0.0783649185431571
SYNPCC7002_RS07385,SYNPCC7002_RS00595,0.0783586817776756
SYNPCC7002_RS09175,SYNPCC7002_RS16155,0.0783557827259015
SYNPCC7002_RS07295,SYNPCC7002_RS09435,0.0783550063299449
SYNPCC7002_RS11400,SYNPCC7002_RS10755,0.0783545046313292
SYNPCC7002_RS03030,SYNPCC7002_RS09835,0.0783473521967804
SYNPCC7002_RS08210,SYNPCC7002_RS00715,0.0783466998519317
SYNPCC7002_RS10050,SYNPCC7002_RS15155,0.0783450263868566
SYNPCC7002_RS06540,SYNPCC7002_RS07030,0.0783335437297332
SYNPCC7002_RS09195,SYNPCC7002_RS04605,0.0783302155132153
SYNPCC7002_RS08210,SYNPCC7002_RS05745,0.0783257937607086
SYNPCC7002_RS00010,SYNPCC7002_RS00570,0.0783139749340586
SYNPCC7002_RS08945,SYNPCC7002_RS13425,0.0783118370728705
SYNPCC7002_RS08255,SYNPCC7002_RS01065,0.0783113202014682
SYNPCC7002_RS06540,SYNPCC7002_RS13020,0.0783047311367136
SYNPCC7002_RS05135,SYNPCC7002_RS09880,0.0783003129098383
SYNPCC7002_RS11400,SYNPCC7002_RS02580,0.0782991658500145
SYNPCC7002_RS03030,SYNPCC7002_RS06890,0.0782968016057389
SYNPCC7002_RS06150,SYNPCC7002_RS10510,0.0782966718446279
SYNPCC7002_RS03030,SYNPCC7002_RS08940,0.0782951785058166
SYNPCC7002_RS08390,SYNPCC7002_RS02285,0.0782905968809182
SYNPCC7002_RS04780,SYNPCC7002_RS01265,0.0782898828806398
SYNPCC7002_RS12105,SYNPCC7002_RS10250,0.0782893247056781
SYNPCC7002_RS10145,SYNPCC7002_RS06355,0.0782717525729858
SYNPCC7002_RS15520,SYNPCC7002_RS14605,0.0782551959475526
SYNPCC7002_RS12395,SYNPCC7002_RS04840,0.078252583052378
SYNPCC7002_RS16320,SYNPCC7002_RS15315,0.0782514075226408
SYNPCC7002_RS05985,SYNPCC7002_RS04580,0.0782500092970373
SYNPCC7002_RS15520,SYNPCC7002_RS09670,0.0782279350181379
SYNPCC7002_RS15520,SYNPCC7002_RS01875,0.078226284526212
SYNPCC7002_RS05985,SYNPCC7002_RS06645,0.0782176592631612
SYNPCC7002_RS03760,SYNPCC7002_RS09870,0.0782136178238749
SYNPCC7002_RS08945,SYNPCC7002_RS13015,0.0782074091673049
SYNPCC7002_RS09780,SYNPCC7002_RS08925,0.0782031946478687
SYNPCC7002_RS04680,SYNPCC7002_RS08160,0.0782009223921028
SYNPCC7002_RS02715,SYNPCC7002_RS14415,0.0781977080922419
SYNPCC7002_RS12515,SYNPCC7002_RS01315,0.0781934606821774
SYNPCC7002_RS09995,SYNPCC7002_RS04515,0.0781862974256754
SYNPCC7002_RS06005,SYNPCC7002_RS16490,0.0781862532228049
SYNPCC7002_RS09845,SYNPCC7002_RS12920,0.0781830512012861
SYNPCC7002_RS08965,SYNPCC7002_RS10750,0.0781829948423368
SYNPCC7002_RS04780,SYNPCC7002_RS13460,0.0781752541355173
SYNPCC7002_RS11685,SYNPCC7002_RS03895,0.0781592360906113
SYNPCC7002_RS10050,SYNPCC7002_RS06175,0.078157188494639
