regulatoryGene,targetGene,weight
SYNPCC7002_RS00850,SYNPCC7002_RS00855,0.160207987004394
SYNPCC7002_RS00850,SYNPCC7002_RS00860,0.14553073720039
SYNPCC7002_RS16320,SYNPCC7002_RS15605,0.137510786115827
SYNPCC7002_RS00850,SYNPCC7002_RS02330,0.135469486241172
SYNPCC7002_RS09630,SYNPCC7002_RS12865,0.135359840790324
SYNPCC7002_RS14385,SYNPCC7002_RS14390,0.134184804758059
SYNPCC7002_RS02715,SYNPCC7002_RS03745,0.134122073107281
SYNPCC7002_RS00850,SYNPCC7002_RS00865,0.133054872068447
SYNPCC7002_RS00850,SYNPCC7002_RS12365,0.132837716158117
SYNPCC7002_RS15720,SYNPCC7002_RS15605,0.131247197814779
SYNPCC7002_RS05135,SYNPCC7002_RS05140,0.130912865306987
SYNPCC7002_RS14440,SYNPCC7002_RS14395,0.130204768072991
SYNPCC7002_RS03950,SYNPCC7002_RS15120,0.129496693715493
SYNPCC7002_RS06150,SYNPCC7002_RS13385,0.126069244478259
SYNPCC7002_RS00850,SYNPCC7002_RS00870,0.125594935520885
SYNPCC7002_RS00850,SYNPCC7002_RS12370,0.124376882281436
SYNPCC7002_RS05135,SYNPCC7002_RS03680,0.124212674307606
SYNPCC7002_RS05135,SYNPCC7002_RS06585,0.123272162558124
SYNPCC7002_RS10050,SYNPCC7002_RS07775,0.122969810820755
SYNPCC7002_RS05135,SYNPCC7002_RS09130,0.122158403278851
SYNPCC7002_RS12395,SYNPCC7002_RS03465,0.121804773914011
SYNPCC7002_RS14385,SYNPCC7002_RS14325,0.121670688653634
SYNPCC7002_RS15720,SYNPCC7002_RS15330,0.121109614567079
SYNPCC7002_RS14790,SYNPCC7002_RS14785,0.121067429076143
SYNPCC7002_RS15720,SYNPCC7002_RS15610,0.120242063849501
SYNPCC7002_RS15520,SYNPCC7002_RS08460,0.120219598043105
SYNPCC7002_RS14440,SYNPCC7002_RS14380,0.119618444536266
SYNPCC7002_RS09630,SYNPCC7002_RS14005,0.119407064444042
SYNPCC7002_RS06150,SYNPCC7002_RS04360,0.119125491683986
SYNPCC7002_RS05135,SYNPCC7002_RS04845,0.118877914151239
SYNPCC7002_RS11685,SYNPCC7002_RS16635,0.118786566012201
SYNPCC7002_RS04680,SYNPCC7002_RS01815,0.1186784161706
SYNPCC7002_RS15720,SYNPCC7002_RS15325,0.11865564727707
SYNPCC7002_RS14440,SYNPCC7002_RS14455,0.118644784331336
SYNPCC7002_RS06150,SYNPCC7002_RS00970,0.118620683462185
SYNPCC7002_RS05985,SYNPCC7002_RS06790,0.118592732015601
SYNPCC7002_RS05460,SYNPCC7002_RS14405,0.118362747054184
SYNPCC7002_RS15030,SYNPCC7002_RS15035,0.118325612900942
SYNPCC7002_RS05460,SYNPCC7002_RS16575,0.118257061795928
SYNPCC7002_RS09630,SYNPCC7002_RS13850,0.117117911622123
SYNPCC7002_RS04680,SYNPCC7002_RS14695,0.117074931358977
SYNPCC7002_RS02715,SYNPCC7002_RS06190,0.116908221778112
SYNPCC7002_RS09820,SYNPCC7002_RS10195,0.116907057762311
SYNPCC7002_RS05135,SYNPCC7002_RS03090,0.116660422083491
SYNPCC7002_RS10050,SYNPCC7002_RS07595,0.116644711592086
SYNPCC7002_RS05985,SYNPCC7002_RS04085,0.116541257371679
SYNPCC7002_RS00640,SYNPCC7002_RS05460,0.116502247759578
SYNPCC7002_RS01800,SYNPCC7002_RS13285,0.116470411869867
SYNPCC7002_RS10050,SYNPCC7002_RS07730,0.116370311822706
SYNPCC7002_RS01335,SYNPCC7002_RS01270,0.11635281926652
SYNPCC7002_RS12395,SYNPCC7002_RS12690,0.116274926735821
SYNPCC7002_RS08390,SYNPCC7002_RS13965,0.11615073889824
SYNPCC7002_RS06150,SYNPCC7002_RS05455,0.115878005555688
SYNPCC7002_RS01800,SYNPCC7002_RS05330,0.11576347191454
SYNPCC7002_RS14440,SYNPCC7002_RS14320,0.115602229172786
SYNPCC7002_RS14440,SYNPCC7002_RS14315,0.115408951587211
SYNPCC7002_RS00260,SYNPCC7002_RS08530,0.115338994615334
SYNPCC7002_RS08175,SYNPCC7002_RS03400,0.115125838307909
SYNPCC7002_RS16320,SYNPCC7002_RS15890,0.115124461649522
SYNPCC7002_RS00850,SYNPCC7002_RS02345,0.115029249997193
SYNPCC7002_RS01800,SYNPCC7002_RS13290,0.115016488947562
SYNPCC7002_RS05135,SYNPCC7002_RS11000,0.11500241279681
SYNPCC7002_RS12395,SYNPCC7002_RS01785,0.11497429042542
SYNPCC7002_RS15680,SYNPCC7002_RS05675,0.114686186098177
SYNPCC7002_RS12395,SYNPCC7002_RS11685,0.114524300462225
SYNPCC7002_RS15680,SYNPCC7002_RS05670,0.114372896355966
SYNPCC7002_RS04890,SYNPCC7002_RS03540,0.114265203094226
SYNPCC7002_RS04780,SYNPCC7002_RS16210,0.114251813203711
SYNPCC7002_RS06150,SYNPCC7002_RS11825,0.114074325247823
SYNPCC7002_RS04650,SYNPCC7002_RS01350,0.114057025479339
SYNPCC7002_RS05135,SYNPCC7002_RS05305,0.114011092395932
SYNPCC7002_RS05135,SYNPCC7002_RS02470,0.113856867343108
SYNPCC7002_RS09780,SYNPCC7002_RS16850,0.113770971489028
SYNPCC7002_RS05135,SYNPCC7002_RS02425,0.11371092182944
SYNPCC7002_RS15680,SYNPCC7002_RS14650,0.113463589669586
SYNPCC7002_RS15520,SYNPCC7002_RS03350,0.113453454098658
SYNPCC7002_RS15680,SYNPCC7002_RS15315,0.11344404182498
SYNPCC7002_RS14385,SYNPCC7002_RS14440,0.113397716071193
SYNPCC7002_RS05460,SYNPCC7002_RS11210,0.113373996130519
SYNPCC7002_RS05135,SYNPCC7002_RS09910,0.113355701580876
SYNPCC7002_RS15255,SYNPCC7002_RS15680,0.11331356481329
SYNPCC7002_RS04890,SYNPCC7002_RS10040,0.113310821888813
SYNPCC7002_RS06150,SYNPCC7002_RS04355,0.113215127321037
SYNPCC7002_RS15030,SYNPCC7002_RS14980,0.113208258752962
SYNPCC7002_RS12395,SYNPCC7002_RS09880,0.113167950994651
SYNPCC7002_RS07385,SYNPCC7002_RS07215,0.113058968676756
SYNPCC7002_RS15680,SYNPCC7002_RS03140,0.112917562613623
SYNPCC7002_RS09630,SYNPCC7002_RS04430,0.112890305045303
SYNPCC7002_RS01800,SYNPCC7002_RS06305,0.112864177735012
SYNPCC7002_RS09630,SYNPCC7002_RS07915,0.112799069186458
SYNPCC7002_RS05985,SYNPCC7002_RS04590,0.112694552472252
SYNPCC7002_RS05135,SYNPCC7002_RS05295,0.112590435127045
SYNPCC7002_RS04250,SYNPCC7002_RS01520,0.112546462565586
SYNPCC7002_RS08175,SYNPCC7002_RS11890,0.112518292356566
SYNPCC7002_RS04680,SYNPCC7002_RS14050,0.112493665031849
SYNPCC7002_RS05985,SYNPCC7002_RS10105,0.112449197892855
SYNPCC7002_RS04650,SYNPCC7002_RS04535,0.112383707635676
SYNPCC7002_RS05985,SYNPCC7002_RS01185,0.112270326126004
SYNPCC7002_RS04650,SYNPCC7002_RS00185,0.112220818894995
SYNPCC7002_RS05135,SYNPCC7002_RS09790,0.112174296621558
SYNPCC7002_RS05135,SYNPCC7002_RS09860,0.112088968753201
SYNPCC7002_RS12395,SYNPCC7002_RS03230,0.112056652195307
SYNPCC7002_RS08390,SYNPCC7002_RS08750,0.112007392523433
SYNPCC7002_RS06150,SYNPCC7002_RS04675,0.111912742389745
SYNPCC7002_RS10050,SYNPCC7002_RS16705,0.111869314090605
SYNPCC7002_RS12395,SYNPCC7002_RS00370,0.111821654244711
SYNPCC7002_RS05460,SYNPCC7002_RS06010,0.111758292043772
SYNPCC7002_RS03950,SYNPCC7002_RS16315,0.111757330994381
SYNPCC7002_RS05135,SYNPCC7002_RS05300,0.111745895327289
SYNPCC7002_RS05135,SYNPCC7002_RS04065,0.111727630220092
SYNPCC7002_RS06150,SYNPCC7002_RS00975,0.111621572523653
SYNPCC7002_RS05135,SYNPCC7002_RS06580,0.111581433688854
SYNPCC7002_RS05135,SYNPCC7002_RS04535,0.111509149503707
SYNPCC7002_RS05135,SYNPCC7002_RS05310,0.111498455355765
SYNPCC7002_RS01420,SYNPCC7002_RS00080,0.111491853545179
SYNPCC7002_RS03950,SYNPCC7002_RS15440,0.111429310121311
SYNPCC7002_RS10050,SYNPCC7002_RS14545,0.111410282769422
SYNPCC7002_RS09630,SYNPCC7002_RS05455,0.111398068373348
SYNPCC7002_RS06150,SYNPCC7002_RS14575,0.111391476618004
SYNPCC7002_RS02715,SYNPCC7002_RS15435,0.111265539055975
SYNPCC7002_RS04650,SYNPCC7002_RS01865,0.11124833043548
SYNPCC7002_RS14440,SYNPCC7002_RS14325,0.111173307233492
SYNPCC7002_RS08390,SYNPCC7002_RS12735,0.111165512878426
SYNPCC7002_RS05985,SYNPCC7002_RS11540,0.11112466628337
SYNPCC7002_RS05135,SYNPCC7002_RS14115,0.111040228311732
SYNPCC7002_RS09820,SYNPCC7002_RS13345,0.110952067850761
SYNPCC7002_RS05985,SYNPCC7002_RS12775,0.110893243068159
SYNPCC7002_RS05135,SYNPCC7002_RS07680,0.110859349104578
SYNPCC7002_RS05135,SYNPCC7002_RS03655,0.110855952147266
SYNPCC7002_RS05135,SYNPCC7002_RS05130,0.110844479490315
SYNPCC7002_RS15680,SYNPCC7002_RS17185,0.110785141436873
SYNPCC7002_RS05135,SYNPCC7002_RS10740,0.110752155969096
SYNPCC7002_RS05135,SYNPCC7002_RS05275,0.110630484567145
SYNPCC7002_RS09820,SYNPCC7002_RS15540,0.110576544898996
SYNPCC7002_RS09630,SYNPCC7002_RS00970,0.11051580483355
SYNPCC7002_RS12395,SYNPCC7002_RS08665,0.11045920924734
SYNPCC7002_RS05135,SYNPCC7002_RS03665,0.110387645405597
SYNPCC7002_RS05135,SYNPCC7002_RS04475,0.11022127477544
SYNPCC7002_RS04650,SYNPCC7002_RS05385,0.110192389696139
SYNPCC7002_RS14790,SYNPCC7002_RS14820,0.110149512824908
SYNPCC7002_RS04650,SYNPCC7002_RS09735,0.110144288448032
SYNPCC7002_RS15680,SYNPCC7002_RS15330,0.110084328467928
SYNPCC7002_RS05135,SYNPCC7002_RS13670,0.110079149084401
SYNPCC7002_RS05135,SYNPCC7002_RS09425,0.110002331720219
SYNPCC7002_RS05985,SYNPCC7002_RS17195,0.109808982265686
SYNPCC7002_RS14440,SYNPCC7002_RS14385,0.109797503919254
SYNPCC7002_RS04650,SYNPCC7002_RS05600,0.109690600111075
SYNPCC7002_RS05135,SYNPCC7002_RS05150,0.109602713890128
SYNPCC7002_RS12395,SYNPCC7002_RS10595,0.109571866290313
SYNPCC7002_RS01335,SYNPCC7002_RS03000,0.109525855213523
SYNPCC7002_RS01335,SYNPCC7002_RS00325,0.109442228520224
SYNPCC7002_RS15680,SYNPCC7002_RS14640,0.109423548050903
SYNPCC7002_RS05135,SYNPCC7002_RS01795,0.109290930224241
SYNPCC7002_RS16320,SYNPCC7002_RS15710,0.109268417645626
SYNPCC7002_RS16160,SYNPCC7002_RS02070,0.10923192637831
SYNPCC7002_RS05135,SYNPCC7002_RS06395,0.109163348440218
SYNPCC7002_RS01335,SYNPCC7002_RS10770,0.10914306610479
SYNPCC7002_RS12395,SYNPCC7002_RS07750,0.109128066556785
SYNPCC7002_RS00260,SYNPCC7002_RS11255,0.109087713191542
SYNPCC7002_RS16320,SYNPCC7002_RS06460,0.109076504973161
SYNPCC7002_RS06150,SYNPCC7002_RS13695,0.109069823769246
SYNPCC7002_RS04680,SYNPCC7002_RS13325,0.109012089875251
SYNPCC7002_RS07385,SYNPCC7002_RS04755,0.108942556866949
SYNPCC7002_RS01420,SYNPCC7002_RS09430,0.108924043092975
SYNPCC7002_RS05135,SYNPCC7002_RS12190,0.108922836998804
SYNPCC7002_RS05135,SYNPCC7002_RS07810,0.108902149899512
SYNPCC7002_RS16320,SYNPCC7002_RS16755,0.108795725925675
SYNPCC7002_RS05135,SYNPCC7002_RS07830,0.108728524630419
SYNPCC7002_RS14440,SYNPCC7002_RS14445,0.108701899543955
SYNPCC7002_RS09175,SYNPCC7002_RS14725,0.108644886615919
SYNPCC7002_RS05135,SYNPCC7002_RS09650,0.108627360109316
SYNPCC7002_RS05135,SYNPCC7002_RS05235,0.108584093628056
SYNPCC7002_RS15520,SYNPCC7002_RS08015,0.108564424459219
SYNPCC7002_RS05135,SYNPCC7002_RS16355,0.108553562727033
SYNPCC7002_RS01085,SYNPCC7002_RS07170,0.108541885011866
SYNPCC7002_RS05135,SYNPCC7002_RS12395,0.108539995559485
SYNPCC7002_RS05135,SYNPCC7002_RS05250,0.108509848110442
SYNPCC7002_RS05135,SYNPCC7002_RS07725,0.108483429563155
SYNPCC7002_RS10050,SYNPCC7002_RS14400,0.108401937362164
SYNPCC7002_RS12395,SYNPCC7002_RS04065,0.10835360804672
SYNPCC7002_RS09780,SYNPCC7002_RS04180,0.108315044171514
SYNPCC7002_RS15520,SYNPCC7002_RS02625,0.108226415628142
SYNPCC7002_RS05135,SYNPCC7002_RS05280,0.108189439648925
SYNPCC7002_RS06150,SYNPCC7002_RS09240,0.108169237289805
SYNPCC7002_RS10050,SYNPCC7002_RS04130,0.108167353389727
SYNPCC7002_RS06150,SYNPCC7002_RS13145,0.108144119228209
SYNPCC7002_RS14790,SYNPCC7002_RS05560,0.108128594119529
SYNPCC7002_RS05135,SYNPCC7002_RS01580,0.108112635699271
SYNPCC7002_RS01335,SYNPCC7002_RS15790,0.108032156167988
SYNPCC7002_RS09320,SYNPCC7002_RS11670,0.108010965236478
SYNPCC7002_RS12395,SYNPCC7002_RS16355,0.107967481109177
SYNPCC7002_RS09320,SYNPCC7002_RS10490,0.107941355687668
SYNPCC7002_RS02715,SYNPCC7002_RS16575,0.107923693663552
SYNPCC7002_RS09630,SYNPCC7002_RS00090,0.107851475588928
SYNPCC7002_RS04650,SYNPCC7002_RS00350,0.107812673252602
SYNPCC7002_RS12395,SYNPCC7002_RS12185,0.107804182920629
SYNPCC7002_RS04650,SYNPCC7002_RS02785,0.107586542949576
SYNPCC7002_RS06150,SYNPCC7002_RS08160,0.107520849814748
SYNPCC7002_RS10050,SYNPCC7002_RS02745,0.107515360943021
SYNPCC7002_RS12395,SYNPCC7002_RS08660,0.10750269929292
SYNPCC7002_RS04650,SYNPCC7002_RS14920,0.107497706331065
SYNPCC7002_RS06165,SYNPCC7002_RS00740,0.107496972056068
SYNPCC7002_RS05135,SYNPCC7002_RS13615,0.107480208355796
SYNPCC7002_RS03295,SYNPCC7002_RS14345,0.107451597640622
SYNPCC7002_RS10050,SYNPCC7002_RS01930,0.107361848060716
SYNPCC7002_RS15680,SYNPCC7002_RS04835,0.107350938142326
SYNPCC7002_RS05135,SYNPCC7002_RS03675,0.107326528386697
SYNPCC7002_RS09630,SYNPCC7002_RS10480,0.107278269821996
SYNPCC7002_RS05460,SYNPCC7002_RS14415,0.107274835947273
SYNPCC7002_RS05985,SYNPCC7002_RS12815,0.107263222797925
SYNPCC7002_RS06150,SYNPCC7002_RS07225,0.107241038210186
SYNPCC7002_RS08965,SYNPCC7002_RS00120,0.107140181633845
SYNPCC7002_RS12395,SYNPCC7002_RS05250,0.107131255384969
SYNPCC7002_RS16320,SYNPCC7002_RS15645,0.107112491141259
SYNPCC7002_RS05135,SYNPCC7002_RS12185,0.107102796711316
SYNPCC7002_RS05135,SYNPCC7002_RS01505,0.106876534929175
SYNPCC7002_RS14385,SYNPCC7002_RS14320,0.106847043012028
SYNPCC7002_RS15520,SYNPCC7002_RS03260,0.106790879785729
SYNPCC7002_RS12395,SYNPCC7002_RS11005,0.106730862760908
SYNPCC7002_RS15680,SYNPCC7002_RS03135,0.106690901384611
SYNPCC7002_RS07385,SYNPCC7002_RS01780,0.106530687062021
SYNPCC7002_RS12395,SYNPCC7002_RS06350,0.106529585106728
SYNPCC7002_RS05135,SYNPCC7002_RS04890,0.106505211832462
SYNPCC7002_RS03030,SYNPCC7002_RS11880,0.106474560324357
SYNPCC7002_RS05135,SYNPCC7002_RS09560,0.10643310209545
SYNPCC7002_RS04650,SYNPCC7002_RS02635,0.106431833058586
SYNPCC7002_RS05460,SYNPCC7002_RS15840,0.106431281025991
SYNPCC7002_RS05135,SYNPCC7002_RS04640,0.106393746517593
SYNPCC7002_RS05135,SYNPCC7002_RS03685,0.106373980504888
SYNPCC7002_RS04780,SYNPCC7002_RS13135,0.106364875603512
SYNPCC7002_RS09630,SYNPCC7002_RS09240,0.106361126127331
SYNPCC7002_RS10050,SYNPCC7002_RS04315,0.106293371017483
SYNPCC7002_RS00050,SYNPCC7002_RS10105,0.106286966434488
SYNPCC7002_RS09780,SYNPCC7002_RS04095,0.10627821330471
SYNPCC7002_RS05135,SYNPCC7002_RS01745,0.106270022650029
SYNPCC7002_RS04890,SYNPCC7002_RS01135,0.106249104184078
SYNPCC7002_RS01800,SYNPCC7002_RS03295,0.106240490202208
SYNPCC7002_RS15680,SYNPCC7002_RS05680,0.106212162513429
SYNPCC7002_RS12395,SYNPCC7002_RS16735,0.106163694658875
SYNPCC7002_RS16160,SYNPCC7002_RS16125,0.106155732095684
SYNPCC7002_RS05985,SYNPCC7002_RS05910,0.106146163117257
SYNPCC7002_RS12395,SYNPCC7002_RS05275,0.106113103715776
SYNPCC7002_RS12395,SYNPCC7002_RS16360,0.106079035967742
SYNPCC7002_RS14440,SYNPCC7002_RS14405,0.106078351306717
SYNPCC7002_RS05135,SYNPCC7002_RS08295,0.106061826435266
SYNPCC7002_RS04650,SYNPCC7002_RS12585,0.106056033303956
SYNPCC7002_RS15255,SYNPCC7002_RS15330,0.106052530393937
SYNPCC7002_RS08965,SYNPCC7002_RS12260,0.105917877450077
SYNPCC7002_RS10050,SYNPCC7002_RS04305,0.105786061751478
SYNPCC7002_RS12395,SYNPCC7002_RS09460,0.105767053707741
SYNPCC7002_RS15520,SYNPCC7002_RS05565,0.10575273010717
SYNPCC7002_RS04780,SYNPCC7002_RS06055,0.105725341357424
SYNPCC7002_RS05985,SYNPCC7002_RS04520,0.105708782700275
SYNPCC7002_RS15255,SYNPCC7002_RS15720,0.105700128366973
SYNPCC7002_RS05135,SYNPCC7002_RS05125,0.105697543227058
SYNPCC7002_RS08860,SYNPCC7002_RS12565,0.105690189150408
SYNPCC7002_RS08965,SYNPCC7002_RS10730,0.105676343776723
SYNPCC7002_RS06150,SYNPCC7002_RS02625,0.105660414766574
SYNPCC7002_RS14440,SYNPCC7002_RS15115,0.105648026233642
SYNPCC7002_RS15680,SYNPCC7002_RS15325,0.105643910526314
SYNPCC7002_RS08965,SYNPCC7002_RS06185,0.105630190049665
SYNPCC7002_RS15680,SYNPCC7002_RS02040,0.105625930908832
SYNPCC7002_RS04680,SYNPCC7002_RS15925,0.105613339159741
SYNPCC7002_RS06540,SYNPCC7002_RS15950,0.105608998024882
SYNPCC7002_RS15535,SYNPCC7002_RS10145,0.10560771693234
SYNPCC7002_RS10050,SYNPCC7002_RS03905,0.10559733760674
SYNPCC7002_RS10145,SYNPCC7002_RS14705,0.105594677250529
SYNPCC7002_RS08965,SYNPCC7002_RS04635,0.10556926595399
SYNPCC7002_RS09630,SYNPCC7002_RS07430,0.105563703220469
SYNPCC7002_RS01420,SYNPCC7002_RS05970,0.10554997788881
SYNPCC7002_RS08255,SYNPCC7002_RS03340,0.105500243971927
SYNPCC7002_RS10050,SYNPCC7002_RS07600,0.105496904856902
SYNPCC7002_RS09630,SYNPCC7002_RS04355,0.105493071565031
SYNPCC7002_RS00650,SYNPCC7002_RS13810,0.105472264780491
SYNPCC7002_RS15255,SYNPCC7002_RS13185,0.105450234173431
SYNPCC7002_RS10050,SYNPCC7002_RS07790,0.105436999595158
SYNPCC7002_RS10050,SYNPCC7002_RS16130,0.105413385551587
SYNPCC7002_RS05985,SYNPCC7002_RS09975,0.105383830832588
SYNPCC7002_RS05985,SYNPCC7002_RS12105,0.105351826756593
SYNPCC7002_RS09630,SYNPCC7002_RS08160,0.105337855078465
SYNPCC7002_RS02455,SYNPCC7002_RS11675,0.105308236328356
SYNPCC7002_RS04780,SYNPCC7002_RS02760,0.105299540119311
SYNPCC7002_RS15680,SYNPCC7002_RS15010,0.105283719811988
SYNPCC7002_RS06540,SYNPCC7002_RS04715,0.105272529939379
SYNPCC7002_RS15520,SYNPCC7002_RS12030,0.105178382822397
SYNPCC7002_RS15680,SYNPCC7002_RS06615,0.10516373010894
SYNPCC7002_RS09195,SYNPCC7002_RS02280,0.105160526430448
SYNPCC7002_RS08210,SYNPCC7002_RS00745,0.105147692394183
SYNPCC7002_RS05985,SYNPCC7002_RS00430,0.105103413782368
SYNPCC7002_RS15680,SYNPCC7002_RS04135,0.105100803379502
SYNPCC7002_RS15720,SYNPCC7002_RS06465,0.105100071258227
SYNPCC7002_RS08965,SYNPCC7002_RS02690,0.104989491176316
SYNPCC7002_RS07385,SYNPCC7002_RS10475,0.104890376018192
SYNPCC7002_RS04780,SYNPCC7002_RS06540,0.104887626485863
SYNPCC7002_RS09320,SYNPCC7002_RS13890,0.104845338331678
SYNPCC7002_RS03295,SYNPCC7002_RS08765,0.104834488835155
SYNPCC7002_RS05985,SYNPCC7002_RS08830,0.104825606116442
SYNPCC7002_RS09630,SYNPCC7002_RS04675,0.104820700013569
SYNPCC7002_RS01335,SYNPCC7002_RS07515,0.104800576182778
SYNPCC7002_RS07295,SYNPCC7002_RS05785,0.104798558186924
SYNPCC7002_RS05135,SYNPCC7002_RS11520,0.104797020754884
SYNPCC7002_RS15680,SYNPCC7002_RS04900,0.104765310971327
SYNPCC7002_RS01420,SYNPCC7002_RS08995,0.104687221968527
SYNPCC7002_RS09630,SYNPCC7002_RS15930,0.104659826596687
SYNPCC7002_RS09820,SYNPCC7002_RS12935,0.104632980406541
SYNPCC7002_RS05135,SYNPCC7002_RS01735,0.104594911202937
SYNPCC7002_RS05135,SYNPCC7002_RS05270,0.104585977828662
SYNPCC7002_RS05135,SYNPCC7002_RS05245,0.104585145787667
SYNPCC7002_RS01800,SYNPCC7002_RS09360,0.104576914169229
SYNPCC7002_RS12395,SYNPCC7002_RS08780,0.104527229338335
SYNPCC7002_RS05460,SYNPCC7002_RS14425,0.104523128198633
SYNPCC7002_RS10050,SYNPCC7002_RS04320,0.104515887494071
SYNPCC7002_RS04250,SYNPCC7002_RS07350,0.104471280386374
SYNPCC7002_RS09780,SYNPCC7002_RS17005,0.104461958732644
SYNPCC7002_RS10050,SYNPCC7002_RS07115,0.104424843384973
SYNPCC7002_RS09780,SYNPCC7002_RS06470,0.10441082022737
SYNPCC7002_RS04890,SYNPCC7002_RS01140,0.104369073865043
SYNPCC7002_RS05985,SYNPCC7002_RS13255,0.104324538161364
SYNPCC7002_RS00050,SYNPCC7002_RS01560,0.104321092058382
SYNPCC7002_RS12395,SYNPCC7002_RS05970,0.104296207978237
SYNPCC7002_RS12395,SYNPCC7002_RS07780,0.104289093648015
SYNPCC7002_RS05135,SYNPCC7002_RS07835,0.104287621478976
SYNPCC7002_RS14790,SYNPCC7002_RS05935,0.104276312520584
SYNPCC7002_RS10050,SYNPCC7002_RS07590,0.104252769618407
SYNPCC7002_RS09630,SYNPCC7002_RS05670,0.104234373216912
SYNPCC7002_RS05135,SYNPCC7002_RS10980,0.104195666680908
SYNPCC7002_RS16320,SYNPCC7002_RS06455,0.104192639873939
SYNPCC7002_RS11685,SYNPCC7002_RS05550,0.104188046308706
SYNPCC7002_RS09820,SYNPCC7002_RS04940,0.104182966001101
SYNPCC7002_RS02455,SYNPCC7002_RS02325,0.104169134776928
SYNPCC7002_RS09995,SYNPCC7002_RS01385,0.104115401618289
SYNPCC7002_RS04890,SYNPCC7002_RS00465,0.10411408229467
SYNPCC7002_RS06150,SYNPCC7002_RS07915,0.104112659535894
SYNPCC7002_RS05135,SYNPCC7002_RS00425,0.104071736386329
SYNPCC7002_RS04890,SYNPCC7002_RS00875,0.104032724987303
SYNPCC7002_RS09820,SYNPCC7002_RS05165,0.104015319835885
SYNPCC7002_RS05135,SYNPCC7002_RS06720,0.104006277549601
SYNPCC7002_RS06150,SYNPCC7002_RS13850,0.103988732038818
SYNPCC7002_RS08965,SYNPCC7002_RS06560,0.103967797938883
SYNPCC7002_RS09630,SYNPCC7002_RS00085,0.103963907040989
SYNPCC7002_RS05135,SYNPCC7002_RS12690,0.103924723161402
SYNPCC7002_RS10050,SYNPCC7002_RS12435,0.103871466234033
SYNPCC7002_RS08965,SYNPCC7002_RS02395,0.103818035871463
SYNPCC7002_RS15680,SYNPCC7002_RS17045,0.103817751874661
SYNPCC7002_RS09630,SYNPCC7002_RS01305,0.103815402470461
SYNPCC7002_RS05135,SYNPCC7002_RS11355,0.103809103292076
SYNPCC7002_RS06150,SYNPCC7002_RS15780,0.103793816676959
SYNPCC7002_RS04250,SYNPCC7002_RS12355,0.103783830167431
SYNPCC7002_RS05985,SYNPCC7002_RS02360,0.103758833158474
SYNPCC7002_RS04780,SYNPCC7002_RS04710,0.103748457057542
SYNPCC7002_RS01335,SYNPCC7002_RS05340,0.103701906018619
SYNPCC7002_RS03950,SYNPCC7002_RS12310,0.103677516480132
SYNPCC7002_RS00650,SYNPCC7002_RS11390,0.10363627383776
SYNPCC7002_RS04250,SYNPCC7002_RS17215,0.103573640612225
SYNPCC7002_RS12395,SYNPCC7002_RS16385,0.103543708986491
SYNPCC7002_RS08945,SYNPCC7002_RS14920,0.10350995629881
SYNPCC7002_RS10050,SYNPCC7002_RS12255,0.103418702171334
SYNPCC7002_RS11400,SYNPCC7002_RS03015,0.103417314519737
SYNPCC7002_RS12395,SYNPCC7002_RS07770,0.103379551457298
SYNPCC7002_RS03295,SYNPCC7002_RS16225,0.103378160184428
SYNPCC7002_RS09320,SYNPCC7002_RS01750,0.1033631422509
SYNPCC7002_RS15520,SYNPCC7002_RS12045,0.103317903048409
SYNPCC7002_RS01335,SYNPCC7002_RS07165,0.10330925714098
SYNPCC7002_RS05985,SYNPCC7002_RS11935,0.103307486252182
SYNPCC7002_RS08390,SYNPCC7002_RS04920,0.103292565200741
SYNPCC7002_RS08965,SYNPCC7002_RS11670,0.10327746396264
SYNPCC7002_RS10050,SYNPCC7002_RS14480,0.103265925647891
SYNPCC7002_RS03295,SYNPCC7002_RS05355,0.103257282244774
SYNPCC7002_RS08390,SYNPCC7002_RS13690,0.103229998856555
SYNPCC7002_RS12395,SYNPCC7002_RS03425,0.103202678012907
SYNPCC7002_RS09175,SYNPCC7002_RS15495,0.10316255727042
SYNPCC7002_RS09195,SYNPCC7002_RS03635,0.103153012733665
SYNPCC7002_RS06150,SYNPCC7002_RS10115,0.103109409324435
SYNPCC7002_RS14790,SYNPCC7002_RS13910,0.10307867650117
SYNPCC7002_RS09780,SYNPCC7002_RS04090,0.102980451796735
SYNPCC7002_RS05135,SYNPCC7002_RS05290,0.102974591973101
SYNPCC7002_RS06150,SYNPCC7002_RS11720,0.102958877449847
SYNPCC7002_RS05135,SYNPCC7002_RS10210,0.102933560272703
SYNPCC7002_RS12090,SYNPCC7002_RS17190,0.102915294532158
SYNPCC7002_RS04780,SYNPCC7002_RS07030,0.102861784512485
SYNPCC7002_RS03295,SYNPCC7002_RS03325,0.102799088394078
SYNPCC7002_RS02715,SYNPCC7002_RS14845,0.102782447964681
SYNPCC7002_RS07385,SYNPCC7002_RS12945,0.102696338571732
SYNPCC7002_RS04250,SYNPCC7002_RS10875,0.102693236590964
SYNPCC7002_RS05460,SYNPCC7002_RS14420,0.102680137159206
SYNPCC7002_RS12395,SYNPCC7002_RS05195,0.102638895844621
SYNPCC7002_RS09820,SYNPCC7002_RS12790,0.102627592387272
SYNPCC7002_RS10050,SYNPCC7002_RS01040,0.102614075828553
SYNPCC7002_RS05135,SYNPCC7002_RS15640,0.102609754311598
SYNPCC7002_RS15520,SYNPCC7002_RS03485,0.10260692122923
SYNPCC7002_RS03295,SYNPCC7002_RS08760,0.102564504909311
SYNPCC7002_RS15680,SYNPCC7002_RS14615,0.102558211713379
SYNPCC7002_RS05135,SYNPCC7002_RS10965,0.102545217223571
SYNPCC7002_RS02715,SYNPCC7002_RS02710,0.10254212745473
SYNPCC7002_RS08965,SYNPCC7002_RS09740,0.102540791406684
SYNPCC7002_RS05135,SYNPCC7002_RS00370,0.102531212805106
SYNPCC7002_RS05460,SYNPCC7002_RS10825,0.102530999871303
SYNPCC7002_RS08965,SYNPCC7002_RS02275,0.10253056632065
SYNPCC7002_RS15680,SYNPCC7002_RS07130,0.102526610829254
SYNPCC7002_RS04890,SYNPCC7002_RS02575,0.102500817126565
SYNPCC7002_RS15720,SYNPCC7002_RS15315,0.102476463025184
SYNPCC7002_RS05460,SYNPCC7002_RS16835,0.102470375729072
SYNPCC7002_RS06150,SYNPCC7002_RS14525,0.102460053597367
SYNPCC7002_RS06150,SYNPCC7002_RS15930,0.10241271209408
SYNPCC7002_RS03030,SYNPCC7002_RS13715,0.102399233607619
SYNPCC7002_RS05135,SYNPCC7002_RS03740,0.102387310652773
SYNPCC7002_RS16320,SYNPCC7002_RS15875,0.102370750576253
SYNPCC7002_RS05135,SYNPCC7002_RS05120,0.102365019413052
SYNPCC7002_RS14385,SYNPCC7002_RS16505,0.102358966637704
SYNPCC7002_RS05460,SYNPCC7002_RS01150,0.102329778103144
SYNPCC7002_RS05985,SYNPCC7002_RS01900,0.102317290338153
SYNPCC7002_RS12395,SYNPCC7002_RS07745,0.10230887581059
SYNPCC7002_RS04780,SYNPCC7002_RS04720,0.102307467569553
SYNPCC7002_RS14440,SYNPCC7002_RS14410,0.102306172026805
SYNPCC7002_RS08945,SYNPCC7002_RS10110,0.102259033321971
SYNPCC7002_RS05135,SYNPCC7002_RS16675,0.102253015427003
SYNPCC7002_RS01420,SYNPCC7002_RS04485,0.102232033529406
SYNPCC7002_RS14385,SYNPCC7002_RS14395,0.10222998980894
SYNPCC7002_RS02715,SYNPCC7002_RS05255,0.102201918637185
SYNPCC7002_RS09320,SYNPCC7002_RS10685,0.102173550444405
SYNPCC7002_RS05135,SYNPCC7002_RS07745,0.102124336645606
SYNPCC7002_RS02715,SYNPCC7002_RS13885,0.102081469421114
SYNPCC7002_RS09780,SYNPCC7002_RS13630,0.102071279835825
SYNPCC7002_RS09420,SYNPCC7002_RS13920,0.102060862521737
SYNPCC7002_RS10050,SYNPCC7002_RS10165,0.102052099368772
SYNPCC7002_RS04890,SYNPCC7002_RS05135,0.102050518498762
SYNPCC7002_RS04680,SYNPCC7002_RS03260,0.102036471020847
SYNPCC7002_RS12090,SYNPCC7002_RS16665,0.102019351098318
SYNPCC7002_RS11400,SYNPCC7002_RS00520,0.102007940016717
SYNPCC7002_RS10050,SYNPCC7002_RS08890,0.101996694351074
SYNPCC7002_RS08390,SYNPCC7002_RS15690,0.101986434458533
SYNPCC7002_RS04780,SYNPCC7002_RS07335,0.101980186742233
SYNPCC7002_RS05135,SYNPCC7002_RS02405,0.101919392167882
SYNPCC7002_RS00850,SYNPCC7002_RS02335,0.101912519310659
SYNPCC7002_RS10050,SYNPCC7002_RS07470,0.101897793909696
SYNPCC7002_RS09320,SYNPCC7002_RS01080,0.101892711640626
SYNPCC7002_RS08965,SYNPCC7002_RS08960,0.101871467155373
SYNPCC7002_RS08390,SYNPCC7002_RS14710,0.101870206727893
SYNPCC7002_RS00010,SYNPCC7002_RS16600,0.101849740641615
SYNPCC7002_RS04890,SYNPCC7002_RS05100,0.101849453908178
SYNPCC7002_RS09780,SYNPCC7002_RS01165,0.101842605531533
SYNPCC7002_RS01800,SYNPCC7002_RS10205,0.101837051205159
SYNPCC7002_RS09630,SYNPCC7002_RS05690,0.101825716384886
SYNPCC7002_RS16320,SYNPCC7002_RS13175,0.10182502757996
SYNPCC7002_RS05135,SYNPCC7002_RS16370,0.101793275358779
SYNPCC7002_RS12395,SYNPCC7002_RS07795,0.101762847418049
SYNPCC7002_RS06150,SYNPCC7002_RS14050,0.101745347997525
SYNPCC7002_RS05135,SYNPCC7002_RS07645,0.1017424108402
SYNPCC7002_RS05460,SYNPCC7002_RS08895,0.101723853156694
SYNPCC7002_RS08175,SYNPCC7002_RS06440,0.101698725725423
SYNPCC7002_RS12395,SYNPCC7002_RS09095,0.101694602420271
SYNPCC7002_RS02715,SYNPCC7002_RS08770,0.10166834940961
SYNPCC7002_RS04650,SYNPCC7002_RS08665,0.101660333134024
SYNPCC7002_RS01800,SYNPCC7002_RS02315,0.101597916194743
SYNPCC7002_RS11685,SYNPCC7002_RS12405,0.10158715418029
SYNPCC7002_RS08390,SYNPCC7002_RS02375,0.101534296924909
SYNPCC7002_RS09320,SYNPCC7002_RS10485,0.101532449723199
SYNPCC7002_RS09630,SYNPCC7002_RS03945,0.101510075767381
SYNPCC7002_RS12395,SYNPCC7002_RS00425,0.101497723127585
SYNPCC7002_RS05135,SYNPCC7002_RS11455,0.101475650968649
SYNPCC7002_RS04890,SYNPCC7002_RS09535,0.101467249984532
SYNPCC7002_RS09820,SYNPCC7002_RS15075,0.101463630408704
SYNPCC7002_RS12395,SYNPCC7002_RS05135,0.101447554207316
SYNPCC7002_RS08175,SYNPCC7002_RS03870,0.101380736789324
SYNPCC7002_RS05135,SYNPCC7002_RS09420,0.101379835688552
SYNPCC7002_RS07385,SYNPCC7002_RS09210,0.101369898986085
SYNPCC7002_RS15680,SYNPCC7002_RS02065,0.10132062123267
SYNPCC7002_RS08965,SYNPCC7002_RS04465,0.10131854070656
SYNPCC7002_RS04780,SYNPCC7002_RS11135,0.101308819264385
SYNPCC7002_RS06005,SYNPCC7002_RS07400,0.101298604628957
SYNPCC7002_RS01420,SYNPCC7002_RS09415,0.101283859455755
SYNPCC7002_RS07385,SYNPCC7002_RS13570,0.101278643160704
SYNPCC7002_RS00260,SYNPCC7002_RS09615,0.101269319640006
SYNPCC7002_RS08390,SYNPCC7002_RS12650,0.101265906944451
SYNPCC7002_RS14385,SYNPCC7002_RS14380,0.101232512855248
SYNPCC7002_RS06150,SYNPCC7002_RS15765,0.10117471612058
SYNPCC7002_RS14440,SYNPCC7002_RS14430,0.101163172597221
SYNPCC7002_RS06150,SYNPCC7002_RS06800,0.101088353669179
SYNPCC7002_RS04650,SYNPCC7002_RS10705,0.101072294078053
SYNPCC7002_RS08860,SYNPCC7002_RS01365,0.101060099387866
SYNPCC7002_RS01800,SYNPCC7002_RS10150,0.101055664478302
SYNPCC7002_RS04890,SYNPCC7002_RS02850,0.100999394639717
SYNPCC7002_RS04650,SYNPCC7002_RS09280,0.100975473787896
SYNPCC7002_RS09630,SYNPCC7002_RS08920,0.100945970737354
SYNPCC7002_RS09820,SYNPCC7002_RS11370,0.100934331285342
SYNPCC7002_RS07385,SYNPCC7002_RS07425,0.100934091339075
SYNPCC7002_RS03950,SYNPCC7002_RS15550,0.100921648711181
SYNPCC7002_RS04650,SYNPCC7002_RS06280,0.100905457109084
SYNPCC7002_RS15520,SYNPCC7002_RS00135,0.100866989264765
SYNPCC7002_RS12395,SYNPCC7002_RS00455,0.100843397218709
SYNPCC7002_RS08175,SYNPCC7002_RS04495,0.100836707841397
SYNPCC7002_RS04650,SYNPCC7002_RS02795,0.100777160059846
SYNPCC7002_RS05135,SYNPCC7002_RS03510,0.100776158293576
SYNPCC7002_RS04680,SYNPCC7002_RS07150,0.100757602632724
SYNPCC7002_RS02410,SYNPCC7002_RS08130,0.100679936884137
SYNPCC7002_RS15255,SYNPCC7002_RS15325,0.100671210004984
SYNPCC7002_RS15520,SYNPCC7002_RS10640,0.100664485385346
SYNPCC7002_RS04890,SYNPCC7002_RS10595,0.10063060417573
SYNPCC7002_RS04250,SYNPCC7002_RS12485,0.100601500551081
SYNPCC7002_RS06150,SYNPCC7002_RS15925,0.10057824420649
SYNPCC7002_RS09780,SYNPCC7002_RS13960,0.100504386036137
SYNPCC7002_RS04250,SYNPCC7002_RS14235,0.100490296777345
SYNPCC7002_RS09320,SYNPCC7002_RS09595,0.10045905849995
SYNPCC7002_RS02715,SYNPCC7002_RS11860,0.10045766458843
SYNPCC7002_RS16320,SYNPCC7002_RS13180,0.100453953560332
SYNPCC7002_RS09420,SYNPCC7002_RS09425,0.100453424392661
SYNPCC7002_RS08390,SYNPCC7002_RS15510,0.10045325644615
SYNPCC7002_RS01420,SYNPCC7002_RS10865,0.100448544065842
SYNPCC7002_RS04890,SYNPCC7002_RS05130,0.100443791567973
SYNPCC7002_RS03760,SYNPCC7002_RS06235,0.100435255790873
SYNPCC7002_RS01335,SYNPCC7002_RS14905,0.100432017150461
SYNPCC7002_RS05135,SYNPCC7002_RS13065,0.100431275270025
SYNPCC7002_RS15680,SYNPCC7002_RS05070,0.100409063141604
SYNPCC7002_RS08210,SYNPCC7002_RS11885,0.100405790269785
SYNPCC7002_RS09780,SYNPCC7002_RS12960,0.100403180075457
SYNPCC7002_RS05135,SYNPCC7002_RS11350,0.100373705193313
SYNPCC7002_RS04780,SYNPCC7002_RS08200,0.100363916939547
SYNPCC7002_RS04250,SYNPCC7002_RS12015,0.100363593572607
SYNPCC7002_RS05460,SYNPCC7002_RS14005,0.100292574487605
SYNPCC7002_RS05135,SYNPCC7002_RS03670,0.10028867720532
SYNPCC7002_RS08965,SYNPCC7002_RS06070,0.100285638017087
SYNPCC7002_RS05135,SYNPCC7002_RS11335,0.100274432268046
SYNPCC7002_RS02715,SYNPCC7002_RS07950,0.100274341518854
SYNPCC7002_RS04680,SYNPCC7002_RS11435,0.100269484136369
SYNPCC7002_RS04650,SYNPCC7002_RS00840,0.100261853251305
SYNPCC7002_RS03030,SYNPCC7002_RS09830,0.10024504030491
SYNPCC7002_RS05985,SYNPCC7002_RS11925,0.100244960409251
SYNPCC7002_RS00650,SYNPCC7002_RS05745,0.100223623152789
SYNPCC7002_RS06150,SYNPCC7002_RS08635,0.100211682329493
SYNPCC7002_RS01335,SYNPCC7002_RS03500,0.100208750863947
SYNPCC7002_RS08210,SYNPCC7002_RS05575,0.100193016825541
SYNPCC7002_RS02715,SYNPCC7002_RS04265,0.100165423824975
SYNPCC7002_RS10525,SYNPCC7002_RS16205,0.100137320445707
SYNPCC7002_RS08965,SYNPCC7002_RS04730,0.10012974508719
SYNPCC7002_RS09995,SYNPCC7002_RS00710,0.100111157766818
SYNPCC7002_RS05135,SYNPCC7002_RS03385,0.100102641478842
SYNPCC7002_RS05985,SYNPCC7002_RS12070,0.100092368258094
SYNPCC7002_RS05985,SYNPCC7002_RS12910,0.100082678718469
SYNPCC7002_RS05135,SYNPCC7002_RS05265,0.100073026568645
SYNPCC7002_RS04780,SYNPCC7002_RS15585,0.10006299335526
SYNPCC7002_RS09780,SYNPCC7002_RS11460,0.100026593790331
SYNPCC7002_RS04890,SYNPCC7002_RS08220,0.100013662115952
SYNPCC7002_RS03030,SYNPCC7002_RS13880,0.099999660453957
SYNPCC7002_RS05135,SYNPCC7002_RS04370,0.0999694130139797
SYNPCC7002_RS06150,SYNPCC7002_RS11435,0.099939681455236
SYNPCC7002_RS04250,SYNPCC7002_RS07085,0.0999300637781852
SYNPCC7002_RS01085,SYNPCC7002_RS05870,0.099909118896644
SYNPCC7002_RS12395,SYNPCC7002_RS08550,0.0999075586877121
SYNPCC7002_RS00650,SYNPCC7002_RS01500,0.0998869911740158
SYNPCC7002_RS12395,SYNPCC7002_RS07685,0.0998811977741689
SYNPCC7002_RS12090,SYNPCC7002_RS12950,0.0998770728491623
SYNPCC7002_RS08210,SYNPCC7002_RS17235,0.0998749241236696
SYNPCC7002_RS08390,SYNPCC7002_RS00960,0.0998192483620679
SYNPCC7002_RS04780,SYNPCC7002_RS01215,0.0998042413904385
SYNPCC7002_RS05985,SYNPCC7002_RS10725,0.0997503834245258
SYNPCC7002_RS05985,SYNPCC7002_RS00525,0.0997233746962567
SYNPCC7002_RS04890,SYNPCC7002_RS00425,0.0997040316207939
SYNPCC7002_RS05460,SYNPCC7002_RS04760,0.0996930976436277
SYNPCC7002_RS08175,SYNPCC7002_RS01525,0.0996562385216915
SYNPCC7002_RS16160,SYNPCC7002_RS16060,0.0996526319828553
SYNPCC7002_RS05985,SYNPCC7002_RS00565,0.0996478325925111
SYNPCC7002_RS08480,SYNPCC7002_RS16380,0.0996443355480049
SYNPCC7002_RS01420,SYNPCC7002_RS05170,0.0996133144677271
SYNPCC7002_RS11685,SYNPCC7002_RS05600,0.099609661552373
SYNPCC7002_RS02715,SYNPCC7002_RS16835,0.0996085503563802
SYNPCC7002_RS09780,SYNPCC7002_RS09975,0.0995915717395092
SYNPCC7002_RS02455,SYNPCC7002_RS15915,0.0995560662149183
SYNPCC7002_RS03295,SYNPCC7002_RS03315,0.0995421493942164
SYNPCC7002_RS10050,SYNPCC7002_RS15065,0.099519328568564
SYNPCC7002_RS03030,SYNPCC7002_RS01600,0.0994774553383967
SYNPCC7002_RS12395,SYNPCC7002_RS04475,0.0994133150314449
SYNPCC7002_RS04780,SYNPCC7002_RS02985,0.0994022200414194
SYNPCC7002_RS08390,SYNPCC7002_RS16540,0.0993979967646519
SYNPCC7002_RS12395,SYNPCC7002_RS05270,0.0993389117887571
SYNPCC7002_RS12395,SYNPCC7002_RS15155,0.0993047105841007
SYNPCC7002_RS08945,SYNPCC7002_RS12035,0.0992782362379186
SYNPCC7002_RS08255,SYNPCC7002_RS09990,0.0992744101425001
SYNPCC7002_RS01335,SYNPCC7002_RS11420,0.0992678745617664
SYNPCC7002_RS00050,SYNPCC7002_RS08605,0.0992451440273917
SYNPCC7002_RS01335,SYNPCC7002_RS12470,0.099224320497971
SYNPCC7002_RS08965,SYNPCC7002_RS07375,0.0992241933745006
SYNPCC7002_RS12395,SYNPCC7002_RS04890,0.0992211099410746
SYNPCC7002_RS05135,SYNPCC7002_RS05225,0.0992188586297973
SYNPCC7002_RS04890,SYNPCC7002_RS01930,0.0991814096057518
SYNPCC7002_RS02715,SYNPCC7002_RS06430,0.099113403583559
SYNPCC7002_RS00640,SYNPCC7002_RS00580,0.0991041620022468
SYNPCC7002_RS05135,SYNPCC7002_RS00265,0.0990843949321295
SYNPCC7002_RS12515,SYNPCC7002_RS10035,0.0990757895978694
SYNPCC7002_RS12515,SYNPCC7002_RS04780,0.0990716695605983
SYNPCC7002_RS02455,SYNPCC7002_RS14175,0.0990343489685597
SYNPCC7002_RS09780,SYNPCC7002_RS00340,0.0990160892263969
SYNPCC7002_RS09630,SYNPCC7002_RS17225,0.0989987195199493
SYNPCC7002_RS09090,SYNPCC7002_RS16805,0.0989854652821901
SYNPCC7002_RS12395,SYNPCC7002_RS11235,0.098984427171529
SYNPCC7002_RS01420,SYNPCC7002_RS07750,0.0989825594653086
SYNPCC7002_RS15520,SYNPCC7002_RS14130,0.0989709763287779
SYNPCC7002_RS07385,SYNPCC7002_RS14185,0.0989651712172862
SYNPCC7002_RS05135,SYNPCC7002_RS11325,0.0989294405657555
SYNPCC7002_RS10050,SYNPCC7002_RS16420,0.0989285908858323
SYNPCC7002_RS15255,SYNPCC7002_RS15335,0.0988882311664676
SYNPCC7002_RS12395,SYNPCC7002_RS15110,0.0988849262323799
SYNPCC7002_RS09845,SYNPCC7002_RS11495,0.098871623124031
SYNPCC7002_RS00260,SYNPCC7002_RS08535,0.0988545780203318
SYNPCC7002_RS05985,SYNPCC7002_RS04525,0.0987923916515897
SYNPCC7002_RS01800,SYNPCC7002_RS15965,0.0987905723586639
SYNPCC7002_RS05985,SYNPCC7002_RS03715,0.098776919327424
SYNPCC7002_RS01335,SYNPCC7002_RS14890,0.0987739388768032
SYNPCC7002_RS04890,SYNPCC7002_RS01580,0.0987696175463128
SYNPCC7002_RS05135,SYNPCC7002_RS09655,0.0987488642337385
SYNPCC7002_RS15720,SYNPCC7002_RS06460,0.0987474984837963
SYNPCC7002_RS00640,SYNPCC7002_RS06010,0.0987325415637933
SYNPCC7002_RS04250,SYNPCC7002_RS11115,0.0987103647938617
SYNPCC7002_RS05135,SYNPCC7002_RS10765,0.0986984114824344
SYNPCC7002_RS03030,SYNPCC7002_RS07315,0.0986982088246901
SYNPCC7002_RS14385,SYNPCC7002_RS14405,0.0986942257806687
SYNPCC7002_RS05460,SYNPCC7002_RS16415,0.0986868317872407
SYNPCC7002_RS14440,SYNPCC7002_RS16320,0.0986866468026407
SYNPCC7002_RS06150,SYNPCC7002_RS08920,0.0986850729352566
SYNPCC7002_RS00650,SYNPCC7002_RS13575,0.098656565686777
SYNPCC7002_RS05135,SYNPCC7002_RS05595,0.0985974444736903
SYNPCC7002_RS14385,SYNPCC7002_RS14420,0.0985860298480756
SYNPCC7002_RS12395,SYNPCC7002_RS10920,0.0985764449681462
SYNPCC7002_RS04780,SYNPCC7002_RS01670,0.0985707648810794
SYNPCC7002_RS08255,SYNPCC7002_RS06450,0.0985642452759516
SYNPCC7002_RS02715,SYNPCC7002_RS17030,0.0985468703710676
SYNPCC7002_RS08965,SYNPCC7002_RS06950,0.0985412436832911
SYNPCC7002_RS14790,SYNPCC7002_RS08140,0.0985292088542295
SYNPCC7002_RS14440,SYNPCC7002_RS16505,0.098508219094548
SYNPCC7002_RS01800,SYNPCC7002_RS09365,0.0984670270762586
SYNPCC7002_RS05460,SYNPCC7002_RS03950,0.0983902212328222
SYNPCC7002_RS04890,SYNPCC7002_RS00265,0.0983858947650414
SYNPCC7002_RS05135,SYNPCC7002_RS00730,0.0983816439588151
SYNPCC7002_RS05135,SYNPCC7002_RS10925,0.0983781140148458
SYNPCC7002_RS10050,SYNPCC7002_RS02500,0.0983765883899207
SYNPCC7002_RS04650,SYNPCC7002_RS10920,0.0983660465661986
SYNPCC7002_RS11685,SYNPCC7002_RS09460,0.098360241015611
SYNPCC7002_RS09820,SYNPCC7002_RS14855,0.0983464614568071
SYNPCC7002_RS15680,SYNPCC7002_RS16655,0.0983386243226649
SYNPCC7002_RS08965,SYNPCC7002_RS16685,0.0983335514960978
SYNPCC7002_RS05135,SYNPCC7002_RS08475,0.0983103356462564
SYNPCC7002_RS02715,SYNPCC7002_RS03660,0.0983070920692199
SYNPCC7002_RS01335,SYNPCC7002_RS11200,0.0982990186623441
SYNPCC7002_RS03295,SYNPCC7002_RS14350,0.0982977210988131
SYNPCC7002_RS08255,SYNPCC7002_RS07055,0.0982972000997281
SYNPCC7002_RS12395,SYNPCC7002_RS10275,0.0982934730662283
SYNPCC7002_RS12395,SYNPCC7002_RS07775,0.098216045897778
SYNPCC7002_RS15520,SYNPCC7002_RS11490,0.0981801061161229
SYNPCC7002_RS01335,SYNPCC7002_RS01100,0.0981461146533
SYNPCC7002_RS09820,SYNPCC7002_RS12140,0.0981308638358109
SYNPCC7002_RS03030,SYNPCC7002_RS06445,0.0981112232477326
SYNPCC7002_RS04890,SYNPCC7002_RS14280,0.0981065015595203
SYNPCC7002_RS16320,SYNPCC7002_RS15880,0.0980703249030563
SYNPCC7002_RS03030,SYNPCC7002_RS02595,0.0980651462239025
SYNPCC7002_RS12395,SYNPCC7002_RS16940,0.0980600537232193
SYNPCC7002_RS04650,SYNPCC7002_RS00040,0.0979983283108598
SYNPCC7002_RS15520,SYNPCC7002_RS12170,0.0979704971122037
SYNPCC7002_RS05135,SYNPCC7002_RS00585,0.0979573736415214
SYNPCC7002_RS03030,SYNPCC7002_RS03855,0.0979433245997213
SYNPCC7002_RS04890,SYNPCC7002_RS07355,0.0979289597158683
SYNPCC7002_RS06150,SYNPCC7002_RS08495,0.0979139628381985
SYNPCC7002_RS12395,SYNPCC7002_RS03520,0.0978989753615863
SYNPCC7002_RS14440,SYNPCC7002_RS14365,0.0978413442135206
SYNPCC7002_RS08965,SYNPCC7002_RS11215,0.0978378231988574
SYNPCC7002_RS04650,SYNPCC7002_RS01740,0.0978350916857132
SYNPCC7002_RS16320,SYNPCC7002_RS06465,0.097818681469849
SYNPCC7002_RS05985,SYNPCC7002_RS08605,0.0978085291163741
SYNPCC7002_RS12395,SYNPCC7002_RS12405,0.0977948541610091
SYNPCC7002_RS04890,SYNPCC7002_RS12395,0.0977879791998432
SYNPCC7002_RS12395,SYNPCC7002_RS07575,0.0977759524461577
SYNPCC7002_RS12395,SYNPCC7002_RS01760,0.0977714873337335
SYNPCC7002_RS04250,SYNPCC7002_RS01485,0.0977602355255609
SYNPCC7002_RS15680,SYNPCC7002_RS14675,0.0977575827323316
SYNPCC7002_RS05985,SYNPCC7002_RS12265,0.0977413682353674
SYNPCC7002_RS15680,SYNPCC7002_RS04140,0.097717377398596
SYNPCC7002_RS16320,SYNPCC7002_RS15610,0.0977093603031774
SYNPCC7002_RS10050,SYNPCC7002_RS09865,0.0977006712301511
SYNPCC7002_RS11400,SYNPCC7002_RS01990,0.0976796924702183
SYNPCC7002_RS08390,SYNPCC7002_RS15945,0.097669532697403
SYNPCC7002_RS08965,SYNPCC7002_RS08410,0.0976615644046598
SYNPCC7002_RS00260,SYNPCC7002_RS13500,0.0976590889036582
SYNPCC7002_RS08390,SYNPCC7002_RS16620,0.0976093736251979
SYNPCC7002_RS03295,SYNPCC7002_RS01970,0.0976042780272508
SYNPCC7002_RS09630,SYNPCC7002_RS10630,0.0975850686313374
SYNPCC7002_RS04650,SYNPCC7002_RS11530,0.0975782453659465
SYNPCC7002_RS05460,SYNPCC7002_RS04310,0.097555505695654
SYNPCC7002_RS08965,SYNPCC7002_RS03850,0.097511023120035
SYNPCC7002_RS09780,SYNPCC7002_RS16470,0.0975010039695441
SYNPCC7002_RS04650,SYNPCC7002_RS12850,0.0974341290003316
SYNPCC7002_RS14385,SYNPCC7002_RS14470,0.0974309280023741
SYNPCC7002_RS05135,SYNPCC7002_RS00270,0.0974216027454121
SYNPCC7002_RS03950,SYNPCC7002_RS14435,0.097419195864018
SYNPCC7002_RS02455,SYNPCC7002_RS06205,0.0973997985729792
SYNPCC7002_RS11400,SYNPCC7002_RS03470,0.0973918766133745
SYNPCC7002_RS15030,SYNPCC7002_RS14995,0.0973817518331745
SYNPCC7002_RS12090,SYNPCC7002_RS11290,0.0973562043711052
SYNPCC7002_RS11685,SYNPCC7002_RS02130,0.0973357018976992
SYNPCC7002_RS05985,SYNPCC7002_RS01520,0.0973073195274424
SYNPCC7002_RS00260,SYNPCC7002_RS15375,0.0972748381047413
SYNPCC7002_RS09630,SYNPCC7002_RS05665,0.0972672384201146
SYNPCC7002_RS05460,SYNPCC7002_RS14805,0.0972300664677537
SYNPCC7002_RS00260,SYNPCC7002_RS09465,0.0972287054004248
SYNPCC7002_RS00650,SYNPCC7002_RS05380,0.0972278687671965
SYNPCC7002_RS10050,SYNPCC7002_RS15485,0.0972271486604004
SYNPCC7002_RS15255,SYNPCC7002_RS10545,0.0972237705378032
SYNPCC7002_RS08390,SYNPCC7002_RS16090,0.0972085919971809
SYNPCC7002_RS05135,SYNPCC7002_RS03290,0.0971970874230251
SYNPCC7002_RS08210,SYNPCC7002_RS09740,0.0971770969286095
SYNPCC7002_RS00650,SYNPCC7002_RS08125,0.0971115662682964
SYNPCC7002_RS14385,SYNPCC7002_RS14365,0.0971050365026168
SYNPCC7002_RS10050,SYNPCC7002_RS07760,0.0970862646637134
SYNPCC7002_RS12395,SYNPCC7002_RS10765,0.0970719944953046
SYNPCC7002_RS04780,SYNPCC7002_RS12305,0.0970642831884257
SYNPCC7002_RS14790,SYNPCC7002_RS16160,0.0970563100190455
SYNPCC7002_RS04250,SYNPCC7002_RS04400,0.0970530893170263
SYNPCC7002_RS08965,SYNPCC7002_RS13470,0.0970392688381002
SYNPCC7002_RS05135,SYNPCC7002_RS09035,0.0970222582878303
SYNPCC7002_RS04780,SYNPCC7002_RS06875,0.0969996806820704
SYNPCC7002_RS01335,SYNPCC7002_RS10655,0.0969921661037267
SYNPCC7002_RS08965,SYNPCC7002_RS02485,0.0969616686421817
SYNPCC7002_RS10050,SYNPCC7002_RS06025,0.0969569548736677
SYNPCC7002_RS15680,SYNPCC7002_RS02035,0.0969489914066183
SYNPCC7002_RS08210,SYNPCC7002_RS03720,0.0969373508705019
SYNPCC7002_RS08390,SYNPCC7002_RS06855,0.0969224896227567
SYNPCC7002_RS04890,SYNPCC7002_RS03055,0.0969000153049589
SYNPCC7002_RS01420,SYNPCC7002_RS16960,0.0968904318077585
SYNPCC7002_RS14385,SYNPCC7002_RS14335,0.0968898911150652
SYNPCC7002_RS03295,SYNPCC7002_RS06305,0.0968860429502121
SYNPCC7002_RS05135,SYNPCC7002_RS17245,0.0968766073443267
SYNPCC7002_RS12395,SYNPCC7002_RS03670,0.0968763311165766
SYNPCC7002_RS12395,SYNPCC7002_RS08305,0.0968733425409629
SYNPCC7002_RS09630,SYNPCC7002_RS16950,0.0968692629449132
SYNPCC7002_RS05460,SYNPCC7002_RS08890,0.0968438420327841
SYNPCC7002_RS08390,SYNPCC7002_RS07040,0.0968305815506695
SYNPCC7002_RS15680,SYNPCC7002_RS15160,0.096828200605236
SYNPCC7002_RS12395,SYNPCC7002_RS05280,0.0968202653145855
SYNPCC7002_RS15520,SYNPCC7002_RS12655,0.0968170678577932
SYNPCC7002_RS15255,SYNPCC7002_RS15880,0.0968120429086066
SYNPCC7002_RS05135,SYNPCC7002_RS14245,0.0968089283787244
SYNPCC7002_RS01335,SYNPCC7002_RS12360,0.096806259600685
SYNPCC7002_RS11400,SYNPCC7002_RS03375,0.0968019264542023
SYNPCC7002_RS08965,SYNPCC7002_RS01480,0.0967719585995613
SYNPCC7002_RS02455,SYNPCC7002_RS03045,0.0967660034367898
SYNPCC7002_RS02715,SYNPCC7002_RS11425,0.0967578995224164
SYNPCC7002_RS05135,SYNPCC7002_RS04950,0.0967346067647378
SYNPCC7002_RS10050,SYNPCC7002_RS17220,0.0967311017242254
SYNPCC7002_RS09630,SYNPCC7002_RS11720,0.0967148278760111
SYNPCC7002_RS11400,SYNPCC7002_RS04060,0.0966996346953879
SYNPCC7002_RS12395,SYNPCC7002_RS08670,0.0966837216957714
SYNPCC7002_RS04250,SYNPCC7002_RS01400,0.0966837061263304
SYNPCC7002_RS05135,SYNPCC7002_RS04120,0.0966822560974813
SYNPCC7002_RS15520,SYNPCC7002_RS16270,0.096681832832966
SYNPCC7002_RS03950,SYNPCC7002_RS11805,0.0966620212879865
SYNPCC7002_RS09420,SYNPCC7002_RS16675,0.0966403080772381
SYNPCC7002_RS03295,SYNPCC7002_RS14340,0.0966322479786112
SYNPCC7002_RS12395,SYNPCC7002_RS04535,0.0966241236041158
SYNPCC7002_RS02715,SYNPCC7002_RS00580,0.0965853076234816
SYNPCC7002_RS09780,SYNPCC7002_RS14730,0.0965721750348251
SYNPCC7002_RS08390,SYNPCC7002_RS05915,0.0965459307552511
SYNPCC7002_RS16320,SYNPCC7002_RS05920,0.0965322374217473
SYNPCC7002_RS11400,SYNPCC7002_RS13870,0.0965165787335661
SYNPCC7002_RS04680,SYNPCC7002_RS06150,0.0965020420848016
SYNPCC7002_RS15410,SYNPCC7002_RS04995,0.096497602980704
SYNPCC7002_RS00640,SYNPCC7002_RS09440,0.0964930677932386
SYNPCC7002_RS08965,SYNPCC7002_RS08655,0.0964863925078717
SYNPCC7002_RS08210,SYNPCC7002_RS04680,0.0964773016023907
SYNPCC7002_RS05135,SYNPCC7002_RS07600,0.0964612920103929
SYNPCC7002_RS08390,SYNPCC7002_RS04815,0.096458754793893
SYNPCC7002_RS05135,SYNPCC7002_RS10975,0.0964419331654234
SYNPCC7002_RS04780,SYNPCC7002_RS03930,0.0964238362368595
SYNPCC7002_RS01800,SYNPCC7002_RS00030,0.096416511472028
SYNPCC7002_RS04890,SYNPCC7002_RS09915,0.0964159343098453
SYNPCC7002_RS02715,SYNPCC7002_RS15265,0.0964096821333478
SYNPCC7002_RS07385,SYNPCC7002_RS04710,0.0963916859541304
SYNPCC7002_RS04890,SYNPCC7002_RS16370,0.0963856730727186
SYNPCC7002_RS11400,SYNPCC7002_RS04055,0.096382056764556
SYNPCC7002_RS15255,SYNPCC7002_RS15315,0.0963626506625215
SYNPCC7002_RS05460,SYNPCC7002_RS15180,0.0963368839777729
SYNPCC7002_RS05985,SYNPCC7002_RS13815,0.0963224745276866
SYNPCC7002_RS03295,SYNPCC7002_RS03330,0.096290725240531
SYNPCC7002_RS01420,SYNPCC7002_RS06580,0.0962862679423658
SYNPCC7002_RS05135,SYNPCC7002_RS10610,0.0962818903854011
SYNPCC7002_RS09630,SYNPCC7002_RS14525,0.0962684781249919
SYNPCC7002_RS05135,SYNPCC7002_RS12460,0.0962349825851371
SYNPCC7002_RS14440,SYNPCC7002_RS14335,0.0962319727622852
SYNPCC7002_RS06150,SYNPCC7002_RS06795,0.0962300978296536
SYNPCC7002_RS14440,SYNPCC7002_RS16310,0.0962074176251666
SYNPCC7002_RS10050,SYNPCC7002_RS05655,0.0962014753250572
SYNPCC7002_RS09320,SYNPCC7002_RS07480,0.0961704175726324
SYNPCC7002_RS05135,SYNPCC7002_RS02195,0.0961701573770294
SYNPCC7002_RS04780,SYNPCC7002_RS13365,0.0961415887577129
SYNPCC7002_RS04780,SYNPCC7002_RS10475,0.0961390474503331
SYNPCC7002_RS10050,SYNPCC7002_RS07570,0.0961275170100687
SYNPCC7002_RS09995,SYNPCC7002_RS02620,0.0961181734406428
SYNPCC7002_RS09260,SYNPCC7002_RS03965,0.0960849439660175
SYNPCC7002_RS01085,SYNPCC7002_RS00480,0.0960820253593371
SYNPCC7002_RS04780,SYNPCC7002_RS08340,0.0960635681439774
SYNPCC7002_RS05135,SYNPCC7002_RS04115,0.0960471337417889
SYNPCC7002_RS08965,SYNPCC7002_RS13645,0.096020020289909
SYNPCC7002_RS02455,SYNPCC7002_RS03455,0.0960195256060521
SYNPCC7002_RS12395,SYNPCC7002_RS06720,0.0960136613785516
SYNPCC7002_RS00050,SYNPCC7002_RS06230,0.0960089329852012
SYNPCC7002_RS06150,SYNPCC7002_RS00695,0.0960078814597492
SYNPCC7002_RS01420,SYNPCC7002_RS12240,0.0960017914950467
SYNPCC7002_RS02715,SYNPCC7002_RS13190,0.0959908572844497
SYNPCC7002_RS10050,SYNPCC7002_RS12555,0.0959883736274482
SYNPCC7002_RS12395,SYNPCC7002_RS05245,0.0959875204208766
SYNPCC7002_RS08965,SYNPCC7002_RS05360,0.0959863750715635
SYNPCC7002_RS05460,SYNPCC7002_RS04425,0.0959558362558553
SYNPCC7002_RS07385,SYNPCC7002_RS02720,0.0959409202874061
SYNPCC7002_RS04650,SYNPCC7002_RS00630,0.0959282087959592
SYNPCC7002_RS05460,SYNPCC7002_RS16455,0.0959273892470541
SYNPCC7002_RS00260,SYNPCC7002_RS03825,0.0959215959521669
SYNPCC7002_RS10050,SYNPCC7002_RS16795,0.0958853396149431
SYNPCC7002_RS08965,SYNPCC7002_RS13070,0.0958641168739647
SYNPCC7002_RS08965,SYNPCC7002_RS05635,0.0958283394618872
SYNPCC7002_RS12395,SYNPCC7002_RS05240,0.0958211372908985
SYNPCC7002_RS08965,SYNPCC7002_RS05745,0.0958044475133488
SYNPCC7002_RS00260,SYNPCC7002_RS05850,0.0957958162615826
SYNPCC7002_RS15410,SYNPCC7002_RS07960,0.0957855313591018
SYNPCC7002_RS05135,SYNPCC7002_RS13745,0.0957805784696946
SYNPCC7002_RS05135,SYNPCC7002_RS03055,0.0957562903824495
SYNPCC7002_RS08965,SYNPCC7002_RS06955,0.0957480623206751
SYNPCC7002_RS12395,SYNPCC7002_RS12490,0.0957475047155986
SYNPCC7002_RS08965,SYNPCC7002_RS11835,0.0957461111379585
SYNPCC7002_RS08965,SYNPCC7002_RS11840,0.0957414740904301
SYNPCC7002_RS05135,SYNPCC7002_RS03275,0.0957414729030407
SYNPCC7002_RS08965,SYNPCC7002_RS15225,0.0957325849508907
SYNPCC7002_RS15680,SYNPCC7002_RS01235,0.0957254438833438
SYNPCC7002_RS10050,SYNPCC7002_RS03420,0.0957237311784228
SYNPCC7002_RS03950,SYNPCC7002_RS13210,0.0957088058819189
SYNPCC7002_RS04650,SYNPCC7002_RS01510,0.095665363643867
SYNPCC7002_RS04250,SYNPCC7002_RS09110,0.0956603832603277
SYNPCC7002_RS04890,SYNPCC7002_RS03290,0.0956546223596187
SYNPCC7002_RS04890,SYNPCC7002_RS08820,0.0956544174682807
SYNPCC7002_RS09630,SYNPCC7002_RS00695,0.0956487779914938
SYNPCC7002_RS03030,SYNPCC7002_RS06225,0.0956300059418449
SYNPCC7002_RS04650,SYNPCC7002_RS09965,0.095604887232553
SYNPCC7002_RS08965,SYNPCC7002_RS12780,0.0956024618095259
SYNPCC7002_RS08210,SYNPCC7002_RS09550,0.0956011101702839
SYNPCC7002_RS08965,SYNPCC7002_RS02445,0.0956008518108973
SYNPCC7002_RS10050,SYNPCC7002_RS08250,0.0955971471524696
SYNPCC7002_RS05460,SYNPCC7002_RS14505,0.0955821594228527
SYNPCC7002_RS05985,SYNPCC7002_RS16905,0.0955785800568847
SYNPCC7002_RS14440,SYNPCC7002_RS14420,0.0955480551897543
SYNPCC7002_RS03295,SYNPCC7002_RS03610,0.0955405355954997
SYNPCC7002_RS01800,SYNPCC7002_RS02325,0.0955301779931597
SYNPCC7002_RS00690,SYNPCC7002_RS04625,0.0955009827367104
SYNPCC7002_RS08390,SYNPCC7002_RS00415,0.0954820568911218
SYNPCC7002_RS03030,SYNPCC7002_RS01990,0.0954798801962003
SYNPCC7002_RS04890,SYNPCC7002_RS10275,0.0954463810134051
SYNPCC7002_RS12395,SYNPCC7002_RS16795,0.0954258155883434
SYNPCC7002_RS04780,SYNPCC7002_RS06895,0.0954178326351602
SYNPCC7002_RS08965,SYNPCC7002_RS12135,0.0954091855029818
SYNPCC7002_RS00050,SYNPCC7002_RS16440,0.0953682450102577
SYNPCC7002_RS00650,SYNPCC7002_RS13375,0.0953676422886566
SYNPCC7002_RS04780,SYNPCC7002_RS11045,0.095365927442047
SYNPCC7002_RS08945,SYNPCC7002_RS09115,0.0953592851163068
SYNPCC7002_RS05135,SYNPCC7002_RS16940,0.095352707944865
SYNPCC7002_RS09260,SYNPCC7002_RS01685,0.0953524902559143
SYNPCC7002_RS04650,SYNPCC7002_RS07495,0.0953461373414286
SYNPCC7002_RS07385,SYNPCC7002_RS04865,0.0953381550550542
SYNPCC7002_RS15680,SYNPCC7002_RS16955,0.0953303705094709
SYNPCC7002_RS08965,SYNPCC7002_RS04725,0.0953302835021064
SYNPCC7002_RS09320,SYNPCC7002_RS13980,0.0953164532368506
SYNPCC7002_RS16160,SYNPCC7002_RS16715,0.0953081912895736
SYNPCC7002_RS09320,SYNPCC7002_RS10905,0.0952992130351489
SYNPCC7002_RS11685,SYNPCC7002_RS12985,0.0952773564786413
SYNPCC7002_RS05985,SYNPCC7002_RS13650,0.095276630100432
SYNPCC7002_RS12395,SYNPCC7002_RS14250,0.0952678928770612
SYNPCC7002_RS09995,SYNPCC7002_RS07045,0.0952677204177358
SYNPCC7002_RS05985,SYNPCC7002_RS02900,0.0952622028859603
SYNPCC7002_RS10050,SYNPCC7002_RS07605,0.0952575382533231
SYNPCC7002_RS09175,SYNPCC7002_RS12340,0.0952521565262599
SYNPCC7002_RS06150,SYNPCC7002_RS09630,0.0952496525465141
SYNPCC7002_RS06540,SYNPCC7002_RS12765,0.0952471765855735
SYNPCC7002_RS09845,SYNPCC7002_RS04990,0.095237845672426
SYNPCC7002_RS04250,SYNPCC7002_RS00185,0.0952227813527329
SYNPCC7002_RS15520,SYNPCC7002_RS08210,0.0951793981539348
SYNPCC7002_RS00640,SYNPCC7002_RS10215,0.0951669353098825
SYNPCC7002_RS11685,SYNPCC7002_RS03465,0.095160650138428
SYNPCC7002_RS01800,SYNPCC7002_RS11050,0.0951591302099334
SYNPCC7002_RS05460,SYNPCC7002_RS06200,0.095154214907806
SYNPCC7002_RS04780,SYNPCC7002_RS13970,0.0951107858259148
SYNPCC7002_RS02715,SYNPCC7002_RS04305,0.0951084128481955
SYNPCC7002_RS04890,SYNPCC7002_RS00550,0.0950950450228645
SYNPCC7002_RS09320,SYNPCC7002_RS12415,0.0950898766432885
SYNPCC7002_RS01335,SYNPCC7002_RS15945,0.0950844073226791
SYNPCC7002_RS11400,SYNPCC7002_RS01610,0.0950808126705612
SYNPCC7002_RS08255,SYNPCC7002_RS04885,0.0950788525538934
SYNPCC7002_RS16320,SYNPCC7002_RS15325,0.0950373909101914
SYNPCC7002_RS05135,SYNPCC7002_RS07780,0.0950235130553647
SYNPCC7002_RS07295,SYNPCC7002_RS07310,0.0950163935089964
SYNPCC7002_RS12395,SYNPCC7002_RS11515,0.0950146665007187
SYNPCC7002_RS08390,SYNPCC7002_RS01310,0.0950002779649914
SYNPCC7002_RS05460,SYNPCC7002_RS14355,0.0949983482108778
SYNPCC7002_RS09630,SYNPCC7002_RS14675,0.0949848100794679
SYNPCC7002_RS12395,SYNPCC7002_RS14460,0.0949589357945988
SYNPCC7002_RS09820,SYNPCC7002_RS09985,0.0949128884404341
SYNPCC7002_RS14790,SYNPCC7002_RS14765,0.0949103021595603
SYNPCC7002_RS05460,SYNPCC7002_RS17030,0.0949054931881978
SYNPCC7002_RS05460,SYNPCC7002_RS17155,0.0949029515321628
SYNPCC7002_RS15520,SYNPCC7002_RS00845,0.094878583749934
SYNPCC7002_RS12395,SYNPCC7002_RS03430,0.0948760799908747
SYNPCC7002_RS12395,SYNPCC7002_RS13670,0.0948688139040653
SYNPCC7002_RS09780,SYNPCC7002_RS05940,0.0948442425784238
SYNPCC7002_RS05985,SYNPCC7002_RS05410,0.0948280023063829
SYNPCC7002_RS02455,SYNPCC7002_RS10750,0.0948125632983071
SYNPCC7002_RS06540,SYNPCC7002_RS01620,0.0948061725992945
SYNPCC7002_RS09630,SYNPCC7002_RS13385,0.0947868507006656
SYNPCC7002_RS04780,SYNPCC7002_RS09510,0.094763633145863
SYNPCC7002_RS03295,SYNPCC7002_RS15965,0.0947625745125411
SYNPCC7002_RS05135,SYNPCC7002_RS03430,0.0947486257054613
SYNPCC7002_RS08965,SYNPCC7002_RS04545,0.0947310287731431
SYNPCC7002_RS09820,SYNPCC7002_RS04050,0.0947260644323795
SYNPCC7002_RS02455,SYNPCC7002_RS10745,0.0947200421121948
SYNPCC7002_RS05135,SYNPCC7002_RS06175,0.094685909282242
SYNPCC7002_RS00260,SYNPCC7002_RS06595,0.0946679233920432
SYNPCC7002_RS09820,SYNPCC7002_RS06835,0.0946607747351967
SYNPCC7002_RS05460,SYNPCC7002_RS15630,0.0946396917680391
SYNPCC7002_RS04890,SYNPCC7002_RS16815,0.0946334690247649
SYNPCC7002_RS05985,SYNPCC7002_RS11030,0.0946243873682315
SYNPCC7002_RS12395,SYNPCC7002_RS01830,0.0946236847905889
SYNPCC7002_RS05135,SYNPCC7002_RS11955,0.0946129274196741
SYNPCC7002_RS06150,SYNPCC7002_RS05690,0.0946039013475164
SYNPCC7002_RS04650,SYNPCC7002_RS03525,0.0946009262042414
SYNPCC7002_RS15520,SYNPCC7002_RS09320,0.0945677789131953
SYNPCC7002_RS10050,SYNPCC7002_RS06385,0.0945609326176132
SYNPCC7002_RS03295,SYNPCC7002_RS01960,0.0945451130848109
SYNPCC7002_RS05985,SYNPCC7002_RS01560,0.0945338991474356
SYNPCC7002_RS10050,SYNPCC7002_RS05210,0.0945321955215515
SYNPCC7002_RS03030,SYNPCC7002_RS02255,0.0945227563909757
SYNPCC7002_RS12395,SYNPCC7002_RS03290,0.0945161920909635
SYNPCC7002_RS10145,SYNPCC7002_RS13760,0.0945037484488802
SYNPCC7002_RS09320,SYNPCC7002_RS03565,0.0945016912013028
SYNPCC7002_RS05985,SYNPCC7002_RS05020,0.0944967571987768
SYNPCC7002_RS03760,SYNPCC7002_RS10460,0.0944926104374367
SYNPCC7002_RS08390,SYNPCC7002_RS15955,0.0944909063225586
SYNPCC7002_RS12395,SYNPCC7002_RS16445,0.09446445543489
SYNPCC7002_RS12395,SYNPCC7002_RS09575,0.0944587538605772
SYNPCC7002_RS09780,SYNPCC7002_RS07785,0.094455675568434
SYNPCC7002_RS12395,SYNPCC7002_RS05305,0.0944526736106759
SYNPCC7002_RS12105,SYNPCC7002_RS01855,0.0944500625030162
SYNPCC7002_RS05460,SYNPCC7002_RS15285,0.0944303643653612
SYNPCC7002_RS12395,SYNPCC7002_RS07725,0.0944194640585516
SYNPCC7002_RS08390,SYNPCC7002_RS15250,0.0944020548333287
SYNPCC7002_RS05460,SYNPCC7002_RS09000,0.0943817842952381
SYNPCC7002_RS09320,SYNPCC7002_RS11840,0.0943435896393072
SYNPCC7002_RS04250,SYNPCC7002_RS00050,0.0943127930769987
SYNPCC7002_RS08255,SYNPCC7002_RS10175,0.0942964985893023
SYNPCC7002_RS07385,SYNPCC7002_RS08700,0.0942956881060619
SYNPCC7002_RS04780,SYNPCC7002_RS09345,0.0942950772001923
SYNPCC7002_RS12395,SYNPCC7002_RS14860,0.0942765531034351
SYNPCC7002_RS11685,SYNPCC7002_RS11235,0.094257707893044
SYNPCC7002_RS11400,SYNPCC7002_RS09125,0.0942537133864114
SYNPCC7002_RS03760,SYNPCC7002_RS03730,0.0942377675560885
SYNPCC7002_RS10050,SYNPCC7002_RS10940,0.0942300309739706
SYNPCC7002_RS00010,SYNPCC7002_RS17150,0.0942267341848796
SYNPCC7002_RS09260,SYNPCC7002_RS15530,0.0942186686163291
SYNPCC7002_RS09630,SYNPCC7002_RS08435,0.0942144855538027
SYNPCC7002_RS11685,SYNPCC7002_RS06285,0.0942123976177109
SYNPCC7002_RS05135,SYNPCC7002_RS08305,0.0942078760997538
SYNPCC7002_RS06540,SYNPCC7002_RS02370,0.0942057150392171
SYNPCC7002_RS15255,SYNPCC7002_RS11465,0.0941958202722414
SYNPCC7002_RS03950,SYNPCC7002_RS15715,0.0941882435680056
SYNPCC7002_RS07385,SYNPCC7002_RS10510,0.0941656324898049
SYNPCC7002_RS03030,SYNPCC7002_RS08410,0.0941623396505193
SYNPCC7002_RS05135,SYNPCC7002_RS00545,0.0941536530807821
SYNPCC7002_RS12090,SYNPCC7002_RS09675,0.0941497779056519
SYNPCC7002_RS08965,SYNPCC7002_RS02435,0.0941478941752692
SYNPCC7002_RS08945,SYNPCC7002_RS07195,0.094139760802334
SYNPCC7002_RS06540,SYNPCC7002_RS12620,0.0940774827231706
SYNPCC7002_RS01335,SYNPCC7002_RS06495,0.0940634086552856
SYNPCC7002_RS05135,SYNPCC7002_RS13060,0.0940420625498486
SYNPCC7002_RS05460,SYNPCC7002_RS14620,0.0940313305890978
SYNPCC7002_RS05985,SYNPCC7002_RS04395,0.0940224572078186
SYNPCC7002_RS09780,SYNPCC7002_RS06885,0.0940217511287353
SYNPCC7002_RS10050,SYNPCC7002_RS10890,0.0940184076772824
SYNPCC7002_RS05135,SYNPCC7002_RS14460,0.0940024282532666
SYNPCC7002_RS12395,SYNPCC7002_RS12805,0.0939662796030696
SYNPCC7002_RS08965,SYNPCC7002_RS08745,0.0939655837134318
SYNPCC7002_RS08965,SYNPCC7002_RS03395,0.0939549534833429
SYNPCC7002_RS04780,SYNPCC7002_RS04330,0.093936364311921
SYNPCC7002_RS09780,SYNPCC7002_RS14295,0.0939338447660765
SYNPCC7002_RS14790,SYNPCC7002_RS05565,0.0939211182218492
SYNPCC7002_RS01420,SYNPCC7002_RS05230,0.0939199867587851
SYNPCC7002_RS14385,SYNPCC7002_RS14375,0.0939176266708973
SYNPCC7002_RS03295,SYNPCC7002_RS01965,0.0939136291998668
SYNPCC7002_RS05460,SYNPCC7002_RS05665,0.0939132211545812
SYNPCC7002_RS11400,SYNPCC7002_RS02965,0.0938814466799222
SYNPCC7002_RS09260,SYNPCC7002_RS02475,0.0938761891811254
SYNPCC7002_RS08390,SYNPCC7002_RS07410,0.0938688355918019
SYNPCC7002_RS05460,SYNPCC7002_RS00580,0.0938625190265146
SYNPCC7002_RS11685,SYNPCC7002_RS10920,0.0938593205615253
SYNPCC7002_RS04780,SYNPCC7002_RS01280,0.093848344060868
SYNPCC7002_RS05135,SYNPCC7002_RS08010,0.0938432790331517
SYNPCC7002_RS14385,SYNPCC7002_RS14315,0.0938417083464195
SYNPCC7002_RS00640,SYNPCC7002_RS15795,0.0938233185643925
SYNPCC7002_RS10050,SYNPCC7002_RS00585,0.0938172012110012
SYNPCC7002_RS12515,SYNPCC7002_RS15995,0.0938065855537013
SYNPCC7002_RS12395,SYNPCC7002_RS06395,0.0938002051114081
SYNPCC7002_RS05985,SYNPCC7002_RS16995,0.0937961797931878
SYNPCC7002_RS01800,SYNPCC7002_RS06370,0.0937868117096755
SYNPCC7002_RS05135,SYNPCC7002_RS05260,0.0937850536956556
SYNPCC7002_RS05985,SYNPCC7002_RS00770,0.0937558748945839
SYNPCC7002_RS15520,SYNPCC7002_RS15575,0.0937300148975882
SYNPCC7002_RS04680,SYNPCC7002_RS06880,0.0937289422182143
SYNPCC7002_RS15680,SYNPCC7002_RS14645,0.0937237150587428
SYNPCC7002_RS05460,SYNPCC7002_RS15435,0.0937062800080321
SYNPCC7002_RS05135,SYNPCC7002_RS16360,0.0937010858887174
SYNPCC7002_RS04890,SYNPCC7002_RS01515,0.0937009876270963
SYNPCC7002_RS12395,SYNPCC7002_RS15135,0.0936897099131183
SYNPCC7002_RS08965,SYNPCC7002_RS10465,0.0936839653943445
SYNPCC7002_RS07385,SYNPCC7002_RS14155,0.0936592399062642
SYNPCC7002_RS10050,SYNPCC7002_RS14205,0.0936551677251896
SYNPCC7002_RS10050,SYNPCC7002_RS07490,0.0936519413312447
SYNPCC7002_RS03760,SYNPCC7002_RS01760,0.0936292307829812
SYNPCC7002_RS15680,SYNPCC7002_RS10560,0.0936266072305144
SYNPCC7002_RS05460,SYNPCC7002_RS15440,0.0936213483591264
SYNPCC7002_RS09995,SYNPCC7002_RS02365,0.0936153288979141
SYNPCC7002_RS00650,SYNPCC7002_RS13470,0.0936147953498504
SYNPCC7002_RS05985,SYNPCC7002_RS09275,0.0936091762802204
SYNPCC7002_RS15520,SYNPCC7002_RS14695,0.0935864026703346
SYNPCC7002_RS09845,SYNPCC7002_RS09635,0.0935858767998399
SYNPCC7002_RS09780,SYNPCC7002_RS11535,0.0935841257733564
SYNPCC7002_RS05135,SYNPCC7002_RS12490,0.0935824596666016
SYNPCC7002_RS04890,SYNPCC7002_RS00530,0.0935748392486578
SYNPCC7002_RS12395,SYNPCC7002_RS17200,0.0935685278483908
SYNPCC7002_RS09175,SYNPCC7002_RS07940,0.0935558607400358
SYNPCC7002_RS09320,SYNPCC7002_RS03225,0.0935303176176548
SYNPCC7002_RS15520,SYNPCC7002_RS09830,0.0935269088323614
SYNPCC7002_RS01335,SYNPCC7002_RS09625,0.0935256872672448
SYNPCC7002_RS08480,SYNPCC7002_RS11185,0.093521199102881
SYNPCC7002_RS07385,SYNPCC7002_RS00055,0.0935156045316281
SYNPCC7002_RS12395,SYNPCC7002_RS12240,0.0935127877594806
SYNPCC7002_RS05460,SYNPCC7002_RS14940,0.0935051424079137
SYNPCC7002_RS04780,SYNPCC7002_RS15025,0.0935029526555566
SYNPCC7002_RS05985,SYNPCC7002_RS15260,0.0934801573318046
SYNPCC7002_RS08255,SYNPCC7002_RS08855,0.0934728204897992
SYNPCC7002_RS01085,SYNPCC7002_RS14910,0.0934650182515264
SYNPCC7002_RS12395,SYNPCC7002_RS12190,0.0934623124101089
SYNPCC7002_RS12395,SYNPCC7002_RS09910,0.0933980854515489
SYNPCC7002_RS03030,SYNPCC7002_RS16190,0.093387351574107
SYNPCC7002_RS04250,SYNPCC7002_RS00280,0.0933841642324577
SYNPCC7002_RS06540,SYNPCC7002_RS14140,0.0933815023212856
SYNPCC7002_RS12395,SYNPCC7002_RS12445,0.0933806160906132
SYNPCC7002_RS04680,SYNPCC7002_RS00300,0.0933709657959703
SYNPCC7002_RS08255,SYNPCC7002_RS16615,0.093330447646257
SYNPCC7002_RS00635,SYNPCC7002_RS08110,0.0933165306588374
SYNPCC7002_RS04680,SYNPCC7002_RS12045,0.0933015022957811
SYNPCC7002_RS14790,SYNPCC7002_RS13975,0.0932929784892958
SYNPCC7002_RS09820,SYNPCC7002_RS05880,0.093257248993649
SYNPCC7002_RS02455,SYNPCC7002_RS14155,0.0932491606587475
SYNPCC7002_RS01335,SYNPCC7002_RS05415,0.0932461270917138
SYNPCC7002_RS01420,SYNPCC7002_RS05200,0.0932325869294146
SYNPCC7002_RS12515,SYNPCC7002_RS13280,0.0932251676182073
SYNPCC7002_RS04890,SYNPCC7002_RS01505,0.0932191868591409
SYNPCC7002_RS09630,SYNPCC7002_RS14575,0.0931790475418364
SYNPCC7002_RS12090,SYNPCC7002_RS01870,0.0931749945821258
SYNPCC7002_RS02455,SYNPCC7002_RS16220,0.0931727743860961
SYNPCC7002_RS11685,SYNPCC7002_RS08060,0.0931601223620958
SYNPCC7002_RS15520,SYNPCC7002_RS14915,0.0931500288875619
SYNPCC7002_RS15520,SYNPCC7002_RS01460,0.0931274073365876
SYNPCC7002_RS04890,SYNPCC7002_RS01655,0.0930966783390063
SYNPCC7002_RS05135,SYNPCC7002_RS11345,0.0930949776311239
SYNPCC7002_RS06150,SYNPCC7002_RS15190,0.0930919600772262
SYNPCC7002_RS05460,SYNPCC7002_RS08885,0.0930395448091875
SYNPCC7002_RS09995,SYNPCC7002_RS04025,0.0929976588217792
SYNPCC7002_RS09630,SYNPCC7002_RS08720,0.0929932763839246
SYNPCC7002_RS00260,SYNPCC7002_RS10255,0.0929932437081079
SYNPCC7002_RS05460,SYNPCC7002_RS15485,0.0929669740988007
SYNPCC7002_RS08965,SYNPCC7002_RS00650,0.0929624598725673
SYNPCC7002_RS03950,SYNPCC7002_RS15245,0.0929589963880957
SYNPCC7002_RS03030,SYNPCC7002_RS11305,0.0929479569536847
SYNPCC7002_RS10050,SYNPCC7002_RS07650,0.0929439274304285
SYNPCC7002_RS00640,SYNPCC7002_RS04915,0.0929427198211957
SYNPCC7002_RS02715,SYNPCC7002_RS13705,0.0929389394058552
SYNPCC7002_RS03950,SYNPCC7002_RS16275,0.0929385072609267
SYNPCC7002_RS08965,SYNPCC7002_RS01605,0.092935073917255
SYNPCC7002_RS09320,SYNPCC7002_RS01555,0.0929319456593747
SYNPCC7002_RS01800,SYNPCC7002_RS05335,0.0929190230917611
SYNPCC7002_RS09175,SYNPCC7002_RS04415,0.0929180985047492
SYNPCC7002_RS03030,SYNPCC7002_RS01060,0.0929105251397546
SYNPCC7002_RS04250,SYNPCC7002_RS12005,0.0929068498241237
SYNPCC7002_RS01335,SYNPCC7002_RS01240,0.0928931220703561
SYNPCC7002_RS05135,SYNPCC7002_RS07490,0.0928694964647686
SYNPCC7002_RS05135,SYNPCC7002_RS12445,0.0928643028108593
SYNPCC7002_RS05985,SYNPCC7002_RS17175,0.0928585811301262
SYNPCC7002_RS15680,SYNPCC7002_RS05685,0.0928559112953068
SYNPCC7002_RS09780,SYNPCC7002_RS07345,0.0928513711064665
SYNPCC7002_RS04890,SYNPCC7002_RS13075,0.0928331921915773
SYNPCC7002_RS08210,SYNPCC7002_RS12225,0.092819822635467
SYNPCC7002_RS11685,SYNPCC7002_RS06320,0.0928145643902673
SYNPCC7002_RS06150,SYNPCC7002_RS14610,0.0928120215203162
SYNPCC7002_RS15680,SYNPCC7002_RS10545,0.0927903682904237
SYNPCC7002_RS03030,SYNPCC7002_RS08965,0.0927822654723917
SYNPCC7002_RS04250,SYNPCC7002_RS04860,0.0927603204195141
SYNPCC7002_RS12515,SYNPCC7002_RS14760,0.0927566012085032
SYNPCC7002_RS00650,SYNPCC7002_RS08425,0.0927502445594326
SYNPCC7002_RS08175,SYNPCC7002_RS11445,0.092745782544881
SYNPCC7002_RS04890,SYNPCC7002_RS10965,0.0927428092377346
SYNPCC7002_RS02715,SYNPCC7002_RS09410,0.0927378616184576
SYNPCC7002_RS01420,SYNPCC7002_RS07535,0.0927206700031211
SYNPCC7002_RS15520,SYNPCC7002_RS01425,0.0927178348444344
SYNPCC7002_RS06540,SYNPCC7002_RS05860,0.0927169698609753
SYNPCC7002_RS05135,SYNPCC7002_RS05110,0.0926983370076334
SYNPCC7002_RS02715,SYNPCC7002_RS13195,0.0926967495106242
SYNPCC7002_RS05985,SYNPCC7002_RS16440,0.0926921491902169
SYNPCC7002_RS09780,SYNPCC7002_RS02055,0.0926854929443204
SYNPCC7002_RS00050,SYNPCC7002_RS15145,0.0926737343027389
SYNPCC7002_RS09845,SYNPCC7002_RS00800,0.0926671547477152
SYNPCC7002_RS12395,SYNPCC7002_RS10870,0.0926635660163528
SYNPCC7002_RS04650,SYNPCC7002_RS12580,0.0926625991455475
SYNPCC7002_RS09995,SYNPCC7002_RS01860,0.0926556547425993
SYNPCC7002_RS05135,SYNPCC7002_RS06050,0.0926556507639779
SYNPCC7002_RS09995,SYNPCC7002_RS03755,0.0926357731874658
SYNPCC7002_RS09630,SYNPCC7002_RS14570,0.0926120917483577
SYNPCC7002_RS04650,SYNPCC7002_RS08315,0.0925998312176509
SYNPCC7002_RS04780,SYNPCC7002_RS13525,0.0925981580467379
SYNPCC7002_RS01420,SYNPCC7002_RS11235,0.0925968142810885
SYNPCC7002_RS05985,SYNPCC7002_RS02235,0.0925898916558631
SYNPCC7002_RS05135,SYNPCC7002_RS09160,0.0925842737750331
SYNPCC7002_RS08390,SYNPCC7002_RS03695,0.0925828767812293
SYNPCC7002_RS14790,SYNPCC7002_RS02070,0.0925826957355302
SYNPCC7002_RS08965,SYNPCC7002_RS03015,0.0925820322555913
SYNPCC7002_RS04890,SYNPCC7002_RS00270,0.0925793529804037
SYNPCC7002_RS09780,SYNPCC7002_RS05325,0.0925772717241601
SYNPCC7002_RS12395,SYNPCC7002_RS08475,0.0925721771157268
SYNPCC7002_RS06165,SYNPCC7002_RS04455,0.0925547738507525
SYNPCC7002_RS08390,SYNPCC7002_RS12080,0.0925390028752764
SYNPCC7002_RS16160,SYNPCC7002_RS03135,0.0925302762054203
SYNPCC7002_RS09780,SYNPCC7002_RS17235,0.092525665863976
SYNPCC7002_RS05985,SYNPCC7002_RS13835,0.0925241808478868
SYNPCC7002_RS15520,SYNPCC7002_RS09660,0.0925087993701136
SYNPCC7002_RS09820,SYNPCC7002_RS15180,0.0924985058318748
SYNPCC7002_RS04890,SYNPCC7002_RS01595,0.0924960260835689
SYNPCC7002_RS09820,SYNPCC7002_RS13735,0.0924914749078934
SYNPCC7002_RS10050,SYNPCC7002_RS00820,0.0924825519678009
SYNPCC7002_RS04250,SYNPCC7002_RS09525,0.092476998782912
SYNPCC7002_RS07385,SYNPCC7002_RS07160,0.0924758720352604
SYNPCC7002_RS08210,SYNPCC7002_RS01600,0.0924756704227335
SYNPCC7002_RS12395,SYNPCC7002_RS05235,0.0924733260165565
SYNPCC7002_RS09780,SYNPCC7002_RS11095,0.0924695008982399
SYNPCC7002_RS02715,SYNPCC7002_RS13750,0.0924575519392529
SYNPCC7002_RS15680,SYNPCC7002_RS05105,0.0924450380390444
SYNPCC7002_RS05135,SYNPCC7002_RS05195,0.0924413684144694
SYNPCC7002_RS11400,SYNPCC7002_RS02735,0.0924372330286714
SYNPCC7002_RS00640,SYNPCC7002_RS14845,0.0924268122335921
SYNPCC7002_RS03030,SYNPCC7002_RS02525,0.0924240976138802
SYNPCC7002_RS16160,SYNPCC7002_RS16670,0.0924187625067743
SYNPCC7002_RS04780,SYNPCC7002_RS09710,0.0924115319234667
SYNPCC7002_RS04890,SYNPCC7002_RS17035,0.0924003000556725
SYNPCC7002_RS09995,SYNPCC7002_RS09675,0.0923966053398647
SYNPCC7002_RS04250,SYNPCC7002_RS06510,0.0923865408514281
SYNPCC7002_RS04780,SYNPCC7002_RS05630,0.0923864007347202
SYNPCC7002_RS15410,SYNPCC7002_RS08905,0.0923834855755274
SYNPCC7002_RS05135,SYNPCC7002_RS09795,0.0923746816030788
SYNPCC7002_RS04650,SYNPCC7002_RS02990,0.0923742614723823
SYNPCC7002_RS00050,SYNPCC7002_RS00360,0.0923700478464297
SYNPCC7002_RS01335,SYNPCC7002_RS06435,0.0923638610161407
SYNPCC7002_RS12395,SYNPCC7002_RS08155,0.0923548409804538
SYNPCC7002_RS15995,SYNPCC7002_RS10800,0.0923410244407976
SYNPCC7002_RS05135,SYNPCC7002_RS06330,0.092335099633217
SYNPCC7002_RS00650,SYNPCC7002_RS12745,0.092330655530189
SYNPCC7002_RS05460,SYNPCC7002_RS14350,0.0923263951179908
SYNPCC7002_RS09780,SYNPCC7002_RS15475,0.0923067449759911
SYNPCC7002_RS06540,SYNPCC7002_RS12875,0.0923051939973635
SYNPCC7002_RS05985,SYNPCC7002_RS11150,0.0922836822080555
SYNPCC7002_RS01085,SYNPCC7002_RS00805,0.0922790170445094
SYNPCC7002_RS02715,SYNPCC7002_RS09855,0.0922718412530109
SYNPCC7002_RS01420,SYNPCC7002_RS12535,0.092227874550232
SYNPCC7002_RS05135,SYNPCC7002_RS03425,0.092226130000498
SYNPCC7002_RS04890,SYNPCC7002_RS13535,0.0921957988007909
SYNPCC7002_RS12395,SYNPCC7002_RS01595,0.0921949759875035
SYNPCC7002_RS12395,SYNPCC7002_RS17210,0.0921840804685773
SYNPCC7002_RS05135,SYNPCC7002_RS09305,0.0921745688492608
SYNPCC7002_RS07295,SYNPCC7002_RS03205,0.0921710109066438
SYNPCC7002_RS09195,SYNPCC7002_RS14490,0.092155412478194
SYNPCC7002_RS09820,SYNPCC7002_RS09005,0.09215423475725
SYNPCC7002_RS08390,SYNPCC7002_RS12970,0.0921467378337051
SYNPCC7002_RS00650,SYNPCC7002_RS10220,0.0921333386983238
SYNPCC7002_RS04250,SYNPCC7002_RS13955,0.0921248978361392
SYNPCC7002_RS03760,SYNPCC7002_RS02955,0.0921156351191922
SYNPCC7002_RS04890,SYNPCC7002_RS07570,0.0921022583342294
SYNPCC7002_RS04890,SYNPCC7002_RS03275,0.0921019701664525
SYNPCC7002_RS08965,SYNPCC7002_RS09320,0.0920996107119736
SYNPCC7002_RS05985,SYNPCC7002_RS13395,0.0920914075419424
SYNPCC7002_RS01335,SYNPCC7002_RS02020,0.092089738621407
SYNPCC7002_RS05135,SYNPCC7002_RS05285,0.0920875884557057
SYNPCC7002_RS01335,SYNPCC7002_RS14895,0.0920797895283349
SYNPCC7002_RS06150,SYNPCC7002_RS11560,0.0920620519975984
SYNPCC7002_RS01800,SYNPCC7002_RS00035,0.0920615446233848
SYNPCC7002_RS12395,SYNPCC7002_RS11950,0.0920559905435481
SYNPCC7002_RS08965,SYNPCC7002_RS13810,0.0920519162409171
SYNPCC7002_RS08965,SYNPCC7002_RS11040,0.0920370875007216
SYNPCC7002_RS15255,SYNPCC7002_RS15710,0.0920289080000265
SYNPCC7002_RS11685,SYNPCC7002_RS00630,0.0920287819652925
SYNPCC7002_RS04780,SYNPCC7002_RS14975,0.0920071066929578
SYNPCC7002_RS09195,SYNPCC7002_RS07095,0.0920012542585691
SYNPCC7002_RS12395,SYNPCC7002_RS10280,0.0919928584887104
SYNPCC7002_RS09995,SYNPCC7002_RS05045,0.0919863482544164
SYNPCC7002_RS06540,SYNPCC7002_RS12750,0.0919642639132935
SYNPCC7002_RS12395,SYNPCC7002_RS11660,0.0919630819233601
SYNPCC7002_RS05135,SYNPCC7002_RS00465,0.0919622436863058
SYNPCC7002_RS01335,SYNPCC7002_RS07170,0.091959719471314
SYNPCC7002_RS08175,SYNPCC7002_RS03410,0.0919450828346637
SYNPCC7002_RS04250,SYNPCC7002_RS12840,0.0919410920924911
SYNPCC7002_RS12395,SYNPCC7002_RS11000,0.0919393195978397
SYNPCC7002_RS15520,SYNPCC7002_RS02640,0.0919307797955959
SYNPCC7002_RS15680,SYNPCC7002_RS02045,0.0919142661649758
SYNPCC7002_RS08965,SYNPCC7002_RS01750,0.0919141397989363
SYNPCC7002_RS08965,SYNPCC7002_RS12055,0.0919121647198258
SYNPCC7002_RS02455,SYNPCC7002_RS03000,0.0918913464556856
SYNPCC7002_RS12395,SYNPCC7002_RS07490,0.0918835313329701
SYNPCC7002_RS01335,SYNPCC7002_RS16325,0.0918809169962654
SYNPCC7002_RS03030,SYNPCC7002_RS01475,0.0918677446820855
SYNPCC7002_RS05460,SYNPCC7002_RS10215,0.0918634403221881
SYNPCC7002_RS04780,SYNPCC7002_RS06960,0.0918541575778035
SYNPCC7002_RS08390,SYNPCC7002_RS14060,0.0918534915743203
SYNPCC7002_RS15255,SYNPCC7002_RS15605,0.091848190191241
SYNPCC7002_RS09630,SYNPCC7002_RS00950,0.0918243560833019
SYNPCC7002_RS08255,SYNPCC7002_RS10370,0.0918241333938749
SYNPCC7002_RS05135,SYNPCC7002_RS09785,0.0918192095051415
SYNPCC7002_RS08175,SYNPCC7002_RS00620,0.0918074038449312
SYNPCC7002_RS08860,SYNPCC7002_RS00380,0.0917773456306715
SYNPCC7002_RS05135,SYNPCC7002_RS03280,0.09174200480508
SYNPCC7002_RS01420,SYNPCC7002_RS08670,0.0917264571134365
SYNPCC7002_RS15680,SYNPCC7002_RS06555,0.0917234202691162
SYNPCC7002_RS05460,SYNPCC7002_RS08720,0.0916866191010944
SYNPCC7002_RS10050,SYNPCC7002_RS09700,0.0916506947765517
SYNPCC7002_RS05460,SYNPCC7002_RS11375,0.0916502581699026
SYNPCC7002_RS04650,SYNPCC7002_RS02265,0.0916485843944192
SYNPCC7002_RS14790,SYNPCC7002_RS08135,0.0916481730786497
SYNPCC7002_RS09820,SYNPCC7002_RS14940,0.0916471346155859
SYNPCC7002_RS08945,SYNPCC7002_RS06245,0.0916200171219325
SYNPCC7002_RS02715,SYNPCC7002_RS09165,0.0915975285253133
SYNPCC7002_RS08965,SYNPCC7002_RS00710,0.0915938616481013
SYNPCC7002_RS09780,SYNPCC7002_RS05020,0.0915928593016928
SYNPCC7002_RS15520,SYNPCC7002_RS07280,0.0915770330840071
SYNPCC7002_RS08965,SYNPCC7002_RS03570,0.0915688301610424
SYNPCC7002_RS05985,SYNPCC7002_RS11250,0.0915579769743377
SYNPCC7002_RS03030,SYNPCC7002_RS10615,0.0915547812304115
SYNPCC7002_RS05135,SYNPCC7002_RS14250,0.0915481180285375
SYNPCC7002_RS08390,SYNPCC7002_RS09820,0.09154521312569
SYNPCC7002_RS08965,SYNPCC7002_RS04810,0.0915401840852413
SYNPCC7002_RS04680,SYNPCC7002_RS15190,0.0915381152956532
SYNPCC7002_RS08965,SYNPCC7002_RS06415,0.0915316564757834
SYNPCC7002_RS03760,SYNPCC7002_RS08670,0.0915313162358119
SYNPCC7002_RS04680,SYNPCC7002_RS13505,0.0915237226220768
SYNPCC7002_RS00260,SYNPCC7002_RS00245,0.0915176496822467
SYNPCC7002_RS09820,SYNPCC7002_RS16455,0.091515707940077
SYNPCC7002_RS12395,SYNPCC7002_RS02215,0.0915127800946656
SYNPCC7002_RS01800,SYNPCC7002_RS01965,0.0915095336169967
SYNPCC7002_RS05985,SYNPCC7002_RS06470,0.0914988521064657
SYNPCC7002_RS04650,SYNPCC7002_RS02100,0.0914974390331195
SYNPCC7002_RS08860,SYNPCC7002_RS07005,0.0914922965750479
SYNPCC7002_RS09995,SYNPCC7002_RS11130,0.0914819579613246
SYNPCC7002_RS07385,SYNPCC7002_RS00220,0.0914774482420596
SYNPCC7002_RS02715,SYNPCC7002_RS05240,0.0914753903898908
SYNPCC7002_RS04250,SYNPCC7002_RS05405,0.0914698513525233
SYNPCC7002_RS00650,SYNPCC7002_RS07530,0.091466699802109
SYNPCC7002_RS04250,SYNPCC7002_RS05835,0.0914453819649959
SYNPCC7002_RS08965,SYNPCC7002_RS01290,0.091423753041449
SYNPCC7002_RS08965,SYNPCC7002_RS01130,0.0914185266316181
SYNPCC7002_RS04780,SYNPCC7002_RS07455,0.0914148135134587
SYNPCC7002_RS04650,SYNPCC7002_RS06675,0.0914001303101935
SYNPCC7002_RS05135,SYNPCC7002_RS06590,0.0913985274270429
SYNPCC7002_RS15255,SYNPCC7002_RS02065,0.091394810118035
SYNPCC7002_RS01085,SYNPCC7002_RS13995,0.0913946568573521
SYNPCC7002_RS09320,SYNPCC7002_RS11215,0.0913946337422186
SYNPCC7002_RS01335,SYNPCC7002_RS05885,0.0913850785472823
SYNPCC7002_RS00050,SYNPCC7002_RS05020,0.0913837709278393
SYNPCC7002_RS09320,SYNPCC7002_RS08960,0.0913742392264256
SYNPCC7002_RS09995,SYNPCC7002_RS09730,0.0913490392189687
SYNPCC7002_RS08390,SYNPCC7002_RS06655,0.0913430474590961
SYNPCC7002_RS15520,SYNPCC7002_RS01250,0.0913320710298405
SYNPCC7002_RS02715,SYNPCC7002_RS05655,0.0913319377806538
SYNPCC7002_RS06540,SYNPCC7002_RS07120,0.091331380840957
SYNPCC7002_RS04890,SYNPCC7002_RS11190,0.0913304287671773
SYNPCC7002_RS11685,SYNPCC7002_RS10130,0.0913163659143775
SYNPCC7002_RS05460,SYNPCC7002_RS13210,0.0912933143377966
SYNPCC7002_RS05460,SYNPCC7002_RS05150,0.0912873997928455
SYNPCC7002_RS10050,SYNPCC7002_RS12440,0.0912653442251886
SYNPCC7002_RS03295,SYNPCC7002_RS06565,0.0912641878049603
SYNPCC7002_RS11685,SYNPCC7002_RS10865,0.0912541077201636
SYNPCC7002_RS02715,SYNPCC7002_RS07390,0.0912485747802207
SYNPCC7002_RS05135,SYNPCC7002_RS11730,0.0912404431487006
SYNPCC7002_RS12395,SYNPCC7002_RS08060,0.0912349641454981
SYNPCC7002_RS09820,SYNPCC7002_RS11210,0.0912291825773108
SYNPCC7002_RS09780,SYNPCC7002_RS01645,0.091218873851535
SYNPCC7002_RS04650,SYNPCC7002_RS10330,0.0912153837385754
SYNPCC7002_RS08965,SYNPCC7002_RS09040,0.091213122370919
SYNPCC7002_RS10050,SYNPCC7002_RS04295,0.0912041802419631
SYNPCC7002_RS02715,SYNPCC7002_RS13300,0.0912028773423302
SYNPCC7002_RS09780,SYNPCC7002_RS17175,0.0912019030063596
SYNPCC7002_RS05135,SYNPCC7002_RS03660,0.0911967762906167
SYNPCC7002_RS09995,SYNPCC7002_RS14700,0.0911937803178961
SYNPCC7002_RS09630,SYNPCC7002_RS03600,0.0911776811296086
SYNPCC7002_RS04890,SYNPCC7002_RS10945,0.0911775767463813
SYNPCC7002_RS04890,SYNPCC7002_RS08295,0.0911707990262686
SYNPCC7002_RS07385,SYNPCC7002_RS09835,0.0911706118264228
SYNPCC7002_RS04780,SYNPCC7002_RS09265,0.0911636937002489
SYNPCC7002_RS08965,SYNPCC7002_RS01600,0.0911479099828196
SYNPCC7002_RS10050,SYNPCC7002_RS07780,0.0911459876410495
SYNPCC7002_RS09320,SYNPCC7002_RS02200,0.0911285387429676
SYNPCC7002_RS05135,SYNPCC7002_RS09095,0.0911240840422711
SYNPCC7002_RS16160,SYNPCC7002_RS08440,0.0910939968277904
SYNPCC7002_RS04780,SYNPCC7002_RS15280,0.0910812063468501
SYNPCC7002_RS10050,SYNPCC7002_RS04410,0.0910794674267353
SYNPCC7002_RS10050,SYNPCC7002_RS11005,0.0910741255512491
SYNPCC7002_RS02715,SYNPCC7002_RS03655,0.0910731116322066
SYNPCC7002_RS04890,SYNPCC7002_RS04010,0.0910642269714634
SYNPCC7002_RS15520,SYNPCC7002_RS17180,0.0910621476057415
SYNPCC7002_RS05135,SYNPCC7002_RS13820,0.0910573241681251
SYNPCC7002_RS08860,SYNPCC7002_RS14305,0.0910478317029532
SYNPCC7002_RS05135,SYNPCC7002_RS02510,0.0910419258860639
SYNPCC7002_RS10050,SYNPCC7002_RS07680,0.0910396464493658
SYNPCC7002_RS09780,SYNPCC7002_RS12145,0.0910345738881371
SYNPCC7002_RS05135,SYNPCC7002_RS05590,0.0910276412958721
SYNPCC7002_RS10050,SYNPCC7002_RS10950,0.091018849553602
SYNPCC7002_RS03295,SYNPCC7002_RS03320,0.0910120611887054
SYNPCC7002_RS04250,SYNPCC7002_RS12665,0.0910001352095802
SYNPCC7002_RS15410,SYNPCC7002_RS07635,0.0909797273226882
SYNPCC7002_RS08965,SYNPCC7002_RS04390,0.0909716016067018
SYNPCC7002_RS09995,SYNPCC7002_RS04955,0.0909645999541034
SYNPCC7002_RS14440,SYNPCC7002_RS09860,0.0909586409012662
SYNPCC7002_RS04650,SYNPCC7002_RS04585,0.0909577144154623
SYNPCC7002_RS12395,SYNPCC7002_RS09130,0.0909549445449418
SYNPCC7002_RS12395,SYNPCC7002_RS00265,0.0909010009057639
SYNPCC7002_RS01335,SYNPCC7002_RS05775,0.0908857441376228
SYNPCC7002_RS16320,SYNPCC7002_RS15705,0.0908845146304347
SYNPCC7002_RS04680,SYNPCC7002_RS12530,0.0908830059751991
SYNPCC7002_RS09320,SYNPCC7002_RS11545,0.0908584202524028
SYNPCC7002_RS04890,SYNPCC7002_RS09025,0.0908273501191226
SYNPCC7002_RS05460,SYNPCC7002_RS12310,0.0908083055360248
SYNPCC7002_RS03030,SYNPCC7002_RS00520,0.0907999229819745
SYNPCC7002_RS04780,SYNPCC7002_RS15815,0.0907954565539155
SYNPCC7002_RS06540,SYNPCC7002_RS01345,0.090778241067461
SYNPCC7002_RS05135,SYNPCC7002_RS07465,0.0907698113894826
SYNPCC7002_RS09820,SYNPCC7002_RS11415,0.0907550644165864
SYNPCC7002_RS08390,SYNPCC7002_RS07420,0.0907435227590334
SYNPCC7002_RS04890,SYNPCC7002_RS09895,0.0907374008985452
SYNPCC7002_RS01420,SYNPCC7002_RS03505,0.0907290839457637
SYNPCC7002_RS04780,SYNPCC7002_RS04690,0.0907253854367726
SYNPCC7002_RS01335,SYNPCC7002_RS10085,0.0907131955101991
SYNPCC7002_RS10050,SYNPCC7002_RS03510,0.0907116896737074
SYNPCC7002_RS09780,SYNPCC7002_RS03795,0.090698269630727
SYNPCC7002_RS15255,SYNPCC7002_RS14800,0.090693400229672
SYNPCC7002_RS04780,SYNPCC7002_RS13280,0.0906881445576583
SYNPCC7002_RS05985,SYNPCC7002_RS11160,0.0906863842452544
SYNPCC7002_RS12395,SYNPCC7002_RS06580,0.0906758827407898
SYNPCC7002_RS01335,SYNPCC7002_RS15470,0.0906587761027243
SYNPCC7002_RS04250,SYNPCC7002_RS11120,0.0906509263591406
SYNPCC7002_RS07385,SYNPCC7002_RS08985,0.0906466770338112
SYNPCC7002_RS05985,SYNPCC7002_RS13960,0.0906286584982954
SYNPCC7002_RS08255,SYNPCC7002_RS05480,0.0906050576015718
SYNPCC7002_RS09630,SYNPCC7002_RS06610,0.0905985237102261
SYNPCC7002_RS11685,SYNPCC7002_RS12395,0.0905945505618655
SYNPCC7002_RS07385,SYNPCC7002_RS02985,0.0905844634960754
SYNPCC7002_RS09320,SYNPCC7002_RS06955,0.0905823130214155
SYNPCC7002_RS01420,SYNPCC7002_RS16445,0.0905784979241909
SYNPCC7002_RS04680,SYNPCC7002_RS10115,0.0905745251183348
SYNPCC7002_RS03030,SYNPCC7002_RS10620,0.0905725121361476
SYNPCC7002_RS05135,SYNPCC7002_RS03700,0.0905653489988548
SYNPCC7002_RS07385,SYNPCC7002_RS13985,0.09055265898234
SYNPCC7002_RS05135,SYNPCC7002_RS11100,0.0905507455434016
SYNPCC7002_RS04890,SYNPCC7002_RS04565,0.090510903515271
SYNPCC7002_RS01335,SYNPCC7002_RS02325,0.0905061640667312
SYNPCC7002_RS02715,SYNPCC7002_RS08370,0.0904995386437561
SYNPCC7002_RS05460,SYNPCC7002_RS05115,0.0904925391578979
SYNPCC7002_RS10050,SYNPCC7002_RS01360,0.0904875163673197
SYNPCC7002_RS12395,SYNPCC7002_RS02955,0.0904634528700577
SYNPCC7002_RS09820,SYNPCC7002_RS04915,0.0904612749549551
SYNPCC7002_RS08965,SYNPCC7002_RS07155,0.0904583330293147
SYNPCC7002_RS12395,SYNPCC7002_RS00465,0.0904562429353673
SYNPCC7002_RS01335,SYNPCC7002_RS06655,0.0904404167140304
SYNPCC7002_RS04680,SYNPCC7002_RS13340,0.0904371659048046
SYNPCC7002_RS03760,SYNPCC7002_RS03390,0.0904308616240079
SYNPCC7002_RS09320,SYNPCC7002_RS11490,0.0904246731354394
SYNPCC7002_RS16320,SYNPCC7002_RS06265,0.0904214759902538
SYNPCC7002_RS15680,SYNPCC7002_RS09310,0.0904180810963073
SYNPCC7002_RS09995,SYNPCC7002_RS09725,0.0904112475889156
SYNPCC7002_RS12090,SYNPCC7002_RS06195,0.0904073063579432
SYNPCC7002_RS09320,SYNPCC7002_RS06125,0.0903848450982818
SYNPCC7002_RS12090,SYNPCC7002_RS08845,0.0903823974359367
SYNPCC7002_RS08965,SYNPCC7002_RS01035,0.0903723287909896
SYNPCC7002_RS00050,SYNPCC7002_RS03790,0.0903608817281947
SYNPCC7002_RS02715,SYNPCC7002_RS15065,0.0903541071255504
SYNPCC7002_RS05985,SYNPCC7002_RS17015,0.0903305939461523
SYNPCC7002_RS15520,SYNPCC7002_RS06880,0.0903269032117499
SYNPCC7002_RS09995,SYNPCC7002_RS00705,0.0903261322905701
SYNPCC7002_RS12105,SYNPCC7002_RS17195,0.090325653381817
SYNPCC7002_RS08945,SYNPCC7002_RS11895,0.0903211309982928
SYNPCC7002_RS01420,SYNPCC7002_RS13865,0.0903133750893756
SYNPCC7002_RS04250,SYNPCC7002_RS12695,0.0903113782685738
SYNPCC7002_RS09260,SYNPCC7002_RS13795,0.0903065196333873
SYNPCC7002_RS09995,SYNPCC7002_RS02935,0.090300638587734
SYNPCC7002_RS12090,SYNPCC7002_RS06275,0.0902948187949853
SYNPCC7002_RS01420,SYNPCC7002_RS01435,0.0902945549325968
SYNPCC7002_RS14790,SYNPCC7002_RS04665,0.0902943366562855
SYNPCC7002_RS09780,SYNPCC7002_RS16075,0.0902714533494081
SYNPCC7002_RS07295,SYNPCC7002_RS07300,0.0902695018821966
SYNPCC7002_RS08390,SYNPCC7002_RS13355,0.0902610773613335
SYNPCC7002_RS11685,SYNPCC7002_RS10870,0.0902557087625518
SYNPCC7002_RS08390,SYNPCC7002_RS06155,0.0902505712478622
SYNPCC7002_RS09175,SYNPCC7002_RS14665,0.0902376910977175
SYNPCC7002_RS11685,SYNPCC7002_RS02635,0.0902268766051596
SYNPCC7002_RS08965,SYNPCC7002_RS03225,0.0902179207734611
SYNPCC7002_RS04780,SYNPCC7002_RS09290,0.0902088636991627
SYNPCC7002_RS04650,SYNPCC7002_RS05705,0.0901990978270629
SYNPCC7002_RS04890,SYNPCC7002_RS12615,0.0901755267017129
SYNPCC7002_RS09320,SYNPCC7002_RS01790,0.0901743730849966
SYNPCC7002_RS04890,SYNPCC7002_RS02425,0.0901645436108053
SYNPCC7002_RS06150,SYNPCC7002_RS12195,0.0901631868704247
SYNPCC7002_RS08965,SYNPCC7002_RS03995,0.090162696017286
SYNPCC7002_RS09780,SYNPCC7002_RS02060,0.0901550445525976
SYNPCC7002_RS04780,SYNPCC7002_RS01265,0.0901412526315631
SYNPCC7002_RS12105,SYNPCC7002_RS02360,0.0901395151188009
SYNPCC7002_RS12090,SYNPCC7002_RS13565,0.090139227770856
SYNPCC7002_RS16320,SYNPCC7002_RS14410,0.090119561100272
SYNPCC7002_RS12515,SYNPCC7002_RS13215,0.0901185251118002
SYNPCC7002_RS12395,SYNPCC7002_RS06025,0.0901125745314602
SYNPCC7002_RS12090,SYNPCC7002_RS13120,0.0901072907274069
SYNPCC7002_RS06540,SYNPCC7002_RS08630,0.0901043703580007
SYNPCC7002_RS09780,SYNPCC7002_RS04375,0.0901010598582041
SYNPCC7002_RS09320,SYNPCC7002_RS10465,0.0901005897900632
SYNPCC7002_RS04250,SYNPCC7002_RS07545,0.0900954481620148
SYNPCC7002_RS15030,SYNPCC7002_RS15040,0.0900894426029786
SYNPCC7002_RS10050,SYNPCC7002_RS01925,0.0900803209873908
SYNPCC7002_RS15520,SYNPCC7002_RS01320,0.0900681309453398
SYNPCC7002_RS07295,SYNPCC7002_RS16105,0.0900539275870736
SYNPCC7002_RS09320,SYNPCC7002_RS04635,0.0900433816489517
SYNPCC7002_RS00690,SYNPCC7002_RS13800,0.0900385471179384
SYNPCC7002_RS01420,SYNPCC7002_RS01545,0.0900174305664274
SYNPCC7002_RS15255,SYNPCC7002_RS16655,0.0900139197818787
SYNPCC7002_RS01800,SYNPCC7002_RS06565,0.0900071223799057
SYNPCC7002_RS10050,SYNPCC7002_RS03665,0.0900006875778925
SYNPCC7002_RS06540,SYNPCC7002_RS11225,0.0899933872049053
SYNPCC7002_RS09780,SYNPCC7002_RS04880,0.0899785099569067
SYNPCC7002_RS15410,SYNPCC7002_RS09750,0.0899761930660622
SYNPCC7002_RS05985,SYNPCC7002_RS04510,0.0899717902606207
SYNPCC7002_RS03030,SYNPCC7002_RS01590,0.0899679756491479
SYNPCC7002_RS12090,SYNPCC7002_RS02930,0.0899652906271748
SYNPCC7002_RS05135,SYNPCC7002_RS04565,0.0899412898134191
SYNPCC7002_RS08210,SYNPCC7002_RS15615,0.0899408921618988
SYNPCC7002_RS09820,SYNPCC7002_RS01000,0.0899386462086797
SYNPCC7002_RS08965,SYNPCC7002_RS12700,0.0899360399391645
SYNPCC7002_RS15680,SYNPCC7002_RS05690,0.0899346693943681
SYNPCC7002_RS04680,SYNPCC7002_RS02625,0.089932070998993
SYNPCC7002_RS03295,SYNPCC7002_RS01340,0.0899310838858075
SYNPCC7002_RS04250,SYNPCC7002_RS10575,0.0899224635294209
SYNPCC7002_RS14440,SYNPCC7002_RS15475,0.0899172138806395
SYNPCC7002_RS09320,SYNPCC7002_RS08745,0.0899129638850452
SYNPCC7002_RS09630,SYNPCC7002_RS11560,0.0899112906261004
SYNPCC7002_RS04890,SYNPCC7002_RS06590,0.0899093974190842
SYNPCC7002_RS08390,SYNPCC7002_RS15950,0.0899085864463634
SYNPCC7002_RS05985,SYNPCC7002_RS02770,0.0899075299882874
SYNPCC7002_RS08965,SYNPCC7002_RS13890,0.0899058924039188
SYNPCC7002_RS14440,SYNPCC7002_RS16785,0.0898932234664323
SYNPCC7002_RS00690,SYNPCC7002_RS00800,0.0898860524486525
SYNPCC7002_RS09780,SYNPCC7002_RS07555,0.0898839088009301
SYNPCC7002_RS04780,SYNPCC7002_RS12795,0.0898788021471856
SYNPCC7002_RS14790,SYNPCC7002_RS10640,0.0898571481694886
SYNPCC7002_RS08390,SYNPCC7002_RS12740,0.0898555716371958
SYNPCC7002_RS05985,SYNPCC7002_RS08545,0.0898450613499966
SYNPCC7002_RS10050,SYNPCC7002_RS11360,0.0898397958202798
SYNPCC7002_RS15520,SYNPCC7002_RS04075,0.0898365612286822
SYNPCC7002_RS09320,SYNPCC7002_RS08425,0.0898275018159406
SYNPCC7002_RS12105,SYNPCC7002_RS14680,0.0898269058669356
SYNPCC7002_RS12395,SYNPCC7002_RS14255,0.0898083151168684
SYNPCC7002_RS03950,SYNPCC7002_RS15125,0.0898076179242106
SYNPCC7002_RS05135,SYNPCC7002_RS12555,0.0898058683658337
SYNPCC7002_RS08390,SYNPCC7002_RS00480,0.0897960141364404
SYNPCC7002_RS12395,SYNPCC7002_RS01925,0.0897884704653073
SYNPCC7002_RS03950,SYNPCC7002_RS15810,0.0897865815322082
SYNPCC7002_RS08965,SYNPCC7002_RS11545,0.0897752282295229
SYNPCC7002_RS13450,SYNPCC7002_RS01920,0.0897644927119435
SYNPCC7002_RS09195,SYNPCC7002_RS13440,0.0897366434107257
SYNPCC7002_RS05135,SYNPCC7002_RS10275,0.0897362917499999
SYNPCC7002_RS05460,SYNPCC7002_RS14500,0.0897343188085965
SYNPCC7002_RS02715,SYNPCC7002_RS06915,0.0897248938294416
SYNPCC7002_RS15520,SYNPCC7002_RS02070,0.0897173834740374
SYNPCC7002_RS09630,SYNPCC7002_RS12195,0.0896946572107149
SYNPCC7002_RS05135,SYNPCC7002_RS04840,0.089682056154848
SYNPCC7002_RS09820,SYNPCC7002_RS05660,0.0896746780192117
SYNPCC7002_RS04250,SYNPCC7002_RS14680,0.0896728570123537
SYNPCC7002_RS01420,SYNPCC7002_RS07890,0.0896394405785448
SYNPCC7002_RS01800,SYNPCC7002_RS06045,0.0896312376245498
SYNPCC7002_RS04890,SYNPCC7002_RS10610,0.0896255315264167
SYNPCC7002_RS09320,SYNPCC7002_RS06480,0.0896002311207659
SYNPCC7002_RS08965,SYNPCC7002_RS08335,0.0895896717712467
SYNPCC7002_RS15030,SYNPCC7002_RS14975,0.0895895138637589
SYNPCC7002_RS09630,SYNPCC7002_RS02065,0.0895823589500941
SYNPCC7002_RS05135,SYNPCC7002_RS06080,0.0895794743506609
SYNPCC7002_RS08945,SYNPCC7002_RS07350,0.0895719400005453
SYNPCC7002_RS10050,SYNPCC7002_RS11515,0.0895597238452613
SYNPCC7002_RS03030,SYNPCC7002_RS01480,0.0895584228291925
SYNPCC7002_RS08390,SYNPCC7002_RS07290,0.089554980155999
SYNPCC7002_RS09320,SYNPCC7002_RS02780,0.0895461747003542
SYNPCC7002_RS10050,SYNPCC7002_RS08520,0.0895398140280821
SYNPCC7002_RS09995,SYNPCC7002_RS11300,0.0895397803569039
SYNPCC7002_RS08390,SYNPCC7002_RS10415,0.0895383720180478
SYNPCC7002_RS14440,SYNPCC7002_RS17245,0.0895119240284262
SYNPCC7002_RS15680,SYNPCC7002_RS02600,0.0895041479546079
SYNPCC7002_RS12395,SYNPCC7002_RS08555,0.0894974319657982
SYNPCC7002_RS14385,SYNPCC7002_RS14425,0.0894862325924353
SYNPCC7002_RS09630,SYNPCC7002_RS13495,0.0894820358506369
SYNPCC7002_RS04250,SYNPCC7002_RS01350,0.0894795547966744
SYNPCC7002_RS12395,SYNPCC7002_RS16380,0.0894747644611559
SYNPCC7002_RS12090,SYNPCC7002_RS16025,0.08946532518398
SYNPCC7002_RS14790,SYNPCC7002_RS01635,0.0894609423747628
SYNPCC7002_RS02715,SYNPCC7002_RS04760,0.0894561194850947
SYNPCC7002_RS15255,SYNPCC7002_RS11475,0.0894455740290065
SYNPCC7002_RS12395,SYNPCC7002_RS03060,0.0894396213779713
SYNPCC7002_RS05135,SYNPCC7002_RS10950,0.0894230334404114
SYNPCC7002_RS15680,SYNPCC7002_RS08405,0.0893877452331084
SYNPCC7002_RS04680,SYNPCC7002_RS15750,0.0893827721616694
SYNPCC7002_RS16320,SYNPCC7002_RS16310,0.0893796698949734
SYNPCC7002_RS09820,SYNPCC7002_RS05460,0.0893638986687199
SYNPCC7002_RS01335,SYNPCC7002_RS06310,0.0893633594277852
SYNPCC7002_RS00050,SYNPCC7002_RS17015,0.0893561108413867
SYNPCC7002_RS08255,SYNPCC7002_RS14310,0.0893534052613945
SYNPCC7002_RS15995,SYNPCC7002_RS08035,0.0893524497585306
SYNPCC7002_RS08860,SYNPCC7002_RS17115,0.0893480524763542
SYNPCC7002_RS09175,SYNPCC7002_RS01960,0.0893423414231191
SYNPCC7002_RS12515,SYNPCC7002_RS10790,0.0893272248304151
SYNPCC7002_RS15520,SYNPCC7002_RS06125,0.0893239708277346
SYNPCC7002_RS12395,SYNPCC7002_RS07475,0.089321427339348
SYNPCC7002_RS08860,SYNPCC7002_RS08595,0.0893209626541856
SYNPCC7002_RS09630,SYNPCC7002_RS14610,0.0893164018249522
SYNPCC7002_RS11685,SYNPCC7002_RS13150,0.0893134927506544
SYNPCC7002_RS00260,SYNPCC7002_RS10175,0.0893129474459688
SYNPCC7002_RS04680,SYNPCC7002_RS08160,0.08929550251668
SYNPCC7002_RS08255,SYNPCC7002_RS07100,0.089289045820986
SYNPCC7002_RS03295,SYNPCC7002_RS12885,0.0892838314299631
SYNPCC7002_RS07385,SYNPCC7002_RS06820,0.0892771154024039
SYNPCC7002_RS08965,SYNPCC7002_RS07985,0.0892682010120519
SYNPCC7002_RS00050,SYNPCC7002_RS16995,0.0892654163243489
SYNPCC7002_RS00640,SYNPCC7002_RS06665,0.0892621350480439
SYNPCC7002_RS01420,SYNPCC7002_RS14470,0.0892568069366547
SYNPCC7002_RS10050,SYNPCC7002_RS09905,0.0892324535998807
SYNPCC7002_RS04890,SYNPCC7002_RS16935,0.0892194388208051
SYNPCC7002_RS10050,SYNPCC7002_RS07585,0.0892191330791024
SYNPCC7002_RS14790,SYNPCC7002_RS04800,0.089214364341033
SYNPCC7002_RS04650,SYNPCC7002_RS05475,0.0892003758612185
SYNPCC7002_RS14440,SYNPCC7002_RS14425,0.0891946246921317
SYNPCC7002_RS12395,SYNPCC7002_RS02795,0.0891942998020323
SYNPCC7002_RS09320,SYNPCC7002_RS05490,0.0891850524650511
SYNPCC7002_RS08965,SYNPCC7002_RS09230,0.0891722079494133
SYNPCC7002_RS03295,SYNPCC7002_RS01950,0.0891672240326461
SYNPCC7002_RS04650,SYNPCC7002_RS07505,0.08916262718016
SYNPCC7002_RS02715,SYNPCC7002_RS05730,0.089158351128404
SYNPCC7002_RS04250,SYNPCC7002_RS04650,0.0891582468232246
SYNPCC7002_RS09780,SYNPCC7002_RS11950,0.0891261058469868
SYNPCC7002_RS06005,SYNPCC7002_RS14210,0.0891218846326326
SYNPCC7002_RS08945,SYNPCC7002_RS08615,0.0891149463634598
SYNPCC7002_RS03295,SYNPCC7002_RS10200,0.0891105312411153
SYNPCC7002_RS01335,SYNPCC7002_RS15280,0.0891055498194864
SYNPCC7002_RS06150,SYNPCC7002_RS00950,0.0890915254533223
SYNPCC7002_RS03030,SYNPCC7002_RS15445,0.0890673221715128
SYNPCC7002_RS08480,SYNPCC7002_RS03185,0.089063418539691
SYNPCC7002_RS04890,SYNPCC7002_RS12725,0.089062085989964
SYNPCC7002_RS15255,SYNPCC7002_RS10635,0.089060644360636
SYNPCC7002_RS15520,SYNPCC7002_RS07975,0.0890552118967819
SYNPCC7002_RS04780,SYNPCC7002_RS01130,0.089055160766917
SYNPCC7002_RS15680,SYNPCC7002_RS07345,0.0890435046671745
SYNPCC7002_RS10050,SYNPCC7002_RS04840,0.0890434582204087
SYNPCC7002_RS08965,SYNPCC7002_RS12230,0.0890378650985397
SYNPCC7002_RS08965,SYNPCC7002_RS00145,0.0890349244908692
SYNPCC7002_RS08965,SYNPCC7002_RS01875,0.0890260668999168
SYNPCC7002_RS11685,SYNPCC7002_RS01915,0.0890253700057277
SYNPCC7002_RS04250,SYNPCC7002_RS02950,0.0890217485611464
SYNPCC7002_RS04250,SYNPCC7002_RS01510,0.0890184113385097
SYNPCC7002_RS15520,SYNPCC7002_RS13910,0.0890119221847037
SYNPCC7002_RS09320,SYNPCC7002_RS12380,0.0890082431852387
SYNPCC7002_RS08965,SYNPCC7002_RS04060,0.0890047957557852
SYNPCC7002_RS05985,SYNPCC7002_RS08925,0.0890037207389947
SYNPCC7002_RS00850,SYNPCC7002_RS15275,0.0889997060763523
SYNPCC7002_RS08175,SYNPCC7002_RS00940,0.0889988872217004
SYNPCC7002_RS02715,SYNPCC7002_RS09180,0.0889904158392525
SYNPCC7002_RS03030,SYNPCC7002_RS03570,0.0889799513302961
SYNPCC7002_RS09630,SYNPCC7002_RS14800,0.0889782263250059
SYNPCC7002_RS16320,SYNPCC7002_RS15320,0.0889736410327838
SYNPCC7002_RS05985,SYNPCC7002_RS08265,0.0889518167455063
SYNPCC7002_RS09820,SYNPCC7002_RS12215,0.0889516825597143
SYNPCC7002_RS02715,SYNPCC7002_RS15795,0.0889437727569877
SYNPCC7002_RS06150,SYNPCC7002_RS07430,0.0889356450326726
SYNPCC7002_RS02715,SYNPCC7002_RS04200,0.0889289932429081
SYNPCC7002_RS01335,SYNPCC7002_RS10375,0.0889240360508017
SYNPCC7002_RS07295,SYNPCC7002_RS16180,0.0889052282614857
SYNPCC7002_RS15520,SYNPCC7002_RS04790,0.088902742899412
SYNPCC7002_RS01800,SYNPCC7002_RS03000,0.0888995786557415
SYNPCC7002_RS08175,SYNPCC7002_RS16175,0.0888993523887817
SYNPCC7002_RS09780,SYNPCC7002_RS10135,0.0888828088997977
SYNPCC7002_RS10050,SYNPCC7002_RS09160,0.088873631580331
SYNPCC7002_RS09995,SYNPCC7002_RS12590,0.0888732755779306
SYNPCC7002_RS09320,SYNPCC7002_RS01875,0.0888492920705142
SYNPCC7002_RS06150,SYNPCC7002_RS14570,0.088844184178647
SYNPCC7002_RS07385,SYNPCC7002_RS06930,0.0888372923471728
SYNPCC7002_RS04780,SYNPCC7002_RS11380,0.088818765496168
SYNPCC7002_RS10050,SYNPCC7002_RS04640,0.0888032825825023
SYNPCC7002_RS09780,SYNPCC7002_RS04135,0.0887962902992294
SYNPCC7002_RS04780,SYNPCC7002_RS12290,0.0887882106883809
SYNPCC7002_RS06540,SYNPCC7002_RS09225,0.088775386288895
SYNPCC7002_RS06540,SYNPCC7002_RS02890,0.0887707248371212
SYNPCC7002_RS02715,SYNPCC7002_RS13440,0.0887704322330111
SYNPCC7002_RS03030,SYNPCC7002_RS11665,0.088764941907365
SYNPCC7002_RS09820,SYNPCC7002_RS16600,0.0887589476740268
SYNPCC7002_RS08965,SYNPCC7002_RS02780,0.0887522542269564
SYNPCC7002_RS01420,SYNPCC7002_RS05955,0.0887519887680534
SYNPCC7002_RS01335,SYNPCC7002_RS14060,0.0887152120871627
SYNPCC7002_RS06005,SYNPCC7002_RS08370,0.0887132312879818
SYNPCC7002_RS02455,SYNPCC7002_RS01340,0.0887098429785786
SYNPCC7002_RS04650,SYNPCC7002_RS12405,0.0887065985769285
SYNPCC7002_RS05135,SYNPCC7002_RS08660,0.0887033872354933
SYNPCC7002_RS09320,SYNPCC7002_RS04450,0.0887018804202589
SYNPCC7002_RS00260,SYNPCC7002_RS08195,0.0886973659295058
SYNPCC7002_RS04680,SYNPCC7002_RS01810,0.0886925843921901
SYNPCC7002_RS04250,SYNPCC7002_RS05385,0.0886866173538166
SYNPCC7002_RS04780,SYNPCC7002_RS06525,0.0886699269014596
SYNPCC7002_RS08965,SYNPCC7002_RS01385,0.0886690428586645
SYNPCC7002_RS15520,SYNPCC7002_RS07980,0.0886587542131233
SYNPCC7002_RS05135,SYNPCC7002_RS07770,0.0886570722304419
SYNPCC7002_RS08390,SYNPCC7002_RS05725,0.0886506586845207
SYNPCC7002_RS08965,SYNPCC7002_RS08425,0.0886452089590678
SYNPCC7002_RS08390,SYNPCC7002_RS05645,0.0886354598778639
SYNPCC7002_RS04890,SYNPCC7002_RS05140,0.0886262740095941
SYNPCC7002_RS01800,SYNPCC7002_RS10760,0.0886188721703686
SYNPCC7002_RS08965,SYNPCC7002_RS03565,0.0886176741717882
SYNPCC7002_RS01800,SYNPCC7002_RS10785,0.088617387405982
SYNPCC7002_RS04680,SYNPCC7002_RS06405,0.0886119609822891
SYNPCC7002_RS11400,SYNPCC7002_RS04440,0.0886070639230293
SYNPCC7002_RS09820,SYNPCC7002_RS01410,0.0885964107832561
SYNPCC7002_RS15520,SYNPCC7002_RS02695,0.0885929138797451
SYNPCC7002_RS09995,SYNPCC7002_RS15350,0.0885741005829002
SYNPCC7002_RS08255,SYNPCC7002_RS13625,0.0885642206012793
SYNPCC7002_RS08945,SYNPCC7002_RS07370,0.088555105008398
SYNPCC7002_RS15520,SYNPCC7002_RS01540,0.0885494035638322
SYNPCC7002_RS09630,SYNPCC7002_RS11375,0.0885459873260084
SYNPCC7002_RS05985,SYNPCC7002_RS09470,0.0885440911424358
SYNPCC7002_RS05985,SYNPCC7002_RS13330,0.0885423026809881
SYNPCC7002_RS09630,SYNPCC7002_RS02895,0.0885421938078127
SYNPCC7002_RS05135,SYNPCC7002_RS03285,0.0885421349940453
SYNPCC7002_RS04780,SYNPCC7002_RS15510,0.0885386992294131
SYNPCC7002_RS08390,SYNPCC7002_RS04750,0.088531765647039
SYNPCC7002_RS05460,SYNPCC7002_RS09800,0.0885272673183074
SYNPCC7002_RS16320,SYNPCC7002_RS15330,0.0885243858709317
SYNPCC7002_RS09630,SYNPCC7002_RS11435,0.0885088195231198
SYNPCC7002_RS04250,SYNPCC7002_RS11150,0.088506906827654
SYNPCC7002_RS08965,SYNPCC7002_RS07285,0.088503804047557
SYNPCC7002_RS06150,SYNPCC7002_RS13495,0.0884928881500833
SYNPCC7002_RS04250,SYNPCC7002_RS12350,0.0884917553221452
SYNPCC7002_RS10145,SYNPCC7002_RS09950,0.0884847257332536
SYNPCC7002_RS08945,SYNPCC7002_RS01755,0.0884797212930949
SYNPCC7002_RS15520,SYNPCC7002_RS13325,0.0884606941624299
SYNPCC7002_RS00650,SYNPCC7002_RS00120,0.0884589044337781
SYNPCC7002_RS04890,SYNPCC7002_RS07585,0.0884538955550326
SYNPCC7002_RS07295,SYNPCC7002_RS15070,0.0884531763937958
SYNPCC7002_RS11685,SYNPCC7002_RS02100,0.0884515079397956
SYNPCC7002_RS12395,SYNPCC7002_RS13060,0.0884383977528219
SYNPCC7002_RS04890,SYNPCC7002_RS16130,0.0884302559754626
SYNPCC7002_RS08390,SYNPCC7002_RS12290,0.0884287870481819
SYNPCC7002_RS15680,SYNPCC7002_RS05350,0.0884282964064806
SYNPCC7002_RS15255,SYNPCC7002_RS10560,0.0884233963302261
SYNPCC7002_RS04780,SYNPCC7002_RS07040,0.0884203899939254
SYNPCC7002_RS04250,SYNPCC7002_RS13815,0.0884180823647254
SYNPCC7002_RS14790,SYNPCC7002_RS11470,0.0884120129710832
SYNPCC7002_RS15520,SYNPCC7002_RS10620,0.0884086321540104
SYNPCC7002_RS08175,SYNPCC7002_RS03405,0.0884056222452157
SYNPCC7002_RS15030,SYNPCC7002_RS14990,0.0884045518391584
SYNPCC7002_RS09780,SYNPCC7002_RS01830,0.0883980687525913
SYNPCC7002_RS00690,SYNPCC7002_RS08480,0.0883867886103136
SYNPCC7002_RS12515,SYNPCC7002_RS10055,0.0883830914019193
SYNPCC7002_RS08965,SYNPCC7002_RS09075,0.0883817210353829
SYNPCC7002_RS04250,SYNPCC7002_RS02270,0.0883718073895357
SYNPCC7002_RS08965,SYNPCC7002_RS11220,0.0883711108639385
SYNPCC7002_RS03030,SYNPCC7002_RS11735,0.08837045455878
SYNPCC7002_RS01800,SYNPCC7002_RS02320,0.0883633942529183
SYNPCC7002_RS00260,SYNPCC7002_RS07520,0.0883595406451218
SYNPCC7002_RS05135,SYNPCC7002_RS09875,0.0883527614508812
SYNPCC7002_RS07385,SYNPCC7002_RS08255,0.0883450053408765
SYNPCC7002_RS09845,SYNPCC7002_RS11645,0.0883402099686721
SYNPCC7002_RS01085,SYNPCC7002_RS07165,0.0883395152389299
SYNPCC7002_RS09820,SYNPCC7002_RS02305,0.0883393701128451
SYNPCC7002_RS04650,SYNPCC7002_RS11455,0.0883312059722614
SYNPCC7002_RS08175,SYNPCC7002_RS09150,0.0883097518366719
SYNPCC7002_RS08965,SYNPCC7002_RS13375,0.0883073124862831
SYNPCC7002_RS00640,SYNPCC7002_RS04910,0.0882959220780618
SYNPCC7002_RS12395,SYNPCC7002_RS01695,0.0882888969752044
SYNPCC7002_RS09195,SYNPCC7002_RS09855,0.0882748897747472
SYNPCC7002_RS04250,SYNPCC7002_RS04270,0.0882703203304093
SYNPCC7002_RS04250,SYNPCC7002_RS00350,0.088263555692791
SYNPCC7002_RS12395,SYNPCC7002_RS03390,0.088257831628983
SYNPCC7002_RS15520,SYNPCC7002_RS01480,0.0882443590517754
SYNPCC7002_RS00010,SYNPCC7002_RS01950,0.0882371222409415
SYNPCC7002_RS06540,SYNPCC7002_RS07325,0.0882293912813932
SYNPCC7002_RS08945,SYNPCC7002_RS00720,0.0882224762909167
SYNPCC7002_RS03030,SYNPCC7002_RS15450,0.0882172531945952
SYNPCC7002_RS03030,SYNPCC7002_RS11220,0.0882138991567009
SYNPCC7002_RS15255,SYNPCC7002_RS14435,0.088207077407529
SYNPCC7002_RS09820,SYNPCC7002_RS03415,0.0881948395337532
SYNPCC7002_RS07295,SYNPCC7002_RS01010,0.0881911131421068
SYNPCC7002_RS09320,SYNPCC7002_RS03835,0.0881826805520583
SYNPCC7002_RS15680,SYNPCC7002_RS01165,0.0881671519048478
SYNPCC7002_RS15520,SYNPCC7002_RS09215,0.0881609258315434
SYNPCC7002_RS09175,SYNPCC7002_RS14720,0.0881490610766579
SYNPCC7002_RS01420,SYNPCC7002_RS01785,0.0881366970699978
SYNPCC7002_RS06540,SYNPCC7002_RS03935,0.08812430457614
SYNPCC7002_RS10050,SYNPCC7002_RS01170,0.0881068373296597
SYNPCC7002_RS15520,SYNPCC7002_RS00095,0.0881013604854976
SYNPCC7002_RS15680,SYNPCC7002_RS06460,0.08809376369613
SYNPCC7002_RS12395,SYNPCC7002_RS07625,0.0880843484713405
SYNPCC7002_RS10050,SYNPCC7002_RS08045,0.0880743675466382
SYNPCC7002_RS04890,SYNPCC7002_RS06400,0.0880584427285808
SYNPCC7002_RS00260,SYNPCC7002_RS09810,0.0880545752328964
SYNPCC7002_RS00640,SYNPCC7002_RS02305,0.0880499281807356
SYNPCC7002_RS06005,SYNPCC7002_RS14625,0.0880438108262602
SYNPCC7002_RS01335,SYNPCC7002_RS02320,0.0880398981631089
SYNPCC7002_RS04650,SYNPCC7002_RS12510,0.0880327761914384
SYNPCC7002_RS03030,SYNPCC7002_RS10880,0.0880211655377476
SYNPCC7002_RS01335,SYNPCC7002_RS02315,0.0880161340481329
SYNPCC7002_RS04250,SYNPCC7002_RS00885,0.0880036142929135
SYNPCC7002_RS07295,SYNPCC7002_RS09120,0.0880032434288211
SYNPCC7002_RS08210,SYNPCC7002_RS11665,0.0879986323343487
SYNPCC7002_RS04780,SYNPCC7002_RS13260,0.087997802763264
SYNPCC7002_RS06540,SYNPCC7002_RS02480,0.0879894655880717
SYNPCC7002_RS12105,SYNPCC7002_RS08360,0.0879851945528019
SYNPCC7002_RS05985,SYNPCC7002_RS00050,0.0879842455799105
SYNPCC7002_RS12395,SYNPCC7002_RS02605,0.0879790010220402
SYNPCC7002_RS03760,SYNPCC7002_RS12400,0.0879718114273958
SYNPCC7002_RS15520,SYNPCC7002_RS11435,0.0879628939908019
SYNPCC7002_RS09820,SYNPCC7002_RS06430,0.0879623340553989
SYNPCC7002_RS09820,SYNPCC7002_RS00415,0.0879622007120315
SYNPCC7002_RS02455,SYNPCC7002_RS08940,0.0879512121783485
SYNPCC7002_RS01800,SYNPCC7002_RS09150,0.0879320122978358
SYNPCC7002_RS07385,SYNPCC7002_RS05630,0.0879273891040984
SYNPCC7002_RS05135,SYNPCC7002_RS07605,0.0879220900562902
SYNPCC7002_RS08175,SYNPCC7002_RS06565,0.0879191298927591
SYNPCC7002_RS08390,SYNPCC7002_RS08165,0.087915842841034
SYNPCC7002_RS08965,SYNPCC7002_RS02115,0.0878979757234409
SYNPCC7002_RS15680,SYNPCC7002_RS02975,0.087896759346364
SYNPCC7002_RS14790,SYNPCC7002_RS10305,0.087896457387143
SYNPCC7002_RS12395,SYNPCC7002_RS05180,0.087896150594546
SYNPCC7002_RS02715,SYNPCC7002_RS05265,0.0878922498858272
SYNPCC7002_RS04780,SYNPCC7002_RS17065,0.0878742474367023
SYNPCC7002_RS03030,SYNPCC7002_RS07980,0.0878719647455606
SYNPCC7002_RS09630,SYNPCC7002_RS15010,0.0878597486145795
SYNPCC7002_RS12395,SYNPCC7002_RS09580,0.0878567362202921
SYNPCC7002_RS04780,SYNPCC7002_RS12945,0.0878556161668447
SYNPCC7002_RS09630,SYNPCC7002_RS03160,0.0878554570098457
SYNPCC7002_RS05135,SYNPCC7002_RS16935,0.0878495884711491
SYNPCC7002_RS09630,SYNPCC7002_RS10545,0.0878457223165122
SYNPCC7002_RS09320,SYNPCC7002_RS11635,0.0878454276025362
SYNPCC7002_RS06150,SYNPCC7002_RS09695,0.0878391289672202
SYNPCC7002_RS01420,SYNPCC7002_RS02870,0.0878349197039064
SYNPCC7002_RS09630,SYNPCC7002_RS02625,0.0878218556945105
SYNPCC7002_RS14790,SYNPCC7002_RS13925,0.0878157559928017
SYNPCC7002_RS09820,SYNPCC7002_RS14715,0.0878147886724963
SYNPCC7002_RS03030,SYNPCC7002_RS01710,0.0877971325730187
SYNPCC7002_RS09630,SYNPCC7002_RS05685,0.0877947595701177
SYNPCC7002_RS08965,SYNPCC7002_RS06890,0.0877812632549199
SYNPCC7002_RS08390,SYNPCC7002_RS00325,0.0877734825440206
SYNPCC7002_RS08965,SYNPCC7002_RS01610,0.087773020123038
SYNPCC7002_RS04890,SYNPCC7002_RS11585,0.0877681524574691
SYNPCC7002_RS02455,SYNPCC7002_RS06210,0.0877548648385847
SYNPCC7002_RS12395,SYNPCC7002_RS14115,0.0877480512515918
SYNPCC7002_RS15520,SYNPCC7002_RS11735,0.0877472853888929
SYNPCC7002_RS12395,SYNPCC7002_RS16420,0.0877453225140805
SYNPCC7002_RS12395,SYNPCC7002_RS00200,0.0877445519388029
SYNPCC7002_RS00260,SYNPCC7002_RS09350,0.0877418688540879
SYNPCC7002_RS07295,SYNPCC7002_RS07635,0.0877392421420721
SYNPCC7002_RS05135,SYNPCC7002_RS02090,0.0877312912938568
SYNPCC7002_RS02455,SYNPCC7002_RS03310,0.087725514274996
SYNPCC7002_RS12395,SYNPCC7002_RS00305,0.0877189779905397
SYNPCC7002_RS05135,SYNPCC7002_RS12955,0.0877038317578248
SYNPCC7002_RS09820,SYNPCC7002_RS06010,0.0877023893906555
SYNPCC7002_RS10050,SYNPCC7002_RS03520,0.0876971542919305
SYNPCC7002_RS04890,SYNPCC7002_RS04400,0.0876949012424916
SYNPCC7002_RS12395,SYNPCC7002_RS09520,0.0876771297408299
SYNPCC7002_RS15520,SYNPCC7002_RS09295,0.0876411610073226
SYNPCC7002_RS08965,SYNPCC7002_RS06710,0.0876346347825776
SYNPCC7002_RS03030,SYNPCC7002_RS07035,0.0876329885982724
SYNPCC7002_RS07385,SYNPCC7002_RS08095,0.0876322164887478
SYNPCC7002_RS09780,SYNPCC7002_RS07575,0.0876191968655662
SYNPCC7002_RS11685,SYNPCC7002_RS08670,0.0876190218618293
SYNPCC7002_RS15255,SYNPCC7002_RS01540,0.0876090095216389
SYNPCC7002_RS15995,SYNPCC7002_RS16580,0.0876075099054878
SYNPCC7002_RS03760,SYNPCC7002_RS00195,0.0875991242465878
SYNPCC7002_RS08965,SYNPCC7002_RS11395,0.0875915631305699
SYNPCC7002_RS08965,SYNPCC7002_RS05740,0.0875715095956461
SYNPCC7002_RS04250,SYNPCC7002_RS02170,0.0875616359577141
SYNPCC7002_RS08965,SYNPCC7002_RS00715,0.0875474442222901
SYNPCC7002_RS04780,SYNPCC7002_RS15750,0.0875409361275273
SYNPCC7002_RS00010,SYNPCC7002_RS07735,0.0875076202987128
SYNPCC7002_RS00690,SYNPCC7002_RS08235,0.0875065541006734
SYNPCC7002_RS04890,SYNPCC7002_RS09460,0.0875047445390481
SYNPCC7002_RS12395,SYNPCC7002_RS05110,0.0875036498436665
SYNPCC7002_RS02455,SYNPCC7002_RS10085,0.0874869432098007
SYNPCC7002_RS12395,SYNPCC7002_RS16815,0.0874773436948833
SYNPCC7002_RS05460,SYNPCC7002_RS10820,0.0874745264786497
SYNPCC7002_RS04890,SYNPCC7002_RS00305,0.0874663942930304
SYNPCC7002_RS03950,SYNPCC7002_RS15075,0.087456139978849
SYNPCC7002_RS08945,SYNPCC7002_RS11590,0.087455083821271
SYNPCC7002_RS07385,SYNPCC7002_RS03805,0.0874488879327921
SYNPCC7002_RS02715,SYNPCC7002_RS02725,0.0874446152308398
SYNPCC7002_RS04650,SYNPCC7002_RS10870,0.0874435346866071
SYNPCC7002_RS09175,SYNPCC7002_RS14195,0.0874430732217808
SYNPCC7002_RS01420,SYNPCC7002_RS12190,0.0874345596628107
SYNPCC7002_RS00260,SYNPCC7002_RS17075,0.0874332215418219
SYNPCC7002_RS15520,SYNPCC7002_RS13860,0.0874316701316733
SYNPCC7002_RS03030,SYNPCC7002_RS16070,0.0874314713327817
SYNPCC7002_RS04890,SYNPCC7002_RS03090,0.0874133543812676
SYNPCC7002_RS07385,SYNPCC7002_RS15235,0.0874116179954888
SYNPCC7002_RS00050,SYNPCC7002_RS16605,0.0873937334298579
SYNPCC7002_RS15520,SYNPCC7002_RS09740,0.0873797005797702
SYNPCC7002_RS12395,SYNPCC7002_RS14010,0.0873733650735315
SYNPCC7002_RS15255,SYNPCC7002_RS01235,0.0873670675050348
SYNPCC7002_RS01420,SYNPCC7002_RS07140,0.0873598609335746
SYNPCC7002_RS04650,SYNPCC7002_RS04895,0.0873528326767922
SYNPCC7002_RS05135,SYNPCC7002_RS05255,0.0873516577203182
SYNPCC7002_RS02715,SYNPCC7002_RS01150,0.0873440533064126
SYNPCC7002_RS06005,SYNPCC7002_RS11750,0.0873425130816637
SYNPCC7002_RS03030,SYNPCC7002_RS14290,0.0873320724434046
SYNPCC7002_RS11400,SYNPCC7002_RS10065,0.0873138696359608
SYNPCC7002_RS11400,SYNPCC7002_RS02845,0.0873089759634313
SYNPCC7002_RS05135,SYNPCC7002_RS07355,0.0873085368102422
SYNPCC7002_RS12395,SYNPCC7002_RS05205,0.0872836930550866
SYNPCC7002_RS00690,SYNPCC7002_RS12600,0.0872811484371863
SYNPCC7002_RS16320,SYNPCC7002_RS15650,0.0872793537796748
SYNPCC7002_RS08390,SYNPCC7002_RS16245,0.0872602085587775
SYNPCC7002_RS01800,SYNPCC7002_RS16225,0.087252344717567
SYNPCC7002_RS04890,SYNPCC7002_RS03280,0.0872344221477138
SYNPCC7002_RS00260,SYNPCC7002_RS10720,0.0872327049510779
SYNPCC7002_RS03030,SYNPCC7002_RS10220,0.0872210452030774
SYNPCC7002_RS11400,SYNPCC7002_RS03575,0.0872140448561596
SYNPCC7002_RS08965,SYNPCC7002_RS00230,0.0871872135775503
SYNPCC7002_RS06005,SYNPCC7002_RS16780,0.0871844647103846
SYNPCC7002_RS04780,SYNPCC7002_RS10645,0.0871815669411258
SYNPCC7002_RS16320,SYNPCC7002_RS09300,0.0871689869601734
SYNPCC7002_RS07295,SYNPCC7002_RS13610,0.0871622360015158
SYNPCC7002_RS03760,SYNPCC7002_RS08615,0.0871487696872309
SYNPCC7002_RS02715,SYNPCC7002_RS10570,0.087146810425278
SYNPCC7002_RS03760,SYNPCC7002_RS10095,0.0871459575164361
SYNPCC7002_RS10050,SYNPCC7002_RS03680,0.0871378012722897
SYNPCC7002_RS02715,SYNPCC7002_RS04310,0.0871341057636197
SYNPCC7002_RS04250,SYNPCC7002_RS09975,0.0871253179293691
SYNPCC7002_RS12105,SYNPCC7002_RS12845,0.0871109086251094
SYNPCC7002_RS04780,SYNPCC7002_RS04545,0.0871028639326918
SYNPCC7002_RS01335,SYNPCC7002_RS09440,0.0870922070648418
SYNPCC7002_RS05135,SYNPCC7002_RS12120,0.0870864640535127
SYNPCC7002_RS11685,SYNPCC7002_RS02935,0.0870808606616507
SYNPCC7002_RS02715,SYNPCC7002_RS06145,0.0870760417491999
SYNPCC7002_RS02715,SYNPCC7002_RS05160,0.087063486288255
SYNPCC7002_RS05135,SYNPCC7002_RS07775,0.0870606607122284
SYNPCC7002_RS04250,SYNPCC7002_RS09155,0.0870606299318071
SYNPCC7002_RS03030,SYNPCC7002_RS09550,0.0870597920572598
SYNPCC7002_RS01420,SYNPCC7002_RS05235,0.0870575339572296
SYNPCC7002_RS16320,SYNPCC7002_RS14430,0.087047949961317
SYNPCC7002_RS04780,SYNPCC7002_RS15520,0.0870473835825334
SYNPCC7002_RS04650,SYNPCC7002_RS08545,0.0870465539321879
SYNPCC7002_RS15680,SYNPCC7002_RS13740,0.0870437058030831
SYNPCC7002_RS00650,SYNPCC7002_RS02445,0.0870366521250309
SYNPCC7002_RS00050,SYNPCC7002_RS12070,0.087024552908082
SYNPCC7002_RS01420,SYNPCC7002_RS10765,0.0870151864148744
SYNPCC7002_RS04650,SYNPCC7002_RS06320,0.0870043757456443
SYNPCC7002_RS07385,SYNPCC7002_RS03455,0.0869926489017598
SYNPCC7002_RS03950,SYNPCC7002_RS07920,0.0869819763784282
SYNPCC7002_RS04250,SYNPCC7002_RS11240,0.0869779527081633
SYNPCC7002_RS09820,SYNPCC7002_RS05620,0.0869623004500152
SYNPCC7002_RS06540,SYNPCC7002_RS05610,0.0869614923449996
SYNPCC7002_RS04250,SYNPCC7002_RS01740,0.0869576730916221
SYNPCC7002_RS14385,SYNPCC7002_RS14455,0.0869484333608014
SYNPCC7002_RS04290,SYNPCC7002_RS11870,0.0869406322626664
SYNPCC7002_RS12395,SYNPCC7002_RS02425,0.0869249867162383
SYNPCC7002_RS04780,SYNPCC7002_RS05505,0.0869248556502796
SYNPCC7002_RS09820,SYNPCC7002_RS14630,0.0869198218817474
SYNPCC7002_RS09780,SYNPCC7002_RS14240,0.08691619500573
SYNPCC7002_RS05460,SYNPCC7002_RS14330,0.0869094367504181
SYNPCC7002_RS09845,SYNPCC7002_RS09260,0.0869029250814592
SYNPCC7002_RS11685,SYNPCC7002_RS02990,0.0868925618767326
SYNPCC7002_RS12395,SYNPCC7002_RS03525,0.0868903209060713
SYNPCC7002_RS10050,SYNPCC7002_RS03095,0.0868869758851369
SYNPCC7002_RS08965,SYNPCC7002_RS10220,0.0868840399701354
SYNPCC7002_RS09780,SYNPCC7002_RS04380,0.0868771092510202
SYNPCC7002_RS07385,SYNPCC7002_RS01365,0.08687095254814
SYNPCC7002_RS03950,SYNPCC7002_RS16850,0.0868572162363686
SYNPCC7002_RS08965,SYNPCC7002_RS12415,0.086853890617045
SYNPCC7002_RS09320,SYNPCC7002_RS03880,0.0868455816119722
SYNPCC7002_RS05460,SYNPCC7002_RS04825,0.0868305954807004
SYNPCC7002_RS04650,SYNPCC7002_RS01485,0.0868165629005286
SYNPCC7002_RS05135,SYNPCC7002_RS00530,0.0868090895232155
SYNPCC7002_RS04650,SYNPCC7002_RS05005,0.086790801814708
SYNPCC7002_RS09320,SYNPCC7002_RS12700,0.0867891133125843
SYNPCC7002_RS10050,SYNPCC7002_RS09095,0.086766108352361
SYNPCC7002_RS04250,SYNPCC7002_RS04895,0.0867624327003797
SYNPCC7002_RS11400,SYNPCC7002_RS15235,0.0867603639037875
SYNPCC7002_RS04680,SYNPCC7002_RS08495,0.0867578668789249
SYNPCC7002_RS04250,SYNPCC7002_RS08545,0.0867557884372226
SYNPCC7002_RS09320,SYNPCC7002_RS10910,0.0867477777317198
SYNPCC7002_RS15520,SYNPCC7002_RS08955,0.0867411121931272
SYNPCC7002_RS06540,SYNPCC7002_RS12220,0.0867376443784457
SYNPCC7002_RS08965,SYNPCC7002_RS11285,0.0867361980078049
SYNPCC7002_RS09630,SYNPCC7002_RS15850,0.0867337311887022
SYNPCC7002_RS10050,SYNPCC7002_RS03685,0.0867272508451287
SYNPCC7002_RS08965,SYNPCC7002_RS08950,0.0867115347621375
SYNPCC7002_RS07385,SYNPCC7002_RS02670,0.0867038256979772
SYNPCC7002_RS00650,SYNPCC7002_RS03755,0.0867029814478332
SYNPCC7002_RS07385,SYNPCC7002_RS09615,0.0866903509240246
SYNPCC7002_RS12395,SYNPCC7002_RS07835,0.0866867593977088
SYNPCC7002_RS02715,SYNPCC7002_RS03675,0.0866811725068057
SYNPCC7002_RS10050,SYNPCC7002_RS04120,0.0866781074320738
SYNPCC7002_RS08210,SYNPCC7002_RS07155,0.0866588628085014
SYNPCC7002_RS09175,SYNPCC7002_RS00905,0.0866584968554766
SYNPCC7002_RS16160,SYNPCC7002_RS04255,0.0866563716365814
SYNPCC7002_RS08210,SYNPCC7002_RS02255,0.086656040264243
SYNPCC7002_RS04780,SYNPCC7002_RS14970,0.0866556691595789
SYNPCC7002_RS12090,SYNPCC7002_RS13105,0.0866555977992727
SYNPCC7002_RS08965,SYNPCC7002_RS10180,0.0866464488950445
SYNPCC7002_RS04680,SYNPCC7002_RS03350,0.0866403206748218
SYNPCC7002_RS08175,SYNPCC7002_RS00610,0.0866395899480982
SYNPCC7002_RS10050,SYNPCC7002_RS15970,0.0866301281620736
SYNPCC7002_RS00650,SYNPCC7002_RS06950,0.0866284546880057
SYNPCC7002_RS04780,SYNPCC7002_RS11615,0.0866088263456272
SYNPCC7002_RS10050,SYNPCC7002_RS06825,0.0866050182799476
SYNPCC7002_RS05135,SYNPCC7002_RS02805,0.0865935725787312
SYNPCC7002_RS15680,SYNPCC7002_RS04880,0.0865808823364702
SYNPCC7002_RS05135,SYNPCC7002_RS07795,0.0865706004742318
SYNPCC7002_RS04780,SYNPCC7002_RS07385,0.0865688191241966
SYNPCC7002_RS06005,SYNPCC7002_RS07135,0.0865661552157801
SYNPCC7002_RS02455,SYNPCC7002_RS00210,0.0865560422025473
SYNPCC7002_RS09995,SYNPCC7002_RS16085,0.086551396893009
SYNPCC7002_RS01420,SYNPCC7002_RS03425,0.086550023229786
SYNPCC7002_RS10050,SYNPCC7002_RS11325,0.086547380372165
SYNPCC7002_RS08965,SYNPCC7002_RS08125,0.0865418098518641
SYNPCC7002_RS02715,SYNPCC7002_RS02820,0.086530265738093
SYNPCC7002_RS02715,SYNPCC7002_RS13210,0.0865263395078146
SYNPCC7002_RS02715,SYNPCC7002_RS14505,0.086525117874072
SYNPCC7002_RS10050,SYNPCC7002_RS08870,0.0864990161191095
SYNPCC7002_RS08390,SYNPCC7002_RS09070,0.0864973968144948
SYNPCC7002_RS15520,SYNPCC7002_RS05455,0.0864935440284691
SYNPCC7002_RS04890,SYNPCC7002_RS14245,0.0864919960199538
SYNPCC7002_RS09780,SYNPCC7002_RS11440,0.0864743587357734
SYNPCC7002_RS00050,SYNPCC7002_RS04095,0.0864741578844073
SYNPCC7002_RS06150,SYNPCC7002_RS06405,0.0864711341989979
SYNPCC7002_RS15680,SYNPCC7002_RS03125,0.0864695728142322
SYNPCC7002_RS09845,SYNPCC7002_RS01230,0.0864511105608625
SYNPCC7002_RS10145,SYNPCC7002_RS10730,0.0864417863995569
SYNPCC7002_RS08175,SYNPCC7002_RS06370,0.08644102802157
SYNPCC7002_RS04780,SYNPCC7002_RS02205,0.0864376576933354
SYNPCC7002_RS12395,SYNPCC7002_RS12480,0.086437091269319
SYNPCC7002_RS08175,SYNPCC7002_RS01970,0.0864342848227315
SYNPCC7002_RS09820,SYNPCC7002_RS06665,0.0864334033893411
SYNPCC7002_RS08860,SYNPCC7002_RS02720,0.0864274354102284
SYNPCC7002_RS08965,SYNPCC7002_RS05490,0.0864128600897608
SYNPCC7002_RS08860,SYNPCC7002_RS09385,0.086388338048772
SYNPCC7002_RS09260,SYNPCC7002_RS15465,0.0863801760135654
SYNPCC7002_RS05985,SYNPCC7002_RS04870,0.0863766790572395
SYNPCC7002_RS05135,SYNPCC7002_RS01595,0.0863728843055026
SYNPCC7002_RS01335,SYNPCC7002_RS12325,0.0863711852661449
SYNPCC7002_RS02715,SYNPCC7002_RS06170,0.0863621713934736
SYNPCC7002_RS10050,SYNPCC7002_RS13615,0.0863616589190515
SYNPCC7002_RS08390,SYNPCC7002_RS06015,0.086357976829494
SYNPCC7002_RS01420,SYNPCC7002_RS08555,0.0863539500268663
SYNPCC7002_RS14385,SYNPCC7002_RS16785,0.0863465447849683
SYNPCC7002_RS10050,SYNPCC7002_RS01550,0.0863422433607673
SYNPCC7002_RS12395,SYNPCC7002_RS13615,0.0863260141162448
SYNPCC7002_RS15520,SYNPCC7002_RS05990,0.0863217588475391
SYNPCC7002_RS08965,SYNPCC7002_RS02200,0.0863179000847797
SYNPCC7002_RS00640,SYNPCC7002_RS03650,0.0863102559668861
SYNPCC7002_RS02715,SYNPCC7002_RS06845,0.0863068174799769
SYNPCC7002_RS08965,SYNPCC7002_RS04695,0.086297020372694
SYNPCC7002_RS08390,SYNPCC7002_RS04330,0.0862966606041555
SYNPCC7002_RS08390,SYNPCC7002_RS07905,0.086295574966447
SYNPCC7002_RS10050,SYNPCC7002_RS13080,0.0862716915918583
SYNPCC7002_RS08210,SYNPCC7002_RS00650,0.0862678343572526
SYNPCC7002_RS14790,SYNPCC7002_RS13430,0.0862675238821037
SYNPCC7002_RS12395,SYNPCC7002_RS11585,0.086259845700133
SYNPCC7002_RS11400,SYNPCC7002_RS01840,0.0862455797949336
SYNPCC7002_RS11400,SYNPCC7002_RS00385,0.0862449387505633
SYNPCC7002_RS15255,SYNPCC7002_RS16290,0.0862387383568595
SYNPCC7002_RS04780,SYNPCC7002_RS08210,0.0862369712348986
SYNPCC7002_RS02455,SYNPCC7002_RS00960,0.0862368233084135
SYNPCC7002_RS09420,SYNPCC7002_RS14325,0.0862191444508726
SYNPCC7002_RS10050,SYNPCC7002_RS11730,0.0862172263699152
SYNPCC7002_RS09320,SYNPCC7002_RS01845,0.086215184035024
SYNPCC7002_RS03030,SYNPCC7002_RS02620,0.0861921980756335
SYNPCC7002_RS09780,SYNPCC7002_RS14755,0.0861907460912662
SYNPCC7002_RS09420,SYNPCC7002_RS14320,0.0861902147726085
SYNPCC7002_RS04650,SYNPCC7002_RS08840,0.0861859173546193
SYNPCC7002_RS04680,SYNPCC7002_RS12825,0.0861824280898978
SYNPCC7002_RS00690,SYNPCC7002_RS13795,0.0861795892744463
SYNPCC7002_RS08965,SYNPCC7002_RS01380,0.086172957041267
SYNPCC7002_RS06540,SYNPCC7002_RS11615,0.0861702025382896
SYNPCC7002_RS11400,SYNPCC7002_RS12625,0.0861676449644583
SYNPCC7002_RS12395,SYNPCC7002_RS06080,0.0861629469185791
SYNPCC7002_RS04890,SYNPCC7002_RS00545,0.0861549395934398
SYNPCC7002_RS02455,SYNPCC7002_RS01620,0.0861476071952279
SYNPCC7002_RS15410,SYNPCC7002_RS07660,0.0861408972121343
SYNPCC7002_RS04780,SYNPCC7002_RS02490,0.0861407241705228
SYNPCC7002_RS09320,SYNPCC7002_RS13675,0.0861295439666967
SYNPCC7002_RS02715,SYNPCC7002_RS14855,0.086127216788092
SYNPCC7002_RS08210,SYNPCC7002_RS01475,0.0861107439209857
SYNPCC7002_RS12395,SYNPCC7002_RS16690,0.0861088480794216
SYNPCC7002_RS10050,SYNPCC7002_RS05090,0.0860987502498975
SYNPCC7002_RS05985,SYNPCC7002_RS04875,0.0860850809011296
SYNPCC7002_RS09320,SYNPCC7002_RS05990,0.0860797306664278
SYNPCC7002_RS07295,SYNPCC7002_RS07935,0.08607700832017
SYNPCC7002_RS08965,SYNPCC7002_RS03755,0.0860660590378049
SYNPCC7002_RS05135,SYNPCC7002_RS17205,0.0860656381168569
SYNPCC7002_RS01335,SYNPCC7002_RS12880,0.0860554678700995
SYNPCC7002_RS08945,SYNPCC7002_RS00330,0.0860497773432573
SYNPCC7002_RS00050,SYNPCC7002_RS02360,0.0860468709404062
SYNPCC7002_RS05135,SYNPCC7002_RS11330,0.0860333522656625
SYNPCC7002_RS04890,SYNPCC7002_RS09875,0.0860276412490944
SYNPCC7002_RS11400,SYNPCC7002_RS02730,0.0860253853309448
SYNPCC7002_RS00635,SYNPCC7002_RS10410,0.086019070193934
SYNPCC7002_RS08210,SYNPCC7002_RS01260,0.0860178950448949
SYNPCC7002_RS10050,SYNPCC7002_RS07725,0.086005181334292
SYNPCC7002_RS05985,SYNPCC7002_RS08610,0.085965616325654
SYNPCC7002_RS04780,SYNPCC7002_RS10415,0.0859646009358982
SYNPCC7002_RS08860,SYNPCC7002_RS02535,0.0859517524825704
SYNPCC7002_RS09260,SYNPCC7002_RS07185,0.0859510742930599
SYNPCC7002_RS00010,SYNPCC7002_RS06255,0.0859508868508919
SYNPCC7002_RS05135,SYNPCC7002_RS10280,0.0859483773695802
SYNPCC7002_RS16320,SYNPCC7002_RS07190,0.0859434015312545
SYNPCC7002_RS09175,SYNPCC7002_RS12245,0.0859396577937036
SYNPCC7002_RS08390,SYNPCC7002_RS13895,0.0859272087769815
SYNPCC7002_RS00640,SYNPCC7002_RS09800,0.0859269650500698
SYNPCC7002_RS03295,SYNPCC7002_RS10205,0.0859158147759392
SYNPCC7002_RS07295,SYNPCC7002_RS08900,0.0859042820562936
SYNPCC7002_RS07295,SYNPCC7002_RS08330,0.0859026332412725
SYNPCC7002_RS09320,SYNPCC7002_RS05635,0.0858853997759779
SYNPCC7002_RS03030,SYNPCC7002_RS04440,0.0858847446473472
SYNPCC7002_RS09995,SYNPCC7002_RS08835,0.0858756316298127
SYNPCC7002_RS04650,SYNPCC7002_RS07195,0.0858745953322942
SYNPCC7002_RS02715,SYNPCC7002_RS00805,0.0858629906653499
SYNPCC7002_RS06540,SYNPCC7002_RS07250,0.0858628407493757
SYNPCC7002_RS00050,SYNPCC7002_RS15135,0.085862564150233
SYNPCC7002_RS04780,SYNPCC7002_RS08750,0.085859016498526
SYNPCC7002_RS08945,SYNPCC7002_RS02930,0.0858505595052426
SYNPCC7002_RS09175,SYNPCC7002_RS00615,0.0858431075487179
SYNPCC7002_RS05135,SYNPCC7002_RS08780,0.0858358607209594
SYNPCC7002_RS08390,SYNPCC7002_RS08575,0.0858234424146381
SYNPCC7002_RS10050,SYNPCC7002_RS01945,0.0858158763806796
SYNPCC7002_RS03030,SYNPCC7002_RS08955,0.0858051714277431
SYNPCC7002_RS08390,SYNPCC7002_RS01280,0.0857989922815008
SYNPCC7002_RS07385,SYNPCC7002_RS06945,0.0857895140152132
SYNPCC7002_RS09845,SYNPCC7002_RS12200,0.0857803741779267
SYNPCC7002_RS04650,SYNPCC7002_RS08360,0.0857764633701708
SYNPCC7002_RS09780,SYNPCC7002_RS13745,0.0857683043108194
SYNPCC7002_RS12090,SYNPCC7002_RS05900,0.0857671738622387
SYNPCC7002_RS09630,SYNPCC7002_RS06200,0.0857664640139436
SYNPCC7002_RS05985,SYNPCC7002_RS00175,0.0857645171220498
SYNPCC7002_RS04250,SYNPCC7002_RS02790,0.0857631676992162
SYNPCC7002_RS08965,SYNPCC7002_RS02365,0.0857605217199336
SYNPCC7002_RS08390,SYNPCC7002_RS14915,0.0857556035879671
SYNPCC7002_RS02715,SYNPCC7002_RS14830,0.0857532477655382
SYNPCC7002_RS07385,SYNPCC7002_RS09290,0.0857531452942215
SYNPCC7002_RS08390,SYNPCC7002_RS08560,0.0857497814214313
SYNPCC7002_RS00050,SYNPCC7002_RS11535,0.0857486962210971
SYNPCC7002_RS03295,SYNPCC7002_RS09360,0.0857310030561968
SYNPCC7002_RS05460,SYNPCC7002_RS09005,0.0857276873559463
SYNPCC7002_RS00050,SYNPCC7002_RS11925,0.0857121100670282
SYNPCC7002_RS05135,SYNPCC7002_RS07945,0.0857101377973087
SYNPCC7002_RS01420,SYNPCC7002_RS16510,0.0857030317924466
SYNPCC7002_RS15995,SYNPCC7002_RS07460,0.0857008284764837
SYNPCC7002_RS08965,SYNPCC7002_RS01060,0.0856940637441723
SYNPCC7002_RS08255,SYNPCC7002_RS00560,0.085692412701662
SYNPCC7002_RS04780,SYNPCC7002_RS09040,0.0856888721506696
SYNPCC7002_RS01335,SYNPCC7002_RS13690,0.0856806967643476
SYNPCC7002_RS07385,SYNPCC7002_RS03840,0.0856730490222289
SYNPCC7002_RS05135,SYNPCC7002_RS11585,0.0856687654054745
SYNPCC7002_RS09780,SYNPCC7002_RS15975,0.0856596201219575
SYNPCC7002_RS08390,SYNPCC7002_RS03220,0.0856281706601313
SYNPCC7002_RS05460,SYNPCC7002_RS15990,0.0856228699257722
SYNPCC7002_RS01800,SYNPCC7002_RS10200,0.0856218271069693
SYNPCC7002_RS08255,SYNPCC7002_RS02910,0.0856215789917311
SYNPCC7002_RS05135,SYNPCC7002_RS01655,0.0856135011522548
SYNPCC7002_RS08965,SYNPCC7002_RS05545,0.0856089196988235
SYNPCC7002_RS05460,SYNPCC7002_RS12325,0.0856027478652373
SYNPCC7002_RS04780,SYNPCC7002_RS03380,0.0855895956702766
SYNPCC7002_RS11685,SYNPCC7002_RS05835,0.0855862177849299
SYNPCC7002_RS04650,SYNPCC7002_RS09285,0.08557510675981
SYNPCC7002_RS12515,SYNPCC7002_RS02815,0.08557078621867
SYNPCC7002_RS00690,SYNPCC7002_RS12335,0.0855672383662788
SYNPCC7002_RS05460,SYNPCC7002_RS02305,0.085564579587921
SYNPCC7002_RS00050,SYNPCC7002_RS06470,0.0855615725183885
SYNPCC7002_RS08945,SYNPCC7002_RS10330,0.0855492033751572
SYNPCC7002_RS14790,SYNPCC7002_RS08500,0.0855375380455804
SYNPCC7002_RS12395,SYNPCC7002_RS00340,0.0855231738401882
SYNPCC7002_RS09175,SYNPCC7002_RS00215,0.0855201552072887
SYNPCC7002_RS04250,SYNPCC7002_RS05005,0.0855121949095544
SYNPCC7002_RS09780,SYNPCC7002_RS13090,0.0854907787450861
SYNPCC7002_RS15410,SYNPCC7002_RS07855,0.0854820280674948
SYNPCC7002_RS10050,SYNPCC7002_RS07685,0.0854800405710204
SYNPCC7002_RS08390,SYNPCC7002_RS01410,0.0854705769479661
SYNPCC7002_RS15520,SYNPCC7002_RS15740,0.0854675221372443
SYNPCC7002_RS09320,SYNPCC7002_RS06870,0.0854617298862884
SYNPCC7002_RS01420,SYNPCC7002_RS10595,0.0854597122485835
SYNPCC7002_RS08255,SYNPCC7002_RS00705,0.0854571281281045
SYNPCC7002_RS01335,SYNPCC7002_RS07895,0.0854376001417259
SYNPCC7002_RS12395,SYNPCC7002_RS12145,0.085436479829276
SYNPCC7002_RS08945,SYNPCC7002_RS10680,0.0854276325054453
SYNPCC7002_RS08210,SYNPCC7002_RS12030,0.0854250710409947
SYNPCC7002_RS16320,SYNPCC7002_RS16955,0.0854232955282313
SYNPCC7002_RS14385,SYNPCC7002_RS14445,0.0854185595484025
SYNPCC7002_RS04890,SYNPCC7002_RS08660,0.0854172112329761
SYNPCC7002_RS04250,SYNPCC7002_RS02795,0.0854164950212658
SYNPCC7002_RS08255,SYNPCC7002_RS15350,0.0854155739858799
SYNPCC7002_RS04250,SYNPCC7002_RS07275,0.0854153417239481
SYNPCC7002_RS04650,SYNPCC7002_RS05590,0.0854151950621698
SYNPCC7002_RS03030,SYNPCC7002_RS01125,0.0854076683999649
SYNPCC7002_RS05985,SYNPCC7002_RS00825,0.0854046539698393
SYNPCC7002_RS01420,SYNPCC7002_RS01415,0.0853840738154008
SYNPCC7002_RS03760,SYNPCC7002_RS09880,0.085370411074279
SYNPCC7002_RS09260,SYNPCC7002_RS12210,0.0853682891458394
SYNPCC7002_RS05460,SYNPCC7002_RS07920,0.0853678414399875
SYNPCC7002_RS11685,SYNPCC7002_RS08660,0.0853643734463963
SYNPCC7002_RS01420,SYNPCC7002_RS05245,0.0853603894062184
SYNPCC7002_RS08965,SYNPCC7002_RS11975,0.0853595036222769
SYNPCC7002_RS00640,SYNPCC7002_RS00750,0.0853572309968037
SYNPCC7002_RS08390,SYNPCC7002_RS10580,0.0853550474656787
SYNPCC7002_RS04290,SYNPCC7002_RS01340,0.0853499780741124
SYNPCC7002_RS04780,SYNPCC7002_RS04345,0.0853450338810837
SYNPCC7002_RS01420,SYNPCC7002_RS03095,0.0853433581767587
SYNPCC7002_RS12515,SYNPCC7002_RS16770,0.0853426322134732
SYNPCC7002_RS07385,SYNPCC7002_RS04345,0.085341128261107
SYNPCC7002_RS11685,SYNPCC7002_RS02090,0.0853403839126734
SYNPCC7002_RS08210,SYNPCC7002_RS10620,0.0853342805589189
SYNPCC7002_RS10050,SYNPCC7002_RS15305,0.0853312641667822
SYNPCC7002_RS09780,SYNPCC7002_RS12330,0.0853214511047991
SYNPCC7002_RS09090,SYNPCC7002_RS16630,0.0853102264192623
SYNPCC7002_RS03030,SYNPCC7002_RS08210,0.0853013127332069
SYNPCC7002_RS08860,SYNPCC7002_RS04390,0.0852961177597704
SYNPCC7002_RS12515,SYNPCC7002_RS08170,0.0852907156703043
SYNPCC7002_RS04680,SYNPCC7002_RS08635,0.0852857003946204
SYNPCC7002_RS10050,SYNPCC7002_RS14455,0.0852831048122074
SYNPCC7002_RS08965,SYNPCC7002_RS10910,0.0852789530915422
SYNPCC7002_RS03030,SYNPCC7002_RS09295,0.0852775086879067
SYNPCC7002_RS04250,SYNPCC7002_RS06050,0.0852714433316329
SYNPCC7002_RS10050,SYNPCC7002_RS07770,0.0852523046305485
SYNPCC7002_RS00690,SYNPCC7002_RS13580,0.0852402566665686
SYNPCC7002_RS12090,SYNPCC7002_RS13560,0.0852382132033294
SYNPCC7002_RS03030,SYNPCC7002_RS06925,0.0852341679541355
SYNPCC7002_RS14790,SYNPCC7002_RS11705,0.0852316176267918
SYNPCC7002_RS02715,SYNPCC7002_RS14165,0.0852236636839513
SYNPCC7002_RS11400,SYNPCC7002_RS00115,0.0852203214325177
SYNPCC7002_RS05460,SYNPCC7002_RS08040,0.0852077046678638
SYNPCC7002_RS08965,SYNPCC7002_RS11400,0.0851931835937501
SYNPCC7002_RS14385,SYNPCC7002_RS13940,0.0851903330370924
SYNPCC7002_RS05460,SYNPCC7002_RS17010,0.0851797561115402
SYNPCC7002_RS10050,SYNPCC7002_RS15055,0.0851792509595268
SYNPCC7002_RS12395,SYNPCC7002_RS16960,0.0851788012754679
SYNPCC7002_RS15680,SYNPCC7002_RS13185,0.0851725183559445
SYNPCC7002_RS08965,SYNPCC7002_RS06705,0.0851723907935205
SYNPCC7002_RS10050,SYNPCC7002_RS06720,0.0851675361645031
SYNPCC7002_RS15520,SYNPCC7002_RS07985,0.0851625719830676
SYNPCC7002_RS05135,SYNPCC7002_RS05180,0.0851525195210854
SYNPCC7002_RS06150,SYNPCC7002_RS02345,0.0851495982334745
SYNPCC7002_RS04890,SYNPCC7002_RS06580,0.0851460349137206
SYNPCC7002_RS04650,SYNPCC7002_RS04855,0.0851452125673076
SYNPCC7002_RS08945,SYNPCC7002_RS00665,0.0851407589164809
SYNPCC7002_RS07295,SYNPCC7002_RS07305,0.0851357699171367
SYNPCC7002_RS03030,SYNPCC7002_RS06380,0.0851332550874408
SYNPCC7002_RS09780,SYNPCC7002_RS04270,0.0851312059224814
SYNPCC7002_RS06540,SYNPCC7002_RS02210,0.0851305303496453
SYNPCC7002_RS12395,SYNPCC7002_RS07945,0.0851125718710997
SYNPCC7002_RS03030,SYNPCC7002_RS11400,0.08511048260054
SYNPCC7002_RS10050,SYNPCC7002_RS04950,0.0851100856776079
SYNPCC7002_RS04890,SYNPCC7002_RS04065,0.0851064316483581
SYNPCC7002_RS12395,SYNPCC7002_RS11690,0.0850957079842083
SYNPCC7002_RS08390,SYNPCC7002_RS02025,0.0850937424445312
SYNPCC7002_RS05135,SYNPCC7002_RS13315,0.085083719939238
SYNPCC7002_RS04780,SYNPCC7002_RS11145,0.0850821221587951
SYNPCC7002_RS15410,SYNPCC7002_RS16180,0.0850792115057451
SYNPCC7002_RS08210,SYNPCC7002_RS14740,0.0850775067953491
SYNPCC7002_RS03030,SYNPCC7002_RS04500,0.0850728464949645
SYNPCC7002_RS16320,SYNPCC7002_RS03150,0.0850696949536318
SYNPCC7002_RS09780,SYNPCC7002_RS11355,0.0850693040359297
SYNPCC7002_RS01800,SYNPCC7002_RS01340,0.0850633899676449
SYNPCC7002_RS09995,SYNPCC7002_RS01380,0.0850633280452894
SYNPCC7002_RS15520,SYNPCC7002_RS00965,0.0850629301457519
SYNPCC7002_RS02455,SYNPCC7002_RS16095,0.0850583347639415
SYNPCC7002_RS04250,SYNPCC7002_RS05390,0.0850526103763145
SYNPCC7002_RS00640,SYNPCC7002_RS08770,0.085049801736941
SYNPCC7002_RS12395,SYNPCC7002_RS15055,0.0850438796067462
SYNPCC7002_RS12395,SYNPCC7002_RS05310,0.0850409934501167
SYNPCC7002_RS12395,SYNPCC7002_RS11355,0.0850399263869047
SYNPCC7002_RS09820,SYNPCC7002_RS07290,0.0850362758126424
SYNPCC7002_RS04890,SYNPCC7002_RS10855,0.085034878537202
SYNPCC7002_RS05135,SYNPCC7002_RS02100,0.0850334386883438
SYNPCC7002_RS10050,SYNPCC7002_RS03655,0.0850230350767285
SYNPCC7002_RS09320,SYNPCC7002_RS09490,0.0850194941194884
SYNPCC7002_RS05985,SYNPCC7002_RS13555,0.0850148891855855
SYNPCC7002_RS11685,SYNPCC7002_RS07495,0.0850055643646605
SYNPCC7002_RS08965,SYNPCC7002_RS08540,0.0849986527759332
SYNPCC7002_RS08965,SYNPCC7002_RS00845,0.0849949463755286
SYNPCC7002_RS03295,SYNPCC7002_RS00035,0.0849919961615109
SYNPCC7002_RS14790,SYNPCC7002_RS05325,0.084991717431471
SYNPCC7002_RS10050,SYNPCC7002_RS08995,0.0849859527680528
SYNPCC7002_RS00640,SYNPCC7002_RS16330,0.0849825034939024
SYNPCC7002_RS04650,SYNPCC7002_RS14300,0.0849714094890651
SYNPCC7002_RS12395,SYNPCC7002_RS07825,0.0849685374053254
SYNPCC7002_RS09630,SYNPCC7002_RS14770,0.0849580135139339
SYNPCC7002_RS12105,SYNPCC7002_RS12775,0.0849578092074676
SYNPCC7002_RS09320,SYNPCC7002_RS13070,0.084952238227414
SYNPCC7002_RS05985,SYNPCC7002_RS05750,0.0849447630176045
SYNPCC7002_RS04250,SYNPCC7002_RS11925,0.0849423846371828
SYNPCC7002_RS00690,SYNPCC7002_RS06360,0.084941264361822
SYNPCC7002_RS08390,SYNPCC7002_RS02290,0.0849380550549772
SYNPCC7002_RS05135,SYNPCC7002_RS06350,0.0849351710274113
SYNPCC7002_RS04890,SYNPCC7002_RS06175,0.0849284695167087
SYNPCC7002_RS15255,SYNPCC7002_RS08445,0.0849227393010127
SYNPCC7002_RS10145,SYNPCC7002_RS03990,0.0849201600084035
SYNPCC7002_RS15255,SYNPCC7002_RS05675,0.0849185606521031
SYNPCC7002_RS07385,SYNPCC7002_RS11930,0.0849080578268653
SYNPCC7002_RS01420,SYNPCC7002_RS01650,0.0849035797167943
SYNPCC7002_RS07385,SYNPCC7002_RS08690,0.0849002575946204
SYNPCC7002_RS00010,SYNPCC7002_RS08385,0.0848960312617894
SYNPCC7002_RS09320,SYNPCC7002_RS07985,0.0848941517213079
SYNPCC7002_RS01420,SYNPCC7002_RS16735,0.0848907818872004
SYNPCC7002_RS15410,SYNPCC7002_RS07300,0.0848746089499327
SYNPCC7002_RS12395,SYNPCC7002_RS01745,0.0848695979838951
SYNPCC7002_RS11400,SYNPCC7002_RS09325,0.0848686459281138
SYNPCC7002_RS00640,SYNPCC7002_RS14865,0.0848677833275697
SYNPCC7002_RS16320,SYNPCC7002_RS00365,0.0848645554000568
SYNPCC7002_RS05135,SYNPCC7002_RS17035,0.0848490892304883
SYNPCC7002_RS03950,SYNPCC7002_RS15845,0.0848484124056975
SYNPCC7002_RS05985,SYNPCC7002_RS15165,0.0848476997379313
SYNPCC7002_RS01420,SYNPCC7002_RS14860,0.0848390706144828
SYNPCC7002_RS08255,SYNPCC7002_RS09495,0.0848376612603599
SYNPCC7002_RS07385,SYNPCC7002_RS08640,0.0848357533917264
SYNPCC7002_RS00640,SYNPCC7002_RS06145,0.0848336178301273
SYNPCC7002_RS16320,SYNPCC7002_RS15315,0.0848274002721956
SYNPCC7002_RS01800,SYNPCC7002_RS06520,0.084823771875128
SYNPCC7002_RS01335,SYNPCC7002_RS11810,0.0848170562000866
SYNPCC7002_RS05135,SYNPCC7002_RS03520,0.0848169236292405
SYNPCC7002_RS01085,SYNPCC7002_RS14060,0.0848000231766513
SYNPCC7002_RS04250,SYNPCC7002_RS10680,0.0847991462776764
SYNPCC7002_RS10050,SYNPCC7002_RS09410,0.0847953413736012
SYNPCC7002_RS05135,SYNPCC7002_RS08060,0.0847924122597161
SYNPCC7002_RS05135,SYNPCC7002_RS08190,0.0847878487488083
SYNPCC7002_RS10145,SYNPCC7002_RS11500,0.084785485090551
SYNPCC7002_RS01335,SYNPCC7002_RS08620,0.0847854123172759
SYNPCC7002_RS12395,SYNPCC7002_RS12150,0.0847723104172264
SYNPCC7002_RS08210,SYNPCC7002_RS15740,0.084772285511629
SYNPCC7002_RS12105,SYNPCC7002_RS13125,0.0847678580002052
SYNPCC7002_RS00690,SYNPCC7002_RS08075,0.0847570772356264
SYNPCC7002_RS10050,SYNPCC7002_RS15840,0.0847567201589732
SYNPCC7002_RS10050,SYNPCC7002_RS01330,0.0847341603486586
SYNPCC7002_RS15520,SYNPCC7002_RS08120,0.0847339523679212
SYNPCC7002_RS08390,SYNPCC7002_RS14900,0.0847306294347981
SYNPCC7002_RS12515,SYNPCC7002_RS07520,0.0847271953861304
SYNPCC7002_RS11400,SYNPCC7002_RS04025,0.0847262148426762
SYNPCC7002_RS00640,SYNPCC7002_RS09645,0.0847258211165695
SYNPCC7002_RS01420,SYNPCC7002_RS06570,0.0847239785114875
SYNPCC7002_RS05135,SYNPCC7002_RS05205,0.0847214245178448
SYNPCC7002_RS04250,SYNPCC7002_RS10705,0.0847166759378458
SYNPCC7002_RS10050,SYNPCC7002_RS11175,0.0847125939170354
SYNPCC7002_RS12515,SYNPCC7002_RS17255,0.084705671134657
SYNPCC7002_RS08965,SYNPCC7002_RS06205,0.084700163444471
SYNPCC7002_RS05985,SYNPCC7002_RS17025,0.0847001087734769
SYNPCC7002_RS04890,SYNPCC7002_RS01585,0.0846848451535122
SYNPCC7002_RS00640,SYNPCC7002_RS11555,0.0846726192109816
SYNPCC7002_RS04680,SYNPCC7002_RS00230,0.0846719946387547
SYNPCC7002_RS11685,SYNPCC7002_RS12850,0.0846611419373413
SYNPCC7002_RS05135,SYNPCC7002_RS05390,0.0846580015479157
SYNPCC7002_RS03030,SYNPCC7002_RS08700,0.0846536184503044
SYNPCC7002_RS02455,SYNPCC7002_RS07380,0.0846524323743368
SYNPCC7002_RS03030,SYNPCC7002_RS07155,0.0846382811646961
SYNPCC7002_RS03950,SYNPCC7002_RS08045,0.0846376355004164
SYNPCC7002_RS06540,SYNPCC7002_RS03775,0.0846350092407505
SYNPCC7002_RS09320,SYNPCC7002_RS00470,0.0846302787349533
SYNPCC7002_RS09320,SYNPCC7002_RS16005,0.0846299630411891
SYNPCC7002_RS00650,SYNPCC7002_RS09490,0.0846215211777582
SYNPCC7002_RS15680,SYNPCC7002_RS16060,0.0846182156454635
SYNPCC7002_RS08390,SYNPCC7002_RS00985,0.0846167982227395
SYNPCC7002_RS08255,SYNPCC7002_RS14110,0.0846164935018748
SYNPCC7002_RS15680,SYNPCC7002_RS02060,0.0846067387925116
SYNPCC7002_RS15255,SYNPCC7002_RS08515,0.084602782208243
SYNPCC7002_RS16160,SYNPCC7002_RS07345,0.0846008193688426
SYNPCC7002_RS09780,SYNPCC7002_RS15140,0.0845947162186493
SYNPCC7002_RS15255,SYNPCC7002_RS15010,0.0845883935477904
SYNPCC7002_RS09780,SYNPCC7002_RS10035,0.0845798090947346
SYNPCC7002_RS05135,SYNPCC7002_RS05100,0.0845761919671277
SYNPCC7002_RS00640,SYNPCC7002_RS14620,0.0845730056181963
SYNPCC7002_RS08965,SYNPCC7002_RS04450,0.0845696789007465
SYNPCC7002_RS08210,SYNPCC7002_RS11220,0.0845642435634454
SYNPCC7002_RS10145,SYNPCC7002_RS15535,0.084555824818005
SYNPCC7002_RS07295,SYNPCC7002_RS07515,0.0845532570304572
SYNPCC7002_RS01335,SYNPCC7002_RS16245,0.0845529988758691
SYNPCC7002_RS03030,SYNPCC7002_RS07375,0.0845517902331746
SYNPCC7002_RS15520,SYNPCC7002_RS14290,0.0845513256998457
SYNPCC7002_RS15520,SYNPCC7002_RS10970,0.0845384300458796
SYNPCC7002_RS08210,SYNPCC7002_RS16740,0.0845365754359016
SYNPCC7002_RS03030,SYNPCC7002_RS14160,0.0845301564942859
SYNPCC7002_RS12395,SYNPCC7002_RS05140,0.0845198996310224
SYNPCC7002_RS04890,SYNPCC7002_RS10130,0.0845170745170503
SYNPCC7002_RS15720,SYNPCC7002_RS15680,0.0845100411212194
SYNPCC7002_RS08860,SYNPCC7002_RS15240,0.0845070208359197
SYNPCC7002_RS08390,SYNPCC7002_RS02380,0.0845061158993056
SYNPCC7002_RS08965,SYNPCC7002_RS02730,0.0844950326456395
SYNPCC7002_RS02455,SYNPCC7002_RS08680,0.0844898110732337
SYNPCC7002_RS09820,SYNPCC7002_RS04910,0.0844852906404171
SYNPCC7002_RS04890,SYNPCC7002_RS05390,0.0844841308892331
SYNPCC7002_RS15535,SYNPCC7002_RS12090,0.0844821951825567
SYNPCC7002_RS08965,SYNPCC7002_RS07385,0.0844812860255553
SYNPCC7002_RS04890,SYNPCC7002_RS04845,0.0844794181548288
SYNPCC7002_RS00640,SYNPCC7002_RS04940,0.0844683383567501
SYNPCC7002_RS11685,SYNPCC7002_RS09735,0.0844619335999175
SYNPCC7002_RS12515,SYNPCC7002_RS06425,0.0844509575682051
SYNPCC7002_RS04650,SYNPCC7002_RS09580,0.0844466165379431
SYNPCC7002_RS09780,SYNPCC7002_RS04525,0.0844437207622289
SYNPCC7002_RS02715,SYNPCC7002_RS10195,0.0844390418087885
SYNPCC7002_RS00640,SYNPCC7002_RS03620,0.0844386847216163
SYNPCC7002_RS09630,SYNPCC7002_RS11825,0.0844379188686853
SYNPCC7002_RS03295,SYNPCC7002_RS14360,0.084435350360888
SYNPCC7002_RS01335,SYNPCC7002_RS15800,0.0844305664573865
SYNPCC7002_RS08210,SYNPCC7002_RS09490,0.0844279055487769
SYNPCC7002_RS04780,SYNPCC7002_RS01615,0.0844265520897596
SYNPCC7002_RS08390,SYNPCC7002_RS15025,0.0844230467562934
SYNPCC7002_RS15680,SYNPCC7002_RS15140,0.084421037962601
SYNPCC7002_RS04780,SYNPCC7002_RS04360,0.0844137224655167
SYNPCC7002_RS05135,SYNPCC7002_RS15085,0.0844069749811434
SYNPCC7002_RS15520,SYNPCC7002_RS13320,0.0844047813886777
SYNPCC7002_RS12395,SYNPCC7002_RS00530,0.0844030271349309
SYNPCC7002_RS04890,SYNPCC7002_RS04620,0.0843999233773592
SYNPCC7002_RS03030,SYNPCC7002_RS13985,0.0843947137409147
SYNPCC7002_RS06150,SYNPCC7002_RS01265,0.0843917216172136
SYNPCC7002_RS10050,SYNPCC7002_RS13725,0.084388497453519
SYNPCC7002_RS15995,SYNPCC7002_RS05680,0.0843808049157748
SYNPCC7002_RS08965,SYNPCC7002_RS02350,0.0843801949323904
SYNPCC7002_RS00690,SYNPCC7002_RS04770,0.0843755723864644
SYNPCC7002_RS04250,SYNPCC7002_RS07495,0.0843755560536034
SYNPCC7002_RS04680,SYNPCC7002_RS10405,0.084365222554742
SYNPCC7002_RS11400,SYNPCC7002_RS06925,0.0843519003833899
SYNPCC7002_RS06540,SYNPCC7002_RS04780,0.0843470538160391
SYNPCC7002_RS01420,SYNPCC7002_RS05280,0.0843469632434261
SYNPCC7002_RS04250,SYNPCC7002_RS05475,0.0843464818706464
SYNPCC7002_RS15680,SYNPCC7002_RS08435,0.0843361199901789
SYNPCC7002_RS04780,SYNPCC7002_RS08150,0.0843357046130952
SYNPCC7002_RS12395,SYNPCC7002_RS00285,0.0843338914846493
SYNPCC7002_RS07295,SYNPCC7002_RS07860,0.0843327633589923
SYNPCC7002_RS12090,SYNPCC7002_RS00190,0.0843289806499091
SYNPCC7002_RS12395,SYNPCC7002_RS09560,0.0843268149649776
SYNPCC7002_RS04250,SYNPCC7002_RS06075,0.0843235763047864
SYNPCC7002_RS04780,SYNPCC7002_RS03545,0.0843138660914019
SYNPCC7002_RS02715,SYNPCC7002_RS15485,0.0842986334642957
SYNPCC7002_RS05135,SYNPCC7002_RS12725,0.0842957120072581
SYNPCC7002_RS04650,SYNPCC7002_RS12805,0.0842886616786256
SYNPCC7002_RS08965,SYNPCC7002_RS04955,0.0842870641366777
SYNPCC7002_RS09630,SYNPCC7002_RS16725,0.0842854637206467
SYNPCC7002_RS02715,SYNPCC7002_RS03905,0.084284576699521
SYNPCC7002_RS13450,SYNPCC7002_RS11650,0.0842790375855258
SYNPCC7002_RS04890,SYNPCC7002_RS06350,0.084277111770925
SYNPCC7002_RS01800,SYNPCC7002_RS01960,0.0842652515014284
SYNPCC7002_RS00640,SYNPCC7002_RS15945,0.0842652024900523
SYNPCC7002_RS10525,SYNPCC7002_RS00945,0.0842581555548749
SYNPCC7002_RS04680,SYNPCC7002_RS01460,0.084256964035858
SYNPCC7002_RS04780,SYNPCC7002_RS13335,0.0842509767461807
SYNPCC7002_RS02455,SYNPCC7002_RS11870,0.084249464930145
SYNPCC7002_RS09845,SYNPCC7002_RS13445,0.0842440345550626
SYNPCC7002_RS09780,SYNPCC7002_RS01850,0.0842383533858605
SYNPCC7002_RS03030,SYNPCC7002_RS13570,0.084235103955836
SYNPCC7002_RS07295,SYNPCC7002_RS03100,0.0842302268886621
SYNPCC7002_RS12395,SYNPCC7002_RS11155,0.0842251541395922
SYNPCC7002_RS11400,SYNPCC7002_RS08940,0.0842245275656432
SYNPCC7002_RS00640,SYNPCC7002_RS14625,0.0842104382177646
SYNPCC7002_RS05135,SYNPCC7002_RS15090,0.0841899758639638
SYNPCC7002_RS13450,SYNPCC7002_RS07400,0.0841854396426878
SYNPCC7002_RS04680,SYNPCC7002_RS14130,0.0841798039251365
SYNPCC7002_RS08390,SYNPCC7002_RS16115,0.0841786369757793
SYNPCC7002_RS01420,SYNPCC7002_RS03105,0.0841774075494663
SYNPCC7002_RS15520,SYNPCC7002_RS08495,0.0841719798253544
SYNPCC7002_RS11400,SYNPCC7002_RS06300,0.0841645106873599
SYNPCC7002_RS12395,SYNPCC7002_RS03680,0.0841544288164757
SYNPCC7002_RS05985,SYNPCC7002_RS00810,0.0841416309374153
SYNPCC7002_RS09320,SYNPCC7002_RS03995,0.0841381841508284
SYNPCC7002_RS08390,SYNPCC7002_RS05615,0.0841318651619931
SYNPCC7002_RS05135,SYNPCC7002_RS05395,0.0841290402747903
SYNPCC7002_RS09320,SYNPCC7002_RS04515,0.0841207719030998
SYNPCC7002_RS10050,SYNPCC7002_RS07795,0.0841187666379883
SYNPCC7002_RS10050,SYNPCC7002_RS15080,0.0841045857682389
SYNPCC7002_RS15030,SYNPCC7002_RS14550,0.0840680481769305
SYNPCC7002_RS08390,SYNPCC7002_RS07220,0.0840585154461074
SYNPCC7002_RS09320,SYNPCC7002_RS06140,0.084058323496138
SYNPCC7002_RS09820,SYNPCC7002_RS15120,0.0840496729848531
SYNPCC7002_RS08210,SYNPCC7002_RS02395,0.0840490614997871
SYNPCC7002_RS12395,SYNPCC7002_RS14245,0.0840485136415172
SYNPCC7002_RS01420,SYNPCC7002_RS01695,0.0840483262056561
SYNPCC7002_RS08965,SYNPCC7002_RS06420,0.084047027166709
SYNPCC7002_RS04780,SYNPCC7002_RS13320,0.0840421517359848
SYNPCC7002_RS09260,SYNPCC7002_RS12475,0.084039389371624
SYNPCC7002_RS08965,SYNPCC7002_RS06290,0.0840284890659046
SYNPCC7002_RS05985,SYNPCC7002_RS05760,0.0840202948800928
SYNPCC7002_RS05135,SYNPCC7002_RS17220,0.0840161890400504
SYNPCC7002_RS15520,SYNPCC7002_RS01810,0.0840014357229395
SYNPCC7002_RS03030,SYNPCC7002_RS06945,0.0840000236647502
SYNPCC7002_RS12395,SYNPCC7002_RS00730,0.0839903669077161
SYNPCC7002_RS09320,SYNPCC7002_RS01390,0.0839868606589323
SYNPCC7002_RS04890,SYNPCC7002_RS07940,0.0839860167898183
SYNPCC7002_RS15520,SYNPCC7002_RS01600,0.0839853061853234
SYNPCC7002_RS07385,SYNPCC7002_RS11710,0.0839805282258766
SYNPCC7002_RS16320,SYNPCC7002_RS15980,0.0839802390789451
SYNPCC7002_RS09780,SYNPCC7002_RS02770,0.0839760913146575
SYNPCC7002_RS11400,SYNPCC7002_RS10440,0.0839686187656773
SYNPCC7002_RS15520,SYNPCC7002_RS10115,0.0839675600935868
SYNPCC7002_RS08965,SYNPCC7002_RS11830,0.083949096639984
SYNPCC7002_RS06150,SYNPCC7002_RS15760,0.0839431012653374
SYNPCC7002_RS05135,SYNPCC7002_RS07115,0.0839406220367756
SYNPCC7002_RS12395,SYNPCC7002_RS13530,0.0839308365416094
SYNPCC7002_RS08210,SYNPCC7002_RS14130,0.083921734038375
SYNPCC7002_RS09320,SYNPCC7002_RS02690,0.083918406355238
SYNPCC7002_RS00050,SYNPCC7002_RS08830,0.0839159851523063
SYNPCC7002_RS12395,SYNPCC7002_RS05230,0.0839145546083148
SYNPCC7002_RS06005,SYNPCC7002_RS11755,0.083910156750549
SYNPCC7002_RS04780,SYNPCC7002_RS08585,0.0839097407453674
SYNPCC7002_RS04890,SYNPCC7002_RS02390,0.083908885315934
SYNPCC7002_RS14440,SYNPCC7002_RS04665,0.0839003329291374
SYNPCC7002_RS14440,SYNPCC7002_RS13940,0.0838907655042965
SYNPCC7002_RS01800,SYNPCC7002_RS14465,0.0838831792718075
SYNPCC7002_RS10050,SYNPCC7002_RS07340,0.0838769227015205
SYNPCC7002_RS05135,SYNPCC7002_RS01925,0.0838717024071379
SYNPCC7002_RS10050,SYNPCC7002_RS07825,0.0838701767721435
SYNPCC7002_RS04650,SYNPCC7002_RS04595,0.0838682187727359
SYNPCC7002_RS08965,SYNPCC7002_RS02530,0.0838586660192036
SYNPCC7002_RS07385,SYNPCC7002_RS01265,0.0838515223094063
SYNPCC7002_RS04650,SYNPCC7002_RS08550,0.0838508245292699
SYNPCC7002_RS06540,SYNPCC7002_RS11395,0.0838313121818085
SYNPCC7002_RS15520,SYNPCC7002_RS12165,0.0838276299993042
SYNPCC7002_RS00635,SYNPCC7002_RS00180,0.0838004760175917
SYNPCC7002_RS06540,SYNPCC7002_RS11940,0.0838003697190504
SYNPCC7002_RS08945,SYNPCC7002_RS05905,0.0837937404370194
SYNPCC7002_RS08390,SYNPCC7002_RS13695,0.0837917960486663
SYNPCC7002_RS04780,SYNPCC7002_RS02765,0.0837879994882113
SYNPCC7002_RS08210,SYNPCC7002_RS02525,0.083778721901935
SYNPCC7002_RS00050,SYNPCC7002_RS16625,0.0837661663643588
SYNPCC7002_RS03030,SYNPCC7002_RS06890,0.0837556956233499
SYNPCC7002_RS08945,SYNPCC7002_RS06275,0.0837490387786401
SYNPCC7002_RS08945,SYNPCC7002_RS03760,0.0837481996994203
SYNPCC7002_RS10050,SYNPCC7002_RS12330,0.0837441992339877
SYNPCC7002_RS04890,SYNPCC7002_RS12240,0.0837384955727862
SYNPCC7002_RS11400,SYNPCC7002_RS08815,0.0837368305978889
SYNPCC7002_RS04890,SYNPCC7002_RS01795,0.0837366319169336
SYNPCC7002_RS04780,SYNPCC7002_RS01190,0.0837363782901356
SYNPCC7002_RS04250,SYNPCC7002_RS03580,0.0837260063968601
SYNPCC7002_RS04650,SYNPCC7002_RS12695,0.0837230778862198
SYNPCC7002_RS08175,SYNPCC7002_RS08430,0.0837205782241188
SYNPCC7002_RS00650,SYNPCC7002_RS03820,0.0837137597583985
SYNPCC7002_RS10050,SYNPCC7002_RS05265,0.0837119470656081
SYNPCC7002_RS09780,SYNPCC7002_RS08500,0.0837050426739718
SYNPCC7002_RS15255,SYNPCC7002_RS15160,0.0836893717640326
SYNPCC7002_RS10050,SYNPCC7002_RS00200,0.0836874795615632
SYNPCC7002_RS08945,SYNPCC7002_RS01835,0.0836615749526486
SYNPCC7002_RS09320,SYNPCC7002_RS02120,0.0836560098925662
SYNPCC7002_RS07385,SYNPCC7002_RS00380,0.0836499981642199
SYNPCC7002_RS04250,SYNPCC7002_RS08795,0.083648319067805
SYNPCC7002_RS12395,SYNPCC7002_RS05260,0.0836453331548065
SYNPCC7002_RS09820,SYNPCC7002_RS13050,0.0836124642640624
SYNPCC7002_RS09320,SYNPCC7002_RS08965,0.0836091009040977
SYNPCC7002_RS05135,SYNPCC7002_RS07625,0.0835919799207345
SYNPCC7002_RS03295,SYNPCC7002_RS09050,0.0835886091467775
SYNPCC7002_RS12395,SYNPCC7002_RS17230,0.0835846160185006
SYNPCC7002_RS01420,SYNPCC7002_RS11850,0.0835724051332722
SYNPCC7002_RS08965,SYNPCC7002_RS05735,0.0835697394376746
SYNPCC7002_RS08175,SYNPCC7002_RS02460,0.0835694771439088
SYNPCC7002_RS15520,SYNPCC7002_RS11665,0.0835524691775631
SYNPCC7002_RS11685,SYNPCC7002_RS01865,0.0835485437784178
SYNPCC7002_RS03950,SYNPCC7002_RS14330,0.0835406526673583
SYNPCC7002_RS12395,SYNPCC7002_RS01755,0.0835386050963941
SYNPCC7002_RS04780,SYNPCC7002_RS13370,0.0835308747928284
SYNPCC7002_RS04250,SYNPCC7002_RS08600,0.0835307379124288
SYNPCC7002_RS08210,SYNPCC7002_RS07980,0.0835253519084966
SYNPCC7002_RS03760,SYNPCC7002_RS11890,0.0835252282071495
SYNPCC7002_RS05135,SYNPCC7002_RS03060,0.0835174787735156
SYNPCC7002_RS08965,SYNPCC7002_RS10440,0.0835103849234006
SYNPCC7002_RS07295,SYNPCC7002_RS00690,0.0835098695250179
SYNPCC7002_RS12090,SYNPCC7002_RS05910,0.0835013384229546
SYNPCC7002_RS16320,SYNPCC7002_RS15720,0.0834980814706864
SYNPCC7002_RS10050,SYNPCC7002_RS08780,0.0834843022821673
SYNPCC7002_RS07295,SYNPCC7002_RS14345,0.0834799551285971
SYNPCC7002_RS08965,SYNPCC7002_RS01125,0.0834657038917887
SYNPCC7002_RS15410,SYNPCC7002_RS07860,0.083461171751154
SYNPCC7002_RS08945,SYNPCC7002_RS12130,0.0834605493329729
SYNPCC7002_RS15520,SYNPCC7002_RS14765,0.0834598905775109
SYNPCC7002_RS15520,SYNPCC7002_RS00815,0.0834540016574172
SYNPCC7002_RS00050,SYNPCC7002_RS13395,0.0834439488291628
SYNPCC7002_RS08860,SYNPCC7002_RS03555,0.0834335685052607
SYNPCC7002_RS08965,SYNPCC7002_RS04575,0.0834250165522846
SYNPCC7002_RS14790,SYNPCC7002_RS04805,0.0834245841877282
SYNPCC7002_RS12395,SYNPCC7002_RS00170,0.0834188779805437
SYNPCC7002_RS06540,SYNPCC7002_RS07105,0.0834071756784436
SYNPCC7002_RS04680,SYNPCC7002_RS00235,0.0833994402300162
SYNPCC7002_RS12395,SYNPCC7002_RS16510,0.0833951507230605
SYNPCC7002_RS01085,SYNPCC7002_RS07930,0.0833935049968614
SYNPCC7002_RS06150,SYNPCC7002_RS16950,0.083387158290036
SYNPCC7002_RS09320,SYNPCC7002_RS03485,0.0833850270636201
SYNPCC7002_RS11685,SYNPCC7002_RS09115,0.0833797714558648
SYNPCC7002_RS04650,SYNPCC7002_RS11660,0.0833775117843001
SYNPCC7002_RS11400,SYNPCC7002_RS02885,0.083361979100104
SYNPCC7002_RS06150,SYNPCC7002_RS15750,0.0833597201195915
SYNPCC7002_RS08965,SYNPCC7002_RS13870,0.0833539566220223
SYNPCC7002_RS01420,SYNPCC7002_RS03230,0.0833454240235494
SYNPCC7002_RS07295,SYNPCC7002_RS05335,0.0833452886909482
SYNPCC7002_RS03950,SYNPCC7002_RS05810,0.0833382822166651
SYNPCC7002_RS09845,SYNPCC7002_RS06105,0.0833271199124695
SYNPCC7002_RS09820,SYNPCC7002_RS10710,0.0833251673248898
SYNPCC7002_RS02715,SYNPCC7002_RS10930,0.083316495369818
SYNPCC7002_RS03950,SYNPCC7002_RS11555,0.0833087441980744
SYNPCC7002_RS00640,SYNPCC7002_RS09005,0.0833011404127732
SYNPCC7002_RS15255,SYNPCC7002_RS06460,0.0832920176154621
SYNPCC7002_RS03030,SYNPCC7002_RS00120,0.0832904156664881
SYNPCC7002_RS04890,SYNPCC7002_RS09035,0.0832844988348374
SYNPCC7002_RS01335,SYNPCC7002_RS16115,0.0832740146305846
SYNPCC7002_RS15535,SYNPCC7002_RS09695,0.0832736757237777
SYNPCC7002_RS10145,SYNPCC7002_RS04455,0.0832690886060504
SYNPCC7002_RS01085,SYNPCC7002_RS13050,0.0832637228028657
SYNPCC7002_RS09260,SYNPCC7002_RS12335,0.0832555691810321
SYNPCC7002_RS12395,SYNPCC7002_RS11345,0.0832353253412377
SYNPCC7002_RS15255,SYNPCC7002_RS05685,0.0832330272734447
SYNPCC7002_RS12395,SYNPCC7002_RS02635,0.0832324697985318
SYNPCC7002_RS03950,SYNPCC7002_RS15905,0.083232242068121
SYNPCC7002_RS12105,SYNPCC7002_RS08265,0.0832307214063808
SYNPCC7002_RS04650,SYNPCC7002_RS00885,0.0832248294419824
SYNPCC7002_RS15410,SYNPCC7002_RS01425,0.0832161483848746
SYNPCC7002_RS08210,SYNPCC7002_RS13340,0.0832107885979916
SYNPCC7002_RS15255,SYNPCC7002_RS02040,0.0832022816513384
SYNPCC7002_RS05135,SYNPCC7002_RS01695,0.0831943029540628
SYNPCC7002_RS04890,SYNPCC7002_RS07595,0.0831904853382682
SYNPCC7002_RS15520,SYNPCC7002_RS05630,0.083189267654188
SYNPCC7002_RS08255,SYNPCC7002_RS00675,0.0831839746304895
SYNPCC7002_RS01800,SYNPCC7002_RS03610,0.0831749240320067
SYNPCC7002_RS09320,SYNPCC7002_RS04075,0.0831717237506293
SYNPCC7002_RS15520,SYNPCC7002_RS03395,0.0831652244895432
SYNPCC7002_RS15520,SYNPCC7002_RS10645,0.0831407340590436
SYNPCC7002_RS10050,SYNPCC7002_RS04775,0.0831390863857644
SYNPCC7002_RS15520,SYNPCC7002_RS09550,0.0831302416529991
SYNPCC7002_RS02410,SYNPCC7002_RS12930,0.083121502637058
SYNPCC7002_RS08480,SYNPCC7002_RS09575,0.0831208533095745
SYNPCC7002_RS12515,SYNPCC7002_RS04030,0.0831171400335986
SYNPCC7002_RS09845,SYNPCC7002_RS12965,0.0831141910200525
SYNPCC7002_RS11685,SYNPCC7002_RS11530,0.0830889886260457
SYNPCC7002_RS06150,SYNPCC7002_RS11740,0.0830742066581948
SYNPCC7002_RS00010,SYNPCC7002_RS05465,0.0830658821979708
SYNPCC7002_RS00640,SYNPCC7002_RS16825,0.0830656893267045
SYNPCC7002_RS09320,SYNPCC7002_RS15225,0.0830584427704502
SYNPCC7002_RS15255,SYNPCC7002_RS14645,0.0830510011143597
SYNPCC7002_RS08210,SYNPCC7002_RS04575,0.0830508593230698
SYNPCC7002_RS08945,SYNPCC7002_RS03730,0.0830507459989044
SYNPCC7002_RS04650,SYNPCC7002_RS13955,0.0830438186440065
SYNPCC7002_RS09820,SYNPCC7002_RS11195,0.0830359975282913
SYNPCC7002_RS03030,SYNPCC7002_RS07080,0.0830340236889344
SYNPCC7002_RS08390,SYNPCC7002_RS07435,0.083030594671064
SYNPCC7002_RS09995,SYNPCC7002_RS09530,0.0830284666985822
SYNPCC7002_RS03030,SYNPCC7002_RS08335,0.083028406495507
SYNPCC7002_RS00650,SYNPCC7002_RS05740,0.083025096272508
SYNPCC7002_RS09995,SYNPCC7002_RS04210,0.0830236162153208
SYNPCC7002_RS15680,SYNPCC7002_RS14610,0.0830127622871948
SYNPCC7002_RS10050,SYNPCC7002_RS11000,0.0830106569896164
SYNPCC7002_RS12515,SYNPCC7002_RS08200,0.0830078612491982
SYNPCC7002_RS08965,SYNPCC7002_RS09995,0.0830048253805584
SYNPCC7002_RS03030,SYNPCC7002_RS02940,0.0830001980374162
SYNPCC7002_RS12515,SYNPCC7002_RS00210,0.0829981472977348
SYNPCC7002_RS07385,SYNPCC7002_RS02875,0.082997254512857
SYNPCC7002_RS04890,SYNPCC7002_RS04840,0.0829952353922806
SYNPCC7002_RS01335,SYNPCC7002_RS11050,0.0829917362252072
SYNPCC7002_RS00650,SYNPCC7002_RS06560,0.0829897027604891
SYNPCC7002_RS02455,SYNPCC7002_RS13895,0.0829772405534416
SYNPCC7002_RS05985,SYNPCC7002_RS04270,0.0829765926678568
SYNPCC7002_RS08965,SYNPCC7002_RS01790,0.082973695771908
SYNPCC7002_RS04680,SYNPCC7002_RS15780,0.0829709002660717
SYNPCC7002_RS15410,SYNPCC7002_RS05785,0.0829699147888159
SYNPCC7002_RS15030,SYNPCC7002_RS06650,0.082940441859278
SYNPCC7002_RS04250,SYNPCC7002_RS00355,0.0829333767730248
SYNPCC7002_RS15520,SYNPCC7002_RS14050,0.0829271283343759
SYNPCC7002_RS08945,SYNPCC7002_RS13600,0.0829270101483203
SYNPCC7002_RS09820,SYNPCC7002_RS08085,0.0829146935438551
SYNPCC7002_RS11400,SYNPCC7002_RS11395,0.0829087828789448
SYNPCC7002_RS01800,SYNPCC7002_RS01970,0.0829016951855528
SYNPCC7002_RS06165,SYNPCC7002_RS02755,0.082898599504856
SYNPCC7002_RS00640,SYNPCC7002_RS16455,0.0828926738944495
SYNPCC7002_RS08175,SYNPCC7002_RS08110,0.0828920582825305
SYNPCC7002_RS12515,SYNPCC7002_RS01215,0.0828784835352437
SYNPCC7002_RS08255,SYNPCC7002_RS06195,0.0828765949339627
SYNPCC7002_RS15995,SYNPCC7002_RS14100,0.0828604767845027
SYNPCC7002_RS06540,SYNPCC7002_RS02490,0.0828556790051333
SYNPCC7002_RS10050,SYNPCC7002_RS03535,0.0828526785641525
SYNPCC7002_RS11400,SYNPCC7002_RS11070,0.0828366080126284
SYNPCC7002_RS09320,SYNPCC7002_RS11835,0.0828243808342629
SYNPCC7002_RS05135,SYNPCC7002_RS11240,0.0828214024456907
SYNPCC7002_RS01420,SYNPCC7002_RS07825,0.0828053655439428
SYNPCC7002_RS08390,SYNPCC7002_RS01670,0.0827985625162321
SYNPCC7002_RS08965,SYNPCC7002_RS07280,0.082797102923914
SYNPCC7002_RS00050,SYNPCC7002_RS00525,0.0827854126966342
SYNPCC7002_RS12395,SYNPCC7002_RS04245,0.0827806456490406
SYNPCC7002_RS08175,SYNPCC7002_RS02870,0.082775191639987
SYNPCC7002_RS08390,SYNPCC7002_RS07320,0.082775026050837
SYNPCC7002_RS08210,SYNPCC7002_RS10405,0.0827709261046511
SYNPCC7002_RS15995,SYNPCC7002_RS17055,0.0827532521068098
SYNPCC7002_RS03295,SYNPCC7002_RS15120,0.0827528867216767
SYNPCC7002_RS04250,SYNPCC7002_RS05590,0.082751027132848
SYNPCC7002_RS11400,SYNPCC7002_RS00225,0.082750759568757
SYNPCC7002_RS08255,SYNPCC7002_RS16140,0.0827413702361645
SYNPCC7002_RS05460,SYNPCC7002_RS14335,0.0827312625608219
SYNPCC7002_RS10050,SYNPCC7002_RS11335,0.0827311334900725
SYNPCC7002_RS08175,SYNPCC7002_RS06755,0.082726847755117
SYNPCC7002_RS09780,SYNPCC7002_RS05910,0.0827187726861886
SYNPCC7002_RS09995,SYNPCC7002_RS01705,0.082715242528123
SYNPCC7002_RS10050,SYNPCC7002_RS11330,0.0827138794827903
SYNPCC7002_RS04890,SYNPCC7002_RS12185,0.0826997053044904
SYNPCC7002_RS08255,SYNPCC7002_RS12610,0.0826984619603765
SYNPCC7002_RS11400,SYNPCC7002_RS14175,0.0826945105193793
SYNPCC7002_RS04650,SYNPCC7002_RS05395,0.0826940700223097
SYNPCC7002_RS08965,SYNPCC7002_RS10485,0.082687804814134
SYNPCC7002_RS04780,SYNPCC7002_RS10580,0.0826870759381353
SYNPCC7002_RS04680,SYNPCC7002_RS14275,0.0826750812314827
SYNPCC7002_RS07295,SYNPCC7002_RS03270,0.0826703999851504
SYNPCC7002_RS00260,SYNPCC7002_RS09060,0.0826535918937189
SYNPCC7002_RS03030,SYNPCC7002_RS02735,0.0826453628724938
SYNPCC7002_RS10050,SYNPCC7002_RS16840,0.0826391690563323
SYNPCC7002_RS04780,SYNPCC7002_RS06185,0.0826340353139673
SYNPCC7002_RS09995,SYNPCC7002_RS08850,0.0826311164661101
SYNPCC7002_RS05985,SYNPCC7002_RS05430,0.0826302557086633
SYNPCC7002_RS01800,SYNPCC7002_RS00905,0.082608675718258
SYNPCC7002_RS12090,SYNPCC7002_RS08470,0.0826043261745122
SYNPCC7002_RS04650,SYNPCC7002_RS00045,0.0825996718892873
SYNPCC7002_RS05460,SYNPCC7002_RS02185,0.0825993872740292
SYNPCC7002_RS08965,SYNPCC7002_RS10750,0.0825907443520408
SYNPCC7002_RS12395,SYNPCC7002_RS07890,0.0825894572028457
SYNPCC7002_RS08175,SYNPCC7002_RS12685,0.0825878395266187
SYNPCC7002_RS15520,SYNPCC7002_RS11720,0.0825845720204815
SYNPCC7002_RS09820,SYNPCC7002_RS10805,0.0825770598252598
SYNPCC7002_RS04250,SYNPCC7002_RS11250,0.0825645434333411
SYNPCC7002_RS01420,SYNPCC7002_RS08870,0.0825592180475216
SYNPCC7002_RS07295,SYNPCC7002_RS15555,0.082544611097395
SYNPCC7002_RS00650,SYNPCC7002_RS12135,0.0825436151283069
SYNPCC7002_RS09320,SYNPCC7002_RS11290,0.0825391773763944
SYNPCC7002_RS04780,SYNPCC7002_RS13245,0.0825381859641274
SYNPCC7002_RS06005,SYNPCC7002_RS13885,0.082534980338153
SYNPCC7002_RS08965,SYNPCC7002_RS01845,0.0825323759800525
SYNPCC7002_RS07385,SYNPCC7002_RS13025,0.0825306095843927
SYNPCC7002_RS03760,SYNPCC7002_RS13390,0.0825230979878465
SYNPCC7002_RS12395,SYNPCC7002_RS05955,0.0825022691618884
SYNPCC7002_RS09995,SYNPCC7002_RS05755,0.0824888368398568
SYNPCC7002_RS01420,SYNPCC7002_RS12185,0.0824887451263785
SYNPCC7002_RS12515,SYNPCC7002_RS03440,0.0824884018865038
SYNPCC7002_RS03030,SYNPCC7002_RS02485,0.0824741134159224
SYNPCC7002_RS03030,SYNPCC7002_RS16065,0.0824727683111521
SYNPCC7002_RS04780,SYNPCC7002_RS08565,0.0824648224333097
SYNPCC7002_RS03030,SYNPCC7002_RS12030,0.0824635521543178
SYNPCC7002_RS11400,SYNPCC7002_RS00210,0.0824557894871894
SYNPCC7002_RS11400,SYNPCC7002_RS03455,0.0824530968774491
SYNPCC7002_RS00650,SYNPCC7002_RS00655,0.0824457653920497
SYNPCC7002_RS07295,SYNPCC7002_RS06165,0.0824433359899436
SYNPCC7002_RS03030,SYNPCC7002_RS01260,0.0824397275816999
SYNPCC7002_RS05460,SYNPCC7002_RS14630,0.0824365305003456
SYNPCC7002_RS10050,SYNPCC7002_RS03415,0.0824343188103331
SYNPCC7002_RS09320,SYNPCC7002_RS12025,0.0824335263071335
SYNPCC7002_RS04250,SYNPCC7002_RS16905,0.0824331603886153
SYNPCC7002_RS15680,SYNPCC7002_RS14560,0.0824268958410699
SYNPCC7002_RS04680,SYNPCC7002_RS08730,0.0824224570191385
SYNPCC7002_RS04250,SYNPCC7002_RS14295,0.0824212423228814
SYNPCC7002_RS05135,SYNPCC7002_RS13080,0.0824126157464741
SYNPCC7002_RS09995,SYNPCC7002_RS11995,0.082399872348808
SYNPCC7002_RS09780,SYNPCC7002_RS16995,0.0823929733793605
SYNPCC7002_RS08945,SYNPCC7002_RS10090,0.0823810401533907
SYNPCC7002_RS00690,SYNPCC7002_RS10535,0.0823762057435687
SYNPCC7002_RS11400,SYNPCC7002_RS07210,0.0823745271275698
SYNPCC7002_RS04650,SYNPCC7002_RS05595,0.0823724589643559
SYNPCC7002_RS09175,SYNPCC7002_RS00165,0.0823578812706291
SYNPCC7002_RS16160,SYNPCC7002_RS04800,0.0823474585147745
SYNPCC7002_RS08390,SYNPCC7002_RS02585,0.082342381998852
SYNPCC7002_RS15520,SYNPCC7002_RS08730,0.0823407195255776
SYNPCC7002_RS04250,SYNPCC7002_RS04380,0.0823342843860659
SYNPCC7002_RS14440,SYNPCC7002_RS14415,0.0823340436861836
SYNPCC7002_RS06540,SYNPCC7002_RS10065,0.0823335440425536
SYNPCC7002_RS11685,SYNPCC7002_RS03525,0.0823283362883718
SYNPCC7002_RS02455,SYNPCC7002_RS13985,0.0823147692692814
SYNPCC7002_RS03030,SYNPCC7002_RS13700,0.082314072118045
SYNPCC7002_RS12395,SYNPCC7002_RS07590,0.0823128953973328
SYNPCC7002_RS15680,SYNPCC7002_RS11475,0.0822915755808803
SYNPCC7002_RS04780,SYNPCC7002_RS13860,0.0822871384975109
SYNPCC7002_RS01800,SYNPCC7002_RS05695,0.0822710656571361
SYNPCC7002_RS12515,SYNPCC7002_RS08530,0.082269447036695
SYNPCC7002_RS08965,SYNPCC7002_RS01225,0.082269301770774
SYNPCC7002_RS01420,SYNPCC7002_RS02980,0.0822656150430627
SYNPCC7002_RS09320,SYNPCC7002_RS08740,0.0822653286997908
SYNPCC7002_RS04680,SYNPCC7002_RS05575,0.0822650923112477
SYNPCC7002_RS05135,SYNPCC7002_RS16750,0.082259928063441
SYNPCC7002_RS12395,SYNPCC7002_RS14205,0.0822533840769335
SYNPCC7002_RS00690,SYNPCC7002_RS09500,0.0822514914879906
SYNPCC7002_RS04650,SYNPCC7002_RS12670,0.0822509610710225
SYNPCC7002_RS01420,SYNPCC7002_RS01595,0.0822434394947694
SYNPCC7002_RS12395,SYNPCC7002_RS08010,0.0822386504781971
SYNPCC7002_RS16320,SYNPCC7002_RS15805,0.0822275823055803
SYNPCC7002_RS12105,SYNPCC7002_RS00705,0.0822197808773556
SYNPCC7002_RS01085,SYNPCC7002_RS02295,0.0822170402432607
SYNPCC7002_RS09630,SYNPCC7002_RS02345,0.0822128459954401
SYNPCC7002_RS03760,SYNPCC7002_RS11245,0.0822110293759026
SYNPCC7002_RS05135,SYNPCC7002_RS09575,0.0822073489219688
SYNPCC7002_RS05135,SYNPCC7002_RS05240,0.0822069834233367
SYNPCC7002_RS15520,SYNPCC7002_RS01815,0.0822057011793509
SYNPCC7002_RS01420,SYNPCC7002_RS01005,0.0821963008484702
SYNPCC7002_RS12090,SYNPCC7002_RS03725,0.0821695269077552
SYNPCC7002_RS04680,SYNPCC7002_RS13385,0.0821668460284463
SYNPCC7002_RS04650,SYNPCC7002_RS02680,0.0821656425916846
SYNPCC7002_RS03295,SYNPCC7002_RS12890,0.0821622977183837
SYNPCC7002_RS12515,SYNPCC7002_RS03515,0.0821579427252576
SYNPCC7002_RS15255,SYNPCC7002_RS05070,0.0821576401535241
SYNPCC7002_RS03030,SYNPCC7002_RS12780,0.0821553500062436
SYNPCC7002_RS04680,SYNPCC7002_RS16030,0.0821525930674467
SYNPCC7002_RS11400,SYNPCC7002_RS10080,0.0821222575533813
SYNPCC7002_RS15255,SYNPCC7002_RS14770,0.0821153631679659
SYNPCC7002_RS15410,SYNPCC7002_RS14910,0.0821143541392936
SYNPCC7002_RS00050,SYNPCC7002_RS00770,0.0821119543675795
SYNPCC7002_RS09260,SYNPCC7002_RS10535,0.0821048714645121
SYNPCC7002_RS01800,SYNPCC7002_RS10550,0.0821003027841841
SYNPCC7002_RS12090,SYNPCC7002_RS13100,0.0820952719078059
SYNPCC7002_RS03760,SYNPCC7002_RS02220,0.0820937109292645
SYNPCC7002_RS12395,SYNPCC7002_RS02575,0.0820932698875897
SYNPCC7002_RS15520,SYNPCC7002_RS13975,0.0820886823354011
SYNPCC7002_RS16320,SYNPCC7002_RS03195,0.0820830501071311
SYNPCC7002_RS08210,SYNPCC7002_RS03590,0.0820772154307829
SYNPCC7002_RS06150,SYNPCC7002_RS07955,0.0820745516804975
SYNPCC7002_RS08390,SYNPCC7002_RS15040,0.0820744488678533
SYNPCC7002_RS12515,SYNPCC7002_RS15905,0.0820730869364393
SYNPCC7002_RS10050,SYNPCC7002_RS14860,0.082072834374467
SYNPCC7002_RS04890,SYNPCC7002_RS08305,0.0820724368582254
SYNPCC7002_RS03950,SYNPCC7002_RS11195,0.0820623139970863
SYNPCC7002_RS07295,SYNPCC7002_RS08715,0.0820442009829094
SYNPCC7002_RS00050,SYNPCC7002_RS04520,0.0820428731866765
SYNPCC7002_RS08210,SYNPCC7002_RS08120,0.0820402472268036
SYNPCC7002_RS04650,SYNPCC7002_RS04115,0.0820280648697852
SYNPCC7002_RS07295,SYNPCC7002_RS12010,0.0820280060920573
SYNPCC7002_RS08945,SYNPCC7002_RS10575,0.0820276914226508
SYNPCC7002_RS05985,SYNPCC7002_RS16075,0.0820213391183925
SYNPCC7002_RS00640,SYNPCC7002_RS01145,0.0820158687593047
SYNPCC7002_RS05135,SYNPCC7002_RS02515,0.0820150262398021
SYNPCC7002_RS09260,SYNPCC7002_RS13415,0.0820103750950671
SYNPCC7002_RS09780,SYNPCC7002_RS04140,0.0820088593134918
SYNPCC7002_RS00640,SYNPCC7002_RS06155,0.0820056735211477
SYNPCC7002_RS14440,SYNPCC7002_RS13930,0.0820027838777833
SYNPCC7002_RS04650,SYNPCC7002_RS04010,0.0819912370628369
SYNPCC7002_RS09320,SYNPCC7002_RS10690,0.0819757251432874
SYNPCC7002_RS12395,SYNPCC7002_RS05550,0.081971046388019
SYNPCC7002_RS05985,SYNPCC7002_RS01485,0.0819696488937385
SYNPCC7002_RS04250,SYNPCC7002_RS04375,0.0819674371730983
SYNPCC7002_RS10050,SYNPCC7002_RS03745,0.0819606717258276
SYNPCC7002_RS15520,SYNPCC7002_RS03565,0.0819602266329306
SYNPCC7002_RS11685,SYNPCC7002_RS12020,0.081956592441602
SYNPCC7002_RS04780,SYNPCC7002_RS07990,0.0819487952432025
SYNPCC7002_RS01335,SYNPCC7002_RS15775,0.0819404081279254
SYNPCC7002_RS04780,SYNPCC7002_RS15250,0.0819315898271768
SYNPCC7002_RS09090,SYNPCC7002_RS15720,0.0819315491831954
SYNPCC7002_RS13450,SYNPCC7002_RS07920,0.0819310878130683
SYNPCC7002_RS04250,SYNPCC7002_RS02265,0.0819127134147324
SYNPCC7002_RS09420,SYNPCC7002_RS01915,0.0819120315588601
SYNPCC7002_RS15520,SYNPCC7002_RS07990,0.0819053581290723
SYNPCC7002_RS04890,SYNPCC7002_RS07590,0.0818907987902029
SYNPCC7002_RS05135,SYNPCC7002_RS01980,0.0818894948877998
SYNPCC7002_RS15520,SYNPCC7002_RS03155,0.081864419470604
SYNPCC7002_RS04650,SYNPCC7002_RS03910,0.0818613371441136
SYNPCC7002_RS08860,SYNPCC7002_RS03925,0.0818593197661646
SYNPCC7002_RS15030,SYNPCC7002_RS14985,0.0818590719040142
SYNPCC7002_RS09320,SYNPCC7002_RS13250,0.0818564543865206
SYNPCC7002_RS12395,SYNPCC7002_RS11100,0.0818503718677687
SYNPCC7002_RS11400,SYNPCC7002_RS12390,0.0818429535186371
SYNPCC7002_RS10050,SYNPCC7002_RS06580,0.0818419532767562
SYNPCC7002_RS03030,SYNPCC7002_RS04710,0.0818328520944883
SYNPCC7002_RS08255,SYNPCC7002_RS10935,0.081832506709778
SYNPCC7002_RS09175,SYNPCC7002_RS11915,0.0818299944641765
SYNPCC7002_RS04250,SYNPCC7002_RS13630,0.081824003283558
SYNPCC7002_RS08390,SYNPCC7002_RS11795,0.0818211356257031
SYNPCC7002_RS04780,SYNPCC7002_RS11740,0.0817970279600507
SYNPCC7002_RS08965,SYNPCC7002_RS12025,0.0817947940998287
SYNPCC7002_RS00650,SYNPCC7002_RS12230,0.0817748389026484
SYNPCC7002_RS03030,SYNPCC7002_RS03015,0.0817746525297895
SYNPCC7002_RS03030,SYNPCC7002_RS03565,0.0817729179788089
SYNPCC7002_RS05135,SYNPCC7002_RS16795,0.0817686305954947
SYNPCC7002_RS11400,SYNPCC7002_RS11085,0.0817655956976737
SYNPCC7002_RS05460,SYNPCC7002_RS15265,0.0817576276753138
SYNPCC7002_RS09320,SYNPCC7002_RS06420,0.0817541889647077
SYNPCC7002_RS09630,SYNPCC7002_RS00070,0.081751617055045
SYNPCC7002_RS08965,SYNPCC7002_RS12660,0.0817475873785809
SYNPCC7002_RS01335,SYNPCC7002_RS05915,0.0817455313588826
SYNPCC7002_RS12395,SYNPCC7002_RS03275,0.0817413048202535
SYNPCC7002_RS04780,SYNPCC7002_RS05415,0.0817362493923446
SYNPCC7002_RS02715,SYNPCC7002_RS07865,0.0817297466495694
SYNPCC7002_RS02715,SYNPCC7002_RS06010,0.0817278649410583
SYNPCC7002_RS09820,SYNPCC7002_RS17140,0.0817226613541372
SYNPCC7002_RS01800,SYNPCC7002_RS14990,0.0817135308404796
SYNPCC7002_RS00010,SYNPCC7002_RS00570,0.0817111809846022
SYNPCC7002_RS12395,SYNPCC7002_RS10950,0.0816917781017059
SYNPCC7002_RS06005,SYNPCC7002_RS14550,0.0816886407898944
SYNPCC7002_RS11685,SYNPCC7002_RS11660,0.0816816383820619
SYNPCC7002_RS14790,SYNPCC7002_RS05345,0.081677317751212
SYNPCC7002_RS01420,SYNPCC7002_RS07795,0.0816664315577494
SYNPCC7002_RS00640,SYNPCC7002_RS04605,0.0816639920993921
SYNPCC7002_RS09780,SYNPCC7002_RS02975,0.081658196643126
SYNPCC7002_RS06150,SYNPCC7002_RS12705,0.0816497005980775
SYNPCC7002_RS09780,SYNPCC7002_RS16125,0.0816445581179323
SYNPCC7002_RS01800,SYNPCC7002_RS12450,0.0816441373546316
SYNPCC7002_RS09175,SYNPCC7002_RS07675,0.0816349936171718
SYNPCC7002_RS09175,SYNPCC7002_RS04300,0.0816077934067134
SYNPCC7002_RS00260,SYNPCC7002_RS02670,0.081605101037681
SYNPCC7002_RS09260,SYNPCC7002_RS16055,0.0816027890139577
SYNPCC7002_RS08255,SYNPCC7002_RS06475,0.0816009209973677
SYNPCC7002_RS07295,SYNPCC7002_RS01995,0.0815924312032235
SYNPCC7002_RS15520,SYNPCC7002_RS15445,0.0815862274516159
SYNPCC7002_RS09820,SYNPCC7002_RS03080,0.0815828027817794
SYNPCC7002_RS03030,SYNPCC7002_RS10240,0.0815701423571383
SYNPCC7002_RS09820,SYNPCC7002_RS05160,0.0815566585868846
SYNPCC7002_RS10050,SYNPCC7002_RS04370,0.0815552464348345
SYNPCC7002_RS12395,SYNPCC7002_RS14300,0.0815518701895135
SYNPCC7002_RS09195,SYNPCC7002_RS02570,0.081550398930976
SYNPCC7002_RS16320,SYNPCC7002_RS15655,0.081545023406859
SYNPCC7002_RS02715,SYNPCC7002_RS12630,0.0815378661023956
SYNPCC7002_RS08860,SYNPCC7002_RS07215,0.0815319191868765
SYNPCC7002_RS02715,SYNPCC7002_RS04915,0.0815152018689679
SYNPCC7002_RS04680,SYNPCC7002_RS08460,0.0815069974056754
SYNPCC7002_RS01420,SYNPCC7002_RS05250,0.0815046063030542
SYNPCC7002_RS05460,SYNPCC7002_RS15810,0.081491568006969
SYNPCC7002_RS04890,SYNPCC7002_RS04615,0.0814901712064778
SYNPCC7002_RS09630,SYNPCC7002_RS06325,0.0814879199664252
SYNPCC7002_RS05460,SYNPCC7002_RS09410,0.0814869466135713
SYNPCC7002_RS04890,SYNPCC7002_RS03580,0.0814814256697778
SYNPCC7002_RS06540,SYNPCC7002_RS13280,0.0814678903309609
SYNPCC7002_RS00690,SYNPCC7002_RS15290,0.0814601859310645
SYNPCC7002_RS08965,SYNPCC7002_RS04025,0.081457140227625
SYNPCC7002_RS10050,SYNPCC7002_RS03210,0.0814511453754078
SYNPCC7002_RS01335,SYNPCC7002_RS06835,0.0814491780322922
SYNPCC7002_RS08175,SYNPCC7002_RS10410,0.0814475802044188
SYNPCC7002_RS04780,SYNPCC7002_RS03880,0.0814422428598817
SYNPCC7002_RS05460,SYNPCC7002_RS15305,0.0814418442609214
SYNPCC7002_RS01800,SYNPCC7002_RS12885,0.0814387697148038
SYNPCC7002_RS04250,SYNPCC7002_RS11030,0.0814383721016453
SYNPCC7002_RS09845,SYNPCC7002_RS07025,0.0814342505633357
SYNPCC7002_RS02455,SYNPCC7002_RS02320,0.0814205916277209
SYNPCC7002_RS15520,SYNPCC7002_RS16200,0.0814176881990821
SYNPCC7002_RS09780,SYNPCC7002_RS04585,0.0814129332948782
SYNPCC7002_RS00650,SYNPCC7002_RS16570,0.081412547697026
SYNPCC7002_RS03030,SYNPCC7002_RS00460,0.0814115600003136
SYNPCC7002_RS06540,SYNPCC7002_RS06485,0.0814101517980582
SYNPCC7002_RS04780,SYNPCC7002_RS14140,0.0814084419652355
SYNPCC7002_RS08210,SYNPCC7002_RS13325,0.0814029522156388
SYNPCC7002_RS00010,SYNPCC7002_RS12935,0.081395399385781
SYNPCC7002_RS14440,SYNPCC7002_RS00405,0.0813748390071705
SYNPCC7002_RS09820,SYNPCC7002_RS02025,0.0813662968850272
SYNPCC7002_RS04890,SYNPCC7002_RS08475,0.08135582099121
SYNPCC7002_RS16160,SYNPCC7002_RS17045,0.0813521301583156
SYNPCC7002_RS08945,SYNPCC7002_RS06695,0.0813493048599858
SYNPCC7002_RS10050,SYNPCC7002_RS09645,0.0813429066960316
SYNPCC7002_RS04650,SYNPCC7002_RS05550,0.0813417119815465
SYNPCC7002_RS02715,SYNPCC7002_RS15630,0.0813356320400907
SYNPCC7002_RS01335,SYNPCC7002_RS07180,0.0813275634312782
SYNPCC7002_RS04250,SYNPCC7002_RS08400,0.0813149724704506
SYNPCC7002_RS05135,SYNPCC7002_RS12985,0.0813034517710392
SYNPCC7002_RS07295,SYNPCC7002_RS04830,0.081303147453383
SYNPCC7002_RS08210,SYNPCC7002_RS03570,0.0812887691316028
SYNPCC7002_RS05985,SYNPCC7002_RS16140,0.0812815767891358
SYNPCC7002_RS00690,SYNPCC7002_RS11645,0.0812782699010226
SYNPCC7002_RS16320,SYNPCC7002_RS14760,0.0812774870939212
SYNPCC7002_RS00640,SYNPCC7002_RS13705,0.0812583949984545
SYNPCC7002_RS01420,SYNPCC7002_RS15405,0.081257574829113
SYNPCC7002_RS09820,SYNPCC7002_RS01690,0.0812521619078912
SYNPCC7002_RS06005,SYNPCC7002_RS07175,0.0812506209648229
SYNPCC7002_RS04290,SYNPCC7002_RS01970,0.0812442293992382
SYNPCC7002_RS01085,SYNPCC7002_RS05780,0.0812378639044045
SYNPCC7002_RS15410,SYNPCC7002_RS16270,0.0812283163075385
SYNPCC7002_RS03030,SYNPCC7002_RS00220,0.0812255316397825
SYNPCC7002_RS05985,SYNPCC7002_RS08600,0.0812183236340626
SYNPCC7002_RS02455,SYNPCC7002_RS04750,0.081215696534591
SYNPCC7002_RS04650,SYNPCC7002_RS03465,0.0812139985243343
SYNPCC7002_RS01800,SYNPCC7002_RS08765,0.0812103790731887
SYNPCC7002_RS02715,SYNPCC7002_RS01940,0.0812055698319177
SYNPCC7002_RS05985,SYNPCC7002_RS02270,0.0812036357549763
SYNPCC7002_RS00050,SYNPCC7002_RS02055,0.0812018130579504
SYNPCC7002_RS05135,SYNPCC7002_RS12240,0.0811934733388156
SYNPCC7002_RS03295,SYNPCC7002_RS14355,0.0811905450053475
SYNPCC7002_RS00650,SYNPCC7002_RS04465,0.0811875929124964
SYNPCC7002_RS08390,SYNPCC7002_RS03435,0.0811806284987768
SYNPCC7002_RS02715,SYNPCC7002_RS04605,0.0811722661815549
SYNPCC7002_RS04780,SYNPCC7002_RS04445,0.0811705937460392
SYNPCC7002_RS10050,SYNPCC7002_RS07835,0.0811705696240108
SYNPCC7002_RS08255,SYNPCC7002_RS01375,0.0811674390237137
SYNPCC7002_RS02715,SYNPCC7002_RS05210,0.0811650415551632
SYNPCC7002_RS15720,SYNPCC7002_RS15335,0.0811642893050687
SYNPCC7002_RS08210,SYNPCC7002_RS13715,0.081138168244149
SYNPCC7002_RS09090,SYNPCC7002_RS06130,0.081133806958894
SYNPCC7002_RS03760,SYNPCC7002_RS03130,0.0811291658317383
SYNPCC7002_RS02455,SYNPCC7002_RS12755,0.0811131095288264
SYNPCC7002_RS03950,SYNPCC7002_RS14775,0.081109088103476
SYNPCC7002_RS04780,SYNPCC7002_RS07145,0.0811045841176175
SYNPCC7002_RS14440,SYNPCC7002_RS09420,0.0810875058007601
SYNPCC7002_RS05135,SYNPCC7002_RS08665,0.0810865620385628
SYNPCC7002_RS00260,SYNPCC7002_RS15960,0.0810765349176544
SYNPCC7002_RS12395,SYNPCC7002_RS07600,0.0810726504563955
SYNPCC7002_RS03950,SYNPCC7002_RS14840,0.0810711161899427
SYNPCC7002_RS04250,SYNPCC7002_RS10985,0.0810701459123012
SYNPCC7002_RS06540,SYNPCC7002_RS11480,0.081067945725391
SYNPCC7002_RS15255,SYNPCC7002_RS04665,0.0810636938789971
SYNPCC7002_RS08965,SYNPCC7002_RS06300,0.0810633159970375
SYNPCC7002_RS01335,SYNPCC7002_RS05785,0.0810500611466701
SYNPCC7002_RS07385,SYNPCC7002_RS10520,0.0810439103491734
SYNPCC7002_RS07385,SYNPCC7002_RS12965,0.0810337964719583
SYNPCC7002_RS04780,SYNPCC7002_RS13420,0.0810331166248759
SYNPCC7002_RS09780,SYNPCC7002_RS16140,0.0810281801298009
SYNPCC7002_RS05460,SYNPCC7002_RS15500,0.0810190473948611
SYNPCC7002_RS10050,SYNPCC7002_RS13065,0.0810151093538491
SYNPCC7002_RS09820,SYNPCC7002_RS10660,0.0810008115216338
SYNPCC7002_RS01420,SYNPCC7002_RS09580,0.0810004665514046
SYNPCC7002_RS12395,SYNPCC7002_RS00345,0.0809978348310057
SYNPCC7002_RS06005,SYNPCC7002_RS06650,0.0809933609985435
SYNPCC7002_RS09995,SYNPCC7002_RS02245,0.0809899216913995
SYNPCC7002_RS03030,SYNPCC7002_RS16730,0.0809838048388782
SYNPCC7002_RS02455,SYNPCC7002_RS14780,0.0809832896771658
SYNPCC7002_RS09995,SYNPCC7002_RS06700,0.080981492797047
SYNPCC7002_RS09320,SYNPCC7002_RS08950,0.0809720066498964
SYNPCC7002_RS12395,SYNPCC7002_RS07535,0.080970030533715
SYNPCC7002_RS15520,SYNPCC7002_RS15190,0.080945326374751
SYNPCC7002_RS10050,SYNPCC7002_RS05800,0.0809387756088871
SYNPCC7002_RS11400,SYNPCC7002_RS10750,0.080933473175767
SYNPCC7002_RS05460,SYNPCC7002_RS15080,0.0809259054659191
SYNPCC7002_RS15520,SYNPCC7002_RS16190,0.0809253917734395
SYNPCC7002_RS04250,SYNPCC7002_RS11610,0.0809239613329688
SYNPCC7002_RS05135,SYNPCC7002_RS02960,0.0809104457127426
SYNPCC7002_RS07385,SYNPCC7002_RS04500,0.0809083932491204
SYNPCC7002_RS03760,SYNPCC7002_RS02930,0.0809062169774933
SYNPCC7002_RS08965,SYNPCC7002_RS05380,0.0809045233722626
SYNPCC7002_RS01420,SYNPCC7002_RS01755,0.0808996095239909
SYNPCC7002_RS09820,SYNPCC7002_RS11805,0.0808795465706358
SYNPCC7002_RS15255,SYNPCC7002_RS16955,0.080859986926452
SYNPCC7002_RS09320,SYNPCC7002_RS10345,0.0808593930973745
SYNPCC7002_RS03030,SYNPCC7002_RS15740,0.080857027226798
SYNPCC7002_RS01335,SYNPCC7002_RS05335,0.0808559324600997
SYNPCC7002_RS04890,SYNPCC7002_RS05110,0.0808553299105422
SYNPCC7002_RS05985,SYNPCC7002_RS08230,0.0808314116337274
SYNPCC7002_RS15520,SYNPCC7002_RS11220,0.0808210619284946
SYNPCC7002_RS07385,SYNPCC7002_RS10645,0.0808087730674838
SYNPCC7002_RS09320,SYNPCC7002_RS03590,0.0808022489755867
SYNPCC7002_RS15520,SYNPCC7002_RS06120,0.0807987016437545
SYNPCC7002_RS03030,SYNPCC7002_RS08255,0.0807963853331331
SYNPCC7002_RS01800,SYNPCC7002_RS12880,0.0807939853048811
SYNPCC7002_RS08965,SYNPCC7002_RS10905,0.0807886125389051
SYNPCC7002_RS08255,SYNPCC7002_RS01065,0.0807881155641733
SYNPCC7002_RS15520,SYNPCC7002_RS06775,0.0807820037195333
SYNPCC7002_RS12515,SYNPCC7002_RS10795,0.0807706803859681
SYNPCC7002_RS11685,SYNPCC7002_RS03285,0.0807629443873003
SYNPCC7002_RS09820,SYNPCC7002_RS12995,0.0807509424415195
SYNPCC7002_RS04780,SYNPCC7002_RS11940,0.0807508892275158
SYNPCC7002_RS09260,SYNPCC7002_RS12465,0.0807462727687047
SYNPCC7002_RS06540,SYNPCC7002_RS01615,0.0807458256661792
SYNPCC7002_RS03760,SYNPCC7002_RS09870,0.080744811572512
SYNPCC7002_RS15255,SYNPCC7002_RS04135,0.0807433131748581
SYNPCC7002_RS04250,SYNPCC7002_RS05995,0.0807425948897267
SYNPCC7002_RS10050,SYNPCC7002_RS12120,0.0807299837631429
SYNPCC7002_RS10050,SYNPCC7002_RS03075,0.0807255399390358
SYNPCC7002_RS04680,SYNPCC7002_RS06795,0.0807238059453398
SYNPCC7002_RS04250,SYNPCC7002_RS16260,0.0807155188851777
SYNPCC7002_RS05460,SYNPCC7002_RS14855,0.0807142001005489
SYNPCC7002_RS09320,SYNPCC7002_RS04600,0.0807128704337553
SYNPCC7002_RS01420,SYNPCC7002_RS17035,0.0807102715775278
SYNPCC7002_RS02715,SYNPCC7002_RS08895,0.0807033082893419
SYNPCC7002_RS08255,SYNPCC7002_RS13835,0.0807029390510802
SYNPCC7002_RS08210,SYNPCC7002_RS01750,0.0806952132132039
SYNPCC7002_RS09320,SYNPCC7002_RS06070,0.0806905349370167
SYNPCC7002_RS07295,SYNPCC7002_RS15480,0.0806796279392607
SYNPCC7002_RS01335,SYNPCC7002_RS02030,0.0806790739043071
SYNPCC7002_RS04680,SYNPCC7002_RS12870,0.0806788992953646
SYNPCC7002_RS15410,SYNPCC7002_RS08990,0.0806788915679431
SYNPCC7002_RS00010,SYNPCC7002_RS11385,0.080677936289638
SYNPCC7002_RS12105,SYNPCC7002_RS09275,0.0806748440275864
SYNPCC7002_RS15520,SYNPCC7002_RS15925,0.0806645953379189
SYNPCC7002_RS10050,SYNPCC7002_RS02960,0.0806625142166346
SYNPCC7002_RS08965,SYNPCC7002_RS03590,0.080661135322893
SYNPCC7002_RS01420,SYNPCC7002_RS08315,0.0806573777795075
SYNPCC7002_RS12105,SYNPCC7002_RS08925,0.080649080556763
SYNPCC7002_RS16320,SYNPCC7002_RS15305,0.0806412506220446
SYNPCC7002_RS15680,SYNPCC7002_RS15100,0.0806329465560796
SYNPCC7002_RS07385,SYNPCC7002_RS09070,0.0806302309767115
SYNPCC7002_RS08255,SYNPCC7002_RS02855,0.0806273105976891
SYNPCC7002_RS04890,SYNPCC7002_RS11360,0.0806265136163432
SYNPCC7002_RS08210,SYNPCC7002_RS12700,0.0806259456901211
SYNPCC7002_RS08390,SYNPCC7002_RS08100,0.0806239757716994
SYNPCC7002_RS04650,SYNPCC7002_RS09525,0.0806191709946749
SYNPCC7002_RS07295,SYNPCC7002_RS00835,0.0806168936267271
SYNPCC7002_RS10050,SYNPCC7002_RS13535,0.0806110388343042
SYNPCC7002_RS03030,SYNPCC7002_RS14125,0.0806086801919687
SYNPCC7002_RS05460,SYNPCC7002_RS02415,0.0806051852425697
SYNPCC7002_RS08860,SYNPCC7002_RS05605,0.0806050397533199
SYNPCC7002_RS12395,SYNPCC7002_RS06585,0.0806005297685125
SYNPCC7002_RS03295,SYNPCC7002_RS01005,0.0805985068403761
SYNPCC7002_RS08480,SYNPCC7002_RS02410,0.0805775654222829
SYNPCC7002_RS10050,SYNPCC7002_RS06395,0.0805582020406861
SYNPCC7002_RS09780,SYNPCC7002_RS01160,0.0805576570839038
SYNPCC7002_RS05135,SYNPCC7002_RS00550,0.0805466725644021
SYNPCC7002_RS09320,SYNPCC7002_RS06680,0.0805389040790531
SYNPCC7002_RS02715,SYNPCC7002_RS05150,0.0805325143725132
SYNPCC7002_RS15255,SYNPCC7002_RS08405,0.0805263985677448
SYNPCC7002_RS15410,SYNPCC7002_RS02650,0.0805250657808015
SYNPCC7002_RS01335,SYNPCC7002_RS03490,0.0805245894152721
SYNPCC7002_RS05460,SYNPCC7002_RS16990,0.0805139332474072
SYNPCC7002_RS04890,SYNPCC7002_RS12690,0.0805089604869898
SYNPCC7002_RS05135,SYNPCC7002_RS16130,0.0804903101827057
SYNPCC7002_RS01335,SYNPCC7002_RS07405,0.0804899806823957
SYNPCC7002_RS05135,SYNPCC7002_RS16960,0.08048988751022
SYNPCC7002_RS00010,SYNPCC7002_RS01410,0.0804822106512314
SYNPCC7002_RS09630,SYNPCC7002_RS13145,0.0804808900438894
SYNPCC7002_RS00650,SYNPCC7002_RS02350,0.0804756746341178
SYNPCC7002_RS04250,SYNPCC7002_RS10870,0.0804738218724477
SYNPCC7002_RS10050,SYNPCC7002_RS10980,0.0804724179930534
SYNPCC7002_RS08210,SYNPCC7002_RS05745,0.0804678845526686
SYNPCC7002_RS15680,SYNPCC7002_RS10555,0.0804587307993566
SYNPCC7002_RS09175,SYNPCC7002_RS15070,0.0804567669351498
SYNPCC7002_RS01420,SYNPCC7002_RS05240,0.080451709539925
SYNPCC7002_RS08945,SYNPCC7002_RS10875,0.0804409353448811
SYNPCC7002_RS00260,SYNPCC7002_RS15860,0.0804349977651609
SYNPCC7002_RS12515,SYNPCC7002_RS09300,0.0804332189006044
SYNPCC7002_RS15410,SYNPCC7002_RS07905,0.080419568826918
SYNPCC7002_RS01335,SYNPCC7002_RS10550,0.0804158326598595
SYNPCC7002_RS01420,SYNPCC7002_RS03430,0.0804155664998211
SYNPCC7002_RS04250,SYNPCC7002_RS04010,0.0804149447322132
SYNPCC7002_RS01085,SYNPCC7002_RS12895,0.0804146124119699
SYNPCC7002_RS02715,SYNPCC7002_RS16420,0.0804138466011782
SYNPCC7002_RS02715,SYNPCC7002_RS02570,0.0804126270171937
SYNPCC7002_RS08965,SYNPCC7002_RS00520,0.0804057704325887
SYNPCC7002_RS04290,SYNPCC7002_RS13500,0.0803973714529924
SYNPCC7002_RS11400,SYNPCC7002_RS09230,0.0803940290573776
SYNPCC7002_RS05460,SYNPCC7002_RS16840,0.0803887275551643
SYNPCC7002_RS01335,SYNPCC7002_RS08625,0.0803742843904556
SYNPCC7002_RS02715,SYNPCC7002_RS05220,0.0803662573309709
SYNPCC7002_RS15030,SYNPCC7002_RS11480,0.0803609149970655
SYNPCC7002_RS01800,SYNPCC7002_RS08865,0.0803471732639352
SYNPCC7002_RS15520,SYNPCC7002_RS15385,0.0803388956818548
SYNPCC7002_RS12105,SYNPCC7002_RS08835,0.0803379137076693
SYNPCC7002_RS00690,SYNPCC7002_RS00195,0.0803351378613932
SYNPCC7002_RS04250,SYNPCC7002_RS13065,0.0803326733560129
SYNPCC7002_RS05135,SYNPCC7002_RS10890,0.0803286421499768
SYNPCC7002_RS10050,SYNPCC7002_RS02170,0.0803249062207757
SYNPCC7002_RS12395,SYNPCC7002_RS13425,0.0803235336445665
SYNPCC7002_RS14790,SYNPCC7002_RS14635,0.0803178652514957
SYNPCC7002_RS05135,SYNPCC7002_RS09460,0.0803085101875856
SYNPCC7002_RS03030,SYNPCC7002_RS03025,0.080300482580583
SYNPCC7002_RS05460,SYNPCC7002_RS16830,0.0802988653677066
SYNPCC7002_RS04650,SYNPCC7002_RS00175,0.0802888067820292
SYNPCC7002_RS01335,SYNPCC7002_RS13155,0.0802885360648869
SYNPCC7002_RS09780,SYNPCC7002_RS04510,0.080277355531559
SYNPCC7002_RS11400,SYNPCC7002_RS15390,0.0802674050895844
SYNPCC7002_RS08965,SYNPCC7002_RS10935,0.0802649656139159
SYNPCC7002_RS09420,SYNPCC7002_RS02515,0.0802636657678665
SYNPCC7002_RS12395,SYNPCC7002_RS10865,0.0802502439317136
SYNPCC7002_RS09420,SYNPCC7002_RS12550,0.0802449260495327
SYNPCC7002_RS15410,SYNPCC7002_RS11945,0.0802433523551692
SYNPCC7002_RS01335,SYNPCC7002_RS08765,0.0802277542445931
SYNPCC7002_RS05135,SYNPCC7002_RS16815,0.0802211850035252
SYNPCC7002_RS09630,SYNPCC7002_RS02000,0.0802201210435532
SYNPCC7002_RS11685,SYNPCC7002_RS09760,0.0802182125126939
SYNPCC7002_RS08175,SYNPCC7002_RS11655,0.0802149248011499
SYNPCC7002_RS15680,SYNPCC7002_RS08440,0.0802146753607549
SYNPCC7002_RS04780,SYNPCC7002_RS14780,0.080212419156895
SYNPCC7002_RS01420,SYNPCC7002_RS07625,0.0802103619904547
SYNPCC7002_RS05985,SYNPCC7002_RS00155,0.0802097932335335
SYNPCC7002_RS09780,SYNPCC7002_RS17205,0.0802002144277197
SYNPCC7002_RS09780,SYNPCC7002_RS04175,0.080200162862625
SYNPCC7002_RS06150,SYNPCC7002_RS14965,0.0801995862650407
SYNPCC7002_RS04680,SYNPCC7002_RS02615,0.0801989646457464
SYNPCC7002_RS00690,SYNPCC7002_RS13685,0.0801960886065969
SYNPCC7002_RS01335,SYNPCC7002_RS00030,0.0801716593585074
SYNPCC7002_RS05135,SYNPCC7002_RS05230,0.0801677869640846
SYNPCC7002_RS12515,SYNPCC7002_RS14310,0.0801640050036551
SYNPCC7002_RS09845,SYNPCC7002_RS00260,0.0801632455826968
SYNPCC7002_RS00050,SYNPCC7002_RS12815,0.0801555829566994
SYNPCC7002_RS01335,SYNPCC7002_RS15955,0.0801555712568696
SYNPCC7002_RS08210,SYNPCC7002_RS00120,0.080153739166585
SYNPCC7002_RS05135,SYNPCC7002_RS08245,0.0801511722520404
SYNPCC7002_RS04250,SYNPCC7002_RS06550,0.0801457627705232
SYNPCC7002_RS05460,SYNPCC7002_RS08875,0.0801402226165279
SYNPCC7002_RS03760,SYNPCC7002_RS11510,0.0801115022062433
SYNPCC7002_RS00690,SYNPCC7002_RS08155,0.080105998239329
SYNPCC7002_RS09320,SYNPCC7002_RS01250,0.0801017456726012
SYNPCC7002_RS04780,SYNPCC7002_RS16120,0.0801016273972962
SYNPCC7002_RS04250,SYNPCC7002_RS04595,0.0800955744436379
SYNPCC7002_RS00640,SYNPCC7002_RS05945,0.0800932855694351
SYNPCC7002_RS00640,SYNPCC7002_RS02715,0.0800930442659644
SYNPCC7002_RS15520,SYNPCC7002_RS04680,0.0800770083656232
SYNPCC7002_RS16160,SYNPCC7002_RS15140,0.0800713075926947
SYNPCC7002_RS01335,SYNPCC7002_RS02285,0.0800689886875097
SYNPCC7002_RS09090,SYNPCC7002_RS12175,0.0800679317311358
SYNPCC7002_RS05985,SYNPCC7002_RS14235,0.0800541168294707
SYNPCC7002_RS01335,SYNPCC7002_RS07220,0.0800520037731886
SYNPCC7002_RS15255,SYNPCC7002_RS05670,0.0800464836198216
SYNPCC7002_RS15520,SYNPCC7002_RS16165,0.0800424023318117
SYNPCC7002_RS03950,SYNPCC7002_RS10195,0.0800386712767101
SYNPCC7002_RS15680,SYNPCC7002_RS15255,0.080036005663812
SYNPCC7002_RS03030,SYNPCC7002_RS11855,0.0800311115014446
SYNPCC7002_RS10050,SYNPCC7002_RS02465,0.0800216352775248
SYNPCC7002_RS04250,SYNPCC7002_RS11230,0.0800198449962175
SYNPCC7002_RS00050,SYNPCC7002_RS17005,0.0800102552170748
SYNPCC7002_RS08390,SYNPCC7002_RS15560,0.080009613725391
SYNPCC7002_RS09995,SYNPCC7002_RS10240,0.079995266737726
SYNPCC7002_RS11400,SYNPCC7002_RS05855,0.0799949016631777
SYNPCC7002_RS10050,SYNPCC7002_RS10845,0.0799887592982541
SYNPCC7002_RS11400,SYNPCC7002_RS05610,0.0799884026831601
SYNPCC7002_RS14790,SYNPCC7002_RS02615,0.0799843770206866
SYNPCC7002_RS09820,SYNPCC7002_RS11180,0.0799837945478342
SYNPCC7002_RS04780,SYNPCC7002_RS00075,0.0799669958318224
SYNPCC7002_RS09845,SYNPCC7002_RS09090,0.0799374448225091
SYNPCC7002_RS07295,SYNPCC7002_RS13595,0.079934706806739
SYNPCC7002_RS12090,SYNPCC7002_RS01555,0.0799271866221714
SYNPCC7002_RS01800,SYNPCC7002_RS11870,0.0799250641304769
SYNPCC7002_RS01800,SYNPCC7002_RS01025,0.0799235870708657
SYNPCC7002_RS04250,SYNPCC7002_RS10025,0.0799123943074537
SYNPCC7002_RS08210,SYNPCC7002_RS02690,0.07991154095992
SYNPCC7002_RS12090,SYNPCC7002_RS06935,0.0799031863880641
SYNPCC7002_RS11400,SYNPCC7002_RS06415,0.07990207883936
SYNPCC7002_RS05460,SYNPCC7002_RS15310,0.0799013765580831
SYNPCC7002_RS02455,SYNPCC7002_RS02890,0.0798994889535796
SYNPCC7002_RS08210,SYNPCC7002_RS15445,0.0798698704642542
SYNPCC7002_RS04780,SYNPCC7002_RS15915,0.0798648187454524
SYNPCC7002_RS02715,SYNPCC7002_RS08045,0.0798538473472329
SYNPCC7002_RS05985,SYNPCC7002_RS13125,0.0798536587028195
SYNPCC7002_RS05135,SYNPCC7002_RS05175,0.079849938488806
SYNPCC7002_RS11400,SYNPCC7002_RS08490,0.0798489596484904
SYNPCC7002_RS03030,SYNPCC7002_RS12225,0.0798485811509681
SYNPCC7002_RS01420,SYNPCC7002_RS07745,0.0798476184028743
SYNPCC7002_RS09320,SYNPCC7002_RS16100,0.0798444326351921
SYNPCC7002_RS09780,SYNPCC7002_RS04610,0.0798390800269651
SYNPCC7002_RS10050,SYNPCC7002_RS14405,0.079824395691079
SYNPCC7002_RS12395,SYNPCC7002_RS16750,0.0798190170263609
SYNPCC7002_RS09995,SYNPCC7002_RS11390,0.0798181363609971
SYNPCC7002_RS10525,SYNPCC7002_RS01100,0.0798163488932396
SYNPCC7002_RS08255,SYNPCC7002_RS10080,0.0798144507318194
SYNPCC7002_RS03030,SYNPCC7002_RS09740,0.0798087930849879
SYNPCC7002_RS07385,SYNPCC7002_RS11910,0.0797999435004006
SYNPCC7002_RS09780,SYNPCC7002_RS01185,0.07979489149692
SYNPCC7002_RS08255,SYNPCC7002_RS02535,0.079792547194994
SYNPCC7002_RS04250,SYNPCC7002_RS11540,0.0797922325682637
SYNPCC7002_RS03030,SYNPCC7002_RS04025,0.0797881053540479
SYNPCC7002_RS04780,SYNPCC7002_RS06150,0.0797861459853226
SYNPCC7002_RS03030,SYNPCC7002_RS02435,0.0797814639730697
SYNPCC7002_RS04890,SYNPCC7002_RS03385,0.0797809635949846
SYNPCC7002_RS12515,SYNPCC7002_RS06485,0.0797724518726411
SYNPCC7002_RS03030,SYNPCC7002_RS00060,0.0797702900968921
SYNPCC7002_RS10050,SYNPCC7002_RS10135,0.079768399605331
SYNPCC7002_RS03030,SYNPCC7002_RS00055,0.079766682770058
SYNPCC7002_RS03030,SYNPCC7002_RS02115,0.0797566804679346
SYNPCC7002_RS10050,SYNPCC7002_RS09485,0.0797566688985268
SYNPCC7002_RS12105,SYNPCC7002_RS02250,0.0797516130279216
SYNPCC7002_RS11685,SYNPCC7002_RS08315,0.0797483623939239
SYNPCC7002_RS08965,SYNPCC7002_RS12375,0.0797460161286982
SYNPCC7002_RS16320,SYNPCC7002_RS17200,0.0797436186637993
SYNPCC7002_RS09820,SYNPCC7002_RS06505,0.079742156221726
SYNPCC7002_RS09820,SYNPCC7002_RS08810,0.0797361917448487
SYNPCC7002_RS05135,SYNPCC7002_RS13530,0.0797320408037667
SYNPCC7002_RS06540,SYNPCC7002_RS07320,0.0797278552689786
SYNPCC7002_RS12395,SYNPCC7002_RS12440,0.0797188383165572
SYNPCC7002_RS07385,SYNPCC7002_RS10585,0.07971813843453
SYNPCC7002_RS09845,SYNPCC7002_RS13700,0.0797175692659635
SYNPCC7002_RS00640,SYNPCC7002_RS03165,0.0797134676995802
SYNPCC7002_RS04780,SYNPCC7002_RS09840,0.0797129998876068
SYNPCC7002_RS12395,SYNPCC7002_RS14730,0.0797106299130412
SYNPCC7002_RS08390,SYNPCC7002_RS08625,0.0797033801506813
SYNPCC7002_RS01335,SYNPCC7002_RS07175,0.0797010601675133
SYNPCC7002_RS04780,SYNPCC7002_RS07250,0.07969839899202
SYNPCC7002_RS05460,SYNPCC7002_RS04430,0.0796982900977152
SYNPCC7002_RS00010,SYNPCC7002_RS01440,0.0796854993036852
SYNPCC7002_RS08860,SYNPCC7002_RS05735,0.0796767648576139
SYNPCC7002_RS11685,SYNPCC7002_RS03895,0.0796729432862528
SYNPCC7002_RS09820,SYNPCC7002_RS04605,0.0796579659026779
SYNPCC7002_RS08965,SYNPCC7002_RS06680,0.0796523781626053
SYNPCC7002_RS11400,SYNPCC7002_RS01285,0.0796395416028606
SYNPCC7002_RS08390,SYNPCC7002_RS06905,0.0796368332982811
SYNPCC7002_RS09320,SYNPCC7002_RS11975,0.0796342837963944
SYNPCC7002_RS04250,SYNPCC7002_RS09470,0.079628617314631
SYNPCC7002_RS11400,SYNPCC7002_RS02455,0.0796262662112779
SYNPCC7002_RS05985,SYNPCC7002_RS10030,0.0796261851167004
SYNPCC7002_RS00690,SYNPCC7002_RS02645,0.0796094074673933
SYNPCC7002_RS09820,SYNPCC7002_RS13190,0.0796045848660198
SYNPCC7002_RS09420,SYNPCC7002_RS05525,0.0795863219380969
SYNPCC7002_RS12395,SYNPCC7002_RS06050,0.0795852656428857
SYNPCC7002_RS01335,SYNPCC7002_RS01010,0.0795832638680435
SYNPCC7002_RS05135,SYNPCC7002_RS07535,0.0795797178247961
SYNPCC7002_RS03760,SYNPCC7002_RS10735,0.079559394071612
SYNPCC7002_RS02455,SYNPCC7002_RS10430,0.0795459195876469
SYNPCC7002_RS03950,SYNPCC7002_RS16920,0.0795426086427316
SYNPCC7002_RS02715,SYNPCC7002_RS05445,0.0795383789256442
SYNPCC7002_RS05135,SYNPCC7002_RS09895,0.0795350501960866
SYNPCC7002_RS04650,SYNPCC7002_RS04570,0.0795333477879322
SYNPCC7002_RS09320,SYNPCC7002_RS01600,0.0795283780594352
SYNPCC7002_RS04890,SYNPCC7002_RS10925,0.0795151357409941
SYNPCC7002_RS11685,SYNPCC7002_RS04535,0.079515044949934
SYNPCC7002_RS05135,SYNPCC7002_RS03465,0.0795137998379005
SYNPCC7002_RS07385,SYNPCC7002_RS03030,0.0795070331701796
SYNPCC7002_RS08390,SYNPCC7002_RS09840,0.0795057913627446
SYNPCC7002_RS00640,SYNPCC7002_RS10710,0.0795003272253079
SYNPCC7002_RS01800,SYNPCC7002_RS11405,0.0794916054259559
SYNPCC7002_RS08390,SYNPCC7002_RS01020,0.0794910356211251
SYNPCC7002_RS16320,SYNPCC7002_RS10555,0.0794179995558521
SYNPCC7002_RS03760,SYNPCC7002_RS00170,0.079417673490934
SYNPCC7002_RS09995,SYNPCC7002_RS12230,0.0794055596613963
SYNPCC7002_RS09995,SYNPCC7002_RS06180,0.0793986969590945
SYNPCC7002_RS03950,SYNPCC7002_RS15490,0.0793942915184153
SYNPCC7002_RS00690,SYNPCC7002_RS09260,0.07939243405679
SYNPCC7002_RS07385,SYNPCC7002_RS08940,0.0793893913867771
SYNPCC7002_RS07295,SYNPCC7002_RS02110,0.0793828041215682
SYNPCC7002_RS09090,SYNPCC7002_RS11495,0.0793808981471144
SYNPCC7002_RS09320,SYNPCC7002_RS01035,0.0793715346118263
SYNPCC7002_RS04780,SYNPCC7002_RS14045,0.0793684765828031
SYNPCC7002_RS02455,SYNPCC7002_RS15455,0.0793661856190122
SYNPCC7002_RS08965,SYNPCC7002_RS07050,0.0793655779133741
SYNPCC7002_RS09780,SYNPCC7002_RS00405,0.0793622149523825
SYNPCC7002_RS04650,SYNPCC7002_RS04850,0.079355117685867
SYNPCC7002_RS00650,SYNPCC7002_RS05700,0.0793531792413325
SYNPCC7002_RS07385,SYNPCC7002_RS02640,0.0793516156861061
SYNPCC7002_RS03295,SYNPCC7002_RS10150,0.0793515463311767
SYNPCC7002_RS05135,SYNPCC7002_RS14035,0.0793505863531492
SYNPCC7002_RS04650,SYNPCC7002_RS06285,0.0793485807037442
SYNPCC7002_RS10050,SYNPCC7002_RS11955,0.0793443689856481
SYNPCC7002_RS04890,SYNPCC7002_RS03520,0.0793403719722204
SYNPCC7002_RS05135,SYNPCC7002_RS02215,0.0793392936017167
SYNPCC7002_RS14790,SYNPCC7002_RS16440,0.0793328057693604
SYNPCC7002_RS05135,SYNPCC7002_RS07685,0.0793321829824441
SYNPCC7002_RS09820,SYNPCC7002_RS05030,0.0793263610823
SYNPCC7002_RS00260,SYNPCC7002_RS10380,0.0793249116174042
SYNPCC7002_RS03030,SYNPCC7002_RS16740,0.0793232091514321
SYNPCC7002_RS07295,SYNPCC7002_RS01230,0.0793036800799178
SYNPCC7002_RS06150,SYNPCC7002_RS12865,0.0793005120114432
SYNPCC7002_RS09320,SYNPCC7002_RS16685,0.0792980271002835
SYNPCC7002_RS08965,SYNPCC7002_RS11290,0.0792966461425549
SYNPCC7002_RS04650,SYNPCC7002_RS07370,0.0792961506996191
SYNPCC7002_RS08255,SYNPCC7002_RS14495,0.0792896024313471
SYNPCC7002_RS15520,SYNPCC7002_RS14135,0.0792893121814369
SYNPCC7002_RS09320,SYNPCC7002_RS06185,0.0792887143580142
SYNPCC7002_RS01800,SYNPCC7002_RS09050,0.0792887063323162
SYNPCC7002_RS04250,SYNPCC7002_RS14300,0.0792859951906892
SYNPCC7002_RS09320,SYNPCC7002_RS09215,0.0792845550223913
SYNPCC7002_RS15680,SYNPCC7002_RS03160,0.0792844241942358
SYNPCC7002_RS03030,SYNPCC7002_RS09675,0.0792805805467301
SYNPCC7002_RS09780,SYNPCC7002_RS17215,0.0792782163749781
SYNPCC7002_RS01085,SYNPCC7002_RS15735,0.0792775111339223
SYNPCC7002_RS11685,SYNPCC7002_RS08665,0.079271402759535
SYNPCC7002_RS05135,SYNPCC7002_RS02130,0.0792664623279553
SYNPCC7002_RS05985,SYNPCC7002_RS02515,0.0792652333834055
SYNPCC7002_RS15520,SYNPCC7002_RS04190,0.0792647925671329
SYNPCC7002_RS07385,SYNPCC7002_RS05635,0.0792569002890786
SYNPCC7002_RS15995,SYNPCC7002_RS02380,0.0792522140593681
SYNPCC7002_RS05135,SYNPCC7002_RS00305,0.0792498195370897
SYNPCC7002_RS08390,SYNPCC7002_RS09985,0.0792349664124861
SYNPCC7002_RS07295,SYNPCC7002_RS12475,0.0792269957381547
SYNPCC7002_RS08390,SYNPCC7002_RS00150,0.0792234315579183
SYNPCC7002_RS09820,SYNPCC7002_RS13000,0.0792112875045471
SYNPCC7002_RS06540,SYNPCC7002_RS10120,0.0792056614026594
SYNPCC7002_RS12395,SYNPCC7002_RS12060,0.0792056238165299
SYNPCC7002_RS12395,SYNPCC7002_RS04095,0.0792031347327732
SYNPCC7002_RS07385,SYNPCC7002_RS06965,0.0792005478355716
SYNPCC7002_RS12515,SYNPCC7002_RS12875,0.0791967464643198
SYNPCC7002_RS08175,SYNPCC7002_RS08215,0.0791963735657372
SYNPCC7002_RS08965,SYNPCC7002_RS02520,0.0791898995998984
SYNPCC7002_RS08945,SYNPCC7002_RS04250,0.079188139418524
SYNPCC7002_RS06540,SYNPCC7002_RS07030,0.079186280476079
SYNPCC7002_RS08390,SYNPCC7002_RS12755,0.0791812361456175
SYNPCC7002_RS02455,SYNPCC7002_RS12390,0.0791799740290451
SYNPCC7002_RS04780,SYNPCC7002_RS03560,0.0791765383747624
SYNPCC7002_RS11400,SYNPCC7002_RS02485,0.0791556570851612
SYNPCC7002_RS03030,SYNPCC7002_RS07385,0.0791495234753704
SYNPCC7002_RS05460,SYNPCC7002_RS14810,0.0791377608337814
SYNPCC7002_RS12090,SYNPCC7002_RS00605,0.079136127237432
SYNPCC7002_RS04890,SYNPCC7002_RS13060,0.0791344407102594
SYNPCC7002_RS12105,SYNPCC7002_RS00660,0.0791309260583968
SYNPCC7002_RS09780,SYNPCC7002_RS13395,0.0791281960562301
SYNPCC7002_RS11400,SYNPCC7002_RS08965,0.079117014142737
SYNPCC7002_RS07385,SYNPCC7002_RS13915,0.0791169502890154
SYNPCC7002_RS05985,SYNPCC7002_RS04850,0.0791155790383388
SYNPCC7002_RS01335,SYNPCC7002_RS04910,0.079106614853487
SYNPCC7002_RS08390,SYNPCC7002_RS05500,0.0791035234566572
SYNPCC7002_RS15410,SYNPCC7002_RS04830,0.079094450338408
SYNPCC7002_RS04780,SYNPCC7002_RS16020,0.0790837444491607
SYNPCC7002_RS04250,SYNPCC7002_RS08185,0.0790710137623654
SYNPCC7002_RS06150,SYNPCC7002_RS00090,0.0790702308085215
SYNPCC7002_RS01800,SYNPCC7002_RS10780,0.0790657228260357
SYNPCC7002_RS09845,SYNPCC7002_RS03870,0.0790538322226101
SYNPCC7002_RS12515,SYNPCC7002_RS10050,0.0790533766390707
SYNPCC7002_RS08965,SYNPCC7002_RS13260,0.0790444880769354
SYNPCC7002_RS09780,SYNPCC7002_RS14255,0.0790428817733007
SYNPCC7002_RS08860,SYNPCC7002_RS00925,0.0790276125831823
SYNPCC7002_RS00050,SYNPCC7002_RS13650,0.0790196334473443
SYNPCC7002_RS08965,SYNPCC7002_RS05505,0.0790059759452195
SYNPCC7002_RS12105,SYNPCC7002_RS11935,0.078992541021744
SYNPCC7002_RS09260,SYNPCC7002_RS12980,0.0789882282255281
SYNPCC7002_RS12395,SYNPCC7002_RS06255,0.0789825968142525
SYNPCC7002_RS05135,SYNPCC7002_RS02790,0.0789679505264601
SYNPCC7002_RS04250,SYNPCC7002_RS11350,0.0789664763336681
SYNPCC7002_RS07385,SYNPCC7002_RS00435,0.078963301344056
SYNPCC7002_RS00050,SYNPCC7002_RS03530,0.0789608911087802
SYNPCC7002_RS05135,SYNPCC7002_RS11660,0.0789600454669818
SYNPCC7002_RS05135,SYNPCC7002_RS12805,0.0789521969696967
SYNPCC7002_RS12395,SYNPCC7002_RS10110,0.0789515938608537
SYNPCC7002_RS05460,SYNPCC7002_RS15625,0.0789441331461171
SYNPCC7002_RS00650,SYNPCC7002_RS12115,0.0789432320577598
SYNPCC7002_RS08255,SYNPCC7002_RS00785,0.0789416323062045
SYNPCC7002_RS08965,SYNPCC7002_RS06925,0.0789317797360041
SYNPCC7002_RS04680,SYNPCC7002_RS07430,0.0789072468307564
SYNPCC7002_RS00050,SYNPCC7002_RS03715,0.0789070962580003
SYNPCC7002_RS02455,SYNPCC7002_RS14965,0.0789028609261362
SYNPCC7002_RS08945,SYNPCC7002_RS16485,0.0789000048661847
SYNPCC7002_RS01420,SYNPCC7002_RS05530,0.078888655660451
SYNPCC7002_RS07385,SYNPCC7002_RS14175,0.0788816464675561
SYNPCC7002_RS04250,SYNPCC7002_RS06230,0.0788779874092578
SYNPCC7002_RS04890,SYNPCC7002_RS11660,0.0788754600787299
SYNPCC7002_RS09845,SYNPCC7002_RS11910,0.0788754244022697
SYNPCC7002_RS03295,SYNPCC7002_RS05335,0.0788741645758776
SYNPCC7002_RS11400,SYNPCC7002_RS02225,0.0788634482444829
SYNPCC7002_RS04780,SYNPCC7002_RS13020,0.0788629080290682
SYNPCC7002_RS00640,SYNPCC7002_RS00995,0.0788590619059204
SYNPCC7002_RS04780,SYNPCC7002_RS02210,0.0788581855396335
SYNPCC7002_RS15680,SYNPCC7002_RS05345,0.0788564582411664
SYNPCC7002_RS11685,SYNPCC7002_RS13530,0.0788520480698053
SYNPCC7002_RS15680,SYNPCC7002_RS15320,0.0788513483852725
SYNPCC7002_RS04250,SYNPCC7002_RS00525,0.0788507509326618
SYNPCC7002_RS02715,SYNPCC7002_RS15810,0.0788505471369654
SYNPCC7002_RS02715,SYNPCC7002_RS01245,0.0788449369427697
SYNPCC7002_RS04250,SYNPCC7002_RS01185,0.0788424690029691
SYNPCC7002_RS04890,SYNPCC7002_RS01745,0.0788375672296602
SYNPCC7002_RS03030,SYNPCC7002_RS00655,0.0788370554187179
SYNPCC7002_RS09780,SYNPCC7002_RS10740,0.078835666325609
SYNPCC7002_RS08175,SYNPCC7002_RS01420,0.0788331971568269
SYNPCC7002_RS12515,SYNPCC7002_RS03545,0.0788319845374199
SYNPCC7002_RS00050,SYNPCC7002_RS08925,0.0788265880113949
SYNPCC7002_RS04650,SYNPCC7002_RS12020,0.0788225807114946
SYNPCC7002_RS05985,SYNPCC7002_RS13630,0.0788192256252588
SYNPCC7002_RS15520,SYNPCC7002_RS01500,0.0788160313830302
SYNPCC7002_RS12105,SYNPCC7002_RS11075,0.0788148294077531
SYNPCC7002_RS02715,SYNPCC7002_RS14625,0.0788063174605686
SYNPCC7002_RS10050,SYNPCC7002_RS11065,0.0788058263899405
SYNPCC7002_RS04250,SYNPCC7002_RS01560,0.0788049380400458
SYNPCC7002_RS08390,SYNPCC7002_RS13190,0.0787972356739139
SYNPCC7002_RS08390,SYNPCC7002_RS09685,0.0787963753331401
SYNPCC7002_RS01800,SYNPCC7002_RS08880,0.0787913294772271
SYNPCC7002_RS08945,SYNPCC7002_RS12400,0.0787911454712829
SYNPCC7002_RS15410,SYNPCC7002_RS01995,0.0787845070731975
SYNPCC7002_RS10050,SYNPCC7002_RS03675,0.0787797028922527
SYNPCC7002_RS10050,SYNPCC7002_RS01315,0.0787781646113501
SYNPCC7002_RS01085,SYNPCC7002_RS16105,0.0787730632426998
SYNPCC7002_RS09175,SYNPCC7002_RS04305,0.0787697134231791
SYNPCC7002_RS06150,SYNPCC7002_RS16040,0.0787673282701246
SYNPCC7002_RS05135,SYNPCC7002_RS11515,0.0787665408898594
SYNPCC7002_RS08210,SYNPCC7002_RS04870,0.0787641686264782
SYNPCC7002_RS15255,SYNPCC7002_RS07130,0.0787596652814898
SYNPCC7002_RS04650,SYNPCC7002_RS06625,0.0787503938111742
SYNPCC7002_RS09820,SYNPCC7002_RS01675,0.0787446907712043
SYNPCC7002_RS00690,SYNPCC7002_RS06765,0.078742532092885
SYNPCC7002_RS09820,SYNPCC7002_RS14845,0.0787321002870371
SYNPCC7002_RS10050,SYNPCC7002_RS05255,0.0787296726079086
SYNPCC7002_RS00640,SYNPCC7002_RS06430,0.0787230113942953
SYNPCC7002_RS09995,SYNPCC7002_RS05480,0.0787189464614463
SYNPCC7002_RS15995,SYNPCC7002_RS01045,0.0787168143801462
SYNPCC7002_RS08965,SYNPCC7002_RS04500,0.0787161581681366
SYNPCC7002_RS08175,SYNPCC7002_RS13660,0.0787155636359215
SYNPCC7002_RS08390,SYNPCC7002_RS02285,0.0787143985970861
SYNPCC7002_RS16160,SYNPCC7002_RS13095,0.078711436376703
SYNPCC7002_RS08175,SYNPCC7002_RS00080,0.0787111711076366
SYNPCC7002_RS10050,SYNPCC7002_RS09575,0.0787096489660742
SYNPCC7002_RS00010,SYNPCC7002_RS01760,0.0787096422360995
SYNPCC7002_RS09630,SYNPCC7002_RS05675,0.0787060144611718
SYNPCC7002_RS05985,SYNPCC7002_RS03790,0.0787055116713823
SYNPCC7002_RS09950,SYNPCC7002_RS15525,0.0787048397092816
SYNPCC7002_RS14440,SYNPCC7002_RS14205,0.0787042249765404
SYNPCC7002_RS04250,SYNPCC7002_RS10225,0.0786955537219502
SYNPCC7002_RS04890,SYNPCC7002_RS04410,0.0786941578291945
SYNPCC7002_RS04650,SYNPCC7002_RS16635,0.0786890011621068
SYNPCC7002_RS14440,SYNPCC7002_RS16305,0.078685500130345
SYNPCC7002_RS04780,SYNPCC7002_RS03840,0.0786838089325457
SYNPCC7002_RS05135,SYNPCC7002_RS03895,0.0786686646568321
SYNPCC7002_RS04780,SYNPCC7002_RS15515,0.0786565240475209
SYNPCC7002_RS15520,SYNPCC7002_RS05570,0.078651320476172
SYNPCC7002_RS08965,SYNPCC7002_RS08375,0.0786452198790043
SYNPCC7002_RS08390,SYNPCC7002_RS03775,0.0786417644497056
SYNPCC7002_RS08945,SYNPCC7002_RS07200,0.0786411081361475
SYNPCC7002_RS08210,SYNPCC7002_RS08540,0.0786381021853606
SYNPCC7002_RS03760,SYNPCC7002_RS00345,0.0786374817644526
SYNPCC7002_RS11685,SYNPCC7002_RS01510,0.0786244095160838
SYNPCC7002_RS12395,SYNPCC7002_RS07650,0.0786202267810595
SYNPCC7002_RS08965,SYNPCC7002_RS09215,0.0786138768537727
SYNPCC7002_RS10050,SYNPCC7002_RS05290,0.0786122265983063
SYNPCC7002_RS04890,SYNPCC7002_RS09130,0.0786059872531174
SYNPCC7002_RS03030,SYNPCC7002_RS13575,0.0786046232556018
SYNPCC7002_RS04290,SYNPCC7002_RS05850,0.078604131468156
SYNPCC7002_RS09820,SYNPCC7002_RS08770,0.0786023366579462
SYNPCC7002_RS05985,SYNPCC7002_RS12180,0.0785989899934844
SYNPCC7002_RS04650,SYNPCC7002_RS00465,0.0785923102737039
SYNPCC7002_RS15255,SYNPCC7002_RS14690,0.0785889165795205
SYNPCC7002_RS00050,SYNPCC7002_RS04590,0.078588309621708
SYNPCC7002_RS14440,SYNPCC7002_RS14460,0.0785811820153185
SYNPCC7002_RS00640,SYNPCC7002_RS13345,0.0785780493305069
SYNPCC7002_RS16320,SYNPCC7002_RS05585,0.0785723720376761
SYNPCC7002_RS04650,SYNPCC7002_RS08060,0.0785572549841391
SYNPCC7002_RS01420,SYNPCC7002_RS15870,0.078556964898227
SYNPCC7002_RS12515,SYNPCC7002_RS03930,0.078554363218588
SYNPCC7002_RS01335,SYNPCC7002_RS13350,0.0785503021225884
SYNPCC7002_RS08965,SYNPCC7002_RS13980,0.0785410034356581
SYNPCC7002_RS00010,SYNPCC7002_RS09385,0.078539913556503
SYNPCC7002_RS12515,SYNPCC7002_RS05710,0.0785384099093039
SYNPCC7002_RS05135,SYNPCC7002_RS11190,0.0785361464507624
SYNPCC7002_RS08860,SYNPCC7002_RS12980,0.0785294244129863
SYNPCC7002_RS09780,SYNPCC7002_RS15135,0.078528230043903
SYNPCC7002_RS02715,SYNPCC7002_RS04825,0.0785254521899664
SYNPCC7002_RS03760,SYNPCC7002_RS13245,0.0785134654124802
SYNPCC7002_RS05460,SYNPCC7002_RS08045,0.0785123725059273
SYNPCC7002_RS12395,SYNPCC7002_RS17035,0.0785008756007405
SYNPCC7002_RS08965,SYNPCC7002_RS09730,0.0784990405354613
SYNPCC7002_RS02715,SYNPCC7002_RS14490,0.078497087820019
SYNPCC7002_RS10050,SYNPCC7002_RS14250,0.0784929476875483
SYNPCC7002_RS10050,SYNPCC7002_RS00615,0.0784927029132541
SYNPCC7002_RS09260,SYNPCC7002_RS04660,0.0784806655598554
SYNPCC7002_RS12515,SYNPCC7002_RS12295,0.0784805867333669
SYNPCC7002_RS03030,SYNPCC7002_RS06780,0.078480454392396
SYNPCC7002_RS04250,SYNPCC7002_RS09970,0.0784756619616336
SYNPCC7002_RS01335,SYNPCC7002_RS13265,0.0784738490662324
SYNPCC7002_RS01800,SYNPCC7002_RS07180,0.0784731589316301
SYNPCC7002_RS05985,SYNPCC7002_RS06550,0.0784725208378969
SYNPCC7002_RS09260,SYNPCC7002_RS00775,0.0784666738688172
SYNPCC7002_RS04250,SYNPCC7002_RS11140,0.078455539729337
SYNPCC7002_RS03760,SYNPCC7002_RS12020,0.0784460113158825
SYNPCC7002_RS09845,SYNPCC7002_RS13795,0.0784431682406327
SYNPCC7002_RS09995,SYNPCC7002_RS09230,0.0784413230173546
SYNPCC7002_RS12515,SYNPCC7002_RS14105,0.0784365359655256
SYNPCC7002_RS04650,SYNPCC7002_RS16735,0.0784296667650375
SYNPCC7002_RS10145,SYNPCC7002_RS14090,0.0784237876194117
SYNPCC7002_RS09420,SYNPCC7002_RS04890,0.0784228277032962
SYNPCC7002_RS12395,SYNPCC7002_RS05595,0.0784215968952987
SYNPCC7002_RS12105,SYNPCC7002_RS02685,0.0784207373999671
SYNPCC7002_RS00650,SYNPCC7002_RS17180,0.0784188228540608
SYNPCC7002_RS01335,SYNPCC7002_RS07300,0.0784043344296306
SYNPCC7002_RS00690,SYNPCC7002_RS04755,0.0784017822844895
SYNPCC7002_RS12090,SYNPCC7002_RS02360,0.0783898821854576
SYNPCC7002_RS15680,SYNPCC7002_RS12155,0.0783842024285409
SYNPCC7002_RS10050,SYNPCC7002_RS07810,0.0783805739982803
SYNPCC7002_RS09630,SYNPCC7002_RS01280,0.0783804111119782
SYNPCC7002_RS09845,SYNPCC7002_RS05890,0.0783672038231367
SYNPCC7002_RS01420,SYNPCC7002_RS14195,0.0783669494987553
SYNPCC7002_RS15520,SYNPCC7002_RS02525,0.07836572314557
SYNPCC7002_RS09780,SYNPCC7002_RS00050,0.0783569586091543
SYNPCC7002_RS09320,SYNPCC7002_RS11700,0.0783504983474259
SYNPCC7002_RS09820,SYNPCC7002_RS12285,0.0783425054417194
SYNPCC7002_RS11400,SYNPCC7002_RS16220,0.0783361952315771
SYNPCC7002_RS02455,SYNPCC7002_RS01210,0.0783356709434253
SYNPCC7002_RS09195,SYNPCC7002_RS06715,0.0783304018698553
SYNPCC7002_RS02455,SYNPCC7002_RS06945,0.0783289568899202
SYNPCC7002_RS02410,SYNPCC7002_RS09080,0.078328570027611
SYNPCC7002_RS03760,SYNPCC7002_RS08175,0.0783233589535702
SYNPCC7002_RS08210,SYNPCC7002_RS08335,0.0783231963503804
SYNPCC7002_RS04250,SYNPCC7002_RS12850,0.0783206304740138
SYNPCC7002_RS09820,SYNPCC7002_RS00750,0.078308920241428
SYNPCC7002_RS12395,SYNPCC7002_RS12580,0.0783051116769468
SYNPCC7002_RS01335,SYNPCC7002_RS07860,0.0782986243552798
SYNPCC7002_RS05460,SYNPCC7002_RS03615,0.0782954289285766
SYNPCC7002_RS04780,SYNPCC7002_RS05035,0.0782948555688892
SYNPCC7002_RS02715,SYNPCC7002_RS10215,0.0782940532466196
SYNPCC7002_RS01335,SYNPCC7002_RS07400,0.0782938499784983
SYNPCC7002_RS01085,SYNPCC7002_RS11860,0.0782897109137598
SYNPCC7002_RS07295,SYNPCC7002_RS09850,0.0782883495776463
SYNPCC7002_RS01335,SYNPCC7002_RS09635,0.078286371759641
SYNPCC7002_RS12090,SYNPCC7002_RS06600,0.0782838689054602
SYNPCC7002_RS09780,SYNPCC7002_RS02600,0.0782815802997203
SYNPCC7002_RS10050,SYNPCC7002_RS01745,0.0782804493851152
SYNPCC7002_RS01420,SYNPCC7002_RS10760,0.0782795567610854
SYNPCC7002_RS08945,SYNPCC7002_RS06285,0.0782781286505311
SYNPCC7002_RS05135,SYNPCC7002_RS03595,0.0782729016054946
SYNPCC7002_RS04890,SYNPCC7002_RS09425,0.078271749864513
SYNPCC7002_RS08175,SYNPCC7002_RS10860,0.0782685998247716
SYNPCC7002_RS09780,SYNPCC7002_RS17200,0.0782649032693152
SYNPCC7002_RS07295,SYNPCC7002_RS14350,0.0782631163786102
SYNPCC7002_RS04650,SYNPCC7002_RS10110,0.0782630985985472
SYNPCC7002_RS08210,SYNPCC7002_RS15520,0.0782593327105312
SYNPCC7002_RS02455,SYNPCC7002_RS15815,0.0782542560294246
SYNPCC7002_RS04680,SYNPCC7002_RS00965,0.0782345294514956
SYNPCC7002_RS09260,SYNPCC7002_RS09500,0.0782337651839901
SYNPCC7002_RS10050,SYNPCC7002_RS00645,0.0782324756859052
SYNPCC7002_RS02715,SYNPCC7002_RS06665,0.0782295676248036
SYNPCC7002_RS12395,SYNPCC7002_RS02550,0.0782243834123619
SYNPCC7002_RS03030,SYNPCC7002_RS09660,0.0782205560642993
SYNPCC7002_RS01420,SYNPCC7002_RS05285,0.0782114510741291
SYNPCC7002_RS07295,SYNPCC7002_RS08990,0.0782090956024436
SYNPCC7002_RS05135,SYNPCC7002_RS08135,0.0782086377155029
SYNPCC7002_RS10050,SYNPCC7002_RS15805,0.0782083947088382
SYNPCC7002_RS15520,SYNPCC7002_RS02690,0.0782048589076951
SYNPCC7002_RS12395,SYNPCC7002_RS04090,0.0782014852724041
SYNPCC7002_RS12395,SYNPCC7002_RS16935,0.0781982767984313
SYNPCC7002_RS10050,SYNPCC7002_RS13745,0.0781886609338482
SYNPCC7002_RS04780,SYNPCC7002_RS02590,0.0781851743359613
SYNPCC7002_RS00640,SYNPCC7002_RS13590,0.0781825468894348
SYNPCC7002_RS09780,SYNPCC7002_RS01630,0.0781812808157032
SYNPCC7002_RS08965,SYNPCC7002_RS03835,0.0781768763768927
SYNPCC7002_RS09630,SYNPCC7002_RS00975,0.078176064281336
SYNPCC7002_RS12395,SYNPCC7002_RS00270,0.0781757875953663
SYNPCC7002_RS05135,SYNPCC7002_RS10130,0.0781755442603986
SYNPCC7002_RS08965,SYNPCC7002_RS16145,0.0781604933552581
SYNPCC7002_RS14440,SYNPCC7002_RS08135,0.0781586750833926
SYNPCC7002_RS05135,SYNPCC7002_RS06740,0.0781538603417418
SYNPCC7002_RS08175,SYNPCC7002_RS08285,0.0781469705561665
SYNPCC7002_RS15255,SYNPCC7002_RS08435,0.078145562910794
