regulatoryGene,targetGene,weight
SYNPCC7002_RS15720,SYNPCC7002_RS15605,0.14490639859439
SYNPCC7002_RS00850,SYNPCC7002_RS00855,0.144389009019633
SYNPCC7002_RS00850,SYNPCC7002_RS12365,0.138008217333864
SYNPCC7002_RS05135,SYNPCC7002_RS07725,0.135475713974617
SYNPCC7002_RS00850,SYNPCC7002_RS00860,0.132869481778273
SYNPCC7002_RS00850,SYNPCC7002_RS02330,0.132182799335991
SYNPCC7002_RS01335,SYNPCC7002_RS08620,0.130521028332364
SYNPCC7002_RS14385,SYNPCC7002_RS14390,0.129669117483273
SYNPCC7002_RS04780,SYNPCC7002_RS13135,0.129232501393958
SYNPCC7002_RS14440,SYNPCC7002_RS14385,0.128981356823213
SYNPCC7002_RS00850,SYNPCC7002_RS00865,0.128930954731762
SYNPCC7002_RS14385,SYNPCC7002_RS14395,0.12878292431059
SYNPCC7002_RS04650,SYNPCC7002_RS02795,0.12856843565689
SYNPCC7002_RS05135,SYNPCC7002_RS09425,0.126969546074606
SYNPCC7002_RS15720,SYNPCC7002_RS15610,0.126065606003696
SYNPCC7002_RS02715,SYNPCC7002_RS03745,0.1259396833979
SYNPCC7002_RS12395,SYNPCC7002_RS12690,0.125604083603922
SYNPCC7002_RS15030,SYNPCC7002_RS14995,0.125582097725532
SYNPCC7002_RS05135,SYNPCC7002_RS04475,0.12501715990291
SYNPCC7002_RS00850,SYNPCC7002_RS02345,0.124957860923016
SYNPCC7002_RS12395,SYNPCC7002_RS16735,0.124788317129889
SYNPCC7002_RS05135,SYNPCC7002_RS05140,0.124651027306091
SYNPCC7002_RS15680,SYNPCC7002_RS15315,0.123752647473295
SYNPCC7002_RS09630,SYNPCC7002_RS12865,0.12347162135174
SYNPCC7002_RS09630,SYNPCC7002_RS10630,0.123360858712019
SYNPCC7002_RS06150,SYNPCC7002_RS11720,0.123269820394597
SYNPCC7002_RS03295,SYNPCC7002_RS01965,0.12325021138721
SYNPCC7002_RS06150,SYNPCC7002_RS00970,0.122734407371321
SYNPCC7002_RS01335,SYNPCC7002_RS01270,0.122277565129406
SYNPCC7002_RS14440,SYNPCC7002_RS14455,0.12214647808299
SYNPCC7002_RS05135,SYNPCC7002_RS04845,0.121965057755491
SYNPCC7002_RS14440,SYNPCC7002_RS14395,0.121866776069075
SYNPCC7002_RS05135,SYNPCC7002_RS10210,0.121685543458989
SYNPCC7002_RS05135,SYNPCC7002_RS10925,0.121349555744912
SYNPCC7002_RS14440,SYNPCC7002_RS14380,0.1212274421434
SYNPCC7002_RS05135,SYNPCC7002_RS16355,0.121106945346254
SYNPCC7002_RS16320,SYNPCC7002_RS15605,0.120607536118155
SYNPCC7002_RS12395,SYNPCC7002_RS12185,0.120521445487094
SYNPCC7002_RS12395,SYNPCC7002_RS11235,0.120398127665866
SYNPCC7002_RS15680,SYNPCC7002_RS15010,0.120276605352034
SYNPCC7002_RS14440,SYNPCC7002_RS14325,0.120262319729272
SYNPCC7002_RS04890,SYNPCC7002_RS09915,0.120117484404152
SYNPCC7002_RS04680,SYNPCC7002_RS12045,0.120070533166437
SYNPCC7002_RS15255,SYNPCC7002_RS15680,0.120023457564955
SYNPCC7002_RS06150,SYNPCC7002_RS09240,0.119964069263861
SYNPCC7002_RS05135,SYNPCC7002_RS09130,0.119927763309445
SYNPCC7002_RS01800,SYNPCC7002_RS15965,0.119388637802375
SYNPCC7002_RS10050,SYNPCC7002_RS14480,0.119366486486928
SYNPCC7002_RS05135,SYNPCC7002_RS03680,0.118868132393589
SYNPCC7002_RS09630,SYNPCC7002_RS17225,0.11865192820257
SYNPCC7002_RS03950,SYNPCC7002_RS16315,0.118519550878297
SYNPCC7002_RS05135,SYNPCC7002_RS05295,0.118117639305242
SYNPCC7002_RS14385,SYNPCC7002_RS14320,0.117984457847538
SYNPCC7002_RS14385,SYNPCC7002_RS14325,0.117968009176508
SYNPCC7002_RS00850,SYNPCC7002_RS12370,0.11794199501143
SYNPCC7002_RS15680,SYNPCC7002_RS03125,0.117779242192357
SYNPCC7002_RS05135,SYNPCC7002_RS00270,0.11773530887829
SYNPCC7002_RS05135,SYNPCC7002_RS04065,0.117668040862999
SYNPCC7002_RS05135,SYNPCC7002_RS11325,0.117432722135965
SYNPCC7002_RS05135,SYNPCC7002_RS05150,0.117431308853712
SYNPCC7002_RS05460,SYNPCC7002_RS14425,0.117346548831312
SYNPCC7002_RS01800,SYNPCC7002_RS12885,0.117294228314316
SYNPCC7002_RS03760,SYNPCC7002_RS03730,0.116846557860257
SYNPCC7002_RS04650,SYNPCC7002_RS10920,0.116812523076343
SYNPCC7002_RS03950,SYNPCC7002_RS15810,0.116674962065923
SYNPCC7002_RS05135,SYNPCC7002_RS00370,0.116600108930773
SYNPCC7002_RS05135,SYNPCC7002_RS04950,0.116489379936166
SYNPCC7002_RS04680,SYNPCC7002_RS02625,0.116468962041873
SYNPCC7002_RS09630,SYNPCC7002_RS01305,0.116384962941692
SYNPCC7002_RS15520,SYNPCC7002_RS05565,0.116285187652467
SYNPCC7002_RS11685,SYNPCC7002_RS09735,0.11619687970422
SYNPCC7002_RS15030,SYNPCC7002_RS14980,0.116099607120086
SYNPCC7002_RS05985,SYNPCC7002_RS03715,0.116080836943694
SYNPCC7002_RS00850,SYNPCC7002_RS02335,0.116056452952668
SYNPCC7002_RS04890,SYNPCC7002_RS10275,0.115822829179393
SYNPCC7002_RS08390,SYNPCC7002_RS16090,0.115784085173037
SYNPCC7002_RS15520,SYNPCC7002_RS08460,0.115725356223239
SYNPCC7002_RS02715,SYNPCC7002_RS05255,0.115473052050295
SYNPCC7002_RS06150,SYNPCC7002_RS04360,0.115435094333519
SYNPCC7002_RS02455,SYNPCC7002_RS02325,0.115409100790977
SYNPCC7002_RS08965,SYNPCC7002_RS11840,0.115395862183234
SYNPCC7002_RS05135,SYNPCC7002_RS09795,0.115392218607495
SYNPCC7002_RS05135,SYNPCC7002_RS03090,0.115360897786034
SYNPCC7002_RS04890,SYNPCC7002_RS05135,0.115125190125903
SYNPCC7002_RS15680,SYNPCC7002_RS14650,0.115106619006923
SYNPCC7002_RS09630,SYNPCC7002_RS13850,0.114821314639287
SYNPCC7002_RS10050,SYNPCC7002_RS14545,0.114742610373737
SYNPCC7002_RS01800,SYNPCC7002_RS05330,0.114708147903217
SYNPCC7002_RS03950,SYNPCC7002_RS15550,0.114682036742198
SYNPCC7002_RS02715,SYNPCC7002_RS15435,0.114660151152836
SYNPCC7002_RS15720,SYNPCC7002_RS15330,0.114651676429984
SYNPCC7002_RS05135,SYNPCC7002_RS05125,0.114638166324134
SYNPCC7002_RS07385,SYNPCC7002_RS14185,0.114579142748952
SYNPCC7002_RS16320,SYNPCC7002_RS15875,0.114474248669552
SYNPCC7002_RS09630,SYNPCC7002_RS07915,0.114456484401206
SYNPCC7002_RS08965,SYNPCC7002_RS02395,0.114426203797999
SYNPCC7002_RS04680,SYNPCC7002_RS01815,0.114379634088157
SYNPCC7002_RS05135,SYNPCC7002_RS03740,0.114039690355663
SYNPCC7002_RS16320,SYNPCC7002_RS15610,0.113900010735773
SYNPCC7002_RS09780,SYNPCC7002_RS04380,0.113899803159346
SYNPCC7002_RS14385,SYNPCC7002_RS14440,0.113801873334991
SYNPCC7002_RS14440,SYNPCC7002_RS16320,0.113715412737585
SYNPCC7002_RS09175,SYNPCC7002_RS14725,0.113647614607856
SYNPCC7002_RS10050,SYNPCC7002_RS07760,0.113630996527896
SYNPCC7002_RS15680,SYNPCC7002_RS05670,0.113539198946788
SYNPCC7002_RS14440,SYNPCC7002_RS16310,0.11346006447323
SYNPCC7002_RS10050,SYNPCC7002_RS07605,0.113435619340206
SYNPCC7002_RS04650,SYNPCC7002_RS12580,0.113379707920229
SYNPCC7002_RS06540,SYNPCC7002_RS08560,0.11333221950162
SYNPCC7002_RS06150,SYNPCC7002_RS11825,0.113260458439898
SYNPCC7002_RS12395,SYNPCC7002_RS03465,0.113234922200039
SYNPCC7002_RS00650,SYNPCC7002_RS12230,0.113145074332604
SYNPCC7002_RS08390,SYNPCC7002_RS06855,0.113001110908816
SYNPCC7002_RS06150,SYNPCC7002_RS13385,0.112834724032634
SYNPCC7002_RS09820,SYNPCC7002_RS06665,0.11268338151627
SYNPCC7002_RS08390,SYNPCC7002_RS04815,0.112556979267713
SYNPCC7002_RS04650,SYNPCC7002_RS09735,0.112468083852829
SYNPCC7002_RS16320,SYNPCC7002_RS16755,0.112460083621264
SYNPCC7002_RS16320,SYNPCC7002_RS15880,0.112344750663582
SYNPCC7002_RS10145,SYNPCC7002_RS09950,0.112310886849662
SYNPCC7002_RS02715,SYNPCC7002_RS11860,0.112041616908651
SYNPCC7002_RS12395,SYNPCC7002_RS09560,0.111912612429546
SYNPCC7002_RS05460,SYNPCC7002_RS15440,0.111884383287515
SYNPCC7002_RS16320,SYNPCC7002_RS15645,0.111800153137691
SYNPCC7002_RS05135,SYNPCC7002_RS03665,0.111739079546487
SYNPCC7002_RS03295,SYNPCC7002_RS01970,0.111682306100844
SYNPCC7002_RS02715,SYNPCC7002_RS04265,0.111568069445645
SYNPCC7002_RS04650,SYNPCC7002_RS01510,0.111367108484188
SYNPCC7002_RS04780,SYNPCC7002_RS10475,0.111300930461255
SYNPCC7002_RS06150,SYNPCC7002_RS10115,0.111233282743563
SYNPCC7002_RS00635,SYNPCC7002_RS10410,0.111161322839181
SYNPCC7002_RS05460,SYNPCC7002_RS16575,0.111136946023026
SYNPCC7002_RS04650,SYNPCC7002_RS04535,0.111053048419166
SYNPCC7002_RS04650,SYNPCC7002_RS04855,0.11100939643617
SYNPCC7002_RS05460,SYNPCC7002_RS16415,0.110943419692703
SYNPCC7002_RS10050,SYNPCC7002_RS07490,0.110937336885728
SYNPCC7002_RS06540,SYNPCC7002_RS04715,0.110934248958622
SYNPCC7002_RS06540,SYNPCC7002_RS01345,0.110922459540193
SYNPCC7002_RS05135,SYNPCC7002_RS05270,0.110911151093144
SYNPCC7002_RS09820,SYNPCC7002_RS10710,0.110897747771506
SYNPCC7002_RS06150,SYNPCC7002_RS13850,0.110842712434528
SYNPCC7002_RS03295,SYNPCC7002_RS03325,0.110810042533348
SYNPCC7002_RS06150,SYNPCC7002_RS15925,0.110731240075114
SYNPCC7002_RS05135,SYNPCC7002_RS09860,0.110650692555075
SYNPCC7002_RS02455,SYNPCC7002_RS11675,0.110622206307947
SYNPCC7002_RS15255,SYNPCC7002_RS15325,0.110573129716442
SYNPCC7002_RS09320,SYNPCC7002_RS11215,0.110532502366609
SYNPCC7002_RS00650,SYNPCC7002_RS13470,0.1104503172882
SYNPCC7002_RS05135,SYNPCC7002_RS02425,0.110199081635228
SYNPCC7002_RS05985,SYNPCC7002_RS08830,0.110103059405116
SYNPCC7002_RS15030,SYNPCC7002_RS15035,0.110078802214037
SYNPCC7002_RS05460,SYNPCC7002_RS14330,0.110012781335209
SYNPCC7002_RS01335,SYNPCC7002_RS03000,0.109986297936314
SYNPCC7002_RS09630,SYNPCC7002_RS04355,0.109959617772819
SYNPCC7002_RS05135,SYNPCC7002_RS11335,0.109772125826001
SYNPCC7002_RS05135,SYNPCC7002_RS05245,0.109765160466286
SYNPCC7002_RS01420,SYNPCC7002_RS12240,0.109708445381481
SYNPCC7002_RS05985,SYNPCC7002_RS04590,0.109653791588742
SYNPCC7002_RS05135,SYNPCC7002_RS05130,0.109625306968448
SYNPCC7002_RS15255,SYNPCC7002_RS15315,0.109604661681051
SYNPCC7002_RS05985,SYNPCC7002_RS17195,0.109557224487828
SYNPCC7002_RS04650,SYNPCC7002_RS09280,0.109522219610874
SYNPCC7002_RS09780,SYNPCC7002_RS04095,0.109483392569789
SYNPCC7002_RS00260,SYNPCC7002_RS08530,0.109449282282849
SYNPCC7002_RS05985,SYNPCC7002_RS08925,0.109421458052677
SYNPCC7002_RS04780,SYNPCC7002_RS01670,0.109364166622718
SYNPCC7002_RS12395,SYNPCC7002_RS07745,0.109263823426876
SYNPCC7002_RS03030,SYNPCC7002_RS11305,0.109242083566308
SYNPCC7002_RS04650,SYNPCC7002_RS01350,0.109168700000058
SYNPCC7002_RS06150,SYNPCC7002_RS00975,0.109144920089875
SYNPCC7002_RS00050,SYNPCC7002_RS06470,0.109143788005612
SYNPCC7002_RS05460,SYNPCC7002_RS11210,0.109119651092436
SYNPCC7002_RS05460,SYNPCC7002_RS09000,0.109049014769573
SYNPCC7002_RS10050,SYNPCC7002_RS11360,0.108889918703216
SYNPCC7002_RS10050,SYNPCC7002_RS07595,0.108879502249792
SYNPCC7002_RS15680,SYNPCC7002_RS14615,0.108875851629559
SYNPCC7002_RS05135,SYNPCC7002_RS06175,0.108848064866436
SYNPCC7002_RS05135,SYNPCC7002_RS04640,0.108829738492408
SYNPCC7002_RS05135,SYNPCC7002_RS05180,0.108791741247504
SYNPCC7002_RS04680,SYNPCC7002_RS14695,0.108751108823944
SYNPCC7002_RS10050,SYNPCC7002_RS00820,0.108706191011302
SYNPCC7002_RS09820,SYNPCC7002_RS10195,0.108619364854283
SYNPCC7002_RS12395,SYNPCC7002_RS15110,0.108595584569518
SYNPCC7002_RS03950,SYNPCC7002_RS15440,0.108594455337245
SYNPCC7002_RS14440,SYNPCC7002_RS14445,0.1085627196314
SYNPCC7002_RS12395,SYNPCC7002_RS07780,0.108551471576094
SYNPCC7002_RS05135,SYNPCC7002_RS04115,0.108542850362118
SYNPCC7002_RS08965,SYNPCC7002_RS10220,0.108498551415893
SYNPCC7002_RS04780,SYNPCC7002_RS15025,0.108464008874971
SYNPCC7002_RS05985,SYNPCC7002_RS13650,0.108462900601102
SYNPCC7002_RS05985,SYNPCC7002_RS13835,0.108456980795964
SYNPCC7002_RS09820,SYNPCC7002_RS15540,0.108447610553025
SYNPCC7002_RS01335,SYNPCC7002_RS10085,0.108440091207054
SYNPCC7002_RS00260,SYNPCC7002_RS13500,0.108423339155652
SYNPCC7002_RS14440,SYNPCC7002_RS14405,0.108415871139041
SYNPCC7002_RS05135,SYNPCC7002_RS17035,0.108386500755197
SYNPCC7002_RS00640,SYNPCC7002_RS16825,0.108369035415763
SYNPCC7002_RS04890,SYNPCC7002_RS03540,0.108344565861155
SYNPCC7002_RS08965,SYNPCC7002_RS06560,0.108313557443608
SYNPCC7002_RS03295,SYNPCC7002_RS14345,0.108239334842178
SYNPCC7002_RS05135,SYNPCC7002_RS03465,0.10813530393092
SYNPCC7002_RS16160,SYNPCC7002_RS16715,0.108124942117851
SYNPCC7002_RS05135,SYNPCC7002_RS05310,0.108092679121895
SYNPCC7002_RS03030,SYNPCC7002_RS02255,0.108079797059135
SYNPCC7002_RS03295,SYNPCC7002_RS08765,0.108053456218271
SYNPCC7002_RS00050,SYNPCC7002_RS10105,0.108027568540298
SYNPCC7002_RS02715,SYNPCC7002_RS02710,0.10798780933015
SYNPCC7002_RS15680,SYNPCC7002_RS07130,0.107970530524806
SYNPCC7002_RS08480,SYNPCC7002_RS11185,0.107959852266195
SYNPCC7002_RS12395,SYNPCC7002_RS15155,0.107933771157019
SYNPCC7002_RS01800,SYNPCC7002_RS00030,0.107922235964133
SYNPCC7002_RS04650,SYNPCC7002_RS01865,0.107869873072191
SYNPCC7002_RS03950,SYNPCC7002_RS16275,0.107852519027551
SYNPCC7002_RS05135,SYNPCC7002_RS07680,0.107832438124277
SYNPCC7002_RS15680,SYNPCC7002_RS06555,0.107812940313616
SYNPCC7002_RS07385,SYNPCC7002_RS07160,0.107760656229326
SYNPCC7002_RS00850,SYNPCC7002_RS00870,0.107744074668175
SYNPCC7002_RS05135,SYNPCC7002_RS03670,0.107599383182897
SYNPCC7002_RS05135,SYNPCC7002_RS12190,0.1075879863482
SYNPCC7002_RS02455,SYNPCC7002_RS14155,0.107556055154692
SYNPCC7002_RS01335,SYNPCC7002_RS00325,0.107549976830826
SYNPCC7002_RS05460,SYNPCC7002_RS16835,0.10753247856106
SYNPCC7002_RS08945,SYNPCC7002_RS10090,0.107530846251555
SYNPCC7002_RS05135,SYNPCC7002_RS05300,0.107421978256635
SYNPCC7002_RS03295,SYNPCC7002_RS01960,0.107398170378292
SYNPCC7002_RS09630,SYNPCC7002_RS15930,0.107374057900605
SYNPCC7002_RS05135,SYNPCC7002_RS05305,0.107358577023054
SYNPCC7002_RS04890,SYNPCC7002_RS00465,0.107323903391722
SYNPCC7002_RS06150,SYNPCC7002_RS11435,0.107313671955047
SYNPCC7002_RS08965,SYNPCC7002_RS02200,0.107289602264453
SYNPCC7002_RS08390,SYNPCC7002_RS06655,0.107287146223864
SYNPCC7002_RS03295,SYNPCC7002_RS16225,0.107257268788128
SYNPCC7002_RS12090,SYNPCC7002_RS06275,0.107156276964514
SYNPCC7002_RS05135,SYNPCC7002_RS05260,0.107147303291916
SYNPCC7002_RS05135,SYNPCC7002_RS01580,0.107103518584537
SYNPCC7002_RS05135,SYNPCC7002_RS03280,0.107032235130383
SYNPCC7002_RS04890,SYNPCC7002_RS00545,0.106998531418681
SYNPCC7002_RS05135,SYNPCC7002_RS05250,0.106959824015589
SYNPCC7002_RS06540,SYNPCC7002_RS15950,0.106942588172435
SYNPCC7002_RS05135,SYNPCC7002_RS05120,0.106939719204504
SYNPCC7002_RS05135,SYNPCC7002_RS04565,0.106903558588851
SYNPCC7002_RS15680,SYNPCC7002_RS15330,0.106886236188061
SYNPCC7002_RS01800,SYNPCC7002_RS02315,0.106829628701256
SYNPCC7002_RS12395,SYNPCC7002_RS14460,0.106825139928662
SYNPCC7002_RS10050,SYNPCC7002_RS07790,0.106810427222051
SYNPCC7002_RS04780,SYNPCC7002_RS08340,0.106776648667362
SYNPCC7002_RS15680,SYNPCC7002_RS01235,0.106765298942285
SYNPCC7002_RS06150,SYNPCC7002_RS08920,0.106742567632594
SYNPCC7002_RS15520,SYNPCC7002_RS13910,0.106694638056417
SYNPCC7002_RS05135,SYNPCC7002_RS16940,0.106693873582303
SYNPCC7002_RS09320,SYNPCC7002_RS13980,0.106683953509591
SYNPCC7002_RS08390,SYNPCC7002_RS06015,0.106651271287828
SYNPCC7002_RS05135,SYNPCC7002_RS12985,0.106617311411019
SYNPCC7002_RS05460,SYNPCC7002_RS14940,0.106593965176694
SYNPCC7002_RS03295,SYNPCC7002_RS05355,0.10658109851961
SYNPCC7002_RS04890,SYNPCC7002_RS04565,0.106572602245868
SYNPCC7002_RS07385,SYNPCC7002_RS13570,0.106560517692335
SYNPCC7002_RS04650,SYNPCC7002_RS08545,0.106526580111102
SYNPCC7002_RS02715,SYNPCC7002_RS01940,0.106415842485464
SYNPCC7002_RS04650,SYNPCC7002_RS04595,0.106412311688809
SYNPCC7002_RS03950,SYNPCC7002_RS12310,0.106387216744685
SYNPCC7002_RS09845,SYNPCC7002_RS04990,0.106334518570742
SYNPCC7002_RS08965,SYNPCC7002_RS13890,0.106331406342036
SYNPCC7002_RS05135,SYNPCC7002_RS10965,0.106314824948269
SYNPCC7002_RS04780,SYNPCC7002_RS03545,0.106262456503913
SYNPCC7002_RS12395,SYNPCC7002_RS03430,0.106220224320539
SYNPCC7002_RS14790,SYNPCC7002_RS14820,0.106213837282359
SYNPCC7002_RS05135,SYNPCC7002_RS03675,0.106213630285647
SYNPCC7002_RS12395,SYNPCC7002_RS16355,0.106209592409747
SYNPCC7002_RS04250,SYNPCC7002_RS14235,0.106173846097115
SYNPCC7002_RS10050,SYNPCC7002_RS03520,0.106170484695126
SYNPCC7002_RS15680,SYNPCC7002_RS06615,0.106131264005818
SYNPCC7002_RS15255,SYNPCC7002_RS15880,0.106105890437433
SYNPCC7002_RS03295,SYNPCC7002_RS14350,0.1061051797915
SYNPCC7002_RS05985,SYNPCC7002_RS10725,0.10609490534928
SYNPCC7002_RS07385,SYNPCC7002_RS04755,0.106076302358626
SYNPCC7002_RS15680,SYNPCC7002_RS03140,0.106076269823584
SYNPCC7002_RS15520,SYNPCC7002_RS12030,0.106071749139666
SYNPCC7002_RS04250,SYNPCC7002_RS09110,0.106071382320371
SYNPCC7002_RS04650,SYNPCC7002_RS04850,0.1060429209561
SYNPCC7002_RS12395,SYNPCC7002_RS16360,0.105979732421751
SYNPCC7002_RS05985,SYNPCC7002_RS11030,0.105930012267761
SYNPCC7002_RS04680,SYNPCC7002_RS03350,0.105929915310455
SYNPCC7002_RS05985,SYNPCC7002_RS02770,0.105912990630069
SYNPCC7002_RS03030,SYNPCC7002_RS04710,0.105796661112221
SYNPCC7002_RS04780,SYNPCC7002_RS04690,0.105738237645657
SYNPCC7002_RS09820,SYNPCC7002_RS12215,0.105733009515441
SYNPCC7002_RS00640,SYNPCC7002_RS05460,0.105726916498805
SYNPCC7002_RS10050,SYNPCC7002_RS12555,0.105699905745733
SYNPCC7002_RS09630,SYNPCC7002_RS05690,0.1056251762362
SYNPCC7002_RS05135,SYNPCC7002_RS05275,0.105601324596696
SYNPCC7002_RS11685,SYNPCC7002_RS12405,0.105511060404666
SYNPCC7002_RS08965,SYNPCC7002_RS12260,0.105499214952472
SYNPCC7002_RS14790,SYNPCC7002_RS13975,0.105471038153051
SYNPCC7002_RS08945,SYNPCC7002_RS12035,0.105469895825432
SYNPCC7002_RS15410,SYNPCC7002_RS15375,0.105458393347167
SYNPCC7002_RS08210,SYNPCC7002_RS11885,0.105453480622971
SYNPCC7002_RS03295,SYNPCC7002_RS08760,0.105412476647937
SYNPCC7002_RS09630,SYNPCC7002_RS14570,0.105409669074341
SYNPCC7002_RS01800,SYNPCC7002_RS06305,0.105371504527228
SYNPCC7002_RS01085,SYNPCC7002_RS07170,0.105368395121667
SYNPCC7002_RS15680,SYNPCC7002_RS05680,0.10528375476182
SYNPCC7002_RS05985,SYNPCC7002_RS00525,0.105266502277958
SYNPCC7002_RS15720,SYNPCC7002_RS06460,0.105242483005034
SYNPCC7002_RS09320,SYNPCC7002_RS10465,0.105240284295294
SYNPCC7002_RS05135,SYNPCC7002_RS05285,0.105230292799953
SYNPCC7002_RS14385,SYNPCC7002_RS14375,0.105195073174191
SYNPCC7002_RS05985,SYNPCC7002_RS01185,0.105152948476986
SYNPCC7002_RS02715,SYNPCC7002_RS06190,0.105144545345373
SYNPCC7002_RS08210,SYNPCC7002_RS17235,0.105121027905381
SYNPCC7002_RS06540,SYNPCC7002_RS07105,0.105105440737845
SYNPCC7002_RS10050,SYNPCC7002_RS03510,0.10507183109887
SYNPCC7002_RS15680,SYNPCC7002_RS05690,0.105064801614632
SYNPCC7002_RS04890,SYNPCC7002_RS09035,0.105061477072008
SYNPCC7002_RS05135,SYNPCC7002_RS07770,0.105032400742511
SYNPCC7002_RS05135,SYNPCC7002_RS12120,0.105023655211779
SYNPCC7002_RS15680,SYNPCC7002_RS03135,0.105021338488671
SYNPCC7002_RS04890,SYNPCC7002_RS01795,0.10500037772132
SYNPCC7002_RS05135,SYNPCC7002_RS09560,0.10497334523757
SYNPCC7002_RS05985,SYNPCC7002_RS00430,0.104945532910264
SYNPCC7002_RS15680,SYNPCC7002_RS14640,0.104944261176321
SYNPCC7002_RS06150,SYNPCC7002_RS05455,0.104922207973252
SYNPCC7002_RS01800,SYNPCC7002_RS10150,0.1048861445747
SYNPCC7002_RS00260,SYNPCC7002_RS09615,0.104796076246833
SYNPCC7002_RS08390,SYNPCC7002_RS08750,0.104790505116712
SYNPCC7002_RS08965,SYNPCC7002_RS05735,0.104787104823031
SYNPCC7002_RS04680,SYNPCC7002_RS15925,0.104776239129958
SYNPCC7002_RS05135,SYNPCC7002_RS05225,0.104743739574989
SYNPCC7002_RS05135,SYNPCC7002_RS11730,0.104716986043432
SYNPCC7002_RS09995,SYNPCC7002_RS02115,0.104693630640451
SYNPCC7002_RS05135,SYNPCC7002_RS14250,0.104661950467174
SYNPCC7002_RS05985,SYNPCC7002_RS09470,0.104594567720587
SYNPCC7002_RS05460,SYNPCC7002_RS15180,0.104573407023739
SYNPCC7002_RS14385,SYNPCC7002_RS14315,0.104570158521701
SYNPCC7002_RS14385,SYNPCC7002_RS14335,0.104509179077027
SYNPCC7002_RS09630,SYNPCC7002_RS04675,0.104462933387637
SYNPCC7002_RS09195,SYNPCC7002_RS13440,0.104404484879931
SYNPCC7002_RS09780,SYNPCC7002_RS13960,0.104396747869405
SYNPCC7002_RS10050,SYNPCC7002_RS00875,0.104373680151457
SYNPCC7002_RS08175,SYNPCC7002_RS03405,0.104332659183197
SYNPCC7002_RS15680,SYNPCC7002_RS15325,0.104296013854647
SYNPCC7002_RS02455,SYNPCC7002_RS03045,0.104287355264862
SYNPCC7002_RS00640,SYNPCC7002_RS06010,0.10424555370211
SYNPCC7002_RS09820,SYNPCC7002_RS13345,0.104235347952375
SYNPCC7002_RS12395,SYNPCC7002_RS01695,0.104216675947736
SYNPCC7002_RS12395,SYNPCC7002_RS03425,0.104215009094809
SYNPCC7002_RS05135,SYNPCC7002_RS01505,0.104185917840914
SYNPCC7002_RS08390,SYNPCC7002_RS13965,0.104151404481069
SYNPCC7002_RS10050,SYNPCC7002_RS10890,0.104114808856384
SYNPCC7002_RS08965,SYNPCC7002_RS02445,0.104066133624319
SYNPCC7002_RS10050,SYNPCC7002_RS10830,0.104019857906696
SYNPCC7002_RS03950,SYNPCC7002_RS16850,0.104010206337325
SYNPCC7002_RS05135,SYNPCC7002_RS12395,0.103998999542933
SYNPCC7002_RS05135,SYNPCC7002_RS00265,0.103991495175617
SYNPCC7002_RS09820,SYNPCC7002_RS05160,0.103991279707274
SYNPCC7002_RS15680,SYNPCC7002_RS04900,0.103968241247795
SYNPCC7002_RS05985,SYNPCC7002_RS12815,0.103933240074412
SYNPCC7002_RS05135,SYNPCC7002_RS06350,0.103912732528832
SYNPCC7002_RS10050,SYNPCC7002_RS02500,0.103898580152854
SYNPCC7002_RS08945,SYNPCC7002_RS00285,0.103891138526203
SYNPCC7002_RS11400,SYNPCC7002_RS03015,0.103830646467331
SYNPCC7002_RS09630,SYNPCC7002_RS13385,0.103827371916567
SYNPCC7002_RS01420,SYNPCC7002_RS09880,0.103818145611463
SYNPCC7002_RS16320,SYNPCC7002_RS15705,0.103754466088259
SYNPCC7002_RS04780,SYNPCC7002_RS01280,0.103716906328745
SYNPCC7002_RS09780,SYNPCC7002_RS11460,0.103689450516265
SYNPCC7002_RS01420,SYNPCC7002_RS10765,0.103688439277303
SYNPCC7002_RS09320,SYNPCC7002_RS12415,0.103683236164054
SYNPCC7002_RS04650,SYNPCC7002_RS03525,0.103593120109692
SYNPCC7002_RS09780,SYNPCC7002_RS12960,0.103592257278048
SYNPCC7002_RS08255,SYNPCC7002_RS04885,0.103571019170367
SYNPCC7002_RS05985,SYNPCC7002_RS01560,0.103563853769394
SYNPCC7002_RS07385,SYNPCC7002_RS01445,0.103559011380072
SYNPCC7002_RS06150,SYNPCC7002_RS14525,0.103512463471861
SYNPCC7002_RS09630,SYNPCC7002_RS09240,0.103511316377294
SYNPCC7002_RS08965,SYNPCC7002_RS11835,0.103504288542518
SYNPCC7002_RS03760,SYNPCC7002_RS10460,0.103502908990554
SYNPCC7002_RS05135,SYNPCC7002_RS10980,0.103485586984753
SYNPCC7002_RS05135,SYNPCC7002_RS13530,0.103470690298752
SYNPCC7002_RS05460,SYNPCC7002_RS05150,0.103448182261778
SYNPCC7002_RS08965,SYNPCC7002_RS06185,0.103412737901214
SYNPCC7002_RS09630,SYNPCC7002_RS07430,0.103408033254713
SYNPCC7002_RS05135,SYNPCC7002_RS01595,0.103400700942108
SYNPCC7002_RS05135,SYNPCC7002_RS01745,0.103394090949557
SYNPCC7002_RS04650,SYNPCC7002_RS10110,0.103370739408314
SYNPCC7002_RS03030,SYNPCC7002_RS13715,0.103342548953657
SYNPCC7002_RS04780,SYNPCC7002_RS04345,0.103313377860331
SYNPCC7002_RS05135,SYNPCC7002_RS05280,0.103295494601952
SYNPCC7002_RS12395,SYNPCC7002_RS08665,0.103271617423631
SYNPCC7002_RS14385,SYNPCC7002_RS14365,0.103261281368385
SYNPCC7002_RS00050,SYNPCC7002_RS00360,0.103222502979517
SYNPCC7002_RS11685,SYNPCC7002_RS13530,0.103217914594499
SYNPCC7002_RS08210,SYNPCC7002_RS03030,0.103212598326974
SYNPCC7002_RS03950,SYNPCC7002_RS14435,0.10320669817281
SYNPCC7002_RS05135,SYNPCC7002_RS14115,0.103176470865413
SYNPCC7002_RS09320,SYNPCC7002_RS06125,0.103138530421817
SYNPCC7002_RS00050,SYNPCC7002_RS05020,0.103099431874154
SYNPCC7002_RS15680,SYNPCC7002_RS05675,0.10309468986923
SYNPCC7002_RS04780,SYNPCC7002_RS13130,0.103089012725984
SYNPCC7002_RS04890,SYNPCC7002_RS15085,0.10300460549394
SYNPCC7002_RS08390,SYNPCC7002_RS14710,0.102996310432713
SYNPCC7002_RS10050,SYNPCC7002_RS16130,0.102995900422185
SYNPCC7002_RS15520,SYNPCC7002_RS07975,0.102987526087469
SYNPCC7002_RS04780,SYNPCC7002_RS16210,0.102980440528569
SYNPCC7002_RS00640,SYNPCC7002_RS00580,0.102876804146614
SYNPCC7002_RS04780,SYNPCC7002_RS06055,0.102818826869358
SYNPCC7002_RS01335,SYNPCC7002_RS14895,0.102800682060175
SYNPCC7002_RS04890,SYNPCC7002_RS01140,0.102769927606524
SYNPCC7002_RS09845,SYNPCC7002_RS09090,0.102745981260137
SYNPCC7002_RS05135,SYNPCC7002_RS16960,0.102732781867616
SYNPCC7002_RS05135,SYNPCC7002_RS08475,0.102680122479336
SYNPCC7002_RS15680,SYNPCC7002_RS17185,0.102631542340847
SYNPCC7002_RS10050,SYNPCC7002_RS01930,0.102597514917908
SYNPCC7002_RS09320,SYNPCC7002_RS02690,0.102591097126561
SYNPCC7002_RS03030,SYNPCC7002_RS07035,0.102579591018004
SYNPCC7002_RS05135,SYNPCC7002_RS04120,0.102542796083451
SYNPCC7002_RS04650,SYNPCC7002_RS02265,0.102542133070517
SYNPCC7002_RS06150,SYNPCC7002_RS08635,0.102520696497596
SYNPCC7002_RS15680,SYNPCC7002_RS16655,0.10247995664449
SYNPCC7002_RS10145,SYNPCC7002_RS14705,0.102471029988389
SYNPCC7002_RS06150,SYNPCC7002_RS14575,0.102460423729105
SYNPCC7002_RS15720,SYNPCC7002_RS15315,0.10243152877567
SYNPCC7002_RS09780,SYNPCC7002_RS04090,0.102410904064964
SYNPCC7002_RS05135,SYNPCC7002_RS10280,0.102372119823783
SYNPCC7002_RS05135,SYNPCC7002_RS13615,0.102360979777454
SYNPCC7002_RS12395,SYNPCC7002_RS16445,0.102325215917066
SYNPCC7002_RS04650,SYNPCC7002_RS00040,0.102293923520629
SYNPCC7002_RS05135,SYNPCC7002_RS11355,0.102292374137684
SYNPCC7002_RS00050,SYNPCC7002_RS03530,0.102280671751745
SYNPCC7002_RS16320,SYNPCC7002_RS06465,0.102259083825393
SYNPCC7002_RS00010,SYNPCC7002_RS08385,0.102252983295126
SYNPCC7002_RS04680,SYNPCC7002_RS16030,0.102242476340542
SYNPCC7002_RS11400,SYNPCC7002_RS11085,0.102242442943222
SYNPCC7002_RS09320,SYNPCC7002_RS01555,0.102236074199477
SYNPCC7002_RS14440,SYNPCC7002_RS16505,0.102207505416079
SYNPCC7002_RS04650,SYNPCC7002_RS01740,0.102206898020726
SYNPCC7002_RS12395,SYNPCC7002_RS03230,0.102192933982089
SYNPCC7002_RS01800,SYNPCC7002_RS10200,0.102190662697303
SYNPCC7002_RS09780,SYNPCC7002_RS01165,0.102065053599358
SYNPCC7002_RS15680,SYNPCC7002_RS02035,0.102064051326595
SYNPCC7002_RS07385,SYNPCC7002_RS07215,0.102061916489002
SYNPCC7002_RS05135,SYNPCC7002_RS16935,0.102034745070467
SYNPCC7002_RS08390,SYNPCC7002_RS00325,0.101995885247201
SYNPCC7002_RS09630,SYNPCC7002_RS08160,0.101963854473631
SYNPCC7002_RS14440,SYNPCC7002_RS15115,0.101962745065939
SYNPCC7002_RS04890,SYNPCC7002_RS00550,0.101916515262898
SYNPCC7002_RS05985,SYNPCC7002_RS04520,0.101901982998094
SYNPCC7002_RS03760,SYNPCC7002_RS02955,0.101856869018007
SYNPCC7002_RS10050,SYNPCC7002_RS07680,0.101854029788259
SYNPCC7002_RS11685,SYNPCC7002_RS10870,0.101816357074147
SYNPCC7002_RS05460,SYNPCC7002_RS03950,0.101803430800698
SYNPCC7002_RS16320,SYNPCC7002_RS09300,0.101798219787704
SYNPCC7002_RS09780,SYNPCC7002_RS06885,0.101776939784787
SYNPCC7002_RS05135,SYNPCC7002_RS13060,0.101750021675639
SYNPCC7002_RS14440,SYNPCC7002_RS14420,0.101734550906714
SYNPCC7002_RS04890,SYNPCC7002_RS14280,0.101729108215814
SYNPCC7002_RS05135,SYNPCC7002_RS04890,0.101665454556062
SYNPCC7002_RS05460,SYNPCC7002_RS04310,0.101654616291069
SYNPCC7002_RS08255,SYNPCC7002_RS16615,0.101643010568769
SYNPCC7002_RS08390,SYNPCC7002_RS07320,0.101608164374828
SYNPCC7002_RS05985,SYNPCC7002_RS12070,0.101552940671008
SYNPCC7002_RS01800,SYNPCC7002_RS09360,0.101476419609662
SYNPCC7002_RS04780,SYNPCC7002_RS05505,0.101468372791702
SYNPCC7002_RS03295,SYNPCC7002_RS03610,0.101453476871358
SYNPCC7002_RS09820,SYNPCC7002_RS10805,0.101433007710002
SYNPCC7002_RS05135,SYNPCC7002_RS00425,0.101426045311911
SYNPCC7002_RS05985,SYNPCC7002_RS06790,0.101397898432498
SYNPCC7002_RS00050,SYNPCC7002_RS17015,0.101388337209238
SYNPCC7002_RS09780,SYNPCC7002_RS07555,0.1013531849784
SYNPCC7002_RS06150,SYNPCC7002_RS07225,0.101340790671574
SYNPCC7002_RS04680,SYNPCC7002_RS13505,0.101265240275091
SYNPCC7002_RS15520,SYNPCC7002_RS02625,0.101251197455072
SYNPCC7002_RS15520,SYNPCC7002_RS12170,0.101233818133738
SYNPCC7002_RS07385,SYNPCC7002_RS03840,0.101228539357774
SYNPCC7002_RS04890,SYNPCC7002_RS12395,0.101187705110086
SYNPCC7002_RS12395,SYNPCC7002_RS01925,0.101180382634782
SYNPCC7002_RS05460,SYNPCC7002_RS06010,0.101159753392073
SYNPCC7002_RS06150,SYNPCC7002_RS02625,0.101141744002353
SYNPCC7002_RS05135,SYNPCC7002_RS07830,0.101138600034131
SYNPCC7002_RS09320,SYNPCC7002_RS06955,0.101137355414419
SYNPCC7002_RS03760,SYNPCC7002_RS06235,0.101055456121206
SYNPCC7002_RS10050,SYNPCC7002_RS07570,0.101053958524731
SYNPCC7002_RS09780,SYNPCC7002_RS17005,0.101050512836636
SYNPCC7002_RS12395,SYNPCC7002_RS00345,0.101047478387571
SYNPCC7002_RS09780,SYNPCC7002_RS17215,0.101040563012281
SYNPCC7002_RS08965,SYNPCC7002_RS04465,0.100990211253269
SYNPCC7002_RS05135,SYNPCC7002_RS16360,0.100989792596491
SYNPCC7002_RS05135,SYNPCC7002_RS10610,0.100983048968298
SYNPCC7002_RS04650,SYNPCC7002_RS11530,0.100978804833552
SYNPCC7002_RS05460,SYNPCC7002_RS14355,0.100974458141666
SYNPCC7002_RS05135,SYNPCC7002_RS02470,0.1009727749365
SYNPCC7002_RS12090,SYNPCC7002_RS05485,0.100969392345183
SYNPCC7002_RS05135,SYNPCC7002_RS08780,0.100939284139368
SYNPCC7002_RS09820,SYNPCC7002_RS04050,0.100914532145593
SYNPCC7002_RS08860,SYNPCC7002_RS00380,0.100906514301939
SYNPCC7002_RS02455,SYNPCC7002_RS03310,0.100876256302433
SYNPCC7002_RS10050,SYNPCC7002_RS07810,0.100865045324403
SYNPCC7002_RS12395,SYNPCC7002_RS16940,0.100857089923185
SYNPCC7002_RS02715,SYNPCC7002_RS13440,0.100854725544774
SYNPCC7002_RS15680,SYNPCC7002_RS14645,0.100851742337481
SYNPCC7002_RS10050,SYNPCC7002_RS01330,0.100804626136893
SYNPCC7002_RS08965,SYNPCC7002_RS04635,0.100796871323887
SYNPCC7002_RS09820,SYNPCC7002_RS05660,0.100758819359269
SYNPCC7002_RS16160,SYNPCC7002_RS02070,0.100717702014799
SYNPCC7002_RS12395,SYNPCC7002_RS00455,0.100717608098225
SYNPCC7002_RS05985,SYNPCC7002_RS11935,0.100715185034315
SYNPCC7002_RS14440,SYNPCC7002_RS14365,0.100691456327428
SYNPCC7002_RS09320,SYNPCC7002_RS05990,0.100654772952324
SYNPCC7002_RS07385,SYNPCC7002_RS12945,0.100653317412414
SYNPCC7002_RS05985,SYNPCC7002_RS16905,0.100597606041842
SYNPCC7002_RS04250,SYNPCC7002_RS12355,0.100572697161241
SYNPCC7002_RS14440,SYNPCC7002_RS14315,0.100564711683057
SYNPCC7002_RS09630,SYNPCC7002_RS00090,0.100548341016807
SYNPCC7002_RS05985,SYNPCC7002_RS00825,0.100544585672844
SYNPCC7002_RS12395,SYNPCC7002_RS08550,0.100536757716672
SYNPCC7002_RS05985,SYNPCC7002_RS12775,0.100536171618841
SYNPCC7002_RS04680,SYNPCC7002_RS12530,0.100533235547279
SYNPCC7002_RS09630,SYNPCC7002_RS04430,0.100529417914062
SYNPCC7002_RS09820,SYNPCC7002_RS04940,0.100524147160299
SYNPCC7002_RS05460,SYNPCC7002_RS14500,0.100506083503194
SYNPCC7002_RS08945,SYNPCC7002_RS14920,0.100490001779776
SYNPCC7002_RS04890,SYNPCC7002_RS04845,0.10048949448384
SYNPCC7002_RS15520,SYNPCC7002_RS14130,0.100480213029834
SYNPCC7002_RS08390,SYNPCC7002_RS13355,0.100476627852763
SYNPCC7002_RS12395,SYNPCC7002_RS09910,0.100467701817165
SYNPCC7002_RS15520,SYNPCC7002_RS03260,0.100460428153344
SYNPCC7002_RS05985,SYNPCC7002_RS16470,0.100448131204974
SYNPCC7002_RS12515,SYNPCC7002_RS04780,0.100429410984314
SYNPCC7002_RS02715,SYNPCC7002_RS06845,0.10041810080816
SYNPCC7002_RS08175,SYNPCC7002_RS04495,0.100383740294504
SYNPCC7002_RS12090,SYNPCC7002_RS13565,0.100383703061507
SYNPCC7002_RS03030,SYNPCC7002_RS13880,0.100371028002318
SYNPCC7002_RS06540,SYNPCC7002_RS12750,0.100367625153636
SYNPCC7002_RS11685,SYNPCC7002_RS08660,0.100352859395501
SYNPCC7002_RS05135,SYNPCC7002_RS09650,0.100319243476106
SYNPCC7002_RS04890,SYNPCC7002_RS02850,0.100300288022034
SYNPCC7002_RS14385,SYNPCC7002_RS14445,0.100290556362972
SYNPCC7002_RS15520,SYNPCC7002_RS16200,0.10027720601038
SYNPCC7002_RS05135,SYNPCC7002_RS07750,0.100266228079158
SYNPCC7002_RS05460,SYNPCC7002_RS14505,0.100249574448378
SYNPCC7002_RS02715,SYNPCC7002_RS15065,0.100249017691852
SYNPCC7002_RS05985,SYNPCC7002_RS04085,0.100248917991615
SYNPCC7002_RS08965,SYNPCC7002_RS08960,0.100247284611668
SYNPCC7002_RS09630,SYNPCC7002_RS05455,0.100239504517747
SYNPCC7002_RS14440,SYNPCC7002_RS15475,0.100237444556239
SYNPCC7002_RS01335,SYNPCC7002_RS05340,0.100237365253805
SYNPCC7002_RS03030,SYNPCC7002_RS02525,0.10022602714933
SYNPCC7002_RS05460,SYNPCC7002_RS09800,0.10020696090697
SYNPCC7002_RS08390,SYNPCC7002_RS08165,0.100197447926574
SYNPCC7002_RS09630,SYNPCC7002_RS11560,0.100142248548609
SYNPCC7002_RS04680,SYNPCC7002_RS07150,0.100141294656123
SYNPCC7002_RS06150,SYNPCC7002_RS08160,0.100139689765934
SYNPCC7002_RS00650,SYNPCC7002_RS01500,0.100031633814795
SYNPCC7002_RS11685,SYNPCC7002_RS08670,0.100029808848511
SYNPCC7002_RS07385,SYNPCC7002_RS07425,0.100014896268352
SYNPCC7002_RS09195,SYNPCC7002_RS02280,0.0999929489683704
SYNPCC7002_RS01800,SYNPCC7002_RS03610,0.0999874446745899
SYNPCC7002_RS10050,SYNPCC7002_RS16795,0.0999622591073504
SYNPCC7002_RS05985,SYNPCC7002_RS11540,0.0999497928373538
SYNPCC7002_RS12395,SYNPCC7002_RS10130,0.0999266770483111
SYNPCC7002_RS03760,SYNPCC7002_RS00195,0.0999210544643286
SYNPCC7002_RS14440,SYNPCC7002_RS14320,0.0999016923983416
SYNPCC7002_RS12395,SYNPCC7002_RS04475,0.0998846497545464
SYNPCC7002_RS02715,SYNPCC7002_RS03655,0.0998789190292227
SYNPCC7002_RS09260,SYNPCC7002_RS13795,0.0998752095173627
SYNPCC7002_RS03950,SYNPCC7002_RS15120,0.0998746976713943
SYNPCC7002_RS01800,SYNPCC7002_RS05335,0.0998522308195919
SYNPCC7002_RS16320,SYNPCC7002_RS06265,0.0998400729778653
SYNPCC7002_RS01335,SYNPCC7002_RS02030,0.0998362340007769
SYNPCC7002_RS08965,SYNPCC7002_RS09730,0.0998299833011751
SYNPCC7002_RS04250,SYNPCC7002_RS10225,0.0997398544112554
SYNPCC7002_RS10050,SYNPCC7002_RS07775,0.0997248937435044
SYNPCC7002_RS12395,SYNPCC7002_RS06080,0.0997153458539627
SYNPCC7002_RS15255,SYNPCC7002_RS15720,0.0996840848110027
SYNPCC7002_RS02455,SYNPCC7002_RS14175,0.0996840371086822
SYNPCC7002_RS10050,SYNPCC7002_RS09700,0.0996829924188503
SYNPCC7002_RS12395,SYNPCC7002_RS16935,0.0996670936523348
SYNPCC7002_RS04650,SYNPCC7002_RS12695,0.0996641742908793
SYNPCC7002_RS12395,SYNPCC7002_RS09130,0.0996627606615811
SYNPCC7002_RS14790,SYNPCC7002_RS05560,0.0996551527640695
SYNPCC7002_RS10050,SYNPCC7002_RS10940,0.0996442222528155
SYNPCC7002_RS15720,SYNPCC7002_RS06465,0.099620213607787
SYNPCC7002_RS04650,SYNPCC7002_RS09965,0.0996191379708821
SYNPCC7002_RS08860,SYNPCC7002_RS01365,0.0996185591118867
SYNPCC7002_RS15030,SYNPCC7002_RS14985,0.0996084579746424
SYNPCC7002_RS05985,SYNPCC7002_RS06550,0.0996042123893222
SYNPCC7002_RS04780,SYNPCC7002_RS06875,0.0996009792134503
SYNPCC7002_RS05135,SYNPCC7002_RS05110,0.0995853577082821
SYNPCC7002_RS00690,SYNPCC7002_RS11645,0.0995820428929695
SYNPCC7002_RS06150,SYNPCC7002_RS07150,0.099541392017821
SYNPCC7002_RS05135,SYNPCC7002_RS06330,0.0995293929887435
SYNPCC7002_RS08965,SYNPCC7002_RS01750,0.0995055795403399
SYNPCC7002_RS05135,SYNPCC7002_RS03275,0.0994482491084778
SYNPCC7002_RS04780,SYNPCC7002_RS01215,0.0994022091929529
SYNPCC7002_RS05460,SYNPCC7002_RS14415,0.0993763274841259
SYNPCC7002_RS08965,SYNPCC7002_RS02435,0.0993634601071591
SYNPCC7002_RS04890,SYNPCC7002_RS00370,0.0993594122228812
SYNPCC7002_RS14790,SYNPCC7002_RS04800,0.0993238832319977
SYNPCC7002_RS04650,SYNPCC7002_RS02100,0.0992682152500087
SYNPCC7002_RS06150,SYNPCC7002_RS04355,0.099258759276708
SYNPCC7002_RS03950,SYNPCC7002_RS15125,0.0992344894875766
SYNPCC7002_RS08965,SYNPCC7002_RS03995,0.0992045316032896
SYNPCC7002_RS12395,SYNPCC7002_RS11515,0.0991911899195046
SYNPCC7002_RS04680,SYNPCC7002_RS10115,0.0991818047276964
SYNPCC7002_RS09630,SYNPCC7002_RS10480,0.0991709536775787
SYNPCC7002_RS09780,SYNPCC7002_RS16850,0.099154740090922
SYNPCC7002_RS06150,SYNPCC7002_RS13145,0.0991467300328417
SYNPCC7002_RS02715,SYNPCC7002_RS13705,0.0991056801744441
SYNPCC7002_RS15680,SYNPCC7002_RS05105,0.0990902802701865
SYNPCC7002_RS12395,SYNPCC7002_RS08155,0.0990269500394539
SYNPCC7002_RS12395,SYNPCC7002_RS05205,0.0989953746973746
SYNPCC7002_RS03030,SYNPCC7002_RS12780,0.0989854764547676
SYNPCC7002_RS12395,SYNPCC7002_RS01785,0.0989548394760335
SYNPCC7002_RS05135,SYNPCC7002_RS05175,0.0989454540812763
SYNPCC7002_RS04890,SYNPCC7002_RS11345,0.0989395334535255
SYNPCC7002_RS06150,SYNPCC7002_RS06800,0.0989286469872893
SYNPCC7002_RS07295,SYNPCC7002_RS03205,0.0989267292306271
SYNPCC7002_RS10050,SYNPCC7002_RS07600,0.0989106328564871
SYNPCC7002_RS03295,SYNPCC7002_RS15965,0.0988988510024527
SYNPCC7002_RS09090,SYNPCC7002_RS16805,0.0988691205496815
SYNPCC7002_RS09995,SYNPCC7002_RS14700,0.0988523855831616
SYNPCC7002_RS14790,SYNPCC7002_RS05935,0.0988503208662819
SYNPCC7002_RS14440,SYNPCC7002_RS14425,0.0988287132421785
SYNPCC7002_RS01335,SYNPCC7002_RS02325,0.098815014798952
SYNPCC7002_RS08390,SYNPCC7002_RS08575,0.0987819898626232
SYNPCC7002_RS06540,SYNPCC7002_RS09225,0.098781691071564
SYNPCC7002_RS15680,SYNPCC7002_RS02065,0.0987794591082394
SYNPCC7002_RS12105,SYNPCC7002_RS02250,0.0987759825725708
SYNPCC7002_RS06165,SYNPCC7002_RS04455,0.0987744500923653
SYNPCC7002_RS05985,SYNPCC7002_RS02360,0.0987706162766104
SYNPCC7002_RS05135,SYNPCC7002_RS11455,0.0987546955612
SYNPCC7002_RS05135,SYNPCC7002_RS06395,0.0987286322155922
SYNPCC7002_RS15680,SYNPCC7002_RS17045,0.0987238427812304
SYNPCC7002_RS16320,SYNPCC7002_RS15710,0.0986822041862762
SYNPCC7002_RS14385,SYNPCC7002_RS14380,0.0986590446115048
SYNPCC7002_RS04780,SYNPCC7002_RS06540,0.0986477979846638
SYNPCC7002_RS12395,SYNPCC7002_RS14115,0.0986366754006431
SYNPCC7002_RS08965,SYNPCC7002_RS00120,0.0986199950177588
SYNPCC7002_RS11400,SYNPCC7002_RS00115,0.0986118913840634
SYNPCC7002_RS09630,SYNPCC7002_RS08920,0.0985999567911036
SYNPCC7002_RS15255,SYNPCC7002_RS05685,0.0985950634254563
SYNPCC7002_RS08390,SYNPCC7002_RS07040,0.0985881349773144
SYNPCC7002_RS10050,SYNPCC7002_RS01040,0.0985651227093797
SYNPCC7002_RS05985,SYNPCC7002_RS13960,0.0985452870729535
SYNPCC7002_RS01420,SYNPCC7002_RS16735,0.0985416340572824
SYNPCC7002_RS15680,SYNPCC7002_RS10545,0.0985391090324366
SYNPCC7002_RS10050,SYNPCC7002_RS11005,0.0985386475540772
SYNPCC7002_RS09780,SYNPCC7002_RS04180,0.0985219988934987
SYNPCC7002_RS09820,SYNPCC7002_RS05165,0.098512327850066
SYNPCC7002_RS08860,SYNPCC7002_RS12565,0.0984622620379186
SYNPCC7002_RS05460,SYNPCC7002_RS10825,0.0984430738813116
SYNPCC7002_RS05135,SYNPCC7002_RS15090,0.0984388028139277
SYNPCC7002_RS09820,SYNPCC7002_RS11210,0.0984225464085619
SYNPCC7002_RS09780,SYNPCC7002_RS07575,0.0983964403473853
SYNPCC7002_RS00690,SYNPCC7002_RS09260,0.0983786294800313
SYNPCC7002_RS05985,SYNPCC7002_RS10105,0.0983565980158424
SYNPCC7002_RS04250,SYNPCC7002_RS00525,0.0983448905773569
SYNPCC7002_RS15680,SYNPCC7002_RS14610,0.0983014979100411
SYNPCC7002_RS15680,SYNPCC7002_RS08435,0.0982869863588757
SYNPCC7002_RS03030,SYNPCC7002_RS15445,0.0982461522882108
SYNPCC7002_RS04890,SYNPCC7002_RS02425,0.0982153771685455
SYNPCC7002_RS11685,SYNPCC7002_RS10130,0.0982063347548593
SYNPCC7002_RS05135,SYNPCC7002_RS03685,0.098177508244957
SYNPCC7002_RS08945,SYNPCC7002_RS12130,0.0981753098845166
SYNPCC7002_RS01335,SYNPCC7002_RS10525,0.0981582078006036
SYNPCC7002_RS02455,SYNPCC7002_RS11870,0.0981323906115923
SYNPCC7002_RS04780,SYNPCC7002_RS17065,0.0981080551307037
SYNPCC7002_RS05135,SYNPCC7002_RS12185,0.0981008214070211
SYNPCC7002_RS04890,SYNPCC7002_RS01515,0.0980916285629207
SYNPCC7002_RS00650,SYNPCC7002_RS13575,0.0980802716708561
SYNPCC7002_RS08945,SYNPCC7002_RS11895,0.0980442990949817
SYNPCC7002_RS06150,SYNPCC7002_RS15750,0.0980403451411378
SYNPCC7002_RS10050,SYNPCC7002_RS14400,0.0980403347275381
SYNPCC7002_RS06165,SYNPCC7002_RS00740,0.0980382537886607
SYNPCC7002_RS05985,SYNPCC7002_RS04870,0.098025131804781
SYNPCC7002_RS08965,SYNPCC7002_RS10490,0.0979842335853189
SYNPCC7002_RS00650,SYNPCC7002_RS13810,0.0979835294720704
SYNPCC7002_RS00650,SYNPCC7002_RS06070,0.0979758230111464
SYNPCC7002_RS04780,SYNPCC7002_RS02210,0.0979578831337655
SYNPCC7002_RS08965,SYNPCC7002_RS10905,0.0979399880046348
SYNPCC7002_RS09820,SYNPCC7002_RS02820,0.0979121513635994
SYNPCC7002_RS01800,SYNPCC7002_RS03295,0.0979084867696215
SYNPCC7002_RS11400,SYNPCC7002_RS13870,0.0978760769605514
SYNPCC7002_RS15520,SYNPCC7002_RS13675,0.0978733670978186
SYNPCC7002_RS06150,SYNPCC7002_RS01265,0.0978648409801192
SYNPCC7002_RS12395,SYNPCC7002_RS09580,0.0978648099061126
SYNPCC7002_RS10050,SYNPCC7002_RS07795,0.0978432130073328
SYNPCC7002_RS02715,SYNPCC7002_RS15075,0.0977905510588632
SYNPCC7002_RS04650,SYNPCC7002_RS02785,0.0977885922519304
SYNPCC7002_RS01335,SYNPCC7002_RS06495,0.0977863598005326
SYNPCC7002_RS11400,SYNPCC7002_RS12625,0.0977657044386497
SYNPCC7002_RS05460,SYNPCC7002_RS15305,0.0977262833900837
SYNPCC7002_RS04890,SYNPCC7002_RS08220,0.0977192133007673
SYNPCC7002_RS10050,SYNPCC7002_RS10165,0.0977165370405298
SYNPCC7002_RS12395,SYNPCC7002_RS07685,0.0977049985154564
SYNPCC7002_RS09630,SYNPCC7002_RS03945,0.0976914894429356
SYNPCC7002_RS05460,SYNPCC7002_RS14620,0.0976863457368749
SYNPCC7002_RS07385,SYNPCC7002_RS02640,0.0976696667327974
SYNPCC7002_RS12395,SYNPCC7002_RS04090,0.0976690739154213
SYNPCC7002_RS05135,SYNPCC7002_RS09305,0.0976625139695497
SYNPCC7002_RS11685,SYNPCC7002_RS06285,0.0976262497926612
SYNPCC7002_RS06150,SYNPCC7002_RS12195,0.0976197165191708
SYNPCC7002_RS09820,SYNPCC7002_RS12140,0.0975914612210796
SYNPCC7002_RS09630,SYNPCC7002_RS06325,0.0975853100208132
SYNPCC7002_RS01335,SYNPCC7002_RS06310,0.0975400872065767
SYNPCC7002_RS14440,SYNPCC7002_RS14335,0.0975320727862669
SYNPCC7002_RS04680,SYNPCC7002_RS13325,0.0975304694532229
SYNPCC7002_RS05985,SYNPCC7002_RS00050,0.0975010453402903
SYNPCC7002_RS12395,SYNPCC7002_RS07575,0.0974830111171361
SYNPCC7002_RS03030,SYNPCC7002_RS00220,0.0974696642057378
SYNPCC7002_RS04250,SYNPCC7002_RS01510,0.0974310239450817
SYNPCC7002_RS09780,SYNPCC7002_RS16075,0.0974123725342306
SYNPCC7002_RS09780,SYNPCC7002_RS15140,0.0973843007299393
SYNPCC7002_RS04890,SYNPCC7002_RS05100,0.097381415146498
SYNPCC7002_RS01335,SYNPCC7002_RS15790,0.0973718812767894
SYNPCC7002_RS01335,SYNPCC7002_RS02320,0.0973698354459009
SYNPCC7002_RS09780,SYNPCC7002_RS00340,0.0973566170835777
SYNPCC7002_RS08390,SYNPCC7002_RS00960,0.097356188535813
SYNPCC7002_RS07295,SYNPCC7002_RS08900,0.0973542588070327
SYNPCC7002_RS06150,SYNPCC7002_RS04675,0.0973441315247227
SYNPCC7002_RS15520,SYNPCC7002_RS16030,0.0973177899893312
SYNPCC7002_RS03950,SYNPCC7002_RS15715,0.0973157623137355
SYNPCC7002_RS12090,SYNPCC7002_RS12595,0.0973138436541989
SYNPCC7002_RS07295,SYNPCC7002_RS07305,0.0973133787596725
SYNPCC7002_RS14385,SYNPCC7002_RS14455,0.0972935500450316
SYNPCC7002_RS15680,SYNPCC7002_RS05685,0.0972795309544427
SYNPCC7002_RS12395,SYNPCC7002_RS16635,0.097265657834063
SYNPCC7002_RS05135,SYNPCC7002_RS02510,0.0972321441295511
SYNPCC7002_RS15520,SYNPCC7002_RS11435,0.0972080571412063
SYNPCC7002_RS10050,SYNPCC7002_RS16815,0.097203212214629
SYNPCC7002_RS06540,SYNPCC7002_RS05860,0.0971783694754487
SYNPCC7002_RS12395,SYNPCC7002_RS11585,0.097164560742535
SYNPCC7002_RS15255,SYNPCC7002_RS15330,0.0971615128487761
SYNPCC7002_RS09320,SYNPCC7002_RS07985,0.0971550531103123
SYNPCC7002_RS12395,SYNPCC7002_RS01510,0.0971491923606554
SYNPCC7002_RS10050,SYNPCC7002_RS02745,0.0971353398935042
SYNPCC7002_RS04650,SYNPCC7002_RS08315,0.0971351379493255
SYNPCC7002_RS03030,SYNPCC7002_RS06890,0.0971313488592911
SYNPCC7002_RS12395,SYNPCC7002_RS11685,0.097118584522894
SYNPCC7002_RS03295,SYNPCC7002_RS01950,0.0971036807823569
SYNPCC7002_RS10050,SYNPCC7002_RS15065,0.0970671251619323
SYNPCC7002_RS12395,SYNPCC7002_RS00170,0.0970547207247104
SYNPCC7002_RS05135,SYNPCC7002_RS11520,0.0970444074944951
SYNPCC7002_RS15680,SYNPCC7002_RS16060,0.0970159591783394
SYNPCC7002_RS05135,SYNPCC7002_RS10975,0.0970116094578261
SYNPCC7002_RS05460,SYNPCC7002_RS10215,0.0969936212910799
SYNPCC7002_RS04890,SYNPCC7002_RS01135,0.0969864214940876
SYNPCC7002_RS11685,SYNPCC7002_RS09460,0.096985336095485
SYNPCC7002_RS03030,SYNPCC7002_RS10620,0.096984911433039
SYNPCC7002_RS09630,SYNPCC7002_RS14610,0.0969800822923922
SYNPCC7002_RS00635,SYNPCC7002_RS00180,0.0969567006112154
SYNPCC7002_RS02715,SYNPCC7002_RS04200,0.0969497862598435
SYNPCC7002_RS09320,SYNPCC7002_RS10490,0.096944632931381
SYNPCC7002_RS12395,SYNPCC7002_RS14010,0.0969374366038396
SYNPCC7002_RS10050,SYNPCC7002_RS09905,0.0969281453717078
SYNPCC7002_RS06150,SYNPCC7002_RS13695,0.0969270249062233
SYNPCC7002_RS04780,SYNPCC7002_RS13970,0.0969197945567765
SYNPCC7002_RS12395,SYNPCC7002_RS05275,0.0969144736951445
SYNPCC7002_RS05135,SYNPCC7002_RS13065,0.0968934701259638
SYNPCC7002_RS05135,SYNPCC7002_RS07810,0.0968835932292808
SYNPCC7002_RS12515,SYNPCC7002_RS03515,0.0968748593649081
SYNPCC7002_RS15680,SYNPCC7002_RS15160,0.0968560607863474
SYNPCC7002_RS12395,SYNPCC7002_RS00305,0.0968311022880556
SYNPCC7002_RS05985,SYNPCC7002_RS01520,0.0968286239520893
SYNPCC7002_RS09780,SYNPCC7002_RS10740,0.0968252405835147
SYNPCC7002_RS09780,SYNPCC7002_RS07785,0.0968145184069235
SYNPCC7002_RS09780,SYNPCC7002_RS17205,0.0967941541734096
SYNPCC7002_RS05460,SYNPCC7002_RS15840,0.0967834568064202
SYNPCC7002_RS11685,SYNPCC7002_RS16635,0.0967539680322677
SYNPCC7002_RS03295,SYNPCC7002_RS06565,0.096731710550187
SYNPCC7002_RS05985,SYNPCC7002_RS00565,0.0967186599753418
SYNPCC7002_RS01335,SYNPCC7002_RS10770,0.096709670932349
SYNPCC7002_RS08390,SYNPCC7002_RS09820,0.0966996024348619
SYNPCC7002_RS01085,SYNPCC7002_RS05870,0.0966943600624669
SYNPCC7002_RS08965,SYNPCC7002_RS03570,0.0966935793790089
SYNPCC7002_RS09320,SYNPCC7002_RS08950,0.09669014201824
SYNPCC7002_RS04780,SYNPCC7002_RS15585,0.0966633955357715
SYNPCC7002_RS10050,SYNPCC7002_RS04320,0.0966621510590764
SYNPCC7002_RS08965,SYNPCC7002_RS07315,0.0966591399462792
SYNPCC7002_RS01420,SYNPCC7002_RS07750,0.0966358369693489
SYNPCC7002_RS02715,SYNPCC7002_RS04305,0.0966267051547221
SYNPCC7002_RS08945,SYNPCC7002_RS01835,0.0966158921680826
SYNPCC7002_RS12395,SYNPCC7002_RS16815,0.0965900697095539
SYNPCC7002_RS05135,SYNPCC7002_RS06050,0.0965893071022552
SYNPCC7002_RS05135,SYNPCC7002_RS02195,0.096578746217928
SYNPCC7002_RS01800,SYNPCC7002_RS02320,0.0965452405594744
SYNPCC7002_RS12395,SYNPCC7002_RS08670,0.0965275806146005
SYNPCC7002_RS03295,SYNPCC7002_RS00035,0.0964953535869756
SYNPCC7002_RS01420,SYNPCC7002_RS09430,0.0964788710006935
SYNPCC7002_RS05135,SYNPCC7002_RS05235,0.0964767345416041
SYNPCC7002_RS09320,SYNPCC7002_RS15225,0.0964593583766315
SYNPCC7002_RS05135,SYNPCC7002_RS03510,0.0964456664831653
SYNPCC7002_RS04250,SYNPCC7002_RS11115,0.0964355821490208
SYNPCC7002_RS09320,SYNPCC7002_RS11040,0.0964210757737081
SYNPCC7002_RS05135,SYNPCC7002_RS00530,0.0964139164621726
SYNPCC7002_RS01335,SYNPCC7002_RS12325,0.0964130877045026
SYNPCC7002_RS05135,SYNPCC7002_RS09910,0.0963913403648669
SYNPCC7002_RS04650,SYNPCC7002_RS05600,0.0963683900796359
SYNPCC7002_RS10050,SYNPCC7002_RS12435,0.0963533845320596
SYNPCC7002_RS00260,SYNPCC7002_RS09350,0.0963521021568106
SYNPCC7002_RS09995,SYNPCC7002_RS00710,0.0963099953654702
SYNPCC7002_RS12395,SYNPCC7002_RS03290,0.096294844227348
SYNPCC7002_RS08390,SYNPCC7002_RS15690,0.0962854005378316
SYNPCC7002_RS02455,SYNPCC7002_RS08940,0.0962697574373503
SYNPCC7002_RS04780,SYNPCC7002_RS13260,0.0962661526787819
SYNPCC7002_RS12395,SYNPCC7002_RS00465,0.096244613407812
SYNPCC7002_RS04780,SYNPCC7002_RS15815,0.0962347390487634
SYNPCC7002_RS05135,SYNPCC7002_RS12555,0.096231024173829
SYNPCC7002_RS08965,SYNPCC7002_RS01790,0.0962142759126165
SYNPCC7002_RS10050,SYNPCC7002_RS07115,0.096198253010917
SYNPCC7002_RS01420,SYNPCC7002_RS14470,0.0961934528607563
SYNPCC7002_RS09630,SYNPCC7002_RS10545,0.0961856619117
SYNPCC7002_RS14385,SYNPCC7002_RS14420,0.0961569186557035
SYNPCC7002_RS02715,SYNPCC7002_RS01150,0.0961507345320256
SYNPCC7002_RS08390,SYNPCC7002_RS12650,0.0961371308555226
SYNPCC7002_RS05135,SYNPCC7002_RS05290,0.0961346966718515
SYNPCC7002_RS01420,SYNPCC7002_RS08995,0.0961235584137543
SYNPCC7002_RS09320,SYNPCC7002_RS04075,0.0961140334844545
SYNPCC7002_RS01420,SYNPCC7002_RS16445,0.0961115541601632
SYNPCC7002_RS01420,SYNPCC7002_RS05200,0.0961037121079489
SYNPCC7002_RS15520,SYNPCC7002_RS01815,0.096103062456314
SYNPCC7002_RS05135,SYNPCC7002_RS11000,0.0961017761081624
SYNPCC7002_RS08965,SYNPCC7002_RS04390,0.0960960350790861
SYNPCC7002_RS12395,SYNPCC7002_RS17210,0.0960895255652954
SYNPCC7002_RS04650,SYNPCC7002_RS14300,0.0960797212237086
SYNPCC7002_RS10050,SYNPCC7002_RS17220,0.0960713315382519
SYNPCC7002_RS04780,SYNPCC7002_RS13365,0.0960666149711674
SYNPCC7002_RS05135,SYNPCC7002_RS07780,0.0960665845958831
SYNPCC7002_RS08965,SYNPCC7002_RS11040,0.0960566215020694
SYNPCC7002_RS06150,SYNPCC7002_RS14050,0.0960445675101328
SYNPCC7002_RS03295,SYNPCC7002_RS01005,0.0960318671158531
SYNPCC7002_RS04250,SYNPCC7002_RS02950,0.0960225703326755
SYNPCC7002_RS12395,SYNPCC7002_RS08660,0.0960120729040032
SYNPCC7002_RS09995,SYNPCC7002_RS02260,0.0959939287053046
SYNPCC7002_RS09780,SYNPCC7002_RS01830,0.0959838968703996
SYNPCC7002_RS09780,SYNPCC7002_RS02770,0.0959793536863303
SYNPCC7002_RS06150,SYNPCC7002_RS15765,0.0959144181694205
SYNPCC7002_RS14790,SYNPCC7002_RS14765,0.0959120571945068
SYNPCC7002_RS05985,SYNPCC7002_RS08605,0.0958993613405331
SYNPCC7002_RS08255,SYNPCC7002_RS15350,0.0958980533718661
SYNPCC7002_RS05460,SYNPCC7002_RS17155,0.095870605878583
SYNPCC7002_RS11685,SYNPCC7002_RS02635,0.0958675369565047
SYNPCC7002_RS04780,SYNPCC7002_RS09510,0.0958553931777759
SYNPCC7002_RS12395,SYNPCC7002_RS00530,0.0958540951186521
SYNPCC7002_RS08965,SYNPCC7002_RS02350,0.0958358611844586
SYNPCC7002_RS15680,SYNPCC7002_RS06460,0.0958357110048663
SYNPCC7002_RS05135,SYNPCC7002_RS09900,0.0958336994877935
SYNPCC7002_RS02715,SYNPCC7002_RS06170,0.0958206192923629
SYNPCC7002_RS05460,SYNPCC7002_RS08040,0.0958188211756474
SYNPCC7002_RS09995,SYNPCC7002_RS16085,0.0958032733682691
SYNPCC7002_RS12090,SYNPCC7002_RS13560,0.095794638377707
SYNPCC7002_RS04650,SYNPCC7002_RS08665,0.0957904325541389
SYNPCC7002_RS01085,SYNPCC7002_RS00805,0.0957877132077977
SYNPCC7002_RS03030,SYNPCC7002_RS09265,0.0957756669150946
SYNPCC7002_RS04250,SYNPCC7002_RS01740,0.0957663829453109
SYNPCC7002_RS08965,SYNPCC7002_RS08425,0.0957630741015856
SYNPCC7002_RS04250,SYNPCC7002_RS05995,0.095744932079801
SYNPCC7002_RS05135,SYNPCC7002_RS03655,0.0957336196619375
SYNPCC7002_RS10050,SYNPCC7002_RS11065,0.0957295630940883
SYNPCC7002_RS06540,SYNPCC7002_RS12220,0.0957076449867134
SYNPCC7002_RS08860,SYNPCC7002_RS08595,0.0956981180624474
SYNPCC7002_RS04650,SYNPCC7002_RS08550,0.0956952559467937
SYNPCC7002_RS00260,SYNPCC7002_RS10255,0.0956872917146538
SYNPCC7002_RS12395,SYNPCC7002_RS06395,0.0956798433617588
SYNPCC7002_RS00260,SYNPCC7002_RS11255,0.0956780233440361
SYNPCC7002_RS04250,SYNPCC7002_RS08795,0.0956736501183618
SYNPCC7002_RS02455,SYNPCC7002_RS03455,0.0956631922583332
SYNPCC7002_RS11685,SYNPCC7002_RS08060,0.0956625773087055
SYNPCC7002_RS04890,SYNPCC7002_RS07940,0.0956589944773917
SYNPCC7002_RS02715,SYNPCC7002_RS03660,0.0956491684192954
SYNPCC7002_RS12395,SYNPCC7002_RS09880,0.0956258093792105
SYNPCC7002_RS04650,SYNPCC7002_RS00185,0.0956092866353267
SYNPCC7002_RS08945,SYNPCC7002_RS09115,0.0955835132034833
SYNPCC7002_RS12395,SYNPCC7002_RS16795,0.0955751516463415
SYNPCC7002_RS12395,SYNPCC7002_RS07795,0.0955719552599432
SYNPCC7002_RS09630,SYNPCC7002_RS14675,0.0955655769417663
SYNPCC7002_RS09320,SYNPCC7002_RS01080,0.0955566460946388
SYNPCC7002_RS00690,SYNPCC7002_RS13795,0.0955537839775718
SYNPCC7002_RS09820,SYNPCC7002_RS12790,0.0955336405555647
SYNPCC7002_RS05135,SYNPCC7002_RS02790,0.0955197739894022
SYNPCC7002_RS06150,SYNPCC7002_RS15930,0.0954968179261694
SYNPCC7002_RS09090,SYNPCC7002_RS06130,0.0954627800994343
SYNPCC7002_RS00650,SYNPCC7002_RS04655,0.0954506039056077
SYNPCC7002_RS11685,SYNPCC7002_RS03465,0.0954474221266413
SYNPCC7002_RS04680,SYNPCC7002_RS13340,0.0954405974382682
SYNPCC7002_RS12395,SYNPCC7002_RS03520,0.0954269772146865
SYNPCC7002_RS05135,SYNPCC7002_RS14245,0.0954256544088532
SYNPCC7002_RS07295,SYNPCC7002_RS07935,0.0954194882916413
SYNPCC7002_RS12395,SYNPCC7002_RS08475,0.0954165885774758
SYNPCC7002_RS12395,SYNPCC7002_RS13670,0.0954147518173638
SYNPCC7002_RS12395,SYNPCC7002_RS04890,0.0953836967297784
SYNPCC7002_RS04250,SYNPCC7002_RS07275,0.0953793583423767
SYNPCC7002_RS08390,SYNPCC7002_RS04750,0.0953716199849081
SYNPCC7002_RS04780,SYNPCC7002_RS03930,0.0953190247139075
SYNPCC7002_RS05460,SYNPCC7002_RS08885,0.0953148159968259
SYNPCC7002_RS06150,SYNPCC7002_RS07915,0.0953007766626614
SYNPCC7002_RS08175,SYNPCC7002_RS11890,0.0952847818056903
SYNPCC7002_RS04680,SYNPCC7002_RS03260,0.0952747062816509
SYNPCC7002_RS05135,SYNPCC7002_RS01925,0.0952735075132901
SYNPCC7002_RS12395,SYNPCC7002_RS10865,0.0952688423024789
SYNPCC7002_RS04680,SYNPCC7002_RS14050,0.0952637905184157
SYNPCC7002_RS04890,SYNPCC7002_RS02575,0.0952502125311549
SYNPCC7002_RS01420,SYNPCC7002_RS03610,0.0952419211022398
SYNPCC7002_RS06540,SYNPCC7002_RS02860,0.0952057247450362
SYNPCC7002_RS00050,SYNPCC7002_RS13630,0.0951995592507175
SYNPCC7002_RS05135,SYNPCC7002_RS08190,0.0951939187042303
SYNPCC7002_RS08255,SYNPCC7002_RS11300,0.0951557426542802
SYNPCC7002_RS09320,SYNPCC7002_RS03225,0.0951475581485513
SYNPCC7002_RS15520,SYNPCC7002_RS02695,0.0951421836153676
SYNPCC7002_RS15520,SYNPCC7002_RS14585,0.0951359074945874
SYNPCC7002_RS08965,SYNPCC7002_RS11830,0.0951188898424944
SYNPCC7002_RS04650,SYNPCC7002_RS12585,0.0950808570905034
SYNPCC7002_RS01800,SYNPCC7002_RS10785,0.095075814233796
SYNPCC7002_RS04680,SYNPCC7002_RS08495,0.0950624428913673
SYNPCC7002_RS09195,SYNPCC7002_RS14490,0.0950597809796164
SYNPCC7002_RS05460,SYNPCC7002_RS08720,0.0950524179928456
SYNPCC7002_RS11400,SYNPCC7002_RS01705,0.0950492925266379
SYNPCC7002_RS15520,SYNPCC7002_RS05990,0.0950485289675891
SYNPCC7002_RS08175,SYNPCC7002_RS03400,0.0950000693611413
SYNPCC7002_RS12395,SYNPCC7002_RS08060,0.0949947081772649
SYNPCC7002_RS05135,SYNPCC7002_RS03060,0.0949835103615746
SYNPCC7002_RS12090,SYNPCC7002_RS16665,0.0949500999648489
SYNPCC7002_RS15720,SYNPCC7002_RS15325,0.0949409611951022
SYNPCC7002_RS15410,SYNPCC7002_RS01995,0.0949167831330646
SYNPCC7002_RS03030,SYNPCC7002_RS06445,0.0949159211629426
SYNPCC7002_RS10050,SYNPCC7002_RS04310,0.0949096879911167
SYNPCC7002_RS06150,SYNPCC7002_RS09630,0.0949080935653486
SYNPCC7002_RS01420,SYNPCC7002_RS09415,0.0949039886725443
SYNPCC7002_RS12090,SYNPCC7002_RS09675,0.094882865058189
SYNPCC7002_RS12395,SYNPCC7002_RS07625,0.0948811361154346
SYNPCC7002_RS02715,SYNPCC7002_RS05655,0.094846459498018
SYNPCC7002_RS08965,SYNPCC7002_RS09040,0.0948276476438044
SYNPCC7002_RS12395,SYNPCC7002_RS05250,0.0948206474309032
SYNPCC7002_RS05460,SYNPCC7002_RS15485,0.0948142843719683
SYNPCC7002_RS08210,SYNPCC7002_RS00120,0.0947966975765137
SYNPCC7002_RS05460,SYNPCC7002_RS11375,0.0947926364643491
SYNPCC7002_RS09820,SYNPCC7002_RS13735,0.0947876175962886
SYNPCC7002_RS12395,SYNPCC7002_RS16960,0.0947857274334754
SYNPCC7002_RS00640,SYNPCC7002_RS11555,0.0947700272857507
SYNPCC7002_RS15680,SYNPCC7002_RS13740,0.0947354718615169
SYNPCC7002_RS10050,SYNPCC7002_RS04315,0.0947302609216278
SYNPCC7002_RS02715,SYNPCC7002_RS16835,0.0947213707504572
SYNPCC7002_RS04890,SYNPCC7002_RS13615,0.0947129610265503
SYNPCC7002_RS02455,SYNPCC7002_RS02985,0.0947034925618048
SYNPCC7002_RS16320,SYNPCC7002_RS15890,0.094696793548031
SYNPCC7002_RS02715,SYNPCC7002_RS00580,0.0946817103786597
SYNPCC7002_RS12395,SYNPCC7002_RS09095,0.0946727025231099
SYNPCC7002_RS10050,SYNPCC7002_RS17030,0.0946717409274416
SYNPCC7002_RS09820,SYNPCC7002_RS01410,0.0946697848412972
SYNPCC7002_RS05985,SYNPCC7002_RS04525,0.094662643109844
SYNPCC7002_RS00260,SYNPCC7002_RS08535,0.0946588233668724
SYNPCC7002_RS10050,SYNPCC7002_RS10950,0.0946586754136695
SYNPCC7002_RS08255,SYNPCC7002_RS13835,0.0946578122553987
SYNPCC7002_RS08965,SYNPCC7002_RS09740,0.0946472930068239
SYNPCC7002_RS00260,SYNPCC7002_RS03825,0.094640282005075
SYNPCC7002_RS05135,SYNPCC7002_RS17220,0.0946293492547419
SYNPCC7002_RS05135,SYNPCC7002_RS07490,0.0946171905830595
SYNPCC7002_RS08210,SYNPCC7002_RS04680,0.0946157653002248
SYNPCC7002_RS10050,SYNPCC7002_RS06025,0.0946034837624867
SYNPCC7002_RS12395,SYNPCC7002_RS10275,0.0945935037808967
SYNPCC7002_RS09320,SYNPCC7002_RS05490,0.0945859131552739
SYNPCC7002_RS04890,SYNPCC7002_RS08820,0.0945646706031632
SYNPCC7002_RS01420,SYNPCC7002_RS01435,0.0945607464056935
SYNPCC7002_RS07295,SYNPCC7002_RS13610,0.0945525281285169
SYNPCC7002_RS10050,SYNPCC7002_RS07585,0.0945508860653804
SYNPCC7002_RS02715,SYNPCC7002_RS01245,0.0945500106920984
SYNPCC7002_RS09320,SYNPCC7002_RS08960,0.0945476529076179
SYNPCC7002_RS01335,SYNPCC7002_RS02020,0.094516681393455
SYNPCC7002_RS05985,SYNPCC7002_RS00770,0.0945166744076963
SYNPCC7002_RS05460,SYNPCC7002_RS02185,0.0945150064634855
SYNPCC7002_RS12395,SYNPCC7002_RS05245,0.0944933306438413
SYNPCC7002_RS09630,SYNPCC7002_RS00695,0.0944802526361348
SYNPCC7002_RS05135,SYNPCC7002_RS11345,0.094464334343447
SYNPCC7002_RS12395,SYNPCC7002_RS10595,0.0944614702658029
SYNPCC7002_RS04890,SYNPCC7002_RS04110,0.0944526841570794
SYNPCC7002_RS00690,SYNPCC7002_RS08480,0.0944502593635234
SYNPCC7002_RS01335,SYNPCC7002_RS09440,0.0944466399315103
SYNPCC7002_RS02715,SYNPCC7002_RS14855,0.0944464625288114
SYNPCC7002_RS12105,SYNPCC7002_RS02685,0.0944383462668439
SYNPCC7002_RS12395,SYNPCC7002_RS00265,0.0944096444320959
SYNPCC7002_RS09630,SYNPCC7002_RS11720,0.094408712254142
SYNPCC7002_RS05460,SYNPCC7002_RS04940,0.0944018940069557
SYNPCC7002_RS04650,SYNPCC7002_RS00045,0.0943866866318165
SYNPCC7002_RS09780,SYNPCC7002_RS13630,0.0943859670265853
SYNPCC7002_RS12395,SYNPCC7002_RS07750,0.0943833021676689
SYNPCC7002_RS01420,SYNPCC7002_RS04485,0.0943637808607491
SYNPCC7002_RS04250,SYNPCC7002_RS00280,0.0943538490362012
SYNPCC7002_RS01335,SYNPCC7002_RS07170,0.0943477615758218
SYNPCC7002_RS09820,SYNPCC7002_RS06010,0.0943310500154717
SYNPCC7002_RS08965,SYNPCC7002_RS10685,0.094325510421098
SYNPCC7002_RS02715,SYNPCC7002_RS07950,0.0943158949757652
SYNPCC7002_RS08390,SYNPCC7002_RS05870,0.0943120144720055
SYNPCC7002_RS12395,SYNPCC7002_RS16385,0.0943083303172502
SYNPCC7002_RS05460,SYNPCC7002_RS04760,0.09430289984017
SYNPCC7002_RS08860,SYNPCC7002_RS16945,0.0942926838441399
SYNPCC7002_RS05135,SYNPCC7002_RS00545,0.0942831468210569
SYNPCC7002_RS01335,SYNPCC7002_RS02315,0.0942748692121591
SYNPCC7002_RS09175,SYNPCC7002_RS00615,0.0942599535266904
SYNPCC7002_RS02715,SYNPCC7002_RS13190,0.0942486316870539
SYNPCC7002_RS06540,SYNPCC7002_RS12875,0.0942384172589548
SYNPCC7002_RS04890,SYNPCC7002_RS03055,0.0942352921737908
SYNPCC7002_RS08965,SYNPCC7002_RS01845,0.0942342864645508
SYNPCC7002_RS00650,SYNPCC7002_RS06560,0.0942295282708486
SYNPCC7002_RS02715,SYNPCC7002_RS06145,0.0942294205684771
SYNPCC7002_RS08255,SYNPCC7002_RS09990,0.0942167226761466
SYNPCC7002_RS00650,SYNPCC7002_RS08125,0.0942049063284439
SYNPCC7002_RS08965,SYNPCC7002_RS03590,0.0941897419992171
SYNPCC7002_RS01335,SYNPCC7002_RS14850,0.0941789148957631
SYNPCC7002_RS15255,SYNPCC7002_RS14570,0.0941708125217198
SYNPCC7002_RS15520,SYNPCC7002_RS00095,0.0941650972088584
SYNPCC7002_RS05985,SYNPCC7002_RS05430,0.0941641384207687
SYNPCC7002_RS08390,SYNPCC7002_RS16245,0.0941385873876774
SYNPCC7002_RS06005,SYNPCC7002_RS06650,0.0941296683340695
SYNPCC7002_RS04680,SYNPCC7002_RS01810,0.0941250431065975
SYNPCC7002_RS16160,SYNPCC7002_RS08440,0.0941187470833358
SYNPCC7002_RS08390,SYNPCC7002_RS01440,0.0941170180758825
SYNPCC7002_RS15680,SYNPCC7002_RS02060,0.0941130772787708
SYNPCC7002_RS05135,SYNPCC7002_RS05255,0.0940727355398324
SYNPCC7002_RS10050,SYNPCC7002_RS03420,0.0940643865902462
SYNPCC7002_RS09780,SYNPCC7002_RS04140,0.0940473848504005
SYNPCC7002_RS16320,SYNPCC7002_RS06460,0.0940357615476195
SYNPCC7002_RS14790,SYNPCC7002_RS10305,0.0940110075012741
SYNPCC7002_RS09820,SYNPCC7002_RS00415,0.0939982557925862
SYNPCC7002_RS01420,SYNPCC7002_RS05530,0.0939842934877698
SYNPCC7002_RS05135,SYNPCC7002_RS07775,0.0939662190293366
SYNPCC7002_RS12395,SYNPCC7002_RS05310,0.0939620666345082
SYNPCC7002_RS04680,SYNPCC7002_RS04355,0.0939343828593126
SYNPCC7002_RS16320,SYNPCC7002_RS14760,0.0939175155889473
SYNPCC7002_RS15680,SYNPCC7002_RS05070,0.0938926804486002
SYNPCC7002_RS04250,SYNPCC7002_RS00185,0.0938612164327877
SYNPCC7002_RS04890,SYNPCC7002_RS04620,0.0938568478155943
SYNPCC7002_RS05135,SYNPCC7002_RS06720,0.0938392322237847
SYNPCC7002_RS12395,SYNPCC7002_RS09460,0.0938376052775401
SYNPCC7002_RS05135,SYNPCC7002_RS07645,0.0938183575896075
SYNPCC7002_RS04890,SYNPCC7002_RS07545,0.0938137936837895
SYNPCC7002_RS10050,SYNPCC7002_RS12120,0.0938089231924495
SYNPCC7002_RS12395,SYNPCC7002_RS17200,0.0938068648759492
SYNPCC7002_RS09780,SYNPCC7002_RS14730,0.093795400395666
SYNPCC7002_RS04250,SYNPCC7002_RS01400,0.0937916009725905
SYNPCC7002_RS09780,SYNPCC7002_RS05410,0.0937745546673378
SYNPCC7002_RS08390,SYNPCC7002_RS07420,0.0937632915924746
SYNPCC7002_RS09175,SYNPCC7002_RS04415,0.0937612896566126
SYNPCC7002_RS12090,SYNPCC7002_RS06600,0.0937254993855926
SYNPCC7002_RS08255,SYNPCC7002_RS01375,0.0937132642303297
SYNPCC7002_RS00640,SYNPCC7002_RS15945,0.0937010429777767
SYNPCC7002_RS09320,SYNPCC7002_RS16685,0.093695575794413
SYNPCC7002_RS05985,SYNPCC7002_RS11925,0.0936890949617079
SYNPCC7002_RS15995,SYNPCC7002_RS16580,0.0936850324840743
SYNPCC7002_RS11685,SYNPCC7002_RS02130,0.0936809069665378
SYNPCC7002_RS01800,SYNPCC7002_RS13285,0.0936801847304799
SYNPCC7002_RS09995,SYNPCC7002_RS02620,0.0936732052764517
SYNPCC7002_RS05135,SYNPCC7002_RS00730,0.0936609057370649
SYNPCC7002_RS03760,SYNPCC7002_RS13245,0.093648002634246
SYNPCC7002_RS05460,SYNPCC7002_RS15435,0.093639196626355
SYNPCC7002_RS10050,SYNPCC7002_RS01925,0.0936340326997685
SYNPCC7002_RS08965,SYNPCC7002_RS01355,0.0936261119176154
SYNPCC7002_RS09260,SYNPCC7002_RS10535,0.0936231122717202
SYNPCC7002_RS04780,SYNPCC7002_RS02760,0.0936163366623189
SYNPCC7002_RS05135,SYNPCC7002_RS01735,0.093614526241634
SYNPCC7002_RS12395,SYNPCC7002_RS05135,0.0936119625787967
SYNPCC7002_RS04250,SYNPCC7002_RS13955,0.0936009484863574
SYNPCC7002_RS14790,SYNPCC7002_RS04665,0.0935817523821691
SYNPCC7002_RS03760,SYNPCC7002_RS11890,0.093566383632268
SYNPCC7002_RS05135,SYNPCC7002_RS06580,0.0935489327599841
SYNPCC7002_RS05460,SYNPCC7002_RS16455,0.0935447636966658
SYNPCC7002_RS07295,SYNPCC7002_RS15070,0.0935387445455238
SYNPCC7002_RS08390,SYNPCC7002_RS01800,0.0935353244382282
SYNPCC7002_RS15680,SYNPCC7002_RS07345,0.0935265038643043
SYNPCC7002_RS06150,SYNPCC7002_RS16040,0.0935157480515123
SYNPCC7002_RS09995,SYNPCC7002_RS09725,0.0935012465957587
SYNPCC7002_RS09995,SYNPCC7002_RS11130,0.0934964897625131
SYNPCC7002_RS05135,SYNPCC7002_RS01795,0.0934836104790907
SYNPCC7002_RS05985,SYNPCC7002_RS13815,0.0934826166152427
SYNPCC7002_RS12395,SYNPCC7002_RS08555,0.0934804987250728
SYNPCC7002_RS04890,SYNPCC7002_RS05390,0.0934796256602466
SYNPCC7002_RS11685,SYNPCC7002_RS12985,0.0934773395520256
SYNPCC7002_RS00010,SYNPCC7002_RS06255,0.0934670971633392
SYNPCC7002_RS12395,SYNPCC7002_RS00425,0.0934623479514289
SYNPCC7002_RS11400,SYNPCC7002_RS04055,0.0934499531892915
SYNPCC7002_RS15520,SYNPCC7002_RS09660,0.0934354399885344
SYNPCC7002_RS06540,SYNPCC7002_RS12620,0.0934272290289391
SYNPCC7002_RS08965,SYNPCC7002_RS04445,0.0934269015502956
SYNPCC7002_RS15520,SYNPCC7002_RS12045,0.093413262039158
SYNPCC7002_RS07295,SYNPCC7002_RS16180,0.0934112393918238
SYNPCC7002_RS04890,SYNPCC7002_RS00270,0.0934056284237708
SYNPCC7002_RS12395,SYNPCC7002_RS03670,0.0934018277793709
SYNPCC7002_RS10050,SYNPCC7002_RS03210,0.0933966435103474
SYNPCC7002_RS05460,SYNPCC7002_RS14350,0.0933963337680326
SYNPCC7002_RS12395,SYNPCC7002_RS00200,0.0933821208071162
SYNPCC7002_RS04650,SYNPCC7002_RS11190,0.0933787493644808
SYNPCC7002_RS15520,SYNPCC7002_RS01320,0.0933699577311997
SYNPCC7002_RS12395,SYNPCC7002_RS10280,0.0933656660798618
SYNPCC7002_RS04250,SYNPCC7002_RS05385,0.0933381991495641
SYNPCC7002_RS05985,SYNPCC7002_RS13030,0.0933142777672082
SYNPCC7002_RS04250,SYNPCC7002_RS09885,0.0933116416092197
SYNPCC7002_RS01800,SYNPCC7002_RS10205,0.0933068075898469
SYNPCC7002_RS06540,SYNPCC7002_RS07120,0.0932670517349211
SYNPCC7002_RS11400,SYNPCC7002_RS06300,0.093266919040618
SYNPCC7002_RS03030,SYNPCC7002_RS04440,0.0932649389775862
SYNPCC7002_RS03030,SYNPCC7002_RS12225,0.0932551921783529
SYNPCC7002_RS09780,SYNPCC7002_RS12145,0.0932444630029061
SYNPCC7002_RS05135,SYNPCC7002_RS05595,0.093232443674811
SYNPCC7002_RS01420,SYNPCC7002_RS01415,0.0932233811031079
SYNPCC7002_RS15680,SYNPCC7002_RS04135,0.0932209570403236
SYNPCC7002_RS12395,SYNPCC7002_RS05270,0.0931997184258855
SYNPCC7002_RS15520,SYNPCC7002_RS10640,0.0931958578849378
SYNPCC7002_RS08390,SYNPCC7002_RS04330,0.0931888346957022
SYNPCC7002_RS05135,SYNPCC7002_RS07600,0.093182498448391
SYNPCC7002_RS06150,SYNPCC7002_RS15780,0.0931729370780349
SYNPCC7002_RS15255,SYNPCC7002_RS01235,0.0931524285908039
SYNPCC7002_RS01800,SYNPCC7002_RS02325,0.0931503342339539
SYNPCC7002_RS08390,SYNPCC7002_RS12080,0.0931340689054743
SYNPCC7002_RS04890,SYNPCC7002_RS03370,0.0931129088585989
SYNPCC7002_RS00050,SYNPCC7002_RS02605,0.0931023042955515
SYNPCC7002_RS08390,SYNPCC7002_RS12755,0.0930968353438388
SYNPCC7002_RS15030,SYNPCC7002_RS14975,0.0930875467186135
SYNPCC7002_RS05460,SYNPCC7002_RS00105,0.0930814058301408
SYNPCC7002_RS04650,SYNPCC7002_RS00630,0.0930749689073742
SYNPCC7002_RS04290,SYNPCC7002_RS01340,0.0930738148554073
SYNPCC7002_RS15255,SYNPCC7002_RS15010,0.0930727425396047
SYNPCC7002_RS12395,SYNPCC7002_RS11660,0.0930684854417762
SYNPCC7002_RS04890,SYNPCC7002_RS04010,0.0930658353306392
SYNPCC7002_RS15995,SYNPCC7002_RS17055,0.0930658243278353
SYNPCC7002_RS08965,SYNPCC7002_RS03225,0.0930645232703122
SYNPCC7002_RS16160,SYNPCC7002_RS16125,0.0930501212985976
SYNPCC7002_RS05985,SYNPCC7002_RS11250,0.0930435341420301
SYNPCC7002_RS12395,SYNPCC7002_RS07730,0.0930247499327315
SYNPCC7002_RS05460,SYNPCC7002_RS15285,0.0930130908339264
SYNPCC7002_RS00260,SYNPCC7002_RS05850,0.0930064396724004
SYNPCC7002_RS09780,SYNPCC7002_RS15145,0.0930010830053494
SYNPCC7002_RS10050,SYNPCC7002_RS04410,0.0929879171026517
SYNPCC7002_RS05460,SYNPCC7002_RS01150,0.0929677768159322
SYNPCC7002_RS07295,SYNPCC7002_RS09120,0.0929675355916983
SYNPCC7002_RS01420,SYNPCC7002_RS11850,0.0929642292910084
SYNPCC7002_RS15255,SYNPCC7002_RS13185,0.0929507219051041
SYNPCC7002_RS11685,SYNPCC7002_RS11660,0.0929084625979705
SYNPCC7002_RS08965,SYNPCC7002_RS04725,0.0928858847880079
SYNPCC7002_RS16320,SYNPCC7002_RS15305,0.0928836516629019
SYNPCC7002_RS09260,SYNPCC7002_RS03965,0.0928784167318762
SYNPCC7002_RS08965,SYNPCC7002_RS16685,0.0928485800729175
SYNPCC7002_RS09260,SYNPCC7002_RS15530,0.092823281996878
SYNPCC7002_RS05135,SYNPCC7002_RS09160,0.092814025007073
SYNPCC7002_RS05985,SYNPCC7002_RS13330,0.0927941948633112
SYNPCC7002_RS05460,SYNPCC7002_RS14805,0.0927930371604283
SYNPCC7002_RS10050,SYNPCC7002_RS03745,0.0927850158002964
SYNPCC7002_RS05135,SYNPCC7002_RS09420,0.0927837105039862
SYNPCC7002_RS03295,SYNPCC7002_RS01340,0.0927821956335601
SYNPCC7002_RS08965,SYNPCC7002_RS07375,0.0927660501451127
SYNPCC7002_RS07295,SYNPCC7002_RS05785,0.092761458072719
SYNPCC7002_RS04680,SYNPCC7002_RS12305,0.092756299613662
SYNPCC7002_RS09820,SYNPCC7002_RS03620,0.0927538529841487
SYNPCC7002_RS04890,SYNPCC7002_RS09910,0.0927407750724357
SYNPCC7002_RS05135,SYNPCC7002_RS10275,0.0927253599018205
SYNPCC7002_RS15410,SYNPCC7002_RS08905,0.0927052888556811
SYNPCC7002_RS11400,SYNPCC7002_RS15235,0.0926950861536891
SYNPCC7002_RS08210,SYNPCC7002_RS11880,0.0926827945075087
SYNPCC7002_RS15520,SYNPCC7002_RS00965,0.0926479243611011
SYNPCC7002_RS12395,SYNPCC7002_RS05970,0.0926254181137887
SYNPCC7002_RS08945,SYNPCC7002_RS08615,0.092611683520319
SYNPCC7002_RS04680,SYNPCC7002_RS10405,0.0925984411741235
SYNPCC7002_RS04650,SYNPCC7002_RS05005,0.0925755934257447
SYNPCC7002_RS09820,SYNPCC7002_RS06835,0.0925740150981441
SYNPCC7002_RS10145,SYNPCC7002_RS03985,0.0925681125102821
SYNPCC7002_RS11685,SYNPCC7002_RS05550,0.0925636513119399
SYNPCC7002_RS05135,SYNPCC7002_RS05265,0.0925620994664228
SYNPCC7002_RS08175,SYNPCC7002_RS10410,0.0925406014458207
SYNPCC7002_RS12395,SYNPCC7002_RS07535,0.0925388302326848
SYNPCC7002_RS09820,SYNPCC7002_RS06430,0.0925362241395261
SYNPCC7002_RS04780,SYNPCC7002_RS05630,0.0925260094483879
SYNPCC7002_RS00650,SYNPCC7002_RS02445,0.0925254304906677
SYNPCC7002_RS05135,SYNPCC7002_RS05405,0.0925229206530053
SYNPCC7002_RS01420,SYNPCC7002_RS05250,0.0925014198202031
SYNPCC7002_RS04250,SYNPCC7002_RS11230,0.0924991316025874
SYNPCC7002_RS04890,SYNPCC7002_RS12005,0.0924971000868878
SYNPCC7002_RS09320,SYNPCC7002_RS04600,0.0924909768013482
SYNPCC7002_RS12395,SYNPCC7002_RS17230,0.0924876305272303
SYNPCC7002_RS05135,SYNPCC7002_RS05590,0.0924834940424421
SYNPCC7002_RS04250,SYNPCC7002_RS09525,0.0924827081993248
SYNPCC7002_RS09630,SYNPCC7002_RS00085,0.0924761798802124
SYNPCC7002_RS04890,SYNPCC7002_RS05425,0.092473214484028
SYNPCC7002_RS04650,SYNPCC7002_RS11685,0.0924658272986138
SYNPCC7002_RS02715,SYNPCC7002_RS13750,0.0924583140197667
SYNPCC7002_RS07385,SYNPCC7002_RS14155,0.0924464610206605
SYNPCC7002_RS05985,SYNPCC7002_RS09275,0.0924436324084931
SYNPCC7002_RS05135,SYNPCC7002_RS09035,0.0924426199849753
SYNPCC7002_RS01800,SYNPCC7002_RS12770,0.0924327157789527
SYNPCC7002_RS12395,SYNPCC7002_RS07600,0.0924306310299156
SYNPCC7002_RS10050,SYNPCC7002_RS08890,0.092407112193818
SYNPCC7002_RS06150,SYNPCC7002_RS15190,0.0923486404714281
SYNPCC7002_RS15520,SYNPCC7002_RS13130,0.0923353150433726
SYNPCC7002_RS09820,SYNPCC7002_RS09985,0.0923329337628251
SYNPCC7002_RS12515,SYNPCC7002_RS10790,0.09232522656208
SYNPCC7002_RS10050,SYNPCC7002_RS01945,0.0923165600673873
SYNPCC7002_RS01420,SYNPCC7002_RS01650,0.0923074541769816
SYNPCC7002_RS07295,SYNPCC7002_RS07860,0.0922949262186742
SYNPCC7002_RS05985,SYNPCC7002_RS04875,0.0922688493266791
SYNPCC7002_RS05985,SYNPCC7002_RS01900,0.09226360783127
SYNPCC7002_RS08945,SYNPCC7002_RS01755,0.0922609954779397
SYNPCC7002_RS04250,SYNPCC7002_RS00350,0.0922607604455871
SYNPCC7002_RS08965,SYNPCC7002_RS04810,0.0922566227981899
SYNPCC7002_RS04890,SYNPCC7002_RS09535,0.0922305677939647
SYNPCC7002_RS12395,SYNPCC7002_RS12190,0.0922204209545796
SYNPCC7002_RS08390,SYNPCC7002_RS05725,0.0922202957922638
SYNPCC7002_RS04650,SYNPCC7002_RS02635,0.0922133930964011
SYNPCC7002_RS04890,SYNPCC7002_RS10040,0.0921855553149205
SYNPCC7002_RS05135,SYNPCC7002_RS09790,0.0921531094473439
SYNPCC7002_RS05460,SYNPCC7002_RS08890,0.0921432037124114
SYNPCC7002_RS09320,SYNPCC7002_RS01250,0.0921283980078849
SYNPCC7002_RS10050,SYNPCC7002_RS04775,0.0921127748245693
SYNPCC7002_RS05135,SYNPCC7002_RS15640,0.0921119374625714
SYNPCC7002_RS05135,SYNPCC7002_RS07745,0.092105254925045
SYNPCC7002_RS08210,SYNPCC7002_RS15615,0.0921035714363462
SYNPCC7002_RS12395,SYNPCC7002_RS07725,0.0921022602450212
SYNPCC7002_RS10050,SYNPCC7002_RS07730,0.0920909190436207
SYNPCC7002_RS16320,SYNPCC7002_RS15325,0.0920844014546182
SYNPCC7002_RS15255,SYNPCC7002_RS15710,0.0920811786880663
SYNPCC7002_RS03030,SYNPCC7002_RS07980,0.0920781853679757
SYNPCC7002_RS15520,SYNPCC7002_RS15575,0.0920629839314722
SYNPCC7002_RS08480,SYNPCC7002_RS03185,0.0920532271187064
SYNPCC7002_RS05135,SYNPCC7002_RS03385,0.0920379403141871
SYNPCC7002_RS00260,SYNPCC7002_RS00245,0.0920322075851217
SYNPCC7002_RS05460,SYNPCC7002_RS14405,0.0920235758061667
SYNPCC7002_RS02455,SYNPCC7002_RS00055,0.0920208553588028
SYNPCC7002_RS00650,SYNPCC7002_RS03755,0.0920171419876475
SYNPCC7002_RS03760,SYNPCC7002_RS12400,0.0920169990904459
SYNPCC7002_RS12395,SYNPCC7002_RS05280,0.0920167702802425
SYNPCC7002_RS02715,SYNPCC7002_RS07815,0.0919993125931654
SYNPCC7002_RS05460,SYNPCC7002_RS10820,0.0919819482111607
SYNPCC7002_RS16320,SYNPCC7002_RS15805,0.0919816786913508
SYNPCC7002_RS03030,SYNPCC7002_RS13570,0.0919738546972814
SYNPCC7002_RS02455,SYNPCC7002_RS03000,0.0919550645809775
SYNPCC7002_RS00640,SYNPCC7002_RS08770,0.091937336871319
SYNPCC7002_RS00050,SYNPCC7002_RS16440,0.091916075786235
SYNPCC7002_RS09630,SYNPCC7002_RS14575,0.0918966506243233
SYNPCC7002_RS04780,SYNPCC7002_RS11710,0.0918900600018089
SYNPCC7002_RS15680,SYNPCC7002_RS14675,0.0918890392861326
SYNPCC7002_RS05135,SYNPCC7002_RS07835,0.0918776786874777
SYNPCC7002_RS09420,SYNPCC7002_RS09425,0.0918734355400457
SYNPCC7002_RS05985,SYNPCC7002_RS15725,0.0918389853528123
SYNPCC7002_RS15520,SYNPCC7002_RS08015,0.0918100292391466
SYNPCC7002_RS15520,SYNPCC7002_RS08120,0.0918016994799868
SYNPCC7002_RS08390,SYNPCC7002_RS02290,0.0917872714468971
SYNPCC7002_RS06150,SYNPCC7002_RS03600,0.0917748844941184
SYNPCC7002_RS08945,SYNPCC7002_RS09355,0.0917719930739015
SYNPCC7002_RS10050,SYNPCC7002_RS16705,0.09175447555628
SYNPCC7002_RS14790,SYNPCC7002_RS04805,0.091754146990295
SYNPCC7002_RS03295,SYNPCC7002_RS03320,0.0917387885655034
SYNPCC7002_RS08390,SYNPCC7002_RS08085,0.0917169584277004
SYNPCC7002_RS10050,SYNPCC7002_RS11730,0.0917150075268119
SYNPCC7002_RS11400,SYNPCC7002_RS01990,0.0917102273849226
SYNPCC7002_RS07385,SYNPCC7002_RS11675,0.091705067675804
SYNPCC7002_RS05985,SYNPCC7002_RS13395,0.091683991031669
SYNPCC7002_RS08210,SYNPCC7002_RS14740,0.0916773074900488
SYNPCC7002_RS05985,SYNPCC7002_RS11160,0.0916768181781083
SYNPCC7002_RS04780,SYNPCC7002_RS08200,0.0916750651649251
SYNPCC7002_RS07385,SYNPCC7002_RS09710,0.0916653217240055
SYNPCC7002_RS05135,SYNPCC7002_RS05240,0.0916644308458568
SYNPCC7002_RS09630,SYNPCC7002_RS08435,0.0916608274334167
SYNPCC7002_RS09820,SYNPCC7002_RS02030,0.0916419765107403
SYNPCC7002_RS09420,SYNPCC7002_RS09760,0.091627555044906
SYNPCC7002_RS08965,SYNPCC7002_RS11215,0.0916264093663052
SYNPCC7002_RS03295,SYNPCC7002_RS10200,0.0916188918747466
SYNPCC7002_RS06005,SYNPCC7002_RS13885,0.0916049260126214
SYNPCC7002_RS02455,SYNPCC7002_RS06205,0.0915954769537043
SYNPCC7002_RS08390,SYNPCC7002_RS07410,0.0915904391541908
SYNPCC7002_RS01800,SYNPCC7002_RS11050,0.0915616961874493
SYNPCC7002_RS05135,SYNPCC7002_RS08295,0.091539685429401
SYNPCC7002_RS04250,SYNPCC7002_RS01485,0.0915338056365943
SYNPCC7002_RS04290,SYNPCC7002_RS01970,0.0915252916311373
SYNPCC7002_RS05135,SYNPCC7002_RS12725,0.0915080750644559
SYNPCC7002_RS01420,SYNPCC7002_RS08670,0.091503981067847
SYNPCC7002_RS09630,SYNPCC7002_RS08720,0.0915034258166442
SYNPCC7002_RS08965,SYNPCC7002_RS04450,0.0915019841603811
SYNPCC7002_RS04890,SYNPCC7002_RS04840,0.0914947084445371
SYNPCC7002_RS04780,SYNPCC7002_RS06960,0.0914659719815719
SYNPCC7002_RS07385,SYNPCC7002_RS10510,0.0914408727438242
SYNPCC7002_RS01335,SYNPCC7002_RS07165,0.0914292522052396
SYNPCC7002_RS09320,SYNPCC7002_RS12380,0.0914012608702608
SYNPCC7002_RS16320,SYNPCC7002_RS15330,0.0913923089182553
SYNPCC7002_RS00640,SYNPCC7002_RS14865,0.09137912915327
SYNPCC7002_RS05985,SYNPCC7002_RS05750,0.0913637949411183
SYNPCC7002_RS10145,SYNPCC7002_RS10730,0.0913615651542666
SYNPCC7002_RS12395,SYNPCC7002_RS03525,0.0913582478090892
SYNPCC7002_RS08945,SYNPCC7002_RS07200,0.0913257185851967
SYNPCC7002_RS04250,SYNPCC7002_RS04895,0.0913162561605779
SYNPCC7002_RS08390,SYNPCC7002_RS15940,0.0913067776855315
SYNPCC7002_RS10050,SYNPCC7002_RS09160,0.0913021600996676
SYNPCC7002_RS09320,SYNPCC7002_RS13890,0.0912964518243465
SYNPCC7002_RS01420,SYNPCC7002_RS09520,0.0912769459011905
SYNPCC7002_RS08965,SYNPCC7002_RS10440,0.0912707556168505
SYNPCC7002_RS12395,SYNPCC7002_RS11950,0.0912683340243017
SYNPCC7002_RS09090,SYNPCC7002_RS15615,0.0912604601788641
SYNPCC7002_RS03295,SYNPCC7002_RS12885,0.0912565017935486
SYNPCC7002_RS05985,SYNPCC7002_RS12910,0.0912303299435795
SYNPCC7002_RS15255,SYNPCC7002_RS02040,0.091208763304402
SYNPCC7002_RS04890,SYNPCC7002_RS10855,0.0912080959504641
SYNPCC7002_RS08175,SYNPCC7002_RS11445,0.0912047964540527
SYNPCC7002_RS14790,SYNPCC7002_RS08135,0.0912042498633098
SYNPCC7002_RS07385,SYNPCC7002_RS05635,0.0912014094104914
SYNPCC7002_RS00050,SYNPCC7002_RS01560,0.0912013726785307
SYNPCC7002_RS04780,SYNPCC7002_RS14155,0.0911832061092322
SYNPCC7002_RS02715,SYNPCC7002_RS15840,0.091181785139207
SYNPCC7002_RS12395,SYNPCC7002_RS13060,0.091172431745931
SYNPCC7002_RS08390,SYNPCC7002_RS16620,0.0911578802814698
SYNPCC7002_RS04250,SYNPCC7002_RS09975,0.0911539120556465
SYNPCC7002_RS08390,SYNPCC7002_RS12735,0.091150296789245
SYNPCC7002_RS04780,SYNPCC7002_RS12795,0.0911452296033456
SYNPCC7002_RS06150,SYNPCC7002_RS11740,0.0911242675007404
SYNPCC7002_RS09780,SYNPCC7002_RS17200,0.0911230783887557
SYNPCC7002_RS05135,SYNPCC7002_RS05390,0.0911174730465419
SYNPCC7002_RS15410,SYNPCC7002_RS14910,0.0911158568968423
SYNPCC7002_RS03030,SYNPCC7002_RS03575,0.0911045519977072
SYNPCC7002_RS10050,SYNPCC7002_RS04305,0.0910983641496613
SYNPCC7002_RS10050,SYNPCC7002_RS01690,0.0910743968792102
SYNPCC7002_RS08175,SYNPCC7002_RS03410,0.091060672831581
SYNPCC7002_RS10050,SYNPCC7002_RS04295,0.0910474504674253
SYNPCC7002_RS08965,SYNPCC7002_RS04730,0.0910428229825927
SYNPCC7002_RS00050,SYNPCC7002_RS08470,0.0910389877512615
SYNPCC7002_RS05135,SYNPCC7002_RS09655,0.0910252698589765
SYNPCC7002_RS04680,SYNPCC7002_RS08460,0.091007739915365
SYNPCC7002_RS04650,SYNPCC7002_RS09580,0.0909991718676079
SYNPCC7002_RS07295,SYNPCC7002_RS09850,0.0909838909605591
SYNPCC7002_RS05135,SYNPCC7002_RS03425,0.0909769313684278
SYNPCC7002_RS01335,SYNPCC7002_RS06435,0.0909747637931292
SYNPCC7002_RS02715,SYNPCC7002_RS09855,0.0909716466312979
SYNPCC7002_RS04250,SYNPCC7002_RS01520,0.0909685314627112
SYNPCC7002_RS15680,SYNPCC7002_RS15255,0.0909330929612216
SYNPCC7002_RS04890,SYNPCC7002_RS06580,0.0909235881715818
SYNPCC7002_RS09320,SYNPCC7002_RS11835,0.0909022915425191
SYNPCC7002_RS16160,SYNPCC7002_RS04255,0.0908991802465336
SYNPCC7002_RS04780,SYNPCC7002_RS09345,0.0908835903758902
SYNPCC7002_RS09320,SYNPCC7002_RS11635,0.0908777530111337
SYNPCC7002_RS09820,SYNPCC7002_RS08810,0.0908775590713132
SYNPCC7002_RS05460,SYNPCC7002_RS17030,0.0908692967744306
SYNPCC7002_RS01420,SYNPCC7002_RS03105,0.0908682104409835
SYNPCC7002_RS03030,SYNPCC7002_RS11220,0.0908615082170754
SYNPCC7002_RS05135,SYNPCC7002_RS15055,0.0908557366488893
SYNPCC7002_RS15995,SYNPCC7002_RS07460,0.0908444736669443
SYNPCC7002_RS10050,SYNPCC7002_RS08520,0.0908331617656912
SYNPCC7002_RS04890,SYNPCC7002_RS03290,0.0908312074292977
SYNPCC7002_RS16160,SYNPCC7002_RS16060,0.0908271448678601
SYNPCC7002_RS08175,SYNPCC7002_RS03870,0.0908263707160105
SYNPCC7002_RS01420,SYNPCC7002_RS03505,0.0908235015904606
SYNPCC7002_RS04650,SYNPCC7002_RS11140,0.0908090835497939
SYNPCC7002_RS04890,SYNPCC7002_RS08295,0.0908000754557105
SYNPCC7002_RS08965,SYNPCC7002_RS05635,0.0907969309478313
SYNPCC7002_RS09630,SYNPCC7002_RS16950,0.0907946777826365
SYNPCC7002_RS00260,SYNPCC7002_RS09060,0.0907651888031567
SYNPCC7002_RS12105,SYNPCC7002_RS11935,0.090756959784587
SYNPCC7002_RS15680,SYNPCC7002_RS02040,0.0907485215604759
SYNPCC7002_RS01335,SYNPCC7002_RS11260,0.0907449507249281
SYNPCC7002_RS01335,SYNPCC7002_RS14905,0.0907431555830777
SYNPCC7002_RS05985,SYNPCC7002_RS05410,0.0907361261082466
SYNPCC7002_RS11400,SYNPCC7002_RS07210,0.0907347264006464
SYNPCC7002_RS01800,SYNPCC7002_RS06370,0.0907323894394351
SYNPCC7002_RS04650,SYNPCC7002_RS12850,0.0907175056942183
SYNPCC7002_RS03030,SYNPCC7002_RS08965,0.090716133311032
SYNPCC7002_RS04250,SYNPCC7002_RS09155,0.0907156572061569
SYNPCC7002_RS09780,SYNPCC7002_RS08500,0.0906979080339902
SYNPCC7002_RS07295,SYNPCC7002_RS07405,0.0906919462401466
SYNPCC7002_RS05135,SYNPCC7002_RS03290,0.0906880078731843
SYNPCC7002_RS08965,SYNPCC7002_RS01130,0.0906737913934522
SYNPCC7002_RS10145,SYNPCC7002_RS11295,0.0906700496249123
SYNPCC7002_RS01420,SYNPCC7002_RS16510,0.0906595469077231
SYNPCC7002_RS04650,SYNPCC7002_RS08840,0.0906579823892573
SYNPCC7002_RS03760,SYNPCC7002_RS13560,0.0906308714992073
SYNPCC7002_RS12515,SYNPCC7002_RS00210,0.0906167832947858
SYNPCC7002_RS15535,SYNPCC7002_RS01460,0.0906136936179375
SYNPCC7002_RS04650,SYNPCC7002_RS07495,0.0906118335166247
SYNPCC7002_RS15520,SYNPCC7002_RS03485,0.0905984331555701
SYNPCC7002_RS09630,SYNPCC7002_RS15010,0.0905892894846468
SYNPCC7002_RS09320,SYNPCC7002_RS11670,0.0905824151776332
SYNPCC7002_RS15520,SYNPCC7002_RS01540,0.0905796639131175
SYNPCC7002_RS00010,SYNPCC7002_RS16600,0.090572572145873
SYNPCC7002_RS11685,SYNPCC7002_RS04535,0.0905599518795751
SYNPCC7002_RS14440,SYNPCC7002_RS09430,0.090547138598474
SYNPCC7002_RS07385,SYNPCC7002_RS09210,0.0905436429831101
SYNPCC7002_RS11400,SYNPCC7002_RS12390,0.0905313335746878
SYNPCC7002_RS12395,SYNPCC7002_RS12145,0.0905297340565833
SYNPCC7002_RS09175,SYNPCC7002_RS00320,0.0905162701028633
SYNPCC7002_RS05135,SYNPCC7002_RS12690,0.0905074468216867
SYNPCC7002_RS10050,SYNPCC7002_RS07650,0.09050363921961
SYNPCC7002_RS03295,SYNPCC7002_RS01015,0.0904889982514582
SYNPCC7002_RS00650,SYNPCC7002_RS02350,0.0904856811257547
SYNPCC7002_RS04250,SYNPCC7002_RS00885,0.0904757121610047
SYNPCC7002_RS10050,SYNPCC7002_RS12255,0.0904733591808697
SYNPCC7002_RS09780,SYNPCC7002_RS17235,0.0904656554782838
SYNPCC7002_RS14385,SYNPCC7002_RS14405,0.0904627484683878
SYNPCC7002_RS00650,SYNPCC7002_RS04730,0.0904559023596988
SYNPCC7002_RS08965,SYNPCC7002_RS13645,0.0904431722652589
SYNPCC7002_RS08390,SYNPCC7002_RS01310,0.0904355607018156
SYNPCC7002_RS00640,SYNPCC7002_RS10800,0.090429259296254
SYNPCC7002_RS09780,SYNPCC7002_RS03075,0.0904205828096146
SYNPCC7002_RS09320,SYNPCC7002_RS13375,0.0904198801300335
SYNPCC7002_RS08175,SYNPCC7002_RS12685,0.090414153099004
SYNPCC7002_RS10050,SYNPCC7002_RS06720,0.0904117872874077
SYNPCC7002_RS09780,SYNPCC7002_RS06470,0.0904020137289191
SYNPCC7002_RS08965,SYNPCC7002_RS11390,0.0903815562496168
SYNPCC7002_RS01800,SYNPCC7002_RS08880,0.0903740872323828
SYNPCC7002_RS09845,SYNPCC7002_RS12475,0.0903736613628261
SYNPCC7002_RS09780,SYNPCC7002_RS16595,0.0903356664289912
SYNPCC7002_RS09175,SYNPCC7002_RS14665,0.0903339337379598
SYNPCC7002_RS09780,SYNPCC7002_RS04525,0.0903306121109087
SYNPCC7002_RS16320,SYNPCC7002_RS06850,0.0903196956515675
SYNPCC7002_RS03295,SYNPCC7002_RS03330,0.0903168895811244
SYNPCC7002_RS04650,SYNPCC7002_RS00350,0.0903028425740243
SYNPCC7002_RS15520,SYNPCC7002_RS14695,0.090297135044059
SYNPCC7002_RS04890,SYNPCC7002_RS00875,0.0902814770480613
SYNPCC7002_RS09630,SYNPCC7002_RS06200,0.0902813601010346
SYNPCC7002_RS15520,SYNPCC7002_RS12055,0.0902805704492013
SYNPCC7002_RS09630,SYNPCC7002_RS02000,0.0902639391494957
SYNPCC7002_RS08210,SYNPCC7002_RS02255,0.0902536973184204
SYNPCC7002_RS14790,SYNPCC7002_RS13910,0.090235463672816
SYNPCC7002_RS13450,SYNPCC7002_RS08790,0.090221845876583
SYNPCC7002_RS02715,SYNPCC7002_RS07865,0.0902173722881206
SYNPCC7002_RS01335,SYNPCC7002_RS09235,0.0902162796211885
SYNPCC7002_RS15520,SYNPCC7002_RS09830,0.0901991457123018
SYNPCC7002_RS04680,SYNPCC7002_RS00300,0.0901850314868901
SYNPCC7002_RS09820,SYNPCC7002_RS05620,0.090184839073442
SYNPCC7002_RS04780,SYNPCC7002_RS13280,0.0901623395911055
SYNPCC7002_RS15255,SYNPCC7002_RS10545,0.0901607478724241
SYNPCC7002_RS09320,SYNPCC7002_RS09215,0.0901565763840864
SYNPCC7002_RS04680,SYNPCC7002_RS08160,0.0901414741754396
SYNPCC7002_RS12395,SYNPCC7002_RS01980,0.0901380260652964
SYNPCC7002_RS08965,SYNPCC7002_RS07285,0.0901301691750526
SYNPCC7002_RS05135,SYNPCC7002_RS03430,0.0901235080457872
SYNPCC7002_RS05135,SYNPCC7002_RS02960,0.0901225027913368
SYNPCC7002_RS09780,SYNPCC7002_RS15725,0.0901134893853308
SYNPCC7002_RS03030,SYNPCC7002_RS09550,0.0901134884945114
SYNPCC7002_RS00640,SYNPCC7002_RS10215,0.0901069884968863
SYNPCC7002_RS05985,SYNPCC7002_RS05485,0.0900976240248553
SYNPCC7002_RS02455,SYNPCC7002_RS05855,0.0900912865393949
SYNPCC7002_RS08390,SYNPCC7002_RS13690,0.0900886083633569
SYNPCC7002_RS09780,SYNPCC7002_RS03245,0.0900673272772116
SYNPCC7002_RS03030,SYNPCC7002_RS11735,0.0900564042267905
SYNPCC7002_RS03030,SYNPCC7002_RS10615,0.0900534247734377
SYNPCC7002_RS09260,SYNPCC7002_RS13800,0.0900345365760566
SYNPCC7002_RS04780,SYNPCC7002_RS07455,0.0900302993537207
SYNPCC7002_RS01420,SYNPCC7002_RS12535,0.0900120943084467
SYNPCC7002_RS02715,SYNPCC7002_RS04940,0.0900064532783536
SYNPCC7002_RS09780,SYNPCC7002_RS09975,0.0900041672442738
SYNPCC7002_RS00690,SYNPCC7002_RS13800,0.08999168520485
SYNPCC7002_RS08965,SYNPCC7002_RS12055,0.0899891319816288
SYNPCC7002_RS01085,SYNPCC7002_RS10655,0.0899856638484205
SYNPCC7002_RS08965,SYNPCC7002_RS08745,0.0899740307198452
SYNPCC7002_RS05135,SYNPCC7002_RS07355,0.0899724321696892
SYNPCC7002_RS01335,SYNPCC7002_RS16325,0.089971237915281
SYNPCC7002_RS09780,SYNPCC7002_RS15885,0.0899501226695279
SYNPCC7002_RS01335,SYNPCC7002_RS01100,0.0899491427025151
SYNPCC7002_RS02715,SYNPCC7002_RS16575,0.0899467533189772
SYNPCC7002_RS10050,SYNPCC7002_RS13535,0.0899269887619134
SYNPCC7002_RS08965,SYNPCC7002_RS15225,0.0899210486287627
SYNPCC7002_RS15255,SYNPCC7002_RS14800,0.089914207623185
SYNPCC7002_RS09820,SYNPCC7002_RS09800,0.0899076159814423
SYNPCC7002_RS16320,SYNPCC7002_RS05920,0.0899039621845504
SYNPCC7002_RS09630,SYNPCC7002_RS02065,0.0899017551896817
SYNPCC7002_RS12395,SYNPCC7002_RS14205,0.089901257165826
SYNPCC7002_RS03030,SYNPCC7002_RS04925,0.0898841830794644
SYNPCC7002_RS04650,SYNPCC7002_RS04010,0.0898815541192196
SYNPCC7002_RS00640,SYNPCC7002_RS00750,0.0898786491454046
SYNPCC7002_RS00690,SYNPCC7002_RS09500,0.0898667459158559
SYNPCC7002_RS08255,SYNPCC7002_RS03340,0.089865360535559
SYNPCC7002_RS11685,SYNPCC7002_RS02100,0.0898567442956952
SYNPCC7002_RS08965,SYNPCC7002_RS02885,0.0898556901414918
SYNPCC7002_RS09320,SYNPCC7002_RS10485,0.0898541669467939
SYNPCC7002_RS04250,SYNPCC7002_RS10870,0.0898459238377789
SYNPCC7002_RS00050,SYNPCC7002_RS08925,0.0898402077546188
SYNPCC7002_RS15680,SYNPCC7002_RS01165,0.0898296928276656
SYNPCC7002_RS04650,SYNPCC7002_RS10225,0.089819468651078
SYNPCC7002_RS04250,SYNPCC7002_RS12485,0.0898173458963511
SYNPCC7002_RS05460,SYNPCC7002_RS08895,0.0898102140071111
SYNPCC7002_RS10050,SYNPCC7002_RS16420,0.0898027145374194
SYNPCC7002_RS15720,SYNPCC7002_RS15320,0.0897942955136658
SYNPCC7002_RS08175,SYNPCC7002_RS00620,0.0897917535019242
SYNPCC7002_RS05985,SYNPCC7002_RS00175,0.0897894493688744
SYNPCC7002_RS16160,SYNPCC7002_RS16670,0.0897713982033817
SYNPCC7002_RS08390,SYNPCC7002_RS02375,0.0897589924884995
SYNPCC7002_RS12395,SYNPCC7002_RS14730,0.0897518294596638
SYNPCC7002_RS04650,SYNPCC7002_RS10865,0.0897374521981613
SYNPCC7002_RS08965,SYNPCC7002_RS01290,0.0897362020764869
SYNPCC7002_RS04890,SYNPCC7002_RS09875,0.0897308956263149
SYNPCC7002_RS12395,SYNPCC7002_RS14240,0.0897273431545493
SYNPCC7002_RS09630,SYNPCC7002_RS00970,0.0897224220445448
SYNPCC7002_RS04890,SYNPCC7002_RS04400,0.0897175125916086
SYNPCC7002_RS03030,SYNPCC7002_RS01475,0.0897082638688314
SYNPCC7002_RS15255,SYNPCC7002_RS15335,0.0897014727193707
SYNPCC7002_RS14440,SYNPCC7002_RS14400,0.0896760947947917
SYNPCC7002_RS12090,SYNPCC7002_RS01375,0.0896705512391329
SYNPCC7002_RS08255,SYNPCC7002_RS00705,0.0896649082080875
SYNPCC7002_RS14440,SYNPCC7002_RS14410,0.089658480874347
SYNPCC7002_RS06540,SYNPCC7002_RS01450,0.0896575310124371
SYNPCC7002_RS04890,SYNPCC7002_RS10925,0.0896393821559228
SYNPCC7002_RS00650,SYNPCC7002_RS04465,0.0896331257609942
SYNPCC7002_RS07385,SYNPCC7002_RS16020,0.0896317361693571
SYNPCC7002_RS08965,SYNPCC7002_RS03850,0.0896305653950358
SYNPCC7002_RS07385,SYNPCC7002_RS02720,0.0896287341859618
SYNPCC7002_RS10050,SYNPCC7002_RS15055,0.0896279511832955
SYNPCC7002_RS06150,SYNPCC7002_RS00695,0.0896129827920562
SYNPCC7002_RS15520,SYNPCC7002_RS15190,0.0896096752866003
SYNPCC7002_RS12090,SYNPCC7002_RS12950,0.0896043671189978
SYNPCC7002_RS03030,SYNPCC7002_RS12030,0.0895856739393494
SYNPCC7002_RS08965,SYNPCC7002_RS10910,0.0895699916316592
SYNPCC7002_RS05135,SYNPCC7002_RS08660,0.0895687792195913
SYNPCC7002_RS08390,SYNPCC7002_RS17050,0.0895592844149009
SYNPCC7002_RS15680,SYNPCC7002_RS02600,0.0895565070517493
SYNPCC7002_RS09320,SYNPCC7002_RS10905,0.0895529040270799
SYNPCC7002_RS09195,SYNPCC7002_RS13995,0.0895261123695481
SYNPCC7002_RS15520,SYNPCC7002_RS08955,0.089522081577705
SYNPCC7002_RS08945,SYNPCC7002_RS05905,0.0895055682869312
SYNPCC7002_RS09630,SYNPCC7002_RS05685,0.0895044198174924
SYNPCC7002_RS11685,SYNPCC7002_RS00630,0.0894877957089782
SYNPCC7002_RS15680,SYNPCC7002_RS04835,0.0894608497221511
SYNPCC7002_RS05135,SYNPCC7002_RS07625,0.089460296877016
SYNPCC7002_RS07385,SYNPCC7002_RS13985,0.0894578444426858
SYNPCC7002_RS04890,SYNPCC7002_RS04410,0.0894558237895394
SYNPCC7002_RS08945,SYNPCC7002_RS10110,0.0894540035655112
SYNPCC7002_RS07385,SYNPCC7002_RS11930,0.0894344461913179
SYNPCC7002_RS11400,SYNPCC7002_RS10065,0.0894305524609073
SYNPCC7002_RS08390,SYNPCC7002_RS04920,0.0894280773458046
SYNPCC7002_RS00650,SYNPCC7002_RS05380,0.0894080653957434
SYNPCC7002_RS06150,SYNPCC7002_RS15585,0.0894062316819414
SYNPCC7002_RS04250,SYNPCC7002_RS14735,0.0893954040006757
SYNPCC7002_RS04250,SYNPCC7002_RS14755,0.0893941464162919
SYNPCC7002_RS04680,SYNPCC7002_RS06120,0.0893809221506503
SYNPCC7002_RS08210,SYNPCC7002_RS02525,0.0893768867560438
SYNPCC7002_RS08480,SYNPCC7002_RS09575,0.0893757078528765
SYNPCC7002_RS09780,SYNPCC7002_RS04880,0.0893730652935319
SYNPCC7002_RS09845,SYNPCC7002_RS01685,0.0893716517784083
SYNPCC7002_RS08965,SYNPCC7002_RS01555,0.0893652495480416
SYNPCC7002_RS00850,SYNPCC7002_RS15275,0.0893476863438319
SYNPCC7002_RS15995,SYNPCC7002_RS13435,0.0893375024392864
SYNPCC7002_RS04780,SYNPCC7002_RS09040,0.0893220038495993
SYNPCC7002_RS12395,SYNPCC7002_RS02635,0.0892959769436822
SYNPCC7002_RS04250,SYNPCC7002_RS00355,0.0892943258761467
SYNPCC7002_RS01800,SYNPCC7002_RS12890,0.0892812407415254
SYNPCC7002_RS15255,SYNPCC7002_RS15700,0.0892755044639487
SYNPCC7002_RS15520,SYNPCC7002_RS06880,0.0892682754287332
SYNPCC7002_RS09995,SYNPCC7002_RS02365,0.0892384100770244
SYNPCC7002_RS15410,SYNPCC7002_RS09750,0.0892363875867322
SYNPCC7002_RS01420,SYNPCC7002_RS05170,0.0892315830405893
SYNPCC7002_RS12395,SYNPCC7002_RS07775,0.0892219806535781
SYNPCC7002_RS04650,SYNPCC7002_RS05595,0.0892125735851374
SYNPCC7002_RS09845,SYNPCC7002_RS11910,0.0892098500854687
SYNPCC7002_RS12395,SYNPCC7002_RS11350,0.0892043942902183
SYNPCC7002_RS04680,SYNPCC7002_RS07430,0.0892009129663555
SYNPCC7002_RS07295,SYNPCC7002_RS10095,0.0891995137589101
SYNPCC7002_RS00640,SYNPCC7002_RS00995,0.0891777845979335
SYNPCC7002_RS07385,SYNPCC7002_RS10585,0.0891769543509459
SYNPCC7002_RS04650,SYNPCC7002_RS02990,0.0891665899064476
SYNPCC7002_RS15680,SYNPCC7002_RS08445,0.0891635609827684
SYNPCC7002_RS08965,SYNPCC7002_RS11545,0.0891474068544015
SYNPCC7002_RS08965,SYNPCC7002_RS04545,0.0891441738988603
SYNPCC7002_RS08255,SYNPCC7002_RS09495,0.0891332013803438
SYNPCC7002_RS14790,SYNPCC7002_RS05325,0.0891281203542633
SYNPCC7002_RS01335,SYNPCC7002_RS06655,0.089123556922917
SYNPCC7002_RS06540,SYNPCC7002_RS08490,0.0891158431786392
SYNPCC7002_RS08210,SYNPCC7002_RS03720,0.0891124197381948
SYNPCC7002_RS15520,SYNPCC7002_RS12655,0.089108292169229
SYNPCC7002_RS10050,SYNPCC7002_RS01325,0.0891082045329935
SYNPCC7002_RS04780,SYNPCC7002_RS15510,0.0891032537184324
SYNPCC7002_RS15410,SYNPCC7002_RS03605,0.0891006661745042
SYNPCC7002_RS07295,SYNPCC7002_RS07635,0.0890903599402581
SYNPCC7002_RS09820,SYNPCC7002_RS04235,0.0890744531551646
SYNPCC7002_RS15995,SYNPCC7002_RS04430,0.0890688353815506
SYNPCC7002_RS04680,SYNPCC7002_RS08635,0.0890676858794126
SYNPCC7002_RS04780,SYNPCC7002_RS09690,0.0890548431385385
SYNPCC7002_RS10050,SYNPCC7002_RS15650,0.089042391608051
SYNPCC7002_RS04250,SYNPCC7002_RS08185,0.0890410054789307
SYNPCC7002_RS02715,SYNPCC7002_RS02725,0.0890398628930206
SYNPCC7002_RS08965,SYNPCC7002_RS01875,0.0890392133085905
SYNPCC7002_RS09780,SYNPCC7002_RS05940,0.089035795984339
SYNPCC7002_RS02715,SYNPCC7002_RS14845,0.0890313867610979
SYNPCC7002_RS00010,SYNPCC7002_RS07735,0.089027618365219
SYNPCC7002_RS01800,SYNPCC7002_RS08760,0.0889954801471324
SYNPCC7002_RS15520,SYNPCC7002_RS06120,0.088990579441637
SYNPCC7002_RS09780,SYNPCC7002_RS11440,0.0889807497743892
SYNPCC7002_RS10050,SYNPCC7002_RS06825,0.0889803905593016
SYNPCC7002_RS09175,SYNPCC7002_RS00905,0.0889635188908528
SYNPCC7002_RS04780,SYNPCC7002_RS12735,0.0889582585156744
SYNPCC7002_RS12090,SYNPCC7002_RS17190,0.0889497515303365
SYNPCC7002_RS06540,SYNPCC7002_RS13280,0.0889449903061796
SYNPCC7002_RS04890,SYNPCC7002_RS12695,0.0889430318484403
SYNPCC7002_RS09630,SYNPCC7002_RS03160,0.0889398459746535
SYNPCC7002_RS03295,SYNPCC7002_RS03315,0.0889290696415948
SYNPCC7002_RS12395,SYNPCC7002_RS05235,0.0889245625971544
SYNPCC7002_RS01335,SYNPCC7002_RS11420,0.0889090225071033
SYNPCC7002_RS04650,SYNPCC7002_RS10705,0.0889037629551706
SYNPCC7002_RS10050,SYNPCC7002_RS07590,0.0889036182882739
SYNPCC7002_RS05985,SYNPCC7002_RS09975,0.088902899362821
SYNPCC7002_RS16320,SYNPCC7002_RS15320,0.088893166028816
SYNPCC7002_RS05460,SYNPCC7002_RS15265,0.0888758356420052
SYNPCC7002_RS12395,SYNPCC7002_RS00370,0.088875573768167
SYNPCC7002_RS08965,SYNPCC7002_RS04695,0.088873235784019
SYNPCC7002_RS14790,SYNPCC7002_RS01635,0.0888684247123263
SYNPCC7002_RS11685,SYNPCC7002_RS10865,0.0888663955506958
SYNPCC7002_RS02715,SYNPCC7002_RS05375,0.0888644256256175
SYNPCC7002_RS00650,SYNPCC7002_RS03820,0.0888454495238366
SYNPCC7002_RS08945,SYNPCC7002_RS11590,0.0888430412923593
SYNPCC7002_RS06540,SYNPCC7002_RS04780,0.0888418245128902
SYNPCC7002_RS02410,SYNPCC7002_RS08130,0.088829262186236
SYNPCC7002_RS05985,SYNPCC7002_RS08610,0.0888203090465531
SYNPCC7002_RS10050,SYNPCC7002_RS03905,0.0888200610929273
SYNPCC7002_RS04250,SYNPCC7002_RS02270,0.088807858887396
SYNPCC7002_RS01800,SYNPCC7002_RS10780,0.0887872308996611
SYNPCC7002_RS04780,SYNPCC7002_RS02590,0.0887871614079899
SYNPCC7002_RS08255,SYNPCC7002_RS06450,0.0887870983366635
SYNPCC7002_RS08210,SYNPCC7002_RS13575,0.0887860705519544
SYNPCC7002_RS03030,SYNPCC7002_RS08955,0.0887859796389344
SYNPCC7002_RS08965,SYNPCC7002_RS12745,0.0887691527624154
SYNPCC7002_RS12090,SYNPCC7002_RS10350,0.0887661613950809
SYNPCC7002_RS08390,SYNPCC7002_RS05915,0.0887643281926228
SYNPCC7002_RS04650,SYNPCC7002_RS04895,0.0887458273192771
SYNPCC7002_RS11400,SYNPCC7002_RS01610,0.088737323721577
SYNPCC7002_RS00650,SYNPCC7002_RS02260,0.088725985027514
SYNPCC7002_RS01335,SYNPCC7002_RS09625,0.0887248925239784
SYNPCC7002_RS01800,SYNPCC7002_RS08765,0.088715857005194
SYNPCC7002_RS09995,SYNPCC7002_RS08290,0.0887120774615694
SYNPCC7002_RS04890,SYNPCC7002_RS01930,0.0887049200094549
SYNPCC7002_RS09820,SYNPCC7002_RS13510,0.0887031646389603
SYNPCC7002_RS07385,SYNPCC7002_RS07040,0.0887028483922861
SYNPCC7002_RS15520,SYNPCC7002_RS09320,0.0886972241149454
SYNPCC7002_RS11685,SYNPCC7002_RS01915,0.0886931905273008
SYNPCC7002_RS04650,SYNPCC7002_RS11660,0.0886923286617942
SYNPCC7002_RS15680,SYNPCC7002_RS08405,0.0886902710777514
SYNPCC7002_RS08965,SYNPCC7002_RS12415,0.088687275659138
SYNPCC7002_RS12395,SYNPCC7002_RS05305,0.0886717751120099
SYNPCC7002_RS08390,SYNPCC7002_RS15955,0.0886700295431411
SYNPCC7002_RS05135,SYNPCC7002_RS16370,0.0886649356666898
SYNPCC7002_RS09780,SYNPCC7002_RS15135,0.0886635683958252
SYNPCC7002_RS09820,SYNPCC7002_RS14940,0.0886516825938347
SYNPCC7002_RS01800,SYNPCC7002_RS07640,0.0886494493665668
SYNPCC7002_RS03030,SYNPCC7002_RS13700,0.088641585074674
SYNPCC7002_RS08210,SYNPCC7002_RS08335,0.08862038538035
SYNPCC7002_RS09820,SYNPCC7002_RS17140,0.0886073480493352
SYNPCC7002_RS04780,SYNPCC7002_RS09830,0.0886060823572612
SYNPCC7002_RS00690,SYNPCC7002_RS00800,0.0886060735835559
SYNPCC7002_RS01800,SYNPCC7002_RS01945,0.0885964774002267
SYNPCC7002_RS12515,SYNPCC7002_RS04030,0.0885900601965472
SYNPCC7002_RS09320,SYNPCC7002_RS07480,0.088580362999398
SYNPCC7002_RS09630,SYNPCC7002_RS14005,0.0885713242569827
SYNPCC7002_RS04250,SYNPCC7002_RS12350,0.0885592851124921
SYNPCC7002_RS11400,SYNPCC7002_RS09230,0.088549469980158
SYNPCC7002_RS08965,SYNPCC7002_RS09995,0.0885404752050806
SYNPCC7002_RS08965,SYNPCC7002_RS12700,0.0885311420998258
SYNPCC7002_RS09260,SYNPCC7002_RS10390,0.0885280547766337
SYNPCC7002_RS05985,SYNPCC7002_RS17025,0.088506479604836
SYNPCC7002_RS10050,SYNPCC7002_RS09865,0.0884952193256746
SYNPCC7002_RS09845,SYNPCC7002_RS12175,0.088479353837662
SYNPCC7002_RS12395,SYNPCC7002_RS16750,0.0884712115135931
SYNPCC7002_RS07385,SYNPCC7002_RS13025,0.088459908677587
SYNPCC7002_RS08965,SYNPCC7002_RS05740,0.0884449552526786
SYNPCC7002_RS09780,SYNPCC7002_RS11095,0.0884320651935284
SYNPCC7002_RS05135,SYNPCC7002_RS04370,0.0884262841670488
SYNPCC7002_RS05985,SYNPCC7002_RS17015,0.0884207700910049
SYNPCC7002_RS09995,SYNPCC7002_RS08835,0.08841444878807
SYNPCC7002_RS09320,SYNPCC7002_RS03995,0.0883947755983178
SYNPCC7002_RS04890,SYNPCC7002_RS06175,0.0883893877598187
SYNPCC7002_RS04250,SYNPCC7002_RS05390,0.0883700453038603
SYNPCC7002_RS16320,SYNPCC7002_RS13180,0.0883687278968517
SYNPCC7002_RS10050,SYNPCC7002_RS11175,0.088355449211756
SYNPCC7002_RS01420,SYNPCC7002_RS05235,0.088351177326598
SYNPCC7002_RS09175,SYNPCC7002_RS14720,0.0883453994792719
SYNPCC7002_RS08210,SYNPCC7002_RS06445,0.0883397155330698
SYNPCC7002_RS11400,SYNPCC7002_RS00520,0.0883360278336621
SYNPCC7002_RS08210,SYNPCC7002_RS13340,0.0883229010038322
SYNPCC7002_RS04780,SYNPCC7002_RS14140,0.08831700008378
SYNPCC7002_RS04780,SYNPCC7002_RS15250,0.0882935268301393
SYNPCC7002_RS09260,SYNPCC7002_RS10355,0.0882928520642058
SYNPCC7002_RS04780,SYNPCC7002_RS07385,0.0882830207824177
SYNPCC7002_RS02455,SYNPCC7002_RS10085,0.0882806538892688
SYNPCC7002_RS00690,SYNPCC7002_RS04625,0.088279228859679
SYNPCC7002_RS09820,SYNPCC7002_RS02025,0.0882750369098173
SYNPCC7002_RS12395,SYNPCC7002_RS10765,0.0882729643298469
SYNPCC7002_RS09820,SYNPCC7002_RS12995,0.088261699376809
SYNPCC7002_RS01800,SYNPCC7002_RS08280,0.08824433370883
SYNPCC7002_RS04780,SYNPCC7002_RS07030,0.088233841318903
SYNPCC7002_RS04250,SYNPCC7002_RS05590,0.0882328613546582
SYNPCC7002_RS12395,SYNPCC7002_RS06580,0.0882281037829829
SYNPCC7002_RS07385,SYNPCC7002_RS03805,0.0882197704303293
SYNPCC7002_RS12395,SYNPCC7002_RS11005,0.088219716203531
SYNPCC7002_RS01335,SYNPCC7002_RS07515,0.0882105308495429
SYNPCC7002_RS04890,SYNPCC7002_RS00305,0.0882023503191036
SYNPCC7002_RS09780,SYNPCC7002_RS05020,0.0882022191379053
SYNPCC7002_RS05135,SYNPCC7002_RS03700,0.0881976895181072
SYNPCC7002_RS09780,SYNPCC7002_RS11450,0.0881899853848476
SYNPCC7002_RS09320,SYNPCC7002_RS01875,0.0881793405156616
SYNPCC7002_RS02455,SYNPCC7002_RS15455,0.0881733185077429
SYNPCC7002_RS15410,SYNPCC7002_RS12920,0.0881602339765039
SYNPCC7002_RS04680,SYNPCC7002_RS00235,0.0881602039470196
SYNPCC7002_RS01085,SYNPCC7002_RS14710,0.0881585753219131
SYNPCC7002_RS09995,SYNPCC7002_RS00650,0.0881580580800069
SYNPCC7002_RS09320,SYNPCC7002_RS02780,0.0881534365337148
SYNPCC7002_RS04250,SYNPCC7002_RS11925,0.0881520733503416
SYNPCC7002_RS05460,SYNPCC7002_RS13000,0.0881475412608889
SYNPCC7002_RS04890,SYNPCC7002_RS13060,0.0881274216850539
SYNPCC7002_RS05135,SYNPCC7002_RS10765,0.0881141909397781
SYNPCC7002_RS16320,SYNPCC7002_RS12440,0.0881133317221504
SYNPCC7002_RS10050,SYNPCC7002_RS04300,0.0881127698520841
SYNPCC7002_RS04250,SYNPCC7002_RS07495,0.0880991927606275
SYNPCC7002_RS15520,SYNPCC7002_RS04680,0.0880807179415763
SYNPCC7002_RS12395,SYNPCC7002_RS04065,0.088080565040111
SYNPCC7002_RS04250,SYNPCC7002_RS04385,0.0880780979549374
SYNPCC7002_RS05135,SYNPCC7002_RS02130,0.0880767884148129
SYNPCC7002_RS15520,SYNPCC7002_RS14915,0.0880738459680547
SYNPCC7002_RS04250,SYNPCC7002_RS04650,0.0880606442537723
SYNPCC7002_RS10050,SYNPCC7002_RS04130,0.0880538877067997
SYNPCC7002_RS08965,SYNPCC7002_RS05360,0.088052316454445
SYNPCC7002_RS04650,SYNPCC7002_RS02680,0.0880503582725093
SYNPCC7002_RS09995,SYNPCC7002_RS01860,0.0880331863768936
SYNPCC7002_RS14440,SYNPCC7002_RS16785,0.0880313107020327
SYNPCC7002_RS02715,SYNPCC7002_RS05240,0.0880245267472938
SYNPCC7002_RS08390,SYNPCC7002_RS15945,0.0880220009523674
SYNPCC7002_RS09320,SYNPCC7002_RS12025,0.0880158193626493
SYNPCC7002_RS08965,SYNPCC7002_RS09295,0.0880116063162279
SYNPCC7002_RS05460,SYNPCC7002_RS08045,0.0880032978577444
SYNPCC7002_RS03030,SYNPCC7002_RS09295,0.0879985387245116
SYNPCC7002_RS05985,SYNPCC7002_RS12180,0.0879834627073944
SYNPCC7002_RS08965,SYNPCC7002_RS11410,0.087977941680782
SYNPCC7002_RS04650,SYNPCC7002_RS05475,0.0879748253842402
SYNPCC7002_RS09780,SYNPCC7002_RS12330,0.0879590383518206
SYNPCC7002_RS07385,SYNPCC7002_RS04215,0.0879540164603631
SYNPCC7002_RS13450,SYNPCC7002_RS07400,0.0879470994427406
SYNPCC7002_RS04680,SYNPCC7002_RS02615,0.0879261204586945
SYNPCC7002_RS14790,SYNPCC7002_RS02070,0.0879229264896503
SYNPCC7002_RS00260,SYNPCC7002_RS10720,0.0879164395516047
SYNPCC7002_RS04250,SYNPCC7002_RS12840,0.0879114454823552
SYNPCC7002_RS04890,SYNPCC7002_RS11325,0.0878847867302519
SYNPCC7002_RS04250,SYNPCC7002_RS04115,0.0878832063041193
SYNPCC7002_RS04780,SYNPCC7002_RS09710,0.0878772282159859
SYNPCC7002_RS00050,SYNPCC7002_RS04095,0.0878751195558379
SYNPCC7002_RS09780,SYNPCC7002_RS05325,0.0878690890452308
SYNPCC7002_RS10050,SYNPCC7002_RS02960,0.0878679074224621
SYNPCC7002_RS09320,SYNPCC7002_RS03880,0.0878610085528061
SYNPCC7002_RS10050,SYNPCC7002_RS03655,0.087849485446631
SYNPCC7002_RS05985,SYNPCC7002_RS11535,0.0878226110601651
SYNPCC7002_RS12090,SYNPCC7002_RS14055,0.0878221278125615
SYNPCC7002_RS15520,SYNPCC7002_RS13860,0.0878200118070186
SYNPCC7002_RS08255,SYNPCC7002_RS03975,0.0878196575136498
SYNPCC7002_RS12395,SYNPCC7002_RS01140,0.0878193506745857
SYNPCC7002_RS09995,SYNPCC7002_RS02935,0.0878097895484792
SYNPCC7002_RS05135,SYNPCC7002_RS01695,0.0878086648633686
SYNPCC7002_RS07295,SYNPCC7002_RS14345,0.0878080453530065
SYNPCC7002_RS10050,SYNPCC7002_RS05655,0.087802057457011
SYNPCC7002_RS08965,SYNPCC7002_RS02255,0.0877903529934891
SYNPCC7002_RS04650,SYNPCC7002_RS10330,0.0877806151659554
SYNPCC7002_RS00260,SYNPCC7002_RS09620,0.0877744768570886
SYNPCC7002_RS04780,SYNPCC7002_RS10580,0.0877623103137516
SYNPCC7002_RS03030,SYNPCC7002_RS01600,0.08775633783252
SYNPCC7002_RS11685,SYNPCC7002_RS11235,0.0877534056075483
SYNPCC7002_RS04780,SYNPCC7002_RS13020,0.0877511485418566
SYNPCC7002_RS08965,SYNPCC7002_RS01480,0.0877475584720811
SYNPCC7002_RS15030,SYNPCC7002_RS14970,0.0877333775660522
SYNPCC7002_RS05985,SYNPCC7002_RS17175,0.0877329163106415
SYNPCC7002_RS00640,SYNPCC7002_RS02710,0.0877212989748137
SYNPCC7002_RS06540,SYNPCC7002_RS11940,0.0877085481864309
SYNPCC7002_RS01335,SYNPCC7002_RS14890,0.0877035643512263
SYNPCC7002_RS12515,SYNPCC7002_RS17255,0.0877031977050017
SYNPCC7002_RS02715,SYNPCC7002_RS11555,0.087702694617784
SYNPCC7002_RS09780,SYNPCC7002_RS02600,0.0877001254753257
SYNPCC7002_RS15680,SYNPCC7002_RS13185,0.0876994324473596
SYNPCC7002_RS12395,SYNPCC7002_RS06025,0.0876968053818167
SYNPCC7002_RS04780,SYNPCC7002_RS06270,0.0876901317183815
SYNPCC7002_RS05135,SYNPCC7002_RS09460,0.0876850016148122
SYNPCC7002_RS09780,SYNPCC7002_RS00430,0.0876823201126991
SYNPCC7002_RS04890,SYNPCC7002_RS07645,0.0876821690041481
SYNPCC7002_RS02455,SYNPCC7002_RS02320,0.087680340470544
SYNPCC7002_RS10050,SYNPCC7002_RS13725,0.087668022903116
SYNPCC7002_RS04890,SYNPCC7002_RS16935,0.0876502643052917
SYNPCC7002_RS10050,SYNPCC7002_RS14035,0.0876491453719432
SYNPCC7002_RS12090,SYNPCC7002_RS00605,0.0876455594328718
SYNPCC7002_RS01800,SYNPCC7002_RS00035,0.0876446577083556
SYNPCC7002_RS08175,SYNPCC7002_RS13285,0.0876424215562576
SYNPCC7002_RS01420,SYNPCC7002_RS06570,0.0876360496493537
SYNPCC7002_RS04780,SYNPCC7002_RS04330,0.0876336541112843
SYNPCC7002_RS11400,SYNPCC7002_RS06710,0.0876241256617337
SYNPCC7002_RS15255,SYNPCC7002_RS08980,0.0876010128391473
SYNPCC7002_RS02455,SYNPCC7002_RS10055,0.0875981473909399
SYNPCC7002_RS11685,SYNPCC7002_RS10920,0.087594968413159
SYNPCC7002_RS12395,SYNPCC7002_RS04535,0.0875886003148268
SYNPCC7002_RS09420,SYNPCC7002_RS01535,0.0875746391210958
SYNPCC7002_RS12395,SYNPCC7002_RS12480,0.0875624841719307
SYNPCC7002_RS01420,SYNPCC7002_RS05275,0.0875550886398931
SYNPCC7002_RS05135,SYNPCC7002_RS05230,0.0875536395328094
SYNPCC7002_RS07385,SYNPCC7002_RS13415,0.0875425888673817
SYNPCC7002_RS08965,SYNPCC7002_RS00650,0.0875154005073974
SYNPCC7002_RS05135,SYNPCC7002_RS07945,0.0875121443011274
SYNPCC7002_RS05135,SYNPCC7002_RS04840,0.087501741919598
SYNPCC7002_RS04650,SYNPCC7002_RS04585,0.0875006938034164
SYNPCC7002_RS06540,SYNPCC7002_RS02370,0.0874825190927174
SYNPCC7002_RS15255,SYNPCC7002_RS11465,0.0874800150420151
SYNPCC7002_RS06005,SYNPCC7002_RS07135,0.0874793918773785
SYNPCC7002_RS12395,SYNPCC7002_RS05290,0.0874691456171212
SYNPCC7002_RS08255,SYNPCC7002_RS00560,0.087462501959401
SYNPCC7002_RS08390,SYNPCC7002_RS12970,0.0874586823557687
SYNPCC7002_RS10525,SYNPCC7002_RS14975,0.0874569254138192
SYNPCC7002_RS04250,SYNPCC7002_RS02265,0.087453494126534
SYNPCC7002_RS09995,SYNPCC7002_RS09675,0.0874515481034028
SYNPCC7002_RS11685,SYNPCC7002_RS12805,0.0874505125183586
SYNPCC7002_RS11400,SYNPCC7002_RS02885,0.087448027434078
SYNPCC7002_RS05135,SYNPCC7002_RS03660,0.0874357904681105
SYNPCC7002_RS09780,SYNPCC7002_RS03795,0.0874338323541853
SYNPCC7002_RS07385,SYNPCC7002_RS04865,0.0874250132937951
SYNPCC7002_RS15520,SYNPCC7002_RS03350,0.0874240477103925
SYNPCC7002_RS05135,SYNPCC7002_RS11660,0.0874005467042609
SYNPCC7002_RS09320,SYNPCC7002_RS01750,0.0873895451745636
SYNPCC7002_RS03030,SYNPCC7002_RS00655,0.0873883532552449
SYNPCC7002_RS05460,SYNPCC7002_RS16655,0.0873772384099671
SYNPCC7002_RS04650,SYNPCC7002_RS10870,0.0873732686035798
SYNPCC7002_RS06540,SYNPCC7002_RS11225,0.0873668267297014
SYNPCC7002_RS05135,SYNPCC7002_RS12445,0.0873602881624583
SYNPCC7002_RS11400,SYNPCC7002_RS01295,0.0873581345180589
SYNPCC7002_RS09820,SYNPCC7002_RS14715,0.0873565840136668
SYNPCC7002_RS01335,SYNPCC7002_RS15945,0.0873390440050843
SYNPCC7002_RS03760,SYNPCC7002_RS13390,0.0873379176288285
SYNPCC7002_RS06540,SYNPCC7002_RS07030,0.0873259078744765
SYNPCC7002_RS16320,SYNPCC7002_RS06455,0.0873212544623866
SYNPCC7002_RS11400,SYNPCC7002_RS10755,0.087315132762209
SYNPCC7002_RS09320,SYNPCC7002_RS10685,0.0873100060278056
SYNPCC7002_RS09260,SYNPCC7002_RS15465,0.087304392096437
SYNPCC7002_RS10050,SYNPCC7002_RS05210,0.0873041595055152
SYNPCC7002_RS01335,SYNPCC7002_RS08275,0.0872947312349233
SYNPCC7002_RS08965,SYNPCC7002_RS05745,0.0872945940478483
SYNPCC7002_RS03295,SYNPCC7002_RS06305,0.0872917802733406
SYNPCC7002_RS08210,SYNPCC7002_RS10620,0.0872893190119644
SYNPCC7002_RS04250,SYNPCC7002_RS10875,0.0872865170950189
SYNPCC7002_RS08965,SYNPCC7002_RS11670,0.0872861089351614
SYNPCC7002_RS14440,SYNPCC7002_RS14460,0.0872810906314951
SYNPCC7002_RS12105,SYNPCC7002_RS08360,0.0872798050902839
SYNPCC7002_RS11400,SYNPCC7002_RS03470,0.0872700011940405
SYNPCC7002_RS08965,SYNPCC7002_RS11220,0.087263912871042
SYNPCC7002_RS08390,SYNPCC7002_RS07435,0.0872562854339912
SYNPCC7002_RS09780,SYNPCC7002_RS07565,0.0872559049393724
SYNPCC7002_RS04780,SYNPCC7002_RS08150,0.0872438020882944
SYNPCC7002_RS04890,SYNPCC7002_RS10595,0.0872419560378247
SYNPCC7002_RS09995,SYNPCC7002_RS04025,0.0872411081408798
SYNPCC7002_RS09780,SYNPCC7002_RS12150,0.0872400392930609
SYNPCC7002_RS03030,SYNPCC7002_RS06225,0.0872361221185887
SYNPCC7002_RS04890,SYNPCC7002_RS03425,0.0872222635748252
SYNPCC7002_RS15030,SYNPCC7002_RS07175,0.0872221635059749
SYNPCC7002_RS06005,SYNPCC7002_RS07865,0.0871981962111519
SYNPCC7002_RS03030,SYNPCC7002_RS01480,0.0871977128198933
SYNPCC7002_RS05135,SYNPCC7002_RS12490,0.0871821508158835
SYNPCC7002_RS04250,SYNPCC7002_RS12005,0.0871778179001981
SYNPCC7002_RS12515,SYNPCC7002_RS15995,0.0871563091857618
SYNPCC7002_RS08965,SYNPCC7002_RS14185,0.0871499033945262
SYNPCC7002_RS08175,SYNPCC7002_RS16175,0.0871399520317251
SYNPCC7002_RS04680,SYNPCC7002_RS12825,0.087137499470965
SYNPCC7002_RS06150,SYNPCC7002_RS08495,0.0871370381122715
SYNPCC7002_RS10050,SYNPCC7002_RS06080,0.0871294923269973
SYNPCC7002_RS08210,SYNPCC7002_RS03590,0.0871274801954078
SYNPCC7002_RS04890,SYNPCC7002_RS13535,0.0871178648358555
SYNPCC7002_RS12395,SYNPCC7002_RS11000,0.0871087938038184
SYNPCC7002_RS01420,SYNPCC7002_RS06580,0.0871047480239188
SYNPCC7002_RS00690,SYNPCC7002_RS03040,0.0871046716900437
SYNPCC7002_RS15680,SYNPCC7002_RS05350,0.0871039330699693
SYNPCC7002_RS08965,SYNPCC7002_RS14045,0.0870849745855772
SYNPCC7002_RS04650,SYNPCC7002_RS04400,0.0870765530684011
SYNPCC7002_RS04250,SYNPCC7002_RS08545,0.0870658224199368
SYNPCC7002_RS01800,SYNPCC7002_RS06565,0.0870595830461527
SYNPCC7002_RS08945,SYNPCC7002_RS14010,0.0870562775001882
SYNPCC7002_RS10050,SYNPCC7002_RS02510,0.0870536632332071
SYNPCC7002_RS03030,SYNPCC7002_RS00060,0.0870479099141433
SYNPCC7002_RS12515,SYNPCC7002_RS13215,0.0870317234003155
SYNPCC7002_RS04890,SYNPCC7002_RS04065,0.0870139267284073
SYNPCC7002_RS09820,SYNPCC7002_RS00555,0.0870089509868424
SYNPCC7002_RS09780,SYNPCC7002_RS16265,0.0870036969903513
SYNPCC7002_RS15995,SYNPCC7002_RS15370,0.0870031800826598
SYNPCC7002_RS12515,SYNPCC7002_RS06515,0.0869837439842568
SYNPCC7002_RS00640,SYNPCC7002_RS13345,0.0869754848062095
SYNPCC7002_RS08965,SYNPCC7002_RS11970,0.0869727903155135
SYNPCC7002_RS03030,SYNPCC7002_RS04955,0.0869652399406905
SYNPCC7002_RS03030,SYNPCC7002_RS04695,0.0869622883803613
SYNPCC7002_RS15520,SYNPCC7002_RS03565,0.0869274488955874
SYNPCC7002_RS01420,SYNPCC7002_RS05955,0.0869232495719986
SYNPCC7002_RS09995,SYNPCC7002_RS14520,0.0869231732176835
SYNPCC7002_RS04650,SYNPCC7002_RS16975,0.0869202332025876
SYNPCC7002_RS04890,SYNPCC7002_RS06720,0.0869157066651267
SYNPCC7002_RS06150,SYNPCC7002_RS15850,0.0868927991748497
SYNPCC7002_RS10050,SYNPCC7002_RS14205,0.086885948559181
SYNPCC7002_RS01420,SYNPCC7002_RS07625,0.086879032248807
SYNPCC7002_RS03950,SYNPCC7002_RS11195,0.0868762304731755
SYNPCC7002_RS09780,SYNPCC7002_RS10035,0.0868748054076533
SYNPCC7002_RS06150,SYNPCC7002_RS14610,0.0868709370246783
SYNPCC7002_RS09320,SYNPCC7002_RS13675,0.0868697839099128
SYNPCC7002_RS01085,SYNPCC7002_RS07960,0.0868654530276858
SYNPCC7002_RS10050,SYNPCC7002_RS04120,0.0868610393042062
SYNPCC7002_RS00650,SYNPCC7002_RS07530,0.0868609902710353
SYNPCC7002_RS04680,SYNPCC7002_RS15190,0.0868601892757746
SYNPCC7002_RS12395,SYNPCC7002_RS07945,0.0868450191953595
SYNPCC7002_RS08945,SYNPCC7002_RS07195,0.0868415308361516
SYNPCC7002_RS00050,SYNPCC7002_RS13395,0.0868415040196304
SYNPCC7002_RS05135,SYNPCC7002_RS05195,0.0868186928216658
SYNPCC7002_RS10050,SYNPCC7002_RS16395,0.0868183327454557
SYNPCC7002_RS08965,SYNPCC7002_RS13070,0.0868072826832611
SYNPCC7002_RS12395,SYNPCC7002_RS14250,0.0868001269029419
SYNPCC7002_RS02715,SYNPCC7002_RS16420,0.0867926628449203
SYNPCC7002_RS00650,SYNPCC7002_RS05745,0.0867911437202204
SYNPCC7002_RS09820,SYNPCC7002_RS16455,0.0867902188495187
SYNPCC7002_RS00650,SYNPCC7002_RS11390,0.0867859156008852
SYNPCC7002_RS14790,SYNPCC7002_RS16160,0.0867807405192273
SYNPCC7002_RS02715,SYNPCC7002_RS09410,0.0867744866554976
SYNPCC7002_RS01420,SYNPCC7002_RS01785,0.0867533800073908
SYNPCC7002_RS04780,SYNPCC7002_RS06525,0.0867466590891301
SYNPCC7002_RS08210,SYNPCC7002_RS09550,0.0867320940908098
SYNPCC7002_RS08390,SYNPCC7002_RS06155,0.0867212312982611
SYNPCC7002_RS02715,SYNPCC7002_RS06010,0.0867049517025617
SYNPCC7002_RS03295,SYNPCC7002_RS06045,0.0866989037956412
SYNPCC7002_RS06150,SYNPCC7002_RS10510,0.0866922073272225
SYNPCC7002_RS04250,SYNPCC7002_RS05005,0.0866915185233041
SYNPCC7002_RS06540,SYNPCC7002_RS07250,0.0866789665790999
SYNPCC7002_RS00010,SYNPCC7002_RS01410,0.0866719619655485
SYNPCC7002_RS16320,SYNPCC7002_RS15655,0.0866679391625646
SYNPCC7002_RS05985,SYNPCC7002_RS04860,0.0866672051389455
SYNPCC7002_RS04780,SYNPCC7002_RS08675,0.0866662981865414
SYNPCC7002_RS02715,SYNPCC7002_RS08770,0.0866633265298589
SYNPCC7002_RS08965,SYNPCC7002_RS01385,0.086655797275171
SYNPCC7002_RS05985,SYNPCC7002_RS12105,0.0866549557994962
SYNPCC7002_RS09780,SYNPCC7002_RS15260,0.086648339333389
SYNPCC7002_RS05985,SYNPCC7002_RS01485,0.0866347763717143
SYNPCC7002_RS04250,SYNPCC7002_RS06050,0.0866283211196977
SYNPCC7002_RS04780,SYNPCC7002_RS15750,0.0866202490778381
SYNPCC7002_RS12515,SYNPCC7002_RS13280,0.0866024678071418
SYNPCC7002_RS12515,SYNPCC7002_RS08200,0.0865991503604073
SYNPCC7002_RS12090,SYNPCC7002_RS13105,0.0865867993928958
SYNPCC7002_RS09320,SYNPCC7002_RS02200,0.0865765703229098
SYNPCC7002_RS00010,SYNPCC7002_RS03815,0.0865714929460551
SYNPCC7002_RS04780,SYNPCC7002_RS14970,0.0865693273782569
SYNPCC7002_RS03950,SYNPCC7002_RS15845,0.0865691737403453
SYNPCC7002_RS07385,SYNPCC7002_RS08700,0.0865653353590002
SYNPCC7002_RS08390,SYNPCC7002_RS16540,0.0865464572545621
SYNPCC7002_RS04890,SYNPCC7002_RS16370,0.0865411255204104
SYNPCC7002_RS03950,SYNPCC7002_RS10195,0.0865367180401228
SYNPCC7002_RS10050,SYNPCC7002_RS11325,0.0865340184616547
SYNPCC7002_RS02715,SYNPCC7002_RS13050,0.0865313240540081
SYNPCC7002_RS10050,SYNPCC7002_RS07470,0.0865304200027571
SYNPCC7002_RS10050,SYNPCC7002_RS10040,0.0865176555582661
SYNPCC7002_RS03295,SYNPCC7002_RS14340,0.0865016623250133
SYNPCC7002_RS09630,SYNPCC7002_RS15850,0.0864995696533024
SYNPCC7002_RS00650,SYNPCC7002_RS09995,0.0864937656427208
SYNPCC7002_RS03760,SYNPCC7002_RS11080,0.0864928222993053
SYNPCC7002_RS00650,SYNPCC7002_RS02530,0.0864904387150282
SYNPCC7002_RS08210,SYNPCC7002_RS05575,0.0864821365833599
SYNPCC7002_RS11400,SYNPCC7002_RS11395,0.086481889810527
SYNPCC7002_RS15520,SYNPCC7002_RS10115,0.086471012014158
SYNPCC7002_RS05135,SYNPCC7002_RS14460,0.0864672316933531
SYNPCC7002_RS05135,SYNPCC7002_RS11350,0.0864578325685202
SYNPCC7002_RS09320,SYNPCC7002_RS11745,0.0864564920298046
SYNPCC7002_RS05135,SYNPCC7002_RS09095,0.0864407716024472
SYNPCC7002_RS05135,SYNPCC7002_RS05100,0.0864321134185209
SYNPCC7002_RS11400,SYNPCC7002_RS06415,0.086429300108037
SYNPCC7002_RS10525,SYNPCC7002_RS01100,0.0864184022730235
SYNPCC7002_RS01420,SYNPCC7002_RS11585,0.0864151997646507
SYNPCC7002_RS04890,SYNPCC7002_RS10965,0.0864146953355187
SYNPCC7002_RS12395,SYNPCC7002_RS13615,0.0864141315847664
SYNPCC7002_RS05985,SYNPCC7002_RS13255,0.0864018807040252
SYNPCC7002_RS04680,SYNPCC7002_RS05575,0.0863983769932363
SYNPCC7002_RS04890,SYNPCC7002_RS05130,0.0863983157509621
SYNPCC7002_RS04890,SYNPCC7002_RS01505,0.0863799026567768
SYNPCC7002_RS08255,SYNPCC7002_RS07055,0.0863780184797033
SYNPCC7002_RS00640,SYNPCC7002_RS05945,0.0863690172403842
SYNPCC7002_RS05135,SYNPCC7002_RS12670,0.086361965924852
SYNPCC7002_RS05460,SYNPCC7002_RS09005,0.0863616610508907
SYNPCC7002_RS02455,SYNPCC7002_RS12740,0.086347458539605
SYNPCC7002_RS09320,SYNPCC7002_RS03565,0.0863412673350399
SYNPCC7002_RS15520,SYNPCC7002_RS17180,0.086340634147041
SYNPCC7002_RS01335,SYNPCC7002_RS05885,0.0863340225105759
SYNPCC7002_RS04250,SYNPCC7002_RS13015,0.086321493619035
SYNPCC7002_RS09780,SYNPCC7002_RS04510,0.0863157369624957
SYNPCC7002_RS09320,SYNPCC7002_RS06870,0.0863000471583435
SYNPCC7002_RS05985,SYNPCC7002_RS14235,0.0862864941629031
SYNPCC7002_RS08390,SYNPCC7002_RS09315,0.0862790034682307
SYNPCC7002_RS04250,SYNPCC7002_RS04400,0.0862770872930992
SYNPCC7002_RS15520,SYNPCC7002_RS06725,0.0862764477361104
SYNPCC7002_RS09820,SYNPCC7002_RS10020,0.0862616336035942
SYNPCC7002_RS04650,SYNPCC7002_RS05705,0.0862562044917272
SYNPCC7002_RS08390,SYNPCC7002_RS00395,0.0862382714738431
SYNPCC7002_RS04890,SYNPCC7002_RS12690,0.0862356033161537
SYNPCC7002_RS11400,SYNPCC7002_RS00385,0.0862261041934981
SYNPCC7002_RS05135,SYNPCC7002_RS10920,0.0862004826565221
SYNPCC7002_RS15255,SYNPCC7002_RS09310,0.0861944277091531
SYNPCC7002_RS01335,SYNPCC7002_RS12040,0.0861858695079296
SYNPCC7002_RS09630,SYNPCC7002_RS02625,0.086173857619505
SYNPCC7002_RS09260,SYNPCC7002_RS12980,0.0861676615072906
SYNPCC7002_RS00050,SYNPCC7002_RS08605,0.0861544773004382
SYNPCC7002_RS03950,SYNPCC7002_RS06425,0.0861499070273834
SYNPCC7002_RS12515,SYNPCC7002_RS10035,0.0861436874113799
SYNPCC7002_RS12395,SYNPCC7002_RS12445,0.0861344913190045
SYNPCC7002_RS00650,SYNPCC7002_RS12115,0.0861323446269782
SYNPCC7002_RS09845,SYNPCC7002_RS09500,0.086128512876556
SYNPCC7002_RS04650,SYNPCC7002_RS05395,0.0861016547556078
SYNPCC7002_RS09780,SYNPCC7002_RS14255,0.0860929113007967
SYNPCC7002_RS08255,SYNPCC7002_RS02160,0.0860895293752898
SYNPCC7002_RS14790,SYNPCC7002_RS14785,0.0860830037271129
SYNPCC7002_RS10050,SYNPCC7002_RS09575,0.0860790572564844
SYNPCC7002_RS04250,SYNPCC7002_RS14295,0.0860784344877677
SYNPCC7002_RS04680,SYNPCC7002_RS15780,0.0860780440499807
SYNPCC7002_RS07295,SYNPCC7002_RS07300,0.0860762928065081
SYNPCC7002_RS00690,SYNPCC7002_RS00195,0.0860755772390109
SYNPCC7002_RS00010,SYNPCC7002_RS17150,0.0860697528551212
SYNPCC7002_RS03760,SYNPCC7002_RS12240,0.0860660748471467
SYNPCC7002_RS11685,SYNPCC7002_RS01785,0.086065229605837
SYNPCC7002_RS12395,SYNPCC7002_RS07770,0.0860590767674563
SYNPCC7002_RS04250,SYNPCC7002_RS07085,0.0860466173779631
SYNPCC7002_RS05135,SYNPCC7002_RS01515,0.0860408716696873
SYNPCC7002_RS08255,SYNPCC7002_RS05480,0.0860340195385226
SYNPCC7002_RS06005,SYNPCC7002_RS11755,0.0860214229159746
SYNPCC7002_RS08965,SYNPCC7002_RS06290,0.0860129391226065
SYNPCC7002_RS12395,SYNPCC7002_RS12490,0.0860129182229264
SYNPCC7002_RS04650,SYNPCC7002_RS12730,0.0860115640511714
SYNPCC7002_RS04890,SYNPCC7002_RS06585,0.0860083073191604
SYNPCC7002_RS12395,SYNPCC7002_RS02425,0.0860028489022409
SYNPCC7002_RS01335,SYNPCC7002_RS12880,0.085999435540839
SYNPCC7002_RS16320,SYNPCC7002_RS03150,0.085993438213056
SYNPCC7002_RS08175,SYNPCC7002_RS05905,0.0859909031277577
SYNPCC7002_RS08965,SYNPCC7002_RS10485,0.0859769663681937
SYNPCC7002_RS05135,SYNPCC7002_RS16510,0.0859767203342622
SYNPCC7002_RS15255,SYNPCC7002_RS05670,0.0859762965981496
SYNPCC7002_RS12395,SYNPCC7002_RS05955,0.0859634197439046
SYNPCC7002_RS08390,SYNPCC7002_RS01410,0.0859585764234496
SYNPCC7002_RS11400,SYNPCC7002_RS06705,0.0859565746440081
SYNPCC7002_RS09780,SYNPCC7002_RS15050,0.0859455779779411
SYNPCC7002_RS12090,SYNPCC7002_RS02775,0.0859415446129912
SYNPCC7002_RS09780,SYNPCC7002_RS05910,0.0859376679059778
SYNPCC7002_RS11400,SYNPCC7002_RS09675,0.0859203642498995
SYNPCC7002_RS10050,SYNPCC7002_RS11955,0.0859052518850979
SYNPCC7002_RS04780,SYNPCC7002_RS07990,0.085900529885991
SYNPCC7002_RS09175,SYNPCC7002_RS15495,0.0858987486421509
SYNPCC7002_RS14440,SYNPCC7002_RS14415,0.0858906403356494
SYNPCC7002_RS12515,SYNPCC7002_RS00150,0.0858870033842196
SYNPCC7002_RS04890,SYNPCC7002_RS07650,0.085851041018046
SYNPCC7002_RS09995,SYNPCC7002_RS01385,0.0858493282847505
SYNPCC7002_RS02715,SYNPCC7002_RS10930,0.0858491719948481
SYNPCC7002_RS08390,SYNPCC7002_RS08100,0.0858469185186579
SYNPCC7002_RS15410,SYNPCC7002_RS07855,0.0858454094974858
SYNPCC7002_RS04890,SYNPCC7002_RS08305,0.0858328200280837
SYNPCC7002_RS08965,SYNPCC7002_RS12625,0.0858294286010744
SYNPCC7002_RS02455,SYNPCC7002_RS10430,0.085815290003719
SYNPCC7002_RS01420,SYNPCC7002_RS03230,0.0858130648967306
SYNPCC7002_RS05135,SYNPCC7002_RS06585,0.0858119235729777
SYNPCC7002_RS14790,SYNPCC7002_RS13925,0.0858112890321935
SYNPCC7002_RS10050,SYNPCC7002_RS07340,0.0858089230675513
SYNPCC7002_RS02715,SYNPCC7002_RS13885,0.0858075672923963
SYNPCC7002_RS04250,SYNPCC7002_RS10895,0.0857920675841255
SYNPCC7002_RS04780,SYNPCC7002_RS10960,0.0857888895658734
SYNPCC7002_RS04680,SYNPCC7002_RS06880,0.0857808096188204
SYNPCC7002_RS07385,SYNPCC7002_RS10645,0.0857651318565428
SYNPCC7002_RS08945,SYNPCC7002_RS06245,0.0857557671055144
SYNPCC7002_RS03760,SYNPCC7002_RS02220,0.0857171376025137
SYNPCC7002_RS08390,SYNPCC7002_RS08570,0.0856989865534219
SYNPCC7002_RS05135,SYNPCC7002_RS05205,0.0856970183461681
SYNPCC7002_RS08175,SYNPCC7002_RS10760,0.0856916220790885
SYNPCC7002_RS11685,SYNPCC7002_RS05705,0.0856729191502997
SYNPCC7002_RS08860,SYNPCC7002_RS03925,0.08567042319919
SYNPCC7002_RS05460,SYNPCC7002_RS00580,0.0856600669050351
SYNPCC7002_RS03950,SYNPCC7002_RS08450,0.0856570414195705
SYNPCC7002_RS07385,SYNPCC7002_RS02875,0.085648705793544
SYNPCC7002_RS09780,SYNPCC7002_RS11355,0.0856362019460723
SYNPCC7002_RS03760,SYNPCC7002_RS11245,0.0856354125301748
SYNPCC7002_RS04680,SYNPCC7002_RS05455,0.0856251559536745
SYNPCC7002_RS09780,SYNPCC7002_RS16995,0.0856239433749423
SYNPCC7002_RS05135,SYNPCC7002_RS00585,0.0856229184955343
SYNPCC7002_RS04250,SYNPCC7002_RS04585,0.0856225708435534
SYNPCC7002_RS04890,SYNPCC7002_RS05110,0.0856166832974967
SYNPCC7002_RS05135,SYNPCC7002_RS11100,0.085610442532104
SYNPCC7002_RS01335,SYNPCC7002_RS09850,0.085608576392236
SYNPCC7002_RS09820,SYNPCC7002_RS13190,0.0856025157818072
SYNPCC7002_RS11685,SYNPCC7002_RS05600,0.085595228901541
SYNPCC7002_RS05135,SYNPCC7002_RS16815,0.0855926977367427
SYNPCC7002_RS15520,SYNPCC7002_RS01460,0.08559002033315
SYNPCC7002_RS15520,SYNPCC7002_RS13845,0.0855894685302567
SYNPCC7002_RS12515,SYNPCC7002_RS14760,0.0855821337528355
SYNPCC7002_RS05985,SYNPCC7002_RS04395,0.0855804240732863
SYNPCC7002_RS05135,SYNPCC7002_RS07685,0.0855711959310929
SYNPCC7002_RS00640,SYNPCC7002_RS16240,0.0855704055596466
SYNPCC7002_RS04890,SYNPCC7002_RS08475,0.0855672076178822
SYNPCC7002_RS01335,SYNPCC7002_RS03500,0.0855619350128408
SYNPCC7002_RS08860,SYNPCC7002_RS09385,0.0855545573115814
SYNPCC7002_RS07295,SYNPCC7002_RS12920,0.0855487116390705
SYNPCC7002_RS04680,SYNPCC7002_RS15185,0.0855396010742337
SYNPCC7002_RS15520,SYNPCC7002_RS14050,0.085537272558174
SYNPCC7002_RS02715,SYNPCC7002_RS08370,0.0855319815466592
SYNPCC7002_RS09845,SYNPCC7002_RS07025,0.0855310291521321
SYNPCC7002_RS05460,SYNPCC7002_RS15245,0.0855290463713186
SYNPCC7002_RS02715,SYNPCC7002_RS09180,0.0855059473219993
SYNPCC7002_RS08210,SYNPCC7002_RS01600,0.0855025945729345
SYNPCC7002_RS04250,SYNPCC7002_RS03580,0.0854898580630239
SYNPCC7002_RS16320,SYNPCC7002_RS14440,0.0854764539120062
SYNPCC7002_RS09780,SYNPCC7002_RS15110,0.0854661687925923
SYNPCC7002_RS01420,SYNPCC7002_RS07140,0.0854646396947831
SYNPCC7002_RS02455,SYNPCC7002_RS01605,0.0854603490381925
SYNPCC7002_RS08965,SYNPCC7002_RS10730,0.0854550454638185
SYNPCC7002_RS09820,SYNPCC7002_RS11415,0.0854518429944815
SYNPCC7002_RS03030,SYNPCC7002_RS03855,0.0854512639966962
SYNPCC7002_RS10050,SYNPCC7002_RS07780,0.0854244755491852
SYNPCC7002_RS01335,SYNPCC7002_RS13155,0.0854160187726074
SYNPCC7002_RS09845,SYNPCC7002_RS11495,0.0854011854322609
SYNPCC7002_RS10050,SYNPCC7002_RS16575,0.085366957544383
SYNPCC7002_RS09175,SYNPCC7002_RS07390,0.0853543984881409
SYNPCC7002_RS00050,SYNPCC7002_RS03790,0.0853541084901592
SYNPCC7002_RS06540,SYNPCC7002_RS01615,0.0853415970067091
SYNPCC7002_RS01420,SYNPCC7002_RS01545,0.0853399344812279
SYNPCC7002_RS04250,SYNPCC7002_RS09275,0.0853337645977283
SYNPCC7002_RS09260,SYNPCC7002_RS00015,0.0853326141562915
SYNPCC7002_RS14385,SYNPCC7002_RS16505,0.0853293121727763
SYNPCC7002_RS12515,SYNPCC7002_RS06485,0.0853194691606289
SYNPCC7002_RS09820,SYNPCC7002_RS14855,0.0853106173149736
SYNPCC7002_RS05460,SYNPCC7002_RS12310,0.0852959385638554
SYNPCC7002_RS08965,SYNPCC7002_RS01035,0.0852788371722172
SYNPCC7002_RS15520,SYNPCC7002_RS08495,0.0852763141170306
SYNPCC7002_RS00640,SYNPCC7002_RS03620,0.0852749538134687
SYNPCC7002_RS08965,SYNPCC7002_RS02595,0.0852743297986559
SYNPCC7002_RS09320,SYNPCC7002_RS09595,0.0852736781602663
SYNPCC7002_RS11685,SYNPCC7002_RS02090,0.0852682088306716
SYNPCC7002_RS15520,SYNPCC7002_RS10620,0.0852483471687022
SYNPCC7002_RS03030,SYNPCC7002_RS16190,0.0852345470896357
SYNPCC7002_RS04890,SYNPCC7002_RS07585,0.0852303292591182
SYNPCC7002_RS09630,SYNPCC7002_RS05670,0.0852181087717874
SYNPCC7002_RS03030,SYNPCC7002_RS09230,0.0852175882831896
SYNPCC7002_RS15255,SYNPCC7002_RS05675,0.0852105934407139
SYNPCC7002_RS10145,SYNPCC7002_RS06355,0.0852086410285665
SYNPCC7002_RS10525,SYNPCC7002_RS02240,0.0852063432815744
SYNPCC7002_RS09820,SYNPCC7002_RS00830,0.0851989635418785
SYNPCC7002_RS09820,SYNPCC7002_RS15075,0.0851906865720146
SYNPCC7002_RS10050,SYNPCC7002_RS09795,0.0851748297001442
SYNPCC7002_RS15520,SYNPCC7002_RS16095,0.0851697654059868
SYNPCC7002_RS04650,SYNPCC7002_RS00345,0.08516504588301
SYNPCC7002_RS09780,SYNPCC7002_RS16605,0.0851632307552662
SYNPCC7002_RS02715,SYNPCC7002_RS06430,0.0851605601687175
SYNPCC7002_RS04650,SYNPCC7002_RS09460,0.085160418962973
SYNPCC7002_RS15680,SYNPCC7002_RS06610,0.0851428392053686
SYNPCC7002_RS03030,SYNPCC7002_RS06300,0.0851415851001937
SYNPCC7002_RS13450,SYNPCC7002_RS01920,0.0851389448391604
SYNPCC7002_RS05985,SYNPCC7002_RS13125,0.0851377366030882
SYNPCC7002_RS15030,SYNPCC7002_RS11050,0.0851353445545087
SYNPCC7002_RS04890,SYNPCC7002_RS07590,0.0851332909090568
SYNPCC7002_RS08255,SYNPCC7002_RS10935,0.0851280048231895
SYNPCC7002_RS09320,SYNPCC7002_RS08745,0.0851277683218739
SYNPCC7002_RS09630,SYNPCC7002_RS06610,0.0851170892860563
SYNPCC7002_RS04890,SYNPCC7002_RS12555,0.0851072652927476
SYNPCC7002_RS12395,SYNPCC7002_RS04840,0.0851040667695535
SYNPCC7002_RS04780,SYNPCC7002_RS03840,0.0850944157552029
SYNPCC7002_RS00260,SYNPCC7002_RS02670,0.0850890662431375
SYNPCC7002_RS04250,SYNPCC7002_RS05475,0.0850880663768699
SYNPCC7002_RS04890,SYNPCC7002_RS09860,0.08508315570944
SYNPCC7002_RS04250,SYNPCC7002_RS09970,0.0850818545438166
SYNPCC7002_RS05135,SYNPCC7002_RS14025,0.0850759584597377
SYNPCC7002_RS02455,SYNPCC7002_RS16015,0.085062470488929
SYNPCC7002_RS04890,SYNPCC7002_RS09130,0.0850562696566706
SYNPCC7002_RS15680,SYNPCC7002_RS10560,0.0850476822876823
SYNPCC7002_RS16320,SYNPCC7002_RS08450,0.0850476640012778
SYNPCC7002_RS10050,SYNPCC7002_RS10230,0.0850469335634191
SYNPCC7002_RS01800,SYNPCC7002_RS03000,0.0850309685572922
SYNPCC7002_RS00260,SYNPCC7002_RS08195,0.0850260048638752
SYNPCC7002_RS04780,SYNPCC7002_RS15915,0.0850199758563759
SYNPCC7002_RS08390,SYNPCC7002_RS03695,0.0850154981292275
SYNPCC7002_RS08965,SYNPCC7002_RS08950,0.0850151047266372
SYNPCC7002_RS01335,SYNPCC7002_RS15280,0.0850125983119286
SYNPCC7002_RS09995,SYNPCC7002_RS00145,0.0850047517246829
SYNPCC7002_RS04780,SYNPCC7002_RS06895,0.0850039568804366
SYNPCC7002_RS09320,SYNPCC7002_RS08965,0.0850021331034831
SYNPCC7002_RS07385,SYNPCC7002_RS04750,0.0849873526654128
SYNPCC7002_RS02455,SYNPCC7002_RS15915,0.0849865983430895
SYNPCC7002_RS08860,SYNPCC7002_RS09835,0.0849840206364526
SYNPCC7002_RS00650,SYNPCC7002_RS11280,0.0849809896773461
SYNPCC7002_RS04250,SYNPCC7002_RS08400,0.0849771268333357
SYNPCC7002_RS10050,SYNPCC7002_RS05265,0.084971770018222
SYNPCC7002_RS04250,SYNPCC7002_RS03790,0.0849714860484573
SYNPCC7002_RS09780,SYNPCC7002_RS02055,0.0849693076110438
SYNPCC7002_RS01420,SYNPCC7002_RS05240,0.0849673903348046
SYNPCC7002_RS08390,SYNPCC7002_RS16325,0.0849669412650488
SYNPCC7002_RS04780,SYNPCC7002_RS11135,0.0849649442582384
SYNPCC7002_RS14790,SYNPCC7002_RS11705,0.0849595963708458
SYNPCC7002_RS09260,SYNPCC7002_RS14705,0.0849591439795756
SYNPCC7002_RS04650,SYNPCC7002_RS06675,0.0849566800254053
SYNPCC7002_RS02715,SYNPCC7002_RS13300,0.0849555715685092
SYNPCC7002_RS00050,SYNPCC7002_RS13650,0.0849524897599026
SYNPCC7002_RS12395,SYNPCC7002_RS10980,0.084951356294901
SYNPCC7002_RS05135,SYNPCC7002_RS09430,0.0849482096935876
SYNPCC7002_RS01085,SYNPCC7002_RS13450,0.0849476236953097
SYNPCC7002_RS11685,SYNPCC7002_RS04650,0.084945053337742
SYNPCC7002_RS05135,SYNPCC7002_RS03520,0.0849431185660205
SYNPCC7002_RS15255,SYNPCC7002_RS14435,0.0849410545900541
SYNPCC7002_RS08175,SYNPCC7002_RS08215,0.0849350578335247
SYNPCC7002_RS04780,SYNPCC7002_RS07335,0.0849273885353656
SYNPCC7002_RS02715,SYNPCC7002_RS14865,0.0849200789795286
SYNPCC7002_RS13450,SYNPCC7002_RS00805,0.084919130888873
SYNPCC7002_RS05135,SYNPCC7002_RS17245,0.0849186599429274
SYNPCC7002_RS04250,SYNPCC7002_RS17215,0.0849143702725836
SYNPCC7002_RS03760,SYNPCC7002_RS00170,0.0849107540609921
SYNPCC7002_RS00010,SYNPCC7002_RS00570,0.0849085982591001
SYNPCC7002_RS04250,SYNPCC7002_RS11455,0.0849020699611241
SYNPCC7002_RS07385,SYNPCC7002_RS05545,0.084897378690679
SYNPCC7002_RS05985,SYNPCC7002_RS12845,0.0848945146053813
SYNPCC7002_RS14790,SYNPCC7002_RS05565,0.0848812945573136
SYNPCC7002_RS04890,SYNPCC7002_RS04640,0.0848764976725243
SYNPCC7002_RS05985,SYNPCC7002_RS06885,0.0848672910241583
SYNPCC7002_RS10050,SYNPCC7002_RS09410,0.0848662925188087
SYNPCC7002_RS00690,SYNPCC7002_RS13580,0.0848659484091121
SYNPCC7002_RS05985,SYNPCC7002_RS10445,0.0848651646010721
SYNPCC7002_RS04650,SYNPCC7002_RS05385,0.084864799402932
SYNPCC7002_RS04250,SYNPCC7002_RS12585,0.0848627295205509
SYNPCC7002_RS06005,SYNPCC7002_RS04605,0.0848522753910924
SYNPCC7002_RS08965,SYNPCC7002_RS13375,0.0848469696072173
SYNPCC7002_RS09780,SYNPCC7002_RS13090,0.0848447000696711
SYNPCC7002_RS04680,SYNPCC7002_RS14275,0.0848401869463693
SYNPCC7002_RS12395,SYNPCC7002_RS09870,0.0848399079225249
SYNPCC7002_RS00050,SYNPCC7002_RS06230,0.0848169699478536
SYNPCC7002_RS03030,SYNPCC7002_RS03805,0.0848103980574101
SYNPCC7002_RS00050,SYNPCC7002_RS04270,0.0848096789163434
SYNPCC7002_RS07385,SYNPCC7002_RS08095,0.0848066502104197
SYNPCC7002_RS01335,SYNPCC7002_RS05415,0.0848029983215491
SYNPCC7002_RS12395,SYNPCC7002_RS08010,0.0847973646861635
SYNPCC7002_RS08390,SYNPCC7002_RS02285,0.0847967055761952
SYNPCC7002_RS04890,SYNPCC7002_RS02090,0.084789159670781
SYNPCC7002_RS00640,SYNPCC7002_RS15180,0.0847858309429966
SYNPCC7002_RS03030,SYNPCC7002_RS00225,0.0847800228726718
SYNPCC7002_RS12395,SYNPCC7002_RS05130,0.0847765468646758
SYNPCC7002_RS12090,SYNPCC7002_RS03970,0.0847726959718907
SYNPCC7002_RS07385,SYNPCC7002_RS00220,0.0847689156507384
SYNPCC7002_RS12395,SYNPCC7002_RS11530,0.0847637301535584
SYNPCC7002_RS04780,SYNPCC7002_RS00210,0.0847619281177907
SYNPCC7002_RS01800,SYNPCC7002_RS12295,0.0847609119661289
SYNPCC7002_RS12515,SYNPCC7002_RS08490,0.0847580657860076
SYNPCC7002_RS07385,SYNPCC7002_RS11400,0.0847535977543251
SYNPCC7002_RS10050,SYNPCC7002_RS13820,0.0847508229536549
SYNPCC7002_RS15410,SYNPCC7002_RS01085,0.084749895166074
SYNPCC7002_RS01800,SYNPCC7002_RS02385,0.0847415355323111
SYNPCC7002_RS12515,SYNPCC7002_RS13270,0.0847136171685212
SYNPCC7002_RS15520,SYNPCC7002_RS14765,0.0847131778574101
SYNPCC7002_RS06005,SYNPCC7002_RS00920,0.084707298741905
SYNPCC7002_RS12395,SYNPCC7002_RS03275,0.0847005985115128
SYNPCC7002_RS07385,SYNPCC7002_RS12740,0.0847002333374319
SYNPCC7002_RS05135,SYNPCC7002_RS05970,0.0846851088392905
SYNPCC7002_RS01335,SYNPCC7002_RS10655,0.0846805829841352
SYNPCC7002_RS15680,SYNPCC7002_RS10715,0.0846708968427674
SYNPCC7002_RS03760,SYNPCC7002_RS09880,0.0846690250428232
SYNPCC7002_RS14790,SYNPCC7002_RS08500,0.0846685658839079
SYNPCC7002_RS09995,SYNPCC7002_RS10615,0.0846613177525783
SYNPCC7002_RS04780,SYNPCC7002_RS05860,0.0846557908011902
SYNPCC7002_RS04780,SYNPCC7002_RS12515,0.0846528803007622
SYNPCC7002_RS13450,SYNPCC7002_RS10260,0.0846438187991798
SYNPCC7002_RS08255,SYNPCC7002_RS01075,0.0846413884046419
SYNPCC7002_RS03030,SYNPCC7002_RS03570,0.0846344373341318
SYNPCC7002_RS09820,SYNPCC7002_RS09805,0.0846328771663934
SYNPCC7002_RS03030,SYNPCC7002_RS15450,0.0846225683068102
SYNPCC7002_RS06005,SYNPCC7002_RS07400,0.0846193365778674
SYNPCC7002_RS15520,SYNPCC7002_RS07080,0.0846116533267054
SYNPCC7002_RS01420,SYNPCC7002_RS02870,0.0846091784566308
SYNPCC7002_RS09780,SYNPCC7002_RS11070,0.0846054400460771
SYNPCC7002_RS08965,SYNPCC7002_RS08690,0.0845967208471132
SYNPCC7002_RS12515,SYNPCC7002_RS12765,0.084580385866078
SYNPCC7002_RS05460,SYNPCC7002_RS05665,0.0845791380268176
SYNPCC7002_RS04250,SYNPCC7002_RS05405,0.0845740943877091
SYNPCC7002_RS05135,SYNPCC7002_RS14035,0.0845711926834772
SYNPCC7002_RS15520,SYNPCC7002_RS06770,0.0845650490495236
SYNPCC7002_RS04890,SYNPCC7002_RS00265,0.0845606027320781
SYNPCC7002_RS01800,SYNPCC7002_RS11870,0.0845565150112944
SYNPCC7002_RS04780,SYNPCC7002_RS03310,0.0845496370235679
SYNPCC7002_RS15255,SYNPCC7002_RS11985,0.0845422169490175
SYNPCC7002_RS09995,SYNPCC7002_RS07210,0.0845372212185709
SYNPCC7002_RS09780,SYNPCC7002_RS04175,0.0845360987851645
SYNPCC7002_RS03760,SYNPCC7002_RS07075,0.0845270918579902
SYNPCC7002_RS12395,SYNPCC7002_RS03060,0.0845165814244218
SYNPCC7002_RS06540,SYNPCC7002_RS14170,0.0845156064248437
SYNPCC7002_RS10050,SYNPCC7002_RS03685,0.0845155813584888
SYNPCC7002_RS01800,SYNPCC7002_RS13230,0.0845108865110625
SYNPCC7002_RS10050,SYNPCC7002_RS08995,0.0845102014355562
SYNPCC7002_RS04680,SYNPCC7002_RS14130,0.0845099454036113
SYNPCC7002_RS04650,SYNPCC7002_RS13015,0.0845052330704579
SYNPCC7002_RS08965,SYNPCC7002_RS09325,0.0844976474809438
SYNPCC7002_RS09820,SYNPCC7002_RS16600,0.0844963506958448
SYNPCC7002_RS01085,SYNPCC7002_RS07165,0.0844849541534349
SYNPCC7002_RS09820,SYNPCC7002_RS01675,0.0844847900724787
SYNPCC7002_RS09320,SYNPCC7002_RS00635,0.0844826386326597
SYNPCC7002_RS15520,SYNPCC7002_RS06405,0.084477522242605
SYNPCC7002_RS02715,SYNPCC7002_RS07775,0.0844763899415283
SYNPCC7002_RS01420,SYNPCC7002_RS08475,0.0844755210205355
SYNPCC7002_RS08175,SYNPCC7002_RS16165,0.0844549730217327
SYNPCC7002_RS14790,SYNPCC7002_RS10640,0.0844541085242925
SYNPCC7002_RS08945,SYNPCC7002_RS14680,0.0844473215209778
SYNPCC7002_RS01420,SYNPCC7002_RS01925,0.0844465895064026
SYNPCC7002_RS05135,SYNPCC7002_RS06080,0.0844444566373353
SYNPCC7002_RS08390,SYNPCC7002_RS05650,0.0844364289076709
SYNPCC7002_RS01420,SYNPCC7002_RS11140,0.0844274241725746
SYNPCC7002_RS15520,SYNPCC7002_RS01715,0.084418245252373
SYNPCC7002_RS05135,SYNPCC7002_RS01140,0.0844034866804691
SYNPCC7002_RS08390,SYNPCC7002_RS11795,0.0843925161407955
SYNPCC7002_RS05985,SYNPCC7002_RS04850,0.0843850878688353
SYNPCC7002_RS05135,SYNPCC7002_RS09575,0.0843848543174825
SYNPCC7002_RS09630,SYNPCC7002_RS05675,0.0843839963889413
SYNPCC7002_RS10050,SYNPCC7002_RS00270,0.0843733647935905
SYNPCC7002_RS15680,SYNPCC7002_RS15975,0.0843697024021366
SYNPCC7002_RS03030,SYNPCC7002_RS02920,0.0843597481267633
SYNPCC7002_RS04890,SYNPCC7002_RS09895,0.0843558606030832
SYNPCC7002_RS10050,SYNPCC7002_RS07675,0.0843408601446141
SYNPCC7002_RS15995,SYNPCC7002_RS05615,0.0843398744200472
SYNPCC7002_RS08210,SYNPCC7002_RS01260,0.0843377248082659
SYNPCC7002_RS01335,SYNPCC7002_RS07405,0.0843330071395305
SYNPCC7002_RS08965,SYNPCC7002_RS02115,0.0843303050026031
SYNPCC7002_RS00640,SYNPCC7002_RS10930,0.084330002076576
SYNPCC7002_RS10050,SYNPCC7002_RS01505,0.0843273304029443
SYNPCC7002_RS12105,SYNPCC7002_RS05045,0.0843238997923511
SYNPCC7002_RS16320,SYNPCC7002_RS07190,0.0843179287231983
SYNPCC7002_RS08965,SYNPCC7002_RS11290,0.0842829389880818
SYNPCC7002_RS08965,SYNPCC7002_RS02525,0.0842696182235119
SYNPCC7002_RS05460,SYNPCC7002_RS09100,0.0842640152823762
SYNPCC7002_RS15255,SYNPCC7002_RS01775,0.0842609937337999
SYNPCC7002_RS05985,SYNPCC7002_RS08230,0.0842605086075527
SYNPCC7002_RS04250,SYNPCC7002_RS11350,0.0842532830278842
SYNPCC7002_RS00650,SYNPCC7002_RS04515,0.0842456406908871
SYNPCC7002_RS12515,SYNPCC7002_RS07520,0.0842376366309469
SYNPCC7002_RS03030,SYNPCC7002_RS11680,0.0842342115507294
SYNPCC7002_RS08210,SYNPCC7002_RS02620,0.0842284065272457
SYNPCC7002_RS05985,SYNPCC7002_RS05760,0.084225205781462
SYNPCC7002_RS02455,SYNPCC7002_RS10750,0.0842225606276809
SYNPCC7002_RS09320,SYNPCC7002_RS11545,0.0842047085388903
SYNPCC7002_RS08210,SYNPCC7002_RS12745,0.0842008828075449
SYNPCC7002_RS03030,SYNPCC7002_RS03375,0.0841833103480762
SYNPCC7002_RS02715,SYNPCC7002_RS03675,0.0841765260896284
SYNPCC7002_RS04680,SYNPCC7002_RS06795,0.0841757333333955
SYNPCC7002_RS07385,SYNPCC7002_RS09835,0.0841745298735765
SYNPCC7002_RS08965,SYNPCC7002_RS04025,0.0841642618317202
SYNPCC7002_RS09820,SYNPCC7002_RS05030,0.0841586149989295
SYNPCC7002_RS08210,SYNPCC7002_RS06880,0.084158599271536
SYNPCC7002_RS09820,SYNPCC7002_RS12935,0.0841560062970158
SYNPCC7002_RS12395,SYNPCC7002_RS04095,0.0841550492526623
SYNPCC7002_RS08480,SYNPCC7002_RS16380,0.0841469856841124
SYNPCC7002_RS08965,SYNPCC7002_RS08540,0.0841441151872938
SYNPCC7002_RS08390,SYNPCC7002_RS07220,0.0841244847603936
SYNPCC7002_RS06150,SYNPCC7002_RS14570,0.0841204280577377
SYNPCC7002_RS09995,SYNPCC7002_RS03755,0.0841125633930757
SYNPCC7002_RS04250,SYNPCC7002_RS13400,0.0841039490287001
SYNPCC7002_RS01335,SYNPCC7002_RS12470,0.0840977738523662
SYNPCC7002_RS05135,SYNPCC7002_RS03055,0.0840866615713838
SYNPCC7002_RS16320,SYNPCC7002_RS15720,0.084080402469339
SYNPCC7002_RS08390,SYNPCC7002_RS09685,0.0840753186741726
SYNPCC7002_RS04650,SYNPCC7002_RS00840,0.084073979754146
SYNPCC7002_RS02715,SYNPCC7002_RS17030,0.0840683564200919
SYNPCC7002_RS10050,SYNPCC7002_RS03665,0.0840668247301511
SYNPCC7002_RS04890,SYNPCC7002_RS03275,0.0840629652247185
SYNPCC7002_RS09845,SYNPCC7002_RS06105,0.084061676110416
SYNPCC7002_RS09820,SYNPCC7002_RS09005,0.0840600845643965
SYNPCC7002_RS12395,SYNPCC7002_RS06350,0.0840561054939592
SYNPCC7002_RS05135,SYNPCC7002_RS01980,0.0840522135764886
SYNPCC7002_RS00650,SYNPCC7002_RS02365,0.0840354648939404
SYNPCC7002_RS08965,SYNPCC7002_RS02485,0.0840351459678432
SYNPCC7002_RS09995,SYNPCC7002_RS09730,0.0840296072016215
SYNPCC7002_RS08210,SYNPCC7002_RS12030,0.0840249360151618
SYNPCC7002_RS09780,SYNPCC7002_RS14240,0.0840143962037155
SYNPCC7002_RS14440,SYNPCC7002_RS16305,0.0840066679940526
SYNPCC7002_RS15520,SYNPCC7002_RS15385,0.0840065934672388
SYNPCC7002_RS08390,SYNPCC7002_RS01020,0.0839858101262691
SYNPCC7002_RS05135,SYNPCC7002_RS07605,0.0839803462159179
SYNPCC7002_RS08390,SYNPCC7002_RS09070,0.0839785227225014
SYNPCC7002_RS04780,SYNPCC7002_RS01615,0.083973894798995
SYNPCC7002_RS04250,SYNPCC7002_RS16260,0.0839707678319156
SYNPCC7002_RS04250,SYNPCC7002_RS16625,0.0839586149689205
SYNPCC7002_RS16320,SYNPCC7002_RS15650,0.0839510409707584
SYNPCC7002_RS04780,SYNPCC7002_RS09290,0.0839391316166907
SYNPCC7002_RS09630,SYNPCC7002_RS15560,0.0839322330855527
SYNPCC7002_RS15030,SYNPCC7002_RS16780,0.0839319812299126
SYNPCC7002_RS04680,SYNPCC7002_RS08510,0.0839171039312522
SYNPCC7002_RS12395,SYNPCC7002_RS03090,0.0839125562948577
SYNPCC7002_RS08860,SYNPCC7002_RS06700,0.0839004976919652
SYNPCC7002_RS09820,SYNPCC7002_RS05460,0.0838920070293577
SYNPCC7002_RS09320,SYNPCC7002_RS11975,0.0838880733660444
SYNPCC7002_RS10050,SYNPCC7002_RS07465,0.0838855098638187
SYNPCC7002_RS15255,SYNPCC7002_RS16655,0.0838763377762397
SYNPCC7002_RS08255,SYNPCC7002_RS10175,0.083864201695483
SYNPCC7002_RS09175,SYNPCC7002_RS11915,0.0838641165716776
SYNPCC7002_RS09630,SYNPCC7002_RS00975,0.0838634692193223
SYNPCC7002_RS09845,SYNPCC7002_RS13795,0.0838593680930785
SYNPCC7002_RS09995,SYNPCC7002_RS12590,0.0838582953160914
SYNPCC7002_RS08965,SYNPCC7002_RS08655,0.0838562551886416
SYNPCC7002_RS09320,SYNPCC7002_RS13645,0.0838445898479272
SYNPCC7002_RS02455,SYNPCC7002_RS01670,0.0838418195635572
SYNPCC7002_RS06540,SYNPCC7002_RS02480,0.0838395210385548
SYNPCC7002_RS10050,SYNPCC7002_RS14860,0.0838353989139677
SYNPCC7002_RS05460,SYNPCC7002_RS09410,0.0838340896666085
SYNPCC7002_RS15680,SYNPCC7002_RS03160,0.0838305690825897
SYNPCC7002_RS08255,SYNPCC7002_RS10320,0.0838194110298254
SYNPCC7002_RS08965,SYNPCC7002_RS05490,0.0838154638642828
SYNPCC7002_RS09780,SYNPCC7002_RS14295,0.0838150616314988
SYNPCC7002_RS11400,SYNPCC7002_RS02115,0.0838048620511878
SYNPCC7002_RS04250,SYNPCC7002_RS13395,0.0837867835758659
SYNPCC7002_RS00640,SYNPCC7002_RS10195,0.0837802241529599
SYNPCC7002_RS09420,SYNPCC7002_RS14325,0.0837611370037564
SYNPCC7002_RS00010,SYNPCC7002_RS14835,0.0837308991558204
SYNPCC7002_RS12395,SYNPCC7002_RS12405,0.0837270917706186
SYNPCC7002_RS08390,SYNPCC7002_RS11195,0.0837255416927267
SYNPCC7002_RS07385,SYNPCC7002_RS12965,0.0837113041944198
SYNPCC7002_RS04250,SYNPCC7002_RS11150,0.0837029701229007
SYNPCC7002_RS10145,SYNPCC7002_RS04455,0.0837010345130455
SYNPCC7002_RS15520,SYNPCC7002_RS10970,0.0836997284738281
SYNPCC7002_RS09320,SYNPCC7002_RS11840,0.0836922347889857
SYNPCC7002_RS08390,SYNPCC7002_RS15995,0.0836885036377536
SYNPCC7002_RS08965,SYNPCC7002_RS06710,0.0836847110196294
SYNPCC7002_RS08175,SYNPCC7002_RS01525,0.083684382848265
SYNPCC7002_RS12515,SYNPCC7002_RS15905,0.0836793452514916
SYNPCC7002_RS05135,SYNPCC7002_RS13535,0.0836765276943611
SYNPCC7002_RS03030,SYNPCC7002_RS04500,0.0836672411501204
SYNPCC7002_RS06150,SYNPCC7002_RS05690,0.0836641730580977
SYNPCC7002_RS10050,SYNPCC7002_RS03675,0.0836492570116129
SYNPCC7002_RS09995,SYNPCC7002_RS11300,0.0836450925839711
SYNPCC7002_RS04780,SYNPCC7002_RS13735,0.0836412712727684
SYNPCC7002_RS05135,SYNPCC7002_RS03895,0.0836361574682749
SYNPCC7002_RS12395,SYNPCC7002_RS11345,0.0836341104953365
SYNPCC7002_RS04890,SYNPCC7002_RS12730,0.0836314038120236
SYNPCC7002_RS00260,SYNPCC7002_RS15860,0.08362590626075
SYNPCC7002_RS09780,SYNPCC7002_RS01770,0.0836141394542414
SYNPCC7002_RS08965,SYNPCC7002_RS15390,0.0835931458668664
SYNPCC7002_RS10050,SYNPCC7002_RS05090,0.0835926846190306
SYNPCC7002_RS15680,SYNPCC7002_RS05345,0.0835881508207565
SYNPCC7002_RS09420,SYNPCC7002_RS13920,0.083585206319057
SYNPCC7002_RS09820,SYNPCC7002_RS02815,0.0835804533476896
SYNPCC7002_RS09780,SYNPCC7002_RS15975,0.0835780602840365
SYNPCC7002_RS06150,SYNPCC7002_RS15760,0.083577985178589
SYNPCC7002_RS07385,SYNPCC7002_RS04710,0.0835779781650896
SYNPCC7002_RS12395,SYNPCC7002_RS12240,0.0835739973065716
SYNPCC7002_RS00010,SYNPCC7002_RS01760,0.0835662355593395
SYNPCC7002_RS10050,SYNPCC7002_RS14250,0.0835617357132644
SYNPCC7002_RS09195,SYNPCC7002_RS03635,0.0835494640048384
SYNPCC7002_RS09820,SYNPCC7002_RS04910,0.0835317840186683
SYNPCC7002_RS09320,SYNPCC7002_RS06775,0.0835231240940657
SYNPCC7002_RS12395,SYNPCC7002_RS12805,0.083521458768486
SYNPCC7002_RS11685,SYNPCC7002_RS06320,0.0835086998491703
SYNPCC7002_RS00050,SYNPCC7002_RS12815,0.0834976470085943
SYNPCC7002_RS09630,SYNPCC7002_RS09310,0.0834965667211704
SYNPCC7002_RS05135,SYNPCC7002_RS09025,0.0834830854347691
SYNPCC7002_RS02455,SYNPCC7002_RS07105,0.0834534262482204
SYNPCC7002_RS10050,SYNPCC7002_RS07685,0.0834523111800143
SYNPCC7002_RS06540,SYNPCC7002_RS03935,0.0834505730739834
SYNPCC7002_RS09995,SYNPCC7002_RS08480,0.0834429065516889
SYNPCC7002_RS05460,SYNPCC7002_RS14420,0.0834394618084983
SYNPCC7002_RS02455,SYNPCC7002_RS11855,0.0834388528134933
SYNPCC7002_RS12395,SYNPCC7002_RS07475,0.0834378250030427
SYNPCC7002_RS11685,SYNPCC7002_RS03285,0.0834375002189726
SYNPCC7002_RS15995,SYNPCC7002_RS14100,0.083429332191818
SYNPCC7002_RS09845,SYNPCC7002_RS09750,0.0834259205043347
SYNPCC7002_RS12090,SYNPCC7002_RS06475,0.0834222270862051
SYNPCC7002_RS04680,SYNPCC7002_RS06405,0.0834118349068378
SYNPCC7002_RS04780,SYNPCC7002_RS13320,0.0834082200559806
SYNPCC7002_RS08965,SYNPCC7002_RS06070,0.0834059390718664
SYNPCC7002_RS15535,SYNPCC7002_RS10145,0.0834025315991792
SYNPCC7002_RS01420,SYNPCC7002_RS15870,0.0833942620286188
SYNPCC7002_RS05460,SYNPCC7002_RS14630,0.0833834546264306
SYNPCC7002_RS08945,SYNPCC7002_RS13425,0.0833821403077257
SYNPCC7002_RS03030,SYNPCC7002_RS05745,0.083373610918642
SYNPCC7002_RS09820,SYNPCC7002_RS09010,0.0833731991977209
SYNPCC7002_RS09260,SYNPCC7002_RS00700,0.0833726050920904
SYNPCC7002_RS00650,SYNPCC7002_RS00655,0.0833671880888214
SYNPCC7002_RS09820,SYNPCC7002_RS09220,0.0833638071667667
SYNPCC7002_RS09995,SYNPCC7002_RS07045,0.0833468254167537
SYNPCC7002_RS01085,SYNPCC7002_RS15735,0.0833398604090485
SYNPCC7002_RS01335,SYNPCC7002_RS15955,0.0833394242857267
SYNPCC7002_RS15520,SYNPCC7002_RS11490,0.0833370408195068
SYNPCC7002_RS09630,SYNPCC7002_RS06150,0.0833336250684372
SYNPCC7002_RS09995,SYNPCC7002_RS08840,0.0833219009909633
SYNPCC7002_RS05460,SYNPCC7002_RS14855,0.0833127148923717
SYNPCC7002_RS05985,SYNPCC7002_RS16140,0.0833114789697878
SYNPCC7002_RS12395,SYNPCC7002_RS07585,0.083306673284305
SYNPCC7002_RS00260,SYNPCC7002_RS01890,0.0832996436409457
SYNPCC7002_RS07385,SYNPCC7002_RS10380,0.083297864033001
SYNPCC7002_RS08965,SYNPCC7002_RS00385,0.0832918053575151
SYNPCC7002_RS09845,SYNPCC7002_RS12965,0.083288189329812
SYNPCC7002_RS03030,SYNPCC7002_RS06945,0.0832871080764779
SYNPCC7002_RS08390,SYNPCC7002_RS15510,0.0832797128886735
SYNPCC7002_RS10050,SYNPCC7002_RS15870,0.0832756560448473
SYNPCC7002_RS02715,SYNPCC7002_RS03905,0.0832618015547014
SYNPCC7002_RS07385,SYNPCC7002_RS06765,0.0832599329962107
SYNPCC7002_RS03030,SYNPCC7002_RS02620,0.083258287849131
SYNPCC7002_RS12105,SYNPCC7002_RS14680,0.0832412373827187
SYNPCC7002_RS05985,SYNPCC7002_RS05020,0.0832395409758065
SYNPCC7002_RS09780,SYNPCC7002_RS13095,0.0832337745199473
SYNPCC7002_RS09780,SYNPCC7002_RS17175,0.0832308967905652
SYNPCC7002_RS09090,SYNPCC7002_RS00780,0.0832161426742643
SYNPCC7002_RS12395,SYNPCC7002_RS00340,0.0832124127362174
SYNPCC7002_RS02455,SYNPCC7002_RS01970,0.0832091189508046
SYNPCC7002_RS12090,SYNPCC7002_RS06195,0.0832090543332065
SYNPCC7002_RS08965,SYNPCC7002_RS08125,0.0832031423348573
SYNPCC7002_RS05985,SYNPCC7002_RS01765,0.0831929455335451
SYNPCC7002_RS11685,SYNPCC7002_RS04845,0.0831895118101518
SYNPCC7002_RS04890,SYNPCC7002_RS01595,0.083188323063849
SYNPCC7002_RS09820,SYNPCC7002_RS14845,0.0831848052075403
SYNPCC7002_RS16160,SYNPCC7002_RS17045,0.0831832490655003
SYNPCC7002_RS08860,SYNPCC7002_RS14305,0.0831809768398461
SYNPCC7002_RS04780,SYNPCC7002_RS06185,0.0831718031434989
SYNPCC7002_RS03030,SYNPCC7002_RS09530,0.0831697142760253
SYNPCC7002_RS04780,SYNPCC7002_RS11045,0.0831658660895215
SYNPCC7002_RS03030,SYNPCC7002_RS01060,0.0831611474266495
SYNPCC7002_RS08945,SYNPCC7002_RS02155,0.0831605326375325
SYNPCC7002_RS01800,SYNPCC7002_RS13290,0.0831448873625629
SYNPCC7002_RS06540,SYNPCC7002_RS11615,0.0831383605331015
SYNPCC7002_RS00050,SYNPCC7002_RS00155,0.0831376524442933
SYNPCC7002_RS15255,SYNPCC7002_RS14770,0.0831373090827587
SYNPCC7002_RS03030,SYNPCC7002_RS00055,0.0831371845343829
SYNPCC7002_RS01335,SYNPCC7002_RS07895,0.0831334597502
SYNPCC7002_RS10050,SYNPCC7002_RS03660,0.0831228562391366
SYNPCC7002_RS04650,SYNPCC7002_RS06280,0.083109733498566
SYNPCC7002_RS08860,SYNPCC7002_RS07005,0.0831053911802552
SYNPCC7002_RS12395,SYNPCC7002_RS03740,0.0830968030686046
SYNPCC7002_RS07385,SYNPCC7002_RS10520,0.0830859229943972
SYNPCC7002_RS03950,SYNPCC7002_RS15075,0.0830838986325814
SYNPCC7002_RS01800,SYNPCC7002_RS14890,0.0830833641217305
SYNPCC7002_RS12395,SYNPCC7002_RS05230,0.0830812617913914
SYNPCC7002_RS09780,SYNPCC7002_RS02060,0.0830786642921021
SYNPCC7002_RS12515,SYNPCC7002_RS14310,0.0830770241800308
SYNPCC7002_RS12515,SYNPCC7002_RS10795,0.0830750845907614
SYNPCC7002_RS08965,SYNPCC7002_RS06950,0.0830575605521141
SYNPCC7002_RS05460,SYNPCC7002_RS15310,0.0830512991482503
SYNPCC7002_RS04890,SYNPCC7002_RS08995,0.0830467006435767
SYNPCC7002_RS04650,SYNPCC7002_RS05590,0.0830464187277637
SYNPCC7002_RS08965,SYNPCC7002_RS10750,0.0830456033173974
SYNPCC7002_RS03295,SYNPCC7002_RS09050,0.0830430513442134
SYNPCC7002_RS05135,SYNPCC7002_RS09580,0.0830420669757564
SYNPCC7002_RS09320,SYNPCC7002_RS09040,0.0830403169314481
SYNPCC7002_RS00650,SYNPCC7002_RS06500,0.0830360575058131
SYNPCC7002_RS12395,SYNPCC7002_RS05300,0.0830353768335856
SYNPCC7002_RS05460,SYNPCC7002_RS14345,0.08303377805714
SYNPCC7002_RS08965,SYNPCC7002_RS04060,0.0830285414091363
SYNPCC7002_RS05460,SYNPCC7002_RS05115,0.0830279735850563
SYNPCC7002_RS16160,SYNPCC7002_RS04880,0.0830251669750274
SYNPCC7002_RS03030,SYNPCC7002_RS09740,0.0830245519499883
SYNPCC7002_RS01420,SYNPCC7002_RS05230,0.0830213935452392
SYNPCC7002_RS15410,SYNPCC7002_RS07300,0.0830184485586144
SYNPCC7002_RS15520,SYNPCC7002_RS05570,0.0830151972714676
SYNPCC7002_RS04250,SYNPCC7002_RS00050,0.0830143552791719
SYNPCC7002_RS08390,SYNPCC7002_RS16110,0.0830143467688009
SYNPCC7002_RS15680,SYNPCC7002_RS15605,0.083011987782416
SYNPCC7002_RS12395,SYNPCC7002_RS07835,0.0830113745170303
SYNPCC7002_RS08255,SYNPCC7002_RS02845,0.0830092331519302
SYNPCC7002_RS10525,SYNPCC7002_RS07895,0.0830038652579894
SYNPCC7002_RS05460,SYNPCC7002_RS16840,0.0830024191685872
SYNPCC7002_RS15520,SYNPCC7002_RS00135,0.0829964861253255
SYNPCC7002_RS12395,SYNPCC7002_RS07565,0.0829941772628452
SYNPCC7002_RS04890,SYNPCC7002_RS07570,0.0829816634473642
SYNPCC7002_RS03030,SYNPCC7002_RS02885,0.08297764410524
SYNPCC7002_RS01085,SYNPCC7002_RS14715,0.0829775596731076
SYNPCC7002_RS06540,SYNPCC7002_RS00210,0.0829745931062277
SYNPCC7002_RS08255,SYNPCC7002_RS10370,0.0829726109882026
SYNPCC7002_RS09780,SYNPCC7002_RS07345,0.0829718147975742
SYNPCC7002_RS09630,SYNPCC7002_RS05665,0.0829650588779354
SYNPCC7002_RS06005,SYNPCC7002_RS16780,0.082956099414618
SYNPCC7002_RS01420,SYNPCC7002_RS02980,0.0829516784985463
SYNPCC7002_RS01335,SYNPCC7002_RS12360,0.082951269799734
SYNPCC7002_RS08255,SYNPCC7002_RS13035,0.0829426794080561
SYNPCC7002_RS09995,SYNPCC7002_RS09990,0.0829426040927162
SYNPCC7002_RS04890,SYNPCC7002_RS01510,0.0829392336018156
SYNPCC7002_RS09175,SYNPCC7002_RS15175,0.0829358024260825
SYNPCC7002_RS08390,SYNPCC7002_RS10415,0.0829350560314086
SYNPCC7002_RS00260,SYNPCC7002_RS00250,0.0829307904008573
SYNPCC7002_RS16320,SYNPCC7002_RS15845,0.0829205152000151
SYNPCC7002_RS12395,SYNPCC7002_RS01595,0.082919714081575
SYNPCC7002_RS08255,SYNPCC7002_RS02535,0.0829154703750577
SYNPCC7002_RS15520,SYNPCC7002_RS04730,0.0829103665358419
SYNPCC7002_RS16320,SYNPCC7002_RS14255,0.0829060782049776
SYNPCC7002_RS00050,SYNPCC7002_RS10030,0.0829037026474957
SYNPCC7002_RS00690,SYNPCC7002_RS08235,0.082902920850645
SYNPCC7002_RS08965,SYNPCC7002_RS15015,0.082887795909778
SYNPCC7002_RS11685,SYNPCC7002_RS12395,0.082882666454774
SYNPCC7002_RS08390,SYNPCC7002_RS00415,0.0828822779404823
SYNPCC7002_RS00650,SYNPCC7002_RS00120,0.0828816983847694
SYNPCC7002_RS12395,SYNPCC7002_RS07490,0.0828808970524708
SYNPCC7002_RS09320,SYNPCC7002_RS16200,0.0828772905243337
SYNPCC7002_RS05460,SYNPCC7002_RS06200,0.0828682254452118
SYNPCC7002_RS02715,SYNPCC7002_RS05210,0.0828674198076343
SYNPCC7002_RS08255,SYNPCC7002_RS14055,0.0828492123583912
SYNPCC7002_RS09820,SYNPCC7002_RS04260,0.0828443734105143
SYNPCC7002_RS08965,SYNPCC7002_RS03470,0.082825273792494
SYNPCC7002_RS00640,SYNPCC7002_RS13965,0.0828204797776966
SYNPCC7002_RS03950,SYNPCC7002_RS14775,0.0828182414471807
SYNPCC7002_RS15520,SYNPCC7002_RS15740,0.0828163521954644
SYNPCC7002_RS07385,SYNPCC7002_RS03025,0.0828114298803207
SYNPCC7002_RS12395,SYNPCC7002_RS16380,0.0828109783655106
SYNPCC7002_RS14440,SYNPCC7002_RS13930,0.082801500056041
SYNPCC7002_RS15520,SYNPCC7002_RS07280,0.0827870283378536
SYNPCC7002_RS04780,SYNPCC7002_RS02765,0.0827537282407827
SYNPCC7002_RS08945,SYNPCC7002_RS03405,0.0827518586574842
SYNPCC7002_RS05135,SYNPCC7002_RS13670,0.0827497630609544
SYNPCC7002_RS05460,SYNPCC7002_RS15625,0.0827338202821993
SYNPCC7002_RS09845,SYNPCC7002_RS12200,0.0827312230651593
SYNPCC7002_RS09420,SYNPCC7002_RS14025,0.08273068779531
SYNPCC7002_RS04890,SYNPCC7002_RS05140,0.0827298306709113
SYNPCC7002_RS09320,SYNPCC7002_RS10435,0.0827221836686686
SYNPCC7002_RS00690,SYNPCC7002_RS10535,0.0827197355928118
SYNPCC7002_RS00640,SYNPCC7002_RS04940,0.0827182138021445
SYNPCC7002_RS04250,SYNPCC7002_RS09470,0.0827145608807146
SYNPCC7002_RS04650,SYNPCC7002_RS11120,0.0827021759592314
SYNPCC7002_RS15680,SYNPCC7002_RS15140,0.0827014622521596
SYNPCC7002_RS04780,SYNPCC7002_RS15950,0.0826856018219164
SYNPCC7002_RS08390,SYNPCC7002_RS00480,0.082685389486426
SYNPCC7002_RS07385,SYNPCC7002_RS02985,0.0826715593742596
SYNPCC7002_RS01420,SYNPCC7002_RS08550,0.0826703766305316
SYNPCC7002_RS00050,SYNPCC7002_RS08830,0.0826683950969906
SYNPCC7002_RS04780,SYNPCC7002_RS05415,0.0826662947318272
SYNPCC7002_RS01085,SYNPCC7002_RS14060,0.082634649958496
SYNPCC7002_RS08175,SYNPCC7002_RS08430,0.082623060343493
SYNPCC7002_RS12515,SYNPCC7002_RS11920,0.0826228305767703
SYNPCC7002_RS08945,SYNPCC7002_RS00275,0.0826132488864731
SYNPCC7002_RS04250,SYNPCC7002_RS02795,0.0825951617664572
SYNPCC7002_RS15255,SYNPCC7002_RS16320,0.0825914808271233
SYNPCC7002_RS04890,SYNPCC7002_RS03385,0.0825838953595122
SYNPCC7002_RS10050,SYNPCC7002_RS12440,0.0825670077977209
SYNPCC7002_RS11400,SYNPCC7002_RS02370,0.0825647603948014
SYNPCC7002_RS08175,SYNPCC7002_RS06755,0.0825629294284306
SYNPCC7002_RS04250,SYNPCC7002_RS04085,0.0825585712430278
SYNPCC7002_RS12105,SYNPCC7002_RS12775,0.0825454521703805
SYNPCC7002_RS07295,SYNPCC7002_RS07400,0.0825373236453826
SYNPCC7002_RS15255,SYNPCC7002_RS02035,0.082537030995854
SYNPCC7002_RS12105,SYNPCC7002_RS11075,0.0825298200782484
SYNPCC7002_RS02455,SYNPCC7002_RS16095,0.0825125098479399
SYNPCC7002_RS05135,SYNPCC7002_RS02015,0.0825106939777261
SYNPCC7002_RS04250,SYNPCC7002_RS11240,0.0825091004336755
SYNPCC7002_RS04680,SYNPCC7002_RS13385,0.0825082738080234
SYNPCC7002_RS03030,SYNPCC7002_RS10720,0.0825003499765227
SYNPCC7002_RS04890,SYNPCC7002_RS12725,0.082490889658395
SYNPCC7002_RS04890,SYNPCC7002_RS04950,0.0824864823840545
SYNPCC7002_RS05135,SYNPCC7002_RS13820,0.0824852338306986
SYNPCC7002_RS03030,SYNPCC7002_RS06925,0.0824828571121971
SYNPCC7002_RS08390,SYNPCC7002_RS14910,0.0824733133587966
SYNPCC7002_RS10050,SYNPCC7002_RS06585,0.0824611942549737
SYNPCC7002_RS08390,SYNPCC7002_RS07180,0.0824599037663262
SYNPCC7002_RS07385,SYNPCC7002_RS12220,0.0824595660294073
SYNPCC7002_RS05460,SYNPCC7002_RS05880,0.082458880804921
SYNPCC7002_RS01420,SYNPCC7002_RS12395,0.0824544679892659
SYNPCC7002_RS10050,SYNPCC7002_RS11015,0.0824488619900795
SYNPCC7002_RS10050,SYNPCC7002_RS08775,0.082440912273819
SYNPCC7002_RS08945,SYNPCC7002_RS09610,0.0824397071908437
SYNPCC7002_RS01335,SYNPCC7002_RS14900,0.0824380771658131
SYNPCC7002_RS08210,SYNPCC7002_RS07980,0.0824379627495064
SYNPCC7002_RS01420,SYNPCC7002_RS10865,0.082431718897975
SYNPCC7002_RS09780,SYNPCC7002_RS07550,0.082429752004048
SYNPCC7002_RS03030,SYNPCC7002_RS08335,0.0824246175270749
SYNPCC7002_RS03030,SYNPCC7002_RS04730,0.0824227217446657
SYNPCC7002_RS05460,SYNPCC7002_RS13210,0.0824214668368121
SYNPCC7002_RS05460,SYNPCC7002_RS17010,0.0824075986568283
SYNPCC7002_RS12395,SYNPCC7002_RS02575,0.0824025304706976
SYNPCC7002_RS03030,SYNPCC7002_RS09125,0.0823952611934982
SYNPCC7002_RS09175,SYNPCC7002_RS02390,0.0823949269238979
SYNPCC7002_RS11400,SYNPCC7002_RS02735,0.0823930802258837
SYNPCC7002_RS09820,SYNPCC7002_RS14660,0.0823890753564452
SYNPCC7002_RS15680,SYNPCC7002_RS14770,0.0823869965832182
SYNPCC7002_RS09630,SYNPCC7002_RS00070,0.0823851200793648
SYNPCC7002_RS09780,SYNPCC7002_RS04585,0.0823845475859199
SYNPCC7002_RS08390,SYNPCC7002_RS00985,0.0823787247289849
SYNPCC7002_RS04250,SYNPCC7002_RS06550,0.082375801515265
SYNPCC7002_RS14440,SYNPCC7002_RS14430,0.082371551889529
SYNPCC7002_RS05135,SYNPCC7002_RS12460,0.0823683517078951
SYNPCC7002_RS01800,SYNPCC7002_RS03445,0.0823609403449286
SYNPCC7002_RS07385,SYNPCC7002_RS00055,0.0823574825322605
SYNPCC7002_RS10050,SYNPCC7002_RS07835,0.0823501436283857
SYNPCC7002_RS05135,SYNPCC7002_RS16675,0.0823457070243558
SYNPCC7002_RS05135,SYNPCC7002_RS02550,0.0823391237163837
SYNPCC7002_RS11685,SYNPCC7002_RS12400,0.0823337899122667
SYNPCC7002_RS08255,SYNPCC7002_RS06695,0.0823243635079239
SYNPCC7002_RS03760,SYNPCC7002_RS07510,0.0823213903119786
SYNPCC7002_RS01420,SYNPCC7002_RS07795,0.082320915993959
SYNPCC7002_RS08255,SYNPCC7002_RS15215,0.0823154801194963
SYNPCC7002_RS00260,SYNPCC7002_RS06595,0.0823113948690058
SYNPCC7002_RS01335,SYNPCC7002_RS03605,0.0823090204966315
SYNPCC7002_RS03950,SYNPCC7002_RS13210,0.0822803866959523
SYNPCC7002_RS09320,SYNPCC7002_RS00120,0.0822736650748751
SYNPCC7002_RS00050,SYNPCC7002_RS10725,0.0822703737874477
SYNPCC7002_RS07385,SYNPCC7002_RS01130,0.0822703292185201
SYNPCC7002_RS10050,SYNPCC7002_RS03535,0.0822638178334855
SYNPCC7002_RS06540,SYNPCC7002_RS10910,0.0822601684297071
SYNPCC7002_RS02715,SYNPCC7002_RS14505,0.0822511295490919
SYNPCC7002_RS10050,SYNPCC7002_RS09565,0.0822495329172682
SYNPCC7002_RS05135,SYNPCC7002_RS09865,0.0822368874601659
SYNPCC7002_RS00690,SYNPCC7002_RS13410,0.0822345141800647
SYNPCC7002_RS12395,SYNPCC7002_RS01830,0.0822285298646773
SYNPCC7002_RS06150,SYNPCC7002_RS11560,0.0822231502796089
SYNPCC7002_RS02715,SYNPCC7002_RS17155,0.0822199461753621
SYNPCC7002_RS03030,SYNPCC7002_RS12220,0.0822180935736444
SYNPCC7002_RS04250,SYNPCC7002_RS12955,0.0822142737237203
SYNPCC7002_RS15255,SYNPCC7002_RS01165,0.0822098263063377
SYNPCC7002_RS11685,SYNPCC7002_RS00040,0.082205846956134
SYNPCC7002_RS04680,SYNPCC7002_RS07915,0.0821950199319114
SYNPCC7002_RS08390,SYNPCC7002_RS01280,0.0821885686992157
SYNPCC7002_RS03760,SYNPCC7002_RS10110,0.0821770191205275
SYNPCC7002_RS12395,SYNPCC7002_RS06590,0.0821717984489454
SYNPCC7002_RS02715,SYNPCC7002_RS05290,0.0821703897373834
SYNPCC7002_RS12090,SYNPCC7002_RS15835,0.0821686531300557
SYNPCC7002_RS08210,SYNPCC7002_RS01475,0.0821639281161393
SYNPCC7002_RS04250,SYNPCC7002_RS12445,0.0821572979786203
SYNPCC7002_RS05135,SYNPCC7002_RS13745,0.0821476283678403
SYNPCC7002_RS12395,SYNPCC7002_RS16510,0.082147546840753
SYNPCC7002_RS12395,SYNPCC7002_RS05550,0.0821416505869291
SYNPCC7002_RS08945,SYNPCC7002_RS09960,0.082132910947138
SYNPCC7002_RS01335,SYNPCC7002_RS01000,0.082132688030115
SYNPCC7002_RS03030,SYNPCC7002_RS16070,0.0821220335146579
SYNPCC7002_RS05460,SYNPCC7002_RS09630,0.0821158804228361
SYNPCC7002_RS01800,SYNPCC7002_RS09150,0.0820971102192086
SYNPCC7002_RS08965,SYNPCC7002_RS12375,0.0820932876089663
SYNPCC7002_RS04250,SYNPCC7002_RS12910,0.0820890754305375
SYNPCC7002_RS09995,SYNPCC7002_RS10600,0.0820861157177412
SYNPCC7002_RS12395,SYNPCC7002_RS08780,0.0820777273364774
SYNPCC7002_RS14790,SYNPCC7002_RS11470,0.0820728090530061
SYNPCC7002_RS07295,SYNPCC7002_RS16105,0.0820423118354394
SYNPCC7002_RS04780,SYNPCC7002_RS01130,0.0820407430253167
SYNPCC7002_RS05135,SYNPCC7002_RS11450,0.0820337657733154
SYNPCC7002_RS02715,SYNPCC7002_RS15485,0.0820332830389094
SYNPCC7002_RS08390,SYNPCC7002_RS14060,0.0820312459563215
SYNPCC7002_RS04650,SYNPCC7002_RS14920,0.0820312141659957
SYNPCC7002_RS08965,SYNPCC7002_RS13470,0.0820297394961075
SYNPCC7002_RS05135,SYNPCC7002_RS11190,0.0820177353525601
SYNPCC7002_RS08965,SYNPCC7002_RS10935,0.0820141291525267
SYNPCC7002_RS02715,SYNPCC7002_RS05265,0.0820033734557869
SYNPCC7002_RS07385,SYNPCC7002_RS02670,0.0819971757772296
SYNPCC7002_RS06540,SYNPCC7002_RS08565,0.0819875307654517
SYNPCC7002_RS05135,SYNPCC7002_RS11330,0.081985591274505
SYNPCC7002_RS09995,SYNPCC7002_RS16145,0.0819758276798363
SYNPCC7002_RS06540,SYNPCC7002_RS10065,0.0819679692324789
SYNPCC7002_RS06540,SYNPCC7002_RS12390,0.0819679311795201
SYNPCC7002_RS05135,SYNPCC7002_RS01930,0.081963818892925
SYNPCC7002_RS09820,SYNPCC7002_RS02305,0.0819594832900527
SYNPCC7002_RS09780,SYNPCC7002_RS04375,0.0819546698339804
SYNPCC7002_RS11400,SYNPCC7002_RS08410,0.0819515638894272
SYNPCC7002_RS04650,SYNPCC7002_RS08060,0.0819500298289266
SYNPCC7002_RS08965,SYNPCC7002_RS10075,0.0819421860748482
SYNPCC7002_RS04890,SYNPCC7002_RS07595,0.0819420321741938
SYNPCC7002_RS04780,SYNPCC7002_RS06535,0.0819392826613805
SYNPCC7002_RS11685,SYNPCC7002_RS12850,0.0819262837792975
SYNPCC7002_RS08965,SYNPCC7002_RS02730,0.0819245907721824
SYNPCC7002_RS07385,SYNPCC7002_RS11485,0.0819201811216147
SYNPCC7002_RS11685,SYNPCC7002_RS05835,0.081912755049024
SYNPCC7002_RS09260,SYNPCC7002_RS16055,0.0819000306749924
SYNPCC7002_RS08945,SYNPCC7002_RS01430,0.0818987465070448
SYNPCC7002_RS15520,SYNPCC7002_RS08210,0.0818971510004705
SYNPCC7002_RS09780,SYNPCC7002_RS05070,0.0818954994901077
SYNPCC7002_RS12515,SYNPCC7002_RS10055,0.0818936930575645
SYNPCC7002_RS04250,SYNPCC7002_RS09280,0.0818889116358361
SYNPCC7002_RS09320,SYNPCC7002_RS13335,0.0818769694022062
SYNPCC7002_RS11685,SYNPCC7002_RS11520,0.0818752521176839
SYNPCC7002_RS09630,SYNPCC7002_RS16725,0.0818677966173478
SYNPCC7002_RS04780,SYNPCC7002_RS01710,0.0818673737106258
SYNPCC7002_RS06540,SYNPCC7002_RS02890,0.081860893878936
SYNPCC7002_RS08945,SYNPCC7002_RS06275,0.0818507544873923
SYNPCC7002_RS04780,SYNPCC7002_RS08205,0.0818488253990078
SYNPCC7002_RS12515,SYNPCC7002_RS10550,0.0818482138203788
SYNPCC7002_RS00640,SYNPCC7002_RS04425,0.0818470057490322
SYNPCC7002_RS07385,SYNPCC7002_RS06820,0.0818304729848133
SYNPCC7002_RS09320,SYNPCC7002_RS01790,0.0818238523544065
SYNPCC7002_RS04890,SYNPCC7002_RS07355,0.0818200452360574
SYNPCC7002_RS06540,SYNPCC7002_RS01620,0.081817820048271
SYNPCC7002_RS04250,SYNPCC7002_RS12020,0.0818125156126169
SYNPCC7002_RS03030,SYNPCC7002_RS08255,0.0818122256440838
SYNPCC7002_RS08390,SYNPCC7002_RS13790,0.0818063770037243
SYNPCC7002_RS01420,SYNPCC7002_RS10760,0.0818037385226295
SYNPCC7002_RS00050,SYNPCC7002_RS11535,0.0817930323305679
SYNPCC7002_RS04890,SYNPCC7002_RS10130,0.0817675654664351
SYNPCC7002_RS15030,SYNPCC7002_RS14990,0.0817618009364926
SYNPCC7002_RS10050,SYNPCC7002_RS12330,0.0817544471220567
SYNPCC7002_RS05135,SYNPCC7002_RS04535,0.0817503448472832
SYNPCC7002_RS01420,SYNPCC7002_RS11990,0.0817479260378802
SYNPCC7002_RS11400,SYNPCC7002_RS00225,0.0817429626684525
SYNPCC7002_RS04890,SYNPCC7002_RS03740,0.0817362356205211
SYNPCC7002_RS08965,SYNPCC7002_RS00845,0.081734777585463
SYNPCC7002_RS12395,SYNPCC7002_RS08305,0.081731703973658
SYNPCC7002_RS09630,SYNPCC7002_RS11435,0.0817144543491187
SYNPCC7002_RS09780,SYNPCC7002_RS04270,0.0817056712724521
SYNPCC7002_RS03030,SYNPCC7002_RS06415,0.0817043901276663
SYNPCC7002_RS03030,SYNPCC7002_RS07280,0.081696520034781
SYNPCC7002_RS09320,SYNPCC7002_RS04515,0.0816939683037526
SYNPCC7002_RS12515,SYNPCC7002_RS12085,0.0816861790410297
SYNPCC7002_RS15995,SYNPCC7002_RS01045,0.081685161848107
SYNPCC7002_RS15520,SYNPCC7002_RS08365,0.0816776269081181
SYNPCC7002_RS00640,SYNPCC7002_RS04910,0.0816699764602504
SYNPCC7002_RS04250,SYNPCC7002_RS10705,0.0816570682132669
SYNPCC7002_RS15520,SYNPCC7002_RS11670,0.0816505506916012
SYNPCC7002_RS09780,SYNPCC7002_RS16060,0.0816437522103547
SYNPCC7002_RS11400,SYNPCC7002_RS10750,0.0816437117273916
SYNPCC7002_RS04250,SYNPCC7002_RS10025,0.0816417605597041
SYNPCC7002_RS09780,SYNPCC7002_RS04610,0.0816413261252387
SYNPCC7002_RS02715,SYNPCC7002_RS09165,0.081631986749602
SYNPCC7002_RS09630,SYNPCC7002_RS14525,0.0816302177008664
SYNPCC7002_RS02715,SYNPCC7002_RS04605,0.081628922002937
SYNPCC7002_RS09320,SYNPCC7002_RS06185,0.081621120262165
SYNPCC7002_RS15255,SYNPCC7002_RS16955,0.0816173080747668
SYNPCC7002_RS00050,SYNPCC7002_RS12070,0.0816104374219579
SYNPCC7002_RS10050,SYNPCC7002_RS13080,0.0816086272161924
SYNPCC7002_RS12090,SYNPCC7002_RS14690,0.0816030039708484
SYNPCC7002_RS09630,SYNPCC7002_RS08035,0.0815948295479477
SYNPCC7002_RS08965,SYNPCC7002_RS06925,0.0815927611641653
SYNPCC7002_RS09820,SYNPCC7002_RS03080,0.0815916221756881
SYNPCC7002_RS09630,SYNPCC7002_RS00950,0.0815879106267373
SYNPCC7002_RS09780,SYNPCC7002_RS03750,0.0815714071242509
SYNPCC7002_RS08945,SYNPCC7002_RS10705,0.0815650138353012
SYNPCC7002_RS00260,SYNPCC7002_RS10175,0.0815624378869744
SYNPCC7002_RS07295,SYNPCC7002_RS04295,0.0815548252987628
SYNPCC7002_RS04650,SYNPCC7002_RS11455,0.0815528017623876
SYNPCC7002_RS01800,SYNPCC7002_RS10760,0.081550088084737
SYNPCC7002_RS08860,SYNPCC7002_RS07215,0.0815482033333467
SYNPCC7002_RS04250,SYNPCC7002_RS07545,0.0815468116037628
SYNPCC7002_RS04250,SYNPCC7002_RS13815,0.0815435548533273
SYNPCC7002_RS03030,SYNPCC7002_RS15740,0.0815331027936782
SYNPCC7002_RS12395,SYNPCC7002_RS01745,0.0815296015186578
SYNPCC7002_RS09320,SYNPCC7002_RS12700,0.0815294946199182
SYNPCC7002_RS15520,SYNPCC7002_RS07985,0.0815012097027719
SYNPCC7002_RS02455,SYNPCC7002_RS04710,0.081489882561467
SYNPCC7002_RS14440,SYNPCC7002_RS13940,0.0814867180761994
SYNPCC7002_RS08255,SYNPCC7002_RS12610,0.0814850209354873
SYNPCC7002_RS04890,SYNPCC7002_RS04615,0.0814775976222619
SYNPCC7002_RS09260,SYNPCC7002_RS07185,0.0814713011277817
SYNPCC7002_RS11400,SYNPCC7002_RS01605,0.0814676674682662
SYNPCC7002_RS08175,SYNPCC7002_RS08110,0.0814524316587664
SYNPCC7002_RS01420,SYNPCC7002_RS11570,0.0814510907041008
SYNPCC7002_RS04780,SYNPCC7002_RS16540,0.081446520382499
SYNPCC7002_RS05135,SYNPCC7002_RS09875,0.0814369945688762
SYNPCC7002_RS15410,SYNPCC7002_RS16105,0.081430107150027
SYNPCC7002_RS09630,SYNPCC7002_RS03600,0.0814214224433072
SYNPCC7002_RS02715,SYNPCC7002_RS10570,0.081416347771349
SYNPCC7002_RS15680,SYNPCC7002_RS16715,0.0814158939724943
SYNPCC7002_RS12395,SYNPCC7002_RS07680,0.0814128905589855
SYNPCC7002_RS12105,SYNPCC7002_RS09275,0.081409431770029
SYNPCC7002_RS10050,SYNPCC7002_RS06395,0.0814020834987838
SYNPCC7002_RS05985,SYNPCC7002_RS15165,0.0813929113381507
SYNPCC7002_RS01420,SYNPCC7002_RS11000,0.081387184496751
SYNPCC7002_RS00050,SYNPCC7002_RS11250,0.0813782149043723
SYNPCC7002_RS15255,SYNPCC7002_RS10635,0.0813779629861268
SYNPCC7002_RS15410,SYNPCC7002_RS11945,0.0813620078931944
SYNPCC7002_RS15255,SYNPCC7002_RS08515,0.0813508123300863
SYNPCC7002_RS09995,SYNPCC7002_RS05045,0.0813506873765564
SYNPCC7002_RS08390,SYNPCC7002_RS00485,0.081347705595717
SYNPCC7002_RS00650,SYNPCC7002_RS10220,0.0813472709464797
SYNPCC7002_RS12090,SYNPCC7002_RS01870,0.0813294640516832
SYNPCC7002_RS05985,SYNPCC7002_RS13630,0.081329155353292
SYNPCC7002_RS06540,SYNPCC7002_RS11480,0.081324856772114
SYNPCC7002_RS04250,SYNPCC7002_RS04860,0.0813244676974247
SYNPCC7002_RS15255,SYNPCC7002_RS15100,0.0813207533782172
SYNPCC7002_RS09320,SYNPCC7002_RS02120,0.0813149852502969
SYNPCC7002_RS04250,SYNPCC7002_RS12670,0.0813081785727623
SYNPCC7002_RS03760,SYNPCC7002_RS09870,0.0813077539929487
SYNPCC7002_RS08210,SYNPCC7002_RS11665,0.0813013719333207
SYNPCC7002_RS10050,SYNPCC7002_RS08045,0.0812993726659871
SYNPCC7002_RS05985,SYNPCC7002_RS02235,0.0812935624516339
SYNPCC7002_RS04780,SYNPCC7002_RS08100,0.0812905708418998
SYNPCC7002_RS15255,SYNPCC7002_RS13180,0.081279803998403
SYNPCC7002_RS02715,SYNPCC7002_RS04760,0.0812685394424444
SYNPCC7002_RS02455,SYNPCC7002_RS15815,0.081257777508826
SYNPCC7002_RS00050,SYNPCC7002_RS04520,0.081250848007441
SYNPCC7002_RS12515,SYNPCC7002_RS09620,0.0812490125816592
SYNPCC7002_RS01335,SYNPCC7002_RS07020,0.0812464183633164
SYNPCC7002_RS12395,SYNPCC7002_RS07785,0.0812439133295473
SYNPCC7002_RS01800,SYNPCC7002_RS03490,0.081242888022872
SYNPCC7002_RS09780,SYNPCC7002_RS10565,0.0812391965692884
SYNPCC7002_RS12395,SYNPCC7002_RS10735,0.0812190752823252
SYNPCC7002_RS09780,SYNPCC7002_RS01850,0.0812157413834577
SYNPCC7002_RS09950,SYNPCC7002_RS15525,0.0812124961689906
SYNPCC7002_RS08965,SYNPCC7002_RS01380,0.0812112380963802
SYNPCC7002_RS12090,SYNPCC7002_RS13120,0.0812016593292585
SYNPCC7002_RS04250,SYNPCC7002_RS05430,0.0812013114016377
SYNPCC7002_RS15520,SYNPCC7002_RS15925,0.0811933094202118
SYNPCC7002_RS08255,SYNPCC7002_RS00785,0.0811872163898369
SYNPCC7002_RS05135,SYNPCC7002_RS02215,0.081166706629082
SYNPCC7002_RS04890,SYNPCC7002_RS17035,0.081163142449724
SYNPCC7002_RS09995,SYNPCC7002_RS02245,0.0811564808038716
SYNPCC7002_RS04890,SYNPCC7002_RS06785,0.081155575470713
SYNPCC7002_RS10525,SYNPCC7002_RS16205,0.0811553560523382
SYNPCC7002_RS05135,SYNPCC7002_RS06590,0.08115026017362
SYNPCC7002_RS01420,SYNPCC7002_RS00730,0.0811476536623635
SYNPCC7002_RS08210,SYNPCC7002_RS04810,0.0811473166607008
SYNPCC7002_RS04890,SYNPCC7002_RS14245,0.0811157101583308
SYNPCC7002_RS02455,SYNPCC7002_RS04215,0.0811116172619419
SYNPCC7002_RS04890,SYNPCC7002_RS15355,0.0811078614978844
SYNPCC7002_RS03030,SYNPCC7002_RS10880,0.0811064225745262
SYNPCC7002_RS05135,SYNPCC7002_RS05115,0.0810855179343002
SYNPCC7002_RS08255,SYNPCC7002_RS05025,0.0810753344316529
SYNPCC7002_RS06540,SYNPCC7002_RS05610,0.0810749668483458
SYNPCC7002_RS09320,SYNPCC7002_RS02260,0.081074885712385
SYNPCC7002_RS03295,SYNPCC7002_RS02320,0.081067481902722
SYNPCC7002_RS15255,SYNPCC7002_RS04900,0.0810637108387265
SYNPCC7002_RS08390,SYNPCC7002_RS03445,0.0810627465979498
SYNPCC7002_RS04650,SYNPCC7002_RS12405,0.0810586281013035
SYNPCC7002_RS08965,SYNPCC7002_RS13870,0.0810563986299751
SYNPCC7002_RS12105,SYNPCC7002_RS06805,0.0810560813278739
SYNPCC7002_RS06005,SYNPCC7002_RS14970,0.081053145867196
SYNPCC7002_RS03030,SYNPCC7002_RS01260,0.0810490765965866
SYNPCC7002_RS08965,SYNPCC7002_RS04575,0.0810485409698696
SYNPCC7002_RS04250,SYNPCC7002_RS06510,0.0810482740428682
SYNPCC7002_RS09845,SYNPCC7002_RS04755,0.0810480472854834
SYNPCC7002_RS06165,SYNPCC7002_RS00745,0.0810471452573187
SYNPCC7002_RS07385,SYNPCC7002_RS12705,0.0810470059685746
SYNPCC7002_RS12395,SYNPCC7002_RS06050,0.0810444160426538
SYNPCC7002_RS09995,SYNPCC7002_RS09530,0.0810414137153948
SYNPCC7002_RS01420,SYNPCC7002_RS05195,0.0810389363563221
SYNPCC7002_RS11685,SYNPCC7002_RS11140,0.0810314061243739
SYNPCC7002_RS06165,SYNPCC7002_RS14210,0.0810300773482111
SYNPCC7002_RS00635,SYNPCC7002_RS01250,0.0810288532974658
SYNPCC7002_RS04780,SYNPCC7002_RS13420,0.0810282855951442
SYNPCC7002_RS03030,SYNPCC7002_RS03015,0.0810224941462085
SYNPCC7002_RS15680,SYNPCC7002_RS11465,0.0810200110893707
SYNPCC7002_RS03030,SYNPCC7002_RS14160,0.0810172352493027
SYNPCC7002_RS15995,SYNPCC7002_RS02000,0.0810068411595066
SYNPCC7002_RS06005,SYNPCC7002_RS07630,0.0809901058005022
SYNPCC7002_RS03760,SYNPCC7002_RS10095,0.0809864077162671
SYNPCC7002_RS04780,SYNPCC7002_RS10415,0.0809842354785013
SYNPCC7002_RS11685,SYNPCC7002_RS12560,0.0809820253376604
SYNPCC7002_RS03295,SYNPCC7002_RS11870,0.080981441810968
SYNPCC7002_RS05135,SYNPCC7002_RS10740,0.0809701015447532
SYNPCC7002_RS09780,SYNPCC7002_RS10135,0.080969651939711
SYNPCC7002_RS04780,SYNPCC7002_RS04695,0.0809615258686159
SYNPCC7002_RS03030,SYNPCC7002_RS05855,0.0809579945289561
SYNPCC7002_RS09630,SYNPCC7002_RS14560,0.0809552781067842
SYNPCC7002_RS15520,SYNPCC7002_RS09290,0.0809538910248816
SYNPCC7002_RS02715,SYNPCC7002_RS10215,0.0809507181594633
SYNPCC7002_RS12090,SYNPCC7002_RS02930,0.0809408191458825
SYNPCC7002_RS04650,SYNPCC7002_RS01575,0.0809340437194707
SYNPCC7002_RS04780,SYNPCC7002_RS01000,0.0809271609843972
SYNPCC7002_RS03950,SYNPCC7002_RS13755,0.0809267036528683
SYNPCC7002_RS02455,SYNPCC7002_RS05360,0.0809250161927018
SYNPCC7002_RS10050,SYNPCC7002_RS03680,0.0809082513246485
SYNPCC7002_RS08175,SYNPCC7002_RS02460,0.080902995853025
SYNPCC7002_RS05985,SYNPCC7002_RS05910,0.0809025296158755
SYNPCC7002_RS05135,SYNPCC7002_RS12485,0.0808963807280496
SYNPCC7002_RS12395,SYNPCC7002_RS16420,0.080894754257798
SYNPCC7002_RS12395,SYNPCC7002_RS05140,0.0808945998191491
SYNPCC7002_RS12395,SYNPCC7002_RS01865,0.0808895464065286
SYNPCC7002_RS01335,SYNPCC7002_RS15800,0.0808891866874952
SYNPCC7002_RS03760,SYNPCC7002_RS08615,0.0808885254977273
SYNPCC7002_RS09845,SYNPCC7002_RS02760,0.0808875928216602
SYNPCC7002_RS04890,SYNPCC7002_RS15090,0.0808750306534358
SYNPCC7002_RS09820,SYNPCC7002_RS04605,0.0808613939296379
SYNPCC7002_RS04780,SYNPCC7002_RS12290,0.0808612541104924
SYNPCC7002_RS04250,SYNPCC7002_RS12510,0.0808575479136208
SYNPCC7002_RS05460,SYNPCC7002_RS14410,0.080851235934539
SYNPCC7002_RS01335,SYNPCC7002_RS16115,0.0808488843579128
SYNPCC7002_RS08255,SYNPCC7002_RS00190,0.0808477046420664
SYNPCC7002_RS15255,SYNPCC7002_RS04665,0.0808299798292267
SYNPCC7002_RS00050,SYNPCC7002_RS16995,0.0808202798383906
SYNPCC7002_RS07385,SYNPCC7002_RS02590,0.0808067857515192
SYNPCC7002_RS02455,SYNPCC7002_RS00600,0.0808066034412149
SYNPCC7002_RS04250,SYNPCC7002_RS06075,0.0808048580004017
SYNPCC7002_RS08965,SYNPCC7002_RS06955,0.0808039859561701
SYNPCC7002_RS12090,SYNPCC7002_RS15620,0.0808028425902249
SYNPCC7002_RS04780,SYNPCC7002_RS06150,0.0807934486894146
SYNPCC7002_RS08210,SYNPCC7002_RS11680,0.0807877048316018
SYNPCC7002_RS05985,SYNPCC7002_RS00360,0.080785946970349
SYNPCC7002_RS04890,SYNPCC7002_RS01580,0.0807852893121282
SYNPCC7002_RS12395,SYNPCC7002_RS06255,0.0807828688262665
SYNPCC7002_RS16320,SYNPCC7002_RS05350,0.0807823977296596
SYNPCC7002_RS08860,SYNPCC7002_RS15240,0.0807815450290321
SYNPCC7002_RS10050,SYNPCC7002_RS04260,0.0807774449028811
SYNPCC7002_RS15520,SYNPCC7002_RS01060,0.0807721489235022
SYNPCC7002_RS07295,SYNPCC7002_RS07310,0.0807718696821616
SYNPCC7002_RS04250,SYNPCC7002_RS08600,0.0807647185567638
SYNPCC7002_RS07385,SYNPCC7002_RS03560,0.0807582672823808
SYNPCC7002_RS08965,SYNPCC7002_RS02520,0.0807522260091717
SYNPCC7002_RS08210,SYNPCC7002_RS14130,0.0807510551210297
SYNPCC7002_RS10050,SYNPCC7002_RS11335,0.0807484214219328
SYNPCC7002_RS09420,SYNPCC7002_RS09565,0.0807482663851302
SYNPCC7002_RS15255,SYNPCC7002_RS04835,0.0807391281728941
SYNPCC7002_RS09780,SYNPCC7002_RS12155,0.0807343718072446
SYNPCC7002_RS12090,SYNPCC7002_RS08470,0.0807280244356645
SYNPCC7002_RS15410,SYNPCC7002_RS15525,0.0807227948232489
SYNPCC7002_RS04680,SYNPCC7002_RS11435,0.0807209835367742
SYNPCC7002_RS12395,SYNPCC7002_RS17035,0.0807036379898968
SYNPCC7002_RS00050,SYNPCC7002_RS16605,0.0807012960111211
SYNPCC7002_RS15255,SYNPCC7002_RS14690,0.0806929615257368
SYNPCC7002_RS10050,SYNPCC7002_RS03425,0.0806875852313375
SYNPCC7002_RS10050,SYNPCC7002_RS15485,0.0806814602119279
SYNPCC7002_RS00690,SYNPCC7002_RS02645,0.0806813270118681
SYNPCC7002_RS08255,SYNPCC7002_RS15240,0.0806766042634844
SYNPCC7002_RS03030,SYNPCC7002_RS10240,0.0806747470877355
SYNPCC7002_RS08945,SYNPCC7002_RS13600,0.0806701465011855
SYNPCC7002_RS08175,SYNPCC7002_RS09150,0.0806689592194391
SYNPCC7002_RS01420,SYNPCC7002_RS07890,0.0806688131309612
SYNPCC7002_RS09195,SYNPCC7002_RS10070,0.0806675670028324
SYNPCC7002_RS12395,SYNPCC7002_RS15055,0.0806648160501274
SYNPCC7002_RS09195,SYNPCC7002_RS13040,0.0806549753737216
SYNPCC7002_RS08210,SYNPCC7002_RS03570,0.080651856680634
SYNPCC7002_RS07295,SYNPCC7002_RS03605,0.0806507151560364
SYNPCC7002_RS14385,SYNPCC7002_RS14470,0.0806440839661183
SYNPCC7002_RS04250,SYNPCC7002_RS05410,0.0806430575573946
SYNPCC7002_RS06540,SYNPCC7002_RS07010,0.0806424198070816
SYNPCC7002_RS10050,SYNPCC7002_RS03670,0.0806386971899815
SYNPCC7002_RS04780,SYNPCC7002_RS08640,0.0806322547392055
SYNPCC7002_RS05135,SYNPCC7002_RS12805,0.0806070494884038
SYNPCC7002_RS15255,SYNPCC7002_RS15890,0.0806057626173613
SYNPCC7002_RS04780,SYNPCC7002_RS16100,0.0805941155749482
SYNPCC7002_RS08860,SYNPCC7002_RS17115,0.0805808493433712
SYNPCC7002_RS11685,SYNPCC7002_RS03895,0.0805781391987326
SYNPCC7002_RS09320,SYNPCC7002_RS08425,0.0805721132532562
SYNPCC7002_RS10050,SYNPCC7002_RS00830,0.0805569847020635
SYNPCC7002_RS15255,SYNPCC7002_RS15605,0.0805566471681478
SYNPCC7002_RS08390,SYNPCC7002_RS00150,0.08054768689983
SYNPCC7002_RS12090,SYNPCC7002_RS09960,0.0805234923271399
SYNPCC7002_RS08390,SYNPCC7002_RS13465,0.0805202699785157
SYNPCC7002_RS08210,SYNPCC7002_RS12700,0.0805070167460716
SYNPCC7002_RS07385,SYNPCC7002_RS11135,0.0805068349492988
SYNPCC7002_RS09260,SYNPCC7002_RS12465,0.0805034348162468
SYNPCC7002_RS12090,SYNPCC7002_RS10320,0.080502639201983
SYNPCC7002_RS00640,SYNPCC7002_RS15795,0.0805017267499235
SYNPCC7002_RS02715,SYNPCC7002_RS14830,0.0804997944930426
SYNPCC7002_RS08965,SYNPCC7002_RS02780,0.0804994278091868
SYNPCC7002_RS12090,SYNPCC7002_RS06935,0.080495571756399
SYNPCC7002_RS08965,SYNPCC7002_RS13810,0.0804891777829033
SYNPCC7002_RS09780,SYNPCC7002_RS00810,0.080474427261142
SYNPCC7002_RS03295,SYNPCC7002_RS01545,0.0804676691708457
SYNPCC7002_RS01800,SYNPCC7002_RS01545,0.0804650473015247
SYNPCC7002_RS05985,SYNPCC7002_RS08265,0.080459823008403
SYNPCC7002_RS05985,SYNPCC7002_RS02900,0.0804487627752551
SYNPCC7002_RS12395,SYNPCC7002_RS01755,0.0804383606009456
SYNPCC7002_RS02455,SYNPCC7002_RS01340,0.080435358753456
SYNPCC7002_RS08965,SYNPCC7002_RS14110,0.0804335341252478
SYNPCC7002_RS04650,SYNPCC7002_RS12805,0.0804323779600817
SYNPCC7002_RS01335,SYNPCC7002_RS01010,0.0804306895783806
SYNPCC7002_RS08945,SYNPCC7002_RS13955,0.0804271321297623
SYNPCC7002_RS03030,SYNPCC7002_RS03590,0.0804117005714302
SYNPCC7002_RS00690,SYNPCC7002_RS07185,0.0803962429953503
SYNPCC7002_RS01420,SYNPCC7002_RS08870,0.0803915314090576
SYNPCC7002_RS00050,SYNPCC7002_RS17195,0.0803712399350173
SYNPCC7002_RS02715,SYNPCC7002_RS02570,0.080369577323343
SYNPCC7002_RS15680,SYNPCC7002_RS16955,0.0803684518729078
SYNPCC7002_RS07295,SYNPCC7002_RS01010,0.0803668491412616
SYNPCC7002_RS01420,SYNPCC7002_RS08010,0.08036598647886
SYNPCC7002_RS08965,SYNPCC7002_RS06420,0.0803637906840963
SYNPCC7002_RS15030,SYNPCC7002_RS15040,0.0803539512013497
SYNPCC7002_RS10050,SYNPCC7002_RS08590,0.0803531936004536
SYNPCC7002_RS12395,SYNPCC7002_RS05110,0.0803507844009474
SYNPCC7002_RS04780,SYNPCC7002_RS08630,0.0803458815776242
SYNPCC7002_RS15255,SYNPCC7002_RS14640,0.080343560699109
SYNPCC7002_RS08965,SYNPCC7002_RS02275,0.0803403418069052
SYNPCC7002_RS12395,SYNPCC7002_RS11690,0.080335602546877
SYNPCC7002_RS16320,SYNPCC7002_RS01630,0.0803256578704669
SYNPCC7002_RS08390,SYNPCC7002_RS12290,0.0803241432239682
SYNPCC7002_RS09780,SYNPCC7002_RS16470,0.080313170412657
SYNPCC7002_RS01335,SYNPCC7002_RS10375,0.0803119492161091
SYNPCC7002_RS02715,SYNPCC7002_RS11000,0.080307027030833
SYNPCC7002_RS04650,SYNPCC7002_RS13670,0.0803061663026844
SYNPCC7002_RS09995,SYNPCC7002_RS01380,0.0802979495997144
SYNPCC7002_RS09820,SYNPCC7002_RS10825,0.0802967119459994
SYNPCC7002_RS04650,SYNPCC7002_RS08360,0.0802801654079651
SYNPCC7002_RS03950,SYNPCC7002_RS07920,0.0802798653510237
SYNPCC7002_RS15255,SYNPCC7002_RS17225,0.0802672357204607
SYNPCC7002_RS08255,SYNPCC7002_RS06805,0.08026311675072
SYNPCC7002_RS09820,SYNPCC7002_RS04150,0.0802630099156167
SYNPCC7002_RS09175,SYNPCC7002_RS12340,0.0802605781819676
SYNPCC7002_RS15720,SYNPCC7002_RS16290,0.0802505140143419
SYNPCC7002_RS05985,SYNPCC7002_RS08600,0.0802504079213578
SYNPCC7002_RS10050,SYNPCC7002_RS06385,0.0802429344121547
SYNPCC7002_RS09630,SYNPCC7002_RS10635,0.0802421865952354
SYNPCC7002_RS12515,SYNPCC7002_RS05610,0.080232809232153
SYNPCC7002_RS06540,SYNPCC7002_RS12360,0.0802311737177172
SYNPCC7002_RS02715,SYNPCC7002_RS14165,0.080229855667997
SYNPCC7002_RS03030,SYNPCC7002_RS01590,0.080228894415428
SYNPCC7002_RS14440,SYNPCC7002_RS14390,0.0802265384337491
SYNPCC7002_RS08965,SYNPCC7002_RS06890,0.0802219787999266
SYNPCC7002_RS02455,SYNPCC7002_RS01620,0.0802150209872901
SYNPCC7002_RS09320,SYNPCC7002_RS11290,0.0802124919164628
SYNPCC7002_RS08255,SYNPCC7002_RS00675,0.0802107795331114
SYNPCC7002_RS10050,SYNPCC7002_RS06590,0.0802071905410492
SYNPCC7002_RS09195,SYNPCC7002_RS04605,0.080205043635149
SYNPCC7002_RS06150,SYNPCC7002_RS09695,0.0802033839253995
SYNPCC7002_RS07295,SYNPCC7002_RS16900,0.0801998974803865
SYNPCC7002_RS00260,SYNPCC7002_RS11275,0.080195125055137
SYNPCC7002_RS07385,SYNPCC7002_RS00725,0.0801799061683424
SYNPCC7002_RS00650,SYNPCC7002_RS10505,0.0801761679157865
SYNPCC7002_RS08965,SYNPCC7002_RS12825,0.0801694685420397
SYNPCC7002_RS05985,SYNPCC7002_RS16995,0.0801680891339719
SYNPCC7002_RS14790,SYNPCC7002_RS09330,0.0801676764542579
SYNPCC7002_RS14790,SYNPCC7002_RS12195,0.0801604165509412
SYNPCC7002_RS09320,SYNPCC7002_RS01600,0.0801523764142155
SYNPCC7002_RS08390,SYNPCC7002_RS07905,0.0801515793950679
SYNPCC7002_RS08210,SYNPCC7002_RS12115,0.0801395019931782
SYNPCC7002_RS04250,SYNPCC7002_RS06230,0.0801353229150094
SYNPCC7002_RS04780,SYNPCC7002_RS02985,0.0801327545044007
SYNPCC7002_RS16320,SYNPCC7002_RS04165,0.0801293259259638
SYNPCC7002_RS09260,SYNPCC7002_RS06105,0.0801242163844207
SYNPCC7002_RS15255,SYNPCC7002_RS11475,0.0801089877133195
SYNPCC7002_RS04250,SYNPCC7002_RS04595,0.0800935056967908
SYNPCC7002_RS11685,SYNPCC7002_RS09115,0.0800888507218366
SYNPCC7002_RS10050,SYNPCC7002_RS01170,0.0800706874487089
SYNPCC7002_RS01800,SYNPCC7002_RS02460,0.0800682942184265
SYNPCC7002_RS01420,SYNPCC7002_RS14860,0.0800636934402411
SYNPCC7002_RS01335,SYNPCC7002_RS15590,0.0800611411166709
SYNPCC7002_RS08390,SYNPCC7002_RS12785,0.0800609329440243
SYNPCC7002_RS15410,SYNPCC7002_RS07365,0.0800562928562848
SYNPCC7002_RS08965,SYNPCC7002_RS13980,0.0800503515078479
SYNPCC7002_RS04780,SYNPCC7002_RS09265,0.0800493164648786
SYNPCC7002_RS08945,SYNPCC7002_RS10330,0.0800469723851863
SYNPCC7002_RS03030,SYNPCC7002_RS01125,0.080042104099316
SYNPCC7002_RS04890,SYNPCC7002_RS09025,0.0800368345092196
SYNPCC7002_RS07385,SYNPCC7002_RS10720,0.0800353493782508
SYNPCC7002_RS15410,SYNPCC7002_RS07635,0.0800310929450674
SYNPCC7002_RS09845,SYNPCC7002_RS11645,0.0800249422609781
SYNPCC7002_RS02455,SYNPCC7002_RS08680,0.0800232306282537
SYNPCC7002_RS01420,SYNPCC7002_RS17035,0.080015217148104
SYNPCC7002_RS08255,SYNPCC7002_RS12570,0.0800083122068591
SYNPCC7002_RS00640,SYNPCC7002_RS06155,0.0800036521863335
SYNPCC7002_RS06005,SYNPCC7002_RS14550,0.0799977471019746
SYNPCC7002_RS08965,SYNPCC7002_RS00230,0.0799959929546481
SYNPCC7002_RS06540,SYNPCC7002_RS12770,0.0799927291765346
SYNPCC7002_RS04650,SYNPCC7002_RS12510,0.0799916183606456
SYNPCC7002_RS08210,SYNPCC7002_RS09830,0.0799900860255642
SYNPCC7002_RS10050,SYNPCC7002_RS00200,0.0799896246148643
SYNPCC7002_RS09420,SYNPCC7002_RS10740,0.0799849194685145
SYNPCC7002_RS08965,SYNPCC7002_RS08735,0.0799838736887998
SYNPCC7002_RS09820,SYNPCC7002_RS05880,0.0799800730089537
SYNPCC7002_RS09995,SYNPCC7002_RS16640,0.0799765783581364
SYNPCC7002_RS04780,SYNPCC7002_RS16070,0.0799654201442091
SYNPCC7002_RS05985,SYNPCC7002_RS02270,0.0799450892796494
SYNPCC7002_RS01335,SYNPCC7002_RS04815,0.0799273734313538
SYNPCC7002_RS04890,SYNPCC7002_RS11240,0.0799262828950928
SYNPCC7002_RS08945,SYNPCC7002_RS06285,0.0799227898144832
SYNPCC7002_RS09780,SYNPCC7002_RS11950,0.0799226761692653
SYNPCC7002_RS05135,SYNPCC7002_RS10890,0.0799210540228424
SYNPCC7002_RS06150,SYNPCC7002_RS07955,0.0799151931242887
SYNPCC7002_RS14440,SYNPCC7002_RS17245,0.0799124759454818
SYNPCC7002_RS10050,SYNPCC7002_RS14410,0.0799110425864077
SYNPCC7002_RS03295,SYNPCC7002_RS09360,0.0799095163616615
SYNPCC7002_RS03030,SYNPCC7002_RS16095,0.0799077983907895
SYNPCC7002_RS01420,SYNPCC7002_RS08555,0.0799021066865041
SYNPCC7002_RS07385,SYNPCC7002_RS10235,0.0799020833467433
SYNPCC7002_RS15520,SYNPCC7002_RS16265,0.0798999699645376
SYNPCC7002_RS05135,SYNPCC7002_RS09785,0.0798942768090994
SYNPCC7002_RS01335,SYNPCC7002_RS06815,0.0798811803959161
SYNPCC7002_RS15410,SYNPCC7002_RS08455,0.0798809839562163
SYNPCC7002_RS09995,SYNPCC7002_RS05480,0.0798737707446342
SYNPCC7002_RS04650,SYNPCC7002_RS09525,0.0798651628261379
SYNPCC7002_RS15680,SYNPCC7002_RS02975,0.0798644845735778
SYNPCC7002_RS07385,SYNPCC7002_RS01670,0.0798587861356948
SYNPCC7002_RS09320,SYNPCC7002_RS03835,0.0798489580644849
SYNPCC7002_RS09995,SYNPCC7002_RS02530,0.0798397269375878
SYNPCC7002_RS08965,SYNPCC7002_RS06775,0.0798351804649306
SYNPCC7002_RS02455,SYNPCC7002_RS06210,0.0798351481776792
SYNPCC7002_RS01335,SYNPCC7002_RS05945,0.0798347627211491
SYNPCC7002_RS06540,SYNPCC7002_RS10625,0.0798313101641125
SYNPCC7002_RS08965,SYNPCC7002_RS11680,0.0798266243904817
SYNPCC7002_RS10050,SYNPCC7002_RS00585,0.0798197950143606
SYNPCC7002_RS15255,SYNPCC7002_RS05105,0.0798155093558428
SYNPCC7002_RS01420,SYNPCC7002_RS00080,0.0798070689672006
SYNPCC7002_RS15520,SYNPCC7002_RS04530,0.0797994834032677
SYNPCC7002_RS03950,SYNPCC7002_RS16835,0.0797912068897029
SYNPCC7002_RS05135,SYNPCC7002_RS12955,0.0797854021875125
SYNPCC7002_RS14790,SYNPCC7002_RS08140,0.0797788036543165
SYNPCC7002_RS08965,SYNPCC7002_RS09125,0.0797785249645554
SYNPCC7002_RS08390,SYNPCC7002_RS05340,0.0797717722977547
SYNPCC7002_RS04250,SYNPCC7002_RS04855,0.0797707198846859
SYNPCC7002_RS03030,SYNPCC7002_RS02595,0.0797680924641358
SYNPCC7002_RS15680,SYNPCC7002_RS10635,0.0797598857791109
SYNPCC7002_RS04780,SYNPCC7002_RS12750,0.0797529712085783
SYNPCC7002_RS00260,SYNPCC7002_RS04975,0.0797509253075771
SYNPCC7002_RS08390,SYNPCC7002_RS09345,0.079740860938593
SYNPCC7002_RS09780,SYNPCC7002_RS00405,0.0797391634570067
SYNPCC7002_RS07385,SYNPCC7002_RS15815,0.0797364601067487
SYNPCC7002_RS15410,SYNPCC7002_RS07935,0.0797167102991486
SYNPCC7002_RS11400,SYNPCC7002_RS03375,0.0797084768185097
SYNPCC7002_RS11400,SYNPCC7002_RS08940,0.079703277595169
SYNPCC7002_RS08390,SYNPCC7002_RS12740,0.0797031265994197
SYNPCC7002_RS12395,SYNPCC7002_RS05180,0.0796990531291804
SYNPCC7002_RS05135,SYNPCC7002_RS00305,0.0796981719215211
SYNPCC7002_RS01800,SYNPCC7002_RS05695,0.0796966579092791
SYNPCC7002_RS00050,SYNPCC7002_RS13255,0.0796785986124175
SYNPCC7002_RS07295,SYNPCC7002_RS01275,0.0796763091028252
SYNPCC7002_RS09820,SYNPCC7002_RS11620,0.0796735721180577
SYNPCC7002_RS10050,SYNPCC7002_RS07725,0.0796670208570495
SYNPCC7002_RS08945,SYNPCC7002_RS06440,0.0796660086113376
SYNPCC7002_RS08965,SYNPCC7002_RS06315,0.0796642886334702
SYNPCC7002_RS12395,SYNPCC7002_RS10610,0.0796580775602739
SYNPCC7002_RS02715,SYNPCC7002_RS08895,0.0796536217394355
SYNPCC7002_RS08945,SYNPCC7002_RS09030,0.0796488128930644
SYNPCC7002_RS04250,SYNPCC7002_RS00915,0.079648077854769
SYNPCC7002_RS15520,SYNPCC7002_RS07375,0.0796471564869538
SYNPCC7002_RS02715,SYNPCC7002_RS05730,0.0796443004270374
SYNPCC7002_RS06005,SYNPCC7002_RS14210,0.0796367229689598
SYNPCC7002_RS09845,SYNPCC7002_RS07185,0.0796358719500629
SYNPCC7002_RS11400,SYNPCC7002_RS06540,0.0796243891423858
SYNPCC7002_RS04780,SYNPCC7002_RS04720,0.0796229534137038
SYNPCC7002_RS08965,SYNPCC7002_RS09320,0.0796124047351786
SYNPCC7002_RS12395,SYNPCC7002_RS04245,0.0795981234750499
SYNPCC7002_RS00010,SYNPCC7002_RS01950,0.0795975925184617
SYNPCC7002_RS15520,SYNPCC7002_RS06125,0.0795938371243408
SYNPCC7002_RS08965,SYNPCC7002_RS06205,0.0795854817966863
SYNPCC7002_RS02715,SYNPCC7002_RS10195,0.0795788738893635
SYNPCC7002_RS03030,SYNPCC7002_RS07385,0.0795713131264489
SYNPCC7002_RS08945,SYNPCC7002_RS02930,0.0795704439210369
SYNPCC7002_RS08965,SYNPCC7002_RS12870,0.0795681219849125
SYNPCC7002_RS07385,SYNPCC7002_RS08815,0.0795580363390938
SYNPCC7002_RS00260,SYNPCC7002_RS12085,0.07955667945834
SYNPCC7002_RS15680,SYNPCC7002_RS11475,0.0795429681109443
SYNPCC7002_RS08390,SYNPCC7002_RS16600,0.0795390995844705
SYNPCC7002_RS08210,SYNPCC7002_RS15910,0.0795308949070712
SYNPCC7002_RS01800,SYNPCC7002_RS13295,0.0795114204019066
SYNPCC7002_RS05460,SYNPCC7002_RS14005,0.0795103849372975
SYNPCC7002_RS00650,SYNPCC7002_RS16200,0.0795010560721536
SYNPCC7002_RS04680,SYNPCC7002_RS00230,0.0794943334446928
SYNPCC7002_RS01335,SYNPCC7002_RS13690,0.0794919603950754
SYNPCC7002_RS12395,SYNPCC7002_RS11100,0.0794907176710245
SYNPCC7002_RS08860,SYNPCC7002_RS02720,0.0794791182751872
SYNPCC7002_RS09260,SYNPCC7002_RS13410,0.0794717198023346
SYNPCC7002_RS10145,SYNPCC7002_RS15745,0.0794699782413554
SYNPCC7002_RS12105,SYNPCC7002_RS08600,0.0794690218106618
SYNPCC7002_RS04680,SYNPCC7002_RS08730,0.0794660721697675
SYNPCC7002_RS00640,SYNPCC7002_RS06430,0.079465852078502
SYNPCC7002_RS08965,SYNPCC7002_RS08640,0.079458890766668
SYNPCC7002_RS08965,SYNPCC7002_RS03015,0.0794515323125558
SYNPCC7002_RS09320,SYNPCC7002_RS03485,0.0794430759954153
SYNPCC7002_RS05460,SYNPCC7002_RS14335,0.0794409138366005
SYNPCC7002_RS06005,SYNPCC7002_RS11750,0.0794397534205785
SYNPCC7002_RS15520,SYNPCC7002_RS14290,0.0794386741214717
SYNPCC7002_RS09780,SYNPCC7002_RS05590,0.079433419250453
SYNPCC7002_RS09320,SYNPCC7002_RS01035,0.0794262624255696
SYNPCC7002_RS04890,SYNPCC7002_RS01575,0.0794235918403181
SYNPCC7002_RS03950,SYNPCC7002_RS15245,0.0794230100069236
SYNPCC7002_RS02455,SYNPCC7002_RS10510,0.0794209417231474
SYNPCC7002_RS08390,SYNPCC7002_RS03435,0.0794176220721887
SYNPCC7002_RS10050,SYNPCC7002_RS15080,0.0794149187940544
SYNPCC7002_RS16320,SYNPCC7002_RS15315,0.0794145762047603
SYNPCC7002_RS12515,SYNPCC7002_RS13020,0.0794135765996551
SYNPCC7002_RS13450,SYNPCC7002_RS11650,0.0794108964375063
SYNPCC7002_RS08945,SYNPCC7002_RS11155,0.0794078689398853
SYNPCC7002_RS08390,SYNPCC7002_RS15935,0.0794023550723396
SYNPCC7002_RS05135,SYNPCC7002_RS16445,0.0794020476540959
SYNPCC7002_RS12395,SYNPCC7002_RS05595,0.0794011789606562
SYNPCC7002_RS05985,SYNPCC7002_RS10030,0.0793957237179894
SYNPCC7002_RS04250,SYNPCC7002_RS11540,0.0793931475408577
SYNPCC7002_RS00650,SYNPCC7002_RS00635,0.0793875492674598
SYNPCC7002_RS00050,SYNPCC7002_RS03715,0.0793852731533322
SYNPCC7002_RS07385,SYNPCC7002_RS13320,0.0793832343917122
SYNPCC7002_RS08965,SYNPCC7002_RS13250,0.0793738988004911
SYNPCC7002_RS08965,SYNPCC7002_RS06415,0.0793678012189431
SYNPCC7002_RS09995,SYNPCC7002_RS02900,0.0793515427533099
SYNPCC7002_RS00010,SYNPCC7002_RS03320,0.0793443669117147
SYNPCC7002_RS10050,SYNPCC7002_RS09825,0.0793402287178975
SYNPCC7002_RS09845,SYNPCC7002_RS05890,0.0793333398642957
SYNPCC7002_RS03295,SYNPCC7002_RS09150,0.0793316862605138
SYNPCC7002_RS04890,SYNPCC7002_RS01655,0.0793312331183939
SYNPCC7002_RS09260,SYNPCC7002_RS02475,0.079329873460837
SYNPCC7002_RS08210,SYNPCC7002_RS02690,0.0793190420164955
SYNPCC7002_RS09175,SYNPCC7002_RS06345,0.079317407315565
SYNPCC7002_RS05985,SYNPCC7002_RS06470,0.0793168423920243
SYNPCC7002_RS00690,SYNPCC7002_RS08075,0.0793151025999156
SYNPCC7002_RS05460,SYNPCC7002_RS15550,0.0793138464303222
SYNPCC7002_RS15520,SYNPCC7002_RS04790,0.0793055712570219
SYNPCC7002_RS05135,SYNPCC7002_RS04010,0.0793011722130544
SYNPCC7002_RS10050,SYNPCC7002_RS07745,0.0792913253720648
SYNPCC7002_RS01335,SYNPCC7002_RS06015,0.0792858352931763
SYNPCC7002_RS02455,SYNPCC7002_RS07235,0.0792819145780422
SYNPCC7002_RS04890,SYNPCC7002_RS14250,0.0792724907087616
SYNPCC7002_RS10050,SYNPCC7002_RS04475,0.0792695455584536
SYNPCC7002_RS11400,SYNPCC7002_RS08255,0.0792688238565814
SYNPCC7002_RS04250,SYNPCC7002_RS04375,0.0792611977020732
SYNPCC7002_RS01800,SYNPCC7002_RS01340,0.0792574627864625
SYNPCC7002_RS10145,SYNPCC7002_RS10140,0.0792444579745951
SYNPCC7002_RS03030,SYNPCC7002_RS11880,0.0792406042690502
SYNPCC7002_RS11685,SYNPCC7002_RS00885,0.0792371940975649
SYNPCC7002_RS08945,SYNPCC7002_RS00665,0.0792342486155638
SYNPCC7002_RS12090,SYNPCC7002_RS11290,0.0792336000719083
SYNPCC7002_RS04250,SYNPCC7002_RS04010,0.0792237745543816
SYNPCC7002_RS15255,SYNPCC7002_RS06460,0.0792209271439887
SYNPCC7002_RS04250,SYNPCC7002_RS13820,0.0792182316559331
SYNPCC7002_RS15410,SYNPCC7002_RS07305,0.0792032118600608
SYNPCC7002_RS10050,SYNPCC7002_RS00645,0.079198292484965
SYNPCC7002_RS09630,SYNPCC7002_RS12195,0.0791913660324328
SYNPCC7002_RS04780,SYNPCC7002_RS04445,0.0791890835468514
SYNPCC7002_RS12395,SYNPCC7002_RS03750,0.0791880554657667
SYNPCC7002_RS04780,SYNPCC7002_RS15280,0.0791853851350038
SYNPCC7002_RS15520,SYNPCC7002_RS01875,0.079168302370781
SYNPCC7002_RS00010,SYNPCC7002_RS01625,0.0791529815563969
SYNPCC7002_RS09090,SYNPCC7002_RS15720,0.0791486065195098
SYNPCC7002_RS09820,SYNPCC7002_RS15120,0.0791424708506707
SYNPCC7002_RS04680,SYNPCC7002_RS03860,0.0791412699845436
SYNPCC7002_RS01085,SYNPCC7002_RS13995,0.0791406620316408
SYNPCC7002_RS15680,SYNPCC7002_RS10555,0.0791387186489192
SYNPCC7002_RS05985,SYNPCC7002_RS03785,0.079134629903081
SYNPCC7002_RS10050,SYNPCC7002_RS09910,0.0791320689327842
SYNPCC7002_RS12105,SYNPCC7002_RS02360,0.0791290007732334
SYNPCC7002_RS12395,SYNPCC7002_RS11155,0.0791279370655689
SYNPCC7002_RS08255,SYNPCC7002_RS10855,0.0791268239175946
SYNPCC7002_RS04780,SYNPCC7002_RS15520,0.0791242518383704
SYNPCC7002_RS01420,SYNPCC7002_RS10815,0.0791229715594526
SYNPCC7002_RS16320,SYNPCC7002_RS15100,0.0791133423691804
SYNPCC7002_RS00640,SYNPCC7002_RS00985,0.0791133081986762
SYNPCC7002_RS05135,SYNPCC7002_RS08220,0.0791131699975883
SYNPCC7002_RS04780,SYNPCC7002_RS12740,0.0791080238074155
SYNPCC7002_RS12395,SYNPCC7002_RS16155,0.0791016809059384
SYNPCC7002_RS08945,SYNPCC7002_RS01400,0.079099096906058
SYNPCC7002_RS01335,SYNPCC7002_RS06110,0.0790982615532898
SYNPCC7002_RS06165,SYNPCC7002_RS13935,0.0790933445062544
SYNPCC7002_RS05135,SYNPCC7002_RS16130,0.0790851843110639
SYNPCC7002_RS09780,SYNPCC7002_RS01765,0.079081499840084
SYNPCC7002_RS04650,SYNPCC7002_RS05905,0.0790801806900553
SYNPCC7002_RS04680,SYNPCC7002_RS00970,0.0790710887521765
SYNPCC7002_RS15680,SYNPCC7002_RS09310,0.0790693175262332
SYNPCC7002_RS04250,SYNPCC7002_RS11030,0.0790665526534157
SYNPCC7002_RS09630,SYNPCC7002_RS10115,0.0790659611236372
SYNPCC7002_RS08210,SYNPCC7002_RS13325,0.0790623197269402
SYNPCC7002_RS08210,SYNPCC7002_RS08955,0.0790570323331614
SYNPCC7002_RS11685,SYNPCC7002_RS03385,0.0790533995136254
SYNPCC7002_RS08965,SYNPCC7002_RS10505,0.0790503860632274
SYNPCC7002_RS02715,SYNPCC7002_RS06915,0.0790480468723181
SYNPCC7002_RS09320,SYNPCC7002_RS01880,0.0790406486548543
SYNPCC7002_RS11685,SYNPCC7002_RS09965,0.0790368139139042
SYNPCC7002_RS09780,SYNPCC7002_RS11955,0.079033660856553
SYNPCC7002_RS12515,SYNPCC7002_RS10065,0.0790250329308029
SYNPCC7002_RS08945,SYNPCC7002_RS02955,0.0790239775323794
SYNPCC7002_RS04650,SYNPCC7002_RS10130,0.0790212626671241
SYNPCC7002_RS15410,SYNPCC7002_RS08330,0.079019405880943
SYNPCC7002_RS07295,SYNPCC7002_RS08330,0.0790170069075018
SYNPCC7002_RS08945,SYNPCC7002_RS10735,0.0790169119625888
SYNPCC7002_RS08965,SYNPCC7002_RS13260,0.0790033003510793
SYNPCC7002_RS00690,SYNPCC7002_RS07095,0.0790007511650288
SYNPCC7002_RS02715,SYNPCC7002_RS04310,0.0789971045013053
SYNPCC7002_RS09630,SYNPCC7002_RS13145,0.0789969694918809
SYNPCC7002_RS06540,SYNPCC7002_RS12870,0.0789873165066566
SYNPCC7002_RS09260,SYNPCC7002_RS03555,0.0789863514560668
SYNPCC7002_RS10050,SYNPCC7002_RS15305,0.0789849941906789
SYNPCC7002_RS08965,SYNPCC7002_RS03780,0.0789847188919995
SYNPCC7002_RS09780,SYNPCC7002_RS15475,0.0789828714502417
SYNPCC7002_RS04250,SYNPCC7002_RS10680,0.0789797854279802
SYNPCC7002_RS08255,SYNPCC7002_RS13105,0.0789764392316307
SYNPCC7002_RS04780,SYNPCC7002_RS11940,0.078975610120423
SYNPCC7002_RS08965,SYNPCC7002_RS05700,0.0789739381214896
SYNPCC7002_RS04250,SYNPCC7002_RS07005,0.0789721787136242
SYNPCC7002_RS04890,SYNPCC7002_RS11585,0.0789716925705801
SYNPCC7002_RS08390,SYNPCC7002_RS04720,0.078969301440366
SYNPCC7002_RS09820,SYNPCC7002_RS02710,0.0789665022341218
SYNPCC7002_RS08210,SYNPCC7002_RS10405,0.0789563189620219
SYNPCC7002_RS08965,SYNPCC7002_RS10465,0.0789506800233152
SYNPCC7002_RS03030,SYNPCC7002_RS15235,0.0789489159732734
SYNPCC7002_RS07385,SYNPCC7002_RS00435,0.0789415428996076
SYNPCC7002_RS08965,SYNPCC7002_RS01600,0.078928553627707
SYNPCC7002_RS08860,SYNPCC7002_RS13915,0.0789231240245644
SYNPCC7002_RS00640,SYNPCC7002_RS09625,0.0789150829690181
SYNPCC7002_RS05135,SYNPCC7002_RS16795,0.07890677552086
SYNPCC7002_RS07385,SYNPCC7002_RS03030,0.0789064185851536
SYNPCC7002_RS02715,SYNPCC7002_RS05150,0.0789056339150872
SYNPCC7002_RS05135,SYNPCC7002_RS11585,0.0789005817256774
SYNPCC7002_RS04680,SYNPCC7002_RS05560,0.0788978178329958
SYNPCC7002_RS15410,SYNPCC7002_RS08900,0.078895492833241
SYNPCC7002_RS02715,SYNPCC7002_RS15080,0.0788925149773112
SYNPCC7002_RS08210,SYNPCC7002_RS06795,0.0788902590623912
SYNPCC7002_RS12090,SYNPCC7002_RS00190,0.0788869933729496
SYNPCC7002_RS12395,SYNPCC7002_RS12150,0.0788855191525166
SYNPCC7002_RS08965,SYNPCC7002_RS01780,0.0788833446762563
SYNPCC7002_RS04780,SYNPCC7002_RS05035,0.0788680479915612
SYNPCC7002_RS00260,SYNPCC7002_RS08825,0.0788649314514898
SYNPCC7002_RS03030,SYNPCC7002_RS02075,0.0788619763213865
SYNPCC7002_RS05135,SYNPCC7002_RS01655,0.0788605508860232
SYNPCC7002_RS03030,SYNPCC7002_RS02395,0.0788574010722806
SYNPCC7002_RS00690,SYNPCC7002_RS11865,0.0788461982332014
SYNPCC7002_RS08965,SYNPCC7002_RS07080,0.0788421526850668
SYNPCC7002_RS05985,SYNPCC7002_RS16440,0.0788392222076396
SYNPCC7002_RS12395,SYNPCC7002_RS11240,0.0788340946339154
SYNPCC7002_RS04780,SYNPCC7002_RS16770,0.0788333152663085
SYNPCC7002_RS03760,SYNPCC7002_RS08555,0.0788314409835111
SYNPCC7002_RS12395,SYNPCC7002_RS07590,0.0788302566686224
SYNPCC7002_RS04680,SYNPCC7002_RS12375,0.0788273182095145
SYNPCC7002_RS03760,SYNPCC7002_RS14725,0.0788249750893291
SYNPCC7002_RS09320,SYNPCC7002_RS12055,0.0788216401364889
SYNPCC7002_RS12090,SYNPCC7002_RS02360,0.0788184793527308
SYNPCC7002_RS09320,SYNPCC7002_RS12660,0.0788143453831638
SYNPCC7002_RS08390,SYNPCC7002_RS11635,0.0788140643005586
SYNPCC7002_RS15255,SYNPCC7002_RS10560,0.0787996317341753
SYNPCC7002_RS16320,SYNPCC7002_RS02975,0.0787967816430942
SYNPCC7002_RS07295,SYNPCC7002_RS07515,0.0787964964951046
SYNPCC7002_RS14790,SYNPCC7002_RS05345,0.078794087341588
SYNPCC7002_RS15410,SYNPCC7002_RS08515,0.0787848169962197
SYNPCC7002_RS11400,SYNPCC7002_RS08490,0.0787838872395178
SYNPCC7002_RS04780,SYNPCC7002_RS11145,0.0787801714854148
SYNPCC7002_RS00010,SYNPCC7002_RS04185,0.0787778290814427
SYNPCC7002_RS11685,SYNPCC7002_RS03070,0.0787766043571163
SYNPCC7002_RS05985,SYNPCC7002_RS07085,0.0787756587163481
SYNPCC7002_RS08390,SYNPCC7002_RS01670,0.0787748932208677
SYNPCC7002_RS00050,SYNPCC7002_RS00770,0.07877174046307
SYNPCC7002_RS01420,SYNPCC7002_RS05285,0.0787636755617775
SYNPCC7002_RS01335,SYNPCC7002_RS04910,0.0787597365776209
SYNPCC7002_RS12395,SYNPCC7002_RS01795,0.078753720997433
SYNPCC7002_RS03760,SYNPCC7002_RS06255,0.0787470569729642
SYNPCC7002_RS06150,SYNPCC7002_RS15770,0.0787467069540334
SYNPCC7002_RS07295,SYNPCC7002_RS07660,0.0787445308100977
SYNPCC7002_RS03030,SYNPCC7002_RS11085,0.078743331187172
SYNPCC7002_RS11400,SYNPCC7002_RS02730,0.0787337471510015
SYNPCC7002_RS00650,SYNPCC7002_RS11835,0.0787244090087026
SYNPCC7002_RS05460,SYNPCC7002_RS15075,0.0787193139245
SYNPCC7002_RS15520,SYNPCC7002_RS08335,0.0787166495734587
SYNPCC7002_RS01335,SYNPCC7002_RS05335,0.0787092523816944
SYNPCC7002_RS04780,SYNPCC7002_RS03855,0.0787072168799103
SYNPCC7002_RS04780,SYNPCC7002_RS01620,0.078694661275578
SYNPCC7002_RS10050,SYNPCC7002_RS05800,0.0786780118144882
SYNPCC7002_RS02455,SYNPCC7002_RS14915,0.0786583670901754
SYNPCC7002_RS09260,SYNPCC7002_RS04965,0.0786550598379248
SYNPCC7002_RS04650,SYNPCC7002_RS13060,0.078654774107642
SYNPCC7002_RS10050,SYNPCC7002_RS01360,0.0786525524847409
SYNPCC7002_RS04250,SYNPCC7002_RS05705,0.0786501926695558
SYNPCC7002_RS00690,SYNPCC7002_RS13560,0.0786391498805736
SYNPCC7002_RS09995,SYNPCC7002_RS00385,0.0786379966375304
SYNPCC7002_RS15255,SYNPCC7002_RS15130,0.0786361483140984
SYNPCC7002_RS09320,SYNPCC7002_RS13250,0.0786314740839032
SYNPCC7002_RS05135,SYNPCC7002_RS03525,0.0786243953840744
SYNPCC7002_RS10050,SYNPCC7002_RS06570,0.0786231538084791
SYNPCC7002_RS07385,SYNPCC7002_RS08985,0.0786222673968471
SYNPCC7002_RS04650,SYNPCC7002_RS06320,0.0786078907937251
SYNPCC7002_RS04650,SYNPCC7002_RS01485,0.0786044761012521
SYNPCC7002_RS01335,SYNPCC7002_RS02385,0.0785919858523968
SYNPCC7002_RS11685,SYNPCC7002_RS02935,0.078590085247257
SYNPCC7002_RS07295,SYNPCC7002_RS05945,0.0785882432566326
SYNPCC7002_RS12395,SYNPCC7002_RS09520,0.0785880665358159
SYNPCC7002_RS08965,SYNPCC7002_RS12660,0.078585599445164
SYNPCC7002_RS09260,SYNPCC7002_RS00110,0.0785854333143006
SYNPCC7002_RS08255,SYNPCC7002_RS04570,0.0785808752779277
SYNPCC7002_RS03030,SYNPCC7002_RS06420,0.0785802108154924
SYNPCC7002_RS04250,SYNPCC7002_RS02790,0.0785757861999466
SYNPCC7002_RS08965,SYNPCC7002_RS10470,0.0785735121391065
SYNPCC7002_RS01085,SYNPCC7002_RS00480,0.0785714459999271
SYNPCC7002_RS15520,SYNPCC7002_RS07980,0.078559814023277
SYNPCC7002_RS03030,SYNPCC7002_RS11665,0.0785575671836148
SYNPCC7002_RS03030,SYNPCC7002_RS07315,0.0785559346220823
SYNPCC7002_RS00010,SYNPCC7002_RS01275,0.0785551556852421
SYNPCC7002_RS00050,SYNPCC7002_RS04590,0.0785542046899822
SYNPCC7002_RS09320,SYNPCC7002_RS05040,0.0785405982119599
SYNPCC7002_RS05135,SYNPCC7002_RS11955,0.0785403237552339
SYNPCC7002_RS08390,SYNPCC7002_RS02385,0.0785360237958954
SYNPCC7002_RS01420,SYNPCC7002_RS05280,0.078511625032988
SYNPCC7002_RS08965,SYNPCC7002_RS06540,0.0784869554714721
SYNPCC7002_RS10050,SYNPCC7002_RS15970,0.0784854546480082
SYNPCC7002_RS08210,SYNPCC7002_RS09740,0.0784831598896719
SYNPCC7002_RS03295,SYNPCC7002_RS14355,0.0784826500618812
SYNPCC7002_RS08965,SYNPCC7002_RS07385,0.0784822076787747
SYNPCC7002_RS00690,SYNPCC7002_RS12465,0.0784706965663625
SYNPCC7002_RS08965,SYNPCC7002_RS00710,0.0784683759524657
SYNPCC7002_RS08965,SYNPCC7002_RS06300,0.0784658669138138
SYNPCC7002_RS10050,SYNPCC7002_RS03615,0.0784639383770978
SYNPCC7002_RS16320,SYNPCC7002_RS16830,0.078438012448541
SYNPCC7002_RS09780,SYNPCC7002_RS16320,0.0784290919947126
SYNPCC7002_RS01800,SYNPCC7002_RS06530,0.0784174970057799
SYNPCC7002_RS12395,SYNPCC7002_RS02100,0.0784156539439713
SYNPCC7002_RS09820,SYNPCC7002_RS13350,0.0784143126613109
SYNPCC7002_RS04890,SYNPCC7002_RS01745,0.0784143105575941
SYNPCC7002_RS08255,SYNPCC7002_RS04510,0.0784067649062854
SYNPCC7002_RS03030,SYNPCC7002_RS02485,0.07840475556076
SYNPCC7002_RS00260,SYNPCC7002_RS12280,0.0783991340632134
SYNPCC7002_RS10050,SYNPCC7002_RS03370,0.0783867053164691
SYNPCC7002_RS08965,SYNPCC7002_RS11285,0.0783764896997639
SYNPCC7002_RS07385,SYNPCC7002_RS14125,0.0783721275440698
SYNPCC7002_RS08210,SYNPCC7002_RS08120,0.0783710474818485
SYNPCC7002_RS02715,SYNPCC7002_RS15175,0.0783671877960863
SYNPCC7002_RS06540,SYNPCC7002_RS13020,0.0783661321569192
SYNPCC7002_RS09630,SYNPCC7002_RS11210,0.0783634071396626
SYNPCC7002_RS06150,SYNPCC7002_RS10630,0.0783618615185233
SYNPCC7002_RS07385,SYNPCC7002_RS01365,0.0783569775726393
SYNPCC7002_RS00690,SYNPCC7002_RS12335,0.0783550908160023
SYNPCC7002_RS04780,SYNPCC7002_RS00250,0.0783517096813398
SYNPCC7002_RS03030,SYNPCC7002_RS08210,0.0783484438228573
SYNPCC7002_RS09995,SYNPCC7002_RS00785,0.0783448126933872
SYNPCC7002_RS16320,SYNPCC7002_RS14810,0.0783392497675415
SYNPCC7002_RS15720,SYNPCC7002_RS15335,0.0783392027634178
SYNPCC7002_RS05460,SYNPCC7002_RS15990,0.0783343077921863
SYNPCC7002_RS08210,SYNPCC7002_RS15445,0.0783342941003368
SYNPCC7002_RS08945,SYNPCC7002_RS07475,0.0783309235117837
SYNPCC7002_RS05135,SYNPCC7002_RS00465,0.0783277919550311
SYNPCC7002_RS09780,SYNPCC7002_RS03690,0.0783177170482817
SYNPCC7002_RS03030,SYNPCC7002_RS15345,0.0783137803264726
SYNPCC7002_RS08860,SYNPCC7002_RS00925,0.07831317299523
SYNPCC7002_RS04780,SYNPCC7002_RS03780,0.0783077422527505
SYNPCC7002_RS16160,SYNPCC7002_RS15160,0.0782989700116344
SYNPCC7002_RS10050,SYNPCC7002_RS11515,0.0782948900363626
SYNPCC7002_RS08945,SYNPCC7002_RS07350,0.0782948120541148
SYNPCC7002_RS01420,SYNPCC7002_RS06080,0.0782941581311419
SYNPCC7002_RS08255,SYNPCC7002_RS12800,0.0782915436655164
SYNPCC7002_RS08965,SYNPCC7002_RS01610,0.0782904142458878
SYNPCC7002_RS08390,SYNPCC7002_RS14915,0.0782883816664272
SYNPCC7002_RS15520,SYNPCC7002_RS00845,0.0782881651662382
SYNPCC7002_RS10050,SYNPCC7002_RS04370,0.0782860682521136
SYNPCC7002_RS00690,SYNPCC7002_RS09765,0.0782831770872673
SYNPCC7002_RS04780,SYNPCC7002_RS07040,0.0782819638681176
SYNPCC7002_RS10050,SYNPCC7002_RS03290,0.0782741786969204
SYNPCC7002_RS08945,SYNPCC7002_RS10575,0.0782686939281077
SYNPCC7002_RS04890,SYNPCC7002_RS05305,0.0782673583766684
SYNPCC7002_RS10050,SYNPCC7002_RS08885,0.0782660036982535
SYNPCC7002_RS03030,SYNPCC7002_RS14290,0.0782639305117077
SYNPCC7002_RS06540,SYNPCC7002_RS10645,0.0782627545140087
SYNPCC7002_RS08390,SYNPCC7002_RS08625,0.0782612388264647
SYNPCC7002_RS04250,SYNPCC7002_RS07900,0.0782576210645352
SYNPCC7002_RS10050,SYNPCC7002_RS04840,0.0782527377469791
SYNPCC7002_RS15255,SYNPCC7002_RS02065,0.0782500584882954
SYNPCC7002_RS15520,SYNPCC7002_RS07990,0.0782465703688247
SYNPCC7002_RS00635,SYNPCC7002_RS02460,0.0782367196493632
SYNPCC7002_RS05460,SYNPCC7002_RS03945,0.0782325151100367
SYNPCC7002_RS00640,SYNPCC7002_RS06915,0.0782235370053472
SYNPCC7002_RS09995,SYNPCC7002_RS11115,0.0782221062116981
SYNPCC7002_RS08210,SYNPCC7002_RS00745,0.078217146433263
SYNPCC7002_RS16320,SYNPCC7002_RS10555,0.0782100500427395
SYNPCC7002_RS00640,SYNPCC7002_RS09440,0.0782079418192612
SYNPCC7002_RS09780,SYNPCC7002_RS01645,0.0782005657227432
SYNPCC7002_RS08965,SYNPCC7002_RS01080,0.0781990447219762
SYNPCC7002_RS04680,SYNPCC7002_RS15750,0.0781935564877387
SYNPCC7002_RS02455,SYNPCC7002_RS00960,0.0781924373677504
SYNPCC7002_RS08945,SYNPCC7002_RS00040,0.0781863010998843
SYNPCC7002_RS16160,SYNPCC7002_RS04135,0.0781842461512983
SYNPCC7002_RS08390,SYNPCC7002_RS08560,0.0781840923888878
SYNPCC7002_RS07295,SYNPCC7002_RS03100,0.0781739746780826
SYNPCC7002_RS07385,SYNPCC7002_RS06965,0.0781713500297893
SYNPCC7002_RS00640,SYNPCC7002_RS05160,0.0781702007588496
SYNPCC7002_RS15520,SYNPCC7002_RS03155,0.0781695024912566
SYNPCC7002_RS16320,SYNPCC7002_RS15625,0.0781693449623374
SYNPCC7002_RS11400,SYNPCC7002_RS01620,0.0781660502028305
SYNPCC7002_RS07385,SYNPCC7002_RS00960,0.0781629801747414
SYNPCC7002_RS05135,SYNPCC7002_RS11005,0.0781587559857583
