regulatoryGene,targetGene,weight
SYNPCC7002_RS00850,SYNPCC7002_RS00855,0.144321228637228
SYNPCC7002_RS00850,SYNPCC7002_RS00865,0.144112578895993
SYNPCC7002_RS09630,SYNPCC7002_RS13850,0.143399933586749
SYNPCC7002_RS00850,SYNPCC7002_RS00860,0.141581231148867
SYNPCC7002_RS15720,SYNPCC7002_RS15605,0.13831080911798
SYNPCC7002_RS00850,SYNPCC7002_RS12365,0.136730833887568
SYNPCC7002_RS09630,SYNPCC7002_RS12865,0.128951512523196
SYNPCC7002_RS14440,SYNPCC7002_RS14395,0.128539922299046
SYNPCC7002_RS15720,SYNPCC7002_RS15610,0.128205516625538
SYNPCC7002_RS15520,SYNPCC7002_RS08015,0.127849718660857
SYNPCC7002_RS12395,SYNPCC7002_RS09880,0.12734556604069
SYNPCC7002_RS14385,SYNPCC7002_RS14440,0.126619293718846
SYNPCC7002_RS14385,SYNPCC7002_RS14390,0.12596338944065
SYNPCC7002_RS00850,SYNPCC7002_RS12370,0.125657668451114
SYNPCC7002_RS14385,SYNPCC7002_RS14325,0.124766015225819
SYNPCC7002_RS06150,SYNPCC7002_RS05455,0.124449462809164
SYNPCC7002_RS05135,SYNPCC7002_RS06395,0.123967425829895
SYNPCC7002_RS05135,SYNPCC7002_RS05275,0.123896924700743
SYNPCC7002_RS06150,SYNPCC7002_RS00970,0.123714799286969
SYNPCC7002_RS00850,SYNPCC7002_RS02345,0.123634261081484
SYNPCC7002_RS12395,SYNPCC7002_RS07745,0.123602786355966
SYNPCC7002_RS00850,SYNPCC7002_RS02330,0.123034139230509
SYNPCC7002_RS05985,SYNPCC7002_RS11935,0.122820107404598
SYNPCC7002_RS05135,SYNPCC7002_RS05305,0.122577409551719
SYNPCC7002_RS15030,SYNPCC7002_RS14980,0.122532074968
SYNPCC7002_RS04780,SYNPCC7002_RS03930,0.122373322557277
SYNPCC7002_RS16320,SYNPCC7002_RS15605,0.121678748780371
SYNPCC7002_RS14440,SYNPCC7002_RS14385,0.121628759061163
SYNPCC7002_RS16320,SYNPCC7002_RS16755,0.121367497005353
SYNPCC7002_RS05135,SYNPCC7002_RS03680,0.121189322476863
SYNPCC7002_RS01420,SYNPCC7002_RS09430,0.120681554191132
SYNPCC7002_RS06150,SYNPCC7002_RS00975,0.120638600173607
SYNPCC7002_RS05985,SYNPCC7002_RS11540,0.120615926260193
SYNPCC7002_RS05135,SYNPCC7002_RS12395,0.120261758369593
SYNPCC7002_RS05135,SYNPCC7002_RS05130,0.120215635290575
SYNPCC7002_RS05135,SYNPCC7002_RS07725,0.120007177233874
SYNPCC7002_RS09630,SYNPCC7002_RS07915,0.119940114069951
SYNPCC7002_RS05135,SYNPCC7002_RS04845,0.119714969001484
SYNPCC7002_RS10050,SYNPCC7002_RS14480,0.119458901108537
SYNPCC7002_RS15680,SYNPCC7002_RS14640,0.118984540444741
SYNPCC7002_RS05135,SYNPCC7002_RS00270,0.118886113826858
SYNPCC7002_RS05135,SYNPCC7002_RS02425,0.118738763398475
SYNPCC7002_RS10050,SYNPCC7002_RS07760,0.118459492986991
SYNPCC7002_RS06165,SYNPCC7002_RS00740,0.118181511778214
SYNPCC7002_RS04650,SYNPCC7002_RS00040,0.11811050420852
SYNPCC7002_RS05135,SYNPCC7002_RS09130,0.118006008789199
SYNPCC7002_RS14440,SYNPCC7002_RS14455,0.117977831278214
SYNPCC7002_RS00850,SYNPCC7002_RS00870,0.117816788041376
SYNPCC7002_RS05460,SYNPCC7002_RS15440,0.117477063577349
SYNPCC7002_RS04780,SYNPCC7002_RS01670,0.117441748489503
SYNPCC7002_RS05135,SYNPCC7002_RS00730,0.11710909786245
SYNPCC7002_RS08965,SYNPCC7002_RS06560,0.116666130856586
SYNPCC7002_RS12395,SYNPCC7002_RS08660,0.116655343583152
SYNPCC7002_RS06150,SYNPCC7002_RS08495,0.116648657768461
SYNPCC7002_RS05460,SYNPCC7002_RS16575,0.116607260211741
SYNPCC7002_RS06150,SYNPCC7002_RS02625,0.116348406103604
SYNPCC7002_RS02715,SYNPCC7002_RS03745,0.116296114377818
SYNPCC7002_RS02715,SYNPCC7002_RS02710,0.116061298533964
SYNPCC7002_RS10050,SYNPCC7002_RS04320,0.116061210566634
SYNPCC7002_RS04650,SYNPCC7002_RS04535,0.115993908689602
SYNPCC7002_RS05135,SYNPCC7002_RS07810,0.115852223896193
SYNPCC7002_RS15680,SYNPCC7002_RS17045,0.115522699169751
SYNPCC7002_RS08175,SYNPCC7002_RS11890,0.115488752034408
SYNPCC7002_RS04650,SYNPCC7002_RS01865,0.115294210207196
SYNPCC7002_RS16320,SYNPCC7002_RS15610,0.115035133912617
SYNPCC7002_RS10050,SYNPCC7002_RS16130,0.114995241300278
SYNPCC7002_RS10050,SYNPCC7002_RS14545,0.114729872089382
SYNPCC7002_RS05135,SYNPCC7002_RS11730,0.11472176948684
SYNPCC7002_RS16320,SYNPCC7002_RS15890,0.114716029728942
SYNPCC7002_RS05135,SYNPCC7002_RS11955,0.114601188933561
SYNPCC7002_RS10050,SYNPCC7002_RS09865,0.11457821997107
SYNPCC7002_RS04780,SYNPCC7002_RS07385,0.114347197410807
SYNPCC7002_RS04650,SYNPCC7002_RS10870,0.114312669472228
SYNPCC7002_RS09630,SYNPCC7002_RS00090,0.114212850709244
SYNPCC7002_RS05460,SYNPCC7002_RS14425,0.114146174494064
SYNPCC7002_RS00635,SYNPCC7002_RS10410,0.114130806253716
SYNPCC7002_RS14440,SYNPCC7002_RS14380,0.11410726310516
SYNPCC7002_RS04650,SYNPCC7002_RS05600,0.113889971506035
SYNPCC7002_RS05135,SYNPCC7002_RS09655,0.113801727250955
SYNPCC7002_RS04250,SYNPCC7002_RS02950,0.11379265886485
SYNPCC7002_RS12395,SYNPCC7002_RS05195,0.113688854332547
SYNPCC7002_RS08175,SYNPCC7002_RS03410,0.113605993116336
SYNPCC7002_RS15680,SYNPCC7002_RS14650,0.113569686826514
SYNPCC7002_RS05135,SYNPCC7002_RS05250,0.113533432684181
SYNPCC7002_RS00050,SYNPCC7002_RS06470,0.1134111795951
SYNPCC7002_RS12395,SYNPCC7002_RS07780,0.113398177347546
SYNPCC7002_RS04890,SYNPCC7002_RS02850,0.113307697145717
SYNPCC7002_RS09630,SYNPCC7002_RS10480,0.113279298378029
SYNPCC7002_RS06150,SYNPCC7002_RS13385,0.113272453151244
SYNPCC7002_RS05135,SYNPCC7002_RS03090,0.113267763867688
SYNPCC7002_RS15680,SYNPCC7002_RS05675,0.113267733832427
SYNPCC7002_RS15720,SYNPCC7002_RS06460,0.113195501281983
SYNPCC7002_RS10050,SYNPCC7002_RS07595,0.113143853356052
SYNPCC7002_RS10050,SYNPCC7002_RS07605,0.113064151176329
SYNPCC7002_RS05985,SYNPCC7002_RS06790,0.112899405004371
SYNPCC7002_RS15680,SYNPCC7002_RS05670,0.112835764435806
SYNPCC7002_RS05135,SYNPCC7002_RS04120,0.112821408435227
SYNPCC7002_RS04680,SYNPCC7002_RS01815,0.112792261183768
SYNPCC7002_RS04680,SYNPCC7002_RS07150,0.112689696800037
SYNPCC7002_RS05135,SYNPCC7002_RS09425,0.112227806118529
SYNPCC7002_RS01335,SYNPCC7002_RS08620,0.112223163660889
SYNPCC7002_RS14440,SYNPCC7002_RS14320,0.112209706112998
SYNPCC7002_RS15520,SYNPCC7002_RS03260,0.112171060431713
SYNPCC7002_RS04650,SYNPCC7002_RS10920,0.1121406361537
SYNPCC7002_RS05135,SYNPCC7002_RS12445,0.112138636533604
SYNPCC7002_RS09820,SYNPCC7002_RS13345,0.112095423848198
SYNPCC7002_RS06150,SYNPCC7002_RS08160,0.112065231095594
SYNPCC7002_RS15255,SYNPCC7002_RS15680,0.112039247317101
SYNPCC7002_RS12395,SYNPCC7002_RS16735,0.111976720958549
SYNPCC7002_RS08255,SYNPCC7002_RS04885,0.111882910825274
SYNPCC7002_RS04890,SYNPCC7002_RS10275,0.111772282479259
SYNPCC7002_RS15030,SYNPCC7002_RS15035,0.111762133869181
SYNPCC7002_RS04650,SYNPCC7002_RS01350,0.111754428284719
SYNPCC7002_RS06150,SYNPCC7002_RS11720,0.111741837477871
SYNPCC7002_RS05135,SYNPCC7002_RS16360,0.111662417477331
SYNPCC7002_RS09630,SYNPCC7002_RS05670,0.11162576389143
SYNPCC7002_RS05135,SYNPCC7002_RS03740,0.11155362674781
SYNPCC7002_RS01800,SYNPCC7002_RS02315,0.111432515320634
SYNPCC7002_RS03950,SYNPCC7002_RS15550,0.111319835009378
SYNPCC7002_RS09320,SYNPCC7002_RS03995,0.111317259009029
SYNPCC7002_RS01800,SYNPCC7002_RS15965,0.111304098097595
SYNPCC7002_RS00635,SYNPCC7002_RS08110,0.111263339792869
SYNPCC7002_RS09780,SYNPCC7002_RS07785,0.111238858567222
SYNPCC7002_RS09320,SYNPCC7002_RS03225,0.111207813594912
SYNPCC7002_RS03030,SYNPCC7002_RS13715,0.111115160171279
SYNPCC7002_RS16320,SYNPCC7002_RS15710,0.11105352320069
SYNPCC7002_RS05135,SYNPCC7002_RS09795,0.111027782694157
SYNPCC7002_RS09780,SYNPCC7002_RS16850,0.110979502069735
SYNPCC7002_RS06540,SYNPCC7002_RS15950,0.11073922266932
SYNPCC7002_RS01800,SYNPCC7002_RS09360,0.110659438907141
SYNPCC7002_RS05135,SYNPCC7002_RS05310,0.110441903037117
SYNPCC7002_RS05135,SYNPCC7002_RS01505,0.110425036986719
SYNPCC7002_RS05135,SYNPCC7002_RS04475,0.11032376860098
SYNPCC7002_RS08210,SYNPCC7002_RS17235,0.110294922484281
SYNPCC7002_RS02715,SYNPCC7002_RS13190,0.110202994565739
SYNPCC7002_RS12395,SYNPCC7002_RS03465,0.110185339926036
SYNPCC7002_RS15720,SYNPCC7002_RS15315,0.110125287018247
SYNPCC7002_RS14440,SYNPCC7002_RS14365,0.11004429817967
SYNPCC7002_RS01800,SYNPCC7002_RS06305,0.110007493907743
SYNPCC7002_RS01800,SYNPCC7002_RS05335,0.109983349763315
SYNPCC7002_RS05135,SYNPCC7002_RS05125,0.109949963779942
SYNPCC7002_RS05460,SYNPCC7002_RS15485,0.109901609740922
SYNPCC7002_RS09630,SYNPCC7002_RS04430,0.10984322154883
SYNPCC7002_RS05135,SYNPCC7002_RS06580,0.109819518410442
SYNPCC7002_RS15255,SYNPCC7002_RS15325,0.109803305898896
SYNPCC7002_RS15680,SYNPCC7002_RS15330,0.109794152808801
SYNPCC7002_RS05135,SYNPCC7002_RS10925,0.109782681372537
SYNPCC7002_RS04780,SYNPCC7002_RS13135,0.109765121352433
SYNPCC7002_RS05135,SYNPCC7002_RS16355,0.109745061313494
SYNPCC7002_RS10050,SYNPCC7002_RS11360,0.109737008689855
SYNPCC7002_RS09630,SYNPCC7002_RS13385,0.109690542929502
SYNPCC7002_RS08390,SYNPCC7002_RS08165,0.109687782326296
SYNPCC7002_RS14790,SYNPCC7002_RS14785,0.109661020398467
SYNPCC7002_RS15255,SYNPCC7002_RS13185,0.109545355556469
SYNPCC7002_RS05460,SYNPCC7002_RS16835,0.109527101919496
SYNPCC7002_RS03295,SYNPCC7002_RS01960,0.109525432803683
SYNPCC7002_RS15680,SYNPCC7002_RS06615,0.109502557114293
SYNPCC7002_RS11400,SYNPCC7002_RS01705,0.109442966643382
SYNPCC7002_RS12395,SYNPCC7002_RS03230,0.109300737990745
SYNPCC7002_RS15680,SYNPCC7002_RS14615,0.109204321393035
SYNPCC7002_RS08390,SYNPCC7002_RS04815,0.109128158305891
SYNPCC7002_RS09320,SYNPCC7002_RS07480,0.109125306105774
SYNPCC7002_RS15520,SYNPCC7002_RS08460,0.109036800803341
SYNPCC7002_RS16320,SYNPCC7002_RS15880,0.10896867786158
SYNPCC7002_RS15680,SYNPCC7002_RS15325,0.108927209555751
SYNPCC7002_RS12395,SYNPCC7002_RS00455,0.10886925557838
SYNPCC7002_RS00650,SYNPCC7002_RS05380,0.108854148381755
SYNPCC7002_RS09630,SYNPCC7002_RS01305,0.108850874763158
SYNPCC7002_RS09845,SYNPCC7002_RS04990,0.108828333438003
SYNPCC7002_RS05135,SYNPCC7002_RS05295,0.108806238884015
SYNPCC7002_RS04650,SYNPCC7002_RS12580,0.108783407189736
SYNPCC7002_RS03760,SYNPCC7002_RS03730,0.108740174092321
SYNPCC7002_RS08965,SYNPCC7002_RS02445,0.108679885392202
SYNPCC7002_RS05135,SYNPCC7002_RS12555,0.108673933183281
SYNPCC7002_RS08175,SYNPCC7002_RS03405,0.108627943760937
SYNPCC7002_RS05135,SYNPCC7002_RS09790,0.108587458784907
SYNPCC7002_RS04650,SYNPCC7002_RS02100,0.10858503707077
SYNPCC7002_RS05135,SYNPCC7002_RS05235,0.108524718715826
SYNPCC7002_RS01335,SYNPCC7002_RS01270,0.108431923913413
SYNPCC7002_RS05135,SYNPCC7002_RS04890,0.108347402984781
SYNPCC7002_RS05460,SYNPCC7002_RS11210,0.1083267798252
SYNPCC7002_RS01800,SYNPCC7002_RS10150,0.108317300800192
SYNPCC7002_RS05135,SYNPCC7002_RS16675,0.108310874219283
SYNPCC7002_RS04250,SYNPCC7002_RS13955,0.108210912320665
SYNPCC7002_RS09780,SYNPCC7002_RS12960,0.10820844205955
SYNPCC7002_RS10050,SYNPCC7002_RS10165,0.108189687261282
SYNPCC7002_RS06150,SYNPCC7002_RS04355,0.108186441655698
SYNPCC7002_RS08965,SYNPCC7002_RS12700,0.108122843332063
SYNPCC7002_RS04680,SYNPCC7002_RS14050,0.108109925771756
SYNPCC7002_RS05135,SYNPCC7002_RS11660,0.108108761066465
SYNPCC7002_RS03950,SYNPCC7002_RS15810,0.10808946674443
SYNPCC7002_RS03030,SYNPCC7002_RS11305,0.108060286040837
SYNPCC7002_RS06150,SYNPCC7002_RS04360,0.108019769142317
SYNPCC7002_RS03295,SYNPCC7002_RS16225,0.107961409514333
SYNPCC7002_RS05135,SYNPCC7002_RS05140,0.107811315411376
SYNPCC7002_RS12395,SYNPCC7002_RS09130,0.107761539367864
SYNPCC7002_RS15255,SYNPCC7002_RS15315,0.107761024939237
SYNPCC7002_RS04680,SYNPCC7002_RS14695,0.107751077417797
SYNPCC7002_RS05135,SYNPCC7002_RS10980,0.107749337315532
SYNPCC7002_RS05985,SYNPCC7002_RS02360,0.107710719735734
SYNPCC7002_RS04650,SYNPCC7002_RS01510,0.107703983746671
SYNPCC7002_RS00260,SYNPCC7002_RS11255,0.107657917411498
SYNPCC7002_RS07385,SYNPCC7002_RS07215,0.107638727498464
SYNPCC7002_RS02715,SYNPCC7002_RS05655,0.107620648784037
SYNPCC7002_RS05985,SYNPCC7002_RS10105,0.107507496701432
SYNPCC7002_RS12395,SYNPCC7002_RS11005,0.107487057585109
SYNPCC7002_RS05135,SYNPCC7002_RS06720,0.107462090373178
SYNPCC7002_RS05460,SYNPCC7002_RS08720,0.107452900028147
SYNPCC7002_RS14385,SYNPCC7002_RS14380,0.107371019608935
SYNPCC7002_RS04890,SYNPCC7002_RS01140,0.107346347602216
SYNPCC7002_RS05985,SYNPCC7002_RS01185,0.107325066091319
SYNPCC7002_RS05135,SYNPCC7002_RS00425,0.107324139539983
SYNPCC7002_RS12395,SYNPCC7002_RS08670,0.10730402538778
SYNPCC7002_RS09320,SYNPCC7002_RS07985,0.107294475308407
SYNPCC7002_RS03950,SYNPCC7002_RS15120,0.107234323335711
SYNPCC7002_RS04890,SYNPCC7002_RS02425,0.107197615288955
SYNPCC7002_RS08255,SYNPCC7002_RS03340,0.107187216691543
SYNPCC7002_RS05460,SYNPCC7002_RS13210,0.107186346034375
SYNPCC7002_RS00260,SYNPCC7002_RS09350,0.107165317492863
SYNPCC7002_RS01335,SYNPCC7002_RS03000,0.107146822140437
SYNPCC7002_RS01420,SYNPCC7002_RS10765,0.107086006252759
SYNPCC7002_RS06540,SYNPCC7002_RS04715,0.107074019986063
SYNPCC7002_RS09320,SYNPCC7002_RS16200,0.107004514096905
SYNPCC7002_RS05135,SYNPCC7002_RS12185,0.106977505421084
SYNPCC7002_RS08390,SYNPCC7002_RS04750,0.106973708380116
SYNPCC7002_RS03295,SYNPCC7002_RS08765,0.106943106376083
SYNPCC7002_RS08175,SYNPCC7002_RS01525,0.106930332557613
SYNPCC7002_RS04780,SYNPCC7002_RS08340,0.106890804175292
SYNPCC7002_RS00690,SYNPCC7002_RS00195,0.106836237807771
SYNPCC7002_RS09260,SYNPCC7002_RS13795,0.1068167887642
SYNPCC7002_RS15720,SYNPCC7002_RS15325,0.106813302251542
SYNPCC7002_RS09780,SYNPCC7002_RS04375,0.106767807809554
SYNPCC7002_RS03950,SYNPCC7002_RS15440,0.106763074906701
SYNPCC7002_RS07385,SYNPCC7002_RS14185,0.106713498270163
SYNPCC7002_RS12395,SYNPCC7002_RS11660,0.106713446365608
SYNPCC7002_RS05460,SYNPCC7002_RS15180,0.10669218219219
SYNPCC7002_RS15030,SYNPCC7002_RS14995,0.106689522740012
SYNPCC7002_RS12395,SYNPCC7002_RS11235,0.106673338128447
SYNPCC7002_RS06540,SYNPCC7002_RS08560,0.10665825864906
SYNPCC7002_RS05985,SYNPCC7002_RS08830,0.106620111312205
SYNPCC7002_RS12395,SYNPCC7002_RS05275,0.106542832484628
SYNPCC7002_RS12395,SYNPCC7002_RS05135,0.106537171765826
SYNPCC7002_RS07295,SYNPCC7002_RS07860,0.106536917368749
SYNPCC7002_RS05135,SYNPCC7002_RS14245,0.106494495312823
SYNPCC7002_RS12395,SYNPCC7002_RS09910,0.106470412087309
SYNPCC7002_RS10050,SYNPCC7002_RS07490,0.106420836106479
SYNPCC7002_RS04650,SYNPCC7002_RS02265,0.106387307051477
SYNPCC7002_RS09630,SYNPCC7002_RS14570,0.106288113396158
SYNPCC7002_RS14385,SYNPCC7002_RS14335,0.106250119747529
SYNPCC7002_RS04890,SYNPCC7002_RS00265,0.10624443958934
SYNPCC7002_RS02715,SYNPCC7002_RS06190,0.106235414960287
SYNPCC7002_RS08945,SYNPCC7002_RS00720,0.106169012321808
SYNPCC7002_RS04650,SYNPCC7002_RS02795,0.106128680398024
SYNPCC7002_RS14790,SYNPCC7002_RS14820,0.106110031009162
SYNPCC7002_RS15255,SYNPCC7002_RS15330,0.106073314029397
SYNPCC7002_RS02715,SYNPCC7002_RS16575,0.106026238903281
SYNPCC7002_RS10050,SYNPCC7002_RS12555,0.106002289039669
SYNPCC7002_RS05135,SYNPCC7002_RS05120,0.105997401891229
SYNPCC7002_RS08390,SYNPCC7002_RS08750,0.105961758613115
SYNPCC7002_RS04250,SYNPCC7002_RS11115,0.10589363306605
SYNPCC7002_RS04680,SYNPCC7002_RS13325,0.105851470148616
SYNPCC7002_RS14790,SYNPCC7002_RS05560,0.10584699528421
SYNPCC7002_RS03295,SYNPCC7002_RS05355,0.105739444355659
SYNPCC7002_RS05135,SYNPCC7002_RS05240,0.105672788562507
SYNPCC7002_RS15680,SYNPCC7002_RS03140,0.105649002337722
SYNPCC7002_RS09630,SYNPCC7002_RS14675,0.105648779525846
SYNPCC7002_RS01335,SYNPCC7002_RS05885,0.105616617148166
SYNPCC7002_RS09630,SYNPCC7002_RS00085,0.105566730284553
SYNPCC7002_RS08175,SYNPCC7002_RS03870,0.105561324186451
SYNPCC7002_RS14440,SYNPCC7002_RS14315,0.105560982753862
SYNPCC7002_RS05135,SYNPCC7002_RS10210,0.105550254942318
SYNPCC7002_RS12395,SYNPCC7002_RS01595,0.105519424959203
SYNPCC7002_RS15255,SYNPCC7002_RS15720,0.105454644852764
SYNPCC7002_RS04250,SYNPCC7002_RS07085,0.105290441253522
SYNPCC7002_RS05460,SYNPCC7002_RS14330,0.105275144106949
SYNPCC7002_RS09630,SYNPCC7002_RS10630,0.105273746033339
SYNPCC7002_RS05460,SYNPCC7002_RS14420,0.105087806079122
SYNPCC7002_RS07385,SYNPCC7002_RS07380,0.105076112296188
SYNPCC7002_RS05460,SYNPCC7002_RS14415,0.105039049539409
SYNPCC7002_RS14440,SYNPCC7002_RS15115,0.105033619911938
SYNPCC7002_RS09320,SYNPCC7002_RS13980,0.104999234552107
SYNPCC7002_RS15680,SYNPCC7002_RS02035,0.104997422913258
SYNPCC7002_RS05135,SYNPCC7002_RS03430,0.104943327951077
SYNPCC7002_RS04680,SYNPCC7002_RS03260,0.104824945241763
SYNPCC7002_RS12395,SYNPCC7002_RS16445,0.104800640122336
SYNPCC7002_RS05135,SYNPCC7002_RS17220,0.104788891954837
SYNPCC7002_RS05460,SYNPCC7002_RS09800,0.10475622616028
SYNPCC7002_RS06150,SYNPCC7002_RS09240,0.104749012800874
SYNPCC7002_RS10050,SYNPCC7002_RS15080,0.104683327946839
SYNPCC7002_RS14385,SYNPCC7002_RS14375,0.104683088310405
SYNPCC7002_RS01335,SYNPCC7002_RS16325,0.104676874643231
SYNPCC7002_RS09320,SYNPCC7002_RS10465,0.104583342060238
SYNPCC7002_RS08390,SYNPCC7002_RS06855,0.104566631921238
SYNPCC7002_RS15520,SYNPCC7002_RS12170,0.104540288341757
SYNPCC7002_RS04650,SYNPCC7002_RS14920,0.104518736923984
SYNPCC7002_RS08255,SYNPCC7002_RS15350,0.104420714675279
SYNPCC7002_RS15680,SYNPCC7002_RS15315,0.104407379109981
SYNPCC7002_RS05135,SYNPCC7002_RS05245,0.104403429574594
SYNPCC7002_RS10050,SYNPCC7002_RS07680,0.10437654840797
SYNPCC7002_RS05135,SYNPCC7002_RS04565,0.10435429914762
SYNPCC7002_RS09090,SYNPCC7002_RS16805,0.104342839838554
SYNPCC7002_RS05985,SYNPCC7002_RS13835,0.104325192396509
SYNPCC7002_RS05135,SYNPCC7002_RS06585,0.104297452638855
SYNPCC7002_RS10050,SYNPCC7002_RS07790,0.104292250083001
SYNPCC7002_RS05135,SYNPCC7002_RS07835,0.104228830423035
SYNPCC7002_RS05135,SYNPCC7002_RS04640,0.104188767007192
SYNPCC7002_RS05985,SYNPCC7002_RS16905,0.104157514225602
SYNPCC7002_RS11685,SYNPCC7002_RS06320,0.104148661982415
SYNPCC7002_RS14440,SYNPCC7002_RS15475,0.104100744406668
SYNPCC7002_RS05985,SYNPCC7002_RS11250,0.104078465435078
SYNPCC7002_RS12515,SYNPCC7002_RS13270,0.104060596597775
SYNPCC7002_RS06150,SYNPCC7002_RS13145,0.104052543589649
SYNPCC7002_RS05135,SYNPCC7002_RS10765,0.104046535868287
SYNPCC7002_RS05985,SYNPCC7002_RS13650,0.104013124699778
SYNPCC7002_RS01335,SYNPCC7002_RS02325,0.103986786565959
SYNPCC7002_RS02455,SYNPCC7002_RS03310,0.103954752487962
SYNPCC7002_RS03295,SYNPCC7002_RS03320,0.103950245575026
SYNPCC7002_RS05985,SYNPCC7002_RS08610,0.103939798823938
SYNPCC7002_RS05135,SYNPCC7002_RS10950,0.10392872597845
SYNPCC7002_RS05135,SYNPCC7002_RS04065,0.103906595377335
SYNPCC7002_RS03030,SYNPCC7002_RS02255,0.103866287530073
SYNPCC7002_RS01335,SYNPCC7002_RS06655,0.103855782640143
SYNPCC7002_RS04680,SYNPCC7002_RS03350,0.103855761547128
SYNPCC7002_RS05135,SYNPCC7002_RS11455,0.103851621973826
SYNPCC7002_RS00850,SYNPCC7002_RS02335,0.103822397231294
SYNPCC7002_RS01420,SYNPCC7002_RS01435,0.103784256187459
SYNPCC7002_RS04650,SYNPCC7002_RS09735,0.103757956340494
SYNPCC7002_RS05135,SYNPCC7002_RS07745,0.103751238093893
SYNPCC7002_RS08965,SYNPCC7002_RS04635,0.103693856727805
SYNPCC7002_RS12395,SYNPCC7002_RS08305,0.103689251544691
SYNPCC7002_RS12395,SYNPCC7002_RS07490,0.103678862990203
SYNPCC7002_RS05985,SYNPCC7002_RS08925,0.103661619594201
SYNPCC7002_RS05135,SYNPCC7002_RS07770,0.103656736640475
SYNPCC7002_RS08390,SYNPCC7002_RS16090,0.103628015390046
SYNPCC7002_RS05135,SYNPCC7002_RS03665,0.103607484862278
SYNPCC7002_RS06150,SYNPCC7002_RS06800,0.103604583035655
SYNPCC7002_RS16320,SYNPCC7002_RS06460,0.103599719243227
SYNPCC7002_RS15680,SYNPCC7002_RS04900,0.103597685372169
SYNPCC7002_RS06540,SYNPCC7002_RS02480,0.103536750257425
SYNPCC7002_RS04650,SYNPCC7002_RS00350,0.10352806914424
SYNPCC7002_RS01420,SYNPCC7002_RS09415,0.103527092634608
SYNPCC7002_RS11685,SYNPCC7002_RS12405,0.103501979082555
SYNPCC7002_RS09780,SYNPCC7002_RS11535,0.103500379600512
SYNPCC7002_RS15680,SYNPCC7002_RS02065,0.10348800819894
SYNPCC7002_RS05135,SYNPCC7002_RS04950,0.103478589946484
SYNPCC7002_RS04890,SYNPCC7002_RS10595,0.103455208666443
SYNPCC7002_RS05985,SYNPCC7002_RS05410,0.103451702130308
SYNPCC7002_RS09780,SYNPCC7002_RS13630,0.103450213243265
SYNPCC7002_RS12395,SYNPCC7002_RS15055,0.103441424745642
SYNPCC7002_RS06150,SYNPCC7002_RS11560,0.103413969436091
SYNPCC7002_RS08965,SYNPCC7002_RS05635,0.103404644460283
SYNPCC7002_RS14440,SYNPCC7002_RS14430,0.10337231567605
SYNPCC7002_RS01800,SYNPCC7002_RS05330,0.103354466097752
SYNPCC7002_RS03950,SYNPCC7002_RS15125,0.103341112460371
SYNPCC7002_RS12395,SYNPCC7002_RS16360,0.10333847693168
SYNPCC7002_RS08255,SYNPCC7002_RS16615,0.103337278176011
SYNPCC7002_RS03295,SYNPCC7002_RS00035,0.103322680752848
SYNPCC7002_RS00050,SYNPCC7002_RS00360,0.103313292671337
SYNPCC7002_RS10050,SYNPCC7002_RS03745,0.10325482926683
SYNPCC7002_RS04680,SYNPCC7002_RS02625,0.103173421849688
SYNPCC7002_RS04780,SYNPCC7002_RS06055,0.103147965720938
SYNPCC7002_RS09630,SYNPCC7002_RS04355,0.103141117044105
SYNPCC7002_RS06540,SYNPCC7002_RS02210,0.103136818835293
SYNPCC7002_RS05135,SYNPCC7002_RS09420,0.10311390739814
SYNPCC7002_RS03030,SYNPCC7002_RS08955,0.103110241959799
SYNPCC7002_RS04890,SYNPCC7002_RS09875,0.103105663952763
SYNPCC7002_RS09630,SYNPCC7002_RS17225,0.103049530734974
SYNPCC7002_RS05135,SYNPCC7002_RS05290,0.103001445729857
SYNPCC7002_RS09780,SYNPCC7002_RS11460,0.102999253940994
SYNPCC7002_RS08390,SYNPCC7002_RS15515,0.102983156531149
SYNPCC7002_RS14440,SYNPCC7002_RS16785,0.102965721567261
SYNPCC7002_RS09260,SYNPCC7002_RS03965,0.102871515859879
SYNPCC7002_RS07385,SYNPCC7002_RS09615,0.102866993624903
SYNPCC7002_RS10050,SYNPCC7002_RS01930,0.102852841641945
SYNPCC7002_RS09420,SYNPCC7002_RS09425,0.102846873109242
SYNPCC7002_RS05135,SYNPCC7002_RS17035,0.102834893170804
SYNPCC7002_RS08965,SYNPCC7002_RS13890,0.102833947099325
SYNPCC7002_RS04650,SYNPCC7002_RS00630,0.102816789188674
SYNPCC7002_RS01800,SYNPCC7002_RS02320,0.102753967596637
SYNPCC7002_RS15520,SYNPCC7002_RS05565,0.102746928588249
SYNPCC7002_RS00640,SYNPCC7002_RS10215,0.102727001718314
SYNPCC7002_RS05135,SYNPCC7002_RS06350,0.102705577914446
SYNPCC7002_RS05135,SYNPCC7002_RS05285,0.102688819488559
SYNPCC7002_RS09780,SYNPCC7002_RS17005,0.102646087844674
SYNPCC7002_RS05135,SYNPCC7002_RS03685,0.102597278125898
SYNPCC7002_RS06150,SYNPCC7002_RS10115,0.102557619972484
SYNPCC7002_RS09320,SYNPCC7002_RS04075,0.102546696301665
SYNPCC7002_RS08965,SYNPCC7002_RS02200,0.102511260295608
SYNPCC7002_RS15410,SYNPCC7002_RS14910,0.102497517678939
SYNPCC7002_RS15995,SYNPCC7002_RS17055,0.102493070763514
SYNPCC7002_RS04650,SYNPCC7002_RS07495,0.102493012836263
SYNPCC7002_RS12395,SYNPCC7002_RS08550,0.102491094420945
SYNPCC7002_RS08965,SYNPCC7002_RS10465,0.102476955645833
SYNPCC7002_RS03295,SYNPCC7002_RS03325,0.102471002679602
SYNPCC7002_RS15030,SYNPCC7002_RS14990,0.102436410726886
SYNPCC7002_RS15680,SYNPCC7002_RS04135,0.102412432139565
SYNPCC7002_RS14440,SYNPCC7002_RS14325,0.102362660811447
SYNPCC7002_RS14440,SYNPCC7002_RS14445,0.102311228399848
SYNPCC7002_RS05985,SYNPCC7002_RS04520,0.102304862709062
SYNPCC7002_RS03295,SYNPCC7002_RS01970,0.102288514915702
SYNPCC7002_RS07295,SYNPCC7002_RS07935,0.10227035492235
SYNPCC7002_RS04890,SYNPCC7002_RS00465,0.102261859702357
SYNPCC7002_RS09995,SYNPCC7002_RS02530,0.10224957888472
SYNPCC7002_RS05135,SYNPCC7002_RS10275,0.102243338605582
SYNPCC7002_RS16160,SYNPCC7002_RS16060,0.1022259621081
SYNPCC7002_RS00260,SYNPCC7002_RS09615,0.102214453297282
SYNPCC7002_RS09630,SYNPCC7002_RS08160,0.102118016877565
SYNPCC7002_RS09780,SYNPCC7002_RS05020,0.102106883377244
SYNPCC7002_RS05135,SYNPCC7002_RS05280,0.102074642435217
SYNPCC7002_RS15720,SYNPCC7002_RS15330,0.102001884040569
SYNPCC7002_RS05985,SYNPCC7002_RS08265,0.101964659785734
SYNPCC7002_RS09780,SYNPCC7002_RS09975,0.101959778124866
SYNPCC7002_RS15680,SYNPCC7002_RS16655,0.101956733782026
SYNPCC7002_RS01420,SYNPCC7002_RS00080,0.101953393890731
SYNPCC7002_RS12395,SYNPCC7002_RS14115,0.101933441830173
SYNPCC7002_RS05135,SYNPCC7002_RS02510,0.101905710003776
SYNPCC7002_RS14385,SYNPCC7002_RS14395,0.101855517825885
SYNPCC7002_RS05135,SYNPCC7002_RS05150,0.101842951731774
SYNPCC7002_RS10050,SYNPCC7002_RS07730,0.101798773600229
SYNPCC7002_RS08965,SYNPCC7002_RS06185,0.101749229741399
SYNPCC7002_RS01335,SYNPCC7002_RS11420,0.101746253541677
SYNPCC7002_RS00690,SYNPCC7002_RS13795,0.101735505622802
SYNPCC7002_RS05135,SYNPCC7002_RS05260,0.101729892829862
SYNPCC7002_RS14385,SYNPCC7002_RS14365,0.101682562162465
SYNPCC7002_RS05135,SYNPCC7002_RS08295,0.101675579238564
SYNPCC7002_RS04890,SYNPCC7002_RS12725,0.101667921586382
SYNPCC7002_RS04250,SYNPCC7002_RS05390,0.101636737336372
SYNPCC7002_RS05135,SYNPCC7002_RS05270,0.101598621582052
SYNPCC7002_RS12515,SYNPCC7002_RS15995,0.101594232248242
SYNPCC7002_RS10050,SYNPCC7002_RS07775,0.10153835336794
SYNPCC7002_RS02715,SYNPCC7002_RS15435,0.101536037986009
SYNPCC7002_RS05135,SYNPCC7002_RS03670,0.101518774876412
SYNPCC7002_RS11400,SYNPCC7002_RS11085,0.101503961571508
SYNPCC7002_RS08945,SYNPCC7002_RS09115,0.101488503746615
SYNPCC7002_RS05985,SYNPCC7002_RS17195,0.101462508452635
SYNPCC7002_RS02715,SYNPCC7002_RS07865,0.101462055291532
SYNPCC7002_RS10050,SYNPCC7002_RS04130,0.101443870070296
SYNPCC7002_RS02455,SYNPCC7002_RS14155,0.101421227790506
SYNPCC7002_RS04250,SYNPCC7002_RS08545,0.101404429086426
SYNPCC7002_RS02715,SYNPCC7002_RS04305,0.101386806793236
SYNPCC7002_RS06150,SYNPCC7002_RS15930,0.101370466159426
SYNPCC7002_RS04650,SYNPCC7002_RS05705,0.101351181678631
SYNPCC7002_RS05460,SYNPCC7002_RS06010,0.101349277441247
SYNPCC7002_RS07295,SYNPCC7002_RS00835,0.101342403212669
SYNPCC7002_RS06150,SYNPCC7002_RS14575,0.101311362516988
SYNPCC7002_RS00650,SYNPCC7002_RS13575,0.101293955491017
SYNPCC7002_RS09630,SYNPCC7002_RS00970,0.1012874487765
SYNPCC7002_RS04650,SYNPCC7002_RS04855,0.101285285444605
SYNPCC7002_RS05460,SYNPCC7002_RS05655,0.101235771371346
SYNPCC7002_RS05135,SYNPCC7002_RS09035,0.101232438153876
SYNPCC7002_RS09780,SYNPCC7002_RS16075,0.101206655924595
SYNPCC7002_RS04650,SYNPCC7002_RS03525,0.101206637319312
SYNPCC7002_RS05985,SYNPCC7002_RS00525,0.101205986386193
SYNPCC7002_RS05985,SYNPCC7002_RS12070,0.10120317959036
SYNPCC7002_RS15680,SYNPCC7002_RS14645,0.101202736220228
SYNPCC7002_RS11685,SYNPCC7002_RS11235,0.101149496316034
SYNPCC7002_RS05135,SYNPCC7002_RS03275,0.101131180869817
SYNPCC7002_RS04680,SYNPCC7002_RS13505,0.101107495672215
SYNPCC7002_RS16160,SYNPCC7002_RS02070,0.101073733687887
SYNPCC7002_RS12395,SYNPCC7002_RS00200,0.101063660659047
SYNPCC7002_RS00650,SYNPCC7002_RS12230,0.101056820024537
SYNPCC7002_RS10050,SYNPCC7002_RS08890,0.101042082638592
SYNPCC7002_RS06005,SYNPCC7002_RS07135,0.101025388437672
SYNPCC7002_RS09320,SYNPCC7002_RS06870,0.101024517123364
SYNPCC7002_RS02715,SYNPCC7002_RS10930,0.101016729588231
SYNPCC7002_RS01420,SYNPCC7002_RS04485,0.100960097873689
SYNPCC7002_RS09820,SYNPCC7002_RS00415,0.100959907355503
SYNPCC7002_RS05135,SYNPCC7002_RS03655,0.100957264738532
SYNPCC7002_RS09630,SYNPCC7002_RS16950,0.100916142737535
SYNPCC7002_RS09995,SYNPCC7002_RS01385,0.100915442177676
SYNPCC7002_RS05985,SYNPCC7002_RS13815,0.100912954145029
SYNPCC7002_RS05135,SYNPCC7002_RS08780,0.100904902223404
SYNPCC7002_RS09175,SYNPCC7002_RS00320,0.100890866684814
SYNPCC7002_RS05135,SYNPCC7002_RS07680,0.100879754992627
SYNPCC7002_RS10050,SYNPCC7002_RS04295,0.100867698277075
SYNPCC7002_RS08175,SYNPCC7002_RS11445,0.100866752886825
SYNPCC7002_RS05135,SYNPCC7002_RS03280,0.100859218704805
SYNPCC7002_RS05460,SYNPCC7002_RS14940,0.10083370524912
SYNPCC7002_RS15520,SYNPCC7002_RS11435,0.100810187870024
SYNPCC7002_RS02455,SYNPCC7002_RS03045,0.100797512021015
SYNPCC7002_RS12395,SYNPCC7002_RS02575,0.100794020702843
SYNPCC7002_RS12395,SYNPCC7002_RS16355,0.100780355520617
SYNPCC7002_RS12395,SYNPCC7002_RS05310,0.100742545638101
SYNPCC7002_RS12090,SYNPCC7002_RS17190,0.100704319605835
SYNPCC7002_RS03030,SYNPCC7002_RS13880,0.100692922803641
SYNPCC7002_RS07295,SYNPCC7002_RS07310,0.100691548701882
SYNPCC7002_RS05460,SYNPCC7002_RS14355,0.100684276199241
SYNPCC7002_RS12395,SYNPCC7002_RS14460,0.10066712444813
SYNPCC7002_RS00640,SYNPCC7002_RS00580,0.100660843732768
SYNPCC7002_RS05135,SYNPCC7002_RS09860,0.10064222656746
SYNPCC7002_RS14790,SYNPCC7002_RS04665,0.100610158725965
SYNPCC7002_RS15520,SYNPCC7002_RS15575,0.100590248058154
SYNPCC7002_RS03295,SYNPCC7002_RS03315,0.100554717399897
SYNPCC7002_RS09995,SYNPCC7002_RS14700,0.100539617542401
SYNPCC7002_RS10050,SYNPCC7002_RS07590,0.100532777591921
SYNPCC7002_RS14790,SYNPCC7002_RS01635,0.100514102293625
SYNPCC7002_RS12395,SYNPCC7002_RS12690,0.100508584633381
SYNPCC7002_RS03030,SYNPCC7002_RS01480,0.100494828936347
SYNPCC7002_RS05135,SYNPCC7002_RS03675,0.100441520893536
SYNPCC7002_RS15680,SYNPCC7002_RS15140,0.100425189316104
SYNPCC7002_RS08390,SYNPCC7002_RS13965,0.10040383542525
SYNPCC7002_RS11400,SYNPCC7002_RS02885,0.100397919209512
SYNPCC7002_RS01335,SYNPCC7002_RS02320,0.100393259537084
SYNPCC7002_RS04680,SYNPCC7002_RS10115,0.100391343861282
SYNPCC7002_RS15680,SYNPCC7002_RS06555,0.100329199512008
SYNPCC7002_RS08965,SYNPCC7002_RS11840,0.100317236541832
SYNPCC7002_RS04680,SYNPCC7002_RS14275,0.100300475801357
SYNPCC7002_RS06150,SYNPCC7002_RS04675,0.100249027539336
SYNPCC7002_RS12515,SYNPCC7002_RS10790,0.100213650779961
SYNPCC7002_RS09320,SYNPCC7002_RS11670,0.100174582982356
SYNPCC7002_RS05135,SYNPCC7002_RS05300,0.10016170387877
SYNPCC7002_RS09630,SYNPCC7002_RS04675,0.100156420088376
SYNPCC7002_RS05985,SYNPCC7002_RS01560,0.100155510706876
SYNPCC7002_RS15680,SYNPCC7002_RS07345,0.100139589344257
SYNPCC7002_RS01420,SYNPCC7002_RS03505,0.100134320303924
SYNPCC7002_RS05985,SYNPCC7002_RS11030,0.100123108843547
SYNPCC7002_RS16320,SYNPCC7002_RS15705,0.100114359484729
SYNPCC7002_RS04250,SYNPCC7002_RS12350,0.100111967223962
SYNPCC7002_RS12395,SYNPCC7002_RS03430,0.100107434814364
SYNPCC7002_RS05460,SYNPCC7002_RS16455,0.100066870046054
SYNPCC7002_RS06150,SYNPCC7002_RS07915,0.100060804544683
SYNPCC7002_RS01335,SYNPCC7002_RS05775,0.100049920839819
SYNPCC7002_RS05135,SYNPCC7002_RS01745,0.100042218556101
SYNPCC7002_RS04890,SYNPCC7002_RS00875,0.10003558044102
SYNPCC7002_RS08965,SYNPCC7002_RS01610,0.100023732083737
SYNPCC7002_RS09820,SYNPCC7002_RS16600,0.100005584392829
SYNPCC7002_RS05985,SYNPCC7002_RS09470,0.0999966200420766
SYNPCC7002_RS09995,SYNPCC7002_RS00710,0.0999785010193096
SYNPCC7002_RS04890,SYNPCC7002_RS01515,0.0999576313677645
SYNPCC7002_RS08210,SYNPCC7002_RS04680,0.0999568388430261
SYNPCC7002_RS15680,SYNPCC7002_RS15010,0.099941711498851
SYNPCC7002_RS09820,SYNPCC7002_RS10710,0.0998612070978603
SYNPCC7002_RS03030,SYNPCC7002_RS02525,0.0998599107529376
SYNPCC7002_RS05135,SYNPCC7002_RS09575,0.0998586482118333
SYNPCC7002_RS10050,SYNPCC7002_RS07340,0.0998254674429545
SYNPCC7002_RS06540,SYNPCC7002_RS08490,0.0998226601453587
SYNPCC7002_RS07385,SYNPCC7002_RS13985,0.0997725957423395
SYNPCC7002_RS09995,SYNPCC7002_RS10615,0.099760409450245
SYNPCC7002_RS03030,SYNPCC7002_RS03570,0.0997447591922728
SYNPCC7002_RS11685,SYNPCC7002_RS12985,0.0997440335512292
SYNPCC7002_RS01420,SYNPCC7002_RS01415,0.099704759603949
SYNPCC7002_RS10050,SYNPCC7002_RS09700,0.0996702424299531
SYNPCC7002_RS04780,SYNPCC7002_RS13970,0.0996700142745604
SYNPCC7002_RS12395,SYNPCC7002_RS09460,0.0996697119057939
SYNPCC7002_RS09320,SYNPCC7002_RS11215,0.0996234566808892
SYNPCC7002_RS04780,SYNPCC7002_RS01280,0.0996132084252249
SYNPCC7002_RS01420,SYNPCC7002_RS07140,0.0995640972573323
SYNPCC7002_RS03295,SYNPCC7002_RS14355,0.0995512230052917
SYNPCC7002_RS10050,SYNPCC7002_RS07115,0.0995339527822208
SYNPCC7002_RS03760,SYNPCC7002_RS06235,0.0994906030234135
SYNPCC7002_RS09630,SYNPCC7002_RS00695,0.0994714357222592
SYNPCC7002_RS09780,SYNPCC7002_RS01830,0.0994619406129941
SYNPCC7002_RS10050,SYNPCC7002_RS07470,0.0994619062230137
SYNPCC7002_RS15680,SYNPCC7002_RS10560,0.0994315021388013
SYNPCC7002_RS08255,SYNPCC7002_RS06450,0.0993944356959581
SYNPCC7002_RS14385,SYNPCC7002_RS14420,0.0993756195990197
SYNPCC7002_RS03295,SYNPCC7002_RS14340,0.0993512820635449
SYNPCC7002_RS05135,SYNPCC7002_RS13060,0.0992806729414559
SYNPCC7002_RS12395,SYNPCC7002_RS07750,0.0992789716311943
SYNPCC7002_RS05135,SYNPCC7002_RS10975,0.0992717888673771
SYNPCC7002_RS09820,SYNPCC7002_RS15540,0.0992471150213996
SYNPCC7002_RS08965,SYNPCC7002_RS05745,0.0992428554546201
SYNPCC7002_RS08965,SYNPCC7002_RS05740,0.099234181393392
SYNPCC7002_RS06150,SYNPCC7002_RS14570,0.0991675319994362
SYNPCC7002_RS05460,SYNPCC7002_RS16415,0.0991620227369738
SYNPCC7002_RS05135,SYNPCC7002_RS15640,0.099156231397106
SYNPCC7002_RS02455,SYNPCC7002_RS10085,0.0991425127074878
SYNPCC7002_RS09175,SYNPCC7002_RS14725,0.0991136085318186
SYNPCC7002_RS02715,SYNPCC7002_RS04265,0.0990938070070999
SYNPCC7002_RS05135,SYNPCC7002_RS02470,0.0990876147054282
SYNPCC7002_RS04890,SYNPCC7002_RS01580,0.0990778938579351
SYNPCC7002_RS05135,SYNPCC7002_RS12985,0.0990629704218169
SYNPCC7002_RS01800,SYNPCC7002_RS12890,0.0990444431006064
SYNPCC7002_RS08965,SYNPCC7002_RS02395,0.099039631781388
SYNPCC7002_RS11400,SYNPCC7002_RS03470,0.0989455677049876
SYNPCC7002_RS09630,SYNPCC7002_RS05455,0.098941570863748
SYNPCC7002_RS09320,SYNPCC7002_RS03835,0.0989294572019812
SYNPCC7002_RS05460,SYNPCC7002_RS08885,0.0989172437294045
SYNPCC7002_RS09780,SYNPCC7002_RS04270,0.098910532015478
SYNPCC7002_RS09780,SYNPCC7002_RS05325,0.0989042357193397
SYNPCC7002_RS01335,SYNPCC7002_RS12880,0.0988711852523443
SYNPCC7002_RS00650,SYNPCC7002_RS01500,0.0988617198762686
SYNPCC7002_RS12395,SYNPCC7002_RS16815,0.0988572496340911
SYNPCC7002_RS15255,SYNPCC7002_RS14800,0.0988219027716077
SYNPCC7002_RS12395,SYNPCC7002_RS05250,0.098803893582417
SYNPCC7002_RS12395,SYNPCC7002_RS05270,0.0987922710715188
SYNPCC7002_RS01335,SYNPCC7002_RS15945,0.0987676976516776
SYNPCC7002_RS07295,SYNPCC7002_RS07305,0.0987587616736646
SYNPCC7002_RS01800,SYNPCC7002_RS13285,0.0987409795638532
SYNPCC7002_RS04650,SYNPCC7002_RS08315,0.098728198591247
SYNPCC7002_RS05135,SYNPCC7002_RS01695,0.0987186998130617
SYNPCC7002_RS03030,SYNPCC7002_RS10620,0.0987186148207826
SYNPCC7002_RS08965,SYNPCC7002_RS04725,0.0987107474138158
SYNPCC7002_RS05985,SYNPCC7002_RS04085,0.098672014577483
SYNPCC7002_RS01800,SYNPCC7002_RS11050,0.0986534404337239
SYNPCC7002_RS10050,SYNPCC7002_RS11005,0.0986509731113333
SYNPCC7002_RS01800,SYNPCC7002_RS10205,0.0986427488611337
SYNPCC7002_RS09820,SYNPCC7002_RS05160,0.0986274512662295
SYNPCC7002_RS08390,SYNPCC7002_RS11795,0.0986190815787917
SYNPCC7002_RS14790,SYNPCC7002_RS16160,0.0985966254826951
SYNPCC7002_RS07385,SYNPCC7002_RS04710,0.0985752124089884
SYNPCC7002_RS10050,SYNPCC7002_RS16395,0.0985612352954126
SYNPCC7002_RS09630,SYNPCC7002_RS05685,0.098538724147586
SYNPCC7002_RS15535,SYNPCC7002_RS10145,0.0985198574153227
SYNPCC7002_RS16160,SYNPCC7002_RS04255,0.098497245453426
SYNPCC7002_RS04780,SYNPCC7002_RS13130,0.0984949065696484
SYNPCC7002_RS04250,SYNPCC7002_RS02790,0.0984856596313833
SYNPCC7002_RS01420,SYNPCC7002_RS08555,0.0984829840429762
SYNPCC7002_RS15520,SYNPCC7002_RS15385,0.098476585139342
SYNPCC7002_RS00010,SYNPCC7002_RS08385,0.0984716358355867
SYNPCC7002_RS05135,SYNPCC7002_RS03290,0.09845475683741
SYNPCC7002_RS09090,SYNPCC7002_RS15615,0.0984380062076566
SYNPCC7002_RS09995,SYNPCC7002_RS02620,0.09842385063872
SYNPCC7002_RS05135,SYNPCC7002_RS16940,0.0984079515248678
SYNPCC7002_RS09175,SYNPCC7002_RS14720,0.0983992996045619
SYNPCC7002_RS05460,SYNPCC7002_RS04310,0.0983551802044395
SYNPCC7002_RS05460,SYNPCC7002_RS17155,0.098351242176181
SYNPCC7002_RS03295,SYNPCC7002_RS01965,0.0983512006519006
SYNPCC7002_RS05135,SYNPCC7002_RS11325,0.09834294503747
SYNPCC7002_RS00650,SYNPCC7002_RS09490,0.0983342141935306
SYNPCC7002_RS05985,SYNPCC7002_RS05910,0.0983260040056457
SYNPCC7002_RS10050,SYNPCC7002_RS07650,0.0983029253628882
SYNPCC7002_RS08965,SYNPCC7002_RS01750,0.0982637589691916
SYNPCC7002_RS04890,SYNPCC7002_RS05130,0.0982616007441698
SYNPCC7002_RS15255,SYNPCC7002_RS01235,0.098213352066012
SYNPCC7002_RS07295,SYNPCC7002_RS03205,0.0982032154686864
SYNPCC7002_RS01420,SYNPCC7002_RS07750,0.0981911594519854
SYNPCC7002_RS09320,SYNPCC7002_RS11545,0.0981862985610323
SYNPCC7002_RS05135,SYNPCC7002_RS07685,0.0981816677549669
SYNPCC7002_RS00050,SYNPCC7002_RS10105,0.0981815745287291
SYNPCC7002_RS00650,SYNPCC7002_RS02350,0.0981735914813273
SYNPCC7002_RS10050,SYNPCC7002_RS02405,0.0981511287104222
SYNPCC7002_RS15680,SYNPCC7002_RS08405,0.0981499157922324
SYNPCC7002_RS15520,SYNPCC7002_RS06120,0.0981355546142834
SYNPCC7002_RS15030,SYNPCC7002_RS14985,0.0981267581944485
SYNPCC7002_RS08965,SYNPCC7002_RS04445,0.0981137195038165
SYNPCC7002_RS09320,SYNPCC7002_RS10905,0.0981120811152316
SYNPCC7002_RS08175,SYNPCC7002_RS00620,0.0980669638645358
SYNPCC7002_RS08390,SYNPCC7002_RS09820,0.0980660808545563
SYNPCC7002_RS08390,SYNPCC7002_RS00960,0.0980552003036603
SYNPCC7002_RS10050,SYNPCC7002_RS05655,0.0980448695807095
SYNPCC7002_RS15520,SYNPCC7002_RS02070,0.0980398223648984
SYNPCC7002_RS11685,SYNPCC7002_RS03895,0.0980313724770206
SYNPCC7002_RS01800,SYNPCC7002_RS13290,0.0979987160554837
SYNPCC7002_RS05985,SYNPCC7002_RS16440,0.0979930151005153
SYNPCC7002_RS09820,SYNPCC7002_RS12215,0.097970402877655
SYNPCC7002_RS01800,SYNPCC7002_RS00035,0.0979574443881084
SYNPCC7002_RS14790,SYNPCC7002_RS05565,0.0979437481345547
SYNPCC7002_RS14385,SYNPCC7002_RS14445,0.0979405822528309
SYNPCC7002_RS05135,SYNPCC7002_RS01795,0.0979333831698296
SYNPCC7002_RS04890,SYNPCC7002_RS04400,0.0979332916684501
SYNPCC7002_RS06540,SYNPCC7002_RS07120,0.0979305852085202
SYNPCC7002_RS08255,SYNPCC7002_RS00675,0.0979182300322921
SYNPCC7002_RS15520,SYNPCC7002_RS14695,0.0979157967078672
SYNPCC7002_RS08965,SYNPCC7002_RS10220,0.0978816925579317
SYNPCC7002_RS15680,SYNPCC7002_RS05690,0.0978789000075434
SYNPCC7002_RS08390,SYNPCC7002_RS02285,0.0978762172966478
SYNPCC7002_RS05135,SYNPCC7002_RS13530,0.0978713496116883
SYNPCC7002_RS12395,SYNPCC7002_RS17200,0.0978711375441238
SYNPCC7002_RS08965,SYNPCC7002_RS04730,0.0978560086481211
SYNPCC7002_RS09320,SYNPCC7002_RS12415,0.0978357467364921
SYNPCC7002_RS05985,SYNPCC7002_RS13960,0.097827533137135
SYNPCC7002_RS12395,SYNPCC7002_RS10595,0.0978237261657646
SYNPCC7002_RS00640,SYNPCC7002_RS06010,0.0978232550406806
SYNPCC7002_RS07385,SYNPCC7002_RS14155,0.0977687872092234
SYNPCC7002_RS08390,SYNPCC7002_RS07040,0.0977551936442409
SYNPCC7002_RS09175,SYNPCC7002_RS15495,0.097755127083381
SYNPCC7002_RS04680,SYNPCC7002_RS12045,0.0977506532418611
SYNPCC7002_RS05135,SYNPCC7002_RS09560,0.0977440492131444
SYNPCC7002_RS05135,SYNPCC7002_RS10965,0.0977201163611049
SYNPCC7002_RS06540,SYNPCC7002_RS02370,0.0977055905229074
SYNPCC7002_RS05460,SYNPCC7002_RS06325,0.0977000606632712
SYNPCC7002_RS05135,SYNPCC7002_RS11335,0.0976946890693968
SYNPCC7002_RS01335,SYNPCC7002_RS02020,0.0976876489530348
SYNPCC7002_RS06540,SYNPCC7002_RS04780,0.0976868481281277
SYNPCC7002_RS02715,SYNPCC7002_RS14830,0.0976814673543995
SYNPCC7002_RS04250,SYNPCC7002_RS11120,0.0976799741396026
SYNPCC7002_RS06540,SYNPCC7002_RS12220,0.097662158308006
SYNPCC7002_RS06540,SYNPCC7002_RS02890,0.0976340275572704
SYNPCC7002_RS12395,SYNPCC7002_RS12805,0.0976335120777947
SYNPCC7002_RS10050,SYNPCC7002_RS01925,0.0976230740811974
SYNPCC7002_RS05460,SYNPCC7002_RS10215,0.0976062401209312
SYNPCC7002_RS02715,SYNPCC7002_RS11860,0.0976043372389118
SYNPCC7002_RS05135,SYNPCC7002_RS11520,0.097603183965308
SYNPCC7002_RS09820,SYNPCC7002_RS12790,0.0975928963254272
SYNPCC7002_RS04780,SYNPCC7002_RS04720,0.0975760157094715
SYNPCC7002_RS15520,SYNPCC7002_RS10640,0.0975673079884825
SYNPCC7002_RS11400,SYNPCC7002_RS09325,0.0975666603304256
SYNPCC7002_RS07385,SYNPCC7002_RS01780,0.0975212114048573
SYNPCC7002_RS05460,SYNPCC7002_RS05115,0.0974994379310844
SYNPCC7002_RS12395,SYNPCC7002_RS07725,0.0974808949674636
SYNPCC7002_RS08965,SYNPCC7002_RS10440,0.0974558428054288
SYNPCC7002_RS11685,SYNPCC7002_RS10865,0.0974557219335914
SYNPCC7002_RS16320,SYNPCC7002_RS15645,0.0974552804580088
SYNPCC7002_RS00260,SYNPCC7002_RS03825,0.0974338843858908
SYNPCC7002_RS08390,SYNPCC7002_RS14030,0.0973949542657837
SYNPCC7002_RS06150,SYNPCC7002_RS15925,0.0973287486473572
SYNPCC7002_RS09780,SYNPCC7002_RS04525,0.0973116896193219
SYNPCC7002_RS14385,SYNPCC7002_RS16505,0.0973012416070924
SYNPCC7002_RS02455,SYNPCC7002_RS03455,0.0972970316234313
SYNPCC7002_RS04890,SYNPCC7002_RS09915,0.0972872864519041
SYNPCC7002_RS05135,SYNPCC7002_RS11345,0.097283148274049
SYNPCC7002_RS10050,SYNPCC7002_RS12435,0.0972758081499329
SYNPCC7002_RS04780,SYNPCC7002_RS15025,0.0972529966988578
SYNPCC7002_RS00260,SYNPCC7002_RS08530,0.0972422629284099
SYNPCC7002_RS09630,SYNPCC7002_RS10635,0.0972396929238353
SYNPCC7002_RS02455,SYNPCC7002_RS14175,0.0972231594078874
SYNPCC7002_RS08390,SYNPCC7002_RS13690,0.0972052362552713
SYNPCC7002_RS04780,SYNPCC7002_RS03545,0.0971837527141297
SYNPCC7002_RS08965,SYNPCC7002_RS02690,0.0971815109263198
SYNPCC7002_RS05135,SYNPCC7002_RS07780,0.0971796266436971
SYNPCC7002_RS03030,SYNPCC7002_RS00055,0.0971216898845358
SYNPCC7002_RS04890,SYNPCC7002_RS07940,0.0971165032375567
SYNPCC7002_RS10050,SYNPCC7002_RS07600,0.0970966609230393
SYNPCC7002_RS12395,SYNPCC7002_RS05245,0.0970884969707354
SYNPCC7002_RS02715,SYNPCC7002_RS15075,0.0970718597010818
SYNPCC7002_RS04250,SYNPCC7002_RS00355,0.0970580120447628
SYNPCC7002_RS09320,SYNPCC7002_RS13890,0.0970577214704768
SYNPCC7002_RS02715,SYNPCC7002_RS09165,0.0970297427655396
SYNPCC7002_RS08965,SYNPCC7002_RS02115,0.0970288152105192
SYNPCC7002_RS06005,SYNPCC7002_RS16780,0.0970209593287853
SYNPCC7002_RS05135,SYNPCC7002_RS07645,0.0970191679404991
SYNPCC7002_RS12395,SYNPCC7002_RS17210,0.0970023469968548
SYNPCC7002_RS04890,SYNPCC7002_RS08060,0.0969780940847334
SYNPCC7002_RS08390,SYNPCC7002_RS17050,0.0969611150051171
SYNPCC7002_RS09630,SYNPCC7002_RS10545,0.096960052131886
SYNPCC7002_RS06150,SYNPCC7002_RS11435,0.0969593829531986
SYNPCC7002_RS12105,SYNPCC7002_RS08360,0.096933735603283
SYNPCC7002_RS07385,SYNPCC7002_RS12945,0.0969252023066414
SYNPCC7002_RS09820,SYNPCC7002_RS17140,0.09691691252111
SYNPCC7002_RS05135,SYNPCC7002_RS03510,0.0968836857637663
SYNPCC7002_RS05985,SYNPCC7002_RS16995,0.0968804180082227
SYNPCC7002_RS03030,SYNPCC7002_RS06225,0.0968391775766313
SYNPCC7002_RS04890,SYNPCC7002_RS07545,0.0968344631377745
SYNPCC7002_RS09630,SYNPCC7002_RS05690,0.0968025847448647
SYNPCC7002_RS08390,SYNPCC7002_RS00150,0.096799277863749
SYNPCC7002_RS08965,SYNPCC7002_RS11215,0.0967974864587536
SYNPCC7002_RS05985,SYNPCC7002_RS15165,0.0967791930452696
SYNPCC7002_RS09820,SYNPCC7002_RS12140,0.0967576458634598
SYNPCC7002_RS12105,SYNPCC7002_RS12845,0.0967521154912095
SYNPCC7002_RS06005,SYNPCC7002_RS14625,0.0967500367707546
SYNPCC7002_RS15720,SYNPCC7002_RS06465,0.0967198518846684
SYNPCC7002_RS04780,SYNPCC7002_RS09510,0.0967117747984176
SYNPCC7002_RS12395,SYNPCC7002_RS00370,0.0967043522606164
SYNPCC7002_RS02715,SYNPCC7002_RS05255,0.0966783532910764
SYNPCC7002_RS06540,SYNPCC7002_RS05860,0.0966717299434582
SYNPCC7002_RS02455,SYNPCC7002_RS02325,0.0966705583003054
SYNPCC7002_RS08255,SYNPCC7002_RS00560,0.0966452504214615
SYNPCC7002_RS06150,SYNPCC7002_RS08920,0.0966322858380481
SYNPCC7002_RS12395,SYNPCC7002_RS08665,0.0966275723560456
SYNPCC7002_RS04780,SYNPCC7002_RS16210,0.0966139093640917
SYNPCC7002_RS12395,SYNPCC7002_RS11000,0.0965697605349905
SYNPCC7002_RS09630,SYNPCC7002_RS14770,0.0965624926835709
SYNPCC7002_RS08965,SYNPCC7002_RS11830,0.0965550335347354
SYNPCC7002_RS09780,SYNPCC7002_RS11950,0.0965370675698337
SYNPCC7002_RS10050,SYNPCC7002_RS17220,0.0965291590741308
SYNPCC7002_RS02410,SYNPCC7002_RS08130,0.0965273731607615
SYNPCC7002_RS05135,SYNPCC7002_RS07945,0.0965267755659899
SYNPCC7002_RS05135,SYNPCC7002_RS05230,0.0965197083252855
SYNPCC7002_RS10050,SYNPCC7002_RS09905,0.0965010430610518
SYNPCC7002_RS11400,SYNPCC7002_RS15235,0.0964999683216111
SYNPCC7002_RS00260,SYNPCC7002_RS08535,0.0964966056763443
SYNPCC7002_RS05135,SYNPCC7002_RS00530,0.0964912847894383
SYNPCC7002_RS10050,SYNPCC7002_RS04315,0.0964912669165418
SYNPCC7002_RS09630,SYNPCC7002_RS14560,0.0964627071867278
SYNPCC7002_RS09780,SYNPCC7002_RS12145,0.0964601352950939
SYNPCC7002_RS10050,SYNPCC7002_RS15065,0.0964072965844403
SYNPCC7002_RS03295,SYNPCC7002_RS06305,0.0963920825866908
SYNPCC7002_RS09845,SYNPCC7002_RS12175,0.0963868700970261
SYNPCC7002_RS00690,SYNPCC7002_RS04625,0.0963820487410443
SYNPCC7002_RS05460,SYNPCC7002_RS15435,0.096377186606677
SYNPCC7002_RS05135,SYNPCC7002_RS06080,0.0963621158012757
SYNPCC7002_RS04650,SYNPCC7002_RS00185,0.0963618469319777
SYNPCC7002_RS03030,SYNPCC7002_RS10615,0.0963614396522665
SYNPCC7002_RS09260,SYNPCC7002_RS15465,0.0963285223679489
SYNPCC7002_RS04780,SYNPCC7002_RS15915,0.0963264993714445
SYNPCC7002_RS04250,SYNPCC7002_RS02170,0.0963242900088907
SYNPCC7002_RS09995,SYNPCC7002_RS02935,0.0963038261263818
SYNPCC7002_RS08860,SYNPCC7002_RS12565,0.0962733948093685
SYNPCC7002_RS10050,SYNPCC7002_RS12255,0.0962282975031736
SYNPCC7002_RS15520,SYNPCC7002_RS14130,0.0962190566923234
SYNPCC7002_RS00690,SYNPCC7002_RS08480,0.0962110642090776
SYNPCC7002_RS01335,SYNPCC7002_RS02315,0.0961985970908267
SYNPCC7002_RS12395,SYNPCC7002_RS08060,0.0961981513614525
SYNPCC7002_RS12395,SYNPCC7002_RS16795,0.0961836514951324
SYNPCC7002_RS04780,SYNPCC7002_RS05630,0.0961807214802637
SYNPCC7002_RS08390,SYNPCC7002_RS00325,0.0961647644159857
SYNPCC7002_RS00260,SYNPCC7002_RS13500,0.0961643404342495
SYNPCC7002_RS15520,SYNPCC7002_RS16200,0.0961601712099665
SYNPCC7002_RS11400,SYNPCC7002_RS03375,0.0961393692510891
SYNPCC7002_RS08390,SYNPCC7002_RS01670,0.0961163295603594
SYNPCC7002_RS12395,SYNPCC7002_RS16510,0.0961075229981189
SYNPCC7002_RS02715,SYNPCC7002_RS12630,0.0960954658733977
SYNPCC7002_RS05460,SYNPCC7002_RS14005,0.0960877518352931
SYNPCC7002_RS09995,SYNPCC7002_RS14520,0.0960855669415187
SYNPCC7002_RS05135,SYNPCC7002_RS02805,0.0960809231154973
SYNPCC7002_RS03295,SYNPCC7002_RS12885,0.0960459813980037
SYNPCC7002_RS01085,SYNPCC7002_RS13450,0.0960178393092705
SYNPCC7002_RS15520,SYNPCC7002_RS00095,0.0959996300940884
SYNPCC7002_RS10050,SYNPCC7002_RS03420,0.0959966517197353
SYNPCC7002_RS12395,SYNPCC7002_RS00530,0.0959964910752185
SYNPCC7002_RS03950,SYNPCC7002_RS16275,0.0959953863982837
SYNPCC7002_RS08965,SYNPCC7002_RS08655,0.0959915659984936
SYNPCC7002_RS09780,SYNPCC7002_RS01165,0.0959745015952012
SYNPCC7002_RS12105,SYNPCC7002_RS02250,0.0959531875532892
SYNPCC7002_RS01420,SYNPCC7002_RS12240,0.095907748171819
SYNPCC7002_RS09320,SYNPCC7002_RS01555,0.0958986175534994
SYNPCC7002_RS04890,SYNPCC7002_RS05110,0.0958785297326793
SYNPCC7002_RS05135,SYNPCC7002_RS01580,0.0958548434487029
SYNPCC7002_RS09780,SYNPCC7002_RS04090,0.0958500357686784
SYNPCC7002_RS02715,SYNPCC7002_RS01150,0.0958412090342768
SYNPCC7002_RS00260,SYNPCC7002_RS10255,0.0958334015704422
SYNPCC7002_RS15255,SYNPCC7002_RS10545,0.095781287285246
SYNPCC7002_RS15520,SYNPCC7002_RS01815,0.095778527423103
SYNPCC7002_RS08390,SYNPCC7002_RS05915,0.0957736758128105
SYNPCC7002_RS12395,SYNPCC7002_RS03670,0.0957674338801203
SYNPCC7002_RS16160,SYNPCC7002_RS03135,0.0957631590944713
SYNPCC7002_RS14440,SYNPCC7002_RS16320,0.095720889254899
SYNPCC7002_RS09820,SYNPCC7002_RS06430,0.0957176430310663
SYNPCC7002_RS15680,SYNPCC7002_RS01235,0.0957117484568392
SYNPCC7002_RS05135,SYNPCC7002_RS09160,0.0956914497866579
SYNPCC7002_RS11400,SYNPCC7002_RS04055,0.0956907047724424
SYNPCC7002_RS05135,SYNPCC7002_RS03060,0.0956819535940432
SYNPCC7002_RS04890,SYNPCC7002_RS10040,0.095675381138363
SYNPCC7002_RS04650,SYNPCC7002_RS10225,0.0956719754774947
SYNPCC7002_RS09630,SYNPCC7002_RS15850,0.0956392776262266
SYNPCC7002_RS05135,SYNPCC7002_RS04115,0.0956345089471272
SYNPCC7002_RS09630,SYNPCC7002_RS07430,0.0956330129162072
SYNPCC7002_RS03030,SYNPCC7002_RS12225,0.0956051594149568
SYNPCC7002_RS05135,SYNPCC7002_RS10280,0.0956028090640406
SYNPCC7002_RS04250,SYNPCC7002_RS14235,0.0956013587427786
SYNPCC7002_RS04780,SYNPCC7002_RS04330,0.0955866132255501
SYNPCC7002_RS02455,SYNPCC7002_RS08940,0.0955801094108829
SYNPCC7002_RS03030,SYNPCC7002_RS07035,0.09557138472508
SYNPCC7002_RS00050,SYNPCC7002_RS16440,0.0955444901496416
SYNPCC7002_RS12090,SYNPCC7002_RS11290,0.0955276002388192
SYNPCC7002_RS04650,SYNPCC7002_RS09280,0.0955243854471882
SYNPCC7002_RS04780,SYNPCC7002_RS13280,0.0955199573392111
SYNPCC7002_RS14790,SYNPCC7002_RS05935,0.0955133884234531
SYNPCC7002_RS06150,SYNPCC7002_RS08635,0.0955122885729564
SYNPCC7002_RS09820,SYNPCC7002_RS10195,0.0955037614925994
SYNPCC7002_RS02715,SYNPCC7002_RS14845,0.0954942554889076
SYNPCC7002_RS12515,SYNPCC7002_RS07520,0.0954687275449264
SYNPCC7002_RS12090,SYNPCC7002_RS01870,0.0954653525422549
SYNPCC7002_RS01800,SYNPCC7002_RS02460,0.0954569005959045
SYNPCC7002_RS09820,SYNPCC7002_RS05460,0.0954518575600713
SYNPCC7002_RS08860,SYNPCC7002_RS07005,0.0954292048528301
SYNPCC7002_RS08390,SYNPCC7002_RS03445,0.0954098758585008
SYNPCC7002_RS05460,SYNPCC7002_RS11375,0.0953907740045446
SYNPCC7002_RS04890,SYNPCC7002_RS03540,0.0953854204493805
SYNPCC7002_RS06540,SYNPCC7002_RS01345,0.0953408273085781
SYNPCC7002_RS01420,SYNPCC7002_RS07890,0.0953247531456862
SYNPCC7002_RS08175,SYNPCC7002_RS00940,0.0953215092104323
SYNPCC7002_RS08965,SYNPCC7002_RS11220,0.0952883636813503
SYNPCC7002_RS01800,SYNPCC7002_RS03295,0.0952817523876904
SYNPCC7002_RS15680,SYNPCC7002_RS08435,0.0952699788489618
SYNPCC7002_RS04890,SYNPCC7002_RS12395,0.0952663106348393
SYNPCC7002_RS09320,SYNPCC7002_RS01790,0.0952590477555603
SYNPCC7002_RS14385,SYNPCC7002_RS14320,0.0952447466383187
SYNPCC7002_RS05135,SYNPCC7002_RS03425,0.095238339235212
SYNPCC7002_RS03760,SYNPCC7002_RS00195,0.0952308598963454
SYNPCC7002_RS01335,SYNPCC7002_RS07170,0.0952222644826783
SYNPCC7002_RS03030,SYNPCC7002_RS00220,0.0952174583947201
SYNPCC7002_RS10050,SYNPCC7002_RS06720,0.0951989763313075
SYNPCC7002_RS09630,SYNPCC7002_RS05665,0.0951955082352222
SYNPCC7002_RS15255,SYNPCC7002_RS05675,0.0951803439827138
SYNPCC7002_RS08945,SYNPCC7002_RS06245,0.0951702469307595
SYNPCC7002_RS01420,SYNPCC7002_RS14860,0.0951624595500607
SYNPCC7002_RS01085,SYNPCC7002_RS00480,0.0951574097504525
SYNPCC7002_RS14385,SYNPCC7002_RS14455,0.0951569836596978
SYNPCC7002_RS02715,SYNPCC7002_RS15265,0.0951557389690322
SYNPCC7002_RS06540,SYNPCC7002_RS09225,0.0951498960008612
SYNPCC7002_RS03030,SYNPCC7002_RS06945,0.0951374338782034
SYNPCC7002_RS05460,SYNPCC7002_RS08895,0.0951346134777392
SYNPCC7002_RS15520,SYNPCC7002_RS11665,0.0951274380090439
SYNPCC7002_RS10145,SYNPCC7002_RS03985,0.0951236503709585
SYNPCC7002_RS05985,SYNPCC7002_RS09275,0.095122064262338
SYNPCC7002_RS04250,SYNPCC7002_RS09885,0.0951102567750224
SYNPCC7002_RS15255,SYNPCC7002_RS05685,0.0951026127656135
SYNPCC7002_RS08480,SYNPCC7002_RS11185,0.0951015349477426
SYNPCC7002_RS10050,SYNPCC7002_RS02500,0.0950874869599221
SYNPCC7002_RS09780,SYNPCC7002_RS04180,0.0950847036726231
SYNPCC7002_RS05135,SYNPCC7002_RS14115,0.0950821992032047
SYNPCC7002_RS02715,SYNPCC7002_RS11425,0.0950792505942789
SYNPCC7002_RS04250,SYNPCC7002_RS08400,0.0950670688563634
SYNPCC7002_RS04250,SYNPCC7002_RS11240,0.0950516438352621
SYNPCC7002_RS03295,SYNPCC7002_RS01340,0.0950443194851854
SYNPCC7002_RS09820,SYNPCC7002_RS14940,0.0950421024801873
SYNPCC7002_RS06150,SYNPCC7002_RS07225,0.095016770845335
SYNPCC7002_RS03030,SYNPCC7002_RS02920,0.095015042521739
SYNPCC7002_RS00260,SYNPCC7002_RS05850,0.0949960091851602
SYNPCC7002_RS06150,SYNPCC7002_RS00695,0.0949881107644062
SYNPCC7002_RS03760,SYNPCC7002_RS11245,0.094970300711395
SYNPCC7002_RS15680,SYNPCC7002_RS09310,0.094951868257684
SYNPCC7002_RS12090,SYNPCC7002_RS14055,0.0949341999481417
SYNPCC7002_RS16320,SYNPCC7002_RS06455,0.0949306111627137
SYNPCC7002_RS02715,SYNPCC7002_RS06145,0.0949299903316481
SYNPCC7002_RS08965,SYNPCC7002_RS10755,0.0948798801503788
SYNPCC7002_RS02715,SYNPCC7002_RS15065,0.0948741450480712
SYNPCC7002_RS11400,SYNPCC7002_RS09125,0.0948494941354946
SYNPCC7002_RS04780,SYNPCC7002_RS05505,0.0948490140299918
SYNPCC7002_RS04650,SYNPCC7002_RS06280,0.0948463728198522
SYNPCC7002_RS10050,SYNPCC7002_RS02745,0.0948303535578052
SYNPCC7002_RS00850,SYNPCC7002_RS15275,0.0948232079846356
SYNPCC7002_RS00050,SYNPCC7002_RS05020,0.0948133164680089
SYNPCC7002_RS08965,SYNPCC7002_RS08425,0.0948063719370538
SYNPCC7002_RS05135,SYNPCC7002_RS07830,0.0947955035652277
SYNPCC7002_RS12090,SYNPCC7002_RS06275,0.0947927422391045
SYNPCC7002_RS05135,SYNPCC7002_RS17245,0.0947605263475786
SYNPCC7002_RS05135,SYNPCC7002_RS16370,0.0947561732713526
SYNPCC7002_RS01335,SYNPCC7002_RS10085,0.0947453396595942
SYNPCC7002_RS04250,SYNPCC7002_RS00525,0.0947273986151757
SYNPCC7002_RS08965,SYNPCC7002_RS01845,0.0947247149760455
SYNPCC7002_RS08390,SYNPCC7002_RS12735,0.0946985104490313
SYNPCC7002_RS12395,SYNPCC7002_RS03520,0.0946972080764939
SYNPCC7002_RS05135,SYNPCC7002_RS05225,0.0946954981338694
SYNPCC7002_RS00050,SYNPCC7002_RS01560,0.0946948822677218
SYNPCC7002_RS12395,SYNPCC7002_RS09560,0.0946876629898842
SYNPCC7002_RS08175,SYNPCC7002_RS03400,0.0946803441938149
SYNPCC7002_RS03030,SYNPCC7002_RS12030,0.0946748424115295
SYNPCC7002_RS16320,SYNPCC7002_RS13175,0.0946707881831099
SYNPCC7002_RS12395,SYNPCC7002_RS08780,0.0946427265359067
SYNPCC7002_RS03760,SYNPCC7002_RS03130,0.094636703493402
SYNPCC7002_RS01085,SYNPCC7002_RS07170,0.0946361406070486
SYNPCC7002_RS03030,SYNPCC7002_RS06925,0.0945974547953833
SYNPCC7002_RS02455,SYNPCC7002_RS11675,0.0945891381329358
SYNPCC7002_RS05460,SYNPCC7002_RS15840,0.0945867888484652
SYNPCC7002_RS09780,SYNPCC7002_RS12155,0.0945680213075376
SYNPCC7002_RS00690,SYNPCC7002_RS13580,0.0945642045917222
SYNPCC7002_RS09820,SYNPCC7002_RS05165,0.0945517477991279
SYNPCC7002_RS08390,SYNPCC7002_RS15690,0.0945256400879072
SYNPCC7002_RS04250,SYNPCC7002_RS13030,0.0945171281695731
SYNPCC7002_RS11400,SYNPCC7002_RS06925,0.0945129042987565
SYNPCC7002_RS12395,SYNPCC7002_RS12185,0.0944921228210045
SYNPCC7002_RS05135,SYNPCC7002_RS07605,0.094489033672033
SYNPCC7002_RS04650,SYNPCC7002_RS05005,0.0944756972629326
SYNPCC7002_RS08390,SYNPCC7002_RS07435,0.0944459471093567
SYNPCC7002_RS09820,SYNPCC7002_RS02305,0.0944263892262047
SYNPCC7002_RS09780,SYNPCC7002_RS04095,0.0944036196419758
SYNPCC7002_RS02455,SYNPCC7002_RS04215,0.0944011634942246
SYNPCC7002_RS01335,SYNPCC7002_RS00325,0.0943826349945018
SYNPCC7002_RS04250,SYNPCC7002_RS06510,0.0943582208985874
SYNPCC7002_RS06540,SYNPCC7002_RS10065,0.0943559839682081
SYNPCC7002_RS03760,SYNPCC7002_RS13390,0.09433770869888
SYNPCC7002_RS12395,SYNPCC7002_RS15155,0.09429276584941
SYNPCC7002_RS05460,SYNPCC7002_RS05150,0.0942752448020645
SYNPCC7002_RS02715,SYNPCC7002_RS04310,0.09423937265247
SYNPCC7002_RS12395,SYNPCC7002_RS14010,0.0942373716072234
SYNPCC7002_RS01420,SYNPCC7002_RS08995,0.09421543668078
SYNPCC7002_RS10050,SYNPCC7002_RS06395,0.0942090817685098
SYNPCC7002_RS15680,SYNPCC7002_RS08445,0.0942086978854523
SYNPCC7002_RS05135,SYNPCC7002_RS09650,0.0942049856198293
SYNPCC7002_RS09175,SYNPCC7002_RS14665,0.0941952168490161
SYNPCC7002_RS15680,SYNPCC7002_RS05685,0.0941918296282782
SYNPCC7002_RS03950,SYNPCC7002_RS16315,0.0941909482127164
SYNPCC7002_RS04780,SYNPCC7002_RS01215,0.0941827415274372
SYNPCC7002_RS12395,SYNPCC7002_RS12190,0.0941798093019633
SYNPCC7002_RS01420,SYNPCC7002_RS14470,0.0941750236062711
SYNPCC7002_RS12395,SYNPCC7002_RS11950,0.0941695976263934
SYNPCC7002_RS01335,SYNPCC7002_RS10655,0.0941424769267461
SYNPCC7002_RS09820,SYNPCC7002_RS06835,0.0941308522391709
SYNPCC7002_RS04250,SYNPCC7002_RS12355,0.0941173363907459
SYNPCC7002_RS09780,SYNPCC7002_RS06885,0.0940962583640327
SYNPCC7002_RS10050,SYNPCC7002_RS00875,0.0940931421104574
SYNPCC7002_RS01800,SYNPCC7002_RS06565,0.0940877945021262
SYNPCC7002_RS05460,SYNPCC7002_RS08045,0.0940824823001455
SYNPCC7002_RS10050,SYNPCC7002_RS00270,0.0940772233243072
SYNPCC7002_RS06540,SYNPCC7002_RS01615,0.0940746865229513
SYNPCC7002_RS09995,SYNPCC7002_RS02260,0.094070991458361
SYNPCC7002_RS11685,SYNPCC7002_RS05550,0.0940592069523173
SYNPCC7002_RS12395,SYNPCC7002_RS08475,0.094052089604737
SYNPCC7002_RS05985,SYNPCC7002_RS12180,0.0940277810857176
SYNPCC7002_RS08965,SYNPCC7002_RS10685,0.094025851924223
SYNPCC7002_RS00640,SYNPCC7002_RS05460,0.0940152998534462
SYNPCC7002_RS07385,SYNPCC7002_RS16020,0.0939986217898935
SYNPCC7002_RS11685,SYNPCC7002_RS03465,0.0939878474411824
SYNPCC7002_RS15520,SYNPCC7002_RS05990,0.0939718468410957
SYNPCC7002_RS04780,SYNPCC7002_RS09040,0.0939679306075513
SYNPCC7002_RS04680,SYNPCC7002_RS15925,0.0939536605985365
SYNPCC7002_RS03295,SYNPCC7002_RS10200,0.0939332523751136
SYNPCC7002_RS01335,SYNPCC7002_RS12470,0.0939292864342948
SYNPCC7002_RS05135,SYNPCC7002_RS03465,0.0939252585990452
SYNPCC7002_RS15680,SYNPCC7002_RS09000,0.0939246585598062
SYNPCC7002_RS05460,SYNPCC7002_RS10825,0.0938842737163601
SYNPCC7002_RS00050,SYNPCC7002_RS15135,0.0938816731720135
SYNPCC7002_RS04890,SYNPCC7002_RS14280,0.0938722699700566
SYNPCC7002_RS08965,SYNPCC7002_RS07285,0.0938631159866655
SYNPCC7002_RS10050,SYNPCC7002_RS00820,0.0938448055237627
SYNPCC7002_RS09820,SYNPCC7002_RS09220,0.0938439364921194
SYNPCC7002_RS12395,SYNPCC7002_RS01755,0.0938346471275871
SYNPCC7002_RS11685,SYNPCC7002_RS10870,0.093828294991741
SYNPCC7002_RS04780,SYNPCC7002_RS06960,0.0938220163352961
SYNPCC7002_RS15680,SYNPCC7002_RS05680,0.0938154470481825
SYNPCC7002_RS11400,SYNPCC7002_RS11395,0.0938034137295902
SYNPCC7002_RS02455,SYNPCC7002_RS00435,0.0937646030275633
SYNPCC7002_RS04780,SYNPCC7002_RS12750,0.0937555218286936
SYNPCC7002_RS06540,SYNPCC7002_RS10910,0.0937441848643572
SYNPCC7002_RS04890,SYNPCC7002_RS08820,0.0937296171147653
SYNPCC7002_RS12395,SYNPCC7002_RS02215,0.0937070712844994
SYNPCC7002_RS05985,SYNPCC7002_RS13255,0.0936999727692845
SYNPCC7002_RS09780,SYNPCC7002_RS14730,0.093696940837431
SYNPCC7002_RS12395,SYNPCC7002_RS00305,0.0936955207348896
SYNPCC7002_RS04650,SYNPCC7002_RS05595,0.0936938507379409
SYNPCC7002_RS08860,SYNPCC7002_RS01365,0.0936904390225882
SYNPCC7002_RS05985,SYNPCC7002_RS01520,0.0936805313789045
SYNPCC7002_RS05135,SYNPCC7002_RS09095,0.0936753505700774
SYNPCC7002_RS15255,SYNPCC7002_RS02040,0.093664250157161
SYNPCC7002_RS12395,SYNPCC7002_RS10920,0.0936635934240365
SYNPCC7002_RS14440,SYNPCC7002_RS14335,0.0936634641669549
SYNPCC7002_RS08210,SYNPCC7002_RS02255,0.093657980751236
SYNPCC7002_RS01335,SYNPCC7002_RS06435,0.0936523619626008
SYNPCC7002_RS07295,SYNPCC7002_RS09120,0.0936388476403274
SYNPCC7002_RS04250,SYNPCC7002_RS02265,0.0936307708886868
SYNPCC7002_RS09995,SYNPCC7002_RS02365,0.0936293198037401
SYNPCC7002_RS08390,SYNPCC7002_RS00415,0.0936287881158047
SYNPCC7002_RS10050,SYNPCC7002_RS07770,0.0936281011016139
SYNPCC7002_RS04780,SYNPCC7002_RS14975,0.0935902070920846
SYNPCC7002_RS08965,SYNPCC7002_RS03590,0.09358576357681
SYNPCC7002_RS00690,SYNPCC7002_RS00800,0.0935591911537485
SYNPCC7002_RS04250,SYNPCC7002_RS05995,0.093554135596988
SYNPCC7002_RS09820,SYNPCC7002_RS14715,0.0935514932706927
SYNPCC7002_RS05135,SYNPCC7002_RS11350,0.0935488231067939
SYNPCC7002_RS09630,SYNPCC7002_RS03945,0.0935456499266294
SYNPCC7002_RS01420,SYNPCC7002_RS05200,0.0935437070326033
SYNPCC7002_RS09780,SYNPCC7002_RS14240,0.0935431490496044
SYNPCC7002_RS04650,SYNPCC7002_RS01740,0.09352411009319
SYNPCC7002_RS09630,SYNPCC7002_RS15930,0.0935236593413634
SYNPCC7002_RS04890,SYNPCC7002_RS07730,0.0935200859839778
SYNPCC7002_RS03950,SYNPCC7002_RS16850,0.093512687849685
SYNPCC7002_RS04250,SYNPCC7002_RS17215,0.0935069932013154
SYNPCC7002_RS10050,SYNPCC7002_RS09160,0.0935059546509589
SYNPCC7002_RS10050,SYNPCC7002_RS04305,0.0935056495651254
SYNPCC7002_RS15680,SYNPCC7002_RS11475,0.0934928820306463
SYNPCC7002_RS08945,SYNPCC7002_RS11895,0.0934438237939449
SYNPCC7002_RS04890,SYNPCC7002_RS04845,0.0934410994272833
SYNPCC7002_RS03295,SYNPCC7002_RS14345,0.093395435762694
SYNPCC7002_RS02715,SYNPCC7002_RS09180,0.0933920307159343
SYNPCC7002_RS12395,SYNPCC7002_RS06580,0.093384733204434
SYNPCC7002_RS05985,SYNPCC7002_RS04590,0.0933684542290277
SYNPCC7002_RS05460,SYNPCC7002_RS14505,0.0933662287046261
SYNPCC7002_RS08965,SYNPCC7002_RS03565,0.0933631103378318
SYNPCC7002_RS11400,SYNPCC7002_RS00520,0.0933532357142163
SYNPCC7002_RS14440,SYNPCC7002_RS16505,0.0933362295482074
SYNPCC7002_RS04890,SYNPCC7002_RS00215,0.09333091269868
SYNPCC7002_RS06150,SYNPCC7002_RS11825,0.0932881397237485
SYNPCC7002_RS04650,SYNPCC7002_RS01485,0.0932779341598657
SYNPCC7002_RS15680,SYNPCC7002_RS02060,0.093276570892349
SYNPCC7002_RS04780,SYNPCC7002_RS04345,0.093276485240548
SYNPCC7002_RS05135,SYNPCC7002_RS11355,0.0932705164215196
SYNPCC7002_RS04780,SYNPCC7002_RS04545,0.0932619788254166
SYNPCC7002_RS04890,SYNPCC7002_RS04565,0.0932500536466636
SYNPCC7002_RS09320,SYNPCC7002_RS10485,0.0932425460389845
SYNPCC7002_RS08965,SYNPCC7002_RS11545,0.093237367728099
SYNPCC7002_RS10050,SYNPCC7002_RS10940,0.0932343345555634
SYNPCC7002_RS04650,SYNPCC7002_RS06675,0.0932214968873696
SYNPCC7002_RS01085,SYNPCC7002_RS00805,0.0932179633749288
SYNPCC7002_RS05985,SYNPCC7002_RS12815,0.0932178787167984
SYNPCC7002_RS07385,SYNPCC7002_RS07425,0.0932006169052102
SYNPCC7002_RS01420,SYNPCC7002_RS05250,0.0932004553924932
SYNPCC7002_RS05135,SYNPCC7002_RS01595,0.0931574665306441
SYNPCC7002_RS04650,SYNPCC7002_RS10330,0.0931518567149677
SYNPCC7002_RS09780,SYNPCC7002_RS15135,0.093151723797682
SYNPCC7002_RS08390,SYNPCC7002_RS15955,0.0931381020113121
SYNPCC7002_RS01420,SYNPCC7002_RS13865,0.0931274889305948
SYNPCC7002_RS16320,SYNPCC7002_RS05350,0.0931196916056574
SYNPCC7002_RS03030,SYNPCC7002_RS02620,0.0931187829756635
SYNPCC7002_RS15680,SYNPCC7002_RS14770,0.093109784857405
SYNPCC7002_RS05135,SYNPCC7002_RS16960,0.093109193075562
SYNPCC7002_RS09320,SYNPCC7002_RS11835,0.093094283403157
SYNPCC7002_RS16160,SYNPCC7002_RS16715,0.0930782791004915
SYNPCC7002_RS02715,SYNPCC7002_RS13195,0.0930782781266968
SYNPCC7002_RS04780,SYNPCC7002_RS06895,0.0930637089640566
SYNPCC7002_RS07385,SYNPCC7002_RS09710,0.0930571541752451
SYNPCC7002_RS06150,SYNPCC7002_RS15765,0.093040962740368
SYNPCC7002_RS12395,SYNPCC7002_RS04065,0.0929999967720982
SYNPCC7002_RS03030,SYNPCC7002_RS11735,0.092969513425298
SYNPCC7002_RS08175,SYNPCC7002_RS04495,0.0929568953119927
SYNPCC7002_RS05985,SYNPCC7002_RS09525,0.0929500841125105
SYNPCC7002_RS08965,SYNPCC7002_RS04025,0.0929436266660434
SYNPCC7002_RS05135,SYNPCC7002_RS00370,0.0929341152819001
SYNPCC7002_RS03030,SYNPCC7002_RS01260,0.0929314144109608
SYNPCC7002_RS02715,SYNPCC7002_RS03655,0.0929226920647246
SYNPCC7002_RS06005,SYNPCC7002_RS07865,0.0929143878249338
SYNPCC7002_RS02715,SYNPCC7002_RS00580,0.0929113956391706
SYNPCC7002_RS10050,SYNPCC7002_RS07585,0.0928947125383567
SYNPCC7002_RS04650,SYNPCC7002_RS04850,0.0928938295885093
SYNPCC7002_RS05135,SYNPCC7002_RS03385,0.0928854830580331
SYNPCC7002_RS02715,SYNPCC7002_RS07950,0.0928802707680088
SYNPCC7002_RS08175,SYNPCC7002_RS09150,0.0928722161728065
SYNPCC7002_RS04250,SYNPCC7002_RS05475,0.0928674014122183
SYNPCC7002_RS00640,SYNPCC7002_RS14625,0.0928653258702943
SYNPCC7002_RS12395,SYNPCC7002_RS07685,0.0928597234637558
SYNPCC7002_RS04780,SYNPCC7002_RS15510,0.0928540761844245
SYNPCC7002_RS04890,SYNPCC7002_RS06590,0.092848874954706
SYNPCC7002_RS00650,SYNPCC7002_RS13375,0.0928388602786788
SYNPCC7002_RS04650,SYNPCC7002_RS12585,0.0928363710944219
SYNPCC7002_RS00650,SYNPCC7002_RS00120,0.0928327354591291
SYNPCC7002_RS00635,SYNPCC7002_RS00180,0.0928195335611497
SYNPCC7002_RS04650,SYNPCC7002_RS09965,0.0928119799356987
SYNPCC7002_RS05135,SYNPCC7002_RS12690,0.092811730546619
SYNPCC7002_RS09630,SYNPCC7002_RS14575,0.0927869433080809
SYNPCC7002_RS15520,SYNPCC7002_RS12030,0.0927843352569372
SYNPCC7002_RS05460,SYNPCC7002_RS09000,0.0927815867219142
SYNPCC7002_RS08965,SYNPCC7002_RS02350,0.0927631941649968
SYNPCC7002_RS10050,SYNPCC7002_RS08780,0.0927561347775736
SYNPCC7002_RS15255,SYNPCC7002_RS15880,0.0927546385785771
SYNPCC7002_RS04650,SYNPCC7002_RS08545,0.092746512506088
SYNPCC7002_RS08965,SYNPCC7002_RS02485,0.0927293123219451
SYNPCC7002_RS07385,SYNPCC7002_RS05545,0.0927139014553865
SYNPCC7002_RS06150,SYNPCC7002_RS06795,0.0927096956664969
SYNPCC7002_RS10050,SYNPCC7002_RS07570,0.0926929219085925
SYNPCC7002_RS04780,SYNPCC7002_RS06875,0.0926865929100841
SYNPCC7002_RS09320,SYNPCC7002_RS01875,0.0926751931300692
SYNPCC7002_RS03950,SYNPCC7002_RS12310,0.0926700740786764
SYNPCC7002_RS08945,SYNPCC7002_RS00285,0.0926517988023392
SYNPCC7002_RS09630,SYNPCC7002_RS02895,0.0926333222161697
SYNPCC7002_RS12395,SYNPCC7002_RS09095,0.0926304556819588
SYNPCC7002_RS04650,SYNPCC7002_RS14300,0.0926226386479061
SYNPCC7002_RS12395,SYNPCC7002_RS13670,0.0926184339737139
SYNPCC7002_RS00690,SYNPCC7002_RS12600,0.0926156956283626
SYNPCC7002_RS09780,SYNPCC7002_RS04175,0.092614684781861
SYNPCC7002_RS05460,SYNPCC7002_RS14845,0.0926064733851156
SYNPCC7002_RS04780,SYNPCC7002_RS11135,0.0925799561046339
SYNPCC7002_RS08965,SYNPCC7002_RS08125,0.092573601598612
SYNPCC7002_RS10050,SYNPCC7002_RS16795,0.0925643784467744
SYNPCC7002_RS10145,SYNPCC7002_RS04455,0.0925581435109794
SYNPCC7002_RS08945,SYNPCC7002_RS11590,0.0925502427814131
SYNPCC7002_RS05135,SYNPCC7002_RS12725,0.0925500774765899
SYNPCC7002_RS12395,SYNPCC7002_RS04245,0.0925438412152377
SYNPCC7002_RS10050,SYNPCC7002_RS05210,0.0925406556312396
SYNPCC7002_RS05985,SYNPCC7002_RS04525,0.0925387915534563
SYNPCC7002_RS03030,SYNPCC7002_RS16070,0.092527346339499
SYNPCC7002_RS08965,SYNPCC7002_RS01225,0.0925239431549326
SYNPCC7002_RS09630,SYNPCC7002_RS14525,0.0925151903569201
SYNPCC7002_RS12395,SYNPCC7002_RS01745,0.0925111386852549
SYNPCC7002_RS15995,SYNPCC7002_RS16580,0.0925081339987748
SYNPCC7002_RS05460,SYNPCC7002_RS03950,0.0925022195492718
SYNPCC7002_RS12395,SYNPCC7002_RS16690,0.0924929424067394
SYNPCC7002_RS04680,SYNPCC7002_RS08495,0.0924842664220418
SYNPCC7002_RS08860,SYNPCC7002_RS00380,0.0924780661741117
SYNPCC7002_RS08965,SYNPCC7002_RS13375,0.0924747399910534
SYNPCC7002_RS09780,SYNPCC7002_RS07575,0.0924719098683557
SYNPCC7002_RS05135,SYNPCC7002_RS05205,0.0924649663032609
SYNPCC7002_RS15520,SYNPCC7002_RS07975,0.0924599357652896
SYNPCC7002_RS03030,SYNPCC7002_RS07375,0.0924482049774984
SYNPCC7002_RS05985,SYNPCC7002_RS04870,0.0924137787506855
SYNPCC7002_RS08210,SYNPCC7002_RS00745,0.092413571167035
SYNPCC7002_RS02715,SYNPCC7002_RS05730,0.0923842246973899
SYNPCC7002_RS05985,SYNPCC7002_RS17175,0.092371689145192
SYNPCC7002_RS01420,SYNPCC7002_RS12535,0.0923645495902573
SYNPCC7002_RS01800,SYNPCC7002_RS02325,0.0923638633919558
SYNPCC7002_RS09820,SYNPCC7002_RS08810,0.0923637178085459
SYNPCC7002_RS05135,SYNPCC7002_RS05265,0.0923577398320658
SYNPCC7002_RS12090,SYNPCC7002_RS03970,0.0923511053120969
SYNPCC7002_RS05135,SYNPCC7002_RS13670,0.0923495580317106
SYNPCC7002_RS01800,SYNPCC7002_RS08760,0.0923200883895106
SYNPCC7002_RS09995,SYNPCC7002_RS11995,0.0923109214802457
SYNPCC7002_RS12395,SYNPCC7002_RS05970,0.0923000506820212
SYNPCC7002_RS12395,SYNPCC7002_RS05235,0.0922929209330517
SYNPCC7002_RS12395,SYNPCC7002_RS12445,0.0922903082123634
SYNPCC7002_RS09845,SYNPCC7002_RS01685,0.0922857837670066
SYNPCC7002_RS15680,SYNPCC7002_RS02040,0.0922560758446772
SYNPCC7002_RS08390,SYNPCC7002_RS16540,0.0922542189248796
SYNPCC7002_RS05135,SYNPCC7002_RS06175,0.092250332213616
SYNPCC7002_RS01335,SYNPCC7002_RS01010,0.092244457629356
SYNPCC7002_RS08965,SYNPCC7002_RS16685,0.0922367642367984
SYNPCC7002_RS05135,SYNPCC7002_RS08475,0.0922335033625293
SYNPCC7002_RS09630,SYNPCC7002_RS08920,0.0922309429677806
SYNPCC7002_RS06150,SYNPCC7002_RS07430,0.0922270723390965
SYNPCC7002_RS03030,SYNPCC7002_RS06445,0.0922194755996498
SYNPCC7002_RS09780,SYNPCC7002_RS00340,0.0922016189740002
SYNPCC7002_RS15680,SYNPCC7002_RS05070,0.092181297331963
SYNPCC7002_RS10050,SYNPCC7002_RS14455,0.0921616045086318
SYNPCC7002_RS01800,SYNPCC7002_RS03000,0.0921493071308988
SYNPCC7002_RS07385,SYNPCC7002_RS13025,0.0921404932516256
SYNPCC7002_RS08965,SYNPCC7002_RS06955,0.0921370896602833
SYNPCC7002_RS03295,SYNPCC7002_RS14350,0.092128294102685
SYNPCC7002_RS05135,SYNPCC7002_RS02790,0.092123940499734
SYNPCC7002_RS05135,SYNPCC7002_RS09460,0.0921174470625375
SYNPCC7002_RS04890,SYNPCC7002_RS00550,0.0921159464388043
SYNPCC7002_RS14440,SYNPCC7002_RS14420,0.0921128396657294
SYNPCC7002_RS15680,SYNPCC7002_RS10545,0.0921044796797177
SYNPCC7002_RS05985,SYNPCC7002_RS05020,0.092096488707039
SYNPCC7002_RS01335,SYNPCC7002_RS02030,0.092091146657423
SYNPCC7002_RS07295,SYNPCC7002_RS07400,0.09208512006217
SYNPCC7002_RS04890,SYNPCC7002_RS00270,0.0920838149993698
SYNPCC7002_RS11400,SYNPCC7002_RS01295,0.0920480287173839
SYNPCC7002_RS05985,SYNPCC7002_RS13395,0.0920465766999009
SYNPCC7002_RS08965,SYNPCC7002_RS11835,0.0920455883825774
SYNPCC7002_RS00010,SYNPCC7002_RS01275,0.0920425721490482
SYNPCC7002_RS00640,SYNPCC7002_RS16825,0.0920319668709573
SYNPCC7002_RS05985,SYNPCC7002_RS00050,0.0920054496033411
SYNPCC7002_RS04650,SYNPCC7002_RS08665,0.0920024129318647
SYNPCC7002_RS00650,SYNPCC7002_RS07530,0.0919858687927078
SYNPCC7002_RS06540,SYNPCC7002_RS02860,0.0919858366523107
SYNPCC7002_RS15680,SYNPCC7002_RS16060,0.0919809758597692
SYNPCC7002_RS03950,SYNPCC7002_RS14435,0.0919808376417107
SYNPCC7002_RS16160,SYNPCC7002_RS08440,0.091978486784245
SYNPCC7002_RS05135,SYNPCC7002_RS06050,0.091970521014875
SYNPCC7002_RS02715,SYNPCC7002_RS17030,0.0919654137150141
SYNPCC7002_RS03760,SYNPCC7002_RS11690,0.0919608349646941
SYNPCC7002_RS03760,SYNPCC7002_RS10095,0.0919339582826083
SYNPCC7002_RS11685,SYNPCC7002_RS02130,0.0919272406002403
SYNPCC7002_RS12090,SYNPCC7002_RS16665,0.0919101675449298
SYNPCC7002_RS09820,SYNPCC7002_RS11195,0.0919063804626143
SYNPCC7002_RS06150,SYNPCC7002_RS15750,0.0918907021160263
SYNPCC7002_RS00650,SYNPCC7002_RS13810,0.091889603945873
SYNPCC7002_RS05985,SYNPCC7002_RS11150,0.0918822793703062
SYNPCC7002_RS04680,SYNPCC7002_RS02615,0.0918651953355016
SYNPCC7002_RS04250,SYNPCC7002_RS01520,0.0918585894551792
SYNPCC7002_RS07295,SYNPCC7002_RS12920,0.0918364875337221
SYNPCC7002_RS05135,SYNPCC7002_RS01735,0.0918362511292097
SYNPCC7002_RS04890,SYNPCC7002_RS08220,0.0918163687269565
SYNPCC7002_RS10050,SYNPCC7002_RS10890,0.0918151330895729
SYNPCC7002_RS00650,SYNPCC7002_RS04655,0.0918052375670315
SYNPCC7002_RS08945,SYNPCC7002_RS09030,0.0917992598296131
SYNPCC7002_RS15680,SYNPCC7002_RS14675,0.091790618934339
SYNPCC7002_RS09995,SYNPCC7002_RS10600,0.0917835677218267
SYNPCC7002_RS15520,SYNPCC7002_RS12655,0.0917805810970377
SYNPCC7002_RS06150,SYNPCC7002_RS13850,0.0917733916217091
SYNPCC7002_RS11685,SYNPCC7002_RS08660,0.0917581531015116
SYNPCC7002_RS05135,SYNPCC7002_RS09875,0.0917563064851496
SYNPCC7002_RS16320,SYNPCC7002_RS15305,0.0917537895083789
SYNPCC7002_RS04680,SYNPCC7002_RS16030,0.0917490900877715
SYNPCC7002_RS04650,SYNPCC7002_RS05385,0.0917392375729619
SYNPCC7002_RS09845,SYNPCC7002_RS09090,0.0917363001909749
SYNPCC7002_RS09320,SYNPCC7002_RS05040,0.09171257005291
SYNPCC7002_RS08390,SYNPCC7002_RS14710,0.0917033392737462
SYNPCC7002_RS06165,SYNPCC7002_RS02755,0.0916985619057598
SYNPCC7002_RS08255,SYNPCC7002_RS11300,0.0916873687405987
SYNPCC7002_RS06150,SYNPCC7002_RS05690,0.0916777192356317
SYNPCC7002_RS11400,SYNPCC7002_RS06710,0.0916737382291786
SYNPCC7002_RS15520,SYNPCC7002_RS06880,0.0916737342913718
SYNPCC7002_RS09320,SYNPCC7002_RS08960,0.0916736187482276
SYNPCC7002_RS07385,SYNPCC7002_RS10510,0.0916723253664321
SYNPCC7002_RS05985,SYNPCC7002_RS00565,0.0916691618074268
SYNPCC7002_RS15680,SYNPCC7002_RS07130,0.0916536996459702
SYNPCC7002_RS09780,SYNPCC7002_RS07550,0.0916490767148347
SYNPCC7002_RS10050,SYNPCC7002_RS00370,0.0916297656139288
SYNPCC7002_RS08255,SYNPCC7002_RS00595,0.0916202527370757
SYNPCC7002_RS05135,SYNPCC7002_RS13065,0.091607877006304
SYNPCC7002_RS05135,SYNPCC7002_RS12670,0.0916030235895632
SYNPCC7002_RS05135,SYNPCC7002_RS12190,0.0916025316131197
SYNPCC7002_RS05460,SYNPCC7002_RS14630,0.0916020589551856
SYNPCC7002_RS04780,SYNPCC7002_RS15585,0.0915832078804772
SYNPCC7002_RS01335,SYNPCC7002_RS13155,0.0915777817148219
SYNPCC7002_RS10050,SYNPCC7002_RS01170,0.0915596892073213
SYNPCC7002_RS03950,SYNPCC7002_RS11805,0.0915344656919355
SYNPCC7002_RS08965,SYNPCC7002_RS03225,0.0915342944297763
SYNPCC7002_RS06540,SYNPCC7002_RS12875,0.0915236579354206
SYNPCC7002_RS01420,SYNPCC7002_RS09880,0.0915213061001879
SYNPCC7002_RS05135,SYNPCC7002_RS02960,0.0914933059129728
SYNPCC7002_RS08965,SYNPCC7002_RS07375,0.091493152599931
SYNPCC7002_RS12395,SYNPCC7002_RS01695,0.0914890132448946
SYNPCC7002_RS03030,SYNPCC7002_RS04710,0.0914695221221811
SYNPCC7002_RS09320,SYNPCC7002_RS08950,0.0914670811278768
SYNPCC7002_RS05135,SYNPCC7002_RS12490,0.0914665674519747
SYNPCC7002_RS15520,SYNPCC7002_RS09320,0.0914663458443034
SYNPCC7002_RS09780,SYNPCC7002_RS05940,0.09146582202991
SYNPCC7002_RS04890,SYNPCC7002_RS05100,0.0914559535043727
SYNPCC7002_RS10050,SYNPCC7002_RS01360,0.0914536409774573
SYNPCC7002_RS12395,SYNPCC7002_RS05955,0.0914435594046831
SYNPCC7002_RS08210,SYNPCC7002_RS01475,0.0914383771510898
SYNPCC7002_RS03760,SYNPCC7002_RS08615,0.0914304569919903
SYNPCC7002_RS08255,SYNPCC7002_RS00705,0.091429569984262
SYNPCC7002_RS05985,SYNPCC7002_RS03715,0.0914143462944911
SYNPCC7002_RS08390,SYNPCC7002_RS08560,0.0914073732974734
SYNPCC7002_RS00640,SYNPCC7002_RS09625,0.0914063740967234
SYNPCC7002_RS04650,SYNPCC7002_RS11530,0.0913939962409245
SYNPCC7002_RS08965,SYNPCC7002_RS04060,0.0913901762028859
SYNPCC7002_RS05135,SYNPCC7002_RS15090,0.0913762992203534
SYNPCC7002_RS08255,SYNPCC7002_RS01375,0.0913591899634617
SYNPCC7002_RS12395,SYNPCC7002_RS09580,0.0913561288335772
SYNPCC7002_RS04890,SYNPCC7002_RS16130,0.0913481102018253
SYNPCC7002_RS08945,SYNPCC7002_RS10110,0.0913271021851887
SYNPCC7002_RS03030,SYNPCC7002_RS13570,0.0913198179356538
SYNPCC7002_RS08965,SYNPCC7002_RS08960,0.0913186682612536
SYNPCC7002_RS05135,SYNPCC7002_RS05180,0.0913184726636294
SYNPCC7002_RS08390,SYNPCC7002_RS06015,0.0913123992978682
SYNPCC7002_RS04780,SYNPCC7002_RS07040,0.091312075342786
SYNPCC7002_RS03030,SYNPCC7002_RS06300,0.091306467276975
SYNPCC7002_RS03295,SYNPCC7002_RS15965,0.091302854389965
SYNPCC7002_RS15520,SYNPCC7002_RS04170,0.0912869550279339
SYNPCC7002_RS09320,SYNPCC7002_RS12025,0.0912846482727032
SYNPCC7002_RS05460,SYNPCC7002_RS00580,0.0912760589029964
SYNPCC7002_RS12515,SYNPCC7002_RS12750,0.0912700903475551
SYNPCC7002_RS15255,SYNPCC7002_RS15710,0.0912686908452886
SYNPCC7002_RS08255,SYNPCC7002_RS07055,0.0912551802419664
SYNPCC7002_RS05985,SYNPCC7002_RS02900,0.0912428527831737
SYNPCC7002_RS10050,SYNPCC7002_RS08995,0.0912382616797375
SYNPCC7002_RS15410,SYNPCC7002_RS00955,0.091226416218365
SYNPCC7002_RS12395,SYNPCC7002_RS01785,0.0912247128328942
SYNPCC7002_RS15255,SYNPCC7002_RS14435,0.091212606428592
SYNPCC7002_RS05135,SYNPCC7002_RS02405,0.0912081693570966
SYNPCC7002_RS09630,SYNPCC7002_RS02065,0.0911858220686865
SYNPCC7002_RS08965,SYNPCC7002_RS03570,0.0911771281814935
SYNPCC7002_RS08965,SYNPCC7002_RS06415,0.0911728012058058
SYNPCC7002_RS04250,SYNPCC7002_RS00185,0.0911217017127585
SYNPCC7002_RS09630,SYNPCC7002_RS14005,0.091102177439487
SYNPCC7002_RS00260,SYNPCC7002_RS10380,0.0911021262926358
SYNPCC7002_RS00640,SYNPCC7002_RS03620,0.0911018681479372
SYNPCC7002_RS12395,SYNPCC7002_RS08555,0.0910883980199417
SYNPCC7002_RS05460,SYNPCC7002_RS00790,0.0910776244671531
SYNPCC7002_RS05135,SYNPCC7002_RS16935,0.0910561451981792
SYNPCC7002_RS04890,SYNPCC7002_RS10855,0.0910554194584314
SYNPCC7002_RS11685,SYNPCC7002_RS16635,0.0910473237500495
SYNPCC7002_RS11400,SYNPCC7002_RS13870,0.0910469572418902
SYNPCC7002_RS04890,SYNPCC7002_RS00545,0.0910451641624125
SYNPCC7002_RS09260,SYNPCC7002_RS10355,0.0910353359858319
SYNPCC7002_RS12090,SYNPCC7002_RS05900,0.091034651096306
SYNPCC7002_RS14790,SYNPCC7002_RS13975,0.0910336159569355
SYNPCC7002_RS10050,SYNPCC7002_RS11335,0.0910089505199174
SYNPCC7002_RS05985,SYNPCC7002_RS00430,0.0909940359006109
SYNPCC7002_RS02715,SYNPCC7002_RS06915,0.090990732034983
SYNPCC7002_RS03030,SYNPCC7002_RS09830,0.0909886020867229
SYNPCC7002_RS06540,SYNPCC7002_RS12750,0.0909876264204753
SYNPCC7002_RS08390,SYNPCC7002_RS14060,0.0909805677906787
SYNPCC7002_RS15680,SYNPCC7002_RS03135,0.0909733325003574
SYNPCC7002_RS13450,SYNPCC7002_RS01920,0.0909670274504928
SYNPCC7002_RS00050,SYNPCC7002_RS04095,0.0909526535275798
SYNPCC7002_RS12090,SYNPCC7002_RS09675,0.0909492431338261
SYNPCC7002_RS12395,SYNPCC7002_RS06080,0.0909286137423787
SYNPCC7002_RS01420,SYNPCC7002_RS16960,0.0909234549006387
SYNPCC7002_RS09780,SYNPCC7002_RS15725,0.0908987961962283
SYNPCC7002_RS05460,SYNPCC7002_RS17010,0.0908923217326846
SYNPCC7002_RS12090,SYNPCC7002_RS02775,0.0908724563972133
SYNPCC7002_RS08965,SYNPCC7002_RS07985,0.0908605797455172
SYNPCC7002_RS05985,SYNPCC7002_RS04860,0.0908496783004491
SYNPCC7002_RS04890,SYNPCC7002_RS02995,0.0908435738098312
SYNPCC7002_RS11685,SYNPCC7002_RS02990,0.0908250640429988
SYNPCC7002_RS04890,SYNPCC7002_RS01655,0.0908216671373834
SYNPCC7002_RS00640,SYNPCC7002_RS00995,0.0907860422001678
SYNPCC7002_RS08210,SYNPCC7002_RS01600,0.0907843681524521
SYNPCC7002_RS04650,SYNPCC7002_RS00840,0.0907757053888221
SYNPCC7002_RS03030,SYNPCC7002_RS09265,0.0907596884624085
SYNPCC7002_RS06540,SYNPCC7002_RS06485,0.0907286714873398
SYNPCC7002_RS08965,SYNPCC7002_RS02275,0.0907088020914793
SYNPCC7002_RS07385,SYNPCC7002_RS04755,0.0906808157293192
SYNPCC7002_RS05460,SYNPCC7002_RS12310,0.0906738036110152
SYNPCC7002_RS02715,SYNPCC7002_RS03675,0.0906737346512773
SYNPCC7002_RS05460,SYNPCC7002_RS15305,0.0906629783662934
SYNPCC7002_RS08390,SYNPCC7002_RS04330,0.090657488580715
SYNPCC7002_RS04780,SYNPCC7002_RS13365,0.0906504924335592
SYNPCC7002_RS08390,SYNPCC7002_RS16620,0.0906407659590696
SYNPCC7002_RS08945,SYNPCC7002_RS12035,0.0906367732846067
SYNPCC7002_RS10050,SYNPCC7002_RS06385,0.0906271571847459
SYNPCC7002_RS15520,SYNPCC7002_RS01715,0.0906244911672558
SYNPCC7002_RS08965,SYNPCC7002_RS15225,0.090614688388033
SYNPCC7002_RS08255,SYNPCC7002_RS08415,0.0906087831956894
SYNPCC7002_RS04650,SYNPCC7002_RS10705,0.090607027780881
SYNPCC7002_RS08175,SYNPCC7002_RS06440,0.0906002984463415
SYNPCC7002_RS10050,SYNPCC7002_RS14400,0.0905975877793815
SYNPCC7002_RS04780,SYNPCC7002_RS15750,0.0905964721209019
SYNPCC7002_RS08965,SYNPCC7002_RS05490,0.0905863952050836
SYNPCC7002_RS04250,SYNPCC7002_RS04115,0.0905718666679422
SYNPCC7002_RS08175,SYNPCC7002_RS00610,0.0905646372384662
SYNPCC7002_RS04250,SYNPCC7002_RS05835,0.0905640222660733
SYNPCC7002_RS10050,SYNPCC7002_RS09795,0.0905548842377769
SYNPCC7002_RS12395,SYNPCC7002_RS05260,0.0905543328488296
SYNPCC7002_RS09320,SYNPCC7002_RS13675,0.0905447252280495
SYNPCC7002_RS08965,SYNPCC7002_RS01875,0.0905419149447657
SYNPCC7002_RS05135,SYNPCC7002_RS12955,0.0905096986767439
SYNPCC7002_RS15520,SYNPCC7002_RS06125,0.0905062169015507
SYNPCC7002_RS05135,SYNPCC7002_RS03520,0.090504001042993
SYNPCC7002_RS15520,SYNPCC7002_RS14290,0.0905039918417393
SYNPCC7002_RS09820,SYNPCC7002_RS04915,0.0904982985289908
SYNPCC7002_RS03295,SYNPCC7002_RS14360,0.0904974822795607
SYNPCC7002_RS15680,SYNPCC7002_RS02600,0.0904934086835444
SYNPCC7002_RS15520,SYNPCC7002_RS01540,0.0904933576842824
SYNPCC7002_RS15255,SYNPCC7002_RS01425,0.0904894288965008
SYNPCC7002_RS12395,SYNPCC7002_RS03425,0.0904884919138007
SYNPCC7002_RS08390,SYNPCC7002_RS16110,0.0904784151135364
SYNPCC7002_RS07385,SYNPCC7002_RS04215,0.0904766285326824
SYNPCC7002_RS08390,SYNPCC7002_RS15945,0.0904640361733846
SYNPCC7002_RS08210,SYNPCC7002_RS09550,0.0904469211056397
SYNPCC7002_RS15680,SYNPCC7002_RS02975,0.0904407358453106
SYNPCC7002_RS09260,SYNPCC7002_RS13640,0.0904292169892023
SYNPCC7002_RS07385,SYNPCC7002_RS08700,0.0904186649702298
SYNPCC7002_RS04780,SYNPCC7002_RS11145,0.0904136187537424
SYNPCC7002_RS15520,SYNPCC7002_RS03565,0.0904031140131855
SYNPCC7002_RS04780,SYNPCC7002_RS03380,0.0903941160556972
SYNPCC7002_RS04780,SYNPCC7002_RS10475,0.090384509287694
SYNPCC7002_RS01420,SYNPCC7002_RS02870,0.0903829238973839
SYNPCC7002_RS09260,SYNPCC7002_RS01685,0.0903815896558413
SYNPCC7002_RS02455,SYNPCC7002_RS01210,0.090378295586667
SYNPCC7002_RS04250,SYNPCC7002_RS06550,0.0903717416486429
SYNPCC7002_RS05135,SYNPCC7002_RS01140,0.0903643133891979
SYNPCC7002_RS12105,SYNPCC7002_RS03810,0.0903600082559313
SYNPCC7002_RS10050,SYNPCC7002_RS10135,0.0903532684008419
SYNPCC7002_RS05460,SYNPCC7002_RS13000,0.0903287223325127
SYNPCC7002_RS15255,SYNPCC7002_RS11465,0.0903248896926647
SYNPCC7002_RS09320,SYNPCC7002_RS08965,0.0902972152336761
SYNPCC7002_RS08945,SYNPCC7002_RS13600,0.090290025035038
SYNPCC7002_RS03030,SYNPCC7002_RS15740,0.0902846912279917
SYNPCC7002_RS09780,SYNPCC7002_RS04140,0.0902722583544661
SYNPCC7002_RS10050,SYNPCC7002_RS04840,0.090259611298187
SYNPCC7002_RS04890,SYNPCC7002_RS04840,0.0902561821985086
SYNPCC7002_RS00650,SYNPCC7002_RS13470,0.090238976542509
SYNPCC7002_RS06540,SYNPCC7002_RS11940,0.0902367857939804
SYNPCC7002_RS15520,SYNPCC7002_RS03350,0.0902330235370618
SYNPCC7002_RS15680,SYNPCC7002_RS13740,0.0902194488063287
SYNPCC7002_RS04680,SYNPCC7002_RS08730,0.0902134464254646
SYNPCC7002_RS08255,SYNPCC7002_RS10370,0.0902075661941518
SYNPCC7002_RS12515,SYNPCC7002_RS00210,0.0901954521170923
SYNPCC7002_RS01335,SYNPCC7002_RS03640,0.0901907203754853
SYNPCC7002_RS00640,SYNPCC7002_RS05945,0.0901904241956265
SYNPCC7002_RS05460,SYNPCC7002_RS15285,0.0901902447107025
SYNPCC7002_RS00690,SYNPCC7002_RS12335,0.0901819904761289
SYNPCC7002_RS15520,SYNPCC7002_RS02625,0.090169324356099
SYNPCC7002_RS01800,SYNPCC7002_RS09150,0.0901543476763124
SYNPCC7002_RS09780,SYNPCC7002_RS15475,0.090145947087397
SYNPCC7002_RS00640,SYNPCC7002_RS14845,0.0901236320951556
SYNPCC7002_RS09820,SYNPCC7002_RS11370,0.0901094628238452
SYNPCC7002_RS01420,SYNPCC7002_RS07825,0.0901084738440326
SYNPCC7002_RS04890,SYNPCC7002_RS09035,0.090099439608336
SYNPCC7002_RS10050,SYNPCC7002_RS03425,0.0900962587099802
SYNPCC7002_RS02715,SYNPCC7002_RS09855,0.0900947592455026
SYNPCC7002_RS10050,SYNPCC7002_RS06580,0.0900869061260277
SYNPCC7002_RS15680,SYNPCC7002_RS15605,0.0900832692862039
SYNPCC7002_RS10145,SYNPCC7002_RS10730,0.0900714910753697
SYNPCC7002_RS08255,SYNPCC7002_RS05050,0.0900684553487473
SYNPCC7002_RS16320,SYNPCC7002_RS05920,0.0900543298123514
SYNPCC7002_RS05135,SYNPCC7002_RS05110,0.0900434074816334
SYNPCC7002_RS08255,SYNPCC7002_RS10320,0.090042117411831
SYNPCC7002_RS06540,SYNPCC7002_RS12620,0.0900406131338143
SYNPCC7002_RS07385,SYNPCC7002_RS09715,0.0900358254078982
SYNPCC7002_RS05985,SYNPCC7002_RS01765,0.0900325287661328
SYNPCC7002_RS03030,SYNPCC7002_RS07315,0.0900324819517464
SYNPCC7002_RS06150,SYNPCC7002_RS15190,0.090025623827486
SYNPCC7002_RS05460,SYNPCC7002_RS16840,0.0900233134578134
SYNPCC7002_RS04780,SYNPCC7002_RS04710,0.0900217336905533
SYNPCC7002_RS02410,SYNPCC7002_RS12930,0.0899933332216636
SYNPCC7002_RS03950,SYNPCC7002_RS10195,0.0899838829434077
SYNPCC7002_RS12090,SYNPCC7002_RS12950,0.0899813616441507
SYNPCC7002_RS04250,SYNPCC7002_RS14755,0.0899732418980725
SYNPCC7002_RS14385,SYNPCC7002_RS14315,0.0899615288538791
SYNPCC7002_RS07385,SYNPCC7002_RS11710,0.0899436424138984
SYNPCC7002_RS10050,SYNPCC7002_RS16420,0.0899298453292384
SYNPCC7002_RS07295,SYNPCC7002_RS15070,0.0899226665824945
SYNPCC7002_RS04250,SYNPCC7002_RS12840,0.0899222714096083
SYNPCC7002_RS07295,SYNPCC7002_RS03100,0.0899209721057159
SYNPCC7002_RS05135,SYNPCC7002_RS11515,0.0899159169150083
SYNPCC7002_RS11685,SYNPCC7002_RS01865,0.0899139915469197
SYNPCC7002_RS12395,SYNPCC7002_RS10130,0.0899098933973772
SYNPCC7002_RS03030,SYNPCC7002_RS11930,0.08990752359336
SYNPCC7002_RS12395,SYNPCC7002_RS17230,0.0898742436842532
SYNPCC7002_RS02715,SYNPCC7002_RS04760,0.089867890968403
SYNPCC7002_RS03030,SYNPCC7002_RS00655,0.0898637449208211
SYNPCC7002_RS12515,SYNPCC7002_RS04780,0.0898584515306249
SYNPCC7002_RS01335,SYNPCC7002_RS14850,0.089852505583051
SYNPCC7002_RS09820,SYNPCC7002_RS11415,0.0898506280264489
SYNPCC7002_RS05135,SYNPCC7002_RS03055,0.0898484072432156
SYNPCC7002_RS09820,SYNPCC7002_RS04910,0.0898317672416846
SYNPCC7002_RS15520,SYNPCC7002_RS12045,0.0898096142268319
SYNPCC7002_RS09820,SYNPCC7002_RS02025,0.0898079832531709
SYNPCC7002_RS05985,SYNPCC7002_RS09975,0.0897989426778528
SYNPCC7002_RS09630,SYNPCC7002_RS15010,0.0897971427479692
SYNPCC7002_RS05135,SYNPCC7002_RS09900,0.0897958646007823
SYNPCC7002_RS10050,SYNPCC7002_RS16705,0.0897854425660701
SYNPCC7002_RS04680,SYNPCC7002_RS00235,0.0897781376339826
SYNPCC7002_RS15410,SYNPCC7002_RS12920,0.0897725345504358
SYNPCC7002_RS08965,SYNPCC7002_RS11040,0.0897500061124916
SYNPCC7002_RS07385,SYNPCC7002_RS02985,0.0897363961344637
SYNPCC7002_RS01800,SYNPCC7002_RS05645,0.0897356431565702
SYNPCC7002_RS15255,SYNPCC7002_RS04135,0.0897287596277161
SYNPCC7002_RS15520,SYNPCC7002_RS09830,0.0897130941048781
SYNPCC7002_RS08965,SYNPCC7002_RS12135,0.0897104542609713
SYNPCC7002_RS09995,SYNPCC7002_RS16085,0.0897015558670841
SYNPCC7002_RS04650,SYNPCC7002_RS05550,0.089693830721216
SYNPCC7002_RS02715,SYNPCC7002_RS13050,0.0896903149570549
SYNPCC7002_RS03950,SYNPCC7002_RS15715,0.0896766902113863
SYNPCC7002_RS02455,SYNPCC7002_RS10055,0.0896739207245258
SYNPCC7002_RS04250,SYNPCC7002_RS09525,0.0896683244273531
SYNPCC7002_RS06005,SYNPCC7002_RS11750,0.0896610946798771
SYNPCC7002_RS08175,SYNPCC7002_RS12685,0.0896419634671802
SYNPCC7002_RS01420,SYNPCC7002_RS01925,0.0896330373899409
SYNPCC7002_RS05985,SYNPCC7002_RS10725,0.089626073436292
SYNPCC7002_RS09780,SYNPCC7002_RS13815,0.0896046871998857
SYNPCC7002_RS09820,SYNPCC7002_RS06915,0.0895855469604211
SYNPCC7002_RS04890,SYNPCC7002_RS04620,0.0895823165729685
SYNPCC7002_RS02715,SYNPCC7002_RS02725,0.0895767817221572
SYNPCC7002_RS16320,SYNPCC7002_RS15875,0.0895697332367772
SYNPCC7002_RS15255,SYNPCC7002_RS05670,0.0895671255242763
SYNPCC7002_RS09820,SYNPCC7002_RS09985,0.0895647713331178
SYNPCC7002_RS04780,SYNPCC7002_RS09710,0.0895552929009482
SYNPCC7002_RS02455,SYNPCC7002_RS11870,0.0895499666631673
SYNPCC7002_RS05135,SYNPCC7002_RS14250,0.0895355498441939
SYNPCC7002_RS06150,SYNPCC7002_RS15780,0.0895304603442238
SYNPCC7002_RS09995,SYNPCC7002_RS01860,0.0895291648158367
SYNPCC7002_RS15995,SYNPCC7002_RS08025,0.0895228923130878
SYNPCC7002_RS09820,SYNPCC7002_RS03415,0.0895088187787592
SYNPCC7002_RS01085,SYNPCC7002_RS07930,0.089508436698025
SYNPCC7002_RS05985,SYNPCC7002_RS13125,0.0895037724081607
SYNPCC7002_RS09320,SYNPCC7002_RS04600,0.0894824170269226
SYNPCC7002_RS00010,SYNPCC7002_RS01760,0.0894685931122493
SYNPCC7002_RS06540,SYNPCC7002_RS11615,0.0894512564241991
SYNPCC7002_RS04250,SYNPCC7002_RS05590,0.0894414708593233
SYNPCC7002_RS10050,SYNPCC7002_RS12440,0.0894145145629082
SYNPCC7002_RS04780,SYNPCC7002_RS09345,0.0894129136934205
SYNPCC7002_RS12090,SYNPCC7002_RS10320,0.0894056908751329
SYNPCC7002_RS09780,SYNPCC7002_RS15110,0.0894038905845188
SYNPCC7002_RS15030,SYNPCC7002_RS15040,0.0893918325129898
SYNPCC7002_RS09845,SYNPCC7002_RS12200,0.0893832220352701
SYNPCC7002_RS09320,SYNPCC7002_RS05490,0.089381642816492
SYNPCC7002_RS09780,SYNPCC7002_RS02055,0.0893689865206696
SYNPCC7002_RS08175,SYNPCC7002_RS08215,0.0893270103118461
SYNPCC7002_RS00640,SYNPCC7002_RS01145,0.0893240823959297
SYNPCC7002_RS04680,SYNPCC7002_RS08160,0.0893113882231226
SYNPCC7002_RS04290,SYNPCC7002_RS11870,0.0893102837526287
SYNPCC7002_RS10050,SYNPCC7002_RS02960,0.0893015911907292
SYNPCC7002_RS04890,SYNPCC7002_RS03370,0.0892996009360703
SYNPCC7002_RS15680,SYNPCC7002_RS10555,0.0892982604405548
SYNPCC7002_RS02455,SYNPCC7002_RS02320,0.0892960513267347
SYNPCC7002_RS15520,SYNPCC7002_RS15190,0.0892852228094167
SYNPCC7002_RS02715,SYNPCC7002_RS03660,0.0892838598686097
SYNPCC7002_RS07295,SYNPCC7002_RS15555,0.0892835992551178
SYNPCC7002_RS15255,SYNPCC7002_RS15605,0.0892764522884618
SYNPCC7002_RS09845,SYNPCC7002_RS07960,0.0892725925330405
SYNPCC7002_RS10050,SYNPCC7002_RS01945,0.0892640853613603
SYNPCC7002_RS04650,SYNPCC7002_RS11140,0.0892632460440142
SYNPCC7002_RS09995,SYNPCC7002_RS02115,0.089261718187091
SYNPCC7002_RS01335,SYNPCC7002_RS07165,0.0892545629938036
SYNPCC7002_RS09820,SYNPCC7002_RS15440,0.0892387811917994
SYNPCC7002_RS15680,SYNPCC7002_RS04835,0.0892100564050907
SYNPCC7002_RS00010,SYNPCC7002_RS01950,0.0891961106389767
SYNPCC7002_RS04650,SYNPCC7002_RS00045,0.0891859542959445
SYNPCC7002_RS04780,SYNPCC7002_RS12650,0.0891844010071914
SYNPCC7002_RS05460,SYNPCC7002_RS08890,0.0891800862848719
SYNPCC7002_RS01085,SYNPCC7002_RS13995,0.0891786583570576
SYNPCC7002_RS01420,SYNPCC7002_RS07535,0.089175945901795
SYNPCC7002_RS08965,SYNPCC7002_RS12025,0.0891716146016234
SYNPCC7002_RS03030,SYNPCC7002_RS03590,0.0891598813198862
SYNPCC7002_RS02455,SYNPCC7002_RS02890,0.0891593567365454
SYNPCC7002_RS09780,SYNPCC7002_RS15980,0.0891540431884827
SYNPCC7002_RS12395,SYNPCC7002_RS02955,0.0891501389140123
SYNPCC7002_RS00640,SYNPCC7002_RS05160,0.0891453413224725
SYNPCC7002_RS08965,SYNPCC7002_RS00120,0.0891318092866788
SYNPCC7002_RS09820,SYNPCC7002_RS04050,0.089122213626512
SYNPCC7002_RS12395,SYNPCC7002_RS13065,0.0891119445778309
SYNPCC7002_RS00690,SYNPCC7002_RS13685,0.089111432299853
SYNPCC7002_RS06005,SYNPCC7002_RS13885,0.089105827323521
SYNPCC7002_RS09320,SYNPCC7002_RS04810,0.0891030714706416
SYNPCC7002_RS04680,SYNPCC7002_RS08510,0.0891015801862355
SYNPCC7002_RS04650,SYNPCC7002_RS02990,0.0890981833946607
SYNPCC7002_RS12090,SYNPCC7002_RS08470,0.0890909267843454
SYNPCC7002_RS11685,SYNPCC7002_RS09460,0.0890890199912997
SYNPCC7002_RS09845,SYNPCC7002_RS09260,0.0890882969196685
SYNPCC7002_RS12395,SYNPCC7002_RS06025,0.0890852218698087
SYNPCC7002_RS02715,SYNPCC7002_RS14165,0.0890768293865907
SYNPCC7002_RS05985,SYNPCC7002_RS13555,0.0890765075372015
SYNPCC7002_RS12395,SYNPCC7002_RS13615,0.0890540048097264
SYNPCC7002_RS06005,SYNPCC7002_RS14550,0.08905386766994
SYNPCC7002_RS10050,SYNPCC7002_RS10950,0.0890245695611783
SYNPCC7002_RS03030,SYNPCC7002_RS08210,0.0890208468667205
SYNPCC7002_RS08945,SYNPCC7002_RS07370,0.089018141103042
SYNPCC7002_RS01335,SYNPCC7002_RS07895,0.0889982819274769
SYNPCC7002_RS08965,SYNPCC7002_RS02435,0.0889955092722672
SYNPCC7002_RS08175,SYNPCC7002_RS06370,0.0889847655076001
SYNPCC7002_RS14790,SYNPCC7002_RS04800,0.0889825448128407
SYNPCC7002_RS04650,SYNPCC7002_RS12850,0.0889690043148305
SYNPCC7002_RS15680,SYNPCC7002_RS17185,0.0889516449833176
SYNPCC7002_RS08255,SYNPCC7002_RS01075,0.0889276790362602
SYNPCC7002_RS08965,SYNPCC7002_RS02530,0.0889066425842784
SYNPCC7002_RS12395,SYNPCC7002_RS05205,0.0889014612406619
SYNPCC7002_RS05985,SYNPCC7002_RS00810,0.088900373299255
SYNPCC7002_RS10050,SYNPCC7002_RS03905,0.0888567529818214
SYNPCC7002_RS08965,SYNPCC7002_RS07145,0.0888515779436923
SYNPCC7002_RS05135,SYNPCC7002_RS00545,0.0888354816024647
SYNPCC7002_RS05985,SYNPCC7002_RS06470,0.0888301011791761
SYNPCC7002_RS09995,SYNPCC7002_RS00705,0.0888243165863519
SYNPCC7002_RS09820,SYNPCC7002_RS12935,0.0888052482658259
SYNPCC7002_RS04250,SYNPCC7002_RS09110,0.0887855714497006
SYNPCC7002_RS03760,SYNPCC7002_RS11895,0.0887760657058698
SYNPCC7002_RS08945,SYNPCC7002_RS14920,0.0887699563891588
SYNPCC7002_RS11685,SYNPCC7002_RS02100,0.0887672423504949
SYNPCC7002_RS01085,SYNPCC7002_RS15735,0.0887616092125873
SYNPCC7002_RS15520,SYNPCC7002_RS01460,0.088759225294044
SYNPCC7002_RS05135,SYNPCC7002_RS03285,0.0887502508504889
SYNPCC7002_RS15255,SYNPCC7002_RS16655,0.0887347569422741
SYNPCC7002_RS14440,SYNPCC7002_RS16310,0.088734599972253
SYNPCC7002_RS06540,SYNPCC7002_RS01620,0.0887235742508459
SYNPCC7002_RS03030,SYNPCC7002_RS15520,0.0887197540044994
SYNPCC7002_RS00010,SYNPCC7002_RS16600,0.0887195465758103
SYNPCC7002_RS12395,SYNPCC7002_RS10765,0.0887192851805567
SYNPCC7002_RS04780,SYNPCC7002_RS01710,0.0887154985089944
SYNPCC7002_RS02715,SYNPCC7002_RS16490,0.088709700668002
SYNPCC7002_RS04780,SYNPCC7002_RS12515,0.0887062728404119
SYNPCC7002_RS00650,SYNPCC7002_RS11390,0.0886931900169191
SYNPCC7002_RS14790,SYNPCC7002_RS05325,0.0886844216810157
SYNPCC7002_RS15680,SYNPCC7002_RS05105,0.0886837888728414
SYNPCC7002_RS02715,SYNPCC7002_RS05240,0.0886664511706518
SYNPCC7002_RS09630,SYNPCC7002_RS02000,0.0886632321481013
SYNPCC7002_RS05460,SYNPCC7002_RS04940,0.0886612045402868
SYNPCC7002_RS01335,SYNPCC7002_RS10375,0.0886572929490935
SYNPCC7002_RS09995,SYNPCC7002_RS09730,0.0886549012333129
SYNPCC7002_RS10050,SYNPCC7002_RS07795,0.0886360535839422
SYNPCC7002_RS00690,SYNPCC7002_RS07095,0.0886244660665272
SYNPCC7002_RS02455,SYNPCC7002_RS10430,0.0886175542771621
SYNPCC7002_RS06540,SYNPCC7002_RS07250,0.0886130875778385
SYNPCC7002_RS09260,SYNPCC7002_RS06105,0.0886102692596695
SYNPCC7002_RS04250,SYNPCC7002_RS16905,0.0886060198000033
SYNPCC7002_RS07385,SYNPCC7002_RS08985,0.088604056806089
SYNPCC7002_RS08965,SYNPCC7002_RS04955,0.0885916147151919
SYNPCC7002_RS05460,SYNPCC7002_RS08040,0.0885501852389953
SYNPCC7002_RS09630,SYNPCC7002_RS12195,0.0885493199705464
SYNPCC7002_RS04250,SYNPCC7002_RS00280,0.0885311563178924
SYNPCC7002_RS05985,SYNPCC7002_RS04510,0.0885126512900498
SYNPCC7002_RS11685,SYNPCC7002_RS04650,0.0885103735712189
SYNPCC7002_RS02715,SYNPCC7002_RS01245,0.0885087496877809
SYNPCC7002_RS08210,SYNPCC7002_RS11880,0.0885086694850287
SYNPCC7002_RS09175,SYNPCC7002_RS00905,0.0885083976963251
SYNPCC7002_RS11400,SYNPCC7002_RS06415,0.0885051646024986
SYNPCC7002_RS04780,SYNPCC7002_RS03840,0.0885049334930628
SYNPCC7002_RS05135,SYNPCC7002_RS00465,0.0885048119222035
SYNPCC7002_RS05460,SYNPCC7002_RS14500,0.088499437757514
SYNPCC7002_RS11685,SYNPCC7002_RS09735,0.0884980518621702
SYNPCC7002_RS12395,SYNPCC7002_RS16940,0.0884971150470914
SYNPCC7002_RS11685,SYNPCC7002_RS03285,0.0884828100255122
SYNPCC7002_RS08390,SYNPCC7002_RS01310,0.0884738191398249
SYNPCC7002_RS04680,SYNPCC7002_RS12530,0.0884603412906937
SYNPCC7002_RS09820,SYNPCC7002_RS02030,0.0884548028870015
SYNPCC7002_RS09995,SYNPCC7002_RS06180,0.0884460764357758
SYNPCC7002_RS04780,SYNPCC7002_RS04445,0.0884269189054752
SYNPCC7002_RS05985,SYNPCC7002_RS10445,0.0884225944506752
SYNPCC7002_RS01420,SYNPCC7002_RS06580,0.0884216011728598
SYNPCC7002_RS05135,SYNPCC7002_RS13615,0.0884104686685297
SYNPCC7002_RS03295,SYNPCC7002_RS03330,0.0883980104141842
SYNPCC7002_RS04250,SYNPCC7002_RS07495,0.0883928129672434
SYNPCC7002_RS11685,SYNPCC7002_RS01785,0.0883772093395917
SYNPCC7002_RS08945,SYNPCC7002_RS10090,0.0883719011974559
SYNPCC7002_RS06005,SYNPCC7002_RS06650,0.0883551381009253
SYNPCC7002_RS02455,SYNPCC7002_RS01970,0.0883486818724169
SYNPCC7002_RS09630,SYNPCC7002_RS06800,0.0883483425082969
SYNPCC7002_RS08945,SYNPCC7002_RS07195,0.0883363512667585
SYNPCC7002_RS04780,SYNPCC7002_RS11380,0.0883352719496546
SYNPCC7002_RS09780,SYNPCC7002_RS07345,0.0883347266446844
SYNPCC7002_RS15520,SYNPCC7002_RS09550,0.0883342058258539
SYNPCC7002_RS12395,SYNPCC7002_RS00425,0.0883165533543452
SYNPCC7002_RS05985,SYNPCC7002_RS11535,0.0883164174602744
SYNPCC7002_RS08390,SYNPCC7002_RS15935,0.0883068343050155
SYNPCC7002_RS11685,SYNPCC7002_RS08060,0.0882915127062931
SYNPCC7002_RS01335,SYNPCC7002_RS07515,0.0882902494729032
SYNPCC7002_RS08965,SYNPCC7002_RS04465,0.0882730098814302
SYNPCC7002_RS04650,SYNPCC7002_RS06320,0.0882703940243722
SYNPCC7002_RS04890,SYNPCC7002_RS11325,0.0882684054755776
SYNPCC7002_RS09320,SYNPCC7002_RS06135,0.08826356905197
SYNPCC7002_RS15030,SYNPCC7002_RS07175,0.0882581528532503
SYNPCC7002_RS04250,SYNPCC7002_RS04585,0.0882561969770588
SYNPCC7002_RS12395,SYNPCC7002_RS03275,0.0882510920247877
SYNPCC7002_RS00010,SYNPCC7002_RS05355,0.0882459629419742
SYNPCC7002_RS01800,SYNPCC7002_RS10200,0.088234013854647
SYNPCC7002_RS08965,SYNPCC7002_RS06300,0.0882154603897715
SYNPCC7002_RS08390,SYNPCC7002_RS12080,0.0882122934862377
SYNPCC7002_RS15520,SYNPCC7002_RS07980,0.0882098212564011
SYNPCC7002_RS06150,SYNPCC7002_RS14525,0.0882020480281768
SYNPCC7002_RS02455,SYNPCC7002_RS00960,0.0881976191119988
SYNPCC7002_RS12395,SYNPCC7002_RS10870,0.0881905510408995
SYNPCC7002_RS05135,SYNPCC7002_RS03895,0.088176531733951
SYNPCC7002_RS02715,SYNPCC7002_RS06170,0.088166852060344
SYNPCC7002_RS05135,SYNPCC7002_RS02130,0.0881650850196136
SYNPCC7002_RS09175,SYNPCC7002_RS00165,0.0881552707682864
SYNPCC7002_RS04780,SYNPCC7002_RS12290,0.088130652863956
SYNPCC7002_RS08945,SYNPCC7002_RS07200,0.0881218170801153
SYNPCC7002_RS07385,SYNPCC7002_RS00055,0.0881206249175518
SYNPCC7002_RS08390,SYNPCC7002_RS07420,0.08811723338323
SYNPCC7002_RS12105,SYNPCC7002_RS14680,0.0881079825137661
SYNPCC7002_RS09995,SYNPCC7002_RS05975,0.0881053011984103
SYNPCC7002_RS15520,SYNPCC7002_RS06770,0.0880995798194993
SYNPCC7002_RS15520,SYNPCC7002_RS08120,0.0880969866382732
SYNPCC7002_RS08390,SYNPCC7002_RS02380,0.0880865906444034
SYNPCC7002_RS15255,SYNPCC7002_RS16320,0.0880426726256058
SYNPCC7002_RS11400,SYNPCC7002_RS02115,0.0880426612843664
SYNPCC7002_RS04890,SYNPCC7002_RS02575,0.0880363702321451
SYNPCC7002_RS15520,SYNPCC7002_RS03590,0.0880284050412995
SYNPCC7002_RS05985,SYNPCC7002_RS16470,0.0880221922802466
SYNPCC7002_RS15410,SYNPCC7002_RS03495,0.0880160855080395
SYNPCC7002_RS03030,SYNPCC7002_RS08700,0.0880138322200658
SYNPCC7002_RS01335,SYNPCC7002_RS05340,0.0880020822461839
SYNPCC7002_RS14790,SYNPCC7002_RS16440,0.0879944007171644
SYNPCC7002_RS08860,SYNPCC7002_RS08595,0.0879829723061826
SYNPCC7002_RS04890,SYNPCC7002_RS07725,0.0879799433667594
SYNPCC7002_RS08390,SYNPCC7002_RS09315,0.0879704327802563
SYNPCC7002_RS09820,SYNPCC7002_RS14855,0.0879687866406468
SYNPCC7002_RS03030,SYNPCC7002_RS15345,0.0879641467335132
SYNPCC7002_RS05460,SYNPCC7002_RS05665,0.0879628128577261
SYNPCC7002_RS14790,SYNPCC7002_RS04805,0.0879618692207302
SYNPCC7002_RS12395,SYNPCC7002_RS11585,0.0879613151308393
SYNPCC7002_RS05985,SYNPCC7002_RS12775,0.0879598805763953
SYNPCC7002_RS07385,SYNPCC7002_RS00980,0.0879591263922772
SYNPCC7002_RS08390,SYNPCC7002_RS09070,0.0879565181672737
SYNPCC7002_RS15255,SYNPCC7002_RS14645,0.08795570286751
SYNPCC7002_RS02715,SYNPCC7002_RS15735,0.0879487103250589
SYNPCC7002_RS11685,SYNPCC7002_RS12395,0.0879454061223811
SYNPCC7002_RS05985,SYNPCC7002_RS17015,0.0879434763779442
SYNPCC7002_RS08175,SYNPCC7002_RS16175,0.0879402281685017
SYNPCC7002_RS09780,SYNPCC7002_RS03075,0.0879388410372017
SYNPCC7002_RS09320,SYNPCC7002_RS06140,0.0879382118444887
SYNPCC7002_RS02715,SYNPCC7002_RS14855,0.087937554122301
SYNPCC7002_RS04890,SYNPCC7002_RS01930,0.0879232120926222
SYNPCC7002_RS01800,SYNPCC7002_RS09050,0.0879223822039431
SYNPCC7002_RS12395,SYNPCC7002_RS10280,0.087907424543339
SYNPCC7002_RS04250,SYNPCC7002_RS01740,0.0879000541595042
SYNPCC7002_RS15030,SYNPCC7002_RS14970,0.0878919732043641
SYNPCC7002_RS06005,SYNPCC7002_RS11755,0.0878831674662034
SYNPCC7002_RS00650,SYNPCC7002_RS01250,0.0878807894824301
SYNPCC7002_RS04780,SYNPCC7002_RS06020,0.0878790273323776
SYNPCC7002_RS04780,SYNPCC7002_RS06525,0.087872443190116
SYNPCC7002_RS01800,SYNPCC7002_RS01435,0.0878712496324721
SYNPCC7002_RS12395,SYNPCC7002_RS02795,0.0878675482123668
SYNPCC7002_RS08210,SYNPCC7002_RS11735,0.0878597997093217
SYNPCC7002_RS12395,SYNPCC7002_RS07835,0.0878564827183074
SYNPCC7002_RS04250,SYNPCC7002_RS04385,0.0878529591792019
SYNPCC7002_RS08390,SYNPCC7002_RS02375,0.0878523250888939
SYNPCC7002_RS04890,SYNPCC7002_RS01135,0.0878510190895345
SYNPCC7002_RS09820,SYNPCC7002_RS06665,0.0878498700529484
SYNPCC7002_RS04890,SYNPCC7002_RS00305,0.0878401450460543
SYNPCC7002_RS14440,SYNPCC7002_RS14205,0.087838538126482
SYNPCC7002_RS01335,SYNPCC7002_RS01100,0.0878326117195
SYNPCC7002_RS16320,SYNPCC7002_RS15315,0.0878207298045503
SYNPCC7002_RS01335,SYNPCC7002_RS06310,0.0878161254679751
SYNPCC7002_RS05460,SYNPCC7002_RS14805,0.0877991775745615
SYNPCC7002_RS12395,SYNPCC7002_RS12240,0.0877948752436966
SYNPCC7002_RS09320,SYNPCC7002_RS08745,0.0877859035406896
SYNPCC7002_RS05460,SYNPCC7002_RS04760,0.0877711147119632
SYNPCC7002_RS06540,SYNPCC7002_RS06710,0.0877541035062273
SYNPCC7002_RS09780,SYNPCC7002_RS14755,0.0877536374215817
SYNPCC7002_RS14790,SYNPCC7002_RS14765,0.087746361776554
SYNPCC7002_RS05135,SYNPCC7002_RS07625,0.0877456739193929
SYNPCC7002_RS00690,SYNPCC7002_RS10535,0.0877081657321207
SYNPCC7002_RS12395,SYNPCC7002_RS07775,0.0877080530771167
SYNPCC7002_RS09320,SYNPCC7002_RS02355,0.0876934320578631
SYNPCC7002_RS01800,SYNPCC7002_RS00030,0.0876843135334057
SYNPCC7002_RS03030,SYNPCC7002_RS11525,0.0876822011907412
SYNPCC7002_RS09780,SYNPCC7002_RS10565,0.0876807397335451
SYNPCC7002_RS04250,SYNPCC7002_RS05385,0.087676636825554
SYNPCC7002_RS11400,SYNPCC7002_RS02730,0.0876763628634791
SYNPCC7002_RS04890,SYNPCC7002_RS10610,0.0876744928399737
SYNPCC7002_RS01335,SYNPCC7002_RS05790,0.0876681687798127
SYNPCC7002_RS07385,SYNPCC7002_RS10645,0.0876565331654039
SYNPCC7002_RS01420,SYNPCC7002_RS01785,0.0876501691737689
SYNPCC7002_RS09260,SYNPCC7002_RS00110,0.0876488651487431
SYNPCC7002_RS05135,SYNPCC7002_RS11000,0.0876486985598066
SYNPCC7002_RS05135,SYNPCC7002_RS10610,0.087645295888243
SYNPCC7002_RS09780,SYNPCC7002_RS17235,0.0876447973770837
SYNPCC7002_RS01335,SYNPCC7002_RS08625,0.0876429155282015
SYNPCC7002_RS15995,SYNPCC7002_RS01045,0.0876143298238429
SYNPCC7002_RS10050,SYNPCC7002_RS16815,0.0876098665585648
SYNPCC7002_RS01085,SYNPCC7002_RS10655,0.0876082077490198
SYNPCC7002_RS09820,SYNPCC7002_RS03620,0.0876070027563069
SYNPCC7002_RS05985,SYNPCC7002_RS15260,0.0875955596509939
SYNPCC7002_RS16160,SYNPCC7002_RS16125,0.0875924169883153
SYNPCC7002_RS05985,SYNPCC7002_RS13030,0.0875793573452895
SYNPCC7002_RS12395,SYNPCC7002_RS07945,0.0875781396004289
SYNPCC7002_RS09780,SYNPCC7002_RS06050,0.0875649079679881
SYNPCC7002_RS10050,SYNPCC7002_RS12990,0.087561076094806
SYNPCC7002_RS05985,SYNPCC7002_RS04270,0.0875495104269013
SYNPCC7002_RS03295,SYNPCC7002_RS08760,0.0875370118621918
SYNPCC7002_RS09820,SYNPCC7002_RS12630,0.0875340369167487
SYNPCC7002_RS09320,SYNPCC7002_RS11635,0.0875234917659342
SYNPCC7002_RS09780,SYNPCC7002_RS02770,0.0875140922470672
SYNPCC7002_RS06005,SYNPCC7002_RS14210,0.0875100189218768
SYNPCC7002_RS10050,SYNPCC7002_RS06825,0.0875076257142808
SYNPCC7002_RS11400,SYNPCC7002_RS01125,0.0875029340627775
SYNPCC7002_RS16320,SYNPCC7002_RS09300,0.0875018389805538
SYNPCC7002_RS01420,SYNPCC7002_RS10760,0.0875015560678008
SYNPCC7002_RS03030,SYNPCC7002_RS02940,0.0874980479366378
SYNPCC7002_RS10050,SYNPCC7002_RS15055,0.087497300589115
SYNPCC7002_RS08390,SYNPCC7002_RS04920,0.0874956709805087
SYNPCC7002_RS09845,SYNPCC7002_RS13415,0.0874889183400449
SYNPCC7002_RS05135,SYNPCC7002_RS11190,0.0874827086573705
SYNPCC7002_RS03030,SYNPCC7002_RS15445,0.0874779591282607
SYNPCC7002_RS10050,SYNPCC7002_RS14860,0.087470238839979
SYNPCC7002_RS09780,SYNPCC7002_RS01850,0.0874583713405058
SYNPCC7002_RS08965,SYNPCC7002_RS04450,0.087451764519252
SYNPCC7002_RS09820,SYNPCC7002_RS06010,0.087447825800278
SYNPCC7002_RS04780,SYNPCC7002_RS06540,0.0874474432003726
SYNPCC7002_RS01335,SYNPCC7002_RS07300,0.0874196950597002
SYNPCC7002_RS15520,SYNPCC7002_RS11410,0.0874188488528299
SYNPCC7002_RS12395,SYNPCC7002_RS07770,0.0874073038905415
SYNPCC7002_RS05135,SYNPCC7002_RS03700,0.087403838422582
SYNPCC7002_RS04680,SYNPCC7002_RS09345,0.0874005485216425
SYNPCC7002_RS12395,SYNPCC7002_RS16960,0.0873984554444324
SYNPCC7002_RS11400,SYNPCC7002_RS12875,0.0873922298407248
SYNPCC7002_RS10050,SYNPCC7002_RS07835,0.0873731722537311
SYNPCC7002_RS00650,SYNPCC7002_RS03755,0.0873714056280487
SYNPCC7002_RS05135,SYNPCC7002_RS13315,0.0873696495928045
SYNPCC7002_RS12395,SYNPCC7002_RS07590,0.0873589585092809
SYNPCC7002_RS05985,SYNPCC7002_RS02270,0.0873552460049828
SYNPCC7002_RS10050,SYNPCC7002_RS04120,0.0873537198117661
SYNPCC7002_RS09820,SYNPCC7002_RS15075,0.0873495367977981
SYNPCC7002_RS05460,SYNPCC7002_RS12255,0.0873442527733374
SYNPCC7002_RS02715,SYNPCC7002_RS08895,0.0873293369521161
SYNPCC7002_RS01420,SYNPCC7002_RS05215,0.0873259446759787
SYNPCC7002_RS09995,SYNPCC7002_RS16145,0.0873181764528548
SYNPCC7002_RS14385,SYNPCC7002_RS14405,0.0873142384318784
SYNPCC7002_RS05135,SYNPCC7002_RS05390,0.0873117549237072
SYNPCC7002_RS15255,SYNPCC7002_RS16290,0.0873031609804516
SYNPCC7002_RS09820,SYNPCC7002_RS04940,0.0872971023853134
SYNPCC7002_RS01335,SYNPCC7002_RS11810,0.0872932430528517
SYNPCC7002_RS15255,SYNPCC7002_RS14635,0.0872794523165006
SYNPCC7002_RS10050,SYNPCC7002_RS09095,0.0872784497635679
SYNPCC7002_RS04250,SYNPCC7002_RS10895,0.0872649759880089
SYNPCC7002_RS03030,SYNPCC7002_RS07080,0.0872645070722859
SYNPCC7002_RS05135,SYNPCC7002_RS06590,0.087263384019288
SYNPCC7002_RS04780,SYNPCC7002_RS08205,0.0872619626294374
SYNPCC7002_RS12395,SYNPCC7002_RS04890,0.0872600253196225
SYNPCC7002_RS14385,SYNPCC7002_RS13940,0.0872498359672681
SYNPCC7002_RS15255,SYNPCC7002_RS09310,0.0872469976693953
SYNPCC7002_RS04890,SYNPCC7002_RS11190,0.0872423928149332
SYNPCC7002_RS08965,SYNPCC7002_RS02780,0.0872412212274622
SYNPCC7002_RS08965,SYNPCC7002_RS11670,0.0872174835192436
SYNPCC7002_RS09320,SYNPCC7002_RS06955,0.0872028694427859
SYNPCC7002_RS04780,SYNPCC7002_RS11505,0.0871980349694591
SYNPCC7002_RS05460,SYNPCC7002_RS04425,0.087196517919896
SYNPCC7002_RS01800,SYNPCC7002_RS12885,0.0871860538331472
SYNPCC7002_RS09780,SYNPCC7002_RS16995,0.0871752095852604
SYNPCC7002_RS04650,SYNPCC7002_RS07505,0.0871683000049074
SYNPCC7002_RS15520,SYNPCC7002_RS09670,0.087155654909874
SYNPCC7002_RS04680,SYNPCC7002_RS05575,0.0871539980819707
SYNPCC7002_RS01800,SYNPCC7002_RS06045,0.0871445272973158
SYNPCC7002_RS05460,SYNPCC7002_RS14350,0.0871402109545406
SYNPCC7002_RS06150,SYNPCC7002_RS14610,0.087133418852567
SYNPCC7002_RS09820,SYNPCC7002_RS09800,0.087131391624254
SYNPCC7002_RS03295,SYNPCC7002_RS03610,0.0871189381709115
SYNPCC7002_RS11400,SYNPCC7002_RS06225,0.0871118951424917
SYNPCC7002_RS10050,SYNPCC7002_RS04300,0.0870820552576547
SYNPCC7002_RS08945,SYNPCC7002_RS09355,0.0870691890150928
SYNPCC7002_RS15680,SYNPCC7002_RS11465,0.0870411842216543
SYNPCC7002_RS08965,SYNPCC7002_RS13870,0.0870339428718137
SYNPCC7002_RS15255,SYNPCC7002_RS03160,0.0870171320443606
SYNPCC7002_RS02715,SYNPCC7002_RS14865,0.0870112986142425
SYNPCC7002_RS03950,SYNPCC7002_RS07920,0.0870112931861368
SYNPCC7002_RS08210,SYNPCC7002_RS02085,0.0870043396682959
SYNPCC7002_RS00050,SYNPCC7002_RS03790,0.0869995687032762
SYNPCC7002_RS15680,SYNPCC7002_RS15160,0.086996990833001
SYNPCC7002_RS01335,SYNPCC7002_RS11050,0.0869967120650884
SYNPCC7002_RS08965,SYNPCC7002_RS12415,0.0869843740884352
SYNPCC7002_RS04890,SYNPCC7002_RS13535,0.0869795008541502
SYNPCC7002_RS08965,SYNPCC7002_RS10470,0.0869563368054769
SYNPCC7002_RS05985,SYNPCC7002_RS11925,0.086953188425607
SYNPCC7002_RS10050,SYNPCC7002_RS07810,0.0869499370750672
SYNPCC7002_RS06005,SYNPCC7002_RS08370,0.0869429986278596
SYNPCC7002_RS09195,SYNPCC7002_RS13440,0.0869425474081158
SYNPCC7002_RS04780,SYNPCC7002_RS11615,0.0869148150565811
SYNPCC7002_RS07385,SYNPCC7002_RS13570,0.0869041595675846
SYNPCC7002_RS12395,SYNPCC7002_RS11530,0.0868946541183127
SYNPCC7002_RS05135,SYNPCC7002_RS05405,0.0868727005739025
SYNPCC7002_RS08965,SYNPCC7002_RS09740,0.0868678736297425
SYNPCC7002_RS04650,SYNPCC7002_RS16975,0.0868677830598577
SYNPCC7002_RS12105,SYNPCC7002_RS11935,0.0868481768174944
SYNPCC7002_RS04780,SYNPCC7002_RS04690,0.0868302863215746
SYNPCC7002_RS08860,SYNPCC7002_RS03555,0.0868219909908973
SYNPCC7002_RS02715,SYNPCC7002_RS16835,0.0868205096034723
SYNPCC7002_RS00050,SYNPCC7002_RS06230,0.0868084631831035
SYNPCC7002_RS09630,SYNPCC7002_RS09240,0.0868068758921642
SYNPCC7002_RS04780,SYNPCC7002_RS12795,0.0868048768446762
SYNPCC7002_RS15520,SYNPCC7002_RS02525,0.0867946145764377
SYNPCC7002_RS05135,SYNPCC7002_RS15085,0.0867914348839665
SYNPCC7002_RS09320,SYNPCC7002_RS03880,0.086788001823393
SYNPCC7002_RS12395,SYNPCC7002_RS03290,0.0867850826110996
SYNPCC7002_RS09845,SYNPCC7002_RS13410,0.0867765649889618
SYNPCC7002_RS06540,SYNPCC7002_RS11380,0.0867761639516083
SYNPCC7002_RS04680,SYNPCC7002_RS08460,0.0867746014214475
SYNPCC7002_RS15520,SYNPCC7002_RS14585,0.086763201599406
SYNPCC7002_RS15520,SYNPCC7002_RS09290,0.0867542403047499
SYNPCC7002_RS05135,SYNPCC7002_RS13080,0.0867478436253123
SYNPCC7002_RS05135,SYNPCC7002_RS01515,0.0867443910027402
SYNPCC7002_RS01420,SYNPCC7002_RS15870,0.0867441887368763
SYNPCC7002_RS10050,SYNPCC7002_RS07675,0.0867336009010793
SYNPCC7002_RS04890,SYNPCC7002_RS11585,0.0867261038915494
SYNPCC7002_RS04650,SYNPCC7002_RS12805,0.0867213672812873
SYNPCC7002_RS05985,SYNPCC7002_RS12105,0.0867051865932995
SYNPCC7002_RS08965,SYNPCC7002_RS05380,0.0867041062036688
SYNPCC7002_RS09845,SYNPCC7002_RS09635,0.086701336762555
SYNPCC7002_RS11685,SYNPCC7002_RS05705,0.0866886780010416
SYNPCC7002_RS08175,SYNPCC7002_RS10760,0.0866845964268844
SYNPCC7002_RS05460,SYNPCC7002_RS12120,0.0866726599391823
SYNPCC7002_RS16320,SYNPCC7002_RS06465,0.0866621493788956
SYNPCC7002_RS12090,SYNPCC7002_RS10470,0.0866555717986063
SYNPCC7002_RS05135,SYNPCC7002_RS06330,0.086642340016045
SYNPCC7002_RS04680,SYNPCC7002_RS01810,0.086641185142735
SYNPCC7002_RS02715,SYNPCC7002_RS14415,0.0866316337931788
SYNPCC7002_RS04780,SYNPCC7002_RS08200,0.0866316227896131
SYNPCC7002_RS14790,SYNPCC7002_RS13925,0.0866283859421318
SYNPCC7002_RS04250,SYNPCC7002_RS12910,0.0866199564243895
SYNPCC7002_RS14790,SYNPCC7002_RS02615,0.0866176670592158
SYNPCC7002_RS07295,SYNPCC7002_RS14345,0.0866121453605904
SYNPCC7002_RS08860,SYNPCC7002_RS15360,0.086612113201846
SYNPCC7002_RS09260,SYNPCC7002_RS07185,0.0866071751378231
SYNPCC7002_RS05135,SYNPCC7002_RS07490,0.0865988613578695
SYNPCC7002_RS14440,SYNPCC7002_RS16305,0.0865854710246447
SYNPCC7002_RS15680,SYNPCC7002_RS13185,0.0865846077730551
SYNPCC7002_RS10050,SYNPCC7002_RS04775,0.0865807370438046
SYNPCC7002_RS00050,SYNPCC7002_RS01900,0.0865793887955637
SYNPCC7002_RS10050,SYNPCC7002_RS13725,0.0865751387141596
SYNPCC7002_RS03760,SYNPCC7002_RS06255,0.086571992571523
SYNPCC7002_RS12395,SYNPCC7002_RS01925,0.0865716701525194
SYNPCC7002_RS08945,SYNPCC7002_RS06285,0.0865681184588755
SYNPCC7002_RS04890,SYNPCC7002_RS06580,0.0865620914181899
SYNPCC7002_RS11400,SYNPCC7002_RS01605,0.0865487333804631
SYNPCC7002_RS05135,SYNPCC7002_RS02015,0.0865353625469572
SYNPCC7002_RS15520,SYNPCC7002_RS08955,0.0865305005403147
SYNPCC7002_RS10050,SYNPCC7002_RS14665,0.0865298166647141
SYNPCC7002_RS09995,SYNPCC7002_RS09675,0.0865202782230986
SYNPCC7002_RS04250,SYNPCC7002_RS03345,0.086509647385476
SYNPCC7002_RS15520,SYNPCC7002_RS07280,0.086508060534884
SYNPCC7002_RS04890,SYNPCC7002_RS05140,0.0865045650564526
SYNPCC7002_RS12395,SYNPCC7002_RS11685,0.0864847013236284
SYNPCC7002_RS04250,SYNPCC7002_RS12485,0.0864735604549594
SYNPCC7002_RS12090,SYNPCC7002_RS05910,0.0864725600154943
SYNPCC7002_RS05135,SYNPCC7002_RS02090,0.0864671083261416
SYNPCC7002_RS16320,SYNPCC7002_RS15320,0.0864668423244537
SYNPCC7002_RS15520,SYNPCC7002_RS09295,0.0864653420470519
SYNPCC7002_RS05460,SYNPCC7002_RS04825,0.08646266869543
SYNPCC7002_RS08965,SYNPCC7002_RS06070,0.0864480614522993
SYNPCC7002_RS01420,SYNPCC7002_RS11585,0.0864459429624069
SYNPCC7002_RS08390,SYNPCC7002_RS13695,0.0864459427026227
SYNPCC7002_RS10145,SYNPCC7002_RS15745,0.0864438817205882
SYNPCC7002_RS05135,SYNPCC7002_RS07775,0.0864434612021638
SYNPCC7002_RS05135,SYNPCC7002_RS09430,0.0864409643407202
SYNPCC7002_RS06150,SYNPCC7002_RS15510,0.0864337433149167
SYNPCC7002_RS03295,SYNPCC7002_RS06045,0.0864299334759147
SYNPCC7002_RS09845,SYNPCC7002_RS04755,0.0864282793447881
SYNPCC7002_RS00650,SYNPCC7002_RS08125,0.0864075588857628
SYNPCC7002_RS14440,SYNPCC7002_RS14405,0.086400848004123
SYNPCC7002_RS12395,SYNPCC7002_RS11345,0.0864004282334135
SYNPCC7002_RS09175,SYNPCC7002_RS10185,0.0863857563949178
SYNPCC7002_RS09320,SYNPCC7002_RS16685,0.0863766281071445
SYNPCC7002_RS01335,SYNPCC7002_RS12360,0.0863760434715268
SYNPCC7002_RS03030,SYNPCC7002_RS03375,0.0863742699266123
SYNPCC7002_RS06150,SYNPCC7002_RS12195,0.0863607315937897
SYNPCC7002_RS04780,SYNPCC7002_RS12220,0.0863560125575058
SYNPCC7002_RS01420,SYNPCC7002_RS00730,0.0863542770142506
SYNPCC7002_RS01800,SYNPCC7002_RS01970,0.0863334862081532
SYNPCC7002_RS08965,SYNPCC7002_RS01290,0.0863170098361925
SYNPCC7002_RS04250,SYNPCC7002_RS04650,0.086310372843464
SYNPCC7002_RS10050,SYNPCC7002_RS01330,0.0863038563830224
SYNPCC7002_RS04890,SYNPCC7002_RS12690,0.0863003828551254
SYNPCC7002_RS09320,SYNPCC7002_RS01750,0.0862921543872049
SYNPCC7002_RS09320,SYNPCC7002_RS15225,0.086289065132078
SYNPCC7002_RS16320,SYNPCC7002_RS01630,0.0862865913997943
SYNPCC7002_RS01335,SYNPCC7002_RS14890,0.0862828605246194
SYNPCC7002_RS16320,SYNPCC7002_RS14430,0.0862726903574029
SYNPCC7002_RS08390,SYNPCC7002_RS09685,0.0862700937188347
SYNPCC7002_RS09320,SYNPCC7002_RS07975,0.0862625086690665
SYNPCC7002_RS00010,SYNPCC7002_RS01410,0.0862503453481559
SYNPCC7002_RS12090,SYNPCC7002_RS13120,0.0862444484237466
SYNPCC7002_RS08965,SYNPCC7002_RS01355,0.0862301461949782
SYNPCC7002_RS04890,SYNPCC7002_RS13060,0.0862264058111443
SYNPCC7002_RS00650,SYNPCC7002_RS02445,0.0862068911745106
SYNPCC7002_RS04890,SYNPCC7002_RS04010,0.0861998389386884
SYNPCC7002_RS03030,SYNPCC7002_RS11880,0.0861979856624827
SYNPCC7002_RS16320,SYNPCC7002_RS06265,0.0861940213860674
SYNPCC7002_RS09780,SYNPCC7002_RS08500,0.0861931887822103
SYNPCC7002_RS15520,SYNPCC7002_RS14135,0.0861696331481237
SYNPCC7002_RS04250,SYNPCC7002_RS01485,0.0861675842921055
SYNPCC7002_RS05135,SYNPCC7002_RS13745,0.086159360075043
SYNPCC7002_RS12395,SYNPCC7002_RS05395,0.0861480305882316
SYNPCC7002_RS01420,SYNPCC7002_RS01545,0.0861425102044837
SYNPCC7002_RS08390,SYNPCC7002_RS15510,0.0861120448443763
SYNPCC7002_RS02455,SYNPCC7002_RS06210,0.0861006239895282
SYNPCC7002_RS01420,SYNPCC7002_RS11570,0.0860928414982828
SYNPCC7002_RS08255,SYNPCC7002_RS13835,0.0860903618018327
SYNPCC7002_RS00010,SYNPCC7002_RS15955,0.0860824786778441
SYNPCC7002_RS01800,SYNPCC7002_RS06370,0.0860801867692737
SYNPCC7002_RS12395,SYNPCC7002_RS14720,0.0860745424162025
SYNPCC7002_RS04250,SYNPCC7002_RS07350,0.086068496344999
SYNPCC7002_RS04890,SYNPCC7002_RS09860,0.0860638478905892
SYNPCC7002_RS07385,SYNPCC7002_RS12740,0.0860617525862502
SYNPCC7002_RS08860,SYNPCC7002_RS03925,0.0860586118841151
SYNPCC7002_RS12090,SYNPCC7002_RS06195,0.0860559121445446
SYNPCC7002_RS04650,SYNPCC7002_RS13955,0.0860523343219932
SYNPCC7002_RS09175,SYNPCC7002_RS12930,0.0860491462789985
SYNPCC7002_RS14440,SYNPCC7002_RS14460,0.086046402244378
SYNPCC7002_RS12395,SYNPCC7002_RS00345,0.0860413766927713
SYNPCC7002_RS06150,SYNPCC7002_RS16040,0.0860098650118067
SYNPCC7002_RS10050,SYNPCC7002_RS01040,0.0859961551578763
SYNPCC7002_RS07295,SYNPCC7002_RS01995,0.0859937667022778
SYNPCC7002_RS04250,SYNPCC7002_RS09965,0.0859924785439107
SYNPCC7002_RS07295,SYNPCC7002_RS05785,0.0859852828138942
SYNPCC7002_RS00640,SYNPCC7002_RS04940,0.0859794139678454
SYNPCC7002_RS08965,SYNPCC7002_RS08540,0.0859776376612687
SYNPCC7002_RS09320,SYNPCC7002_RS11290,0.0859767969202967
SYNPCC7002_RS02715,SYNPCC7002_RS06430,0.0859709593236742
SYNPCC7002_RS00640,SYNPCC7002_RS10800,0.0859546934279499
SYNPCC7002_RS09780,SYNPCC7002_RS16905,0.085951333541165
SYNPCC7002_RS08945,SYNPCC7002_RS02930,0.0859464744088409
SYNPCC7002_RS09780,SYNPCC7002_RS04610,0.0859304911860964
SYNPCC7002_RS05135,SYNPCC7002_RS00265,0.0859294273047571
SYNPCC7002_RS01420,SYNPCC7002_RS05245,0.085925165937068
SYNPCC7002_RS09995,SYNPCC7002_RS08840,0.0859225892139643
SYNPCC7002_RS05135,SYNPCC7002_RS08190,0.0859182014219217
SYNPCC7002_RS09320,SYNPCC7002_RS01250,0.0859096165037379
SYNPCC7002_RS04250,SYNPCC7002_RS05430,0.0859055578678497
SYNPCC7002_RS04680,SYNPCC7002_RS15780,0.0859053544767776
SYNPCC7002_RS07385,SYNPCC7002_RS00725,0.085897903499447
SYNPCC7002_RS04780,SYNPCC7002_RS10960,0.0858969828072226
SYNPCC7002_RS09630,SYNPCC7002_RS13145,0.0858901918171886
SYNPCC7002_RS08965,SYNPCC7002_RS05360,0.0858808623677724
SYNPCC7002_RS02455,SYNPCC7002_RS16220,0.085877711144246
SYNPCC7002_RS04890,SYNPCC7002_RS09895,0.0858757263096977
SYNPCC7002_RS00640,SYNPCC7002_RS16410,0.0858625660346243
SYNPCC7002_RS12395,SYNPCC7002_RS07795,0.0858559016717136
SYNPCC7002_RS09780,SYNPCC7002_RS15885,0.085839920562524
SYNPCC7002_RS11400,SYNPCC7002_RS04060,0.0858389312987771
SYNPCC7002_RS12395,SYNPCC7002_RS04475,0.0858366891520258
SYNPCC7002_RS15520,SYNPCC7002_RS11490,0.0858228717929412
SYNPCC7002_RS02455,SYNPCC7002_RS05855,0.0858164188829444
SYNPCC7002_RS05135,SYNPCC7002_RS10740,0.0858153615229534
SYNPCC7002_RS05985,SYNPCC7002_RS02770,0.0858152663681327
SYNPCC7002_RS01800,SYNPCC7002_RS12770,0.0858009339879722
SYNPCC7002_RS10050,SYNPCC7002_RS14035,0.0857962217952842
SYNPCC7002_RS08255,SYNPCC7002_RS10880,0.0857918395362779
SYNPCC7002_RS04890,SYNPCC7002_RS17035,0.0857909755293186
SYNPCC7002_RS12395,SYNPCC7002_RS00285,0.0857827573173812
SYNPCC7002_RS04650,SYNPCC7002_RS16635,0.0857805020760886
SYNPCC7002_RS09780,SYNPCC7002_RS14255,0.0857753058238056
SYNPCC7002_RS04250,SYNPCC7002_RS10025,0.0857666161377364
SYNPCC7002_RS08210,SYNPCC7002_RS14740,0.0857632457426376
SYNPCC7002_RS01420,SYNPCC7002_RS05280,0.0857605489875674
SYNPCC7002_RS05135,SYNPCC7002_RS00585,0.0857583936688517
SYNPCC7002_RS04250,SYNPCC7002_RS04895,0.0857540429783819
SYNPCC7002_RS09780,SYNPCC7002_RS15050,0.0857529043413421
SYNPCC7002_RS00650,SYNPCC7002_RS06070,0.0857444163356795
SYNPCC7002_RS11400,SYNPCC7002_RS09230,0.0857442911381654
SYNPCC7002_RS04250,SYNPCC7002_RS09470,0.0857207417201931
SYNPCC7002_RS09260,SYNPCC7002_RS09500,0.0857203518126201
SYNPCC7002_RS14790,SYNPCC7002_RS13910,0.0857141070397901
SYNPCC7002_RS12395,SYNPCC7002_RS11155,0.0857133647294186
SYNPCC7002_RS08255,SYNPCC7002_RS14310,0.0857072910261207
SYNPCC7002_RS13450,SYNPCC7002_RS16225,0.0857043983311575
SYNPCC7002_RS09820,SYNPCC7002_RS11555,0.0856845264483267
SYNPCC7002_RS16320,SYNPCC7002_RS14760,0.0856773747789854
SYNPCC7002_RS10050,SYNPCC7002_RS15485,0.0856705814052667
SYNPCC7002_RS09320,SYNPCC7002_RS02690,0.085669675468292
SYNPCC7002_RS07385,SYNPCC7002_RS10585,0.0856695245121725
SYNPCC7002_RS11400,SYNPCC7002_RS01840,0.0856669169901003
SYNPCC7002_RS04890,SYNPCC7002_RS03060,0.0856614861525856
SYNPCC7002_RS09995,SYNPCC7002_RS11130,0.0856608443845343
SYNPCC7002_RS05460,SYNPCC7002_RS14405,0.0856519678598983
SYNPCC7002_RS15520,SYNPCC7002_RS10620,0.0856219115436364
SYNPCC7002_RS11685,SYNPCC7002_RS08550,0.0856159851653314
SYNPCC7002_RS15520,SYNPCC7002_RS00135,0.0856122733677701
SYNPCC7002_RS00650,SYNPCC7002_RS02530,0.0856023048770462
SYNPCC7002_RS15680,SYNPCC7002_RS16955,0.0855966004545666
SYNPCC7002_RS15520,SYNPCC7002_RS02695,0.0855949158317311
SYNPCC7002_RS05135,SYNPCC7002_RS07355,0.085593706341649
SYNPCC7002_RS04780,SYNPCC7002_RS04695,0.0855902276688512
SYNPCC7002_RS03030,SYNPCC7002_RS02885,0.0855849844369505
SYNPCC7002_RS15520,SYNPCC7002_RS13325,0.0855692269457916
SYNPCC7002_RS09175,SYNPCC7002_RS07675,0.0855657700484457
SYNPCC7002_RS15410,SYNPCC7002_RS08790,0.0855654242879395
SYNPCC7002_RS15520,SYNPCC7002_RS04680,0.085562763104152
SYNPCC7002_RS12395,SYNPCC7002_RS11350,0.085561192911416
SYNPCC7002_RS03760,SYNPCC7002_RS12400,0.085560522593569
SYNPCC7002_RS08965,SYNPCC7002_RS06890,0.0855587268005247
SYNPCC7002_RS09780,SYNPCC7002_RS17215,0.0855575642253061
SYNPCC7002_RS15680,SYNPCC7002_RS03125,0.0855507040634535
SYNPCC7002_RS04890,SYNPCC7002_RS09535,0.085543315493814
SYNPCC7002_RS15520,SYNPCC7002_RS13910,0.0855398193403284
SYNPCC7002_RS01800,SYNPCC7002_RS01960,0.0855259248449335
SYNPCC7002_RS00050,SYNPCC7002_RS08830,0.0855113255642707
SYNPCC7002_RS13450,SYNPCC7002_RS08790,0.0855026791697884
SYNPCC7002_RS10525,SYNPCC7002_RS15025,0.0854975168918165
SYNPCC7002_RS10050,SYNPCC7002_RS14250,0.085488781441785
SYNPCC7002_RS08965,SYNPCC7002_RS10750,0.0854875791561423
SYNPCC7002_RS08255,SYNPCC7002_RS00365,0.085486469683889
SYNPCC7002_RS00010,SYNPCC7002_RS06255,0.0854783469080745
SYNPCC7002_RS04250,SYNPCC7002_RS04855,0.0854756040123185
SYNPCC7002_RS10145,SYNPCC7002_RS14705,0.0854742244430929
SYNPCC7002_RS04650,SYNPCC7002_RS08060,0.0854657804301342
SYNPCC7002_RS09630,SYNPCC7002_RS14800,0.0854623030063441
SYNPCC7002_RS12395,SYNPCC7002_RS07535,0.0854612752373988
SYNPCC7002_RS12395,SYNPCC7002_RS16380,0.0854589010825704
SYNPCC7002_RS05135,SYNPCC7002_RS11005,0.0854582909296413
SYNPCC7002_RS04780,SYNPCC7002_RS12945,0.085450566448688
SYNPCC7002_RS09780,SYNPCC7002_RS06790,0.0854498417889652
SYNPCC7002_RS01420,SYNPCC7002_RS05195,0.0854476261913779
SYNPCC7002_RS08210,SYNPCC7002_RS11220,0.0854420555721341
SYNPCC7002_RS12395,SYNPCC7002_RS03525,0.0854367623092719
SYNPCC7002_RS04890,SYNPCC7002_RS05135,0.0854192826015226
SYNPCC7002_RS12395,SYNPCC7002_RS05175,0.0854173991306957
SYNPCC7002_RS09780,SYNPCC7002_RS15145,0.0853803952906304
SYNPCC7002_RS09995,SYNPCC7002_RS12590,0.0853773177227433
SYNPCC7002_RS11400,SYNPCC7002_RS10065,0.0853522141683609
SYNPCC7002_RS09195,SYNPCC7002_RS10070,0.0853508128238565
SYNPCC7002_RS09780,SYNPCC7002_RS11925,0.0853458236726776
SYNPCC7002_RS00650,SYNPCC7002_RS06560,0.0853452422064262
SYNPCC7002_RS09420,SYNPCC7002_RS12550,0.0853327830998597
SYNPCC7002_RS06540,SYNPCC7002_RS14170,0.0853266168039207
SYNPCC7002_RS01420,SYNPCC7002_RS16445,0.0853257245329076
SYNPCC7002_RS00260,SYNPCC7002_RS00245,0.0853255445535256
SYNPCC7002_RS04780,SYNPCC7002_RS16120,0.0853189903789994
SYNPCC7002_RS12395,SYNPCC7002_RS10275,0.0853185389695742
SYNPCC7002_RS04680,SYNPCC7002_RS06405,0.0853017459192471
SYNPCC7002_RS02455,SYNPCC7002_RS12740,0.0852955842997999
SYNPCC7002_RS15720,SYNPCC7002_RS15335,0.085287944865728
SYNPCC7002_RS09995,SYNPCC7002_RS08850,0.0852750327968461
SYNPCC7002_RS02455,SYNPCC7002_RS03000,0.0852720362643855
SYNPCC7002_RS06540,SYNPCC7002_RS00210,0.0852670377666728
SYNPCC7002_RS04780,SYNPCC7002_RS06150,0.0852663233419586
SYNPCC7002_RS14440,SYNPCC7002_RS14415,0.0852642995817994
SYNPCC7002_RS04890,SYNPCC7002_RS07590,0.08526290255843
SYNPCC7002_RS06540,SYNPCC7002_RS03935,0.0852416598297111
SYNPCC7002_RS09320,SYNPCC7002_RS01080,0.0852359044460173
SYNPCC7002_RS08255,SYNPCC7002_RS13625,0.0852222058409961
SYNPCC7002_RS12395,SYNPCC7002_RS08155,0.0852193558694126
SYNPCC7002_RS08965,SYNPCC7002_RS13070,0.0852167444648245
SYNPCC7002_RS09820,SYNPCC7002_RS00880,0.0852125912545028
SYNPCC7002_RS05985,SYNPCC7002_RS00770,0.0852106565873973
SYNPCC7002_RS02715,SYNPCC7002_RS14490,0.0852076046552781
SYNPCC7002_RS09820,SYNPCC7002_RS01245,0.0852051461745065
SYNPCC7002_RS06150,SYNPCC7002_RS11740,0.0852031745431349
SYNPCC7002_RS08210,SYNPCC7002_RS09950,0.0851932247290111
SYNPCC7002_RS04680,SYNPCC7002_RS10405,0.0851890121847098
SYNPCC7002_RS09195,SYNPCC7002_RS03635,0.0851867207665607
SYNPCC7002_RS08965,SYNPCC7002_RS07050,0.0851700589831345
SYNPCC7002_RS05135,SYNPCC7002_RS05100,0.0851663761653665
SYNPCC7002_RS03295,SYNPCC7002_RS01950,0.0851561256909943
SYNPCC7002_RS08965,SYNPCC7002_RS09040,0.0851479581717244
SYNPCC7002_RS04780,SYNPCC7002_RS01265,0.0851449378344211
SYNPCC7002_RS07295,SYNPCC7002_RS07515,0.0851412743563735
SYNPCC7002_RS04250,SYNPCC7002_RS11350,0.0851328681148174
SYNPCC7002_RS00650,SYNPCC7002_RS04730,0.0851327957642438
SYNPCC7002_RS04650,SYNPCC7002_RS02680,0.0851199859132513
SYNPCC7002_RS15520,SYNPCC7002_RS13845,0.085114845206166
SYNPCC7002_RS08390,SYNPCC7002_RS04350,0.0851127020777891
SYNPCC7002_RS09780,SYNPCC7002_RS16385,0.0851066936515675
SYNPCC7002_RS09780,SYNPCC7002_RS12330,0.0851046972167675
SYNPCC7002_RS00260,SYNPCC7002_RS10175,0.0851012172052738
SYNPCC7002_RS10050,SYNPCC7002_RS03685,0.0850981750878671
SYNPCC7002_RS16320,SYNPCC7002_RS16310,0.0850929653998791
SYNPCC7002_RS09630,SYNPCC7002_RS06200,0.0850927376865074
SYNPCC7002_RS15520,SYNPCC7002_RS01480,0.085090552965479
SYNPCC7002_RS12395,SYNPCC7002_RS04095,0.0850888366484931
SYNPCC7002_RS01335,SYNPCC7002_RS11200,0.0850867694449653
SYNPCC7002_RS04250,SYNPCC7002_RS08600,0.0850863795515953
SYNPCC7002_RS04650,SYNPCC7002_RS02785,0.0850859356573945
SYNPCC7002_RS07385,SYNPCC7002_RS02720,0.0850728046194066
SYNPCC7002_RS09320,SYNPCC7002_RS04450,0.0850479601589973
SYNPCC7002_RS03030,SYNPCC7002_RS09550,0.085047781304817
SYNPCC7002_RS05985,SYNPCC7002_RS17025,0.0850447158781909
SYNPCC7002_RS04250,SYNPCC7002_RS00885,0.0850386703558539
SYNPCC7002_RS09820,SYNPCC7002_RS01410,0.0850302378428089
SYNPCC7002_RS04250,SYNPCC7002_RS14735,0.0850193225896551
SYNPCC7002_RS03030,SYNPCC7002_RS15235,0.0850120417386663
SYNPCC7002_RS15680,SYNPCC7002_RS05350,0.0850089567230986
SYNPCC7002_RS04890,SYNPCC7002_RS10210,0.0850052340820257
SYNPCC7002_RS03030,SYNPCC7002_RS01590,0.0850044835162999
SYNPCC7002_RS12090,SYNPCC7002_RS02360,0.0850033554201269
SYNPCC7002_RS12515,SYNPCC7002_RS16770,0.0850013092065493
SYNPCC7002_RS09320,SYNPCC7002_RS06420,0.0849940213840739
SYNPCC7002_RS04890,SYNPCC7002_RS05090,0.084982641107639
SYNPCC7002_RS00650,SYNPCC7002_RS10220,0.084968602274233
SYNPCC7002_RS04780,SYNPCC7002_RS11170,0.0849682890390742
SYNPCC7002_RS04890,SYNPCC7002_RS04475,0.0849641786227203
SYNPCC7002_RS05135,SYNPCC7002_RS05195,0.0849573204641912
SYNPCC7002_RS08210,SYNPCC7002_RS10970,0.0849540058215948
SYNPCC7002_RS09820,SYNPCC7002_RS05660,0.0849514592250404
SYNPCC7002_RS12395,SYNPCC7002_RS01830,0.0849453437649355
SYNPCC7002_RS10050,SYNPCC7002_RS03095,0.0849318572577599
SYNPCC7002_RS08175,SYNPCC7002_RS03760,0.0849292934297254
SYNPCC7002_RS10050,SYNPCC7002_RS14410,0.0849252215958524
SYNPCC7002_RS02715,SYNPCC7002_RS08045,0.0849210930599971
SYNPCC7002_RS01335,SYNPCC7002_RS07420,0.0849133864238061
SYNPCC7002_RS12395,SYNPCC7002_RS13060,0.0849057735339517
SYNPCC7002_RS04650,SYNPCC7002_RS00305,0.0849050255308198
SYNPCC7002_RS09820,SYNPCC7002_RS00995,0.0848962384618667
SYNPCC7002_RS06540,SYNPCC7002_RS12765,0.08489347094342
SYNPCC7002_RS05135,SYNPCC7002_RS12805,0.0848923247566771
SYNPCC7002_RS05135,SYNPCC7002_RS09280,0.0848918705141681
SYNPCC7002_RS02715,SYNPCC7002_RS02570,0.0848789574562093
SYNPCC7002_RS04780,SYNPCC7002_RS04025,0.0848702948049228
SYNPCC7002_RS10525,SYNPCC7002_RS16205,0.0848614627892382
SYNPCC7002_RS09820,SYNPCC7002_RS04605,0.0848595853874354
SYNPCC7002_RS05460,SYNPCC7002_RS01150,0.0848568741287571
SYNPCC7002_RS03950,SYNPCC7002_RS11195,0.0848519872094455
SYNPCC7002_RS09630,SYNPCC7002_RS02625,0.0848493871690837
SYNPCC7002_RS03030,SYNPCC7002_RS01475,0.0848423355168972
SYNPCC7002_RS05135,SYNPCC7002_RS16445,0.0848384916998884
SYNPCC7002_RS09780,SYNPCC7002_RS17205,0.0848337392391767
SYNPCC7002_RS09175,SYNPCC7002_RS15150,0.0848211617130969
SYNPCC7002_RS09820,SYNPCC7002_RS02820,0.0848197938383312
SYNPCC7002_RS08965,SYNPCC7002_RS10490,0.0848151743015092
SYNPCC7002_RS09780,SYNPCC7002_RS10035,0.0847990247245791
SYNPCC7002_RS09320,SYNPCC7002_RS03485,0.0847973121672237
SYNPCC7002_RS09320,SYNPCC7002_RS12380,0.08478883718419
SYNPCC7002_RS04250,SYNPCC7002_RS02270,0.0847818489834944
SYNPCC7002_RS04680,SYNPCC7002_RS06880,0.0847644629955225
SYNPCC7002_RS09175,SYNPCC7002_RS15175,0.0847637673762592
SYNPCC7002_RS06150,SYNPCC7002_RS14050,0.0847433764944365
SYNPCC7002_RS07385,SYNPCC7002_RS02875,0.0847428773904204
SYNPCC7002_RS00260,SYNPCC7002_RS08195,0.0847381651951788
SYNPCC7002_RS09320,SYNPCC7002_RS01845,0.084736116251262
SYNPCC7002_RS12105,SYNPCC7002_RS08925,0.0847275066487332
SYNPCC7002_RS03760,SYNPCC7002_RS13245,0.0847159228262277
SYNPCC7002_RS07385,SYNPCC7002_RS03840,0.0847145582538041
SYNPCC7002_RS15255,SYNPCC7002_RS15010,0.0847135033557078
SYNPCC7002_RS04250,SYNPCC7002_RS01560,0.0847118559299981
SYNPCC7002_RS03030,SYNPCC7002_RS01610,0.0847099525545748
SYNPCC7002_RS12395,SYNPCC7002_RS01760,0.0847096096296821
SYNPCC7002_RS07295,SYNPCC7002_RS15500,0.0847055387432836
SYNPCC7002_RS12395,SYNPCC7002_RS05300,0.0846915178624763
SYNPCC7002_RS12395,SYNPCC7002_RS07625,0.0846913736685859
SYNPCC7002_RS05985,SYNPCC7002_RS04395,0.0846806575551413
SYNPCC7002_RS09320,SYNPCC7002_RS01600,0.0846805904162811
SYNPCC7002_RS09995,SYNPCC7002_RS05045,0.0846695048486333
SYNPCC7002_RS12395,SYNPCC7002_RS16385,0.0846642301160041
SYNPCC7002_RS15680,SYNPCC7002_RS02140,0.0846553128452937
SYNPCC7002_RS01085,SYNPCC7002_RS14060,0.0846508972320858
SYNPCC7002_RS04650,SYNPCC7002_RS12020,0.0846487863103298
SYNPCC7002_RS05460,SYNPCC7002_RS14345,0.0846465148440968
SYNPCC7002_RS11400,SYNPCC7002_RS06290,0.0846463830717697
SYNPCC7002_RS09630,SYNPCC7002_RS11720,0.0846245071992968
SYNPCC7002_RS11400,SYNPCC7002_RS07160,0.0846205545636467
SYNPCC7002_RS04780,SYNPCC7002_RS05415,0.0846126354813774
SYNPCC7002_RS08965,SYNPCC7002_RS12825,0.0846035968821921
SYNPCC7002_RS09780,SYNPCC7002_RS03750,0.0846025300390798
SYNPCC7002_RS00050,SYNPCC7002_RS10725,0.0846023223204449
SYNPCC7002_RS06540,SYNPCC7002_RS02780,0.0845990088198959
SYNPCC7002_RS08210,SYNPCC7002_RS02595,0.0845846250081272
SYNPCC7002_RS04250,SYNPCC7002_RS13400,0.0845834037612063
SYNPCC7002_RS00010,SYNPCC7002_RS00240,0.0845817875004157
SYNPCC7002_RS01335,SYNPCC7002_RS09440,0.0845665617999534
SYNPCC7002_RS14790,SYNPCC7002_RS10305,0.0845649902637739
SYNPCC7002_RS07295,SYNPCC7002_RS14880,0.0845575830229757
SYNPCC7002_RS13450,SYNPCC7002_RS07400,0.084555401517277
SYNPCC7002_RS01335,SYNPCC7002_RS15790,0.0845404921630902
SYNPCC7002_RS04780,SYNPCC7002_RS13860,0.0845372596013177
SYNPCC7002_RS12105,SYNPCC7002_RS12775,0.0845342247224925
SYNPCC7002_RS09175,SYNPCC7002_RS00615,0.0845131990839468
SYNPCC7002_RS08965,SYNPCC7002_RS13250,0.0845109929617904
SYNPCC7002_RS00640,SYNPCC7002_RS15790,0.0845095585927063
SYNPCC7002_RS08965,SYNPCC7002_RS10905,0.0845010450890086
SYNPCC7002_RS04780,SYNPCC7002_RS10580,0.0844989142978897
SYNPCC7002_RS09175,SYNPCC7002_RS16155,0.0844964791463912
SYNPCC7002_RS11685,SYNPCC7002_RS02090,0.084474974836908
SYNPCC7002_RS09630,SYNPCC7002_RS03600,0.0844701588033688
SYNPCC7002_RS05460,SYNPCC7002_RS17030,0.0844612562667805
SYNPCC7002_RS09320,SYNPCC7002_RS11840,0.0844563773795132
SYNPCC7002_RS15255,SYNPCC7002_RS08445,0.0844542739290596
SYNPCC7002_RS08255,SYNPCC7002_RS16965,0.0844538747321696
SYNPCC7002_RS12105,SYNPCC7002_RS11115,0.0844473625267484
SYNPCC7002_RS04890,SYNPCC7002_RS15090,0.0844465804969427
SYNPCC7002_RS15520,SYNPCC7002_RS01320,0.0844416499277005
SYNPCC7002_RS04780,SYNPCC7002_RS05860,0.0844393238487491
SYNPCC7002_RS06150,SYNPCC7002_RS07150,0.084426054947078
SYNPCC7002_RS09090,SYNPCC7002_RS16305,0.0844251216212334
SYNPCC7002_RS06150,SYNPCC7002_RS09695,0.084421382502851
SYNPCC7002_RS09780,SYNPCC7002_RS07565,0.0844151432436293
SYNPCC7002_RS03760,SYNPCC7002_RS09870,0.0844074995114101
SYNPCC7002_RS08965,SYNPCC7002_RS05735,0.0844020299271398
SYNPCC7002_RS04890,SYNPCC7002_RS13075,0.0843992657137723
SYNPCC7002_RS10050,SYNPCC7002_RS00645,0.0843938797355543
SYNPCC7002_RS03030,SYNPCC7002_RS16095,0.0843792967427495
SYNPCC7002_RS02715,SYNPCC7002_RS05290,0.0843768936224585
SYNPCC7002_RS08965,SYNPCC7002_RS03880,0.0843766063777289
SYNPCC7002_RS11685,SYNPCC7002_RS06285,0.0843731649400236
SYNPCC7002_RS09320,SYNPCC7002_RS01390,0.0843718204139594
SYNPCC7002_RS09630,SYNPCC7002_RS11560,0.084369963609756
SYNPCC7002_RS05135,SYNPCC7002_RS01980,0.0843626277682246
SYNPCC7002_RS08860,SYNPCC7002_RS09385,0.0843592814621647
SYNPCC7002_RS07385,SYNPCC7002_RS00600,0.0843574425282461
SYNPCC7002_RS10050,SYNPCC7002_RS02415,0.0843516605513396
SYNPCC7002_RS08255,SYNPCC7002_RS10935,0.084349898783591
SYNPCC7002_RS02715,SYNPCC7002_RS07815,0.084339863480434
SYNPCC7002_RS15255,SYNPCC7002_RS08980,0.084338349443427
SYNPCC7002_RS03030,SYNPCC7002_RS07155,0.0843330689523207
SYNPCC7002_RS09320,SYNPCC7002_RS02200,0.0843268059791147
SYNPCC7002_RS08390,SYNPCC7002_RS01280,0.0843162247509849
SYNPCC7002_RS01420,SYNPCC7002_RS10865,0.0843081329127015
SYNPCC7002_RS10050,SYNPCC7002_RS02170,0.0843022410533424
SYNPCC7002_RS04890,SYNPCC7002_RS08305,0.0842937559418964
SYNPCC7002_RS01420,SYNPCC7002_RS05235,0.0842911705363216
SYNPCC7002_RS04250,SYNPCC7002_RS04380,0.0842861906463176
SYNPCC7002_RS05135,SYNPCC7002_RS08010,0.0842781292882175
SYNPCC7002_RS11685,SYNPCC7002_RS03525,0.0842779533490885
SYNPCC7002_RS09995,SYNPCC7002_RS04570,0.0842768600428262
SYNPCC7002_RS09820,SYNPCC7002_RS01440,0.0842760970453239
SYNPCC7002_RS12395,SYNPCC7002_RS09520,0.084274271535066
SYNPCC7002_RS04890,SYNPCC7002_RS05425,0.0842737172104334
SYNPCC7002_RS11400,SYNPCC7002_RS12390,0.0842735321340206
SYNPCC7002_RS05460,SYNPCC7002_RS14410,0.0842707728203084
SYNPCC7002_RS12515,SYNPCC7002_RS11725,0.0842701056412156
SYNPCC7002_RS04890,SYNPCC7002_RS06400,0.0842647582385834
SYNPCC7002_RS08965,SYNPCC7002_RS01035,0.0842553458392381
SYNPCC7002_RS05135,SYNPCC7002_RS07600,0.0842531506323746
SYNPCC7002_RS08210,SYNPCC7002_RS05575,0.0842470212707779
SYNPCC7002_RS08390,SYNPCC7002_RS08575,0.0842438683949601
SYNPCC7002_RS05135,SYNPCC7002_RS11100,0.0842409307422324
SYNPCC7002_RS04890,SYNPCC7002_RS02470,0.0842403396565784
SYNPCC7002_RS11400,SYNPCC7002_RS08255,0.0842391039780519
SYNPCC7002_RS12395,SYNPCC7002_RS04640,0.0842305122801374
SYNPCC7002_RS12395,SYNPCC7002_RS00350,0.0842296800341458
SYNPCC7002_RS12395,SYNPCC7002_RS08295,0.0842292133464262
SYNPCC7002_RS00650,SYNPCC7002_RS11700,0.0842080512751602
SYNPCC7002_RS08390,SYNPCC7002_RS12650,0.0841986975841641
SYNPCC7002_RS12395,SYNPCC7002_RS06350,0.0841947539407979
SYNPCC7002_RS05985,SYNPCC7002_RS01900,0.0841839823820285
SYNPCC7002_RS03760,SYNPCC7002_RS00170,0.084174707713231
SYNPCC7002_RS09320,SYNPCC7002_RS03850,0.084167325755315
SYNPCC7002_RS09320,SYNPCC7002_RS09595,0.0841585050344777
SYNPCC7002_RS03030,SYNPCC7002_RS13985,0.0841517212039068
SYNPCC7002_RS04890,SYNPCC7002_RS05390,0.0841497501583424
SYNPCC7002_RS11685,SYNPCC7002_RS13530,0.0841415480819183
SYNPCC7002_RS00640,SYNPCC7002_RS15945,0.0841326943555614
SYNPCC7002_RS01420,SYNPCC7002_RS03425,0.0841295996546451
SYNPCC7002_RS14790,SYNPCC7002_RS12195,0.0841291733388867
SYNPCC7002_RS08945,SYNPCC7002_RS01835,0.0841180315274737
SYNPCC7002_RS05985,SYNPCC7002_RS14235,0.0841161401541496
SYNPCC7002_RS10145,SYNPCC7002_RS09950,0.0841151121325827
SYNPCC7002_RS03760,SYNPCC7002_RS01760,0.0841120727176608
SYNPCC7002_RS06150,SYNPCC7002_RS13495,0.0841076013786261
SYNPCC7002_RS10050,SYNPCC7002_RS09645,0.0841034279602875
SYNPCC7002_RS04890,SYNPCC7002_RS02215,0.0840969078318752
SYNPCC7002_RS12395,SYNPCC7002_RS12060,0.0840909682588326
SYNPCC7002_RS12090,SYNPCC7002_RS11700,0.0840892919606472
SYNPCC7002_RS04680,SYNPCC7002_RS12375,0.0840668351604952
SYNPCC7002_RS12395,SYNPCC7002_RS14250,0.0840638294770037
SYNPCC7002_RS00010,SYNPCC7002_RS12935,0.0840619284763557
SYNPCC7002_RS04780,SYNPCC7002_RS02760,0.0840573476311935
SYNPCC7002_RS07295,SYNPCC7002_RS08765,0.0840515539016009
SYNPCC7002_RS08860,SYNPCC7002_RS17115,0.0840455930009851
SYNPCC7002_RS06150,SYNPCC7002_RS13695,0.0840450654029757
SYNPCC7002_RS05135,SYNPCC7002_RS09910,0.0840385636671004
SYNPCC7002_RS01085,SYNPCC7002_RS11425,0.0840323808133848
SYNPCC7002_RS04780,SYNPCC7002_RS10055,0.0840317368392964
SYNPCC7002_RS03030,SYNPCC7002_RS03015,0.0840158987021356
SYNPCC7002_RS01420,SYNPCC7002_RS08315,0.0840115613125544
SYNPCC7002_RS12395,SYNPCC7002_RS11355,0.0840103791898034
SYNPCC7002_RS02715,SYNPCC7002_RS05210,0.0840089623388209
SYNPCC7002_RS15520,SYNPCC7002_RS00965,0.0840070405526054
SYNPCC7002_RS00690,SYNPCC7002_RS07185,0.0840056559354345
SYNPCC7002_RS08210,SYNPCC7002_RS12115,0.0840052432049395
SYNPCC7002_RS15520,SYNPCC7002_RS05420,0.084005161923446
SYNPCC7002_RS04650,SYNPCC7002_RS04585,0.0839726124362102
SYNPCC7002_RS12090,SYNPCC7002_RS13560,0.0839660456017995
SYNPCC7002_RS05135,SYNPCC7002_RS00305,0.0839652321804208
SYNPCC7002_RS09630,SYNPCC7002_RS16725,0.083964430091121
SYNPCC7002_RS09260,SYNPCC7002_RS02475,0.0839641128885646
SYNPCC7002_RS11685,SYNPCC7002_RS09915,0.0839612376083936
SYNPCC7002_RS03760,SYNPCC7002_RS03230,0.0839604380537068
SYNPCC7002_RS04780,SYNPCC7002_RS12305,0.0839574381873196
SYNPCC7002_RS04890,SYNPCC7002_RS03090,0.0839526405244927
SYNPCC7002_RS09320,SYNPCC7002_RS06480,0.0839436245261268
SYNPCC7002_RS04890,SYNPCC7002_RS03290,0.0839387071864627
SYNPCC7002_RS08965,SYNPCC7002_RS00385,0.0839363241619582
SYNPCC7002_RS04890,SYNPCC7002_RS02390,0.0839213251771599
SYNPCC7002_RS04890,SYNPCC7002_RS03055,0.0839106367100927
SYNPCC7002_RS12395,SYNPCC7002_RS05280,0.0838956612544507
SYNPCC7002_RS04890,SYNPCC7002_RS08295,0.0838945447736072
SYNPCC7002_RS08965,SYNPCC7002_RS13980,0.0838916914455414
SYNPCC7002_RS01420,SYNPCC7002_RS03610,0.0838894039046611
SYNPCC7002_RS10050,SYNPCC7002_RS13080,0.083887117859175
SYNPCC7002_RS05460,SYNPCC7002_RS15265,0.0838842221779508
SYNPCC7002_RS02715,SYNPCC7002_RS06845,0.0838841603477725
SYNPCC7002_RS02455,SYNPCC7002_RS11930,0.083881671586766
SYNPCC7002_RS09820,SYNPCC7002_RS14865,0.083876215682554
SYNPCC7002_RS08255,SYNPCC7002_RS02160,0.0838707883357696
SYNPCC7002_RS15255,SYNPCC7002_RS15700,0.0838687748863435
SYNPCC7002_RS15680,SYNPCC7002_RS01165,0.0838565297918645
SYNPCC7002_RS09420,SYNPCC7002_RS09760,0.0838558572480867
SYNPCC7002_RS01335,SYNPCC7002_RS05915,0.0838531139703792
SYNPCC7002_RS15410,SYNPCC7002_RS07310,0.0838433186383104
SYNPCC7002_RS08965,SYNPCC7002_RS06710,0.083829221129832
SYNPCC7002_RS04250,SYNPCC7002_RS08795,0.0838289728529
SYNPCC7002_RS11685,SYNPCC7002_RS00630,0.0838051844444758
SYNPCC7002_RS09995,SYNPCC7002_RS09725,0.0838040437270812
SYNPCC7002_RS08965,SYNPCC7002_RS09995,0.0838039241966408
SYNPCC7002_RS15520,SYNPCC7002_RS15345,0.0837983066968704
SYNPCC7002_RS05985,SYNPCC7002_RS11160,0.0837946282184574
SYNPCC7002_RS03760,SYNPCC7002_RS11080,0.0837937636075652
SYNPCC7002_RS01335,SYNPCC7002_RS01245,0.0837900608007376
SYNPCC7002_RS09780,SYNPCC7002_RS16125,0.0837899016727564
SYNPCC7002_RS09780,SYNPCC7002_RS03795,0.0837897205334032
SYNPCC7002_RS03760,SYNPCC7002_RS13560,0.0837872243087978
SYNPCC7002_RS15680,SYNPCC7002_RS15975,0.0837822821478017
SYNPCC7002_RS09780,SYNPCC7002_RS06470,0.0837765056428999
SYNPCC7002_RS15520,SYNPCC7002_RS01425,0.0837683537064755
SYNPCC7002_RS00640,SYNPCC7002_RS15800,0.0837630308302051
SYNPCC7002_RS05985,SYNPCC7002_RS08605,0.0837516244500573
SYNPCC7002_RS15255,SYNPCC7002_RS03150,0.0837511502600419
SYNPCC7002_RS03295,SYNPCC7002_RS12890,0.0837467471674013
SYNPCC7002_RS03030,SYNPCC7002_RS08410,0.0837456325728942
SYNPCC7002_RS05135,SYNPCC7002_RS02500,0.0837392664264343
SYNPCC7002_RS08255,SYNPCC7002_RS13035,0.0837377225844666
SYNPCC7002_RS14440,SYNPCC7002_RS16595,0.0837341211318223
SYNPCC7002_RS10050,SYNPCC7002_RS11065,0.0837279529266146
SYNPCC7002_RS00010,SYNPCC7002_RS13425,0.083717199752362
SYNPCC7002_RS05985,SYNPCC7002_RS03785,0.0837144925310625
SYNPCC7002_RS08965,SYNPCC7002_RS12780,0.0837123085198124
SYNPCC7002_RS05985,SYNPCC7002_RS00825,0.083711364284745
SYNPCC7002_RS09320,SYNPCC7002_RS02260,0.0837103737789805
SYNPCC7002_RS12395,SYNPCC7002_RS04840,0.0837095126975743
SYNPCC7002_RS02715,SYNPCC7002_RS05265,0.0837092739601247
SYNPCC7002_RS01800,SYNPCC7002_RS14900,0.0837051324571919
SYNPCC7002_RS02455,SYNPCC7002_RS05415,0.0837013119261542
SYNPCC7002_RS02455,SYNPCC7002_RS01125,0.0836950439574768
SYNPCC7002_RS04250,SYNPCC7002_RS03580,0.0836940093606912
SYNPCC7002_RS04890,SYNPCC7002_RS15085,0.0836885666482193
SYNPCC7002_RS03030,SYNPCC7002_RS04925,0.0836754520883915
SYNPCC7002_RS12395,SYNPCC7002_RS15135,0.083665849275287
SYNPCC7002_RS08390,SYNPCC7002_RS05615,0.0836534829301231
SYNPCC7002_RS09175,SYNPCC7002_RS06235,0.0836476493158047
SYNPCC7002_RS09260,SYNPCC7002_RS10535,0.0836471426229621
SYNPCC7002_RS04890,SYNPCC7002_RS13490,0.0836414727040324
SYNPCC7002_RS01420,SYNPCC7002_RS05170,0.0836385791864687
SYNPCC7002_RS10145,SYNPCC7002_RS03170,0.0836265077356531
SYNPCC7002_RS04250,SYNPCC7002_RS05005,0.0836190755249146
SYNPCC7002_RS09820,SYNPCC7002_RS16825,0.0836110548927962
SYNPCC7002_RS14790,SYNPCC7002_RS02070,0.0836073785534585
SYNPCC7002_RS03030,SYNPCC7002_RS12495,0.0836024094780154
SYNPCC7002_RS05135,SYNPCC7002_RS08660,0.083586892058968
SYNPCC7002_RS07385,SYNPCC7002_RS05635,0.0835750981738894
SYNPCC7002_RS04650,SYNPCC7002_RS04895,0.0835608566660551
SYNPCC7002_RS00260,SYNPCC7002_RS10170,0.0835603239667647
SYNPCC7002_RS08965,SYNPCC7002_RS06700,0.0835575324600173
SYNPCC7002_RS03760,SYNPCC7002_RS10110,0.0835539864812361
SYNPCC7002_RS14790,SYNPCC7002_RS08140,0.0835269074675896
SYNPCC7002_RS08210,SYNPCC7002_RS11700,0.0835253192635225
SYNPCC7002_RS05985,SYNPCC7002_RS00840,0.0835041340895023
SYNPCC7002_RS16160,SYNPCC7002_RS07345,0.0835032388662525
SYNPCC7002_RS10050,SYNPCC7002_RS09910,0.0834920287685001
SYNPCC7002_RS12395,SYNPCC7002_RS14205,0.0834897104034598
SYNPCC7002_RS13450,SYNPCC7002_RS11650,0.0834828328159555
SYNPCC7002_RS12395,SYNPCC7002_RS07575,0.083472054271718
SYNPCC7002_RS02715,SYNPCC7002_RS05160,0.0834718318011
SYNPCC7002_RS07385,SYNPCC7002_RS00960,0.0834710945682715
SYNPCC7002_RS06165,SYNPCC7002_RS04455,0.0834691488620053
SYNPCC7002_RS00050,SYNPCC7002_RS11095,0.0834684694029525
SYNPCC7002_RS09845,SYNPCC7002_RS12475,0.0834683476429837
SYNPCC7002_RS00050,SYNPCC7002_RS17005,0.0834653822534238
SYNPCC7002_RS03030,SYNPCC7002_RS07280,0.0834609160749465
SYNPCC7002_RS09260,SYNPCC7002_RS16055,0.0834556603088158
SYNPCC7002_RS05460,SYNPCC7002_RS09005,0.0834485848956237
SYNPCC7002_RS09260,SYNPCC7002_RS04755,0.0834475546973362
SYNPCC7002_RS04890,SYNPCC7002_RS00530,0.0834434333664346
SYNPCC7002_RS02715,SYNPCC7002_RS01940,0.083434033553635
SYNPCC7002_RS01420,SYNPCC7002_RS12395,0.0834273089948981
SYNPCC7002_RS01085,SYNPCC7002_RS13050,0.0834263934285055
SYNPCC7002_RS11400,SYNPCC7002_RS03965,0.0834224959714368
SYNPCC7002_RS06150,SYNPCC7002_RS10630,0.0834208978827701
SYNPCC7002_RS09780,SYNPCC7002_RS11150,0.0834090862980537
SYNPCC7002_RS04650,SYNPCC7002_RS04115,0.0834076499538399
SYNPCC7002_RS09820,SYNPCC7002_RS10995,0.083407425695903
SYNPCC7002_RS08965,SYNPCC7002_RS03470,0.0833951237445157
SYNPCC7002_RS05135,SYNPCC7002_RS05175,0.0833823471144272
SYNPCC7002_RS09995,SYNPCC7002_RS04955,0.0833798271157329
SYNPCC7002_RS03760,SYNPCC7002_RS09880,0.0833776938619836
SYNPCC7002_RS08965,SYNPCC7002_RS06725,0.0833739837644356
SYNPCC7002_RS08945,SYNPCC7002_RS03405,0.0833649120759802
SYNPCC7002_RS01085,SYNPCC7002_RS00570,0.0833547806803058
SYNPCC7002_RS08945,SYNPCC7002_RS11155,0.0833504938135985
SYNPCC7002_RS04780,SYNPCC7002_RS16070,0.0833489431944516
SYNPCC7002_RS08860,SYNPCC7002_RS07535,0.0833477132536746
SYNPCC7002_RS15520,SYNPCC7002_RS01775,0.0833462424208286
SYNPCC7002_RS08175,SYNPCC7002_RS11495,0.0833342161980498
SYNPCC7002_RS07385,SYNPCC7002_RS03560,0.0833180995203315
SYNPCC7002_RS02715,SYNPCC7002_RS07775,0.0833173966147075
SYNPCC7002_RS01335,SYNPCC7002_RS08275,0.0833152708206156
SYNPCC7002_RS12090,SYNPCC7002_RS13565,0.083311540346509
SYNPCC7002_RS08965,SYNPCC7002_RS13715,0.083308854022386
SYNPCC7002_RS03030,SYNPCC7002_RS11220,0.0833035138586546
SYNPCC7002_RS08210,SYNPCC7002_RS07980,0.0832864276291922
SYNPCC7002_RS09420,SYNPCC7002_RS13920,0.0832845016907884
SYNPCC7002_RS01335,SYNPCC7002_RS09235,0.083257451251613
SYNPCC7002_RS04780,SYNPCC7002_RS03780,0.0832561396854352
SYNPCC7002_RS01800,SYNPCC7002_RS06520,0.0832549922467334
SYNPCC7002_RS05135,SYNPCC7002_RS02995,0.0832465350654895
SYNPCC7002_RS03950,SYNPCC7002_RS15245,0.0832418213543073
SYNPCC7002_RS08255,SYNPCC7002_RS03020,0.0832365308293839
SYNPCC7002_RS12090,SYNPCC7002_RS05485,0.0832120476449104
SYNPCC7002_RS02715,SYNPCC7002_RS13300,0.083201689585485
SYNPCC7002_RS11685,SYNPCC7002_RS11520,0.0832006032162054
SYNPCC7002_RS05135,SYNPCC7002_RS15110,0.0831965012196598
SYNPCC7002_RS08965,SYNPCC7002_RS01990,0.0831954539915829
SYNPCC7002_RS04650,SYNPCC7002_RS02575,0.08318516564776
SYNPCC7002_RS09995,SYNPCC7002_RS00145,0.0831798465066255
SYNPCC7002_RS03760,SYNPCC7002_RS02955,0.0831779566175652
SYNPCC7002_RS15535,SYNPCC7002_RS01460,0.0831777123644483
SYNPCC7002_RS07385,SYNPCC7002_RS07040,0.0831725933101094
SYNPCC7002_RS08965,SYNPCC7002_RS04810,0.0831586489661501
SYNPCC7002_RS04780,SYNPCC7002_RS02590,0.0831456108099085
SYNPCC7002_RS08175,SYNPCC7002_RS05185,0.0831402519107688
SYNPCC7002_RS01420,SYNPCC7002_RS08475,0.0831386564973271
SYNPCC7002_RS01335,SYNPCC7002_RS02285,0.0831354373181268
SYNPCC7002_RS08255,SYNPCC7002_RS03975,0.083126712589279
SYNPCC7002_RS15720,SYNPCC7002_RS15320,0.083118071581458
SYNPCC7002_RS10050,SYNPCC7002_RS03675,0.0831133679477576
SYNPCC7002_RS09320,SYNPCC7002_RS12115,0.0831115099406727
SYNPCC7002_RS07385,SYNPCC7002_RS12965,0.0831102956533617
SYNPCC7002_RS04250,SYNPCC7002_RS16625,0.083105572733571
SYNPCC7002_RS00640,SYNPCC7002_RS13965,0.0830974980036742
SYNPCC7002_RS15520,SYNPCC7002_RS13860,0.0830947329682236
SYNPCC7002_RS04650,SYNPCC7002_RS05590,0.0830928428675114
SYNPCC7002_RS00690,SYNPCC7002_RS11645,0.0830825331160653
SYNPCC7002_RS08255,SYNPCC7002_RS10080,0.0830820979742226
SYNPCC7002_RS08965,SYNPCC7002_RS16085,0.0830724167916247
SYNPCC7002_RS05985,SYNPCC7002_RS12910,0.0830603844498831
SYNPCC7002_RS04890,SYNPCC7002_RS13530,0.0830592593220492
SYNPCC7002_RS15520,SYNPCC7002_RS00815,0.083046738904608
SYNPCC7002_RS04780,SYNPCC7002_RS08955,0.0830351442979803
SYNPCC7002_RS15255,SYNPCC7002_RS02065,0.0830350975869394
SYNPCC7002_RS05135,SYNPCC7002_RS01925,0.0830238690762828
SYNPCC7002_RS05135,SYNPCC7002_RS02635,0.0830155219907705
SYNPCC7002_RS04890,SYNPCC7002_RS06350,0.0830021893396287
SYNPCC7002_RS05460,SYNPCC7002_RS10820,0.0829842450993885
SYNPCC7002_RS02715,SYNPCC7002_RS15440,0.0829841081785666
SYNPCC7002_RS12090,SYNPCC7002_RS12270,0.0829834060575826
SYNPCC7002_RS11400,SYNPCC7002_RS00225,0.082980916734978
SYNPCC7002_RS09175,SYNPCC7002_RS04415,0.0829708914486084
SYNPCC7002_RS00640,SYNPCC7002_RS09800,0.0829627901131773
SYNPCC7002_RS11400,SYNPCC7002_RS02205,0.0829415776615147
SYNPCC7002_RS01085,SYNPCC7002_RS01230,0.0829255753626647
SYNPCC7002_RS15410,SYNPCC7002_RS03605,0.0829228662448185
SYNPCC7002_RS08390,SYNPCC7002_RS11195,0.0829199734024287
SYNPCC7002_RS01800,SYNPCC7002_RS03610,0.0829151612202774
SYNPCC7002_RS06150,SYNPCC7002_RS12865,0.0829116835739529
SYNPCC7002_RS05135,SYNPCC7002_RS05255,0.0829105052693894
SYNPCC7002_RS08965,SYNPCC7002_RS11085,0.0828947929810869
SYNPCC7002_RS11685,SYNPCC7002_RS10920,0.0828910004543044
SYNPCC7002_RS03950,SYNPCC7002_RS14505,0.0828888504937737
SYNPCC7002_RS04650,SYNPCC7002_RS03540,0.0828680793603968
SYNPCC7002_RS00050,SYNPCC7002_RS11150,0.0828561265387362
SYNPCC7002_RS08210,SYNPCC7002_RS15450,0.0828455029878574
SYNPCC7002_RS12395,SYNPCC7002_RS16750,0.0828428132393433
SYNPCC7002_RS04780,SYNPCC7002_RS04150,0.0828270796125688
SYNPCC7002_RS04250,SYNPCC7002_RS16260,0.0828178215826334
SYNPCC7002_RS15255,SYNPCC7002_RS14770,0.0828125589486433
SYNPCC7002_RS09780,SYNPCC7002_RS03245,0.0828118567539959
SYNPCC7002_RS08210,SYNPCC7002_RS04575,0.0828038112754634
SYNPCC7002_RS14790,SYNPCC7002_RS10640,0.082801626237875
SYNPCC7002_RS08210,SYNPCC7002_RS01810,0.0827901812212657
SYNPCC7002_RS02455,SYNPCC7002_RS01670,0.0827846843218024
SYNPCC7002_RS09630,SYNPCC7002_RS14615,0.0827798338232138
SYNPCC7002_RS04780,SYNPCC7002_RS13320,0.0827785486580665
SYNPCC7002_RS02455,SYNPCC7002_RS03840,0.082776403308836
SYNPCC7002_RS02715,SYNPCC7002_RS06010,0.0827762786542033
SYNPCC7002_RS04780,SYNPCC7002_RS10435,0.0827678342460888
SYNPCC7002_RS15995,SYNPCC7002_RS10800,0.0827673471274698
SYNPCC7002_RS12515,SYNPCC7002_RS02230,0.0827532917332392
SYNPCC7002_RS04780,SYNPCC7002_RS13260,0.0827532053909252
SYNPCC7002_RS06540,SYNPCC7002_RS07105,0.0827492091722527
SYNPCC7002_RS15520,SYNPCC7002_RS04075,0.0827488951597543
SYNPCC7002_RS10050,SYNPCC7002_RS09410,0.0827484283691417
SYNPCC7002_RS03295,SYNPCC7002_RS08880,0.0827467864854496
SYNPCC7002_RS04780,SYNPCC7002_RS03560,0.0827446680886713
SYNPCC7002_RS05135,SYNPCC7002_RS04010,0.0827437683633053
SYNPCC7002_RS05460,SYNPCC7002_RS15625,0.0827362196266672
SYNPCC7002_RS15030,SYNPCC7002_RS14975,0.0827347005175217
SYNPCC7002_RS04890,SYNPCC7002_RS08190,0.0827241330271204
SYNPCC7002_RS09820,SYNPCC7002_RS05030,0.0827212993647462
SYNPCC7002_RS08965,SYNPCC7002_RS04545,0.0827209445601525
SYNPCC7002_RS09630,SYNPCC7002_RS08435,0.0827182670656584
SYNPCC7002_RS04780,SYNPCC7002_RS07455,0.0827150539722853
SYNPCC7002_RS01420,SYNPCC7002_RS05230,0.0827139241193998
SYNPCC7002_RS16320,SYNPCC7002_RS16415,0.082713208064031
SYNPCC7002_RS08480,SYNPCC7002_RS13615,0.0826971267653058
SYNPCC7002_RS00690,SYNPCC7002_RS01445,0.0826969030449598
SYNPCC7002_RS04250,SYNPCC7002_RS12015,0.0826825346850356
SYNPCC7002_RS12395,SYNPCC7002_RS07565,0.082681481554832
SYNPCC7002_RS11400,SYNPCC7002_RS01290,0.082676316477236
SYNPCC7002_RS08390,SYNPCC7002_RS09625,0.0826692601015644
SYNPCC7002_RS05985,SYNPCC7002_RS02235,0.0826595275822848
SYNPCC7002_RS09320,SYNPCC7002_RS06125,0.0826593063089787
SYNPCC7002_RS09320,SYNPCC7002_RS04515,0.0826574006721402
SYNPCC7002_RS01335,SYNPCC7002_RS12970,0.0826558329656347
SYNPCC7002_RS08965,SYNPCC7002_RS09215,0.0826550445044313
SYNPCC7002_RS12395,SYNPCC7002_RS16420,0.082654013522834
SYNPCC7002_RS09995,SYNPCC7002_RS08835,0.082646654012054
SYNPCC7002_RS06540,SYNPCC7002_RS09510,0.0826394281392585
SYNPCC7002_RS12090,SYNPCC7002_RS01555,0.0826386406526922
SYNPCC7002_RS04780,SYNPCC7002_RS07335,0.0826300582281976
SYNPCC7002_RS10050,SYNPCC7002_RS06025,0.0826293379348351
SYNPCC7002_RS05985,SYNPCC7002_RS11060,0.0826287104455973
SYNPCC7002_RS15520,SYNPCC7002_RS08210,0.0826194725101764
SYNPCC7002_RS08210,SYNPCC7002_RS10405,0.0826184334809414
SYNPCC7002_RS15520,SYNPCC7002_RS05440,0.0826148774555389
SYNPCC7002_RS04890,SYNPCC7002_RS00425,0.0826104902077527
SYNPCC7002_RS00640,SYNPCC7002_RS09440,0.0826074721156927
SYNPCC7002_RS03950,SYNPCC7002_RS15075,0.0825995961255035
SYNPCC7002_RS08965,SYNPCC7002_RS00650,0.0825965571532426
SYNPCC7002_RS08480,SYNPCC7002_RS05015,0.0825807449944087
SYNPCC7002_RS04250,SYNPCC7002_RS10875,0.0825775534142177
SYNPCC7002_RS09820,SYNPCC7002_RS10805,0.0825699653617599
SYNPCC7002_RS14440,SYNPCC7002_RS14425,0.0825690856881129
SYNPCC7002_RS08965,SYNPCC7002_RS01780,0.0825635966402871
SYNPCC7002_RS04780,SYNPCC7002_RS00445,0.0825602256975905
SYNPCC7002_RS03760,SYNPCC7002_RS11890,0.0825575427340334
SYNPCC7002_RS08390,SYNPCC7002_RS14965,0.0825539014118098
SYNPCC7002_RS09820,SYNPCC7002_RS09805,0.0825491603133458
SYNPCC7002_RS15520,SYNPCC7002_RS17180,0.0825454453327817
SYNPCC7002_RS11400,SYNPCC7002_RS06300,0.0825448986412509
SYNPCC7002_RS15995,SYNPCC7002_RS14100,0.0825408660991138
SYNPCC7002_RS03030,SYNPCC7002_RS02595,0.0825389995247321
SYNPCC7002_RS09090,SYNPCC7002_RS16630,0.082533029868824
SYNPCC7002_RS01420,SYNPCC7002_RS05955,0.0825296655597098
SYNPCC7002_RS08945,SYNPCC7002_RS08615,0.0825279877323622
SYNPCC7002_RS09820,SYNPCC7002_RS13590,0.0824987599370968
SYNPCC7002_RS05460,SYNPCC7002_RS06665,0.0824975261218032
SYNPCC7002_RS04250,SYNPCC7002_RS12585,0.0824950064502846
SYNPCC7002_RS08390,SYNPCC7002_RS10415,0.0824918560641159
SYNPCC7002_RS01800,SYNPCC7002_RS01340,0.0824866692406997
SYNPCC7002_RS08945,SYNPCC7002_RS03730,0.0824855279516747
SYNPCC7002_RS11400,SYNPCC7002_RS12345,0.0824752605875925
SYNPCC7002_RS08480,SYNPCC7002_RS03185,0.0824642041643047
SYNPCC7002_RS01335,SYNPCC7002_RS08165,0.0824620269681434
SYNPCC7002_RS09995,SYNPCC7002_RS05480,0.0824586905363123
SYNPCC7002_RS08965,SYNPCC7002_RS00220,0.0824578328656344
SYNPCC7002_RS02455,SYNPCC7002_RS13985,0.0824566113356945
SYNPCC7002_RS12395,SYNPCC7002_RS05550,0.0824551232744012
SYNPCC7002_RS08175,SYNPCC7002_RS01970,0.0824491495521065
SYNPCC7002_RS08965,SYNPCC7002_RS04390,0.082448267062824
SYNPCC7002_RS11400,SYNPCC7002_RS13470,0.0824309570501594
SYNPCC7002_RS08965,SYNPCC7002_RS09730,0.0824235640329066
SYNPCC7002_RS12090,SYNPCC7002_RS12595,0.0824194116169509
SYNPCC7002_RS09630,SYNPCC7002_RS00950,0.0823986673592542
SYNPCC7002_RS09780,SYNPCC7002_RS15140,0.0823977427429428
SYNPCC7002_RS11685,SYNPCC7002_RS09760,0.0823810931465742
SYNPCC7002_RS12515,SYNPCC7002_RS03515,0.0823810779422801
SYNPCC7002_RS12515,SYNPCC7002_RS03550,0.0823786407294407
SYNPCC7002_RS08390,SYNPCC7002_RS12970,0.0823687665296485
SYNPCC7002_RS01335,SYNPCC7002_RS13690,0.0823615191632609
SYNPCC7002_RS00050,SYNPCC7002_RS00770,0.082357937637907
SYNPCC7002_RS07295,SYNPCC7002_RS07635,0.0823519475566225
SYNPCC7002_RS03030,SYNPCC7002_RS01385,0.0823486360379211
SYNPCC7002_RS03030,SYNPCC7002_RS00225,0.0823428988365461
SYNPCC7002_RS09320,SYNPCC7002_RS10685,0.0823421537311964
SYNPCC7002_RS10050,SYNPCC7002_RS08170,0.082338000510644
SYNPCC7002_RS06150,SYNPCC7002_RS10510,0.0823375754611714
SYNPCC7002_RS09320,SYNPCC7002_RS09215,0.0823219506895862
SYNPCC7002_RS07385,SYNPCC7002_RS01445,0.0823124475861088
SYNPCC7002_RS09630,SYNPCC7002_RS07225,0.0823018516422987
SYNPCC7002_RS04250,SYNPCC7002_RS13255,0.0822977758639293
SYNPCC7002_RS15995,SYNPCC7002_RS04430,0.0822971739386914
SYNPCC7002_RS02715,SYNPCC7002_RS08770,0.0822817521086745
SYNPCC7002_RS10050,SYNPCC7002_RS17030,0.0822812798635775
SYNPCC7002_RS08390,SYNPCC7002_RS13465,0.0822662100895246
SYNPCC7002_RS15520,SYNPCC7002_RS06070,0.0822616128371688
SYNPCC7002_RS01420,SYNPCC7002_RS11850,0.0822554986418383
SYNPCC7002_RS02455,SYNPCC7002_RS14045,0.0822469340778607
SYNPCC7002_RS08175,SYNPCC7002_RS08110,0.0822439481374364
SYNPCC7002_RS03030,SYNPCC7002_RS12165,0.0822378685981077
SYNPCC7002_RS15520,SYNPCC7002_RS06725,0.0822370593109301
SYNPCC7002_RS04890,SYNPCC7002_RS08475,0.0822358630850173
SYNPCC7002_RS10050,SYNPCC7002_RS03290,0.0822351015659407
SYNPCC7002_RS12395,SYNPCC7002_RS06720,0.0822329035415094
SYNPCC7002_RS04890,SYNPCC7002_RS07650,0.0822315089514912
SYNPCC7002_RS03030,SYNPCC7002_RS16190,0.082226371965259
SYNPCC7002_RS12105,SYNPCC7002_RS11075,0.0822237644671135
SYNPCC7002_RS01420,SYNPCC7002_RS17230,0.0822172202710719
SYNPCC7002_RS07385,SYNPCC7002_RS16190,0.0822151472644205
SYNPCC7002_RS00050,SYNPCC7002_RS02055,0.0822083075199966
SYNPCC7002_RS02715,SYNPCC7002_RS09220,0.0822080809284329
SYNPCC7002_RS04780,SYNPCC7002_RS14140,0.0822072848479128
SYNPCC7002_RS01335,SYNPCC7002_RS15555,0.0822066410134232
SYNPCC7002_RS09995,SYNPCC7002_RS08480,0.0822041396973494
SYNPCC7002_RS11400,SYNPCC7002_RS03805,0.082200196061174
SYNPCC7002_RS12105,SYNPCC7002_RS00705,0.0821881803140915
SYNPCC7002_RS12105,SYNPCC7002_RS09970,0.0821855300119688
SYNPCC7002_RS05135,SYNPCC7002_RS12440,0.082178744602668
SYNPCC7002_RS12395,SYNPCC7002_RS07730,0.082178652244774
SYNPCC7002_RS07385,SYNPCC7002_RS08860,0.0821773497436231
SYNPCC7002_RS08390,SYNPCC7002_RS00100,0.0821759942568772
SYNPCC7002_RS10050,SYNPCC7002_RS04310,0.0821740790801754
SYNPCC7002_RS08210,SYNPCC7002_RS13575,0.0821712755302919
SYNPCC7002_RS09630,SYNPCC7002_RS11465,0.0821701285887446
SYNPCC7002_RS09630,SYNPCC7002_RS00070,0.0821668969085592
SYNPCC7002_RS05985,SYNPCC7002_RS05750,0.0821577432930735
SYNPCC7002_RS15520,SYNPCC7002_RS02640,0.0821571848307624
SYNPCC7002_RS03030,SYNPCC7002_RS13575,0.0821495280256623
SYNPCC7002_RS09320,SYNPCC7002_RS10490,0.082133683427963
SYNPCC7002_RS05985,SYNPCC7002_RS05760,0.0821290581469291
SYNPCC7002_RS09630,SYNPCC7002_RS06325,0.0821261255886408
SYNPCC7002_RS07295,SYNPCC7002_RS09435,0.0821240259494051
SYNPCC7002_RS09820,SYNPCC7002_RS11210,0.0821206351221048
SYNPCC7002_RS08965,SYNPCC7002_RS01600,0.0821195488337582
SYNPCC7002_RS15030,SYNPCC7002_RS16780,0.0821166167081018
SYNPCC7002_RS05135,SYNPCC7002_RS05595,0.0821164688185236
SYNPCC7002_RS15680,SYNPCC7002_RS12155,0.0821158025569534
SYNPCC7002_RS08390,SYNPCC7002_RS07290,0.0821153853950616
SYNPCC7002_RS09780,SYNPCC7002_RS05105,0.0821130287326014
SYNPCC7002_RS09780,SYNPCC7002_RS01645,0.0821062031554104
SYNPCC7002_RS15255,SYNPCC7002_RS15875,0.0821043104166676
SYNPCC7002_RS10145,SYNPCC7002_RS11500,0.0821025869649432
SYNPCC7002_RS11400,SYNPCC7002_RS06540,0.0820993830712731
SYNPCC7002_RS08965,SYNPCC7002_RS01555,0.082088286310891
SYNPCC7002_RS03030,SYNPCC7002_RS00060,0.0820866315032838
SYNPCC7002_RS00690,SYNPCC7002_RS13800,0.0820818991878178
SYNPCC7002_RS10050,SYNPCC7002_RS06590,0.0820707377108712
SYNPCC7002_RS04650,SYNPCC7002_RS05395,0.0820642048035327
SYNPCC7002_RS01420,SYNPCC7002_RS06080,0.0820633607513903
SYNPCC7002_RS08390,SYNPCC7002_RS02585,0.0820601852785538
SYNPCC7002_RS12395,SYNPCC7002_RS03680,0.0820566153990093
SYNPCC7002_RS02455,SYNPCC7002_RS16040,0.0820442558670563
SYNPCC7002_RS09820,SYNPCC7002_RS10775,0.0820422936698132
SYNPCC7002_RS08965,SYNPCC7002_RS13645,0.0820393584085227
SYNPCC7002_RS04250,SYNPCC7002_RS06900,0.0820378739748838
SYNPCC7002_RS05985,SYNPCC7002_RS13330,0.0820287001795752
SYNPCC7002_RS09420,SYNPCC7002_RS14320,0.0820255921395848
SYNPCC7002_RS10050,SYNPCC7002_RS11920,0.0820211986827473
SYNPCC7002_RS10050,SYNPCC7002_RS16575,0.0820148405886879
SYNPCC7002_RS09780,SYNPCC7002_RS05910,0.0820045145940764
SYNPCC7002_RS08860,SYNPCC7002_RS09500,0.0820028788952444
SYNPCC7002_RS16320,SYNPCC7002_RS14440,0.0820013494838643
SYNPCC7002_RS09820,SYNPCC7002_RS11180,0.0819968521071579
SYNPCC7002_RS10050,SYNPCC7002_RS14115,0.081994489877153
SYNPCC7002_RS12395,SYNPCC7002_RS05285,0.0819910650669272
SYNPCC7002_RS05135,SYNPCC7002_RS01655,0.0819805923387207
SYNPCC7002_RS04650,SYNPCC7002_RS00345,0.0819792478311883
SYNPCC7002_RS00050,SYNPCC7002_RS08470,0.0819763763229606
SYNPCC7002_RS07385,SYNPCC7002_RS04750,0.0819724422556625
SYNPCC7002_RS15680,SYNPCC7002_RS15130,0.0819713587157291
SYNPCC7002_RS01420,SYNPCC7002_RS08010,0.0819437794684138
SYNPCC7002_RS15520,SYNPCC7002_RS01260,0.0819360349243842
SYNPCC7002_RS08860,SYNPCC7002_RS14305,0.0819314787230778
SYNPCC7002_RS15995,SYNPCC7002_RS15370,0.0819131565947718
SYNPCC7002_RS14790,SYNPCC7002_RS10445,0.0819097666855599
SYNPCC7002_RS15520,SYNPCC7002_RS12530,0.0819062829958693
SYNPCC7002_RS06150,SYNPCC7002_RS02345,0.0819023452606501
SYNPCC7002_RS12395,SYNPCC7002_RS07585,0.0818980101975063
SYNPCC7002_RS08965,SYNPCC7002_RS11680,0.0818864638701652
SYNPCC7002_RS09780,SYNPCC7002_RS16605,0.0818838824374634
SYNPCC7002_RS06165,SYNPCC7002_RS00745,0.0818529905456763
SYNPCC7002_RS02715,SYNPCC7002_RS13885,0.0818505906859718
SYNPCC7002_RS15680,SYNPCC7002_RS05345,0.0818433167609713
SYNPCC7002_RS00650,SYNPCC7002_RS04515,0.0818376165410516
SYNPCC7002_RS08210,SYNPCC7002_RS16595,0.0818281305002103
SYNPCC7002_RS01335,SYNPCC7002_RS06015,0.0818275299269825
SYNPCC7002_RS11685,SYNPCC7002_RS00455,0.0818240690123331
SYNPCC7002_RS02455,SYNPCC7002_RS15250,0.08181989258863
SYNPCC7002_RS00640,SYNPCC7002_RS09005,0.0818189480039901
SYNPCC7002_RS08965,SYNPCC7002_RS02730,0.0818121504476419
SYNPCC7002_RS02455,SYNPCC7002_RS10750,0.0818072012773454
SYNPCC7002_RS01335,SYNPCC7002_RS08390,0.0818034165902184
SYNPCC7002_RS09780,SYNPCC7002_RS04380,0.081802050260248
SYNPCC7002_RS09820,SYNPCC7002_RS13735,0.0817986737075806
SYNPCC7002_RS12395,SYNPCC7002_RS12150,0.0817932607498146
SYNPCC7002_RS07385,SYNPCC7002_RS00380,0.0817890578394666
SYNPCC7002_RS07385,SYNPCC7002_RS00220,0.081771717255094
SYNPCC7002_RS03030,SYNPCC7002_RS02395,0.0817690946076072
SYNPCC7002_RS12395,SYNPCC7002_RS12840,0.081763200869379
SYNPCC7002_RS09845,SYNPCC7002_RS10665,0.0817483438226033
SYNPCC7002_RS06150,SYNPCC7002_RS09630,0.081745620372575
SYNPCC7002_RS15410,SYNPCC7002_RS11945,0.0817449536846009
SYNPCC7002_RS09630,SYNPCC7002_RS08720,0.0817357075599793
SYNPCC7002_RS08210,SYNPCC7002_RS08120,0.0817352322561431
SYNPCC7002_RS08965,SYNPCC7002_RS12625,0.0817341352943175
SYNPCC7002_RS05985,SYNPCC7002_RS02685,0.0817270927333268
SYNPCC7002_RS06150,SYNPCC7002_RS01305,0.0817073393515297
SYNPCC7002_RS12395,SYNPCC7002_RS02635,0.0817042712262836
SYNPCC7002_RS15255,SYNPCC7002_RS15160,0.0816989951423913
SYNPCC7002_RS09320,SYNPCC7002_RS13335,0.0816988257534721
SYNPCC7002_RS04780,SYNPCC7002_RS00025,0.0816925430799896
SYNPCC7002_RS09780,SYNPCC7002_RS10895,0.0816918076575884
SYNPCC7002_RS03030,SYNPCC7002_RS08965,0.0816899585154702
SYNPCC7002_RS05460,SYNPCC7002_RS06200,0.0816880441787782
SYNPCC7002_RS03030,SYNPCC7002_RS11830,0.0816869551342336
SYNPCC7002_RS04890,SYNPCC7002_RS09025,0.081684181864144
SYNPCC7002_RS09780,SYNPCC7002_RS17200,0.0816837501253918
SYNPCC7002_RS15520,SYNPCC7002_RS13675,0.0816773763777162
SYNPCC7002_RS07385,SYNPCC7002_RS10475,0.0816742668485717
SYNPCC7002_RS05460,SYNPCC7002_RS07920,0.0816717136111897
SYNPCC7002_RS12090,SYNPCC7002_RS06600,0.0816684296944171
SYNPCC7002_RS01420,SYNPCC7002_RS16735,0.0816684195555392
SYNPCC7002_RS01335,SYNPCC7002_RS09625,0.0816577183685549
SYNPCC7002_RS09780,SYNPCC7002_RS11160,0.0816511855135803
SYNPCC7002_RS09260,SYNPCC7002_RS15530,0.0816431471122674
SYNPCC7002_RS09845,SYNPCC7002_RS07025,0.0816424108739806
SYNPCC7002_RS03950,SYNPCC7002_RS11175,0.0816375259123386
SYNPCC7002_RS08860,SYNPCC7002_RS00015,0.0816247635358093
SYNPCC7002_RS11400,SYNPCC7002_RS12625,0.0816028973146738
SYNPCC7002_RS04890,SYNPCC7002_RS14250,0.0815878999763474
SYNPCC7002_RS12515,SYNPCC7002_RS03440,0.0815814052875296
SYNPCC7002_RS06150,SYNPCC7002_RS07955,0.081580755573775
SYNPCC7002_RS03295,SYNPCC7002_RS01005,0.0815745212563888
SYNPCC7002_RS05985,SYNPCC7002_RS05430,0.0815744930080513
SYNPCC7002_RS07295,SYNPCC7002_RS08900,0.0815553531285692
SYNPCC7002_RS08945,SYNPCC7002_RS10330,0.0815542288017926
SYNPCC7002_RS03030,SYNPCC7002_RS03855,0.0815542010368592
SYNPCC7002_RS12090,SYNPCC7002_RS04510,0.0815515449702605
SYNPCC7002_RS08255,SYNPCC7002_RS02855,0.0815451933351248
SYNPCC7002_RS00650,SYNPCC7002_RS08965,0.0815395824111741
SYNPCC7002_RS05985,SYNPCC7002_RS10875,0.0815338502935412
SYNPCC7002_RS09320,SYNPCC7002_RS10440,0.0815330068917134
SYNPCC7002_RS15520,SYNPCC7002_RS08495,0.0815249902078978
SYNPCC7002_RS02715,SYNPCC7002_RS10195,0.0815017572955703
SYNPCC7002_RS03030,SYNPCC7002_RS04575,0.0814968449522476
SYNPCC7002_RS02715,SYNPCC7002_RS15840,0.0814748001338993
SYNPCC7002_RS10050,SYNPCC7002_RS12535,0.0814740471859655
SYNPCC7002_RS05985,SYNPCC7002_RS08545,0.0814613980388536
SYNPCC7002_RS10050,SYNPCC7002_RS13615,0.0814562094810019
SYNPCC7002_RS09175,SYNPCC7002_RS14195,0.0814547890586195
SYNPCC7002_RS10050,SYNPCC7002_RS05265,0.0814541344667568
SYNPCC7002_RS05135,SYNPCC7002_RS03595,0.0814510462678231
SYNPCC7002_RS08255,SYNPCC7002_RS14055,0.0814506558533924
SYNPCC7002_RS01335,SYNPCC7002_RS15590,0.0814506440297948
SYNPCC7002_RS15520,SYNPCC7002_RS15445,0.0814422163359709
SYNPCC7002_RS08965,SYNPCC7002_RS12375,0.0814354445564825
SYNPCC7002_RS09420,SYNPCC7002_RS12460,0.0814325793110683
SYNPCC7002_RS02455,SYNPCC7002_RS08345,0.0814308131048682
SYNPCC7002_RS04650,SYNPCC7002_RS14235,0.0814220388833179
SYNPCC7002_RS05985,SYNPCC7002_RS04540,0.0814146310980836
SYNPCC7002_RS12090,SYNPCC7002_RS11280,0.0814061451918413
SYNPCC7002_RS09320,SYNPCC7002_RS11040,0.0813980404062884
SYNPCC7002_RS03950,SYNPCC7002_RS15990,0.0813960732982659
SYNPCC7002_RS12090,SYNPCC7002_RS16025,0.0813940567724681
SYNPCC7002_RS12090,SYNPCC7002_RS14690,0.0813891709901717
SYNPCC7002_RS09780,SYNPCC7002_RS07060,0.081387927149235
SYNPCC7002_RS08390,SYNPCC7002_RS03695,0.0813847838319794
SYNPCC7002_RS01335,SYNPCC7002_RS01240,0.0813792105238842
SYNPCC7002_RS01420,SYNPCC7002_RS05205,0.0813682966542231
SYNPCC7002_RS09320,SYNPCC7002_RS12700,0.0813617056399574
SYNPCC7002_RS15410,SYNPCC7002_RS16270,0.0813601783592938
SYNPCC7002_RS08255,SYNPCC7002_RS12570,0.0813576884572216
SYNPCC7002_RS04650,SYNPCC7002_RS12730,0.0813570588112753
SYNPCC7002_RS00640,SYNPCC7002_RS06155,0.081350115782827
SYNPCC7002_RS08210,SYNPCC7002_RS00965,0.0813471897882942
SYNPCC7002_RS12395,SYNPCC7002_RS12480,0.0813430329242999
SYNPCC7002_RS04680,SYNPCC7002_RS13385,0.0813367865979109
SYNPCC7002_RS12515,SYNPCC7002_RS16615,0.0813323570313061
SYNPCC7002_RS01335,SYNPCC7002_RS10525,0.0813229314111101
SYNPCC7002_RS10050,SYNPCC7002_RS09575,0.0813221561533022
SYNPCC7002_RS12105,SYNPCC7002_RS02685,0.0813213660587345
SYNPCC7002_RS03760,SYNPCC7002_RS08945,0.0813134647399664
SYNPCC7002_RS04290,SYNPCC7002_RS01340,0.0813102082428486
SYNPCC7002_RS04890,SYNPCC7002_RS05180,0.0813089090812707
SYNPCC7002_RS09995,SYNPCC7002_RS03575,0.0813078291031679
SYNPCC7002_RS15680,SYNPCC7002_RS06460,0.0813053725077765
SYNPCC7002_RS09820,SYNPCC7002_RS01315,0.0813043539704387
SYNPCC7002_RS04290,SYNPCC7002_RS13500,0.0813013960005032
SYNPCC7002_RS10050,SYNPCC7002_RS07780,0.0812983984684047
SYNPCC7002_RS09820,SYNPCC7002_RS09010,0.0812595085773142
SYNPCC7002_RS08255,SYNPCC7002_RS04510,0.0812491927181783
SYNPCC7002_RS09780,SYNPCC7002_RS13090,0.0812453902679242
SYNPCC7002_RS07385,SYNPCC7002_RS03030,0.0812312866421605
SYNPCC7002_RS00640,SYNPCC7002_RS06430,0.0812270951688769
SYNPCC7002_RS09630,SYNPCC7002_RS03160,0.0812266459599409
SYNPCC7002_RS08390,SYNPCC7002_RS08625,0.0812234505164837
SYNPCC7002_RS08390,SYNPCC7002_RS16245,0.081220337889895
SYNPCC7002_RS06540,SYNPCC7002_RS02905,0.0812193207318404
SYNPCC7002_RS09845,SYNPCC7002_RS06105,0.081210062705326
SYNPCC7002_RS03030,SYNPCC7002_RS03395,0.081209244858917
SYNPCC7002_RS08390,SYNPCC7002_RS10430,0.0812065473886682
SYNPCC7002_RS03030,SYNPCC7002_RS03860,0.081205215123698
SYNPCC7002_RS08390,SYNPCC7002_RS15250,0.0812050044925204
SYNPCC7002_RS12515,SYNPCC7002_RS08530,0.081203517587891
SYNPCC7002_RS16320,SYNPCC7002_RS15655,0.0811991941653215
SYNPCC7002_RS16320,SYNPCC7002_RS14410,0.0811986457313982
SYNPCC7002_RS04780,SYNPCC7002_RS09830,0.0811968943129583
SYNPCC7002_RS00640,SYNPCC7002_RS14620,0.08119614872906
SYNPCC7002_RS00050,SYNPCC7002_RS04520,0.0811873659229174
SYNPCC7002_RS12395,SYNPCC7002_RS07475,0.0811871691911737
SYNPCC7002_RS08965,SYNPCC7002_RS06950,0.0811805076926286
SYNPCC7002_RS03030,SYNPCC7002_RS14160,0.0811779242384476
SYNPCC7002_RS15410,SYNPCC7002_RS13295,0.0811762483052649
SYNPCC7002_RS08390,SYNPCC7002_RS00950,0.0811683956086643
SYNPCC7002_RS08965,SYNPCC7002_RS09320,0.081160419508323
SYNPCC7002_RS05460,SYNPCC7002_RS03945,0.0811595894286923
SYNPCC7002_RS09780,SYNPCC7002_RS07555,0.0811396216254938
SYNPCC7002_RS09845,SYNPCC7002_RS09500,0.0811329001106227
SYNPCC7002_RS03030,SYNPCC7002_RS11970,0.0811211917558371
SYNPCC7002_RS04780,SYNPCC7002_RS14045,0.0811202702550922
SYNPCC7002_RS01335,SYNPCC7002_RS15730,0.0811122885929622
SYNPCC7002_RS08860,SYNPCC7002_RS05155,0.0811114419257673
SYNPCC7002_RS12515,SYNPCC7002_RS05315,0.0811063059935239
SYNPCC7002_RS04650,SYNPCC7002_RS08550,0.081097884495818
SYNPCC7002_RS09630,SYNPCC7002_RS11435,0.0810968126542619
SYNPCC7002_RS04780,SYNPCC7002_RS10415,0.0810939240254855
SYNPCC7002_RS01085,SYNPCC7002_RS07165,0.081091811976326
SYNPCC7002_RS09995,SYNPCC7002_RS05015,0.0810916725731018
SYNPCC7002_RS04250,SYNPCC7002_RS12665,0.0810867594824545
SYNPCC7002_RS09780,SYNPCC7002_RS00405,0.0810842601658316
SYNPCC7002_RS04680,SYNPCC7002_RS11435,0.0810786001970072
SYNPCC7002_RS04890,SYNPCC7002_RS05595,0.0810778477679958
SYNPCC7002_RS07385,SYNPCC7002_RS15750,0.0810762625145624
SYNPCC7002_RS01420,SYNPCC7002_RS11690,0.0810737755931182
SYNPCC7002_RS12515,SYNPCC7002_RS17255,0.0810536911160215
SYNPCC7002_RS04250,SYNPCC7002_RS04595,0.0810483461966404
SYNPCC7002_RS10050,SYNPCC7002_RS02465,0.0810469894841658
SYNPCC7002_RS00640,SYNPCC7002_RS16330,0.0810451613961664
SYNPCC7002_RS12090,SYNPCC7002_RS06475,0.0810425007592656
SYNPCC7002_RS05135,SYNPCC7002_RS16815,0.0810361983236519
SYNPCC7002_RS00050,SYNPCC7002_RS17015,0.0810239706097613
SYNPCC7002_RS12395,SYNPCC7002_RS03750,0.0810196002370527
SYNPCC7002_RS05985,SYNPCC7002_RS10320,0.0810148331235779
SYNPCC7002_RS01335,SYNPCC7002_RS06835,0.0810096059482408
SYNPCC7002_RS05135,SYNPCC7002_RS08670,0.0810083520003027
SYNPCC7002_RS04780,SYNPCC7002_RS04635,0.0810079758544832
SYNPCC7002_RS09780,SYNPCC7002_RS02235,0.0810070006015465
SYNPCC7002_RS08390,SYNPCC7002_RS09345,0.081006985281015
SYNPCC7002_RS08210,SYNPCC7002_RS01035,0.0810017461600665
SYNPCC7002_RS06150,SYNPCC7002_RS06405,0.0810016681996379
SYNPCC7002_RS08965,SYNPCC7002_RS10910,0.0810002906844909
SYNPCC7002_RS09260,SYNPCC7002_RS02645,0.0809791318195584
SYNPCC7002_RS00260,SYNPCC7002_RS10720,0.0809767854281395
SYNPCC7002_RS09995,SYNPCC7002_RS01380,0.0809745058075808
SYNPCC7002_RS04680,SYNPCC7002_RS15190,0.0809666593902274
SYNPCC7002_RS14440,SYNPCC7002_RS14400,0.0809529395506371
SYNPCC7002_RS00050,SYNPCC7002_RS17195,0.0809527254445339
SYNPCC7002_RS08965,SYNPCC7002_RS01080,0.0809479779878988
SYNPCC7002_RS08965,SYNPCC7002_RS13575,0.0809431055190837
SYNPCC7002_RS01420,SYNPCC7002_RS07685,0.0809375126856467
SYNPCC7002_RS00650,SYNPCC7002_RS11285,0.0809289524281845
SYNPCC7002_RS09995,SYNPCC7002_RS07210,0.0809274458531208
SYNPCC7002_RS05460,SYNPCC7002_RS06430,0.0809252719253026
SYNPCC7002_RS00050,SYNPCC7002_RS03715,0.0809249353722234
SYNPCC7002_RS01800,SYNPCC7002_RS08765,0.0809217632988835
SYNPCC7002_RS08965,SYNPCC7002_RS10390,0.0809213933470254
SYNPCC7002_RS08860,SYNPCC7002_RS13915,0.0809193241741568
SYNPCC7002_RS15995,SYNPCC7002_RS02380,0.0809132769109652
SYNPCC7002_RS04250,SYNPCC7002_RS00175,0.0809083596470265
SYNPCC7002_RS04890,SYNPCC7002_RS03385,0.0808884683498899
SYNPCC7002_RS01420,SYNPCC7002_RS07585,0.0808841900613775
SYNPCC7002_RS03030,SYNPCC7002_RS06380,0.0808807502906992
SYNPCC7002_RS08390,SYNPCC7002_RS12290,0.080876226295595
SYNPCC7002_RS04650,SYNPCC7002_RS02635,0.0808657732569306
SYNPCC7002_RS09630,SYNPCC7002_RS06610,0.0808622563363353
SYNPCC7002_RS00650,SYNPCC7002_RS03820,0.0808595120786775
SYNPCC7002_RS02715,SYNPCC7002_RS15180,0.0808561264683436
SYNPCC7002_RS14790,SYNPCC7002_RS05345,0.0808492966913992
SYNPCC7002_RS16320,SYNPCC7002_RS02605,0.0808356450063158
SYNPCC7002_RS11400,SYNPCC7002_RS02735,0.0808343033400599
SYNPCC7002_RS12515,SYNPCC7002_RS11270,0.0808282088835529
SYNPCC7002_RS11685,SYNPCC7002_RS12850,0.080823682330644
SYNPCC7002_RS15520,SYNPCC7002_RS01600,0.0808090187308382
SYNPCC7002_RS05985,SYNPCC7002_RS06550,0.0807978829187235
SYNPCC7002_RS07295,SYNPCC7002_RS03295,0.0807923709750857
SYNPCC7002_RS04650,SYNPCC7002_RS12060,0.0807874882072333
SYNPCC7002_RS05135,SYNPCC7002_RS16795,0.0807866790205236
SYNPCC7002_RS00690,SYNPCC7002_RS08075,0.0807779971357467
SYNPCC7002_RS00640,SYNPCC7002_RS04910,0.0807758493172245
SYNPCC7002_RS08965,SYNPCC7002_RS01130,0.0807733564763293
SYNPCC7002_RS08965,SYNPCC7002_RS08745,0.0807705577622875
SYNPCC7002_RS12090,SYNPCC7002_RS03755,0.0807638263773778
SYNPCC7002_RS06150,SYNPCC7002_RS00090,0.080758306687809
SYNPCC7002_RS08860,SYNPCC7002_RS10390,0.0807517081645364
SYNPCC7002_RS00690,SYNPCC7002_RS09260,0.080749110212376
SYNPCC7002_RS12395,SYNPCC7002_RS02090,0.0807376187171669
SYNPCC7002_RS05135,SYNPCC7002_RS03660,0.080727975554398
SYNPCC7002_RS03295,SYNPCC7002_RS06565,0.0807271845510673
SYNPCC7002_RS08945,SYNPCC7002_RS05905,0.0807226103392446
SYNPCC7002_RS05135,SYNPCC7002_RS17215,0.0807187599358645
SYNPCC7002_RS02715,SYNPCC7002_RS08370,0.0807185238228219
SYNPCC7002_RS08965,SYNPCC7002_RS03995,0.0807165485389825
SYNPCC7002_RS09995,SYNPCC7002_RS01855,0.0807147231682569
SYNPCC7002_RS02715,SYNPCC7002_RS03905,0.0807141546172553
SYNPCC7002_RS01335,SYNPCC7002_RS16205,0.0807140634738695
SYNPCC7002_RS12395,SYNPCC7002_RS00265,0.0807103232182929
SYNPCC7002_RS04890,SYNPCC7002_RS07355,0.0807053650424932
SYNPCC7002_RS09820,SYNPCC7002_RS13750,0.0807027311915242
SYNPCC7002_RS16160,SYNPCC7002_RS01165,0.0806984619822556
SYNPCC7002_RS07295,SYNPCC7002_RS01005,0.0806957464775234
SYNPCC7002_RS15410,SYNPCC7002_RS01425,0.0806941222663054
SYNPCC7002_RS04250,SYNPCC7002_RS13650,0.0806863051745819
SYNPCC7002_RS04890,SYNPCC7002_RS04615,0.0806840291148924
SYNPCC7002_RS01335,SYNPCC7002_RS01675,0.0806791415293539
SYNPCC7002_RS12395,SYNPCC7002_RS15110,0.080669160841127
SYNPCC7002_RS08210,SYNPCC7002_RS15910,0.0806608098737383
SYNPCC7002_RS10525,SYNPCC7002_RS15595,0.080651970303578
SYNPCC7002_RS08965,SYNPCC7002_RS12055,0.0806518663320962
SYNPCC7002_RS09780,SYNPCC7002_RS16585,0.0806478596723185
SYNPCC7002_RS11685,SYNPCC7002_RS08665,0.0806445317166215
SYNPCC7002_RS04780,SYNPCC7002_RS07030,0.0806427896254666
SYNPCC7002_RS08210,SYNPCC7002_RS15615,0.0806421298239351
SYNPCC7002_RS01420,SYNPCC7002_RS10160,0.0806271765001801
SYNPCC7002_RS08390,SYNPCC7002_RS16325,0.0806135264468416
SYNPCC7002_RS04780,SYNPCC7002_RS06535,0.0806038442891291
SYNPCC7002_RS08210,SYNPCC7002_RS14135,0.0806003314026745
SYNPCC7002_RS00050,SYNPCC7002_RS11535,0.0805984728356685
SYNPCC7002_RS15680,SYNPCC7002_RS14610,0.08059476284304
SYNPCC7002_RS08480,SYNPCC7002_RS09575,0.0805907151905829
SYNPCC7002_RS08945,SYNPCC7002_RS00040,0.0805898592537752
SYNPCC7002_RS07295,SYNPCC7002_RS15480,0.0805813221785715
SYNPCC7002_RS06540,SYNPCC7002_RS17065,0.0805754894254385
SYNPCC7002_RS08945,SYNPCC7002_RS12400,0.0805717668060925
SYNPCC7002_RS13450,SYNPCC7002_RS10260,0.0805715205371737
SYNPCC7002_RS16160,SYNPCC7002_RS03125,0.0805692951710415
SYNPCC7002_RS10050,SYNPCC7002_RS07825,0.0805663045533836
SYNPCC7002_RS16320,SYNPCC7002_RS03150,0.0805611870216145
SYNPCC7002_RS09780,SYNPCC7002_RS02605,0.0805579897327136
SYNPCC7002_RS03950,SYNPCC7002_RS14775,0.080548809687632
SYNPCC7002_RS08210,SYNPCC7002_RS06890,0.0805473725221246
SYNPCC7002_RS09320,SYNPCC7002_RS09490,0.0805453227442373
SYNPCC7002_RS16320,SYNPCC7002_RS15650,0.0805436547904834
SYNPCC7002_RS01085,SYNPCC7002_RS12470,0.0805373041459253
SYNPCC7002_RS15520,SYNPCC7002_RS09660,0.0805336534260696
SYNPCC7002_RS08210,SYNPCC7002_RS10620,0.0805317448804229
SYNPCC7002_RS04780,SYNPCC7002_RS00075,0.0805291310049615
SYNPCC7002_RS16320,SYNPCC7002_RS15720,0.0805253244841829
SYNPCC7002_RS08965,SYNPCC7002_RS09125,0.0805236779550796
SYNPCC7002_RS07385,SYNPCC7002_RS06965,0.0805221669693843
SYNPCC7002_RS06540,SYNPCC7002_RS00115,0.0805144071121698
SYNPCC7002_RS05985,SYNPCC7002_RS16075,0.0805140241757601
SYNPCC7002_RS02455,SYNPCC7002_RS10745,0.0805080044568231
SYNPCC7002_RS12395,SYNPCC7002_RS00170,0.0805079900438331
SYNPCC7002_RS11685,SYNPCC7002_RS10965,0.0805069025333085
SYNPCC7002_RS02715,SYNPCC7002_RS13705,0.0804999529552038
SYNPCC7002_RS09820,SYNPCC7002_RS01025,0.0804994843614304
SYNPCC7002_RS04250,SYNPCC7002_RS10225,0.0804934867560228
SYNPCC7002_RS01420,SYNPCC7002_RS10595,0.0804920039970926
SYNPCC7002_RS15520,SYNPCC7002_RS08730,0.0804815008226433
SYNPCC7002_RS04650,SYNPCC7002_RS11455,0.0804709130904652
SYNPCC7002_RS12090,SYNPCC7002_RS13105,0.0804584257004115
SYNPCC7002_RS00260,SYNPCC7002_RS06595,0.080452135512405
SYNPCC7002_RS10050,SYNPCC7002_RS06175,0.0804519531571721
SYNPCC7002_RS00650,SYNPCC7002_RS02260,0.0804447867313809
SYNPCC7002_RS05460,SYNPCC7002_RS13725,0.0804427820341244
SYNPCC7002_RS05985,SYNPCC7002_RS00155,0.0804329258113483
SYNPCC7002_RS08175,SYNPCC7002_RS06500,0.0804308162170702
SYNPCC7002_RS09320,SYNPCC7002_RS12055,0.0804293677419465
SYNPCC7002_RS07385,SYNPCC7002_RS11930,0.0804267702983391
SYNPCC7002_RS08175,SYNPCC7002_RS16165,0.0804202185428661
SYNPCC7002_RS01420,SYNPCC7002_RS07795,0.0804041071877578
SYNPCC7002_RS09320,SYNPCC7002_RS09295,0.0803991177700062
SYNPCC7002_RS09630,SYNPCC7002_RS16655,0.0803963031712209
SYNPCC7002_RS12395,SYNPCC7002_RS11515,0.0803872957108219
SYNPCC7002_RS04250,SYNPCC7002_RS11610,0.0803783088066407
SYNPCC7002_RS02715,SYNPCC7002_RS16420,0.0803767055368136
SYNPCC7002_RS05135,SYNPCC7002_RS11120,0.0803754758522641
SYNPCC7002_RS15410,SYNPCC7002_RS04995,0.0803745182477748
SYNPCC7002_RS15410,SYNPCC7002_RS05785,0.0803715687719966
SYNPCC7002_RS10050,SYNPCC7002_RS09485,0.0803714159198251
SYNPCC7002_RS05135,SYNPCC7002_RS11235,0.0803701382634015
SYNPCC7002_RS15520,SYNPCC7002_RS07985,0.0803673531566809
SYNPCC7002_RS07295,SYNPCC7002_RS03330,0.0803646291341798
SYNPCC7002_RS15030,SYNPCC7002_RS14550,0.08036234985576
SYNPCC7002_RS09630,SYNPCC7002_RS00975,0.0803540019193005
SYNPCC7002_RS11400,SYNPCC7002_RS03015,0.0803451294406722
SYNPCC7002_RS05135,SYNPCC7002_RS08220,0.0803445973591336
SYNPCC7002_RS02455,SYNPCC7002_RS15915,0.0803366622409104
SYNPCC7002_RS08965,SYNPCC7002_RS06380,0.080332211482471
SYNPCC7002_RS10050,SYNPCC7002_RS00585,0.080330126994585
SYNPCC7002_RS05135,SYNPCC7002_RS08305,0.0803298959720814
SYNPCC7002_RS09780,SYNPCC7002_RS17175,0.0803287310134205
SYNPCC7002_RS00640,SYNPCC7002_RS16455,0.0803280632165054
SYNPCC7002_RS04890,SYNPCC7002_RS09460,0.0803279153725319
SYNPCC7002_RS05135,SYNPCC7002_RS02215,0.0803276669657102
SYNPCC7002_RS04250,SYNPCC7002_RS01400,0.0803259216184655
SYNPCC7002_RS09320,SYNPCC7002_RS14190,0.0803250075323432
SYNPCC7002_RS02410,SYNPCC7002_RS09080,0.0803125966303629
SYNPCC7002_RS07295,SYNPCC7002_RS06495,0.0803111426731963
SYNPCC7002_RS03030,SYNPCC7002_RS16065,0.0802925653541726
SYNPCC7002_RS15520,SYNPCC7002_RS12375,0.0802890493041762
SYNPCC7002_RS15030,SYNPCC7002_RS15020,0.0802836660599823
SYNPCC7002_RS02455,SYNPCC7002_RS07320,0.0802831076491598
SYNPCC7002_RS05135,SYNPCC7002_RS13075,0.0802762682448693
SYNPCC7002_RS03030,SYNPCC7002_RS06205,0.0802714132736154
SYNPCC7002_RS08965,SYNPCC7002_RS02365,0.0802686098914768
SYNPCC7002_RS09780,SYNPCC7002_RS16140,0.0802603207917452
SYNPCC7002_RS04780,SYNPCC7002_RS04450,0.0802579273488976
SYNPCC7002_RS10050,SYNPCC7002_RS13745,0.080254999620009
SYNPCC7002_RS08480,SYNPCC7002_RS03240,0.0802349955857516
SYNPCC7002_RS08210,SYNPCC7002_RS16265,0.0802305169322303
SYNPCC7002_RS08255,SYNPCC7002_RS01565,0.0802269829828611
SYNPCC7002_RS04780,SYNPCC7002_RS15815,0.0802260168683738
SYNPCC7002_RS10050,SYNPCC7002_RS05150,0.0802246414214688
SYNPCC7002_RS08965,SYNPCC7002_RS11975,0.0802197830026266
SYNPCC7002_RS04780,SYNPCC7002_RS09290,0.0802075964976673
SYNPCC7002_RS10050,SYNPCC7002_RS11015,0.080205134248089
SYNPCC7002_RS16320,SYNPCC7002_RS15210,0.0801942669949156
SYNPCC7002_RS05135,SYNPCC7002_RS04535,0.0801698684461176
SYNPCC7002_RS01335,SYNPCC7002_RS01095,0.0801676478144873
SYNPCC7002_RS02715,SYNPCC7002_RS14400,0.0801554441590528
SYNPCC7002_RS12395,SYNPCC7002_RS00270,0.080144371085836
SYNPCC7002_RS00640,SYNPCC7002_RS15075,0.0801395776472344
SYNPCC7002_RS09630,SYNPCC7002_RS04360,0.0801389172649902
SYNPCC7002_RS01085,SYNPCC7002_RS12325,0.0801212298416255
SYNPCC7002_RS04890,SYNPCC7002_RS02090,0.0801206085260928
SYNPCC7002_RS04680,SYNPCC7002_RS08635,0.0801160328813345
SYNPCC7002_RS10050,SYNPCC7002_RS08520,0.0801018701745801
SYNPCC7002_RS04780,SYNPCC7002_RS05610,0.0801016146174555
SYNPCC7002_RS12395,SYNPCC7002_RS04535,0.0800934661887207
SYNPCC7002_RS10050,SYNPCC7002_RS03510,0.0800907258980689
SYNPCC7002_RS04780,SYNPCC7002_RS16685,0.0800903355887015
SYNPCC7002_RS08965,SYNPCC7002_RS03850,0.0800880130653373
SYNPCC7002_RS09780,SYNPCC7002_RS11095,0.0800821380933035
SYNPCC7002_RS00050,SYNPCC7002_RS08605,0.0800800910560801
SYNPCC7002_RS08965,SYNPCC7002_RS01125,0.0800731052714164
SYNPCC7002_RS07385,SYNPCC7002_RS04545,0.0800716974480554
SYNPCC7002_RS04650,SYNPCC7002_RS09960,0.0800652332438311
SYNPCC7002_RS04780,SYNPCC7002_RS08210,0.080064255908933
SYNPCC7002_RS09845,SYNPCC7002_RS05890,0.0800637571999601
SYNPCC7002_RS15255,SYNPCC7002_RS06460,0.080061505743886
SYNPCC7002_RS04890,SYNPCC7002_RS03425,0.0800545488144213
SYNPCC7002_RS01420,SYNPCC7002_RS08670,0.0800440027177818
SYNPCC7002_RS04650,SYNPCC7002_RS11685,0.0800425737371682
SYNPCC7002_RS04890,SYNPCC7002_RS16940,0.0800404304036062
SYNPCC7002_RS09260,SYNPCC7002_RS09720,0.080030496176245
SYNPCC7002_RS11400,SYNPCC7002_RS08940,0.0800266048205841
SYNPCC7002_RS04780,SYNPCC7002_RS13270,0.0800162932400785
SYNPCC7002_RS05135,SYNPCC7002_RS12460,0.080015376046175
SYNPCC7002_RS10050,SYNPCC7002_RS03665,0.0800147149987611
SYNPCC7002_RS09780,SYNPCC7002_RS04880,0.0800102922368711
SYNPCC7002_RS15520,SYNPCC7002_RS08510,0.0800063815374348
SYNPCC7002_RS08175,SYNPCC7002_RS12770,0.0800048653191987
SYNPCC7002_RS08965,SYNPCC7002_RS12745,0.0799931858407262
SYNPCC7002_RS05985,SYNPCC7002_RS06805,0.0799896664774129
SYNPCC7002_RS16160,SYNPCC7002_RS16670,0.0799877848626471
SYNPCC7002_RS09320,SYNPCC7002_RS06185,0.0799858430148316
SYNPCC7002_RS11400,SYNPCC7002_RS11675,0.0799619073970218
SYNPCC7002_RS10050,SYNPCC7002_RS12120,0.0799605834059166
SYNPCC7002_RS06540,SYNPCC7002_RS07325,0.079953246688411
SYNPCC7002_RS08965,SYNPCC7002_RS14185,0.0799528533202557
SYNPCC7002_RS04890,SYNPCC7002_RS10950,0.0799522168033134
SYNPCC7002_RS08255,SYNPCC7002_RS05480,0.0799477175459165
SYNPCC7002_RS08480,SYNPCC7002_RS02410,0.0799457787495436
SYNPCC7002_RS04890,SYNPCC7002_RS12695,0.079934102854248
SYNPCC7002_RS12395,SYNPCC7002_RS17035,0.079932298925315
SYNPCC7002_RS05460,SYNPCC7002_RS14620,0.0799278115300789
SYNPCC7002_RS07385,SYNPCC7002_RS15740,0.079924120243893
SYNPCC7002_RS03295,SYNPCC7002_RS01545,0.079921661456382
SYNPCC7002_RS08860,SYNPCC7002_RS16945,0.079905763127173
SYNPCC7002_RS11685,SYNPCC7002_RS06345,0.0798976135973784
SYNPCC7002_RS00640,SYNPCC7002_RS04425,0.0798952111432939
SYNPCC7002_RS15255,SYNPCC7002_RS04665,0.079881985023124
SYNPCC7002_RS10050,SYNPCC7002_RS01160,0.0798802328507187
SYNPCC7002_RS15410,SYNPCC7002_RS08905,0.0798748417551593
SYNPCC7002_RS09260,SYNPCC7002_RS00015,0.0798731696810005
SYNPCC7002_RS02715,SYNPCC7002_RS04200,0.0798718315179514
SYNPCC7002_RS08965,SYNPCC7002_RS12870,0.0798664828520708
SYNPCC7002_RS12395,SYNPCC7002_RS06395,0.0798638079725724
SYNPCC7002_RS08175,SYNPCC7002_RS06565,0.0798626136560136
SYNPCC7002_RS12515,SYNPCC7002_RS01620,0.07986249607389
SYNPCC7002_RS08480,SYNPCC7002_RS16380,0.0798622495827176
SYNPCC7002_RS04250,SYNPCC7002_RS11355,0.0798586705942106
SYNPCC7002_RS12395,SYNPCC7002_RS12490,0.0798521515753492
SYNPCC7002_RS12105,SYNPCC7002_RS09275,0.0798469786121178
SYNPCC7002_RS01335,SYNPCC7002_RS14905,0.0798422120906992
SYNPCC7002_RS09260,SYNPCC7002_RS04660,0.079841045749559
SYNPCC7002_RS05135,SYNPCC7002_RS12240,0.0798202094672164
SYNPCC7002_RS09820,SYNPCC7002_RS04425,0.0798166019289791
SYNPCC7002_RS00650,SYNPCC7002_RS00635,0.0798088493571161
SYNPCC7002_RS10145,SYNPCC7002_RS06355,0.0798087781117513
SYNPCC7002_RS02715,SYNPCC7002_RS02820,0.0798074639494671
SYNPCC7002_RS15255,SYNPCC7002_RS10635,0.0798072732391417
SYNPCC7002_RS03030,SYNPCC7002_RS13025,0.0798042886164549
SYNPCC7002_RS00640,SYNPCC7002_RS06665,0.079801989877661
SYNPCC7002_RS04780,SYNPCC7002_RS03720,0.0797924052520704
SYNPCC7002_RS03030,SYNPCC7002_RS04695,0.079780387556182
SYNPCC7002_RS08175,SYNPCC7002_RS08105,0.079779274304154
SYNPCC7002_RS08390,SYNPCC7002_RS07250,0.0797760983905046
SYNPCC7002_RS08965,SYNPCC7002_RS06315,0.0797718820352553
SYNPCC7002_RS01420,SYNPCC7002_RS05240,0.0797693918040595
SYNPCC7002_RS02715,SYNPCC7002_RS04915,0.0797621169488009
SYNPCC7002_RS12105,SYNPCC7002_RS15350,0.0797595545249996
SYNPCC7002_RS08210,SYNPCC7002_RS07280,0.0797531263242805
SYNPCC7002_RS08965,SYNPCC7002_RS04500,0.0797418283716219
SYNPCC7002_RS05135,SYNPCC7002_RS05590,0.079737522784672
SYNPCC7002_RS15255,SYNPCC7002_RS05070,0.079735335524717
SYNPCC7002_RS00050,SYNPCC7002_RS13960,0.079732721619451
SYNPCC7002_RS12515,SYNPCC7002_RS11045,0.0797322679124708
SYNPCC7002_RS08210,SYNPCC7002_RS13340,0.079727463952358
SYNPCC7002_RS10050,SYNPCC7002_RS06080,0.0797256110895308
SYNPCC7002_RS05135,SYNPCC7002_RS09305,0.0797208183302075
SYNPCC7002_RS01800,SYNPCC7002_RS08880,0.0797185827512756
SYNPCC7002_RS01335,SYNPCC7002_RS16245,0.0797175073480483
SYNPCC7002_RS07385,SYNPCC7002_RS08815,0.0797147395573966
SYNPCC7002_RS00260,SYNPCC7002_RS05075,0.0797013781450474
SYNPCC7002_RS03030,SYNPCC7002_RS13635,0.0796993792204888
SYNPCC7002_RS15410,SYNPCC7002_RS15375,0.0796991282263383
SYNPCC7002_RS08965,SYNPCC7002_RS10180,0.0796876608180147
SYNPCC7002_RS01420,SYNPCC7002_RS01650,0.0796836958763805
SYNPCC7002_RS08965,SYNPCC7002_RS01060,0.0796832261765664
SYNPCC7002_RS05460,SYNPCC7002_RS09410,0.0796768372579901
SYNPCC7002_RS09320,SYNPCC7002_RS17180,0.0796711643612498
SYNPCC7002_RS04250,SYNPCC7002_RS13630,0.0796699221534322
SYNPCC7002_RS01420,SYNPCC7002_RS03095,0.0796675508338304
SYNPCC7002_RS15520,SYNPCC7002_RS09215,0.0796663909236376
SYNPCC7002_RS12395,SYNPCC7002_RS05305,0.0796663647384665
SYNPCC7002_RS04890,SYNPCC7002_RS06175,0.0796621535620159
SYNPCC7002_RS05460,SYNPCC7002_RS08770,0.0796607305420623
SYNPCC7002_RS01800,SYNPCC7002_RS01945,0.0796606317394047
SYNPCC7002_RS07385,SYNPCC7002_RS07160,0.0796589207587565
SYNPCC7002_RS11400,SYNPCC7002_RS02455,0.0796564678887546
SYNPCC7002_RS15520,SYNPCC7002_RS13975,0.0796509048109386
SYNPCC7002_RS03950,SYNPCC7002_RS14845,0.0796412288437378
SYNPCC7002_RS00050,SYNPCC7002_RS16995,0.0796273787350471
SYNPCC7002_RS12395,SYNPCC7002_RS05265,0.079622533670763
SYNPCC7002_RS07385,SYNPCC7002_RS02670,0.0796061350972501
SYNPCC7002_RS04250,SYNPCC7002_RS13080,0.0795963551096137
SYNPCC7002_RS05460,SYNPCC7002_RS16760,0.0795957727736929
SYNPCC7002_RS04290,SYNPCC7002_RS01970,0.0795908772769763
SYNPCC7002_RS08390,SYNPCC7002_RS00985,0.079587323269443
SYNPCC7002_RS15255,SYNPCC7002_RS08405,0.079584550733734
SYNPCC7002_RS05460,SYNPCC7002_RS14335,0.0795823693914485
SYNPCC7002_RS07385,SYNPCC7002_RS08205,0.0795817161198286
SYNPCC7002_RS08175,SYNPCC7002_RS09055,0.0795770931023058
SYNPCC7002_RS07295,SYNPCC7002_RS12040,0.0795769165827596
SYNPCC7002_RS06150,SYNPCC7002_RS15585,0.0795747220187685
SYNPCC7002_RS11685,SYNPCC7002_RS00900,0.0795694776110253
SYNPCC7002_RS08945,SYNPCC7002_RS13425,0.0795669993215662
SYNPCC7002_RS04890,SYNPCC7002_RS04110,0.0795621110907238
SYNPCC7002_RS09845,SYNPCC7002_RS11495,0.0795597545914111
SYNPCC7002_RS01335,SYNPCC7002_RS07180,0.0795585050726148
SYNPCC7002_RS15255,SYNPCC7002_RS16710,0.0795529840552074
SYNPCC7002_RS05460,SYNPCC7002_RS15490,0.0795482136036453
SYNPCC7002_RS09320,SYNPCC7002_RS10690,0.0795406770556251
SYNPCC7002_RS02715,SYNPCC7002_RS11555,0.0795362664018733
SYNPCC7002_RS04780,SYNPCC7002_RS02985,0.0795251696629478
SYNPCC7002_RS08965,SYNPCC7002_RS07385,0.0795170824020247
SYNPCC7002_RS08965,SYNPCC7002_RS08950,0.0795170173059376
SYNPCC7002_RS12395,SYNPCC7002_RS01865,0.079508617535769
SYNPCC7002_RS02715,SYNPCC7002_RS04605,0.0795068192644915
SYNPCC7002_RS04890,SYNPCC7002_RS06740,0.0794961824627499
SYNPCC7002_RS04250,SYNPCC7002_RS00770,0.0794939268546574
SYNPCC7002_RS09320,SYNPCC7002_RS13645,0.0794921748195715
SYNPCC7002_RS03295,SYNPCC7002_RS14545,0.0794867108365241
SYNPCC7002_RS01420,SYNPCC7002_RS05285,0.0794560300597543
SYNPCC7002_RS00650,SYNPCC7002_RS09730,0.0794551441009277
SYNPCC7002_RS09420,SYNPCC7002_RS09565,0.0794381683386635
SYNPCC7002_RS01335,SYNPCC7002_RS15280,0.0794287743509572
SYNPCC7002_RS08390,SYNPCC7002_RS13355,0.0794254524714975
SYNPCC7002_RS07295,SYNPCC7002_RS03605,0.0794217355649425
SYNPCC7002_RS15995,SYNPCC7002_RS07460,0.0794176081400383
SYNPCC7002_RS04250,SYNPCC7002_RS01350,0.0794068296820671
SYNPCC7002_RS12395,SYNPCC7002_RS05140,0.0794039291188463
SYNPCC7002_RS04250,SYNPCC7002_RS11190,0.0793959947153617
SYNPCC7002_RS09320,SYNPCC7002_RS16005,0.0793943712102679
SYNPCC7002_RS09630,SYNPCC7002_RS06150,0.0793928031331039
SYNPCC7002_RS09780,SYNPCC7002_RS17015,0.079390077381345
SYNPCC7002_RS12395,SYNPCC7002_RS03060,0.0793861263116467
SYNPCC7002_RS02715,SYNPCC7002_RS05150,0.0793825622600249
SYNPCC7002_RS01335,SYNPCC7002_RS13350,0.0793824918480102
SYNPCC7002_RS03030,SYNPCC7002_RS04390,0.0793793041066433
SYNPCC7002_RS08945,SYNPCC7002_RS11080,0.0793726239093415
SYNPCC7002_RS15520,SYNPCC7002_RS00445,0.0793714212113535
SYNPCC7002_RS09820,SYNPCC7002_RS13000,0.0793609193679609
SYNPCC7002_RS09820,SYNPCC7002_RS08085,0.0793562256865781
SYNPCC7002_RS07385,SYNPCC7002_RS08070,0.0793542201710842
SYNPCC7002_RS10050,SYNPCC7002_RS03210,0.0793506627692231
SYNPCC7002_RS11685,SYNPCC7002_RS12560,0.0793254417364524
SYNPCC7002_RS04650,SYNPCC7002_RS13670,0.079325290627923
SYNPCC7002_RS08965,SYNPCC7002_RS12260,0.0793216303280755
SYNPCC7002_RS10050,SYNPCC7002_RS06585,0.0793102960981177
SYNPCC7002_RS04780,SYNPCC7002_RS11940,0.0793057018003778
SYNPCC7002_RS08255,SYNPCC7002_RS09725,0.0792992359608502
SYNPCC7002_RS08210,SYNPCC7002_RS04160,0.0792989679200199
SYNPCC7002_RS01085,SYNPCC7002_RS16180,0.0792903419281889
SYNPCC7002_RS03030,SYNPCC7002_RS08335,0.079284537673202
SYNPCC7002_RS01335,SYNPCC7002_RS07400,0.0792710871713985
SYNPCC7002_RS01335,SYNPCC7002_RS11260,0.0792673786726315
SYNPCC7002_RS09320,SYNPCC7002_RS00650,0.0792582622671389
SYNPCC7002_RS01800,SYNPCC7002_RS14905,0.0792574185495862
SYNPCC7002_RS16320,SYNPCC7002_RS15325,0.0792557590802786
SYNPCC7002_RS11685,SYNPCC7002_RS09965,0.0792537636615322
SYNPCC7002_RS00650,SYNPCC7002_RS11280,0.0792488776082159
SYNPCC7002_RS09780,SYNPCC7002_RS04085,0.0792482514334545
SYNPCC7002_RS00650,SYNPCC7002_RS12135,0.0792462056330075
SYNPCC7002_RS00650,SYNPCC7002_RS09995,0.0792408846600923
SYNPCC7002_RS08945,SYNPCC7002_RS09960,0.0792406012896322
SYNPCC7002_RS10050,SYNPCC7002_RS16840,0.0792247970981955
SYNPCC7002_RS09780,SYNPCC7002_RS03690,0.079221473480241
SYNPCC7002_RS11685,SYNPCC7002_RS11660,0.0792197897502075
SYNPCC7002_RS04680,SYNPCC7002_RS04355,0.0792132191443317
SYNPCC7002_RS05135,SYNPCC7002_RS14460,0.0792126886427884
SYNPCC7002_RS00650,SYNPCC7002_RS12745,0.0792080386178981
SYNPCC7002_RS04250,SYNPCC7002_RS09975,0.0792076460150448
SYNPCC7002_RS08390,SYNPCC7002_RS07230,0.079207011551369
SYNPCC7002_RS09260,SYNPCC7002_RS14000,0.0791854412556867
SYNPCC7002_RS10050,SYNPCC7002_RS01325,0.0791827254292144
SYNPCC7002_RS09320,SYNPCC7002_RS02275,0.0791781360487958
SYNPCC7002_RS08210,SYNPCC7002_RS11290,0.0791773199017705
SYNPCC7002_RS04250,SYNPCC7002_RS10680,0.0791712172505611
SYNPCC7002_RS08390,SYNPCC7002_RS13730,0.0791695238937863
SYNPCC7002_RS15255,SYNPCC7002_RS01540,0.0791687236010536
SYNPCC7002_RS06540,SYNPCC7002_RS04325,0.0791496089415962
SYNPCC7002_RS09995,SYNPCC7002_RS09325,0.0791495483101776
SYNPCC7002_RS08390,SYNPCC7002_RS14670,0.0791469352066235
SYNPCC7002_RS04250,SYNPCC7002_RS01185,0.0791248458419933
SYNPCC7002_RS04780,SYNPCC7002_RS02800,0.0791130064706656
SYNPCC7002_RS06540,SYNPCC7002_RS12390,0.0791090065084775
SYNPCC7002_RS08965,SYNPCC7002_RS04440,0.0790981047053623
SYNPCC7002_RS10050,SYNPCC7002_RS08870,0.0790956558823349
SYNPCC7002_RS03760,SYNPCC7002_RS06275,0.0790938528371373
SYNPCC7002_RS08255,SYNPCC7002_RS09495,0.0790775580956928
SYNPCC7002_RS01335,SYNPCC7002_RS06005,0.0790717223506521
SYNPCC7002_RS12090,SYNPCC7002_RS00190,0.0790649132653747
SYNPCC7002_RS12395,SYNPCC7002_RS00340,0.079060986587964
SYNPCC7002_RS05460,SYNPCC7002_RS14865,0.0790599083980107
SYNPCC7002_RS04780,SYNPCC7002_RS01620,0.0790490279699905
SYNPCC7002_RS08175,SYNPCC7002_RS02460,0.0790452123881202
SYNPCC7002_RS09995,SYNPCC7002_RS11400,0.0790435236995341
SYNPCC7002_RS05135,SYNPCC7002_RS04840,0.0790365819177727
SYNPCC7002_RS09995,SYNPCC7002_RS03850,0.0790348709595947
SYNPCC7002_RS07385,SYNPCC7002_RS16350,0.0790330680086015
SYNPCC7002_RS08390,SYNPCC7002_RS03775,0.0790301242209575
SYNPCC7002_RS02715,SYNPCC7002_RS15485,0.0790182092648418
SYNPCC7002_RS08210,SYNPCC7002_RS12030,0.0790177553642605
SYNPCC7002_RS15520,SYNPCC7002_RS01880,0.0790147520015004
SYNPCC7002_RS00010,SYNPCC7002_RS03625,0.0790131394491092
SYNPCC7002_RS12395,SYNPCC7002_RS14300,0.0790114662235323
SYNPCC7002_RS07295,SYNPCC7002_RS07405,0.0790100242835631
SYNPCC7002_RS06540,SYNPCC7002_RS07030,0.079008465359353
SYNPCC7002_RS02455,SYNPCC7002_RS08560,0.0789887847017343
SYNPCC7002_RS00690,SYNPCC7002_RS12915,0.0789883385330882
SYNPCC7002_RS01800,SYNPCC7002_RS03310,0.0789837430738287
SYNPCC7002_RS12515,SYNPCC7002_RS09300,0.0789794525733711
SYNPCC7002_RS16320,SYNPCC7002_RS07190,0.0789794487410377
SYNPCC7002_RS07385,SYNPCC7002_RS10380,0.0789717219986107
SYNPCC7002_RS08965,SYNPCC7002_RS11410,0.0789697540443568
SYNPCC7002_RS08945,SYNPCC7002_RS03760,0.0789693985316664
SYNPCC7002_RS09630,SYNPCC7002_RS16040,0.0789692470415013
SYNPCC7002_RS03760,SYNPCC7002_RS14725,0.0789651371800651
SYNPCC7002_RS12395,SYNPCC7002_RS03390,0.0789632331582657
SYNPCC7002_RS10050,SYNPCC7002_RS08775,0.0789617498963186
SYNPCC7002_RS08390,SYNPCC7002_RS09225,0.0789614879429837
SYNPCC7002_RS10050,SYNPCC7002_RS09705,0.0789568154071655
SYNPCC7002_RS08390,SYNPCC7002_RS14890,0.0789551934130597
SYNPCC7002_RS07385,SYNPCC7002_RS13880,0.0789474771142538
SYNPCC7002_RS09845,SYNPCC7002_RS03870,0.0789470189070358
SYNPCC7002_RS04650,SYNPCC7002_RS05905,0.0789469939998326
SYNPCC7002_RS12395,SYNPCC7002_RS16635,0.0789318062114593
SYNPCC7002_RS04890,SYNPCC7002_RS03280,0.0789299592189409
SYNPCC7002_RS05135,SYNPCC7002_RS01930,0.078923304961706
SYNPCC7002_RS04890,SYNPCC7002_RS02790,0.0789223483386215
SYNPCC7002_RS15520,SYNPCC7002_RS11485,0.0789139954279807
SYNPCC7002_RS03030,SYNPCC7002_RS15450,0.0789123796087591
SYNPCC7002_RS09820,SYNPCC7002_RS16990,0.0788882455840773
SYNPCC7002_RS15520,SYNPCC7002_RS11735,0.078884542028752
SYNPCC7002_RS01335,SYNPCC7002_RS04910,0.0788842649783007
SYNPCC7002_RS00640,SYNPCC7002_RS00750,0.0788840542564914
SYNPCC7002_RS04890,SYNPCC7002_RS04950,0.0788825581441549
SYNPCC7002_RS12395,SYNPCC7002_RS06590,0.0788802908450842
SYNPCC7002_RS09780,SYNPCC7002_RS16595,0.0788703741874988
SYNPCC7002_RS06150,SYNPCC7002_RS15850,0.0788677697539047
SYNPCC7002_RS08965,SYNPCC7002_RS07540,0.0788653567492128
SYNPCC7002_RS15255,SYNPCC7002_RS11475,0.0788620764849634
SYNPCC7002_RS03760,SYNPCC7002_RS13015,0.0788617086032227
SYNPCC7002_RS06540,SYNPCC7002_RS13280,0.0788412611377095
SYNPCC7002_RS04650,SYNPCC7002_RS08840,0.0788348491617525
SYNPCC7002_RS16320,SYNPCC7002_RS14035,0.0788325047597524
SYNPCC7002_RS01800,SYNPCC7002_RS05695,0.0788303008007214
SYNPCC7002_RS14790,SYNPCC7002_RS14635,0.0788270505402976
SYNPCC7002_RS09820,SYNPCC7002_RS02710,0.0788230538284521
SYNPCC7002_RS08965,SYNPCC7002_RS02525,0.0788206866539953
SYNPCC7002_RS09260,SYNPCC7002_RS12980,0.0788183884452268
SYNPCC7002_RS12090,SYNPCC7002_RS05555,0.0788106414747897
SYNPCC7002_RS11400,SYNPCC7002_RS00115,0.0788046034494897
SYNPCC7002_RS08945,SYNPCC7002_RS08400,0.0788042472585845
SYNPCC7002_RS03030,SYNPCC7002_RS11680,0.0787985550001118
SYNPCC7002_RS09320,SYNPCC7002_RS00120,0.0787981514589087
SYNPCC7002_RS11685,SYNPCC7002_RS10735,0.0787966409209045
SYNPCC7002_RS15995,SYNPCC7002_RS08035,0.0787900345517989
SYNPCC7002_RS08945,SYNPCC7002_RS13955,0.0787894521429636
SYNPCC7002_RS10050,SYNPCC7002_RS11000,0.0787812294755092
SYNPCC7002_RS08210,SYNPCC7002_RS00845,0.0787807884038083
SYNPCC7002_RS10050,SYNPCC7002_RS13820,0.0787792514717799
SYNPCC7002_RS06005,SYNPCC7002_RS07175,0.0787778450716795
SYNPCC7002_RS01420,SYNPCC7002_RS11530,0.0787774161487012
SYNPCC7002_RS15255,SYNPCC7002_RS04180,0.0787644852098162
SYNPCC7002_RS08965,SYNPCC7002_RS13470,0.0787429833142371
SYNPCC7002_RS04250,SYNPCC7002_RS02795,0.0787422909829877
SYNPCC7002_RS08255,SYNPCC7002_RS02910,0.078739529153405
SYNPCC7002_RS05460,SYNPCC7002_RS15555,0.0787375264456645
SYNPCC7002_RS09820,SYNPCC7002_RS01240,0.078725328786485
SYNPCC7002_RS05135,SYNPCC7002_RS10985,0.0787230806777914
SYNPCC7002_RS08965,SYNPCC7002_RS03485,0.0787211388815983
SYNPCC7002_RS01420,SYNPCC7002_RS09910,0.078715346413068
SYNPCC7002_RS15255,SYNPCC7002_RS07130,0.0787113448376373
SYNPCC7002_RS04680,SYNPCC7002_RS09240,0.0787049644701394
SYNPCC7002_RS01335,SYNPCC7002_RS14895,0.0786975252171504
SYNPCC7002_RS08965,SYNPCC7002_RS10505,0.0786972774087112
SYNPCC7002_RS03030,SYNPCC7002_RS01225,0.0786913499883921
SYNPCC7002_RS14440,SYNPCC7002_RS14390,0.0786832005676525
SYNPCC7002_RS07385,SYNPCC7002_RS02640,0.0786803595122222
SYNPCC7002_RS08965,SYNPCC7002_RS10485,0.0786778468507329
SYNPCC7002_RS01800,SYNPCC7002_RS04235,0.0786775664455352
SYNPCC7002_RS08210,SYNPCC7002_RS15445,0.0786771707801431
SYNPCC7002_RS04890,SYNPCC7002_RS07570,0.0786737906370482
SYNPCC7002_RS03030,SYNPCC7002_RS08255,0.0786666676227984
SYNPCC7002_RS05135,SYNPCC7002_RS04245,0.0786594847435126
SYNPCC7002_RS16320,SYNPCC7002_RS15845,0.0786585566936264
SYNPCC7002_RS06540,SYNPCC7002_RS07010,0.0786522980964264
SYNPCC7002_RS05460,SYNPCC7002_RS02510,0.0786478059889359
SYNPCC7002_RS09820,SYNPCC7002_RS05620,0.0786251637230403
SYNPCC7002_RS03030,SYNPCC7002_RS11665,0.0786193382127232
SYNPCC7002_RS11685,SYNPCC7002_RS00345,0.0786039640492876
SYNPCC7002_RS12515,SYNPCC7002_RS03195,0.0786014066162537
SYNPCC7002_RS08390,SYNPCC7002_RS06655,0.0785948114786129
SYNPCC7002_RS03295,SYNPCC7002_RS15070,0.0785903810566328
SYNPCC7002_RS15720,SYNPCC7002_RS16290,0.0785900177002194
SYNPCC7002_RS12395,SYNPCC7002_RS11100,0.0785875368177486
SYNPCC7002_RS06150,SYNPCC7002_RS15760,0.0785814615849028
SYNPCC7002_RS12105,SYNPCC7002_RS00660,0.078575673212901
SYNPCC7002_RS01335,SYNPCC7002_RS07020,0.0785692178943129
SYNPCC7002_RS15520,SYNPCC7002_RS05630,0.0785684312181083
SYNPCC7002_RS05460,SYNPCC7002_RS14400,0.0785653692896267
SYNPCC7002_RS03950,SYNPCC7002_RS14330,0.078563560474532
SYNPCC7002_RS07385,SYNPCC7002_RS09265,0.078554702160345
SYNPCC7002_RS08945,SYNPCC7002_RS02220,0.0785541896925661
SYNPCC7002_RS03030,SYNPCC7002_RS01295,0.078554009930945
SYNPCC7002_RS15520,SYNPCC7002_RS04575,0.0785489636193321
SYNPCC7002_RS11685,SYNPCC7002_RS08315,0.0785482468604279
SYNPCC7002_RS12515,SYNPCC7002_RS14310,0.0785441890690314
SYNPCC7002_RS05985,SYNPCC7002_RS00360,0.0785441141076981
SYNPCC7002_RS04250,SYNPCC7002_RS09275,0.0785438300221014
SYNPCC7002_RS15410,SYNPCC7002_RS06305,0.0785408373751925
SYNPCC7002_RS04650,SYNPCC7002_RS12910,0.0785405907196832
SYNPCC7002_RS08175,SYNPCC7002_RS12035,0.0785381868772389
SYNPCC7002_RS08965,SYNPCC7002_RS07975,0.0785349153618103
SYNPCC7002_RS08210,SYNPCC7002_RS16190,0.0785318416862197
SYNPCC7002_RS15680,SYNPCC7002_RS06610,0.0785312960665348
SYNPCC7002_RS08210,SYNPCC7002_RS08335,0.0785312566026925
SYNPCC7002_RS09820,SYNPCC7002_RS12995,0.0785292369623098
SYNPCC7002_RS05135,SYNPCC7002_RS04370,0.0785226068829263
SYNPCC7002_RS09420,SYNPCC7002_RS14325,0.0785194008927608
SYNPCC7002_RS09820,SYNPCC7002_RS13350,0.0785185547154408
SYNPCC7002_RS10050,SYNPCC7002_RS00615,0.0785112856822779
SYNPCC7002_RS02455,SYNPCC7002_RS01340,0.0785039779523313
SYNPCC7002_RS09820,SYNPCC7002_RS15180,0.0785028600323329
SYNPCC7002_RS09195,SYNPCC7002_RS10930,0.0785027088890853
SYNPCC7002_RS08965,SYNPCC7002_RS14045,0.0785012677296904
SYNPCC7002_RS01085,SYNPCC7002_RS05870,0.0784951027752208
SYNPCC7002_RS04250,SYNPCC7002_RS04085,0.0784774042279965
SYNPCC7002_RS03030,SYNPCC7002_RS03045,0.0784749015831156
SYNPCC7002_RS08175,SYNPCC7002_RS08430,0.0784709275953698
SYNPCC7002_RS02715,SYNPCC7002_RS04315,0.0784702749029398
SYNPCC7002_RS07295,SYNPCC7002_RS05335,0.078469449775477
SYNPCC7002_RS09630,SYNPCC7002_RS11375,0.0784555503784487
SYNPCC7002_RS04780,SYNPCC7002_RS08525,0.0784532443063387
SYNPCC7002_RS11400,SYNPCC7002_RS02485,0.0784407563349349
SYNPCC7002_RS01800,SYNPCC7002_RS01545,0.0784399900278872
SYNPCC7002_RS01085,SYNPCC7002_RS10005,0.0784393316846087
SYNPCC7002_RS01335,SYNPCC7002_RS00375,0.0784338558579939
SYNPCC7002_RS12395,SYNPCC7002_RS12405,0.0784330812245671
SYNPCC7002_RS12395,SYNPCC7002_RS14255,0.0784330627497908
SYNPCC7002_RS12395,SYNPCC7002_RS04020,0.0784253598830044
SYNPCC7002_RS10050,SYNPCC7002_RS03370,0.078425235647645
SYNPCC7002_RS01800,SYNPCC7002_RS12035,0.0784231139930894
SYNPCC7002_RS04250,SYNPCC7002_RS15985,0.0784211340071641
SYNPCC7002_RS05135,SYNPCC7002_RS15000,0.0784178535337241
SYNPCC7002_RS02455,SYNPCC7002_RS12390,0.0784178459928261
SYNPCC7002_RS12515,SYNPCC7002_RS15905,0.0784172168999294
SYNPCC7002_RS09175,SYNPCC7002_RS07720,0.0784151383082251
SYNPCC7002_RS01335,SYNPCC7002_RS05415,0.078405425192513
SYNPCC7002_RS11685,SYNPCC7002_RS04620,0.0784035377389584
SYNPCC7002_RS00010,SYNPCC7002_RS00570,0.078399221037723
SYNPCC7002_RS02715,SYNPCC7002_RS09410,0.0783980321597534
SYNPCC7002_RS04680,SYNPCC7002_RS08120,0.0783847958596578
SYNPCC7002_RS07385,SYNPCC7002_RS08640,0.0783835713694746
SYNPCC7002_RS03030,SYNPCC7002_RS08290,0.0783804158019885
SYNPCC7002_RS04250,SYNPCC7002_RS10705,0.0783800882736851
SYNPCC7002_RS04650,SYNPCC7002_RS11190,0.0783780510709491
SYNPCC7002_RS02715,SYNPCC7002_RS14505,0.078377742195056
SYNPCC7002_RS15255,SYNPCC7002_RS10560,0.0783774576224519
SYNPCC7002_RS00640,SYNPCC7002_RS02305,0.0783766043805818
SYNPCC7002_RS11685,SYNPCC7002_RS04535,0.0783723247847115
SYNPCC7002_RS08255,SYNPCC7002_RS05930,0.0783678199949116
SYNPCC7002_RS12395,SYNPCC7002_RS09380,0.078348090039574
SYNPCC7002_RS07385,SYNPCC7002_RS09210,0.0783469319851853
SYNPCC7002_RS09995,SYNPCC7002_RS01295,0.0783423950115408
SYNPCC7002_RS04250,SYNPCC7002_RS05410,0.0783411212899518
SYNPCC7002_RS05135,SYNPCC7002_RS05115,0.0783281577957399
SYNPCC7002_RS15520,SYNPCC7002_RS09595,0.078326392628356
SYNPCC7002_RS01800,SYNPCC7002_RS00485,0.0783250150205238
SYNPCC7002_RS15410,SYNPCC7002_RS09850,0.0783202334127595
SYNPCC7002_RS01085,SYNPCC7002_RS05915,0.0783199948073611
SYNPCC7002_RS09175,SYNPCC7002_RS08870,0.0783144836238819
SYNPCC7002_RS08210,SYNPCC7002_RS01080,0.078300909580854
SYNPCC7002_RS06540,SYNPCC7002_RS11480,0.0782976107389907
SYNPCC7002_RS09320,SYNPCC7002_RS03565,0.0782921061082073
SYNPCC7002_RS10145,SYNPCC7002_RS15855,0.078289105300296
SYNPCC7002_RS04250,SYNPCC7002_RS14295,0.0782885647001386
SYNPCC7002_RS10050,SYNPCC7002_RS11730,0.0782788470352321
SYNPCC7002_RS02715,SYNPCC7002_RS04940,0.0782720517499463
SYNPCC7002_RS09820,SYNPCC7002_RS03080,0.0782661511587403
SYNPCC7002_RS08945,SYNPCC7002_RS02955,0.0782616199403401
SYNPCC7002_RS08255,SYNPCC7002_RS02105,0.0782614544776617
SYNPCC7002_RS04780,SYNPCC7002_RS00210,0.0782610272803484
SYNPCC7002_RS01335,SYNPCC7002_RS13265,0.0782607819729591
SYNPCC7002_RS09780,SYNPCC7002_RS15260,0.0782604715762239
SYNPCC7002_RS08965,SYNPCC7002_RS11280,0.0782596102216674
SYNPCC7002_RS03030,SYNPCC7002_RS14125,0.0782595954649741
SYNPCC7002_RS02715,SYNPCC7002_RS15795,0.0782517859784499
SYNPCC7002_RS03950,SYNPCC7002_RS02185,0.0782367049970518
SYNPCC7002_RS00050,SYNPCC7002_RS13815,0.0782132533483398
SYNPCC7002_RS04780,SYNPCC7002_RS11710,0.0782068779076229
SYNPCC7002_RS08390,SYNPCC7002_RS08085,0.0782048274833377
SYNPCC7002_RS09820,SYNPCC7002_RS02815,0.0782044356182277
SYNPCC7002_RS00260,SYNPCC7002_RS09465,0.0781997250866932
SYNPCC7002_RS09780,SYNPCC7002_RS04805,0.078190980846594
SYNPCC7002_RS03295,SYNPCC7002_RS08715,0.0781864772219321
SYNPCC7002_RS05985,SYNPCC7002_RS04875,0.0781856992298748
SYNPCC7002_RS14440,SYNPCC7002_RS09420,0.0781758312750594
SYNPCC7002_RS16320,SYNPCC7002_RS02775,0.0781724734497591
SYNPCC7002_RS00640,SYNPCC7002_RS03650,0.0781723111018618
SYNPCC7002_RS12395,SYNPCC7002_RS04610,0.0781644830289034
SYNPCC7002_RS04780,SYNPCC7002_RS13335,0.078163230376846
SYNPCC7002_RS15520,SYNPCC7002_RS07315,0.0781609314068617
SYNPCC7002_RS03295,SYNPCC7002_RS11870,0.0781475619735901
SYNPCC7002_RS08945,SYNPCC7002_RS13100,0.0781446683896639
SYNPCC7002_RS00260,SYNPCC7002_RS12085,0.0781399163920088
SYNPCC7002_RS08390,SYNPCC7002_RS01800,0.0781388989329076
SYNPCC7002_RS10050,SYNPCC7002_RS13065,0.0781296255708896
SYNPCC7002_RS06150,SYNPCC7002_RS14965,0.078127483795281
SYNPCC7002_RS04890,SYNPCC7002_RS06025,0.0781255492141055
SYNPCC7002_RS10050,SYNPCC7002_RS01745,0.0781243195462055
SYNPCC7002_RS09320,SYNPCC7002_RS09040,0.0781219528761613
SYNPCC7002_RS02455,SYNPCC7002_RS15815,0.0781209853346027
