regulatoryGene,targetGene,weight
SYNPCC7002_RS00850,SYNPCC7002_RS00855,0.149150918235432
SYNPCC7002_RS00850,SYNPCC7002_RS00865,0.140066874264577
SYNPCC7002_RS02715,SYNPCC7002_RS06190,0.135307036049865
SYNPCC7002_RS00850,SYNPCC7002_RS12365,0.134368482756034
SYNPCC7002_RS16320,SYNPCC7002_RS15605,0.133837333157716
SYNPCC7002_RS00850,SYNPCC7002_RS00860,0.133489512954007
SYNPCC7002_RS00850,SYNPCC7002_RS12370,0.132119142989337
SYNPCC7002_RS06150,SYNPCC7002_RS04675,0.131189165615284
SYNPCC7002_RS05135,SYNPCC7002_RS05310,0.130833845996542
SYNPCC7002_RS04890,SYNPCC7002_RS03540,0.130632013302548
SYNPCC7002_RS06150,SYNPCC7002_RS05455,0.129986739976762
SYNPCC7002_RS00850,SYNPCC7002_RS02330,0.129986613992497
SYNPCC7002_RS14385,SYNPCC7002_RS14440,0.129698191701823
SYNPCC7002_RS15255,SYNPCC7002_RS15680,0.12836580115527
SYNPCC7002_RS15720,SYNPCC7002_RS15605,0.128284523220874
SYNPCC7002_RS06150,SYNPCC7002_RS00970,0.128187634049353
SYNPCC7002_RS09630,SYNPCC7002_RS07915,0.127377246438313
SYNPCC7002_RS09630,SYNPCC7002_RS10545,0.126873042558363
SYNPCC7002_RS09630,SYNPCC7002_RS10630,0.126642002445235
SYNPCC7002_RS03950,SYNPCC7002_RS15120,0.125760515184273
SYNPCC7002_RS15255,SYNPCC7002_RS15325,0.125705272552025
SYNPCC7002_RS01800,SYNPCC7002_RS05330,0.125550314529723
SYNPCC7002_RS02715,SYNPCC7002_RS03745,0.124603148375197
SYNPCC7002_RS09630,SYNPCC7002_RS01305,0.124351651387808
SYNPCC7002_RS15520,SYNPCC7002_RS08460,0.124301231864438
SYNPCC7002_RS00850,SYNPCC7002_RS00870,0.123937469922335
SYNPCC7002_RS05135,SYNPCC7002_RS16355,0.123691596985194
SYNPCC7002_RS05135,SYNPCC7002_RS14115,0.122355352199142
SYNPCC7002_RS10050,SYNPCC7002_RS01040,0.122094768448873
SYNPCC7002_RS12395,SYNPCC7002_RS09880,0.121984036944479
SYNPCC7002_RS08965,SYNPCC7002_RS00120,0.121378045935671
SYNPCC7002_RS02715,SYNPCC7002_RS14845,0.121212859169415
SYNPCC7002_RS05135,SYNPCC7002_RS11730,0.120579660106169
SYNPCC7002_RS14385,SYNPCC7002_RS14390,0.120540800051962
SYNPCC7002_RS05135,SYNPCC7002_RS13615,0.120381806997137
SYNPCC7002_RS12395,SYNPCC7002_RS11235,0.120117830485048
SYNPCC7002_RS06540,SYNPCC7002_RS15950,0.120015310351204
SYNPCC7002_RS15680,SYNPCC7002_RS15315,0.119914186450702
SYNPCC7002_RS14440,SYNPCC7002_RS14455,0.119691014594463
SYNPCC7002_RS09630,SYNPCC7002_RS12865,0.119589114231922
SYNPCC7002_RS14440,SYNPCC7002_RS14385,0.119563405609467
SYNPCC7002_RS09820,SYNPCC7002_RS05660,0.118744970202567
SYNPCC7002_RS14385,SYNPCC7002_RS14315,0.118666842810646
SYNPCC7002_RS04680,SYNPCC7002_RS01815,0.118544360085683
SYNPCC7002_RS06150,SYNPCC7002_RS13385,0.118092885584552
SYNPCC7002_RS02715,SYNPCC7002_RS04265,0.118079630828679
SYNPCC7002_RS02455,SYNPCC7002_RS11675,0.118070181589333
SYNPCC7002_RS05135,SYNPCC7002_RS07725,0.117819119696732
SYNPCC7002_RS00850,SYNPCC7002_RS02335,0.117797022078793
SYNPCC7002_RS05135,SYNPCC7002_RS04475,0.117789240082465
SYNPCC7002_RS15720,SYNPCC7002_RS15610,0.117651879556893
SYNPCC7002_RS05135,SYNPCC7002_RS05285,0.117363437130516
SYNPCC7002_RS08390,SYNPCC7002_RS04815,0.11732957832874
SYNPCC7002_RS05460,SYNPCC7002_RS16835,0.117320391624724
SYNPCC7002_RS10050,SYNPCC7002_RS14545,0.117288065602793
SYNPCC7002_RS05135,SYNPCC7002_RS03670,0.117285982280675
SYNPCC7002_RS12395,SYNPCC7002_RS03230,0.117189163912965
SYNPCC7002_RS10050,SYNPCC7002_RS07595,0.116945619702244
SYNPCC7002_RS05135,SYNPCC7002_RS09130,0.116895442213474
SYNPCC7002_RS09630,SYNPCC7002_RS13850,0.116875771021474
SYNPCC7002_RS05135,SYNPCC7002_RS05130,0.116839395572671
SYNPCC7002_RS05135,SYNPCC7002_RS04845,0.116835477026566
SYNPCC7002_RS09780,SYNPCC7002_RS04090,0.116627491871046
SYNPCC7002_RS05135,SYNPCC7002_RS06580,0.116479367006859
SYNPCC7002_RS06165,SYNPCC7002_RS00740,0.116402520528218
SYNPCC7002_RS05135,SYNPCC7002_RS10980,0.116308576538913
SYNPCC7002_RS14385,SYNPCC7002_RS14395,0.116068550444527
SYNPCC7002_RS04680,SYNPCC7002_RS14695,0.116059136721671
SYNPCC7002_RS12395,SYNPCC7002_RS09560,0.115976944062158
SYNPCC7002_RS05135,SYNPCC7002_RS03275,0.115957619391583
SYNPCC7002_RS00850,SYNPCC7002_RS02345,0.115751328375082
SYNPCC7002_RS14385,SYNPCC7002_RS14325,0.115741712261196
SYNPCC7002_RS05135,SYNPCC7002_RS04120,0.11565581255284
SYNPCC7002_RS09630,SYNPCC7002_RS04430,0.115621883475089
SYNPCC7002_RS08390,SYNPCC7002_RS15955,0.115620144699361
SYNPCC7002_RS06150,SYNPCC7002_RS13145,0.115606458732644
SYNPCC7002_RS04650,SYNPCC7002_RS04855,0.115342065676785
SYNPCC7002_RS04780,SYNPCC7002_RS07455,0.115241568737175
SYNPCC7002_RS05135,SYNPCC7002_RS04065,0.115215580279192
SYNPCC7002_RS04680,SYNPCC7002_RS07150,0.115146207154624
SYNPCC7002_RS05135,SYNPCC7002_RS05305,0.115141555067929
SYNPCC7002_RS05985,SYNPCC7002_RS12105,0.115090751345833
SYNPCC7002_RS05135,SYNPCC7002_RS09655,0.115033188996363
SYNPCC7002_RS04780,SYNPCC7002_RS08200,0.114939405417235
SYNPCC7002_RS15030,SYNPCC7002_RS15035,0.114932644042047
SYNPCC7002_RS10050,SYNPCC7002_RS07470,0.114882383003565
SYNPCC7002_RS06150,SYNPCC7002_RS12195,0.114793724051062
SYNPCC7002_RS15680,SYNPCC7002_RS05675,0.114791671038982
SYNPCC7002_RS05135,SYNPCC7002_RS05140,0.114783392362175
SYNPCC7002_RS05460,SYNPCC7002_RS15440,0.11454020318922
SYNPCC7002_RS05135,SYNPCC7002_RS05280,0.114427292211142
SYNPCC7002_RS06150,SYNPCC7002_RS15765,0.114298553913813
SYNPCC7002_RS06150,SYNPCC7002_RS09240,0.114276863625973
SYNPCC7002_RS04650,SYNPCC7002_RS01510,0.114217395532055
SYNPCC7002_RS15680,SYNPCC7002_RS03140,0.113890204495238
SYNPCC7002_RS05985,SYNPCC7002_RS11160,0.113884249185045
SYNPCC7002_RS01800,SYNPCC7002_RS12885,0.113664511444985
SYNPCC7002_RS16320,SYNPCC7002_RS16755,0.113637658783945
SYNPCC7002_RS09820,SYNPCC7002_RS06665,0.113603185482824
SYNPCC7002_RS14385,SYNPCC7002_RS14320,0.113555750738235
SYNPCC7002_RS16320,SYNPCC7002_RS06460,0.113384497865875
SYNPCC7002_RS03295,SYNPCC7002_RS10200,0.113343284782186
SYNPCC7002_RS15680,SYNPCC7002_RS14640,0.113323457088352
SYNPCC7002_RS15680,SYNPCC7002_RS02035,0.113321085059815
SYNPCC7002_RS10050,SYNPCC7002_RS07490,0.113269094612575
SYNPCC7002_RS01800,SYNPCC7002_RS15965,0.113245432295692
SYNPCC7002_RS02715,SYNPCC7002_RS05255,0.113201884489703
SYNPCC7002_RS04780,SYNPCC7002_RS06895,0.113146020872027
SYNPCC7002_RS05135,SYNPCC7002_RS17035,0.1130215664359
SYNPCC7002_RS08255,SYNPCC7002_RS06450,0.112927359694714
SYNPCC7002_RS04650,SYNPCC7002_RS01865,0.112756979826744
SYNPCC7002_RS03030,SYNPCC7002_RS11305,0.112682150063977
SYNPCC7002_RS15680,SYNPCC7002_RS05070,0.112620018187985
SYNPCC7002_RS05460,SYNPCC7002_RS08720,0.112463719833194
SYNPCC7002_RS10050,SYNPCC7002_RS04315,0.112445029406708
SYNPCC7002_RS04650,SYNPCC7002_RS05595,0.112338540636637
SYNPCC7002_RS05985,SYNPCC7002_RS15260,0.11233035779839
SYNPCC7002_RS01335,SYNPCC7002_RS03500,0.112138576370241
SYNPCC7002_RS09630,SYNPCC7002_RS00085,0.112106848939404
SYNPCC7002_RS02715,SYNPCC7002_RS14865,0.112056170762537
SYNPCC7002_RS08945,SYNPCC7002_RS14920,0.112025841684351
SYNPCC7002_RS08390,SYNPCC7002_RS09820,0.111954386264266
SYNPCC7002_RS09630,SYNPCC7002_RS05455,0.111874286456828
SYNPCC7002_RS03950,SYNPCC7002_RS15440,0.111791188345587
SYNPCC7002_RS05460,SYNPCC7002_RS16575,0.111757356179561
SYNPCC7002_RS09820,SYNPCC7002_RS05165,0.111662009279175
SYNPCC7002_RS14440,SYNPCC7002_RS14335,0.111642322430883
SYNPCC7002_RS05985,SYNPCC7002_RS00525,0.111588973359792
SYNPCC7002_RS05135,SYNPCC7002_RS05295,0.11148020196846
SYNPCC7002_RS05135,SYNPCC7002_RS03740,0.111418486653609
SYNPCC7002_RS02455,SYNPCC7002_RS02325,0.111378514497901
SYNPCC7002_RS04250,SYNPCC7002_RS07085,0.111347785839238
SYNPCC7002_RS16320,SYNPCC7002_RS15890,0.111131374847896
SYNPCC7002_RS15720,SYNPCC7002_RS15330,0.111030610050815
SYNPCC7002_RS05135,SYNPCC7002_RS03680,0.111023331091547
SYNPCC7002_RS14440,SYNPCC7002_RS14365,0.111018350522593
SYNPCC7002_RS12395,SYNPCC7002_RS05195,0.110944097573167
SYNPCC7002_RS06150,SYNPCC7002_RS11435,0.110913528801911
SYNPCC7002_RS14440,SYNPCC7002_RS14395,0.110904115262465
SYNPCC7002_RS04890,SYNPCC7002_RS09875,0.110854297380655
SYNPCC7002_RS04780,SYNPCC7002_RS06055,0.110846152117134
SYNPCC7002_RS04680,SYNPCC7002_RS13325,0.110801646667781
SYNPCC7002_RS00650,SYNPCC7002_RS13575,0.110769010079273
SYNPCC7002_RS14790,SYNPCC7002_RS01635,0.110664408106183
SYNPCC7002_RS00650,SYNPCC7002_RS01500,0.110561192807992
SYNPCC7002_RS14385,SYNPCC7002_RS14380,0.11051143639526
SYNPCC7002_RS10050,SYNPCC7002_RS11360,0.110510549962499
SYNPCC7002_RS04650,SYNPCC7002_RS00185,0.110497302266841
SYNPCC7002_RS05985,SYNPCC7002_RS05410,0.110494687527769
SYNPCC7002_RS04250,SYNPCC7002_RS13955,0.110451016891729
SYNPCC7002_RS10050,SYNPCC7002_RS07775,0.110449925092289
SYNPCC7002_RS05135,SYNPCC7002_RS07770,0.11043986994068
SYNPCC7002_RS05135,SYNPCC7002_RS12190,0.110395081953137
SYNPCC7002_RS12395,SYNPCC7002_RS10275,0.110376959808564
SYNPCC7002_RS03295,SYNPCC7002_RS08760,0.110305346862196
SYNPCC7002_RS05985,SYNPCC7002_RS04525,0.110262286437263
SYNPCC7002_RS09630,SYNPCC7002_RS11560,0.11015772377295
SYNPCC7002_RS04650,SYNPCC7002_RS10870,0.110145766759736
SYNPCC7002_RS06540,SYNPCC7002_RS01345,0.110045333709764
SYNPCC7002_RS10050,SYNPCC7002_RS12555,0.109940485973998
SYNPCC7002_RS08255,SYNPCC7002_RS16615,0.109935576645625
SYNPCC7002_RS03295,SYNPCC7002_RS14350,0.109916270388657
SYNPCC7002_RS09780,SYNPCC7002_RS01830,0.109902681788224
SYNPCC7002_RS03295,SYNPCC7002_RS03610,0.109778848665127
SYNPCC7002_RS02715,SYNPCC7002_RS16575,0.109588888166237
SYNPCC7002_RS05460,SYNPCC7002_RS14630,0.109563885316765
SYNPCC7002_RS09630,SYNPCC7002_RS10480,0.109548066404637
SYNPCC7002_RS05135,SYNPCC7002_RS09425,0.109526913825832
SYNPCC7002_RS05135,SYNPCC7002_RS04565,0.109478353608797
SYNPCC7002_RS05985,SYNPCC7002_RS10105,0.109346989559504
SYNPCC7002_RS14440,SYNPCC7002_RS14420,0.109334904733056
SYNPCC7002_RS15680,SYNPCC7002_RS04135,0.109186956249075
SYNPCC7002_RS09175,SYNPCC7002_RS14665,0.109166831874558
SYNPCC7002_RS09630,SYNPCC7002_RS00695,0.109165924662199
SYNPCC7002_RS01335,SYNPCC7002_RS10085,0.109007926564488
SYNPCC7002_RS10050,SYNPCC7002_RS14400,0.109000530906557
SYNPCC7002_RS05985,SYNPCC7002_RS11925,0.108960741424002
SYNPCC7002_RS10050,SYNPCC7002_RS07680,0.108919107509504
SYNPCC7002_RS08390,SYNPCC7002_RS08750,0.108877801727286
SYNPCC7002_RS12395,SYNPCC7002_RS16735,0.10887382090449
SYNPCC7002_RS15680,SYNPCC7002_RS15010,0.108792900450409
SYNPCC7002_RS15680,SYNPCC7002_RS16655,0.108761355776257
SYNPCC7002_RS08390,SYNPCC7002_RS05915,0.108617719620941
SYNPCC7002_RS04650,SYNPCC7002_RS00040,0.108600979561399
SYNPCC7002_RS15680,SYNPCC7002_RS14650,0.108582253080716
SYNPCC7002_RS15520,SYNPCC7002_RS03260,0.108576565675288
SYNPCC7002_RS11685,SYNPCC7002_RS06285,0.108544527261137
SYNPCC7002_RS05135,SYNPCC7002_RS05250,0.108541949825498
SYNPCC7002_RS06150,SYNPCC7002_RS11720,0.108521145151362
SYNPCC7002_RS15030,SYNPCC7002_RS14980,0.108507931188513
SYNPCC7002_RS14440,SYNPCC7002_RS14320,0.108366371976965
SYNPCC7002_RS15720,SYNPCC7002_RS15315,0.108320438950219
SYNPCC7002_RS02715,SYNPCC7002_RS13750,0.108190054413326
SYNPCC7002_RS05135,SYNPCC7002_RS03425,0.108119465548457
SYNPCC7002_RS05135,SYNPCC7002_RS04890,0.108054743178124
SYNPCC7002_RS04680,SYNPCC7002_RS15925,0.108015673261312
SYNPCC7002_RS04650,SYNPCC7002_RS02635,0.108007761233826
SYNPCC7002_RS03295,SYNPCC7002_RS08765,0.107957621683229
SYNPCC7002_RS11400,SYNPCC7002_RS09230,0.107940500703236
SYNPCC7002_RS01335,SYNPCC7002_RS02325,0.107851863725308
SYNPCC7002_RS05135,SYNPCC7002_RS05240,0.10784679782097
SYNPCC7002_RS15680,SYNPCC7002_RS17045,0.107788074446114
SYNPCC7002_RS08965,SYNPCC7002_RS12260,0.107777275390688
SYNPCC7002_RS05135,SYNPCC7002_RS06175,0.107765206333457
SYNPCC7002_RS14440,SYNPCC7002_RS16310,0.10776177691554
SYNPCC7002_RS06005,SYNPCC7002_RS16780,0.107752807467363
SYNPCC7002_RS05135,SYNPCC7002_RS11335,0.10774405524647
SYNPCC7002_RS10145,SYNPCC7002_RS14705,0.107741061815465
SYNPCC7002_RS05460,SYNPCC7002_RS11210,0.107705651470399
SYNPCC7002_RS05135,SYNPCC7002_RS07780,0.107696267820214
SYNPCC7002_RS05135,SYNPCC7002_RS12555,0.107667400231053
SYNPCC7002_RS03295,SYNPCC7002_RS05355,0.107647998733308
SYNPCC7002_RS05135,SYNPCC7002_RS01580,0.10764644430203
SYNPCC7002_RS12395,SYNPCC7002_RS08665,0.107596556615951
SYNPCC7002_RS16320,SYNPCC7002_RS15875,0.107588241147737
SYNPCC7002_RS10050,SYNPCC7002_RS16420,0.107550549383272
SYNPCC7002_RS05135,SYNPCC7002_RS01925,0.107535445328062
SYNPCC7002_RS05135,SYNPCC7002_RS02425,0.107509197648979
SYNPCC7002_RS04780,SYNPCC7002_RS13135,0.107469523029075
SYNPCC7002_RS04650,SYNPCC7002_RS02265,0.107446576704969
SYNPCC7002_RS00260,SYNPCC7002_RS05850,0.107366330703067
SYNPCC7002_RS09820,SYNPCC7002_RS11370,0.107325929715854
SYNPCC7002_RS01335,SYNPCC7002_RS12470,0.107302871576642
SYNPCC7002_RS02715,SYNPCC7002_RS15435,0.10727555018817
SYNPCC7002_RS14385,SYNPCC7002_RS14365,0.107265623737111
SYNPCC7002_RS01800,SYNPCC7002_RS11870,0.107196286697247
SYNPCC7002_RS12395,SYNPCC7002_RS16815,0.107089866662203
SYNPCC7002_RS15680,SYNPCC7002_RS05670,0.107044480329334
SYNPCC7002_RS05135,SYNPCC7002_RS13060,0.106988906078633
SYNPCC7002_RS03030,SYNPCC7002_RS13880,0.106953791817367
SYNPCC7002_RS03295,SYNPCC7002_RS01340,0.106937755780283
SYNPCC7002_RS01800,SYNPCC7002_RS02315,0.106929759388849
SYNPCC7002_RS04650,SYNPCC7002_RS02795,0.106924339283581
SYNPCC7002_RS03030,SYNPCC7002_RS01260,0.106820728012903
SYNPCC7002_RS08965,SYNPCC7002_RS06560,0.106792490728286
SYNPCC7002_RS05460,SYNPCC7002_RS16415,0.106778839962152
SYNPCC7002_RS05985,SYNPCC7002_RS12775,0.106778828148163
SYNPCC7002_RS06150,SYNPCC7002_RS06800,0.106774471208042
SYNPCC7002_RS04890,SYNPCC7002_RS09035,0.106760748063371
SYNPCC7002_RS06150,SYNPCC7002_RS10115,0.10675015821366
SYNPCC7002_RS09175,SYNPCC7002_RS14725,0.106735323696731
SYNPCC7002_RS05135,SYNPCC7002_RS03385,0.106698705737915
SYNPCC7002_RS10050,SYNPCC7002_RS07730,0.106696289877053
SYNPCC7002_RS09630,SYNPCC7002_RS09240,0.106685152440024
SYNPCC7002_RS03950,SYNPCC7002_RS16850,0.106635373509904
SYNPCC7002_RS10050,SYNPCC7002_RS07605,0.106628719218158
SYNPCC7002_RS04780,SYNPCC7002_RS01670,0.106615546772703
SYNPCC7002_RS12395,SYNPCC7002_RS08475,0.106572449385818
SYNPCC7002_RS10050,SYNPCC7002_RS02500,0.10652637404379
SYNPCC7002_RS04650,SYNPCC7002_RS01350,0.106515378470149
SYNPCC7002_RS14385,SYNPCC7002_RS14455,0.106474992921218
SYNPCC7002_RS14790,SYNPCC7002_RS05560,0.106438983861738
SYNPCC7002_RS01335,SYNPCC7002_RS09440,0.106422128537124
SYNPCC7002_RS15680,SYNPCC7002_RS05690,0.106415901059021
SYNPCC7002_RS01335,SYNPCC7002_RS11200,0.106407548141226
SYNPCC7002_RS04250,SYNPCC7002_RS01520,0.106395165617913
SYNPCC7002_RS16320,SYNPCC7002_RS15610,0.106378885964259
SYNPCC7002_RS05135,SYNPCC7002_RS12395,0.106371692294104
SYNPCC7002_RS09780,SYNPCC7002_RS17005,0.106366992552642
SYNPCC7002_RS08390,SYNPCC7002_RS14710,0.106306745606883
SYNPCC7002_RS04680,SYNPCC7002_RS08460,0.106268641783431
SYNPCC7002_RS04250,SYNPCC7002_RS09525,0.106263172566803
SYNPCC7002_RS02455,SYNPCC7002_RS03000,0.106204794869882
SYNPCC7002_RS12090,SYNPCC7002_RS12950,0.106159021619905
SYNPCC7002_RS10050,SYNPCC7002_RS10940,0.106152482717471
SYNPCC7002_RS05135,SYNPCC7002_RS05270,0.106152156272795
SYNPCC7002_RS16320,SYNPCC7002_RS06465,0.106140548232652
SYNPCC7002_RS05135,SYNPCC7002_RS01735,0.106135429303212
SYNPCC7002_RS04890,SYNPCC7002_RS08820,0.106060063039907
SYNPCC7002_RS06150,SYNPCC7002_RS04355,0.106058556906333
SYNPCC7002_RS07385,SYNPCC7002_RS07425,0.105955694578253
SYNPCC7002_RS05135,SYNPCC7002_RS05275,0.105938436527206
SYNPCC7002_RS12395,SYNPCC7002_RS12690,0.105897973413499
SYNPCC7002_RS01800,SYNPCC7002_RS02320,0.105886051246791
SYNPCC7002_RS02715,SYNPCC7002_RS14855,0.105729155401789
SYNPCC7002_RS15680,SYNPCC7002_RS15160,0.105720079072453
SYNPCC7002_RS06150,SYNPCC7002_RS08160,0.105661811626531
SYNPCC7002_RS05460,SYNPCC7002_RS11375,0.105658751614685
SYNPCC7002_RS05135,SYNPCC7002_RS05260,0.105655308285801
SYNPCC7002_RS09820,SYNPCC7002_RS12790,0.105603642457098
SYNPCC7002_RS02715,SYNPCC7002_RS02710,0.105595133547917
SYNPCC7002_RS04890,SYNPCC7002_RS01140,0.10558946960542
SYNPCC7002_RS05135,SYNPCC7002_RS00370,0.10558589144786
SYNPCC7002_RS16160,SYNPCC7002_RS04255,0.105583523208922
SYNPCC7002_RS15680,SYNPCC7002_RS15330,0.105544116965045
SYNPCC7002_RS08965,SYNPCC7002_RS08745,0.105537502390129
SYNPCC7002_RS12395,SYNPCC7002_RS16795,0.105510099042567
SYNPCC7002_RS12395,SYNPCC7002_RS04065,0.105503660085923
SYNPCC7002_RS08965,SYNPCC7002_RS01875,0.105435695191465
SYNPCC7002_RS08390,SYNPCC7002_RS13965,0.10541892912485
SYNPCC7002_RS08965,SYNPCC7002_RS13890,0.105407312908063
SYNPCC7002_RS08390,SYNPCC7002_RS16620,0.105275972073932
SYNPCC7002_RS05135,SYNPCC7002_RS01695,0.105275327486905
SYNPCC7002_RS01800,SYNPCC7002_RS09360,0.10525495295674
SYNPCC7002_RS05135,SYNPCC7002_RS11355,0.105222053445937
SYNPCC7002_RS05135,SYNPCC7002_RS10210,0.105177085736036
SYNPCC7002_RS12395,SYNPCC7002_RS16445,0.105176434657808
SYNPCC7002_RS04650,SYNPCC7002_RS05600,0.105148973797282
SYNPCC7002_RS01800,SYNPCC7002_RS11050,0.105132217320555
SYNPCC7002_RS10050,SYNPCC7002_RS14480,0.105057759331785
SYNPCC7002_RS08965,SYNPCC7002_RS10465,0.104979362549622
SYNPCC7002_RS00650,SYNPCC7002_RS11390,0.104977810142669
SYNPCC7002_RS09090,SYNPCC7002_RS16805,0.104929733154122
SYNPCC7002_RS01420,SYNPCC7002_RS07750,0.104889074543908
SYNPCC7002_RS04650,SYNPCC7002_RS10920,0.104886030111071
SYNPCC7002_RS14790,SYNPCC7002_RS05565,0.10487216336072
SYNPCC7002_RS05135,SYNPCC7002_RS03665,0.104864049752676
SYNPCC7002_RS08210,SYNPCC7002_RS14740,0.104795069216973
SYNPCC7002_RS12395,SYNPCC7002_RS12490,0.10478478727941
SYNPCC7002_RS02455,SYNPCC7002_RS03045,0.10474700919144
SYNPCC7002_RS10050,SYNPCC7002_RS04320,0.104729074932361
SYNPCC7002_RS01800,SYNPCC7002_RS03295,0.104718395511262
SYNPCC7002_RS05985,SYNPCC7002_RS13650,0.104709147146018
SYNPCC7002_RS09630,SYNPCC7002_RS08160,0.10468177571761
SYNPCC7002_RS09780,SYNPCC7002_RS06470,0.104677594696371
SYNPCC7002_RS04650,SYNPCC7002_RS00630,0.104675190345043
SYNPCC7002_RS12395,SYNPCC7002_RS12190,0.104669484957824
SYNPCC7002_RS12395,SYNPCC7002_RS16360,0.104663089506266
SYNPCC7002_RS06540,SYNPCC7002_RS09225,0.104654471867909
SYNPCC7002_RS01420,SYNPCC7002_RS10765,0.104644570138915
SYNPCC7002_RS05135,SYNPCC7002_RS06585,0.104637620990443
SYNPCC7002_RS05135,SYNPCC7002_RS14245,0.104615078429183
SYNPCC7002_RS08965,SYNPCC7002_RS04635,0.104567007895166
SYNPCC7002_RS15680,SYNPCC7002_RS15325,0.104557567466997
SYNPCC7002_RS08965,SYNPCC7002_RS02445,0.104476422461605
SYNPCC7002_RS15720,SYNPCC7002_RS06465,0.104466032759306
SYNPCC7002_RS05985,SYNPCC7002_RS02770,0.104371759515944
SYNPCC7002_RS10050,SYNPCC7002_RS02745,0.104325452693231
SYNPCC7002_RS01800,SYNPCC7002_RS10150,0.104323324643676
SYNPCC7002_RS10050,SYNPCC7002_RS03520,0.10428548874451
SYNPCC7002_RS09845,SYNPCC7002_RS09090,0.104261481632004
SYNPCC7002_RS04650,SYNPCC7002_RS12850,0.104227297224176
SYNPCC7002_RS10050,SYNPCC7002_RS00820,0.104213993126158
SYNPCC7002_RS12395,SYNPCC7002_RS16355,0.104183181022196
SYNPCC7002_RS05135,SYNPCC7002_RS02470,0.104161196591796
SYNPCC7002_RS08965,SYNPCC7002_RS07285,0.104141797202404
SYNPCC7002_RS06150,SYNPCC7002_RS14050,0.104135911483778
SYNPCC7002_RS12395,SYNPCC7002_RS11530,0.104131060623652
SYNPCC7002_RS06150,SYNPCC7002_RS02625,0.104096086917407
SYNPCC7002_RS04250,SYNPCC7002_RS05995,0.104078812814345
SYNPCC7002_RS05135,SYNPCC7002_RS00730,0.104077871379709
SYNPCC7002_RS05135,SYNPCC7002_RS07645,0.104067168962546
SYNPCC7002_RS05985,SYNPCC7002_RS00050,0.104058867441459
SYNPCC7002_RS04650,SYNPCC7002_RS07495,0.104049141465227
SYNPCC7002_RS04650,SYNPCC7002_RS14300,0.104048585245468
SYNPCC7002_RS09630,SYNPCC7002_RS00950,0.104035745380523
SYNPCC7002_RS07295,SYNPCC7002_RS15555,0.103999645960374
SYNPCC7002_RS09320,SYNPCC7002_RS02200,0.10399694527474
SYNPCC7002_RS01335,SYNPCC7002_RS08620,0.103993963103616
SYNPCC7002_RS14440,SYNPCC7002_RS14380,0.103988499154042
SYNPCC7002_RS12395,SYNPCC7002_RS08550,0.103987948672968
SYNPCC7002_RS09320,SYNPCC7002_RS03995,0.103945020780756
SYNPCC7002_RS15680,SYNPCC7002_RS02065,0.103944891187259
SYNPCC7002_RS05460,SYNPCC7002_RS08040,0.10389996868844
SYNPCC7002_RS14440,SYNPCC7002_RS14325,0.103897358380867
SYNPCC7002_RS08965,SYNPCC7002_RS07375,0.103829534302287
SYNPCC7002_RS12395,SYNPCC7002_RS11660,0.103822550351759
SYNPCC7002_RS05985,SYNPCC7002_RS01520,0.103811271774479
SYNPCC7002_RS09630,SYNPCC7002_RS14675,0.103801828183852
SYNPCC7002_RS16320,SYNPCC7002_RS15880,0.10378620346761
SYNPCC7002_RS15255,SYNPCC7002_RS05670,0.103767049348236
SYNPCC7002_RS05460,SYNPCC7002_RS08045,0.103741829333962
SYNPCC7002_RS04250,SYNPCC7002_RS09110,0.103699158628207
SYNPCC7002_RS08965,SYNPCC7002_RS11830,0.10369666996803
SYNPCC7002_RS12395,SYNPCC7002_RS05970,0.103684165741305
SYNPCC7002_RS04650,SYNPCC7002_RS09280,0.103678284927437
SYNPCC7002_RS04890,SYNPCC7002_RS10040,0.103640334780605
SYNPCC7002_RS07385,SYNPCC7002_RS14185,0.103602213556815
SYNPCC7002_RS08965,SYNPCC7002_RS11040,0.103592102064006
SYNPCC7002_RS08210,SYNPCC7002_RS01600,0.103568663208989
SYNPCC7002_RS03295,SYNPCC7002_RS14345,0.103566267266843
SYNPCC7002_RS05985,SYNPCC7002_RS04270,0.103565192851496
SYNPCC7002_RS12090,SYNPCC7002_RS13565,0.103559324616436
SYNPCC7002_RS04650,SYNPCC7002_RS04535,0.103544281030818
SYNPCC7002_RS14790,SYNPCC7002_RS14820,0.103469571850423
SYNPCC7002_RS09320,SYNPCC7002_RS13890,0.103441541869508
SYNPCC7002_RS06150,SYNPCC7002_RS08635,0.103433589927174
SYNPCC7002_RS08210,SYNPCC7002_RS13575,0.103395489333635
SYNPCC7002_RS05135,SYNPCC7002_RS00270,0.103391387511773
SYNPCC7002_RS10050,SYNPCC7002_RS16130,0.10337962003079
SYNPCC7002_RS12395,SYNPCC7002_RS17200,0.103364927949742
SYNPCC7002_RS15680,SYNPCC7002_RS17185,0.103302866227452
SYNPCC7002_RS08390,SYNPCC7002_RS00480,0.103297990655326
SYNPCC7002_RS09845,SYNPCC7002_RS04990,0.10329397135573
SYNPCC7002_RS05985,SYNPCC7002_RS12070,0.103267208055058
SYNPCC7002_RS05135,SYNPCC7002_RS05125,0.103255201897005
SYNPCC7002_RS04250,SYNPCC7002_RS12350,0.103217012836635
SYNPCC7002_RS05460,SYNPCC7002_RS09000,0.103209238326651
SYNPCC7002_RS02455,SYNPCC7002_RS08940,0.103196564547131
SYNPCC7002_RS15680,SYNPCC7002_RS01235,0.103186804677078
SYNPCC7002_RS07385,SYNPCC7002_RS03840,0.103184537717281
SYNPCC7002_RS15680,SYNPCC7002_RS14675,0.103151846098134
SYNPCC7002_RS08390,SYNPCC7002_RS11795,0.103125623542236
SYNPCC7002_RS04890,SYNPCC7002_RS01135,0.103097795431608
SYNPCC7002_RS08965,SYNPCC7002_RS06185,0.103077682781216
SYNPCC7002_RS05985,SYNPCC7002_RS11030,0.103056517302238
SYNPCC7002_RS05460,SYNPCC7002_RS04310,0.103047181673131
SYNPCC7002_RS09820,SYNPCC7002_RS06430,0.103044989198282
SYNPCC7002_RS10050,SYNPCC7002_RS09700,0.103026135243402
SYNPCC7002_RS14385,SYNPCC7002_RS14335,0.103026109165655
SYNPCC7002_RS04890,SYNPCC7002_RS05135,0.103011339973856
SYNPCC7002_RS15520,SYNPCC7002_RS02625,0.102992496510736
SYNPCC7002_RS00050,SYNPCC7002_RS01560,0.102952022227341
SYNPCC7002_RS12395,SYNPCC7002_RS08670,0.102928438423835
SYNPCC7002_RS09630,SYNPCC7002_RS14570,0.10290896101321
SYNPCC7002_RS01420,SYNPCC7002_RS08995,0.102855520500968
SYNPCC7002_RS09995,SYNPCC7002_RS14700,0.102840952071082
SYNPCC7002_RS04250,SYNPCC7002_RS04650,0.102824196239499
SYNPCC7002_RS10050,SYNPCC7002_RS07340,0.102818751114509
SYNPCC7002_RS12395,SYNPCC7002_RS12185,0.10279796454385
SYNPCC7002_RS11685,SYNPCC7002_RS02130,0.102769603124876
SYNPCC7002_RS15995,SYNPCC7002_RS17055,0.102760665432226
SYNPCC7002_RS12395,SYNPCC7002_RS07685,0.102741368134271
SYNPCC7002_RS05135,SYNPCC7002_RS10765,0.10266475056161
SYNPCC7002_RS09630,SYNPCC7002_RS13385,0.102653958306443
SYNPCC7002_RS03950,SYNPCC7002_RS15810,0.102652959040296
SYNPCC7002_RS08860,SYNPCC7002_RS01365,0.102617290930261
SYNPCC7002_RS16320,SYNPCC7002_RS07190,0.102591130027299
SYNPCC7002_RS08390,SYNPCC7002_RS09070,0.102574564161649
SYNPCC7002_RS09995,SYNPCC7002_RS05045,0.10257358363521
SYNPCC7002_RS00050,SYNPCC7002_RS00360,0.102573081293691
SYNPCC7002_RS04780,SYNPCC7002_RS15815,0.102535935054312
SYNPCC7002_RS12395,SYNPCC7002_RS07590,0.102529629583151
SYNPCC7002_RS05135,SYNPCC7002_RS09305,0.102525051312721
SYNPCC7002_RS05985,SYNPCC7002_RS01560,0.102491049151223
SYNPCC7002_RS05135,SYNPCC7002_RS11660,0.102489295993003
SYNPCC7002_RS04650,SYNPCC7002_RS12580,0.102487472690303
SYNPCC7002_RS01335,SYNPCC7002_RS03000,0.102467727947169
SYNPCC7002_RS15255,SYNPCC7002_RS15720,0.102408606444531
SYNPCC7002_RS04780,SYNPCC7002_RS01130,0.102366297380826
SYNPCC7002_RS04250,SYNPCC7002_RS16260,0.102353619270525
SYNPCC7002_RS10050,SYNPCC7002_RS04295,0.102318275786741
SYNPCC7002_RS09630,SYNPCC7002_RS14525,0.102211447006389
SYNPCC7002_RS10050,SYNPCC7002_RS07590,0.102172450891407
SYNPCC7002_RS00010,SYNPCC7002_RS08385,0.102161911441609
SYNPCC7002_RS12395,SYNPCC7002_RS16940,0.102157272260187
SYNPCC7002_RS05135,SYNPCC7002_RS09160,0.102136994337299
SYNPCC7002_RS01420,SYNPCC7002_RS07140,0.102109152470056
SYNPCC7002_RS05985,SYNPCC7002_RS08830,0.102073004967894
SYNPCC7002_RS09320,SYNPCC7002_RS01875,0.102060508064513
SYNPCC7002_RS04890,SYNPCC7002_RS10275,0.102013841972282
SYNPCC7002_RS05135,SYNPCC7002_RS03655,0.102002990196621
SYNPCC7002_RS04890,SYNPCC7002_RS00550,0.101996053061485
SYNPCC7002_RS10050,SYNPCC7002_RS07795,0.101935577447163
SYNPCC7002_RS12395,SYNPCC7002_RS06080,0.10191578156389
SYNPCC7002_RS08965,SYNPCC7002_RS04500,0.101858283695118
SYNPCC7002_RS09630,SYNPCC7002_RS03945,0.101851285270128
SYNPCC7002_RS05135,SYNPCC7002_RS03510,0.101843101977997
SYNPCC7002_RS06150,SYNPCC7002_RS13850,0.101798158680755
SYNPCC7002_RS05460,SYNPCC7002_RS14805,0.101797365634586
SYNPCC7002_RS04650,SYNPCC7002_RS11140,0.101768741821702
SYNPCC7002_RS14790,SYNPCC7002_RS14785,0.101741149543747
SYNPCC7002_RS09995,SYNPCC7002_RS02530,0.101670711424788
SYNPCC7002_RS15030,SYNPCC7002_RS14995,0.101652979485501
SYNPCC7002_RS12395,SYNPCC7002_RS13670,0.101645399746301
SYNPCC7002_RS00260,SYNPCC7002_RS12085,0.10163508157732
SYNPCC7002_RS12090,SYNPCC7002_RS16665,0.101628310848113
SYNPCC7002_RS05135,SYNPCC7002_RS05245,0.10159668402457
SYNPCC7002_RS03295,SYNPCC7002_RS06305,0.101592191760014
SYNPCC7002_RS16320,SYNPCC7002_RS15645,0.101586031328847
SYNPCC7002_RS12395,SYNPCC7002_RS08660,0.101566604125964
SYNPCC7002_RS05985,SYNPCC7002_RS01900,0.101521525623301
SYNPCC7002_RS08965,SYNPCC7002_RS11840,0.101515402060315
SYNPCC7002_RS12090,SYNPCC7002_RS06275,0.101495499235266
SYNPCC7002_RS07385,SYNPCC7002_RS14155,0.10148619363783
SYNPCC7002_RS01335,SYNPCC7002_RS14890,0.101401134890233
SYNPCC7002_RS09175,SYNPCC7002_RS00320,0.101350946519297
SYNPCC7002_RS09320,SYNPCC7002_RS11670,0.101323922610726
SYNPCC7002_RS08390,SYNPCC7002_RS12650,0.101322384663364
SYNPCC7002_RS03950,SYNPCC7002_RS14435,0.101320762053007
SYNPCC7002_RS04680,SYNPCC7002_RS03260,0.101319428203955
SYNPCC7002_RS12395,SYNPCC7002_RS17210,0.101297646727385
SYNPCC7002_RS09780,SYNPCC7002_RS14730,0.101295421580081
SYNPCC7002_RS02455,SYNPCC7002_RS16220,0.10126855008428
SYNPCC7002_RS10050,SYNPCC7002_RS04130,0.101261234864063
SYNPCC7002_RS02715,SYNPCC7002_RS10570,0.101244777327816
SYNPCC7002_RS05135,SYNPCC7002_RS11520,0.101231318197402
SYNPCC7002_RS06540,SYNPCC7002_RS12875,0.101221074506135
SYNPCC7002_RS05460,SYNPCC7002_RS10825,0.101190997510974
SYNPCC7002_RS08965,SYNPCC7002_RS11290,0.101183721713763
SYNPCC7002_RS08965,SYNPCC7002_RS04955,0.101172378693088
SYNPCC7002_RS04890,SYNPCC7002_RS01580,0.101164631419887
SYNPCC7002_RS05460,SYNPCC7002_RS15180,0.101146617775012
SYNPCC7002_RS09780,SYNPCC7002_RS11460,0.101144295129786
SYNPCC7002_RS08390,SYNPCC7002_RS07320,0.101136839247208
SYNPCC7002_RS15680,SYNPCC7002_RS14615,0.101128872586329
SYNPCC7002_RS10050,SYNPCC7002_RS03905,0.101124792214901
SYNPCC7002_RS15520,SYNPCC7002_RS03350,0.101087781220228
SYNPCC7002_RS04680,SYNPCC7002_RS03350,0.101036185603878
SYNPCC7002_RS05135,SYNPCC7002_RS04950,0.101027057930655
SYNPCC7002_RS06540,SYNPCC7002_RS02210,0.101014458911518
SYNPCC7002_RS12515,SYNPCC7002_RS13280,0.101002728325056
SYNPCC7002_RS03030,SYNPCC7002_RS01600,0.100995199858302
SYNPCC7002_RS05460,SYNPCC7002_RS14330,0.100987150292731
SYNPCC7002_RS12395,SYNPCC7002_RS09460,0.100974957832897
SYNPCC7002_RS05135,SYNPCC7002_RS10610,0.100971863864854
SYNPCC7002_RS03760,SYNPCC7002_RS00195,0.100949623656662
SYNPCC7002_RS09260,SYNPCC7002_RS07185,0.100940185386362
SYNPCC7002_RS04650,SYNPCC7002_RS13955,0.100879299495837
SYNPCC7002_RS15520,SYNPCC7002_RS12655,0.100864394854067
SYNPCC7002_RS15520,SYNPCC7002_RS08015,0.100848367233659
SYNPCC7002_RS15255,SYNPCC7002_RS01235,0.100840657577357
SYNPCC7002_RS04780,SYNPCC7002_RS11380,0.100837241717566
SYNPCC7002_RS05135,SYNPCC7002_RS05265,0.100831089622005
SYNPCC7002_RS15680,SYNPCC7002_RS07130,0.100821460791177
SYNPCC7002_RS03950,SYNPCC7002_RS16275,0.100819123776279
SYNPCC7002_RS12395,SYNPCC7002_RS15050,0.100809682662218
SYNPCC7002_RS04890,SYNPCC7002_RS09915,0.100780020788072
SYNPCC7002_RS04780,SYNPCC7002_RS11135,0.100776368577045
SYNPCC7002_RS01800,SYNPCC7002_RS12890,0.100773827812951
SYNPCC7002_RS15255,SYNPCC7002_RS14800,0.100700648577306
SYNPCC7002_RS09780,SYNPCC7002_RS12960,0.100683191579375
SYNPCC7002_RS03030,SYNPCC7002_RS15445,0.100675058286338
SYNPCC7002_RS05135,SYNPCC7002_RS04115,0.100654484197027
SYNPCC7002_RS05460,SYNPCC7002_RS05655,0.100651202062887
SYNPCC7002_RS05135,SYNPCC7002_RS05230,0.100641304914473
SYNPCC7002_RS03295,SYNPCC7002_RS03315,0.100601524288898
SYNPCC7002_RS10050,SYNPCC7002_RS12255,0.100598697371104
SYNPCC7002_RS06150,SYNPCC7002_RS07225,0.100590504519939
SYNPCC7002_RS04680,SYNPCC7002_RS00300,0.100565426646786
SYNPCC7002_RS04890,SYNPCC7002_RS00425,0.100564847466832
SYNPCC7002_RS04680,SYNPCC7002_RS11435,0.100562123205998
SYNPCC7002_RS05985,SYNPCC7002_RS11250,0.100550259335446
SYNPCC7002_RS15720,SYNPCC7002_RS15325,0.100538329187562
SYNPCC7002_RS08965,SYNPCC7002_RS08950,0.100500470829643
SYNPCC7002_RS09780,SYNPCC7002_RS04095,0.100481551342357
SYNPCC7002_RS05135,SYNPCC7002_RS09650,0.10047952257793
SYNPCC7002_RS15520,SYNPCC7002_RS00095,0.100466194414857
SYNPCC7002_RS05985,SYNPCC7002_RS00810,0.100442415883913
SYNPCC7002_RS06150,SYNPCC7002_RS15750,0.100437351517947
SYNPCC7002_RS00690,SYNPCC7002_RS12600,0.10043458848106
SYNPCC7002_RS03295,SYNPCC7002_RS01970,0.100434468078073
SYNPCC7002_RS15520,SYNPCC7002_RS05990,0.100415773226247
SYNPCC7002_RS06150,SYNPCC7002_RS14575,0.100407091469478
SYNPCC7002_RS06540,SYNPCC7002_RS08560,0.100404919114457
SYNPCC7002_RS00635,SYNPCC7002_RS10410,0.100384274730229
SYNPCC7002_RS12395,SYNPCC7002_RS15155,0.100383340796251
SYNPCC7002_RS05460,SYNPCC7002_RS08895,0.100374259382957
SYNPCC7002_RS01420,SYNPCC7002_RS09430,0.100363235554911
SYNPCC7002_RS05135,SYNPCC7002_RS09795,0.100340410960027
SYNPCC7002_RS08390,SYNPCC7002_RS07420,0.100316019813297
SYNPCC7002_RS01800,SYNPCC7002_RS06305,0.100286156297595
SYNPCC7002_RS01800,SYNPCC7002_RS10205,0.100284572057573
SYNPCC7002_RS02455,SYNPCC7002_RS03455,0.100277732259536
SYNPCC7002_RS08965,SYNPCC7002_RS08655,0.10027423149313
SYNPCC7002_RS05135,SYNPCC7002_RS16370,0.100248103225571
SYNPCC7002_RS05135,SYNPCC7002_RS10925,0.100223413664737
SYNPCC7002_RS04890,SYNPCC7002_RS02425,0.1002197817757
SYNPCC7002_RS05135,SYNPCC7002_RS03685,0.100206598008052
SYNPCC7002_RS04250,SYNPCC7002_RS12485,0.100192215864297
SYNPCC7002_RS03760,SYNPCC7002_RS13015,0.100178296743594
SYNPCC7002_RS09820,SYNPCC7002_RS12215,0.100170631985992
SYNPCC7002_RS05135,SYNPCC7002_RS07810,0.100155222229852
SYNPCC7002_RS05985,SYNPCC7002_RS08925,0.10014154007727
SYNPCC7002_RS11685,SYNPCC7002_RS10920,0.100127998218364
SYNPCC7002_RS05135,SYNPCC7002_RS06720,0.100102603001298
SYNPCC7002_RS12395,SYNPCC7002_RS14460,0.100090349099626
SYNPCC7002_RS11685,SYNPCC7002_RS16635,0.100089828400942
SYNPCC7002_RS10050,SYNPCC7002_RS07600,0.100069768375787
SYNPCC7002_RS05985,SYNPCC7002_RS03715,0.100029612746096
SYNPCC7002_RS05135,SYNPCC7002_RS08295,0.0999878794373458
SYNPCC7002_RS10050,SYNPCC7002_RS15065,0.0998875140275864
SYNPCC7002_RS05460,SYNPCC7002_RS15435,0.0998788507357725
SYNPCC7002_RS04650,SYNPCC7002_RS09965,0.0998452669643028
SYNPCC7002_RS09630,SYNPCC7002_RS04675,0.0998413842620205
SYNPCC7002_RS09260,SYNPCC7002_RS00700,0.0998391715006544
SYNPCC7002_RS06150,SYNPCC7002_RS04360,0.0998321360791594
SYNPCC7002_RS08175,SYNPCC7002_RS03870,0.0998206374153325
SYNPCC7002_RS03030,SYNPCC7002_RS16190,0.0997971988159116
SYNPCC7002_RS16320,SYNPCC7002_RS15710,0.0997788750226311
SYNPCC7002_RS04780,SYNPCC7002_RS02985,0.0997598285449272
SYNPCC7002_RS05985,SYNPCC7002_RS02360,0.0997416062582909
SYNPCC7002_RS15255,SYNPCC7002_RS15330,0.0997374660367474
SYNPCC7002_RS08965,SYNPCC7002_RS03225,0.0997322949036083
SYNPCC7002_RS01800,SYNPCC7002_RS05335,0.0997321324532976
SYNPCC7002_RS09630,SYNPCC7002_RS08920,0.0997282942098979
SYNPCC7002_RS04780,SYNPCC7002_RS06525,0.0995954761986638
SYNPCC7002_RS04890,SYNPCC7002_RS05100,0.0995859959085267
SYNPCC7002_RS09630,SYNPCC7002_RS14575,0.0995350749161197
SYNPCC7002_RS12395,SYNPCC7002_RS09130,0.0995323430494959
SYNPCC7002_RS04890,SYNPCC7002_RS00465,0.0995254599460782
SYNPCC7002_RS12395,SYNPCC7002_RS11950,0.0995232490449018
SYNPCC7002_RS09780,SYNPCC7002_RS11535,0.0995160070308037
SYNPCC7002_RS11400,SYNPCC7002_RS02885,0.0995149222242164
SYNPCC7002_RS01800,SYNPCC7002_RS00030,0.0995067498203832
SYNPCC7002_RS15520,SYNPCC7002_RS05565,0.0995054609013937
SYNPCC7002_RS12395,SYNPCC7002_RS07745,0.0994892649102966
SYNPCC7002_RS10050,SYNPCC7002_RS03745,0.099488209578175
SYNPCC7002_RS04250,SYNPCC7002_RS14235,0.0994780532013713
SYNPCC7002_RS08965,SYNPCC7002_RS00650,0.0994222268439277
SYNPCC7002_RS04890,SYNPCC7002_RS09535,0.0993395461217193
SYNPCC7002_RS05135,SYNPCC7002_RS03060,0.0992831095408034
SYNPCC7002_RS02715,SYNPCC7002_RS08370,0.0992740156543999
SYNPCC7002_RS03760,SYNPCC7002_RS13390,0.099257932751845
SYNPCC7002_RS03295,SYNPCC7002_RS00035,0.0992397377370563
SYNPCC7002_RS14790,SYNPCC7002_RS13925,0.0992257410358494
SYNPCC7002_RS11400,SYNPCC7002_RS01705,0.099184825139583
SYNPCC7002_RS05135,SYNPCC7002_RS11000,0.0991817006736312
SYNPCC7002_RS07295,SYNPCC7002_RS05785,0.0991790268479495
SYNPCC7002_RS10050,SYNPCC7002_RS10165,0.0991778850570711
SYNPCC7002_RS15680,SYNPCC7002_RS02975,0.0991580406816756
SYNPCC7002_RS12395,SYNPCC7002_RS01745,0.0991535822763102
SYNPCC7002_RS00050,SYNPCC7002_RS15135,0.099103840727176
SYNPCC7002_RS01420,SYNPCC7002_RS01650,0.0990943480919282
SYNPCC7002_RS06150,SYNPCC7002_RS11825,0.099055591845815
SYNPCC7002_RS10050,SYNPCC7002_RS03685,0.0990454383810816
SYNPCC7002_RS04680,SYNPCC7002_RS14050,0.0990362679098454
SYNPCC7002_RS10050,SYNPCC7002_RS01945,0.0990201357596446
SYNPCC7002_RS14790,SYNPCC7002_RS16160,0.0990160148309177
SYNPCC7002_RS15520,SYNPCC7002_RS10115,0.0989945245056897
SYNPCC7002_RS05135,SYNPCC7002_RS06350,0.0989932320752554
SYNPCC7002_RS05985,SYNPCC7002_RS01765,0.0989887282729686
SYNPCC7002_RS09630,SYNPCC7002_RS00090,0.0989795015522241
SYNPCC7002_RS14440,SYNPCC7002_RS15475,0.0989658103973882
SYNPCC7002_RS01335,SYNPCC7002_RS06495,0.0989385822760333
SYNPCC7002_RS08175,SYNPCC7002_RS11445,0.0989267689784661
SYNPCC7002_RS04680,SYNPCC7002_RS14275,0.0989148298161853
SYNPCC7002_RS08390,SYNPCC7002_RS16245,0.0988952552584303
SYNPCC7002_RS08965,SYNPCC7002_RS01390,0.0988171817456442
SYNPCC7002_RS08210,SYNPCC7002_RS01475,0.0988115296785359
SYNPCC7002_RS10050,SYNPCC7002_RS15840,0.0987701542572165
SYNPCC7002_RS01335,SYNPCC7002_RS02320,0.0987564849383037
SYNPCC7002_RS01800,SYNPCC7002_RS01545,0.0987490536828935
SYNPCC7002_RS12395,SYNPCC7002_RS16385,0.0987420797154206
SYNPCC7002_RS08390,SYNPCC7002_RS15690,0.0987096409145358
SYNPCC7002_RS09820,SYNPCC7002_RS10805,0.098702362059129
SYNPCC7002_RS12395,SYNPCC7002_RS05135,0.0987016114692372
SYNPCC7002_RS09820,SYNPCC7002_RS11805,0.0986924548067473
SYNPCC7002_RS14440,SYNPCC7002_RS16785,0.0986911159440884
SYNPCC7002_RS15680,SYNPCC7002_RS06460,0.0986769207198725
SYNPCC7002_RS15255,SYNPCC7002_RS15315,0.0986680167464129
SYNPCC7002_RS09820,SYNPCC7002_RS05160,0.0986380587508342
SYNPCC7002_RS12395,SYNPCC7002_RS14115,0.0985844100699945
SYNPCC7002_RS02455,SYNPCC7002_RS10085,0.0985779259025928
SYNPCC7002_RS09320,SYNPCC7002_RS12380,0.0985748752281697
SYNPCC7002_RS04780,SYNPCC7002_RS10580,0.0985698024551674
SYNPCC7002_RS00640,SYNPCC7002_RS10215,0.0985473059386836
SYNPCC7002_RS07295,SYNPCC7002_RS07860,0.0985320989176555
SYNPCC7002_RS14440,SYNPCC7002_RS14405,0.0985223473480379
SYNPCC7002_RS00640,SYNPCC7002_RS11555,0.0985221606115252
SYNPCC7002_RS09820,SYNPCC7002_RS05620,0.0985198283592466
SYNPCC7002_RS09780,SYNPCC7002_RS04525,0.0985090959528844
SYNPCC7002_RS08175,SYNPCC7002_RS00940,0.0984831759857192
SYNPCC7002_RS09995,SYNPCC7002_RS01860,0.0984797363112375
SYNPCC7002_RS14440,SYNPCC7002_RS14315,0.0984660538012815
SYNPCC7002_RS09820,SYNPCC7002_RS14855,0.0984629395730541
SYNPCC7002_RS09780,SYNPCC7002_RS07785,0.0984588102939284
SYNPCC7002_RS12515,SYNPCC7002_RS16770,0.0984535973564592
SYNPCC7002_RS15680,SYNPCC7002_RS05680,0.0984371457714937
SYNPCC7002_RS14440,SYNPCC7002_RS14445,0.0984004590086009
SYNPCC7002_RS12395,SYNPCC7002_RS09580,0.0983946729378557
SYNPCC7002_RS03295,SYNPCC7002_RS14340,0.0983939159922755
SYNPCC7002_RS11685,SYNPCC7002_RS05600,0.0983938384646998
SYNPCC7002_RS12395,SYNPCC7002_RS05140,0.0983818793228588
SYNPCC7002_RS12395,SYNPCC7002_RS05310,0.0983195741663324
SYNPCC7002_RS04780,SYNPCC7002_RS02590,0.0983032259999391
SYNPCC7002_RS04890,SYNPCC7002_RS17035,0.0982946367111929
SYNPCC7002_RS09195,SYNPCC7002_RS03635,0.0982282054027159
SYNPCC7002_RS15255,SYNPCC7002_RS13185,0.0982269801807265
SYNPCC7002_RS05460,SYNPCC7002_RS14415,0.0982052857290261
SYNPCC7002_RS08965,SYNPCC7002_RS08125,0.0982030270023547
SYNPCC7002_RS05135,SYNPCC7002_RS01505,0.0981873566100135
SYNPCC7002_RS05460,SYNPCC7002_RS15840,0.0981834428252713
SYNPCC7002_RS10050,SYNPCC7002_RS09865,0.0981725386825824
SYNPCC7002_RS09995,SYNPCC7002_RS09675,0.0981616200182328
SYNPCC7002_RS05135,SYNPCC7002_RS03090,0.0981577673524473
SYNPCC7002_RS07385,SYNPCC7002_RS04750,0.0981396152380003
SYNPCC7002_RS04650,SYNPCC7002_RS02785,0.0981250555794158
SYNPCC7002_RS04650,SYNPCC7002_RS03525,0.0981203073285238
SYNPCC7002_RS05135,SYNPCC7002_RS04370,0.0981041040051824
SYNPCC7002_RS04650,SYNPCC7002_RS00840,0.0980641352708855
SYNPCC7002_RS09820,SYNPCC7002_RS16455,0.098059031244724
SYNPCC7002_RS05985,SYNPCC7002_RS16470,0.0980380969971174
SYNPCC7002_RS11685,SYNPCC7002_RS02090,0.0980355229487879
SYNPCC7002_RS09630,SYNPCC7002_RS05670,0.0980311440422167
SYNPCC7002_RS08210,SYNPCC7002_RS04680,0.0980020437448096
SYNPCC7002_RS04780,SYNPCC7002_RS06540,0.097995982920998
SYNPCC7002_RS10050,SYNPCC7002_RS07790,0.097982609678752
SYNPCC7002_RS08945,SYNPCC7002_RS07200,0.0979800534011146
SYNPCC7002_RS15680,SYNPCC7002_RS06615,0.0979599900546525
SYNPCC7002_RS04650,SYNPCC7002_RS08545,0.0979551771273122
SYNPCC7002_RS05135,SYNPCC7002_RS09420,0.0979540357470367
SYNPCC7002_RS15520,SYNPCC7002_RS14050,0.0979453462238763
SYNPCC7002_RS12395,SYNPCC7002_RS00265,0.0979411699086863
SYNPCC7002_RS08210,SYNPCC7002_RS08335,0.0979397832234361
SYNPCC7002_RS01335,SYNPCC7002_RS06310,0.0979375672348127
SYNPCC7002_RS05135,SYNPCC7002_RS16960,0.097926029078477
SYNPCC7002_RS01420,SYNPCC7002_RS04485,0.0979020538873796
SYNPCC7002_RS04780,SYNPCC7002_RS12795,0.0978770439876898
SYNPCC7002_RS06150,SYNPCC7002_RS07915,0.0978768446634266
SYNPCC7002_RS03760,SYNPCC7002_RS06235,0.0978617810055765
SYNPCC7002_RS03295,SYNPCC7002_RS03325,0.0978499565383587
SYNPCC7002_RS02455,SYNPCC7002_RS00960,0.0977989769725308
SYNPCC7002_RS08390,SYNPCC7002_RS06015,0.0977931455668404
SYNPCC7002_RS05135,SYNPCC7002_RS07355,0.097789111553882
SYNPCC7002_RS10050,SYNPCC7002_RS00875,0.097784715365046
SYNPCC7002_RS12090,SYNPCC7002_RS17190,0.0977823623188772
SYNPCC7002_RS12395,SYNPCC7002_RS07750,0.0977720002773573
SYNPCC7002_RS04890,SYNPCC7002_RS12725,0.09775499422438
SYNPCC7002_RS09780,SYNPCC7002_RS05020,0.0977478318565948
SYNPCC7002_RS08965,SYNPCC7002_RS05545,0.097735196633227
SYNPCC7002_RS12395,SYNPCC7002_RS16380,0.0977323795730554
SYNPCC7002_RS08965,SYNPCC7002_RS11390,0.0977037996163025
SYNPCC7002_RS15680,SYNPCC7002_RS11475,0.0976783017428017
SYNPCC7002_RS09820,SYNPCC7002_RS09985,0.0976775389512669
SYNPCC7002_RS12395,SYNPCC7002_RS00530,0.0976698494240741
SYNPCC7002_RS04890,SYNPCC7002_RS02850,0.0976425988243857
SYNPCC7002_RS12395,SYNPCC7002_RS14245,0.0976368621579396
SYNPCC7002_RS05135,SYNPCC7002_RS09910,0.0976223495189654
SYNPCC7002_RS01335,SYNPCC7002_RS00325,0.0976110683660487
SYNPCC7002_RS04650,SYNPCC7002_RS01485,0.0976046098990415
SYNPCC7002_RS05985,SYNPCC7002_RS01185,0.0976013655523365
SYNPCC7002_RS15255,SYNPCC7002_RS15880,0.0975909856389322
SYNPCC7002_RS02455,SYNPCC7002_RS10750,0.0975891783670905
SYNPCC7002_RS08390,SYNPCC7002_RS08100,0.0975847280559533
SYNPCC7002_RS05135,SYNPCC7002_RS02790,0.0975759226560175
SYNPCC7002_RS05135,SYNPCC7002_RS11455,0.0975675325396355
SYNPCC7002_RS14440,SYNPCC7002_RS16505,0.097565377347249
SYNPCC7002_RS01335,SYNPCC7002_RS06435,0.0975483171187272
SYNPCC7002_RS05135,SYNPCC7002_RS03280,0.0975446457400144
SYNPCC7002_RS04890,SYNPCC7002_RS10595,0.097538043292866
SYNPCC7002_RS16320,SYNPCC7002_RS15705,0.0975193795901699
SYNPCC7002_RS08390,SYNPCC7002_RS06155,0.0975186537487919
SYNPCC7002_RS06540,SYNPCC7002_RS07120,0.0974925697030435
SYNPCC7002_RS01420,SYNPCC7002_RS06580,0.0974917329329808
SYNPCC7002_RS11685,SYNPCC7002_RS02100,0.0974791766344317
SYNPCC7002_RS03295,SYNPCC7002_RS16225,0.0974715280669508
SYNPCC7002_RS00640,SYNPCC7002_RS00995,0.0974669013077592
SYNPCC7002_RS01335,SYNPCC7002_RS01270,0.0974640713435409
SYNPCC7002_RS09780,SYNPCC7002_RS12145,0.0974336689447382
SYNPCC7002_RS05985,SYNPCC7002_RS17195,0.0973873831559102
SYNPCC7002_RS06150,SYNPCC7002_RS15780,0.0973400600678863
SYNPCC7002_RS05460,SYNPCC7002_RS12310,0.0973306854832784
SYNPCC7002_RS02715,SYNPCC7002_RS01940,0.0973271992291051
SYNPCC7002_RS05460,SYNPCC7002_RS14505,0.0973191998983755
SYNPCC7002_RS06150,SYNPCC7002_RS15190,0.0973148679380224
SYNPCC7002_RS05460,SYNPCC7002_RS14420,0.097286039559753
SYNPCC7002_RS08390,SYNPCC7002_RS16325,0.0972819084612559
SYNPCC7002_RS04650,SYNPCC7002_RS09735,0.0972733474528945
SYNPCC7002_RS10050,SYNPCC7002_RS04370,0.0972709390440798
SYNPCC7002_RS08945,SYNPCC7002_RS03730,0.0972634150616508
SYNPCC7002_RS00650,SYNPCC7002_RS02350,0.097253937298976
SYNPCC7002_RS08210,SYNPCC7002_RS00745,0.0971994375793657
SYNPCC7002_RS03030,SYNPCC7002_RS15450,0.0971859911877626
SYNPCC7002_RS05985,SYNPCC7002_RS13835,0.0971646760705449
SYNPCC7002_RS10050,SYNPCC7002_RS09905,0.0971492945848776
SYNPCC7002_RS12395,SYNPCC7002_RS15055,0.0971251100959106
SYNPCC7002_RS05460,SYNPCC7002_RS15285,0.0971148735838449
SYNPCC7002_RS04780,SYNPCC7002_RS12750,0.0970712460658644
SYNPCC7002_RS16320,SYNPCC7002_RS06455,0.0970634221477406
SYNPCC7002_RS00050,SYNPCC7002_RS10105,0.0970615095987572
SYNPCC7002_RS08965,SYNPCC7002_RS05745,0.097058368558165
SYNPCC7002_RS03030,SYNPCC7002_RS11220,0.0970206494086129
SYNPCC7002_RS04780,SYNPCC7002_RS01215,0.0970183409373077
SYNPCC7002_RS05985,SYNPCC7002_RS11935,0.0969946212985802
SYNPCC7002_RS04780,SYNPCC7002_RS01710,0.0969944578525162
SYNPCC7002_RS08210,SYNPCC7002_RS10620,0.0969933356362579
SYNPCC7002_RS00260,SYNPCC7002_RS08535,0.0969898132937034
SYNPCC7002_RS15680,SYNPCC7002_RS03135,0.0969530075509102
SYNPCC7002_RS08965,SYNPCC7002_RS06955,0.0969513058653941
SYNPCC7002_RS05135,SYNPCC7002_RS06395,0.0968822099217673
SYNPCC7002_RS09320,SYNPCC7002_RS03485,0.0968549949911072
SYNPCC7002_RS04650,SYNPCC7002_RS08315,0.096804268486489
SYNPCC7002_RS03030,SYNPCC7002_RS04710,0.0968004228820616
SYNPCC7002_RS07385,SYNPCC7002_RS01780,0.0967583657746963
SYNPCC7002_RS04250,SYNPCC7002_RS04855,0.0967367064724397
SYNPCC7002_RS03030,SYNPCC7002_RS06225,0.0967284507391684
SYNPCC7002_RS09320,SYNPCC7002_RS11635,0.0966971871939879
SYNPCC7002_RS12395,SYNPCC7002_RS11000,0.0966918917076513
SYNPCC7002_RS08390,SYNPCC7002_RS06655,0.0966815399832136
SYNPCC7002_RS05135,SYNPCC7002_RS05120,0.0966708322973919
SYNPCC7002_RS02715,SYNPCC7002_RS08770,0.0966701661678719
SYNPCC7002_RS05135,SYNPCC7002_RS05110,0.096666885244716
SYNPCC7002_RS04780,SYNPCC7002_RS13970,0.0966536442786321
SYNPCC7002_RS12395,SYNPCC7002_RS12240,0.0966425959210815
SYNPCC7002_RS04780,SYNPCC7002_RS07040,0.096613877142685
SYNPCC7002_RS05135,SYNPCC7002_RS02510,0.0966068374943957
SYNPCC7002_RS00260,SYNPCC7002_RS02670,0.0965871480421285
SYNPCC7002_RS05135,SYNPCC7002_RS10975,0.0965854349351828
SYNPCC7002_RS00050,SYNPCC7002_RS05020,0.0965791126748976
SYNPCC7002_RS08210,SYNPCC7002_RS11885,0.0965553330496
SYNPCC7002_RS05135,SYNPCC7002_RS05300,0.0965548796968324
SYNPCC7002_RS02455,SYNPCC7002_RS14155,0.0965442810431085
SYNPCC7002_RS04890,SYNPCC7002_RS12690,0.0965439088618129
SYNPCC7002_RS15680,SYNPCC7002_RS04900,0.0965391905089912
SYNPCC7002_RS15720,SYNPCC7002_RS06460,0.096538972637228
SYNPCC7002_RS09820,SYNPCC7002_RS16600,0.0965344703568824
SYNPCC7002_RS04650,SYNPCC7002_RS02680,0.0965333854073707
SYNPCC7002_RS04650,SYNPCC7002_RS14920,0.0965125644049678
SYNPCC7002_RS09780,SYNPCC7002_RS16850,0.0964887155709406
SYNPCC7002_RS04780,SYNPCC7002_RS11620,0.0964781477476395
SYNPCC7002_RS15520,SYNPCC7002_RS06770,0.0964738423107721
SYNPCC7002_RS12395,SYNPCC7002_RS05235,0.0964636494951357
SYNPCC7002_RS06540,SYNPCC7002_RS12620,0.096458854178108
SYNPCC7002_RS08965,SYNPCC7002_RS02435,0.096422154584605
SYNPCC7002_RS06540,SYNPCC7002_RS02480,0.0964218319572409
SYNPCC7002_RS09320,SYNPCC7002_RS11215,0.0964037298419535
SYNPCC7002_RS14385,SYNPCC7002_RS14425,0.0963572479623021
SYNPCC7002_RS09780,SYNPCC7002_RS13960,0.0963482208573101
SYNPCC7002_RS03030,SYNPCC7002_RS02255,0.096326006390495
SYNPCC7002_RS11400,SYNPCC7002_RS02485,0.0962956133041846
SYNPCC7002_RS04250,SYNPCC7002_RS08545,0.0962761867200206
SYNPCC7002_RS05135,SYNPCC7002_RS17245,0.0962638525429856
SYNPCC7002_RS08175,SYNPCC7002_RS01525,0.0962559005072227
SYNPCC7002_RS04890,SYNPCC7002_RS08295,0.0962547402651819
SYNPCC7002_RS12515,SYNPCC7002_RS15995,0.0962502598276601
SYNPCC7002_RS15030,SYNPCC7002_RS14990,0.096242164084238
SYNPCC7002_RS05460,SYNPCC7002_RS14500,0.0962229470237958
SYNPCC7002_RS04780,SYNPCC7002_RS01280,0.0962148636934168
SYNPCC7002_RS05985,SYNPCC7002_RS12910,0.0961752976109993
SYNPCC7002_RS07385,SYNPCC7002_RS13570,0.0961727841997028
SYNPCC7002_RS10050,SYNPCC7002_RS08890,0.0961687311554003
SYNPCC7002_RS01800,SYNPCC7002_RS03000,0.0961657536940275
SYNPCC7002_RS12090,SYNPCC7002_RS13120,0.0961588715962481
SYNPCC7002_RS08965,SYNPCC7002_RS11835,0.0961510487776187
SYNPCC7002_RS12395,SYNPCC7002_RS16635,0.0961502744006651
SYNPCC7002_RS05985,SYNPCC7002_RS04590,0.0961384110140944
SYNPCC7002_RS05135,SYNPCC7002_RS03675,0.0961280037956164
SYNPCC7002_RS09320,SYNPCC7002_RS11835,0.0961261538302713
SYNPCC7002_RS01420,SYNPCC7002_RS00080,0.0961153701316018
SYNPCC7002_RS05460,SYNPCC7002_RS08875,0.0961152297919715
SYNPCC7002_RS05135,SYNPCC7002_RS13670,0.0960908658808686
SYNPCC7002_RS06540,SYNPCC7002_RS04715,0.0960777970586934
SYNPCC7002_RS12395,SYNPCC7002_RS03465,0.0960386264749335
SYNPCC7002_RS12395,SYNPCC7002_RS05205,0.0960214911850809
SYNPCC7002_RS06150,SYNPCC7002_RS00975,0.0960137991197078
SYNPCC7002_RS08390,SYNPCC7002_RS16090,0.0960133527882767
SYNPCC7002_RS08945,SYNPCC7002_RS11895,0.0960077076198098
SYNPCC7002_RS01420,SYNPCC7002_RS12190,0.0960009898444958
SYNPCC7002_RS07385,SYNPCC7002_RS13985,0.0959981893475416
SYNPCC7002_RS11685,SYNPCC7002_RS08060,0.0959850051663723
SYNPCC7002_RS10050,SYNPCC7002_RS10890,0.0959836356500885
SYNPCC7002_RS05460,SYNPCC7002_RS14940,0.0959773549023809
SYNPCC7002_RS08390,SYNPCC7002_RS17050,0.0959326217994642
SYNPCC7002_RS05135,SYNPCC7002_RS14250,0.0959200757342132
SYNPCC7002_RS16160,SYNPCC7002_RS03135,0.0959162106464444
SYNPCC7002_RS09630,SYNPCC7002_RS05685,0.0959114944304377
SYNPCC7002_RS05135,SYNPCC7002_RS01795,0.0958425062407113
SYNPCC7002_RS05985,SYNPCC7002_RS11540,0.0958395019548753
SYNPCC7002_RS05135,SYNPCC7002_RS06590,0.095821692386638
SYNPCC7002_RS15680,SYNPCC7002_RS10545,0.0958209107932337
SYNPCC7002_RS08175,SYNPCC7002_RS03405,0.0958129106493146
SYNPCC7002_RS05985,SYNPCC7002_RS06790,0.0958034275314812
SYNPCC7002_RS09630,SYNPCC7002_RS14005,0.0958034255446737
SYNPCC7002_RS06150,SYNPCC7002_RS14525,0.0957965402040589
SYNPCC7002_RS10050,SYNPCC7002_RS07810,0.0957944947662574
SYNPCC7002_RS02455,SYNPCC7002_RS11870,0.0957929336817691
SYNPCC7002_RS03760,SYNPCC7002_RS11895,0.0957898212697962
SYNPCC7002_RS07385,SYNPCC7002_RS02985,0.0957747097326999
SYNPCC7002_RS10050,SYNPCC7002_RS07650,0.0957610007486966
SYNPCC7002_RS05135,SYNPCC7002_RS15640,0.0957502317769051
SYNPCC7002_RS10050,SYNPCC7002_RS15080,0.0957382372715996
SYNPCC7002_RS03030,SYNPCC7002_RS12225,0.0957274442933743
SYNPCC7002_RS15520,SYNPCC7002_RS12170,0.0957105264082635
SYNPCC7002_RS12395,SYNPCC7002_RS13615,0.0956906912642387
SYNPCC7002_RS08945,SYNPCC7002_RS08615,0.09567652944648
SYNPCC7002_RS09780,SYNPCC7002_RS10740,0.0956731416117334
SYNPCC7002_RS15680,SYNPCC7002_RS02040,0.0956698203070506
SYNPCC7002_RS01420,SYNPCC7002_RS14470,0.0956658483397204
SYNPCC7002_RS00260,SYNPCC7002_RS10720,0.0956446448873144
SYNPCC7002_RS08860,SYNPCC7002_RS08595,0.0956317722355087
SYNPCC7002_RS01420,SYNPCC7002_RS01435,0.0956316814500085
SYNPCC7002_RS10050,SYNPCC7002_RS16795,0.0956190192963649
SYNPCC7002_RS09820,SYNPCC7002_RS12140,0.0956169251823805
SYNPCC7002_RS12090,SYNPCC7002_RS08470,0.0955982368682746
SYNPCC7002_RS05985,SYNPCC7002_RS05910,0.0955846582214815
SYNPCC7002_RS01335,SYNPCC7002_RS07300,0.0955800740508417
SYNPCC7002_RS07385,SYNPCC7002_RS04710,0.0955784396190968
SYNPCC7002_RS08965,SYNPCC7002_RS09320,0.0955600982801352
SYNPCC7002_RS08175,SYNPCC7002_RS03400,0.0955528363753754
SYNPCC7002_RS01420,SYNPCC7002_RS03505,0.0955228285832322
SYNPCC7002_RS00850,SYNPCC7002_RS15275,0.09552241421374
SYNPCC7002_RS12090,SYNPCC7002_RS13560,0.0955208584360281
SYNPCC7002_RS01800,SYNPCC7002_RS01960,0.095508411573745
SYNPCC7002_RS06540,SYNPCC7002_RS05860,0.0954942462775148
SYNPCC7002_RS04650,SYNPCC7002_RS00350,0.0954791259478104
SYNPCC7002_RS04680,SYNPCC7002_RS12045,0.0954652961245136
SYNPCC7002_RS12395,SYNPCC7002_RS08305,0.095440334025206
SYNPCC7002_RS12395,SYNPCC7002_RS06025,0.0954394262404679
SYNPCC7002_RS05135,SYNPCC7002_RS11515,0.0954165956494535
SYNPCC7002_RS05135,SYNPCC7002_RS05180,0.09539994470732
SYNPCC7002_RS04650,SYNPCC7002_RS04595,0.0953936390485601
SYNPCC7002_RS12395,SYNPCC7002_RS07780,0.095379390659371
SYNPCC7002_RS08255,SYNPCC7002_RS10175,0.0953712263160858
SYNPCC7002_RS07295,SYNPCC7002_RS07310,0.0953667511440904
SYNPCC7002_RS15520,SYNPCC7002_RS17180,0.0953650686848672
SYNPCC7002_RS08965,SYNPCC7002_RS11400,0.0953534610028437
SYNPCC7002_RS14385,SYNPCC7002_RS16505,0.0953508295688069
SYNPCC7002_RS04290,SYNPCC7002_RS11870,0.0953500112100019
SYNPCC7002_RS08945,SYNPCC7002_RS10090,0.0953451533180382
SYNPCC7002_RS00260,SYNPCC7002_RS03825,0.0953208913132888
SYNPCC7002_RS08210,SYNPCC7002_RS01810,0.095296548212834
SYNPCC7002_RS04780,SYNPCC7002_RS03840,0.0952928333526625
SYNPCC7002_RS15255,SYNPCC7002_RS05675,0.0952741586143197
SYNPCC7002_RS09820,SYNPCC7002_RS10710,0.0952573049268248
SYNPCC7002_RS04680,SYNPCC7002_RS00235,0.0952547313257817
SYNPCC7002_RS05135,SYNPCC7002_RS05235,0.0952352154163962
SYNPCC7002_RS12395,SYNPCC7002_RS08155,0.0952317639350924
SYNPCC7002_RS08390,SYNPCC7002_RS01670,0.0952196248826646
SYNPCC7002_RS09780,SYNPCC7002_RS15140,0.0952192483891554
SYNPCC7002_RS09995,SYNPCC7002_RS02260,0.0952166176800373
SYNPCC7002_RS14790,SYNPCC7002_RS04805,0.0952063181634575
SYNPCC7002_RS08860,SYNPCC7002_RS08465,0.0951899791343699
SYNPCC7002_RS09260,SYNPCC7002_RS13795,0.0951879565114987
SYNPCC7002_RS01335,SYNPCC7002_RS02030,0.095170112169363
SYNPCC7002_RS10050,SYNPCC7002_RS15485,0.0951674818124858
SYNPCC7002_RS01335,SYNPCC7002_RS08165,0.0951658561828811
SYNPCC7002_RS04250,SYNPCC7002_RS10895,0.0951509021512831
SYNPCC7002_RS12395,SYNPCC7002_RS10280,0.095149150582978
SYNPCC7002_RS09320,SYNPCC7002_RS03835,0.0951482633740458
SYNPCC7002_RS04890,SYNPCC7002_RS11585,0.0951471057252678
SYNPCC7002_RS05985,SYNPCC7002_RS02900,0.0951351262522823
SYNPCC7002_RS12395,SYNPCC7002_RS05295,0.0951262323407042
SYNPCC7002_RS12395,SYNPCC7002_RS01830,0.0951133364143916
SYNPCC7002_RS05460,SYNPCC7002_RS00580,0.0951111270572344
SYNPCC7002_RS08965,SYNPCC7002_RS04545,0.0950968243567289
SYNPCC7002_RS05135,SYNPCC7002_RS12185,0.09507853309148
SYNPCC7002_RS05460,SYNPCC7002_RS10215,0.095049700544773
SYNPCC7002_RS06150,SYNPCC7002_RS00695,0.0950468471264947
SYNPCC7002_RS04250,SYNPCC7002_RS09885,0.0950409824429368
SYNPCC7002_RS05135,SYNPCC7002_RS00265,0.095039915186987
SYNPCC7002_RS06150,SYNPCC7002_RS11560,0.0950373071726799
SYNPCC7002_RS05460,SYNPCC7002_RS15305,0.095026302353594
SYNPCC7002_RS12395,SYNPCC7002_RS08060,0.0950191766476237
SYNPCC7002_RS12395,SYNPCC7002_RS09910,0.0950088512725218
SYNPCC7002_RS14385,SYNPCC7002_RS14445,0.0950064246312836
SYNPCC7002_RS11400,SYNPCC7002_RS01125,0.0949998350481237
SYNPCC7002_RS04890,SYNPCC7002_RS00545,0.0949959346663664
SYNPCC7002_RS05135,SYNPCC7002_RS13080,0.0949815910718669
SYNPCC7002_RS15680,SYNPCC7002_RS05685,0.094974390713836
SYNPCC7002_RS15520,SYNPCC7002_RS14290,0.094939437433505
SYNPCC7002_RS05135,SYNPCC7002_RS05205,0.0949389071941351
SYNPCC7002_RS09320,SYNPCC7002_RS13980,0.0949218356657517
SYNPCC7002_RS12090,SYNPCC7002_RS09675,0.0949208094726566
SYNPCC7002_RS07385,SYNPCC7002_RS12945,0.0949186189470405
SYNPCC7002_RS08390,SYNPCC7002_RS07410,0.0949173984872843
SYNPCC7002_RS16160,SYNPCC7002_RS16060,0.0949142703434664
SYNPCC7002_RS06150,SYNPCC7002_RS08495,0.094906133196297
SYNPCC7002_RS01335,SYNPCC7002_RS05340,0.0949026970394782
SYNPCC7002_RS15520,SYNPCC7002_RS14695,0.0948937580996291
SYNPCC7002_RS05135,SYNPCC7002_RS05225,0.0948755417412141
SYNPCC7002_RS09630,SYNPCC7002_RS02065,0.0948589638936572
SYNPCC7002_RS11400,SYNPCC7002_RS08410,0.0948146177922088
SYNPCC7002_RS05460,SYNPCC7002_RS14355,0.0948019602403238
SYNPCC7002_RS05135,SYNPCC7002_RS00425,0.0947971178580013
SYNPCC7002_RS05135,SYNPCC7002_RS16675,0.0947852220956703
SYNPCC7002_RS08945,SYNPCC7002_RS13600,0.0947847394380492
SYNPCC7002_RS05135,SYNPCC7002_RS10275,0.0947506055001865
SYNPCC7002_RS12395,SYNPCC7002_RS06350,0.0947469743785923
SYNPCC7002_RS04650,SYNPCC7002_RS10330,0.0947461812980482
SYNPCC7002_RS04250,SYNPCC7002_RS17215,0.0947339369939184
SYNPCC7002_RS03030,SYNPCC7002_RS07035,0.094700354077291
SYNPCC7002_RS06540,SYNPCC7002_RS11615,0.0946978867111043
SYNPCC7002_RS09820,SYNPCC7002_RS08810,0.0946950378700782
SYNPCC7002_RS03030,SYNPCC7002_RS12030,0.0946912788645225
SYNPCC7002_RS09780,SYNPCC7002_RS04380,0.0946882499189872
SYNPCC7002_RS12515,SYNPCC7002_RS00210,0.0946818922273435
SYNPCC7002_RS03030,SYNPCC7002_RS06445,0.0946601070512285
SYNPCC7002_RS04890,SYNPCC7002_RS06350,0.0945999549606966
SYNPCC7002_RS11400,SYNPCC7002_RS03015,0.094599248746774
SYNPCC7002_RS12395,SYNPCC7002_RS10595,0.0945837517878437
SYNPCC7002_RS09780,SYNPCC7002_RS07555,0.0945820456443882
SYNPCC7002_RS02410,SYNPCC7002_RS08130,0.0945771281484986
SYNPCC7002_RS12395,SYNPCC7002_RS07490,0.0945763452359255
SYNPCC7002_RS07385,SYNPCC7002_RS08700,0.0945647317497434
SYNPCC7002_RS08965,SYNPCC7002_RS11670,0.094557843223053
SYNPCC7002_RS02715,SYNPCC7002_RS15065,0.0945482526336973
SYNPCC7002_RS04650,SYNPCC7002_RS04895,0.094546158483127
SYNPCC7002_RS05985,SYNPCC7002_RS13960,0.094544670875148
SYNPCC7002_RS07295,SYNPCC7002_RS03495,0.0945271963076303
SYNPCC7002_RS06165,SYNPCC7002_RS04455,0.0944848866247946
SYNPCC7002_RS07295,SYNPCC7002_RS03205,0.0944834299415361
SYNPCC7002_RS05985,SYNPCC7002_RS04520,0.0944814183431463
SYNPCC7002_RS01800,SYNPCC7002_RS08760,0.0944742241007005
SYNPCC7002_RS08390,SYNPCC7002_RS00960,0.0944719220123013
SYNPCC7002_RS08390,SYNPCC7002_RS15945,0.0944678408786481
SYNPCC7002_RS02715,SYNPCC7002_RS10930,0.0944623224248695
SYNPCC7002_RS11400,SYNPCC7002_RS03470,0.0944391969504981
SYNPCC7002_RS09820,SYNPCC7002_RS04915,0.0944157947014839
SYNPCC7002_RS09820,SYNPCC7002_RS00555,0.0944078762998103
SYNPCC7002_RS05135,SYNPCC7002_RS13065,0.0944046895804408
SYNPCC7002_RS10050,SYNPCC7002_RS07570,0.0943540729501487
SYNPCC7002_RS00690,SYNPCC7002_RS08480,0.0943490142782038
SYNPCC7002_RS12105,SYNPCC7002_RS02685,0.094335213513078
SYNPCC7002_RS02715,SYNPCC7002_RS15265,0.0943328907578551
SYNPCC7002_RS08860,SYNPCC7002_RS16945,0.0943068245284087
SYNPCC7002_RS11685,SYNPCC7002_RS03465,0.0943026477271524
SYNPCC7002_RS08255,SYNPCC7002_RS03340,0.0942857798337158
SYNPCC7002_RS05985,SYNPCC7002_RS08265,0.0942855906357945
SYNPCC7002_RS05135,SYNPCC7002_RS03895,0.0942614141480457
SYNPCC7002_RS01085,SYNPCC7002_RS07170,0.0942532286004703
SYNPCC7002_RS15520,SYNPCC7002_RS06125,0.0942408547659797
SYNPCC7002_RS01335,SYNPCC7002_RS03490,0.0942375563832642
SYNPCC7002_RS00640,SYNPCC7002_RS05460,0.0942076576239194
SYNPCC7002_RS01085,SYNPCC7002_RS14060,0.0942051137446308
SYNPCC7002_RS09995,SYNPCC7002_RS10600,0.0942029456075724
SYNPCC7002_RS05135,SYNPCC7002_RS03430,0.0942028606280778
SYNPCC7002_RS09780,SYNPCC7002_RS01165,0.0941904415630298
SYNPCC7002_RS05135,SYNPCC7002_RS09460,0.0941889534534451
SYNPCC7002_RS10050,SYNPCC7002_RS15970,0.0941886179150482
SYNPCC7002_RS05135,SYNPCC7002_RS05290,0.0941883100682014
SYNPCC7002_RS12105,SYNPCC7002_RS00660,0.094182026599363
SYNPCC7002_RS05135,SYNPCC7002_RS09560,0.0941720562413192
SYNPCC7002_RS04680,SYNPCC7002_RS10405,0.0941443619159434
SYNPCC7002_RS01420,SYNPCC7002_RS10865,0.0941383608847185
SYNPCC7002_RS01335,SYNPCC7002_RS07895,0.094133291468917
SYNPCC7002_RS04780,SYNPCC7002_RS03930,0.0941157406380352
SYNPCC7002_RS03030,SYNPCC7002_RS04925,0.094103424317261
SYNPCC7002_RS04250,SYNPCC7002_RS05005,0.0940724328555713
SYNPCC7002_RS09820,SYNPCC7002_RS13345,0.0940563373272785
SYNPCC7002_RS08965,SYNPCC7002_RS03850,0.0940554057953031
SYNPCC7002_RS01420,SYNPCC7002_RS05200,0.0940537141934008
SYNPCC7002_RS01335,SYNPCC7002_RS10770,0.0940049785772724
SYNPCC7002_RS09320,SYNPCC7002_RS06185,0.0940046334977716
SYNPCC7002_RS09995,SYNPCC7002_RS03755,0.0939788586906376
SYNPCC7002_RS05135,SYNPCC7002_RS12955,0.0939759824097213
SYNPCC7002_RS12395,SYNPCC7002_RS09095,0.0939423988975094
SYNPCC7002_RS00650,SYNPCC7002_RS12230,0.0939158268276463
SYNPCC7002_RS07295,SYNPCC7002_RS00835,0.09391342133579
SYNPCC7002_RS05985,SYNPCC7002_RS00430,0.0939066486642354
SYNPCC7002_RS10050,SYNPCC7002_RS05210,0.0939056871707078
SYNPCC7002_RS08210,SYNPCC7002_RS17235,0.0938622381747799
SYNPCC7002_RS04890,SYNPCC7002_RS07725,0.093829555772025
SYNPCC7002_RS02715,SYNPCC7002_RS16835,0.0938229497484689
SYNPCC7002_RS08965,SYNPCC7002_RS01610,0.0938125450416966
SYNPCC7002_RS02455,SYNPCC7002_RS00435,0.0938026637370137
SYNPCC7002_RS14385,SYNPCC7002_RS14405,0.0938015844945708
SYNPCC7002_RS10050,SYNPCC7002_RS04310,0.093793154870214
SYNPCC7002_RS04250,SYNPCC7002_RS05475,0.0937906237198547
SYNPCC7002_RS12105,SYNPCC7002_RS12775,0.0937809265248542
SYNPCC7002_RS05135,SYNPCC7002_RS07830,0.0937751128429508
SYNPCC7002_RS04250,SYNPCC7002_RS02265,0.09376949308606
SYNPCC7002_RS12395,SYNPCC7002_RS03430,0.0937653383781068
SYNPCC7002_RS14790,SYNPCC7002_RS08135,0.0937644816398742
SYNPCC7002_RS05135,SYNPCC7002_RS01655,0.0937565543179309
SYNPCC7002_RS08965,SYNPCC7002_RS10440,0.0937541239746626
SYNPCC7002_RS09780,SYNPCC7002_RS16125,0.0937463587724733
SYNPCC7002_RS05985,SYNPCC7002_RS13815,0.0937396313906392
SYNPCC7002_RS07385,SYNPCC7002_RS01445,0.0937344993823728
SYNPCC7002_RS02715,SYNPCC7002_RS01150,0.0937163095023889
SYNPCC7002_RS05985,SYNPCC7002_RS16440,0.093692106691214
SYNPCC7002_RS06150,SYNPCC7002_RS14570,0.0936759481573193
SYNPCC7002_RS08965,SYNPCC7002_RS02200,0.0936672933375376
SYNPCC7002_RS01335,SYNPCC7002_RS15555,0.0936526773630523
SYNPCC7002_RS14790,SYNPCC7002_RS10640,0.093649685276288
SYNPCC7002_RS12395,SYNPCC7002_RS04535,0.0936461721630059
SYNPCC7002_RS04780,SYNPCC7002_RS09510,0.0936410917252189
SYNPCC7002_RS05135,SYNPCC7002_RS07835,0.0936373112691857
SYNPCC7002_RS04780,SYNPCC7002_RS12945,0.0936335203605766
SYNPCC7002_RS04780,SYNPCC7002_RS15750,0.0936038334061475
SYNPCC7002_RS15520,SYNPCC7002_RS01815,0.0936011687974283
SYNPCC7002_RS09260,SYNPCC7002_RS03965,0.0935860962498042
SYNPCC7002_RS04780,SYNPCC7002_RS06960,0.0935694489837319
SYNPCC7002_RS12515,SYNPCC7002_RS11270,0.0935632349440058
SYNPCC7002_RS10050,SYNPCC7002_RS01930,0.0935583373965763
SYNPCC7002_RS05135,SYNPCC7002_RS09860,0.0935567335116924
SYNPCC7002_RS04780,SYNPCC7002_RS15025,0.0935521375010958
SYNPCC7002_RS05985,SYNPCC7002_RS00770,0.0935499934499045
SYNPCC7002_RS15520,SYNPCC7002_RS01320,0.0935485580850686
SYNPCC7002_RS15520,SYNPCC7002_RS15925,0.0935400620709346
SYNPCC7002_RS12395,SYNPCC7002_RS05275,0.0934962574165553
SYNPCC7002_RS03295,SYNPCC7002_RS01005,0.0934934077371326
SYNPCC7002_RS04250,SYNPCC7002_RS05385,0.0934484221007834
SYNPCC7002_RS15680,SYNPCC7002_RS06555,0.0934398896344877
SYNPCC7002_RS04890,SYNPCC7002_RS05140,0.0934306500874968
SYNPCC7002_RS07295,SYNPCC7002_RS09120,0.0934223607111828
SYNPCC7002_RS03295,SYNPCC7002_RS01960,0.093421419426852
SYNPCC7002_RS14790,SYNPCC7002_RS13975,0.0934210767754456
SYNPCC7002_RS15680,SYNPCC7002_RS05345,0.0934206048999915
SYNPCC7002_RS15680,SYNPCC7002_RS08445,0.0934200858165396
SYNPCC7002_RS04780,SYNPCC7002_RS16120,0.0934187296342448
SYNPCC7002_RS05135,SYNPCC7002_RS05590,0.0934129829323516
SYNPCC7002_RS09630,SYNPCC7002_RS05665,0.0934127035018387
SYNPCC7002_RS01335,SYNPCC7002_RS15790,0.0934113188043734
SYNPCC7002_RS05135,SYNPCC7002_RS00530,0.093397688859794
SYNPCC7002_RS04250,SYNPCC7002_RS07350,0.0933968011096911
SYNPCC7002_RS14385,SYNPCC7002_RS14375,0.0933837806620444
SYNPCC7002_RS08965,SYNPCC7002_RS04060,0.0933761367386267
SYNPCC7002_RS02455,SYNPCC7002_RS13985,0.0933707937962145
SYNPCC7002_RS08965,SYNPCC7002_RS06950,0.0933657670113053
SYNPCC7002_RS15520,SYNPCC7002_RS09670,0.0933640813402695
SYNPCC7002_RS03030,SYNPCC7002_RS11085,0.0933312394891933
SYNPCC7002_RS04680,SYNPCC7002_RS05575,0.0933277107824027
SYNPCC7002_RS01420,SYNPCC7002_RS08670,0.0933215482629451
SYNPCC7002_RS10050,SYNPCC7002_RS03680,0.0933180646236763
SYNPCC7002_RS06540,SYNPCC7002_RS02860,0.0933169827644304
SYNPCC7002_RS12395,SYNPCC7002_RS09520,0.0933042767111082
SYNPCC7002_RS04780,SYNPCC7002_RS06875,0.0932864378208003
SYNPCC7002_RS04890,SYNPCC7002_RS13535,0.0932750055092061
SYNPCC7002_RS04680,SYNPCC7002_RS04355,0.0932747739419964
SYNPCC7002_RS15255,SYNPCC7002_RS04180,0.0932647052031294
SYNPCC7002_RS05135,SYNPCC7002_RS06080,0.0932571609281337
SYNPCC7002_RS08965,SYNPCC7002_RS03570,0.0932512401121351
SYNPCC7002_RS05135,SYNPCC7002_RS11345,0.0932470947290781
SYNPCC7002_RS12395,SYNPCC7002_RS02575,0.0932383532890638
SYNPCC7002_RS09780,SYNPCC7002_RS10035,0.0932130527979013
SYNPCC7002_RS11685,SYNPCC7002_RS13530,0.0932021819563365
SYNPCC7002_RS05135,SYNPCC7002_RS11325,0.0931911137299701
SYNPCC7002_RS09820,SYNPCC7002_RS17140,0.0931908254137273
SYNPCC7002_RS06150,SYNPCC7002_RS08920,0.0931675888562221
SYNPCC7002_RS02455,SYNPCC7002_RS13035,0.0931566576156035
SYNPCC7002_RS10050,SYNPCC7002_RS07115,0.0931546749330745
SYNPCC7002_RS09995,SYNPCC7002_RS09725,0.0931449640042375
SYNPCC7002_RS15255,SYNPCC7002_RS14770,0.0931213071191745
SYNPCC7002_RS16160,SYNPCC7002_RS08440,0.0931136999757694
SYNPCC7002_RS15535,SYNPCC7002_RS10145,0.0931088555572861
SYNPCC7002_RS12395,SYNPCC7002_RS06720,0.0931052226403046
SYNPCC7002_RS06540,SYNPCC7002_RS06710,0.0931045400147514
SYNPCC7002_RS15680,SYNPCC7002_RS08405,0.0931043840641655
SYNPCC7002_RS11400,SYNPCC7002_RS13870,0.0931022007691556
SYNPCC7002_RS09630,SYNPCC7002_RS05690,0.0930540859334445
SYNPCC7002_RS08390,SYNPCC7002_RS14060,0.0930400058759806
SYNPCC7002_RS04780,SYNPCC7002_RS15520,0.0930108605865171
SYNPCC7002_RS08390,SYNPCC7002_RS13690,0.093009142691888
SYNPCC7002_RS05460,SYNPCC7002_RS17155,0.0929996166668065
SYNPCC7002_RS03030,SYNPCC7002_RS07280,0.0929773635710828
SYNPCC7002_RS06540,SYNPCC7002_RS07030,0.0929715382858513
SYNPCC7002_RS09630,SYNPCC7002_RS15930,0.0929610327741029
SYNPCC7002_RS08965,SYNPCC7002_RS04025,0.0929378162424566
SYNPCC7002_RS03030,SYNPCC7002_RS10620,0.0929365069058016
SYNPCC7002_RS05135,SYNPCC7002_RS10950,0.0929059157963232
SYNPCC7002_RS06540,SYNPCC7002_RS12390,0.0928862753129918
SYNPCC7002_RS10525,SYNPCC7002_RS16205,0.0928850248048666
SYNPCC7002_RS07385,SYNPCC7002_RS02720,0.092863919487342
SYNPCC7002_RS01800,SYNPCC7002_RS13285,0.0928549169015457
SYNPCC7002_RS08390,SYNPCC7002_RS07040,0.0928549030228193
SYNPCC7002_RS04250,SYNPCC7002_RS12695,0.0928527233285951
SYNPCC7002_RS12395,SYNPCC7002_RS11005,0.0928254501639034
SYNPCC7002_RS04780,SYNPCC7002_RS14970,0.0928242448873471
SYNPCC7002_RS04890,SYNPCC7002_RS01515,0.0928150363314635
SYNPCC7002_RS09630,SYNPCC7002_RS15850,0.0928122375906064
SYNPCC7002_RS04890,SYNPCC7002_RS00875,0.0928098316146309
SYNPCC7002_RS05460,SYNPCC7002_RS07920,0.0928046394000305
SYNPCC7002_RS01335,SYNPCC7002_RS05885,0.0927785763159554
SYNPCC7002_RS09995,SYNPCC7002_RS04025,0.0927090945478468
SYNPCC7002_RS08945,SYNPCC7002_RS11590,0.0926850809084939
SYNPCC7002_RS05985,SYNPCC7002_RS13125,0.0926723476492219
SYNPCC7002_RS15520,SYNPCC7002_RS00965,0.0926580534008126
SYNPCC7002_RS11400,SYNPCC7002_RS11225,0.0926436413703514
SYNPCC7002_RS15680,SYNPCC7002_RS13740,0.0926380288321686
SYNPCC7002_RS09780,SYNPCC7002_RS12150,0.092633081625842
SYNPCC7002_RS01335,SYNPCC7002_RS14850,0.0926256145695143
SYNPCC7002_RS00640,SYNPCC7002_RS16410,0.0926194714877935
SYNPCC7002_RS15030,SYNPCC7002_RS14985,0.0926087124504742
SYNPCC7002_RS05135,SYNPCC7002_RS12445,0.0926081063379996
SYNPCC7002_RS05985,SYNPCC7002_RS12815,0.0925946201395647
SYNPCC7002_RS04780,SYNPCC7002_RS10475,0.0925844876987154
SYNPCC7002_RS09820,SYNPCC7002_RS15540,0.0925782715236552
SYNPCC7002_RS00640,SYNPCC7002_RS14865,0.0925697385085931
SYNPCC7002_RS12395,SYNPCC7002_RS11100,0.0925686815473848
SYNPCC7002_RS04780,SYNPCC7002_RS07030,0.0925629317738882
SYNPCC7002_RS09320,SYNPCC7002_RS02690,0.0925528057298674
SYNPCC7002_RS01800,SYNPCC7002_RS13295,0.092545553159035
SYNPCC7002_RS04250,SYNPCC7002_RS11610,0.0925253184848884
SYNPCC7002_RS00260,SYNPCC7002_RS11255,0.0925120151638521
SYNPCC7002_RS11685,SYNPCC7002_RS03895,0.0925018252129201
SYNPCC7002_RS00050,SYNPCC7002_RS06470,0.0924951046263542
SYNPCC7002_RS05135,SYNPCC7002_RS16360,0.0924451784457295
SYNPCC7002_RS05460,SYNPCC7002_RS02185,0.0924446318915844
SYNPCC7002_RS15255,SYNPCC7002_RS05070,0.0924373824694907
SYNPCC7002_RS05135,SYNPCC7002_RS05150,0.0923922389360274
SYNPCC7002_RS09845,SYNPCC7002_RS12175,0.0923849480284594
SYNPCC7002_RS15255,SYNPCC7002_RS02040,0.0923837433784625
SYNPCC7002_RS12105,SYNPCC7002_RS01855,0.0923591607185356
SYNPCC7002_RS04250,SYNPCC7002_RS12355,0.0923568000906546
SYNPCC7002_RS04780,SYNPCC7002_RS02210,0.0923531752389764
SYNPCC7002_RS04250,SYNPCC7002_RS01560,0.0923500544738866
SYNPCC7002_RS08390,SYNPCC7002_RS08165,0.0923409586547863
SYNPCC7002_RS01420,SYNPCC7002_RS05235,0.0923353598840491
SYNPCC7002_RS10050,SYNPCC7002_RS09160,0.092320327237459
SYNPCC7002_RS09995,SYNPCC7002_RS00705,0.0923187734599846
SYNPCC7002_RS09260,SYNPCC7002_RS15530,0.0923155085436629
SYNPCC7002_RS10050,SYNPCC7002_RS03510,0.0923054337802132
SYNPCC7002_RS04250,SYNPCC7002_RS04010,0.0922937507902659
SYNPCC7002_RS03030,SYNPCC7002_RS02620,0.0922782505579565
SYNPCC7002_RS03295,SYNPCC7002_RS03330,0.09227013743387
SYNPCC7002_RS06540,SYNPCC7002_RS02890,0.092269150718012
SYNPCC7002_RS15255,SYNPCC7002_RS16290,0.0922639391964569
SYNPCC7002_RS04780,SYNPCC7002_RS02760,0.0922586911312548
SYNPCC7002_RS15030,SYNPCC7002_RS14970,0.0922400723617267
SYNPCC7002_RS10050,SYNPCC7002_RS02960,0.0922381579698696
SYNPCC7002_RS03950,SYNPCC7002_RS11555,0.0922251052710132
SYNPCC7002_RS10050,SYNPCC7002_RS09910,0.0922155866764572
SYNPCC7002_RS11685,SYNPCC7002_RS03385,0.0922140484835645
SYNPCC7002_RS08175,SYNPCC7002_RS11890,0.0922035488954698
SYNPCC7002_RS06540,SYNPCC7002_RS07250,0.0921873251450047
SYNPCC7002_RS03030,SYNPCC7002_RS00055,0.0921855797290196
SYNPCC7002_RS05135,SYNPCC7002_RS10280,0.0921675795362267
SYNPCC7002_RS05135,SYNPCC7002_RS08220,0.0921555805991392
SYNPCC7002_RS09260,SYNPCC7002_RS15465,0.0921438890181249
SYNPCC7002_RS16320,SYNPCC7002_RS13180,0.0921329234223301
SYNPCC7002_RS00650,SYNPCC7002_RS13810,0.092104620813719
SYNPCC7002_RS14790,SYNPCC7002_RS16265,0.0920911120985723
SYNPCC7002_RS05135,SYNPCC7002_RS11350,0.0920791197983903
SYNPCC7002_RS08965,SYNPCC7002_RS09040,0.0920752957856147
SYNPCC7002_RS12395,SYNPCC7002_RS12445,0.0920565636487273
SYNPCC7002_RS08965,SYNPCC7002_RS02525,0.092035838948916
SYNPCC7002_RS04650,SYNPCC7002_RS02100,0.0920262783410702
SYNPCC7002_RS02715,SYNPCC7002_RS16490,0.0920215400596005
SYNPCC7002_RS08965,SYNPCC7002_RS04575,0.092007801457913
SYNPCC7002_RS09260,SYNPCC7002_RS09500,0.0920043576099457
SYNPCC7002_RS08945,SYNPCC7002_RS12035,0.0919910911788133
SYNPCC7002_RS02715,SYNPCC7002_RS06145,0.0919518783826326
SYNPCC7002_RS04780,SYNPCC7002_RS03380,0.0919500841127956
SYNPCC7002_RS03950,SYNPCC7002_RS15550,0.0919447211924069
SYNPCC7002_RS02715,SYNPCC7002_RS09410,0.0919314000410569
SYNPCC7002_RS00690,SYNPCC7002_RS04755,0.091927049921559
SYNPCC7002_RS05460,SYNPCC7002_RS13210,0.0919194176627995
SYNPCC7002_RS05985,SYNPCC7002_RS09975,0.0919011811265199
SYNPCC7002_RS15520,SYNPCC7002_RS14605,0.0919002608094452
SYNPCC7002_RS08965,SYNPCC7002_RS01705,0.0918818789807272
SYNPCC7002_RS09780,SYNPCC7002_RS05910,0.0918629311325452
SYNPCC7002_RS15520,SYNPCC7002_RS09595,0.0918588276812972
SYNPCC7002_RS00640,SYNPCC7002_RS06010,0.0918494973574498
SYNPCC7002_RS05985,SYNPCC7002_RS11150,0.0918220415445403
SYNPCC7002_RS15520,SYNPCC7002_RS07990,0.0918199421979941
SYNPCC7002_RS10050,SYNPCC7002_RS00270,0.0918123924369025
SYNPCC7002_RS09630,SYNPCC7002_RS16950,0.0917935565653375
SYNPCC7002_RS12395,SYNPCC7002_RS10130,0.0917770253100294
SYNPCC7002_RS05135,SYNPCC7002_RS09900,0.0917737486028621
SYNPCC7002_RS12515,SYNPCC7002_RS14310,0.0917646008466779
SYNPCC7002_RS04890,SYNPCC7002_RS12395,0.0917506490925468
SYNPCC7002_RS12395,SYNPCC7002_RS17230,0.0917379440565452
SYNPCC7002_RS05460,SYNPCC7002_RS06010,0.0917359263638758
SYNPCC7002_RS11400,SYNPCC7002_RS01610,0.0917235755668269
SYNPCC7002_RS05135,SYNPCC7002_RS06050,0.0917147762159864
SYNPCC7002_RS12395,SYNPCC7002_RS06395,0.0917112372094993
SYNPCC7002_RS09780,SYNPCC7002_RS15975,0.0916740407895041
SYNPCC7002_RS15255,SYNPCC7002_RS16320,0.0916701850964483
SYNPCC7002_RS02455,SYNPCC7002_RS00055,0.0916678546377325
SYNPCC7002_RS15520,SYNPCC7002_RS13910,0.0916571682317148
SYNPCC7002_RS07385,SYNPCC7002_RS10475,0.0916457867007188
SYNPCC7002_RS05460,SYNPCC7002_RS08890,0.0916139912910818
SYNPCC7002_RS10050,SYNPCC7002_RS11515,0.0916101739605708
SYNPCC7002_RS05985,SYNPCC7002_RS16905,0.0916009437127697
SYNPCC7002_RS02715,SYNPCC7002_RS02725,0.0916006853882067
SYNPCC7002_RS08390,SYNPCC7002_RS07905,0.0915979263774261
SYNPCC7002_RS01420,SYNPCC7002_RS09415,0.0915866816282814
SYNPCC7002_RS10050,SYNPCC7002_RS07685,0.0915817988314691
SYNPCC7002_RS07385,SYNPCC7002_RS07380,0.0915794990875838
SYNPCC7002_RS15520,SYNPCC7002_RS14135,0.0915649740711957
SYNPCC7002_RS09320,SYNPCC7002_RS15225,0.0915587187714109
SYNPCC7002_RS09820,SYNPCC7002_RS14715,0.0915546753288349
SYNPCC7002_RS12395,SYNPCC7002_RS06585,0.0915544384735355
SYNPCC7002_RS09320,SYNPCC7002_RS10490,0.0915518480774613
SYNPCC7002_RS09995,SYNPCC7002_RS08290,0.0915343458195174
SYNPCC7002_RS03030,SYNPCC7002_RS15345,0.091531585286541
SYNPCC7002_RS12395,SYNPCC7002_RS05305,0.0915301275185466
SYNPCC7002_RS12395,SYNPCC7002_RS07945,0.0915231518522409
SYNPCC7002_RS03030,SYNPCC7002_RS02395,0.091500531616946
SYNPCC7002_RS02715,SYNPCC7002_RS13440,0.0915004816693295
SYNPCC7002_RS04780,SYNPCC7002_RS14045,0.0914971402614731
SYNPCC7002_RS10050,SYNPCC7002_RS14860,0.0914966963091892
SYNPCC7002_RS12395,SYNPCC7002_RS15110,0.0914902000198428
SYNPCC7002_RS12395,SYNPCC7002_RS12440,0.0914709463144036
SYNPCC7002_RS07295,SYNPCC7002_RS10095,0.0914661872982394
SYNPCC7002_RS01335,SYNPCC7002_RS07515,0.0914626226561455
SYNPCC7002_RS09820,SYNPCC7002_RS04910,0.0914553628314357
SYNPCC7002_RS04890,SYNPCC7002_RS16370,0.091451892146207
SYNPCC7002_RS04250,SYNPCC7002_RS05390,0.0914516635492315
SYNPCC7002_RS04780,SYNPCC7002_RS04545,0.0914376045814869
SYNPCC7002_RS08965,SYNPCC7002_RS11215,0.0914324095721051
SYNPCC7002_RS10145,SYNPCC7002_RS03985,0.0914287924437833
SYNPCC7002_RS09320,SYNPCC7002_RS13675,0.0914265251428188
SYNPCC7002_RS12395,SYNPCC7002_RS05130,0.0914191995413727
SYNPCC7002_RS08210,SYNPCC7002_RS02525,0.0914105351810308
SYNPCC7002_RS09320,SYNPCC7002_RS08965,0.091407137043043
SYNPCC7002_RS08390,SYNPCC7002_RS04920,0.0913899061719712
SYNPCC7002_RS10050,SYNPCC7002_RS03420,0.0913753924877536
SYNPCC7002_RS04680,SYNPCC7002_RS14130,0.0913749063724889
SYNPCC7002_RS12395,SYNPCC7002_RS05270,0.0913530773156464
SYNPCC7002_RS05135,SYNPCC7002_RS00305,0.0913413444977138
SYNPCC7002_RS02715,SYNPCC7002_RS15075,0.0913396738671702
SYNPCC7002_RS04250,SYNPCC7002_RS10705,0.0913379254317542
SYNPCC7002_RS12395,SYNPCC7002_RS12805,0.0913340693364831
SYNPCC7002_RS11400,SYNPCC7002_RS04440,0.0913288086701958
SYNPCC7002_RS04890,SYNPCC7002_RS04400,0.0913157081045864
SYNPCC7002_RS04680,SYNPCC7002_RS10115,0.0912969063357335
SYNPCC7002_RS04250,SYNPCC7002_RS07275,0.0912946408709462
SYNPCC7002_RS00050,SYNPCC7002_RS03790,0.0912856799395729
SYNPCC7002_RS04780,SYNPCC7002_RS13130,0.0912719828344605
SYNPCC7002_RS09630,SYNPCC7002_RS14800,0.0912649705985991
SYNPCC7002_RS03030,SYNPCC7002_RS02525,0.0912615543969483
SYNPCC7002_RS04650,SYNPCC7002_RS10110,0.0912551219507735
SYNPCC7002_RS00690,SYNPCC7002_RS07185,0.0912421371791974
SYNPCC7002_RS04890,SYNPCC7002_RS06590,0.091241993389358
SYNPCC7002_RS01085,SYNPCC7002_RS10655,0.0912391277306467
SYNPCC7002_RS05985,SYNPCC7002_RS00175,0.0912271120894288
SYNPCC7002_RS08480,SYNPCC7002_RS09575,0.0912255917310272
SYNPCC7002_RS12090,SYNPCC7002_RS05485,0.0912246254649498
SYNPCC7002_RS09260,SYNPCC7002_RS10355,0.0912165491802272
SYNPCC7002_RS04890,SYNPCC7002_RS09025,0.0912161460343351
SYNPCC7002_RS08945,SYNPCC7002_RS13460,0.0912119215811157
SYNPCC7002_RS05985,SYNPCC7002_RS08605,0.0912026904669256
SYNPCC7002_RS10050,SYNPCC7002_RS11005,0.0912004693237732
SYNPCC7002_RS10050,SYNPCC7002_RS00200,0.0911905959662548
SYNPCC7002_RS08390,SYNPCC7002_RS08085,0.0911687310806424
SYNPCC7002_RS10050,SYNPCC7002_RS12535,0.0911644695221807
SYNPCC7002_RS05135,SYNPCC7002_RS03700,0.0911580654612227
SYNPCC7002_RS05135,SYNPCC7002_RS08780,0.0911502970790013
SYNPCC7002_RS01800,SYNPCC7002_RS00035,0.0911447922823824
SYNPCC7002_RS08965,SYNPCC7002_RS05635,0.0911412455516469
SYNPCC7002_RS15520,SYNPCC7002_RS13325,0.0911378961763548
SYNPCC7002_RS11685,SYNPCC7002_RS11235,0.0911370971438231
SYNPCC7002_RS03295,SYNPCC7002_RS03320,0.0911307202848727
SYNPCC7002_RS08945,SYNPCC7002_RS09610,0.0911176785222916
SYNPCC7002_RS09195,SYNPCC7002_RS13040,0.0911157943369253
SYNPCC7002_RS15520,SYNPCC7002_RS06775,0.0911097535051357
SYNPCC7002_RS09630,SYNPCC7002_RS00970,0.091089148077567
SYNPCC7002_RS15680,SYNPCC7002_RS03125,0.0910869176630477
SYNPCC7002_RS14790,SYNPCC7002_RS02070,0.0910755645305032
SYNPCC7002_RS14790,SYNPCC7002_RS13910,0.0910605028600544
SYNPCC7002_RS06150,SYNPCC7002_RS02345,0.0910542650046699
SYNPCC7002_RS06150,SYNPCC7002_RS07150,0.0910500260509764
SYNPCC7002_RS10050,SYNPCC7002_RS10040,0.0910417426126202
SYNPCC7002_RS14440,SYNPCC7002_RS16320,0.0910321786724463
SYNPCC7002_RS06540,SYNPCC7002_RS02370,0.0910030898810583
SYNPCC7002_RS11685,SYNPCC7002_RS13150,0.091002136622156
SYNPCC7002_RS01420,SYNPCC7002_RS02870,0.0909961317331151
SYNPCC7002_RS04650,SYNPCC7002_RS04585,0.0909949024947841
SYNPCC7002_RS09195,SYNPCC7002_RS13440,0.0909929702050887
SYNPCC7002_RS05135,SYNPCC7002_RS12120,0.0909786031086513
SYNPCC7002_RS04780,SYNPCC7002_RS08205,0.0909552257603625
SYNPCC7002_RS04890,SYNPCC7002_RS01585,0.0909551024858137
SYNPCC7002_RS04250,SYNPCC7002_RS12840,0.0909546320129561
SYNPCC7002_RS12395,SYNPCC7002_RS04245,0.0909432497866076
SYNPCC7002_RS05135,SYNPCC7002_RS01595,0.090942102603729
SYNPCC7002_RS01085,SYNPCC7002_RS11860,0.0909325307701269
SYNPCC7002_RS04680,SYNPCC7002_RS08730,0.0908872331404461
SYNPCC7002_RS12395,SYNPCC7002_RS03425,0.0908843585014969
SYNPCC7002_RS12395,SYNPCC7002_RS03090,0.0908835471384097
SYNPCC7002_RS12395,SYNPCC7002_RS00305,0.0908799032920585
SYNPCC7002_RS08965,SYNPCC7002_RS12745,0.0908772554965996
SYNPCC7002_RS00260,SYNPCC7002_RS06595,0.0908647752278078
SYNPCC7002_RS01335,SYNPCC7002_RS11420,0.0908614363231905
SYNPCC7002_RS00260,SYNPCC7002_RS09350,0.0908465937909405
SYNPCC7002_RS15255,SYNPCC7002_RS11465,0.0908435487608532
SYNPCC7002_RS05135,SYNPCC7002_RS12805,0.0907810812152186
SYNPCC7002_RS08965,SYNPCC7002_RS12025,0.0907453645219148
SYNPCC7002_RS08255,SYNPCC7002_RS00675,0.0907449114351303
SYNPCC7002_RS10050,SYNPCC7002_RS04410,0.0907390858003638
SYNPCC7002_RS09820,SYNPCC7002_RS05945,0.0907331024310676
SYNPCC7002_RS08390,SYNPCC7002_RS16110,0.0907116848555887
SYNPCC7002_RS04250,SYNPCC7002_RS04895,0.0906833470872323
SYNPCC7002_RS08965,SYNPCC7002_RS05740,0.0906819039535099
SYNPCC7002_RS10050,SYNPCC7002_RS16705,0.0906726101106217
SYNPCC7002_RS11400,SYNPCC7002_RS15235,0.0906713604158709
SYNPCC7002_RS09780,SYNPCC7002_RS14240,0.090641201897023
SYNPCC7002_RS12395,SYNPCC7002_RS07600,0.0906345049469085
SYNPCC7002_RS02715,SYNPCC7002_RS10195,0.0906267207860832
SYNPCC7002_RS11685,SYNPCC7002_RS10865,0.090621312015061
SYNPCC7002_RS08175,SYNPCC7002_RS05185,0.0906073327977854
SYNPCC7002_RS04890,SYNPCC7002_RS04110,0.0905952210091161
SYNPCC7002_RS08965,SYNPCC7002_RS03995,0.0905852968553538
SYNPCC7002_RS09780,SYNPCC7002_RS01185,0.0905815492367287
SYNPCC7002_RS03030,SYNPCC7002_RS10615,0.0905619729961247
SYNPCC7002_RS08965,SYNPCC7002_RS01790,0.0905505152838846
SYNPCC7002_RS05985,SYNPCC7002_RS09275,0.0905445257025365
SYNPCC7002_RS15520,SYNPCC7002_RS07375,0.0905416140509619
SYNPCC7002_RS15680,SYNPCC7002_RS08435,0.0905375907537883
SYNPCC7002_RS03030,SYNPCC7002_RS11880,0.0905293231686942
SYNPCC7002_RS04890,SYNPCC7002_RS16930,0.0905154236444531
SYNPCC7002_RS08965,SYNPCC7002_RS08425,0.0905100913929537
SYNPCC7002_RS03030,SYNPCC7002_RS07155,0.0905064845656284
SYNPCC7002_RS04890,SYNPCC7002_RS00265,0.0905010871269923
SYNPCC7002_RS09630,SYNPCC7002_RS14610,0.0905006966489155
SYNPCC7002_RS06540,SYNPCC7002_RS14140,0.090482755841137
SYNPCC7002_RS00650,SYNPCC7002_RS04465,0.0904736275590457
SYNPCC7002_RS04250,SYNPCC7002_RS00280,0.0904722159862975
SYNPCC7002_RS15255,SYNPCC7002_RS16655,0.0904705548794709
SYNPCC7002_RS04780,SYNPCC7002_RS13335,0.0904535275645437
SYNPCC7002_RS05135,SYNPCC7002_RS07775,0.0904504061684584
SYNPCC7002_RS09320,SYNPCC7002_RS08960,0.0904432220413628
SYNPCC7002_RS12090,SYNPCC7002_RS06935,0.0904035324684506
SYNPCC7002_RS08965,SYNPCC7002_RS10220,0.0903822224604116
SYNPCC7002_RS09320,SYNPCC7002_RS10485,0.0903719992997395
SYNPCC7002_RS04650,SYNPCC7002_RS11455,0.0903652219855367
SYNPCC7002_RS08390,SYNPCC7002_RS04330,0.0903497011706276
SYNPCC7002_RS15520,SYNPCC7002_RS04790,0.0903357055996139
SYNPCC7002_RS09780,SYNPCC7002_RS06885,0.0903325976427492
SYNPCC7002_RS09260,SYNPCC7002_RS09255,0.090324115000914
SYNPCC7002_RS07295,SYNPCC7002_RS13610,0.090323684857865
SYNPCC7002_RS11685,SYNPCC7002_RS10130,0.0903199812546705
SYNPCC7002_RS05985,SYNPCC7002_RS03790,0.0903192596394296
SYNPCC7002_RS09780,SYNPCC7002_RS02235,0.0903174431672482
SYNPCC7002_RS12395,SYNPCC7002_RS11515,0.0903110649639832
SYNPCC7002_RS03760,SYNPCC7002_RS02955,0.0902899379962059
SYNPCC7002_RS05135,SYNPCC7002_RS03290,0.0902892838982196
SYNPCC7002_RS12515,SYNPCC7002_RS10790,0.0902872111691789
SYNPCC7002_RS04780,SYNPCC7002_RS04690,0.090261993056338
SYNPCC7002_RS08965,SYNPCC7002_RS11285,0.0902567127167834
SYNPCC7002_RS12395,SYNPCC7002_RS05250,0.0902547376779304
SYNPCC7002_RS16160,SYNPCC7002_RS02070,0.0902469662927317
SYNPCC7002_RS03030,SYNPCC7002_RS00225,0.0902336054260915
SYNPCC7002_RS00650,SYNPCC7002_RS10220,0.0902318621884522
SYNPCC7002_RS08390,SYNPCC7002_RS14030,0.0902308121652155
SYNPCC7002_RS04650,SYNPCC7002_RS04850,0.090224990949693
SYNPCC7002_RS15255,SYNPCC7002_RS02065,0.0901980432804076
SYNPCC7002_RS09820,SYNPCC7002_RS09010,0.090190139455753
SYNPCC7002_RS08390,SYNPCC7002_RS01310,0.09017141788582
SYNPCC7002_RS09630,SYNPCC7002_RS04355,0.0901705701045182
SYNPCC7002_RS15680,SYNPCC7002_RS04835,0.090170305756084
SYNPCC7002_RS07385,SYNPCC7002_RS07215,0.0901534325295322
SYNPCC7002_RS08945,SYNPCC7002_RS02930,0.0901149387714467
SYNPCC7002_RS08390,SYNPCC7002_RS01410,0.0901060240045724
SYNPCC7002_RS12395,SYNPCC7002_RS04095,0.0900961852993736
SYNPCC7002_RS00690,SYNPCC7002_RS12335,0.0900734596511735
SYNPCC7002_RS12395,SYNPCC7002_RS07825,0.0900654264566624
SYNPCC7002_RS08965,SYNPCC7002_RS04390,0.0900556514929663
SYNPCC7002_RS09175,SYNPCC7002_RS04305,0.090054374279708
SYNPCC7002_RS04250,SYNPCC7002_RS01485,0.090048572510313
SYNPCC7002_RS05985,SYNPCC7002_RS04085,0.0900481789446189
SYNPCC7002_RS07385,SYNPCC7002_RS00220,0.090029450350687
SYNPCC7002_RS16320,SYNPCC7002_RS15305,0.0900207545810097
SYNPCC7002_RS03030,SYNPCC7002_RS03855,0.0899996807215794
SYNPCC7002_RS08965,SYNPCC7002_RS08960,0.0899867619254007
SYNPCC7002_RS04780,SYNPCC7002_RS08340,0.0899720728351405
SYNPCC7002_RS09780,SYNPCC7002_RS13630,0.0899619321998727
SYNPCC7002_RS00260,SYNPCC7002_RS10255,0.0899367851046898
SYNPCC7002_RS16160,SYNPCC7002_RS16715,0.0899055578303478
SYNPCC7002_RS04680,SYNPCC7002_RS08160,0.0899024683642459
SYNPCC7002_RS05135,SYNPCC7002_RS01745,0.0899003273892817
SYNPCC7002_RS02715,SYNPCC7002_RS03655,0.0898752287206176
SYNPCC7002_RS09630,SYNPCC7002_RS06325,0.0898714034280791
SYNPCC7002_RS09320,SYNPCC7002_RS10465,0.0898625327320123
SYNPCC7002_RS04650,SYNPCC7002_RS07195,0.0898569124422756
SYNPCC7002_RS00650,SYNPCC7002_RS09320,0.0898517321799494
SYNPCC7002_RS03030,SYNPCC7002_RS08955,0.0898494099776689
SYNPCC7002_RS08965,SYNPCC7002_RS01750,0.0898481022737097
SYNPCC7002_RS11685,SYNPCC7002_RS01865,0.0898474201840635
SYNPCC7002_RS00640,SYNPCC7002_RS00580,0.0898460975828432
SYNPCC7002_RS09195,SYNPCC7002_RS02280,0.0898212625397539
SYNPCC7002_RS10050,SYNPCC7002_RS06720,0.0898155440499013
SYNPCC7002_RS12395,SYNPCC7002_RS08555,0.0898110091735705
SYNPCC7002_RS14385,SYNPCC7002_RS14420,0.0897974395227861
SYNPCC7002_RS16160,SYNPCC7002_RS16125,0.0897968890014301
SYNPCC7002_RS05135,SYNPCC7002_RS05970,0.0897904953528662
SYNPCC7002_RS05135,SYNPCC7002_RS04640,0.0897894685656753
SYNPCC7002_RS07295,SYNPCC7002_RS14345,0.0897825115083796
SYNPCC7002_RS12515,SYNPCC7002_RS04780,0.089780456592593
SYNPCC7002_RS09320,SYNPCC7002_RS08950,0.0897659333140874
SYNPCC7002_RS08965,SYNPCC7002_RS02485,0.0897644318473916
SYNPCC7002_RS15520,SYNPCC7002_RS05420,0.0897632018212679
SYNPCC7002_RS00050,SYNPCC7002_RS00770,0.0897497752860822
SYNPCC7002_RS14790,SYNPCC7002_RS14765,0.0897417622687841
SYNPCC7002_RS10050,SYNPCC7002_RS00585,0.0897357902267849
SYNPCC7002_RS10145,SYNPCC7002_RS10730,0.0897332593824463
SYNPCC7002_RS05985,SYNPCC7002_RS04870,0.0897143797091113
SYNPCC7002_RS12395,SYNPCC7002_RS05180,0.0897126985567502
SYNPCC7002_RS04780,SYNPCC7002_RS01265,0.0897050820827923
SYNPCC7002_RS04250,SYNPCC7002_RS09965,0.0897011835583069
SYNPCC7002_RS00650,SYNPCC7002_RS12115,0.0896804814550677
SYNPCC7002_RS09320,SYNPCC7002_RS01555,0.0896734190823021
SYNPCC7002_RS07295,SYNPCC7002_RS03100,0.0896720181050192
SYNPCC7002_RS07385,SYNPCC7002_RS02875,0.0896578563052128
SYNPCC7002_RS06150,SYNPCC7002_RS03600,0.0896573281218302
SYNPCC7002_RS05135,SYNPCC7002_RS04535,0.0896557166415601
SYNPCC7002_RS01420,SYNPCC7002_RS12240,0.0896536240390742
SYNPCC7002_RS08390,SYNPCC7002_RS15510,0.089652116826315
SYNPCC7002_RS09630,SYNPCC7002_RS11720,0.0896300491276939
SYNPCC7002_RS05135,SYNPCC7002_RS05195,0.0896218174484623
SYNPCC7002_RS02715,SYNPCC7002_RS11425,0.0896074986537435
SYNPCC7002_RS09780,SYNPCC7002_RS14755,0.0896053956523774
SYNPCC7002_RS04780,SYNPCC7002_RS13020,0.089580747954081
SYNPCC7002_RS08390,SYNPCC7002_RS06855,0.0895724840613473
SYNPCC7002_RS04890,SYNPCC7002_RS00270,0.0895702411554531
SYNPCC7002_RS08255,SYNPCC7002_RS15350,0.0895651362031417
SYNPCC7002_RS01420,SYNPCC7002_RS05170,0.0895616860668696
SYNPCC7002_RS08255,SYNPCC7002_RS02105,0.0895531660797121
SYNPCC7002_RS05135,SYNPCC7002_RS09035,0.0895517928542568
SYNPCC7002_RS04650,SYNPCC7002_RS06280,0.0895391056827192
SYNPCC7002_RS10050,SYNPCC7002_RS03535,0.0895268951777399
SYNPCC7002_RS05985,SYNPCC7002_RS05020,0.0895192753122405
SYNPCC7002_RS09995,SYNPCC7002_RS10615,0.0895148064266794
SYNPCC7002_RS08965,SYNPCC7002_RS06890,0.0895077115540886
SYNPCC7002_RS05135,SYNPCC7002_RS02405,0.089497830046301
SYNPCC7002_RS04890,SYNPCC7002_RS10210,0.0894887353292417
SYNPCC7002_RS11685,SYNPCC7002_RS08670,0.0894866088013951
SYNPCC7002_RS12395,SYNPCC7002_RS08780,0.0894846811569799
SYNPCC7002_RS15680,SYNPCC7002_RS09310,0.0894786855146808
SYNPCC7002_RS06150,SYNPCC7002_RS00950,0.0894761944443617
SYNPCC7002_RS02715,SYNPCC7002_RS15125,0.0894661031411185
SYNPCC7002_RS08255,SYNPCC7002_RS00595,0.0894407465719884
SYNPCC7002_RS00050,SYNPCC7002_RS13395,0.0894317039309648
SYNPCC7002_RS15680,SYNPCC7002_RS13185,0.0894198131267184
SYNPCC7002_RS15995,SYNPCC7002_RS11715,0.089411904089972
SYNPCC7002_RS09320,SYNPCC7002_RS08745,0.089407930833881
SYNPCC7002_RS00260,SYNPCC7002_RS08530,0.0894007992126974
SYNPCC7002_RS08965,SYNPCC7002_RS01380,0.0893945328217217
SYNPCC7002_RS07385,SYNPCC7002_RS01670,0.0893780307160687
SYNPCC7002_RS04780,SYNPCC7002_RS14975,0.0893616431366802
SYNPCC7002_RS04890,SYNPCC7002_RS04565,0.0893506662080691
SYNPCC7002_RS09320,SYNPCC7002_RS12025,0.089349393531856
SYNPCC7002_RS04890,SYNPCC7002_RS06720,0.0893410048394419
SYNPCC7002_RS12395,SYNPCC7002_RS12405,0.0893188406261922
SYNPCC7002_RS12395,SYNPCC7002_RS03290,0.089308847670352
SYNPCC7002_RS12395,SYNPCC7002_RS01925,0.0893006056365834
SYNPCC7002_RS10050,SYNPCC7002_RS16815,0.0892671765088281
SYNPCC7002_RS12395,SYNPCC7002_RS09785,0.0892656979218636
SYNPCC7002_RS05135,SYNPCC7002_RS12690,0.0892651834771011
SYNPCC7002_RS03030,SYNPCC7002_RS13570,0.0892608776626582
SYNPCC7002_RS15255,SYNPCC7002_RS09310,0.0892574797647197
SYNPCC7002_RS09780,SYNPCC7002_RS13745,0.0892528014341993
SYNPCC7002_RS08965,SYNPCC7002_RS13070,0.0892521989372196
SYNPCC7002_RS04780,SYNPCC7002_RS14155,0.0892385851312501
SYNPCC7002_RS08390,SYNPCC7002_RS12755,0.0892378804121491
SYNPCC7002_RS15520,SYNPCC7002_RS10620,0.0892242583216635
SYNPCC7002_RS01420,SYNPCC7002_RS07625,0.0892220808286786
SYNPCC7002_RS15680,SYNPCC7002_RS04880,0.0892220072700688
SYNPCC7002_RS09995,SYNPCC7002_RS02935,0.0892192834236673
SYNPCC7002_RS08965,SYNPCC7002_RS16685,0.0892168911296913
SYNPCC7002_RS07385,SYNPCC7002_RS08095,0.0891976283833321
SYNPCC7002_RS02715,SYNPCC7002_RS14400,0.0891973945240468
SYNPCC7002_RS04890,SYNPCC7002_RS07355,0.0891824522335678
SYNPCC7002_RS09320,SYNPCC7002_RS07480,0.0891766929810454
SYNPCC7002_RS05135,SYNPCC7002_RS12670,0.0891753000489736
SYNPCC7002_RS08965,SYNPCC7002_RS04725,0.0891724274497663
SYNPCC7002_RS08860,SYNPCC7002_RS09500,0.0891574392840989
SYNPCC7002_RS04780,SYNPCC7002_RS03545,0.0891539439345502
SYNPCC7002_RS01335,SYNPCC7002_RS09625,0.0891481390970834
SYNPCC7002_RS15520,SYNPCC7002_RS09550,0.0891447498315261
SYNPCC7002_RS03030,SYNPCC7002_RS14120,0.089139208321833
SYNPCC7002_RS12395,SYNPCC7002_RS11585,0.0891386834042395
SYNPCC7002_RS07385,SYNPCC7002_RS10520,0.0891372972443189
SYNPCC7002_RS09820,SYNPCC7002_RS04050,0.0891168826138226
SYNPCC7002_RS12395,SYNPCC7002_RS00465,0.0891131872056166
SYNPCC7002_RS11400,SYNPCC7002_RS09125,0.0891109950146447
SYNPCC7002_RS10050,SYNPCC7002_RS07770,0.089107993101515
SYNPCC7002_RS04780,SYNPCC7002_RS15280,0.0890941416803875
SYNPCC7002_RS15680,SYNPCC7002_RS02060,0.0890906730950923
SYNPCC7002_RS01420,SYNPCC7002_RS17230,0.0890839362985369
SYNPCC7002_RS08390,SYNPCC7002_RS09685,0.0890807744737544
SYNPCC7002_RS09780,SYNPCC7002_RS01765,0.0890766592804137
SYNPCC7002_RS12395,SYNPCC7002_RS00370,0.0890745530289848
SYNPCC7002_RS09420,SYNPCC7002_RS14320,0.089072605683963
SYNPCC7002_RS08390,SYNPCC7002_RS05725,0.0890673044081441
SYNPCC7002_RS10050,SYNPCC7002_RS10020,0.0890619846364796
SYNPCC7002_RS09420,SYNPCC7002_RS14325,0.0890570041646915
SYNPCC7002_RS08965,SYNPCC7002_RS10905,0.0890459129184346
SYNPCC7002_RS05135,SYNPCC7002_RS16510,0.0890334457729385
SYNPCC7002_RS05460,SYNPCC7002_RS16990,0.0890331574948762
SYNPCC7002_RS03030,SYNPCC7002_RS03015,0.0890256702097911
SYNPCC7002_RS05460,SYNPCC7002_RS02415,0.0890238534765498
SYNPCC7002_RS08390,SYNPCC7002_RS03695,0.0890236338599781
SYNPCC7002_RS05460,SYNPCC7002_RS14425,0.0890104574540602
SYNPCC7002_RS08945,SYNPCC7002_RS13425,0.0890085690501603
SYNPCC7002_RS01420,SYNPCC7002_RS16510,0.0890020724335193
SYNPCC7002_RS05135,SYNPCC7002_RS04840,0.0889994778837683
SYNPCC7002_RS07385,SYNPCC7002_RS00130,0.0889810898392216
SYNPCC7002_RS04890,SYNPCC7002_RS07940,0.0889575630571746
SYNPCC7002_RS12395,SYNPCC7002_RS07835,0.0889505305242989
SYNPCC7002_RS08255,SYNPCC7002_RS00560,0.0889443164729373
SYNPCC7002_RS05985,SYNPCC7002_RS02235,0.0889442623681401
SYNPCC7002_RS03030,SYNPCC7002_RS07980,0.0889326486052828
SYNPCC7002_RS09780,SYNPCC7002_RS04140,0.0889151650375721
SYNPCC7002_RS10050,SYNPCC7002_RS10610,0.0889107945533453
SYNPCC7002_RS16320,SYNPCC7002_RS13175,0.0889088581074523
SYNPCC7002_RS16320,SYNPCC7002_RS14760,0.088906198840892
SYNPCC7002_RS04780,SYNPCC7002_RS15585,0.0888961288660947
SYNPCC7002_RS08175,SYNPCC7002_RS08430,0.0888784651408244
SYNPCC7002_RS15520,SYNPCC7002_RS01540,0.0888710921954914
SYNPCC7002_RS05135,SYNPCC7002_RS00465,0.088861319260683
SYNPCC7002_RS05135,SYNPCC7002_RS10890,0.0888117625680267
SYNPCC7002_RS11400,SYNPCC7002_RS06300,0.0888101213945981
SYNPCC7002_RS04890,SYNPCC7002_RS06175,0.0888084285435198
SYNPCC7002_RS06540,SYNPCC7002_RS17065,0.0888035039216048
SYNPCC7002_RS04650,SYNPCC7002_RS06320,0.0887980617600607
SYNPCC7002_RS10050,SYNPCC7002_RS15055,0.0887802323891367
SYNPCC7002_RS05135,SYNPCC7002_RS07115,0.0887781697312218
SYNPCC7002_RS07385,SYNPCC7002_RS08985,0.0887763348901472
SYNPCC7002_RS11685,SYNPCC7002_RS04565,0.0887745600626347
SYNPCC7002_RS12395,SYNPCC7002_RS05245,0.088760892146959
SYNPCC7002_RS12395,SYNPCC7002_RS07725,0.0887557438929948
SYNPCC7002_RS08965,SYNPCC7002_RS15225,0.0887409819218042
SYNPCC7002_RS12105,SYNPCC7002_RS12845,0.0887364457002768
SYNPCC7002_RS08390,SYNPCC7002_RS02375,0.088733203529013
SYNPCC7002_RS00050,SYNPCC7002_RS16440,0.0887293932048793
SYNPCC7002_RS05135,SYNPCC7002_RS08190,0.0887290364144247
SYNPCC7002_RS01335,SYNPCC7002_RS12325,0.0887259988703913
SYNPCC7002_RS00640,SYNPCC7002_RS04425,0.0887188053687574
SYNPCC7002_RS03030,SYNPCC7002_RS09830,0.088704758201873
SYNPCC7002_RS00640,SYNPCC7002_RS08625,0.088704222715257
SYNPCC7002_RS15410,SYNPCC7002_RS12920,0.0886848942766686
SYNPCC7002_RS05460,SYNPCC7002_RS15990,0.0886791993711676
SYNPCC7002_RS04890,SYNPCC7002_RS15085,0.0886693979528798
SYNPCC7002_RS04250,SYNPCC7002_RS00525,0.0886688722181939
SYNPCC7002_RS00050,SYNPCC7002_RS06230,0.0886603729913586
SYNPCC7002_RS05460,SYNPCC7002_RS15075,0.0886419425251999
SYNPCC7002_RS04780,SYNPCC7002_RS10415,0.0886403477540666
SYNPCC7002_RS03030,SYNPCC7002_RS07315,0.0886269291575277
SYNPCC7002_RS03295,SYNPCC7002_RS01965,0.0886147293205784
SYNPCC7002_RS04250,SYNPCC7002_RS01400,0.0886090997228812
SYNPCC7002_RS10050,SYNPCC7002_RS04110,0.0885985413755771
SYNPCC7002_RS11400,SYNPCC7002_RS05855,0.0885949392857085
SYNPCC7002_RS02715,SYNPCC7002_RS13190,0.0885929023504428
SYNPCC7002_RS06150,SYNPCC7002_RS11740,0.088591224689444
SYNPCC7002_RS01085,SYNPCC7002_RS07165,0.0885885173890243
SYNPCC7002_RS02715,SYNPCC7002_RS00580,0.08858653621183
SYNPCC7002_RS05135,SYNPCC7002_RS03660,0.0885799664792706
SYNPCC7002_RS09320,SYNPCC7002_RS09215,0.0885786969947033
SYNPCC7002_RS09820,SYNPCC7002_RS01245,0.0885765625358692
SYNPCC7002_RS04890,SYNPCC7002_RS03055,0.0885602056892856
SYNPCC7002_RS04680,SYNPCC7002_RS08120,0.0885572343718666
SYNPCC7002_RS09820,SYNPCC7002_RS03415,0.0885513029914087
SYNPCC7002_RS02715,SYNPCC7002_RS04310,0.0885478271570772
SYNPCC7002_RS02455,SYNPCC7002_RS06945,0.088542327349515
SYNPCC7002_RS03295,SYNPCC7002_RS01950,0.0885405422124499
SYNPCC7002_RS04890,SYNPCC7002_RS13060,0.0885380584092251
SYNPCC7002_RS05985,SYNPCC7002_RS05430,0.0885317299657307
SYNPCC7002_RS15520,SYNPCC7002_RS10640,0.0885266515818484
SYNPCC7002_RS15680,SYNPCC7002_RS05105,0.0885183317610007
SYNPCC7002_RS01335,SYNPCC7002_RS15945,0.0885147504220364
SYNPCC7002_RS10050,SYNPCC7002_RS01170,0.0885073993534542
SYNPCC7002_RS00650,SYNPCC7002_RS13470,0.0884981608751682
SYNPCC7002_RS15520,SYNPCC7002_RS12030,0.0884830172733061
SYNPCC7002_RS10050,SYNPCC7002_RS06025,0.0884729367064147
SYNPCC7002_RS04650,SYNPCC7002_RS08665,0.0884718078936267
SYNPCC7002_RS15995,SYNPCC7002_RS05680,0.0884631959245168
SYNPCC7002_RS14790,SYNPCC7002_RS05325,0.0884599523874635
SYNPCC7002_RS01800,SYNPCC7002_RS12450,0.0884493011059634
SYNPCC7002_RS08965,SYNPCC7002_RS07385,0.0884307647470781
SYNPCC7002_RS04890,SYNPCC7002_RS16960,0.0884234368996296
SYNPCC7002_RS00050,SYNPCC7002_RS16605,0.0884183865162886
SYNPCC7002_RS04780,SYNPCC7002_RS04710,0.088417990148646
SYNPCC7002_RS09820,SYNPCC7002_RS06835,0.0884017023459761
SYNPCC7002_RS08965,SYNPCC7002_RS04730,0.0883832324092548
SYNPCC7002_RS03760,SYNPCC7002_RS01760,0.0883720441026119
SYNPCC7002_RS01800,SYNPCC7002_RS08765,0.0883662835738328
SYNPCC7002_RS08175,SYNPCC7002_RS03410,0.0883603068468624
SYNPCC7002_RS08965,SYNPCC7002_RS09730,0.088359343294629
SYNPCC7002_RS03760,SYNPCC7002_RS10110,0.0883530360377462
SYNPCC7002_RS08390,SYNPCC7002_RS00325,0.0883443788453833
SYNPCC7002_RS09820,SYNPCC7002_RS05460,0.088343179011857
SYNPCC7002_RS06005,SYNPCC7002_RS07135,0.0883311358845981
SYNPCC7002_RS08390,SYNPCC7002_RS15800,0.0883231810940857
SYNPCC7002_RS03295,SYNPCC7002_RS01545,0.0883213592932456
SYNPCC7002_RS04650,SYNPCC7002_RS04115,0.0883142689669139
SYNPCC7002_RS11400,SYNPCC7002_RS12625,0.0883117325945471
SYNPCC7002_RS06150,SYNPCC7002_RS14965,0.0883113730967859
SYNPCC7002_RS02715,SYNPCC7002_RS14165,0.0883092225719578
SYNPCC7002_RS01335,SYNPCC7002_RS15470,0.0883050014656583
SYNPCC7002_RS14790,SYNPCC7002_RS04665,0.0883006401759641
SYNPCC7002_RS08210,SYNPCC7002_RS12225,0.0883006192869946
SYNPCC7002_RS09995,SYNPCC7002_RS01380,0.0882916567759539
SYNPCC7002_RS15680,SYNPCC7002_RS15605,0.0882760668653351
SYNPCC7002_RS05460,SYNPCC7002_RS10820,0.088274082806998
SYNPCC7002_RS03030,SYNPCC7002_RS01060,0.0882662660866567
SYNPCC7002_RS05460,SYNPCC7002_RS00105,0.0882411425006526
SYNPCC7002_RS12395,SYNPCC7002_RS07775,0.0882386975994748
SYNPCC7002_RS07385,SYNPCC7002_RS16190,0.0882248817114796
SYNPCC7002_RS09780,SYNPCC7002_RS07575,0.0882222592064281
SYNPCC7002_RS05985,SYNPCC7002_RS17015,0.0882213247302086
SYNPCC7002_RS09175,SYNPCC7002_RS15495,0.0882039897671477
SYNPCC7002_RS04890,SYNPCC7002_RS10855,0.0882017234305296
SYNPCC7002_RS11400,SYNPCC7002_RS00115,0.0881932382425871
SYNPCC7002_RS15410,SYNPCC7002_RS07635,0.0881912725035678
SYNPCC7002_RS07295,SYNPCC7002_RS15070,0.0881831589621552
SYNPCC7002_RS04780,SYNPCC7002_RS04445,0.0881757513680825
SYNPCC7002_RS07385,SYNPCC7002_RS04755,0.0881717176628592
SYNPCC7002_RS08965,SYNPCC7002_RS03565,0.0881470881161805
SYNPCC7002_RS04650,SYNPCC7002_RS06285,0.0881465242636737
SYNPCC7002_RS02715,SYNPCC7002_RS03660,0.0881232539704815
SYNPCC7002_RS04650,SYNPCC7002_RS10705,0.0881153010416717
SYNPCC7002_RS00640,SYNPCC7002_RS14620,0.0881138218195238
SYNPCC7002_RS06540,SYNPCC7002_RS05610,0.088112689029979
SYNPCC7002_RS02715,SYNPCC7002_RS13210,0.0881089714698856
SYNPCC7002_RS08390,SYNPCC7002_RS04750,0.0881054790007765
SYNPCC7002_RS05460,SYNPCC7002_RS13000,0.0880978321347213
SYNPCC7002_RS09820,SYNPCC7002_RS05030,0.0880864329827005
SYNPCC7002_RS08860,SYNPCC7002_RS00915,0.0880754004786383
SYNPCC7002_RS02715,SYNPCC7002_RS11860,0.088065601621068
SYNPCC7002_RS08965,SYNPCC7002_RS01035,0.0880646027866836
SYNPCC7002_RS12395,SYNPCC7002_RS06580,0.0880583583678271
SYNPCC7002_RS01420,SYNPCC7002_RS03430,0.08804868025951
SYNPCC7002_RS09820,SYNPCC7002_RS13735,0.0880410646053009
SYNPCC7002_RS03030,SYNPCC7002_RS10880,0.0880379424948534
SYNPCC7002_RS06540,SYNPCC7002_RS11225,0.0880362872240587
SYNPCC7002_RS09175,SYNPCC7002_RS02390,0.0880356862000468
SYNPCC7002_RS09780,SYNPCC7002_RS02770,0.0880270100206201
SYNPCC7002_RS15520,SYNPCC7002_RS01460,0.0880249176717951
SYNPCC7002_RS12395,SYNPCC7002_RS03740,0.088021199509024
SYNPCC7002_RS08965,SYNPCC7002_RS13715,0.0880154753061213
SYNPCC7002_RS08255,SYNPCC7002_RS04885,0.0880122316224046
SYNPCC7002_RS05135,SYNPCC7002_RS07625,0.088006033490215
SYNPCC7002_RS08945,SYNPCC7002_RS00720,0.0880018025343073
SYNPCC7002_RS16160,SYNPCC7002_RS16670,0.08798780313892
SYNPCC7002_RS09630,SYNPCC7002_RS15010,0.0879877307681619
SYNPCC7002_RS00640,SYNPCC7002_RS10930,0.0879864730213483
SYNPCC7002_RS08255,SYNPCC7002_RS08855,0.0879847998993332
SYNPCC7002_RS02715,SYNPCC7002_RS04305,0.0879818248892886
SYNPCC7002_RS09320,SYNPCC7002_RS01250,0.0879801234134316
SYNPCC7002_RS04680,SYNPCC7002_RS15780,0.0879788425972733
SYNPCC7002_RS00650,SYNPCC7002_RS13375,0.0879648920979187
SYNPCC7002_RS08965,SYNPCC7002_RS02275,0.0879591409150365
SYNPCC7002_RS01420,SYNPCC7002_RS01925,0.0879555473290553
SYNPCC7002_RS04250,SYNPCC7002_RS11115,0.0879555362551467
SYNPCC7002_RS08255,SYNPCC7002_RS00705,0.087928188199884
SYNPCC7002_RS08965,SYNPCC7002_RS03590,0.0879280116241954
SYNPCC7002_RS11685,SYNPCC7002_RS10870,0.0879240102066888
SYNPCC7002_RS08175,SYNPCC7002_RS04495,0.0879077326739503
SYNPCC7002_RS03030,SYNPCC7002_RS07080,0.087901191881638
SYNPCC7002_RS09780,SYNPCC7002_RS04880,0.0878984708807847
SYNPCC7002_RS05460,SYNPCC7002_RS08885,0.0878979887604356
SYNPCC7002_RS12090,SYNPCC7002_RS01870,0.0878738098500426
SYNPCC7002_RS10050,SYNPCC7002_RS07585,0.0878727991544139
SYNPCC7002_RS09320,SYNPCC7002_RS16685,0.0878623328811176
SYNPCC7002_RS02715,SYNPCC7002_RS07950,0.087839824995296
SYNPCC7002_RS05135,SYNPCC7002_RS05390,0.0878364018610552
SYNPCC7002_RS09995,SYNPCC7002_RS02245,0.0878320525819908
SYNPCC7002_RS04890,SYNPCC7002_RS09460,0.087825964756938
SYNPCC7002_RS08390,SYNPCC7002_RS03190,0.0878179172239801
SYNPCC7002_RS12395,SYNPCC7002_RS16935,0.087816134584203
SYNPCC7002_RS09780,SYNPCC7002_RS15475,0.0878156365678485
SYNPCC7002_RS08175,SYNPCC7002_RS00610,0.0878144437118244
SYNPCC7002_RS03760,SYNPCC7002_RS07075,0.087811663512636
SYNPCC7002_RS08390,SYNPCC7002_RS01440,0.0877935968133962
SYNPCC7002_RS08390,SYNPCC7002_RS00150,0.0877906280737303
SYNPCC7002_RS07385,SYNPCC7002_RS06820,0.087789613830621
SYNPCC7002_RS02455,SYNPCC7002_RS10645,0.0877848363821864
SYNPCC7002_RS09320,SYNPCC7002_RS12415,0.087778683601886
SYNPCC7002_RS08210,SYNPCC7002_RS12030,0.0877760772761933
SYNPCC7002_RS05135,SYNPCC7002_RS15090,0.0877476419478808
SYNPCC7002_RS14440,SYNPCC7002_RS09860,0.0877446902399342
SYNPCC7002_RS04780,SYNPCC7002_RS09620,0.0877332340519335
SYNPCC7002_RS05985,SYNPCC7002_RS04540,0.0877251202542356
SYNPCC7002_RS05135,SYNPCC7002_RS05100,0.0877215061808232
SYNPCC7002_RS09845,SYNPCC7002_RS01685,0.0877156214114298
SYNPCC7002_RS05460,SYNPCC7002_RS03950,0.0877088675900396
SYNPCC7002_RS09630,SYNPCC7002_RS02625,0.0877071919215516
SYNPCC7002_RS15680,SYNPCC7002_RS14645,0.0877024563310693
SYNPCC7002_RS04780,SYNPCC7002_RS15510,0.0877010900722821
SYNPCC7002_RS05460,SYNPCC7002_RS05665,0.0876953154617958
SYNPCC7002_RS08860,SYNPCC7002_RS12980,0.0876939019657087
SYNPCC7002_RS11400,SYNPCC7002_RS06925,0.0876882823160764
SYNPCC7002_RS08965,SYNPCC7002_RS13470,0.0876867026653546
SYNPCC7002_RS08860,SYNPCC7002_RS17115,0.0876864438786276
SYNPCC7002_RS08965,SYNPCC7002_RS07210,0.0876831619393552
SYNPCC7002_RS15680,SYNPCC7002_RS10560,0.0876710610935356
SYNPCC7002_RS08210,SYNPCC7002_RS06880,0.0876675599719711
SYNPCC7002_RS04650,SYNPCC7002_RS12510,0.0876616555556662
SYNPCC7002_RS04650,SYNPCC7002_RS01740,0.0876601382066557
SYNPCC7002_RS08965,SYNPCC7002_RS05380,0.0876584763971187
SYNPCC7002_RS15680,SYNPCC7002_RS15140,0.0876570609834776
SYNPCC7002_RS00050,SYNPCC7002_RS16995,0.0876450780678504
SYNPCC7002_RS03760,SYNPCC7002_RS10100,0.0876369417444116
SYNPCC7002_RS11400,SYNPCC7002_RS06415,0.087601462498694
SYNPCC7002_RS08390,SYNPCC7002_RS13355,0.0876002027656799
SYNPCC7002_RS11685,SYNPCC7002_RS12395,0.0875973909416429
SYNPCC7002_RS00050,SYNPCC7002_RS10030,0.0875881823284422
SYNPCC7002_RS15255,SYNPCC7002_RS05105,0.0875801740760069
SYNPCC7002_RS09175,SYNPCC7002_RS07675,0.0875716098193181
SYNPCC7002_RS08175,SYNPCC7002_RS06565,0.08756524243558
SYNPCC7002_RS09630,SYNPCC7002_RS17225,0.0875540822350377
SYNPCC7002_RS04890,SYNPCC7002_RS05130,0.0875479561502566
SYNPCC7002_RS03030,SYNPCC7002_RS08210,0.087524327780799
SYNPCC7002_RS11685,SYNPCC7002_RS03525,0.087522634445462
SYNPCC7002_RS11400,SYNPCC7002_RS01295,0.087513780191441
SYNPCC7002_RS01420,SYNPCC7002_RS03610,0.0875116585830028
SYNPCC7002_RS12395,SYNPCC7002_RS03060,0.0875103494106437
SYNPCC7002_RS09320,SYNPCC7002_RS04810,0.0874974648867119
SYNPCC7002_RS00050,SYNPCC7002_RS04095,0.0874944740929394
SYNPCC7002_RS14385,SYNPCC7002_RS13940,0.0874924433805072
SYNPCC7002_RS09320,SYNPCC7002_RS11490,0.0874900877629511
SYNPCC7002_RS09780,SYNPCC7002_RS04180,0.0874858097793616
SYNPCC7002_RS16320,SYNPCC7002_RS14440,0.0874822283340571
SYNPCC7002_RS09780,SYNPCC7002_RS17175,0.0874729513768219
SYNPCC7002_RS10050,SYNPCC7002_RS08995,0.0874724176444872
SYNPCC7002_RS09780,SYNPCC7002_RS15135,0.0874606805684003
SYNPCC7002_RS04890,SYNPCC7002_RS05425,0.0874555562433424
SYNPCC7002_RS10050,SYNPCC7002_RS01325,0.0874554820255244
SYNPCC7002_RS10050,SYNPCC7002_RS12435,0.0874498357110129
SYNPCC7002_RS09780,SYNPCC7002_RS04270,0.0874210921472051
SYNPCC7002_RS05135,SYNPCC7002_RS12460,0.0873894411682355
SYNPCC7002_RS16320,SYNPCC7002_RS15325,0.0873819031377442
SYNPCC7002_RS12395,SYNPCC7002_RS07770,0.08737495038257
SYNPCC7002_RS04250,SYNPCC7002_RS12015,0.0873699726103089
SYNPCC7002_RS15410,SYNPCC7002_RS05785,0.0873677363520282
SYNPCC7002_RS05985,SYNPCC7002_RS17025,0.0873621669559493
SYNPCC7002_RS14790,SYNPCC7002_RS10305,0.0873581996277833
SYNPCC7002_RS15680,SYNPCC7002_RS14610,0.0873549925966671
SYNPCC7002_RS16320,SYNPCC7002_RS05920,0.0873496388044794
SYNPCC7002_RS03760,SYNPCC7002_RS03730,0.0873377812340683
SYNPCC7002_RS09780,SYNPCC7002_RS05325,0.0873288392345407
SYNPCC7002_RS11685,SYNPCC7002_RS11530,0.0873261123961563
SYNPCC7002_RS02715,SYNPCC7002_RS13050,0.0873151404829601
SYNPCC7002_RS10050,SYNPCC7002_RS10950,0.0873124475989936
SYNPCC7002_RS06540,SYNPCC7002_RS07105,0.0873015404085195
SYNPCC7002_RS09320,SYNPCC7002_RS00470,0.0872966751744418
SYNPCC7002_RS02455,SYNPCC7002_RS10430,0.0872902494523029
SYNPCC7002_RS09995,SYNPCC7002_RS04955,0.0872831274450825
SYNPCC7002_RS15680,SYNPCC7002_RS03945,0.0872757216495249
SYNPCC7002_RS09820,SYNPCC7002_RS12995,0.0872651027944701
SYNPCC7002_RS08860,SYNPCC7002_RS07005,0.0872494118259193
SYNPCC7002_RS04890,SYNPCC7002_RS03290,0.0872491321799996
SYNPCC7002_RS15520,SYNPCC7002_RS09320,0.0872433713716449
SYNPCC7002_RS09630,SYNPCC7002_RS11435,0.0872378426616311
SYNPCC7002_RS08210,SYNPCC7002_RS13340,0.0872374115097368
SYNPCC7002_RS15255,SYNPCC7002_RS14435,0.0872077648232385
SYNPCC7002_RS09320,SYNPCC7002_RS06950,0.087201490089162
SYNPCC7002_RS12090,SYNPCC7002_RS02930,0.0871958421862707
SYNPCC7002_RS01335,SYNPCC7002_RS07620,0.0871863101755992
SYNPCC7002_RS15520,SYNPCC7002_RS11435,0.0871772859617717
SYNPCC7002_RS08965,SYNPCC7002_RS05490,0.0871708828534333
SYNPCC7002_RS11685,SYNPCC7002_RS00345,0.0871685826742095
SYNPCC7002_RS00650,SYNPCC7002_RS05700,0.0871650572763642
SYNPCC7002_RS10050,SYNPCC7002_RS14455,0.0871398367051804
SYNPCC7002_RS04780,SYNPCC7002_RS09290,0.0871386489938282
SYNPCC7002_RS15680,SYNPCC7002_RS16955,0.0871383216873129
SYNPCC7002_RS10050,SYNPCC7002_RS09410,0.0871375024070153
SYNPCC7002_RS04780,SYNPCC7002_RS12290,0.0871348927687269
SYNPCC7002_RS08255,SYNPCC7002_RS01565,0.0871272247111114
SYNPCC7002_RS12515,SYNPCC7002_RS12765,0.0871166855644744
SYNPCC7002_RS09420,SYNPCC7002_RS12550,0.0871143415841803
SYNPCC7002_RS05135,SYNPCC7002_RS02300,0.0871070625279953
SYNPCC7002_RS08390,SYNPCC7002_RS03840,0.0870976550450267
SYNPCC7002_RS08390,SYNPCC7002_RS05340,0.0870961385480627
SYNPCC7002_RS12515,SYNPCC7002_RS09605,0.0870952865142051
SYNPCC7002_RS08965,SYNPCC7002_RS10910,0.0870882093170283
SYNPCC7002_RS01420,SYNPCC7002_RS01785,0.0870856535471851
SYNPCC7002_RS05985,SYNPCC7002_RS12845,0.0870849993114314
SYNPCC7002_RS04250,SYNPCC7002_RS14295,0.0870826628049536
SYNPCC7002_RS15680,SYNPCC7002_RS14395,0.0870808895746468
SYNPCC7002_RS05460,SYNPCC7002_RS05150,0.0870800839059446
SYNPCC7002_RS06540,SYNPCC7002_RS01615,0.0870774302721183
SYNPCC7002_RS08255,SYNPCC7002_RS09990,0.0870685153319909
SYNPCC7002_RS09320,SYNPCC7002_RS04450,0.0870604880200048
SYNPCC7002_RS12395,SYNPCC7002_RS05240,0.0870579022060428
SYNPCC7002_RS09320,SYNPCC7002_RS09490,0.0870562423167033
SYNPCC7002_RS12105,SYNPCC7002_RS09275,0.0870557820115637
SYNPCC7002_RS10050,SYNPCC7002_RS14250,0.0870475675897134
SYNPCC7002_RS02715,SYNPCC7002_RS06845,0.0870453910983661
SYNPCC7002_RS14440,SYNPCC7002_RS13940,0.0870378103548541
SYNPCC7002_RS08965,SYNPCC7002_RS13980,0.0870256081103141
SYNPCC7002_RS05460,SYNPCC7002_RS03160,0.0870243366823572
SYNPCC7002_RS09320,SYNPCC7002_RS08425,0.0870183968837489
SYNPCC7002_RS16320,SYNPCC7002_RS16310,0.0870132394883615
SYNPCC7002_RS04780,SYNPCC7002_RS11940,0.0870020799880434
SYNPCC7002_RS05135,SYNPCC7002_RS16935,0.0869970736240481
SYNPCC7002_RS05135,SYNPCC7002_RS07605,0.0869969461277513
SYNPCC7002_RS05135,SYNPCC7002_RS09370,0.086989611097311
SYNPCC7002_RS03950,SYNPCC7002_RS02185,0.0869828677445126
SYNPCC7002_RS01085,SYNPCC7002_RS07960,0.0869802448600221
SYNPCC7002_RS00640,SYNPCC7002_RS14490,0.0869769828384402
SYNPCC7002_RS03030,SYNPCC7002_RS00220,0.0869659586620101
SYNPCC7002_RS09320,SYNPCC7002_RS04600,0.0869634520081976
SYNPCC7002_RS10145,SYNPCC7002_RS03990,0.0869604934369887
SYNPCC7002_RS01085,SYNPCC7002_RS00805,0.0869401622210118
SYNPCC7002_RS09630,SYNPCC7002_RS10635,0.0869351426906049
SYNPCC7002_RS00690,SYNPCC7002_RS07095,0.0869344867585424
SYNPCC7002_RS05135,SYNPCC7002_RS11450,0.0869295279179446
SYNPCC7002_RS04680,SYNPCC7002_RS03860,0.086921921269227
SYNPCC7002_RS01800,SYNPCC7002_RS02460,0.0869194077044035
SYNPCC7002_RS11685,SYNPCC7002_RS01785,0.0869178308063784
SYNPCC7002_RS04290,SYNPCC7002_RS01970,0.0869078324432847
SYNPCC7002_RS15520,SYNPCC7002_RS07280,0.0869045437062369
SYNPCC7002_RS09780,SYNPCC7002_RS05070,0.0869013275689117
SYNPCC7002_RS08255,SYNPCC7002_RS07055,0.086897292994039
SYNPCC7002_RS03030,SYNPCC7002_RS09740,0.086893977181004
SYNPCC7002_RS04780,SYNPCC7002_RS09265,0.0868929922018256
SYNPCC7002_RS04250,SYNPCC7002_RS05405,0.0868909416284696
SYNPCC7002_RS08390,SYNPCC7002_RS10415,0.0868870727867189
SYNPCC7002_RS11400,SYNPCC7002_RS04210,0.086884704739055
SYNPCC7002_RS02715,SYNPCC7002_RS05375,0.0868845534762658
SYNPCC7002_RS09320,SYNPCC7002_RS02780,0.0868838385863482
SYNPCC7002_RS09320,SYNPCC7002_RS10685,0.0868724915697738
SYNPCC7002_RS05985,SYNPCC7002_RS10725,0.0868647187775903
SYNPCC7002_RS03030,SYNPCC7002_RS09660,0.0868587639507526
SYNPCC7002_RS06005,SYNPCC7002_RS11755,0.0868547100259936
SYNPCC7002_RS02715,SYNPCC7002_RS03675,0.086853434429492
SYNPCC7002_RS05460,SYNPCC7002_RS04425,0.0868496116375421
SYNPCC7002_RS06150,SYNPCC7002_RS12045,0.0868489367498294
SYNPCC7002_RS08175,SYNPCC7002_RS09150,0.0868416446786694
SYNPCC7002_RS09995,SYNPCC7002_RS02620,0.0868361277150514
SYNPCC7002_RS09780,SYNPCC7002_RS09470,0.0868304151506645
SYNPCC7002_RS09320,SYNPCC7002_RS16085,0.0868271058139886
SYNPCC7002_RS09320,SYNPCC7002_RS11700,0.0868164688915428
SYNPCC7002_RS08255,SYNPCC7002_RS05480,0.086793423713275
SYNPCC7002_RS05135,SYNPCC7002_RS09095,0.086784346188632
SYNPCC7002_RS04250,SYNPCC7002_RS07495,0.0867803457504342
SYNPCC7002_RS00050,SYNPCC7002_RS13650,0.0867696693505197
SYNPCC7002_RS15680,SYNPCC7002_RS16060,0.086759424759767
SYNPCC7002_RS08480,SYNPCC7002_RS00195,0.086758034811215
SYNPCC7002_RS10050,SYNPCC7002_RS03290,0.0867481256735485
SYNPCC7002_RS15520,SYNPCC7002_RS07975,0.086747149076495
SYNPCC7002_RS12395,SYNPCC7002_RS11345,0.0867435239977024
SYNPCC7002_RS09780,SYNPCC7002_RS16905,0.0867242820238728
SYNPCC7002_RS04250,SYNPCC7002_RS04860,0.0867227445551383
SYNPCC7002_RS09175,SYNPCC7002_RS00165,0.0867110909611667
SYNPCC7002_RS07295,SYNPCC7002_RS03605,0.086710496133635
SYNPCC7002_RS15520,SYNPCC7002_RS08210,0.0867052852515697
SYNPCC7002_RS12395,SYNPCC7002_RS10765,0.08670184313293
SYNPCC7002_RS01420,SYNPCC7002_RS12185,0.0866754363793496
SYNPCC7002_RS08965,SYNPCC7002_RS12055,0.086673762162629
SYNPCC7002_RS09320,SYNPCC7002_RS11840,0.0866719757077803
SYNPCC7002_RS11400,SYNPCC7002_RS06710,0.0866601392352235
SYNPCC7002_RS12090,SYNPCC7002_RS12595,0.0866388404857277
SYNPCC7002_RS07385,SYNPCC7002_RS13415,0.0866228644455843
SYNPCC7002_RS04680,SYNPCC7002_RS02615,0.0866200493347133
SYNPCC7002_RS01420,SYNPCC7002_RS05285,0.0866140787737316
SYNPCC7002_RS03950,SYNPCC7002_RS15990,0.0866123300407961
SYNPCC7002_RS04650,SYNPCC7002_RS16735,0.0866112319842636
SYNPCC7002_RS04780,SYNPCC7002_RS15950,0.086593630198169
SYNPCC7002_RS05135,SYNPCC7002_RS07795,0.0865779587193198
SYNPCC7002_RS12395,SYNPCC7002_RS07475,0.0865742256236809
SYNPCC7002_RS11400,SYNPCC7002_RS06225,0.0865588318622178
SYNPCC7002_RS15030,SYNPCC7002_RS14975,0.0865544057755499
SYNPCC7002_RS05135,SYNPCC7002_RS07945,0.0865542907736275
SYNPCC7002_RS14440,SYNPCC7002_RS17245,0.0865541447099158
SYNPCC7002_RS08390,SYNPCC7002_RS14890,0.0865312224042888
SYNPCC7002_RS11685,SYNPCC7002_RS08660,0.0865100407825189
SYNPCC7002_RS12395,SYNPCC7002_RS09575,0.0864966866278573
SYNPCC7002_RS04780,SYNPCC7002_RS11615,0.0864966752588014
SYNPCC7002_RS04890,SYNPCC7002_RS12695,0.0864935510187748
SYNPCC7002_RS12395,SYNPCC7002_RS06590,0.0864845334328568
SYNPCC7002_RS05985,SYNPCC7002_RS13255,0.0864824507916669
SYNPCC7002_RS04650,SYNPCC7002_RS10225,0.0864772902848547
SYNPCC7002_RS04890,SYNPCC7002_RS08780,0.0864763737056752
SYNPCC7002_RS00690,SYNPCC7002_RS00195,0.0864520250652127
SYNPCC7002_RS16320,SYNPCC7002_RS15330,0.0864481299260884
SYNPCC7002_RS08860,SYNPCC7002_RS07215,0.0864465675837355
SYNPCC7002_RS15680,SYNPCC7002_RS10715,0.0864464195396863
SYNPCC7002_RS09820,SYNPCC7002_RS02025,0.0864349631354255
SYNPCC7002_RS05985,SYNPCC7002_RS04510,0.0864285464428139
SYNPCC7002_RS09320,SYNPCC7002_RS07985,0.0864187099421597
SYNPCC7002_RS04250,SYNPCC7002_RS00185,0.086417980443026
SYNPCC7002_RS02715,SYNPCC7002_RS13885,0.0864064706568512
SYNPCC7002_RS05460,SYNPCC7002_RS09005,0.0863900043931865
SYNPCC7002_RS04680,SYNPCC7002_RS08510,0.0863888027261676
SYNPCC7002_RS12515,SYNPCC7002_RS17255,0.0863879547818679
SYNPCC7002_RS05135,SYNPCC7002_RS10965,0.0863750975091628
SYNPCC7002_RS08965,SYNPCC7002_RS01480,0.0863663498120361
SYNPCC7002_RS11685,SYNPCC7002_RS12405,0.0863662153821032
SYNPCC7002_RS16160,SYNPCC7002_RS15160,0.0863611444147385
SYNPCC7002_RS15255,SYNPCC7002_RS08405,0.086360989705594
SYNPCC7002_RS09820,SYNPCC7002_RS00475,0.0863533074217592
SYNPCC7002_RS12395,SYNPCC7002_RS07370,0.0863506455720142
SYNPCC7002_RS04650,SYNPCC7002_RS04960,0.0863443963215244
SYNPCC7002_RS05460,SYNPCC7002_RS01150,0.0863421301349978
SYNPCC7002_RS15520,SYNPCC7002_RS00135,0.0863361133656834
SYNPCC7002_RS12395,SYNPCC7002_RS14730,0.0863112998120189
SYNPCC7002_RS10050,SYNPCC7002_RS10230,0.0863107051716255
SYNPCC7002_RS02455,SYNPCC7002_RS10745,0.086309690170428
SYNPCC7002_RS03950,SYNPCC7002_RS15245,0.0863076663455949
SYNPCC7002_RS15680,SYNPCC7002_RS02045,0.0863012288422418
SYNPCC7002_RS15520,SYNPCC7002_RS06120,0.0863009742760518
SYNPCC7002_RS09320,SYNPCC7002_RS12700,0.0862963821993827
SYNPCC7002_RS15410,SYNPCC7002_RS14880,0.0862891581440085
SYNPCC7002_RS08965,SYNPCC7002_RS02350,0.0862868827062885
SYNPCC7002_RS12395,SYNPCC7002_RS05260,0.0862725517745566
SYNPCC7002_RS12395,SYNPCC7002_RS07625,0.0862650785475365
SYNPCC7002_RS04890,SYNPCC7002_RS04620,0.0862645977087096
SYNPCC7002_RS00690,SYNPCC7002_RS10535,0.0862571337266869
SYNPCC7002_RS05135,SYNPCC7002_RS07490,0.0862539860403123
SYNPCC7002_RS03030,SYNPCC7002_RS13700,0.0862495796979243
SYNPCC7002_RS04680,SYNPCC7002_RS06880,0.0862377695116962
SYNPCC7002_RS14440,SYNPCC7002_RS00405,0.0862364476601318
SYNPCC7002_RS15255,SYNPCC7002_RS15160,0.0862342998130491
SYNPCC7002_RS08965,SYNPCC7002_RS03015,0.0862326686827566
SYNPCC7002_RS06165,SYNPCC7002_RS14210,0.0862280945877561
SYNPCC7002_RS08965,SYNPCC7002_RS02115,0.0862184022162747
SYNPCC7002_RS09820,SYNPCC7002_RS00415,0.0862016004436006
SYNPCC7002_RS08210,SYNPCC7002_RS03590,0.0861962470009858
SYNPCC7002_RS04250,SYNPCC7002_RS04585,0.0861742428825461
SYNPCC7002_RS05985,SYNPCC7002_RS04395,0.0861623675260414
SYNPCC7002_RS09630,SYNPCC7002_RS06610,0.086155789431488
SYNPCC7002_RS15520,SYNPCC7002_RS07985,0.0861534053322285
SYNPCC7002_RS01420,SYNPCC7002_RS12395,0.0861531375073047
SYNPCC7002_RS15520,SYNPCC7002_RS03485,0.0861487818339612
SYNPCC7002_RS14440,SYNPCC7002_RS14410,0.086147302313097
SYNPCC7002_RS00010,SYNPCC7002_RS01760,0.0861367093940175
SYNPCC7002_RS08945,SYNPCC7002_RS00285,0.0861140118918302
SYNPCC7002_RS09320,SYNPCC7002_RS11545,0.0861109264168568
SYNPCC7002_RS08480,SYNPCC7002_RS03185,0.0861064791031503
SYNPCC7002_RS04890,SYNPCC7002_RS07600,0.0860733612333787
SYNPCC7002_RS03950,SYNPCC7002_RS11195,0.0860700946758972
SYNPCC7002_RS05135,SYNPCC7002_RS16940,0.0860652651128206
SYNPCC7002_RS09780,SYNPCC7002_RS07550,0.0860517014130367
SYNPCC7002_RS09995,SYNPCC7002_RS08840,0.086048754021779
SYNPCC7002_RS09320,SYNPCC7002_RS01750,0.086016574023908
SYNPCC7002_RS15520,SYNPCC7002_RS05570,0.0860113048581301
SYNPCC7002_RS08965,SYNPCC7002_RS02690,0.0860055785277591
SYNPCC7002_RS09320,SYNPCC7002_RS11040,0.0860015771469828
SYNPCC7002_RS04890,SYNPCC7002_RS04475,0.085999230169519
SYNPCC7002_RS15410,SYNPCC7002_RS06095,0.0859934407043937
SYNPCC7002_RS01085,SYNPCC7002_RS13450,0.0859793793686518
SYNPCC7002_RS15520,SYNPCC7002_RS13130,0.0859748267220331
SYNPCC7002_RS15410,SYNPCC7002_RS13610,0.085967017116266
SYNPCC7002_RS00640,SYNPCC7002_RS06325,0.0859648031933043
SYNPCC7002_RS11400,SYNPCC7002_RS01990,0.0859617111787888
SYNPCC7002_RS08210,SYNPCC7002_RS06795,0.0859605458442346
SYNPCC7002_RS09995,SYNPCC7002_RS12590,0.0859569740341535
SYNPCC7002_RS01800,SYNPCC7002_RS13290,0.0859544018568533
SYNPCC7002_RS00650,SYNPCC7002_RS03820,0.0859511793895187
SYNPCC7002_RS10050,SYNPCC7002_RS11730,0.0859492808781331
SYNPCC7002_RS09630,SYNPCC7002_RS07430,0.0859345877174568
SYNPCC7002_RS06540,SYNPCC7002_RS02880,0.0859283174615845
SYNPCC7002_RS04780,SYNPCC7002_RS06150,0.0859260857928795
SYNPCC7002_RS08965,SYNPCC7002_RS06300,0.085920996149202
SYNPCC7002_RS03030,SYNPCC7002_RS04575,0.085920115343438
SYNPCC7002_RS08945,SYNPCC7002_RS10110,0.0859189127489194
SYNPCC7002_RS08965,SYNPCC7002_RS04450,0.0859167388716946
SYNPCC7002_RS10050,SYNPCC7002_RS07760,0.085915798673717
SYNPCC7002_RS08965,SYNPCC7002_RS10180,0.0859137323180601
SYNPCC7002_RS14790,SYNPCC7002_RS05935,0.0859109604718015
SYNPCC7002_RS04680,SYNPCC7002_RS02625,0.0859072523155305
SYNPCC7002_RS04650,SYNPCC7002_RS08060,0.0859022818886594
SYNPCC7002_RS01085,SYNPCC7002_RS15735,0.0858978948570788
SYNPCC7002_RS11400,SYNPCC7002_RS11070,0.085896001550779
SYNPCC7002_RS05135,SYNPCC7002_RS12985,0.0858781544277007
SYNPCC7002_RS08945,SYNPCC7002_RS01400,0.0858749137031313
SYNPCC7002_RS15520,SYNPCC7002_RS01880,0.085867322270989
SYNPCC7002_RS08390,SYNPCC7002_RS00985,0.0858540416770933
SYNPCC7002_RS04780,SYNPCC7002_RS02765,0.0858534434809346
SYNPCC7002_RS00050,SYNPCC7002_RS04520,0.0858488015586945
SYNPCC7002_RS15255,SYNPCC7002_RS08435,0.0858427921770402
SYNPCC7002_RS01420,SYNPCC7002_RS05530,0.085842514026326
SYNPCC7002_RS02715,SYNPCC7002_RS06430,0.0858344878103516
SYNPCC7002_RS12395,SYNPCC7002_RS02425,0.0858245656048784
SYNPCC7002_RS15255,SYNPCC7002_RS07845,0.0858188476315274
SYNPCC7002_RS08255,SYNPCC7002_RS10075,0.0858072214365665
SYNPCC7002_RS01420,SYNPCC7002_RS11585,0.0858039507771323
SYNPCC7002_RS09260,SYNPCC7002_RS12975,0.0857952423207844
SYNPCC7002_RS04250,SYNPCC7002_RS16075,0.0857912347860506
SYNPCC7002_RS12395,SYNPCC7002_RS06050,0.0857873159140677
SYNPCC7002_RS06005,SYNPCC7002_RS07175,0.0857853262977759
SYNPCC7002_RS09320,SYNPCC7002_RS11290,0.0857631899023337
SYNPCC7002_RS16320,SYNPCC7002_RS06265,0.0857604723754103
SYNPCC7002_RS00690,SYNPCC7002_RS13795,0.0857525782139282
SYNPCC7002_RS00010,SYNPCC7002_RS11385,0.0857492456109001
SYNPCC7002_RS03030,SYNPCC7002_RS04055,0.0857370512429882
SYNPCC7002_RS15995,SYNPCC7002_RS16580,0.0857366857602168
SYNPCC7002_RS01420,SYNPCC7002_RS05250,0.0857313186024215
SYNPCC7002_RS08945,SYNPCC7002_RS00665,0.0857309744373212
SYNPCC7002_RS00650,SYNPCC7002_RS09490,0.0857286425271482
SYNPCC7002_RS01420,SYNPCC7002_RS11850,0.0857285270302384
SYNPCC7002_RS04250,SYNPCC7002_RS12005,0.085727713151271
SYNPCC7002_RS08860,SYNPCC7002_RS09210,0.0857209179062034
SYNPCC7002_RS08390,SYNPCC7002_RS02380,0.0857103355651999
SYNPCC7002_RS08965,SYNPCC7002_RS10685,0.0857084101301793
SYNPCC7002_RS04780,SYNPCC7002_RS13260,0.0856995068181947
SYNPCC7002_RS10145,SYNPCC7002_RS11500,0.0856849625176844
SYNPCC7002_RS09780,SYNPCC7002_RS14255,0.0856785410239675
SYNPCC7002_RS07385,SYNPCC7002_RS02670,0.0856647972687829
SYNPCC7002_RS09630,SYNPCC7002_RS10115,0.0856605445212327
SYNPCC7002_RS09780,SYNPCC7002_RS09975,0.0856580810132441
SYNPCC7002_RS12090,SYNPCC7002_RS00605,0.085654851389942
SYNPCC7002_RS09820,SYNPCC7002_RS04605,0.0856505702048717
SYNPCC7002_RS05460,SYNPCC7002_RS15265,0.0856500429053616
SYNPCC7002_RS01420,SYNPCC7002_RS14860,0.0856418282208482
SYNPCC7002_RS08965,SYNPCC7002_RS06775,0.085638780478384
SYNPCC7002_RS10050,SYNPCC7002_RS17220,0.0856359337442036
SYNPCC7002_RS04890,SYNPCC7002_RS11240,0.0856345579382937
SYNPCC7002_RS04250,SYNPCC7002_RS12585,0.0856305500350702
SYNPCC7002_RS10050,SYNPCC7002_RS13725,0.0856254758562265
SYNPCC7002_RS05135,SYNPCC7002_RS11955,0.0856204188397925
SYNPCC7002_RS12090,SYNPCC7002_RS01375,0.08561729596318
SYNPCC7002_RS09820,SYNPCC7002_RS09805,0.0856058622530962
SYNPCC7002_RS08255,SYNPCC7002_RS02535,0.0855919027662513
SYNPCC7002_RS10050,SYNPCC7002_RS05655,0.0855790746091881
SYNPCC7002_RS10050,SYNPCC7002_RS14205,0.0855765109409475
SYNPCC7002_RS12395,SYNPCC7002_RS00425,0.0855599494820883
SYNPCC7002_RS12395,SYNPCC7002_RS05110,0.0855594038584082
SYNPCC7002_RS05460,SYNPCC7002_RS14350,0.0855587721673568
SYNPCC7002_RS09630,SYNPCC7002_RS00975,0.0855480445163582
SYNPCC7002_RS15520,SYNPCC7002_RS02695,0.085540097712515
SYNPCC7002_RS09320,SYNPCC7002_RS03880,0.0855394091546624
SYNPCC7002_RS01800,SYNPCC7002_RS06045,0.0855363488178841
SYNPCC7002_RS11400,SYNPCC7002_RS10600,0.0855349856489566
SYNPCC7002_RS05985,SYNPCC7002_RS00360,0.0855347132284224
SYNPCC7002_RS15520,SYNPCC7002_RS02640,0.0855296629024975
SYNPCC7002_RS08860,SYNPCC7002_RS14305,0.0855254411140867
SYNPCC7002_RS05135,SYNPCC7002_RS07685,0.0855169381529631
SYNPCC7002_RS08965,SYNPCC7002_RS12135,0.0855091096991475
SYNPCC7002_RS03950,SYNPCC7002_RS12310,0.0855028534245229
SYNPCC7002_RS06540,SYNPCC7002_RS12750,0.0854920342275038
SYNPCC7002_RS03030,SYNPCC7002_RS03470,0.085485920174159
SYNPCC7002_RS09630,SYNPCC7002_RS08435,0.0854845824301708
SYNPCC7002_RS12090,SYNPCC7002_RS11290,0.0854813373780565
SYNPCC7002_RS01335,SYNPCC7002_RS16115,0.0854808379558676
SYNPCC7002_RS09320,SYNPCC7002_RS09595,0.0854773608993204
SYNPCC7002_RS11685,SYNPCC7002_RS12985,0.0854628608355378
SYNPCC7002_RS04780,SYNPCC7002_RS07335,0.0854584554009924
SYNPCC7002_RS04650,SYNPCC7002_RS11685,0.0854578344278667
SYNPCC7002_RS02715,SYNPCC7002_RS00805,0.0854280248154691
SYNPCC7002_RS05985,SYNPCC7002_RS00565,0.0854260596000893
SYNPCC7002_RS02715,SYNPCC7002_RS04200,0.085421943171258
SYNPCC7002_RS05985,SYNPCC7002_RS12180,0.0854178398653018
SYNPCC7002_RS00640,SYNPCC7002_RS15795,0.0854166983501682
SYNPCC7002_RS05135,SYNPCC7002_RS07745,0.085413370708865
SYNPCC7002_RS01800,SYNPCC7002_RS02385,0.0854122281322572
SYNPCC7002_RS08965,SYNPCC7002_RS12780,0.0854028573118236
SYNPCC7002_RS04650,SYNPCC7002_RS05705,0.0853995189886623
SYNPCC7002_RS11685,SYNPCC7002_RS01510,0.0853987161975065
SYNPCC7002_RS09780,SYNPCC7002_RS11450,0.0853980281868256
SYNPCC7002_RS08210,SYNPCC7002_RS11220,0.0853972320000375
SYNPCC7002_RS08965,SYNPCC7002_RS16740,0.0853892314921738
SYNPCC7002_RS04250,SYNPCC7002_RS08185,0.0853882831697556
SYNPCC7002_RS12395,SYNPCC7002_RS05285,0.085386291086548
SYNPCC7002_RS08965,SYNPCC7002_RS04445,0.0853861908136651
SYNPCC7002_RS08965,SYNPCC7002_RS06415,0.0853829490429949
SYNPCC7002_RS08390,SYNPCC7002_RS02285,0.0853824503577529
SYNPCC7002_RS05985,SYNPCC7002_RS13395,0.0853715659715773
SYNPCC7002_RS03030,SYNPCC7002_RS05365,0.0853677583948221
SYNPCC7002_RS07295,SYNPCC7002_RS07935,0.085363602532637
SYNPCC7002_RS05135,SYNPCC7002_RS10740,0.0853596782184954
SYNPCC7002_RS05135,SYNPCC7002_RS03465,0.0853549116124941
SYNPCC7002_RS12395,SYNPCC7002_RS04475,0.0853506146883902
SYNPCC7002_RS02715,SYNPCC7002_RS05160,0.0853484837890566
SYNPCC7002_RS09820,SYNPCC7002_RS02305,0.0853363710934549
SYNPCC7002_RS01335,SYNPCC7002_RS08625,0.0853202571783264
SYNPCC7002_RS04780,SYNPCC7002_RS11170,0.0852968821650333
SYNPCC7002_RS08945,SYNPCC7002_RS01835,0.0852957724135797
SYNPCC7002_RS04890,SYNPCC7002_RS00305,0.0852948625359003
SYNPCC7002_RS08965,SYNPCC7002_RS01355,0.085293815002058
SYNPCC7002_RS08480,SYNPCC7002_RS11155,0.0852882894421832
SYNPCC7002_RS01420,SYNPCC7002_RS05245,0.0852842976591348
SYNPCC7002_RS04250,SYNPCC7002_RS10875,0.0852818518120663
SYNPCC7002_RS04680,SYNPCC7002_RS15190,0.0852814191522049
SYNPCC7002_RS08965,SYNPCC7002_RS01605,0.0852727573442964
SYNPCC7002_RS03030,SYNPCC7002_RS02075,0.0852691092744325
SYNPCC7002_RS05135,SYNPCC7002_RS02805,0.0852684148807368
SYNPCC7002_RS10050,SYNPCC7002_RS04305,0.0852663733141593
SYNPCC7002_RS12515,SYNPCC7002_RS10065,0.0852575447032803
SYNPCC7002_RS08210,SYNPCC7002_RS05575,0.0852573832241351
SYNPCC7002_RS08480,SYNPCC7002_RS03240,0.0852515062182497
SYNPCC7002_RS04780,SYNPCC7002_RS05415,0.0852479295842904
SYNPCC7002_RS10050,SYNPCC7002_RS00830,0.0852234223512154
SYNPCC7002_RS16160,SYNPCC7002_RS14240,0.0852179500016458
SYNPCC7002_RS09845,SYNPCC7002_RS06105,0.0852142857554104
SYNPCC7002_RS10050,SYNPCC7002_RS13615,0.0852102646645773
SYNPCC7002_RS15520,SYNPCC7002_RS09660,0.085198466111315
SYNPCC7002_RS07385,SYNPCC7002_RS01685,0.0851912232639964
SYNPCC7002_RS15680,SYNPCC7002_RS14770,0.0851879952722178
SYNPCC7002_RS05135,SYNPCC7002_RS09575,0.085185916501889
SYNPCC7002_RS00010,SYNPCC7002_RS13265,0.085169285704855
SYNPCC7002_RS04890,SYNPCC7002_RS10965,0.085159735808173
SYNPCC7002_RS01335,SYNPCC7002_RS10525,0.0851523874228918
SYNPCC7002_RS09320,SYNPCC7002_RS10905,0.0851519557550497
SYNPCC7002_RS05460,SYNPCC7002_RS04825,0.0851483398408201
SYNPCC7002_RS05135,SYNPCC7002_RS08010,0.0851477918916288
SYNPCC7002_RS06540,SYNPCC7002_RS11480,0.0851411657754914
SYNPCC7002_RS00640,SYNPCC7002_RS04940,0.0851281265516231
SYNPCC7002_RS09175,SYNPCC7002_RS14720,0.0851275129714965
SYNPCC7002_RS04780,SYNPCC7002_RS06530,0.0851092806756552
SYNPCC7002_RS08945,SYNPCC7002_RS06275,0.0850980955428302
SYNPCC7002_RS04250,SYNPCC7002_RS01740,0.0850911144931406
SYNPCC7002_RS00260,SYNPCC7002_RS13500,0.085088790852213
SYNPCC7002_RS04890,SYNPCC7002_RS05390,0.0850884229662275
SYNPCC7002_RS01420,SYNPCC7002_RS06570,0.0850878494575445
SYNPCC7002_RS09175,SYNPCC7002_RS12340,0.0850819243280846
SYNPCC7002_RS11685,SYNPCC7002_RS09460,0.0850792013196684
SYNPCC7002_RS04890,SYNPCC7002_RS05110,0.0850775183311875
SYNPCC7002_RS05985,SYNPCC7002_RS02270,0.0850730722169398
SYNPCC7002_RS03760,SYNPCC7002_RS08615,0.0850721205730025
SYNPCC7002_RS15680,SYNPCC7002_RS15130,0.0850554141650832
SYNPCC7002_RS12395,SYNPCC7002_RS03275,0.0850493996364573
SYNPCC7002_RS02455,SYNPCC7002_RS05415,0.0850307194364324
SYNPCC7002_RS12395,SYNPCC7002_RS11690,0.0850273759792106
SYNPCC7002_RS15410,SYNPCC7002_RS01995,0.0850155295320869
SYNPCC7002_RS08965,SYNPCC7002_RS06710,0.0850136855412156
SYNPCC7002_RS07295,SYNPCC7002_RS07635,0.0850029850429373
SYNPCC7002_RS08175,SYNPCC7002_RS10860,0.0849980585124346
SYNPCC7002_RS04780,SYNPCC7002_RS10510,0.08499526566713
SYNPCC7002_RS04250,SYNPCC7002_RS01825,0.084994311727457
SYNPCC7002_RS08860,SYNPCC7002_RS15240,0.0849912356766885
SYNPCC7002_RS05985,SYNPCC7002_RS05485,0.0849783445498069
SYNPCC7002_RS10145,SYNPCC7002_RS15745,0.0849749839578608
SYNPCC7002_RS12395,SYNPCC7002_RS02795,0.0849707370515224
SYNPCC7002_RS09780,SYNPCC7002_RS15145,0.0849673398775945
SYNPCC7002_RS15410,SYNPCC7002_RS08900,0.0849652369266928
SYNPCC7002_RS11400,SYNPCC7002_RS09325,0.0849600908684708
SYNPCC7002_RS07385,SYNPCC7002_RS10645,0.0849524893545556
SYNPCC7002_RS14440,SYNPCC7002_RS15115,0.0849521522521248
SYNPCC7002_RS05985,SYNPCC7002_RS06550,0.0849471544085897
SYNPCC7002_RS04650,SYNPCC7002_RS02990,0.0849276213265691
SYNPCC7002_RS03030,SYNPCC7002_RS03590,0.0849249388914863
SYNPCC7002_RS15995,SYNPCC7002_RS14100,0.0849215113950396
SYNPCC7002_RS06150,SYNPCC7002_RS15930,0.0849148289122761
SYNPCC7002_RS01800,SYNPCC7002_RS01945,0.0849142498642446
SYNPCC7002_RS04780,SYNPCC7002_RS16070,0.0849118954170793
SYNPCC7002_RS15410,SYNPCC7002_RS14910,0.0848965281107238
SYNPCC7002_RS04890,SYNPCC7002_RS09425,0.084890904651364
SYNPCC7002_RS09995,SYNPCC7002_RS00785,0.084884332788751
SYNPCC7002_RS08945,SYNPCC7002_RS09030,0.084879638685546
SYNPCC7002_RS04680,SYNPCC7002_RS01460,0.0848694356442991
SYNPCC7002_RS02455,SYNPCC7002_RS14175,0.0848453929692609
SYNPCC7002_RS12090,SYNPCC7002_RS02775,0.0848381077959584
SYNPCC7002_RS09195,SYNPCC7002_RS14625,0.0848188960421034
SYNPCC7002_RS14440,SYNPCC7002_RS16355,0.0848068988229326
SYNPCC7002_RS03295,SYNPCC7002_RS15965,0.0847986294647687
SYNPCC7002_RS05460,SYNPCC7002_RS15485,0.0847900209285535
SYNPCC7002_RS09780,SYNPCC7002_RS17205,0.0847799998369155
SYNPCC7002_RS08965,SYNPCC7002_RS12495,0.0847783049806542
SYNPCC7002_RS09780,SYNPCC7002_RS03795,0.0847754314883877
SYNPCC7002_RS09820,SYNPCC7002_RS01410,0.0847742530331718
SYNPCC7002_RS02715,SYNPCC7002_RS11000,0.084767037057185
SYNPCC7002_RS09175,SYNPCC7002_RS00905,0.0847666814878458
SYNPCC7002_RS04890,SYNPCC7002_RS08660,0.0847637190751317
SYNPCC7002_RS07295,SYNPCC7002_RS16105,0.0847621873037989
SYNPCC7002_RS04890,SYNPCC7002_RS02090,0.0847610367812519
SYNPCC7002_RS01800,SYNPCC7002_RS00485,0.084744235157574
SYNPCC7002_RS03030,SYNPCC7002_RS11485,0.0847440926514413
SYNPCC7002_RS01335,SYNPCC7002_RS07170,0.084737724379401
SYNPCC7002_RS03760,SYNPCC7002_RS09870,0.0847341345214472
SYNPCC7002_RS03030,SYNPCC7002_RS13715,0.0847203246536662
SYNPCC7002_RS04250,SYNPCC7002_RS13395,0.0847193581558892
SYNPCC7002_RS12395,SYNPCC7002_RS03700,0.0847166827935562
SYNPCC7002_RS08255,SYNPCC7002_RS01075,0.0847042674333248
SYNPCC7002_RS04250,SYNPCC7002_RS02950,0.0847031718593236
SYNPCC7002_RS05985,SYNPCC7002_RS11535,0.0847001099366824
SYNPCC7002_RS05135,SYNPCC7002_RS17220,0.0846960825283145
SYNPCC7002_RS08965,SYNPCC7002_RS10490,0.0846939607438328
SYNPCC7002_RS10050,SYNPCC7002_RS14410,0.0846873311049314
SYNPCC7002_RS05135,SYNPCC7002_RS08475,0.0846839624264612
SYNPCC7002_RS09780,SYNPCC7002_RS05940,0.0846811092007291
SYNPCC7002_RS00640,SYNPCC7002_RS15945,0.084678640312399
SYNPCC7002_RS10050,SYNPCC7002_RS15060,0.0846693015455275
SYNPCC7002_RS15030,SYNPCC7002_RS15040,0.0846688579396548
SYNPCC7002_RS05135,SYNPCC7002_RS14460,0.0846594197414508
SYNPCC7002_RS08175,SYNPCC7002_RS12770,0.0846513655479744
SYNPCC7002_RS15255,SYNPCC7002_RS16955,0.0846502708762873
SYNPCC7002_RS12090,SYNPCC7002_RS06600,0.0846443547034311
SYNPCC7002_RS08210,SYNPCC7002_RS03030,0.0846350139874632
SYNPCC7002_RS04650,SYNPCC7002_RS12020,0.0846283925578533
SYNPCC7002_RS12395,SYNPCC7002_RS08295,0.0846224272984202
SYNPCC7002_RS06150,SYNPCC7002_RS15585,0.0846220330696093
SYNPCC7002_RS04680,SYNPCC7002_RS00230,0.0846212367048846
SYNPCC7002_RS09820,SYNPCC7002_RS01000,0.0846187032401145
SYNPCC7002_RS04890,SYNPCC7002_RS07645,0.0846185658194122
SYNPCC7002_RS15995,SYNPCC7002_RS01045,0.0846004118195242
SYNPCC7002_RS03950,SYNPCC7002_RS15715,0.0845958434863143
SYNPCC7002_RS08390,SYNPCC7002_RS15935,0.0845918810208168
SYNPCC7002_RS08255,SYNPCC7002_RS02910,0.0845909744800859
SYNPCC7002_RS12395,SYNPCC7002_RS02955,0.0845797028901786
SYNPCC7002_RS08965,SYNPCC7002_RS01555,0.084579591136208
SYNPCC7002_RS00690,SYNPCC7002_RS09260,0.0845760906643313
SYNPCC7002_RS15680,SYNPCC7002_RS03160,0.0845745434415281
SYNPCC7002_RS09820,SYNPCC7002_RS04940,0.0845718058491435
SYNPCC7002_RS15520,SYNPCC7002_RS14130,0.0845658085015331
SYNPCC7002_RS08210,SYNPCC7002_RS07375,0.0845573520919531
SYNPCC7002_RS01420,SYNPCC7002_RS13865,0.0845542553647706
SYNPCC7002_RS04780,SYNPCC7002_RS04360,0.0845375551919262
SYNPCC7002_RS09320,SYNPCC7002_RS06420,0.084535355957117
SYNPCC7002_RS03030,SYNPCC7002_RS11400,0.0845227521970482
SYNPCC7002_RS14790,SYNPCC7002_RS13430,0.0845226701368841
SYNPCC7002_RS10050,SYNPCC7002_RS04640,0.0845221576295019
SYNPCC7002_RS01800,SYNPCC7002_RS08280,0.0845169494618813
SYNPCC7002_RS04890,SYNPCC7002_RS06580,0.0845035609663631
SYNPCC7002_RS01335,SYNPCC7002_RS15280,0.0845012129251251
SYNPCC7002_RS16320,SYNPCC7002_RS15845,0.0844897424663184
SYNPCC7002_RS12090,SYNPCC7002_RS00190,0.0844846168783395
SYNPCC7002_RS08255,SYNPCC7002_RS14055,0.0844835365831844
SYNPCC7002_RS09780,SYNPCC7002_RS15885,0.0844776497016491
SYNPCC7002_RS09780,SYNPCC7002_RS03075,0.0844697724244428
SYNPCC7002_RS09090,SYNPCC7002_RS16305,0.0844590799531421
SYNPCC7002_RS08390,SYNPCC7002_RS07220,0.0844355181734618
SYNPCC7002_RS12395,SYNPCC7002_RS07565,0.0844293869302265
SYNPCC7002_RS09820,SYNPCC7002_RS14845,0.0844187614821402
SYNPCC7002_RS15255,SYNPCC7002_RS01425,0.0844135982246067
SYNPCC7002_RS12515,SYNPCC7002_RS13115,0.0844075825484517
SYNPCC7002_RS01335,SYNPCC7002_RS00030,0.0844043801936313
SYNPCC7002_RS08390,SYNPCC7002_RS12735,0.0843986027722822
SYNPCC7002_RS08255,SYNPCC7002_RS02885,0.0843983337980201
SYNPCC7002_RS02410,SYNPCC7002_RS09080,0.0843837874604255
SYNPCC7002_RS00650,SYNPCC7002_RS08965,0.0843775237711327
SYNPCC7002_RS09845,SYNPCC7002_RS07440,0.0843765414759165
SYNPCC7002_RS11685,SYNPCC7002_RS05550,0.0843746305979118
SYNPCC7002_RS16320,SYNPCC7002_RS16395,0.0843711489782743
SYNPCC7002_RS09780,SYNPCC7002_RS12330,0.0843644500205477
SYNPCC7002_RS08390,SYNPCC7002_RS00395,0.0843545597193403
SYNPCC7002_RS12090,SYNPCC7002_RS04875,0.084341984455079
SYNPCC7002_RS04780,SYNPCC7002_RS07380,0.0843418473316214
SYNPCC7002_RS09320,SYNPCC7002_RS09730,0.0843365721850962
SYNPCC7002_RS05460,SYNPCC7002_RS14845,0.0843355092318625
SYNPCC7002_RS14790,SYNPCC7002_RS11470,0.0843351836657769
SYNPCC7002_RS12515,SYNPCC7002_RS03515,0.0843279319843476
SYNPCC7002_RS01335,SYNPCC7002_RS15730,0.0843266023948644
SYNPCC7002_RS11400,SYNPCC7002_RS02730,0.0843225536489804
SYNPCC7002_RS00010,SYNPCC7002_RS00570,0.0843186219337913
SYNPCC7002_RS04650,SYNPCC7002_RS05905,0.0843185023067134
SYNPCC7002_RS08175,SYNPCC7002_RS05905,0.0843087395675184
SYNPCC7002_RS09995,SYNPCC7002_RS11130,0.0842951303453508
SYNPCC7002_RS09320,SYNPCC7002_RS05990,0.0842890989493354
SYNPCC7002_RS15520,SYNPCC7002_RS10970,0.0842851472389769
SYNPCC7002_RS04780,SYNPCC7002_RS09345,0.0842717072721339
SYNPCC7002_RS06165,SYNPCC7002_RS00745,0.084263040838842
SYNPCC7002_RS11400,SYNPCC7002_RS12495,0.0842418408796297
SYNPCC7002_RS07385,SYNPCC7002_RS04865,0.0842340714572308
SYNPCC7002_RS04890,SYNPCC7002_RS13075,0.0842283533832126
SYNPCC7002_RS12515,SYNPCC7002_RS03930,0.0842259153581658
SYNPCC7002_RS04680,SYNPCC7002_RS06795,0.084217832692297
SYNPCC7002_RS12105,SYNPCC7002_RS11935,0.0842152462805716
SYNPCC7002_RS00010,SYNPCC7002_RS06255,0.084207448073836
SYNPCC7002_RS07385,SYNPCC7002_RS13025,0.0842052819932777
SYNPCC7002_RS09260,SYNPCC7002_RS16055,0.0842018246619985
SYNPCC7002_RS09320,SYNPCC7002_RS01080,0.084198249266168
SYNPCC7002_RS01335,SYNPCC7002_RS09360,0.0841849922933674
SYNPCC7002_RS04250,SYNPCC7002_RS15985,0.0841736530536091
SYNPCC7002_RS07295,SYNPCC7002_RS07305,0.0841704036809297
SYNPCC7002_RS12090,SYNPCC7002_RS10320,0.084170133317951
SYNPCC7002_RS15520,SYNPCC7002_RS04190,0.0841637772664428
SYNPCC7002_RS09820,SYNPCC7002_RS14480,0.0841569560299046
SYNPCC7002_RS04890,SYNPCC7002_RS10130,0.0841566832391775
SYNPCC7002_RS03030,SYNPCC7002_RS06415,0.0841484578743265
SYNPCC7002_RS09630,SYNPCC7002_RS06800,0.0841364916956808
SYNPCC7002_RS12515,SYNPCC7002_RS01620,0.084134967610674
SYNPCC7002_RS09630,SYNPCC7002_RS14645,0.084118986609227
SYNPCC7002_RS09845,SYNPCC7002_RS14000,0.0841098305992962
SYNPCC7002_RS00640,SYNPCC7002_RS05945,0.0841067041556089
SYNPCC7002_RS15520,SYNPCC7002_RS01480,0.0840977813190002
SYNPCC7002_RS09630,SYNPCC7002_RS14770,0.0840894249581385
SYNPCC7002_RS08390,SYNPCC7002_RS11810,0.0840884993011157
SYNPCC7002_RS15410,SYNPCC7002_RS09750,0.0840858548800174
SYNPCC7002_RS01800,SYNPCC7002_RS09050,0.0840818220702528
SYNPCC7002_RS10050,SYNPCC7002_RS07745,0.0840805822402757
SYNPCC7002_RS08175,SYNPCC7002_RS08155,0.0840767539101004
SYNPCC7002_RS09995,SYNPCC7002_RS08850,0.0840652741746014
SYNPCC7002_RS07385,SYNPCC7002_RS00055,0.0840592885384144
SYNPCC7002_RS06540,SYNPCC7002_RS03935,0.0840559209000285
SYNPCC7002_RS03295,SYNPCC7002_RS14360,0.0840518484870065
SYNPCC7002_RS00050,SYNPCC7002_RS17015,0.0840430400911122
SYNPCC7002_RS05985,SYNPCC7002_RS05750,0.0840381778583948
SYNPCC7002_RS08390,SYNPCC7002_RS03220,0.0840379234118497
SYNPCC7002_RS08860,SYNPCC7002_RS09385,0.0840313081911869
SYNPCC7002_RS04780,SYNPCC7002_RS12210,0.0840238155691748
SYNPCC7002_RS09630,SYNPCC7002_RS15925,0.0840220794601573
SYNPCC7002_RS04780,SYNPCC7002_RS10435,0.0840153723757057
SYNPCC7002_RS05135,SYNPCC7002_RS09785,0.0840004936037453
SYNPCC7002_RS04890,SYNPCC7002_RS01595,0.0839966207088457
SYNPCC7002_RS15255,SYNPCC7002_RS14640,0.0839939737607986
SYNPCC7002_RS09260,SYNPCC7002_RS03865,0.0839889899825774
SYNPCC7002_RS12395,SYNPCC7002_RS01760,0.0839889119842976
SYNPCC7002_RS04650,SYNPCC7002_RS06550,0.0839773812055493
SYNPCC7002_RS06540,SYNPCC7002_RS10120,0.0839750323761792
SYNPCC7002_RS08965,SYNPCC7002_RS02885,0.0839737711851108
SYNPCC7002_RS01420,SYNPCC7002_RS14195,0.0839558089442169
SYNPCC7002_RS07385,SYNPCC7002_RS12965,0.0839532375616009
SYNPCC7002_RS13450,SYNPCC7002_RS11650,0.0839480289418831
SYNPCC7002_RS08480,SYNPCC7002_RS11185,0.0839388585642042
SYNPCC7002_RS07295,SYNPCC7002_RS09400,0.0839326965007617
SYNPCC7002_RS08965,SYNPCC7002_RS04465,0.0839278603180503
SYNPCC7002_RS04890,SYNPCC7002_RS01505,0.0839196696337191
SYNPCC7002_RS09995,SYNPCC7002_RS11995,0.083911358499042
SYNPCC7002_RS12395,SYNPCC7002_RS11190,0.0839065941358655
SYNPCC7002_RS09320,SYNPCC7002_RS04075,0.083886244416165
SYNPCC7002_RS12395,SYNPCC7002_RS16420,0.0838751625699025
SYNPCC7002_RS12105,SYNPCC7002_RS08600,0.0838704314418268
SYNPCC7002_RS04890,SYNPCC7002_RS01655,0.0838696381912737
SYNPCC7002_RS04650,SYNPCC7002_RS13060,0.0838603215980452
SYNPCC7002_RS07295,SYNPCC7002_RS01010,0.0838489405784602
SYNPCC7002_RS04650,SYNPCC7002_RS13670,0.083848128415953
SYNPCC7002_RS04780,SYNPCC7002_RS11505,0.0838457675331914
SYNPCC7002_RS11400,SYNPCC7002_RS04060,0.0838407340060499
SYNPCC7002_RS00260,SYNPCC7002_RS09060,0.083833352363348
SYNPCC7002_RS02410,SYNPCC7002_RS12930,0.0838276871511338
SYNPCC7002_RS04650,SYNPCC7002_RS13530,0.0838273186884628
SYNPCC7002_RS05135,SYNPCC7002_RS05175,0.0838212178701668
SYNPCC7002_RS01335,SYNPCC7002_RS01010,0.0838205124463147
SYNPCC7002_RS04780,SYNPCC7002_RS13365,0.0838142936493843
SYNPCC7002_RS10050,SYNPCC7002_RS11015,0.0838108358828969
SYNPCC7002_RS00635,SYNPCC7002_RS00180,0.0838019716887565
SYNPCC7002_RS09995,SYNPCC7002_RS16085,0.0837968578409945
SYNPCC7002_RS08965,SYNPCC7002_RS02530,0.08378883331102
SYNPCC7002_RS00050,SYNPCC7002_RS13630,0.0837803438275144
SYNPCC7002_RS00690,SYNPCC7002_RS02675,0.083771215119957
SYNPCC7002_RS02715,SYNPCC7002_RS07865,0.0837664330591957
SYNPCC7002_RS08255,SYNPCC7002_RS10370,0.0837608956359147
SYNPCC7002_RS01335,SYNPCC7002_RS06655,0.0837542053022602
SYNPCC7002_RS08390,SYNPCC7002_RS12215,0.0837532237262673
SYNPCC7002_RS00690,SYNPCC7002_RS04625,0.0837518975952263
SYNPCC7002_RS04680,SYNPCC7002_RS12530,0.0837488345952427
SYNPCC7002_RS01335,SYNPCC7002_RS02315,0.0837481368453057
SYNPCC7002_RS07385,SYNPCC7002_RS10510,0.0837448386633092
SYNPCC7002_RS04650,SYNPCC7002_RS12695,0.0837323230847817
SYNPCC7002_RS03295,SYNPCC7002_RS01015,0.0837303245702375
SYNPCC7002_RS02455,SYNPCC7002_RS01130,0.0837039951970062
SYNPCC7002_RS09820,SYNPCC7002_RS11210,0.0837018693995361
SYNPCC7002_RS15410,SYNPCC7002_RS08905,0.0836984368773095
SYNPCC7002_RS09845,SYNPCC7002_RS13795,0.0836850216889838
SYNPCC7002_RS10050,SYNPCC7002_RS02170,0.0836831129811673
SYNPCC7002_RS04890,SYNPCC7002_RS11325,0.083680396046324
SYNPCC7002_RS12515,SYNPCC7002_RS07105,0.0836728533585251
SYNPCC7002_RS05460,SYNPCC7002_RS06325,0.0836656052924829
SYNPCC7002_RS03295,SYNPCC7002_RS06565,0.0836600804932465
SYNPCC7002_RS05135,SYNPCC7002_RS13535,0.0836594583152075
SYNPCC7002_RS09320,SYNPCC7002_RS05490,0.0836567948948246
SYNPCC7002_RS03030,SYNPCC7002_RS11665,0.0836562646014164
SYNPCC7002_RS05460,SYNPCC7002_RS05115,0.0836465257221872
SYNPCC7002_RS00260,SYNPCC7002_RS08195,0.0836381138234619
SYNPCC7002_RS04680,SYNPCC7002_RS16030,0.0836353501694232
SYNPCC7002_RS03030,SYNPCC7002_RS04440,0.0836277808782539
SYNPCC7002_RS01420,SYNPCC7002_RS07890,0.0836161809462792
SYNPCC7002_RS00690,SYNPCC7002_RS13580,0.0836143931407278
SYNPCC7002_RS15520,SYNPCC7002_RS15190,0.0836039247401611
SYNPCC7002_RS12395,SYNPCC7002_RS05955,0.0835927481334302
SYNPCC7002_RS10050,SYNPCC7002_RS01360,0.0835854013958917
SYNPCC7002_RS09995,SYNPCC7002_RS00710,0.0835782949073682
SYNPCC7002_RS11400,SYNPCC7002_RS11085,0.0835775044003961
SYNPCC7002_RS09630,SYNPCC7002_RS00870,0.0835770319486987
SYNPCC7002_RS08965,SYNPCC7002_RS13870,0.0835739942946756
SYNPCC7002_RS06005,SYNPCC7002_RS07935,0.0835654308952293
SYNPCC7002_RS09630,SYNPCC7002_RS11375,0.0835624806720105
SYNPCC7002_RS05985,SYNPCC7002_RS04860,0.0835604454388129
SYNPCC7002_RS11400,SYNPCC7002_RS00520,0.0835582767761068
SYNPCC7002_RS08390,SYNPCC7002_RS03435,0.0835557534260347
SYNPCC7002_RS16320,SYNPCC7002_RS15315,0.0835507430323982
SYNPCC7002_RS08965,SYNPCC7002_RS01225,0.083546637172052
SYNPCC7002_RS03030,SYNPCC7002_RS03570,0.0835459426791
SYNPCC7002_RS04780,SYNPCC7002_RS12650,0.0835365665307038
SYNPCC7002_RS10145,SYNPCC7002_RS03170,0.0835289236753978
SYNPCC7002_RS07295,SYNPCC7002_RS09850,0.0835139379667068
SYNPCC7002_RS15520,SYNPCC7002_RS04575,0.0835085927885395
SYNPCC7002_RS00650,SYNPCC7002_RS04515,0.0834953114169907
SYNPCC7002_RS04250,SYNPCC7002_RS04115,0.0834864099148586
SYNPCC7002_RS02715,SYNPCC7002_RS14490,0.0834857662353393
SYNPCC7002_RS09175,SYNPCC7002_RS16195,0.0834854040894932
SYNPCC7002_RS08965,SYNPCC7002_RS11680,0.0834717657460805
SYNPCC7002_RS09320,SYNPCC7002_RS01390,0.0834678126691354
SYNPCC7002_RS05460,SYNPCC7002_RS16455,0.0834501177585558
SYNPCC7002_RS00260,SYNPCC7002_RS10380,0.0834478283982543
SYNPCC7002_RS08945,SYNPCC7002_RS12400,0.0834392579361989
SYNPCC7002_RS08860,SYNPCC7002_RS12565,0.0834271676225235
SYNPCC7002_RS15520,SYNPCC7002_RS15575,0.0834236101435465
SYNPCC7002_RS09820,SYNPCC7002_RS02710,0.0834224652947712
SYNPCC7002_RS10145,SYNPCC7002_RS04455,0.0834188555788472
SYNPCC7002_RS16320,SYNPCC7002_RS09300,0.0834178686005249
SYNPCC7002_RS07385,SYNPCC7002_RS01365,0.0834127475639636
SYNPCC7002_RS09630,SYNPCC7002_RS00070,0.0833954946053398
SYNPCC7002_RS07385,SYNPCC7002_RS09615,0.0833885334935409
SYNPCC7002_RS10050,SYNPCC7002_RS00370,0.0833824804853393
SYNPCC7002_RS03295,SYNPCC7002_RS12885,0.0833793035464078
SYNPCC7002_RS02455,SYNPCC7002_RS08700,0.0833770105091828
SYNPCC7002_RS08860,SYNPCC7002_RS15360,0.0833745826275815
SYNPCC7002_RS10525,SYNPCC7002_RS12205,0.0833728946457162
SYNPCC7002_RS01085,SYNPCC7002_RS00480,0.0833666810475231
SYNPCC7002_RS05135,SYNPCC7002_RS09875,0.0833625956101659
SYNPCC7002_RS09845,SYNPCC7002_RS00800,0.0833603147263624
SYNPCC7002_RS01335,SYNPCC7002_RS07420,0.0833356621327699
SYNPCC7002_RS06540,SYNPCC7002_RS07010,0.0833260455664392
SYNPCC7002_RS08945,SYNPCC7002_RS00185,0.0833176033602736
SYNPCC7002_RS12395,SYNPCC7002_RS12150,0.0833168969067314
SYNPCC7002_RS12105,SYNPCC7002_RS14680,0.0833151027230536
SYNPCC7002_RS00650,SYNPCC7002_RS04730,0.0832947748067209
SYNPCC7002_RS09420,SYNPCC7002_RS13920,0.0832915888752433
SYNPCC7002_RS04890,SYNPCC7002_RS07590,0.0832826246808439
SYNPCC7002_RS05985,SYNPCC7002_RS13555,0.0832756545938343
SYNPCC7002_RS05135,SYNPCC7002_RS02960,0.0832718625734688
SYNPCC7002_RS08480,SYNPCC7002_RS13075,0.0832713364370815
SYNPCC7002_RS04250,SYNPCC7002_RS02785,0.0832665757375414
SYNPCC7002_RS15410,SYNPCC7002_RS03605,0.0832657108193397
SYNPCC7002_RS15680,SYNPCC7002_RS10555,0.0832462090419043
SYNPCC7002_RS09630,SYNPCC7002_RS11210,0.0832434390671703
SYNPCC7002_RS15680,SYNPCC7002_RS09000,0.0832280391703691
SYNPCC7002_RS03030,SYNPCC7002_RS00655,0.0832274124729221
SYNPCC7002_RS01800,SYNPCC7002_RS10200,0.0832266896494667
SYNPCC7002_RS04250,SYNPCC7002_RS11190,0.0832265185184325
SYNPCC7002_RS06150,SYNPCC7002_RS10510,0.0832261090290355
SYNPCC7002_RS09845,SYNPCC7002_RS09260,0.0832237520265674
SYNPCC7002_RS04650,SYNPCC7002_RS09525,0.0832198029529189
SYNPCC7002_RS15255,SYNPCC7002_RS03125,0.0831980723528428
SYNPCC7002_RS15680,SYNPCC7002_RS06610,0.0831942250701913
SYNPCC7002_RS00260,SYNPCC7002_RS00245,0.083192921628213
SYNPCC7002_RS03030,SYNPCC7002_RS09550,0.083186187777608
SYNPCC7002_RS01420,SYNPCC7002_RS03390,0.0831853779813191
SYNPCC7002_RS04780,SYNPCC7002_RS04720,0.0831831182978864
SYNPCC7002_RS00690,SYNPCC7002_RS11645,0.0831822499375578
SYNPCC7002_RS04650,SYNPCC7002_RS09580,0.0831712673543109
SYNPCC7002_RS09420,SYNPCC7002_RS09760,0.0831695974133623
SYNPCC7002_RS14790,SYNPCC7002_RS12530,0.0831625401964864
SYNPCC7002_RS10050,SYNPCC7002_RS11955,0.0831619839922391
SYNPCC7002_RS04890,SYNPCC7002_RS09560,0.0831459922625561
SYNPCC7002_RS02715,SYNPCC7002_RS12630,0.08314464948297
SYNPCC7002_RS09780,SYNPCC7002_RS14295,0.0831437141317762
SYNPCC7002_RS08210,SYNPCC7002_RS15520,0.0831327320056594
SYNPCC7002_RS08965,SYNPCC7002_RS09830,0.0831233265992067
SYNPCC7002_RS12090,SYNPCC7002_RS07200,0.0831158755876168
SYNPCC7002_RS01335,SYNPCC7002_RS03640,0.0831103086197517
SYNPCC7002_RS08480,SYNPCC7002_RS16380,0.0831066810924469
SYNPCC7002_RS03950,SYNPCC7002_RS13590,0.0830930504460501
SYNPCC7002_RS09820,SYNPCC7002_RS15180,0.0830879576446262
SYNPCC7002_RS04780,SYNPCC7002_RS17065,0.083080442045537
SYNPCC7002_RS15255,SYNPCC7002_RS14645,0.0830801791591618
SYNPCC7002_RS00050,SYNPCC7002_RS17195,0.0830756401962171
SYNPCC7002_RS08965,SYNPCC7002_RS07985,0.0830731651700242
SYNPCC7002_RS06540,SYNPCC7002_RS00210,0.0830713944260471
SYNPCC7002_RS00650,SYNPCC7002_RS01705,0.0830703430797223
SYNPCC7002_RS12395,SYNPCC7002_RS14250,0.0830681679308052
SYNPCC7002_RS09995,SYNPCC7002_RS03585,0.083061604291902
SYNPCC7002_RS10050,SYNPCC7002_RS08775,0.0830552131561798
SYNPCC7002_RS10050,SYNPCC7002_RS15870,0.083040282817376
SYNPCC7002_RS15535,SYNPCC7002_RS09695,0.0830400433247243
SYNPCC7002_RS09780,SYNPCC7002_RS05410,0.0830315219627067
SYNPCC7002_RS04250,SYNPCC7002_RS11240,0.083027175766268
SYNPCC7002_RS09820,SYNPCC7002_RS11415,0.0830265385381347
SYNPCC7002_RS15255,SYNPCC7002_RS05685,0.0830237753481005
SYNPCC7002_RS02715,SYNPCC7002_RS09855,0.0830177047198049
SYNPCC7002_RS12395,SYNPCC7002_RS00730,0.0830105434785428
SYNPCC7002_RS12395,SYNPCC7002_RS03670,0.0830010670896456
SYNPCC7002_RS05460,SYNPCC7002_RS09410,0.0829983437846889
SYNPCC7002_RS15520,SYNPCC7002_RS13635,0.0829963302224438
SYNPCC7002_RS08965,SYNPCC7002_RS11975,0.0829941282167197
SYNPCC7002_RS09820,SYNPCC7002_RS10195,0.0829827556784596
SYNPCC7002_RS16320,SYNPCC7002_RS15655,0.0829793972526592
SYNPCC7002_RS00260,SYNPCC7002_RS02910,0.082976078676881
SYNPCC7002_RS04780,SYNPCC7002_RS07385,0.082957011364388
SYNPCC7002_RS01085,SYNPCC7002_RS14710,0.082941370337162
SYNPCC7002_RS16320,SYNPCC7002_RS15650,0.0829350862808612
SYNPCC7002_RS05135,SYNPCC7002_RS01515,0.0829308811520295
SYNPCC7002_RS09420,SYNPCC7002_RS09425,0.0829155244185991
SYNPCC7002_RS03030,SYNPCC7002_RS03375,0.0829153561995605
SYNPCC7002_RS05460,SYNPCC7002_RS14005,0.0829015725919409
SYNPCC7002_RS10050,SYNPCC7002_RS08250,0.0828959399820777
SYNPCC7002_RS08390,SYNPCC7002_RS07435,0.082884532179001
SYNPCC7002_RS10050,SYNPCC7002_RS02405,0.0828800875701369
SYNPCC7002_RS00260,SYNPCC7002_RS15860,0.0828697408597606
SYNPCC7002_RS05135,SYNPCC7002_RS03520,0.0828678771327202
SYNPCC7002_RS09420,SYNPCC7002_RS16675,0.0828502236458044
SYNPCC7002_RS10050,SYNPCC7002_RS04120,0.0828486552369758
SYNPCC7002_RS09320,SYNPCC7002_RS02120,0.0828480920725953
SYNPCC7002_RS09320,SYNPCC7002_RS05040,0.082844917413346
SYNPCC7002_RS00050,SYNPCC7002_RS11150,0.0828420580219044
SYNPCC7002_RS15520,SYNPCC7002_RS13915,0.0828398770526207
SYNPCC7002_RS15680,SYNPCC7002_RS01165,0.0828395969530866
SYNPCC7002_RS09420,SYNPCC7002_RS02515,0.0828353002543184
SYNPCC7002_RS02715,SYNPCC7002_RS05265,0.0828170911710219
SYNPCC7002_RS04890,SYNPCC7002_RS11345,0.0828070886204285
SYNPCC7002_RS09630,SYNPCC7002_RS15940,0.0828004036790001
SYNPCC7002_RS08945,SYNPCC7002_RS10575,0.0827969292991997
SYNPCC7002_RS07385,SYNPCC7002_RS14175,0.0827967386239664
SYNPCC7002_RS01085,SYNPCC7002_RS05870,0.0827932616120774
SYNPCC7002_RS08390,SYNPCC7002_RS02385,0.082790218237978
SYNPCC7002_RS01335,SYNPCC7002_RS11260,0.0827889011388482
SYNPCC7002_RS11685,SYNPCC7002_RS06320,0.0827867596502149
SYNPCC7002_RS04650,SYNPCC7002_RS00885,0.0827854270722333
SYNPCC7002_RS09320,SYNPCC7002_RS11575,0.0827822338642105
SYNPCC7002_RS09820,SYNPCC7002_RS01675,0.0827806807506689
SYNPCC7002_RS15535,SYNPCC7002_RS01460,0.0827740575074283
SYNPCC7002_RS08210,SYNPCC7002_RS11665,0.0827716902303032
SYNPCC7002_RS12515,SYNPCC7002_RS08200,0.0827712146048067
SYNPCC7002_RS02455,SYNPCC7002_RS02320,0.0827705588827588
SYNPCC7002_RS03030,SYNPCC7002_RS07375,0.0827703074040122
SYNPCC7002_RS09820,SYNPCC7002_RS02030,0.0827688580481976
SYNPCC7002_RS09320,SYNPCC7002_RS11500,0.0827634494396725
SYNPCC7002_RS12395,SYNPCC7002_RS12145,0.0827602865390188
SYNPCC7002_RS16320,SYNPCC7002_RS12440,0.0827555916093809
SYNPCC7002_RS10525,SYNPCC7002_RS10270,0.0827541970106222
SYNPCC7002_RS09780,SYNPCC7002_RS07345,0.0827515166259861
SYNPCC7002_RS05460,SYNPCC7002_RS09800,0.0827502952019844
SYNPCC7002_RS15255,SYNPCC7002_RS10545,0.0827422452224749
SYNPCC7002_RS09780,SYNPCC7002_RS02605,0.0827346612345959
SYNPCC7002_RS00050,SYNPCC7002_RS08925,0.0827279117306332
SYNPCC7002_RS08860,SYNPCC7002_RS12235,0.0827249983637414
SYNPCC7002_RS01335,SYNPCC7002_RS11050,0.0827245576522585
SYNPCC7002_RS02455,SYNPCC7002_RS08415,0.0827127444349237
SYNPCC7002_RS04250,SYNPCC7002_RS08795,0.0827110198677868
SYNPCC7002_RS08965,SYNPCC7002_RS02730,0.0827097171551279
SYNPCC7002_RS09260,SYNPCC7002_RS03555,0.0827044865966531
SYNPCC7002_RS12515,SYNPCC7002_RS16210,0.0827025319985769
SYNPCC7002_RS01335,SYNPCC7002_RS05415,0.0826994671971907
SYNPCC7002_RS03950,SYNPCC7002_RS08045,0.0826970188559406
SYNPCC7002_RS15680,SYNPCC7002_RS07345,0.082675714470401
SYNPCC7002_RS05135,SYNPCC7002_RS02015,0.0826732904825858
SYNPCC7002_RS10050,SYNPCC7002_RS06590,0.0826637432213019
SYNPCC7002_RS12395,SYNPCC7002_RS03520,0.0826552201248198
SYNPCC7002_RS05460,SYNPCC7002_RS00790,0.0826514622276602
SYNPCC7002_RS10525,SYNPCC7002_RS05500,0.082644084647469
SYNPCC7002_RS04890,SYNPCC7002_RS02575,0.0826428216603305
SYNPCC7002_RS05135,SYNPCC7002_RS16750,0.0826418538626595
SYNPCC7002_RS03030,SYNPCC7002_RS07385,0.0826366472797518
SYNPCC7002_RS08255,SYNPCC7002_RS13035,0.0826344079475605
SYNPCC7002_RS05135,SYNPCC7002_RS16815,0.0826320518630175
SYNPCC7002_RS08965,SYNPCC7002_RS11220,0.0826150223664197
SYNPCC7002_RS04780,SYNPCC7002_RS12305,0.0826095215650314
SYNPCC7002_RS04250,SYNPCC7002_RS06510,0.0825991406761779
SYNPCC7002_RS07385,SYNPCC7002_RS06765,0.0825982004663215
SYNPCC7002_RS01335,SYNPCC7002_RS03310,0.0825891393601187
SYNPCC7002_RS04780,SYNPCC7002_RS13245,0.0825783016383476
SYNPCC7002_RS04250,SYNPCC7002_RS12020,0.0825755534547712
SYNPCC7002_RS05135,SYNPCC7002_RS12435,0.0825650108407516
SYNPCC7002_RS08965,SYNPCC7002_RS05360,0.0825600160660873
SYNPCC7002_RS04780,SYNPCC7002_RS00075,0.0825594866668661
SYNPCC7002_RS06150,SYNPCC7002_RS13695,0.0825575086128085
SYNPCC7002_RS09820,SYNPCC7002_RS00830,0.0825566238882714
SYNPCC7002_RS09780,SYNPCC7002_RS11095,0.0825534909945405
SYNPCC7002_RS04250,SYNPCC7002_RS00175,0.0825506495678293
SYNPCC7002_RS07385,SYNPCC7002_RS09835,0.0825399736034987
SYNPCC7002_RS04890,SYNPCC7002_RS08220,0.0825390334118241
SYNPCC7002_RS10050,SYNPCC7002_RS03670,0.0825372037819909
SYNPCC7002_RS12090,SYNPCC7002_RS06195,0.0825328267232519
SYNPCC7002_RS08965,SYNPCC7002_RS09740,0.0825213001718301
SYNPCC7002_RS14440,SYNPCC7002_RS09420,0.0825196075054513
SYNPCC7002_RS08945,SYNPCC7002_RS00275,0.0825168309669504
SYNPCC7002_RS12395,SYNPCC7002_RS11240,0.0825158034984457
SYNPCC7002_RS04780,SYNPCC7002_RS13985,0.0825040798544815
SYNPCC7002_RS08175,SYNPCC7002_RS02870,0.0824979365911846
SYNPCC7002_RS01335,SYNPCC7002_RS04995,0.0824962529783549
SYNPCC7002_RS08210,SYNPCC7002_RS08120,0.0824863282137227
SYNPCC7002_RS01800,SYNPCC7002_RS16225,0.082486045176303
SYNPCC7002_RS09780,SYNPCC7002_RS17210,0.082484961797036
SYNPCC7002_RS04780,SYNPCC7002_RS05630,0.0824793708467874
SYNPCC7002_RS01800,SYNPCC7002_RS06565,0.0824763950250461
SYNPCC7002_RS05135,SYNPCC7002_RS10130,0.0824652429884219
SYNPCC7002_RS04780,SYNPCC7002_RS05505,0.0824639910997895
SYNPCC7002_RS04250,SYNPCC7002_RS01185,0.082463966771891
SYNPCC7002_RS10050,SYNPCC7002_RS01550,0.0824638943670268
SYNPCC7002_RS12395,SYNPCC7002_RS02090,0.0824552185943666
SYNPCC7002_RS04780,SYNPCC7002_RS08385,0.082445758343728
SYNPCC7002_RS10050,SYNPCC7002_RS10135,0.082435351476053
SYNPCC7002_RS04680,SYNPCC7002_RS02695,0.0824201325268308
SYNPCC7002_RS08390,SYNPCC7002_RS07290,0.0824175667055327
SYNPCC7002_RS09820,SYNPCC7002_RS14940,0.0824146527615273
SYNPCC7002_RS01085,SYNPCC7002_RS12915,0.0824124469503925
SYNPCC7002_RS09320,SYNPCC7002_RS16200,0.0824098104009964
SYNPCC7002_RS15520,SYNPCC7002_RS14915,0.0824097717221775
SYNPCC7002_RS15520,SYNPCC7002_RS06875,0.082406532766932
SYNPCC7002_RS11685,SYNPCC7002_RS09900,0.082404204040779
SYNPCC7002_RS06150,SYNPCC7002_RS10630,0.0823829479450967
SYNPCC7002_RS06005,SYNPCC7002_RS06650,0.0823658987699827
SYNPCC7002_RS04650,SYNPCC7002_RS08360,0.0823612412993949
SYNPCC7002_RS12090,SYNPCC7002_RS16630,0.0823587428514928
SYNPCC7002_RS14440,SYNPCC7002_RS14425,0.0823562030892915
SYNPCC7002_RS07385,SYNPCC7002_RS05635,0.0823530720945984
SYNPCC7002_RS08965,SYNPCC7002_RS06420,0.082352058056482
SYNPCC7002_RS09195,SYNPCC7002_RS14490,0.0823452077801573
SYNPCC7002_RS09995,SYNPCC7002_RS08835,0.0823443247869506
SYNPCC7002_RS08860,SYNPCC7002_RS00380,0.0823431871641454
SYNPCC7002_RS03030,SYNPCC7002_RS16070,0.0823428292841667
SYNPCC7002_RS09260,SYNPCC7002_RS07330,0.0823347941814495
SYNPCC7002_RS04890,SYNPCC7002_RS17215,0.0823232339882285
SYNPCC7002_RS02715,SYNPCC7002_RS14505,0.0823151977255694
SYNPCC7002_RS09780,SYNPCC7002_RS16160,0.0823084458865762
SYNPCC7002_RS04780,SYNPCC7002_RS06185,0.0823034642911253
SYNPCC7002_RS02455,SYNPCC7002_RS04215,0.0822936270114152
SYNPCC7002_RS08945,SYNPCC7002_RS02220,0.0822893249757821
SYNPCC7002_RS00640,SYNPCC7002_RS09625,0.082280964386229
SYNPCC7002_RS09780,SYNPCC7002_RS11950,0.0822805740705428
SYNPCC7002_RS09320,SYNPCC7002_RS00635,0.0822802074935913
SYNPCC7002_RS04890,SYNPCC7002_RS11190,0.0822781029339058
SYNPCC7002_RS06005,SYNPCC7002_RS13885,0.0822719639796888
SYNPCC7002_RS15520,SYNPCC7002_RS14585,0.0822707316129139
SYNPCC7002_RS11400,SYNPCC7002_RS00225,0.0822706598237248
SYNPCC7002_RS09320,SYNPCC7002_RS12375,0.0822667386582976
SYNPCC7002_RS03950,SYNPCC7002_RS06425,0.0822639851603602
SYNPCC7002_RS00010,SYNPCC7002_RS05465,0.0822549318755143
SYNPCC7002_RS14790,SYNPCC7002_RS14635,0.082254094244641
SYNPCC7002_RS09175,SYNPCC7002_RS04415,0.0822437798782634
SYNPCC7002_RS03030,SYNPCC7002_RS13025,0.0822428656829016
SYNPCC7002_RS04890,SYNPCC7002_RS07680,0.0822400653945246
SYNPCC7002_RS15520,SYNPCC7002_RS08955,0.0822337759939425
SYNPCC7002_RS01335,SYNPCC7002_RS14900,0.0822271681788108
SYNPCC7002_RS04780,SYNPCC7002_RS06270,0.0822180579221574
SYNPCC7002_RS07385,SYNPCC7002_RS15025,0.0822155816562833
SYNPCC7002_RS10050,SYNPCC7002_RS05265,0.0822082681975193
SYNPCC7002_RS04780,SYNPCC7002_RS00210,0.0822057809346176
SYNPCC7002_RS04250,SYNPCC7002_RS00885,0.0822054716181593
SYNPCC7002_RS15520,SYNPCC7002_RS04680,0.0821993243395082
SYNPCC7002_RS04250,SYNPCC7002_RS06075,0.0821991868242157
SYNPCC7002_RS08210,SYNPCC7002_RS09740,0.0821987870876014
SYNPCC7002_RS09260,SYNPCC7002_RS00110,0.0821753058805519
SYNPCC7002_RS01420,SYNPCC7002_RS14460,0.0821734498875959
SYNPCC7002_RS12395,SYNPCC7002_RS11685,0.082171270701272
SYNPCC7002_RS08390,SYNPCC7002_RS09315,0.0821704622087834
SYNPCC7002_RS05985,SYNPCC7002_RS15725,0.0821691668820434
SYNPCC7002_RS05135,SYNPCC7002_RS02130,0.082167971262604
SYNPCC7002_RS02715,SYNPCC7002_RS05290,0.082165450970925
SYNPCC7002_RS06005,SYNPCC7002_RS13440,0.0821488000124219
SYNPCC7002_RS08210,SYNPCC7002_RS02595,0.082144201846657
SYNPCC7002_RS15255,SYNPCC7002_RS04665,0.0821426748899301
SYNPCC7002_RS02715,SYNPCC7002_RS04760,0.0821400000827081
SYNPCC7002_RS08255,SYNPCC7002_RS13105,0.0821352330036349
SYNPCC7002_RS11685,SYNPCC7002_RS09115,0.0821335688514104
SYNPCC7002_RS08965,SYNPCC7002_RS01290,0.082133384897456
SYNPCC7002_RS04250,SYNPCC7002_RS09975,0.0821287675804149
SYNPCC7002_RS08945,SYNPCC7002_RS09115,0.0821212000416874
SYNPCC7002_RS15680,SYNPCC7002_RS15100,0.0821194961618595
SYNPCC7002_RS10525,SYNPCC7002_RS01100,0.0821133897837007
SYNPCC7002_RS00260,SYNPCC7002_RS05075,0.0821107937304328
SYNPCC7002_RS11685,SYNPCC7002_RS12805,0.0821092655683721
SYNPCC7002_RS15410,SYNPCC7002_RS07405,0.0821079104153311
SYNPCC7002_RS03030,SYNPCC7002_RS02940,0.0820868373198792
SYNPCC7002_RS02715,SYNPCC7002_RS05210,0.0820861995029119
SYNPCC7002_RS15520,SYNPCC7002_RS12045,0.0820834844784769
SYNPCC7002_RS03950,SYNPCC7002_RS15845,0.082077648419529
SYNPCC7002_RS03030,SYNPCC7002_RS11855,0.0820726887034637
SYNPCC7002_RS05135,SYNPCC7002_RS02515,0.0820710534103159
SYNPCC7002_RS00640,SYNPCC7002_RS10800,0.0820659982233066
SYNPCC7002_RS02715,SYNPCC7002_RS08045,0.0820498902306176
SYNPCC7002_RS10050,SYNPCC7002_RS06080,0.082045085682601
SYNPCC7002_RS04650,SYNPCC7002_RS05475,0.0820408969856198
SYNPCC7002_RS16320,SYNPCC7002_RS15885,0.0820306140845086
SYNPCC7002_RS12395,SYNPCC7002_RS16750,0.0820261830565992
SYNPCC7002_RS01420,SYNPCC7002_RS06080,0.0820255162866639
SYNPCC7002_RS08965,SYNPCC7002_RS06205,0.0820182831704933
SYNPCC7002_RS04250,SYNPCC7002_RS02170,0.0820042202968596
SYNPCC7002_RS04290,SYNPCC7002_RS13500,0.0819998546989817
SYNPCC7002_RS04780,SYNPCC7002_RS04750,0.0819935694082833
SYNPCC7002_RS09820,SYNPCC7002_RS14865,0.08197710021707
SYNPCC7002_RS04250,SYNPCC7002_RS05395,0.0819759382993839
SYNPCC7002_RS15410,SYNPCC7002_RS07740,0.0819469652667785
SYNPCC7002_RS12090,SYNPCC7002_RS00840,0.0819380685531827
SYNPCC7002_RS09845,SYNPCC7002_RS09635,0.0819354874329835
SYNPCC7002_RS08390,SYNPCC7002_RS00415,0.0819350254834884
SYNPCC7002_RS08210,SYNPCC7002_RS13325,0.0819347148400076
SYNPCC7002_RS01420,SYNPCC7002_RS03095,0.0819236033514925
SYNPCC7002_RS01800,SYNPCC7002_RS10785,0.0819163164175043
SYNPCC7002_RS09780,SYNPCC7002_RS14735,0.0819109541578752
SYNPCC7002_RS09320,SYNPCC7002_RS06955,0.0818980934878857
SYNPCC7002_RS07295,SYNPCC7002_RS12040,0.0818824114673697
SYNPCC7002_RS06150,SYNPCC7002_RS05690,0.0818798478459036
SYNPCC7002_RS11685,SYNPCC7002_RS12560,0.0818738347430607
SYNPCC7002_RS05460,SYNPCC7002_RS09100,0.0818538393600832
SYNPCC7002_RS04780,SYNPCC7002_RS16100,0.0818493704925676
SYNPCC7002_RS11685,SYNPCC7002_RS10965,0.0818480337278774
SYNPCC7002_RS09320,SYNPCC7002_RS13375,0.081843825985857
SYNPCC7002_RS06540,SYNPCC7002_RS02490,0.0818379173715595
SYNPCC7002_RS10145,SYNPCC7002_RS09950,0.0818207981623889
SYNPCC7002_RS04780,SYNPCC7002_RS05610,0.0818144990848832
SYNPCC7002_RS15520,SYNPCC7002_RS08495,0.081804540532453
SYNPCC7002_RS08210,SYNPCC7002_RS10970,0.0818031742523755
SYNPCC7002_RS05135,SYNPCC7002_RS05255,0.0818029900021939
SYNPCC7002_RS06150,SYNPCC7002_RS00090,0.0818016818276779
SYNPCC7002_RS01335,SYNPCC7002_RS13690,0.0817938419204387
SYNPCC7002_RS01420,SYNPCC7002_RS07535,0.0817919140289127
SYNPCC7002_RS08255,SYNPCC7002_RS12610,0.0817916865699262
SYNPCC7002_RS08175,SYNPCC7002_RS11655,0.0817834167088707
SYNPCC7002_RS10050,SYNPCC7002_RS15305,0.0817825500425356
SYNPCC7002_RS09820,SYNPCC7002_RS15075,0.081778596736163
SYNPCC7002_RS16320,SYNPCC7002_RS15720,0.0817689208205857
SYNPCC7002_RS14440,SYNPCC7002_RS14415,0.0817688979034527
SYNPCC7002_RS04250,SYNPCC7002_RS10735,0.0817501781727955
SYNPCC7002_RS15680,SYNPCC7002_RS12150,0.0817481476904658
SYNPCC7002_RS00690,SYNPCC7002_RS02645,0.0817400074748211
SYNPCC7002_RS00640,SYNPCC7002_RS03620,0.0817386651294946
SYNPCC7002_RS01420,SYNPCC7002_RS16735,0.0817368687423506
SYNPCC7002_RS00640,SYNPCC7002_RS04910,0.0817311495277921
SYNPCC7002_RS09780,SYNPCC7002_RS04805,0.0817265479895317
SYNPCC7002_RS03295,SYNPCC7002_RS04295,0.0817217051753701
SYNPCC7002_RS15520,SYNPCC7002_RS12375,0.0817203716278481
SYNPCC7002_RS08945,SYNPCC7002_RS14010,0.0817172975432355
SYNPCC7002_RS15520,SYNPCC7002_RS02255,0.0817165189960698
SYNPCC7002_RS04650,SYNPCC7002_RS09960,0.0817136325414303
SYNPCC7002_RS15520,SYNPCC7002_RS16030,0.0817119589475411
SYNPCC7002_RS10050,SYNPCC7002_RS06395,0.0817093465661828
SYNPCC7002_RS12395,SYNPCC7002_RS14205,0.0817045249437859
SYNPCC7002_RS01800,SYNPCC7002_RS09365,0.0817037598790125
SYNPCC7002_RS04650,SYNPCC7002_RS08660,0.0816950158478619
SYNPCC7002_RS16320,SYNPCC7002_RS11985,0.0816761787837013
SYNPCC7002_RS05460,SYNPCC7002_RS04760,0.0816701094226701
SYNPCC7002_RS00650,SYNPCC7002_RS05380,0.0816598459695931
SYNPCC7002_RS06150,SYNPCC7002_RS14610,0.0816559887845834
SYNPCC7002_RS09320,SYNPCC7002_RS06480,0.0816535495234178
SYNPCC7002_RS04780,SYNPCC7002_RS12515,0.0816517608397508
SYNPCC7002_RS02455,SYNPCC7002_RS01340,0.0816474724241319
SYNPCC7002_RS14790,SYNPCC7002_RS08140,0.0816434200812804
SYNPCC7002_RS10050,SYNPCC7002_RS10830,0.0816413163073947
SYNPCC7002_RS03030,SYNPCC7002_RS01480,0.0816365565878611
SYNPCC7002_RS09630,SYNPCC7002_RS12195,0.0816270482953687
SYNPCC7002_RS08210,SYNPCC7002_RS11490,0.0816259516699757
SYNPCC7002_RS01335,SYNPCC7002_RS06005,0.0816225591946038
SYNPCC7002_RS09260,SYNPCC7002_RS04965,0.0816206501449743
SYNPCC7002_RS12105,SYNPCC7002_RS08360,0.0816204860839131
SYNPCC7002_RS12515,SYNPCC7002_RS08775,0.0815994563282494
SYNPCC7002_RS09780,SYNPCC7002_RS16995,0.0815972545727647
SYNPCC7002_RS10050,SYNPCC7002_RS07725,0.0815950423261738
SYNPCC7002_RS04250,SYNPCC7002_RS05835,0.0815898461972087
SYNPCC7002_RS01800,SYNPCC7002_RS01965,0.0815846812145655
SYNPCC7002_RS04680,SYNPCC7002_RS10445,0.081572484687662
SYNPCC7002_RS08480,SYNPCC7002_RS07790,0.0815630930687963
SYNPCC7002_RS10525,SYNPCC7002_RS10050,0.08155601619676
SYNPCC7002_RS15410,SYNPCC7002_RS07365,0.0815480806319225
SYNPCC7002_RS05135,SYNPCC7002_RS13820,0.0815361517275696
SYNPCC7002_RS04780,SYNPCC7002_RS10485,0.0815337222211756
SYNPCC7002_RS04250,SYNPCC7002_RS02770,0.0815316056215471
SYNPCC7002_RS15255,SYNPCC7002_RS11985,0.0815275352099044
SYNPCC7002_RS08945,SYNPCC7002_RS06695,0.081518321783945
SYNPCC7002_RS12515,SYNPCC7002_RS08050,0.0815178263817586
SYNPCC7002_RS12395,SYNPCC7002_RS08010,0.0815155963270314
SYNPCC7002_RS12515,SYNPCC7002_RS10035,0.0815046075848737
SYNPCC7002_RS04780,SYNPCC7002_RS09830,0.0815013150000225
SYNPCC7002_RS09320,SYNPCC7002_RS03225,0.0814995790128392
SYNPCC7002_RS09260,SYNPCC7002_RS12980,0.0814966153406838
SYNPCC7002_RS03760,SYNPCC7002_RS00345,0.0814945984200392
SYNPCC7002_RS09995,SYNPCC7002_RS16260,0.0814802767328477
SYNPCC7002_RS05460,SYNPCC7002_RS16420,0.0814782935794137
SYNPCC7002_RS02455,SYNPCC7002_RS11930,0.081477162693601
SYNPCC7002_RS01800,SYNPCC7002_RS10760,0.0814652126807522
SYNPCC7002_RS02455,SYNPCC7002_RS10055,0.081461727919359
SYNPCC7002_RS10050,SYNPCC7002_RS11315,0.0814596229985003
SYNPCC7002_RS03030,SYNPCC7002_RS08410,0.081452657774649
SYNPCC7002_RS03030,SYNPCC7002_RS11395,0.0814432831624757
SYNPCC7002_RS08175,SYNPCC7002_RS08110,0.0814382297868667
SYNPCC7002_RS04250,SYNPCC7002_RS06885,0.0814324248028167
SYNPCC7002_RS07385,SYNPCC7002_RS07040,0.0814228222139506
SYNPCC7002_RS02715,SYNPCC7002_RS05730,0.081421308957458
SYNPCC7002_RS15410,SYNPCC7002_RS00835,0.0814029497317139
SYNPCC7002_RS00010,SYNPCC7002_RS01410,0.0814016309077146
SYNPCC7002_RS01335,SYNPCC7002_RS13155,0.0813954974810223
SYNPCC7002_RS15255,SYNPCC7002_RS01165,0.081394346678393
SYNPCC7002_RS04780,SYNPCC7002_RS08640,0.0813934086931626
SYNPCC7002_RS04250,SYNPCC7002_RS05590,0.0813913591068802
SYNPCC7002_RS04780,SYNPCC7002_RS00025,0.0813864900799677
SYNPCC7002_RS07295,SYNPCC7002_RS08900,0.0813851442377973
SYNPCC7002_RS15410,SYNPCC7002_RS16180,0.0813822738776619
SYNPCC7002_RS04780,SYNPCC7002_RS03310,0.0813734136021894
SYNPCC7002_RS01335,SYNPCC7002_RS05775,0.0813703291138564
SYNPCC7002_RS08210,SYNPCC7002_RS05740,0.0813692607312743
SYNPCC7002_RS15255,SYNPCC7002_RS07345,0.0813674430568962
SYNPCC7002_RS05135,SYNPCC7002_RS02635,0.0813617473201536
SYNPCC7002_RS04250,SYNPCC7002_RS04380,0.081355537755064
SYNPCC7002_RS09780,SYNPCC7002_RS11440,0.0813358334883064
SYNPCC7002_RS12395,SYNPCC7002_RS14010,0.0813330844573266
SYNPCC7002_RS09780,SYNPCC7002_RS16140,0.081328122887172
SYNPCC7002_RS09845,SYNPCC7002_RS03870,0.0813158366467499
SYNPCC7002_RS08390,SYNPCC7002_RS12970,0.0813146598453421
SYNPCC7002_RS09320,SYNPCC7002_RS13645,0.081303656396472
SYNPCC7002_RS05460,SYNPCC7002_RS16825,0.0812986479303679
SYNPCC7002_RS03030,SYNPCC7002_RS04545,0.0812940890633043
SYNPCC7002_RS08945,SYNPCC7002_RS12130,0.0812792877024003
SYNPCC7002_RS00010,SYNPCC7002_RS09205,0.0812699122221338
SYNPCC7002_RS01420,SYNPCC7002_RS08550,0.0812547627614023
SYNPCC7002_RS07295,SYNPCC7002_RS01275,0.0812538079275724
SYNPCC7002_RS12395,SYNPCC7002_RS04115,0.0812387565898648
SYNPCC7002_RS15995,SYNPCC7002_RS15370,0.0812382966286231
SYNPCC7002_RS08255,SYNPCC7002_RS12800,0.0812371634462446
SYNPCC7002_RS04890,SYNPCC7002_RS01575,0.0812350702752844
SYNPCC7002_RS04250,SYNPCC7002_RS00355,0.0812186638346886
SYNPCC7002_RS05985,SYNPCC7002_RS01485,0.0812184869428762
SYNPCC7002_RS09845,SYNPCC7002_RS11495,0.0812076876543044
SYNPCC7002_RS00010,SYNPCC7002_RS03625,0.0811981377337604
SYNPCC7002_RS00640,SYNPCC7002_RS14065,0.0811937130192999
SYNPCC7002_RS04680,SYNPCC7002_RS00965,0.0811889019292334
SYNPCC7002_RS08390,SYNPCC7002_RS04240,0.0811847248858321
SYNPCC7002_RS09630,SYNPCC7002_RS06200,0.0811719473823032
SYNPCC7002_RS01420,SYNPCC7002_RS08315,0.0811706417016572
SYNPCC7002_RS05135,SYNPCC7002_RS16445,0.0811659811501472
SYNPCC7002_RS04890,SYNPCC7002_RS12005,0.0811564705201924
SYNPCC7002_RS11685,SYNPCC7002_RS03070,0.0811562799328174
SYNPCC7002_RS12395,SYNPCC7002_RS01695,0.0811546455629554
SYNPCC7002_RS15520,SYNPCC7002_RS08120,0.0811537875767944
SYNPCC7002_RS08965,SYNPCC7002_RS10470,0.0811522075524779
SYNPCC7002_RS05135,SYNPCC7002_RS08135,0.0811507348568403
SYNPCC7002_RS03760,SYNPCC7002_RS10460,0.0811447291303739
SYNPCC7002_RS00690,SYNPCC7002_RS15290,0.0811416867003119
SYNPCC7002_RS11685,SYNPCC7002_RS09735,0.0811406249288013
SYNPCC7002_RS12105,SYNPCC7002_RS00050,0.0811389922666443
SYNPCC7002_RS15535,SYNPCC7002_RS14130,0.0811376130220126
SYNPCC7002_RS10050,SYNPCC7002_RS11065,0.0811294315379482
SYNPCC7002_RS04250,SYNPCC7002_RS05595,0.0811282659958272
SYNPCC7002_RS10145,SYNPCC7002_RS05810,0.0811106025507592
SYNPCC7002_RS08390,SYNPCC7002_RS12080,0.0811012124136555
SYNPCC7002_RS04890,SYNPCC7002_RS14280,0.0810967786264475
SYNPCC7002_RS01085,SYNPCC7002_RS05780,0.0810861187272341
SYNPCC7002_RS09820,SYNPCC7002_RS01015,0.0810809576167568
SYNPCC7002_RS00640,SYNPCC7002_RS15590,0.081079718859887
SYNPCC7002_RS10050,SYNPCC7002_RS17030,0.0810771018339804
SYNPCC7002_RS09260,SYNPCC7002_RS06105,0.0810769857334463
SYNPCC7002_RS07385,SYNPCC7002_RS01125,0.0810758962558481
SYNPCC7002_RS09995,SYNPCC7002_RS12845,0.0810746495306467
SYNPCC7002_RS08860,SYNPCC7002_RS07535,0.0810684265879836
SYNPCC7002_RS01335,SYNPCC7002_RS14895,0.0810660578027946
SYNPCC7002_RS15255,SYNPCC7002_RS15335,0.0810558586707614
SYNPCC7002_RS08390,SYNPCC7002_RS14915,0.0810393142444715
SYNPCC7002_RS00640,SYNPCC7002_RS02305,0.081038667091114
SYNPCC7002_RS03030,SYNPCC7002_RS02920,0.0810355341503941
SYNPCC7002_RS14440,SYNPCC7002_RS14470,0.0810329797031744
SYNPCC7002_RS00010,SYNPCC7002_RS14840,0.0810263288230394
SYNPCC7002_RS15255,SYNPCC7002_RS15700,0.0810122022443724
SYNPCC7002_RS09320,SYNPCC7002_RS10345,0.0810110974789938
SYNPCC7002_RS02715,SYNPCC7002_RS08895,0.0810109620820206
SYNPCC7002_RS08390,SYNPCC7002_RS13465,0.0810025608120729
SYNPCC7002_RS07385,SYNPCC7002_RS01610,0.0809990129215921
SYNPCC7002_RS05135,SYNPCC7002_RS01930,0.0809982738545897
SYNPCC7002_RS11400,SYNPCC7002_RS10120,0.0809979376059156
SYNPCC7002_RS15410,SYNPCC7002_RS07660,0.0809868546307883
SYNPCC7002_RS09260,SYNPCC7002_RS14000,0.0809746145954947
SYNPCC7002_RS08965,SYNPCC7002_RS02365,0.08096748387143
SYNPCC7002_RS14440,SYNPCC7002_RS14430,0.0809624205903063
SYNPCC7002_RS12395,SYNPCC7002_RS07535,0.0809624164131715
SYNPCC7002_RS03760,SYNPCC7002_RS03130,0.0809621531036027
SYNPCC7002_RS07385,SYNPCC7002_RS03560,0.0809579993205708
SYNPCC7002_RS03030,SYNPCC7002_RS02855,0.0809572941693241
SYNPCC7002_RS12395,SYNPCC7002_RS00285,0.0809411121437772
SYNPCC7002_RS05135,SYNPCC7002_RS06330,0.0809342296768621
SYNPCC7002_RS03950,SYNPCC7002_RS15125,0.0809253683860843
SYNPCC7002_RS04650,SYNPCC7002_RS12585,0.0809221627110857
SYNPCC7002_RS04890,SYNPCC7002_RS04065,0.0809206377901875
SYNPCC7002_RS08965,SYNPCC7002_RS00230,0.0809197726881664
SYNPCC7002_RS12395,SYNPCC7002_RS02785,0.0809121624922293
SYNPCC7002_RS09995,SYNPCC7002_RS08480,0.0809060794515839
SYNPCC7002_RS14440,SYNPCC7002_RS14390,0.0808911908339781
SYNPCC7002_RS09845,SYNPCC7002_RS13700,0.0808898863905641
SYNPCC7002_RS15520,SYNPCC7002_RS01425,0.0808890179367431
SYNPCC7002_RS04250,SYNPCC7002_RS06550,0.0808836153766693
SYNPCC7002_RS04780,SYNPCC7002_RS08750,0.0808833886175309
SYNPCC7002_RS09630,SYNPCC7002_RS14560,0.0808821602973607
SYNPCC7002_RS08965,SYNPCC7002_RS03030,0.0808743935594193
SYNPCC7002_RS02715,SYNPCC7002_RS09165,0.0808569612682838
SYNPCC7002_RS04250,SYNPCC7002_RS14680,0.0808527403379017
SYNPCC7002_RS10050,SYNPCC7002_RS11325,0.0808500931409079
SYNPCC7002_RS15520,SYNPCC7002_RS11490,0.0808447790869414
SYNPCC7002_RS04680,SYNPCC7002_RS06405,0.0808402364845444
SYNPCC7002_RS09320,SYNPCC7002_RS01790,0.0808399865170744
SYNPCC7002_RS15520,SYNPCC7002_RS09290,0.0808369061891762
SYNPCC7002_RS15680,SYNPCC7002_RS11465,0.0808339848160815
SYNPCC7002_RS08210,SYNPCC7002_RS12700,0.0808218241891294
SYNPCC7002_RS04650,SYNPCC7002_RS04010,0.0808125122313628
SYNPCC7002_RS02455,SYNPCC7002_RS02890,0.080807616587215
SYNPCC7002_RS04650,SYNPCC7002_RS12730,0.0807982929776855
SYNPCC7002_RS03760,SYNPCC7002_RS11690,0.0807981482526687
SYNPCC7002_RS08945,SYNPCC7002_RS03405,0.0807918404830973
SYNPCC7002_RS09780,SYNPCC7002_RS10565,0.0807833778680642
SYNPCC7002_RS06540,SYNPCC7002_RS00115,0.0807708108699086
SYNPCC7002_RS10050,SYNPCC7002_RS08520,0.0807649666687122
SYNPCC7002_RS06150,SYNPCC7002_RS15925,0.0807630973326593
SYNPCC7002_RS12395,SYNPCC7002_RS05290,0.0807629499001339
SYNPCC7002_RS09320,SYNPCC7002_RS05635,0.0807564358827747
SYNPCC7002_RS01335,SYNPCC7002_RS11810,0.0807546187912408
SYNPCC7002_RS09630,SYNPCC7002_RS08720,0.080752991220807
SYNPCC7002_RS03295,SYNPCC7002_RS14545,0.0807501493297944
SYNPCC7002_RS00260,SYNPCC7002_RS01890,0.0807500373052686
SYNPCC7002_RS03030,SYNPCC7002_RS12780,0.0807496596682644
SYNPCC7002_RS06150,SYNPCC7002_RS07430,0.0807488511248814
SYNPCC7002_RS11685,SYNPCC7002_RS05835,0.0807428699139628
SYNPCC7002_RS01085,SYNPCC7002_RS13995,0.0807420021150717
SYNPCC7002_RS05135,SYNPCC7002_RS05955,0.0807398827085177
SYNPCC7002_RS08965,SYNPCC7002_RS03780,0.0807392646910978
SYNPCC7002_RS04250,SYNPCC7002_RS06050,0.0807384274568708
SYNPCC7002_RS11400,SYNPCC7002_RS10065,0.0807339554095228
SYNPCC7002_RS04250,SYNPCC7002_RS05705,0.0807269025767907
SYNPCC7002_RS08945,SYNPCC7002_RS05905,0.080726781753864
SYNPCC7002_RS02715,SYNPCC7002_RS05240,0.0807197365347273
SYNPCC7002_RS04650,SYNPCC7002_RS00345,0.080716447249595
SYNPCC7002_RS05135,SYNPCC7002_RS00550,0.080715804258614
SYNPCC7002_RS10050,SYNPCC7002_RS03665,0.0807151660723852
SYNPCC7002_RS02455,SYNPCC7002_RS08490,0.0807122199281634
SYNPCC7002_RS09780,SYNPCC7002_RS13815,0.0807110261683786
SYNPCC7002_RS08945,SYNPCC7002_RS03760,0.0807105549646285
SYNPCC7002_RS16320,SYNPCC7002_RS14430,0.080710301482923
SYNPCC7002_RS05135,SYNPCC7002_RS00545,0.0807099575664748
SYNPCC7002_RS15410,SYNPCC7002_RS08330,0.0807053791946298
SYNPCC7002_RS08965,SYNPCC7002_RS02455,0.0807015237782737
SYNPCC7002_RS01335,SYNPCC7002_RS01240,0.0807010002005994
SYNPCC7002_RS10050,SYNPCC7002_RS03660,0.080684344162355
SYNPCC7002_RS01800,SYNPCC7002_RS03610,0.0806818498291784
SYNPCC7002_RS02455,SYNPCC7002_RS05855,0.0806808655679504
SYNPCC7002_RS03760,SYNPCC7002_RS11080,0.0806771271731175
SYNPCC7002_RS01420,SYNPCC7002_RS05205,0.0806721942012629
SYNPCC7002_RS04780,SYNPCC7002_RS04345,0.0806687403365313
SYNPCC7002_RS12395,SYNPCC7002_RS00200,0.0806635476603802
SYNPCC7002_RS08390,SYNPCC7002_RS10375,0.0806625068638504
SYNPCC7002_RS02715,SYNPCC7002_RS10775,0.0806563552021639
SYNPCC7002_RS09820,SYNPCC7002_RS13235,0.0806541305663791
SYNPCC7002_RS03760,SYNPCC7002_RS11890,0.0806490461336231
SYNPCC7002_RS08945,SYNPCC7002_RS10875,0.0806380401282336
SYNPCC7002_RS04780,SYNPCC7002_RS12705,0.0806340761526548
SYNPCC7002_RS09780,SYNPCC7002_RS07565,0.0806309028118671
SYNPCC7002_RS04650,SYNPCC7002_RS12060,0.0806293890075649
SYNPCC7002_RS04780,SYNPCC7002_RS06020,0.0806230808160843
SYNPCC7002_RS00640,SYNPCC7002_RS01145,0.0806197818553136
SYNPCC7002_RS12105,SYNPCC7002_RS00705,0.0806166605867949
SYNPCC7002_RS08965,SYNPCC7002_RS11700,0.080615360921836
SYNPCC7002_RS08210,SYNPCC7002_RS09550,0.0806132452069214
SYNPCC7002_RS08390,SYNPCC7002_RS12290,0.080602857805531
SYNPCC7002_RS00650,SYNPCC7002_RS07530,0.0806005933542792
SYNPCC7002_RS11685,SYNPCC7002_RS01655,0.0805981845900873
SYNPCC7002_RS05135,SYNPCC7002_RS15055,0.080582416955235
SYNPCC7002_RS04780,SYNPCC7002_RS01620,0.0805790291620026
SYNPCC7002_RS01420,SYNPCC7002_RS11690,0.080577736210596
SYNPCC7002_RS12090,SYNPCC7002_RS14690,0.0805760901117951
SYNPCC7002_RS08965,SYNPCC7002_RS09995,0.0805736174111705
SYNPCC7002_RS08210,SYNPCC7002_RS06445,0.0805646143418214
SYNPCC7002_RS05985,SYNPCC7002_RS12510,0.0805470121907623
SYNPCC7002_RS04890,SYNPCC7002_RS03740,0.0805432864646636
SYNPCC7002_RS12515,SYNPCC7002_RS17065,0.0805362436139931
SYNPCC7002_RS15520,SYNPCC7002_RS11665,0.080533074698509
SYNPCC7002_RS00635,SYNPCC7002_RS08110,0.0805326512733699
SYNPCC7002_RS00050,SYNPCC7002_RS11535,0.0805325631644663
SYNPCC7002_RS04650,SYNPCC7002_RS00525,0.0805300252677259
SYNPCC7002_RS08965,SYNPCC7002_RS04695,0.0805233599068631
SYNPCC7002_RS01420,SYNPCC7002_RS01545,0.0805171891437019
SYNPCC7002_RS08965,SYNPCC7002_RS08940,0.0805111534768882
SYNPCC7002_RS09780,SYNPCC7002_RS16585,0.0805073243209882
SYNPCC7002_RS16320,SYNPCC7002_RS12255,0.0805061160007301
SYNPCC7002_RS05460,SYNPCC7002_RS09630,0.0805045755493359
SYNPCC7002_RS04780,SYNPCC7002_RS04450,0.0804992397576988
SYNPCC7002_RS03295,SYNPCC7002_RS08880,0.0804896328236257
SYNPCC7002_RS06150,SYNPCC7002_RS09695,0.080472611314868
SYNPCC7002_RS02715,SYNPCC7002_RS16315,0.0804715104327153
SYNPCC7002_RS05985,SYNPCC7002_RS16025,0.0804667322387432
SYNPCC7002_RS04250,SYNPCC7002_RS07545,0.080463766978029
SYNPCC7002_RS00650,SYNPCC7002_RS02445,0.0804635180548716
SYNPCC7002_RS04680,SYNPCC7002_RS09345,0.0804590732592447
SYNPCC7002_RS12395,SYNPCC7002_RS00170,0.0804499036554682
SYNPCC7002_RS15255,SYNPCC7002_RS04135,0.0804474493187484
SYNPCC7002_RS04680,SYNPCC7002_RS08495,0.0804450313163054
SYNPCC7002_RS04250,SYNPCC7002_RS11120,0.0804419583272409
SYNPCC7002_RS12395,SYNPCC7002_RS01595,0.0804372622959903
SYNPCC7002_RS04890,SYNPCC7002_RS01930,0.0804302511403631
SYNPCC7002_RS01335,SYNPCC7002_RS04910,0.0804123217560772
SYNPCC7002_RS04250,SYNPCC7002_RS08400,0.0803944973947624
SYNPCC7002_RS04780,SYNPCC7002_RS13320,0.0803783384831401
SYNPCC7002_RS00690,SYNPCC7002_RS09500,0.0803708520841879
SYNPCC7002_RS15410,SYNPCC7002_RS07300,0.0803696631119211
SYNPCC7002_RS01420,SYNPCC7002_RS05240,0.0803693582232243
SYNPCC7002_RS07385,SYNPCC7002_RS03030,0.0803630594105373
SYNPCC7002_RS07385,SYNPCC7002_RS13695,0.080353772437366
SYNPCC7002_RS09995,SYNPCC7002_RS04210,0.0803532637938234
SYNPCC7002_RS04250,SYNPCC7002_RS02680,0.0803526903887939
SYNPCC7002_RS08945,SYNPCC7002_RS00330,0.08033972314582
SYNPCC7002_RS07295,SYNPCC7002_RS01995,0.080339270765659
SYNPCC7002_RS08965,SYNPCC7002_RS12660,0.080338697272687
SYNPCC7002_RS05460,SYNPCC7002_RS13725,0.0803354192450123
SYNPCC7002_RS08965,SYNPCC7002_RS00845,0.0803311913346496
SYNPCC7002_RS12395,SYNPCC7002_RS00545,0.0803310365917046
SYNPCC7002_RS02455,SYNPCC7002_RS03310,0.0803308698827857
SYNPCC7002_RS09995,SYNPCC7002_RS07210,0.0803189926842092
SYNPCC7002_RS05985,SYNPCC7002_RS04850,0.0803094213706882
SYNPCC7002_RS01085,SYNPCC7002_RS02585,0.080307215950738
SYNPCC7002_RS15520,SYNPCC7002_RS16200,0.080302272216354
SYNPCC7002_RS08945,SYNPCC7002_RS06245,0.0802972153326867
SYNPCC7002_RS08945,SYNPCC7002_RS11155,0.0802826193031315
SYNPCC7002_RS15520,SYNPCC7002_RS15195,0.0802683257277592
SYNPCC7002_RS11400,SYNPCC7002_RS01225,0.0802655545009267
SYNPCC7002_RS12395,SYNPCC7002_RS05280,0.0802648996685404
SYNPCC7002_RS10050,SYNPCC7002_RS09095,0.0802614995916031
SYNPCC7002_RS11685,SYNPCC7002_RS02635,0.0802607122439837
SYNPCC7002_RS08210,SYNPCC7002_RS11745,0.0802559911834148
SYNPCC7002_RS10050,SYNPCC7002_RS11335,0.0802511892810034
SYNPCC7002_RS01085,SYNPCC7002_RS06000,0.0802488173470651
SYNPCC7002_RS15410,SYNPCC7002_RS01775,0.0802435372361306
SYNPCC7002_RS05985,SYNPCC7002_RS00155,0.0802433820717539
SYNPCC7002_RS08210,SYNPCC7002_RS13375,0.0802352415221726
SYNPCC7002_RS06005,SYNPCC7002_RS16490,0.0802252675964041
SYNPCC7002_RS08945,SYNPCC7002_RS06285,0.0802237306646152
SYNPCC7002_RS08175,SYNPCC7002_RS00620,0.0802224452736027
SYNPCC7002_RS05135,SYNPCC7002_RS14025,0.0802219218531639
SYNPCC7002_RS09820,SYNPCC7002_RS11195,0.080216996581212
SYNPCC7002_RS05460,SYNPCC7002_RS15550,0.0802063102586626
SYNPCC7002_RS02715,SYNPCC7002_RS10215,0.0802055421818612
SYNPCC7002_RS01335,SYNPCC7002_RS10375,0.0802018344816395
SYNPCC7002_RS04250,SYNPCC7002_RS00350,0.0801925780618401
SYNPCC7002_RS09175,SYNPCC7002_RS01960,0.0801915914021638
SYNPCC7002_RS01800,SYNPCC7002_RS01970,0.0801906850021109
SYNPCC7002_RS05985,SYNPCC7002_RS13030,0.0801876756595357
SYNPCC7002_RS09820,SYNPCC7002_RS03080,0.0801874217506282
SYNPCC7002_RS07295,SYNPCC7002_RS14880,0.0801829215655788
SYNPCC7002_RS01420,SYNPCC7002_RS00455,0.0801807044684044
SYNPCC7002_RS08945,SYNPCC7002_RS10330,0.0801762142555485
SYNPCC7002_RS01335,SYNPCC7002_RS08485,0.0801667846459108
SYNPCC7002_RS05135,SYNPCC7002_RS13530,0.0801588380537252
SYNPCC7002_RS11400,SYNPCC7002_RS10755,0.0801513237023639
SYNPCC7002_RS01800,SYNPCC7002_RS10780,0.0801395617686247
SYNPCC7002_RS08965,SYNPCC7002_RS09215,0.0801357831447133
SYNPCC7002_RS03030,SYNPCC7002_RS03575,0.0801308913005239
SYNPCC7002_RS08390,SYNPCC7002_RS13895,0.0801298777575621
SYNPCC7002_RS08255,SYNPCC7002_RS12270,0.080128028580043
SYNPCC7002_RS04780,SYNPCC7002_RS08210,0.0801256186285456
SYNPCC7002_RS09260,SYNPCC7002_RS04990,0.0801250574220847
SYNPCC7002_RS04890,SYNPCC7002_RS06400,0.080121905494624
SYNPCC7002_RS08390,SYNPCC7002_RS15820,0.0801191543355179
SYNPCC7002_RS05985,SYNPCC7002_RS10875,0.080115871423013
SYNPCC7002_RS04680,SYNPCC7002_RS15400,0.0801157901714332
SYNPCC7002_RS15520,SYNPCC7002_RS13260,0.080106171863054
SYNPCC7002_RS16320,SYNPCC7002_RS14035,0.0801011876362161
SYNPCC7002_RS15680,SYNPCC7002_RS02600,0.0801005880143798
SYNPCC7002_RS11400,SYNPCC7002_RS02965,0.0800993533204921
SYNPCC7002_RS12395,SYNPCC7002_RS04890,0.0800947395104578
SYNPCC7002_RS12090,SYNPCC7002_RS11280,0.0800852287772497
SYNPCC7002_RS04650,SYNPCC7002_RS10130,0.0800814542798422
SYNPCC7002_RS09420,SYNPCC7002_RS03595,0.0800802210532038
SYNPCC7002_RS09780,SYNPCC7002_RS16385,0.0800692509855961
SYNPCC7002_RS05135,SYNPCC7002_RS08060,0.0800682499571814
SYNPCC7002_RS15410,SYNPCC7002_RS16270,0.0800642512163855
SYNPCC7002_RS10050,SYNPCC7002_RS16840,0.0800549517720517
SYNPCC7002_RS15255,SYNPCC7002_RS17225,0.0800506398218909
SYNPCC7002_RS11400,SYNPCC7002_RS05050,0.080048311901573
SYNPCC7002_RS01420,SYNPCC7002_RS03425,0.0800481833576142
SYNPCC7002_RS05135,SYNPCC7002_RS12490,0.0800458509396906
SYNPCC7002_RS09320,SYNPCC7002_RS08710,0.0800442332272557
SYNPCC7002_RS07295,SYNPCC7002_RS07740,0.0800401198981268
SYNPCC7002_RS09780,SYNPCC7002_RS02060,0.0800368751472171
SYNPCC7002_RS04650,SYNPCC7002_RS07505,0.0800285913034635
SYNPCC7002_RS05135,SYNPCC7002_RS08660,0.0800268935188715
SYNPCC7002_RS09780,SYNPCC7002_RS06050,0.0800203946698743
SYNPCC7002_RS08860,SYNPCC7002_RS13915,0.0799955045725745
SYNPCC7002_RS12395,SYNPCC7002_RS01785,0.0799875901136683
SYNPCC7002_RS02715,SYNPCC7002_RS04915,0.0799794937477442
SYNPCC7002_RS12395,SYNPCC7002_RS04840,0.0799774128653067
SYNPCC7002_RS15410,SYNPCC7002_RS13295,0.0799742269765025
SYNPCC7002_RS03030,SYNPCC7002_RS04810,0.0799741141270426
SYNPCC7002_RS07385,SYNPCC7002_RS01060,0.0799697720481283
SYNPCC7002_RS05985,SYNPCC7002_RS15165,0.07996081890812
SYNPCC7002_RS08965,SYNPCC7002_RS00135,0.0799566568052427
SYNPCC7002_RS03030,SYNPCC7002_RS02485,0.0799524088501222
SYNPCC7002_RS00640,SYNPCC7002_RS08620,0.0799470909645746
SYNPCC7002_RS11400,SYNPCC7002_RS08940,0.0799424689298543
SYNPCC7002_RS08945,SYNPCC7002_RS02155,0.079939654268301
SYNPCC7002_RS05985,SYNPCC7002_RS05760,0.0799395114843748
SYNPCC7002_RS08175,SYNPCC7002_RS06755,0.0799389818081385
SYNPCC7002_RS08965,SYNPCC7002_RS04440,0.0799366761684238
SYNPCC7002_RS04650,SYNPCC7002_RS02250,0.0799333241903231
SYNPCC7002_RS08965,SYNPCC7002_RS01475,0.0799303632628541
SYNPCC7002_RS09175,SYNPCC7002_RS14195,0.0799276746632857
SYNPCC7002_RS08390,SYNPCC7002_RS01020,0.079922977301238
SYNPCC7002_RS02455,SYNPCC7002_RS14965,0.0799191482937088
SYNPCC7002_RS11685,SYNPCC7002_RS10735,0.0799141852516881
SYNPCC7002_RS00050,SYNPCC7002_RS08470,0.0798942470500977
SYNPCC7002_RS01800,SYNPCC7002_RS08105,0.0798929417027123
SYNPCC7002_RS10145,SYNPCC7002_RS03970,0.0798772771755695
SYNPCC7002_RS03030,SYNPCC7002_RS09615,0.0798714842504731
SYNPCC7002_RS03295,SYNPCC7002_RS09150,0.0798636100339448
SYNPCC7002_RS10050,SYNPCC7002_RS01690,0.0798628011275695
SYNPCC7002_RS02455,SYNPCC7002_RS08560,0.0798613093784426
SYNPCC7002_RS12395,SYNPCC7002_RS01140,0.0798602094958774
SYNPCC7002_RS05135,SYNPCC7002_RS14035,0.0798466120031313
SYNPCC7002_RS04890,SYNPCC7002_RS04010,0.0798389923261933
SYNPCC7002_RS15410,SYNPCC7002_RS12475,0.0798353988730184
SYNPCC7002_RS11685,SYNPCC7002_RS11690,0.0798315762869063
SYNPCC7002_RS09820,SYNPCC7002_RS01055,0.0798296509318857
SYNPCC7002_RS03030,SYNPCC7002_RS02965,0.0798275972280669
SYNPCC7002_RS05135,SYNPCC7002_RS09880,0.0798231631147475
SYNPCC7002_RS04650,SYNPCC7002_RS10865,0.0798211759131072
SYNPCC7002_RS09845,SYNPCC7002_RS04755,0.0798195647380246
SYNPCC7002_RS01335,SYNPCC7002_RS08275,0.0798189113987536
SYNPCC7002_RS01420,SYNPCC7002_RS15870,0.0798155906512087
SYNPCC7002_RS01335,SYNPCC7002_RS16180,0.0798041433367346
SYNPCC7002_RS06540,SYNPCC7002_RS01620,0.0798025946243979
SYNPCC7002_RS09630,SYNPCC7002_RS03160,0.0798011035850823
SYNPCC7002_RS04680,SYNPCC7002_RS06150,0.0798010910194727
SYNPCC7002_RS04250,SYNPCC7002_RS14755,0.0798006901563219
SYNPCC7002_RS11400,SYNPCC7002_RS07105,0.0797977386230029
SYNPCC7002_RS00260,SYNPCC7002_RS10170,0.0797930860670775
SYNPCC7002_RS05460,SYNPCC7002_RS15630,0.0797859964213334
SYNPCC7002_RS03030,SYNPCC7002_RS11735,0.0797852600636495
SYNPCC7002_RS05460,SYNPCC7002_RS15490,0.0797838423165081
SYNPCC7002_RS07295,SYNPCC7002_RS14350,0.0797738477531035
SYNPCC7002_RS04680,SYNPCC7002_RS08635,0.0797718872505926
SYNPCC7002_RS05460,SYNPCC7002_RS16830,0.0797697018623866
SYNPCC7002_RS14790,SYNPCC7002_RS16715,0.0797680479310633
SYNPCC7002_RS03030,SYNPCC7002_RS14290,0.0797679662175473
SYNPCC7002_RS02455,SYNPCC7002_RS00210,0.0797654673850474
SYNPCC7002_RS15410,SYNPCC7002_RS01425,0.0797607698767754
SYNPCC7002_RS10050,SYNPCC7002_RS01745,0.0797592420459851
SYNPCC7002_RS03950,SYNPCC7002_RS16315,0.0797556843231203
SYNPCC7002_RS02715,SYNPCC7002_RS15795,0.0797430957606828
SYNPCC7002_RS04780,SYNPCC7002_RS09690,0.0797426245027867
SYNPCC7002_RS00260,SYNPCC7002_RS15375,0.0797400321859988
SYNPCC7002_RS00640,SYNPCC7002_RS03650,0.0797385227719221
SYNPCC7002_RS12515,SYNPCC7002_RS05315,0.0797198173379387
SYNPCC7002_RS15520,SYNPCC7002_RS16190,0.079718909411814
SYNPCC7002_RS03760,SYNPCC7002_RS08055,0.079704670608863
SYNPCC7002_RS08175,SYNPCC7002_RS16980,0.0796946197429003
SYNPCC7002_RS08945,SYNPCC7002_RS07195,0.0796928094777658
SYNPCC7002_RS09630,SYNPCC7002_RS08495,0.079681632443669
SYNPCC7002_RS12515,SYNPCC7002_RS07520,0.0796752862096397
SYNPCC7002_RS00635,SYNPCC7002_RS01250,0.0796742882712153
SYNPCC7002_RS08255,SYNPCC7002_RS13835,0.0796703239361649
SYNPCC7002_RS00010,SYNPCC7002_RS08090,0.079669562005219
SYNPCC7002_RS08965,SYNPCC7002_RS06070,0.0796689469140856
SYNPCC7002_RS08390,SYNPCC7002_RS14900,0.0796585718524134
SYNPCC7002_RS08860,SYNPCC7002_RS06700,0.0796445895238097
SYNPCC7002_RS10050,SYNPCC7002_RS12925,0.0796383963624637
SYNPCC7002_RS04780,SYNPCC7002_RS04330,0.0796379901924361
SYNPCC7002_RS00260,SYNPCC7002_RS15960,0.0796258785353584
SYNPCC7002_RS08210,SYNPCC7002_RS08955,0.0796257062105017
SYNPCC7002_RS03030,SYNPCC7002_RS03565,0.0796255416477883
SYNPCC7002_RS03030,SYNPCC7002_RS12750,0.0796239389724844
SYNPCC7002_RS01335,SYNPCC7002_RS10655,0.0796230584905715
SYNPCC7002_RS03030,SYNPCC7002_RS09530,0.0796197313487488
SYNPCC7002_RS04890,SYNPCC7002_RS02995,0.0796192543905571
SYNPCC7002_RS07295,SYNPCC7002_RS13300,0.0796108757346113
SYNPCC7002_RS11400,SYNPCC7002_RS00385,0.0796093540663548
SYNPCC7002_RS15030,SYNPCC7002_RS07175,0.0796065065127708
SYNPCC7002_RS12515,SYNPCC7002_RS08530,0.0796056471206145
SYNPCC7002_RS03030,SYNPCC7002_RS07050,0.0796051118465777
SYNPCC7002_RS12515,SYNPCC7002_RS16615,0.079602244716751
SYNPCC7002_RS08210,SYNPCC7002_RS11670,0.0796016508052266
SYNPCC7002_RS15255,SYNPCC7002_RS04430,0.0795985622670297
SYNPCC7002_RS06005,SYNPCC7002_RS13705,0.0795912686752852
SYNPCC7002_RS05985,SYNPCC7002_RS10250,0.0795875757533497
SYNPCC7002_RS01800,SYNPCC7002_RS07640,0.0795863995973013
SYNPCC7002_RS08255,SYNPCC7002_RS06805,0.0795827604656861
SYNPCC7002_RS01800,SYNPCC7002_RS13865,0.0795743082622561
SYNPCC7002_RS10050,SYNPCC7002_RS03655,0.0795625771395727
SYNPCC7002_RS03295,SYNPCC7002_RS06370,0.079558554383608
SYNPCC7002_RS04890,SYNPCC7002_RS03280,0.0795513923274856
SYNPCC7002_RS08175,SYNPCC7002_RS02460,0.0795412978766913
SYNPCC7002_RS10050,SYNPCC7002_RS11175,0.07953171544767
SYNPCC7002_RS03030,SYNPCC7002_RS08965,0.0795307027954717
SYNPCC7002_RS09995,SYNPCC7002_RS03575,0.0795286366803778
SYNPCC7002_RS11400,SYNPCC7002_RS03030,0.0795278502048465
SYNPCC7002_RS15520,SYNPCC7002_RS00815,0.0795248484057242
SYNPCC7002_RS09175,SYNPCC7002_RS07390,0.0795154939587952
SYNPCC7002_RS09780,SYNPCC7002_RS16470,0.0795088375551009
SYNPCC7002_RS04250,SYNPCC7002_RS04405,0.07950765819292
SYNPCC7002_RS04890,SYNPCC7002_RS08190,0.0795067474264227
SYNPCC7002_RS08255,SYNPCC7002_RS05025,0.079498755846864
SYNPCC7002_RS13450,SYNPCC7002_RS00805,0.079486801430261
SYNPCC7002_RS05135,SYNPCC7002_RS09520,0.0794790316549844
SYNPCC7002_RS04680,SYNPCC7002_RS06120,0.0794685646409033
SYNPCC7002_RS05460,SYNPCC7002_RS17030,0.0794566654364122
SYNPCC7002_RS08390,SYNPCC7002_RS15560,0.079455464663589
SYNPCC7002_RS05135,SYNPCC7002_RS06385,0.079448010130385
SYNPCC7002_RS04780,SYNPCC7002_RS13860,0.0794398318932672
SYNPCC7002_RS01085,SYNPCC7002_RS13300,0.0794357605726395
SYNPCC7002_RS01335,SYNPCC7002_RS14060,0.0794339119386021
SYNPCC7002_RS12395,SYNPCC7002_RS05200,0.0794256009778093
SYNPCC7002_RS05135,SYNPCC7002_RS07535,0.0794253899511126
SYNPCC7002_RS02455,SYNPCC7002_RS14185,0.0794081376536415
SYNPCC7002_RS00010,SYNPCC7002_RS07735,0.0794044752743815
SYNPCC7002_RS12515,SYNPCC7002_RS03625,0.0794044064751262
SYNPCC7002_RS05135,SYNPCC7002_RS06025,0.0794033728707712
SYNPCC7002_RS07385,SYNPCC7002_RS02920,0.0793994870572561
SYNPCC7002_RS15410,SYNPCC7002_RS00955,0.0793928647853435
SYNPCC7002_RS06005,SYNPCC7002_RS14625,0.079392758725478
SYNPCC7002_RS05460,SYNPCC7002_RS14400,0.0793924136897394
SYNPCC7002_RS09320,SYNPCC7002_RS12655,0.0793922884132663
SYNPCC7002_RS10050,SYNPCC7002_RS03210,0.0793918747539425
SYNPCC7002_RS08390,SYNPCC7002_RS16600,0.0793913936506681
SYNPCC7002_RS01335,SYNPCC7002_RS06110,0.0793884001987756
SYNPCC7002_RS01335,SYNPCC7002_RS04815,0.0793863597108822
SYNPCC7002_RS09995,SYNPCC7002_RS02680,0.0793747444357864
SYNPCC7002_RS02455,SYNPCC7002_RS00600,0.0793689775992577
SYNPCC7002_RS10050,SYNPCC7002_RS05800,0.0793646004864
SYNPCC7002_RS05985,SYNPCC7002_RS04580,0.0793645348406954
SYNPCC7002_RS05135,SYNPCC7002_RS11005,0.0793631228848661
SYNPCC7002_RS09820,SYNPCC7002_RS01940,0.0793624936112366
SYNPCC7002_RS09845,SYNPCC7002_RS08330,0.0793621085887145
SYNPCC7002_RS09995,SYNPCC7002_RS02365,0.0793574514655606
SYNPCC7002_RS12515,SYNPCC7002_RS01215,0.0793541616946119
SYNPCC7002_RS12090,SYNPCC7002_RS12265,0.0793531349020912
SYNPCC7002_RS01420,SYNPCC7002_RS02980,0.0793499603208012
SYNPCC7002_RS15995,SYNPCC7002_RS08035,0.0793497486843199
SYNPCC7002_RS06540,SYNPCC7002_RS12220,0.0793304661659776
SYNPCC7002_RS12515,SYNPCC7002_RS11015,0.0793302334342824
SYNPCC7002_RS04780,SYNPCC7002_RS10055,0.0793204818832016
SYNPCC7002_RS05135,SYNPCC7002_RS07465,0.0793180249904195
SYNPCC7002_RS12395,SYNPCC7002_RS01865,0.0793098468721012
SYNPCC7002_RS16160,SYNPCC7002_RS03125,0.079308570639805
SYNPCC7002_RS10050,SYNPCC7002_RS14760,0.079301314133872
SYNPCC7002_RS05460,SYNPCC7002_RS16655,0.0792968431178414
SYNPCC7002_RS08965,SYNPCC7002_RS04810,0.0792919257462129
SYNPCC7002_RS08210,SYNPCC7002_RS09295,0.0792893048134214
SYNPCC7002_RS04250,SYNPCC7002_RS10225,0.0792883713598029
SYNPCC7002_RS15030,SYNPCC7002_RS13290,0.0792825859214918
SYNPCC7002_RS11400,SYNPCC7002_RS01605,0.0792711626624086
SYNPCC7002_RS04890,SYNPCC7002_RS08060,0.0792702780692119
SYNPCC7002_RS05460,SYNPCC7002_RS04940,0.0792670598832416
SYNPCC7002_RS02715,SYNPCC7002_RS06915,0.0792644665000907
SYNPCC7002_RS09630,SYNPCC7002_RS13495,0.0792609042147745
SYNPCC7002_RS01420,SYNPCC7002_RS01415,0.0792555035679024
SYNPCC7002_RS08965,SYNPCC7002_RS01845,0.0792427427408465
SYNPCC7002_RS09845,SYNPCC7002_RS05890,0.0792424523187937
SYNPCC7002_RS04780,SYNPCC7002_RS08490,0.079242058867353
SYNPCC7002_RS08255,SYNPCC7002_RS10935,0.0792406271570422
SYNPCC7002_RS09630,SYNPCC7002_RS16725,0.0792379822889088
SYNPCC7002_RS10050,SYNPCC7002_RS03440,0.0792280852968152
SYNPCC7002_RS12395,SYNPCC7002_RS04090,0.0792261483110474
SYNPCC7002_RS05460,SYNPCC7002_RS14405,0.0792219319625961
SYNPCC7002_RS09320,SYNPCC7002_RS02260,0.0792217710074844
SYNPCC7002_RS09820,SYNPCC7002_RS09220,0.079220757295277
SYNPCC7002_RS08965,SYNPCC7002_RS07980,0.0792147342056485
SYNPCC7002_RS07385,SYNPCC7002_RS00960,0.0792133887607098
SYNPCC7002_RS08175,SYNPCC7002_RS00290,0.0792116368028702
SYNPCC7002_RS09995,SYNPCC7002_RS01385,0.0792052486458837
SYNPCC7002_RS12395,SYNPCC7002_RS00455,0.0791921630702917
SYNPCC7002_RS08860,SYNPCC7002_RS00015,0.079188115564976
SYNPCC7002_RS08390,SYNPCC7002_RS09225,0.0791682596937464
SYNPCC7002_RS10050,SYNPCC7002_RS01925,0.0791672433261816
SYNPCC7002_RS04250,SYNPCC7002_RS08360,0.0791614201423553
SYNPCC7002_RS03760,SYNPCC7002_RS06255,0.0791578392482833
SYNPCC7002_RS05135,SYNPCC7002_RS17215,0.0791509839872945
SYNPCC7002_RS05135,SYNPCC7002_RS02195,0.0791344854710775
SYNPCC7002_RS00050,SYNPCC7002_RS10725,0.0791334358961255
SYNPCC7002_RS06005,SYNPCC7002_RS03270,0.0791256656109069
SYNPCC7002_RS08210,SYNPCC7002_RS07315,0.079108463727451
SYNPCC7002_RS08175,SYNPCC7002_RS16175,0.0791040208594666
SYNPCC7002_RS01420,SYNPCC7002_RS08870,0.0791002310469215
SYNPCC7002_RS08210,SYNPCC7002_RS02620,0.0790995720289754
SYNPCC7002_RS00640,SYNPCC7002_RS09645,0.0790964991395351
SYNPCC7002_RS00010,SYNPCC7002_RS01950,0.079090328565216
SYNPCC7002_RS04680,SYNPCC7002_RS07430,0.0790903089418978
SYNPCC7002_RS03030,SYNPCC7002_RS02945,0.0790843686854097
SYNPCC7002_RS08965,SYNPCC7002_RS08540,0.0790730118162514
SYNPCC7002_RS05985,SYNPCC7002_RS02440,0.0790703738153417
SYNPCC7002_RS01335,SYNPCC7002_RS16325,0.0790692761702729
SYNPCC7002_RS12105,SYNPCC7002_RS11250,0.0790654452370533
SYNPCC7002_RS10050,SYNPCC7002_RS07780,0.0790608656585128
SYNPCC7002_RS08390,SYNPCC7002_RS12785,0.0790520503610988
SYNPCC7002_RS03030,SYNPCC7002_RS06300,0.0790510636912729
SYNPCC7002_RS12515,SYNPCC7002_RS12085,0.07903894704391
SYNPCC7002_RS11685,SYNPCC7002_RS09760,0.0790375232871568
SYNPCC7002_RS07385,SYNPCC7002_RS12740,0.0790188730749453
SYNPCC7002_RS09995,SYNPCC7002_RS03820,0.079013014065052
SYNPCC7002_RS12395,SYNPCC7002_RS07795,0.0790105125911096
SYNPCC7002_RS01335,SYNPCC7002_RS07405,0.0790041649588927
SYNPCC7002_RS08965,SYNPCC7002_RS01385,0.0789988124818734
SYNPCC7002_RS13450,SYNPCC7002_RS10260,0.0789932028964144
SYNPCC7002_RS12515,SYNPCC7002_RS06515,0.0789845464190722
SYNPCC7002_RS15520,SYNPCC7002_RS13850,0.0789839509100017
SYNPCC7002_RS11685,SYNPCC7002_RS05005,0.0789817188061914
SYNPCC7002_RS00650,SYNPCC7002_RS03755,0.0789800154733715
SYNPCC7002_RS12515,SYNPCC7002_RS13135,0.0789788235352354
SYNPCC7002_RS08390,SYNPCC7002_RS03775,0.0789783921716111
SYNPCC7002_RS03030,SYNPCC7002_RS06420,0.0789776873971664
SYNPCC7002_RS07385,SYNPCC7002_RS11910,0.0789772636171811
SYNPCC7002_RS16320,SYNPCC7002_RS15805,0.0789709618361037
SYNPCC7002_RS04780,SYNPCC7002_RS07145,0.0789662757576563
SYNPCC7002_RS07385,SYNPCC7002_RS12305,0.0789651153159369
SYNPCC7002_RS09320,SYNPCC7002_RS13335,0.0789598310141616
SYNPCC7002_RS03030,SYNPCC7002_RS01840,0.0789518794577376
SYNPCC7002_RS12090,SYNPCC7002_RS06280,0.0789479796778902
SYNPCC7002_RS09320,SYNPCC7002_RS06070,0.07894669091966
SYNPCC7002_RS12515,SYNPCC7002_RS03380,0.0789437357973299
SYNPCC7002_RS06150,SYNPCC7002_RS01305,0.0789379480468793
SYNPCC7002_RS02455,SYNPCC7002_RS10935,0.0789323526932184
SYNPCC7002_RS04890,SYNPCC7002_RS03580,0.0789237699438883
SYNPCC7002_RS12395,SYNPCC7002_RS09285,0.0789161333545353
SYNPCC7002_RS08390,SYNPCC7002_RS16540,0.0789134336423256
SYNPCC7002_RS09260,SYNPCC7002_RS10390,0.0789073716223833
SYNPCC7002_RS05985,SYNPCC7002_RS04875,0.0789063702368914
SYNPCC7002_RS11400,SYNPCC7002_RS07035,0.0789060333310529
SYNPCC7002_RS04250,SYNPCC7002_RS13815,0.0789027146309755
SYNPCC7002_RS01335,SYNPCC7002_RS10550,0.0789004882019311
SYNPCC7002_RS04650,SYNPCC7002_RS16975,0.0788963387808146
SYNPCC7002_RS01085,SYNPCC7002_RS09180,0.0788922199177949
SYNPCC7002_RS03950,SYNPCC7002_RS15500,0.0788872010960567
SYNPCC7002_RS08175,SYNPCC7002_RS16165,0.0788805127375581
SYNPCC7002_RS01335,SYNPCC7002_RS09235,0.0788786252889056
SYNPCC7002_RS05135,SYNPCC7002_RS08670,0.0788750945295625
SYNPCC7002_RS04780,SYNPCC7002_RS15250,0.0788623056088241
SYNPCC7002_RS05135,SYNPCC7002_RS14720,0.0788492492287446
SYNPCC7002_RS04250,SYNPCC7002_RS07505,0.0788458471566025
SYNPCC7002_RS15520,SYNPCC7002_RS12825,0.0788309496507274
SYNPCC7002_RS08390,SYNPCC7002_RS02025,0.078823534984886
SYNPCC7002_RS09420,SYNPCC7002_RS01535,0.0788165650198615
SYNPCC7002_RS15680,SYNPCC7002_RS08440,0.0788136172026391
SYNPCC7002_RS09630,SYNPCC7002_RS11825,0.0788093057897115
SYNPCC7002_RS12515,SYNPCC7002_RS00945,0.0788050666949653
SYNPCC7002_RS10050,SYNPCC7002_RS03095,0.0788047513148805
SYNPCC7002_RS15520,SYNPCC7002_RS06445,0.0788043108189692
SYNPCC7002_RS04780,SYNPCC7002_RS06535,0.0788020953404748
SYNPCC7002_RS08965,SYNPCC7002_RS10485,0.078801901581804
SYNPCC7002_RS08965,SYNPCC7002_RS02780,0.0787994755926854
SYNPCC7002_RS15995,SYNPCC7002_RS08025,0.078784875575636
SYNPCC7002_RS06540,SYNPCC7002_RS00235,0.0787778134249992
SYNPCC7002_RS07385,SYNPCC7002_RS00435,0.0787715034566918
SYNPCC7002_RS10050,SYNPCC7002_RS07875,0.0787686009583592
SYNPCC7002_RS01335,SYNPCC7002_RS08390,0.0787681866537258
SYNPCC7002_RS12395,SYNPCC7002_RS11095,0.0787616199822365
SYNPCC7002_RS15520,SYNPCC7002_RS12165,0.0787602077885034
SYNPCC7002_RS11400,SYNPCC7002_RS10750,0.0787535965120308
SYNPCC7002_RS15255,SYNPCC7002_RS15010,0.0787498009348664
SYNPCC7002_RS08390,SYNPCC7002_RS10510,0.0787432296693714
SYNPCC7002_RS08255,SYNPCC7002_RS10080,0.0787362611280402
SYNPCC7002_RS01335,SYNPCC7002_RS07305,0.0787274479465593
SYNPCC7002_RS00050,SYNPCC7002_RS17005,0.07872543682762
SYNPCC7002_RS05460,SYNPCC7002_RS17010,0.0787223133084017
SYNPCC7002_RS15520,SYNPCC7002_RS06725,0.0787151798192499
SYNPCC7002_RS06540,SYNPCC7002_RS13025,0.07870148065426
SYNPCC7002_RS03030,SYNPCC7002_RS11525,0.0786815933502128
SYNPCC7002_RS09820,SYNPCC7002_RS09005,0.0786760080275025
SYNPCC7002_RS06150,SYNPCC7002_RS15770,0.0786744939938657
SYNPCC7002_RS04780,SYNPCC7002_RS10120,0.0786730915371991
SYNPCC7002_RS09780,SYNPCC7002_RS12445,0.0786725117631085
SYNPCC7002_RS09320,SYNPCC7002_RS12135,0.0786723387815211
SYNPCC7002_RS08210,SYNPCC7002_RS01080,0.0786633711375348
SYNPCC7002_RS08210,SYNPCC7002_RS01385,0.0786579050825818
SYNPCC7002_RS08175,SYNPCC7002_RS13660,0.0786575475645822
SYNPCC7002_RS12395,SYNPCC7002_RS17035,0.0786575235411177
SYNPCC7002_RS05135,SYNPCC7002_RS15110,0.0786569363188102
SYNPCC7002_RS09820,SYNPCC7002_RS09800,0.0786518064314156
SYNPCC7002_RS09630,SYNPCC7002_RS15760,0.078648874009719
SYNPCC7002_RS04780,SYNPCC7002_RS04365,0.0786455623425292
SYNPCC7002_RS10050,SYNPCC7002_RS10765,0.0786347885652904
SYNPCC7002_RS01335,SYNPCC7002_RS07165,0.0786298715831177
SYNPCC7002_RS04890,SYNPCC7002_RS16130,0.0786294099088416
SYNPCC7002_RS12090,SYNPCC7002_RS10350,0.0786287043520795
SYNPCC7002_RS00050,SYNPCC7002_RS16645,0.0786276837066688
SYNPCC7002_RS03295,SYNPCC7002_RS04300,0.0786269366967495
SYNPCC7002_RS01420,SYNPCC7002_RS11235,0.0786261141585162
SYNPCC7002_RS04890,SYNPCC7002_RS08305,0.0786234414063998
SYNPCC7002_RS00650,SYNPCC7002_RS05740,0.0786147245867818
SYNPCC7002_RS04650,SYNPCC7002_RS05395,0.0786081244255275
SYNPCC7002_RS01335,SYNPCC7002_RS14905,0.0786051218014544
SYNPCC7002_RS15520,SYNPCC7002_RS13860,0.0786007606369829
SYNPCC7002_RS05985,SYNPCC7002_RS02515,0.0785922367759199
SYNPCC7002_RS08210,SYNPCC7002_RS15450,0.0785868168377793
SYNPCC7002_RS12395,SYNPCC7002_RS10980,0.0785831478898401
SYNPCC7002_RS04780,SYNPCC7002_RS14140,0.0785792926842225
SYNPCC7002_RS04890,SYNPCC7002_RS12615,0.078576538016303
SYNPCC7002_RS09780,SYNPCC7002_RS06735,0.0785764002857194
SYNPCC7002_RS09320,SYNPCC7002_RS06125,0.078570451959884
SYNPCC7002_RS08965,SYNPCC7002_RS12835,0.0785606616394926
SYNPCC7002_RS12090,SYNPCC7002_RS16025,0.0785414851253461
SYNPCC7002_RS15520,SYNPCC7002_RS12415,0.0785403563513628
SYNPCC7002_RS09820,SYNPCC7002_RS06155,0.0785398409962209
SYNPCC7002_RS08860,SYNPCC7002_RS02720,0.0785333208494615
SYNPCC7002_RS07385,SYNPCC7002_RS12390,0.0785303127412691
SYNPCC7002_RS04780,SYNPCC7002_RS06440,0.0785294261336039
SYNPCC7002_RS05460,SYNPCC7002_RS14410,0.0785271592073145
SYNPCC7002_RS05985,SYNPCC7002_RS00825,0.0785249715793153
SYNPCC7002_RS03030,SYNPCC7002_RS03805,0.0785110134823318
SYNPCC7002_RS08965,SYNPCC7002_RS00715,0.078507296721048
SYNPCC7002_RS04890,SYNPCC7002_RS13530,0.0785055216463611
SYNPCC7002_RS05135,SYNPCC7002_RS14300,0.0785047274531687
SYNPCC7002_RS02455,SYNPCC7002_RS13895,0.0785037574411158
SYNPCC7002_RS04250,SYNPCC7002_RS04385,0.0784982511419264
SYNPCC7002_RS15255,SYNPCC7002_RS01775,0.07848742353793
SYNPCC7002_RS06150,SYNPCC7002_RS01265,0.078484845467471
SYNPCC7002_RS09845,SYNPCC7002_RS07025,0.078484415989041
SYNPCC7002_RS05460,SYNPCC7002_RS14620,0.0784825580912955
SYNPCC7002_RS04890,SYNPCC7002_RS07545,0.0784797281451723
SYNPCC7002_RS15410,SYNPCC7002_RS12680,0.0784764853856592
SYNPCC7002_RS00640,SYNPCC7002_RS09440,0.0784714080629362
SYNPCC7002_RS10050,SYNPCC7002_RS16360,0.0784690954645637
SYNPCC7002_RS03030,SYNPCC7002_RS04500,0.0784689564680377
SYNPCC7002_RS09995,SYNPCC7002_RS07045,0.0784644083776763
SYNPCC7002_RS08390,SYNPCC7002_RS08575,0.0784503982499332
SYNPCC7002_RS08860,SYNPCC7002_RS05155,0.0784417176477326
SYNPCC7002_RS08965,SYNPCC7002_RS10390,0.0784392910776408
SYNPCC7002_RS00650,SYNPCC7002_RS09740,0.078432325800035
SYNPCC7002_RS08945,SYNPCC7002_RS13955,0.0784256424749337
SYNPCC7002_RS15255,SYNPCC7002_RS13805,0.0784181182942937
SYNPCC7002_RS05985,SYNPCC7002_RS08230,0.0784170863323372
SYNPCC7002_RS08965,SYNPCC7002_RS03755,0.078415434900874
SYNPCC7002_RS06540,SYNPCC7002_RS08490,0.0783945745608898
SYNPCC7002_RS07295,SYNPCC7002_RS08760,0.0783879554557625
SYNPCC7002_RS04650,SYNPCC7002_RS08550,0.0783869555199234
SYNPCC7002_RS12395,SYNPCC7002_RS07680,0.0783812826915482
SYNPCC7002_RS09320,SYNPCC7002_RS03565,0.0783787106135437
SYNPCC7002_RS04250,SYNPCC7002_RS09155,0.0783767642964512
SYNPCC7002_RS03030,SYNPCC7002_RS04695,0.0783721196666271
SYNPCC7002_RS04650,SYNPCC7002_RS08055,0.078363715489132
SYNPCC7002_RS07385,SYNPCC7002_RS03045,0.0783617984571607
SYNPCC7002_RS15410,SYNPCC7002_RS07860,0.0783543944299577
SYNPCC7002_RS08210,SYNPCC7002_RS00120,0.0783537783778322
SYNPCC7002_RS04250,SYNPCC7002_RS08945,0.0783537188723595
SYNPCC7002_RS08965,SYNPCC7002_RS15015,0.0783523421005253
SYNPCC7002_RS15520,SYNPCC7002_RS07150,0.0783505732406123
SYNPCC7002_RS05985,SYNPCC7002_RS09470,0.0783390585433875
SYNPCC7002_RS05460,SYNPCC7002_RS15310,0.0783280519897325
SYNPCC7002_RS12395,SYNPCC7002_RS15135,0.0783258935844284
SYNPCC7002_RS04890,SYNPCC7002_RS02215,0.0783216294193736
SYNPCC7002_RS14440,SYNPCC7002_RS16305,0.0783134066321261
SYNPCC7002_RS08175,SYNPCC7002_RS00045,0.0783081205391794
SYNPCC7002_RS15410,SYNPCC7002_RS09850,0.078307852243757
SYNPCC7002_RS03030,SYNPCC7002_RS01605,0.078306525133962
SYNPCC7002_RS04250,SYNPCC7002_RS00770,0.0782973379126039
SYNPCC7002_RS04250,SYNPCC7002_RS05100,0.07829546157946
SYNPCC7002_RS08965,SYNPCC7002_RS10750,0.0782953932459867
SYNPCC7002_RS09195,SYNPCC7002_RS08990,0.0782953634461345
SYNPCC7002_RS08965,SYNPCC7002_RS01600,0.0782925004009529
SYNPCC7002_RS05135,SYNPCC7002_RS05595,0.07829244135787
SYNPCC7002_RS15520,SYNPCC7002_RS06880,0.0782867109655196
SYNPCC7002_RS15520,SYNPCC7002_RS03030,0.0782788984930242
SYNPCC7002_RS08255,SYNPCC7002_RS04510,0.0782686272327542
SYNPCC7002_RS09780,SYNPCC7002_RS05405,0.0782645866737386
SYNPCC7002_RS16160,SYNPCC7002_RS09395,0.0782532759047435
SYNPCC7002_RS09820,SYNPCC7002_RS05510,0.0782525816177254
SYNPCC7002_RS05460,SYNPCC7002_RS11555,0.0782441511697377
SYNPCC7002_RS01420,SYNPCC7002_RS09520,0.0782435428292454
SYNPCC7002_RS02715,SYNPCC7002_RS01470,0.0782344578201057
SYNPCC7002_RS10050,SYNPCC7002_RS16575,0.0782264505381897
SYNPCC7002_RS15520,SYNPCC7002_RS04075,0.0782144009279191
SYNPCC7002_RS08210,SYNPCC7002_RS09660,0.0782086504341154
SYNPCC7002_RS00010,SYNPCC7002_RS14825,0.0781997570268247
SYNPCC7002_RS09090,SYNPCC7002_RS11495,0.0781803513291567
SYNPCC7002_RS04290,SYNPCC7002_RS01340,0.0781790183093079
SYNPCC7002_RS08965,SYNPCC7002_RS13575,0.078178852787572
SYNPCC7002_RS07385,SYNPCC7002_RS07160,0.0781719103852873
SYNPCC7002_RS09820,SYNPCC7002_RS07290,0.0781710590741174
SYNPCC7002_RS12105,SYNPCC7002_RS12270,0.078169438391158
SYNPCC7002_RS14440,SYNPCC7002_RS06585,0.0781686378834923
SYNPCC7002_RS08210,SYNPCC7002_RS08640,0.0781639234732375
SYNPCC7002_RS12090,SYNPCC7002_RS14055,0.0781634174787736
SYNPCC7002_RS03030,SYNPCC7002_RS08335,0.0781543421716658
SYNPCC7002_RS00640,SYNPCC7002_RS07815,0.0781539626004826
SYNPCC7002_RS12515,SYNPCC7002_RS12990,0.0781504179286837
SYNPCC7002_RS00690,SYNPCC7002_RS01445,0.0781375508788467
SYNPCC7002_RS09995,SYNPCC7002_RS11300,0.0781330067813767
SYNPCC7002_RS01800,SYNPCC7002_RS06520,0.0781326624790814
SYNPCC7002_RS09260,SYNPCC7002_RS02645,0.0781255276420047
SYNPCC7002_RS16320,SYNPCC7002_RS10555,0.0781225548375683
SYNPCC7002_RS07385,SYNPCC7002_RS11675,0.0781187718959732
SYNPCC7002_RS12515,SYNPCC7002_RS04260,0.0781153341008229
SYNPCC7002_RS15520,SYNPCC7002_RS15385,0.0781138851044022
SYNPCC7002_RS04890,SYNPCC7002_RS00530,0.0781130820275903
SYNPCC7002_RS05460,SYNPCC7002_RS03180,0.0781079907205606
SYNPCC7002_RS02455,SYNPCC7002_RS08680,0.0781079893126433
SYNPCC7002_RS15520,SYNPCC7002_RS08730,0.0781070953998396
SYNPCC7002_RS04890,SYNPCC7002_RS10925,0.0780976502046447
SYNPCC7002_RS04780,SYNPCC7002_RS12390,0.0780929471185813
SYNPCC7002_RS07385,SYNPCC7002_RS05545,0.0780916565765369
SYNPCC7002_RS09320,SYNPCC7002_RS10435,0.0780824401356873
SYNPCC7002_RS09995,SYNPCC7002_RS00385,0.0780773808264639
SYNPCC7002_RS05135,SYNPCC7002_RS07600,0.0780721724953335
SYNPCC7002_RS15520,SYNPCC7002_RS06070,0.0780646156637474
SYNPCC7002_RS00650,SYNPCC7002_RS02530,0.0780642646282985
SYNPCC7002_RS00640,SYNPCC7002_RS15075,0.0780553548348135
