regulatoryGene,targetGene,weight
SYNPCC7002_RS00850,SYNPCC7002_RS00855,0.15444114590021
SYNPCC7002_RS00850,SYNPCC7002_RS00860,0.148814960375427
SYNPCC7002_RS00850,SYNPCC7002_RS00865,0.139965243181773
SYNPCC7002_RS05135,SYNPCC7002_RS05275,0.13567767392893
SYNPCC7002_RS00850,SYNPCC7002_RS02330,0.135624783552501
SYNPCC7002_RS14385,SYNPCC7002_RS14390,0.132514952650249
SYNPCC7002_RS06150,SYNPCC7002_RS00970,0.131094307576934
SYNPCC7002_RS15720,SYNPCC7002_RS15605,0.129854401669625
SYNPCC7002_RS05135,SYNPCC7002_RS05130,0.129764605641285
SYNPCC7002_RS14440,SYNPCC7002_RS14395,0.128493351897973
SYNPCC7002_RS05135,SYNPCC7002_RS05310,0.128294976259694
SYNPCC7002_RS15720,SYNPCC7002_RS15610,0.127965152345146
SYNPCC7002_RS06150,SYNPCC7002_RS09240,0.127781533991117
SYNPCC7002_RS16320,SYNPCC7002_RS15605,0.127366222069913
SYNPCC7002_RS15255,SYNPCC7002_RS15680,0.12653653262717
SYNPCC7002_RS09630,SYNPCC7002_RS12865,0.12642633933875
SYNPCC7002_RS02715,SYNPCC7002_RS03745,0.125106914510519
SYNPCC7002_RS14440,SYNPCC7002_RS14420,0.12434635195758
SYNPCC7002_RS05135,SYNPCC7002_RS14245,0.12369596702319
SYNPCC7002_RS05135,SYNPCC7002_RS00270,0.123385393144728
SYNPCC7002_RS04890,SYNPCC7002_RS00545,0.123232899909854
SYNPCC7002_RS15520,SYNPCC7002_RS03350,0.122869827717353
SYNPCC7002_RS05135,SYNPCC7002_RS05305,0.122492366151961
SYNPCC7002_RS00850,SYNPCC7002_RS02345,0.121879258469442
SYNPCC7002_RS05135,SYNPCC7002_RS12190,0.121429360174326
SYNPCC7002_RS10050,SYNPCC7002_RS12555,0.121412792563913
SYNPCC7002_RS15680,SYNPCC7002_RS15315,0.121392270171442
SYNPCC7002_RS14440,SYNPCC7002_RS14325,0.121336735643204
SYNPCC7002_RS08175,SYNPCC7002_RS11890,0.121190544678185
SYNPCC7002_RS10050,SYNPCC7002_RS02500,0.12113839734309
SYNPCC7002_RS15030,SYNPCC7002_RS14980,0.121122908060975
SYNPCC7002_RS05135,SYNPCC7002_RS12395,0.121024452830467
SYNPCC7002_RS05135,SYNPCC7002_RS05140,0.12094151427025
SYNPCC7002_RS00850,SYNPCC7002_RS12370,0.120864726165949
SYNPCC7002_RS10050,SYNPCC7002_RS14545,0.120554845893145
SYNPCC7002_RS04780,SYNPCC7002_RS01670,0.120452689697476
SYNPCC7002_RS05135,SYNPCC7002_RS11355,0.120386481103446
SYNPCC7002_RS06150,SYNPCC7002_RS10115,0.119923079535618
SYNPCC7002_RS10050,SYNPCC7002_RS07650,0.119384978237747
SYNPCC7002_RS16320,SYNPCC7002_RS15610,0.11938319863958
SYNPCC7002_RS10050,SYNPCC7002_RS09700,0.119336492397661
SYNPCC7002_RS15680,SYNPCC7002_RS02065,0.119316381222605
SYNPCC7002_RS15720,SYNPCC7002_RS15330,0.119113527875192
SYNPCC7002_RS09820,SYNPCC7002_RS05165,0.119036713753938
SYNPCC7002_RS14440,SYNPCC7002_RS14445,0.118423376178672
SYNPCC7002_RS05135,SYNPCC7002_RS03090,0.11835670582619
SYNPCC7002_RS09320,SYNPCC7002_RS10490,0.118250237820476
SYNPCC7002_RS15680,SYNPCC7002_RS04900,0.118083894291969
SYNPCC7002_RS05135,SYNPCC7002_RS05285,0.118031477476356
SYNPCC7002_RS05135,SYNPCC7002_RS06395,0.118001681801677
SYNPCC7002_RS05135,SYNPCC7002_RS04475,0.117999185673476
SYNPCC7002_RS01800,SYNPCC7002_RS05335,0.117956472800737
SYNPCC7002_RS09780,SYNPCC7002_RS04090,0.117900972428075
SYNPCC7002_RS09630,SYNPCC7002_RS10480,0.117752264661716
SYNPCC7002_RS05135,SYNPCC7002_RS05295,0.117668273556264
SYNPCC7002_RS15680,SYNPCC7002_RS15325,0.117533431164728
SYNPCC7002_RS01335,SYNPCC7002_RS03000,0.117340418868535
SYNPCC7002_RS02715,SYNPCC7002_RS04265,0.117224138310315
SYNPCC7002_RS01335,SYNPCC7002_RS01270,0.117164159652909
SYNPCC7002_RS05135,SYNPCC7002_RS12690,0.11702198604549
SYNPCC7002_RS05135,SYNPCC7002_RS13065,0.116460404341171
SYNPCC7002_RS16320,SYNPCC7002_RS15890,0.1164584009942
SYNPCC7002_RS04680,SYNPCC7002_RS14695,0.116433030700041
SYNPCC7002_RS01800,SYNPCC7002_RS09360,0.116186865784758
SYNPCC7002_RS05135,SYNPCC7002_RS09130,0.116068435351378
SYNPCC7002_RS00850,SYNPCC7002_RS00870,0.116047549080376
SYNPCC7002_RS16320,SYNPCC7002_RS16755,0.115594874609781
SYNPCC7002_RS05135,SYNPCC7002_RS05180,0.115574606766898
SYNPCC7002_RS12395,SYNPCC7002_RS08550,0.115543066216789
SYNPCC7002_RS12395,SYNPCC7002_RS04475,0.115443534741342
SYNPCC7002_RS12395,SYNPCC7002_RS07725,0.115442373421065
SYNPCC7002_RS09630,SYNPCC7002_RS07915,0.115426719527477
SYNPCC7002_RS05985,SYNPCC7002_RS13835,0.115309612525824
SYNPCC7002_RS12395,SYNPCC7002_RS04890,0.1151317287075
SYNPCC7002_RS14440,SYNPCC7002_RS14380,0.114878025984195
SYNPCC7002_RS05985,SYNPCC7002_RS01185,0.114717628559438
SYNPCC7002_RS09630,SYNPCC7002_RS16950,0.114616898437386
SYNPCC7002_RS14440,SYNPCC7002_RS14365,0.114616854220284
SYNPCC7002_RS08965,SYNPCC7002_RS04635,0.114579889550081
SYNPCC7002_RS05135,SYNPCC7002_RS03280,0.114496883228265
SYNPCC7002_RS05135,SYNPCC7002_RS09425,0.114473546992151
SYNPCC7002_RS09630,SYNPCC7002_RS04430,0.11443000886204
SYNPCC7002_RS05460,SYNPCC7002_RS16415,0.114413609879696
SYNPCC7002_RS01800,SYNPCC7002_RS15965,0.114266015511024
SYNPCC7002_RS05135,SYNPCC7002_RS04065,0.114166639220154
SYNPCC7002_RS14440,SYNPCC7002_RS14320,0.114009941240546
SYNPCC7002_RS15680,SYNPCC7002_RS14640,0.113855986473813
SYNPCC7002_RS12395,SYNPCC7002_RS03430,0.113830945825257
SYNPCC7002_RS00640,SYNPCC7002_RS05460,0.113811633957506
SYNPCC7002_RS15680,SYNPCC7002_RS03135,0.113677414468179
SYNPCC7002_RS12395,SYNPCC7002_RS07745,0.11364040717197
SYNPCC7002_RS12395,SYNPCC7002_RS05135,0.113633673564216
SYNPCC7002_RS14440,SYNPCC7002_RS14315,0.113538703918042
SYNPCC7002_RS05135,SYNPCC7002_RS10210,0.11351628005068
SYNPCC7002_RS12395,SYNPCC7002_RS07780,0.113497286156778
SYNPCC7002_RS15520,SYNPCC7002_RS10640,0.113496595463299
SYNPCC7002_RS09320,SYNPCC7002_RS01875,0.113487513827704
SYNPCC7002_RS01800,SYNPCC7002_RS05330,0.113448880972961
SYNPCC7002_RS05135,SYNPCC7002_RS06585,0.113437679795717
SYNPCC7002_RS00050,SYNPCC7002_RS06470,0.113418767804301
SYNPCC7002_RS05135,SYNPCC7002_RS14115,0.113411686626921
SYNPCC7002_RS14385,SYNPCC7002_RS14315,0.113396820723641
SYNPCC7002_RS15680,SYNPCC7002_RS17045,0.113325749261853
SYNPCC7002_RS09630,SYNPCC7002_RS04355,0.113321089353709
SYNPCC7002_RS05135,SYNPCC7002_RS06720,0.11331273272468
SYNPCC7002_RS01335,SYNPCC7002_RS08620,0.11329098639895
SYNPCC7002_RS05460,SYNPCC7002_RS14505,0.113228198574474
SYNPCC7002_RS12395,SYNPCC7002_RS12690,0.113112100865965
SYNPCC7002_RS09820,SYNPCC7002_RS06665,0.113029375427148
SYNPCC7002_RS05985,SYNPCC7002_RS11925,0.112945928692603
SYNPCC7002_RS04680,SYNPCC7002_RS01815,0.112926577340643
SYNPCC7002_RS02410,SYNPCC7002_RS08130,0.112917807359347
SYNPCC7002_RS10050,SYNPCC7002_RS07470,0.112797173581747
SYNPCC7002_RS09630,SYNPCC7002_RS00090,0.112792491290597
SYNPCC7002_RS03295,SYNPCC7002_RS01960,0.112613311719243
SYNPCC7002_RS05135,SYNPCC7002_RS00425,0.11252484764417
SYNPCC7002_RS14385,SYNPCC7002_RS14325,0.112502693166796
SYNPCC7002_RS12395,SYNPCC7002_RS16355,0.112500286481402
SYNPCC7002_RS02715,SYNPCC7002_RS02710,0.112498286003298
SYNPCC7002_RS05135,SYNPCC7002_RS10975,0.112448642915346
SYNPCC7002_RS00850,SYNPCC7002_RS12365,0.112433304622967
SYNPCC7002_RS05135,SYNPCC7002_RS06350,0.11241848339588
SYNPCC7002_RS08210,SYNPCC7002_RS11885,0.112413877079095
SYNPCC7002_RS02715,SYNPCC7002_RS15435,0.112302180682823
SYNPCC7002_RS01335,SYNPCC7002_RS05340,0.112265109987401
SYNPCC7002_RS02455,SYNPCC7002_RS02325,0.112220240623372
SYNPCC7002_RS12395,SYNPCC7002_RS01595,0.112213928915725
SYNPCC7002_RS03295,SYNPCC7002_RS08760,0.11221350088351
SYNPCC7002_RS12395,SYNPCC7002_RS05270,0.112209112499862
SYNPCC7002_RS10050,SYNPCC7002_RS07490,0.112173413392568
SYNPCC7002_RS15680,SYNPCC7002_RS05670,0.112171802724487
SYNPCC7002_RS15720,SYNPCC7002_RS15315,0.112161489784042
SYNPCC7002_RS14790,SYNPCC7002_RS05565,0.112122799949604
SYNPCC7002_RS10050,SYNPCC7002_RS07790,0.112026633302794
SYNPCC7002_RS01800,SYNPCC7002_RS03295,0.1119913138614
SYNPCC7002_RS05985,SYNPCC7002_RS05410,0.111904485607488
SYNPCC7002_RS04680,SYNPCC7002_RS07150,0.111708094391229
SYNPCC7002_RS04680,SYNPCC7002_RS14050,0.11169752521308
SYNPCC7002_RS10050,SYNPCC7002_RS01930,0.111669452122881
SYNPCC7002_RS00050,SYNPCC7002_RS10105,0.111625799183581
SYNPCC7002_RS09630,SYNPCC7002_RS03945,0.111610297306038
SYNPCC7002_RS09630,SYNPCC7002_RS04675,0.111448013640159
SYNPCC7002_RS03295,SYNPCC7002_RS01970,0.111376945224298
SYNPCC7002_RS14790,SYNPCC7002_RS14820,0.111328954027041
SYNPCC7002_RS08255,SYNPCC7002_RS03340,0.111276584976186
SYNPCC7002_RS05135,SYNPCC7002_RS05250,0.111107992424055
SYNPCC7002_RS14385,SYNPCC7002_RS14320,0.110990835853328
SYNPCC7002_RS16160,SYNPCC7002_RS02070,0.110955264357302
SYNPCC7002_RS14440,SYNPCC7002_RS16505,0.110859212038311
SYNPCC7002_RS09175,SYNPCC7002_RS14725,0.110751908003227
SYNPCC7002_RS04890,SYNPCC7002_RS02850,0.110536604261914
SYNPCC7002_RS04250,SYNPCC7002_RS08545,0.11044688750302
SYNPCC7002_RS11685,SYNPCC7002_RS16635,0.110360466857138
SYNPCC7002_RS06150,SYNPCC7002_RS11825,0.110302869176178
SYNPCC7002_RS09780,SYNPCC7002_RS17005,0.110173462368496
SYNPCC7002_RS15680,SYNPCC7002_RS02035,0.110141127451805
SYNPCC7002_RS10050,SYNPCC7002_RS07775,0.110034007274337
SYNPCC7002_RS05135,SYNPCC7002_RS07725,0.109842963873933
SYNPCC7002_RS05135,SYNPCC7002_RS02425,0.10983319573202
SYNPCC7002_RS00850,SYNPCC7002_RS02335,0.109803982611252
SYNPCC7002_RS05135,SYNPCC7002_RS05125,0.1097502116831
SYNPCC7002_RS14440,SYNPCC7002_RS14455,0.109732355762101
SYNPCC7002_RS05985,SYNPCC7002_RS08830,0.109651980327426
SYNPCC7002_RS06150,SYNPCC7002_RS02625,0.109574234741508
SYNPCC7002_RS09630,SYNPCC7002_RS05455,0.109527183615822
SYNPCC7002_RS05985,SYNPCC7002_RS00525,0.109361832439606
SYNPCC7002_RS12395,SYNPCC7002_RS16735,0.109248231800167
SYNPCC7002_RS10050,SYNPCC7002_RS16130,0.109225753848672
SYNPCC7002_RS09320,SYNPCC7002_RS06955,0.10919725351652
SYNPCC7002_RS12395,SYNPCC7002_RS12805,0.109170889298024
SYNPCC7002_RS06150,SYNPCC7002_RS15750,0.109120379030994
SYNPCC7002_RS14440,SYNPCC7002_RS14335,0.10902573194404
SYNPCC7002_RS06150,SYNPCC7002_RS04675,0.108996983237
SYNPCC7002_RS05135,SYNPCC7002_RS14250,0.108966853139991
SYNPCC7002_RS03030,SYNPCC7002_RS11305,0.108921090051831
SYNPCC7002_RS04680,SYNPCC7002_RS13325,0.108889016302705
SYNPCC7002_RS05135,SYNPCC7002_RS09650,0.108857083830109
SYNPCC7002_RS05460,SYNPCC7002_RS16575,0.108833536458192
SYNPCC7002_RS02715,SYNPCC7002_RS06430,0.10881744816038
SYNPCC7002_RS05135,SYNPCC7002_RS10980,0.108809621837849
SYNPCC7002_RS05135,SYNPCC7002_RS01795,0.108787499905612
SYNPCC7002_RS05135,SYNPCC7002_RS03685,0.10874544864654
SYNPCC7002_RS12395,SYNPCC7002_RS16795,0.108470892788411
SYNPCC7002_RS01085,SYNPCC7002_RS00805,0.108445363055445
SYNPCC7002_RS03295,SYNPCC7002_RS03320,0.108382518797071
SYNPCC7002_RS01335,SYNPCC7002_RS12470,0.108377653074041
SYNPCC7002_RS09630,SYNPCC7002_RS07430,0.108340938641676
SYNPCC7002_RS05135,SYNPCC7002_RS03680,0.108305936705963
SYNPCC7002_RS04250,SYNPCC7002_RS01520,0.108276293811713
SYNPCC7002_RS05135,SYNPCC7002_RS05245,0.10827056636869
SYNPCC7002_RS00650,SYNPCC7002_RS01500,0.108216649415999
SYNPCC7002_RS05135,SYNPCC7002_RS00530,0.108164600083883
SYNPCC7002_RS04680,SYNPCC7002_RS13505,0.108149605534899
SYNPCC7002_RS09995,SYNPCC7002_RS02260,0.108122281771044
SYNPCC7002_RS05135,SYNPCC7002_RS01595,0.108111190919297
SYNPCC7002_RS03295,SYNPCC7002_RS14345,0.108085865043989
SYNPCC7002_RS11400,SYNPCC7002_RS01705,0.108001618069327
SYNPCC7002_RS15520,SYNPCC7002_RS03260,0.107924878116669
SYNPCC7002_RS04890,SYNPCC7002_RS00465,0.107892839519959
SYNPCC7002_RS15720,SYNPCC7002_RS06465,0.10786698188803
SYNPCC7002_RS05135,SYNPCC7002_RS13670,0.10781670839811
SYNPCC7002_RS05985,SYNPCC7002_RS04590,0.107771888313099
SYNPCC7002_RS03295,SYNPCC7002_RS05355,0.107739346812669
SYNPCC7002_RS16160,SYNPCC7002_RS03135,0.107730077539498
SYNPCC7002_RS01420,SYNPCC7002_RS01415,0.107706116383487
SYNPCC7002_RS04650,SYNPCC7002_RS12580,0.107691175677537
SYNPCC7002_RS06540,SYNPCC7002_RS01345,0.107380104564842
SYNPCC7002_RS09630,SYNPCC7002_RS08160,0.107372089611129
SYNPCC7002_RS04890,SYNPCC7002_RS01515,0.107350964379242
SYNPCC7002_RS05135,SYNPCC7002_RS04845,0.107303582160939
SYNPCC7002_RS04650,SYNPCC7002_RS01510,0.107258086152616
SYNPCC7002_RS03950,SYNPCC7002_RS15120,0.107228503962842
SYNPCC7002_RS05460,SYNPCC7002_RS11210,0.107222491705163
SYNPCC7002_RS12395,SYNPCC7002_RS10130,0.107217487361826
SYNPCC7002_RS03030,SYNPCC7002_RS06225,0.107200619121526
SYNPCC7002_RS08965,SYNPCC7002_RS12260,0.107183631868966
SYNPCC7002_RS05135,SYNPCC7002_RS16360,0.107125784917245
SYNPCC7002_RS08390,SYNPCC7002_RS04920,0.107096598156429
SYNPCC7002_RS07385,SYNPCC7002_RS01780,0.107081957688917
SYNPCC7002_RS05135,SYNPCC7002_RS05280,0.107064799388798
SYNPCC7002_RS01800,SYNPCC7002_RS03000,0.107013461196898
SYNPCC7002_RS09780,SYNPCC7002_RS04880,0.106988497759335
SYNPCC7002_RS01335,SYNPCC7002_RS03500,0.106980652742101
SYNPCC7002_RS15030,SYNPCC7002_RS15035,0.106971599921446
SYNPCC7002_RS04650,SYNPCC7002_RS05600,0.106950432703673
SYNPCC7002_RS09820,SYNPCC7002_RS13345,0.106929911611207
SYNPCC7002_RS06150,SYNPCC7002_RS13385,0.106892167006118
SYNPCC7002_RS06150,SYNPCC7002_RS13850,0.106847935150368
SYNPCC7002_RS08390,SYNPCC7002_RS12650,0.106729288101709
SYNPCC7002_RS10050,SYNPCC7002_RS12255,0.10667966901367
SYNPCC7002_RS00260,SYNPCC7002_RS11255,0.1066716452687
SYNPCC7002_RS06540,SYNPCC7002_RS04715,0.106640663045262
SYNPCC7002_RS08965,SYNPCC7002_RS06185,0.106626736141497
SYNPCC7002_RS04890,SYNPCC7002_RS09915,0.106619647047938
SYNPCC7002_RS02715,SYNPCC7002_RS03655,0.106611812658004
SYNPCC7002_RS06165,SYNPCC7002_RS00740,0.106608699635752
SYNPCC7002_RS03295,SYNPCC7002_RS16225,0.106588391835912
SYNPCC7002_RS05985,SYNPCC7002_RS00430,0.106572172914561
SYNPCC7002_RS08390,SYNPCC7002_RS15955,0.106570512472667
SYNPCC7002_RS04890,SYNPCC7002_RS05135,0.106531133980923
SYNPCC7002_RS15520,SYNPCC7002_RS08460,0.106512444056883
SYNPCC7002_RS15680,SYNPCC7002_RS14615,0.106505248229799
SYNPCC7002_RS12395,SYNPCC7002_RS07750,0.106500512571984
SYNPCC7002_RS08965,SYNPCC7002_RS05360,0.106389050328051
SYNPCC7002_RS08210,SYNPCC7002_RS01600,0.106317848756921
SYNPCC7002_RS04650,SYNPCC7002_RS00045,0.10631279021776
SYNPCC7002_RS01335,SYNPCC7002_RS14895,0.106265725319051
SYNPCC7002_RS08965,SYNPCC7002_RS04810,0.106239090581188
SYNPCC7002_RS05135,SYNPCC7002_RS16355,0.106237160448801
SYNPCC7002_RS06540,SYNPCC7002_RS09225,0.106219640828243
SYNPCC7002_RS12515,SYNPCC7002_RS13280,0.106203161456105
SYNPCC7002_RS14790,SYNPCC7002_RS05560,0.106132668115228
SYNPCC7002_RS05135,SYNPCC7002_RS06330,0.106086901026075
SYNPCC7002_RS09630,SYNPCC7002_RS13385,0.106064415672618
SYNPCC7002_RS08965,SYNPCC7002_RS01845,0.106059966034388
SYNPCC7002_RS06150,SYNPCC7002_RS08160,0.106035099527692
SYNPCC7002_RS04890,SYNPCC7002_RS00875,0.10600437160218
SYNPCC7002_RS15680,SYNPCC7002_RS16655,0.105977976836759
SYNPCC7002_RS04650,SYNPCC7002_RS04535,0.105960298957291
SYNPCC7002_RS09630,SYNPCC7002_RS13850,0.105943030529293
SYNPCC7002_RS03030,SYNPCC7002_RS11665,0.105863003876318
SYNPCC7002_RS00260,SYNPCC7002_RS05850,0.10580842912633
SYNPCC7002_RS12395,SYNPCC7002_RS03465,0.105804292897895
SYNPCC7002_RS01800,SYNPCC7002_RS08765,0.105796592977906
SYNPCC7002_RS12395,SYNPCC7002_RS09460,0.105785442155785
SYNPCC7002_RS08390,SYNPCC7002_RS08750,0.105760449706285
SYNPCC7002_RS05135,SYNPCC7002_RS11335,0.105753929527977
SYNPCC7002_RS16320,SYNPCC7002_RS06460,0.105703891505236
SYNPCC7002_RS04250,SYNPCC7002_RS00350,0.105696671357567
SYNPCC7002_RS15680,SYNPCC7002_RS06615,0.105688850175579
SYNPCC7002_RS10050,SYNPCC7002_RS04320,0.105628016519144
SYNPCC7002_RS09630,SYNPCC7002_RS10630,0.10562789410983
SYNPCC7002_RS05985,SYNPCC7002_RS10725,0.105568314771414
SYNPCC7002_RS15520,SYNPCC7002_RS11435,0.105541933381251
SYNPCC7002_RS10050,SYNPCC7002_RS14480,0.1055133784782
SYNPCC7002_RS15520,SYNPCC7002_RS07975,0.105491067442388
SYNPCC7002_RS04650,SYNPCC7002_RS10920,0.105474881936536
SYNPCC7002_RS03950,SYNPCC7002_RS16850,0.105427146642097
SYNPCC7002_RS04650,SYNPCC7002_RS02265,0.105389557942912
SYNPCC7002_RS05135,SYNPCC7002_RS16940,0.10531995377018
SYNPCC7002_RS15680,SYNPCC7002_RS14645,0.105297666907733
SYNPCC7002_RS10050,SYNPCC7002_RS07595,0.10528207755535
SYNPCC7002_RS15680,SYNPCC7002_RS07130,0.105249289184189
SYNPCC7002_RS09175,SYNPCC7002_RS15495,0.10524691550191
SYNPCC7002_RS09320,SYNPCC7002_RS12415,0.105214376074662
SYNPCC7002_RS12395,SYNPCC7002_RS07685,0.10519910069004
SYNPCC7002_RS09780,SYNPCC7002_RS07785,0.10506985695273
SYNPCC7002_RS05135,SYNPCC7002_RS03740,0.10506116796556
SYNPCC7002_RS04890,SYNPCC7002_RS04565,0.105021305200617
SYNPCC7002_RS05460,SYNPCC7002_RS10825,0.10499818440942
SYNPCC7002_RS03760,SYNPCC7002_RS00195,0.104997619693998
SYNPCC7002_RS05135,SYNPCC7002_RS05110,0.104981383742379
SYNPCC7002_RS01800,SYNPCC7002_RS02320,0.104931624171277
SYNPCC7002_RS10050,SYNPCC7002_RS04305,0.104925542899492
SYNPCC7002_RS03950,SYNPCC7002_RS15550,0.104920586926116
SYNPCC7002_RS09260,SYNPCC7002_RS13795,0.104903624258853
SYNPCC7002_RS05985,SYNPCC7002_RS05020,0.104860749644633
SYNPCC7002_RS08965,SYNPCC7002_RS04695,0.10485608555874
SYNPCC7002_RS09630,SYNPCC7002_RS08435,0.104843444363998
SYNPCC7002_RS04780,SYNPCC7002_RS11135,0.104842082707698
SYNPCC7002_RS08255,SYNPCC7002_RS02535,0.104790111606891
SYNPCC7002_RS14440,SYNPCC7002_RS15115,0.104756080157691
SYNPCC7002_RS16320,SYNPCC7002_RS15645,0.104755120348525
SYNPCC7002_RS06540,SYNPCC7002_RS02890,0.10473058375369
SYNPCC7002_RS06150,SYNPCC7002_RS00975,0.104712434939288
SYNPCC7002_RS14385,SYNPCC7002_RS14455,0.104707105153059
SYNPCC7002_RS10050,SYNPCC7002_RS07795,0.104705385255529
SYNPCC7002_RS05135,SYNPCC7002_RS10280,0.104693898051255
SYNPCC7002_RS05460,SYNPCC7002_RS08885,0.104602427582467
SYNPCC7002_RS01420,SYNPCC7002_RS10765,0.104589204867642
SYNPCC7002_RS15680,SYNPCC7002_RS05690,0.104556103547545
SYNPCC7002_RS09630,SYNPCC7002_RS14675,0.104544475076298
SYNPCC7002_RS04890,SYNPCC7002_RS04400,0.104543134285494
SYNPCC7002_RS14440,SYNPCC7002_RS14385,0.104503571210659
SYNPCC7002_RS08390,SYNPCC7002_RS01310,0.104494071336604
SYNPCC7002_RS09780,SYNPCC7002_RS12960,0.10445669435209
SYNPCC7002_RS05135,SYNPCC7002_RS09655,0.104401442443669
SYNPCC7002_RS04650,SYNPCC7002_RS09735,0.104376985542285
SYNPCC7002_RS10050,SYNPCC7002_RS00875,0.104349997236669
SYNPCC7002_RS03950,SYNPCC7002_RS15440,0.104348006906448
SYNPCC7002_RS05135,SYNPCC7002_RS07605,0.104343132601963
SYNPCC7002_RS12515,SYNPCC7002_RS13270,0.104225978790276
SYNPCC7002_RS05460,SYNPCC7002_RS15440,0.104224879067819
SYNPCC7002_RS02715,SYNPCC7002_RS13440,0.104200331398776
SYNPCC7002_RS14440,SYNPCC7002_RS14405,0.104165686620243
SYNPCC7002_RS05135,SYNPCC7002_RS05265,0.104125045980721
SYNPCC7002_RS11685,SYNPCC7002_RS03895,0.104113310371445
SYNPCC7002_RS06150,SYNPCC7002_RS07225,0.104099794045348
SYNPCC7002_RS09820,SYNPCC7002_RS11415,0.10409961190838
SYNPCC7002_RS00050,SYNPCC7002_RS04095,0.104077008580209
SYNPCC7002_RS12395,SYNPCC7002_RS15055,0.104076466601077
SYNPCC7002_RS15680,SYNPCC7002_RS05070,0.104064282369405
SYNPCC7002_RS09995,SYNPCC7002_RS00710,0.104039035756283
SYNPCC7002_RS03760,SYNPCC7002_RS03730,0.104033894233255
SYNPCC7002_RS05135,SYNPCC7002_RS06580,0.104033554598555
SYNPCC7002_RS06150,SYNPCC7002_RS04355,0.104032033653297
SYNPCC7002_RS12395,SYNPCC7002_RS06395,0.104021077319493
SYNPCC7002_RS02715,SYNPCC7002_RS14845,0.104006423242769
SYNPCC7002_RS05985,SYNPCC7002_RS00565,0.104003726084711
SYNPCC7002_RS00640,SYNPCC7002_RS06010,0.104000589231468
SYNPCC7002_RS05985,SYNPCC7002_RS05910,0.103879547824993
SYNPCC7002_RS05460,SYNPCC7002_RS13210,0.103877850225931
SYNPCC7002_RS15680,SYNPCC7002_RS03140,0.10381313800448
SYNPCC7002_RS02715,SYNPCC7002_RS06190,0.103811963702879
SYNPCC7002_RS05135,SYNPCC7002_RS04950,0.103787744507105
SYNPCC7002_RS05135,SYNPCC7002_RS05270,0.103772862774539
SYNPCC7002_RS10050,SYNPCC7002_RS06825,0.103739916376733
SYNPCC7002_RS08390,SYNPCC7002_RS16090,0.10373281677507
SYNPCC7002_RS16320,SYNPCC7002_RS15710,0.1037233359662
SYNPCC7002_RS01335,SYNPCC7002_RS14850,0.103698780581367
SYNPCC7002_RS05135,SYNPCC7002_RS10925,0.103690246575389
SYNPCC7002_RS09320,SYNPCC7002_RS10465,0.103677569142653
SYNPCC7002_RS04650,SYNPCC7002_RS07495,0.103655450953531
SYNPCC7002_RS12395,SYNPCC7002_RS03230,0.103640205182435
SYNPCC7002_RS06150,SYNPCC7002_RS15925,0.103625470960268
SYNPCC7002_RS10050,SYNPCC7002_RS07590,0.103554973066375
SYNPCC7002_RS10050,SYNPCC7002_RS17220,0.103554281763093
SYNPCC7002_RS05135,SYNPCC7002_RS11520,0.103552594015582
SYNPCC7002_RS05135,SYNPCC7002_RS07835,0.103516379653055
SYNPCC7002_RS05985,SYNPCC7002_RS13960,0.103489589097155
SYNPCC7002_RS12395,SYNPCC7002_RS00265,0.103430127886855
SYNPCC7002_RS00640,SYNPCC7002_RS00580,0.103411576096971
SYNPCC7002_RS04650,SYNPCC7002_RS09280,0.10338708504949
SYNPCC7002_RS16320,SYNPCC7002_RS06455,0.103368519271356
SYNPCC7002_RS11685,SYNPCC7002_RS13150,0.103346803417385
SYNPCC7002_RS15680,SYNPCC7002_RS14650,0.103342933844457
SYNPCC7002_RS05985,SYNPCC7002_RS11540,0.103339467374938
SYNPCC7002_RS15680,SYNPCC7002_RS01235,0.103302690716794
SYNPCC7002_RS05985,SYNPCC7002_RS02770,0.10328030544061
SYNPCC7002_RS05985,SYNPCC7002_RS04520,0.103272087533221
SYNPCC7002_RS09780,SYNPCC7002_RS04175,0.103177336836557
SYNPCC7002_RS04650,SYNPCC7002_RS10110,0.103150163593168
SYNPCC7002_RS09320,SYNPCC7002_RS13980,0.103138921423843
SYNPCC7002_RS01420,SYNPCC7002_RS09415,0.103123555264127
SYNPCC7002_RS05135,SYNPCC7002_RS07830,0.103120487799317
SYNPCC7002_RS01420,SYNPCC7002_RS01435,0.10311186961728
SYNPCC7002_RS05460,SYNPCC7002_RS14425,0.103111031072667
SYNPCC7002_RS05985,SYNPCC7002_RS11030,0.103084646752727
SYNPCC7002_RS06150,SYNPCC7002_RS15930,0.103052313393503
SYNPCC7002_RS15255,SYNPCC7002_RS15325,0.103040769908642
SYNPCC7002_RS09820,SYNPCC7002_RS15180,0.103030579807139
SYNPCC7002_RS01335,SYNPCC7002_RS02325,0.103021362733388
SYNPCC7002_RS04890,SYNPCC7002_RS09035,0.103006281891628
SYNPCC7002_RS01335,SYNPCC7002_RS00325,0.102981708186779
SYNPCC7002_RS04650,SYNPCC7002_RS12850,0.102968817514068
SYNPCC7002_RS14790,SYNPCC7002_RS14785,0.102952444894508
SYNPCC7002_RS15520,SYNPCC7002_RS05990,0.102952114794133
SYNPCC7002_RS01420,SYNPCC7002_RS06580,0.102942687531742
SYNPCC7002_RS04650,SYNPCC7002_RS01350,0.102936863438978
SYNPCC7002_RS15720,SYNPCC7002_RS06460,0.102916581483229
SYNPCC7002_RS02455,SYNPCC7002_RS03455,0.102910569162765
SYNPCC7002_RS10050,SYNPCC7002_RS02745,0.102902868081656
SYNPCC7002_RS05135,SYNPCC7002_RS01580,0.102869270428147
SYNPCC7002_RS09630,SYNPCC7002_RS00695,0.102850004688085
SYNPCC7002_RS05135,SYNPCC7002_RS05300,0.102827052814491
SYNPCC7002_RS01420,SYNPCC7002_RS14470,0.102723594554361
SYNPCC7002_RS05985,SYNPCC7002_RS04085,0.102675176238417
SYNPCC7002_RS08965,SYNPCC7002_RS06890,0.102643703451254
SYNPCC7002_RS04780,SYNPCC7002_RS09710,0.102641278492666
SYNPCC7002_RS10050,SYNPCC7002_RS07730,0.102638975597843
SYNPCC7002_RS01335,SYNPCC7002_RS10655,0.102610596068367
SYNPCC7002_RS15520,SYNPCC7002_RS11665,0.102580567208908
SYNPCC7002_RS05985,SYNPCC7002_RS17195,0.102576290189723
SYNPCC7002_RS11400,SYNPCC7002_RS00520,0.102536708274441
SYNPCC7002_RS00635,SYNPCC7002_RS00180,0.102533019436832
SYNPCC7002_RS05135,SYNPCC7002_RS09420,0.102523011981901
SYNPCC7002_RS05135,SYNPCC7002_RS11730,0.102518322212499
SYNPCC7002_RS05135,SYNPCC7002_RS12185,0.102500298534232
SYNPCC7002_RS12395,SYNPCC7002_RS02090,0.102476005893534
SYNPCC7002_RS04650,SYNPCC7002_RS01865,0.102475613730633
SYNPCC7002_RS09320,SYNPCC7002_RS04600,0.102474797547032
SYNPCC7002_RS05135,SYNPCC7002_RS05595,0.102417551277124
SYNPCC7002_RS00050,SYNPCC7002_RS01560,0.102415598381475
SYNPCC7002_RS08965,SYNPCC7002_RS04730,0.102378876485562
SYNPCC7002_RS12395,SYNPCC7002_RS16360,0.102305673988496
SYNPCC7002_RS11400,SYNPCC7002_RS04060,0.102300789732836
SYNPCC7002_RS03030,SYNPCC7002_RS07315,0.102295858774612
SYNPCC7002_RS09630,SYNPCC7002_RS05685,0.102253271644436
SYNPCC7002_RS06150,SYNPCC7002_RS13145,0.102249551255829
SYNPCC7002_RS04890,SYNPCC7002_RS03290,0.102242136032173
SYNPCC7002_RS03030,SYNPCC7002_RS02255,0.102226516808613
SYNPCC7002_RS00640,SYNPCC7002_RS10215,0.102211460383001
SYNPCC7002_RS12090,SYNPCC7002_RS11290,0.102163055453304
SYNPCC7002_RS04250,SYNPCC7002_RS14755,0.102132973795141
SYNPCC7002_RS08480,SYNPCC7002_RS11185,0.102078840517109
SYNPCC7002_RS15255,SYNPCC7002_RS15330,0.102076557177576
SYNPCC7002_RS12395,SYNPCC7002_RS00200,0.102073402453793
SYNPCC7002_RS05985,SYNPCC7002_RS06790,0.102069020146663
SYNPCC7002_RS05135,SYNPCC7002_RS03510,0.102066494943142
SYNPCC7002_RS02715,SYNPCC7002_RS15065,0.10206049451245
SYNPCC7002_RS06150,SYNPCC7002_RS07915,0.102045350272052
SYNPCC7002_RS12515,SYNPCC7002_RS04780,0.102037021404792
SYNPCC7002_RS12395,SYNPCC7002_RS09910,0.102029142230718
SYNPCC7002_RS04890,SYNPCC7002_RS08820,0.102024133476654
SYNPCC7002_RS12090,SYNPCC7002_RS17190,0.102007860980904
SYNPCC7002_RS04680,SYNPCC7002_RS12045,0.102005881736147
SYNPCC7002_RS05460,SYNPCC7002_RS14005,0.10198312897854
SYNPCC7002_RS09820,SYNPCC7002_RS12140,0.101963353160814
SYNPCC7002_RS04890,SYNPCC7002_RS02575,0.101954988576553
SYNPCC7002_RS10050,SYNPCC7002_RS11005,0.101902157081852
SYNPCC7002_RS15520,SYNPCC7002_RS14695,0.101901392391451
SYNPCC7002_RS03950,SYNPCC7002_RS12310,0.101886089667384
SYNPCC7002_RS12395,SYNPCC7002_RS15155,0.101865812118456
SYNPCC7002_RS16160,SYNPCC7002_RS04255,0.101808137247687
SYNPCC7002_RS06150,SYNPCC7002_RS08635,0.101780388541164
SYNPCC7002_RS03030,SYNPCC7002_RS02690,0.101779807123633
SYNPCC7002_RS03950,SYNPCC7002_RS16275,0.101769297859672
SYNPCC7002_RS08175,SYNPCC7002_RS01525,0.101747424564638
SYNPCC7002_RS05135,SYNPCC7002_RS17035,0.101725440408509
SYNPCC7002_RS05985,SYNPCC7002_RS04525,0.101724967228031
SYNPCC7002_RS06150,SYNPCC7002_RS11720,0.101706823979431
SYNPCC7002_RS14790,SYNPCC7002_RS01635,0.101705071277569
SYNPCC7002_RS09780,SYNPCC7002_RS00340,0.101704282819297
SYNPCC7002_RS01335,SYNPCC7002_RS15790,0.101681288579879
SYNPCC7002_RS05135,SYNPCC7002_RS02470,0.101675979454083
SYNPCC7002_RS12395,SYNPCC7002_RS00455,0.101621723848875
SYNPCC7002_RS08390,SYNPCC7002_RS06855,0.101619421864288
SYNPCC7002_RS08965,SYNPCC7002_RS10905,0.101609808688498
SYNPCC7002_RS04780,SYNPCC7002_RS04720,0.101595987717772
SYNPCC7002_RS09780,SYNPCC7002_RS15140,0.101576850361085
SYNPCC7002_RS05985,SYNPCC7002_RS10105,0.101563997407126
SYNPCC7002_RS12395,SYNPCC7002_RS14460,0.101532633302784
SYNPCC7002_RS09420,SYNPCC7002_RS09425,0.101532332479424
SYNPCC7002_RS04890,SYNPCC7002_RS12395,0.101531168437482
SYNPCC7002_RS04250,SYNPCC7002_RS05995,0.101479807403082
SYNPCC7002_RS12395,SYNPCC7002_RS08660,0.101409929579792
SYNPCC7002_RS08175,SYNPCC7002_RS03405,0.101400111411919
SYNPCC7002_RS06150,SYNPCC7002_RS11435,0.101394269373003
SYNPCC7002_RS04890,SYNPCC7002_RS05140,0.101392295779506
SYNPCC7002_RS04780,SYNPCC7002_RS10475,0.101369231701376
SYNPCC7002_RS10050,SYNPCC7002_RS07600,0.101345750049553
SYNPCC7002_RS08390,SYNPCC7002_RS09070,0.101318961879875
SYNPCC7002_RS09090,SYNPCC7002_RS16805,0.101312799022632
SYNPCC7002_RS15520,SYNPCC7002_RS12170,0.101306464257006
SYNPCC7002_RS05460,SYNPCC7002_RS03950,0.101290220520326
SYNPCC7002_RS12395,SYNPCC7002_RS06080,0.101285772256983
SYNPCC7002_RS12395,SYNPCC7002_RS06580,0.101281961673875
SYNPCC7002_RS06005,SYNPCC7002_RS16780,0.101248862686103
SYNPCC7002_RS08965,SYNPCC7002_RS11835,0.10122410209435
SYNPCC7002_RS12395,SYNPCC7002_RS08665,0.101199979967454
SYNPCC7002_RS08965,SYNPCC7002_RS02395,0.101195894668035
SYNPCC7002_RS04680,SYNPCC7002_RS15925,0.101186765632008
SYNPCC7002_RS08965,SYNPCC7002_RS09730,0.101171274730878
SYNPCC7002_RS09630,SYNPCC7002_RS05665,0.101164783196957
SYNPCC7002_RS05135,SYNPCC7002_RS07680,0.101133721951968
SYNPCC7002_RS04250,SYNPCC7002_RS00355,0.101123976671105
SYNPCC7002_RS01420,SYNPCC7002_RS09430,0.101067761265134
SYNPCC7002_RS02715,SYNPCC7002_RS13750,0.101066326407684
SYNPCC7002_RS05460,SYNPCC7002_RS15285,0.101014797663699
SYNPCC7002_RS05460,SYNPCC7002_RS06010,0.100969915649105
SYNPCC7002_RS12090,SYNPCC7002_RS13560,0.100964258111237
SYNPCC7002_RS01800,SYNPCC7002_RS10150,0.100954462366277
SYNPCC7002_RS15520,SYNPCC7002_RS15445,0.100948252765631
SYNPCC7002_RS08175,SYNPCC7002_RS04495,0.100902530013735
SYNPCC7002_RS12395,SYNPCC7002_RS07600,0.100888158847537
SYNPCC7002_RS04890,SYNPCC7002_RS10925,0.100881543970607
SYNPCC7002_RS09820,SYNPCC7002_RS04915,0.100879724576008
SYNPCC7002_RS05135,SYNPCC7002_RS11515,0.100864172219008
SYNPCC7002_RS09995,SYNPCC7002_RS02620,0.100864063940524
SYNPCC7002_RS05460,SYNPCC7002_RS14620,0.100838207524373
SYNPCC7002_RS04890,SYNPCC7002_RS05390,0.100818024149363
SYNPCC7002_RS03295,SYNPCC7002_RS03610,0.100789114978623
SYNPCC7002_RS05135,SYNPCC7002_RS08220,0.100787691912695
SYNPCC7002_RS12395,SYNPCC7002_RS09560,0.100773219646169
SYNPCC7002_RS03295,SYNPCC7002_RS01965,0.100763296533615
SYNPCC7002_RS05135,SYNPCC7002_RS03060,0.100756768748324
SYNPCC7002_RS12395,SYNPCC7002_RS11235,0.100753804211238
SYNPCC7002_RS04250,SYNPCC7002_RS12355,0.100730268992568
SYNPCC7002_RS08965,SYNPCC7002_RS01875,0.10068748253981
SYNPCC7002_RS15255,SYNPCC7002_RS01235,0.100677412583467
SYNPCC7002_RS05135,SYNPCC7002_RS05120,0.100673894680172
SYNPCC7002_RS02715,SYNPCC7002_RS05255,0.100666933225246
SYNPCC7002_RS01085,SYNPCC7002_RS05870,0.100641889609638
SYNPCC7002_RS16160,SYNPCC7002_RS08440,0.100639696263097
SYNPCC7002_RS03295,SYNPCC7002_RS08765,0.100605302058347
SYNPCC7002_RS11400,SYNPCC7002_RS11085,0.100554468205353
SYNPCC7002_RS04650,SYNPCC7002_RS10870,0.100506115984515
SYNPCC7002_RS02715,SYNPCC7002_RS04305,0.10044009879146
SYNPCC7002_RS09780,SYNPCC7002_RS04525,0.100426725659462
SYNPCC7002_RS11685,SYNPCC7002_RS06285,0.100418677397481
SYNPCC7002_RS05460,SYNPCC7002_RS14630,0.100413983397464
SYNPCC7002_RS03030,SYNPCC7002_RS10620,0.100394597984975
SYNPCC7002_RS15680,SYNPCC7002_RS17185,0.100386724317722
SYNPCC7002_RS04780,SYNPCC7002_RS04345,0.100375792024001
SYNPCC7002_RS11685,SYNPCC7002_RS02130,0.100365316103522
SYNPCC7002_RS14440,SYNPCC7002_RS16320,0.100328753489003
SYNPCC7002_RS05135,SYNPCC7002_RS03675,0.100317601207602
SYNPCC7002_RS04780,SYNPCC7002_RS13365,0.100292766787124
SYNPCC7002_RS08965,SYNPCC7002_RS08745,0.10029264774244
SYNPCC7002_RS08390,SYNPCC7002_RS04815,0.100284861865139
SYNPCC7002_RS01335,SYNPCC7002_RS05885,0.100284129078981
SYNPCC7002_RS08390,SYNPCC7002_RS06655,0.100269117004996
SYNPCC7002_RS08945,SYNPCC7002_RS06245,0.100267688516393
SYNPCC7002_RS04650,SYNPCC7002_RS00040,0.1002559711341
SYNPCC7002_RS04780,SYNPCC7002_RS06525,0.100235029239824
SYNPCC7002_RS06150,SYNPCC7002_RS14525,0.100177061375393
SYNPCC7002_RS08390,SYNPCC7002_RS11795,0.100170383485079
SYNPCC7002_RS15680,SYNPCC7002_RS01165,0.100141248904619
SYNPCC7002_RS04780,SYNPCC7002_RS05505,0.100133060887417
SYNPCC7002_RS15255,SYNPCC7002_RS02040,0.100124591407815
SYNPCC7002_RS11685,SYNPCC7002_RS05600,0.100099340068784
SYNPCC7002_RS04250,SYNPCC7002_RS09975,0.100089247105666
SYNPCC7002_RS12395,SYNPCC7002_RS16445,0.100039313982858
SYNPCC7002_RS05985,SYNPCC7002_RS09275,0.100015273998865
SYNPCC7002_RS00050,SYNPCC7002_RS05020,0.0999820918601154
SYNPCC7002_RS00260,SYNPCC7002_RS03825,0.0999704106595928
SYNPCC7002_RS01335,SYNPCC7002_RS05775,0.0999519845712508
SYNPCC7002_RS04650,SYNPCC7002_RS11530,0.0999317389913266
SYNPCC7002_RS01800,SYNPCC7002_RS00035,0.0999152184361239
SYNPCC7002_RS04680,SYNPCC7002_RS03350,0.0999145260385884
SYNPCC7002_RS09630,SYNPCC7002_RS02625,0.0999077420206932
SYNPCC7002_RS12090,SYNPCC7002_RS13565,0.0998972686297797
SYNPCC7002_RS05985,SYNPCC7002_RS08925,0.0998970655019026
SYNPCC7002_RS07385,SYNPCC7002_RS00055,0.0998930330241079
SYNPCC7002_RS10050,SYNPCC7002_RS09865,0.0998919962677978
SYNPCC7002_RS08175,SYNPCC7002_RS03410,0.0998899574220981
SYNPCC7002_RS00690,SYNPCC7002_RS04625,0.0998838808248111
SYNPCC7002_RS06005,SYNPCC7002_RS14210,0.0998721555714856
SYNPCC7002_RS00690,SYNPCC7002_RS10535,0.0998468081964909
SYNPCC7002_RS09630,SYNPCC7002_RS01305,0.099843806498365
SYNPCC7002_RS15680,SYNPCC7002_RS03125,0.0998331879383629
SYNPCC7002_RS05135,SYNPCC7002_RS09910,0.0997906753538399
SYNPCC7002_RS08965,SYNPCC7002_RS02350,0.0997850711429288
SYNPCC7002_RS04650,SYNPCC7002_RS03525,0.0997447149562764
SYNPCC7002_RS03030,SYNPCC7002_RS08210,0.0997438277779162
SYNPCC7002_RS12395,SYNPCC7002_RS11005,0.0997427843175352
SYNPCC7002_RS15680,SYNPCC7002_RS10545,0.0997288983378705
SYNPCC7002_RS08965,SYNPCC7002_RS16685,0.0997231871338735
SYNPCC7002_RS05135,SYNPCC7002_RS01735,0.0997131160031344
SYNPCC7002_RS01800,SYNPCC7002_RS00030,0.0997001785294607
SYNPCC7002_RS08965,SYNPCC7002_RS15225,0.0996938464228756
SYNPCC7002_RS12395,SYNPCC7002_RS07590,0.099688719409101
SYNPCC7002_RS11685,SYNPCC7002_RS12985,0.099670411054666
SYNPCC7002_RS07385,SYNPCC7002_RS07215,0.0996678586258416
SYNPCC7002_RS04890,SYNPCC7002_RS01140,0.0996454924745813
SYNPCC7002_RS11400,SYNPCC7002_RS03015,0.0996289571687998
SYNPCC7002_RS10050,SYNPCC7002_RS10940,0.0996261672040017
SYNPCC7002_RS05135,SYNPCC7002_RS03275,0.0996195056822723
SYNPCC7002_RS06150,SYNPCC7002_RS05455,0.0996038252386524
SYNPCC7002_RS12395,SYNPCC7002_RS16960,0.0995944531819224
SYNPCC7002_RS08255,SYNPCC7002_RS07100,0.0995753517600789
SYNPCC7002_RS09780,SYNPCC7002_RS04180,0.0995752858024004
SYNPCC7002_RS04780,SYNPCC7002_RS09510,0.0995429471315509
SYNPCC7002_RS00650,SYNPCC7002_RS04655,0.099522059304046
SYNPCC7002_RS10050,SYNPCC7002_RS11360,0.0994901306366326
SYNPCC7002_RS06540,SYNPCC7002_RS15950,0.099486827326837
SYNPCC7002_RS05985,SYNPCC7002_RS02900,0.0994860633709712
SYNPCC7002_RS14440,SYNPCC7002_RS15475,0.0994856226169734
SYNPCC7002_RS05460,SYNPCC7002_RS14355,0.0994804203432896
SYNPCC7002_RS05135,SYNPCC7002_RS11455,0.0994780227002602
SYNPCC7002_RS09630,SYNPCC7002_RS06610,0.0994777019146886
SYNPCC7002_RS05135,SYNPCC7002_RS04120,0.0994773933909959
SYNPCC7002_RS08965,SYNPCC7002_RS00120,0.0994770930953878
SYNPCC7002_RS15520,SYNPCC7002_RS01425,0.0994560109249303
SYNPCC7002_RS12395,SYNPCC7002_RS14115,0.0994176187966887
SYNPCC7002_RS05985,SYNPCC7002_RS11935,0.0994037560802995
SYNPCC7002_RS05135,SYNPCC7002_RS01505,0.0994031644504624
SYNPCC7002_RS06150,SYNPCC7002_RS15765,0.0993946793919769
SYNPCC7002_RS12395,SYNPCC7002_RS09130,0.0993889697734007
SYNPCC7002_RS08390,SYNPCC7002_RS01280,0.0993624465871493
SYNPCC7002_RS09630,SYNPCC7002_RS10545,0.0993143286820866
SYNPCC7002_RS12395,SYNPCC7002_RS05235,0.0993061810766356
SYNPCC7002_RS03295,SYNPCC7002_RS14360,0.0992955410555313
SYNPCC7002_RS12395,SYNPCC7002_RS09880,0.0992854001264876
SYNPCC7002_RS11400,SYNPCC7002_RS01295,0.0992782468402483
SYNPCC7002_RS04780,SYNPCC7002_RS06055,0.0992777861896123
SYNPCC7002_RS10050,SYNPCC7002_RS03745,0.0992731268735966
SYNPCC7002_RS01335,SYNPCC7002_RS15470,0.0992633477389458
SYNPCC7002_RS11685,SYNPCC7002_RS10865,0.0992609681678304
SYNPCC7002_RS09630,SYNPCC7002_RS14610,0.0992393300280194
SYNPCC7002_RS01085,SYNPCC7002_RS07170,0.0992089330687885
SYNPCC7002_RS15680,SYNPCC7002_RS02060,0.0991791612041738
SYNPCC7002_RS15680,SYNPCC7002_RS05675,0.0991749627061362
SYNPCC7002_RS04890,SYNPCC7002_RS01135,0.0991092029831523
SYNPCC7002_RS08965,SYNPCC7002_RS01750,0.0991048278926814
SYNPCC7002_RS16320,SYNPCC7002_RS15880,0.0990747496836883
SYNPCC7002_RS15680,SYNPCC7002_RS15010,0.0990707077112243
SYNPCC7002_RS16320,SYNPCC7002_RS06465,0.0990401578399088
SYNPCC7002_RS04650,SYNPCC7002_RS00630,0.0990359042474049
SYNPCC7002_RS02455,SYNPCC7002_RS03045,0.0990317854006605
SYNPCC7002_RS04680,SYNPCC7002_RS16030,0.0990194212777196
SYNPCC7002_RS05135,SYNPCC7002_RS09160,0.099013649337381
SYNPCC7002_RS08965,SYNPCC7002_RS02275,0.0990108875025208
SYNPCC7002_RS15255,SYNPCC7002_RS05675,0.099009810651615
SYNPCC7002_RS10050,SYNPCC7002_RS07760,0.0990096460491191
SYNPCC7002_RS12395,SYNPCC7002_RS11950,0.0989971722997179
SYNPCC7002_RS08965,SYNPCC7002_RS00650,0.0989915828250537
SYNPCC7002_RS08390,SYNPCC7002_RS00325,0.0989899412462507
SYNPCC7002_RS04680,SYNPCC7002_RS03260,0.0989853187891633
SYNPCC7002_RS04650,SYNPCC7002_RS02795,0.0989821098729446
SYNPCC7002_RS06150,SYNPCC7002_RS04360,0.0989752808639716
SYNPCC7002_RS12395,SYNPCC7002_RS10595,0.098967060814189
SYNPCC7002_RS08965,SYNPCC7002_RS06710,0.0988864785815993
SYNPCC7002_RS05985,SYNPCC7002_RS06550,0.0987936824589811
SYNPCC7002_RS16320,SYNPCC7002_RS15875,0.0987794997352465
SYNPCC7002_RS13450,SYNPCC7002_RS07400,0.0987677952050438
SYNPCC7002_RS05135,SYNPCC7002_RS03670,0.0987374825570181
SYNPCC7002_RS12395,SYNPCC7002_RS17210,0.0986885198643079
SYNPCC7002_RS10050,SYNPCC7002_RS07570,0.0986381212986782
SYNPCC7002_RS06150,SYNPCC7002_RS14570,0.0986258724756488
SYNPCC7002_RS15410,SYNPCC7002_RS08905,0.0986251358846297
SYNPCC7002_RS15410,SYNPCC7002_RS14910,0.0986116290267068
SYNPCC7002_RS05135,SYNPCC7002_RS09795,0.0986013746344227
SYNPCC7002_RS12395,SYNPCC7002_RS06350,0.0986004268460083
SYNPCC7002_RS03295,SYNPCC7002_RS03315,0.0985905847010321
SYNPCC7002_RS05460,SYNPCC7002_RS08040,0.0985837856458529
SYNPCC7002_RS04890,SYNPCC7002_RS14280,0.0985739976842155
SYNPCC7002_RS05135,SYNPCC7002_RS03430,0.0985627247327654
SYNPCC7002_RS01335,SYNPCC7002_RS15945,0.0985626618533265
SYNPCC7002_RS09780,SYNPCC7002_RS15145,0.0985403438567678
SYNPCC7002_RS04250,SYNPCC7002_RS07085,0.0985217241637982
SYNPCC7002_RS12395,SYNPCC7002_RS08475,0.0985167690437717
SYNPCC7002_RS09630,SYNPCC7002_RS08920,0.0984923574507845
SYNPCC7002_RS05135,SYNPCC7002_RS10965,0.0984843586974773
SYNPCC7002_RS15520,SYNPCC7002_RS12655,0.09847083457629
SYNPCC7002_RS04650,SYNPCC7002_RS09965,0.0984234339232662
SYNPCC7002_RS05135,SYNPCC7002_RS12445,0.0984069252340014
SYNPCC7002_RS04890,SYNPCC7002_RS16815,0.0983978342059136
SYNPCC7002_RS10050,SYNPCC7002_RS07780,0.0983917573226202
SYNPCC7002_RS04780,SYNPCC7002_RS13135,0.0983911632767269
SYNPCC7002_RS04650,SYNPCC7002_RS02100,0.0983864127147463
SYNPCC7002_RS09780,SYNPCC7002_RS01165,0.0983710307034813
SYNPCC7002_RS11400,SYNPCC7002_RS01125,0.0983692713565416
SYNPCC7002_RS06540,SYNPCC7002_RS07120,0.0983648891264712
SYNPCC7002_RS00260,SYNPCC7002_RS13500,0.0983638555541967
SYNPCC7002_RS15520,SYNPCC7002_RS01815,0.0983481217735128
SYNPCC7002_RS02715,SYNPCC7002_RS16575,0.0983051692304879
SYNPCC7002_RS09820,SYNPCC7002_RS10195,0.0982936607555853
SYNPCC7002_RS15410,SYNPCC7002_RS15375,0.0982932668020382
SYNPCC7002_RS05460,SYNPCC7002_RS14940,0.0982785133744846
SYNPCC7002_RS08210,SYNPCC7002_RS04680,0.0982777636144449
SYNPCC7002_RS05135,SYNPCC7002_RS02960,0.0982718592185976
SYNPCC7002_RS05135,SYNPCC7002_RS09035,0.0982605073748515
SYNPCC7002_RS06540,SYNPCC7002_RS12620,0.0982547564970624
SYNPCC7002_RS06150,SYNPCC7002_RS14575,0.0982317653764972
SYNPCC7002_RS03030,SYNPCC7002_RS06945,0.0982279298989843
SYNPCC7002_RS15680,SYNPCC7002_RS14675,0.0981905845809668
SYNPCC7002_RS15680,SYNPCC7002_RS02045,0.0981868635942952
SYNPCC7002_RS08965,SYNPCC7002_RS12700,0.0981606719295448
SYNPCC7002_RS01335,SYNPCC7002_RS05415,0.0981484664471565
SYNPCC7002_RS10050,SYNPCC7002_RS16795,0.0981273289239921
SYNPCC7002_RS11400,SYNPCC7002_RS01990,0.0981266189757179
SYNPCC7002_RS05135,SYNPCC7002_RS03660,0.0981262871598042
SYNPCC7002_RS04780,SYNPCC7002_RS09830,0.0981244002389571
SYNPCC7002_RS05460,SYNPCC7002_RS04760,0.0981172785384317
SYNPCC7002_RS12395,SYNPCC7002_RS05195,0.0980896413655625
SYNPCC7002_RS04650,SYNPCC7002_RS02635,0.09808417776344
SYNPCC7002_RS05460,SYNPCC7002_RS15485,0.0980278812511585
SYNPCC7002_RS15680,SYNPCC7002_RS02600,0.0980040483893187
SYNPCC7002_RS14385,SYNPCC7002_RS14365,0.0979995657261351
SYNPCC7002_RS11685,SYNPCC7002_RS05550,0.0979982561600425
SYNPCC7002_RS07295,SYNPCC7002_RS08900,0.0979782453000826
SYNPCC7002_RS04780,SYNPCC7002_RS02985,0.0979762806454223
SYNPCC7002_RS05135,SYNPCC7002_RS05150,0.0979545698109978
SYNPCC7002_RS05135,SYNPCC7002_RS01925,0.0979481656471912
SYNPCC7002_RS04680,SYNPCC7002_RS10405,0.0979293737150708
SYNPCC7002_RS09780,SYNPCC7002_RS16850,0.0979031407262134
SYNPCC7002_RS08965,SYNPCC7002_RS02115,0.0978906203473302
SYNPCC7002_RS05135,SYNPCC7002_RS07745,0.0978722830062992
SYNPCC7002_RS08210,SYNPCC7002_RS17235,0.0978714032674559
SYNPCC7002_RS02715,SYNPCC7002_RS16835,0.0978704970364182
SYNPCC7002_RS03295,SYNPCC7002_RS14350,0.0978636790057194
SYNPCC7002_RS12395,SYNPCC7002_RS05310,0.0978592393042154
SYNPCC7002_RS12395,SYNPCC7002_RS16940,0.0978486150726452
SYNPCC7002_RS08860,SYNPCC7002_RS15240,0.097846625433797
SYNPCC7002_RS09845,SYNPCC7002_RS04990,0.0978451767367425
SYNPCC7002_RS01335,SYNPCC7002_RS10770,0.0978363822803735
SYNPCC7002_RS10050,SYNPCC7002_RS01325,0.0978290116078709
SYNPCC7002_RS11400,SYNPCC7002_RS11395,0.0978231225233312
SYNPCC7002_RS10050,SYNPCC7002_RS05655,0.0978140374908164
SYNPCC7002_RS15255,SYNPCC7002_RS02065,0.0978069147816874
SYNPCC7002_RS10050,SYNPCC7002_RS04315,0.0978066299663877
SYNPCC7002_RS08965,SYNPCC7002_RS10730,0.097803579835239
SYNPCC7002_RS16160,SYNPCC7002_RS16125,0.0977892656227095
SYNPCC7002_RS04250,SYNPCC7002_RS05390,0.0977855396347386
SYNPCC7002_RS06540,SYNPCC7002_RS12220,0.0977634675618029
SYNPCC7002_RS15680,SYNPCC7002_RS06555,0.0977406379198559
SYNPCC7002_RS01335,SYNPCC7002_RS01100,0.0977271623822498
SYNPCC7002_RS12395,SYNPCC7002_RS11585,0.0977106734586067
SYNPCC7002_RS15680,SYNPCC7002_RS15160,0.0976972682588906
SYNPCC7002_RS09820,SYNPCC7002_RS00415,0.0976970601260401
SYNPCC7002_RS03295,SYNPCC7002_RS01950,0.0976874632540885
SYNPCC7002_RS14385,SYNPCC7002_RS14375,0.0976770987654185
SYNPCC7002_RS06005,SYNPCC7002_RS07135,0.097674404062941
SYNPCC7002_RS07385,SYNPCC7002_RS11930,0.0976604980586278
SYNPCC7002_RS04890,SYNPCC7002_RS09025,0.0976472758490168
SYNPCC7002_RS05985,SYNPCC7002_RS13255,0.0976413722252272
SYNPCC7002_RS15520,SYNPCC7002_RS12030,0.0976285371080137
SYNPCC7002_RS08390,SYNPCC7002_RS05915,0.0976069170448978
SYNPCC7002_RS05460,SYNPCC7002_RS12310,0.0976010867659762
SYNPCC7002_RS14790,SYNPCC7002_RS13910,0.0975884246400846
SYNPCC7002_RS05135,SYNPCC7002_RS00370,0.0975867067336378
SYNPCC7002_RS15680,SYNPCC7002_RS04835,0.0975844962290544
SYNPCC7002_RS11400,SYNPCC7002_RS12390,0.0975591810069658
SYNPCC7002_RS15520,SYNPCC7002_RS17180,0.0975183707720005
SYNPCC7002_RS14385,SYNPCC7002_RS14395,0.0975147146387672
SYNPCC7002_RS05135,SYNPCC7002_RS13615,0.0974782715331425
SYNPCC7002_RS00260,SYNPCC7002_RS00245,0.0974591800135265
SYNPCC7002_RS06150,SYNPCC7002_RS06795,0.097457105108719
SYNPCC7002_RS04780,SYNPCC7002_RS14970,0.0974441427440875
SYNPCC7002_RS10050,SYNPCC7002_RS10165,0.0974401107896271
SYNPCC7002_RS05985,SYNPCC7002_RS16470,0.097438819093116
SYNPCC7002_RS15680,SYNPCC7002_RS15330,0.0974228650769343
SYNPCC7002_RS03295,SYNPCC7002_RS00035,0.0974201784250286
SYNPCC7002_RS09820,SYNPCC7002_RS05660,0.0973878904112005
SYNPCC7002_RS08255,SYNPCC7002_RS04885,0.0973671512014564
SYNPCC7002_RS04890,SYNPCC7002_RS04840,0.0973615452344247
SYNPCC7002_RS05985,SYNPCC7002_RS00050,0.0973410113019495
SYNPCC7002_RS04650,SYNPCC7002_RS00185,0.097308759591007
SYNPCC7002_RS08390,SYNPCC7002_RS07040,0.0972841865424645
SYNPCC7002_RS08965,SYNPCC7002_RS03570,0.0972783595940112
SYNPCC7002_RS15680,SYNPCC7002_RS02040,0.0972592090642598
SYNPCC7002_RS05460,SYNPCC7002_RS16455,0.0972586715994647
SYNPCC7002_RS10050,SYNPCC7002_RS09825,0.0972488484225673
SYNPCC7002_RS04890,SYNPCC7002_RS13530,0.0972406845731262
SYNPCC7002_RS06540,SYNPCC7002_RS08560,0.0972403359227833
SYNPCC7002_RS09630,SYNPCC7002_RS00085,0.0972369983487223
SYNPCC7002_RS14440,SYNPCC7002_RS14430,0.0972060595748146
SYNPCC7002_RS10050,SYNPCC7002_RS10890,0.0972032937414562
SYNPCC7002_RS09630,SYNPCC7002_RS14575,0.0971569613860111
SYNPCC7002_RS01420,SYNPCC7002_RS09880,0.0971514686837806
SYNPCC7002_RS05135,SYNPCC7002_RS16370,0.097142461229602
SYNPCC7002_RS05135,SYNPCC7002_RS09790,0.0971292748327907
SYNPCC7002_RS09820,SYNPCC7002_RS04940,0.0971246808987961
SYNPCC7002_RS11400,SYNPCC7002_RS03470,0.0971185294331166
SYNPCC7002_RS04250,SYNPCC7002_RS08795,0.0971100711102028
SYNPCC7002_RS02455,SYNPCC7002_RS10085,0.0971054857154373
SYNPCC7002_RS04780,SYNPCC7002_RS04690,0.0971049144917187
SYNPCC7002_RS10050,SYNPCC7002_RS09905,0.097095436519832
SYNPCC7002_RS15680,SYNPCC7002_RS05680,0.0970585388031999
SYNPCC7002_RS05135,SYNPCC7002_RS07770,0.0970555797717489
SYNPCC7002_RS05460,SYNPCC7002_RS02510,0.0970272355249565
SYNPCC7002_RS08965,SYNPCC7002_RS03590,0.0970162023940712
SYNPCC7002_RS04680,SYNPCC7002_RS02625,0.0970082084912083
SYNPCC7002_RS09630,SYNPCC7002_RS00970,0.0969785765276605
SYNPCC7002_RS08390,SYNPCC7002_RS03840,0.0969771581603078
SYNPCC7002_RS06150,SYNPCC7002_RS12195,0.09697244539958
SYNPCC7002_RS05135,SYNPCC7002_RS05240,0.0969711894628467
SYNPCC7002_RS03030,SYNPCC7002_RS07035,0.0969462312658655
SYNPCC7002_RS09630,SYNPCC7002_RS14570,0.0969420377386141
SYNPCC7002_RS01800,SYNPCC7002_RS06305,0.0969347836484303
SYNPCC7002_RS08175,SYNPCC7002_RS00620,0.0968788414390081
SYNPCC7002_RS01800,SYNPCC7002_RS02315,0.0968767269782304
SYNPCC7002_RS09780,SYNPCC7002_RS14730,0.0968763688135525
SYNPCC7002_RS05985,SYNPCC7002_RS16440,0.0968460404509615
SYNPCC7002_RS05135,SYNPCC7002_RS03425,0.0968445762029381
SYNPCC7002_RS02455,SYNPCC7002_RS13985,0.0968417619730247
SYNPCC7002_RS15720,SYNPCC7002_RS15325,0.096839161377148
SYNPCC7002_RS01335,SYNPCC7002_RS06310,0.0968389184408998
SYNPCC7002_RS10050,SYNPCC7002_RS01040,0.096805480424233
SYNPCC7002_RS05985,SYNPCC7002_RS15165,0.0967818039604591
SYNPCC7002_RS09780,SYNPCC7002_RS04380,0.096737157727856
SYNPCC7002_RS09780,SYNPCC7002_RS11095,0.096715902200246
SYNPCC7002_RS08965,SYNPCC7002_RS02885,0.0966627333651917
SYNPCC7002_RS07385,SYNPCC7002_RS00220,0.0966626950701992
SYNPCC7002_RS05135,SYNPCC7002_RS02790,0.0966562007644914
SYNPCC7002_RS00260,SYNPCC7002_RS08530,0.096627109758511
SYNPCC7002_RS07385,SYNPCC7002_RS08700,0.0966134684976156
SYNPCC7002_RS10050,SYNPCC7002_RS09410,0.0966117232527299
SYNPCC7002_RS05985,SYNPCC7002_RS01900,0.0966064396774918
SYNPCC7002_RS10050,SYNPCC7002_RS03510,0.0966048468933467
SYNPCC7002_RS05135,SYNPCC7002_RS03385,0.0966006124894497
SYNPCC7002_RS02715,SYNPCC7002_RS13885,0.0965954253868467
SYNPCC7002_RS05460,SYNPCC7002_RS11375,0.0965630232168182
SYNPCC7002_RS08965,SYNPCC7002_RS01290,0.0965604374980094
SYNPCC7002_RS09630,SYNPCC7002_RS05690,0.0965409225688962
SYNPCC7002_RS10050,SYNPCC7002_RS08890,0.0965249903704619
SYNPCC7002_RS12395,SYNPCC7002_RS04535,0.0964948235444659
SYNPCC7002_RS08965,SYNPCC7002_RS03850,0.096486482007403
SYNPCC7002_RS06150,SYNPCC7002_RS15780,0.0964852358124162
SYNPCC7002_RS06540,SYNPCC7002_RS12875,0.0964683846297183
SYNPCC7002_RS11400,SYNPCC7002_RS09325,0.0964515899257363
SYNPCC7002_RS09320,SYNPCC7002_RS02690,0.09644753588391
SYNPCC7002_RS04890,SYNPCC7002_RS00550,0.0964326363258519
SYNPCC7002_RS05135,SYNPCC7002_RS11345,0.0964078464500883
SYNPCC7002_RS08175,SYNPCC7002_RS10760,0.0963982090326699
SYNPCC7002_RS08175,SYNPCC7002_RS03400,0.0963878582134596
SYNPCC7002_RS11685,SYNPCC7002_RS08060,0.0963865801120012
SYNPCC7002_RS05460,SYNPCC7002_RS04310,0.0963516466739117
SYNPCC7002_RS15520,SYNPCC7002_RS04790,0.0963513546940826
SYNPCC7002_RS05985,SYNPCC7002_RS17015,0.0963359159928421
SYNPCC7002_RS05985,SYNPCC7002_RS17025,0.0963327239496142
SYNPCC7002_RS15030,SYNPCC7002_RS14985,0.0963245507879509
SYNPCC7002_RS04250,SYNPCC7002_RS10895,0.096303498856924
SYNPCC7002_RS08255,SYNPCC7002_RS06450,0.096300387750016
SYNPCC7002_RS01335,SYNPCC7002_RS10525,0.0962709280725884
SYNPCC7002_RS09420,SYNPCC7002_RS09565,0.0962689914297839
SYNPCC7002_RS15255,SYNPCC7002_RS15315,0.0962640776188741
SYNPCC7002_RS15520,SYNPCC7002_RS14130,0.0962618486665171
SYNPCC7002_RS08390,SYNPCC7002_RS09820,0.0962509993700444
SYNPCC7002_RS15680,SYNPCC7002_RS08405,0.0962459165908652
SYNPCC7002_RS08255,SYNPCC7002_RS00705,0.0962315674204121
SYNPCC7002_RS04250,SYNPCC7002_RS14235,0.0962303944713162
SYNPCC7002_RS00260,SYNPCC7002_RS08535,0.096229878674225
SYNPCC7002_RS03760,SYNPCC7002_RS02955,0.0961824275157675
SYNPCC7002_RS12395,SYNPCC7002_RS10280,0.0961673074327647
SYNPCC7002_RS01335,SYNPCC7002_RS05915,0.0961631759174184
SYNPCC7002_RS09630,SYNPCC7002_RS11720,0.0961580287814246
SYNPCC7002_RS02455,SYNPCC7002_RS11870,0.0961356484959339
SYNPCC7002_RS09195,SYNPCC7002_RS03635,0.09612002376178
SYNPCC7002_RS08965,SYNPCC7002_RS10485,0.096100702260144
SYNPCC7002_RS01800,SYNPCC7002_RS09150,0.0960769256482267
SYNPCC7002_RS05135,SYNPCC7002_RS13315,0.0960701708582272
SYNPCC7002_RS05135,SYNPCC7002_RS07645,0.0960533397206599
SYNPCC7002_RS10145,SYNPCC7002_RS04455,0.096044955920746
SYNPCC7002_RS01420,SYNPCC7002_RS07750,0.0960397939666571
SYNPCC7002_RS06540,SYNPCC7002_RS11615,0.0960367966308391
SYNPCC7002_RS01335,SYNPCC7002_RS09440,0.0960245156999809
SYNPCC7002_RS12395,SYNPCC7002_RS01830,0.0959810566248624
SYNPCC7002_RS04680,SYNPCC7002_RS08495,0.0959329576413601
SYNPCC7002_RS15680,SYNPCC7002_RS16060,0.0959048447568274
SYNPCC7002_RS05135,SYNPCC7002_RS03290,0.095891746848059
SYNPCC7002_RS09780,SYNPCC7002_RS13960,0.0958730486686753
SYNPCC7002_RS01420,SYNPCC7002_RS06570,0.0958698013232719
SYNPCC7002_RS02715,SYNPCC7002_RS14830,0.0958516306551629
SYNPCC7002_RS05135,SYNPCC7002_RS05230,0.0958350135074778
SYNPCC7002_RS15255,SYNPCC7002_RS15880,0.0958325927200029
SYNPCC7002_RS09995,SYNPCC7002_RS04025,0.0958034319743273
SYNPCC7002_RS12105,SYNPCC7002_RS12775,0.0957878864808312
SYNPCC7002_RS11400,SYNPCC7002_RS01610,0.095786491912649
SYNPCC7002_RS05135,SYNPCC7002_RS08305,0.0957772716883242
SYNPCC7002_RS12395,SYNPCC7002_RS05405,0.0957771493082285
SYNPCC7002_RS14385,SYNPCC7002_RS14440,0.0957698405299893
SYNPCC7002_RS05135,SYNPCC7002_RS01745,0.0957579587937978
SYNPCC7002_RS14385,SYNPCC7002_RS16505,0.095730282911505
SYNPCC7002_RS05135,SYNPCC7002_RS07810,0.0957019426653085
SYNPCC7002_RS05135,SYNPCC7002_RS03665,0.0956927771103078
SYNPCC7002_RS04650,SYNPCC7002_RS05475,0.0956476670483833
SYNPCC7002_RS04780,SYNPCC7002_RS11380,0.0956369575784739
SYNPCC7002_RS12395,SYNPCC7002_RS01745,0.0956362781030438
SYNPCC7002_RS01420,SYNPCC7002_RS04485,0.0956112697407837
SYNPCC7002_RS01420,SYNPCC7002_RS16960,0.0955902461942383
SYNPCC7002_RS05460,SYNPCC7002_RS14415,0.095571306613971
SYNPCC7002_RS01420,SYNPCC7002_RS05280,0.0955551187849709
SYNPCC7002_RS04890,SYNPCC7002_RS06580,0.0955486706083674
SYNPCC7002_RS00650,SYNPCC7002_RS04465,0.0955328446286767
SYNPCC7002_RS04650,SYNPCC7002_RS12020,0.09551535802654
SYNPCC7002_RS05135,SYNPCC7002_RS05235,0.0954908169922727
SYNPCC7002_RS05985,SYNPCC7002_RS12815,0.0954859238584749
SYNPCC7002_RS12395,SYNPCC7002_RS14010,0.0954850334525425
SYNPCC7002_RS01335,SYNPCC7002_RS15955,0.0954761228603851
SYNPCC7002_RS05135,SYNPCC7002_RS11325,0.0954639256118134
SYNPCC7002_RS02715,SYNPCC7002_RS05265,0.0954508286048246
SYNPCC7002_RS01420,SYNPCC7002_RS16510,0.09544889749787
SYNPCC7002_RS09320,SYNPCC7002_RS04075,0.0954347636173605
SYNPCC7002_RS04250,SYNPCC7002_RS06075,0.0954271698921656
SYNPCC7002_RS04890,SYNPCC7002_RS10275,0.0954262383075804
SYNPCC7002_RS10050,SYNPCC7002_RS14400,0.0954205404557375
SYNPCC7002_RS15255,SYNPCC7002_RS13185,0.0954175277155364
SYNPCC7002_RS09820,SYNPCC7002_RS14715,0.0954043705620132
SYNPCC7002_RS09820,SYNPCC7002_RS05160,0.0954041337858666
SYNPCC7002_RS09320,SYNPCC7002_RS09595,0.0953933784568045
SYNPCC7002_RS05135,SYNPCC7002_RS04640,0.0953928786483285
SYNPCC7002_RS05985,SYNPCC7002_RS11160,0.0953884823692401
SYNPCC7002_RS04680,SYNPCC7002_RS12530,0.0953853821534771
SYNPCC7002_RS12395,SYNPCC7002_RS12185,0.0953758284024267
SYNPCC7002_RS12515,SYNPCC7002_RS10035,0.0953609011642618
SYNPCC7002_RS08390,SYNPCC7002_RS00480,0.0953568778833568
SYNPCC7002_RS04250,SYNPCC7002_RS04855,0.0953419091851979
SYNPCC7002_RS04890,SYNPCC7002_RS02425,0.0953071409592434
SYNPCC7002_RS12395,SYNPCC7002_RS06585,0.0953069579590787
SYNPCC7002_RS05135,SYNPCC7002_RS15055,0.0953006078958318
SYNPCC7002_RS05985,SYNPCC7002_RS12070,0.0952887684915772
SYNPCC7002_RS08210,SYNPCC7002_RS01260,0.0952839431358202
SYNPCC7002_RS04780,SYNPCC7002_RS05630,0.0952667173225982
SYNPCC7002_RS01420,SYNPCC7002_RS01545,0.0952621783972601
SYNPCC7002_RS10050,SYNPCC7002_RS11325,0.0952606514836732
SYNPCC7002_RS09780,SYNPCC7002_RS07565,0.0952587645682873
SYNPCC7002_RS16160,SYNPCC7002_RS16715,0.0952572232377898
SYNPCC7002_RS08175,SYNPCC7002_RS11445,0.0952546510831824
SYNPCC7002_RS05135,SYNPCC7002_RS03465,0.095232904161959
SYNPCC7002_RS03295,SYNPCC7002_RS01015,0.095229517892286
SYNPCC7002_RS09320,SYNPCC7002_RS02200,0.0952288518403769
SYNPCC7002_RS04890,SYNPCC7002_RS01795,0.0951879558357434
SYNPCC7002_RS08965,SYNPCC7002_RS04450,0.0951653825597315
SYNPCC7002_RS11685,SYNPCC7002_RS11235,0.0951650183449624
SYNPCC7002_RS09995,SYNPCC7002_RS02115,0.0951562071377825
SYNPCC7002_RS12515,SYNPCC7002_RS03515,0.0951390217619187
SYNPCC7002_RS00650,SYNPCC7002_RS02445,0.0951352788208953
SYNPCC7002_RS08945,SYNPCC7002_RS12130,0.0951173739815456
SYNPCC7002_RS14385,SYNPCC7002_RS14445,0.0951148419177682
SYNPCC7002_RS04780,SYNPCC7002_RS07040,0.0951142308520404
SYNPCC7002_RS02455,SYNPCC7002_RS11675,0.0951020260027383
SYNPCC7002_RS04780,SYNPCC7002_RS15815,0.0950882025250112
SYNPCC7002_RS03950,SYNPCC7002_RS15125,0.0950613784353884
SYNPCC7002_RS10050,SYNPCC7002_RS12435,0.0950526308975611
SYNPCC7002_RS05460,SYNPCC7002_RS10215,0.095042903728044
SYNPCC7002_RS04890,SYNPCC7002_RS12690,0.0950192288546179
SYNPCC7002_RS03295,SYNPCC7002_RS03325,0.095018977791291
SYNPCC7002_RS12395,SYNPCC7002_RS08155,0.0950062175626875
SYNPCC7002_RS08390,SYNPCC7002_RS16620,0.094992536601442
SYNPCC7002_RS09820,SYNPCC7002_RS04050,0.0949868826684852
SYNPCC7002_RS15680,SYNPCC7002_RS05350,0.0949739169415759
SYNPCC7002_RS07385,SYNPCC7002_RS02455,0.0949558346277584
SYNPCC7002_RS07385,SYNPCC7002_RS10585,0.0949447021230592
SYNPCC7002_RS12395,SYNPCC7002_RS07775,0.0949358520472763
SYNPCC7002_RS01420,SYNPCC7002_RS12240,0.0949065594159065
SYNPCC7002_RS04780,SYNPCC7002_RS04695,0.0948947474004494
SYNPCC7002_RS01335,SYNPCC7002_RS02030,0.0948889945178488
SYNPCC7002_RS09320,SYNPCC7002_RS11215,0.0948878833552722
SYNPCC7002_RS09820,SYNPCC7002_RS15540,0.094881312132489
SYNPCC7002_RS01800,SYNPCC7002_RS10205,0.0948777807931644
SYNPCC7002_RS04250,SYNPCC7002_RS09110,0.0948689872900504
SYNPCC7002_RS04890,SYNPCC7002_RS05100,0.0948551516623333
SYNPCC7002_RS14790,SYNPCC7002_RS12195,0.0948274396262191
SYNPCC7002_RS06150,SYNPCC7002_RS07430,0.0948231939406411
SYNPCC7002_RS03295,SYNPCC7002_RS14340,0.0948123988653694
SYNPCC7002_RS02715,SYNPCC7002_RS04760,0.0947875619778003
SYNPCC7002_RS11400,SYNPCC7002_RS13870,0.0947860125876096
SYNPCC7002_RS10050,SYNPCC7002_RS00820,0.0947590472794169
SYNPCC7002_RS10050,SYNPCC7002_RS07115,0.0947584569514371
SYNPCC7002_RS00690,SYNPCC7002_RS07095,0.0947506070928336
SYNPCC7002_RS12090,SYNPCC7002_RS06600,0.0947436389541754
SYNPCC7002_RS11685,SYNPCC7002_RS08550,0.0947366568803593
SYNPCC7002_RS08390,SYNPCC7002_RS13965,0.0947329130806329
SYNPCC7002_RS01420,SYNPCC7002_RS11850,0.094730586437619
SYNPCC7002_RS12395,SYNPCC7002_RS00170,0.0947151654389466
SYNPCC7002_RS03030,SYNPCC7002_RS02525,0.0947005035942182
SYNPCC7002_RS08210,SYNPCC7002_RS05575,0.0946917643744289
SYNPCC7002_RS14440,SYNPCC7002_RS16785,0.0946895369988203
SYNPCC7002_RS00260,SYNPCC7002_RS15860,0.0946883890191468
SYNPCC7002_RS04650,SYNPCC7002_RS06285,0.0946841171422048
SYNPCC7002_RS14440,SYNPCC7002_RS13940,0.0946801281896347
SYNPCC7002_RS08965,SYNPCC7002_RS03225,0.0946592134821366
SYNPCC7002_RS08255,SYNPCC7002_RS07055,0.0946499231545255
SYNPCC7002_RS05985,SYNPCC7002_RS11250,0.0946477090810273
SYNPCC7002_RS00690,SYNPCC7002_RS08235,0.0946333995573258
SYNPCC7002_RS05985,SYNPCC7002_RS00825,0.0946112732144479
SYNPCC7002_RS09630,SYNPCC7002_RS15850,0.0945943802091851
SYNPCC7002_RS04780,SYNPCC7002_RS08340,0.0945818857613601
SYNPCC7002_RS05985,SYNPCC7002_RS00175,0.0945762574872765
SYNPCC7002_RS14440,SYNPCC7002_RS09860,0.0945726712602817
SYNPCC7002_RS10050,SYNPCC7002_RS07585,0.0945717554341394
SYNPCC7002_RS11685,SYNPCC7002_RS02100,0.0945662102270686
SYNPCC7002_RS04650,SYNPCC7002_RS14920,0.0945580536436849
SYNPCC7002_RS04250,SYNPCC7002_RS04860,0.0945246169749542
SYNPCC7002_RS09630,SYNPCC7002_RS06325,0.0945232978889418
SYNPCC7002_RS04780,SYNPCC7002_RS06875,0.0945129152139802
SYNPCC7002_RS15520,SYNPCC7002_RS02625,0.0945128333993889
SYNPCC7002_RS03030,SYNPCC7002_RS01600,0.094497304211467
SYNPCC7002_RS00690,SYNPCC7002_RS02645,0.0944908076748634
SYNPCC7002_RS06150,SYNPCC7002_RS00695,0.0944880494564027
SYNPCC7002_RS15520,SYNPCC7002_RS05565,0.0944824115137258
SYNPCC7002_RS02715,SYNPCC7002_RS05655,0.0944729348150624
SYNPCC7002_RS15520,SYNPCC7002_RS14915,0.094464071063463
SYNPCC7002_RS09995,SYNPCC7002_RS08480,0.0944569716857785
SYNPCC7002_RS04250,SYNPCC7002_RS13955,0.094452519016798
SYNPCC7002_RS09630,SYNPCC7002_RS11560,0.0944489906499096
SYNPCC7002_RS08945,SYNPCC7002_RS07370,0.0944356329285583
SYNPCC7002_RS01800,SYNPCC7002_RS08760,0.0944338819381362
SYNPCC7002_RS05460,SYNPCC7002_RS16835,0.0944297424769842
SYNPCC7002_RS03030,SYNPCC7002_RS04925,0.094419966487802
SYNPCC7002_RS09820,SYNPCC7002_RS12790,0.0944178421212261
SYNPCC7002_RS04650,SYNPCC7002_RS02785,0.094413456017589
SYNPCC7002_RS10145,SYNPCC7002_RS09950,0.09437943102546
SYNPCC7002_RS12395,SYNPCC7002_RS07835,0.0943701935829003
SYNPCC7002_RS02715,SYNPCC7002_RS11860,0.0943606511708464
SYNPCC7002_RS08965,SYNPCC7002_RS11830,0.0943524252506125
SYNPCC7002_RS08175,SYNPCC7002_RS09150,0.0943458711177537
SYNPCC7002_RS15410,SYNPCC7002_RS07635,0.0943448361740225
SYNPCC7002_RS08945,SYNPCC7002_RS09115,0.0943100931846337
SYNPCC7002_RS08965,SYNPCC7002_RS03755,0.0943043890529192
SYNPCC7002_RS08945,SYNPCC7002_RS10090,0.0943030694182361
SYNPCC7002_RS04290,SYNPCC7002_RS13500,0.0942882815335687
SYNPCC7002_RS04650,SYNPCC7002_RS00350,0.0942776522771556
SYNPCC7002_RS01335,SYNPCC7002_RS09235,0.0942770094833469
SYNPCC7002_RS10050,SYNPCC7002_RS05090,0.0942606927826394
SYNPCC7002_RS05460,SYNPCC7002_RS14330,0.0942522265299758
SYNPCC7002_RS08965,SYNPCC7002_RS07375,0.0942425836655619
SYNPCC7002_RS15520,SYNPCC7002_RS15575,0.0942318326989377
SYNPCC7002_RS05460,SYNPCC7002_RS15435,0.0942244027843735
SYNPCC7002_RS03950,SYNPCC7002_RS16315,0.0942217825632917
SYNPCC7002_RS02715,SYNPCC7002_RS04310,0.0942187079959892
SYNPCC7002_RS11685,SYNPCC7002_RS12405,0.0941952750500209
SYNPCC7002_RS10050,SYNPCC7002_RS01170,0.0941930842517424
SYNPCC7002_RS12395,SYNPCC7002_RS11000,0.0941877454914684
SYNPCC7002_RS08965,SYNPCC7002_RS11680,0.0941863650576276
SYNPCC7002_RS11400,SYNPCC7002_RS09230,0.0941686493974346
SYNPCC7002_RS04250,SYNPCC7002_RS05385,0.0941675160568436
SYNPCC7002_RS00640,SYNPCC7002_RS00750,0.0941584985922884
SYNPCC7002_RS12395,SYNPCC7002_RS05205,0.0941253815325048
SYNPCC7002_RS15680,SYNPCC7002_RS06460,0.0941189815967621
SYNPCC7002_RS10050,SYNPCC7002_RS05210,0.094113843704779
SYNPCC7002_RS01335,SYNPCC7002_RS07405,0.0941133914902862
SYNPCC7002_RS00650,SYNPCC7002_RS13375,0.0941087917477348
SYNPCC7002_RS04890,SYNPCC7002_RS10040,0.0940908830259751
SYNPCC7002_RS15255,SYNPCC7002_RS15710,0.0940888420653535
SYNPCC7002_RS08965,SYNPCC7002_RS10440,0.0940619639842074
SYNPCC7002_RS04250,SYNPCC7002_RS00280,0.0940559307778873
SYNPCC7002_RS09630,SYNPCC7002_RS14005,0.0940488016389702
SYNPCC7002_RS08945,SYNPCC7002_RS07200,0.0940235410661273
SYNPCC7002_RS09820,SYNPCC7002_RS05460,0.0940087543357614
SYNPCC7002_RS04780,SYNPCC7002_RS13970,0.0939965115769874
SYNPCC7002_RS03950,SYNPCC7002_RS15075,0.0939860848054855
SYNPCC7002_RS05135,SYNPCC7002_RS06080,0.093965705979936
SYNPCC7002_RS08390,SYNPCC7002_RS00395,0.0939511393419027
SYNPCC7002_RS04250,SYNPCC7002_RS11115,0.0939214390281451
SYNPCC7002_RS05135,SYNPCC7002_RS04890,0.093889696406071
SYNPCC7002_RS05985,SYNPCC7002_RS02360,0.0938765062673656
SYNPCC7002_RS04680,SYNPCC7002_RS08460,0.0938739852443614
SYNPCC7002_RS01800,SYNPCC7002_RS11050,0.0938577768109519
SYNPCC7002_RS15255,SYNPCC7002_RS16655,0.0938432140756901
SYNPCC7002_RS09780,SYNPCC7002_RS17175,0.093817049146424
SYNPCC7002_RS05135,SYNPCC7002_RS05260,0.0938104409676878
SYNPCC7002_RS09780,SYNPCC7002_RS01830,0.0937984150922135
SYNPCC7002_RS03295,SYNPCC7002_RS15490,0.0937778186986313
SYNPCC7002_RS10050,SYNPCC7002_RS07605,0.0937727042065072
SYNPCC7002_RS04680,SYNPCC7002_RS00300,0.0937704347910355
SYNPCC7002_RS04650,SYNPCC7002_RS12695,0.0937565556404542
SYNPCC7002_RS09630,SYNPCC7002_RS15930,0.0937438078953261
SYNPCC7002_RS04890,SYNPCC7002_RS13535,0.0937423741337748
SYNPCC7002_RS04780,SYNPCC7002_RS14975,0.0937310535279546
SYNPCC7002_RS12515,SYNPCC7002_RS10790,0.0937261143458564
SYNPCC7002_RS07295,SYNPCC7002_RS05785,0.0937102437364543
SYNPCC7002_RS05135,SYNPCC7002_RS07625,0.0937016735609191
SYNPCC7002_RS15410,SYNPCC7002_RS07660,0.0936889579890422
SYNPCC7002_RS10050,SYNPCC7002_RS02815,0.0936845530734815
SYNPCC7002_RS04890,SYNPCC7002_RS12725,0.093672284402328
SYNPCC7002_RS05135,SYNPCC7002_RS05590,0.0936702967949675
SYNPCC7002_RS09820,SYNPCC7002_RS08810,0.0936594245178386
SYNPCC7002_RS16320,SYNPCC7002_RS13175,0.0936590435481172
SYNPCC7002_RS08965,SYNPCC7002_RS00845,0.0936437493812426
SYNPCC7002_RS04890,SYNPCC7002_RS00425,0.0936387712107465
SYNPCC7002_RS09195,SYNPCC7002_RS13440,0.0936226851942391
SYNPCC7002_RS08210,SYNPCC7002_RS14740,0.0936161770640462
SYNPCC7002_RS01420,SYNPCC7002_RS07140,0.0935823353132103
SYNPCC7002_RS04890,SYNPCC7002_RS06175,0.093555517008598
SYNPCC7002_RS03030,SYNPCC7002_RS03570,0.0935430936293038
SYNPCC7002_RS05460,SYNPCC7002_RS00580,0.0935364655120497
SYNPCC7002_RS05135,SYNPCC7002_RS10950,0.0935284973684723
SYNPCC7002_RS08860,SYNPCC7002_RS12565,0.093525876611294
SYNPCC7002_RS04890,SYNPCC7002_RS03540,0.0935147315248915
SYNPCC7002_RS02455,SYNPCC7002_RS08940,0.0935099388479304
SYNPCC7002_RS09320,SYNPCC7002_RS16005,0.0934991342485505
SYNPCC7002_RS08255,SYNPCC7002_RS13105,0.0934759388527028
SYNPCC7002_RS09260,SYNPCC7002_RS03965,0.0934724859199979
SYNPCC7002_RS08965,SYNPCC7002_RS01390,0.0934660646980423
SYNPCC7002_RS03295,SYNPCC7002_RS12885,0.0934465013417419
SYNPCC7002_RS15680,SYNPCC7002_RS08435,0.0934326998284398
SYNPCC7002_RS02715,SYNPCC7002_RS13050,0.093422890482234
SYNPCC7002_RS08860,SYNPCC7002_RS09210,0.0934178035186224
SYNPCC7002_RS05985,SYNPCC7002_RS12775,0.0934096400405648
SYNPCC7002_RS09780,SYNPCC7002_RS11150,0.0934094249579739
SYNPCC7002_RS05460,SYNPCC7002_RS14350,0.0933982742566588
SYNPCC7002_RS08860,SYNPCC7002_RS17115,0.0933968526025254
SYNPCC7002_RS05985,SYNPCC7002_RS13395,0.0933940020834788
SYNPCC7002_RS09780,SYNPCC7002_RS17215,0.0933922699236123
SYNPCC7002_RS09630,SYNPCC7002_RS03160,0.093386203024634
SYNPCC7002_RS09630,SYNPCC7002_RS09240,0.0933813091058704
SYNPCC7002_RS02715,SYNPCC7002_RS02725,0.0933656276390367
SYNPCC7002_RS03950,SYNPCC7002_RS11195,0.0933624996449753
SYNPCC7002_RS05985,SYNPCC7002_RS08605,0.0933555088027504
SYNPCC7002_RS05135,SYNPCC7002_RS10765,0.0933547415072352
SYNPCC7002_RS00010,SYNPCC7002_RS08385,0.0933336997507422
SYNPCC7002_RS04890,SYNPCC7002_RS07940,0.0933326420158891
SYNPCC7002_RS09320,SYNPCC7002_RS03485,0.0933230566753779
SYNPCC7002_RS04250,SYNPCC7002_RS09525,0.0933206068730807
SYNPCC7002_RS00010,SYNPCC7002_RS16600,0.0933130058838502
SYNPCC7002_RS04650,SYNPCC7002_RS12585,0.0933125937533162
SYNPCC7002_RS04780,SYNPCC7002_RS11170,0.0933035416726767
SYNPCC7002_RS08965,SYNPCC7002_RS07050,0.0932881533526982
SYNPCC7002_RS11400,SYNPCC7002_RS13470,0.0932727706295394
SYNPCC7002_RS00650,SYNPCC7002_RS08125,0.0932603971781804
SYNPCC7002_RS09320,SYNPCC7002_RS10685,0.0932554748951573
SYNPCC7002_RS12395,SYNPCC7002_RS03060,0.0932516853760384
SYNPCC7002_RS03030,SYNPCC7002_RS07280,0.0932488590421341
SYNPCC7002_RS09320,SYNPCC7002_RS01790,0.0932367715702676
SYNPCC7002_RS05460,SYNPCC7002_RS14500,0.09320052856975
SYNPCC7002_RS05135,SYNPCC7002_RS16675,0.0931813523961043
SYNPCC7002_RS10050,SYNPCC7002_RS15080,0.0931513709497563
SYNPCC7002_RS12395,SYNPCC7002_RS02955,0.0931502493096152
SYNPCC7002_RS01335,SYNPCC7002_RS11200,0.0931361360454747
SYNPCC7002_RS01800,SYNPCC7002_RS01965,0.0931234201463557
SYNPCC7002_RS04780,SYNPCC7002_RS01215,0.0931140779134896
SYNPCC7002_RS08255,SYNPCC7002_RS00560,0.0931087242362766
SYNPCC7002_RS14440,SYNPCC7002_RS16310,0.0930976725476475
SYNPCC7002_RS04250,SYNPCC7002_RS01485,0.0930611258018701
SYNPCC7002_RS12395,SYNPCC7002_RS01695,0.0930456507934989
SYNPCC7002_RS15520,SYNPCC7002_RS00095,0.0930391172175924
SYNPCC7002_RS07385,SYNPCC7002_RS04710,0.093030259555926
SYNPCC7002_RS05135,SYNPCC7002_RS12985,0.09302706858213
SYNPCC7002_RS10525,SYNPCC7002_RS16205,0.0930197017029899
SYNPCC7002_RS12395,SYNPCC7002_RS07795,0.0930185237897205
SYNPCC7002_RS08965,SYNPCC7002_RS06560,0.0930066908924696
SYNPCC7002_RS04250,SYNPCC7002_RS11610,0.0930033719858741
SYNPCC7002_RS15030,SYNPCC7002_RS14995,0.0930026429803316
SYNPCC7002_RS06540,SYNPCC7002_RS10065,0.0929933488946734
SYNPCC7002_RS09780,SYNPCC7002_RS11460,0.09298913536687
SYNPCC7002_RS03030,SYNPCC7002_RS03375,0.092981229949356
SYNPCC7002_RS08965,SYNPCC7002_RS02730,0.0929732978487526
SYNPCC7002_RS16320,SYNPCC7002_RS15320,0.0929671894945232
SYNPCC7002_RS10050,SYNPCC7002_RS01945,0.0929450436504375
SYNPCC7002_RS15255,SYNPCC7002_RS15010,0.0929344624359193
SYNPCC7002_RS10050,SYNPCC7002_RS04950,0.0929305399920928
SYNPCC7002_RS08390,SYNPCC7002_RS14710,0.0929015633577131
SYNPCC7002_RS07295,SYNPCC7002_RS14880,0.0928974632185232
SYNPCC7002_RS10050,SYNPCC7002_RS03905,0.0928876276185967
SYNPCC7002_RS05985,SYNPCC7002_RS00360,0.0928717857445462
SYNPCC7002_RS05135,SYNPCC7002_RS16960,0.0928672745645727
SYNPCC7002_RS09995,SYNPCC7002_RS03755,0.0928643991269643
SYNPCC7002_RS03030,SYNPCC7002_RS04440,0.0928454280538084
SYNPCC7002_RS11400,SYNPCC7002_RS00115,0.0928395500588144
SYNPCC7002_RS05135,SYNPCC7002_RS03655,0.0928391662339542
SYNPCC7002_RS04780,SYNPCC7002_RS10580,0.0928165926273335
SYNPCC7002_RS02715,SYNPCC7002_RS01150,0.0927931439227708
SYNPCC7002_RS11685,SYNPCC7002_RS04535,0.0927492556769064
SYNPCC7002_RS10050,SYNPCC7002_RS14205,0.0927442652238439
SYNPCC7002_RS08390,SYNPCC7002_RS13690,0.0927420397887661
SYNPCC7002_RS12395,SYNPCC7002_RS11345,0.092740777269414
SYNPCC7002_RS11685,SYNPCC7002_RS02635,0.0927331386069213
SYNPCC7002_RS01335,SYNPCC7002_RS11420,0.092720364098338
SYNPCC7002_RS01800,SYNPCC7002_RS12885,0.0926839086993814
SYNPCC7002_RS15520,SYNPCC7002_RS11490,0.0926569776430166
SYNPCC7002_RS04650,SYNPCC7002_RS07195,0.0926533198057337
SYNPCC7002_RS05135,SYNPCC7002_RS04840,0.0926081963785307
SYNPCC7002_RS15995,SYNPCC7002_RS08025,0.092577977082045
SYNPCC7002_RS12395,SYNPCC7002_RS10765,0.0925725318251532
SYNPCC7002_RS08390,SYNPCC7002_RS12755,0.0925701331703156
SYNPCC7002_RS08965,SYNPCC7002_RS05635,0.0925646441005178
SYNPCC7002_RS08860,SYNPCC7002_RS08595,0.0925580914349598
SYNPCC7002_RS08390,SYNPCC7002_RS12215,0.0925578700943148
SYNPCC7002_RS10050,SYNPCC7002_RS14860,0.0925410286842774
SYNPCC7002_RS00690,SYNPCC7002_RS12600,0.0925089474310316
SYNPCC7002_RS08965,SYNPCC7002_RS04500,0.0925014512100353
SYNPCC7002_RS01335,SYNPCC7002_RS06110,0.0924757584407486
SYNPCC7002_RS05460,SYNPCC7002_RS05655,0.0924743790090033
SYNPCC7002_RS09820,SYNPCC7002_RS12995,0.0924309642917952
SYNPCC7002_RS07385,SYNPCC7002_RS03560,0.0924308549579687
SYNPCC7002_RS12395,SYNPCC7002_RS08060,0.0924127566457856
SYNPCC7002_RS08390,SYNPCC7002_RS04330,0.092392975530218
SYNPCC7002_RS09995,SYNPCC7002_RS02530,0.0923822785282282
SYNPCC7002_RS10050,SYNPCC7002_RS04410,0.0923808066651189
SYNPCC7002_RS10050,SYNPCC7002_RS15065,0.0923773927435254
SYNPCC7002_RS09820,SYNPCC7002_RS17140,0.0923394480137515
SYNPCC7002_RS08965,SYNPCC7002_RS04025,0.092333074321024
SYNPCC7002_RS03950,SYNPCC7002_RS13590,0.092326329176625
SYNPCC7002_RS12395,SYNPCC7002_RS05130,0.092316633072776
SYNPCC7002_RS08255,SYNPCC7002_RS05480,0.0923100204533295
SYNPCC7002_RS12395,SYNPCC7002_RS07575,0.0923082312670864
SYNPCC7002_RS09995,SYNPCC7002_RS01385,0.0923049186144
SYNPCC7002_RS04250,SYNPCC7002_RS09965,0.0922744989604423
SYNPCC7002_RS04650,SYNPCC7002_RS04855,0.092268163782608
SYNPCC7002_RS05460,SYNPCC7002_RS05115,0.0922596074910255
SYNPCC7002_RS05135,SYNPCC7002_RS07780,0.092253123206859
SYNPCC7002_RS08965,SYNPCC7002_RS10220,0.092243208122855
SYNPCC7002_RS04780,SYNPCC7002_RS08205,0.0922388537559961
SYNPCC7002_RS12395,SYNPCC7002_RS08555,0.0922361455638355
SYNPCC7002_RS05135,SYNPCC7002_RS04565,0.0922293286252794
SYNPCC7002_RS15255,SYNPCC7002_RS14800,0.0922109353400455
SYNPCC7002_RS04780,SYNPCC7002_RS05415,0.0922015744630288
SYNPCC7002_RS08255,SYNPCC7002_RS13035,0.0921935425480163
SYNPCC7002_RS03760,SYNPCC7002_RS06235,0.0921857179357582
SYNPCC7002_RS08965,SYNPCC7002_RS03015,0.0921759860386159
SYNPCC7002_RS06005,SYNPCC7002_RS03270,0.0921658428144225
SYNPCC7002_RS05460,SYNPCC7002_RS05150,0.0921484104981045
SYNPCC7002_RS03760,SYNPCC7002_RS13390,0.0921453151154395
SYNPCC7002_RS08945,SYNPCC7002_RS06285,0.0921434777203932
SYNPCC7002_RS07295,SYNPCC7002_RS15555,0.0921332993110471
SYNPCC7002_RS12395,SYNPCC7002_RS13670,0.092133095372438
SYNPCC7002_RS05135,SYNPCC7002_RS05255,0.0921260024537842
SYNPCC7002_RS01800,SYNPCC7002_RS13285,0.0921094871181195
SYNPCC7002_RS01335,SYNPCC7002_RS12360,0.0921065041300274
SYNPCC7002_RS05985,SYNPCC7002_RS13555,0.0921030807366241
SYNPCC7002_RS05135,SYNPCC7002_RS09575,0.0920937838046624
SYNPCC7002_RS04250,SYNPCC7002_RS03345,0.0920889872930901
SYNPCC7002_RS04780,SYNPCC7002_RS11710,0.0920779477945706
SYNPCC7002_RS00050,SYNPCC7002_RS16440,0.0920655605736037
SYNPCC7002_RS04250,SYNPCC7002_RS02795,0.0920632301145347
SYNPCC7002_RS01335,SYNPCC7002_RS04910,0.0920482179428091
SYNPCC7002_RS09780,SYNPCC7002_RS04095,0.0920464363847968
SYNPCC7002_RS09820,SYNPCC7002_RS11210,0.0920458442190392
SYNPCC7002_RS08945,SYNPCC7002_RS08615,0.0920323155357858
SYNPCC7002_RS03950,SYNPCC7002_RS11805,0.0920240907211143
SYNPCC7002_RS07385,SYNPCC7002_RS16020,0.0920203096345561
SYNPCC7002_RS06150,SYNPCC7002_RS08495,0.0920182206298388
SYNPCC7002_RS09995,SYNPCC7002_RS01380,0.0919883524942805
SYNPCC7002_RS07385,SYNPCC7002_RS06380,0.0919879064882003
SYNPCC7002_RS00260,SYNPCC7002_RS10380,0.0919845872876133
SYNPCC7002_RS05135,SYNPCC7002_RS16445,0.0919741254411542
SYNPCC7002_RS03030,SYNPCC7002_RS16190,0.0919614606116589
SYNPCC7002_RS05460,SYNPCC7002_RS14410,0.091931486098034
SYNPCC7002_RS14790,SYNPCC7002_RS04800,0.0919300787990994
SYNPCC7002_RS08390,SYNPCC7002_RS09625,0.0919282925356047
SYNPCC7002_RS04780,SYNPCC7002_RS08200,0.0919279444037348
SYNPCC7002_RS10050,SYNPCC7002_RS08520,0.0919271735705321
SYNPCC7002_RS12395,SYNPCC7002_RS16690,0.0919210237818347
SYNPCC7002_RS08945,SYNPCC7002_RS06275,0.0919030320258729
SYNPCC7002_RS08965,SYNPCC7002_RS06950,0.0918992989895269
SYNPCC7002_RS05135,SYNPCC7002_RS09305,0.0918918273660901
SYNPCC7002_RS14385,SYNPCC7002_RS13940,0.0918757765659988
SYNPCC7002_RS00050,SYNPCC7002_RS04520,0.0918427061531605
SYNPCC7002_RS08255,SYNPCC7002_RS12800,0.0918426748409179
SYNPCC7002_RS15995,SYNPCC7002_RS17055,0.0918382689782509
SYNPCC7002_RS09260,SYNPCC7002_RS00015,0.0918372596974647
SYNPCC7002_RS08965,SYNPCC7002_RS02690,0.0918275970644585
SYNPCC7002_RS01335,SYNPCC7002_RS01010,0.0918274080810797
SYNPCC7002_RS04650,SYNPCC7002_RS13955,0.0918270333222128
SYNPCC7002_RS04680,SYNPCC7002_RS15780,0.0917829105746167
SYNPCC7002_RS04890,SYNPCC7002_RS04620,0.0917681869413678
SYNPCC7002_RS08965,SYNPCC7002_RS08960,0.0917633111799508
SYNPCC7002_RS08390,SYNPCC7002_RS03220,0.0917556089062973
SYNPCC7002_RS08860,SYNPCC7002_RS03925,0.091744548478408
SYNPCC7002_RS05460,SYNPCC7002_RS16840,0.0917236232479368
SYNPCC7002_RS02715,SYNPCC7002_RS14855,0.0917138602653945
SYNPCC7002_RS04650,SYNPCC7002_RS00840,0.0917037153830492
SYNPCC7002_RS09780,SYNPCC7002_RS14755,0.0916907359546105
SYNPCC7002_RS05135,SYNPCC7002_RS08190,0.0916822490607536
SYNPCC7002_RS12395,SYNPCC7002_RS07945,0.0916670071032791
SYNPCC7002_RS01420,SYNPCC7002_RS07585,0.0916296772442607
SYNPCC7002_RS04890,SYNPCC7002_RS10595,0.0916272016690125
SYNPCC7002_RS08255,SYNPCC7002_RS16615,0.0916056872057421
SYNPCC7002_RS09320,SYNPCC7002_RS06480,0.0916008871836787
SYNPCC7002_RS04650,SYNPCC7002_RS11685,0.091590934605011
SYNPCC7002_RS04890,SYNPCC7002_RS03055,0.091587263669523
SYNPCC7002_RS00010,SYNPCC7002_RS14840,0.0915801510905669
SYNPCC7002_RS11685,SYNPCC7002_RS02990,0.0915766359152398
SYNPCC7002_RS15680,SYNPCC7002_RS05685,0.0915635556995069
SYNPCC7002_RS09630,SYNPCC7002_RS05675,0.0915590086343226
SYNPCC7002_RS08175,SYNPCC7002_RS03870,0.0915339174820359
SYNPCC7002_RS06150,SYNPCC7002_RS06800,0.0915320433310628
SYNPCC7002_RS04650,SYNPCC7002_RS12405,0.0915313568534108
SYNPCC7002_RS02715,SYNPCC7002_RS14165,0.0915239818985055
SYNPCC7002_RS08965,SYNPCC7002_RS04545,0.091516403690685
SYNPCC7002_RS09320,SYNPCC7002_RS11670,0.0915136876764239
SYNPCC7002_RS01800,SYNPCC7002_RS08880,0.0914988295246569
SYNPCC7002_RS07295,SYNPCC7002_RS07305,0.09149832448019
SYNPCC7002_RS05135,SYNPCC7002_RS09095,0.0914975308336911
SYNPCC7002_RS06540,SYNPCC7002_RS06710,0.0914911873657913
SYNPCC7002_RS00640,SYNPCC7002_RS03650,0.0914895156150838
SYNPCC7002_RS09780,SYNPCC7002_RS09975,0.0914858906098209
SYNPCC7002_RS12395,SYNPCC7002_RS05305,0.0914808393577568
SYNPCC7002_RS00640,SYNPCC7002_RS15590,0.0914695452035516
SYNPCC7002_RS12395,SYNPCC7002_RS12440,0.0914629351968305
SYNPCC7002_RS06150,SYNPCC7002_RS12865,0.0914617803935069
SYNPCC7002_RS08965,SYNPCC7002_RS02485,0.0914511350535799
SYNPCC7002_RS12515,SYNPCC7002_RS16210,0.091440170708862
SYNPCC7002_RS04890,SYNPCC7002_RS02090,0.0914293106838069
SYNPCC7002_RS09630,SYNPCC7002_RS08720,0.0914172819385149
SYNPCC7002_RS03760,SYNPCC7002_RS15150,0.0913817267950501
SYNPCC7002_RS15520,SYNPCC7002_RS11485,0.0913738677969894
SYNPCC7002_RS05135,SYNPCC7002_RS05175,0.0913679132301728
SYNPCC7002_RS05460,SYNPCC7002_RS09000,0.0913652084414185
SYNPCC7002_RS01420,SYNPCC7002_RS03095,0.0913386189775553
SYNPCC7002_RS00010,SYNPCC7002_RS01410,0.0913359433674723
SYNPCC7002_RS05135,SYNPCC7002_RS00545,0.0913332665223993
SYNPCC7002_RS10050,SYNPCC7002_RS02960,0.0913227294845088
SYNPCC7002_RS04680,SYNPCC7002_RS01715,0.0912844055764372
SYNPCC7002_RS02715,SYNPCC7002_RS04825,0.0912754783193517
SYNPCC7002_RS09780,SYNPCC7002_RS13745,0.0912715889538006
SYNPCC7002_RS01800,SYNPCC7002_RS14465,0.0912578098910963
SYNPCC7002_RS01420,SYNPCC7002_RS00080,0.0912499636025564
SYNPCC7002_RS04250,SYNPCC7002_RS02785,0.0912468208137277
SYNPCC7002_RS02715,SYNPCC7002_RS00580,0.0912462720337296
SYNPCC7002_RS08965,SYNPCC7002_RS07145,0.0912443551827573
SYNPCC7002_RS12395,SYNPCC7002_RS16380,0.0912358744371756
SYNPCC7002_RS08390,SYNPCC7002_RS12735,0.091218906331701
SYNPCC7002_RS15680,SYNPCC7002_RS14560,0.0912178388673035
SYNPCC7002_RS08965,SYNPCC7002_RS07385,0.0912161609525349
SYNPCC7002_RS12395,SYNPCC7002_RS09580,0.0912059019657264
SYNPCC7002_RS09260,SYNPCC7002_RS09720,0.0911978822029057
SYNPCC7002_RS09820,SYNPCC7002_RS10710,0.0911908379180896
SYNPCC7002_RS05460,SYNPCC7002_RS15310,0.0911775541516569
SYNPCC7002_RS04890,SYNPCC7002_RS06590,0.091165984652394
SYNPCC7002_RS04650,SYNPCC7002_RS16635,0.0911458590300046
SYNPCC7002_RS06150,SYNPCC7002_RS08920,0.0911430133075851
SYNPCC7002_RS06540,SYNPCC7002_RS02210,0.0911406046607609
SYNPCC7002_RS12395,SYNPCC7002_RS05250,0.091108945145695
SYNPCC7002_RS02715,SYNPCC7002_RS05210,0.0911040743397393
SYNPCC7002_RS05135,SYNPCC7002_RS02805,0.091101080978416
SYNPCC7002_RS05985,SYNPCC7002_RS03715,0.091080834877488
SYNPCC7002_RS00650,SYNPCC7002_RS11700,0.0910744574060885
SYNPCC7002_RS08965,SYNPCC7002_RS13980,0.091064953488135
SYNPCC7002_RS08965,SYNPCC7002_RS02200,0.0910498499895521
SYNPCC7002_RS00690,SYNPCC7002_RS13685,0.0910337190989921
SYNPCC7002_RS09820,SYNPCC7002_RS06430,0.0910261708361462
SYNPCC7002_RS05460,SYNPCC7002_RS15180,0.091008347420352
SYNPCC7002_RS03295,SYNPCC7002_RS06305,0.0909999121045454
SYNPCC7002_RS04680,SYNPCC7002_RS02695,0.0909988680315058
SYNPCC7002_RS09820,SYNPCC7002_RS12215,0.0909776688564248
SYNPCC7002_RS02455,SYNPCC7002_RS00435,0.0909774073160039
SYNPCC7002_RS02715,SYNPCC7002_RS09180,0.0909674391367386
SYNPCC7002_RS05135,SYNPCC7002_RS05205,0.0909604796262396
SYNPCC7002_RS10050,SYNPCC7002_RS07680,0.0909500305606028
SYNPCC7002_RS05985,SYNPCC7002_RS04510,0.0909253653857878
SYNPCC7002_RS09820,SYNPCC7002_RS05030,0.0909142306240946
SYNPCC7002_RS01420,SYNPCC7002_RS05200,0.0908869523843827
SYNPCC7002_RS04250,SYNPCC7002_RS12485,0.0908810457048938
SYNPCC7002_RS12395,SYNPCC7002_RS05955,0.090878164229902
SYNPCC7002_RS00050,SYNPCC7002_RS03790,0.0908487995985937
SYNPCC7002_RS04780,SYNPCC7002_RS16100,0.090793740795741
SYNPCC7002_RS12395,SYNPCC7002_RS17200,0.0907896192790213
SYNPCC7002_RS08210,SYNPCC7002_RS02525,0.090784530719754
SYNPCC7002_RS01420,SYNPCC7002_RS07535,0.0907812870487035
SYNPCC7002_RS11685,SYNPCC7002_RS13530,0.0907800459879406
SYNPCC7002_RS02715,SYNPCC7002_RS08770,0.0907796956101045
SYNPCC7002_RS11400,SYNPCC7002_RS06300,0.0907787319402943
SYNPCC7002_RS03030,SYNPCC7002_RS01260,0.0907771304422352
SYNPCC7002_RS03030,SYNPCC7002_RS04710,0.0907718693275725
SYNPCC7002_RS00260,SYNPCC7002_RS08815,0.0907712649343073
SYNPCC7002_RS08965,SYNPCC7002_RS08125,0.0907613993126411
SYNPCC7002_RS04890,SYNPCC7002_RS05425,0.0907420919336704
SYNPCC7002_RS08390,SYNPCC7002_RS16325,0.0907416309926155
SYNPCC7002_RS05985,SYNPCC7002_RS01520,0.0907217647057476
SYNPCC7002_RS08390,SYNPCC7002_RS08165,0.0907165364319878
SYNPCC7002_RS12395,SYNPCC7002_RS03425,0.0907100227451046
SYNPCC7002_RS09320,SYNPCC7002_RS03995,0.0907098056363446
SYNPCC7002_RS15255,SYNPCC7002_RS15720,0.0906970848455683
SYNPCC7002_RS05985,SYNPCC7002_RS16905,0.0906789778625042
SYNPCC7002_RS04890,SYNPCC7002_RS09460,0.0906761360385255
SYNPCC7002_RS07385,SYNPCC7002_RS07160,0.0906589521269039
SYNPCC7002_RS15680,SYNPCC7002_RS14610,0.0906563966552638
SYNPCC7002_RS14385,SYNPCC7002_RS14380,0.0906485046698041
SYNPCC7002_RS05985,SYNPCC7002_RS17175,0.0906442131975329
SYNPCC7002_RS15255,SYNPCC7002_RS15605,0.090634945089856
SYNPCC7002_RS07385,SYNPCC7002_RS02720,0.0906089227167577
SYNPCC7002_RS01335,SYNPCC7002_RS07400,0.0906062943663794
SYNPCC7002_RS09995,SYNPCC7002_RS14700,0.0905970019383419
SYNPCC7002_RS16160,SYNPCC7002_RS15160,0.0905776672930848
SYNPCC7002_RS05985,SYNPCC7002_RS01560,0.0905667190701055
SYNPCC7002_RS04250,SYNPCC7002_RS10025,0.0905654402598778
SYNPCC7002_RS04680,SYNPCC7002_RS06120,0.0905355736871044
SYNPCC7002_RS04650,SYNPCC7002_RS10330,0.0905293295297756
SYNPCC7002_RS04890,SYNPCC7002_RS00265,0.0905158831122347
SYNPCC7002_RS08175,SYNPCC7002_RS05365,0.0905147813781782
SYNPCC7002_RS09780,SYNPCC7002_RS03075,0.0905086206087422
SYNPCC7002_RS09995,SYNPCC7002_RS00785,0.0904976888436907
SYNPCC7002_RS10050,SYNPCC7002_RS01925,0.0904971983168222
SYNPCC7002_RS09995,SYNPCC7002_RS09675,0.0904846735677488
SYNPCC7002_RS01420,SYNPCC7002_RS12190,0.0904792764576721
SYNPCC7002_RS00640,SYNPCC7002_RS14625,0.0904735633733659
SYNPCC7002_RS10050,SYNPCC7002_RS00200,0.0904707527306776
SYNPCC7002_RS09780,SYNPCC7002_RS01645,0.0904631831954346
SYNPCC7002_RS05135,SYNPCC7002_RS13530,0.0904560728188448
SYNPCC7002_RS04250,SYNPCC7002_RS08600,0.0904531528154188
SYNPCC7002_RS08390,SYNPCC7002_RS15510,0.0904372942792499
SYNPCC7002_RS12090,SYNPCC7002_RS02775,0.0904115165005089
SYNPCC7002_RS15680,SYNPCC7002_RS13740,0.090408498922149
SYNPCC7002_RS01335,SYNPCC7002_RS07515,0.0903994778737615
SYNPCC7002_RS04250,SYNPCC7002_RS09885,0.0903947203987877
SYNPCC7002_RS09820,SYNPCC7002_RS10805,0.0903692634458354
SYNPCC7002_RS09320,SYNPCC7002_RS08425,0.0903399989729799
SYNPCC7002_RS10050,SYNPCC7002_RS09095,0.090336482865968
SYNPCC7002_RS02455,SYNPCC7002_RS01340,0.0903295866939531
SYNPCC7002_RS12515,SYNPCC7002_RS11270,0.0903288360283098
SYNPCC7002_RS05135,SYNPCC7002_RS03520,0.0903167411376738
SYNPCC7002_RS15255,SYNPCC7002_RS10545,0.0903092166497444
SYNPCC7002_RS15520,SYNPCC7002_RS13325,0.090301852297872
SYNPCC7002_RS05460,SYNPCC7002_RS08720,0.0902954563349765
SYNPCC7002_RS04890,SYNPCC7002_RS05130,0.0902870292908419
SYNPCC7002_RS05135,SYNPCC7002_RS09785,0.0902624543487106
SYNPCC7002_RS02455,SYNPCC7002_RS02320,0.09024734095033
SYNPCC7002_RS08965,SYNPCC7002_RS06955,0.0902411246824213
SYNPCC7002_RS09780,SYNPCC7002_RS14295,0.0902156942987018
SYNPCC7002_RS09320,SYNPCC7002_RS11835,0.0902093024254899
SYNPCC7002_RS08965,SYNPCC7002_RS13375,0.0901848637377118
SYNPCC7002_RS04890,SYNPCC7002_RS04010,0.0901836295055023
SYNPCC7002_RS09780,SYNPCC7002_RS11950,0.0901827693544612
SYNPCC7002_RS04890,SYNPCC7002_RS10945,0.0901815244176737
SYNPCC7002_RS15520,SYNPCC7002_RS09320,0.0901799843935547
SYNPCC7002_RS01420,SYNPCC7002_RS07625,0.0901722491255023
SYNPCC7002_RS04890,SYNPCC7002_RS03280,0.0901666509207778
SYNPCC7002_RS14440,SYNPCC7002_RS16305,0.0901593622223137
SYNPCC7002_RS12395,SYNPCC7002_RS10275,0.0901528903156475
SYNPCC7002_RS13450,SYNPCC7002_RS10260,0.0901455635498185
SYNPCC7002_RS04780,SYNPCC7002_RS16770,0.090140634238267
SYNPCC7002_RS08390,SYNPCC7002_RS01670,0.0901301281770485
SYNPCC7002_RS02715,SYNPCC7002_RS16420,0.0901035676582156
SYNPCC7002_RS05135,SYNPCC7002_RS16935,0.0900993223357984
SYNPCC7002_RS05985,SYNPCC7002_RS09470,0.0900926571308633
SYNPCC7002_RS09175,SYNPCC7002_RS00905,0.0900915395692381
SYNPCC7002_RS15995,SYNPCC7002_RS14100,0.090059715707917
SYNPCC7002_RS16320,SYNPCC7002_RS15650,0.0900360993279988
SYNPCC7002_RS03030,SYNPCC7002_RS15445,0.0900342603861791
SYNPCC7002_RS04650,SYNPCC7002_RS04595,0.0900342530364213
SYNPCC7002_RS10050,SYNPCC7002_RS03520,0.0900209753932442
SYNPCC7002_RS15255,SYNPCC7002_RS14640,0.0899961387019037
SYNPCC7002_RS00635,SYNPCC7002_RS10410,0.0899958840463806
SYNPCC7002_RS04650,SYNPCC7002_RS05905,0.089984497198206
SYNPCC7002_RS02455,SYNPCC7002_RS14175,0.0899827353205905
SYNPCC7002_RS00650,SYNPCC7002_RS11390,0.0899756452345185
SYNPCC7002_RS14790,SYNPCC7002_RS13975,0.0899739348241469
SYNPCC7002_RS09845,SYNPCC7002_RS07025,0.0899650770050213
SYNPCC7002_RS08965,SYNPCC7002_RS11975,0.0899647612651523
SYNPCC7002_RS05985,SYNPCC7002_RS12910,0.0899636167227111
SYNPCC7002_RS14790,SYNPCC7002_RS05325,0.0899403810297107
SYNPCC7002_RS05985,SYNPCC7002_RS13125,0.0899377760195146
SYNPCC7002_RS07385,SYNPCC7002_RS05855,0.0899151837919488
SYNPCC7002_RS07385,SYNPCC7002_RS02670,0.089914601466609
SYNPCC7002_RS04780,SYNPCC7002_RS00075,0.0899145832381191
SYNPCC7002_RS03760,SYNPCC7002_RS13245,0.0899041655151938
SYNPCC7002_RS04890,SYNPCC7002_RS01580,0.0899032154547709
SYNPCC7002_RS04680,SYNPCC7002_RS08730,0.089900854507954
SYNPCC7002_RS08965,SYNPCC7002_RS10490,0.0898982867318622
SYNPCC7002_RS04250,SYNPCC7002_RS10875,0.0898951046634957
SYNPCC7002_RS05135,SYNPCC7002_RS13060,0.0898899634583063
SYNPCC7002_RS04780,SYNPCC7002_RS15585,0.089888080910463
SYNPCC7002_RS12090,SYNPCC7002_RS13120,0.0898860542555368
SYNPCC7002_RS04780,SYNPCC7002_RS04330,0.0898776567929004
SYNPCC7002_RS10050,SYNPCC7002_RS16420,0.0898718419666796
SYNPCC7002_RS00640,SYNPCC7002_RS10930,0.0898710753386729
SYNPCC7002_RS05460,SYNPCC7002_RS09410,0.0898392143087584
SYNPCC7002_RS15410,SYNPCC7002_RS07855,0.0898321191468341
SYNPCC7002_RS04290,SYNPCC7002_RS11870,0.0898300981304408
SYNPCC7002_RS09820,SYNPCC7002_RS09985,0.0898239963343388
SYNPCC7002_RS16320,SYNPCC7002_RS15705,0.0898136227061803
SYNPCC7002_RS15030,SYNPCC7002_RS14975,0.0897941904700884
SYNPCC7002_RS02715,SYNPCC7002_RS12630,0.0897799497125981
SYNPCC7002_RS12090,SYNPCC7002_RS10320,0.0897744433435052
SYNPCC7002_RS07385,SYNPCC7002_RS05635,0.0897699953847181
SYNPCC7002_RS08480,SYNPCC7002_RS09575,0.0897643031655906
SYNPCC7002_RS05460,SYNPCC7002_RS09800,0.0897626784243341
SYNPCC7002_RS08965,SYNPCC7002_RS04955,0.0897477069523962
SYNPCC7002_RS08965,SYNPCC7002_RS04445,0.0897410024398089
SYNPCC7002_RS09320,SYNPCC7002_RS00625,0.0897393377597732
SYNPCC7002_RS12515,SYNPCC7002_RS08200,0.0897210100943657
SYNPCC7002_RS09820,SYNPCC7002_RS01440,0.0897172541493117
SYNPCC7002_RS08965,SYNPCC7002_RS11670,0.0897141433840459
SYNPCC7002_RS15520,SYNPCC7002_RS04680,0.0896742380168643
SYNPCC7002_RS15410,SYNPCC7002_RS16900,0.0896719983005729
SYNPCC7002_RS04890,SYNPCC7002_RS05110,0.0896678082712857
SYNPCC7002_RS09320,SYNPCC7002_RS09040,0.0896587197573782
SYNPCC7002_RS04250,SYNPCC7002_RS01740,0.0896585762480956
SYNPCC7002_RS15720,SYNPCC7002_RS15320,0.0896510147116203
SYNPCC7002_RS01335,SYNPCC7002_RS03640,0.0896504229369084
SYNPCC7002_RS09780,SYNPCC7002_RS06885,0.0896178895109502
SYNPCC7002_RS02410,SYNPCC7002_RS12930,0.0896089715332281
SYNPCC7002_RS08965,SYNPCC7002_RS13070,0.0896055206358042
SYNPCC7002_RS12395,SYNPCC7002_RS12190,0.0895787857717253
SYNPCC7002_RS15255,SYNPCC7002_RS05685,0.0895677732829546
SYNPCC7002_RS11685,SYNPCC7002_RS11520,0.0895664429421268
SYNPCC7002_RS02455,SYNPCC7002_RS03000,0.0895633125084093
SYNPCC7002_RS15520,SYNPCC7002_RS12045,0.0895489196769378
SYNPCC7002_RS02715,SYNPCC7002_RS10195,0.0895470495269836
SYNPCC7002_RS15410,SYNPCC7002_RS07300,0.0895324754303503
SYNPCC7002_RS04780,SYNPCC7002_RS12290,0.0895241024166778
SYNPCC7002_RS09995,SYNPCC7002_RS09725,0.0895235572385978
SYNPCC7002_RS09845,SYNPCC7002_RS13415,0.0895155184111207
SYNPCC7002_RS09175,SYNPCC7002_RS00165,0.0895142587610919
SYNPCC7002_RS04650,SYNPCC7002_RS04585,0.0895126583365243
SYNPCC7002_RS03030,SYNPCC7002_RS12030,0.0895076103282792
SYNPCC7002_RS01420,SYNPCC7002_RS10865,0.0895057189320871
SYNPCC7002_RS08390,SYNPCC7002_RS08100,0.0894975021864987
SYNPCC7002_RS04650,SYNPCC7002_RS10705,0.0894973965665791
SYNPCC7002_RS02715,SYNPCC7002_RS08895,0.0894898772644673
SYNPCC7002_RS14790,SYNPCC7002_RS08500,0.0894872046749616
SYNPCC7002_RS15520,SYNPCC7002_RS02695,0.0894810941411792
SYNPCC7002_RS00050,SYNPCC7002_RS13650,0.089478778672421
SYNPCC7002_RS02455,SYNPCC7002_RS12740,0.0894786485320925
SYNPCC7002_RS07385,SYNPCC7002_RS14155,0.089476322780215
SYNPCC7002_RS04780,SYNPCC7002_RS02760,0.0894755571928384
SYNPCC7002_RS01420,SYNPCC7002_RS12395,0.089471771733071
SYNPCC7002_RS12090,SYNPCC7002_RS12595,0.0894595609218257
SYNPCC7002_RS16320,SYNPCC7002_RS14760,0.0894551535340635
SYNPCC7002_RS05135,SYNPCC7002_RS01695,0.0894529292155691
SYNPCC7002_RS02455,SYNPCC7002_RS01970,0.0894483346953592
SYNPCC7002_RS00640,SYNPCC7002_RS07815,0.0894457407634013
SYNPCC7002_RS07385,SYNPCC7002_RS08095,0.0894407944025908
SYNPCC7002_RS08965,SYNPCC7002_RS05745,0.0894386321048891
SYNPCC7002_RS03950,SYNPCC7002_RS14435,0.0894171552149018
SYNPCC7002_RS15520,SYNPCC7002_RS14050,0.0894106884281965
SYNPCC7002_RS06540,SYNPCC7002_RS05610,0.0893931521599129
SYNPCC7002_RS00640,SYNPCC7002_RS14865,0.0893701507610163
SYNPCC7002_RS09780,SYNPCC7002_RS12150,0.0893340874842543
SYNPCC7002_RS00650,SYNPCC7002_RS12115,0.0893289417377616
SYNPCC7002_RS12395,SYNPCC7002_RS00530,0.0893276137082141
SYNPCC7002_RS05135,SYNPCC7002_RS02130,0.0893111708895348
SYNPCC7002_RS04250,SYNPCC7002_RS00185,0.0893041870073082
SYNPCC7002_RS07385,SYNPCC7002_RS04750,0.0893016946077809
SYNPCC7002_RS12395,SYNPCC7002_RS03670,0.0893013772409321
SYNPCC7002_RS06150,SYNPCC7002_RS15770,0.089300459942877
SYNPCC7002_RS05460,SYNPCC7002_RS17010,0.089289768754229
SYNPCC7002_RS05135,SYNPCC7002_RS05290,0.0892874286366727
SYNPCC7002_RS08390,SYNPCC7002_RS08560,0.089269022953731
SYNPCC7002_RS08255,SYNPCC7002_RS05435,0.0892689594924869
SYNPCC7002_RS10145,SYNPCC7002_RS15745,0.0892631806289329
SYNPCC7002_RS12395,SYNPCC7002_RS00730,0.0892578072806702
SYNPCC7002_RS09630,SYNPCC7002_RS11825,0.0892438920928689
SYNPCC7002_RS09260,SYNPCC7002_RS12335,0.089233721904149
SYNPCC7002_RS08965,SYNPCC7002_RS11840,0.0892310701280043
SYNPCC7002_RS10050,SYNPCC7002_RS11015,0.0892310366189181
SYNPCC7002_RS02455,SYNPCC7002_RS00210,0.0892307321908935
SYNPCC7002_RS15520,SYNPCC7002_RS08015,0.0892168431579196
SYNPCC7002_RS05135,SYNPCC7002_RS05195,0.0892100127078876
SYNPCC7002_RS00640,SYNPCC7002_RS15945,0.0891772911010265
SYNPCC7002_RS09845,SYNPCC7002_RS12965,0.0891661091974072
SYNPCC7002_RS12515,SYNPCC7002_RS04030,0.0891651953481665
SYNPCC7002_RS05135,SYNPCC7002_RS07945,0.0891538543525086
SYNPCC7002_RS10050,SYNPCC7002_RS17030,0.0891474963625348
SYNPCC7002_RS09320,SYNPCC7002_RS09215,0.0891447463641675
SYNPCC7002_RS12395,SYNPCC7002_RS11530,0.0891314156925169
SYNPCC7002_RS15680,SYNPCC7002_RS14770,0.0891280752547189
SYNPCC7002_RS04650,SYNPCC7002_RS09960,0.089124133708206
SYNPCC7002_RS09780,SYNPCC7002_RS15135,0.0891177940573164
SYNPCC7002_RS15520,SYNPCC7002_RS06125,0.0891074464741376
SYNPCC7002_RS15535,SYNPCC7002_RS01460,0.0891001229136786
SYNPCC7002_RS05135,SYNPCC7002_RS10275,0.0890834629043272
SYNPCC7002_RS03295,SYNPCC7002_RS09050,0.0890738745674948
SYNPCC7002_RS01800,SYNPCC7002_RS13290,0.0890581002198994
SYNPCC7002_RS05460,SYNPCC7002_RS02305,0.0890571582682297
SYNPCC7002_RS00650,SYNPCC7002_RS06560,0.089052068406464
SYNPCC7002_RS05135,SYNPCC7002_RS12120,0.0890445601037562
SYNPCC7002_RS04250,SYNPCC7002_RS13630,0.0890386744596816
SYNPCC7002_RS05460,SYNPCC7002_RS15840,0.0890361069177086
SYNPCC7002_RS04780,SYNPCC7002_RS16210,0.0890351496400327
SYNPCC7002_RS09780,SYNPCC7002_RS01850,0.0890240275189893
SYNPCC7002_RS06540,SYNPCC7002_RS07250,0.0890238697005981
SYNPCC7002_RS05135,SYNPCC7002_RS08010,0.0890227170865668
SYNPCC7002_RS04890,SYNPCC7002_RS16370,0.0890090579527375
SYNPCC7002_RS14790,SYNPCC7002_RS13925,0.0890026722151602
SYNPCC7002_RS08210,SYNPCC7002_RS03720,0.0889899906971012
SYNPCC7002_RS15520,SYNPCC7002_RS07150,0.0889874750325392
SYNPCC7002_RS07295,SYNPCC7002_RS09120,0.0889757011122077
SYNPCC7002_RS01335,SYNPCC7002_RS07895,0.088967911856663
SYNPCC7002_RS06540,SYNPCC7002_RS00210,0.0889636291819555
SYNPCC7002_RS05135,SYNPCC7002_RS11350,0.0889571071749987
SYNPCC7002_RS03030,SYNPCC7002_RS06445,0.0889440975680707
SYNPCC7002_RS02715,SYNPCC7002_RS05730,0.088942189151797
SYNPCC7002_RS00650,SYNPCC7002_RS13575,0.0889416795308076
SYNPCC7002_RS04650,SYNPCC7002_RS05705,0.0889402292458775
SYNPCC7002_RS08210,SYNPCC7002_RS00740,0.0889369436238113
SYNPCC7002_RS15520,SYNPCC7002_RS02520,0.0889352134065305
SYNPCC7002_RS08175,SYNPCC7002_RS08110,0.088928291164907
SYNPCC7002_RS09320,SYNPCC7002_RS13675,0.0889224812083964
SYNPCC7002_RS01800,SYNPCC7002_RS02325,0.0889184835249574
SYNPCC7002_RS07385,SYNPCC7002_RS03840,0.0888923080359121
SYNPCC7002_RS04780,SYNPCC7002_RS00250,0.0888818477811241
SYNPCC7002_RS09780,SYNPCC7002_RS10565,0.0888680769761033
SYNPCC7002_RS09175,SYNPCC7002_RS00320,0.0888679314310104
SYNPCC7002_RS08945,SYNPCC7002_RS11590,0.0888523432733256
SYNPCC7002_RS09995,SYNPCC7002_RS06180,0.0888450440867529
SYNPCC7002_RS00050,SYNPCC7002_RS02605,0.0888370959570089
SYNPCC7002_RS04650,SYNPCC7002_RS05595,0.0888343318645924
SYNPCC7002_RS12395,SYNPCC7002_RS04065,0.0888335444853495
SYNPCC7002_RS04650,SYNPCC7002_RS03465,0.0888218871961227
SYNPCC7002_RS00635,SYNPCC7002_RS01250,0.0887906225756732
SYNPCC7002_RS01420,SYNPCC7002_RS02870,0.088788681722874
SYNPCC7002_RS01335,SYNPCC7002_RS02315,0.0887862645583752
SYNPCC7002_RS12105,SYNPCC7002_RS02250,0.0887603743982578
SYNPCC7002_RS08945,SYNPCC7002_RS14920,0.0887403886163573
SYNPCC7002_RS08965,SYNPCC7002_RS10910,0.0887301419945703
SYNPCC7002_RS05985,SYNPCC7002_RS09975,0.0887070412863739
SYNPCC7002_RS05460,SYNPCC7002_RS14805,0.0886997778999188
SYNPCC7002_RS08390,SYNPCC7002_RS15945,0.0886967424102634
SYNPCC7002_RS04650,SYNPCC7002_RS04010,0.0886946113635415
SYNPCC7002_RS16320,SYNPCC7002_RS15305,0.088693111095487
SYNPCC7002_RS01335,SYNPCC7002_RS07165,0.0886905108785546
SYNPCC7002_RS08965,SYNPCC7002_RS02530,0.0886893529310558
SYNPCC7002_RS08210,SYNPCC7002_RS08335,0.0886807784899846
SYNPCC7002_RS07295,SYNPCC7002_RS10095,0.0886771007292509
SYNPCC7002_RS09995,SYNPCC7002_RS05045,0.0886680515151752
SYNPCC7002_RS04250,SYNPCC7002_RS12910,0.0886657877141461
SYNPCC7002_RS04890,SYNPCC7002_RS02390,0.0886535161659491
SYNPCC7002_RS14440,SYNPCC7002_RS13930,0.0886534236641358
SYNPCC7002_RS07385,SYNPCC7002_RS06820,0.0886507678065849
SYNPCC7002_RS09820,SYNPCC7002_RS16455,0.0886488349286823
SYNPCC7002_RS04250,SYNPCC7002_RS01560,0.0886207263162431
SYNPCC7002_RS09320,SYNPCC7002_RS05490,0.0886170512700319
SYNPCC7002_RS09780,SYNPCC7002_RS04375,0.0886153723776845
SYNPCC7002_RS09320,SYNPCC7002_RS08950,0.0886135878817453
SYNPCC7002_RS05135,SYNPCC7002_RS07490,0.0886050544392494
SYNPCC7002_RS08860,SYNPCC7002_RS00925,0.0885975910549819
SYNPCC7002_RS08965,SYNPCC7002_RS02445,0.0885835976986318
SYNPCC7002_RS08965,SYNPCC7002_RS11285,0.08856094823342
SYNPCC7002_RS07295,SYNPCC7002_RS08330,0.0885550257947736
SYNPCC7002_RS07295,SYNPCC7002_RS15070,0.0885548115129588
SYNPCC7002_RS06540,SYNPCC7002_RS07030,0.0885543051634259
SYNPCC7002_RS16320,SYNPCC7002_RS05350,0.0885516314781078
SYNPCC7002_RS06150,SYNPCC7002_RS00950,0.0885412855271423
SYNPCC7002_RS04680,SYNPCC7002_RS06405,0.0885389517337639
SYNPCC7002_RS00650,SYNPCC7002_RS13470,0.0885342918984341
SYNPCC7002_RS08965,SYNPCC7002_RS13715,0.0885258799760346
SYNPCC7002_RS01335,SYNPCC7002_RS08165,0.0885231727795662
SYNPCC7002_RS04250,SYNPCC7002_RS10225,0.0885160199028418
SYNPCC7002_RS02455,SYNPCC7002_RS13035,0.0885157603515435
SYNPCC7002_RS09845,SYNPCC7002_RS01685,0.0885135966320206
SYNPCC7002_RS12395,SYNPCC7002_RS11660,0.088499187889496
SYNPCC7002_RS12105,SYNPCC7002_RS11075,0.0884943698662426
SYNPCC7002_RS08390,SYNPCC7002_RS01440,0.0884828568069085
SYNPCC7002_RS01420,SYNPCC7002_RS05245,0.0884803282883786
SYNPCC7002_RS08390,SYNPCC7002_RS13790,0.0884749891230237
SYNPCC7002_RS08965,SYNPCC7002_RS10465,0.0884713212048535
SYNPCC7002_RS04890,SYNPCC7002_RS10855,0.0884695624401616
SYNPCC7002_RS09845,SYNPCC7002_RS09260,0.0884667371616562
SYNPCC7002_RS09780,SYNPCC7002_RS12155,0.0884654564585092
SYNPCC7002_RS08860,SYNPCC7002_RS09385,0.0884604189751888
SYNPCC7002_RS07385,SYNPCC7002_RS13985,0.0884546003750035
SYNPCC7002_RS04680,SYNPCC7002_RS05575,0.0884509046929342
SYNPCC7002_RS15520,SYNPCC7002_RS00965,0.088448455973158
SYNPCC7002_RS04780,SYNPCC7002_RS09345,0.0884381922102323
SYNPCC7002_RS05135,SYNPCC7002_RS08780,0.0884366750924621
SYNPCC7002_RS04650,SYNPCC7002_RS02550,0.0884340606188758
SYNPCC7002_RS04780,SYNPCC7002_RS04360,0.0884288047877794
SYNPCC7002_RS09995,SYNPCC7002_RS04570,0.0884250248419773
SYNPCC7002_RS12395,SYNPCC7002_RS02215,0.0884186075945504
SYNPCC7002_RS08965,SYNPCC7002_RS04390,0.0884091990175953
SYNPCC7002_RS10050,SYNPCC7002_RS11065,0.0884086474965479
SYNPCC7002_RS08390,SYNPCC7002_RS03445,0.0884058896783065
SYNPCC7002_RS04650,SYNPCC7002_RS12730,0.0884043105096583
SYNPCC7002_RS09630,SYNPCC7002_RS06200,0.0884012832438462
SYNPCC7002_RS05985,SYNPCC7002_RS08265,0.0883999829326212
SYNPCC7002_RS09995,SYNPCC7002_RS09730,0.0883965523736593
SYNPCC7002_RS03295,SYNPCC7002_RS10200,0.0883934397391768
SYNPCC7002_RS01085,SYNPCC7002_RS13300,0.0883899649804205
SYNPCC7002_RS09320,SYNPCC7002_RS04515,0.0883778010941042
SYNPCC7002_RS04250,SYNPCC7002_RS05475,0.0883751457732373
SYNPCC7002_RS04780,SYNPCC7002_RS02590,0.0883712147832521
SYNPCC7002_RS04650,SYNPCC7002_RS05385,0.0883703222005791
SYNPCC7002_RS02715,SYNPCC7002_RS14625,0.0883677105467737
SYNPCC7002_RS08255,SYNPCC7002_RS13625,0.0883625922771628
SYNPCC7002_RS04250,SYNPCC7002_RS13400,0.0883614071421151
SYNPCC7002_RS04890,SYNPCC7002_RS11585,0.0883585639135114
SYNPCC7002_RS12395,SYNPCC7002_RS05280,0.0883498501788979
SYNPCC7002_RS12090,SYNPCC7002_RS09675,0.0883477608170664
SYNPCC7002_RS00260,SYNPCC7002_RS05075,0.0883370245947319
SYNPCC7002_RS11400,SYNPCC7002_RS04055,0.0883341148679251
SYNPCC7002_RS07385,SYNPCC7002_RS12945,0.0883082660724638
SYNPCC7002_RS00650,SYNPCC7002_RS00635,0.0882847131974201
SYNPCC7002_RS08965,SYNPCC7002_RS05740,0.0882830884289754
SYNPCC7002_RS04780,SYNPCC7002_RS03545,0.0882689990740906
SYNPCC7002_RS04650,SYNPCC7002_RS01485,0.0882642035329827
SYNPCC7002_RS04650,SYNPCC7002_RS06280,0.0882613973901564
SYNPCC7002_RS08210,SYNPCC7002_RS09550,0.0882607689369539
SYNPCC7002_RS15410,SYNPCC7002_RS07310,0.0882555504956947
SYNPCC7002_RS06150,SYNPCC7002_RS10630,0.0882510986767735
SYNPCC7002_RS12395,SYNPCC7002_RS16815,0.0882278304409131
SYNPCC7002_RS05985,SYNPCC7002_RS04870,0.0882090738141447
SYNPCC7002_RS06150,SYNPCC7002_RS07955,0.0882009795651102
SYNPCC7002_RS09320,SYNPCC7002_RS11640,0.0881959155798099
SYNPCC7002_RS15410,SYNPCC7002_RS03605,0.088181046046695
SYNPCC7002_RS05985,SYNPCC7002_RS16995,0.0881794278654286
SYNPCC7002_RS08965,SYNPCC7002_RS10505,0.0881713088465239
SYNPCC7002_RS05985,SYNPCC7002_RS01350,0.0881678163116646
SYNPCC7002_RS04650,SYNPCC7002_RS05395,0.0881652718000856
SYNPCC7002_RS09320,SYNPCC7002_RS03835,0.0881634580887722
SYNPCC7002_RS09780,SYNPCC7002_RS16585,0.088159575740216
SYNPCC7002_RS08965,SYNPCC7002_RS00520,0.0881573004738354
SYNPCC7002_RS15535,SYNPCC7002_RS10145,0.0881534200329548
SYNPCC7002_RS15520,SYNPCC7002_RS04575,0.0881487397923807
SYNPCC7002_RS05135,SYNPCC7002_RS09560,0.088132194262948
SYNPCC7002_RS15520,SYNPCC7002_RS00135,0.0881037749024188
SYNPCC7002_RS05985,SYNPCC7002_RS03790,0.0881032887395535
SYNPCC7002_RS09630,SYNPCC7002_RS02000,0.088097773419412
SYNPCC7002_RS01335,SYNPCC7002_RS16325,0.0880974863841823
SYNPCC7002_RS05135,SYNPCC7002_RS10610,0.0880842793736143
SYNPCC7002_RS08175,SYNPCC7002_RS00940,0.0880821688479344
SYNPCC7002_RS04780,SYNPCC7002_RS14155,0.0880790584897207
SYNPCC7002_RS15520,SYNPCC7002_RS07980,0.088074290859985
SYNPCC7002_RS15520,SYNPCC7002_RS06120,0.0880603453095949
SYNPCC7002_RS05135,SYNPCC7002_RS06175,0.088052350863199
SYNPCC7002_RS15255,SYNPCC7002_RS16955,0.0880454000285493
SYNPCC7002_RS12395,SYNPCC7002_RS00465,0.0880370347077132
SYNPCC7002_RS12515,SYNPCC7002_RS07520,0.0880284071172615
SYNPCC7002_RS08965,SYNPCC7002_RS11290,0.0880282739203371
SYNPCC7002_RS12395,SYNPCC7002_RS07825,0.0880187829638918
SYNPCC7002_RS10050,SYNPCC7002_RS11335,0.0880183782480013
SYNPCC7002_RS04780,SYNPCC7002_RS06895,0.0880174988235552
SYNPCC7002_RS12395,SYNPCC7002_RS05245,0.0880056210498979
SYNPCC7002_RS10050,SYNPCC7002_RS16705,0.0879912428841986
SYNPCC7002_RS04250,SYNPCC7002_RS05405,0.0879610085347929
SYNPCC7002_RS09630,SYNPCC7002_RS13145,0.0879570188441111
SYNPCC7002_RS05135,SYNPCC7002_RS06025,0.0879490670133923
SYNPCC7002_RS15410,SYNPCC7002_RS15525,0.087947785917553
SYNPCC7002_RS07385,SYNPCC7002_RS09710,0.0879466415253598
SYNPCC7002_RS12395,SYNPCC7002_RS00545,0.0879275335244516
SYNPCC7002_RS08945,SYNPCC7002_RS02930,0.0879190450938952
SYNPCC7002_RS08390,SYNPCC7002_RS14060,0.0879188032923757
SYNPCC7002_RS09320,SYNPCC7002_RS04790,0.0879178834303108
SYNPCC7002_RS09780,SYNPCC7002_RS07575,0.0879160002363859
SYNPCC7002_RS04250,SYNPCC7002_RS05005,0.0879133430640109
SYNPCC7002_RS04680,SYNPCC7002_RS00235,0.0879097575186408
SYNPCC7002_RS05460,SYNPCC7002_RS01150,0.0879031477544112
SYNPCC7002_RS09820,SYNPCC7002_RS02305,0.08789196437337
SYNPCC7002_RS14790,SYNPCC7002_RS08510,0.0878895252847189
SYNPCC7002_RS07385,SYNPCC7002_RS00060,0.0878862847501552
SYNPCC7002_RS04680,SYNPCC7002_RS02615,0.0878820659716255
SYNPCC7002_RS07295,SYNPCC7002_RS14345,0.08787684080909
SYNPCC7002_RS00640,SYNPCC7002_RS10195,0.0878753674666983
SYNPCC7002_RS03760,SYNPCC7002_RS03130,0.0878550824231916
SYNPCC7002_RS10145,SYNPCC7002_RS05810,0.0878393626288215
SYNPCC7002_RS04250,SYNPCC7002_RS11140,0.0878373229885668
SYNPCC7002_RS15680,SYNPCC7002_RS10555,0.0878333701600021
SYNPCC7002_RS09820,SYNPCC7002_RS11370,0.0878171365437383
SYNPCC7002_RS08945,SYNPCC7002_RS11895,0.0878167308195643
SYNPCC7002_RS11685,SYNPCC7002_RS05705,0.0878125615490924
SYNPCC7002_RS09195,SYNPCC7002_RS13040,0.0878044789748183
SYNPCC7002_RS04780,SYNPCC7002_RS15025,0.0878030966725221
SYNPCC7002_RS07295,SYNPCC7002_RS07860,0.0878006720530347
SYNPCC7002_RS03295,SYNPCC7002_RS03330,0.0877803334646859
SYNPCC7002_RS08945,SYNPCC7002_RS13600,0.0877787845385692
SYNPCC7002_RS05985,SYNPCC7002_RS03785,0.0877696332694679
SYNPCC7002_RS04890,SYNPCC7002_RS09875,0.0877666815645512
SYNPCC7002_RS11685,SYNPCC7002_RS09735,0.0877657886330025
SYNPCC7002_RS01420,SYNPCC7002_RS11235,0.0877486083710089
SYNPCC7002_RS01335,SYNPCC7002_RS02320,0.0877262560762118
SYNPCC7002_RS08390,SYNPCC7002_RS06015,0.0877131199361248
SYNPCC7002_RS12090,SYNPCC7002_RS16665,0.0876984402715784
SYNPCC7002_RS12395,SYNPCC7002_RS08670,0.087696490137784
SYNPCC7002_RS09320,SYNPCC7002_RS11545,0.0876964848133888
SYNPCC7002_RS09320,SYNPCC7002_RS10905,0.0876937730630655
SYNPCC7002_RS04250,SYNPCC7002_RS14295,0.0876895735488974
SYNPCC7002_RS07295,SYNPCC7002_RS03205,0.0876846505094335
SYNPCC7002_RS02715,SYNPCC7002_RS13300,0.0876767161522895
SYNPCC7002_RS05135,SYNPCC7002_RS00730,0.0876524489237702
SYNPCC7002_RS04780,SYNPCC7002_RS01280,0.0876518564895215
SYNPCC7002_RS15680,SYNPCC7002_RS02140,0.0876493747708233
SYNPCC7002_RS09995,SYNPCC7002_RS16085,0.087649071387763
SYNPCC7002_RS04890,SYNPCC7002_RS01505,0.087642236681223
SYNPCC7002_RS05985,SYNPCC7002_RS12105,0.0876340770744275
SYNPCC7002_RS05135,SYNPCC7002_RS09900,0.0876327325992717
SYNPCC7002_RS09780,SYNPCC7002_RS12330,0.0876320053493184
SYNPCC7002_RS09195,SYNPCC7002_RS02280,0.0876267439211379
SYNPCC7002_RS12090,SYNPCC7002_RS04875,0.0876264412761334
SYNPCC7002_RS04250,SYNPCC7002_RS09155,0.0876255932008815
SYNPCC7002_RS09780,SYNPCC7002_RS11535,0.0876172392733508
SYNPCC7002_RS07295,SYNPCC7002_RS15410,0.0876082543924783
SYNPCC7002_RS01335,SYNPCC7002_RS05785,0.0876077343480491
SYNPCC7002_RS09995,SYNPCC7002_RS12590,0.0876052631914767
SYNPCC7002_RS06150,SYNPCC7002_RS00090,0.0875907037389468
SYNPCC7002_RS14440,SYNPCC7002_RS14425,0.0875901070912607
SYNPCC7002_RS04250,SYNPCC7002_RS12695,0.0875771793382565
SYNPCC7002_RS15680,SYNPCC7002_RS05345,0.0875732041185366
SYNPCC7002_RS09630,SYNPCC7002_RS05670,0.0875662098783578
SYNPCC7002_RS03295,SYNPCC7002_RS01340,0.0875662034464982
SYNPCC7002_RS11400,SYNPCC7002_RS05610,0.0875608845145942
SYNPCC7002_RS08965,SYNPCC7002_RS13250,0.0875522437131441
SYNPCC7002_RS07385,SYNPCC7002_RS14185,0.0875439659893091
SYNPCC7002_RS08175,SYNPCC7002_RS08430,0.0875435890300255
SYNPCC7002_RS04650,SYNPCC7002_RS02680,0.0875432251969698
SYNPCC7002_RS11400,SYNPCC7002_RS02965,0.0875369146509675
SYNPCC7002_RS11685,SYNPCC7002_RS00885,0.0875355540822292
SYNPCC7002_RS12395,SYNPCC7002_RS05230,0.0875333341883074
SYNPCC7002_RS11400,SYNPCC7002_RS15235,0.087531578139852
SYNPCC7002_RS08390,SYNPCC7002_RS07420,0.0875247145070777
SYNPCC7002_RS09820,SYNPCC7002_RS03415,0.0875215823789262
SYNPCC7002_RS01335,SYNPCC7002_RS10375,0.0875211899500591
SYNPCC7002_RS12105,SYNPCC7002_RS09275,0.0875202182382606
SYNPCC7002_RS09420,SYNPCC7002_RS13920,0.0875196841755858
SYNPCC7002_RS09780,SYNPCC7002_RS16470,0.0875016876796844
SYNPCC7002_RS08480,SYNPCC7002_RS16380,0.0875010369305852
SYNPCC7002_RS03030,SYNPCC7002_RS02395,0.0874773059217621
SYNPCC7002_RS10050,SYNPCC7002_RS07810,0.0874689540347008
SYNPCC7002_RS01420,SYNPCC7002_RS05170,0.0874638571882698
SYNPCC7002_RS09820,SYNPCC7002_RS07290,0.0874624257320356
SYNPCC7002_RS09820,SYNPCC7002_RS06835,0.0874553118333627
SYNPCC7002_RS04250,SYNPCC7002_RS07350,0.0874383065274088
SYNPCC7002_RS12395,SYNPCC7002_RS12405,0.0874234608869461
SYNPCC7002_RS11400,SYNPCC7002_RS09125,0.0874152476845168
SYNPCC7002_RS09820,SYNPCC7002_RS09220,0.0874032493420148
SYNPCC7002_RS16320,SYNPCC7002_RS07190,0.087398068855767
SYNPCC7002_RS05460,SYNPCC7002_RS15075,0.0873980096762736
SYNPCC7002_RS00650,SYNPCC7002_RS02530,0.0873899163514832
SYNPCC7002_RS03030,SYNPCC7002_RS10755,0.0873868796214008
SYNPCC7002_RS00690,SYNPCC7002_RS13580,0.0873865936129381
SYNPCC7002_RS01335,SYNPCC7002_RS07180,0.0873838821784417
SYNPCC7002_RS05135,SYNPCC7002_RS03700,0.0873706778459364
SYNPCC7002_RS04780,SYNPCC7002_RS12305,0.087359030874895
SYNPCC7002_RS02455,SYNPCC7002_RS06210,0.0873586462110768
SYNPCC7002_RS04650,SYNPCC7002_RS13670,0.087357350816942
SYNPCC7002_RS09995,SYNPCC7002_RS10615,0.0873365597891816
SYNPCC7002_RS05135,SYNPCC7002_RS08295,0.0873292156123544
SYNPCC7002_RS00640,SYNPCC7002_RS16410,0.0873228031572794
SYNPCC7002_RS09820,SYNPCC7002_RS01410,0.087304233144228
SYNPCC7002_RS05135,SYNPCC7002_RS06590,0.0873034428614525
SYNPCC7002_RS09995,SYNPCC7002_RS00705,0.087299715140022
SYNPCC7002_RS09260,SYNPCC7002_RS10355,0.0872943535087479
SYNPCC7002_RS00260,SYNPCC7002_RS10255,0.0872930898639116
SYNPCC7002_RS15255,SYNPCC7002_RS10635,0.0872912426366167
SYNPCC7002_RS05135,SYNPCC7002_RS15090,0.0872897022047142
SYNPCC7002_RS01335,SYNPCC7002_RS05790,0.0872214298751495
SYNPCC7002_RS05460,SYNPCC7002_RS14420,0.0872100050201216
SYNPCC7002_RS09320,SYNPCC7002_RS12025,0.0872100049392605
SYNPCC7002_RS12395,SYNPCC7002_RS14720,0.0871907523693723
SYNPCC7002_RS04780,SYNPCC7002_RS11145,0.0871823326598933
SYNPCC7002_RS04650,SYNPCC7002_RS09580,0.0871811367781987
SYNPCC7002_RS01335,SYNPCC7002_RS13690,0.0871797246839928
SYNPCC7002_RS05135,SYNPCC7002_RS14205,0.087173696021021
SYNPCC7002_RS08210,SYNPCC7002_RS00745,0.087173440088719
SYNPCC7002_RS06150,SYNPCC7002_RS14050,0.0871668719641921
SYNPCC7002_RS08860,SYNPCC7002_RS03020,0.0871619732334028
SYNPCC7002_RS04250,SYNPCC7002_RS13815,0.0871445906990319
SYNPCC7002_RS04780,SYNPCC7002_RS06960,0.0871437273235621
SYNPCC7002_RS09320,SYNPCC7002_RS01845,0.0871250796859877
SYNPCC7002_RS09995,SYNPCC7002_RS10600,0.0871148495695067
SYNPCC7002_RS09820,SYNPCC7002_RS00555,0.087097150236792
SYNPCC7002_RS03030,SYNPCC7002_RS01990,0.0870899812540262
SYNPCC7002_RS08965,SYNPCC7002_RS01790,0.0870892657309226
SYNPCC7002_RS12090,SYNPCC7002_RS09960,0.0870860999375227
SYNPCC7002_RS09780,SYNPCC7002_RS16605,0.0870800812500529
SYNPCC7002_RS03030,SYNPCC7002_RS03015,0.0870732058523175
SYNPCC7002_RS10050,SYNPCC7002_RS15970,0.087072726108276
SYNPCC7002_RS06540,SYNPCC7002_RS01610,0.0870716930534702
SYNPCC7002_RS09995,SYNPCC7002_RS15350,0.0870621044632512
SYNPCC7002_RS04780,SYNPCC7002_RS12515,0.0870608327439775
SYNPCC7002_RS10050,SYNPCC7002_RS07825,0.0870575851348247
SYNPCC7002_RS09820,SYNPCC7002_RS04910,0.0870499551873114
SYNPCC7002_RS09420,SYNPCC7002_RS12550,0.0870355221098804
SYNPCC7002_RS12515,SYNPCC7002_RS14760,0.087033629163261
SYNPCC7002_RS09320,SYNPCC7002_RS13890,0.0870245535307898
SYNPCC7002_RS12395,SYNPCC7002_RS02575,0.0870103961440615
SYNPCC7002_RS04890,SYNPCC7002_RS04845,0.0870095864673845
SYNPCC7002_RS04780,SYNPCC7002_RS11225,0.0870027549565086
SYNPCC7002_RS10050,SYNPCC7002_RS01330,0.0869858788088206
SYNPCC7002_RS08860,SYNPCC7002_RS01365,0.0869831648188643
SYNPCC7002_RS15520,SYNPCC7002_RS07990,0.0869568213978133
SYNPCC7002_RS06150,SYNPCC7002_RS15190,0.0869557729312524
SYNPCC7002_RS06005,SYNPCC7002_RS14625,0.0869543252006459
SYNPCC7002_RS12105,SYNPCC7002_RS08360,0.0869506005295921
SYNPCC7002_RS08255,SYNPCC7002_RS09990,0.086946649865914
SYNPCC7002_RS03950,SYNPCC7002_RS07920,0.0869322286968502
SYNPCC7002_RS05135,SYNPCC7002_RS12555,0.0869183248084405
SYNPCC7002_RS11400,SYNPCC7002_RS02455,0.0869141260296115
SYNPCC7002_RS02715,SYNPCC7002_RS03660,0.0869083490980275
SYNPCC7002_RS11400,SYNPCC7002_RS08940,0.0869029238364796
SYNPCC7002_RS04650,SYNPCC7002_RS06675,0.0868945943655706
SYNPCC7002_RS06150,SYNPCC7002_RS05690,0.0868937753615371
SYNPCC7002_RS01420,SYNPCC7002_RS16445,0.0868934120558124
SYNPCC7002_RS05135,SYNPCC7002_RS02850,0.0868925326717737
SYNPCC7002_RS10050,SYNPCC7002_RS10610,0.0868736801513575
SYNPCC7002_RS09780,SYNPCC7002_RS05940,0.0868707025752042
SYNPCC7002_RS09420,SYNPCC7002_RS01535,0.0868645710134089
SYNPCC7002_RS03950,SYNPCC7002_RS13210,0.0868631204078549
SYNPCC7002_RS07385,SYNPCC7002_RS08985,0.0868348058076446
SYNPCC7002_RS02715,SYNPCC7002_RS01245,0.0868250707959126
SYNPCC7002_RS04250,SYNPCC7002_RS12510,0.0868237774404855
SYNPCC7002_RS01800,SYNPCC7002_RS10785,0.0868060270972911
SYNPCC7002_RS05135,SYNPCC7002_RS00465,0.0867975732435214
SYNPCC7002_RS15520,SYNPCC7002_RS16200,0.0867920600220913
SYNPCC7002_RS04680,SYNPCC7002_RS11435,0.0867632352976571
SYNPCC7002_RS04890,SYNPCC7002_RS04065,0.0867562321884774
SYNPCC7002_RS05460,SYNPCC7002_RS16420,0.0867482574452715
SYNPCC7002_RS12395,SYNPCC7002_RS03740,0.0867417299780371
SYNPCC7002_RS01420,SYNPCC7002_RS15870,0.0867403262881282
SYNPCC7002_RS00260,SYNPCC7002_RS09350,0.0867358548774286
SYNPCC7002_RS14790,SYNPCC7002_RS14765,0.0867353379948147
SYNPCC7002_RS02715,SYNPCC7002_RS05290,0.0867339430395381
SYNPCC7002_RS09630,SYNPCC7002_RS12195,0.0867172432174827
SYNPCC7002_RS08965,SYNPCC7002_RS02595,0.0867070112212627
SYNPCC7002_RS06150,SYNPCC7002_RS09695,0.0866990296345851
SYNPCC7002_RS15520,SYNPCC7002_RS09290,0.0866966824170142
SYNPCC7002_RS09320,SYNPCC7002_RS11840,0.0866937923707208
SYNPCC7002_RS05985,SYNPCC7002_RS05485,0.0866927864669896
SYNPCC7002_RS05135,SYNPCC7002_RS16795,0.0866668627843769
SYNPCC7002_RS04650,SYNPCC7002_RS16975,0.0866606223006561
SYNPCC7002_RS04780,SYNPCC7002_RS15520,0.086657470425218
SYNPCC7002_RS03030,SYNPCC7002_RS15345,0.0866524598340611
SYNPCC7002_RS04250,SYNPCC7002_RS07495,0.0866477248770249
SYNPCC7002_RS00050,SYNPCC7002_RS17015,0.0866458445548374
SYNPCC7002_RS09820,SYNPCC7002_RS14855,0.0866404983147586
SYNPCC7002_RS12395,SYNPCC7002_RS16935,0.086632926585737
SYNPCC7002_RS01420,SYNPCC7002_RS08555,0.0866309631102517
SYNPCC7002_RS03760,SYNPCC7002_RS11080,0.0866102705246274
SYNPCC7002_RS06150,SYNPCC7002_RS09630,0.0866101188071216
SYNPCC7002_RS03030,SYNPCC7002_RS14160,0.0866014366582667
SYNPCC7002_RS11400,SYNPCC7002_RS00385,0.086593796519755
SYNPCC7002_RS05460,SYNPCC7002_RS04825,0.0865921591716157
SYNPCC7002_RS06150,SYNPCC7002_RS10510,0.0865690565961063
SYNPCC7002_RS02715,SYNPCC7002_RS07950,0.0865679108952527
SYNPCC7002_RS12090,SYNPCC7002_RS08470,0.0865629503256526
SYNPCC7002_RS08860,SYNPCC7002_RS03555,0.086561650958805
SYNPCC7002_RS05135,SYNPCC7002_RS09580,0.0865590964077092
SYNPCC7002_RS04650,SYNPCC7002_RS08665,0.0865559829367816
SYNPCC7002_RS04650,SYNPCC7002_RS11190,0.0865459320869215
SYNPCC7002_RS12395,SYNPCC7002_RS03680,0.0865438311977272
SYNPCC7002_RS04250,SYNPCC7002_RS04385,0.0865350993034695
SYNPCC7002_RS03760,SYNPCC7002_RS11895,0.0865287229593372
SYNPCC7002_RS01800,SYNPCC7002_RS10200,0.0865213920498887
SYNPCC7002_RS04680,SYNPCC7002_RS15190,0.0865205447505747
SYNPCC7002_RS15520,SYNPCC7002_RS14290,0.0865200632730746
SYNPCC7002_RS12395,SYNPCC7002_RS05300,0.0865178148660163
SYNPCC7002_RS04680,SYNPCC7002_RS08635,0.0865156296491433
SYNPCC7002_RS01420,SYNPCC7002_RS08995,0.0865145476482495
SYNPCC7002_RS05135,SYNPCC7002_RS04370,0.0865137666581513
SYNPCC7002_RS12395,SYNPCC7002_RS17230,0.0865053237084669
SYNPCC7002_RS01335,SYNPCC7002_RS15280,0.0865021151512511
SYNPCC7002_RS08255,SYNPCC7002_RS02910,0.0865012465245862
SYNPCC7002_RS04650,SYNPCC7002_RS08320,0.0864952514559969
SYNPCC7002_RS03030,SYNPCC7002_RS13880,0.0864818797299899
SYNPCC7002_RS15255,SYNPCC7002_RS07845,0.0864678157355454
SYNPCC7002_RS14790,SYNPCC7002_RS05935,0.0864520808646157
SYNPCC7002_RS05985,SYNPCC7002_RS13650,0.086437442646324
SYNPCC7002_RS15995,SYNPCC7002_RS08020,0.0864348464732945
SYNPCC7002_RS12395,SYNPCC7002_RS03520,0.0864320376982446
SYNPCC7002_RS08965,SYNPCC7002_RS01480,0.086426615570675
SYNPCC7002_RS16320,SYNPCC7002_RS14440,0.0864228494484144
SYNPCC7002_RS05135,SYNPCC7002_RS02015,0.0863820273228222
SYNPCC7002_RS16320,SYNPCC7002_RS16310,0.0863690385849176
SYNPCC7002_RS09995,SYNPCC7002_RS00385,0.0863654964546683
SYNPCC7002_RS01420,SYNPCC7002_RS08010,0.0863571404025539
SYNPCC7002_RS10050,SYNPCC7002_RS04310,0.0863558693082802
SYNPCC7002_RS08210,SYNPCC7002_RS14135,0.0863550718957422
SYNPCC7002_RS05985,SYNPCC7002_RS02265,0.0863544624774215
SYNPCC7002_RS15520,SYNPCC7002_RS15195,0.0863511873947402
SYNPCC7002_RS05985,SYNPCC7002_RS13815,0.0863508027586717
SYNPCC7002_RS00850,SYNPCC7002_RS15275,0.086350064165228
SYNPCC7002_RS08965,SYNPCC7002_RS09715,0.0863425742851135
SYNPCC7002_RS03030,SYNPCC7002_RS02735,0.0863407098646964
SYNPCC7002_RS00650,SYNPCC7002_RS01250,0.0863401949498915
SYNPCC7002_RS04680,SYNPCC7002_RS14275,0.0863397468548584
SYNPCC7002_RS08965,SYNPCC7002_RS04060,0.0863356218545274
SYNPCC7002_RS02715,SYNPCC7002_RS03675,0.0863236648722475
SYNPCC7002_RS04680,SYNPCC7002_RS14575,0.0863215262912336
SYNPCC7002_RS02715,SYNPCC7002_RS16490,0.0863204398277707
SYNPCC7002_RS05135,SYNPCC7002_RS12670,0.0863106255036978
SYNPCC7002_RS08860,SYNPCC7002_RS12980,0.0863090499959332
SYNPCC7002_RS00640,SYNPCC7002_RS11555,0.0863060023971488
SYNPCC7002_RS04250,SYNPCC7002_RS04650,0.0862955632262589
SYNPCC7002_RS15680,SYNPCC7002_RS15605,0.0862902225425414
SYNPCC7002_RS04250,SYNPCC7002_RS05470,0.0862843047457603
SYNPCC7002_RS04250,SYNPCC7002_RS12020,0.0862738629218664
SYNPCC7002_RS12395,SYNPCC7002_RS05275,0.0862696017793892
SYNPCC7002_RS12395,SYNPCC7002_RS14245,0.0862658966269117
SYNPCC7002_RS12395,SYNPCC7002_RS12445,0.0862637146901194
SYNPCC7002_RS11685,SYNPCC7002_RS06740,0.0862629544683978
SYNPCC7002_RS09845,SYNPCC7002_RS12175,0.0862609608850772
SYNPCC7002_RS02715,SYNPCC7002_RS15075,0.0862592882813027
SYNPCC7002_RS08390,SYNPCC7002_RS07410,0.0862579103434544
SYNPCC7002_RS15995,SYNPCC7002_RS01045,0.0862374549450651
SYNPCC7002_RS08255,SYNPCC7002_RS10370,0.0862333980765003
SYNPCC7002_RS11685,SYNPCC7002_RS07495,0.0862283504023976
SYNPCC7002_RS05135,SYNPCC7002_RS00265,0.0862251870004736
SYNPCC7002_RS05135,SYNPCC7002_RS02215,0.0862197441201402
SYNPCC7002_RS06540,SYNPCC7002_RS07325,0.0862183052688007
SYNPCC7002_RS08965,SYNPCC7002_RS02435,0.0862124162136484
SYNPCC7002_RS09845,SYNPCC7002_RS05890,0.0861989694405442
SYNPCC7002_RS04890,SYNPCC7002_RS08190,0.0861758188916726
SYNPCC7002_RS15520,SYNPCC7002_RS01480,0.086166205430899
SYNPCC7002_RS03950,SYNPCC7002_RS16835,0.0861653969612857
SYNPCC7002_RS15520,SYNPCC7002_RS01260,0.0861507865486928
SYNPCC7002_RS00650,SYNPCC7002_RS12230,0.0861495326590173
SYNPCC7002_RS04650,SYNPCC7002_RS11120,0.0861311955746236
SYNPCC7002_RS00690,SYNPCC7002_RS08075,0.0861263975074356
SYNPCC7002_RS00640,SYNPCC7002_RS02710,0.086115935146091
SYNPCC7002_RS11400,SYNPCC7002_RS02730,0.0861133867841001
SYNPCC7002_RS10050,SYNPCC7002_RS06025,0.086109871731696
SYNPCC7002_RS05135,SYNPCC7002_RS11585,0.0861091450879805
SYNPCC7002_RS04780,SYNPCC7002_RS08655,0.0861026323380265
SYNPCC7002_RS08965,SYNPCC7002_RS07285,0.0860978626125603
SYNPCC7002_RS09820,SYNPCC7002_RS14940,0.0860896696398237
SYNPCC7002_RS11685,SYNPCC7002_RS10920,0.0860746123997188
SYNPCC7002_RS09320,SYNPCC7002_RS08745,0.0860714766442001
SYNPCC7002_RS09995,SYNPCC7002_RS02365,0.0860707880191251
SYNPCC7002_RS12395,SYNPCC7002_RS11355,0.0860697047916726
SYNPCC7002_RS09195,SYNPCC7002_RS10070,0.0860685023748707
SYNPCC7002_RS15410,SYNPCC7002_RS15420,0.0860668850087601
SYNPCC7002_RS05460,SYNPCC7002_RS14405,0.0860652868390603
SYNPCC7002_RS08965,SYNPCC7002_RS11545,0.0860586393711517
SYNPCC7002_RS01085,SYNPCC7002_RS14710,0.086058016105355
SYNPCC7002_RS09630,SYNPCC7002_RS11435,0.0860529172180417
SYNPCC7002_RS12395,SYNPCC7002_RS10920,0.0860529164605502
SYNPCC7002_RS15520,SYNPCC7002_RS08495,0.0860416730704407
SYNPCC7002_RS14790,SYNPCC7002_RS02070,0.0860381609369465
SYNPCC7002_RS15680,SYNPCC7002_RS07345,0.0860311593151187
SYNPCC7002_RS09260,SYNPCC7002_RS12210,0.0860304492833289
SYNPCC7002_RS05135,SYNPCC7002_RS09865,0.0860270943206472
SYNPCC7002_RS08390,SYNPCC7002_RS02375,0.0860267584403273
SYNPCC7002_RS12515,SYNPCC7002_RS05315,0.0860225107058232
SYNPCC7002_RS09320,SYNPCC7002_RS03880,0.0860061588778662
SYNPCC7002_RS01085,SYNPCC7002_RS14060,0.0860047513952091
SYNPCC7002_RS12395,SYNPCC7002_RS13060,0.0859948198297698
SYNPCC7002_RS10050,SYNPCC7002_RS06585,0.0859886338573331
SYNPCC7002_RS05135,SYNPCC7002_RS06050,0.0859774093443243
SYNPCC7002_RS09780,SYNPCC7002_RS06050,0.0859759121570192
SYNPCC7002_RS08390,SYNPCC7002_RS16245,0.0859723783392374
SYNPCC7002_RS09630,SYNPCC7002_RS14770,0.085948250950889
SYNPCC7002_RS08390,SYNPCC7002_RS15515,0.0859480864491958
SYNPCC7002_RS02715,SYNPCC7002_RS13705,0.0859318319676157
SYNPCC7002_RS05985,SYNPCC7002_RS00810,0.0859302377000273
SYNPCC7002_RS12090,SYNPCC7002_RS05485,0.0859200822496839
SYNPCC7002_RS00650,SYNPCC7002_RS01705,0.085914944816661
SYNPCC7002_RS03295,SYNPCC7002_RS06045,0.0859001569076573
SYNPCC7002_RS04250,SYNPCC7002_RS17215,0.0858977066859472
SYNPCC7002_RS03760,SYNPCC7002_RS08615,0.0858900091745472
SYNPCC7002_RS15520,SYNPCC7002_RS06770,0.0858890928593854
SYNPCC7002_RS09995,SYNPCC7002_RS11995,0.085880891099572
SYNPCC7002_RS04890,SYNPCC7002_RS11325,0.0858774715541165
SYNPCC7002_RS08965,SYNPCC7002_RS08540,0.0858714791942752
SYNPCC7002_RS00050,SYNPCC7002_RS17005,0.0858597336091617
SYNPCC7002_RS09630,SYNPCC7002_RS03600,0.0858549991353908
SYNPCC7002_RS09630,SYNPCC7002_RS06800,0.0858538415924163
SYNPCC7002_RS05985,SYNPCC7002_RS12265,0.0858427614706585
SYNPCC7002_RS15520,SYNPCC7002_RS02640,0.0858350760724347
SYNPCC7002_RS04290,SYNPCC7002_RS01340,0.0858294457262628
SYNPCC7002_RS01800,SYNPCC7002_RS12770,0.085826751151199
SYNPCC7002_RS05135,SYNPCC7002_RS17220,0.0858181907471477
SYNPCC7002_RS11400,SYNPCC7002_RS08410,0.0858142826322141
SYNPCC7002_RS00010,SYNPCC7002_RS01760,0.0858087916934049
SYNPCC7002_RS01420,SYNPCC7002_RS01785,0.0858086362627887
SYNPCC7002_RS03030,SYNPCC7002_RS00055,0.0858036544995365
SYNPCC7002_RS06540,SYNPCC7002_RS02490,0.0857844835542295
SYNPCC7002_RS07295,SYNPCC7002_RS07635,0.0857806740525677
SYNPCC7002_RS04780,SYNPCC7002_RS13130,0.0857718962241298
SYNPCC7002_RS05460,SYNPCC7002_RS17030,0.0857714055483781
SYNPCC7002_RS10050,SYNPCC7002_RS11920,0.0857666634909094
SYNPCC7002_RS15410,SYNPCC7002_RS14880,0.0857601469449205
SYNPCC7002_RS03760,SYNPCC7002_RS01760,0.0857593452921207
SYNPCC7002_RS00650,SYNPCC7002_RS09490,0.0857482562076738
SYNPCC7002_RS10050,SYNPCC7002_RS08780,0.0857455140836085
SYNPCC7002_RS05985,SYNPCC7002_RS01765,0.0857410187278022
SYNPCC7002_RS09320,SYNPCC7002_RS04450,0.0857342309163218
SYNPCC7002_RS08255,SYNPCC7002_RS10080,0.0857339105064867
SYNPCC7002_RS04250,SYNPCC7002_RS04585,0.0857303822816931
SYNPCC7002_RS15410,SYNPCC7002_RS00955,0.085722997485603
SYNPCC7002_RS05985,SYNPCC7002_RS05750,0.0857229894764406
SYNPCC7002_RS08255,SYNPCC7002_RS00675,0.0857229841850877
SYNPCC7002_RS07385,SYNPCC7002_RS02985,0.085715471152535
SYNPCC7002_RS05985,SYNPCC7002_RS15260,0.0856856619706867
SYNPCC7002_RS12395,SYNPCC7002_RS12480,0.0856844739443029
SYNPCC7002_RS09630,SYNPCC7002_RS14765,0.0856782670825818
SYNPCC7002_RS05135,SYNPCC7002_RS12460,0.0856702253911373
SYNPCC7002_RS11400,SYNPCC7002_RS10065,0.0856500713298543
SYNPCC7002_RS08860,SYNPCC7002_RS07005,0.0856498547804719
SYNPCC7002_RS02715,SYNPCC7002_RS09410,0.0856456810115929
SYNPCC7002_RS01800,SYNPCC7002_RS01545,0.0856421924184563
SYNPCC7002_RS05985,SYNPCC7002_RS10605,0.0856377068211098
SYNPCC7002_RS09320,SYNPCC7002_RS15225,0.0856368628286053
SYNPCC7002_RS00650,SYNPCC7002_RS02350,0.0856270698804685
SYNPCC7002_RS16320,SYNPCC7002_RS15655,0.0856267309145198
SYNPCC7002_RS08965,SYNPCC7002_RS05490,0.0856107652757416
SYNPCC7002_RS15520,SYNPCC7002_RS09660,0.0856103380992004
SYNPCC7002_RS05135,SYNPCC7002_RS00585,0.0856086393528497
SYNPCC7002_RS12395,SYNPCC7002_RS01755,0.0856019724802538
SYNPCC7002_RS09320,SYNPCC7002_RS06125,0.0855758809554482
SYNPCC7002_RS05460,SYNPCC7002_RS07390,0.085575032557785
SYNPCC7002_RS10050,SYNPCC7002_RS03685,0.0855720905489262
SYNPCC7002_RS05135,SYNPCC7002_RS11955,0.0855716085175831
SYNPCC7002_RS05135,SYNPCC7002_RS11000,0.0855704647324395
SYNPCC7002_RS03760,SYNPCC7002_RS11890,0.0855688315320113
SYNPCC7002_RS12395,SYNPCC7002_RS12150,0.0855619197185769
SYNPCC7002_RS11400,SYNPCC7002_RS05855,0.0855608353960159
SYNPCC7002_RS12395,SYNPCC7002_RS01980,0.0855593528758329
SYNPCC7002_RS05135,SYNPCC7002_RS11660,0.0855532046504323
SYNPCC7002_RS09780,SYNPCC7002_RS05020,0.0855511936776769
SYNPCC7002_RS08390,SYNPCC7002_RS16540,0.0855478046130345
SYNPCC7002_RS08390,SYNPCC7002_RS10415,0.0855382388677624
SYNPCC7002_RS07385,SYNPCC7002_RS10645,0.0855294817122719
SYNPCC7002_RS10050,SYNPCC7002_RS02405,0.0855250264412604
SYNPCC7002_RS05135,SYNPCC7002_RS15640,0.0855176497055962
SYNPCC7002_RS08860,SYNPCC7002_RS02720,0.0855076788096534
SYNPCC7002_RS01335,SYNPCC7002_RS10085,0.0855050593592317
SYNPCC7002_RS04780,SYNPCC7002_RS07030,0.0854705933124711
SYNPCC7002_RS04780,SYNPCC7002_RS03930,0.0854684014930497
SYNPCC7002_RS01420,SYNPCC7002_RS13865,0.085468152240963
SYNPCC7002_RS09630,SYNPCC7002_RS00950,0.0854542696070402
SYNPCC7002_RS10050,SYNPCC7002_RS14750,0.0854540083922394
SYNPCC7002_RS00050,SYNPCC7002_RS11460,0.0854521177684099
SYNPCC7002_RS00635,SYNPCC7002_RS08110,0.0854464485535574
SYNPCC7002_RS09320,SYNPCC7002_RS11290,0.0854449957489679
SYNPCC7002_RS04780,SYNPCC7002_RS08150,0.0854309303645432
SYNPCC7002_RS10050,SYNPCC7002_RS05800,0.0854293097251258
SYNPCC7002_RS15680,SYNPCC7002_RS04135,0.085423579560216
SYNPCC7002_RS01420,SYNPCC7002_RS05250,0.0854202957118523
SYNPCC7002_RS04250,SYNPCC7002_RS00885,0.0854197144155828
SYNPCC7002_RS07385,SYNPCC7002_RS09210,0.0854190465951275
SYNPCC7002_RS04680,SYNPCC7002_RS01810,0.0853968056532979
SYNPCC7002_RS12515,SYNPCC7002_RS06515,0.0853921723117093
SYNPCC7002_RS15255,SYNPCC7002_RS01540,0.0853891415595645
SYNPCC7002_RS08175,SYNPCC7002_RS16175,0.0853865791677781
SYNPCC7002_RS02455,SYNPCC7002_RS01620,0.0853782132048094
SYNPCC7002_RS09630,SYNPCC7002_RS17225,0.0853488047310594
SYNPCC7002_RS08390,SYNPCC7002_RS12290,0.0853452900808826
SYNPCC7002_RS01420,SYNPCC7002_RS01925,0.085343975639812
SYNPCC7002_RS09175,SYNPCC7002_RS14195,0.0853389170796557
SYNPCC7002_RS04890,SYNPCC7002_RS10130,0.0853373251783705
SYNPCC7002_RS01800,SYNPCC7002_RS14900,0.0853348154368502
SYNPCC7002_RS09175,SYNPCC7002_RS10095,0.0853329071600221
SYNPCC7002_RS15680,SYNPCC7002_RS10560,0.0853293981416375
SYNPCC7002_RS04250,SYNPCC7002_RS11230,0.0853290511281738
SYNPCC7002_RS08390,SYNPCC7002_RS00150,0.08531616869241
SYNPCC7002_RS01335,SYNPCC7002_RS07420,0.0853079450373057
SYNPCC7002_RS01335,SYNPCC7002_RS16245,0.0853056484943813
SYNPCC7002_RS02715,SYNPCC7002_RS07865,0.0853040265681038
SYNPCC7002_RS16160,SYNPCC7002_RS16060,0.0853033996480634
SYNPCC7002_RS06540,SYNPCC7002_RS11940,0.0852885219282154
SYNPCC7002_RS03030,SYNPCC7002_RS00655,0.0852832762649548
SYNPCC7002_RS12395,SYNPCC7002_RS16420,0.0852684464465461
SYNPCC7002_RS03760,SYNPCC7002_RS10095,0.0852555589968339
SYNPCC7002_RS08390,SYNPCC7002_RS13165,0.0852484453510113
SYNPCC7002_RS06005,SYNPCC7002_RS08370,0.0852461268639552
SYNPCC7002_RS12105,SYNPCC7002_RS02685,0.0852084430152759
SYNPCC7002_RS05135,SYNPCC7002_RS04010,0.0851990614401455
SYNPCC7002_RS11685,SYNPCC7002_RS08660,0.0851929816238764
SYNPCC7002_RS06540,SYNPCC7002_RS02370,0.0851860579485694
SYNPCC7002_RS07385,SYNPCC7002_RS13025,0.0851808465838098
SYNPCC7002_RS04650,SYNPCC7002_RS11140,0.0851797164787167
SYNPCC7002_RS12090,SYNPCC7002_RS01375,0.0851785911555439
SYNPCC7002_RS15520,SYNPCC7002_RS13860,0.0851782620777502
SYNPCC7002_RS10145,SYNPCC7002_RS03985,0.0851604669123504
SYNPCC7002_RS09780,SYNPCC7002_RS16075,0.0851487814543115
SYNPCC7002_RS15520,SYNPCC7002_RS08210,0.0851487137708827
SYNPCC7002_RS04780,SYNPCC7002_RS11815,0.085148274006713
SYNPCC7002_RS08965,SYNPCC7002_RS03880,0.0851458562198366
SYNPCC7002_RS10050,SYNPCC7002_RS11955,0.0851447314148742
SYNPCC7002_RS03950,SYNPCC7002_RS11555,0.085143274179222
SYNPCC7002_RS08965,SYNPCC7002_RS08425,0.085142574080154
SYNPCC7002_RS08965,SYNPCC7002_RS03925,0.0851339002529054
SYNPCC7002_RS01420,SYNPCC7002_RS12535,0.0851252538175211
SYNPCC7002_RS08480,SYNPCC7002_RS00195,0.0851242618097779
SYNPCC7002_RS07385,SYNPCC7002_RS10475,0.0851047631516361
SYNPCC7002_RS09845,SYNPCC7002_RS11495,0.0851009619077323
SYNPCC7002_RS15520,SYNPCC7002_RS08955,0.0850938432813901
SYNPCC7002_RS08965,SYNPCC7002_RS00220,0.0850923976418154
SYNPCC7002_RS04680,SYNPCC7002_RS06880,0.0850891014851682
SYNPCC7002_RS01335,SYNPCC7002_RS09625,0.0850886542428589
SYNPCC7002_RS10050,SYNPCC7002_RS15485,0.0850875176398508
SYNPCC7002_RS12395,SYNPCC7002_RS06570,0.0850818556247231
SYNPCC7002_RS09090,SYNPCC7002_RS15615,0.0850762914647497
SYNPCC7002_RS08965,SYNPCC7002_RS12495,0.0850643823812113
SYNPCC7002_RS05135,SYNPCC7002_RS10740,0.085058023742534
SYNPCC7002_RS02455,SYNPCC7002_RS14030,0.0850571765761362
SYNPCC7002_RS12515,SYNPCC7002_RS13755,0.0850487750086724
SYNPCC7002_RS08390,SYNPCC7002_RS03775,0.0850430326641053
SYNPCC7002_RS08945,SYNPCC7002_RS01430,0.0850408584003813
SYNPCC7002_RS08210,SYNPCC7002_RS08955,0.0850407365772149
SYNPCC7002_RS05460,SYNPCC7002_RS14345,0.0850212541776531
SYNPCC7002_RS06540,SYNPCC7002_RS06485,0.0850107124472514
SYNPCC7002_RS12395,SYNPCC7002_RS15110,0.0850069643728809
SYNPCC7002_RS09820,SYNPCC7002_RS09800,0.0850023529099916
SYNPCC7002_RS09995,SYNPCC7002_RS08840,0.0849983533255395
SYNPCC7002_RS08255,SYNPCC7002_RS14310,0.0849882077559422
SYNPCC7002_RS12395,SYNPCC7002_RS01760,0.0849799997995032
SYNPCC7002_RS06540,SYNPCC7002_RS03930,0.0849694692300855
SYNPCC7002_RS08210,SYNPCC7002_RS11490,0.0849667369180424
SYNPCC7002_RS03030,SYNPCC7002_RS08410,0.0849652165152685
SYNPCC7002_RS15520,SYNPCC7002_RS05560,0.0849628764489066
SYNPCC7002_RS03030,SYNPCC7002_RS13715,0.0849623017959674
SYNPCC7002_RS11685,SYNPCC7002_RS10110,0.0849601330703948
SYNPCC7002_RS16320,SYNPCC7002_RS09300,0.0849571157889371
SYNPCC7002_RS05460,SYNPCC7002_RS17155,0.0849551451269407
SYNPCC7002_RS08390,SYNPCC7002_RS00960,0.0849533933536349
SYNPCC7002_RS08945,SYNPCC7002_RS00720,0.0849515612266021
SYNPCC7002_RS11400,SYNPCC7002_RS04025,0.0849453760437375
SYNPCC7002_RS09780,SYNPCC7002_RS16320,0.0849446426186005
SYNPCC7002_RS08255,SYNPCC7002_RS05025,0.0849443417579445
SYNPCC7002_RS02455,SYNPCC7002_RS12705,0.0849417119426204
SYNPCC7002_RS09820,SYNPCC7002_RS15075,0.0849283514571363
SYNPCC7002_RS01800,SYNPCC7002_RS02460,0.0849253892176921
SYNPCC7002_RS16320,SYNPCC7002_RS14430,0.0849244567497444
SYNPCC7002_RS09780,SYNPCC7002_RS07550,0.0849194277384699
SYNPCC7002_RS11685,SYNPCC7002_RS09760,0.0849189599453889
SYNPCC7002_RS04780,SYNPCC7002_RS10065,0.0849143477515895
SYNPCC7002_RS08175,SYNPCC7002_RS14465,0.0849134657969447
SYNPCC7002_RS09820,SYNPCC7002_RS13750,0.0849132750465233
SYNPCC7002_RS04890,SYNPCC7002_RS06785,0.0849108049016109
SYNPCC7002_RS12395,SYNPCC7002_RS06025,0.0849059209842621
SYNPCC7002_RS09780,SYNPCC7002_RS15110,0.0849034778556702
SYNPCC7002_RS08390,SYNPCC7002_RS13895,0.0849015724153106
SYNPCC7002_RS03030,SYNPCC7002_RS03855,0.0849001381690224
SYNPCC7002_RS08965,SYNPCC7002_RS06680,0.08489630907904
SYNPCC7002_RS05135,SYNPCC7002_RS04115,0.0848815717342201
SYNPCC7002_RS10050,SYNPCC7002_RS02170,0.0848772085953619
SYNPCC7002_RS04780,SYNPCC7002_RS15515,0.0848748259139975
SYNPCC7002_RS15030,SYNPCC7002_RS15040,0.0848714410618654
SYNPCC7002_RS04650,SYNPCC7002_RS01740,0.0848698346817013
SYNPCC7002_RS15255,SYNPCC7002_RS13180,0.0848680285157811
SYNPCC7002_RS08965,SYNPCC7002_RS00145,0.084847867537654
SYNPCC7002_RS02715,SYNPCC7002_RS14505,0.0848357152651165
SYNPCC7002_RS04780,SYNPCC7002_RS12795,0.0848073653439663
SYNPCC7002_RS06540,SYNPCC7002_RS12870,0.0847991394259992
SYNPCC7002_RS06150,SYNPCC7002_RS11560,0.0847991242439029
SYNPCC7002_RS01335,SYNPCC7002_RS07170,0.0847912126787378
SYNPCC7002_RS15520,SYNPCC7002_RS05420,0.0847907668516533
SYNPCC7002_RS07295,SYNPCC7002_RS04830,0.0847898418301918
SYNPCC7002_RS02455,SYNPCC7002_RS16220,0.0847855728697169
SYNPCC7002_RS04780,SYNPCC7002_RS12220,0.0847818456373347
SYNPCC7002_RS08945,SYNPCC7002_RS13425,0.0847810829964602
SYNPCC7002_RS08390,SYNPCC7002_RS09315,0.0847765144668601
SYNPCC7002_RS10050,SYNPCC7002_RS03680,0.0847745852482227
SYNPCC7002_RS00650,SYNPCC7002_RS09320,0.0847713635298982
SYNPCC7002_RS01335,SYNPCC7002_RS05335,0.084769870154836
SYNPCC7002_RS09630,SYNPCC7002_RS10115,0.0847687889481941
SYNPCC7002_RS09780,SYNPCC7002_RS04140,0.0847655588687815
SYNPCC7002_RS00010,SYNPCC7002_RS03625,0.0847554204195686
SYNPCC7002_RS08480,SYNPCC7002_RS03185,0.0847486919031821
SYNPCC7002_RS04650,SYNPCC7002_RS06550,0.0847458252510767
SYNPCC7002_RS04780,SYNPCC7002_RS11615,0.0847392639124374
SYNPCC7002_RS06165,SYNPCC7002_RS00745,0.0847326728478141
SYNPCC7002_RS08945,SYNPCC7002_RS09030,0.0847305323368989
SYNPCC7002_RS08965,SYNPCC7002_RS01355,0.08472917511249
SYNPCC7002_RS04780,SYNPCC7002_RS04710,0.0847250657376359
SYNPCC7002_RS15520,SYNPCC7002_RS01460,0.0847145709076042
SYNPCC7002_RS09820,SYNPCC7002_RS01245,0.0847030094837883
SYNPCC7002_RS09995,SYNPCC7002_RS11130,0.0846886880240794
SYNPCC7002_RS14385,SYNPCC7002_RS14405,0.0846857736977587
SYNPCC7002_RS08965,SYNPCC7002_RS06070,0.0846820230251553
SYNPCC7002_RS10145,SYNPCC7002_RS13760,0.0846703813208698
SYNPCC7002_RS09995,SYNPCC7002_RS01860,0.0846551915288065
SYNPCC7002_RS06150,SYNPCC7002_RS07150,0.0846519280860657
SYNPCC7002_RS04890,SYNPCC7002_RS16130,0.0846396607530823
SYNPCC7002_RS05460,SYNPCC7002_RS16990,0.0846262397102766
SYNPCC7002_RS09780,SYNPCC7002_RS13090,0.0846136369043125
SYNPCC7002_RS04250,SYNPCC7002_RS12840,0.0846131011251116
SYNPCC7002_RS07385,SYNPCC7002_RS06765,0.0846127860301517
SYNPCC7002_RS06005,SYNPCC7002_RS13885,0.084609804023425
SYNPCC7002_RS09780,SYNPCC7002_RS17235,0.084606805751274
SYNPCC7002_RS01335,SYNPCC7002_RS06835,0.0846038589696825
SYNPCC7002_RS09320,SYNPCC7002_RS10485,0.0845878801496698
SYNPCC7002_RS04250,SYNPCC7002_RS13080,0.0845875673743941
SYNPCC7002_RS09995,SYNPCC7002_RS00145,0.0845824309113535
SYNPCC7002_RS04890,SYNPCC7002_RS17035,0.0845713281317702
SYNPCC7002_RS05135,SYNPCC7002_RS15110,0.0845701272570078
SYNPCC7002_RS04780,SYNPCC7002_RS09690,0.084564035892924
SYNPCC7002_RS00050,SYNPCC7002_RS06230,0.0845588137675558
SYNPCC7002_RS11685,SYNPCC7002_RS08820,0.0845305853119791
SYNPCC7002_RS00050,SYNPCC7002_RS11535,0.0845274406191251
SYNPCC7002_RS01085,SYNPCC7002_RS07165,0.0845236604868057
SYNPCC7002_RS05135,SYNPCC7002_RS04535,0.0845183507875179
SYNPCC7002_RS05135,SYNPCC7002_RS01515,0.0845122486693869
SYNPCC7002_RS14440,SYNPCC7002_RS14400,0.0845113125709477
SYNPCC7002_RS00010,SYNPCC7002_RS07735,0.0845019934882482
SYNPCC7002_RS05460,SYNPCC7002_RS08890,0.0844962522435803
SYNPCC7002_RS03950,SYNPCC7002_RS15715,0.084489477446418
SYNPCC7002_RS10050,SYNPCC7002_RS03665,0.0844835718234032
SYNPCC7002_RS05985,SYNPCC7002_RS06885,0.0844798707287483
SYNPCC7002_RS15520,SYNPCC7002_RS06135,0.0844747030054112
SYNPCC7002_RS01420,SYNPCC7002_RS05205,0.0844671223600582
SYNPCC7002_RS04650,SYNPCC7002_RS02990,0.0844450204714648
SYNPCC7002_RS08965,SYNPCC7002_RS14185,0.0844400560257916
SYNPCC7002_RS03760,SYNPCC7002_RS06255,0.0844393648283036
SYNPCC7002_RS02455,SYNPCC7002_RS10745,0.084427151893266
SYNPCC7002_RS11685,SYNPCC7002_RS04650,0.0844232843680367
SYNPCC7002_RS01085,SYNPCC7002_RS13450,0.0844191317548224
SYNPCC7002_RS06540,SYNPCC7002_RS03935,0.0844171279291745
SYNPCC7002_RS04650,SYNPCC7002_RS11455,0.0844113822142095
SYNPCC7002_RS12515,SYNPCC7002_RS12750,0.0844113627718442
SYNPCC7002_RS10050,SYNPCC7002_RS04840,0.0844093573389399
SYNPCC7002_RS06150,SYNPCC7002_RS02345,0.0844089698044281
SYNPCC7002_RS09320,SYNPCC7002_RS01080,0.084404345837048
SYNPCC7002_RS16320,SYNPCC7002_RS15325,0.0843964242448024
SYNPCC7002_RS04780,SYNPCC7002_RS06015,0.0843964182114958
SYNPCC7002_RS09320,SYNPCC7002_RS16685,0.0843900991388563
SYNPCC7002_RS09630,SYNPCC7002_RS15010,0.0843870613590756
SYNPCC7002_RS01800,SYNPCC7002_RS06370,0.0843806543588626
SYNPCC7002_RS05460,SYNPCC7002_RS07920,0.0843751335402953
SYNPCC7002_RS09630,SYNPCC7002_RS14615,0.0843555089081644
SYNPCC7002_RS12395,SYNPCC7002_RS04120,0.0843530985725654
SYNPCC7002_RS03030,SYNPCC7002_RS02225,0.0843246703061488
SYNPCC7002_RS12395,SYNPCC7002_RS12145,0.0843195039646747
SYNPCC7002_RS15520,SYNPCC7002_RS11735,0.084314667472424
SYNPCC7002_RS03950,SYNPCC7002_RS15810,0.0843015674817857
SYNPCC7002_RS05135,SYNPCC7002_RS05390,0.0843015349314616
SYNPCC7002_RS04890,SYNPCC7002_RS03385,0.0842872176146991
SYNPCC7002_RS01800,SYNPCC7002_RS05695,0.0842825311557695
SYNPCC7002_RS10050,SYNPCC7002_RS13725,0.0842813004342994
SYNPCC7002_RS09780,SYNPCC7002_RS04270,0.0842791704131748
SYNPCC7002_RS12395,SYNPCC7002_RS15050,0.0842781177888423
SYNPCC7002_RS04780,SYNPCC7002_RS11940,0.084276893957948
SYNPCC7002_RS04780,SYNPCC7002_RS14140,0.0842665092352809
SYNPCC7002_RS09175,SYNPCC7002_RS00615,0.0842628606940895
SYNPCC7002_RS09820,SYNPCC7002_RS09005,0.0842621539709388
SYNPCC7002_RS09845,SYNPCC7002_RS09090,0.0842609065730675
SYNPCC7002_RS15255,SYNPCC7002_RS05105,0.0842534232019843
SYNPCC7002_RS07385,SYNPCC7002_RS09615,0.0842449582001957
SYNPCC7002_RS07385,SYNPCC7002_RS10510,0.0842284690638663
SYNPCC7002_RS00650,SYNPCC7002_RS05745,0.0842283326063371
SYNPCC7002_RS15410,SYNPCC7002_RS09850,0.084226994731368
SYNPCC7002_RS07385,SYNPCC7002_RS11740,0.0842203178946562
SYNPCC7002_RS10050,SYNPCC7002_RS07770,0.0842152626640756
SYNPCC7002_RS06540,SYNPCC7002_RS12750,0.0842133968645751
SYNPCC7002_RS09420,SYNPCC7002_RS14325,0.0842124897631314
SYNPCC7002_RS04250,SYNPCC7002_RS11150,0.0842088382317977
SYNPCC7002_RS15520,SYNPCC7002_RS03565,0.0842056322848994
SYNPCC7002_RS10050,SYNPCC7002_RS12120,0.0842055198040769
SYNPCC7002_RS09995,SYNPCC7002_RS08850,0.0842031422060866
SYNPCC7002_RS00260,SYNPCC7002_RS10720,0.0842020048008541
SYNPCC7002_RS02715,SYNPCC7002_RS09165,0.0841859909095327
SYNPCC7002_RS04650,SYNPCC7002_RS10865,0.0841791306186546
SYNPCC7002_RS08945,SYNPCC7002_RS00285,0.084177869193213
SYNPCC7002_RS09320,SYNPCC7002_RS07985,0.0841767142515045
SYNPCC7002_RS10050,SYNPCC7002_RS11730,0.084175371368463
SYNPCC7002_RS15520,SYNPCC7002_RS11670,0.0841737886203608
SYNPCC7002_RS04890,SYNPCC7002_RS07545,0.0841719409521842
SYNPCC7002_RS09820,SYNPCC7002_RS13000,0.0841685719715234
SYNPCC7002_RS05460,SYNPCC7002_RS10820,0.0841672974433098
SYNPCC7002_RS09320,SYNPCC7002_RS16200,0.0841646122791325
SYNPCC7002_RS11685,SYNPCC7002_RS01510,0.0841558768003636
SYNPCC7002_RS00650,SYNPCC7002_RS12745,0.0841506713026796
SYNPCC7002_RS04780,SYNPCC7002_RS13320,0.0841407154776794
SYNPCC7002_RS09820,SYNPCC7002_RS13350,0.0841376057631545
SYNPCC7002_RS09780,SYNPCC7002_RS16385,0.0841360143967344
SYNPCC7002_RS05460,SYNPCC7002_RS04425,0.0841320728051014
SYNPCC7002_RS01335,SYNPCC7002_RS06435,0.0841319293771906
SYNPCC7002_RS09780,SYNPCC7002_RS16595,0.084131131488396
SYNPCC7002_RS12395,SYNPCC7002_RS00305,0.0841252784847008
SYNPCC7002_RS11685,SYNPCC7002_RS09460,0.0841218281926899
SYNPCC7002_RS04780,SYNPCC7002_RS17065,0.0841065489898141
SYNPCC7002_RS06165,SYNPCC7002_RS10365,0.0840972005145407
SYNPCC7002_RS08945,SYNPCC7002_RS10575,0.0840898442041883
SYNPCC7002_RS04650,SYNPCC7002_RS09285,0.0840817905480953
SYNPCC7002_RS03760,SYNPCC7002_RS10735,0.0840812260701645
SYNPCC7002_RS00640,SYNPCC7002_RS16825,0.0840801388330365
SYNPCC7002_RS02455,SYNPCC7002_RS10430,0.0840672216611185
SYNPCC7002_RS07385,SYNPCC7002_RS01060,0.084061271078386
SYNPCC7002_RS15255,SYNPCC7002_RS14435,0.0840523404609147
SYNPCC7002_RS04250,SYNPCC7002_RS04270,0.084048194634225
SYNPCC7002_RS11400,SYNPCC7002_RS02735,0.0840450157169825
SYNPCC7002_RS10050,SYNPCC7002_RS15840,0.0840369839895053
SYNPCC7002_RS04780,SYNPCC7002_RS11505,0.0839946165420908
SYNPCC7002_RS07385,SYNPCC7002_RS01685,0.0839758708886624
SYNPCC7002_RS10050,SYNPCC7002_RS02510,0.0839747108298788
SYNPCC7002_RS08210,SYNPCC7002_RS01035,0.0839736283711869
SYNPCC7002_RS10050,SYNPCC7002_RS06395,0.0839718744892101
SYNPCC7002_RS03030,SYNPCC7002_RS08955,0.0839686910259058
SYNPCC7002_RS01335,SYNPCC7002_RS11050,0.0839676339850103
SYNPCC7002_RS12515,SYNPCC7002_RS10055,0.0839656590000816
SYNPCC7002_RS02715,SYNPCC7002_RS14490,0.0839654119766158
SYNPCC7002_RS02715,SYNPCC7002_RS10930,0.0839596879390025
SYNPCC7002_RS12395,SYNPCC7002_RS02635,0.0839520685214508
SYNPCC7002_RS10050,SYNPCC7002_RS15055,0.083943913200463
SYNPCC7002_RS04250,SYNPCC7002_RS04400,0.0839298361917489
SYNPCC7002_RS07385,SYNPCC7002_RS12965,0.0839285236691112
SYNPCC7002_RS03030,SYNPCC7002_RS05545,0.0839102651679834
SYNPCC7002_RS05985,SYNPCC7002_RS12845,0.0839059359281638
SYNPCC7002_RS10050,SYNPCC7002_RS08045,0.0838989367302696
SYNPCC7002_RS04780,SYNPCC7002_RS12210,0.0838850602856585
SYNPCC7002_RS10050,SYNPCC7002_RS09565,0.0838779286373453
SYNPCC7002_RS00010,SYNPCC7002_RS17150,0.0838747795812913
SYNPCC7002_RS12395,SYNPCC7002_RS05260,0.0838729419861526
SYNPCC7002_RS09780,SYNPCC7002_RS07555,0.0838603139638815
SYNPCC7002_RS05460,SYNPCC7002_RS08895,0.0838548677798176
SYNPCC7002_RS09630,SYNPCC7002_RS02895,0.083845660729365
SYNPCC7002_RS11685,SYNPCC7002_RS11660,0.0838400567955493
SYNPCC7002_RS05460,SYNPCC7002_RS15490,0.0838339878073502
SYNPCC7002_RS09780,SYNPCC7002_RS15475,0.0838243446314616
SYNPCC7002_RS08860,SYNPCC7002_RS01685,0.0838149032350955
SYNPCC7002_RS08390,SYNPCC7002_RS15040,0.0838113511190679
SYNPCC7002_RS04890,SYNPCC7002_RS03060,0.083809196458496
SYNPCC7002_RS12395,SYNPCC7002_RS07730,0.0838017811689828
SYNPCC7002_RS05460,SYNPCC7002_RS02020,0.0838003279273705
SYNPCC7002_RS16320,SYNPCC7002_RS03150,0.0837963977637623
SYNPCC7002_RS15255,SYNPCC7002_RS08445,0.0837962357026909
SYNPCC7002_RS08965,SYNPCC7002_RS02080,0.0837943986279481
SYNPCC7002_RS02455,SYNPCC7002_RS07385,0.0837837775033704
SYNPCC7002_RS08965,SYNPCC7002_RS01130,0.0837821461516753
SYNPCC7002_RS08390,SYNPCC7002_RS12080,0.0837718607195143
SYNPCC7002_RS07385,SYNPCC7002_RS00960,0.0837714867336167
SYNPCC7002_RS05460,SYNPCC7002_RS06665,0.0837649430304306
SYNPCC7002_RS00690,SYNPCC7002_RS11910,0.0837645842295008
SYNPCC7002_RS04650,SYNPCC7002_RS08315,0.0837611099115951
SYNPCC7002_RS09995,SYNPCC7002_RS11300,0.0837601459584382
SYNPCC7002_RS04650,SYNPCC7002_RS08060,0.0837577574476567
SYNPCC7002_RS12395,SYNPCC7002_RS08305,0.0837571901136449
SYNPCC7002_RS05460,SYNPCC7002_RS14845,0.083756983484936
SYNPCC7002_RS04250,SYNPCC7002_RS02170,0.0837479310320891
SYNPCC7002_RS03030,SYNPCC7002_RS11525,0.0837454902583357
SYNPCC7002_RS04650,SYNPCC7002_RS14235,0.0837442366915565
SYNPCC7002_RS04890,SYNPCC7002_RS10210,0.0837388379065173
SYNPCC7002_RS15255,SYNPCC7002_RS04665,0.0837373820933524
SYNPCC7002_RS15520,SYNPCC7002_RS07280,0.0837225091385813
SYNPCC7002_RS12395,SYNPCC7002_RS03750,0.0837123215997857
SYNPCC7002_RS09320,SYNPCC7002_RS09490,0.0837114692518506
SYNPCC7002_RS15520,SYNPCC7002_RS14585,0.0837105331964284
SYNPCC7002_RS02455,SYNPCC7002_RS00960,0.0837059017000667
SYNPCC7002_RS00640,SYNPCC7002_RS02305,0.0837052756151505
SYNPCC7002_RS03030,SYNPCC7002_RS13130,0.083685990441859
SYNPCC7002_RS00010,SYNPCC7002_RS12935,0.0836809926635413
SYNPCC7002_RS02715,SYNPCC7002_RS06915,0.083678690405721
SYNPCC7002_RS05460,SYNPCC7002_RS16830,0.0836724122801838
SYNPCC7002_RS10050,SYNPCC7002_RS00370,0.0836695541317798
SYNPCC7002_RS08965,SYNPCC7002_RS11390,0.0836639383381221
SYNPCC7002_RS08210,SYNPCC7002_RS00120,0.0836627792065691
SYNPCC7002_RS07295,SYNPCC7002_RS07935,0.0836383177394229
SYNPCC7002_RS08860,SYNPCC7002_RS01780,0.0836378896525119
SYNPCC7002_RS07295,SYNPCC7002_RS13595,0.0836353550685742
SYNPCC7002_RS04780,SYNPCC7002_RS13695,0.0836270705019327
SYNPCC7002_RS00640,SYNPCC7002_RS08625,0.0836236417959347
SYNPCC7002_RS01335,SYNPCC7002_RS07175,0.0836234405575856
SYNPCC7002_RS15410,SYNPCC7002_RS16270,0.0836086211896428
SYNPCC7002_RS09845,SYNPCC7002_RS04755,0.0835947858049546
SYNPCC7002_RS09780,SYNPCC7002_RS07060,0.0835932184371075
SYNPCC7002_RS01800,SYNPCC7002_RS03490,0.083589200571358
SYNPCC7002_RS00050,SYNPCC7002_RS00360,0.0835875779805446
SYNPCC7002_RS03760,SYNPCC7002_RS08105,0.0835788090857677
SYNPCC7002_RS15030,SYNPCC7002_RS14970,0.0835654734617661
SYNPCC7002_RS09175,SYNPCC7002_RS07720,0.0835636526551689
SYNPCC7002_RS07385,SYNPCC7002_RS06875,0.0835610219573916
SYNPCC7002_RS08860,SYNPCC7002_RS00380,0.0835342578149254
SYNPCC7002_RS08965,SYNPCC7002_RS14045,0.0835293573947545
SYNPCC7002_RS04890,SYNPCC7002_RS02995,0.0835292440091683
SYNPCC7002_RS09780,SYNPCC7002_RS15260,0.0835186210397394
SYNPCC7002_RS12395,SYNPCC7002_RS01140,0.0835085052319099
SYNPCC7002_RS04780,SYNPCC7002_RS15510,0.0835042383778908
SYNPCC7002_RS09630,SYNPCC7002_RS11210,0.0835017900388521
SYNPCC7002_RS02715,SYNPCC7002_RS13190,0.0834991111241442
SYNPCC7002_RS05460,SYNPCC7002_RS09630,0.0834966271639907
SYNPCC7002_RS04780,SYNPCC7002_RS07325,0.083491664472016
SYNPCC7002_RS05985,SYNPCC7002_RS10445,0.083489682575784
SYNPCC7002_RS09995,SYNPCC7002_RS02085,0.0834875387093952
SYNPCC7002_RS05135,SYNPCC7002_RS02300,0.0834844013895883
SYNPCC7002_RS10050,SYNPCC7002_RS10830,0.0834787803391047
SYNPCC7002_RS00650,SYNPCC7002_RS07530,0.0834767186195782
SYNPCC7002_RS01800,SYNPCC7002_RS06565,0.0834714575304671
SYNPCC7002_RS08210,SYNPCC7002_RS09950,0.0834676792438085
SYNPCC7002_RS12515,SYNPCC7002_RS06830,0.0834662718054268
SYNPCC7002_RS15680,SYNPCC7002_RS16955,0.0834629242172913
SYNPCC7002_RS03295,SYNPCC7002_RS15965,0.0834597495528848
SYNPCC7002_RS09780,SYNPCC7002_RS13630,0.0834536720823727
SYNPCC7002_RS08390,SYNPCC7002_RS08085,0.0834531330836423
SYNPCC7002_RS09995,SYNPCC7002_RS16260,0.0834528716691346
SYNPCC7002_RS15520,SYNPCC7002_RS12165,0.0834459885047025
SYNPCC7002_RS03030,SYNPCC7002_RS07080,0.0834444700516226
SYNPCC7002_RS09820,SYNPCC7002_RS12935,0.0834388818152871
SYNPCC7002_RS08390,SYNPCC7002_RS15950,0.0834306426607472
SYNPCC7002_RS00050,SYNPCC7002_RS02360,0.0834228450106807
SYNPCC7002_RS01085,SYNPCC7002_RS10655,0.083414011618576
SYNPCC7002_RS04650,SYNPCC7002_RS08840,0.0834129435628706
SYNPCC7002_RS06165,SYNPCC7002_RS14210,0.083410722878165
SYNPCC7002_RS12090,SYNPCC7002_RS06275,0.0834080825053863
SYNPCC7002_RS09995,SYNPCC7002_RS02935,0.083396334714306
SYNPCC7002_RS04250,SYNPCC7002_RS13030,0.083395902391442
SYNPCC7002_RS00650,SYNPCC7002_RS11280,0.0833950857443373
SYNPCC7002_RS09630,SYNPCC7002_RS14560,0.0833909609356912
SYNPCC7002_RS05135,SYNPCC7002_RS09860,0.0833857224045771
SYNPCC7002_RS16320,SYNPCC7002_RS06265,0.0833784749982895
SYNPCC7002_RS14440,SYNPCC7002_RS14390,0.0833682167906881
SYNPCC7002_RS03950,SYNPCC7002_RS14775,0.0833622413630363
SYNPCC7002_RS07385,SYNPCC7002_RS07380,0.0833588955488695
SYNPCC7002_RS02455,SYNPCC7002_RS14225,0.0833519637937837
SYNPCC7002_RS12515,SYNPCC7002_RS15995,0.0833484262689727
SYNPCC7002_RS12090,SYNPCC7002_RS12270,0.0833413963510812
SYNPCC7002_RS01335,SYNPCC7002_RS04995,0.0833409072801029
SYNPCC7002_RS10050,SYNPCC7002_RS10950,0.0833336652608649
SYNPCC7002_RS15520,SYNPCC7002_RS00655,0.0833256758938536
SYNPCC7002_RS09320,SYNPCC7002_RS08960,0.0833084941977647
SYNPCC7002_RS09780,SYNPCC7002_RS15050,0.0833082514023346
SYNPCC7002_RS01420,SYNPCC7002_RS11000,0.0833023306143901
SYNPCC7002_RS08965,SYNPCC7002_RS00385,0.0832910726508741
SYNPCC7002_RS15255,SYNPCC7002_RS14635,0.0832809445073816
SYNPCC7002_RS07385,SYNPCC7002_RS15750,0.0832774522710742
SYNPCC7002_RS12105,SYNPCC7002_RS12845,0.083256557694271
SYNPCC7002_RS08965,SYNPCC7002_RS09325,0.0832564485231883
SYNPCC7002_RS03030,SYNPCC7002_RS10615,0.0832458986363831
SYNPCC7002_RS09995,SYNPCC7002_RS08290,0.0832394422710613
SYNPCC7002_RS09630,SYNPCC7002_RS14525,0.0832371253085405
SYNPCC7002_RS09195,SYNPCC7002_RS09855,0.083226318126328
SYNPCC7002_RS12395,SYNPCC7002_RS01925,0.083225765350227
SYNPCC7002_RS12395,SYNPCC7002_RS03390,0.0832232550446495
SYNPCC7002_RS05135,SYNPCC7002_RS02405,0.0832219176005107
SYNPCC7002_RS00050,SYNPCC7002_RS04590,0.0832032487740956
SYNPCC7002_RS01800,SYNPCC7002_RS02385,0.083180842376154
SYNPCC7002_RS04780,SYNPCC7002_RS06440,0.083178890486092
SYNPCC7002_RS04780,SYNPCC7002_RS07385,0.0831743870334098
SYNPCC7002_RS07295,SYNPCC7002_RS03495,0.0831705535772804
SYNPCC7002_RS08965,SYNPCC7002_RS12825,0.0831595669105538
SYNPCC7002_RS02715,SYNPCC7002_RS07390,0.0831538855815569
SYNPCC7002_RS08965,SYNPCC7002_RS12055,0.0831462195721228
SYNPCC7002_RS04780,SYNPCC7002_RS06150,0.0831451205316432
SYNPCC7002_RS15255,SYNPCC7002_RS16320,0.0831421600333041
SYNPCC7002_RS08390,SYNPCC7002_RS14915,0.0831392683350174
SYNPCC7002_RS08945,SYNPCC7002_RS02155,0.0831361485119695
SYNPCC7002_RS09820,SYNPCC7002_RS01675,0.0831297301158554
SYNPCC7002_RS08945,SYNPCC7002_RS12400,0.0831283201865181
SYNPCC7002_RS05460,SYNPCC7002_RS02185,0.0831263292787968
SYNPCC7002_RS04250,SYNPCC7002_RS01185,0.0831213726233346
SYNPCC7002_RS10050,SYNPCC7002_RS07685,0.0831197824061857
SYNPCC7002_RS04890,SYNPCC7002_RS08305,0.083112734391646
SYNPCC7002_RS09780,SYNPCC7002_RS16125,0.0831079566411245
SYNPCC7002_RS08965,SYNPCC7002_RS10180,0.0831073293679811
SYNPCC7002_RS14790,SYNPCC7002_RS08140,0.0831043301198708
SYNPCC7002_RS15255,SYNPCC7002_RS11465,0.0831014363215325
SYNPCC7002_RS03760,SYNPCC7002_RS13015,0.0830975622707282
SYNPCC7002_RS15520,SYNPCC7002_RS15455,0.0830952148063946
SYNPCC7002_RS03030,SYNPCC7002_RS09550,0.0830944336355552
SYNPCC7002_RS09780,SYNPCC7002_RS17200,0.0830920047533353
SYNPCC7002_RS04890,SYNPCC7002_RS09130,0.0830811832861356
SYNPCC7002_RS01335,SYNPCC7002_RS02285,0.0830722981248629
SYNPCC7002_RS00010,SYNPCC7002_RS01950,0.0830714029976414
SYNPCC7002_RS14790,SYNPCC7002_RS14635,0.083068014564496
SYNPCC7002_RS08965,SYNPCC7002_RS09740,0.0830646368947466
SYNPCC7002_RS03030,SYNPCC7002_RS00130,0.0830503900117399
SYNPCC7002_RS01335,SYNPCC7002_RS00950,0.0830503627923538
SYNPCC7002_RS08175,SYNPCC7002_RS06440,0.0830498352205178
SYNPCC7002_RS04890,SYNPCC7002_RS03740,0.0830463974653943
SYNPCC7002_RS08965,SYNPCC7002_RS09040,0.083044546587168
SYNPCC7002_RS01420,SYNPCC7002_RS14860,0.0830380815472031
SYNPCC7002_RS09780,SYNPCC7002_RS02060,0.0830293345749264
SYNPCC7002_RS15520,SYNPCC7002_RS03590,0.0830249940313271
SYNPCC7002_RS15520,SYNPCC7002_RS13880,0.0830133679794485
SYNPCC7002_RS02455,SYNPCC7002_RS12625,0.0830090736971462
SYNPCC7002_RS08965,SYNPCC7002_RS12135,0.0830074707511772
SYNPCC7002_RS08390,SYNPCC7002_RS17050,0.0830043646021999
SYNPCC7002_RS03950,SYNPCC7002_RS13755,0.0830037987007227
SYNPCC7002_RS03030,SYNPCC7002_RS01475,0.0829912131018998
SYNPCC7002_RS08965,SYNPCC7002_RS12415,0.0829865369510445
SYNPCC7002_RS03030,SYNPCC7002_RS11400,0.082977016183999
SYNPCC7002_RS02715,SYNPCC7002_RS15175,0.0829752589096208
SYNPCC7002_RS09780,SYNPCC7002_RS10740,0.0829743027668418
SYNPCC7002_RS08255,SYNPCC7002_RS01375,0.0829690993006901
SYNPCC7002_RS08945,SYNPCC7002_RS01835,0.082961047703521
SYNPCC7002_RS09845,SYNPCC7002_RS04830,0.0829607481896507
SYNPCC7002_RS09780,SYNPCC7002_RS15975,0.0829597612232744
SYNPCC7002_RS05135,SYNPCC7002_RS10890,0.0829437939024025
SYNPCC7002_RS09820,SYNPCC7002_RS05620,0.0829400064927873
SYNPCC7002_RS00690,SYNPCC7002_RS00800,0.0829302567355239
SYNPCC7002_RS08390,SYNPCC7002_RS12880,0.0829277617988425
SYNPCC7002_RS11400,SYNPCC7002_RS01605,0.0829253097352922
SYNPCC7002_RS04650,SYNPCC7002_RS04850,0.0829237180691563
SYNPCC7002_RS15255,SYNPCC7002_RS15160,0.082922560141941
SYNPCC7002_RS01335,SYNPCC7002_RS03490,0.0829223444276666
SYNPCC7002_RS01420,SYNPCC7002_RS03425,0.0829207212559687
SYNPCC7002_RS11685,SYNPCC7002_RS03465,0.0829195250861376
SYNPCC7002_RS15520,SYNPCC7002_RS03485,0.0829144740891024
SYNPCC7002_RS04250,SYNPCC7002_RS12350,0.0829097547994371
SYNPCC7002_RS08210,SYNPCC7002_RS01475,0.0829011285088124
SYNPCC7002_RS10525,SYNPCC7002_RS15025,0.0828956855203055
SYNPCC7002_RS08965,SYNPCC7002_RS01060,0.0828951493537102
SYNPCC7002_RS04250,SYNPCC7002_RS01400,0.082886337452913
SYNPCC7002_RS05135,SYNPCC7002_RS17215,0.08288471577447
SYNPCC7002_RS04890,SYNPCC7002_RS08660,0.0828839255370798
SYNPCC7002_RS05135,SYNPCC7002_RS08475,0.0828705337933401
SYNPCC7002_RS00260,SYNPCC7002_RS15960,0.0828635585324632
SYNPCC7002_RS09780,SYNPCC7002_RS13095,0.0828517889917002
SYNPCC7002_RS02715,SYNPCC7002_RS04315,0.0828514717358842
SYNPCC7002_RS09175,SYNPCC7002_RS15070,0.0828419423010476
SYNPCC7002_RS00260,SYNPCC7002_RS02670,0.0828394657946275
SYNPCC7002_RS03030,SYNPCC7002_RS02730,0.0828324981303835
SYNPCC7002_RS01800,SYNPCC7002_RS12890,0.0828313041595035
SYNPCC7002_RS04780,SYNPCC7002_RS08585,0.0828309589459318
SYNPCC7002_RS02455,SYNPCC7002_RS14155,0.0828171109508169
SYNPCC7002_RS08210,SYNPCC7002_RS07280,0.0828103768413192
SYNPCC7002_RS04780,SYNPCC7002_RS01615,0.0828009513037656
SYNPCC7002_RS11685,SYNPCC7002_RS12850,0.0827913333114716
SYNPCC7002_RS04250,SYNPCC7002_RS02270,0.0827731620353006
SYNPCC7002_RS00050,SYNPCC7002_RS13630,0.0827730450563793
SYNPCC7002_RS07385,SYNPCC7002_RS15025,0.0827678851721647
SYNPCC7002_RS00260,SYNPCC7002_RS10170,0.0827642687635083
SYNPCC7002_RS10050,SYNPCC7002_RS16395,0.0827626750499793
SYNPCC7002_RS14790,SYNPCC7002_RS04665,0.082756380424528
SYNPCC7002_RS08210,SYNPCC7002_RS13325,0.0827494933945487
SYNPCC7002_RS06540,SYNPCC7002_RS07010,0.0827489314517076
SYNPCC7002_RS04250,SYNPCC7002_RS13650,0.0827473972866452
SYNPCC7002_RS02715,SYNPCC7002_RS13195,0.0827433091917563
SYNPCC7002_RS09195,SYNPCC7002_RS06715,0.0827417201553697
SYNPCC7002_RS04250,SYNPCC7002_RS02265,0.0827410448913747
SYNPCC7002_RS04780,SYNPCC7002_RS10120,0.0827374096368895
SYNPCC7002_RS12090,SYNPCC7002_RS06935,0.0827342756188364
SYNPCC7002_RS00050,SYNPCC7002_RS15135,0.0827310416759334
SYNPCC7002_RS10050,SYNPCC7002_RS12440,0.0827288499968195
SYNPCC7002_RS00050,SYNPCC7002_RS13255,0.0827264574516326
SYNPCC7002_RS16160,SYNPCC7002_RS16670,0.0827213400609858
SYNPCC7002_RS04890,SYNPCC7002_RS03275,0.082709863630395
SYNPCC7002_RS06150,SYNPCC7002_RS11740,0.0827085332611115
SYNPCC7002_RS14440,SYNPCC7002_RS09430,0.0827048191497732
SYNPCC7002_RS08965,SYNPCC7002_RS11040,0.082701066190495
SYNPCC7002_RS12395,SYNPCC7002_RS02425,0.0826971350900463
SYNPCC7002_RS09320,SYNPCC7002_RS02260,0.0826963194530691
SYNPCC7002_RS09260,SYNPCC7002_RS10390,0.0826962998438657
SYNPCC7002_RS01085,SYNPCC7002_RS05780,0.0826918222138683
SYNPCC7002_RS12395,SYNPCC7002_RS03075,0.0826910493656333
SYNPCC7002_RS08945,SYNPCC7002_RS03760,0.0826837227984362
SYNPCC7002_RS08965,SYNPCC7002_RS05735,0.0826813565045202
SYNPCC7002_RS08255,SYNPCC7002_RS15350,0.08267120628903
SYNPCC7002_RS14385,SYNPCC7002_RS14335,0.0826697453141221
SYNPCC7002_RS12395,SYNPCC7002_RS16750,0.0826666739030278
SYNPCC7002_RS15520,SYNPCC7002_RS10645,0.0826654002622529
SYNPCC7002_RS05135,SYNPCC7002_RS02090,0.0826573749905941
SYNPCC7002_RS11400,SYNPCC7002_RS12625,0.0826572051796571
SYNPCC7002_RS09175,SYNPCC7002_RS14665,0.0826558883912312
SYNPCC7002_RS12090,SYNPCC7002_RS06195,0.0826501630193658
SYNPCC7002_RS02455,SYNPCC7002_RS14965,0.0826395789975094
SYNPCC7002_RS09320,SYNPCC7002_RS00470,0.0826295461855953
SYNPCC7002_RS01420,SYNPCC7002_RS05530,0.0826279464500832
SYNPCC7002_RS06540,SYNPCC7002_RS07105,0.0826211083038337
SYNPCC7002_RS09780,SYNPCC7002_RS11355,0.0826053266056584
SYNPCC7002_RS08210,SYNPCC7002_RS12030,0.0825658079169197
SYNPCC7002_RS03760,SYNPCC7002_RS07075,0.0825510154887626
SYNPCC7002_RS11685,SYNPCC7002_RS05005,0.0825497445812431
SYNPCC7002_RS08965,SYNPCC7002_RS12025,0.0825454619594738
SYNPCC7002_RS04250,SYNPCC7002_RS16260,0.0825384668534628
SYNPCC7002_RS04680,SYNPCC7002_RS12305,0.0825319493145893
SYNPCC7002_RS03030,SYNPCC7002_RS10240,0.0825181909893527
SYNPCC7002_RS09995,SYNPCC7002_RS04955,0.082515318752846
SYNPCC7002_RS08390,SYNPCC7002_RS08575,0.0825109261189056
SYNPCC7002_RS05135,SYNPCC7002_RS12240,0.082507730785304
SYNPCC7002_RS09320,SYNPCC7002_RS00635,0.0825049228513348
SYNPCC7002_RS04890,SYNPCC7002_RS05125,0.0824960474854555
SYNPCC7002_RS15410,SYNPCC7002_RS01230,0.0824945340915277
SYNPCC7002_RS04780,SYNPCC7002_RS04545,0.082488967111562
SYNPCC7002_RS00260,SYNPCC7002_RS08195,0.0824703541212359
SYNPCC7002_RS07295,SYNPCC7002_RS07300,0.0824697969324533
SYNPCC7002_RS04650,SYNPCC7002_RS00305,0.0824634504783834
SYNPCC7002_RS15255,SYNPCC7002_RS09310,0.0824621664316076
SYNPCC7002_RS08390,SYNPCC7002_RS14900,0.0824595623333175
SYNPCC7002_RS14790,SYNPCC7002_RS10635,0.0824574281322382
SYNPCC7002_RS09780,SYNPCC7002_RS02605,0.0824566300095648
SYNPCC7002_RS04780,SYNPCC7002_RS01190,0.0824560302553355
SYNPCC7002_RS04890,SYNPCC7002_RS11730,0.0824502917833135
SYNPCC7002_RS04650,SYNPCC7002_RS14300,0.0824488578557834
SYNPCC7002_RS05135,SYNPCC7002_RS17245,0.0824386838594882
SYNPCC7002_RS08210,SYNPCC7002_RS03570,0.0824364321093973
SYNPCC7002_RS15520,SYNPCC7002_RS12025,0.0824308211792588
SYNPCC7002_RS04780,SYNPCC7002_RS03560,0.0824148290189158
SYNPCC7002_RS16320,SYNPCC7002_RS15255,0.0824091776678792
SYNPCC7002_RS03030,SYNPCC7002_RS12780,0.082392113055866
SYNPCC7002_RS12395,SYNPCC7002_RS11100,0.08239029982096
SYNPCC7002_RS15720,SYNPCC7002_RS16290,0.0823844209880382
SYNPCC7002_RS04780,SYNPCC7002_RS03840,0.0823756181655222
SYNPCC7002_RS00650,SYNPCC7002_RS10220,0.0823650931408363
SYNPCC7002_RS08965,SYNPCC7002_RS03565,0.0823598489278758
SYNPCC7002_RS01800,SYNPCC7002_RS03445,0.0823574345793755
SYNPCC7002_RS12515,SYNPCC7002_RS07250,0.0823546657667096
SYNPCC7002_RS09780,SYNPCC7002_RS03795,0.08233363312441
SYNPCC7002_RS03760,SYNPCC7002_RS09880,0.0823276725253684
SYNPCC7002_RS04780,SYNPCC7002_RS14045,0.0823274949928506
SYNPCC7002_RS01335,SYNPCC7002_RS06495,0.0823271539878792
SYNPCC7002_RS08175,SYNPCC7002_RS10410,0.0823195280469968
SYNPCC7002_RS06005,SYNPCC7002_RS11750,0.0823114631088066
SYNPCC7002_RS05985,SYNPCC7002_RS04860,0.0823101364501741
SYNPCC7002_RS01335,SYNPCC7002_RS03605,0.0823083516748324
SYNPCC7002_RS00650,SYNPCC7002_RS16570,0.0823036786181969
SYNPCC7002_RS04680,SYNPCC7002_RS06795,0.0822904181799395
SYNPCC7002_RS09780,SYNPCC7002_RS13815,0.0822856023601304
SYNPCC7002_RS08210,SYNPCC7002_RS06880,0.0822699348249972
SYNPCC7002_RS04780,SYNPCC7002_RS09265,0.0822647878322666
SYNPCC7002_RS05135,SYNPCC7002_RS10130,0.0822636086593352
SYNPCC7002_RS01085,SYNPCC7002_RS13445,0.0822357998574977
SYNPCC7002_RS08860,SYNPCC7002_RS06700,0.0822354778357131
SYNPCC7002_RS15520,SYNPCC7002_RS06070,0.0822335022273373
SYNPCC7002_RS15410,SYNPCC7002_RS08900,0.0822263326766647
SYNPCC7002_RS07385,SYNPCC7002_RS07145,0.0822238341867949
SYNPCC7002_RS04250,SYNPCC7002_RS02950,0.0822212512123675
SYNPCC7002_RS04780,SYNPCC7002_RS08750,0.082220927986608
SYNPCC7002_RS02715,SYNPCC7002_RS14865,0.0822197717306041
SYNPCC7002_RS05985,SYNPCC7002_RS13630,0.0822113650823753
SYNPCC7002_RS08965,SYNPCC7002_RS12230,0.0822076829516686
SYNPCC7002_RS04680,SYNPCC7002_RS12375,0.082198085008274
SYNPCC7002_RS08390,SYNPCC7002_RS07320,0.0821925939718737
SYNPCC7002_RS06540,SYNPCC7002_RS02880,0.0821900454437362
SYNPCC7002_RS04250,SYNPCC7002_RS05835,0.0821878259278993
SYNPCC7002_RS15520,SYNPCC7002_RS02525,0.0821824237382866
SYNPCC7002_RS04780,SYNPCC7002_RS03380,0.0821764644188185
SYNPCC7002_RS04680,SYNPCC7002_RS10115,0.082146621459312
SYNPCC7002_RS02715,SYNPCC7002_RS17030,0.0821389010491065
SYNPCC7002_RS01800,SYNPCC7002_RS03310,0.0821385273998074
SYNPCC7002_RS08945,SYNPCC7002_RS12035,0.0821279584799903
SYNPCC7002_RS04780,SYNPCC7002_RS04445,0.0821252364617213
SYNPCC7002_RS02455,SYNPCC7002_RS11930,0.0821079800974757
SYNPCC7002_RS03030,SYNPCC7002_RS06890,0.0821076802853862
SYNPCC7002_RS15520,SYNPCC7002_RS09595,0.0821066312445428
SYNPCC7002_RS04250,SYNPCC7002_RS04010,0.0821049063543431
SYNPCC7002_RS01335,SYNPCC7002_RS12325,0.0821037623913353
SYNPCC7002_RS08390,SYNPCC7002_RS03435,0.0821036989505087
SYNPCC7002_RS12395,SYNPCC7002_RS05240,0.0820957336873076
SYNPCC7002_RS04890,SYNPCC7002_RS04410,0.0820881507234308
SYNPCC7002_RS10050,SYNPCC7002_RS04130,0.0820792346387847
SYNPCC7002_RS05135,SYNPCC7002_RS01980,0.0820792094703598
SYNPCC7002_RS03030,SYNPCC7002_RS11220,0.0820727818519437
SYNPCC7002_RS12105,SYNPCC7002_RS14680,0.082070410304108
SYNPCC7002_RS06150,SYNPCC7002_RS06405,0.0820635616589553
SYNPCC7002_RS01335,SYNPCC7002_RS16115,0.0820627847098667
SYNPCC7002_RS04650,SYNPCC7002_RS04895,0.0820605128204533
SYNPCC7002_RS08210,SYNPCC7002_RS12530,0.082052318054611
SYNPCC7002_RS15995,SYNPCC7002_RS15220,0.0820472302310451
SYNPCC7002_RS11400,SYNPCC7002_RS03805,0.0820393414615781
SYNPCC7002_RS08175,SYNPCC7002_RS05905,0.0820277479104271
SYNPCC7002_RS12090,SYNPCC7002_RS08500,0.0820235127318097
SYNPCC7002_RS04780,SYNPCC7002_RS06185,0.0820226076591622
SYNPCC7002_RS05135,SYNPCC7002_RS16815,0.0820170750215288
SYNPCC7002_RS05135,SYNPCC7002_RS11190,0.0820091648610726
SYNPCC7002_RS15520,SYNPCC7002_RS08120,0.0820072150445958
SYNPCC7002_RS14790,SYNPCC7002_RS10605,0.0819943869506313
SYNPCC7002_RS10050,SYNPCC7002_RS10040,0.0819916612394802
SYNPCC7002_RS09820,SYNPCC7002_RS02030,0.0819735042824631
SYNPCC7002_RS12395,SYNPCC7002_RS04115,0.0819726621139785
SYNPCC7002_RS04890,SYNPCC7002_RS00305,0.0819724866266304
SYNPCC7002_RS01420,SYNPCC7002_RS17035,0.0819711427640334
SYNPCC7002_RS04650,SYNPCC7002_RS08545,0.0819622744675643
SYNPCC7002_RS00690,SYNPCC7002_RS00195,0.0819618386197924
SYNPCC7002_RS12515,SYNPCC7002_RS00475,0.081957693694775
SYNPCC7002_RS10050,SYNPCC7002_RS04300,0.0819506975197
SYNPCC7002_RS15255,SYNPCC7002_RS16290,0.0819459164794895
SYNPCC7002_RS10050,SYNPCC7002_RS14115,0.0819415186132593
SYNPCC7002_RS01420,SYNPCC7002_RS01695,0.0819399283294596
SYNPCC7002_RS03030,SYNPCC7002_RS03575,0.0819322188075488
SYNPCC7002_RS04780,SYNPCC7002_RS07455,0.0819305188073914
SYNPCC7002_RS05460,SYNPCC7002_RS03180,0.0819287263978072
SYNPCC7002_RS15680,SYNPCC7002_RS04140,0.0819250715044165
SYNPCC7002_RS12395,SYNPCC7002_RS11690,0.0819178337486801
SYNPCC7002_RS09260,SYNPCC7002_RS09255,0.0819156414586504
SYNPCC7002_RS15520,SYNPCC7002_RS09670,0.0819124428249516
SYNPCC7002_RS08210,SYNPCC7002_RS10470,0.0819068745555302
SYNPCC7002_RS12395,SYNPCC7002_RS05290,0.0819051558433661
SYNPCC7002_RS08945,SYNPCC7002_RS07350,0.0819010608875944
SYNPCC7002_RS05985,SYNPCC7002_RS10030,0.0818940083143739
SYNPCC7002_RS03030,SYNPCC7002_RS09210,0.0818819424964545
SYNPCC7002_RS16320,SYNPCC7002_RS15625,0.0818786720024837
SYNPCC7002_RS00260,SYNPCC7002_RS09465,0.0818749153450519
SYNPCC7002_RS12515,SYNPCC7002_RS15905,0.0818732520761112
SYNPCC7002_RS15520,SYNPCC7002_RS07985,0.0818686981717399
SYNPCC7002_RS08390,SYNPCC7002_RS13355,0.0818676626856621
SYNPCC7002_RS10525,SYNPCC7002_RS10270,0.081843298727936
SYNPCC7002_RS09090,SYNPCC7002_RS16305,0.0818398662117004
SYNPCC7002_RS15255,SYNPCC7002_RS11985,0.0818301281786719
SYNPCC7002_RS00640,SYNPCC7002_RS15180,0.0818162660891618
SYNPCC7002_RS09320,SYNPCC7002_RS13335,0.081809000887498
SYNPCC7002_RS09780,SYNPCC7002_RS04805,0.0818085473284054
SYNPCC7002_RS16320,SYNPCC7002_RS03195,0.0817921589941165
SYNPCC7002_RS05135,SYNPCC7002_RS11330,0.0817914172565284
SYNPCC7002_RS05135,SYNPCC7002_RS08660,0.0817886339042429
SYNPCC7002_RS09780,SYNPCC7002_RS17205,0.0817854511920384
SYNPCC7002_RS12395,SYNPCC7002_RS16510,0.0817846312169962
SYNPCC7002_RS04890,SYNPCC7002_RS04615,0.0817768265417806
SYNPCC7002_RS08945,SYNPCC7002_RS11960,0.0817731023149207
SYNPCC7002_RS00640,SYNPCC7002_RS00995,0.0817697371410014
SYNPCC7002_RS04780,SYNPCC7002_RS02800,0.0817568356301618
SYNPCC7002_RS02715,SYNPCC7002_RS15485,0.0817534425109877
SYNPCC7002_RS12515,SYNPCC7002_RS10065,0.0817435326428901
SYNPCC7002_RS00050,SYNPCC7002_RS12070,0.0817413324351349
SYNPCC7002_RS05460,SYNPCC7002_RS15265,0.081740395438475
SYNPCC7002_RS09780,SYNPCC7002_RS15170,0.0817276407180212
SYNPCC7002_RS10050,SYNPCC7002_RS14250,0.0817272476246232
SYNPCC7002_RS01800,SYNPCC7002_RS07180,0.0817100439981091
SYNPCC7002_RS08390,SYNPCC7002_RS01800,0.0817020031298044
SYNPCC7002_RS11685,SYNPCC7002_RS12560,0.0816986867668682
SYNPCC7002_RS03760,SYNPCC7002_RS11800,0.0816978960826432
SYNPCC7002_RS04780,SYNPCC7002_RS10435,0.0816949290730212
SYNPCC7002_RS15255,SYNPCC7002_RS05665,0.0816876239010832
SYNPCC7002_RS02455,SYNPCC7002_RS03805,0.0816847178588665
SYNPCC7002_RS11400,SYNPCC7002_RS03375,0.0816773873080537
SYNPCC7002_RS10050,SYNPCC7002_RS13820,0.0816716041407794
SYNPCC7002_RS04780,SYNPCC7002_RS10485,0.0816654424359715
SYNPCC7002_RS12395,SYNPCC7002_RS09785,0.0816643695299183
SYNPCC7002_RS15520,SYNPCC7002_RS01540,0.0816617075011284
SYNPCC7002_RS03030,SYNPCC7002_RS11970,0.0816537302260478
SYNPCC7002_RS08945,SYNPCC7002_RS10330,0.0816537019360457
SYNPCC7002_RS05135,SYNPCC7002_RS14460,0.0816499474326247
SYNPCC7002_RS01420,SYNPCC7002_RS05195,0.081647781174703
SYNPCC7002_RS12395,SYNPCC7002_RS12490,0.0816409533787012
SYNPCC7002_RS12395,SYNPCC7002_RS05265,0.0816364155307983
SYNPCC7002_RS04780,SYNPCC7002_RS01130,0.081623803817834
SYNPCC7002_RS01420,SYNPCC7002_RS16735,0.0816125207383207
SYNPCC7002_RS00690,SYNPCC7002_RS13800,0.081612211054219
SYNPCC7002_RS05135,SYNPCC7002_RS01655,0.0816074515051397
SYNPCC7002_RS07295,SYNPCC7002_RS01275,0.0816050267639285
SYNPCC7002_RS03030,SYNPCC7002_RS00220,0.0816011040509926
SYNPCC7002_RS02715,SYNPCC7002_RS06170,0.0815996816544532
SYNPCC7002_RS01800,SYNPCC7002_RS14890,0.0815981659212923
SYNPCC7002_RS12395,SYNPCC7002_RS05175,0.0815974618548702
SYNPCC7002_RS10050,SYNPCC7002_RS03210,0.0815969463813029
SYNPCC7002_RS15520,SYNPCC7002_RS15925,0.0815964985888908
SYNPCC7002_RS04780,SYNPCC7002_RS09290,0.0815938920906963
SYNPCC7002_RS09175,SYNPCC7002_RS01960,0.0815905964532752
SYNPCC7002_RS08965,SYNPCC7002_RS13890,0.0815864016692328
SYNPCC7002_RS15255,SYNPCC7002_RS02600,0.0815765886224627
SYNPCC7002_RS16320,SYNPCC7002_RS12440,0.0815723842896222
SYNPCC7002_RS04890,SYNPCC7002_RS08220,0.0815672111706577
SYNPCC7002_RS02715,SYNPCC7002_RS15265,0.0815614206395481
SYNPCC7002_RS15995,SYNPCC7002_RS15370,0.0815590522997343
SYNPCC7002_RS08945,SYNPCC7002_RS09610,0.0815571154485198
SYNPCC7002_RS08965,SYNPCC7002_RS11280,0.0815402183542186
SYNPCC7002_RS05460,SYNPCC7002_RS15990,0.0815321007964638
SYNPCC7002_RS11400,SYNPCC7002_RS02225,0.0815273665595253
SYNPCC7002_RS00050,SYNPCC7002_RS03530,0.0815181207868592
SYNPCC7002_RS09260,SYNPCC7002_RS00110,0.0815172993400625
SYNPCC7002_RS10050,SYNPCC7002_RS09910,0.0815161019463962
SYNPCC7002_RS15520,SYNPCC7002_RS06880,0.0815139333446808
SYNPCC7002_RS08965,SYNPCC7002_RS03780,0.0815115883703113
SYNPCC7002_RS06540,SYNPCC7002_RS12770,0.0815083763397545
SYNPCC7002_RS04890,SYNPCC7002_RS08475,0.0815048559788978
SYNPCC7002_RS02455,SYNPCC7002_RS15915,0.0814988429442646
SYNPCC7002_RS04250,SYNPCC7002_RS12585,0.0814980550842222
SYNPCC7002_RS12395,SYNPCC7002_RS00425,0.0814933532055005
SYNPCC7002_RS07295,SYNPCC7002_RS16900,0.0814915509223171
SYNPCC7002_RS10050,SYNPCC7002_RS03095,0.0814880504069512
SYNPCC7002_RS00640,SYNPCC7002_RS08770,0.0814876345154245
SYNPCC7002_RS08860,SYNPCC7002_RS13915,0.0814847073053492
SYNPCC7002_RS12395,SYNPCC7002_RS08780,0.0814826082303848
SYNPCC7002_RS04780,SYNPCC7002_RS09040,0.0814786108770866
SYNPCC7002_RS15520,SYNPCC7002_RS05570,0.0814765785697107
SYNPCC7002_RS08480,SYNPCC7002_RS02410,0.0814732250471514
SYNPCC7002_RS00050,SYNPCC7002_RS02265,0.0814630568181094
SYNPCC7002_RS15995,SYNPCC7002_RS16580,0.0814621337929167
SYNPCC7002_RS12395,SYNPCC7002_RS01785,0.0814585224691422
SYNPCC7002_RS09175,SYNPCC7002_RS12930,0.0814545174336267
SYNPCC7002_RS12090,SYNPCC7002_RS01870,0.0814542202808364
SYNPCC7002_RS05135,SYNPCC7002_RS03525,0.0814421508166025
SYNPCC7002_RS07385,SYNPCC7002_RS16095,0.0814361846502639
SYNPCC7002_RS05460,SYNPCC7002_RS00790,0.0814293171626198
SYNPCC7002_RS06540,SYNPCC7002_RS01190,0.0814268233776982
SYNPCC7002_RS12090,SYNPCC7002_RS05910,0.0814228950440795
SYNPCC7002_RS15255,SYNPCC7002_RS05690,0.081411541504344
SYNPCC7002_RS03030,SYNPCC7002_RS04885,0.0814080011691992
SYNPCC7002_RS06540,SYNPCC7002_RS11480,0.081405838666909
SYNPCC7002_RS09780,SYNPCC7002_RS03750,0.0814034681576778
SYNPCC7002_RS09175,SYNPCC7002_RS16155,0.0813818174679803
SYNPCC7002_RS04250,SYNPCC7002_RS12665,0.0813810129530215
SYNPCC7002_RS09630,SYNPCC7002_RS02065,0.0813662469267484
SYNPCC7002_RS02455,SYNPCC7002_RS01125,0.0813600589483855
SYNPCC7002_RS05135,SYNPCC7002_RS07750,0.0813546964372607
SYNPCC7002_RS05460,SYNPCC7002_RS12255,0.0813546219306837
SYNPCC7002_RS03760,SYNPCC7002_RS11690,0.0813542967794715
SYNPCC7002_RS15520,SYNPCC7002_RS09740,0.0813506445116615
SYNPCC7002_RS04890,SYNPCC7002_RS12730,0.0813304642196375
SYNPCC7002_RS08210,SYNPCC7002_RS10620,0.0813271614835935
SYNPCC7002_RS05985,SYNPCC7002_RS15725,0.0813251175420272
SYNPCC7002_RS09090,SYNPCC7002_RS16630,0.0813214316201568
SYNPCC7002_RS09780,SYNPCC7002_RS03595,0.0813193823575964
SYNPCC7002_RS08390,SYNPCC7002_RS15940,0.0813190777517773
SYNPCC7002_RS08965,SYNPCC7002_RS06290,0.0813175022374459
SYNPCC7002_RS05135,SYNPCC7002_RS02515,0.0813174458701162
SYNPCC7002_RS12515,SYNPCC7002_RS12995,0.0813135974583459
SYNPCC7002_RS07295,SYNPCC7002_RS14350,0.0813123224652012
SYNPCC7002_RS00010,SYNPCC7002_RS01275,0.0813093860667264
SYNPCC7002_RS04250,SYNPCC7002_RS00525,0.0813093786599403
SYNPCC7002_RS14790,SYNPCC7002_RS16265,0.0813078371705594
SYNPCC7002_RS04780,SYNPCC7002_RS02765,0.0813076339499955
SYNPCC7002_RS01420,SYNPCC7002_RS10760,0.0813052866182518
SYNPCC7002_RS07385,SYNPCC7002_RS06210,0.0813032403767705
SYNPCC7002_RS08965,SYNPCC7002_RS03995,0.0813022316182117
SYNPCC7002_RS08945,SYNPCC7002_RS09355,0.0812990736399498
SYNPCC7002_RS03030,SYNPCC7002_RS12225,0.0812888109077083
SYNPCC7002_RS08255,SYNPCC7002_RS14495,0.0812829457036106
SYNPCC7002_RS12395,SYNPCC7002_RS09870,0.0812813645406511
SYNPCC7002_RS07295,SYNPCC7002_RS12010,0.0812757047544308
SYNPCC7002_RS14790,SYNPCC7002_RS11470,0.0812741648000658
SYNPCC7002_RS15030,SYNPCC7002_RS13290,0.0812652309985323
SYNPCC7002_RS09820,SYNPCC7002_RS00830,0.081262348354878
SYNPCC7002_RS05985,SYNPCC7002_RS04270,0.0812530825900969
SYNPCC7002_RS02715,SYNPCC7002_RS14400,0.0812512583379243
SYNPCC7002_RS05135,SYNPCC7002_RS02195,0.0812404920884644
SYNPCC7002_RS00050,SYNPCC7002_RS13960,0.0812164906751634
SYNPCC7002_RS09780,SYNPCC7002_RS10035,0.081197021726738
SYNPCC7002_RS08390,SYNPCC7002_RS00950,0.0811955090678061
SYNPCC7002_RS10145,SYNPCC7002_RS14705,0.0811925729446535
SYNPCC7002_RS09320,SYNPCC7002_RS12380,0.081192321597199
SYNPCC7002_RS15255,SYNPCC7002_RS14770,0.0811915094937871
SYNPCC7002_RS08965,SYNPCC7002_RS01605,0.0811908223109059
SYNPCC7002_RS09630,SYNPCC7002_RS16655,0.0811824076958169
SYNPCC7002_RS06150,SYNPCC7002_RS01265,0.0811808081327702
SYNPCC7002_RS10050,SYNPCC7002_RS05425,0.0811763001198785
SYNPCC7002_RS08965,SYNPCC7002_RS06775,0.0811672833805896
SYNPCC7002_RS12395,SYNPCC7002_RS04485,0.0811653917173094
SYNPCC7002_RS07385,SYNPCC7002_RS04755,0.0811645824517296
SYNPCC7002_RS04890,SYNPCC7002_RS03465,0.0811562221969674
SYNPCC7002_RS03030,SYNPCC7002_RS15450,0.081153808108059
SYNPCC7002_RS00640,SYNPCC7002_RS04915,0.0811515735892278
SYNPCC7002_RS10050,SYNPCC7002_RS09795,0.0811387544661319
SYNPCC7002_RS12395,SYNPCC7002_RS01865,0.0811305405327214
SYNPCC7002_RS11685,SYNPCC7002_RS08670,0.0811304664900929
SYNPCC7002_RS03950,SYNPCC7002_RS16765,0.0811243649813139
SYNPCC7002_RS09845,SYNPCC7002_RS00260,0.0811152050845432
SYNPCC7002_RS08255,SYNPCC7002_RS13835,0.0811088422587878
SYNPCC7002_RS11685,SYNPCC7002_RS11690,0.0811085953380271
SYNPCC7002_RS09195,SYNPCC7002_RS13995,0.0811059696419118
SYNPCC7002_RS08390,SYNPCC7002_RS15690,0.0811040496480169
SYNPCC7002_RS04650,SYNPCC7002_RS00345,0.0810994145944711
SYNPCC7002_RS02715,SYNPCC7002_RS05160,0.0810915495678752
SYNPCC7002_RS04780,SYNPCC7002_RS13280,0.0810835877687723
SYNPCC7002_RS05460,SYNPCC7002_RS15080,0.081074603551212
SYNPCC7002_RS00010,SYNPCC7002_RS14835,0.0810699408116981
SYNPCC7002_RS04780,SYNPCC7002_RS06020,0.081067108130048
SYNPCC7002_RS04780,SYNPCC7002_RS16120,0.0810669491249359
SYNPCC7002_RS08255,SYNPCC7002_RS02105,0.0810661468376463
SYNPCC7002_RS04650,SYNPCC7002_RS11895,0.0810629768522146
SYNPCC7002_RS00640,SYNPCC7002_RS06145,0.0810514333202503
SYNPCC7002_RS04250,SYNPCC7002_RS13620,0.0810453964952951
SYNPCC7002_RS10050,SYNPCC7002_RS01550,0.0810394068946856
SYNPCC7002_RS11685,SYNPCC7002_RS09115,0.0810314611807212
SYNPCC7002_RS15255,SYNPCC7002_RS15700,0.0810307492405659
SYNPCC7002_RS09845,SYNPCC7002_RS00575,0.0810218540101827
SYNPCC7002_RS01085,SYNPCC7002_RS17140,0.0810088451746428
SYNPCC7002_RS11685,SYNPCC7002_RS10870,0.0810061055347472
SYNPCC7002_RS00260,SYNPCC7002_RS06595,0.0810046360541762
SYNPCC7002_RS07295,SYNPCC7002_RS01995,0.081002492801863
SYNPCC7002_RS07295,SYNPCC7002_RS12920,0.0809942347774407
SYNPCC7002_RS01085,SYNPCC7002_RS07960,0.0809937942071785
SYNPCC7002_RS01800,SYNPCC7002_RS12450,0.0809928512104151
SYNPCC7002_RS09260,SYNPCC7002_RS13415,0.0809854946116952
SYNPCC7002_RS13450,SYNPCC7002_RS16225,0.0809615964440686
SYNPCC7002_RS12515,SYNPCC7002_RS03550,0.0809594661870786
SYNPCC7002_RS09420,SYNPCC7002_RS09760,0.0809566175953547
SYNPCC7002_RS10050,SYNPCC7002_RS09160,0.0809527021297529
SYNPCC7002_RS09995,SYNPCC7002_RS14520,0.0809524004283803
SYNPCC7002_RS04780,SYNPCC7002_RS01620,0.0809368413511528
SYNPCC7002_RS12395,SYNPCC7002_RS09095,0.0809356630263671
SYNPCC7002_RS15995,SYNPCC7002_RS05420,0.0809352781567815
SYNPCC7002_RS16320,SYNPCC7002_RS15980,0.0809339104358871
SYNPCC7002_RS01420,SYNPCC7002_RS07685,0.0809301437026004
SYNPCC7002_RS10050,SYNPCC7002_RS04110,0.0809182035826839
SYNPCC7002_RS05135,SYNPCC7002_RS01140,0.0809174512231423
SYNPCC7002_RS00050,SYNPCC7002_RS11925,0.0809090615897633
SYNPCC7002_RS09780,SYNPCC7002_RS05410,0.0809021453575114
SYNPCC7002_RS10050,SYNPCC7002_RS06175,0.0808994989536286
SYNPCC7002_RS07295,SYNPCC7002_RS08990,0.0808994263546389
SYNPCC7002_RS04890,SYNPCC7002_RS11660,0.0808928098361727
SYNPCC7002_RS16320,SYNPCC7002_RS15330,0.0808926701808178
SYNPCC7002_RS09780,SYNPCC7002_RS08500,0.0808922152892393
SYNPCC7002_RS05135,SYNPCC7002_RS04245,0.0808914571370303
SYNPCC7002_RS11685,SYNPCC7002_RS00630,0.0808800205784641
SYNPCC7002_RS10050,SYNPCC7002_RS03670,0.0808762418093379
SYNPCC7002_RS03030,SYNPCC7002_RS13570,0.080860516051788
SYNPCC7002_RS02455,SYNPCC7002_RS03310,0.0808557841885476
SYNPCC7002_RS09320,SYNPCC7002_RS08710,0.0808514380409555
SYNPCC7002_RS12395,SYNPCC7002_RS05180,0.0808494040440676
SYNPCC7002_RS03030,SYNPCC7002_RS13575,0.080844100313171
SYNPCC7002_RS08175,SYNPCC7002_RS13605,0.0808419966362108
SYNPCC7002_RS04250,SYNPCC7002_RS01510,0.0808350194117922
SYNPCC7002_RS03760,SYNPCC7002_RS07255,0.0808243763509857
SYNPCC7002_RS04250,SYNPCC7002_RS13820,0.0808153811912773
SYNPCC7002_RS08965,SYNPCC7002_RS08410,0.0808141088775098
SYNPCC7002_RS09320,SYNPCC7002_RS01750,0.0808101546240416
SYNPCC7002_RS10050,SYNPCC7002_RS03420,0.0808052174386597
SYNPCC7002_RS02455,SYNPCC7002_RS05855,0.0807945145784078
SYNPCC7002_RS10050,SYNPCC7002_RS09645,0.080787169466308
SYNPCC7002_RS15410,SYNPCC7002_RS04995,0.080785770372418
SYNPCC7002_RS08945,SYNPCC7002_RS11155,0.0807810118390324
SYNPCC7002_RS04890,SYNPCC7002_RS11345,0.080771371372185
SYNPCC7002_RS08965,SYNPCC7002_RS09830,0.0807647249382463
SYNPCC7002_RS07295,SYNPCC7002_RS07310,0.0807636358539562
SYNPCC7002_RS03295,SYNPCC7002_RS01005,0.0807632493436934
SYNPCC7002_RS05135,SYNPCC7002_RS07775,0.0807611418409856
SYNPCC7002_RS10050,SYNPCC7002_RS15370,0.0807610642636025
SYNPCC7002_RS01800,SYNPCC7002_RS01025,0.0807598331002821
SYNPCC7002_RS05135,SYNPCC7002_RS05225,0.0807535490475219
SYNPCC7002_RS15410,SYNPCC7002_RS00835,0.0807486691611131
SYNPCC7002_RS15255,SYNPCC7002_RS03125,0.0807481399977173
SYNPCC7002_RS12395,SYNPCC7002_RS09520,0.0807372786647675
SYNPCC7002_RS12395,SYNPCC7002_RS11515,0.0807329719508764
SYNPCC7002_RS09995,SYNPCC7002_RS04210,0.0807311216171961
SYNPCC7002_RS01420,SYNPCC7002_RS05215,0.0807274002689373
SYNPCC7002_RS04780,SYNPCC7002_RS06540,0.0807236542498092
SYNPCC7002_RS09175,SYNPCC7002_RS10185,0.0807232184675157
SYNPCC7002_RS10050,SYNPCC7002_RS08995,0.0807204548520842
SYNPCC7002_RS04780,SYNPCC7002_RS12750,0.0807151024233158
SYNPCC7002_RS07385,SYNPCC7002_RS13695,0.0807107001520248
SYNPCC7002_RS02455,SYNPCC7002_RS10750,0.0807106008857728
SYNPCC7002_RS06005,SYNPCC7002_RS11755,0.0807048218460424
SYNPCC7002_RS05135,SYNPCC7002_RS05100,0.0807033448025971
SYNPCC7002_RS16320,SYNPCC7002_RS13180,0.0807012538170121
SYNPCC7002_RS04650,SYNPCC7002_RS12510,0.0806990685856289
SYNPCC7002_RS08175,SYNPCC7002_RS11570,0.0806865035123956
SYNPCC7002_RS01800,SYNPCC7002_RS12245,0.0806818179635708
SYNPCC7002_RS15680,SYNPCC7002_RS13185,0.080679503221338
SYNPCC7002_RS11685,SYNPCC7002_RS12805,0.0806779227047681
SYNPCC7002_RS12515,SYNPCC7002_RS00210,0.0806745503768581
SYNPCC7002_RS04780,SYNPCC7002_RS15750,0.0806741912357872
SYNPCC7002_RS03295,SYNPCC7002_RS14355,0.0806633425729925
SYNPCC7002_RS04250,SYNPCC7002_RS12005,0.0806578821510381
SYNPCC7002_RS09630,SYNPCC7002_RS10825,0.0806466485164572
SYNPCC7002_RS08965,SYNPCC7002_RS07155,0.0806432736491379
SYNPCC7002_RS08965,SYNPCC7002_RS13575,0.080638306321651
SYNPCC7002_RS08965,SYNPCC7002_RS14605,0.0806292740815903
SYNPCC7002_RS12395,SYNPCC7002_RS05140,0.0806205938463358
SYNPCC7002_RS03030,SYNPCC7002_RS04575,0.0806168002711243
SYNPCC7002_RS09320,SYNPCC7002_RS11700,0.0806160682767818
SYNPCC7002_RS02715,SYNPCC7002_RS06010,0.0806123451479061
SYNPCC7002_RS05985,SYNPCC7002_RS12180,0.0806101452931027
SYNPCC7002_RS09260,SYNPCC7002_RS12980,0.0806081406693439
SYNPCC7002_RS05460,SYNPCC7002_RS10560,0.0806056298587247
SYNPCC7002_RS04780,SYNPCC7002_RS13020,0.0806029162119866
SYNPCC7002_RS10050,SYNPCC7002_RS03675,0.0806014392705534
SYNPCC7002_RS04780,SYNPCC7002_RS06530,0.0805951820634042
SYNPCC7002_RS11685,SYNPCC7002_RS08665,0.0805941617009996
SYNPCC7002_RS11400,SYNPCC7002_RS10600,0.0805781672508126
SYNPCC7002_RS10050,SYNPCC7002_RS12535,0.080577747257313
SYNPCC7002_RS12090,SYNPCC7002_RS00190,0.0805759050494137
SYNPCC7002_RS06540,SYNPCC7002_RS05985,0.0805752677907823
SYNPCC7002_RS12515,SYNPCC7002_RS03930,0.0805701470294711
SYNPCC7002_RS09320,SYNPCC7002_RS04810,0.080557743379059
SYNPCC7002_RS07295,SYNPCC7002_RS02110,0.0805557137298677
SYNPCC7002_RS04680,SYNPCC7002_RS13340,0.0805450873594441
SYNPCC7002_RS09630,SYNPCC7002_RS16725,0.080538774725305
SYNPCC7002_RS12395,SYNPCC7002_RS16635,0.0805339927520468
SYNPCC7002_RS09820,SYNPCC7002_RS05650,0.0805246826222988
SYNPCC7002_RS15520,SYNPCC7002_RS06725,0.0805172733347128
SYNPCC7002_RS10050,SYNPCC7002_RS14095,0.0805131871067518
SYNPCC7002_RS04250,SYNPCC7002_RS13395,0.0805076193561393
SYNPCC7002_RS16160,SYNPCC7002_RS04135,0.080505402197093
SYNPCC7002_RS12105,SYNPCC7002_RS08265,0.0805017809218885
SYNPCC7002_RS10050,SYNPCC7002_RS16310,0.0804976181597764
SYNPCC7002_RS08965,SYNPCC7002_RS01555,0.0804911537269747
SYNPCC7002_RS12395,SYNPCC7002_RS00340,0.0804854736582128
SYNPCC7002_RS06540,SYNPCC7002_RS02480,0.0804829276240731
SYNPCC7002_RS13450,SYNPCC7002_RS15035,0.0804816263105519
SYNPCC7002_RS04680,SYNPCC7002_RS06150,0.0804725770325609
SYNPCC7002_RS04650,SYNPCC7002_RS05550,0.0804672315906042
SYNPCC7002_RS10050,SYNPCC7002_RS07340,0.0804658003764491
SYNPCC7002_RS08210,SYNPCC7002_RS02690,0.0804566459574435
SYNPCC7002_RS00640,SYNPCC7002_RS01240,0.0804557470154856
SYNPCC7002_RS01335,SYNPCC7002_RS12970,0.0804497371550817
SYNPCC7002_RS03760,SYNPCC7002_RS10110,0.0804479230155788
SYNPCC7002_RS05135,SYNPCC7002_RS12490,0.0804330779994482
SYNPCC7002_RS08965,SYNPCC7002_RS01990,0.0804326621808905
SYNPCC7002_RS03030,SYNPCC7002_RS01060,0.0804304434112826
SYNPCC7002_RS05460,SYNPCC7002_RS03120,0.080428369280382
SYNPCC7002_RS10050,SYNPCC7002_RS04295,0.0804221654046648
SYNPCC7002_RS11400,SYNPCC7002_RS01620,0.0804207756020926
SYNPCC7002_RS16320,SYNPCC7002_RS08450,0.0804168256927837
SYNPCC7002_RS06540,SYNPCC7002_RS06055,0.0804113729761597
SYNPCC7002_RS08965,SYNPCC7002_RS09230,0.080408187807295
SYNPCC7002_RS07385,SYNPCC7002_RS15235,0.0803961600991674
SYNPCC7002_RS12395,SYNPCC7002_RS06720,0.0803931185055534
SYNPCC7002_RS10525,SYNPCC7002_RS01100,0.0803910235036924
SYNPCC7002_RS08965,SYNPCC7002_RS09320,0.0803841001539926
SYNPCC7002_RS14790,SYNPCC7002_RS02615,0.0803838428656695
SYNPCC7002_RS08390,SYNPCC7002_RS11195,0.0803812385438279
SYNPCC7002_RS02455,SYNPCC7002_RS08680,0.0803782601600677
SYNPCC7002_RS09260,SYNPCC7002_RS14705,0.0803567459898275
SYNPCC7002_RS09820,SYNPCC7002_RS11555,0.0803519218982757
SYNPCC7002_RS16160,SYNPCC7002_RS13095,0.0803512214432818
SYNPCC7002_RS15680,SYNPCC7002_RS09310,0.0803456813595488
SYNPCC7002_RS12515,SYNPCC7002_RS03450,0.0803440999991477
SYNPCC7002_RS08390,SYNPCC7002_RS13190,0.0803429827369555
SYNPCC7002_RS09780,SYNPCC7002_RS12145,0.080339419383791
SYNPCC7002_RS02455,SYNPCC7002_RS10055,0.0803327526679874
SYNPCC7002_RS08390,SYNPCC7002_RS16110,0.0803313102244051
SYNPCC7002_RS15520,SYNPCC7002_RS14135,0.0803192707388884
SYNPCC7002_RS16160,SYNPCC7002_RS11470,0.0803180546680421
SYNPCC7002_RS01335,SYNPCC7002_RS13155,0.0803147911052816
SYNPCC7002_RS00650,SYNPCC7002_RS01225,0.080311357543103
SYNPCC7002_RS09995,SYNPCC7002_RS07210,0.0803053937829416
SYNPCC7002_RS08390,SYNPCC7002_RS02385,0.0802816881735512
SYNPCC7002_RS05985,SYNPCC7002_RS06645,0.0802811164694736
SYNPCC7002_RS02715,SYNPCC7002_RS04200,0.08027918261705
SYNPCC7002_RS06150,SYNPCC7002_RS15760,0.0802768284383876
SYNPCC7002_RS02715,SYNPCC7002_RS14630,0.0802712265780615
SYNPCC7002_RS14790,SYNPCC7002_RS04805,0.0802640320070507
SYNPCC7002_RS15255,SYNPCC7002_RS10640,0.0802498291069147
SYNPCC7002_RS12105,SYNPCC7002_RS01065,0.080238724083168
SYNPCC7002_RS15520,SYNPCC7002_RS06875,0.0802372243889942
SYNPCC7002_RS05460,SYNPCC7002_RS09100,0.0802348549030786
SYNPCC7002_RS03030,SYNPCC7002_RS03590,0.0802346849536341
SYNPCC7002_RS09820,SYNPCC7002_RS04260,0.0802339227039464
SYNPCC7002_RS03030,SYNPCC7002_RS07210,0.0802332655624847
SYNPCC7002_RS09820,SYNPCC7002_RS11805,0.0802296944480745
SYNPCC7002_RS02455,SYNPCC7002_RS14045,0.0802272159083743
SYNPCC7002_RS08965,SYNPCC7002_RS05545,0.0802236407668728
SYNPCC7002_RS15255,SYNPCC7002_RS16595,0.080206083408002
SYNPCC7002_RS10145,SYNPCC7002_RS10140,0.0801944972833441
SYNPCC7002_RS12395,SYNPCC7002_RS05970,0.0801733157741969
SYNPCC7002_RS12515,SYNPCC7002_RS15280,0.0801663912021541
SYNPCC7002_RS10145,SYNPCC7002_RS10730,0.0801623764865336
SYNPCC7002_RS00650,SYNPCC7002_RS13810,0.0801522775963025
SYNPCC7002_RS05135,SYNPCC7002_RS09280,0.0801499157750953
SYNPCC7002_RS15520,SYNPCC7002_RS05630,0.0801493242432264
SYNPCC7002_RS15520,SYNPCC7002_RS08730,0.0801439301381373
SYNPCC7002_RS03295,SYNPCC7002_RS15070,0.0801251050135833
SYNPCC7002_RS01085,SYNPCC7002_RS15735,0.080123792395676
SYNPCC7002_RS08175,SYNPCC7002_RS06625,0.080123578501022
SYNPCC7002_RS12395,SYNPCC7002_RS04640,0.0801182897354876
SYNPCC7002_RS05985,SYNPCC7002_RS02270,0.0801168456354284
SYNPCC7002_RS04890,SYNPCC7002_RS07590,0.0801143384281632
SYNPCC7002_RS03760,SYNPCC7002_RS03735,0.080112035767755
SYNPCC7002_RS03760,SYNPCC7002_RS00345,0.080111676499859
SYNPCC7002_RS05460,SYNPCC7002_RS10555,0.0800994127753765
SYNPCC7002_RS01085,SYNPCC7002_RS12975,0.0800826626626433
SYNPCC7002_RS06540,SYNPCC7002_RS01620,0.0800769193382193
SYNPCC7002_RS04680,SYNPCC7002_RS00230,0.080074442709312
SYNPCC7002_RS09820,SYNPCC7002_RS04605,0.0800687182906012
SYNPCC7002_RS05460,SYNPCC7002_RS04940,0.0800634625570065
SYNPCC7002_RS10525,SYNPCC7002_RS14905,0.0800622883436774
SYNPCC7002_RS13450,SYNPCC7002_RS01920,0.0800617388119209
SYNPCC7002_RS08945,SYNPCC7002_RS11080,0.0800595471263147
SYNPCC7002_RS15410,SYNPCC7002_RS01540,0.080050374097358
SYNPCC7002_RS03760,SYNPCC7002_RS10100,0.0800473591073297
SYNPCC7002_RS08965,SYNPCC7002_RS01385,0.0800465820851931
SYNPCC7002_RS03030,SYNPCC7002_RS01590,0.0800374766839089
SYNPCC7002_RS12395,SYNPCC7002_RS14205,0.0800374355002814
SYNPCC7002_RS05135,SYNPCC7002_RS12955,0.0800365670845283
SYNPCC7002_RS00010,SYNPCC7002_RS00570,0.0800357988990942
SYNPCC7002_RS09780,SYNPCC7002_RS01185,0.0800352717899519
SYNPCC7002_RS15255,SYNPCC7002_RS15335,0.0800350223281456
SYNPCC7002_RS00650,SYNPCC7002_RS13675,0.0800337457841857
SYNPCC7002_RS12515,SYNPCC7002_RS16615,0.0800332260596749
SYNPCC7002_RS08210,SYNPCC7002_RS14120,0.0800295908689476
SYNPCC7002_RS01335,SYNPCC7002_RS11810,0.0800268508106955
SYNPCC7002_RS09845,SYNPCC7002_RS10535,0.0800214319784074
SYNPCC7002_RS08390,SYNPCC7002_RS10510,0.0800202340578564
SYNPCC7002_RS08210,SYNPCC7002_RS15615,0.0800175503141474
SYNPCC7002_RS08945,SYNPCC7002_RS16690,0.0800168294810313
SYNPCC7002_RS00650,SYNPCC7002_RS09995,0.080016694460949
SYNPCC7002_RS10050,SYNPCC7002_RS07465,0.0800123587300326
SYNPCC7002_RS09820,SYNPCC7002_RS02020,0.0800095544793023
SYNPCC7002_RS12395,SYNPCC7002_RS14730,0.0800080020076906
SYNPCC7002_RS08390,SYNPCC7002_RS05725,0.0800063612283659
SYNPCC7002_RS03030,SYNPCC7002_RS02920,0.0799988997792127
SYNPCC7002_RS08965,SYNPCC7002_RS04465,0.079996590684853
SYNPCC7002_RS05985,SYNPCC7002_RS08610,0.0799954086282456
SYNPCC7002_RS11400,SYNPCC7002_RS02115,0.079988310065074
SYNPCC7002_RS04890,SYNPCC7002_RS00270,0.0799840596956023
SYNPCC7002_RS06150,SYNPCC7002_RS12045,0.0799620460857202
SYNPCC7002_RS06005,SYNPCC7002_RS14550,0.0799617798791764
SYNPCC7002_RS05460,SYNPCC7002_RS15305,0.0799474930477845
SYNPCC7002_RS12395,SYNPCC7002_RS13615,0.0799411309688463
SYNPCC7002_RS06540,SYNPCC7002_RS12515,0.0799362430232304
SYNPCC7002_RS08965,SYNPCC7002_RS10750,0.0799362396166338
SYNPCC7002_RS08390,SYNPCC7002_RS07435,0.0799343002100712
SYNPCC7002_RS06540,SYNPCC7002_RS10440,0.0799254680842079
SYNPCC7002_RS12515,SYNPCC7002_RS09225,0.0799215757284718
SYNPCC7002_RS00640,SYNPCC7002_RS06915,0.079905562237983
SYNPCC7002_RS01800,SYNPCC7002_RS06045,0.07989268569967
SYNPCC7002_RS12105,SYNPCC7002_RS11935,0.0798911569412796
SYNPCC7002_RS12515,SYNPCC7002_RS17255,0.0798910438513457
SYNPCC7002_RS10050,SYNPCC7002_RS03615,0.0798907994631274
SYNPCC7002_RS04780,SYNPCC7002_RS01710,0.0798905205516658
SYNPCC7002_RS14440,SYNPCC7002_RS17245,0.0798891514676269
SYNPCC7002_RS01420,SYNPCC7002_RS17230,0.079882362874972
SYNPCC7002_RS09320,SYNPCC7002_RS11490,0.079879101257997
SYNPCC7002_RS05135,SYNPCC7002_RS08670,0.0798758381331017
SYNPCC7002_RS10050,SYNPCC7002_RS06385,0.0798676651193023
SYNPCC7002_RS05135,SYNPCC7002_RS15085,0.0798619522329274
SYNPCC7002_RS07385,SYNPCC7002_RS08860,0.0798508169263107
SYNPCC7002_RS03030,SYNPCC7002_RS05830,0.0798498213572745
SYNPCC7002_RS09175,SYNPCC7002_RS08870,0.0798486421592138
SYNPCC7002_RS15255,SYNPCC7002_RS04660,0.0798472894408032
SYNPCC7002_RS01800,SYNPCC7002_RS11870,0.0798449825172471
SYNPCC7002_RS08965,SYNPCC7002_RS06420,0.079843455266219
SYNPCC7002_RS04890,SYNPCC7002_RS02795,0.0798368740758271
SYNPCC7002_RS03030,SYNPCC7002_RS01210,0.0798335301339332
SYNPCC7002_RS15520,SYNPCC7002_RS12225,0.0798315548067426
SYNPCC7002_RS07385,SYNPCC7002_RS01130,0.0798310764889612
SYNPCC7002_RS15255,SYNPCC7002_RS08515,0.0798284848717929
SYNPCC7002_RS01420,SYNPCC7002_RS03230,0.0798271400653872
SYNPCC7002_RS04650,SYNPCC7002_RS06320,0.0798256908864811
SYNPCC7002_RS02715,SYNPCC7002_RS01940,0.0798240613154223
SYNPCC7002_RS15410,SYNPCC7002_RS07960,0.079818313616735
SYNPCC7002_RS14440,SYNPCC7002_RS14470,0.0798071702659768
SYNPCC7002_RS12395,SYNPCC7002_RS00345,0.0797926628090048
SYNPCC7002_RS09820,SYNPCC7002_RS06145,0.0797897341843018
SYNPCC7002_RS00050,SYNPCC7002_RS13330,0.0797870942960147
SYNPCC7002_RS02455,SYNPCC7002_RS08700,0.0797863757640751
SYNPCC7002_RS09780,SYNPCC7002_RS05325,0.0797827152049242
SYNPCC7002_RS09320,SYNPCC7002_RS12135,0.0797772547513536
SYNPCC7002_RS00010,SYNPCC7002_RS01440,0.0797767580780755
SYNPCC7002_RS05135,SYNPCC7002_RS13535,0.0797717911420206
SYNPCC7002_RS15410,SYNPCC7002_RS04220,0.0797705716789942
SYNPCC7002_RS12090,SYNPCC7002_RS17250,0.0797683612511022
SYNPCC7002_RS08945,SYNPCC7002_RS08600,0.0797683608269053
SYNPCC7002_RS08210,SYNPCC7002_RS11700,0.0797669900609047
SYNPCC7002_RS09630,SYNPCC7002_RS06150,0.0797605216901913
SYNPCC7002_RS16320,SYNPCC7002_RS15315,0.0797519157219621
SYNPCC7002_RS03030,SYNPCC7002_RS16730,0.0797469576241995
SYNPCC7002_RS04650,SYNPCC7002_RS12060,0.0797409096809539
SYNPCC7002_RS06005,SYNPCC7002_RS02755,0.0797396252254198
SYNPCC7002_RS00640,SYNPCC7002_RS04425,0.0797377277382478
SYNPCC7002_RS03760,SYNPCC7002_RS11245,0.0797243092561333
SYNPCC7002_RS12105,SYNPCC7002_RS02360,0.0797201714322225
SYNPCC7002_RS12090,SYNPCC7002_RS14055,0.0797195274175165
SYNPCC7002_RS03295,SYNPCC7002_RS04295,0.0797148328375364
SYNPCC7002_RS08175,SYNPCC7002_RS00035,0.0797091526502785
SYNPCC7002_RS12515,SYNPCC7002_RS07875,0.0797086771905715
SYNPCC7002_RS09320,SYNPCC7002_RS03225,0.0797065906861253
SYNPCC7002_RS07295,SYNPCC7002_RS01010,0.0797058718077383
SYNPCC7002_RS16320,SYNPCC7002_RS10555,0.0797039147162238
SYNPCC7002_RS08965,SYNPCC7002_RS14110,0.0796962785838455
SYNPCC7002_RS07385,SYNPCC7002_RS07425,0.0796934623765905
SYNPCC7002_RS04780,SYNPCC7002_RS15740,0.0796930088746488
SYNPCC7002_RS09845,SYNPCC7002_RS04495,0.0796904097706002
SYNPCC7002_RS05985,SYNPCC7002_RS04850,0.0796779667581731
SYNPCC7002_RS14790,SYNPCC7002_RS08135,0.079672093185705
SYNPCC7002_RS06165,SYNPCC7002_RS05925,0.0796704256660319
SYNPCC7002_RS15255,SYNPCC7002_RS04190,0.079659679221706
SYNPCC7002_RS01800,SYNPCC7002_RS01340,0.0796577826798732
SYNPCC7002_RS01420,SYNPCC7002_RS11990,0.0796577201125336
SYNPCC7002_RS15410,SYNPCC7002_RS06305,0.0796539684694028
SYNPCC7002_RS02715,SYNPCC7002_RS08045,0.0796481232566674
SYNPCC7002_RS05985,SYNPCC7002_RS14235,0.0796451303738836
SYNPCC7002_RS05985,SYNPCC7002_RS02840,0.07963906701386
SYNPCC7002_RS06540,SYNPCC7002_RS11225,0.079637495851687
SYNPCC7002_RS01800,SYNPCC7002_RS03770,0.079631647476199
SYNPCC7002_RS05985,SYNPCC7002_RS05430,0.0796279476402652
SYNPCC7002_RS16320,SYNPCC7002_RS02745,0.0796130548891007
SYNPCC7002_RS16320,SYNPCC7002_RS15805,0.079606543707683
SYNPCC7002_RS06150,SYNPCC7002_RS15850,0.0796010281202186
SYNPCC7002_RS08965,SYNPCC7002_RS01475,0.0795976576831395
SYNPCC7002_RS05135,SYNPCC7002_RS07355,0.0795900381087933
SYNPCC7002_RS06150,SYNPCC7002_RS00870,0.0795823268653692
SYNPCC7002_RS04250,SYNPCC7002_RS05100,0.0795822340331887
SYNPCC7002_RS04890,SYNPCC7002_RS16960,0.0795800490400628
SYNPCC7002_RS15520,SYNPCC7002_RS04195,0.0795778050348587
SYNPCC7002_RS00260,SYNPCC7002_RS09615,0.0795698619082187
SYNPCC7002_RS09320,SYNPCC7002_RS08125,0.0795507277091553
SYNPCC7002_RS02715,SYNPCC7002_RS02570,0.0795462859582476
SYNPCC7002_RS16320,SYNPCC7002_RS15210,0.0795442720213167
SYNPCC7002_RS05985,SYNPCC7002_RS11115,0.0795398071774042
SYNPCC7002_RS01420,SYNPCC7002_RS00730,0.0795304082243844
SYNPCC7002_RS15410,SYNPCC7002_RS09750,0.0795281182184154
SYNPCC7002_RS09820,SYNPCC7002_RS13735,0.0795279075373255
SYNPCC7002_RS11400,SYNPCC7002_RS06710,0.0795260552850556
SYNPCC7002_RS10050,SYNPCC7002_RS08145,0.0795256329064365
SYNPCC7002_RS03030,SYNPCC7002_RS11680,0.0795246205512473
SYNPCC7002_RS14385,SYNPCC7002_RS14420,0.0795149006316692
SYNPCC7002_RS16320,SYNPCC7002_RS02605,0.0795145060875991
SYNPCC7002_RS09820,SYNPCC7002_RS08770,0.0795115690964778
SYNPCC7002_RS09820,SYNPCC7002_RS12205,0.0795056480109393
SYNPCC7002_RS01420,SYNPCC7002_RS05970,0.0795033830253028
SYNPCC7002_RS10050,SYNPCC7002_RS05225,0.0795027909945186
SYNPCC7002_RS08210,SYNPCC7002_RS02080,0.079501802364774
SYNPCC7002_RS04250,SYNPCC7002_RS08400,0.0794993268244855
SYNPCC7002_RS10050,SYNPCC7002_RS01360,0.079495596658742
SYNPCC7002_RS11685,SYNPCC7002_RS03285,0.0794929384786132
SYNPCC7002_RS10525,SYNPCC7002_RS14890,0.0794906574586958
SYNPCC7002_RS15680,SYNPCC7002_RS15140,0.0794849872897391
SYNPCC7002_RS09820,SYNPCC7002_RS09205,0.0794835397630233
SYNPCC7002_RS01335,SYNPCC7002_RS04915,0.0794780346250597
SYNPCC7002_RS10050,SYNPCC7002_RS07875,0.079477225552515
SYNPCC7002_RS03030,SYNPCC7002_RS15740,0.079470594125171
SYNPCC7002_RS01800,SYNPCC7002_RS09820,0.0794641918108168
SYNPCC7002_RS15255,SYNPCC7002_RS05070,0.0794641569532523
SYNPCC7002_RS07295,SYNPCC7002_RS15480,0.0794547968735555
SYNPCC7002_RS08945,SYNPCC7002_RS14010,0.0794541070100198
SYNPCC7002_RS09175,SYNPCC7002_RS13535,0.0794519164005935
SYNPCC7002_RS03030,SYNPCC7002_RS12635,0.0794506496777603
SYNPCC7002_RS12105,SYNPCC7002_RS01855,0.0794469489431922
SYNPCC7002_RS00690,SYNPCC7002_RS03040,0.0794464783032121
SYNPCC7002_RS05135,SYNPCC7002_RS09370,0.0794456632719659
SYNPCC7002_RS10050,SYNPCC7002_RS01745,0.0794431297617794
SYNPCC7002_RS04650,SYNPCC7002_RS05005,0.0794415006233679
SYNPCC7002_RS00010,SYNPCC7002_RS08090,0.0794390431314291
SYNPCC7002_RS00690,SYNPCC7002_RS07185,0.0794384696300391
SYNPCC7002_RS00640,SYNPCC7002_RS14065,0.0794319999837454
SYNPCC7002_RS04680,SYNPCC7002_RS08160,0.0794266396651856
SYNPCC7002_RS04650,SYNPCC7002_RS03460,0.0794222010893631
SYNPCC7002_RS04250,SYNPCC7002_RS11925,0.0794184127826434
SYNPCC7002_RS05135,SYNPCC7002_RS09520,0.0794142655078342
SYNPCC7002_RS10145,SYNPCC7002_RS06355,0.0794130326716855
SYNPCC7002_RS05135,SYNPCC7002_RS07730,0.079411568455357
SYNPCC7002_RS00690,SYNPCC7002_RS13795,0.0794077205918524
SYNPCC7002_RS07385,SYNPCC7002_RS10520,0.079407455673802
SYNPCC7002_RS05135,SYNPCC7002_RS04385,0.0794030810455989
SYNPCC7002_RS00050,SYNPCC7002_RS08605,0.079401273610118
SYNPCC7002_RS08255,SYNPCC7002_RS00365,0.0794003779606275
SYNPCC7002_RS09845,SYNPCC7002_RS04770,0.0794003273741122
SYNPCC7002_RS03950,SYNPCC7002_RS15245,0.0793870089887077
SYNPCC7002_RS01335,SYNPCC7002_RS06155,0.0793805327753683
SYNPCC7002_RS09780,SYNPCC7002_RS06470,0.0793777690492737
SYNPCC7002_RS12395,SYNPCC7002_RS09575,0.0793725466772999
SYNPCC7002_RS12395,SYNPCC7002_RS11095,0.0793706364923057
SYNPCC7002_RS09630,SYNPCC7002_RS07955,0.0793675958476724
SYNPCC7002_RS09780,SYNPCC7002_RS05910,0.0793647143027888
SYNPCC7002_RS08860,SYNPCC7002_RS02535,0.0793613779869699
SYNPCC7002_RS08965,SYNPCC7002_RS01380,0.0793572815521873
SYNPCC7002_RS04890,SYNPCC7002_RS06400,0.0793562654198521
SYNPCC7002_RS15410,SYNPCC7002_RS07640,0.079353924023934
SYNPCC7002_RS03030,SYNPCC7002_RS01295,0.0793535787504745
SYNPCC7002_RS03030,SYNPCC7002_RS08255,0.0793446527473102
SYNPCC7002_RS12515,SYNPCC7002_RS01620,0.0793382106154617
SYNPCC7002_RS10050,SYNPCC7002_RS11000,0.0793343696412824
SYNPCC7002_RS05985,SYNPCC7002_RS08230,0.0793325342171586
SYNPCC7002_RS08965,SYNPCC7002_RS11700,0.0793313037634081
SYNPCC7002_RS01800,SYNPCC7002_RS00080,0.0793258925866999
SYNPCC7002_RS08480,SYNPCC7002_RS05015,0.0793254147693607
SYNPCC7002_RS06540,SYNPCC7002_RS03380,0.0793181192146781
SYNPCC7002_RS14790,SYNPCC7002_RS16160,0.0793125567659587
SYNPCC7002_RS04890,SYNPCC7002_RS02470,0.0793109053873126
SYNPCC7002_RS09175,SYNPCC7002_RS07675,0.0793107807155352
SYNPCC7002_RS08965,SYNPCC7002_RS07985,0.0793075105760922
SYNPCC7002_RS15520,SYNPCC7002_RS04530,0.0793024860327258
SYNPCC7002_RS04890,SYNPCC7002_RS07595,0.0792998372918088
SYNPCC7002_RS00640,SYNPCC7002_RS05945,0.0792914938899396
SYNPCC7002_RS08965,SYNPCC7002_RS12745,0.0792847292445803
SYNPCC7002_RS03030,SYNPCC7002_RS07980,0.079284253402196
SYNPCC7002_RS09320,SYNPCC7002_RS11040,0.0792831209241814
SYNPCC7002_RS00640,SYNPCC7002_RS15795,0.0792829325632677
SYNPCC7002_RS04650,SYNPCC7002_RS01575,0.0792815297203525
SYNPCC7002_RS12515,SYNPCC7002_RS15950,0.0792724752553843
SYNPCC7002_RS15520,SYNPCC7002_RS13910,0.0792714169137979
SYNPCC7002_RS00650,SYNPCC7002_RS03375,0.0792637843545411
SYNPCC7002_RS11685,SYNPCC7002_RS03070,0.079262466157483
SYNPCC7002_RS02715,SYNPCC7002_RS04605,0.0792591675382311
SYNPCC7002_RS02715,SYNPCC7002_RS06845,0.079257533045277
SYNPCC7002_RS15520,SYNPCC7002_RS01600,0.0792557012700076
SYNPCC7002_RS08175,SYNPCC7002_RS00045,0.0792514639434674
SYNPCC7002_RS09320,SYNPCC7002_RS05040,0.0792415512580647
SYNPCC7002_RS00690,SYNPCC7002_RS14950,0.0792395103416009
SYNPCC7002_RS11685,SYNPCC7002_RS00185,0.0792390775455182
SYNPCC7002_RS08965,SYNPCC7002_RS08655,0.079238672612085
SYNPCC7002_RS02455,SYNPCC7002_RS08410,0.0792359510657885
SYNPCC7002_RS08860,SYNPCC7002_RS09500,0.0792347927106136
SYNPCC7002_RS04780,SYNPCC7002_RS06270,0.0792340553013552
SYNPCC7002_RS08965,SYNPCC7002_RS06300,0.079233191546986
SYNPCC7002_RS09175,SYNPCC7002_RS16195,0.079231463724892
SYNPCC7002_RS04780,SYNPCC7002_RS11620,0.0792286258867228
SYNPCC7002_RS02715,SYNPCC7002_RS15125,0.0792222944024469
SYNPCC7002_RS03950,SYNPCC7002_RS10195,0.0792209873187017
SYNPCC7002_RS01800,SYNPCC7002_RS00485,0.0792166048013603
SYNPCC7002_RS12395,SYNPCC7002_RS09795,0.0792021042682065
SYNPCC7002_RS02455,SYNPCC7002_RS07105,0.0791994449995107
SYNPCC7002_RS10050,SYNPCC7002_RS04120,0.0791981539523739
SYNPCC7002_RS09320,SYNPCC7002_RS02120,0.079191752298528
SYNPCC7002_RS09995,SYNPCC7002_RS11575,0.0791825960547558
SYNPCC7002_RS14440,SYNPCC7002_RS06585,0.0791769592287283
SYNPCC7002_RS03030,SYNPCC7002_RS07155,0.0791702797140919
SYNPCC7002_RS16320,SYNPCC7002_RS01630,0.0791673669571924
SYNPCC7002_RS08965,SYNPCC7002_RS04055,0.079166453921773
SYNPCC7002_RS12515,SYNPCC7002_RS16770,0.079155196431201
SYNPCC7002_RS04680,SYNPCC7002_RS05560,0.0791542820353682
SYNPCC7002_RS08965,SYNPCC7002_RS01225,0.0791522184892962
SYNPCC7002_RS09260,SYNPCC7002_RS10535,0.0791479372302619
SYNPCC7002_RS00640,SYNPCC7002_RS04910,0.0791448672088218
SYNPCC7002_RS15030,SYNPCC7002_RS14990,0.0791443519485405
SYNPCC7002_RS08965,SYNPCC7002_RS12345,0.0791398889296314
SYNPCC7002_RS15680,SYNPCC7002_RS09000,0.079137213886202
SYNPCC7002_RS05985,SYNPCC7002_RS13330,0.0791293765980173
SYNPCC7002_RS09195,SYNPCC7002_RS13580,0.0791253589009687
SYNPCC7002_RS04890,SYNPCC7002_RS04115,0.0791251488686052
SYNPCC7002_RS09780,SYNPCC7002_RS11450,0.079122954912598
SYNPCC7002_RS00690,SYNPCC7002_RS01445,0.0791223166262932
SYNPCC7002_RS09320,SYNPCC7002_RS06870,0.0790955992615937
SYNPCC7002_RS04890,SYNPCC7002_RS04110,0.0790939627568516
SYNPCC7002_RS07385,SYNPCC7002_RS16540,0.0790856191327351
SYNPCC7002_RS08965,SYNPCC7002_RS00715,0.0790818454747052
SYNPCC7002_RS15520,SYNPCC7002_RS01635,0.0790809139582924
SYNPCC7002_RS07385,SYNPCC7002_RS02645,0.0790749118428144
SYNPCC7002_RS00690,SYNPCC7002_RS11645,0.0790712032574591
SYNPCC7002_RS09820,SYNPCC7002_RS00995,0.0790704420546264
SYNPCC7002_RS07385,SYNPCC7002_RS02920,0.0790676156887555
SYNPCC7002_RS12395,SYNPCC7002_RS06050,0.0790670099643307
SYNPCC7002_RS01335,SYNPCC7002_RS14890,0.0790611970175608
SYNPCC7002_RS11400,SYNPCC7002_RS06415,0.0790582670960615
SYNPCC7002_RS15520,SYNPCC7002_RS09215,0.0790577149518804
SYNPCC7002_RS12105,SYNPCC7002_RS08835,0.0790469317302182
SYNPCC7002_RS09320,SYNPCC7002_RS12375,0.0790448861546078
SYNPCC7002_RS01800,SYNPCC7002_RS10760,0.0790422324899556
SYNPCC7002_RS03030,SYNPCC7002_RS04055,0.0790357751147555
SYNPCC7002_RS04780,SYNPCC7002_RS12945,0.0790322434343194
SYNPCC7002_RS01800,SYNPCC7002_RS08105,0.0790250911007358
SYNPCC7002_RS01085,SYNPCC7002_RS14925,0.0790243755438443
SYNPCC7002_RS04250,SYNPCC7002_RS11350,0.0790200052792868
SYNPCC7002_RS02715,SYNPCC7002_RS12040,0.0790114473536911
SYNPCC7002_RS05135,SYNPCC7002_RS03055,0.0790077008051443
SYNPCC7002_RS15680,SYNPCC7002_RS12155,0.078986369495515
SYNPCC7002_RS08965,SYNPCC7002_RS02370,0.0789821600597725
SYNPCC7002_RS15995,SYNPCC7002_RS07460,0.0789813222767744
SYNPCC7002_RS08255,SYNPCC7002_RS01075,0.0789750843500391
SYNPCC7002_RS04250,SYNPCC7002_RS10870,0.0789663266640563
SYNPCC7002_RS15520,SYNPCC7002_RS05440,0.07896448550089
SYNPCC7002_RS05985,SYNPCC7002_RS04875,0.0789644399997599
SYNPCC7002_RS04680,SYNPCC7002_RS07430,0.0789576238104234
SYNPCC7002_RS09320,SYNPCC7002_RS01355,0.0789567730897204
SYNPCC7002_RS15995,SYNPCC7002_RS10800,0.0789543003880412
SYNPCC7002_RS04780,SYNPCC7002_RS03935,0.07894646864272
SYNPCC7002_RS08210,SYNPCC7002_RS14130,0.0789457965209497
SYNPCC7002_RS15680,SYNPCC7002_RS10635,0.0789307247198051
SYNPCC7002_RS09845,SYNPCC7002_RS07740,0.0789264621835407
SYNPCC7002_RS08390,SYNPCC7002_RS15935,0.078920040515226
SYNPCC7002_RS10050,SYNPCC7002_RS09785,0.0789065801863867
SYNPCC7002_RS10050,SYNPCC7002_RS07725,0.0789060483510292
SYNPCC7002_RS01335,SYNPCC7002_RS08900,0.0789025854022472
SYNPCC7002_RS01800,SYNPCC7002_RS01960,0.0788998034488661
SYNPCC7002_RS04780,SYNPCC7002_RS01805,0.0788993993604301
SYNPCC7002_RS00640,SYNPCC7002_RS09645,0.0788799197307618
SYNPCC7002_RS02715,SYNPCC7002_RS02970,0.0788756487126403
SYNPCC7002_RS08965,SYNPCC7002_RS07210,0.0788745912143931
SYNPCC7002_RS07295,SYNPCC7002_RS00690,0.0788723470841677
SYNPCC7002_RS07295,SYNPCC7002_RS03615,0.0788620941130642
SYNPCC7002_RS14790,SYNPCC7002_RS10640,0.0788613260103614
SYNPCC7002_RS07295,SYNPCC7002_RS07705,0.0788586984041308
SYNPCC7002_RS11400,SYNPCC7002_RS04500,0.0788505500167439
SYNPCC7002_RS05135,SYNPCC7002_RS16510,0.0788444611466496
SYNPCC7002_RS09320,SYNPCC7002_RS05990,0.0788330363802
SYNPCC7002_RS09630,SYNPCC7002_RS00975,0.0788267157555489
SYNPCC7002_RS09820,SYNPCC7002_RS10995,0.0788227814496728
SYNPCC7002_RS04250,SYNPCC7002_RS14735,0.0788170710955451
SYNPCC7002_RS03030,SYNPCC7002_RS04500,0.0788133337212201
SYNPCC7002_RS15520,SYNPCC7002_RS03560,0.0788071455439648
SYNPCC7002_RS08945,SYNPCC7002_RS03405,0.0788010876080739
SYNPCC7002_RS08255,SYNPCC7002_RS09495,0.0787883594605356
SYNPCC7002_RS07385,SYNPCC7002_RS03025,0.0787680941450006
SYNPCC7002_RS01335,SYNPCC7002_RS14060,0.0787657007579099
SYNPCC7002_RS15520,SYNPCC7002_RS08365,0.0787638457432316
SYNPCC7002_RS09845,SYNPCC7002_RS02325,0.0787636481768744
SYNPCC7002_RS12395,SYNPCC7002_RS05285,0.0787588671908933
SYNPCC7002_RS04890,SYNPCC7002_RS02960,0.0787480631012335
SYNPCC7002_RS15520,SYNPCC7002_RS07050,0.078741841014717
SYNPCC7002_RS03760,SYNPCC7002_RS09020,0.0787388760245633
SYNPCC7002_RS04780,SYNPCC7002_RS13645,0.0787324206600102
SYNPCC7002_RS07295,SYNPCC7002_RS07515,0.0787295189035377
SYNPCC7002_RS00050,SYNPCC7002_RS16605,0.078717820380897
SYNPCC7002_RS04890,SYNPCC7002_RS17215,0.0787101226843266
SYNPCC7002_RS08210,SYNPCC7002_RS09660,0.0787066071475712
SYNPCC7002_RS07385,SYNPCC7002_RS11855,0.0787004880146877
SYNPCC7002_RS15520,SYNPCC7002_RS03395,0.0786924720014957
SYNPCC7002_RS06540,SYNPCC7002_RS01615,0.0786896745166915
SYNPCC7002_RS00260,SYNPCC7002_RS17075,0.078663797400628
SYNPCC7002_RS09630,SYNPCC7002_RS16925,0.0786631710240985
SYNPCC7002_RS04250,SYNPCC7002_RS01735,0.0786558139916449
SYNPCC7002_RS09780,SYNPCC7002_RS16060,0.078655749028467
SYNPCC7002_RS09820,SYNPCC7002_RS05805,0.0786521411339903
SYNPCC7002_RS07385,SYNPCC7002_RS12740,0.0786514017194625
SYNPCC7002_RS09175,SYNPCC7002_RS04315,0.0786503276218713
SYNPCC7002_RS12395,SYNPCC7002_RS01510,0.0786465395395081
SYNPCC7002_RS07385,SYNPCC7002_RS12220,0.07864624013213
SYNPCC7002_RS03030,SYNPCC7002_RS14120,0.0786439191306924
SYNPCC7002_RS05135,SYNPCC7002_RS16750,0.0786418697894251
SYNPCC7002_RS11400,SYNPCC7002_RS12835,0.078633692412413
SYNPCC7002_RS01800,SYNPCC7002_RS12880,0.0786274634374189
SYNPCC7002_RS09630,SYNPCC7002_RS08035,0.0786236614556116
SYNPCC7002_RS15995,SYNPCC7002_RS05680,0.0786108283996911
SYNPCC7002_RS03950,SYNPCC7002_RS15845,0.0786057921334139
SYNPCC7002_RS04650,SYNPCC7002_RS13060,0.0785901513002665
SYNPCC7002_RS00640,SYNPCC7002_RS13965,0.0785831804545179
SYNPCC7002_RS04250,SYNPCC7002_RS13015,0.0785749740299612
SYNPCC7002_RS05135,SYNPCC7002_RS07465,0.0785742122735892
SYNPCC7002_RS08210,SYNPCC7002_RS12225,0.0785702123672993
SYNPCC7002_RS04890,SYNPCC7002_RS09535,0.0785700762815391
SYNPCC7002_RS04780,SYNPCC7002_RS05985,0.078553126458187
SYNPCC7002_RS01800,SYNPCC7002_RS03610,0.0785530308246069
SYNPCC7002_RS15255,SYNPCC7002_RS06460,0.0785461131830621
SYNPCC7002_RS15255,SYNPCC7002_RS05670,0.0785400374531703
SYNPCC7002_RS09820,SYNPCC7002_RS03080,0.078537129441218
SYNPCC7002_RS12395,SYNPCC7002_RS08295,0.0785315064168338
SYNPCC7002_RS04250,SYNPCC7002_RS12015,0.0785290780888628
SYNPCC7002_RS05135,SYNPCC7002_RS10985,0.0785261862683548
SYNPCC7002_RS00690,SYNPCC7002_RS09260,0.0785203395135522
SYNPCC7002_RS09820,SYNPCC7002_RS16600,0.0785164009527058
SYNPCC7002_RS09260,SYNPCC7002_RS12465,0.078509847243516
SYNPCC7002_RS03030,SYNPCC7002_RS01385,0.0785091282223359
SYNPCC7002_RS04680,SYNPCC7002_RS14130,0.0785080391256594
SYNPCC7002_RS03030,SYNPCC7002_RS02620,0.0785030576540162
SYNPCC7002_RS08175,SYNPCC7002_RS12770,0.0784965213233624
SYNPCC7002_RS12395,SYNPCC7002_RS10735,0.0784936908983992
SYNPCC7002_RS10050,SYNPCC7002_RS03290,0.0784832704968719
SYNPCC7002_RS12090,SYNPCC7002_RS15835,0.0784810058531898
SYNPCC7002_RS07385,SYNPCC7002_RS01840,0.0784808116528603
SYNPCC7002_RS10050,SYNPCC7002_RS14425,0.0784804919436852
SYNPCC7002_RS00640,SYNPCC7002_RS09005,0.0784788099769019
SYNPCC7002_RS08965,SYNPCC7002_RS13645,0.0784776481688076
SYNPCC7002_RS07385,SYNPCC7002_RS00725,0.0784768113350074
SYNPCC7002_RS08390,SYNPCC7002_RS14910,0.0784716688199933
SYNPCC7002_RS04650,SYNPCC7002_RS02955,0.0784665222220442
SYNPCC7002_RS08965,SYNPCC7002_RS06925,0.0784584748287339
SYNPCC7002_RS01335,SYNPCC7002_RS06015,0.0784548923512976
SYNPCC7002_RS04250,SYNPCC7002_RS04115,0.0784460849113216
SYNPCC7002_RS00260,SYNPCC7002_RS06930,0.0784328973106424
SYNPCC7002_RS10145,SYNPCC7002_RS11500,0.0784280216865146
SYNPCC7002_RS04780,SYNPCC7002_RS06535,0.0784276397810449
SYNPCC7002_RS04780,SYNPCC7002_RS13245,0.0784273545854719
SYNPCC7002_RS10050,SYNPCC7002_RS07835,0.0784207957675173
SYNPCC7002_RS02715,SYNPCC7002_RS15490,0.0784157912482776
SYNPCC7002_RS09260,SYNPCC7002_RS16055,0.078412265045734
SYNPCC7002_RS04890,SYNPCC7002_RS11190,0.0784073978903442
SYNPCC7002_RS09820,SYNPCC7002_RS01015,0.0784021501508272
SYNPCC7002_RS09820,SYNPCC7002_RS06505,0.0783956058821406
SYNPCC7002_RS09260,SYNPCC7002_RS04755,0.0783951425233107
SYNPCC7002_RS09320,SYNPCC7002_RS01555,0.0783943930896919
SYNPCC7002_RS11400,SYNPCC7002_RS12780,0.0783911015832118
SYNPCC7002_RS04890,SYNPCC7002_RS01930,0.0783891040240342
SYNPCC7002_RS09175,SYNPCC7002_RS14720,0.0783876034358618
SYNPCC7002_RS10050,SYNPCC7002_RS05805,0.0783751454392089
SYNPCC7002_RS01335,SYNPCC7002_RS00030,0.0783747673008576
SYNPCC7002_RS10525,SYNPCC7002_RS02240,0.0783724976847009
SYNPCC7002_RS03295,SYNPCC7002_RS01545,0.078364565396059
SYNPCC7002_RS02715,SYNPCC7002_RS03635,0.0783515459097866
SYNPCC7002_RS09780,SYNPCC7002_RS00810,0.0783460357360899
SYNPCC7002_RS09820,SYNPCC7002_RS07435,0.0783397340175963
SYNPCC7002_RS03030,SYNPCC7002_RS09830,0.0783098694497604
SYNPCC7002_RS12515,SYNPCC7002_RS12085,0.0783084913264539
SYNPCC7002_RS08945,SYNPCC7002_RS03730,0.0783046007665349
SYNPCC7002_RS01420,SYNPCC7002_RS08245,0.0783026489338222
SYNPCC7002_RS09195,SYNPCC7002_RS13560,0.0782976564494125
SYNPCC7002_RS00050,SYNPCC7002_RS08470,0.0782955068128055
SYNPCC7002_RS08210,SYNPCC7002_RS11665,0.0782953407191943
SYNPCC7002_RS01420,SYNPCC7002_RS11530,0.0782898081056498
SYNPCC7002_RS09780,SYNPCC7002_RS02235,0.0782848289826665
SYNPCC7002_RS01335,SYNPCC7002_RS07620,0.0782798856691514
SYNPCC7002_RS04890,SYNPCC7002_RS07355,0.0782768338184154
SYNPCC7002_RS12395,SYNPCC7002_RS03090,0.0782704372030474
SYNPCC7002_RS12090,SYNPCC7002_RS15620,0.0782656444359518
SYNPCC7002_RS08945,SYNPCC7002_RS01400,0.0782612389933175
SYNPCC7002_RS08965,SYNPCC7002_RS00710,0.0782589195669876
