regulatoryGene,targetGene,weight
SYNPCC7002_RS00850,SYNPCC7002_RS00855,0.147578308684446
SYNPCC7002_RS14440,SYNPCC7002_RS14455,0.138788182828589
SYNPCC7002_RS00850,SYNPCC7002_RS00860,0.138333756189116
SYNPCC7002_RS00850,SYNPCC7002_RS12365,0.134156474839444
SYNPCC7002_RS00650,SYNPCC7002_RS08125,0.133284280301094
SYNPCC7002_RS01800,SYNPCC7002_RS05330,0.130889004138552
SYNPCC7002_RS00850,SYNPCC7002_RS00865,0.130866059444756
SYNPCC7002_RS00850,SYNPCC7002_RS02330,0.129394333331014
SYNPCC7002_RS00850,SYNPCC7002_RS00870,0.129160336221752
SYNPCC7002_RS06150,SYNPCC7002_RS00970,0.127601118587971
SYNPCC7002_RS15255,SYNPCC7002_RS15680,0.127092983314658
SYNPCC7002_RS15720,SYNPCC7002_RS15610,0.126562265515821
SYNPCC7002_RS16320,SYNPCC7002_RS15605,0.126550720614071
SYNPCC7002_RS06540,SYNPCC7002_RS15950,0.125853530398909
SYNPCC7002_RS15720,SYNPCC7002_RS15605,0.125687080240162
SYNPCC7002_RS14440,SYNPCC7002_RS14315,0.125508280692027
SYNPCC7002_RS14385,SYNPCC7002_RS14390,0.125479708889014
SYNPCC7002_RS04650,SYNPCC7002_RS01350,0.12518615048889
SYNPCC7002_RS06150,SYNPCC7002_RS05455,0.124641088858747
SYNPCC7002_RS14385,SYNPCC7002_RS14325,0.124451727476866
SYNPCC7002_RS14385,SYNPCC7002_RS14320,0.123693761016087
SYNPCC7002_RS05135,SYNPCC7002_RS05295,0.123548863029662
SYNPCC7002_RS09780,SYNPCC7002_RS12960,0.12347771959629
SYNPCC7002_RS15720,SYNPCC7002_RS15315,0.123128940556809
SYNPCC7002_RS05135,SYNPCC7002_RS05305,0.122991036068208
SYNPCC7002_RS05135,SYNPCC7002_RS06585,0.12287916889597
SYNPCC7002_RS03950,SYNPCC7002_RS15120,0.122735703148606
SYNPCC7002_RS05135,SYNPCC7002_RS00270,0.122032378288637
SYNPCC7002_RS15680,SYNPCC7002_RS14640,0.121886261679378
SYNPCC7002_RS14440,SYNPCC7002_RS14365,0.121663684171152
SYNPCC7002_RS03760,SYNPCC7002_RS00195,0.121544644895187
SYNPCC7002_RS03950,SYNPCC7002_RS15440,0.121386940342603
SYNPCC7002_RS06150,SYNPCC7002_RS13385,0.12138290739753
SYNPCC7002_RS05135,SYNPCC7002_RS05275,0.121192771006275
SYNPCC7002_RS05135,SYNPCC7002_RS06395,0.120952050705751
SYNPCC7002_RS14440,SYNPCC7002_RS14395,0.120827264297446
SYNPCC7002_RS00850,SYNPCC7002_RS12370,0.120717819076501
SYNPCC7002_RS14385,SYNPCC7002_RS14440,0.120670723214046
SYNPCC7002_RS15680,SYNPCC7002_RS02065,0.120160267703837
SYNPCC7002_RS04650,SYNPCC7002_RS09280,0.120153520445681
SYNPCC7002_RS05135,SYNPCC7002_RS16355,0.119883565756703
SYNPCC7002_RS05135,SYNPCC7002_RS03675,0.119668750929052
SYNPCC7002_RS16320,SYNPCC7002_RS16755,0.119555213693049
SYNPCC7002_RS07295,SYNPCC7002_RS14345,0.119111965257223
SYNPCC7002_RS10050,SYNPCC7002_RS04320,0.118898198383556
SYNPCC7002_RS05135,SYNPCC7002_RS04950,0.118872815073988
SYNPCC7002_RS15680,SYNPCC7002_RS15010,0.118456786549371
SYNPCC7002_RS04780,SYNPCC7002_RS16210,0.11831819240241
SYNPCC7002_RS15680,SYNPCC7002_RS17045,0.118299202875866
SYNPCC7002_RS09630,SYNPCC7002_RS12865,0.118219482312921
SYNPCC7002_RS04650,SYNPCC7002_RS00040,0.118067706429012
SYNPCC7002_RS04680,SYNPCC7002_RS01815,0.117820246805929
SYNPCC7002_RS01335,SYNPCC7002_RS08620,0.117685064380835
SYNPCC7002_RS05135,SYNPCC7002_RS03090,0.117651592776495
SYNPCC7002_RS05460,SYNPCC7002_RS14940,0.1174540187381
SYNPCC7002_RS09630,SYNPCC7002_RS08920,0.11697252445759
SYNPCC7002_RS04650,SYNPCC7002_RS10870,0.116822599234007
SYNPCC7002_RS05135,SYNPCC7002_RS05140,0.116800136801828
SYNPCC7002_RS01800,SYNPCC7002_RS06305,0.116688450896088
SYNPCC7002_RS06150,SYNPCC7002_RS08635,0.116630898687173
SYNPCC7002_RS09995,SYNPCC7002_RS09725,0.116445438067063
SYNPCC7002_RS02715,SYNPCC7002_RS03745,0.116391866780846
SYNPCC7002_RS10050,SYNPCC7002_RS01930,0.116249464219676
SYNPCC7002_RS15680,SYNPCC7002_RS15160,0.116221539649945
SYNPCC7002_RS12395,SYNPCC7002_RS09880,0.116167460595006
SYNPCC7002_RS07385,SYNPCC7002_RS14185,0.116048238159924
SYNPCC7002_RS00850,SYNPCC7002_RS02345,0.116019267866107
SYNPCC7002_RS02455,SYNPCC7002_RS02325,0.115950816698776
SYNPCC7002_RS12395,SYNPCC7002_RS07780,0.115758621502792
SYNPCC7002_RS06165,SYNPCC7002_RS00740,0.115729629830424
SYNPCC7002_RS05985,SYNPCC7002_RS01560,0.115486977561832
SYNPCC7002_RS04680,SYNPCC7002_RS12530,0.115414390996093
SYNPCC7002_RS05135,SYNPCC7002_RS10210,0.1153720224614
SYNPCC7002_RS03295,SYNPCC7002_RS05355,0.115303392839859
SYNPCC7002_RS06150,SYNPCC7002_RS04675,0.11521475070743
SYNPCC7002_RS05135,SYNPCC7002_RS01745,0.115211241595563
SYNPCC7002_RS06150,SYNPCC7002_RS07225,0.115114148784568
SYNPCC7002_RS09320,SYNPCC7002_RS04075,0.115113220476964
SYNPCC7002_RS04890,SYNPCC7002_RS01140,0.115074872691786
SYNPCC7002_RS05985,SYNPCC7002_RS04525,0.115009952376347
SYNPCC7002_RS05135,SYNPCC7002_RS10610,0.114990075349514
SYNPCC7002_RS12395,SYNPCC7002_RS01925,0.114956642894034
SYNPCC7002_RS05135,SYNPCC7002_RS03280,0.114917681551606
SYNPCC7002_RS08390,SYNPCC7002_RS15510,0.114793833825389
SYNPCC7002_RS14385,SYNPCC7002_RS14380,0.114687598264631
SYNPCC7002_RS05135,SYNPCC7002_RS05120,0.114627113564568
SYNPCC7002_RS05135,SYNPCC7002_RS14245,0.114590154456635
SYNPCC7002_RS09630,SYNPCC7002_RS01305,0.114513053557411
SYNPCC7002_RS09630,SYNPCC7002_RS00085,0.114433681968289
SYNPCC7002_RS01420,SYNPCC7002_RS10765,0.114397047287291
SYNPCC7002_RS15680,SYNPCC7002_RS05670,0.11439336762858
SYNPCC7002_RS05135,SYNPCC7002_RS11515,0.114228827750891
SYNPCC7002_RS15255,SYNPCC7002_RS15330,0.11420095571517
SYNPCC7002_RS05135,SYNPCC7002_RS07830,0.113974641972406
SYNPCC7002_RS16320,SYNPCC7002_RS15890,0.113880637191569
SYNPCC7002_RS05135,SYNPCC7002_RS07725,0.11387547649226
SYNPCC7002_RS05135,SYNPCC7002_RS05245,0.113807110018277
SYNPCC7002_RS14440,SYNPCC7002_RS14325,0.113665720909706
SYNPCC7002_RS10050,SYNPCC7002_RS07595,0.113573498042054
SYNPCC7002_RS05135,SYNPCC7002_RS05250,0.113522079694362
SYNPCC7002_RS04650,SYNPCC7002_RS04855,0.113482947888119
SYNPCC7002_RS08390,SYNPCC7002_RS16090,0.113470900098769
SYNPCC7002_RS05135,SYNPCC7002_RS04845,0.113467864248873
SYNPCC7002_RS14440,SYNPCC7002_RS14385,0.113342674717338
SYNPCC7002_RS12395,SYNPCC7002_RS11235,0.113141531861629
SYNPCC7002_RS03030,SYNPCC7002_RS11305,0.112965116683202
SYNPCC7002_RS05135,SYNPCC7002_RS09425,0.112957557435215
SYNPCC7002_RS04890,SYNPCC7002_RS00465,0.11279960537266
SYNPCC7002_RS12395,SYNPCC7002_RS07685,0.11272325804105
SYNPCC7002_RS05135,SYNPCC7002_RS03680,0.112717858205521
SYNPCC7002_RS04890,SYNPCC7002_RS10595,0.112496105447602
SYNPCC7002_RS08945,SYNPCC7002_RS12035,0.112441260337289
SYNPCC7002_RS06150,SYNPCC7002_RS04355,0.112378094894254
SYNPCC7002_RS15520,SYNPCC7002_RS12170,0.112272898367155
SYNPCC7002_RS15720,SYNPCC7002_RS06460,0.112126674242221
SYNPCC7002_RS04680,SYNPCC7002_RS14695,0.112109088052045
SYNPCC7002_RS05135,SYNPCC7002_RS02470,0.112100672214601
SYNPCC7002_RS10050,SYNPCC7002_RS07490,0.112026468361242
SYNPCC7002_RS03295,SYNPCC7002_RS01960,0.111914704941475
SYNPCC7002_RS12395,SYNPCC7002_RS16735,0.111909755496379
SYNPCC7002_RS05135,SYNPCC7002_RS03665,0.111603157137427
SYNPCC7002_RS14385,SYNPCC7002_RS14395,0.111395138655447
SYNPCC7002_RS05135,SYNPCC7002_RS11325,0.111369640620572
SYNPCC7002_RS14790,SYNPCC7002_RS14820,0.111352179242559
SYNPCC7002_RS06150,SYNPCC7002_RS13850,0.111331121007611
SYNPCC7002_RS02715,SYNPCC7002_RS03655,0.111279659324172
SYNPCC7002_RS05135,SYNPCC7002_RS02425,0.111210080636431
SYNPCC7002_RS14385,SYNPCC7002_RS14365,0.111182035584817
SYNPCC7002_RS15680,SYNPCC7002_RS14650,0.111169381798428
SYNPCC7002_RS12395,SYNPCC7002_RS09130,0.111129508513372
SYNPCC7002_RS05135,SYNPCC7002_RS09650,0.111108727455534
SYNPCC7002_RS00690,SYNPCC7002_RS04625,0.111077302959487
SYNPCC7002_RS02715,SYNPCC7002_RS05255,0.11093739976545
SYNPCC7002_RS00635,SYNPCC7002_RS10410,0.11089742602605
SYNPCC7002_RS05985,SYNPCC7002_RS00050,0.110852578690333
SYNPCC7002_RS05135,SYNPCC7002_RS09795,0.110840740265067
SYNPCC7002_RS05460,SYNPCC7002_RS04310,0.110800419319556
SYNPCC7002_RS11685,SYNPCC7002_RS06285,0.110550933115294
SYNPCC7002_RS15680,SYNPCC7002_RS05675,0.110537589435235
SYNPCC7002_RS02715,SYNPCC7002_RS15435,0.110534903801385
SYNPCC7002_RS12395,SYNPCC7002_RS16360,0.110521013531792
SYNPCC7002_RS12395,SYNPCC7002_RS12185,0.110434869934984
SYNPCC7002_RS04650,SYNPCC7002_RS01865,0.110420998114033
SYNPCC7002_RS08965,SYNPCC7002_RS09740,0.11034763335777
SYNPCC7002_RS01085,SYNPCC7002_RS07170,0.110310121790872
SYNPCC7002_RS16320,SYNPCC7002_RS15880,0.110261333251843
SYNPCC7002_RS07295,SYNPCC7002_RS12920,0.110236933084145
SYNPCC7002_RS10050,SYNPCC7002_RS16130,0.110219365268629
SYNPCC7002_RS00850,SYNPCC7002_RS02335,0.110205218175966
SYNPCC7002_RS15680,SYNPCC7002_RS05680,0.110172767457997
SYNPCC7002_RS08390,SYNPCC7002_RS07410,0.110092886304083
SYNPCC7002_RS12395,SYNPCC7002_RS03465,0.110054237468903
SYNPCC7002_RS15680,SYNPCC7002_RS04900,0.110047119781936
SYNPCC7002_RS08945,SYNPCC7002_RS12130,0.110018731121497
SYNPCC7002_RS15030,SYNPCC7002_RS14980,0.110013736617008
SYNPCC7002_RS15680,SYNPCC7002_RS14645,0.110008858673622
SYNPCC7002_RS05135,SYNPCC7002_RS06580,0.109985107608876
SYNPCC7002_RS09780,SYNPCC7002_RS01830,0.109957719144977
SYNPCC7002_RS15680,SYNPCC7002_RS15315,0.109926798314939
SYNPCC7002_RS05985,SYNPCC7002_RS11030,0.109900302834386
SYNPCC7002_RS15680,SYNPCC7002_RS14615,0.109760490362286
SYNPCC7002_RS12395,SYNPCC7002_RS03230,0.109616712070037
SYNPCC7002_RS03295,SYNPCC7002_RS03320,0.109612596777143
SYNPCC7002_RS08175,SYNPCC7002_RS03410,0.109584861826125
SYNPCC7002_RS12395,SYNPCC7002_RS15155,0.109559667551433
SYNPCC7002_RS04650,SYNPCC7002_RS02795,0.109491021094218
SYNPCC7002_RS11685,SYNPCC7002_RS12405,0.109482456881787
SYNPCC7002_RS04650,SYNPCC7002_RS05600,0.109434423218641
SYNPCC7002_RS10050,SYNPCC7002_RS07470,0.109357216910577
SYNPCC7002_RS05135,SYNPCC7002_RS03060,0.109271164057143
SYNPCC7002_RS05460,SYNPCC7002_RS16415,0.109239464655399
SYNPCC7002_RS10050,SYNPCC7002_RS11005,0.109234935015522
SYNPCC7002_RS08390,SYNPCC7002_RS04815,0.109220160162033
SYNPCC7002_RS10050,SYNPCC7002_RS12555,0.109098591661328
SYNPCC7002_RS09820,SYNPCC7002_RS12215,0.109085143162978
SYNPCC7002_RS06150,SYNPCC7002_RS09240,0.109068876371958
SYNPCC7002_RS16160,SYNPCC7002_RS16715,0.108982281977896
SYNPCC7002_RS02715,SYNPCC7002_RS04265,0.108932435814142
SYNPCC7002_RS12395,SYNPCC7002_RS14460,0.108876717611233
SYNPCC7002_RS05135,SYNPCC7002_RS04890,0.108813335179153
SYNPCC7002_RS01800,SYNPCC7002_RS13285,0.108790522055645
SYNPCC7002_RS05135,SYNPCC7002_RS14115,0.108745721993841
SYNPCC7002_RS00650,SYNPCC7002_RS01500,0.108734122969641
SYNPCC7002_RS02715,SYNPCC7002_RS02710,0.108697531812068
SYNPCC7002_RS15680,SYNPCC7002_RS07130,0.108546515042105
SYNPCC7002_RS03030,SYNPCC7002_RS10615,0.108500380363447
SYNPCC7002_RS15680,SYNPCC7002_RS15330,0.108464234695882
SYNPCC7002_RS16160,SYNPCC7002_RS08440,0.108449193127022
SYNPCC7002_RS06150,SYNPCC7002_RS13145,0.108434084019343
SYNPCC7002_RS05135,SYNPCC7002_RS03740,0.108432502918864
SYNPCC7002_RS10050,SYNPCC7002_RS09700,0.108404920508294
SYNPCC7002_RS15680,SYNPCC7002_RS08405,0.108394410847755
SYNPCC7002_RS10050,SYNPCC7002_RS14545,0.108345338807001
SYNPCC7002_RS00050,SYNPCC7002_RS05020,0.108339814722279
SYNPCC7002_RS09630,SYNPCC7002_RS04430,0.108284765383046
SYNPCC7002_RS04250,SYNPCC7002_RS02950,0.108193764920113
SYNPCC7002_RS15680,SYNPCC7002_RS03135,0.108130036721994
SYNPCC7002_RS05135,SYNPCC7002_RS05290,0.108065975863379
SYNPCC7002_RS02715,SYNPCC7002_RS06190,0.108053653789727
SYNPCC7002_RS09780,SYNPCC7002_RS13960,0.108049141736455
SYNPCC7002_RS09630,SYNPCC7002_RS10630,0.108025304798674
SYNPCC7002_RS08255,SYNPCC7002_RS04885,0.108024211844244
SYNPCC7002_RS04780,SYNPCC7002_RS04690,0.108007928557061
SYNPCC7002_RS15995,SYNPCC7002_RS17055,0.107948075672928
SYNPCC7002_RS01420,SYNPCC7002_RS16510,0.107934554654718
SYNPCC7002_RS05135,SYNPCC7002_RS11335,0.107899287954942
SYNPCC7002_RS06150,SYNPCC7002_RS08160,0.107859851899579
SYNPCC7002_RS02455,SYNPCC7002_RS11675,0.107841575256444
SYNPCC7002_RS09630,SYNPCC7002_RS00090,0.10783579557956
SYNPCC7002_RS15030,SYNPCC7002_RS15035,0.107719736788525
SYNPCC7002_RS04650,SYNPCC7002_RS09735,0.107711863633476
SYNPCC7002_RS05135,SYNPCC7002_RS04120,0.107695188859404
SYNPCC7002_RS05135,SYNPCC7002_RS16960,0.107683932191754
SYNPCC7002_RS10145,SYNPCC7002_RS04455,0.107667823662541
SYNPCC7002_RS12395,SYNPCC7002_RS07745,0.107666876230983
SYNPCC7002_RS05135,SYNPCC7002_RS12190,0.10765796227457
SYNPCC7002_RS05135,SYNPCC7002_RS11730,0.107614227176771
SYNPCC7002_RS11400,SYNPCC7002_RS15235,0.107585418441487
SYNPCC7002_RS04680,SYNPCC7002_RS14050,0.107569909635035
SYNPCC7002_RS08210,SYNPCC7002_RS17235,0.107480496835619
SYNPCC7002_RS08965,SYNPCC7002_RS03225,0.107480219123535
SYNPCC7002_RS04650,SYNPCC7002_RS04535,0.107476156122677
SYNPCC7002_RS03030,SYNPCC7002_RS02255,0.107454871038448
SYNPCC7002_RS03295,SYNPCC7002_RS15965,0.10733473076634
SYNPCC7002_RS05985,SYNPCC7002_RS01185,0.10730047420259
SYNPCC7002_RS07385,SYNPCC7002_RS01780,0.107262182697193
SYNPCC7002_RS05135,SYNPCC7002_RS11455,0.107242566612068
SYNPCC7002_RS16160,SYNPCC7002_RS02070,0.107231929466019
SYNPCC7002_RS04780,SYNPCC7002_RS07030,0.10723029656418
SYNPCC7002_RS08390,SYNPCC7002_RS08750,0.107229887670733
SYNPCC7002_RS04780,SYNPCC7002_RS01215,0.107112352732576
SYNPCC7002_RS06150,SYNPCC7002_RS15925,0.107090157215739
SYNPCC7002_RS15520,SYNPCC7002_RS08460,0.107080451725881
SYNPCC7002_RS05985,SYNPCC7002_RS12070,0.107077510396228
SYNPCC7002_RS16320,SYNPCC7002_RS15610,0.107075235946992
SYNPCC7002_RS12395,SYNPCC7002_RS03430,0.107017325916465
SYNPCC7002_RS09630,SYNPCC7002_RS04675,0.10696673087472
SYNPCC7002_RS06150,SYNPCC7002_RS15780,0.106882269167461
SYNPCC7002_RS05460,SYNPCC7002_RS08895,0.106843969903589
SYNPCC7002_RS05135,SYNPCC7002_RS04640,0.106816967927721
SYNPCC7002_RS05135,SYNPCC7002_RS10950,0.10680540208412
SYNPCC7002_RS15520,SYNPCC7002_RS03350,0.106802405233623
SYNPCC7002_RS15680,SYNPCC7002_RS15325,0.106788976559375
SYNPCC7002_RS05135,SYNPCC7002_RS04475,0.106735129820607
SYNPCC7002_RS05135,SYNPCC7002_RS05310,0.106722902201574
SYNPCC7002_RS05985,SYNPCC7002_RS11925,0.106718892359981
SYNPCC7002_RS04650,SYNPCC7002_RS00630,0.1066938123259
SYNPCC7002_RS00260,SYNPCC7002_RS05850,0.106674525806436
SYNPCC7002_RS10050,SYNPCC7002_RS11360,0.106669117495698
SYNPCC7002_RS05135,SYNPCC7002_RS01695,0.106656274829568
SYNPCC7002_RS09320,SYNPCC7002_RS10465,0.106642591665027
SYNPCC7002_RS07295,SYNPCC7002_RS07860,0.106629972182134
SYNPCC7002_RS12395,SYNPCC7002_RS16935,0.106611736858652
SYNPCC7002_RS09780,SYNPCC7002_RS04090,0.106599934901332
SYNPCC7002_RS04780,SYNPCC7002_RS10475,0.10654791871743
SYNPCC7002_RS09320,SYNPCC7002_RS10490,0.106461491060025
SYNPCC7002_RS08390,SYNPCC7002_RS06015,0.106449850977375
SYNPCC7002_RS05135,SYNPCC7002_RS03385,0.106435064769178
SYNPCC7002_RS06150,SYNPCC7002_RS02625,0.106397159048351
SYNPCC7002_RS09995,SYNPCC7002_RS09675,0.1063895373592
SYNPCC7002_RS05135,SYNPCC7002_RS03290,0.106362327518554
SYNPCC7002_RS14440,SYNPCC7002_RS14320,0.10630982719967
SYNPCC7002_RS16320,SYNPCC7002_RS09300,0.106299939963224
SYNPCC7002_RS05135,SYNPCC7002_RS09095,0.106244122515817
SYNPCC7002_RS01800,SYNPCC7002_RS10205,0.106242944853948
SYNPCC7002_RS01335,SYNPCC7002_RS15945,0.1062377371659
SYNPCC7002_RS03295,SYNPCC7002_RS03610,0.10623596941871
SYNPCC7002_RS05135,SYNPCC7002_RS07770,0.106234481179887
SYNPCC7002_RS09820,SYNPCC7002_RS12140,0.106222217041351
SYNPCC7002_RS02410,SYNPCC7002_RS08130,0.106212458653724
SYNPCC7002_RS03295,SYNPCC7002_RS08760,0.106211640851058
SYNPCC7002_RS09630,SYNPCC7002_RS14675,0.106172479182571
SYNPCC7002_RS05460,SYNPCC7002_RS15435,0.10613574210857
SYNPCC7002_RS15680,SYNPCC7002_RS03140,0.106106281162809
SYNPCC7002_RS05135,SYNPCC7002_RS12395,0.106105415148816
SYNPCC7002_RS06150,SYNPCC7002_RS00975,0.106079740714304
SYNPCC7002_RS05460,SYNPCC7002_RS10825,0.106030099218521
SYNPCC7002_RS09630,SYNPCC7002_RS14570,0.106008452653882
SYNPCC7002_RS01800,SYNPCC7002_RS03295,0.105985576442175
SYNPCC7002_RS14440,SYNPCC7002_RS14445,0.105980909324112
SYNPCC7002_RS10050,SYNPCC7002_RS16795,0.105964748343949
SYNPCC7002_RS03295,SYNPCC7002_RS01970,0.10593190502097
SYNPCC7002_RS03030,SYNPCC7002_RS12030,0.105915399701846
SYNPCC7002_RS14440,SYNPCC7002_RS16505,0.105891616644148
SYNPCC7002_RS04680,SYNPCC7002_RS13505,0.105889277622226
SYNPCC7002_RS10050,SYNPCC7002_RS10890,0.105854682400525
SYNPCC7002_RS04680,SYNPCC7002_RS07150,0.105823894612733
SYNPCC7002_RS10050,SYNPCC7002_RS02500,0.105797297119862
SYNPCC7002_RS09630,SYNPCC7002_RS10480,0.105795792551082
SYNPCC7002_RS12395,SYNPCC7002_RS16355,0.105793971587251
SYNPCC7002_RS06150,SYNPCC7002_RS15585,0.105740058155986
SYNPCC7002_RS12395,SYNPCC7002_RS12690,0.105727141608137
SYNPCC7002_RS03295,SYNPCC7002_RS08765,0.105680784297142
SYNPCC7002_RS15030,SYNPCC7002_RS14990,0.105640849698462
SYNPCC7002_RS05460,SYNPCC7002_RS16575,0.105626091163907
SYNPCC7002_RS08945,SYNPCC7002_RS14920,0.105605237129603
SYNPCC7002_RS11685,SYNPCC7002_RS13530,0.105536056564925
SYNPCC7002_RS06540,SYNPCC7002_RS02210,0.105509291055945
SYNPCC7002_RS05460,SYNPCC7002_RS08720,0.105499638448159
SYNPCC7002_RS05985,SYNPCC7002_RS12105,0.105451317127591
SYNPCC7002_RS03030,SYNPCC7002_RS08955,0.105449970793923
SYNPCC7002_RS10050,SYNPCC7002_RS07790,0.10540410129548
SYNPCC7002_RS11685,SYNPCC7002_RS09735,0.105340377287886
SYNPCC7002_RS08965,SYNPCC7002_RS11545,0.105299179952857
SYNPCC7002_RS04650,SYNPCC7002_RS07495,0.105279536883074
SYNPCC7002_RS15520,SYNPCC7002_RS03260,0.10526151122925
SYNPCC7002_RS03030,SYNPCC7002_RS13880,0.105216487889579
SYNPCC7002_RS08390,SYNPCC7002_RS13965,0.105209694526566
SYNPCC7002_RS04780,SYNPCC7002_RS13135,0.105198415930399
SYNPCC7002_RS05135,SYNPCC7002_RS00730,0.105165432887377
SYNPCC7002_RS01335,SYNPCC7002_RS11420,0.105142428075143
SYNPCC7002_RS05135,SYNPCC7002_RS07810,0.105048212772795
SYNPCC7002_RS06005,SYNPCC7002_RS14210,0.105044384405912
SYNPCC7002_RS15680,SYNPCC7002_RS16655,0.105040980492232
SYNPCC7002_RS08965,SYNPCC7002_RS12230,0.105038849583802
SYNPCC7002_RS14440,SYNPCC7002_RS14405,0.105034212073834
SYNPCC7002_RS05135,SYNPCC7002_RS09655,0.105020695056042
SYNPCC7002_RS08965,SYNPCC7002_RS01750,0.104986674889353
SYNPCC7002_RS05135,SYNPCC7002_RS01505,0.104984109148497
SYNPCC7002_RS05135,SYNPCC7002_RS16675,0.104920926980465
SYNPCC7002_RS09780,SYNPCC7002_RS11460,0.104875218088492
SYNPCC7002_RS08210,SYNPCC7002_RS04680,0.10481418786941
SYNPCC7002_RS04890,SYNPCC7002_RS01515,0.104778450175845
SYNPCC7002_RS12395,SYNPCC7002_RS04065,0.104746165567626
SYNPCC7002_RS16320,SYNPCC7002_RS14760,0.104635625444572
SYNPCC7002_RS05985,SYNPCC7002_RS00525,0.104616986696882
SYNPCC7002_RS04890,SYNPCC7002_RS00875,0.104552366690345
SYNPCC7002_RS09630,SYNPCC7002_RS05455,0.104389974853792
SYNPCC7002_RS05985,SYNPCC7002_RS11935,0.104382289311781
SYNPCC7002_RS04650,SYNPCC7002_RS01740,0.104352393221919
SYNPCC7002_RS06150,SYNPCC7002_RS15930,0.104308610192958
SYNPCC7002_RS12395,SYNPCC7002_RS16445,0.104285889645501
SYNPCC7002_RS09320,SYNPCC7002_RS11670,0.104203925561589
SYNPCC7002_RS04890,SYNPCC7002_RS14280,0.104190302162795
SYNPCC7002_RS01800,SYNPCC7002_RS02315,0.104175538494453
SYNPCC7002_RS12395,SYNPCC7002_RS05205,0.104163503635814
SYNPCC7002_RS01420,SYNPCC7002_RS00080,0.104159056579822
SYNPCC7002_RS05135,SYNPCC7002_RS12185,0.104132801689404
SYNPCC7002_RS15255,SYNPCC7002_RS15720,0.104132279356891
SYNPCC7002_RS00260,SYNPCC7002_RS09350,0.104109709463147
SYNPCC7002_RS03295,SYNPCC7002_RS01965,0.104079225749691
SYNPCC7002_RS05985,SYNPCC7002_RS12910,0.104074110352049
SYNPCC7002_RS04680,SYNPCC7002_RS16030,0.104065683338698
SYNPCC7002_RS04780,SYNPCC7002_RS06525,0.10406140463275
SYNPCC7002_RS12395,SYNPCC7002_RS07835,0.104049948804058
SYNPCC7002_RS09995,SYNPCC7002_RS02530,0.10402691371051
SYNPCC7002_RS05135,SYNPCC7002_RS05235,0.104024827246977
SYNPCC7002_RS08945,SYNPCC7002_RS06275,0.103996122635527
SYNPCC7002_RS15680,SYNPCC7002_RS05070,0.103989673515411
SYNPCC7002_RS09820,SYNPCC7002_RS14715,0.103985151030987
SYNPCC7002_RS09995,SYNPCC7002_RS04955,0.103946935070404
SYNPCC7002_RS05985,SYNPCC7002_RS13960,0.103945099389707
SYNPCC7002_RS05985,SYNPCC7002_RS13650,0.103935079879925
SYNPCC7002_RS05460,SYNPCC7002_RS05655,0.103896488849613
SYNPCC7002_RS05135,SYNPCC7002_RS08475,0.103801430992359
SYNPCC7002_RS08390,SYNPCC7002_RS14710,0.103797792086469
SYNPCC7002_RS05460,SYNPCC7002_RS11210,0.103792403268031
SYNPCC7002_RS04890,SYNPCC7002_RS06580,0.10376283858512
SYNPCC7002_RS16320,SYNPCC7002_RS06460,0.103740811704839
SYNPCC7002_RS03950,SYNPCC7002_RS16315,0.103732009155867
SYNPCC7002_RS08965,SYNPCC7002_RS07285,0.103725683144249
SYNPCC7002_RS08965,SYNPCC7002_RS03570,0.10370573129163
SYNPCC7002_RS12395,SYNPCC7002_RS03425,0.103690763038316
SYNPCC7002_RS03760,SYNPCC7002_RS08615,0.103686701047002
SYNPCC7002_RS05135,SYNPCC7002_RS06350,0.103578321471416
SYNPCC7002_RS16320,SYNPCC7002_RS05920,0.103564088614518
SYNPCC7002_RS14440,SYNPCC7002_RS16310,0.10355715167815
SYNPCC7002_RS02715,SYNPCC7002_RS14865,0.103526637133546
SYNPCC7002_RS04650,SYNPCC7002_RS01510,0.103514339986816
SYNPCC7002_RS05135,SYNPCC7002_RS16360,0.103443440983863
SYNPCC7002_RS05135,SYNPCC7002_RS15640,0.103430748347475
SYNPCC7002_RS15255,SYNPCC7002_RS15325,0.103428751846886
SYNPCC7002_RS04780,SYNPCC7002_RS06540,0.10342335371275
SYNPCC7002_RS08945,SYNPCC7002_RS10090,0.10341843664872
SYNPCC7002_RS05135,SYNPCC7002_RS04065,0.10341753675966
SYNPCC7002_RS10050,SYNPCC7002_RS15970,0.103388390335183
SYNPCC7002_RS12395,SYNPCC7002_RS08305,0.10337960206224
SYNPCC7002_RS15680,SYNPCC7002_RS17185,0.103346593137115
SYNPCC7002_RS02715,SYNPCC7002_RS00580,0.103310817355921
SYNPCC7002_RS10050,SYNPCC7002_RS07600,0.103285001151285
SYNPCC7002_RS05135,SYNPCC7002_RS07835,0.103263275341998
SYNPCC7002_RS09630,SYNPCC7002_RS08160,0.103240683897814
SYNPCC7002_RS01800,SYNPCC7002_RS12890,0.103185176074075
SYNPCC7002_RS05460,SYNPCC7002_RS13210,0.103182006560725
SYNPCC7002_RS01335,SYNPCC7002_RS08165,0.103176509535635
SYNPCC7002_RS05985,SYNPCC7002_RS05410,0.103176493725136
SYNPCC7002_RS09320,SYNPCC7002_RS03880,0.10317372161337
SYNPCC7002_RS04890,SYNPCC7002_RS05135,0.103156426718054
SYNPCC7002_RS05135,SYNPCC7002_RS11355,0.10315511417635
SYNPCC7002_RS05135,SYNPCC7002_RS09560,0.103073359688719
SYNPCC7002_RS04890,SYNPCC7002_RS02425,0.103033588171072
SYNPCC7002_RS04650,SYNPCC7002_RS00185,0.102999110564721
SYNPCC7002_RS05460,SYNPCC7002_RS15440,0.102967338154489
SYNPCC7002_RS09780,SYNPCC7002_RS04180,0.10294704949812
SYNPCC7002_RS04650,SYNPCC7002_RS06280,0.10293114820849
SYNPCC7002_RS04250,SYNPCC7002_RS05005,0.102924617423074
SYNPCC7002_RS04890,SYNPCC7002_RS16370,0.10291240857011
SYNPCC7002_RS10050,SYNPCC7002_RS04315,0.102882917894546
SYNPCC7002_RS03950,SYNPCC7002_RS16850,0.102813842713014
SYNPCC7002_RS02455,SYNPCC7002_RS01620,0.102789740904997
SYNPCC7002_RS16320,SYNPCC7002_RS06465,0.102776832243537
SYNPCC7002_RS04780,SYNPCC7002_RS14155,0.10274521861838
SYNPCC7002_RS08965,SYNPCC7002_RS13375,0.10271437898318
SYNPCC7002_RS12395,SYNPCC7002_RS17200,0.102700823396529
SYNPCC7002_RS06150,SYNPCC7002_RS14575,0.102675926618578
SYNPCC7002_RS05460,SYNPCC7002_RS06010,0.102672259103427
SYNPCC7002_RS01420,SYNPCC7002_RS07750,0.102671059327724
SYNPCC7002_RS00640,SYNPCC7002_RS05460,0.102667067499642
SYNPCC7002_RS06150,SYNPCC7002_RS10115,0.102665838314189
SYNPCC7002_RS05135,SYNPCC7002_RS04840,0.102654041316207
SYNPCC7002_RS14385,SYNPCC7002_RS14315,0.102647342320964
SYNPCC7002_RS04780,SYNPCC7002_RS07335,0.102628894943677
SYNPCC7002_RS07295,SYNPCC7002_RS07310,0.10262120131431
SYNPCC7002_RS15520,SYNPCC7002_RS00095,0.102602527373527
SYNPCC7002_RS14790,SYNPCC7002_RS14785,0.102590634397473
SYNPCC7002_RS05135,SYNPCC7002_RS12985,0.102575790350467
SYNPCC7002_RS05460,SYNPCC7002_RS16835,0.102539147386554
SYNPCC7002_RS09630,SYNPCC7002_RS13850,0.102492289956487
SYNPCC7002_RS10050,SYNPCC7002_RS14480,0.102440038803672
SYNPCC7002_RS08965,SYNPCC7002_RS16685,0.10243998902416
SYNPCC7002_RS03950,SYNPCC7002_RS15550,0.102427605560522
SYNPCC7002_RS16160,SYNPCC7002_RS03135,0.102405076068321
SYNPCC7002_RS11400,SYNPCC7002_RS11085,0.10237622587491
SYNPCC7002_RS10050,SYNPCC7002_RS07775,0.102358013079452
SYNPCC7002_RS06540,SYNPCC7002_RS07120,0.102341314962145
SYNPCC7002_RS04250,SYNPCC7002_RS16260,0.102323973236834
SYNPCC7002_RS12395,SYNPCC7002_RS08670,0.102314141217337
SYNPCC7002_RS15410,SYNPCC7002_RS08905,0.102281933926724
SYNPCC7002_RS15520,SYNPCC7002_RS01460,0.102280224973356
SYNPCC7002_RS04650,SYNPCC7002_RS05595,0.102240506323214
SYNPCC7002_RS15680,SYNPCC7002_RS14675,0.102218481121365
SYNPCC7002_RS09780,SYNPCC7002_RS07785,0.102211634044275
SYNPCC7002_RS02715,SYNPCC7002_RS04305,0.102197397980795
SYNPCC7002_RS01420,SYNPCC7002_RS12240,0.102195024917345
SYNPCC7002_RS05985,SYNPCC7002_RS09975,0.102186036871379
SYNPCC7002_RS15520,SYNPCC7002_RS14130,0.102182826905834
SYNPCC7002_RS09260,SYNPCC7002_RS15530,0.102119940929985
SYNPCC7002_RS00650,SYNPCC7002_RS07530,0.10209344563821
SYNPCC7002_RS16160,SYNPCC7002_RS04255,0.102084221000382
SYNPCC7002_RS10050,SYNPCC7002_RS07590,0.102054794007549
SYNPCC7002_RS08965,SYNPCC7002_RS05360,0.10203993807661
SYNPCC7002_RS05985,SYNPCC7002_RS00565,0.102038458623951
SYNPCC7002_RS09845,SYNPCC7002_RS04990,0.101998013967982
SYNPCC7002_RS08390,SYNPCC7002_RS12650,0.101963720543576
SYNPCC7002_RS01420,SYNPCC7002_RS01435,0.101957346210256
SYNPCC7002_RS15255,SYNPCC7002_RS13185,0.101937740830844
SYNPCC7002_RS04780,SYNPCC7002_RS06895,0.101934092336815
SYNPCC7002_RS01335,SYNPCC7002_RS03500,0.101892347639059
SYNPCC7002_RS06540,SYNPCC7002_RS08490,0.101864635476622
SYNPCC7002_RS04250,SYNPCC7002_RS12355,0.101802786630343
SYNPCC7002_RS15680,SYNPCC7002_RS02040,0.101796404139483
SYNPCC7002_RS09780,SYNPCC7002_RS17005,0.10179060143779
SYNPCC7002_RS12090,SYNPCC7002_RS13565,0.101782166082471
SYNPCC7002_RS12395,SYNPCC7002_RS11660,0.101764456046553
SYNPCC7002_RS07295,SYNPCC7002_RS01995,0.101733212542608
SYNPCC7002_RS14440,SYNPCC7002_RS14380,0.101727530201002
SYNPCC7002_RS14440,SYNPCC7002_RS15115,0.101690486879556
SYNPCC7002_RS12395,SYNPCC7002_RS08665,0.101659895870173
SYNPCC7002_RS05135,SYNPCC7002_RS16940,0.101649800085963
SYNPCC7002_RS15520,SYNPCC7002_RS02695,0.101641913011957
SYNPCC7002_RS04890,SYNPCC7002_RS09915,0.101614075794005
SYNPCC7002_RS04890,SYNPCC7002_RS01795,0.101597136280654
SYNPCC7002_RS10050,SYNPCC7002_RS03520,0.101571474960121
SYNPCC7002_RS09820,SYNPCC7002_RS06430,0.101564799499305
SYNPCC7002_RS05985,SYNPCC7002_RS08830,0.101523845504382
SYNPCC7002_RS09320,SYNPCC7002_RS08745,0.101498621504318
SYNPCC7002_RS14790,SYNPCC7002_RS10305,0.101488927852518
SYNPCC7002_RS04890,SYNPCC7002_RS03540,0.101486169308757
SYNPCC7002_RS05460,SYNPCC7002_RS14630,0.101472114619659
SYNPCC7002_RS04290,SYNPCC7002_RS11870,0.1014697613236
SYNPCC7002_RS05135,SYNPCC7002_RS07355,0.101456421133192
SYNPCC7002_RS04680,SYNPCC7002_RS02625,0.101437037482433
SYNPCC7002_RS00690,SYNPCC7002_RS13795,0.101423018307517
SYNPCC7002_RS15680,SYNPCC7002_RS01165,0.10141910029581
SYNPCC7002_RS04650,SYNPCC7002_RS10920,0.101410583848188
SYNPCC7002_RS04650,SYNPCC7002_RS11530,0.101389690646332
SYNPCC7002_RS08965,SYNPCC7002_RS13070,0.101389538134631
SYNPCC7002_RS08965,SYNPCC7002_RS08950,0.101373152905427
SYNPCC7002_RS04250,SYNPCC7002_RS12015,0.101360768919915
SYNPCC7002_RS08390,SYNPCC7002_RS14030,0.101340962586234
SYNPCC7002_RS05135,SYNPCC7002_RS13615,0.101319943441043
SYNPCC7002_RS03295,SYNPCC7002_RS14350,0.101218450348473
SYNPCC7002_RS05135,SYNPCC7002_RS06720,0.101164878011176
SYNPCC7002_RS10050,SYNPCC7002_RS04295,0.101161651849989
SYNPCC7002_RS09780,SYNPCC7002_RS01165,0.101107176598127
SYNPCC7002_RS05135,SYNPCC7002_RS03670,0.101091280521199
SYNPCC7002_RS15680,SYNPCC7002_RS02975,0.101065834132705
SYNPCC7002_RS14440,SYNPCC7002_RS09860,0.101060178830344
SYNPCC7002_RS09630,SYNPCC7002_RS15930,0.101041812656285
SYNPCC7002_RS06150,SYNPCC7002_RS14525,0.101018334851152
SYNPCC7002_RS05135,SYNPCC7002_RS05180,0.100992774664511
SYNPCC7002_RS12515,SYNPCC7002_RS10790,0.100941342290399
SYNPCC7002_RS05985,SYNPCC7002_RS03715,0.100904352106038
SYNPCC7002_RS09780,SYNPCC7002_RS00340,0.100889895510667
SYNPCC7002_RS09090,SYNPCC7002_RS16805,0.100823561110726
SYNPCC7002_RS15535,SYNPCC7002_RS10145,0.100812639250731
SYNPCC7002_RS08860,SYNPCC7002_RS07005,0.100788836993269
SYNPCC7002_RS01085,SYNPCC7002_RS05870,0.100780322888697
SYNPCC7002_RS12395,SYNPCC7002_RS07945,0.10077723264112
SYNPCC7002_RS04890,SYNPCC7002_RS00545,0.100767814001559
SYNPCC7002_RS09780,SYNPCC7002_RS16850,0.100761072089626
SYNPCC7002_RS10050,SYNPCC7002_RS17030,0.100758969235669
SYNPCC7002_RS05135,SYNPCC7002_RS09575,0.10073455423397
SYNPCC7002_RS00260,SYNPCC7002_RS10255,0.100711763390192
SYNPCC7002_RS10050,SYNPCC7002_RS14400,0.100670278653769
SYNPCC7002_RS08390,SYNPCC7002_RS00960,0.100646281966178
SYNPCC7002_RS15680,SYNPCC7002_RS05690,0.100636318535432
SYNPCC7002_RS15255,SYNPCC7002_RS15710,0.100629016582878
SYNPCC7002_RS11400,SYNPCC7002_RS01705,0.100589520962942
SYNPCC7002_RS05135,SYNPCC7002_RS05280,0.100546166515547
SYNPCC7002_RS04250,SYNPCC7002_RS00885,0.100531617439431
SYNPCC7002_RS08965,SYNPCC7002_RS13870,0.100523052993325
SYNPCC7002_RS09175,SYNPCC7002_RS14665,0.100518472538314
SYNPCC7002_RS08965,SYNPCC7002_RS05545,0.100503474683915
SYNPCC7002_RS05135,SYNPCC7002_RS05260,0.100489157868244
SYNPCC7002_RS08255,SYNPCC7002_RS06450,0.100488613023168
SYNPCC7002_RS09780,SYNPCC7002_RS14730,0.100462933806678
SYNPCC7002_RS07295,SYNPCC7002_RS05785,0.100452842822643
SYNPCC7002_RS05460,SYNPCC7002_RS14355,0.100442469125745
SYNPCC7002_RS08965,SYNPCC7002_RS05380,0.100424263493948
SYNPCC7002_RS01335,SYNPCC7002_RS16325,0.100418986160146
SYNPCC7002_RS06540,SYNPCC7002_RS10910,0.100418594599752
SYNPCC7002_RS12395,SYNPCC7002_RS05310,0.100405209243203
SYNPCC7002_RS01335,SYNPCC7002_RS01270,0.100389281664308
SYNPCC7002_RS01800,SYNPCC7002_RS05335,0.100388473398093
SYNPCC7002_RS09820,SYNPCC7002_RS15540,0.100383669555467
SYNPCC7002_RS02455,SYNPCC7002_RS15915,0.100381919069327
SYNPCC7002_RS05135,SYNPCC7002_RS07645,0.100356595426306
SYNPCC7002_RS15680,SYNPCC7002_RS10545,0.100338441902396
SYNPCC7002_RS07385,SYNPCC7002_RS07425,0.100306511804322
SYNPCC7002_RS01420,SYNPCC7002_RS05200,0.100261261547095
SYNPCC7002_RS04680,SYNPCC7002_RS13325,0.100249696114077
SYNPCC7002_RS09630,SYNPCC7002_RS14005,0.100242189484556
SYNPCC7002_RS10050,SYNPCC7002_RS02745,0.100241785606457
SYNPCC7002_RS06150,SYNPCC7002_RS06800,0.100200045344174
SYNPCC7002_RS00260,SYNPCC7002_RS11255,0.100198947198913
SYNPCC7002_RS08255,SYNPCC7002_RS03340,0.100196790172419
SYNPCC7002_RS10050,SYNPCC7002_RS11730,0.100188539255306
SYNPCC7002_RS04650,SYNPCC7002_RS08665,0.100184452490087
SYNPCC7002_RS04650,SYNPCC7002_RS03525,0.100166395123528
SYNPCC7002_RS04780,SYNPCC7002_RS08205,0.100155775132439
SYNPCC7002_RS10050,SYNPCC7002_RS08890,0.100149568381188
SYNPCC7002_RS10050,SYNPCC7002_RS00820,0.100130448970148
SYNPCC7002_RS08965,SYNPCC7002_RS06185,0.100121324418546
SYNPCC7002_RS06005,SYNPCC7002_RS11755,0.100112820444881
SYNPCC7002_RS09260,SYNPCC7002_RS07185,0.100111081640129
SYNPCC7002_RS06150,SYNPCC7002_RS11720,0.100033095477963
SYNPCC7002_RS04680,SYNPCC7002_RS12045,0.0999960205425062
SYNPCC7002_RS05135,SYNPCC7002_RS12955,0.099952573434923
SYNPCC7002_RS03295,SYNPCC7002_RS14345,0.0999059504626984
SYNPCC7002_RS15255,SYNPCC7002_RS16290,0.099896379319446
SYNPCC7002_RS09780,SYNPCC7002_RS17235,0.0998956333917145
SYNPCC7002_RS04780,SYNPCC7002_RS14970,0.0998929297522514
SYNPCC7002_RS01800,SYNPCC7002_RS15965,0.0998595489941622
SYNPCC7002_RS01420,SYNPCC7002_RS14470,0.0998579427721964
SYNPCC7002_RS09845,SYNPCC7002_RS12175,0.0998472735286074
SYNPCC7002_RS08965,SYNPCC7002_RS04810,0.0998462046615667
SYNPCC7002_RS03295,SYNPCC7002_RS01950,0.0998299038343405
SYNPCC7002_RS08965,SYNPCC7002_RS10220,0.0998297658122272
SYNPCC7002_RS05135,SYNPCC7002_RS09035,0.0998215396553052
SYNPCC7002_RS04780,SYNPCC7002_RS07385,0.0998007796881223
SYNPCC7002_RS05135,SYNPCC7002_RS09160,0.0998007324595373
SYNPCC7002_RS15680,SYNPCC7002_RS02035,0.0997849924382924
SYNPCC7002_RS04680,SYNPCC7002_RS03350,0.0997679283949834
SYNPCC7002_RS05460,SYNPCC7002_RS16455,0.0997627434623921
SYNPCC7002_RS12395,SYNPCC7002_RS12240,0.0997557800806689
SYNPCC7002_RS06540,SYNPCC7002_RS02480,0.0997508963030479
SYNPCC7002_RS08390,SYNPCC7002_RS05695,0.0997200869164444
SYNPCC7002_RS08390,SYNPCC7002_RS15955,0.0997003312022091
SYNPCC7002_RS05135,SYNPCC7002_RS05130,0.0996917686648109
SYNPCC7002_RS03950,SYNPCC7002_RS12310,0.0996403815155828
SYNPCC7002_RS15680,SYNPCC7002_RS04835,0.0996223334382843
SYNPCC7002_RS02715,SYNPCC7002_RS13750,0.0995956948510114
SYNPCC7002_RS08210,SYNPCC7002_RS11665,0.0995938353142945
SYNPCC7002_RS05135,SYNPCC7002_RS05230,0.0995894952378994
SYNPCC7002_RS09780,SYNPCC7002_RS15140,0.099577033953824
SYNPCC7002_RS09780,SYNPCC7002_RS04095,0.0995713387084156
SYNPCC7002_RS08965,SYNPCC7002_RS08960,0.0995650428110763
SYNPCC7002_RS10050,SYNPCC7002_RS14250,0.099458451160883
SYNPCC7002_RS05135,SYNPCC7002_RS11350,0.0994366653040456
SYNPCC7002_RS05135,SYNPCC7002_RS11450,0.0994353619096785
SYNPCC7002_RS05985,SYNPCC7002_RS12180,0.0994328468742919
SYNPCC7002_RS15520,SYNPCC7002_RS05990,0.0993931346539429
SYNPCC7002_RS10050,SYNPCC7002_RS12255,0.0993771152339694
SYNPCC7002_RS11685,SYNPCC7002_RS13150,0.0993723196382122
SYNPCC7002_RS08860,SYNPCC7002_RS01365,0.0993630248650182
SYNPCC7002_RS05985,SYNPCC7002_RS12775,0.099326614096301
SYNPCC7002_RS15520,SYNPCC7002_RS14585,0.0993151066254081
SYNPCC7002_RS02715,SYNPCC7002_RS17030,0.0992794706631626
SYNPCC7002_RS04650,SYNPCC7002_RS02785,0.0992790642401555
SYNPCC7002_RS05135,SYNPCC7002_RS05270,0.0992787595617819
SYNPCC7002_RS04680,SYNPCC7002_RS11435,0.0992675918092763
SYNPCC7002_RS06150,SYNPCC7002_RS08495,0.0992595416112669
SYNPCC7002_RS05460,SYNPCC7002_RS03950,0.099259419296951
SYNPCC7002_RS00010,SYNPCC7002_RS01410,0.0992334080416826
SYNPCC7002_RS05135,SYNPCC7002_RS05285,0.0992207480154879
SYNPCC7002_RS04680,SYNPCC7002_RS03260,0.0991321551119578
SYNPCC7002_RS05135,SYNPCC7002_RS02790,0.0991244415618637
SYNPCC7002_RS05135,SYNPCC7002_RS03275,0.0991180075735456
SYNPCC7002_RS05985,SYNPCC7002_RS06790,0.0990682342160485
SYNPCC7002_RS04890,SYNPCC7002_RS01135,0.0990407127012606
SYNPCC7002_RS00640,SYNPCC7002_RS00580,0.0990312745404444
SYNPCC7002_RS03950,SYNPCC7002_RS16275,0.0990140627708497
SYNPCC7002_RS09780,SYNPCC7002_RS03075,0.098979638919244
SYNPCC7002_RS06540,SYNPCC7002_RS01345,0.0989747544020301
SYNPCC7002_RS06540,SYNPCC7002_RS02890,0.0989319113212211
SYNPCC7002_RS06150,SYNPCC7002_RS07915,0.0989315973325499
SYNPCC7002_RS05135,SYNPCC7002_RS06175,0.0989176096719691
SYNPCC7002_RS09630,SYNPCC7002_RS04355,0.0989141279592451
SYNPCC7002_RS09630,SYNPCC7002_RS13385,0.0988986496061887
SYNPCC7002_RS03030,SYNPCC7002_RS15445,0.0988791522264063
SYNPCC7002_RS09320,SYNPCC7002_RS03995,0.0988594029740264
SYNPCC7002_RS09820,SYNPCC7002_RS10195,0.0988506992209701
SYNPCC7002_RS08965,SYNPCC7002_RS01390,0.0988485499741571
SYNPCC7002_RS05135,SYNPCC7002_RS05225,0.0988475864422138
SYNPCC7002_RS04650,SYNPCC7002_RS12580,0.0988097313256894
SYNPCC7002_RS16320,SYNPCC7002_RS15710,0.0987985182090488
SYNPCC7002_RS04890,SYNPCC7002_RS00425,0.0987898495463123
SYNPCC7002_RS00650,SYNPCC7002_RS04655,0.0987841859923291
SYNPCC7002_RS08390,SYNPCC7002_RS04750,0.0987795027024138
SYNPCC7002_RS07295,SYNPCC7002_RS09120,0.0987686514726279
SYNPCC7002_RS05460,SYNPCC7002_RS14415,0.0987586270458804
SYNPCC7002_RS09175,SYNPCC7002_RS00905,0.098717821445015
SYNPCC7002_RS15720,SYNPCC7002_RS15325,0.0987162004011765
SYNPCC7002_RS05985,SYNPCC7002_RS17195,0.0986953984587631
SYNPCC7002_RS04890,SYNPCC7002_RS10275,0.0986927075021627
SYNPCC7002_RS06150,SYNPCC7002_RS11435,0.0986892297552032
SYNPCC7002_RS16320,SYNPCC7002_RS06455,0.0986817908498625
SYNPCC7002_RS15680,SYNPCC7002_RS01235,0.098622513910594
SYNPCC7002_RS04250,SYNPCC7002_RS05390,0.0985791291703868
SYNPCC7002_RS05135,SYNPCC7002_RS01735,0.0985301296802165
SYNPCC7002_RS14385,SYNPCC7002_RS16505,0.0985149184882686
SYNPCC7002_RS08175,SYNPCC7002_RS09150,0.098512505253415
SYNPCC7002_RS03295,SYNPCC7002_RS03325,0.098491803182638
SYNPCC7002_RS04780,SYNPCC7002_RS11615,0.0984852213943057
SYNPCC7002_RS09820,SYNPCC7002_RS05165,0.0984673746374087
SYNPCC7002_RS05135,SYNPCC7002_RS07115,0.0984463894538542
SYNPCC7002_RS01335,SYNPCC7002_RS10770,0.0984414076107774
SYNPCC7002_RS09320,SYNPCC7002_RS10905,0.0984300899275081
SYNPCC7002_RS05985,SYNPCC7002_RS17015,0.0984237721835783
SYNPCC7002_RS03030,SYNPCC7002_RS01260,0.0984141858712862
SYNPCC7002_RS09320,SYNPCC7002_RS11215,0.0984126833186466
SYNPCC7002_RS08175,SYNPCC7002_RS01525,0.0984100387697372
SYNPCC7002_RS04250,SYNPCC7002_RS09110,0.0983973984008162
SYNPCC7002_RS15520,SYNPCC7002_RS15575,0.0983940301991887
SYNPCC7002_RS09320,SYNPCC7002_RS02200,0.0983910865883256
SYNPCC7002_RS06150,SYNPCC7002_RS11825,0.0983892953168701
SYNPCC7002_RS15520,SYNPCC7002_RS12655,0.0983824150398786
SYNPCC7002_RS08860,SYNPCC7002_RS00380,0.0983491892829987
SYNPCC7002_RS08255,SYNPCC7002_RS10370,0.0982691271833105
SYNPCC7002_RS06005,SYNPCC7002_RS13885,0.0982623401482686
SYNPCC7002_RS15520,SYNPCC7002_RS10640,0.0982387104329741
SYNPCC7002_RS00650,SYNPCC7002_RS12230,0.0982166388350501
SYNPCC7002_RS05985,SYNPCC7002_RS02360,0.0982031053174762
SYNPCC7002_RS15520,SYNPCC7002_RS06125,0.0981909994244542
SYNPCC7002_RS04650,SYNPCC7002_RS08315,0.0981711945006433
SYNPCC7002_RS11400,SYNPCC7002_RS00115,0.098167071287222
SYNPCC7002_RS00260,SYNPCC7002_RS00245,0.0981658410180056
SYNPCC7002_RS10050,SYNPCC7002_RS07680,0.0981644225618686
SYNPCC7002_RS12090,SYNPCC7002_RS09675,0.0981627395040325
SYNPCC7002_RS06540,SYNPCC7002_RS04715,0.0981612748099972
SYNPCC7002_RS03295,SYNPCC7002_RS00035,0.0981583256768542
SYNPCC7002_RS08210,SYNPCC7002_RS01600,0.0981485312339074
SYNPCC7002_RS15720,SYNPCC7002_RS06465,0.0981470241033327
SYNPCC7002_RS14385,SYNPCC7002_RS14375,0.0981430331746951
SYNPCC7002_RS05135,SYNPCC7002_RS00585,0.0981218427705684
SYNPCC7002_RS04890,SYNPCC7002_RS02575,0.0981090178920094
SYNPCC7002_RS04780,SYNPCC7002_RS08200,0.098086489659072
SYNPCC7002_RS05135,SYNPCC7002_RS16935,0.0980730437749768
SYNPCC7002_RS05135,SYNPCC7002_RS13670,0.0980700904004091
SYNPCC7002_RS05985,SYNPCC7002_RS11250,0.0980666358360528
SYNPCC7002_RS11400,SYNPCC7002_RS03375,0.098066045739838
SYNPCC7002_RS05135,SYNPCC7002_RS12690,0.0980190486038564
SYNPCC7002_RS01335,SYNPCC7002_RS15955,0.098005916977417
SYNPCC7002_RS05985,SYNPCC7002_RS10105,0.0979882441760431
SYNPCC7002_RS05460,SYNPCC7002_RS14350,0.0979730066725713
SYNPCC7002_RS09630,SYNPCC7002_RS07915,0.0979649486581164
SYNPCC7002_RS05135,SYNPCC7002_RS05100,0.097950672766996
SYNPCC7002_RS01335,SYNPCC7002_RS00030,0.0979436622104525
SYNPCC7002_RS12395,SYNPCC7002_RS08475,0.0979308630311336
SYNPCC7002_RS12395,SYNPCC7002_RS09910,0.0979187156757769
SYNPCC7002_RS12395,SYNPCC7002_RS07775,0.0979172716886386
SYNPCC7002_RS01335,SYNPCC7002_RS01240,0.0979075391983684
SYNPCC7002_RS00050,SYNPCC7002_RS00360,0.0978839850481081
SYNPCC7002_RS15520,SYNPCC7002_RS02625,0.0978766783249836
SYNPCC7002_RS14440,SYNPCC7002_RS14420,0.097868827482089
SYNPCC7002_RS05135,SYNPCC7002_RS13065,0.0978439115613297
SYNPCC7002_RS08965,SYNPCC7002_RS11840,0.0978356390899025
SYNPCC7002_RS08965,SYNPCC7002_RS08125,0.0978326573477635
SYNPCC7002_RS12090,SYNPCC7002_RS13560,0.0978281190571084
SYNPCC7002_RS04780,SYNPCC7002_RS13970,0.097818284907903
SYNPCC7002_RS14790,SYNPCC7002_RS10640,0.0977935659117123
SYNPCC7002_RS11400,SYNPCC7002_RS02885,0.0977699961349504
SYNPCC7002_RS01800,SYNPCC7002_RS12885,0.097734345455468
SYNPCC7002_RS05985,SYNPCC7002_RS15260,0.0977291631927373
SYNPCC7002_RS09420,SYNPCC7002_RS09425,0.0977232784726151
SYNPCC7002_RS09820,SYNPCC7002_RS05030,0.0977212189503778
SYNPCC7002_RS05135,SYNPCC7002_RS03465,0.0976878044488909
SYNPCC7002_RS09820,SYNPCC7002_RS02305,0.0976812600332944
SYNPCC7002_RS09260,SYNPCC7002_RS13795,0.0976707960478352
SYNPCC7002_RS04250,SYNPCC7002_RS01510,0.0976634437740222
SYNPCC7002_RS12395,SYNPCC7002_RS05195,0.0976592902519724
SYNPCC7002_RS05460,SYNPCC7002_RS17030,0.0976477123644645
SYNPCC7002_RS05985,SYNPCC7002_RS02770,0.097647571381814
SYNPCC7002_RS00050,SYNPCC7002_RS10105,0.0976471074918513
SYNPCC7002_RS09780,SYNPCC7002_RS06470,0.0976119165788219
SYNPCC7002_RS04250,SYNPCC7002_RS00350,0.0976064835136866
SYNPCC7002_RS05985,SYNPCC7002_RS10725,0.097595862735932
SYNPCC7002_RS08965,SYNPCC7002_RS04635,0.0975946637130725
SYNPCC7002_RS14790,SYNPCC7002_RS05560,0.0975893330823725
SYNPCC7002_RS12395,SYNPCC7002_RS16635,0.0975338402891196
SYNPCC7002_RS08945,SYNPCC7002_RS03730,0.0975270602993381
SYNPCC7002_RS01335,SYNPCC7002_RS02325,0.0975245285080707
SYNPCC7002_RS05460,SYNPCC7002_RS17155,0.0975081621300011
SYNPCC7002_RS05135,SYNPCC7002_RS07775,0.0974785454559284
SYNPCC7002_RS04780,SYNPCC7002_RS08340,0.097475171989459
SYNPCC7002_RS04250,SYNPCC7002_RS08795,0.0974720586254052
SYNPCC7002_RS12395,SYNPCC7002_RS16795,0.0974675199052874
SYNPCC7002_RS08965,SYNPCC7002_RS08655,0.0974431614082769
SYNPCC7002_RS07295,SYNPCC7002_RS03205,0.0974353107211565
SYNPCC7002_RS12395,SYNPCC7002_RS05270,0.0974107616184374
SYNPCC7002_RS15520,SYNPCC7002_RS07985,0.0974016660162747
SYNPCC7002_RS12395,SYNPCC7002_RS07770,0.0973929807896248
SYNPCC7002_RS05135,SYNPCC7002_RS01580,0.097390320095437
SYNPCC7002_RS04680,SYNPCC7002_RS08120,0.0973845760692036
SYNPCC7002_RS15255,SYNPCC7002_RS15010,0.0973831209109232
SYNPCC7002_RS11685,SYNPCC7002_RS02990,0.0973651894171189
SYNPCC7002_RS08210,SYNPCC7002_RS01475,0.0973478585656313
SYNPCC7002_RS12395,SYNPCC7002_RS11345,0.0973357064021499
SYNPCC7002_RS08210,SYNPCC7002_RS09550,0.0973297408311178
SYNPCC7002_RS12395,SYNPCC7002_RS11950,0.0973074144936634
SYNPCC7002_RS15680,SYNPCC7002_RS05105,0.097305431201438
SYNPCC7002_RS10050,SYNPCC7002_RS09410,0.0972825079403506
SYNPCC7002_RS05135,SYNPCC7002_RS03660,0.0972618656501901
SYNPCC7002_RS04780,SYNPCC7002_RS12795,0.0972394653633664
SYNPCC7002_RS01800,SYNPCC7002_RS02320,0.0971932550932795
SYNPCC7002_RS15680,SYNPCC7002_RS14610,0.0971887404371896
SYNPCC7002_RS12395,SYNPCC7002_RS05245,0.0971842951804038
SYNPCC7002_RS05460,SYNPCC7002_RS14405,0.0971779147033768
SYNPCC7002_RS12395,SYNPCC7002_RS12490,0.0971482869647853
SYNPCC7002_RS08965,SYNPCC7002_RS08745,0.0971463836732767
SYNPCC7002_RS05985,SYNPCC7002_RS00155,0.097122950871726
SYNPCC7002_RS04250,SYNPCC7002_RS14235,0.097115564719589
SYNPCC7002_RS02715,SYNPCC7002_RS05265,0.0971019489960546
SYNPCC7002_RS01335,SYNPCC7002_RS06435,0.0970946014945291
SYNPCC7002_RS09995,SYNPCC7002_RS02365,0.0970767477113323
SYNPCC7002_RS10050,SYNPCC7002_RS05800,0.097068415673703
SYNPCC7002_RS03030,SYNPCC7002_RS00220,0.0970639132698504
SYNPCC7002_RS00640,SYNPCC7002_RS11555,0.0970116603762297
SYNPCC7002_RS07295,SYNPCC7002_RS08715,0.0970024089791725
SYNPCC7002_RS04780,SYNPCC7002_RS15750,0.096998170573834
SYNPCC7002_RS09820,SYNPCC7002_RS14940,0.0969936699838331
SYNPCC7002_RS00260,SYNPCC7002_RS03825,0.0969682503926114
SYNPCC7002_RS12395,SYNPCC7002_RS01695,0.096948486377568
SYNPCC7002_RS05460,SYNPCC7002_RS14425,0.0969251137905945
SYNPCC7002_RS09320,SYNPCC7002_RS03835,0.0969177603023551
SYNPCC7002_RS15030,SYNPCC7002_RS14995,0.0968652007708034
SYNPCC7002_RS05135,SYNPCC7002_RS03685,0.0968537746198087
SYNPCC7002_RS09995,SYNPCC7002_RS02115,0.0968504252357412
SYNPCC7002_RS10050,SYNPCC7002_RS00585,0.0968451479207907
SYNPCC7002_RS03030,SYNPCC7002_RS11665,0.0968438785056876
SYNPCC7002_RS05135,SYNPCC7002_RS00305,0.0968203289826024
SYNPCC7002_RS04780,SYNPCC7002_RS09345,0.0968125737001069
SYNPCC7002_RS09320,SYNPCC7002_RS10685,0.0968055147202852
SYNPCC7002_RS09630,SYNPCC7002_RS05685,0.0968007965920942
SYNPCC7002_RS09090,SYNPCC7002_RS16630,0.096771184247521
SYNPCC7002_RS00690,SYNPCC7002_RS07095,0.0967424577902011
SYNPCC7002_RS09820,SYNPCC7002_RS09220,0.0967416094922607
SYNPCC7002_RS04250,SYNPCC7002_RS09155,0.0967204754939203
SYNPCC7002_RS07295,SYNPCC7002_RS07935,0.0966802986730926
SYNPCC7002_RS09630,SYNPCC7002_RS05670,0.0966757447133784
SYNPCC7002_RS05985,SYNPCC7002_RS13255,0.0966549178748253
SYNPCC7002_RS10050,SYNPCC7002_RS16420,0.0965910148050513
SYNPCC7002_RS01420,SYNPCC7002_RS15870,0.0965820144471401
SYNPCC7002_RS09820,SYNPCC7002_RS03620,0.0965793424835297
SYNPCC7002_RS10050,SYNPCC7002_RS03745,0.0965642009009349
SYNPCC7002_RS09820,SYNPCC7002_RS04910,0.0965628244302946
SYNPCC7002_RS09320,SYNPCC7002_RS15225,0.0965563317819113
SYNPCC7002_RS02715,SYNPCC7002_RS06430,0.0965342831020606
SYNPCC7002_RS10145,SYNPCC7002_RS09950,0.0965279016425861
SYNPCC7002_RS05135,SYNPCC7002_RS09910,0.0965263422663629
SYNPCC7002_RS12090,SYNPCC7002_RS12950,0.0965244203680974
SYNPCC7002_RS09175,SYNPCC7002_RS14725,0.0965205399770369
SYNPCC7002_RS04890,SYNPCC7002_RS09535,0.0965163096485819
SYNPCC7002_RS01420,SYNPCC7002_RS09415,0.0964780062997229
SYNPCC7002_RS09320,SYNPCC7002_RS07480,0.096476337230091
SYNPCC7002_RS05135,SYNPCC7002_RS13820,0.0964750691998629
SYNPCC7002_RS16320,SYNPCC7002_RS15645,0.0964672158537277
SYNPCC7002_RS06540,SYNPCC7002_RS07250,0.096449307174899
SYNPCC7002_RS03030,SYNPCC7002_RS11735,0.0964364395635572
SYNPCC7002_RS05135,SYNPCC7002_RS07680,0.0964355765515867
SYNPCC7002_RS01420,SYNPCC7002_RS05170,0.0964342940294814
SYNPCC7002_RS03295,SYNPCC7002_RS16225,0.09642263931295
SYNPCC7002_RS00640,SYNPCC7002_RS14865,0.0964128011290411
SYNPCC7002_RS05135,SYNPCC7002_RS13080,0.096410392838628
SYNPCC7002_RS00690,SYNPCC7002_RS08480,0.0963927533698
SYNPCC7002_RS04250,SYNPCC7002_RS08545,0.0963911813079604
SYNPCC7002_RS08965,SYNPCC7002_RS10465,0.0963864276564175
SYNPCC7002_RS06150,SYNPCC7002_RS04360,0.0963466839539898
SYNPCC7002_RS05135,SYNPCC7002_RS05195,0.0963439682373908
SYNPCC7002_RS08255,SYNPCC7002_RS05480,0.0963389572983265
SYNPCC7002_RS12395,SYNPCC7002_RS14115,0.096332530451726
SYNPCC7002_RS04650,SYNPCC7002_RS00045,0.0963267806962449
SYNPCC7002_RS12395,SYNPCC7002_RS12190,0.0963209269451862
SYNPCC7002_RS09780,SYNPCC7002_RS11535,0.0963008421442704
SYNPCC7002_RS04780,SYNPCC7002_RS07455,0.0962839166690733
SYNPCC7002_RS15680,SYNPCC7002_RS13740,0.0962758862828512
SYNPCC7002_RS09995,SYNPCC7002_RS09730,0.0962596012688719
SYNPCC7002_RS09820,SYNPCC7002_RS06835,0.0962533177944778
SYNPCC7002_RS09090,SYNPCC7002_RS15615,0.0962257181422919
SYNPCC7002_RS02455,SYNPCC7002_RS03455,0.0962254428463295
SYNPCC7002_RS09195,SYNPCC7002_RS03635,0.0962127156169113
SYNPCC7002_RS02715,SYNPCC7002_RS14830,0.0961742859867057
SYNPCC7002_RS04250,SYNPCC7002_RS09885,0.0961641325975083
SYNPCC7002_RS11685,SYNPCC7002_RS03895,0.096156231206208
SYNPCC7002_RS02455,SYNPCC7002_RS03045,0.0961408423045923
SYNPCC7002_RS14385,SYNPCC7002_RS14335,0.0961377026894549
SYNPCC7002_RS08390,SYNPCC7002_RS04920,0.0960734359856045
SYNPCC7002_RS06540,SYNPCC7002_RS02860,0.0960689319344314
SYNPCC7002_RS04250,SYNPCC7002_RS05995,0.0960287369301582
SYNPCC7002_RS12395,SYNPCC7002_RS00265,0.0960121049939006
SYNPCC7002_RS06005,SYNPCC7002_RS07175,0.0960108207512084
SYNPCC7002_RS12395,SYNPCC7002_RS03090,0.0959988458060496
SYNPCC7002_RS03295,SYNPCC7002_RS01340,0.0959943611807729
SYNPCC7002_RS03030,SYNPCC7002_RS10620,0.0959613022304801
SYNPCC7002_RS04250,SYNPCC7002_RS06510,0.0959543336967418
SYNPCC7002_RS06005,SYNPCC7002_RS16780,0.0959542437361848
SYNPCC7002_RS04250,SYNPCC7002_RS02265,0.0959413773272726
SYNPCC7002_RS09820,SYNPCC7002_RS05460,0.0959315658150366
SYNPCC7002_RS11685,SYNPCC7002_RS01865,0.0959300036796283
SYNPCC7002_RS01335,SYNPCC7002_RS02315,0.0959231330383638
SYNPCC7002_RS05135,SYNPCC7002_RS05110,0.0959214199261369
SYNPCC7002_RS00050,SYNPCC7002_RS04095,0.0959155670411888
SYNPCC7002_RS09820,SYNPCC7002_RS09800,0.0959041631784512
SYNPCC7002_RS11685,SYNPCC7002_RS16635,0.0959000393910041
SYNPCC7002_RS09320,SYNPCC7002_RS12700,0.095865976666405
SYNPCC7002_RS09845,SYNPCC7002_RS09090,0.0958594343019683
SYNPCC7002_RS07295,SYNPCC7002_RS07300,0.0958554462243676
SYNPCC7002_RS10050,SYNPCC7002_RS08995,0.0958368352373789
SYNPCC7002_RS02455,SYNPCC7002_RS00435,0.0958142008878932
SYNPCC7002_RS05135,SYNPCC7002_RS05265,0.0958138881058952
SYNPCC7002_RS15680,SYNPCC7002_RS04135,0.0958111152204475
SYNPCC7002_RS03030,SYNPCC7002_RS04710,0.0958106969321011
SYNPCC7002_RS09320,SYNPCC7002_RS13980,0.0957899949904922
SYNPCC7002_RS12395,SYNPCC7002_RS08660,0.0957876156126468
SYNPCC7002_RS09320,SYNPCC7002_RS06070,0.0957330692424578
SYNPCC7002_RS02715,SYNPCC7002_RS12630,0.0957206052989447
SYNPCC7002_RS15680,SYNPCC7002_RS08435,0.0956787153187828
SYNPCC7002_RS09320,SYNPCC7002_RS08960,0.0956549075474801
SYNPCC7002_RS10050,SYNPCC7002_RS03510,0.0956494260789841
SYNPCC7002_RS03030,SYNPCC7002_RS03015,0.0955957881195771
SYNPCC7002_RS15680,SYNPCC7002_RS10560,0.0955832676167833
SYNPCC7002_RS03030,SYNPCC7002_RS04440,0.0955475204360299
SYNPCC7002_RS07385,SYNPCC7002_RS07215,0.0955334434811091
SYNPCC7002_RS12395,SYNPCC7002_RS07575,0.0955320439343908
SYNPCC7002_RS07385,SYNPCC7002_RS01445,0.0955301349689932
SYNPCC7002_RS03950,SYNPCC7002_RS15810,0.0955164082366991
SYNPCC7002_RS05135,SYNPCC7002_RS02015,0.0955156107707915
SYNPCC7002_RS04780,SYNPCC7002_RS10960,0.0954795443382801
SYNPCC7002_RS05460,SYNPCC7002_RS09000,0.095477048521873
SYNPCC7002_RS06540,SYNPCC7002_RS09225,0.0954703703188548
SYNPCC7002_RS04890,SYNPCC7002_RS10210,0.0954689797513871
SYNPCC7002_RS05135,SYNPCC7002_RS05125,0.0954534110879165
SYNPCC7002_RS02715,SYNPCC7002_RS01245,0.0954511780866335
SYNPCC7002_RS00260,SYNPCC7002_RS06595,0.0954402507982353
SYNPCC7002_RS08965,SYNPCC7002_RS12260,0.0954028296085985
SYNPCC7002_RS08390,SYNPCC7002_RS07040,0.0953895177398332
SYNPCC7002_RS15680,SYNPCC7002_RS03160,0.0953867944153509
SYNPCC7002_RS02715,SYNPCC7002_RS16835,0.0953770002177963
SYNPCC7002_RS11400,SYNPCC7002_RS06705,0.095362196766579
SYNPCC7002_RS00650,SYNPCC7002_RS05380,0.0953547588066544
SYNPCC7002_RS01335,SYNPCC7002_RS05340,0.0953390624320504
SYNPCC7002_RS08255,SYNPCC7002_RS00705,0.0953361070278162
SYNPCC7002_RS07385,SYNPCC7002_RS13570,0.0953349709123097
SYNPCC7002_RS08965,SYNPCC7002_RS00650,0.0953302149972837
SYNPCC7002_RS05135,SYNPCC7002_RS05300,0.0953212511736218
SYNPCC7002_RS09995,SYNPCC7002_RS04025,0.095313247074729
SYNPCC7002_RS02715,SYNPCC7002_RS13210,0.0952769877890883
SYNPCC7002_RS00640,SYNPCC7002_RS16825,0.0952664983085014
SYNPCC7002_RS09820,SYNPCC7002_RS11370,0.0952662848665392
SYNPCC7002_RS09630,SYNPCC7002_RS11560,0.0952634009174767
SYNPCC7002_RS11685,SYNPCC7002_RS01785,0.0952517067374683
SYNPCC7002_RS12395,SYNPCC7002_RS14255,0.0952254763149915
SYNPCC7002_RS02715,SYNPCC7002_RS01940,0.0952202345631167
SYNPCC7002_RS02715,SYNPCC7002_RS14845,0.0951948985100154
SYNPCC7002_RS12395,SYNPCC7002_RS00200,0.0951749041336737
SYNPCC7002_RS12395,SYNPCC7002_RS11355,0.0951638793246242
SYNPCC7002_RS03950,SYNPCC7002_RS11805,0.0951166648995309
SYNPCC7002_RS12090,SYNPCC7002_RS06275,0.0951146878881039
SYNPCC7002_RS06150,SYNPCC7002_RS14050,0.0950805210805889
SYNPCC7002_RS09320,SYNPCC7002_RS10485,0.0950601912462838
SYNPCC7002_RS11685,SYNPCC7002_RS09460,0.0950281846025048
SYNPCC7002_RS11400,SYNPCC7002_RS03470,0.0950197381198697
SYNPCC7002_RS03950,SYNPCC7002_RS14435,0.0949943997505147
SYNPCC7002_RS04780,SYNPCC7002_RS10580,0.0949899966511287
SYNPCC7002_RS08390,SYNPCC7002_RS05915,0.0949793004837617
SYNPCC7002_RS05135,SYNPCC7002_RS05150,0.0949734527582305
SYNPCC7002_RS01800,SYNPCC7002_RS02325,0.0949462362657168
SYNPCC7002_RS04650,SYNPCC7002_RS13530,0.0949379261263331
SYNPCC7002_RS05460,SYNPCC7002_RS10215,0.0949231248487827
SYNPCC7002_RS08390,SYNPCC7002_RS07905,0.0948824029539288
SYNPCC7002_RS06540,SYNPCC7002_RS05860,0.0948596426387451
SYNPCC7002_RS04650,SYNPCC7002_RS04850,0.0948577876071024
SYNPCC7002_RS05460,SYNPCC7002_RS13000,0.0948488684659093
SYNPCC7002_RS03030,SYNPCC7002_RS09660,0.0948448129322067
SYNPCC7002_RS12395,SYNPCC7002_RS05135,0.0948444991062694
SYNPCC7002_RS10050,SYNPCC7002_RS08780,0.0948439126979048
SYNPCC7002_RS03030,SYNPCC7002_RS13715,0.0948103072522135
SYNPCC7002_RS12395,SYNPCC7002_RS05275,0.0948093564119222
SYNPCC7002_RS04650,SYNPCC7002_RS00350,0.0947831752786207
SYNPCC7002_RS08255,SYNPCC7002_RS16615,0.094781563117313
SYNPCC7002_RS06540,SYNPCC7002_RS05610,0.0947789858894233
SYNPCC7002_RS05460,SYNPCC7002_RS11375,0.0947685230524843
SYNPCC7002_RS04780,SYNPCC7002_RS09710,0.0947371978226532
SYNPCC7002_RS05135,SYNPCC7002_RS12120,0.0947180342969345
SYNPCC7002_RS00650,SYNPCC7002_RS13375,0.0947164532220595
SYNPCC7002_RS07385,SYNPCC7002_RS13985,0.0947126196473861
SYNPCC7002_RS08255,SYNPCC7002_RS10320,0.0947040644732296
SYNPCC7002_RS15520,SYNPCC7002_RS11435,0.0947003887012008
SYNPCC7002_RS15680,SYNPCC7002_RS08445,0.0946909100767463
SYNPCC7002_RS09260,SYNPCC7002_RS00700,0.0946773978059197
SYNPCC7002_RS06540,SYNPCC7002_RS07105,0.094669461928998
SYNPCC7002_RS07385,SYNPCC7002_RS04710,0.0946661930240217
SYNPCC7002_RS08390,SYNPCC7002_RS11795,0.0946602590847627
SYNPCC7002_RS15995,SYNPCC7002_RS15220,0.0946546874599031
SYNPCC7002_RS04250,SYNPCC7002_RS01740,0.0946377584569425
SYNPCC7002_RS14790,SYNPCC7002_RS05565,0.0946278299534091
SYNPCC7002_RS08965,SYNPCC7002_RS11290,0.0946126324359598
SYNPCC7002_RS08945,SYNPCC7002_RS06245,0.0945893273925175
SYNPCC7002_RS05135,SYNPCC7002_RS11520,0.0945792726859876
SYNPCC7002_RS12395,SYNPCC7002_RS15110,0.0945729971347147
SYNPCC7002_RS03030,SYNPCC7002_RS09830,0.0945703256146328
SYNPCC7002_RS04890,SYNPCC7002_RS05110,0.0945284929625889
SYNPCC7002_RS04780,SYNPCC7002_RS12945,0.0945196656575694
SYNPCC7002_RS02715,SYNPCC7002_RS03660,0.094513750450894
SYNPCC7002_RS04650,SYNPCC7002_RS04595,0.0945063331598855
SYNPCC7002_RS15410,SYNPCC7002_RS07635,0.0944996707229288
SYNPCC7002_RS12395,SYNPCC7002_RS02090,0.094463629587499
SYNPCC7002_RS08965,SYNPCC7002_RS10905,0.0944593730516064
SYNPCC7002_RS04250,SYNPCC7002_RS04585,0.0944561619510014
SYNPCC7002_RS10050,SYNPCC7002_RS04120,0.0944303001763354
SYNPCC7002_RS08175,SYNPCC7002_RS11890,0.0943906568729269
SYNPCC7002_RS04780,SYNPCC7002_RS14975,0.094383378427945
SYNPCC7002_RS05135,SYNPCC7002_RS09130,0.0943751251861233
SYNPCC7002_RS15410,SYNPCC7002_RS09750,0.0943706736991449
SYNPCC7002_RS04890,SYNPCC7002_RS00550,0.0943485129748028
SYNPCC7002_RS09820,SYNPCC7002_RS05660,0.094336549883315
SYNPCC7002_RS05985,SYNPCC7002_RS01520,0.0943333861145933
SYNPCC7002_RS12395,SYNPCC7002_RS05970,0.0943204774650395
SYNPCC7002_RS04250,SYNPCC7002_RS09965,0.0943169001738567
SYNPCC7002_RS01800,SYNPCC7002_RS13290,0.0943136197924346
SYNPCC7002_RS05985,SYNPCC7002_RS15165,0.0943101559897542
SYNPCC7002_RS05135,SYNPCC7002_RS05590,0.0943062957292778
SYNPCC7002_RS09630,SYNPCC7002_RS11720,0.0942984212196872
SYNPCC7002_RS04890,SYNPCC7002_RS01745,0.0942922087916392
SYNPCC7002_RS10050,SYNPCC7002_RS07650,0.0942833905070822
SYNPCC7002_RS05135,SYNPCC7002_RS08305,0.0942738586172255
SYNPCC7002_RS08965,SYNPCC7002_RS11835,0.0942494454427291
SYNPCC7002_RS00650,SYNPCC7002_RS04465,0.0942485715241326
SYNPCC7002_RS04780,SYNPCC7002_RS00075,0.0942441713639171
SYNPCC7002_RS04650,SYNPCC7002_RS10110,0.0942235839787599
SYNPCC7002_RS09630,SYNPCC7002_RS03945,0.0942212078434012
SYNPCC7002_RS01800,SYNPCC7002_RS05695,0.0941848337609635
SYNPCC7002_RS10050,SYNPCC7002_RS12435,0.0941745228539996
SYNPCC7002_RS04890,SYNPCC7002_RS09025,0.0941691713981397
SYNPCC7002_RS06540,SYNPCC7002_RS02370,0.0941689133734682
SYNPCC7002_RS05135,SYNPCC7002_RS09860,0.0941628914156316
SYNPCC7002_RS04890,SYNPCC7002_RS12395,0.0941601116917068
SYNPCC7002_RS02455,SYNPCC7002_RS13985,0.0941552642642783
SYNPCC7002_RS05135,SYNPCC7002_RS10945,0.0941227591250705
SYNPCC7002_RS10050,SYNPCC7002_RS09905,0.0940811988418838
SYNPCC7002_RS05985,SYNPCC7002_RS01900,0.0940507582044423
SYNPCC7002_RS02455,SYNPCC7002_RS16095,0.0940480479293025
SYNPCC7002_RS04650,SYNPCC7002_RS09580,0.0940458112626776
SYNPCC7002_RS00010,SYNPCC7002_RS06255,0.0940417380317278
SYNPCC7002_RS02715,SYNPCC7002_RS00805,0.0940403426213139
SYNPCC7002_RS04890,SYNPCC7002_RS02850,0.0940207614420652
SYNPCC7002_RS09995,SYNPCC7002_RS05045,0.0940186876146379
SYNPCC7002_RS04890,SYNPCC7002_RS00305,0.0940033185355187
SYNPCC7002_RS13450,SYNPCC7002_RS10260,0.0939898344204184
SYNPCC7002_RS05135,SYNPCC7002_RS12670,0.093985900779013
SYNPCC7002_RS05135,SYNPCC7002_RS17245,0.0939843408542826
SYNPCC7002_RS09995,SYNPCC7002_RS05480,0.0939830364672641
SYNPCC7002_RS05135,SYNPCC7002_RS02215,0.0939824939289804
SYNPCC7002_RS05135,SYNPCC7002_RS10975,0.0939808321663671
SYNPCC7002_RS05985,SYNPCC7002_RS16470,0.0939694833980866
SYNPCC7002_RS05460,SYNPCC7002_RS04825,0.0939676691173856
SYNPCC7002_RS08945,SYNPCC7002_RS00720,0.0939661323166764
SYNPCC7002_RS11685,SYNPCC7002_RS09760,0.093955112202751
SYNPCC7002_RS14440,SYNPCC7002_RS14430,0.0939206172092946
SYNPCC7002_RS04780,SYNPCC7002_RS06015,0.0939127462989436
SYNPCC7002_RS09320,SYNPCC7002_RS01790,0.093896661887669
SYNPCC7002_RS01420,SYNPCC7002_RS05530,0.0938692901997016
SYNPCC7002_RS00650,SYNPCC7002_RS05745,0.0938637986790247
SYNPCC7002_RS15255,SYNPCC7002_RS14800,0.0938396901236029
SYNPCC7002_RS09320,SYNPCC7002_RS11040,0.0938304068524216
SYNPCC7002_RS09320,SYNPCC7002_RS11840,0.0938162348958434
SYNPCC7002_RS08965,SYNPCC7002_RS02530,0.0937950396119283
SYNPCC7002_RS05135,SYNPCC7002_RS17035,0.0937878279366144
SYNPCC7002_RS05985,SYNPCC7002_RS17025,0.093778197188531
SYNPCC7002_RS08965,SYNPCC7002_RS05745,0.0937764287187094
SYNPCC7002_RS05460,SYNPCC7002_RS02415,0.0937679969213302
SYNPCC7002_RS04780,SYNPCC7002_RS01670,0.0937627801552584
SYNPCC7002_RS10050,SYNPCC7002_RS03420,0.0937366835615909
SYNPCC7002_RS05135,SYNPCC7002_RS10280,0.0937045902788048
SYNPCC7002_RS04780,SYNPCC7002_RS07040,0.0937033016168598
SYNPCC7002_RS12395,SYNPCC7002_RS01830,0.0936810439143817
SYNPCC7002_RS14790,SYNPCC7002_RS05935,0.0936770485434665
SYNPCC7002_RS06165,SYNPCC7002_RS04455,0.093672052811861
SYNPCC7002_RS10050,SYNPCC7002_RS06385,0.0936690772863104
SYNPCC7002_RS04250,SYNPCC7002_RS14755,0.0936626872070231
SYNPCC7002_RS04890,SYNPCC7002_RS11240,0.0936516813551829
SYNPCC7002_RS06150,SYNPCC7002_RS11560,0.0936164618466368
SYNPCC7002_RS09630,SYNPCC7002_RS07430,0.0936100070163944
SYNPCC7002_RS10050,SYNPCC7002_RS07810,0.0935915721146909
SYNPCC7002_RS05135,SYNPCC7002_RS14250,0.0935913618024372
SYNPCC7002_RS05460,SYNPCC7002_RS08885,0.0935909244700674
SYNPCC7002_RS10050,SYNPCC7002_RS10135,0.0935835712886082
SYNPCC7002_RS01335,SYNPCC7002_RS06310,0.0935663418071213
SYNPCC7002_RS05460,SYNPCC7002_RS15485,0.0935645054427525
SYNPCC7002_RS04780,SYNPCC7002_RS01280,0.0935579574319636
SYNPCC7002_RS00050,SYNPCC7002_RS15135,0.0935575621662006
SYNPCC7002_RS05460,SYNPCC7002_RS09005,0.0935496124105764
SYNPCC7002_RS02715,SYNPCC7002_RS15440,0.0935325731936571
SYNPCC7002_RS04780,SYNPCC7002_RS03930,0.0935259409582514
SYNPCC7002_RS14790,SYNPCC7002_RS09330,0.0935099005370121
SYNPCC7002_RS08965,SYNPCC7002_RS03755,0.0935098482862003
SYNPCC7002_RS04290,SYNPCC7002_RS13500,0.0934814479027165
SYNPCC7002_RS09780,SYNPCC7002_RS04805,0.0934554046547822
SYNPCC7002_RS01800,SYNPCC7002_RS01545,0.0934418181283548
SYNPCC7002_RS09820,SYNPCC7002_RS16455,0.0934344682660559
SYNPCC7002_RS12090,SYNPCC7002_RS17190,0.0934217289103861
SYNPCC7002_RS15255,SYNPCC7002_RS15315,0.0934126084170468
SYNPCC7002_RS09420,SYNPCC7002_RS14025,0.0933868571077598
SYNPCC7002_RS14790,SYNPCC7002_RS04800,0.0933768583516729
SYNPCC7002_RS08945,SYNPCC7002_RS07350,0.0933587857287084
SYNPCC7002_RS14385,SYNPCC7002_RS14420,0.0933585164213393
SYNPCC7002_RS08965,SYNPCC7002_RS02200,0.09335446554114
SYNPCC7002_RS05135,SYNPCC7002_RS01795,0.0933396260532153
SYNPCC7002_RS01335,SYNPCC7002_RS06655,0.0933336710965176
SYNPCC7002_RS11685,SYNPCC7002_RS02635,0.0933283742807528
SYNPCC7002_RS08965,SYNPCC7002_RS06950,0.0933081472340146
SYNPCC7002_RS01420,SYNPCC7002_RS06580,0.09329263838404
SYNPCC7002_RS15520,SYNPCC7002_RS07280,0.0932678121647564
SYNPCC7002_RS10050,SYNPCC7002_RS07780,0.0932601926026755
SYNPCC7002_RS01420,SYNPCC7002_RS08670,0.0932524761216803
SYNPCC7002_RS04680,SYNPCC7002_RS08460,0.0932412962896796
SYNPCC7002_RS14440,SYNPCC7002_RS16320,0.0932299585819589
SYNPCC7002_RS09320,SYNPCC7002_RS05490,0.0932077909111362
SYNPCC7002_RS05985,SYNPCC7002_RS12815,0.0931797605238412
SYNPCC7002_RS12090,SYNPCC7002_RS06195,0.0931780119838225
SYNPCC7002_RS10050,SYNPCC7002_RS05655,0.0931623971848516
SYNPCC7002_RS04250,SYNPCC7002_RS05385,0.0931611199052689
SYNPCC7002_RS02715,SYNPCC7002_RS01150,0.0931591060264686
SYNPCC7002_RS14790,SYNPCC7002_RS14635,0.0931552300291663
SYNPCC7002_RS10050,SYNPCC7002_RS17220,0.0931429459474417
SYNPCC7002_RS04250,SYNPCC7002_RS07545,0.0931288925949759
SYNPCC7002_RS02455,SYNPCC7002_RS16220,0.0931267554005741
SYNPCC7002_RS04890,SYNPCC7002_RS07570,0.0931097800138776
SYNPCC7002_RS08480,SYNPCC7002_RS03185,0.0930798778448717
SYNPCC7002_RS04250,SYNPCC7002_RS04270,0.093071920349303
SYNPCC7002_RS09320,SYNPCC7002_RS11635,0.0930501402841455
SYNPCC7002_RS04780,SYNPCC7002_RS04710,0.09303677944611
SYNPCC7002_RS05135,SYNPCC7002_RS02960,0.0930251484420852
SYNPCC7002_RS01335,SYNPCC7002_RS13690,0.0930194306025691
SYNPCC7002_RS09630,SYNPCC7002_RS08720,0.0929889553220925
SYNPCC7002_RS04780,SYNPCC7002_RS02985,0.0929878253952666
SYNPCC7002_RS01420,SYNPCC7002_RS03505,0.0929834455997521
SYNPCC7002_RS07385,SYNPCC7002_RS10510,0.0929790395813698
SYNPCC7002_RS10050,SYNPCC7002_RS06395,0.0929524420064197
SYNPCC7002_RS09630,SYNPCC7002_RS05665,0.0929464083807445
SYNPCC7002_RS15680,SYNPCC7002_RS05685,0.0929455102989326
SYNPCC7002_RS05135,SYNPCC7002_RS09420,0.0929371417655293
SYNPCC7002_RS01420,SYNPCC7002_RS01415,0.0929104284196405
SYNPCC7002_RS08965,SYNPCC7002_RS02395,0.0929093716537164
SYNPCC7002_RS12395,SYNPCC7002_RS07600,0.0928893738941925
SYNPCC7002_RS09780,SYNPCC7002_RS07550,0.0928769428424806
SYNPCC7002_RS05135,SYNPCC7002_RS03520,0.092871680348607
SYNPCC7002_RS01800,SYNPCC7002_RS03610,0.0928540699179618
SYNPCC7002_RS07295,SYNPCC7002_RS15070,0.0928371382865348
SYNPCC7002_RS01335,SYNPCC7002_RS15790,0.0928354579855063
SYNPCC7002_RS03030,SYNPCC7002_RS07980,0.0928337606278368
SYNPCC7002_RS04780,SYNPCC7002_RS04330,0.0928273112483423
SYNPCC7002_RS06150,SYNPCC7002_RS15750,0.0928259903380666
SYNPCC7002_RS08965,SYNPCC7002_RS07145,0.0928257024723778
SYNPCC7002_RS00260,SYNPCC7002_RS08535,0.092816634659931
SYNPCC7002_RS04250,SYNPCC7002_RS12020,0.0927944833795298
SYNPCC7002_RS03030,SYNPCC7002_RS06225,0.0927804807349975
SYNPCC7002_RS09630,SYNPCC7002_RS03600,0.0927757196111798
SYNPCC7002_RS12395,SYNPCC7002_RS09560,0.0927591375577137
SYNPCC7002_RS02715,SYNPCC7002_RS05240,0.0927517710715322
SYNPCC7002_RS01335,SYNPCC7002_RS12470,0.0927435991560628
SYNPCC7002_RS08390,SYNPCC7002_RS00325,0.0927416517613197
SYNPCC7002_RS01335,SYNPCC7002_RS10655,0.0927386941994223
SYNPCC7002_RS05135,SYNPCC7002_RS12445,0.0927358069970949
SYNPCC7002_RS05985,SYNPCC7002_RS05020,0.0927164527321769
SYNPCC7002_RS12395,SYNPCC7002_RS17210,0.0927114894161836
SYNPCC7002_RS15255,SYNPCC7002_RS04180,0.0927109857375233
SYNPCC7002_RS03295,SYNPCC7002_RS14340,0.0927072782371777
SYNPCC7002_RS05135,SYNPCC7002_RS09900,0.0927024392813261
SYNPCC7002_RS04680,SYNPCC7002_RS10115,0.0926996767584155
SYNPCC7002_RS12395,SYNPCC7002_RS01785,0.0926846438250484
SYNPCC7002_RS09420,SYNPCC7002_RS12550,0.0926788421955778
SYNPCC7002_RS15520,SYNPCC7002_RS09320,0.092678596867856
SYNPCC7002_RS08255,SYNPCC7002_RS00560,0.0926764866192582
SYNPCC7002_RS12395,SYNPCC7002_RS09460,0.0926756241934325
SYNPCC7002_RS03030,SYNPCC7002_RS02920,0.0926709306063811
SYNPCC7002_RS05135,SYNPCC7002_RS01595,0.0926702944126097
SYNPCC7002_RS04780,SYNPCC7002_RS11225,0.0926500554843672
SYNPCC7002_RS08965,SYNPCC7002_RS12055,0.0926486118008912
SYNPCC7002_RS04780,SYNPCC7002_RS15025,0.0926410296045483
SYNPCC7002_RS09780,SYNPCC7002_RS07345,0.0926308951942826
SYNPCC7002_RS04250,SYNPCC7002_RS02170,0.0926171510896292
SYNPCC7002_RS02715,SYNPCC7002_RS10195,0.0925884586052807
SYNPCC7002_RS08860,SYNPCC7002_RS08595,0.0925542273522601
SYNPCC7002_RS15255,SYNPCC7002_RS05685,0.0925535043538805
SYNPCC7002_RS04650,SYNPCC7002_RS13955,0.0925456126031337
SYNPCC7002_RS09420,SYNPCC7002_RS09760,0.0925441599140399
SYNPCC7002_RS03950,SYNPCC7002_RS15125,0.0925285095666393
SYNPCC7002_RS15520,SYNPCC7002_RS00135,0.092521444591908
SYNPCC7002_RS10050,SYNPCC7002_RS16705,0.0925138563785431
SYNPCC7002_RS12395,SYNPCC7002_RS09095,0.0925123947073798
SYNPCC7002_RS09320,SYNPCC7002_RS01845,0.0925105783067258
SYNPCC7002_RS12395,SYNPCC7002_RS07725,0.0924748823524658
SYNPCC7002_RS08965,SYNPCC7002_RS01130,0.0924589236069806
SYNPCC7002_RS08965,SYNPCC7002_RS04060,0.092450042770462
SYNPCC7002_RS10050,SYNPCC7002_RS09825,0.0924470099607242
SYNPCC7002_RS08390,SYNPCC7002_RS15820,0.0924461405970489
SYNPCC7002_RS03950,SYNPCC7002_RS06425,0.0924300669985963
SYNPCC7002_RS04250,SYNPCC7002_RS04010,0.0924219451787921
SYNPCC7002_RS01800,SYNPCC7002_RS10785,0.0924216473139943
SYNPCC7002_RS12395,SYNPCC7002_RS08010,0.0924147661540968
SYNPCC7002_RS04890,SYNPCC7002_RS12730,0.0923978031108098
SYNPCC7002_RS00690,SYNPCC7002_RS09260,0.0923729104689858
SYNPCC7002_RS05985,SYNPCC7002_RS02900,0.0923650839280241
SYNPCC7002_RS08860,SYNPCC7002_RS17115,0.0923498818626603
SYNPCC7002_RS09320,SYNPCC7002_RS06185,0.0923498313810656
SYNPCC7002_RS02715,SYNPCC7002_RS14630,0.0923467620662009
SYNPCC7002_RS04250,SYNPCC7002_RS11115,0.0923413461349133
SYNPCC7002_RS05460,SYNPCC7002_RS05150,0.0923249102072549
SYNPCC7002_RS08965,SYNPCC7002_RS12700,0.0923248602230207
SYNPCC7002_RS09320,SYNPCC7002_RS09490,0.0923058181196972
SYNPCC7002_RS02455,SYNPCC7002_RS01970,0.0922985708241953
SYNPCC7002_RS00690,SYNPCC7002_RS00800,0.0922963306488217
SYNPCC7002_RS09820,SYNPCC7002_RS16600,0.0922881523940627
SYNPCC7002_RS08175,SYNPCC7002_RS08110,0.0922802348798189
SYNPCC7002_RS08175,SYNPCC7002_RS04495,0.0922509991842548
SYNPCC7002_RS03760,SYNPCC7002_RS10095,0.0922429644476757
SYNPCC7002_RS09780,SYNPCC7002_RS17175,0.0922354196870365
SYNPCC7002_RS09175,SYNPCC7002_RS15495,0.0922324827547161
SYNPCC7002_RS09260,SYNPCC7002_RS15465,0.0922286733923591
SYNPCC7002_RS15255,SYNPCC7002_RS02065,0.0922263532610064
SYNPCC7002_RS09780,SYNPCC7002_RS02770,0.0922262079119618
SYNPCC7002_RS04780,SYNPCC7002_RS13130,0.0922210060942753
SYNPCC7002_RS15520,SYNPCC7002_RS04680,0.0921958610297738
SYNPCC7002_RS05135,SYNPCC7002_RS11345,0.092195675781664
SYNPCC7002_RS04890,SYNPCC7002_RS07545,0.0921862286269422
SYNPCC7002_RS04650,SYNPCC7002_RS14920,0.092172013500495
SYNPCC7002_RS09630,SYNPCC7002_RS17225,0.0921419181462524
SYNPCC7002_RS12395,SYNPCC7002_RS13670,0.0921405350261386
SYNPCC7002_RS01335,SYNPCC7002_RS07515,0.0921271823350587
SYNPCC7002_RS03030,SYNPCC7002_RS01480,0.0921258547303164
SYNPCC7002_RS12395,SYNPCC7002_RS00425,0.0921235115440085
SYNPCC7002_RS00260,SYNPCC7002_RS08530,0.0921209024974724
SYNPCC7002_RS12395,SYNPCC7002_RS01595,0.0921155503655371
SYNPCC7002_RS05460,SYNPCC7002_RS14500,0.0921146405477817
SYNPCC7002_RS04250,SYNPCC7002_RS08600,0.0921040299182844
SYNPCC7002_RS04250,SYNPCC7002_RS12695,0.0921015274839673
SYNPCC7002_RS01420,SYNPCC7002_RS11850,0.0920937183735508
SYNPCC7002_RS08965,SYNPCC7002_RS05735,0.0920903724887864
SYNPCC7002_RS00260,SYNPCC7002_RS02670,0.0920769949425322
SYNPCC7002_RS01335,SYNPCC7002_RS02320,0.0920688596401501
SYNPCC7002_RS08965,SYNPCC7002_RS06925,0.0920681748941487
SYNPCC7002_RS14440,SYNPCC7002_RS15475,0.0920676691837508
SYNPCC7002_RS12395,SYNPCC7002_RS08550,0.0920657478525117
SYNPCC7002_RS15255,SYNPCC7002_RS15605,0.0920565040010666
SYNPCC7002_RS04250,SYNPCC7002_RS01520,0.0920416428546258
SYNPCC7002_RS00640,SYNPCC7002_RS04940,0.0920369292523295
SYNPCC7002_RS08965,SYNPCC7002_RS02350,0.0920341136377659
SYNPCC7002_RS05135,SYNPCC7002_RS07780,0.0920337481766237
SYNPCC7002_RS00650,SYNPCC7002_RS13810,0.0920229214292696
SYNPCC7002_RS10050,SYNPCC7002_RS08520,0.0920107673838078
SYNPCC7002_RS04890,SYNPCC7002_RS04620,0.092005470505071
SYNPCC7002_RS04250,SYNPCC7002_RS08185,0.0920014992508057
SYNPCC7002_RS12515,SYNPCC7002_RS14310,0.0919837281554653
SYNPCC7002_RS15255,SYNPCC7002_RS15700,0.0919721143678906
SYNPCC7002_RS02715,SYNPCC7002_RS04760,0.0919697863880313
SYNPCC7002_RS07385,SYNPCC7002_RS10585,0.091961226413427
SYNPCC7002_RS05985,SYNPCC7002_RS15725,0.0919554096807189
SYNPCC7002_RS02715,SYNPCC7002_RS07865,0.0919431067278157
SYNPCC7002_RS01420,SYNPCC7002_RS04485,0.0919397598292365
SYNPCC7002_RS02455,SYNPCC7002_RS14175,0.0919310082342566
SYNPCC7002_RS05135,SYNPCC7002_RS03425,0.0919225932028343
SYNPCC7002_RS01420,SYNPCC7002_RS08010,0.0919176347772038
SYNPCC7002_RS09780,SYNPCC7002_RS07555,0.0919170209875146
SYNPCC7002_RS05135,SYNPCC7002_RS10965,0.0919146832151822
SYNPCC7002_RS08210,SYNPCC7002_RS05575,0.0919103748691441
SYNPCC7002_RS00690,SYNPCC7002_RS00195,0.0918807507046507
SYNPCC7002_RS12395,SYNPCC7002_RS07795,0.0918735108724235
SYNPCC7002_RS02715,SYNPCC7002_RS15065,0.0918584309516819
SYNPCC7002_RS12395,SYNPCC7002_RS10280,0.0918573117189647
SYNPCC7002_RS11685,SYNPCC7002_RS12985,0.0918475812348058
SYNPCC7002_RS08210,SYNPCC7002_RS02255,0.0918442303758637
SYNPCC7002_RS04250,SYNPCC7002_RS00185,0.0918436439851861
SYNPCC7002_RS04650,SYNPCC7002_RS09965,0.091825145096102
SYNPCC7002_RS01335,SYNPCC7002_RS04910,0.0918139246169227
SYNPCC7002_RS01335,SYNPCC7002_RS03000,0.0918068655558179
SYNPCC7002_RS10050,SYNPCC7002_RS03905,0.0917778456953794
SYNPCC7002_RS00050,SYNPCC7002_RS03790,0.0917700100750103
SYNPCC7002_RS05985,SYNPCC7002_RS04520,0.09176810395956
SYNPCC7002_RS08945,SYNPCC7002_RS11590,0.0917493128831507
SYNPCC7002_RS08965,SYNPCC7002_RS06315,0.0917450403093365
SYNPCC7002_RS07385,SYNPCC7002_RS15025,0.0917394024269761
SYNPCC7002_RS07385,SYNPCC7002_RS12945,0.0917318922216437
SYNPCC7002_RS04780,SYNPCC7002_RS11135,0.0917162842039408
SYNPCC7002_RS01335,SYNPCC7002_RS14905,0.0917009006756942
SYNPCC7002_RS04650,SYNPCC7002_RS09285,0.0916967042335674
SYNPCC7002_RS01335,SYNPCC7002_RS09235,0.091693309194543
SYNPCC7002_RS12105,SYNPCC7002_RS11935,0.0916810311111141
SYNPCC7002_RS04250,SYNPCC7002_RS01400,0.0916802114231152
SYNPCC7002_RS01420,SYNPCC7002_RS01785,0.0916798189461317
SYNPCC7002_RS09630,SYNPCC7002_RS15850,0.0916723119999558
SYNPCC7002_RS04890,SYNPCC7002_RS09035,0.0916718019041457
SYNPCC7002_RS07295,SYNPCC7002_RS15555,0.0916576877671368
SYNPCC7002_RS06540,SYNPCC7002_RS12750,0.0916553751066034
SYNPCC7002_RS09820,SYNPCC7002_RS01015,0.0916479791315505
SYNPCC7002_RS01335,SYNPCC7002_RS10525,0.0916418114197472
SYNPCC7002_RS09820,SYNPCC7002_RS06010,0.0916263599780697
SYNPCC7002_RS05135,SYNPCC7002_RS00530,0.0916198128754701
SYNPCC7002_RS04890,SYNPCC7002_RS01580,0.0916185941256425
SYNPCC7002_RS05460,SYNPCC7002_RS04760,0.0916179416940249
SYNPCC7002_RS05135,SYNPCC7002_RS06330,0.0915968243601407
SYNPCC7002_RS00260,SYNPCC7002_RS13500,0.0915921031276955
SYNPCC7002_RS08965,SYNPCC7002_RS13645,0.0915899633182468
SYNPCC7002_RS15520,SYNPCC7002_RS13910,0.0915758257159338
SYNPCC7002_RS04250,SYNPCC7002_RS01185,0.0915745923067359
SYNPCC7002_RS04890,SYNPCC7002_RS03290,0.0915711532763856
SYNPCC7002_RS02715,SYNPCC7002_RS05655,0.0915589453371529
SYNPCC7002_RS07385,SYNPCC7002_RS03455,0.091555653986865
SYNPCC7002_RS08965,SYNPCC7002_RS11215,0.0915405676648825
SYNPCC7002_RS16320,SYNPCC7002_RS15875,0.0915365048015185
SYNPCC7002_RS05135,SYNPCC7002_RS10925,0.0915297028807647
SYNPCC7002_RS05460,SYNPCC7002_RS04430,0.0915287190365866
SYNPCC7002_RS05135,SYNPCC7002_RS08010,0.0915269572414564
SYNPCC7002_RS02715,SYNPCC7002_RS10570,0.0915069405320983
SYNPCC7002_RS09995,SYNPCC7002_RS08850,0.0915033025489277
SYNPCC7002_RS05985,SYNPCC7002_RS13330,0.0914456251727667
SYNPCC7002_RS10050,SYNPCC7002_RS10950,0.0914337475067899
SYNPCC7002_RS00050,SYNPCC7002_RS06470,0.091427047537065
SYNPCC7002_RS08175,SYNPCC7002_RS06440,0.0914186751565638
SYNPCC7002_RS09320,SYNPCC7002_RS08965,0.0914069382606741
SYNPCC7002_RS04250,SYNPCC7002_RS10895,0.0914044292365248
SYNPCC7002_RS05135,SYNPCC7002_RS00370,0.091396693217697
SYNPCC7002_RS10050,SYNPCC7002_RS01945,0.0913664123657251
SYNPCC7002_RS09780,SYNPCC7002_RS04380,0.0913542692886353
SYNPCC7002_RS02715,SYNPCC7002_RS17155,0.0913516141474055
SYNPCC7002_RS05460,SYNPCC7002_RS08040,0.0913493513878298
SYNPCC7002_RS05985,SYNPCC7002_RS13835,0.0913300053166711
SYNPCC7002_RS16320,SYNPCC7002_RS13175,0.0913250853968424
SYNPCC7002_RS04780,SYNPCC7002_RS01615,0.0913154895519706
SYNPCC7002_RS04780,SYNPCC7002_RS04720,0.091300015071327
SYNPCC7002_RS11400,SYNPCC7002_RS00520,0.091280125503382
SYNPCC7002_RS01335,SYNPCC7002_RS10085,0.0912753416562461
SYNPCC7002_RS01420,SYNPCC7002_RS08555,0.0912740666542463
SYNPCC7002_RS00260,SYNPCC7002_RS09615,0.0912513408490367
SYNPCC7002_RS12395,SYNPCC7002_RS07750,0.0912330883925932
SYNPCC7002_RS10050,SYNPCC7002_RS04305,0.0912284871091487
SYNPCC7002_RS09175,SYNPCC7002_RS14720,0.0912165105562572
SYNPCC7002_RS09995,SYNPCC7002_RS01860,0.0912044028294982
SYNPCC7002_RS05460,SYNPCC7002_RS14855,0.0911790762759952
SYNPCC7002_RS04780,SYNPCC7002_RS00210,0.0911718737154895
SYNPCC7002_RS05135,SYNPCC7002_RS05175,0.0911717878494581
SYNPCC7002_RS10050,SYNPCC7002_RS04130,0.0911701267854444
SYNPCC7002_RS09780,SYNPCC7002_RS05020,0.0911675121490654
SYNPCC7002_RS02455,SYNPCC7002_RS03000,0.0911637088999519
SYNPCC7002_RS11400,SYNPCC7002_RS09230,0.0911577979849847
SYNPCC7002_RS12395,SYNPCC7002_RS03390,0.0911360231451933
SYNPCC7002_RS09320,SYNPCC7002_RS08950,0.0911298680322069
SYNPCC7002_RS03030,SYNPCC7002_RS11085,0.0911199149709734
SYNPCC7002_RS10145,SYNPCC7002_RS15745,0.0910964008025882
SYNPCC7002_RS12395,SYNPCC7002_RS10275,0.0910854841122106
SYNPCC7002_RS01800,SYNPCC7002_RS06045,0.0910836587722356
SYNPCC7002_RS09820,SYNPCC7002_RS12935,0.0910658555687734
SYNPCC7002_RS14790,SYNPCC7002_RS04665,0.0910655389822381
SYNPCC7002_RS04680,SYNPCC7002_RS15925,0.0910535914855206
SYNPCC7002_RS16160,SYNPCC7002_RS16060,0.0910460312691642
SYNPCC7002_RS07385,SYNPCC7002_RS04750,0.0910416814333826
SYNPCC7002_RS11685,SYNPCC7002_RS02100,0.0910374267218756
SYNPCC7002_RS05460,SYNPCC7002_RS16830,0.0910207661281744
SYNPCC7002_RS06540,SYNPCC7002_RS12875,0.0910105022770362
SYNPCC7002_RS08390,SYNPCC7002_RS12080,0.0910047730317914
SYNPCC7002_RS02715,SYNPCC7002_RS03675,0.0910042322942076
SYNPCC7002_RS09820,SYNPCC7002_RS10710,0.0910038898120065
SYNPCC7002_RS11685,SYNPCC7002_RS08660,0.0909796161383511
SYNPCC7002_RS08965,SYNPCC7002_RS02690,0.0909777775240646
SYNPCC7002_RS09630,SYNPCC7002_RS09240,0.0909672801918613
SYNPCC7002_RS03030,SYNPCC7002_RS07315,0.0909672757104314
SYNPCC7002_RS15680,SYNPCC7002_RS06555,0.0909663937870559
SYNPCC7002_RS01335,SYNPCC7002_RS02030,0.0909432742470801
SYNPCC7002_RS02715,SYNPCC7002_RS09165,0.0909198489386528
SYNPCC7002_RS08965,SYNPCC7002_RS13470,0.0909188196891599
SYNPCC7002_RS01335,SYNPCC7002_RS06110,0.090915470249623
SYNPCC7002_RS15520,SYNPCC7002_RS15445,0.0909115781314853
SYNPCC7002_RS01420,SYNPCC7002_RS07140,0.0909052163302466
SYNPCC7002_RS02455,SYNPCC7002_RS05855,0.0908931274086594
SYNPCC7002_RS05135,SYNPCC7002_RS06050,0.0908863642302372
SYNPCC7002_RS12395,SYNPCC7002_RS17230,0.0908751640286456
SYNPCC7002_RS09320,SYNPCC7002_RS01750,0.0908657980965433
SYNPCC7002_RS15255,SYNPCC7002_RS16655,0.0908568718927213
SYNPCC7002_RS15410,SYNPCC7002_RS08330,0.0908372567205238
SYNPCC7002_RS02715,SYNPCC7002_RS06010,0.090833534039346
SYNPCC7002_RS08965,SYNPCC7002_RS10440,0.0907799931729018
SYNPCC7002_RS00650,SYNPCC7002_RS13575,0.0907751749740834
SYNPCC7002_RS08255,SYNPCC7002_RS15350,0.0907664905021913
SYNPCC7002_RS09630,SYNPCC7002_RS08435,0.0907653828620307
SYNPCC7002_RS00050,SYNPCC7002_RS16440,0.0907652126555163
SYNPCC7002_RS04250,SYNPCC7002_RS04400,0.0907647046334665
SYNPCC7002_RS08965,SYNPCC7002_RS10730,0.0907547406392198
SYNPCC7002_RS08390,SYNPCC7002_RS12970,0.0907480571655209
SYNPCC7002_RS09820,SYNPCC7002_RS14855,0.0907460799500818
SYNPCC7002_RS03760,SYNPCC7002_RS11895,0.0907430644261777
SYNPCC7002_RS14440,SYNPCC7002_RS14470,0.0907428471686512
SYNPCC7002_RS09260,SYNPCC7002_RS03965,0.0907365244344682
SYNPCC7002_RS06540,SYNPCC7002_RS04780,0.0907160303555335
SYNPCC7002_RS08965,SYNPCC7002_RS04465,0.0907138935744365
SYNPCC7002_RS12090,SYNPCC7002_RS14690,0.0906986828615699
SYNPCC7002_RS04890,SYNPCC7002_RS01585,0.0906932485305344
SYNPCC7002_RS09820,SYNPCC7002_RS01940,0.090685321040393
SYNPCC7002_RS03950,SYNPCC7002_RS14775,0.0906764039595435
SYNPCC7002_RS08175,SYNPCC7002_RS03400,0.0906709430253213
SYNPCC7002_RS08945,SYNPCC7002_RS03760,0.090670595986526
SYNPCC7002_RS00650,SYNPCC7002_RS06560,0.0906696054092619
SYNPCC7002_RS09820,SYNPCC7002_RS08810,0.090667940153843
SYNPCC7002_RS04250,SYNPCC7002_RS17215,0.0906572115504164
SYNPCC7002_RS06150,SYNPCC7002_RS07150,0.0906565164846116
SYNPCC7002_RS06150,SYNPCC7002_RS07430,0.0906517196063611
SYNPCC7002_RS04890,SYNPCC7002_RS05140,0.0906314204819455
SYNPCC7002_RS08390,SYNPCC7002_RS13165,0.0906298527033016
SYNPCC7002_RS12395,SYNPCC7002_RS10595,0.0906227954371073
SYNPCC7002_RS04680,SYNPCC7002_RS00235,0.0906094221111014
SYNPCC7002_RS00640,SYNPCC7002_RS14845,0.0905981583122396
SYNPCC7002_RS06150,SYNPCC7002_RS12195,0.0905711313949126
SYNPCC7002_RS14440,SYNPCC7002_RS16785,0.0905678155459937
SYNPCC7002_RS15520,SYNPCC7002_RS05565,0.0905628539887258
SYNPCC7002_RS03030,SYNPCC7002_RS06945,0.0905607761252024
SYNPCC7002_RS15255,SYNPCC7002_RS01235,0.09054557258927
SYNPCC7002_RS10050,SYNPCC7002_RS15485,0.0905288239226395
SYNPCC7002_RS08965,SYNPCC7002_RS01225,0.090526430604914
SYNPCC7002_RS00050,SYNPCC7002_RS02265,0.0905262749835474
SYNPCC7002_RS15410,SYNPCC7002_RS16900,0.0905249797911945
SYNPCC7002_RS15255,SYNPCC7002_RS14645,0.0905021656577895
SYNPCC7002_RS02715,SYNPCC7002_RS16575,0.0904990836211709
SYNPCC7002_RS12105,SYNPCC7002_RS12775,0.0904841352973236
SYNPCC7002_RS01420,SYNPCC7002_RS05245,0.0904835307942791
SYNPCC7002_RS14790,SYNPCC7002_RS02070,0.0904768184376805
SYNPCC7002_RS04250,SYNPCC7002_RS11120,0.090474604045432
SYNPCC7002_RS05460,SYNPCC7002_RS15180,0.090474358809302
SYNPCC7002_RS08390,SYNPCC7002_RS09070,0.0904574516041349
SYNPCC7002_RS08210,SYNPCC7002_RS10470,0.0904498911986345
SYNPCC7002_RS15680,SYNPCC7002_RS16060,0.0904481053866647
SYNPCC7002_RS11685,SYNPCC7002_RS12850,0.0904435216953114
SYNPCC7002_RS04680,SYNPCC7002_RS15190,0.0904420355714455
SYNPCC7002_RS02715,SYNPCC7002_RS05210,0.090439526236708
SYNPCC7002_RS05135,SYNPCC7002_RS06080,0.0904374540400638
SYNPCC7002_RS00650,SYNPCC7002_RS00655,0.0904341393463461
SYNPCC7002_RS09630,SYNPCC7002_RS14525,0.090416649248851
SYNPCC7002_RS00650,SYNPCC7002_RS09995,0.0904143510271163
SYNPCC7002_RS08965,SYNPCC7002_RS11220,0.0904141873804385
SYNPCC7002_RS09780,SYNPCC7002_RS04525,0.090411418298759
SYNPCC7002_RS09260,SYNPCC7002_RS02475,0.0903987375862504
SYNPCC7002_RS12395,SYNPCC7002_RS05235,0.0903958975229792
SYNPCC7002_RS05460,SYNPCC7002_RS14420,0.0903912201374566
SYNPCC7002_RS09995,SYNPCC7002_RS11390,0.0903895758481654
SYNPCC7002_RS15720,SYNPCC7002_RS15330,0.090387738386075
SYNPCC7002_RS09780,SYNPCC7002_RS16075,0.0903790430229417
SYNPCC7002_RS06150,SYNPCC7002_RS15765,0.0903537478055828
SYNPCC7002_RS01420,SYNPCC7002_RS07535,0.0903444137531286
SYNPCC7002_RS09995,SYNPCC7002_RS01385,0.0903406077702048
SYNPCC7002_RS07295,SYNPCC7002_RS07305,0.0903314844830643
SYNPCC7002_RS04890,SYNPCC7002_RS08190,0.090325651799809
SYNPCC7002_RS15995,SYNPCC7002_RS10800,0.0903230354620694
SYNPCC7002_RS12090,SYNPCC7002_RS08470,0.0903201947420958
SYNPCC7002_RS09320,SYNPCC7002_RS12415,0.0903158817336892
SYNPCC7002_RS09780,SYNPCC7002_RS02605,0.0902777796826275
SYNPCC7002_RS09630,SYNPCC7002_RS09000,0.0902662650720199
SYNPCC7002_RS04650,SYNPCC7002_RS08660,0.09026414388361
SYNPCC7002_RS04650,SYNPCC7002_RS11140,0.0902628487722152
SYNPCC7002_RS08965,SYNPCC7002_RS08425,0.0902451741050247
SYNPCC7002_RS14790,SYNPCC7002_RS01635,0.0902392191934049
SYNPCC7002_RS06540,SYNPCC7002_RS10065,0.0902364866033013
SYNPCC7002_RS09995,SYNPCC7002_RS10600,0.0902329622399029
SYNPCC7002_RS04650,SYNPCC7002_RS05385,0.090220817348217
SYNPCC7002_RS15030,SYNPCC7002_RS14975,0.0902156750694547
SYNPCC7002_RS05135,SYNPCC7002_RS04565,0.0902118399843359
SYNPCC7002_RS08390,SYNPCC7002_RS17050,0.090205938108489
SYNPCC7002_RS12395,SYNPCC7002_RS12805,0.0902033361050407
SYNPCC7002_RS12395,SYNPCC7002_RS00455,0.0901897640006532
SYNPCC7002_RS04780,SYNPCC7002_RS06875,0.0901789218212846
SYNPCC7002_RS09320,SYNPCC7002_RS00470,0.0901710841340442
SYNPCC7002_RS01800,SYNPCC7002_RS09360,0.0901660447357899
SYNPCC7002_RS11400,SYNPCC7002_RS12780,0.0901539439163414
SYNPCC7002_RS07385,SYNPCC7002_RS13025,0.0901499831836671
SYNPCC7002_RS14790,SYNPCC7002_RS11470,0.0901343600856908
SYNPCC7002_RS00640,SYNPCC7002_RS06665,0.0901215796975596
SYNPCC7002_RS05135,SYNPCC7002_RS15055,0.0901143497470089
SYNPCC7002_RS04890,SYNPCC7002_RS10040,0.0901112113661473
SYNPCC7002_RS08210,SYNPCC7002_RS02690,0.0901099797076078
SYNPCC7002_RS04650,SYNPCC7002_RS08360,0.0900988865637954
SYNPCC7002_RS05985,SYNPCC7002_RS04850,0.0900645592157145
SYNPCC7002_RS12395,SYNPCC7002_RS06720,0.0900566013302583
SYNPCC7002_RS04780,SYNPCC7002_RS04630,0.0900523177354258
SYNPCC7002_RS01335,SYNPCC7002_RS12880,0.0900489321443444
SYNPCC7002_RS08390,SYNPCC7002_RS07420,0.0900338102436791
SYNPCC7002_RS05460,SYNPCC7002_RS14505,0.0900174680239591
SYNPCC7002_RS01335,SYNPCC7002_RS15280,0.0900159023381393
SYNPCC7002_RS04650,SYNPCC7002_RS10865,0.0900043961397057
SYNPCC7002_RS01085,SYNPCC7002_RS12470,0.0900040178447092
SYNPCC7002_RS08965,SYNPCC7002_RS04695,0.0900014220218292
SYNPCC7002_RS15255,SYNPCC7002_RS08980,0.0899966576481082
SYNPCC7002_RS08255,SYNPCC7002_RS07055,0.0899849615616457
SYNPCC7002_RS04680,SYNPCC7002_RS02695,0.0899837967396269
SYNPCC7002_RS03030,SYNPCC7002_RS03025,0.0899806499761034
SYNPCC7002_RS08945,SYNPCC7002_RS09115,0.089977609000956
SYNPCC7002_RS05135,SYNPCC7002_RS08660,0.0899770257250125
SYNPCC7002_RS10050,SYNPCC7002_RS04410,0.0899737849654287
SYNPCC7002_RS16320,SYNPCC7002_RS15325,0.0899524802752576
SYNPCC7002_RS15410,SYNPCC7002_RS14910,0.0899519715793921
SYNPCC7002_RS00640,SYNPCC7002_RS16330,0.0899485889955713
SYNPCC7002_RS15255,SYNPCC7002_RS16320,0.0899463002877352
SYNPCC7002_RS01335,SYNPCC7002_RS14850,0.0899299497576061
SYNPCC7002_RS12395,SYNPCC7002_RS00305,0.0899216883959889
SYNPCC7002_RS06540,SYNPCC7002_RS00210,0.0899208996909411
SYNPCC7002_RS05985,SYNPCC7002_RS03785,0.0898756006878967
SYNPCC7002_RS08175,SYNPCC7002_RS08430,0.0898712062342295
SYNPCC7002_RS04890,SYNPCC7002_RS11325,0.0898704387303699
SYNPCC7002_RS06540,SYNPCC7002_RS11225,0.0898697860565244
SYNPCC7002_RS05985,SYNPCC7002_RS16440,0.0898689918925616
SYNPCC7002_RS09820,SYNPCC7002_RS09985,0.0898650881012125
SYNPCC7002_RS04650,SYNPCC7002_RS08060,0.0898444170947377
SYNPCC7002_RS09630,SYNPCC7002_RS06610,0.0898430430202184
SYNPCC7002_RS09630,SYNPCC7002_RS06325,0.0898381953049729
SYNPCC7002_RS09630,SYNPCC7002_RS16950,0.089830131890663
SYNPCC7002_RS14790,SYNPCC7002_RS05345,0.0898240031831583
SYNPCC7002_RS15720,SYNPCC7002_RS15320,0.0898236964353776
SYNPCC7002_RS04650,SYNPCC7002_RS06285,0.089801702830042
SYNPCC7002_RS08965,SYNPCC7002_RS04955,0.0897923964639221
SYNPCC7002_RS12090,SYNPCC7002_RS05485,0.0897886083044544
SYNPCC7002_RS05135,SYNPCC7002_RS05205,0.0897836026497709
SYNPCC7002_RS12395,SYNPCC7002_RS00530,0.0897655896161764
SYNPCC7002_RS03295,SYNPCC7002_RS12885,0.0897616820667605
SYNPCC7002_RS12395,SYNPCC7002_RS11095,0.0897553276464058
SYNPCC7002_RS02715,SYNPCC7002_RS13885,0.0897508909063785
SYNPCC7002_RS08175,SYNPCC7002_RS10410,0.0897466255363879
SYNPCC7002_RS11400,SYNPCC7002_RS11395,0.0897452562041069
SYNPCC7002_RS04890,SYNPCC7002_RS05130,0.0897435208309643
SYNPCC7002_RS08210,SYNPCC7002_RS13575,0.0897399148564954
SYNPCC7002_RS04890,SYNPCC7002_RS04845,0.0897360043396483
SYNPCC7002_RS10050,SYNPCC7002_RS15065,0.0897283611015847
SYNPCC7002_RS12395,SYNPCC7002_RS05295,0.0897218388702027
SYNPCC7002_RS00690,SYNPCC7002_RS10535,0.0897133654686836
SYNPCC7002_RS08860,SYNPCC7002_RS12565,0.0897015640528254
SYNPCC7002_RS12515,SYNPCC7002_RS10035,0.0896924546055152
SYNPCC7002_RS08965,SYNPCC7002_RS02445,0.0896807115701623
SYNPCC7002_RS04890,SYNPCC7002_RS05835,0.0896649480780852
SYNPCC7002_RS07385,SYNPCC7002_RS02720,0.0896623691712748
SYNPCC7002_RS12395,SYNPCC7002_RS10920,0.0896560664666893
SYNPCC7002_RS08390,SYNPCC7002_RS16620,0.0896417416251865
SYNPCC7002_RS08965,SYNPCC7002_RS06300,0.0896317468038435
SYNPCC7002_RS04680,SYNPCC7002_RS04355,0.0896172940258809
SYNPCC7002_RS12395,SYNPCC7002_RS11585,0.0896103062452214
SYNPCC7002_RS11400,SYNPCC7002_RS01295,0.0896092310209345
SYNPCC7002_RS05135,SYNPCC7002_RS05390,0.0895912291504374
SYNPCC7002_RS12395,SYNPCC7002_RS01755,0.0895888059377878
SYNPCC7002_RS10050,SYNPCC7002_RS13080,0.0895381753083421
SYNPCC7002_RS10050,SYNPCC7002_RS00875,0.0895294703605019
SYNPCC7002_RS04650,SYNPCC7002_RS09885,0.0895097463969733
SYNPCC7002_RS00010,SYNPCC7002_RS05465,0.0895052752830018
SYNPCC7002_RS09175,SYNPCC7002_RS02390,0.0895017841529431
SYNPCC7002_RS01335,SYNPCC7002_RS05885,0.0894678773926853
SYNPCC7002_RS08965,SYNPCC7002_RS01355,0.0894431844876449
SYNPCC7002_RS09820,SYNPCC7002_RS04940,0.0894300884786079
SYNPCC7002_RS01085,SYNPCC7002_RS14060,0.0894173780808254
SYNPCC7002_RS01800,SYNPCC7002_RS00030,0.0894140894479637
SYNPCC7002_RS08945,SYNPCC7002_RS12910,0.0894094764283867
SYNPCC7002_RS08175,SYNPCC7002_RS03870,0.0894086623349794
SYNPCC7002_RS03760,SYNPCC7002_RS11080,0.0894079786011681
SYNPCC7002_RS14790,SYNPCC7002_RS08500,0.0893909918415091
SYNPCC7002_RS10050,SYNPCC7002_RS07725,0.0893861081069832
SYNPCC7002_RS04780,SYNPCC7002_RS02760,0.0893725829278721
SYNPCC7002_RS09995,SYNPCC7002_RS14700,0.0893616562710137
SYNPCC7002_RS01800,SYNPCC7002_RS11870,0.089349857827058
SYNPCC7002_RS08255,SYNPCC7002_RS09990,0.0893485393715322
SYNPCC7002_RS04890,SYNPCC7002_RS07585,0.0893466597146259
SYNPCC7002_RS15255,SYNPCC7002_RS15880,0.0893430202820245
SYNPCC7002_RS06540,SYNPCC7002_RS12620,0.0893363270193887
SYNPCC7002_RS15255,SYNPCC7002_RS04135,0.0893276907926922
SYNPCC7002_RS05460,SYNPCC7002_RS00580,0.0893276722297964
SYNPCC7002_RS04250,SYNPCC7002_RS10225,0.0893270918540751
SYNPCC7002_RS09780,SYNPCC7002_RS06885,0.0893168939141464
SYNPCC7002_RS12395,SYNPCC7002_RS12440,0.0893164925067978
SYNPCC7002_RS09995,SYNPCC7002_RS08480,0.0893126882184485
SYNPCC7002_RS01800,SYNPCC7002_RS12450,0.0893096880793862
SYNPCC7002_RS05985,SYNPCC7002_RS00175,0.0892882641424149
SYNPCC7002_RS08965,SYNPCC7002_RS14605,0.0892780836790208
SYNPCC7002_RS09780,SYNPCC7002_RS16470,0.0892703757783898
SYNPCC7002_RS10050,SYNPCC7002_RS06585,0.0892612046709946
SYNPCC7002_RS04890,SYNPCC7002_RS03275,0.0892612045768442
SYNPCC7002_RS08390,SYNPCC7002_RS08165,0.0892604846099795
SYNPCC7002_RS05135,SYNPCC7002_RS16750,0.0892595600683949
SYNPCC7002_RS05460,SYNPCC7002_RS08890,0.0892487951518572
SYNPCC7002_RS05135,SYNPCC7002_RS08295,0.0892454110111302
SYNPCC7002_RS12515,SYNPCC7002_RS06425,0.0892439704472602
SYNPCC7002_RS09780,SYNPCC7002_RS07575,0.0892429708089283
SYNPCC7002_RS08860,SYNPCC7002_RS09385,0.0892087795628122
SYNPCC7002_RS12395,SYNPCC7002_RS03520,0.0892054733249286
SYNPCC7002_RS02715,SYNPCC7002_RS04915,0.0891757307249023
SYNPCC7002_RS11400,SYNPCC7002_RS01610,0.0891728367985699
SYNPCC7002_RS12395,SYNPCC7002_RS17005,0.0891679127558734
SYNPCC7002_RS05985,SYNPCC7002_RS08230,0.0891372811161656
SYNPCC7002_RS15680,SYNPCC7002_RS09310,0.0891340076303152
SYNPCC7002_RS09630,SYNPCC7002_RS00695,0.0891328439476631
SYNPCC7002_RS03030,SYNPCC7002_RS12835,0.0891145008417339
SYNPCC7002_RS05985,SYNPCC7002_RS05760,0.0890924423274135
SYNPCC7002_RS15255,SYNPCC7002_RS15335,0.0890696489698417
SYNPCC7002_RS09320,SYNPCC7002_RS16005,0.0890570170111712
SYNPCC7002_RS00650,SYNPCC7002_RS09490,0.08905579113848
SYNPCC7002_RS07385,SYNPCC7002_RS11740,0.0890305170576314
SYNPCC7002_RS05985,SYNPCC7002_RS11535,0.0890303896314988
SYNPCC7002_RS04250,SYNPCC7002_RS05475,0.0890220923107891
SYNPCC7002_RS10050,SYNPCC7002_RS02465,0.0890174730872066
SYNPCC7002_RS15520,SYNPCC7002_RS09550,0.0890160030622057
SYNPCC7002_RS14790,SYNPCC7002_RS05325,0.0890130825162649
SYNPCC7002_RS01335,SYNPCC7002_RS10375,0.0890124417549945
SYNPCC7002_RS10050,SYNPCC7002_RS09865,0.0889997358524606
SYNPCC7002_RS08965,SYNPCC7002_RS04450,0.0889984989673687
SYNPCC7002_RS09845,SYNPCC7002_RS06770,0.0889774105890105
SYNPCC7002_RS06150,SYNPCC7002_RS13695,0.0889754790294653
SYNPCC7002_RS08390,SYNPCC7002_RS09820,0.0889696724514167
SYNPCC7002_RS00650,SYNPCC7002_RS03820,0.088943280542934
SYNPCC7002_RS02715,SYNPCC7002_RS05730,0.0889390902968986
SYNPCC7002_RS10050,SYNPCC7002_RS12440,0.088936345198019
SYNPCC7002_RS09320,SYNPCC7002_RS06140,0.0889132413493345
SYNPCC7002_RS14440,SYNPCC7002_RS14335,0.0889123155132226
SYNPCC7002_RS09845,SYNPCC7002_RS05890,0.0889086350235446
SYNPCC7002_RS04680,SYNPCC7002_RS08495,0.0889057209504827
SYNPCC7002_RS04780,SYNPCC7002_RS13335,0.0889046404010561
SYNPCC7002_RS11685,SYNPCC7002_RS10920,0.0888996542508166
SYNPCC7002_RS01800,SYNPCC7002_RS02460,0.0888691428107486
SYNPCC7002_RS10050,SYNPCC7002_RS05210,0.0888622101295019
SYNPCC7002_RS14385,SYNPCC7002_RS14445,0.0888467502011827
SYNPCC7002_RS02455,SYNPCC7002_RS14185,0.0888343588312829
SYNPCC7002_RS05135,SYNPCC7002_RS02405,0.0888281352399393
SYNPCC7002_RS05460,SYNPCC7002_RS04940,0.088819244550716
SYNPCC7002_RS08965,SYNPCC7002_RS11830,0.0888073600719449
SYNPCC7002_RS16320,SYNPCC7002_RS06850,0.0888018070201213
SYNPCC7002_RS09820,SYNPCC7002_RS01410,0.0887999855151229
SYNPCC7002_RS15680,SYNPCC7002_RS06615,0.0887916360210294
SYNPCC7002_RS12395,SYNPCC7002_RS15055,0.0887817303712541
SYNPCC7002_RS01085,SYNPCC7002_RS00805,0.0887705859115961
SYNPCC7002_RS03030,SYNPCC7002_RS00055,0.0887677532409163
SYNPCC7002_RS01420,SYNPCC7002_RS05310,0.0887367391990791
SYNPCC7002_RS12395,SYNPCC7002_RS07490,0.0887337103321607
SYNPCC7002_RS00640,SYNPCC7002_RS01240,0.0887325469182771
SYNPCC7002_RS01085,SYNPCC7002_RS10655,0.0887208805620417
SYNPCC7002_RS03030,SYNPCC7002_RS09265,0.0887069590093409
SYNPCC7002_RS00650,SYNPCC7002_RS11700,0.0886986456028538
SYNPCC7002_RS05135,SYNPCC7002_RS02510,0.0886876722343661
SYNPCC7002_RS04680,SYNPCC7002_RS13340,0.0886827630795881
SYNPCC7002_RS11685,SYNPCC7002_RS01510,0.088678247899146
SYNPCC7002_RS06540,SYNPCC7002_RS11940,0.0886674422339883
SYNPCC7002_RS08390,SYNPCC7002_RS02375,0.0886661139707327
SYNPCC7002_RS12395,SYNPCC7002_RS12145,0.0886267968187054
SYNPCC7002_RS09780,SYNPCC7002_RS12145,0.0886176016868167
SYNPCC7002_RS00640,SYNPCC7002_RS15180,0.0886113281677008
SYNPCC7002_RS02715,SYNPCC7002_RS13190,0.0886059826947311
SYNPCC7002_RS16160,SYNPCC7002_RS16670,0.0886046642320734
SYNPCC7002_RS04890,SYNPCC7002_RS08305,0.0886041259879974
SYNPCC7002_RS04680,SYNPCC7002_RS00300,0.0885981508502633
SYNPCC7002_RS04780,SYNPCC7002_RS02590,0.0885913777828381
SYNPCC7002_RS15520,SYNPCC7002_RS16030,0.0885713553300082
SYNPCC7002_RS09995,SYNPCC7002_RS09075,0.0885513552604019
SYNPCC7002_RS06150,SYNPCC7002_RS06405,0.0885282917173248
SYNPCC7002_RS12395,SYNPCC7002_RS00730,0.0885240027963262
SYNPCC7002_RS04890,SYNPCC7002_RS04565,0.0885165657629006
SYNPCC7002_RS01420,SYNPCC7002_RS05280,0.0885135311876087
SYNPCC7002_RS05985,SYNPCC7002_RS08265,0.0884951134405637
SYNPCC7002_RS09820,SYNPCC7002_RS06915,0.0884906102552282
SYNPCC7002_RS04680,SYNPCC7002_RS01810,0.0884775047134862
SYNPCC7002_RS02715,SYNPCC7002_RS05375,0.0884763448857862
SYNPCC7002_RS09260,SYNPCC7002_RS16055,0.0884570698800977
SYNPCC7002_RS05460,SYNPCC7002_RS06325,0.0884567992188754
SYNPCC7002_RS05135,SYNPCC7002_RS02805,0.0884524527967123
SYNPCC7002_RS08390,SYNPCC7002_RS03220,0.0884251908939268
SYNPCC7002_RS05135,SYNPCC7002_RS10130,0.0884221793774693
SYNPCC7002_RS12395,SYNPCC7002_RS04475,0.0884180989580539
SYNPCC7002_RS15680,SYNPCC7002_RS15605,0.0884154249776335
SYNPCC7002_RS05985,SYNPCC7002_RS04590,0.0883949393321358
SYNPCC7002_RS01420,SYNPCC7002_RS05955,0.0883747545293067
SYNPCC7002_RS00050,SYNPCC7002_RS03530,0.0883699862298656
SYNPCC7002_RS04890,SYNPCC7002_RS14245,0.0883531087189609
SYNPCC7002_RS04650,SYNPCC7002_RS02100,0.0883524391211491
SYNPCC7002_RS09820,SYNPCC7002_RS12995,0.0883485216626305
SYNPCC7002_RS01420,SYNPCC7002_RS09430,0.0883470757596154
SYNPCC7002_RS08390,SYNPCC7002_RS11810,0.0883458949970146
SYNPCC7002_RS10050,SYNPCC7002_RS14750,0.0883387085559532
SYNPCC7002_RS10050,SYNPCC7002_RS04370,0.0883349252864556
SYNPCC7002_RS06150,SYNPCC7002_RS15190,0.0883307532245647
SYNPCC7002_RS01420,SYNPCC7002_RS05250,0.0883083298595023
SYNPCC7002_RS09320,SYNPCC7002_RS12055,0.0882980285231013
SYNPCC7002_RS09845,SYNPCC7002_RS00800,0.0882928064732032
SYNPCC7002_RS02715,SYNPCC7002_RS08045,0.0882857823284166
SYNPCC7002_RS01335,SYNPCC7002_RS15555,0.0882680892703788
SYNPCC7002_RS14385,SYNPCC7002_RS14455,0.088259353262389
SYNPCC7002_RS04650,SYNPCC7002_RS10330,0.0882538288140026
SYNPCC7002_RS05135,SYNPCC7002_RS08780,0.0882418537755445
SYNPCC7002_RS16320,SYNPCC7002_RS04165,0.0882411804144137
SYNPCC7002_RS01800,SYNPCC7002_RS01340,0.0882292711321926
SYNPCC7002_RS05135,SYNPCC7002_RS10980,0.0882292688132134
SYNPCC7002_RS09820,SYNPCC7002_RS13345,0.0882173934423273
SYNPCC7002_RS07385,SYNPCC7002_RS07160,0.0882172222081347
SYNPCC7002_RS08965,SYNPCC7002_RS00520,0.0882120734116908
SYNPCC7002_RS16320,SYNPCC7002_RS13180,0.0882116194893321
SYNPCC7002_RS08210,SYNPCC7002_RS14740,0.0882076234426908
SYNPCC7002_RS08965,SYNPCC7002_RS13890,0.0882045414243769
SYNPCC7002_RS04890,SYNPCC7002_RS08820,0.0882012798709314
SYNPCC7002_RS04650,SYNPCC7002_RS04895,0.0881950502089126
SYNPCC7002_RS05135,SYNPCC7002_RS15090,0.0881877658711135
SYNPCC7002_RS12395,SYNPCC7002_RS04245,0.0881803703025858
SYNPCC7002_RS12395,SYNPCC7002_RS05600,0.0881767751425407
SYNPCC7002_RS09630,SYNPCC7002_RS11825,0.0881714265905157
SYNPCC7002_RS05135,SYNPCC7002_RS13745,0.0881711197104056
SYNPCC7002_RS12395,SYNPCC7002_RS14010,0.0881474987760895
SYNPCC7002_RS15255,SYNPCC7002_RS11465,0.0881431320037008
SYNPCC7002_RS08965,SYNPCC7002_RS10180,0.0881420584280505
SYNPCC7002_RS08945,SYNPCC7002_RS06285,0.0881365699729548
SYNPCC7002_RS00260,SYNPCC7002_RS09060,0.0881254103052363
SYNPCC7002_RS09320,SYNPCC7002_RS12380,0.0881218360180407
SYNPCC7002_RS05460,SYNPCC7002_RS02185,0.0881153361533983
SYNPCC7002_RS08255,SYNPCC7002_RS00675,0.0881121539495345
SYNPCC7002_RS07385,SYNPCC7002_RS01670,0.0881119949829924
SYNPCC7002_RS09320,SYNPCC7002_RS13890,0.0881064968017164
SYNPCC7002_RS04890,SYNPCC7002_RS04475,0.0881054454998141
SYNPCC7002_RS15255,SYNPCC7002_RS11985,0.0880966082406488
SYNPCC7002_RS03760,SYNPCC7002_RS03130,0.0880934557803708
SYNPCC7002_RS14440,SYNPCC7002_RS14425,0.0880848064536205
SYNPCC7002_RS04780,SYNPCC7002_RS12290,0.088084705749902
SYNPCC7002_RS00640,SYNPCC7002_RS10195,0.088077744516049
SYNPCC7002_RS15520,SYNPCC7002_RS10620,0.0880752473038662
SYNPCC7002_RS08860,SYNPCC7002_RS08465,0.0880737886453748
SYNPCC7002_RS07385,SYNPCC7002_RS09210,0.0880695580871997
SYNPCC7002_RS12395,SYNPCC7002_RS08780,0.0880652936393008
SYNPCC7002_RS12395,SYNPCC7002_RS16940,0.0880509511078105
SYNPCC7002_RS05135,SYNPCC7002_RS06590,0.0880448938381981
SYNPCC7002_RS10050,SYNPCC7002_RS14455,0.0880440040426742
SYNPCC7002_RS12395,SYNPCC7002_RS03750,0.0880430424174892
SYNPCC7002_RS16320,SYNPCC7002_RS15655,0.0880412204377207
SYNPCC7002_RS12395,SYNPCC7002_RS05550,0.0880377468326445
SYNPCC7002_RS15520,SYNPCC7002_RS11490,0.0880320262663724
SYNPCC7002_RS09320,SYNPCC7002_RS09215,0.0880286846345041
SYNPCC7002_RS07385,SYNPCC7002_RS02985,0.0880265655939366
SYNPCC7002_RS12395,SYNPCC7002_RS05180,0.0880191669069264
SYNPCC7002_RS08390,SYNPCC7002_RS02285,0.088014631686574
SYNPCC7002_RS05460,SYNPCC7002_RS14620,0.0880080619511554
SYNPCC7002_RS05135,SYNPCC7002_RS04010,0.0880052391360446
SYNPCC7002_RS05985,SYNPCC7002_RS00825,0.0880021660219318
SYNPCC7002_RS11400,SYNPCC7002_RS12625,0.0879999651110168
SYNPCC7002_RS03030,SYNPCC7002_RS11880,0.0879971921187484
SYNPCC7002_RS12395,SYNPCC7002_RS10765,0.0879945852550306
SYNPCC7002_RS05460,SYNPCC7002_RS15305,0.0879941601634567
SYNPCC7002_RS11400,SYNPCC7002_RS13870,0.0879927328510469
SYNPCC7002_RS02455,SYNPCC7002_RS10430,0.0879845582688936
SYNPCC7002_RS08965,SYNPCC7002_RS12780,0.0879814760873568
SYNPCC7002_RS00690,SYNPCC7002_RS02645,0.0879753132778055
SYNPCC7002_RS09820,SYNPCC7002_RS06665,0.0879734592397392
SYNPCC7002_RS03030,SYNPCC7002_RS03570,0.0879703103323474
SYNPCC7002_RS00650,SYNPCC7002_RS02260,0.0879581717129866
SYNPCC7002_RS12395,SYNPCC7002_RS11685,0.0879541619590472
SYNPCC7002_RS10050,SYNPCC7002_RS07795,0.0879377862400056
SYNPCC7002_RS12395,SYNPCC7002_RS00170,0.0879371250428336
SYNPCC7002_RS04780,SYNPCC7002_RS05630,0.0879343533838803
SYNPCC7002_RS15410,SYNPCC7002_RS07960,0.0879304911837704
SYNPCC7002_RS04780,SYNPCC7002_RS17065,0.0879303770866606
SYNPCC7002_RS15520,SYNPCC7002_RS01715,0.087923640278519
SYNPCC7002_RS06150,SYNPCC7002_RS06795,0.0879126522616057
SYNPCC7002_RS10050,SYNPCC7002_RS04775,0.087907299399694
SYNPCC7002_RS01800,SYNPCC7002_RS06565,0.0879038189688077
SYNPCC7002_RS00650,SYNPCC7002_RS00120,0.0878835986165494
SYNPCC7002_RS08390,SYNPCC7002_RS13355,0.0878730895649847
SYNPCC7002_RS03030,SYNPCC7002_RS02525,0.0878664427679574
SYNPCC7002_RS12395,SYNPCC7002_RS09580,0.0878658665035865
SYNPCC7002_RS12515,SYNPCC7002_RS15995,0.087861226648199
SYNPCC7002_RS00260,SYNPCC7002_RS02855,0.0878602661784274
SYNPCC7002_RS05460,SYNPCC7002_RS01150,0.0878528322324418
SYNPCC7002_RS03295,SYNPCC7002_RS06305,0.0878349836186017
SYNPCC7002_RS12395,SYNPCC7002_RS00370,0.0878310729303358
SYNPCC7002_RS09820,SYNPCC7002_RS10810,0.0878126171469007
SYNPCC7002_RS05135,SYNPCC7002_RS00425,0.0878125465140172
SYNPCC7002_RS08860,SYNPCC7002_RS10390,0.0878052564165326
SYNPCC7002_RS04890,SYNPCC7002_RS11585,0.0878026662358445
SYNPCC7002_RS11400,SYNPCC7002_RS14175,0.0878019853286735
SYNPCC7002_RS06150,SYNPCC7002_RS00950,0.0878003229231882
SYNPCC7002_RS04890,SYNPCC7002_RS04410,0.0877930874861269
SYNPCC7002_RS04250,SYNPCC7002_RS12910,0.0877765169713617
SYNPCC7002_RS10050,SYNPCC7002_RS07835,0.0877655790977799
SYNPCC7002_RS07385,SYNPCC7002_RS06820,0.087756703568526
SYNPCC7002_RS09320,SYNPCC7002_RS06480,0.0877472401771903
SYNPCC7002_RS09995,SYNPCC7002_RS04210,0.0877343233258721
SYNPCC7002_RS08390,SYNPCC7002_RS15250,0.0877268917444935
SYNPCC7002_RS00650,SYNPCC7002_RS09730,0.0877267205487578
SYNPCC7002_RS04250,SYNPCC7002_RS16905,0.0877251916410863
SYNPCC7002_RS12395,SYNPCC7002_RS16385,0.0877226630144342
SYNPCC7002_RS05985,SYNPCC7002_RS13395,0.0877195332026044
SYNPCC7002_RS12395,SYNPCC7002_RS03670,0.0877142512141337
SYNPCC7002_RS15520,SYNPCC7002_RS07980,0.0877084214931406
SYNPCC7002_RS07385,SYNPCC7002_RS00595,0.0876966782411559
SYNPCC7002_RS01800,SYNPCC7002_RS00035,0.0876955273684782
SYNPCC7002_RS07385,SYNPCC7002_RS09835,0.0876885123214856
SYNPCC7002_RS01800,SYNPCC7002_RS13295,0.0876864045574865
SYNPCC7002_RS12395,SYNPCC7002_RS06025,0.087680242016584
SYNPCC7002_RS01420,SYNPCC7002_RS07625,0.08767730110792
SYNPCC7002_RS07385,SYNPCC7002_RS12220,0.0876715396373304
SYNPCC7002_RS05985,SYNPCC7002_RS01765,0.0876654752146287
SYNPCC7002_RS10050,SYNPCC7002_RS04640,0.0876619005472709
SYNPCC7002_RS08965,SYNPCC7002_RS06955,0.087649643493542
SYNPCC7002_RS11400,SYNPCC7002_RS10065,0.0876470133467796
SYNPCC7002_RS09780,SYNPCC7002_RS14240,0.0876408177587982
SYNPCC7002_RS03030,SYNPCC7002_RS01060,0.0876406629175077
SYNPCC7002_RS09260,SYNPCC7002_RS03555,0.0876394154925016
SYNPCC7002_RS11400,SYNPCC7002_RS11830,0.0876376931750696
SYNPCC7002_RS10145,SYNPCC7002_RS06355,0.0876333369369708
SYNPCC7002_RS04890,SYNPCC7002_RS03060,0.0876302264903586
SYNPCC7002_RS09175,SYNPCC7002_RS12340,0.0876284290289251
SYNPCC7002_RS10050,SYNPCC7002_RS00370,0.0876284151183001
SYNPCC7002_RS09995,SYNPCC7002_RS11995,0.0876267693214776
SYNPCC7002_RS01335,SYNPCC7002_RS09625,0.0876235039065478
SYNPCC7002_RS02715,SYNPCC7002_RS04310,0.0876228337758043
SYNPCC7002_RS08255,SYNPCC7002_RS01075,0.0876187467575542
SYNPCC7002_RS08965,SYNPCC7002_RS04055,0.0876170401182213
SYNPCC7002_RS05135,SYNPCC7002_RS04535,0.0875963803558313
SYNPCC7002_RS00260,SYNPCC7002_RS09465,0.0875895083913277
SYNPCC7002_RS11400,SYNPCC7002_RS06710,0.0875889384423423
SYNPCC7002_RS07385,SYNPCC7002_RS02075,0.0875809202157403
SYNPCC7002_RS09995,SYNPCC7002_RS04570,0.0875754944297781
SYNPCC7002_RS15520,SYNPCC7002_RS00965,0.0875746695624884
SYNPCC7002_RS09780,SYNPCC7002_RS15975,0.0875703230199986
SYNPCC7002_RS04680,SYNPCC7002_RS10405,0.0875566562636361
SYNPCC7002_RS15255,SYNPCC7002_RS05670,0.0875545681081671
SYNPCC7002_RS12395,SYNPCC7002_RS05260,0.0875529393925701
SYNPCC7002_RS15520,SYNPCC7002_RS02520,0.0875507880170649
SYNPCC7002_RS12395,SYNPCC7002_RS07370,0.0875300101249586
SYNPCC7002_RS03295,SYNPCC7002_RS10200,0.0875293498562615
SYNPCC7002_RS15535,SYNPCC7002_RS14695,0.0875287512929954
SYNPCC7002_RS04250,SYNPCC7002_RS04085,0.0875246956294526
SYNPCC7002_RS05135,SYNPCC7002_RS10765,0.0875175832822856
SYNPCC7002_RS12395,SYNPCC7002_RS02955,0.0875154713868088
SYNPCC7002_RS04650,SYNPCC7002_RS02635,0.0875064474536574
SYNPCC7002_RS09175,SYNPCC7002_RS07940,0.0875005498458659
SYNPCC7002_RS05460,SYNPCC7002_RS15265,0.0874889742351972
SYNPCC7002_RS02455,SYNPCC7002_RS10085,0.0874876842652432
SYNPCC7002_RS08945,SYNPCC7002_RS09030,0.0874810556396753
SYNPCC7002_RS12395,SYNPCC7002_RS07825,0.087479553833826
SYNPCC7002_RS07385,SYNPCC7002_RS08700,0.0874672890094401
SYNPCC7002_RS01085,SYNPCC7002_RS02295,0.0874581588952976
SYNPCC7002_RS08965,SYNPCC7002_RS00120,0.0874495448853793
SYNPCC7002_RS04250,SYNPCC7002_RS12665,0.0874466223736989
SYNPCC7002_RS04650,SYNPCC7002_RS04115,0.0874374552195501
SYNPCC7002_RS15520,SYNPCC7002_RS03565,0.087435897407032
SYNPCC7002_RS06150,SYNPCC7002_RS09630,0.087430837623116
SYNPCC7002_RS04250,SYNPCC7002_RS04375,0.0874263952074982
SYNPCC7002_RS12395,SYNPCC7002_RS11000,0.0874000060503255
SYNPCC7002_RS04890,SYNPCC7002_RS07940,0.0873958450117738
SYNPCC7002_RS04650,SYNPCC7002_RS05905,0.0873953348801139
SYNPCC7002_RS01335,SYNPCC7002_RS00325,0.0873939876414737
SYNPCC7002_RS03030,SYNPCC7002_RS15345,0.0873896862439271
SYNPCC7002_RS15520,SYNPCC7002_RS11220,0.0873888796797257
SYNPCC7002_RS01800,SYNPCC7002_RS06520,0.0873747758320029
SYNPCC7002_RS08175,SYNPCC7002_RS11445,0.0873724862600449
SYNPCC7002_RS08255,SYNPCC7002_RS10935,0.0873644520094732
SYNPCC7002_RS12395,SYNPCC7002_RS11515,0.0873641474985813
SYNPCC7002_RS09320,SYNPCC7002_RS13645,0.0873397342909601
SYNPCC7002_RS06150,SYNPCC7002_RS11740,0.0873364427680835
SYNPCC7002_RS04250,SYNPCC7002_RS00355,0.0873339447785861
SYNPCC7002_RS05460,SYNPCC7002_RS14805,0.0873321724332952
SYNPCC7002_RS11685,SYNPCC7002_RS12560,0.087331658963244
SYNPCC7002_RS15680,SYNPCC7002_RS03125,0.0873288655994236
SYNPCC7002_RS08860,SYNPCC7002_RS01780,0.0873277293345209
SYNPCC7002_RS08965,SYNPCC7002_RS07375,0.0873229701526183
SYNPCC7002_RS09630,SYNPCC7002_RS00950,0.0873200318965192
SYNPCC7002_RS12395,SYNPCC7002_RS06580,0.0873040067858427
SYNPCC7002_RS02715,SYNPCC7002_RS10215,0.0873030457558572
SYNPCC7002_RS15255,SYNPCC7002_RS10635,0.0873024027620989
SYNPCC7002_RS08255,SYNPCC7002_RS12610,0.0873015853729328
SYNPCC7002_RS03760,SYNPCC7002_RS01760,0.0872902302481438
SYNPCC7002_RS10050,SYNPCC7002_RS10830,0.0872747040507066
SYNPCC7002_RS09630,SYNPCC7002_RS14800,0.0872711125139743
SYNPCC7002_RS12515,SYNPCC7002_RS06485,0.087266527279472
SYNPCC7002_RS04680,SYNPCC7002_RS02615,0.0872576710464951
SYNPCC7002_RS12090,SYNPCC7002_RS00190,0.0872535841989897
SYNPCC7002_RS04650,SYNPCC7002_RS09960,0.0872475749919532
SYNPCC7002_RS04780,SYNPCC7002_RS09040,0.0872412571699955
SYNPCC7002_RS04250,SYNPCC7002_RS03580,0.0872273261762557
SYNPCC7002_RS04780,SYNPCC7002_RS09510,0.0872210869594828
SYNPCC7002_RS01420,SYNPCC7002_RS03430,0.0872152335077692
SYNPCC7002_RS04780,SYNPCC7002_RS15950,0.0872126352009895
SYNPCC7002_RS05135,SYNPCC7002_RS11235,0.087207176240521
SYNPCC7002_RS02715,SYNPCC7002_RS05290,0.0872063843449136
SYNPCC7002_RS12395,SYNPCC7002_RS16510,0.0872051596535765
SYNPCC7002_RS01420,SYNPCC7002_RS08995,0.0871905139763942
SYNPCC7002_RS08210,SYNPCC7002_RS16190,0.0871718105105887
SYNPCC7002_RS15520,SYNPCC7002_RS06135,0.087167023001704
SYNPCC7002_RS08255,SYNPCC7002_RS02105,0.0871619410310717
SYNPCC7002_RS09995,SYNPCC7002_RS11130,0.0871604963878861
SYNPCC7002_RS04250,SYNPCC7002_RS10875,0.0871565040617395
SYNPCC7002_RS08390,SYNPCC7002_RS16325,0.0871276278025878
SYNPCC7002_RS11685,SYNPCC7002_RS02090,0.0871172811400581
SYNPCC7002_RS10050,SYNPCC7002_RS13615,0.0871162474794163
SYNPCC7002_RS00010,SYNPCC7002_RS08385,0.0871090627283202
SYNPCC7002_RS15520,SYNPCC7002_RS08015,0.0871063378536136
SYNPCC7002_RS14440,SYNPCC7002_RS14410,0.0871047265324965
SYNPCC7002_RS15520,SYNPCC7002_RS09660,0.0870980171410615
SYNPCC7002_RS04650,SYNPCC7002_RS05395,0.0870966240227855
SYNPCC7002_RS07385,SYNPCC7002_RS03840,0.0870883804535761
SYNPCC7002_RS05985,SYNPCC7002_RS16905,0.087066793090669
SYNPCC7002_RS05135,SYNPCC7002_RS08190,0.0870667246678704
SYNPCC7002_RS15680,SYNPCC7002_RS02600,0.0870568788970029
SYNPCC7002_RS08255,SYNPCC7002_RS13105,0.0870442833217175
SYNPCC7002_RS08945,SYNPCC7002_RS01755,0.0870274799494138
SYNPCC7002_RS11685,SYNPCC7002_RS10865,0.087024739240249
SYNPCC7002_RS04250,SYNPCC7002_RS01485,0.087023776165807
SYNPCC7002_RS07385,SYNPCC7002_RS08860,0.0870045718256844
SYNPCC7002_RS07385,SYNPCC7002_RS02455,0.0870024254075319
SYNPCC7002_RS15520,SYNPCC7002_RS13860,0.0870010614877394
SYNPCC7002_RS05135,SYNPCC7002_RS13060,0.0869828081203572
SYNPCC7002_RS01335,SYNPCC7002_RS06835,0.0869774683085405
SYNPCC7002_RS05985,SYNPCC7002_RS05430,0.0869716768424173
SYNPCC7002_RS08175,SYNPCC7002_RS00620,0.0869638585592355
SYNPCC7002_RS08175,SYNPCC7002_RS08215,0.0869628607979521
SYNPCC7002_RS10050,SYNPCC7002_RS11335,0.0869271539711782
SYNPCC7002_RS09820,SYNPCC7002_RS04050,0.0869228928115882
SYNPCC7002_RS05135,SYNPCC7002_RS09790,0.0869117467131744
SYNPCC7002_RS14790,SYNPCC7002_RS04805,0.0869072978358807
SYNPCC7002_RS04890,SYNPCC7002_RS00265,0.0869024201857492
SYNPCC7002_RS08965,SYNPCC7002_RS09320,0.0869013960011163
SYNPCC7002_RS10050,SYNPCC7002_RS16575,0.0868876811350272
SYNPCC7002_RS09780,SYNPCC7002_RS13630,0.0868768025576521
SYNPCC7002_RS06005,SYNPCC7002_RS14970,0.0868692645832526
SYNPCC7002_RS09780,SYNPCC7002_RS16595,0.0868635877982394
SYNPCC7002_RS04250,SYNPCC7002_RS11820,0.086857963876125
SYNPCC7002_RS11685,SYNPCC7002_RS02130,0.086843988757259
SYNPCC7002_RS07385,SYNPCC7002_RS10475,0.0868020611798673
SYNPCC7002_RS04650,SYNPCC7002_RS02265,0.0867903058889258
SYNPCC7002_RS12395,SYNPCC7002_RS15085,0.0867878069661302
SYNPCC7002_RS03030,SYNPCC7002_RS02690,0.0867858435645795
SYNPCC7002_RS09260,SYNPCC7002_RS10355,0.0867839326154619
SYNPCC7002_RS09630,SYNPCC7002_RS15680,0.0867774152470467
SYNPCC7002_RS12090,SYNPCC7002_RS13120,0.0867643416502179
SYNPCC7002_RS12395,SYNPCC7002_RS16750,0.0867625356339928
SYNPCC7002_RS16320,SYNPCC7002_RS15720,0.086753593170331
SYNPCC7002_RS10050,SYNPCC7002_RS03665,0.0867533867726705
SYNPCC7002_RS15520,SYNPCC7002_RS10115,0.0867524902065345
SYNPCC7002_RS03295,SYNPCC7002_RS10150,0.0867465514207698
SYNPCC7002_RS10050,SYNPCC7002_RS14860,0.0867464259090054
SYNPCC7002_RS09630,SYNPCC7002_RS10545,0.0867288489037334
SYNPCC7002_RS08390,SYNPCC7002_RS00985,0.0867237534033767
SYNPCC7002_RS08945,SYNPCC7002_RS11895,0.0867212681520776
SYNPCC7002_RS08965,SYNPCC7002_RS11280,0.0867087013709064
SYNPCC7002_RS12395,SYNPCC7002_RS04535,0.0866919003290972
SYNPCC7002_RS09780,SYNPCC7002_RS13745,0.0866916579538186
SYNPCC7002_RS04780,SYNPCC7002_RS10415,0.0866785286050067
SYNPCC7002_RS07295,SYNPCC7002_RS12040,0.0866685884027135
SYNPCC7002_RS01335,SYNPCC7002_RS08275,0.0866660251392409
SYNPCC7002_RS04250,SYNPCC7002_RS12350,0.0866297772160056
SYNPCC7002_RS01420,SYNPCC7002_RS10865,0.0866288051751092
SYNPCC7002_RS04890,SYNPCC7002_RS10130,0.0866145704670952
SYNPCC7002_RS04250,SYNPCC7002_RS09525,0.0866139846664994
SYNPCC7002_RS01420,SYNPCC7002_RS13865,0.0866139643286074
SYNPCC7002_RS10050,SYNPCC7002_RS07685,0.0866045601022697
SYNPCC7002_RS03030,SYNPCC7002_RS08700,0.086586846181105
SYNPCC7002_RS09260,SYNPCC7002_RS10535,0.0865853915547064
SYNPCC7002_RS09995,SYNPCC7002_RS01380,0.0865839032488715
SYNPCC7002_RS05135,SYNPCC7002_RS09580,0.0865794456230819
SYNPCC7002_RS14790,SYNPCC7002_RS13910,0.0865775461456622
SYNPCC7002_RS09780,SYNPCC7002_RS03795,0.0865761952949611
SYNPCC7002_RS08210,SYNPCC7002_RS08335,0.0865750379244264
SYNPCC7002_RS05135,SYNPCC7002_RS07945,0.0865745359668723
SYNPCC7002_RS08390,SYNPCC7002_RS16245,0.0865678349984751
SYNPCC7002_RS02715,SYNPCC7002_RS08895,0.0865577002487751
SYNPCC7002_RS12090,SYNPCC7002_RS13100,0.0865576973700294
SYNPCC7002_RS08965,SYNPCC7002_RS06890,0.0865555915805498
SYNPCC7002_RS10050,SYNPCC7002_RS06025,0.0865417857572238
SYNPCC7002_RS11400,SYNPCC7002_RS03805,0.0865348993554459
SYNPCC7002_RS08390,SYNPCC7002_RS10415,0.0865312100553951
SYNPCC7002_RS08965,SYNPCC7002_RS11670,0.0865217292237001
SYNPCC7002_RS05135,SYNPCC7002_RS05255,0.0865100447965965
SYNPCC7002_RS08390,SYNPCC7002_RS04235,0.0865058447133326
SYNPCC7002_RS05135,SYNPCC7002_RS02195,0.0865029667624456
SYNPCC7002_RS03030,SYNPCC7002_RS01990,0.0864800973734005
SYNPCC7002_RS08255,SYNPCC7002_RS07100,0.0864796619809135
SYNPCC7002_RS01420,SYNPCC7002_RS06570,0.08647945260643
SYNPCC7002_RS12515,SYNPCC7002_RS00475,0.0864768832339382
SYNPCC7002_RS15255,SYNPCC7002_RS11475,0.0864751770209632
SYNPCC7002_RS02455,SYNPCC7002_RS03310,0.0864733403816245
SYNPCC7002_RS08210,SYNPCC7002_RS01385,0.0864718221486198
SYNPCC7002_RS04250,SYNPCC7002_RS04850,0.086467808568486
SYNPCC7002_RS05460,SYNPCC7002_RS09800,0.0864646740997102
SYNPCC7002_RS01335,SYNPCC7002_RS05415,0.0864525838135896
SYNPCC7002_RS05985,SYNPCC7002_RS04860,0.086444004639784
SYNPCC7002_RS04780,SYNPCC7002_RS11505,0.0864313283706139
SYNPCC7002_RS09320,SYNPCC7002_RS04600,0.0864272501350238
SYNPCC7002_RS01335,SYNPCC7002_RS11050,0.0864227218550107
SYNPCC7002_RS15520,SYNPCC7002_RS17180,0.0864211693316252
SYNPCC7002_RS04250,SYNPCC7002_RS11190,0.0864210830506057
SYNPCC7002_RS08965,SYNPCC7002_RS01080,0.0864189063429887
SYNPCC7002_RS08390,SYNPCC7002_RS14060,0.0864086113291636
SYNPCC7002_RS05135,SYNPCC7002_RS01655,0.0864022966191847
SYNPCC7002_RS14385,SYNPCC7002_RS14470,0.086401195537524
SYNPCC7002_RS09780,SYNPCC7002_RS16125,0.0864006073859795
SYNPCC7002_RS12395,SYNPCC7002_RS07585,0.0863947209490044
SYNPCC7002_RS00050,SYNPCC7002_RS02605,0.0863874580392209
SYNPCC7002_RS09780,SYNPCC7002_RS15050,0.0863729334830997
SYNPCC7002_RS08945,SYNPCC7002_RS10575,0.0863707634489567
SYNPCC7002_RS09630,SYNPCC7002_RS00975,0.0863702406151083
SYNPCC7002_RS08945,SYNPCC7002_RS00285,0.0863626084932759
SYNPCC7002_RS12395,SYNPCC7002_RS16420,0.0863579186854724
SYNPCC7002_RS05985,SYNPCC7002_RS16140,0.0863413632534572
SYNPCC7002_RS04680,SYNPCC7002_RS03860,0.0863408550641726
SYNPCC7002_RS10050,SYNPCC7002_RS03685,0.0863363026611702
SYNPCC7002_RS04680,SYNPCC7002_RS05575,0.0863292466887071
SYNPCC7002_RS02715,SYNPCC7002_RS11860,0.0863281700354957
SYNPCC7002_RS09195,SYNPCC7002_RS13440,0.0863271560145096
SYNPCC7002_RS00650,SYNPCC7002_RS06500,0.0863231933976949
SYNPCC7002_RS10050,SYNPCC7002_RS10185,0.0863127940293313
SYNPCC7002_RS05135,SYNPCC7002_RS02995,0.0863050467143235
SYNPCC7002_RS01800,SYNPCC7002_RS00485,0.0863039979332705
SYNPCC7002_RS05460,SYNPCC7002_RS09630,0.0862976183885948
SYNPCC7002_RS08390,SYNPCC7002_RS00480,0.0862932033594074
SYNPCC7002_RS11400,SYNPCC7002_RS10750,0.086288514144232
SYNPCC7002_RS12395,SYNPCC7002_RS01510,0.086287463777221
SYNPCC7002_RS08175,SYNPCC7002_RS00610,0.0862832267882602
SYNPCC7002_RS15680,SYNPCC7002_RS07345,0.0862731807954948
SYNPCC7002_RS12395,SYNPCC7002_RS14205,0.0862691095206129
SYNPCC7002_RS15520,SYNPCC7002_RS13975,0.0862592204880769
SYNPCC7002_RS05985,SYNPCC7002_RS00430,0.0862542153344253
SYNPCC7002_RS09320,SYNPCC7002_RS09595,0.0862507191333969
SYNPCC7002_RS00690,SYNPCC7002_RS13800,0.0862453165563098
SYNPCC7002_RS12395,SYNPCC7002_RS07475,0.0862385515270862
SYNPCC7002_RS01800,SYNPCC7002_RS11050,0.0862351166126735
SYNPCC7002_RS09780,SYNPCC7002_RS08500,0.0862324782996615
SYNPCC7002_RS08965,SYNPCC7002_RS01475,0.0862242525531346
SYNPCC7002_RS04250,SYNPCC7002_RS07085,0.0862198156144492
SYNPCC7002_RS10050,SYNPCC7002_RS01325,0.0862064734028972
SYNPCC7002_RS09780,SYNPCC7002_RS04270,0.0862045558471225
SYNPCC7002_RS09420,SYNPCC7002_RS13920,0.0862021634112214
SYNPCC7002_RS09995,SYNPCC7002_RS11300,0.086191687036497
SYNPCC7002_RS15030,SYNPCC7002_RS15040,0.0861881160521972
SYNPCC7002_RS15520,SYNPCC7002_RS08955,0.086183392860938
SYNPCC7002_RS08210,SYNPCC7002_RS12055,0.0861833916244194
SYNPCC7002_RS01420,SYNPCC7002_RS10595,0.0861769577705791
SYNPCC7002_RS08480,SYNPCC7002_RS05015,0.0861759482926331
SYNPCC7002_RS04650,SYNPCC7002_RS16975,0.086172793826801
SYNPCC7002_RS09320,SYNPCC7002_RS13335,0.0861694236563735
SYNPCC7002_RS00640,SYNPCC7002_RS09440,0.086154308767279
SYNPCC7002_RS00650,SYNPCC7002_RS08965,0.0861484776242874
SYNPCC7002_RS10525,SYNPCC7002_RS01100,0.0861484694574534
SYNPCC7002_RS05985,SYNPCC7002_RS11160,0.0861450728230279
SYNPCC7002_RS00010,SYNPCC7002_RS07735,0.0861410305830748
SYNPCC7002_RS12395,SYNPCC7002_RS05250,0.0861409449979995
SYNPCC7002_RS15520,SYNPCC7002_RS09670,0.0861336173106515
SYNPCC7002_RS04650,SYNPCC7002_RS10705,0.0861313121568011
SYNPCC7002_RS04780,SYNPCC7002_RS05035,0.086123184729303
SYNPCC7002_RS00260,SYNPCC7002_RS02910,0.0861160167428138
SYNPCC7002_RS08175,SYNPCC7002_RS00940,0.0861131605019065
SYNPCC7002_RS01420,SYNPCC7002_RS05235,0.0861120203256243
SYNPCC7002_RS01085,SYNPCC7002_RS13300,0.0860971096619603
SYNPCC7002_RS02455,SYNPCC7002_RS14780,0.0860902039913371
SYNPCC7002_RS12395,SYNPCC7002_RS00545,0.0860847568229522
SYNPCC7002_RS04250,SYNPCC7002_RS02270,0.086084635250499
SYNPCC7002_RS04890,SYNPCC7002_RS12555,0.0860781519681395
SYNPCC7002_RS01335,SYNPCC7002_RS02285,0.0860699203981788
SYNPCC7002_RS12515,SYNPCC7002_RS04030,0.086066664995141
SYNPCC7002_RS14440,SYNPCC7002_RS16305,0.0860610849302885
SYNPCC7002_RS12105,SYNPCC7002_RS00705,0.0860576889323902
SYNPCC7002_RS08965,SYNPCC7002_RS07530,0.0860377257164534
SYNPCC7002_RS01335,SYNPCC7002_RS15730,0.0860280825338045
SYNPCC7002_RS04250,SYNPCC7002_RS02795,0.0860158926524164
SYNPCC7002_RS06540,SYNPCC7002_RS02905,0.0860059730012658
SYNPCC7002_RS09260,SYNPCC7002_RS10390,0.0859916592508789
SYNPCC7002_RS01335,SYNPCC7002_RS03640,0.0859895159716307
SYNPCC7002_RS06005,SYNPCC7002_RS06650,0.0859786461252422
SYNPCC7002_RS04890,SYNPCC7002_RS10765,0.0859743606703536
SYNPCC7002_RS02455,SYNPCC7002_RS00960,0.0859738731625825
SYNPCC7002_RS09780,SYNPCC7002_RS05940,0.08597192150565
SYNPCC7002_RS10050,SYNPCC7002_RS07730,0.0859696241182176
SYNPCC7002_RS16320,SYNPCC7002_RS15705,0.0859676400843124
SYNPCC7002_RS00690,SYNPCC7002_RS04100,0.085962877714782
SYNPCC7002_RS09780,SYNPCC7002_RS17200,0.0859607684717958
SYNPCC7002_RS08390,SYNPCC7002_RS13690,0.0859572676686918
SYNPCC7002_RS11685,SYNPCC7002_RS08060,0.0859547982283175
SYNPCC7002_RS04680,SYNPCC7002_RS14275,0.0859439212706635
SYNPCC7002_RS08965,SYNPCC7002_RS00710,0.0859419807856905
SYNPCC7002_RS08965,SYNPCC7002_RS08410,0.0859388826824228
SYNPCC7002_RS04890,SYNPCC7002_RS06350,0.085938238348215
SYNPCC7002_RS01335,SYNPCC7002_RS07860,0.0859333871045767
SYNPCC7002_RS12395,SYNPCC7002_RS12445,0.0859270036676963
SYNPCC7002_RS15680,SYNPCC7002_RS15130,0.0859268312440893
SYNPCC7002_RS07295,SYNPCC7002_RS09850,0.0859123362389144
SYNPCC7002_RS11400,SYNPCC7002_RS04060,0.0859107807843446
SYNPCC7002_RS04680,SYNPCC7002_RS12375,0.0859081155944799
SYNPCC7002_RS12090,SYNPCC7002_RS02360,0.0858947396879988
SYNPCC7002_RS08390,SYNPCC7002_RS15515,0.0858881991691199
SYNPCC7002_RS12090,SYNPCC7002_RS01375,0.0858852208344096
SYNPCC7002_RS09260,SYNPCC7002_RS05725,0.0858758765717623
SYNPCC7002_RS10050,SYNPCC7002_RS07340,0.0858754846440041
SYNPCC7002_RS00635,SYNPCC7002_RS00180,0.0858725831305937
SYNPCC7002_RS09820,SYNPCC7002_RS01000,0.0858641838166436
SYNPCC7002_RS04890,SYNPCC7002_RS15090,0.0858630446987956
SYNPCC7002_RS00640,SYNPCC7002_RS16580,0.0858586905567102
SYNPCC7002_RS06150,SYNPCC7002_RS08920,0.0858431037884401
SYNPCC7002_RS15995,SYNPCC7002_RS16580,0.0858326950024286
SYNPCC7002_RS05135,SYNPCC7002_RS03285,0.0858292083919115
SYNPCC7002_RS12090,SYNPCC7002_RS06935,0.0858291249069016
SYNPCC7002_RS04780,SYNPCC7002_RS07145,0.0858286068262628
SYNPCC7002_RS08210,SYNPCC7002_RS15615,0.0858222011459142
SYNPCC7002_RS02455,SYNPCC7002_RS11870,0.0858160549629528
SYNPCC7002_RS09820,SYNPCC7002_RS05160,0.0857889676248094
SYNPCC7002_RS01335,SYNPCC7002_RS07400,0.0857765509459578
SYNPCC7002_RS08965,SYNPCC7002_RS07985,0.0857646546179352
SYNPCC7002_RS08965,SYNPCC7002_RS01610,0.08575694808487
SYNPCC7002_RS04780,SYNPCC7002_RS09290,0.08575390487938
SYNPCC7002_RS02715,SYNPCC7002_RS11425,0.0857460761417477
SYNPCC7002_RS09320,SYNPCC7002_RS03485,0.085744629936993
SYNPCC7002_RS05135,SYNPCC7002_RS16370,0.0857438077871003
SYNPCC7002_RS08255,SYNPCC7002_RS00605,0.0857332054512135
SYNPCC7002_RS03760,SYNPCC7002_RS13390,0.0857238204812855
SYNPCC7002_RS15680,SYNPCC7002_RS06460,0.0857199263859167
SYNPCC7002_RS05135,SYNPCC7002_RS11690,0.0857168380950037
SYNPCC7002_RS05135,SYNPCC7002_RS00265,0.0857126505697067
SYNPCC7002_RS04890,SYNPCC7002_RS07770,0.0857065634037404
SYNPCC7002_RS09820,SYNPCC7002_RS11805,0.0857040555998855
SYNPCC7002_RS09845,SYNPCC7002_RS01685,0.0857008554104551
SYNPCC7002_RS01420,SYNPCC7002_RS05285,0.0856950686886441
SYNPCC7002_RS04780,SYNPCC7002_RS13460,0.085688867370875
SYNPCC7002_RS11400,SYNPCC7002_RS09125,0.0856860475041622
SYNPCC7002_RS09630,SYNPCC7002_RS14770,0.0856846717231404
SYNPCC7002_RS08210,SYNPCC7002_RS07980,0.0856783842224692
SYNPCC7002_RS08390,SYNPCC7002_RS02380,0.0856782275631797
SYNPCC7002_RS11685,SYNPCC7002_RS04620,0.085677361099612
SYNPCC7002_RS09820,SYNPCC7002_RS07290,0.085672840885761
SYNPCC7002_RS08965,SYNPCC7002_RS11285,0.0856678167780946
SYNPCC7002_RS08965,SYNPCC7002_RS14110,0.0856677992554325
SYNPCC7002_RS02455,SYNPCC7002_RS08940,0.085666195385822
SYNPCC7002_RS11400,SYNPCC7002_RS03015,0.0856537896845106
SYNPCC7002_RS06540,SYNPCC7002_RS09510,0.085649336703751
SYNPCC7002_RS09175,SYNPCC7002_RS16155,0.0856468286348331
SYNPCC7002_RS05985,SYNPCC7002_RS08925,0.0856241467328456
SYNPCC7002_RS03030,SYNPCC7002_RS09325,0.0856212537843275
SYNPCC7002_RS02715,SYNPCC7002_RS06145,0.0856119876453283
SYNPCC7002_RS09175,SYNPCC7002_RS11915,0.0856109996453066
SYNPCC7002_RS04650,SYNPCC7002_RS11155,0.0855854540464719
SYNPCC7002_RS12395,SYNPCC7002_RS12555,0.0855851365239142
SYNPCC7002_RS01800,SYNPCC7002_RS08765,0.0855806879235703
SYNPCC7002_RS05460,SYNPCC7002_RS16420,0.0855781517860155
SYNPCC7002_RS04890,SYNPCC7002_RS06400,0.0855770247019224
SYNPCC7002_RS05135,SYNPCC7002_RS03430,0.0855741284397931
SYNPCC7002_RS15680,SYNPCC7002_RS04880,0.085570362929456
SYNPCC7002_RS00850,SYNPCC7002_RS15275,0.0855680081182884
SYNPCC7002_RS15520,SYNPCC7002_RS01250,0.0855662870186453
SYNPCC7002_RS05135,SYNPCC7002_RS14035,0.0855612735000446
SYNPCC7002_RS05135,SYNPCC7002_RS07750,0.0855534550532836
SYNPCC7002_RS08945,SYNPCC7002_RS07200,0.0855513031261176
SYNPCC7002_RS04780,SYNPCC7002_RS06960,0.0855490678450357
SYNPCC7002_RS07385,SYNPCC7002_RS14155,0.0854948313958031
SYNPCC7002_RS05135,SYNPCC7002_RS05240,0.0854868600166835
SYNPCC7002_RS04780,SYNPCC7002_RS11620,0.085474435756117
SYNPCC7002_RS11685,SYNPCC7002_RS05550,0.0854725331215321
SYNPCC7002_RS05135,SYNPCC7002_RS12555,0.0854501570471439
SYNPCC7002_RS08390,SYNPCC7002_RS03695,0.085447283249828
SYNPCC7002_RS05460,SYNPCC7002_RS14345,0.0854414820412561
SYNPCC7002_RS15520,SYNPCC7002_RS02690,0.0854412512971062
SYNPCC7002_RS16320,SYNPCC7002_RS03150,0.0854384131470963
SYNPCC7002_RS03295,SYNPCC7002_RS11870,0.085418442193747
SYNPCC7002_RS04250,SYNPCC7002_RS00525,0.0854145062851093
SYNPCC7002_RS06005,SYNPCC7002_RS08370,0.0854133759191726
SYNPCC7002_RS15520,SYNPCC7002_RS08515,0.0854103345707838
SYNPCC7002_RS01335,SYNPCC7002_RS12360,0.0854039660308263
SYNPCC7002_RS03950,SYNPCC7002_RS11195,0.0854019765148621
SYNPCC7002_RS08390,SYNPCC7002_RS07320,0.0854007561864574
SYNPCC7002_RS04780,SYNPCC7002_RS08390,0.0853994091540791
SYNPCC7002_RS10050,SYNPCC7002_RS00200,0.0853968380290355
SYNPCC7002_RS03030,SYNPCC7002_RS13570,0.0853918763263012
SYNPCC7002_RS12090,SYNPCC7002_RS08500,0.0853760756096386
SYNPCC7002_RS04650,SYNPCC7002_RS12585,0.0853675041735271
SYNPCC7002_RS05460,SYNPCC7002_RS10820,0.0853449849532757
SYNPCC7002_RS04650,SYNPCC7002_RS12805,0.0853425254051014
SYNPCC7002_RS04250,SYNPCC7002_RS14735,0.0853372038756949
SYNPCC7002_RS05460,SYNPCC7002_RS08875,0.085334975271554
SYNPCC7002_RS04890,SYNPCC7002_RS04110,0.0853309651358662
SYNPCC7002_RS01335,SYNPCC7002_RS05915,0.0853292211978677
SYNPCC7002_RS08390,SYNPCC7002_RS04330,0.0853289706596359
SYNPCC7002_RS02715,SYNPCC7002_RS14165,0.0853259562427003
SYNPCC7002_RS08965,SYNPCC7002_RS06540,0.085322397814306
SYNPCC7002_RS07295,SYNPCC7002_RS08900,0.0853142866389114
SYNPCC7002_RS03030,SYNPCC7002_RS04500,0.0853140330698642
SYNPCC7002_RS04780,SYNPCC7002_RS08955,0.0853098219338049
SYNPCC7002_RS01420,SYNPCC7002_RS12535,0.0853006279172852
SYNPCC7002_RS01420,SYNPCC7002_RS01545,0.0852973316362858
SYNPCC7002_RS05985,SYNPCC7002_RS11150,0.0852951618071279
SYNPCC7002_RS15680,SYNPCC7002_RS05350,0.0852876334063826
SYNPCC7002_RS11685,SYNPCC7002_RS08670,0.0852854924786408
SYNPCC7002_RS06005,SYNPCC7002_RS16490,0.0852843080853692
SYNPCC7002_RS16160,SYNPCC7002_RS16125,0.0852825846283065
SYNPCC7002_RS11400,SYNPCC7002_RS06415,0.0852816789444387
SYNPCC7002_RS10050,SYNPCC7002_RS04840,0.0852787663221026
SYNPCC7002_RS08210,SYNPCC7002_RS07375,0.0852665017144057
SYNPCC7002_RS05985,SYNPCC7002_RS10605,0.0852659062210892
SYNPCC7002_RS04890,SYNPCC7002_RS12725,0.0852650613719831
SYNPCC7002_RS00640,SYNPCC7002_RS03620,0.0852642204019745
SYNPCC7002_RS10050,SYNPCC7002_RS12330,0.0852574001970077
SYNPCC7002_RS15680,SYNPCC7002_RS11475,0.0852508448190337
SYNPCC7002_RS08965,SYNPCC7002_RS04025,0.0852462562305796
SYNPCC7002_RS00640,SYNPCC7002_RS16240,0.0852455945899395
SYNPCC7002_RS15410,SYNPCC7002_RS12920,0.0852228946967842
SYNPCC7002_RS11400,SYNPCC7002_RS12390,0.0852101739241939
SYNPCC7002_RS06150,SYNPCC7002_RS01265,0.0852083020286547
SYNPCC7002_RS10050,SYNPCC7002_RS00645,0.0851870897488972
SYNPCC7002_RS05135,SYNPCC7002_RS12240,0.0851854668025206
SYNPCC7002_RS15410,SYNPCC7002_RS07300,0.0851832273002001
SYNPCC7002_RS01085,SYNPCC7002_RS13050,0.085181330931344
SYNPCC7002_RS08390,SYNPCC7002_RS01310,0.0851788426486367
SYNPCC7002_RS05985,SYNPCC7002_RS09470,0.0851696784919153
SYNPCC7002_RS11400,SYNPCC7002_RS02965,0.0851675416599304
SYNPCC7002_RS08390,SYNPCC7002_RS15945,0.085165871487687
SYNPCC7002_RS10050,SYNPCC7002_RS01925,0.0851525194412071
SYNPCC7002_RS01335,SYNPCC7002_RS01100,0.0851488881356666
SYNPCC7002_RS10050,SYNPCC7002_RS10165,0.0851460696328736
SYNPCC7002_RS15520,SYNPCC7002_RS16190,0.0851437660181919
SYNPCC7002_RS12395,SYNPCC7002_RS13060,0.0851260389098814
SYNPCC7002_RS04780,SYNPCC7002_RS06055,0.0851115760332366
SYNPCC7002_RS12395,SYNPCC7002_RS11005,0.0851103925602776
SYNPCC7002_RS01085,SYNPCC7002_RS15735,0.0851019409765119
SYNPCC7002_RS08945,SYNPCC7002_RS07370,0.0850984563384585
SYNPCC7002_RS08965,SYNPCC7002_RS02455,0.0850940921903538
SYNPCC7002_RS05135,SYNPCC7002_RS10275,0.0850939601633913
SYNPCC7002_RS10050,SYNPCC7002_RS07115,0.0850911889313304
SYNPCC7002_RS09780,SYNPCC7002_RS05910,0.0850903747706871
SYNPCC7002_RS09320,SYNPCC7002_RS12135,0.0850843973272432
SYNPCC7002_RS00690,SYNPCC7002_RS11645,0.0850832931274144
SYNPCC7002_RS09780,SYNPCC7002_RS11950,0.085079947247328
SYNPCC7002_RS08390,SYNPCC7002_RS12755,0.0850721106408487
SYNPCC7002_RS12395,SYNPCC7002_RS04890,0.0850528740528653
SYNPCC7002_RS09780,SYNPCC7002_RS04140,0.0850462418565786
SYNPCC7002_RS12395,SYNPCC7002_RS01745,0.0850445390912886
SYNPCC7002_RS04780,SYNPCC7002_RS05415,0.0850417863461759
SYNPCC7002_RS05135,SYNPCC7002_RS15355,0.0850411904848054
SYNPCC7002_RS15995,SYNPCC7002_RS13845,0.0850339611385642
SYNPCC7002_RS04890,SYNPCC7002_RS04535,0.0850327262205056
SYNPCC7002_RS16320,SYNPCC7002_RS14430,0.0850318692055877
SYNPCC7002_RS09630,SYNPCC7002_RS15010,0.0850306616572658
SYNPCC7002_RS07385,SYNPCC7002_RS06765,0.0850302383439701
SYNPCC7002_RS05135,SYNPCC7002_RS12460,0.0850226056208059
SYNPCC7002_RS14790,SYNPCC7002_RS13925,0.0850206227536006
SYNPCC7002_RS09845,SYNPCC7002_RS11495,0.0850191541809645
SYNPCC7002_RS02455,SYNPCC7002_RS07385,0.0850142056700153
SYNPCC7002_RS05985,SYNPCC7002_RS10030,0.0850138198309176
SYNPCC7002_RS15410,SYNPCC7002_RS14880,0.085003599265016
SYNPCC7002_RS09780,SYNPCC7002_RS01645,0.0850003494236396
SYNPCC7002_RS08175,SYNPCC7002_RS09055,0.0849859183316757
SYNPCC7002_RS12395,SYNPCC7002_RS06350,0.084968126958282
SYNPCC7002_RS09995,SYNPCC7002_RS12590,0.0849573163455733
SYNPCC7002_RS09995,SYNPCC7002_RS08290,0.0849562725816973
SYNPCC7002_RS01335,SYNPCC7002_RS07220,0.0849476413189008
SYNPCC7002_RS07385,SYNPCC7002_RS11930,0.0849409170173743
SYNPCC7002_RS09780,SYNPCC7002_RS10035,0.0849279275117973
SYNPCC7002_RS10050,SYNPCC7002_RS06720,0.0849244470172082
SYNPCC7002_RS02715,SYNPCC7002_RS07950,0.0849238442334932
SYNPCC7002_RS08965,SYNPCC7002_RS04730,0.084922123205385
SYNPCC7002_RS02455,SYNPCC7002_RS08680,0.0849203017857274
SYNPCC7002_RS04250,SYNPCC7002_RS11250,0.0849059332608454
SYNPCC7002_RS09995,SYNPCC7002_RS11975,0.084898316904425
SYNPCC7002_RS04650,SYNPCC7002_RS11610,0.0848926815187924
SYNPCC7002_RS12515,SYNPCC7002_RS00645,0.0848888610973712
SYNPCC7002_RS09820,SYNPCC7002_RS11415,0.0848588249123209
SYNPCC7002_RS08965,SYNPCC7002_RS05740,0.0848586979137231
SYNPCC7002_RS11685,SYNPCC7002_RS11690,0.0848510098992749
SYNPCC7002_RS08390,SYNPCC7002_RS05725,0.084850821440502
SYNPCC7002_RS01335,SYNPCC7002_RS01010,0.084850260326139
SYNPCC7002_RS04780,SYNPCC7002_RS15520,0.0848486178767204
SYNPCC7002_RS04680,SYNPCC7002_RS14130,0.0848476323362144
SYNPCC7002_RS05135,SYNPCC7002_RS11955,0.0848458373074943
SYNPCC7002_RS04250,SYNPCC7002_RS12485,0.0848439875513639
SYNPCC7002_RS15520,SYNPCC7002_RS08495,0.0848435918366071
SYNPCC7002_RS09780,SYNPCC7002_RS12155,0.0848334583210493
SYNPCC7002_RS04780,SYNPCC7002_RS15585,0.0848293881321868
SYNPCC7002_RS05135,SYNPCC7002_RS07465,0.0848264264016906
SYNPCC7002_RS08965,SYNPCC7002_RS06070,0.0848242212775973
SYNPCC7002_RS09780,SYNPCC7002_RS10565,0.0848166236822678
SYNPCC7002_RS03030,SYNPCC7002_RS03590,0.0848111739171983
SYNPCC7002_RS02715,SYNPCC7002_RS13705,0.0847945340004602
SYNPCC7002_RS09320,SYNPCC7002_RS06125,0.0847723618237926
SYNPCC7002_RS01335,SYNPCC7002_RS07895,0.0847704079639822
SYNPCC7002_RS04890,SYNPCC7002_RS13060,0.0847650909181464
SYNPCC7002_RS12105,SYNPCC7002_RS13125,0.0847621047693768
SYNPCC7002_RS08965,SYNPCC7002_RS07385,0.0847489923606104
SYNPCC7002_RS05135,SYNPCC7002_RS05405,0.0847484465865837
SYNPCC7002_RS05985,SYNPCC7002_RS05910,0.084744357613376
SYNPCC7002_RS02715,SYNPCC7002_RS06170,0.0847153673723063
SYNPCC7002_RS09780,SYNPCC7002_RS16995,0.0847149795315966
SYNPCC7002_RS05460,SYNPCC7002_RS14005,0.0847022496011059
SYNPCC7002_RS04780,SYNPCC7002_RS12515,0.0846984516866601
SYNPCC7002_RS10050,SYNPCC7002_RS07570,0.0846967685313319
SYNPCC7002_RS02455,SYNPCC7002_RS06945,0.0846745608866587
SYNPCC7002_RS14440,SYNPCC7002_RS14415,0.0846730255473054
SYNPCC7002_RS02455,SYNPCC7002_RS08560,0.084672798317058
SYNPCC7002_RS03030,SYNPCC7002_RS01840,0.0846695145431649
SYNPCC7002_RS10145,SYNPCC7002_RS10730,0.0846651552539405
SYNPCC7002_RS08210,SYNPCC7002_RS00745,0.0846605043138866
SYNPCC7002_RS00260,SYNPCC7002_RS06930,0.0846575794425584
SYNPCC7002_RS09195,SYNPCC7002_RS14775,0.0846414559268362
SYNPCC7002_RS02715,SYNPCC7002_RS16490,0.0846405746460756
SYNPCC7002_RS08965,SYNPCC7002_RS02485,0.0846397331590989
SYNPCC7002_RS04650,SYNPCC7002_RS08545,0.0846390628840716
SYNPCC7002_RS04250,SYNPCC7002_RS07495,0.0846350787363492
SYNPCC7002_RS08210,SYNPCC7002_RS14135,0.0846332787553054
SYNPCC7002_RS08210,SYNPCC7002_RS09830,0.0846312131718354
SYNPCC7002_RS00640,SYNPCC7002_RS05160,0.0846293905867454
SYNPCC7002_RS09260,SYNPCC7002_RS13415,0.0846175519267021
SYNPCC7002_RS04250,SYNPCC7002_RS06550,0.0846164246103048
SYNPCC7002_RS04890,SYNPCC7002_RS13075,0.08461638833866
SYNPCC7002_RS08965,SYNPCC7002_RS01845,0.0846027799673976
SYNPCC7002_RS02715,SYNPCC7002_RS13440,0.0845895946503495
SYNPCC7002_RS08255,SYNPCC7002_RS02910,0.0845872007664035
SYNPCC7002_RS03295,SYNPCC7002_RS09360,0.0845807189057983
SYNPCC7002_RS04890,SYNPCC7002_RS07725,0.0845782292006253
SYNPCC7002_RS03030,SYNPCC7002_RS03575,0.0845670052732328
SYNPCC7002_RS04250,SYNPCC7002_RS05405,0.0845653813141149
SYNPCC7002_RS15520,SYNPCC7002_RS05630,0.0845618193617452
SYNPCC7002_RS03030,SYNPCC7002_RS08965,0.0845614652191905
SYNPCC7002_RS04890,SYNPCC7002_RS02995,0.0845601314459273
SYNPCC7002_RS12090,SYNPCC7002_RS01870,0.0845575173739904
SYNPCC7002_RS05460,SYNPCC7002_RS13725,0.0845561383022801
SYNPCC7002_RS00640,SYNPCC7002_RS06010,0.0845412664247936
SYNPCC7002_RS03950,SYNPCC7002_RS13755,0.0845402015058865
SYNPCC7002_RS09320,SYNPCC7002_RS11835,0.0845376767003821
SYNPCC7002_RS08965,SYNPCC7002_RS11040,0.0845362948176863
SYNPCC7002_RS01420,SYNPCC7002_RS01925,0.0845301777556699
SYNPCC7002_RS08965,SYNPCC7002_RS02275,0.084521691363391
SYNPCC7002_RS14790,SYNPCC7002_RS13090,0.0845189076851289
SYNPCC7002_RS09845,SYNPCC7002_RS14000,0.0844922504074036
SYNPCC7002_RS00650,SYNPCC7002_RS11835,0.084490442610386
SYNPCC7002_RS04890,SYNPCC7002_RS11360,0.0844860048628278
SYNPCC7002_RS15410,SYNPCC7002_RS08455,0.0844772409211067
SYNPCC7002_RS09820,SYNPCC7002_RS02030,0.0844727710017226
SYNPCC7002_RS01420,SYNPCC7002_RS05230,0.0844539575584602
SYNPCC7002_RS15255,SYNPCC7002_RS14435,0.0844498426189435
SYNPCC7002_RS12395,SYNPCC7002_RS04640,0.0844491171800625
SYNPCC7002_RS03030,SYNPCC7002_RS04695,0.0844402182488656
SYNPCC7002_RS03030,SYNPCC7002_RS09715,0.0844401510318522
SYNPCC7002_RS09995,SYNPCC7002_RS03755,0.0844021118927157
SYNPCC7002_RS00650,SYNPCC7002_RS11390,0.0843978356025007
SYNPCC7002_RS10050,SYNPCC7002_RS07585,0.0843975819503269
SYNPCC7002_RS10050,SYNPCC7002_RS15080,0.0843975146222
SYNPCC7002_RS12395,SYNPCC7002_RS12405,0.0843937500634847
SYNPCC7002_RS13450,SYNPCC7002_RS01920,0.084388325383033
SYNPCC7002_RS09995,SYNPCC7002_RS12845,0.0843867705058283
SYNPCC7002_RS05985,SYNPCC7002_RS00360,0.0843805272627718
SYNPCC7002_RS04890,SYNPCC7002_RS04840,0.0843758314906859
SYNPCC7002_RS00260,SYNPCC7002_RS10380,0.084375654363105
SYNPCC7002_RS01800,SYNPCC7002_RS05805,0.0843679136718892
SYNPCC7002_RS06540,SYNPCC7002_RS12765,0.0843587270988644
SYNPCC7002_RS08255,SYNPCC7002_RS03845,0.0843572838992844
SYNPCC7002_RS15255,SYNPCC7002_RS05105,0.0843286868805498
SYNPCC7002_RS08965,SYNPCC7002_RS11680,0.0843241001556321
SYNPCC7002_RS06540,SYNPCC7002_RS02880,0.0843175601069993
SYNPCC7002_RS00260,SYNPCC7002_RS15860,0.0843160972685048
SYNPCC7002_RS10050,SYNPCC7002_RS05265,0.0843145395999704
SYNPCC7002_RS12515,SYNPCC7002_RS13460,0.084314086786341
SYNPCC7002_RS07385,SYNPCC7002_RS02735,0.0843046518449341
SYNPCC7002_RS10050,SYNPCC7002_RS15055,0.084297177676766
SYNPCC7002_RS02715,SYNPCC7002_RS16420,0.0842824354125807
SYNPCC7002_RS09780,SYNPCC7002_RS09975,0.0842823194766401
SYNPCC7002_RS05135,SYNPCC7002_RS11190,0.084270542239936
SYNPCC7002_RS04890,SYNPCC7002_RS06785,0.0842664651187768
SYNPCC7002_RS09260,SYNPCC7002_RS06105,0.0842594409591987
SYNPCC7002_RS05135,SYNPCC7002_RS17220,0.0842525464838649
SYNPCC7002_RS08860,SYNPCC7002_RS00925,0.0842497845393226
SYNPCC7002_RS08390,SYNPCC7002_RS07290,0.084248087559262
SYNPCC7002_RS01800,SYNPCC7002_RS01970,0.0842386543836028
SYNPCC7002_RS12395,SYNPCC7002_RS10130,0.0842384285202643
SYNPCC7002_RS00010,SYNPCC7002_RS01440,0.0842348196221976
SYNPCC7002_RS11685,SYNPCC7002_RS05835,0.0842338504343619
SYNPCC7002_RS15255,SYNPCC7002_RS08445,0.0841913101789894
SYNPCC7002_RS04890,SYNPCC7002_RS12005,0.0841763226965392
SYNPCC7002_RS07295,SYNPCC7002_RS08330,0.0841713303911991
SYNPCC7002_RS08965,SYNPCC7002_RS09040,0.0841690365328268
SYNPCC7002_RS00690,SYNPCC7002_RS08095,0.0841674310634131
SYNPCC7002_RS02715,SYNPCC7002_RS15075,0.0841645837026815
SYNPCC7002_RS12090,SYNPCC7002_RS06475,0.0841607536922815
SYNPCC7002_RS10050,SYNPCC7002_RS01170,0.0841550699934268
SYNPCC7002_RS03295,SYNPCC7002_RS14360,0.084122060692157
SYNPCC7002_RS01420,SYNPCC7002_RS03610,0.0841197217376147
SYNPCC7002_RS06005,SYNPCC7002_RS07135,0.0841101468717848
SYNPCC7002_RS15520,SYNPCC7002_RS06725,0.0841092371478306
SYNPCC7002_RS12395,SYNPCC7002_RS06080,0.0841092222090088
SYNPCC7002_RS12395,SYNPCC7002_RS00465,0.0841069977189998
SYNPCC7002_RS05135,SYNPCC7002_RS04115,0.0841062778625397
SYNPCC7002_RS10145,SYNPCC7002_RS14090,0.0841055732564595
SYNPCC7002_RS11400,SYNPCC7002_RS04500,0.0840902828649609
SYNPCC7002_RS03760,SYNPCC7002_RS06235,0.0840895459798399
SYNPCC7002_RS05135,SYNPCC7002_RS00545,0.0840868637875686
SYNPCC7002_RS09260,SYNPCC7002_RS00015,0.0840849381975401
SYNPCC7002_RS11400,SYNPCC7002_RS00385,0.0840718283079638
SYNPCC7002_RS02715,SYNPCC7002_RS15840,0.0840687420476796
SYNPCC7002_RS00640,SYNPCC7002_RS09005,0.084068585937615
SYNPCC7002_RS15680,SYNPCC7002_RS08440,0.0840620700530167
SYNPCC7002_RS08390,SYNPCC7002_RS03190,0.084049624653368
SYNPCC7002_RS03030,SYNPCC7002_RS07375,0.0840475026946318
SYNPCC7002_RS12090,SYNPCC7002_RS15835,0.0840319793087059
SYNPCC7002_RS03030,SYNPCC7002_RS02620,0.0840313594174237
SYNPCC7002_RS01420,SYNPCC7002_RS02870,0.0840294961032145
SYNPCC7002_RS07385,SYNPCC7002_RS05545,0.0840209938136136
SYNPCC7002_RS00640,SYNPCC7002_RS16410,0.0840208427911231
SYNPCC7002_RS00260,SYNPCC7002_RS12085,0.0840199732966957
SYNPCC7002_RS08860,SYNPCC7002_RS03020,0.0840120178527457
SYNPCC7002_RS03030,SYNPCC7002_RS04575,0.0840048070771829
SYNPCC7002_RS05135,SYNPCC7002_RS03655,0.0839998869478735
SYNPCC7002_RS10145,SYNPCC7002_RS05810,0.0839977296991242
SYNPCC7002_RS12395,SYNPCC7002_RS09785,0.0839941763238593
SYNPCC7002_RS15255,SYNPCC7002_RS02040,0.0839920063211465
SYNPCC7002_RS08390,SYNPCC7002_RS06655,0.0839823322858881
SYNPCC7002_RS08965,SYNPCC7002_RS09230,0.0839819469976115
SYNPCC7002_RS15995,SYNPCC7002_RS14100,0.0839788617748413
SYNPCC7002_RS15520,SYNPCC7002_RS11665,0.0839781601226575
SYNPCC7002_RS01420,SYNPCC7002_RS09520,0.0839688904890445
SYNPCC7002_RS05135,SYNPCC7002_RS00465,0.0839642114070701
SYNPCC7002_RS01420,SYNPCC7002_RS06080,0.0839630522277877
SYNPCC7002_RS12395,SYNPCC7002_RS11245,0.0839448550872703
SYNPCC7002_RS00640,SYNPCC7002_RS07815,0.0839374018843119
SYNPCC7002_RS15520,SYNPCC7002_RS12030,0.0839369845617006
SYNPCC7002_RS04650,SYNPCC7002_RS06320,0.0839363085019038
SYNPCC7002_RS05460,SYNPCC7002_RS05615,0.0839271111485477
SYNPCC7002_RS09995,SYNPCC7002_RS03575,0.083918948532428
SYNPCC7002_RS09780,SYNPCC7002_RS11095,0.0839141523554201
SYNPCC7002_RS12090,SYNPCC7002_RS10350,0.0838989853921998
SYNPCC7002_RS01800,SYNPCC7002_RS08865,0.0838921429011222
SYNPCC7002_RS10050,SYNPCC7002_RS09910,0.0838860669746913
SYNPCC7002_RS12395,SYNPCC7002_RS13615,0.0838822450062698
SYNPCC7002_RS01335,SYNPCC7002_RS03490,0.0838817662947039
SYNPCC7002_RS01085,SYNPCC7002_RS13995,0.0838707990390817
SYNPCC7002_RS12090,SYNPCC7002_RS16665,0.0838664021896898
SYNPCC7002_RS14440,SYNPCC7002_RS13940,0.0838650731513326
SYNPCC7002_RS08210,SYNPCC7002_RS03030,0.0838606080417492
SYNPCC7002_RS10050,SYNPCC7002_RS14735,0.083852995847566
SYNPCC7002_RS10050,SYNPCC7002_RS02405,0.0838524512730442
SYNPCC7002_RS07295,SYNPCC7002_RS08765,0.0838393252526649
SYNPCC7002_RS12515,SYNPCC7002_RS00830,0.083834224037592
SYNPCC7002_RS00640,SYNPCC7002_RS01145,0.0838321764755587
SYNPCC7002_RS10050,SYNPCC7002_RS04310,0.0838320592857462
SYNPCC7002_RS02715,SYNPCC7002_RS04825,0.0838309429664079
SYNPCC7002_RS04250,SYNPCC7002_RS04115,0.0838246698830549
SYNPCC7002_RS00690,SYNPCC7002_RS08235,0.0838218935199316
SYNPCC7002_RS10050,SYNPCC7002_RS16840,0.0838172881688979
SYNPCC7002_RS14440,SYNPCC7002_RS14460,0.0838169081555049
SYNPCC7002_RS09820,SYNPCC7002_RS10215,0.0838157801359539
SYNPCC7002_RS08965,SYNPCC7002_RS03995,0.0838113077008386
SYNPCC7002_RS08965,SYNPCC7002_RS12135,0.0838094896758098
SYNPCC7002_RS09260,SYNPCC7002_RS12980,0.0838081109463479
SYNPCC7002_RS15410,SYNPCC7002_RS00835,0.0838031447243253
SYNPCC7002_RS04780,SYNPCC7002_RS11940,0.0838013444180641
SYNPCC7002_RS04250,SYNPCC7002_RS11610,0.0837981316696273
SYNPCC7002_RS09175,SYNPCC7002_RS10325,0.0837941522785039
SYNPCC7002_RS15255,SYNPCC7002_RS11470,0.0837904182278343
SYNPCC7002_RS03295,SYNPCC7002_RS03315,0.0837883871519392
SYNPCC7002_RS03030,SYNPCC7002_RS02485,0.083783500406725
SYNPCC7002_RS04250,SYNPCC7002_RS05590,0.08377289223503
SYNPCC7002_RS13450,SYNPCC7002_RS11650,0.0837692201799688
SYNPCC7002_RS11685,SYNPCC7002_RS12395,0.0837679918652676
SYNPCC7002_RS02715,SYNPCC7002_RS07390,0.0837670607118869
SYNPCC7002_RS09320,SYNPCC7002_RS12025,0.0837615097302659
SYNPCC7002_RS02715,SYNPCC7002_RS14490,0.0837583236580154
SYNPCC7002_RS04780,SYNPCC7002_RS09660,0.0837557210028843
SYNPCC7002_RS09780,SYNPCC7002_RS04375,0.0837486427123464
SYNPCC7002_RS09630,SYNPCC7002_RS16725,0.0837475865427326
SYNPCC7002_RS11685,SYNPCC7002_RS00630,0.083739859232063
SYNPCC7002_RS02715,SYNPCC7002_RS08770,0.083736556195364
SYNPCC7002_RS02455,SYNPCC7002_RS04215,0.0837341959793389
SYNPCC7002_RS10050,SYNPCC7002_RS11175,0.0837309356770006
SYNPCC7002_RS00650,SYNPCC7002_RS16570,0.0837286648532687
SYNPCC7002_RS00650,SYNPCC7002_RS02445,0.0837239552595507
SYNPCC7002_RS09320,SYNPCC7002_RS03225,0.0837204749448247
SYNPCC7002_RS09820,SYNPCC7002_RS11195,0.0837159500312688
SYNPCC7002_RS02715,SYNPCC7002_RS09180,0.0837123075790251
SYNPCC7002_RS06150,SYNPCC7002_RS16040,0.0837035299844394
SYNPCC7002_RS09820,SYNPCC7002_RS10805,0.0836964790773582
SYNPCC7002_RS09820,SYNPCC7002_RS04260,0.0836792881193016
SYNPCC7002_RS08390,SYNPCC7002_RS06855,0.083675649339234
SYNPCC7002_RS08965,SYNPCC7002_RS02730,0.0836750760570259
SYNPCC7002_RS05460,SYNPCC7002_RS17010,0.0836702399956673
SYNPCC7002_RS08480,SYNPCC7002_RS13615,0.0836639126230942
SYNPCC7002_RS05135,SYNPCC7002_RS06025,0.0836603775221188
SYNPCC7002_RS10050,SYNPCC7002_RS15840,0.0836452614163181
SYNPCC7002_RS03030,SYNPCC7002_RS14160,0.083644303927357
SYNPCC7002_RS09630,SYNPCC7002_RS14575,0.0836286893100275
SYNPCC7002_RS04250,SYNPCC7002_RS01350,0.0836246940300223
SYNPCC7002_RS12395,SYNPCC7002_RS00340,0.0836245297512012
SYNPCC7002_RS15255,SYNPCC7002_RS07845,0.0836185340576285
SYNPCC7002_RS04780,SYNPCC7002_RS09840,0.0836093351380071
SYNPCC7002_RS00260,SYNPCC7002_RS11275,0.0836056404130675
SYNPCC7002_RS03030,SYNPCC7002_RS15755,0.0836033157970737
SYNPCC7002_RS07295,SYNPCC7002_RS13445,0.0835878845578143
SYNPCC7002_RS02410,SYNPCC7002_RS09080,0.0835804240707029
SYNPCC7002_RS07385,SYNPCC7002_RS10720,0.0835772311402317
SYNPCC7002_RS09845,SYNPCC7002_RS12680,0.0835710471475618
SYNPCC7002_RS07385,SYNPCC7002_RS01685,0.0835698982939913
SYNPCC7002_RS00640,SYNPCC7002_RS08770,0.0835588049325206
SYNPCC7002_RS04650,SYNPCC7002_RS13670,0.0835454975170649
SYNPCC7002_RS09845,SYNPCC7002_RS12200,0.0835444211393857
SYNPCC7002_RS11400,SYNPCC7002_RS02730,0.0835430343646154
SYNPCC7002_RS09630,SYNPCC7002_RS10635,0.0835388278192093
SYNPCC7002_RS04890,SYNPCC7002_RS03580,0.0835244252578603
SYNPCC7002_RS05985,SYNPCC7002_RS05485,0.0835199317135345
SYNPCC7002_RS09320,SYNPCC7002_RS12375,0.0835165128326662
SYNPCC7002_RS10050,SYNPCC7002_RS09575,0.0835136883875366
SYNPCC7002_RS09780,SYNPCC7002_RS04610,0.0835113393880991
SYNPCC7002_RS04780,SYNPCC7002_RS04445,0.0835110763550984
SYNPCC7002_RS03030,SYNPCC7002_RS03565,0.0835106775604815
SYNPCC7002_RS08175,SYNPCC7002_RS16165,0.0835017915000799
SYNPCC7002_RS08210,SYNPCC7002_RS10405,0.0835014331691193
SYNPCC7002_RS08390,SYNPCC7002_RS00395,0.0834880534978724
SYNPCC7002_RS04650,SYNPCC7002_RS11685,0.0834767248485376
SYNPCC7002_RS01420,SYNPCC7002_RS16735,0.0834668940752907
SYNPCC7002_RS12395,SYNPCC7002_RS06395,0.0834611274386823
SYNPCC7002_RS02455,SYNPCC7002_RS10750,0.0834611152581245
SYNPCC7002_RS01335,SYNPCC7002_RS14890,0.083451117756224
SYNPCC7002_RS09175,SYNPCC7002_RS15175,0.0834507071607176
SYNPCC7002_RS04780,SYNPCC7002_RS11380,0.0834464520417707
SYNPCC7002_RS15255,SYNPCC7002_RS09255,0.083444161089365
SYNPCC7002_RS04250,SYNPCC7002_RS14680,0.0834411113034915
SYNPCC7002_RS04680,SYNPCC7002_RS12305,0.083436227466939
SYNPCC7002_RS00650,SYNPCC7002_RS13120,0.0834305761805047
SYNPCC7002_RS08175,SYNPCC7002_RS06370,0.0834293496071717
SYNPCC7002_RS16320,SYNPCC7002_RS07190,0.0834285790294144
SYNPCC7002_RS10050,SYNPCC7002_RS01550,0.0834148565936524
SYNPCC7002_RS11400,SYNPCC7002_RS02735,0.0834128650222851
SYNPCC7002_RS15255,SYNPCC7002_RS01425,0.0834127565855168
SYNPCC7002_RS09630,SYNPCC7002_RS15925,0.0834014304146555
SYNPCC7002_RS02455,SYNPCC7002_RS01340,0.0833988667667714
SYNPCC7002_RS03030,SYNPCC7002_RS06445,0.0833948504381204
SYNPCC7002_RS05985,SYNPCC7002_RS04870,0.0833940043822641
SYNPCC7002_RS15520,SYNPCC7002_RS03485,0.0833913725384296
SYNPCC7002_RS12395,SYNPCC7002_RS05305,0.0833881245877904
SYNPCC7002_RS12395,SYNPCC7002_RS05130,0.0833879929031028
SYNPCC7002_RS15520,SYNPCC7002_RS14135,0.0833843320653183
SYNPCC7002_RS08210,SYNPCC7002_RS11700,0.0833749645025639
SYNPCC7002_RS03760,SYNPCC7002_RS13245,0.083371727922747
SYNPCC7002_RS11400,SYNPCC7002_RS02485,0.0833676019912337
SYNPCC7002_RS15520,SYNPCC7002_RS06405,0.0833663988805612
SYNPCC7002_RS01335,SYNPCC7002_RS15480,0.0833611970230702
SYNPCC7002_RS12090,SYNPCC7002_RS05910,0.0833582202989632
SYNPCC7002_RS15520,SYNPCC7002_RS06770,0.0833390551393605
SYNPCC7002_RS08860,SYNPCC7002_RS09210,0.0833359142545029
SYNPCC7002_RS04250,SYNPCC7002_RS05705,0.0833278680591916
SYNPCC7002_RS04890,SYNPCC7002_RS01930,0.0833230101789855
SYNPCC7002_RS09820,SYNPCC7002_RS15180,0.0833224724195801
SYNPCC7002_RS12515,SYNPCC7002_RS07520,0.0833223524035679
SYNPCC7002_RS12395,SYNPCC7002_RS17035,0.0833170182299105
SYNPCC7002_RS03950,SYNPCC7002_RS16920,0.0832947872949785
SYNPCC7002_RS01420,SYNPCC7002_RS02980,0.0832895030246819
SYNPCC7002_RS08390,SYNPCC7002_RS06155,0.0832851337938634
SYNPCC7002_RS03760,SYNPCC7002_RS02930,0.083284594506911
SYNPCC7002_RS08965,SYNPCC7002_RS16085,0.0832836384426767
SYNPCC7002_RS08965,SYNPCC7002_RS02595,0.0832678552177879
SYNPCC7002_RS00050,SYNPCC7002_RS17015,0.0832558427890618
SYNPCC7002_RS09820,SYNPCC7002_RS15075,0.083252661087843
SYNPCC7002_RS04890,SYNPCC7002_RS12690,0.0832483610393593
SYNPCC7002_RS07295,SYNPCC7002_RS16900,0.0832207843237519
SYNPCC7002_RS09320,SYNPCC7002_RS04810,0.0832094060714759
SYNPCC7002_RS06150,SYNPCC7002_RS14610,0.0832043098979368
SYNPCC7002_RS01800,SYNPCC7002_RS10760,0.0832007588900059
SYNPCC7002_RS00050,SYNPCC7002_RS11460,0.0831950238843079
SYNPCC7002_RS10050,SYNPCC7002_RS13535,0.0831943728323841
SYNPCC7002_RS12090,SYNPCC7002_RS11290,0.0831936067894171
SYNPCC7002_RS00260,SYNPCC7002_RS10170,0.0831883824218675
SYNPCC7002_RS09175,SYNPCC7002_RS04300,0.0831839742920873
SYNPCC7002_RS00640,SYNPCC7002_RS15945,0.0831714193476155
SYNPCC7002_RS03030,SYNPCC7002_RS15520,0.0831704180118114
SYNPCC7002_RS15995,SYNPCC7002_RS08025,0.0831643740100652
SYNPCC7002_RS08965,SYNPCC7002_RS03565,0.0831532101603684
SYNPCC7002_RS03295,SYNPCC7002_RS06565,0.083151747347146
SYNPCC7002_RS08945,SYNPCC7002_RS11960,0.0831442659025436
SYNPCC7002_RS09780,SYNPCC7002_RS14735,0.0831423116405742
SYNPCC7002_RS10050,SYNPCC7002_RS04110,0.0831410614576308
SYNPCC7002_RS02715,SYNPCC7002_RS15795,0.0831407538861944
SYNPCC7002_RS04250,SYNPCC7002_RS07275,0.0831280517453996
SYNPCC7002_RS15030,SYNPCC7002_RS14985,0.0831258194659538
SYNPCC7002_RS07385,SYNPCC7002_RS02670,0.083122711513436
SYNPCC7002_RS07385,SYNPCC7002_RS03805,0.0831194796170905
SYNPCC7002_RS08210,SYNPCC7002_RS05745,0.08309007952163
SYNPCC7002_RS09320,SYNPCC7002_RS16200,0.0830900176898975
SYNPCC7002_RS05135,SYNPCC7002_RS03510,0.0830889992880863
SYNPCC7002_RS12395,SYNPCC7002_RS04090,0.083080414134704
SYNPCC7002_RS05985,SYNPCC7002_RS04875,0.0830781282007132
SYNPCC7002_RS03030,SYNPCC7002_RS01225,0.0830764823298506
SYNPCC7002_RS00640,SYNPCC7002_RS15590,0.0830717529201656
SYNPCC7002_RS10050,SYNPCC7002_RS02170,0.0830687495926011
SYNPCC7002_RS08965,SYNPCC7002_RS11975,0.0830602091367855
SYNPCC7002_RS07385,SYNPCC7002_RS08985,0.083058548330827
SYNPCC7002_RS15520,SYNPCC7002_RS14695,0.083052499261164
SYNPCC7002_RS12515,SYNPCC7002_RS06830,0.0830463849864924
SYNPCC7002_RS15680,SYNPCC7002_RS09000,0.0830443406362713
SYNPCC7002_RS08175,SYNPCC7002_RS12685,0.0830238056407706
SYNPCC7002_RS03950,SYNPCC7002_RS08045,0.0830225973202535
SYNPCC7002_RS11400,SYNPCC7002_RS10180,0.0830216101618678
SYNPCC7002_RS05985,SYNPCC7002_RS02440,0.0830211446738465
SYNPCC7002_RS04290,SYNPCC7002_RS01340,0.0830211298509856
SYNPCC7002_RS00050,SYNPCC7002_RS10725,0.0830184807534053
SYNPCC7002_RS09260,SYNPCC7002_RS04990,0.083016906050579
SYNPCC7002_RS05460,SYNPCC7002_RS15550,0.0830072478827897
SYNPCC7002_RS15520,SYNPCC7002_RS04530,0.0830031174770787
SYNPCC7002_RS09630,SYNPCC7002_RS13495,0.0830030291552587
SYNPCC7002_RS07295,SYNPCC7002_RS07405,0.0830027649470738
SYNPCC7002_RS00260,SYNPCC7002_RS09810,0.0830008160321845
SYNPCC7002_RS04680,SYNPCC7002_RS06120,0.0829969389120522
SYNPCC7002_RS12090,SYNPCC7002_RS05900,0.0829960126538358
SYNPCC7002_RS08210,SYNPCC7002_RS09295,0.0829959783673003
SYNPCC7002_RS11685,SYNPCC7002_RS06320,0.0829954358270267
SYNPCC7002_RS00010,SYNPCC7002_RS13265,0.0829952579773731
SYNPCC7002_RS01335,SYNPCC7002_RS07170,0.0829871764335828
SYNPCC7002_RS08945,SYNPCC7002_RS11155,0.0829756844079718
SYNPCC7002_RS05985,SYNPCC7002_RS16995,0.0829603109422095
SYNPCC7002_RS09780,SYNPCC7002_RS16605,0.0829577055248852
SYNPCC7002_RS06540,SYNPCC7002_RS07030,0.0829549455024611
SYNPCC7002_RS15520,SYNPCC7002_RS12045,0.082953901916201
SYNPCC7002_RS15410,SYNPCC7002_RS15525,0.0829491351984227
SYNPCC7002_RS04780,SYNPCC7002_RS04345,0.0829481941702725
SYNPCC7002_RS09995,SYNPCC7002_RS09125,0.0829443381315457
SYNPCC7002_RS14790,SYNPCC7002_RS14765,0.0829423618692868
SYNPCC7002_RS03030,SYNPCC7002_RS04055,0.0829384837478851
SYNPCC7002_RS15255,SYNPCC7002_RS02035,0.0829362130878864
SYNPCC7002_RS08965,SYNPCC7002_RS13715,0.0829336710690574
SYNPCC7002_RS05985,SYNPCC7002_RS04085,0.082932932762526
SYNPCC7002_RS09780,SYNPCC7002_RS11355,0.082931703901686
SYNPCC7002_RS09630,SYNPCC7002_RS02065,0.0829178097412982
SYNPCC7002_RS09995,SYNPCC7002_RS10315,0.0829131705879942
SYNPCC7002_RS04250,SYNPCC7002_RS13630,0.0829128926408024
SYNPCC7002_RS04890,SYNPCC7002_RS08295,0.0829110966233096
SYNPCC7002_RS00260,SYNPCC7002_RS15375,0.0829109212465855
SYNPCC7002_RS15520,SYNPCC7002_RS12745,0.0829027870303166
SYNPCC7002_RS01335,SYNPCC7002_RS03450,0.0829008024415399
SYNPCC7002_RS12395,SYNPCC7002_RS16815,0.082900730641508
SYNPCC7002_RS12105,SYNPCC7002_RS00660,0.0828987875671784
SYNPCC7002_RS11400,SYNPCC7002_RS11070,0.0828977910858305
SYNPCC7002_RS10050,SYNPCC7002_RS08045,0.0828897058636122
SYNPCC7002_RS16160,SYNPCC7002_RS17045,0.0828847556276936
SYNPCC7002_RS09320,SYNPCC7002_RS06775,0.082843786153135
SYNPCC7002_RS12395,SYNPCC7002_RS01760,0.0828287571198407
SYNPCC7002_RS15520,SYNPCC7002_RS13325,0.0828205217288777
SYNPCC7002_RS07295,SYNPCC7002_RS13610,0.0828099594926102
SYNPCC7002_RS15255,SYNPCC7002_RS04665,0.0828054251985215
SYNPCC7002_RS04780,SYNPCC7002_RS13365,0.0828044321807796
SYNPCC7002_RS00690,SYNPCC7002_RS04755,0.0827978565707672
SYNPCC7002_RS05135,SYNPCC7002_RS01930,0.0827930897887958
SYNPCC7002_RS01335,SYNPCC7002_RS15470,0.0827892294740579
SYNPCC7002_RS09995,SYNPCC7002_RS00710,0.0827852558216425
SYNPCC7002_RS12395,SYNPCC7002_RS07590,0.0827841282544966
SYNPCC7002_RS00010,SYNPCC7002_RS01760,0.0827461083444859
SYNPCC7002_RS01420,SYNPCC7002_RS07890,0.0827454021964195
SYNPCC7002_RS09630,SYNPCC7002_RS10115,0.0827428940702129
SYNPCC7002_RS01420,SYNPCC7002_RS12190,0.0827348576635096
SYNPCC7002_RS08945,SYNPCC7002_RS14010,0.0827320038829933
SYNPCC7002_RS15520,SYNPCC7002_RS11720,0.0827261854733729
SYNPCC7002_RS16320,SYNPCC7002_RS14410,0.0827192747511016
SYNPCC7002_RS15520,SYNPCC7002_RS08730,0.0827147384307806
SYNPCC7002_RS12105,SYNPCC7002_RS11115,0.0827106656901858
SYNPCC7002_RS09780,SYNPCC7002_RS06050,0.0827084554990716
SYNPCC7002_RS10050,SYNPCC7002_RS11015,0.0827078337224577
SYNPCC7002_RS04890,SYNPCC7002_RS13535,0.0827027647168565
SYNPCC7002_RS08965,SYNPCC7002_RS06560,0.0826966073395258
SYNPCC7002_RS11685,SYNPCC7002_RS12690,0.082694388235525
SYNPCC7002_RS03950,SYNPCC7002_RS14840,0.0826866376623833
SYNPCC7002_RS04650,SYNPCC7002_RS04960,0.0826863335418429
SYNPCC7002_RS10050,SYNPCC7002_RS04300,0.0826840486990421
SYNPCC7002_RS01800,SYNPCC7002_RS00535,0.0826824480127476
SYNPCC7002_RS14790,SYNPCC7002_RS16160,0.0826797455743456
SYNPCC7002_RS01335,SYNPCC7002_RS06495,0.0826796462897343
SYNPCC7002_RS03950,SYNPCC7002_RS11555,0.0826782001870038
SYNPCC7002_RS06540,SYNPCC7002_RS10120,0.0826728606442926
SYNPCC7002_RS08480,SYNPCC7002_RS11185,0.0826708537928756
SYNPCC7002_RS03760,SYNPCC7002_RS13015,0.0826593820771895
SYNPCC7002_RS04780,SYNPCC7002_RS13320,0.0826590786903096
SYNPCC7002_RS04780,SYNPCC7002_RS12750,0.0826558451775606
SYNPCC7002_RS06150,SYNPCC7002_RS02345,0.0826541071434269
SYNPCC7002_RS01335,SYNPCC7002_RS07175,0.0826531999991696
SYNPCC7002_RS08390,SYNPCC7002_RS14360,0.0826495561407924
SYNPCC7002_RS13450,SYNPCC7002_RS07920,0.0826474592951784
SYNPCC7002_RS08860,SYNPCC7002_RS12980,0.0826448390974983
SYNPCC7002_RS12395,SYNPCC7002_RS08555,0.0826446456162857
SYNPCC7002_RS01085,SYNPCC7002_RS14910,0.082638595652566
SYNPCC7002_RS03030,SYNPCC7002_RS09550,0.0826354620763819
SYNPCC7002_RS08210,SYNPCC7002_RS03590,0.0826313844678998
SYNPCC7002_RS04890,SYNPCC7002_RS07595,0.0826201697724948
SYNPCC7002_RS10050,SYNPCC7002_RS11000,0.08261900519173
SYNPCC7002_RS15520,SYNPCC7002_RS04575,0.082614132032578
SYNPCC7002_RS12515,SYNPCC7002_RS01615,0.0826123510693871
SYNPCC7002_RS05135,SYNPCC7002_RS04370,0.082601085548274
SYNPCC7002_RS12105,SYNPCC7002_RS14680,0.0825974362300435
SYNPCC7002_RS12395,SYNPCC7002_RS10980,0.0825947028472805
SYNPCC7002_RS04890,SYNPCC7002_RS16815,0.082582049136778
SYNPCC7002_RS05135,SYNPCC7002_RS07745,0.082577803822135
SYNPCC7002_RS04650,SYNPCC7002_RS05005,0.0825740397169524
SYNPCC7002_RS08965,SYNPCC7002_RS00145,0.0825722235666525
SYNPCC7002_RS08965,SYNPCC7002_RS07380,0.0825583381726718
SYNPCC7002_RS11400,SYNPCC7002_RS01605,0.082552821941584
SYNPCC7002_RS02455,SYNPCC7002_RS15815,0.0825497427707141
SYNPCC7002_RS11685,SYNPCC7002_RS04845,0.082546280979897
SYNPCC7002_RS07385,SYNPCC7002_RS09615,0.0825393454076474
SYNPCC7002_RS09630,SYNPCC7002_RS14050,0.0825379550293348
SYNPCC7002_RS02715,SYNPCC7002_RS04200,0.0825312658546821
SYNPCC7002_RS02715,SYNPCC7002_RS13050,0.0825291817859728
SYNPCC7002_RS15520,SYNPCC7002_RS02525,0.0825180510398508
SYNPCC7002_RS09820,SYNPCC7002_RS09410,0.0825146386725243
SYNPCC7002_RS08965,SYNPCC7002_RS06415,0.0825110273390259
SYNPCC7002_RS05985,SYNPCC7002_RS13125,0.0825103741493588
SYNPCC7002_RS09780,SYNPCC7002_RS06615,0.0824968240704132
SYNPCC7002_RS05460,SYNPCC7002_RS15990,0.0824806381513013
SYNPCC7002_RS00050,SYNPCC7002_RS13630,0.0824764425928145
SYNPCC7002_RS08390,SYNPCC7002_RS15935,0.0824752317507621
SYNPCC7002_RS03760,SYNPCC7002_RS02220,0.0824726774297757
SYNPCC7002_RS15255,SYNPCC7002_RS05675,0.0824692005367477
SYNPCC7002_RS09780,SYNPCC7002_RS15145,0.0824651008081147
SYNPCC7002_RS04780,SYNPCC7002_RS05635,0.0824472151009044
SYNPCC7002_RS05135,SYNPCC7002_RS11330,0.0824469167809127
SYNPCC7002_RS05460,SYNPCC7002_RS16990,0.0824434787414862
SYNPCC7002_RS03760,SYNPCC7002_RS00345,0.0824418161734986
SYNPCC7002_RS09630,SYNPCC7002_RS05690,0.0824401685881817
SYNPCC7002_RS03030,SYNPCC7002_RS06375,0.0824362113049324
SYNPCC7002_RS04780,SYNPCC7002_RS04750,0.0824192479698814
SYNPCC7002_RS15520,SYNPCC7002_RS01425,0.0824186121912975
SYNPCC7002_RS09320,SYNPCC7002_RS11290,0.0824119979326178
SYNPCC7002_RS01420,SYNPCC7002_RS08315,0.0824069367509249
SYNPCC7002_RS04890,SYNPCC7002_RS17035,0.0823993940056761
SYNPCC7002_RS09995,SYNPCC7002_RS02935,0.082388994678025
SYNPCC7002_RS03760,SYNPCC7002_RS03730,0.0823691963846273
SYNPCC7002_RS10050,SYNPCC7002_RS02510,0.082368764527121
SYNPCC7002_RS08175,SYNPCC7002_RS03405,0.0823549841645407
SYNPCC7002_RS10050,SYNPCC7002_RS10610,0.0823535509656148
SYNPCC7002_RS01800,SYNPCC7002_RS09050,0.0823511534214187
SYNPCC7002_RS05985,SYNPCC7002_RS13815,0.0823500140329969
SYNPCC7002_RS08175,SYNPCC7002_RS16980,0.0823484987405417
SYNPCC7002_RS01800,SYNPCC7002_RS06530,0.0823447018831085
SYNPCC7002_RS00010,SYNPCC7002_RS12935,0.08233369399894
SYNPCC7002_RS03030,SYNPCC7002_RS00130,0.0823324038097488
SYNPCC7002_RS03030,SYNPCC7002_RS03855,0.0823254709519055
SYNPCC7002_RS06540,SYNPCC7002_RS00115,0.0823186679391959
SYNPCC7002_RS04780,SYNPCC7002_RS12305,0.0823145931745245
SYNPCC7002_RS05985,SYNPCC7002_RS13630,0.0823144580556183
SYNPCC7002_RS08965,SYNPCC7002_RS03470,0.082314424972508
SYNPCC7002_RS05135,SYNPCC7002_RS01515,0.0823123949600117
SYNPCC7002_RS12395,SYNPCC7002_RS14730,0.0822978363769987
SYNPCC7002_RS09175,SYNPCC7002_RS01945,0.0822970314619424
SYNPCC7002_RS08945,SYNPCC7002_RS13600,0.0822955712066268
SYNPCC7002_RS03030,SYNPCC7002_RS01385,0.0822926082204565
SYNPCC7002_RS08390,SYNPCC7002_RS15690,0.0822873379653961
SYNPCC7002_RS04780,SYNPCC7002_RS07325,0.0822807503101205
SYNPCC7002_RS08965,SYNPCC7002_RS04390,0.082279359761561
SYNPCC7002_RS09995,SYNPCC7002_RS02620,0.0822771655975525
SYNPCC7002_RS11685,SYNPCC7002_RS10130,0.0822753293555815
SYNPCC7002_RS07295,SYNPCC7002_RS00835,0.0822717569646053
SYNPCC7002_RS10050,SYNPCC7002_RS14420,0.0822597183151319
SYNPCC7002_RS09630,SYNPCC7002_RS16925,0.0822546560074099
SYNPCC7002_RS09780,SYNPCC7002_RS05070,0.0822496274620189
SYNPCC7002_RS04780,SYNPCC7002_RS16070,0.0822453391616457
SYNPCC7002_RS12395,SYNPCC7002_RS08060,0.082243789556579
SYNPCC7002_RS04780,SYNPCC7002_RS01620,0.0822354482858708
SYNPCC7002_RS09820,SYNPCC7002_RS05880,0.0822336815623218
SYNPCC7002_RS09780,SYNPCC7002_RS14755,0.0822293655944829
SYNPCC7002_RS10050,SYNPCC7002_RS01330,0.0822161695936617
SYNPCC7002_RS12105,SYNPCC7002_RS00050,0.0822156522333811
SYNPCC7002_RS15520,SYNPCC7002_RS16270,0.0822155577237454
SYNPCC7002_RS02715,SYNPCC7002_RS15125,0.0822028651741526
SYNPCC7002_RS09995,SYNPCC7002_RS02260,0.0822017957544111
SYNPCC7002_RS05985,SYNPCC7002_RS01350,0.0821887851515892
SYNPCC7002_RS09175,SYNPCC7002_RS04415,0.082188469912019
SYNPCC7002_RS04650,SYNPCC7002_RS04585,0.0821850303879623
SYNPCC7002_RS06540,SYNPCC7002_RS11615,0.0821819252099358
SYNPCC7002_RS12395,SYNPCC7002_RS16960,0.0821803586892852
SYNPCC7002_RS01800,SYNPCC7002_RS08880,0.0821802088069385
SYNPCC7002_RS01420,SYNPCC7002_RS05205,0.0821797155588556
SYNPCC7002_RS08210,SYNPCC7002_RS01875,0.0821702685946062
SYNPCC7002_RS05460,SYNPCC7002_RS15075,0.082162164056269
SYNPCC7002_RS09995,SYNPCC7002_RS05975,0.0821610226646522
SYNPCC7002_RS15255,SYNPCC7002_RS08405,0.0821577408458851
SYNPCC7002_RS04890,SYNPCC7002_RS00270,0.0821568735061608
SYNPCC7002_RS15680,SYNPCC7002_RS02060,0.0821415309093487
SYNPCC7002_RS03760,SYNPCC7002_RS02955,0.0821389864802335
SYNPCC7002_RS04890,SYNPCC7002_RS10855,0.0821334576636349
SYNPCC7002_RS06150,SYNPCC7002_RS16950,0.0821295392457906
SYNPCC7002_RS04780,SYNPCC7002_RS11145,0.0821249554604288
SYNPCC7002_RS09780,SYNPCC7002_RS03245,0.0821227789179754
SYNPCC7002_RS05985,SYNPCC7002_RS12265,0.0821203415802553
SYNPCC7002_RS15680,SYNPCC7002_RS04140,0.082118611415342
SYNPCC7002_RS15520,SYNPCC7002_RS15740,0.0821103252159636
SYNPCC7002_RS04250,SYNPCC7002_RS14295,0.082109191275199
SYNPCC7002_RS06150,SYNPCC7002_RS03600,0.0821070608691041
SYNPCC7002_RS07385,SYNPCC7002_RS05635,0.0821018897958116
SYNPCC7002_RS04780,SYNPCC7002_RS00025,0.0821002726878361
SYNPCC7002_RS12395,SYNPCC7002_RS11530,0.0820953966662731
SYNPCC7002_RS04780,SYNPCC7002_RS13020,0.0820823154983797
SYNPCC7002_RS03030,SYNPCC7002_RS07155,0.0820782067356345
SYNPCC7002_RS11400,SYNPCC7002_RS10755,0.082068651976976
SYNPCC7002_RS05460,SYNPCC7002_RS16840,0.0820648798749359
SYNPCC7002_RS01335,SYNPCC7002_RS02020,0.082061399018145
SYNPCC7002_RS06165,SYNPCC7002_RS10365,0.0820513409883638
SYNPCC7002_RS04680,SYNPCC7002_RS08160,0.0820456931286996
SYNPCC7002_RS15520,SYNPCC7002_RS06120,0.0820377681555642
SYNPCC7002_RS00650,SYNPCC7002_RS12115,0.0820365453917541
SYNPCC7002_RS04890,SYNPCC7002_RS02390,0.0820324088940869
SYNPCC7002_RS12395,SYNPCC7002_RS03740,0.0820228873992312
SYNPCC7002_RS00635,SYNPCC7002_RS01250,0.0820185140006725
SYNPCC7002_RS12515,SYNPCC7002_RS03930,0.0820161011517691
SYNPCC7002_RS08965,SYNPCC7002_RS01705,0.0820138166040988
SYNPCC7002_RS05985,SYNPCC7002_RS07500,0.0820106531127564
SYNPCC7002_RS12090,SYNPCC7002_RS16025,0.0820070836810651
SYNPCC7002_RS03030,SYNPCC7002_RS00845,0.0820049375411013
SYNPCC7002_RS05135,SYNPCC7002_RS05595,0.0820012310964233
SYNPCC7002_RS08255,SYNPCC7002_RS06805,0.0819855084145169
SYNPCC7002_RS02455,SYNPCC7002_RS14155,0.0819848601790205
SYNPCC7002_RS09820,SYNPCC7002_RS13735,0.0819838371275155
SYNPCC7002_RS08210,SYNPCC7002_RS08540,0.0819749863597743
SYNPCC7002_RS00640,SYNPCC7002_RS10930,0.0819738671046913
SYNPCC7002_RS09195,SYNPCC7002_RS13040,0.0819724636882705
SYNPCC7002_RS09780,SYNPCC7002_RS13095,0.081969889826796
SYNPCC7002_RS06540,SYNPCC7002_RS01615,0.0819666272657614
SYNPCC7002_RS05135,SYNPCC7002_RS07795,0.0819650260810754
SYNPCC7002_RS03295,SYNPCC7002_RS03330,0.0819645773261088
SYNPCC7002_RS08390,SYNPCC7002_RS13695,0.08196407369947
SYNPCC7002_RS09780,SYNPCC7002_RS00810,0.0819632166200836
SYNPCC7002_RS04250,SYNPCC7002_RS05430,0.081960115353158
SYNPCC7002_RS02715,SYNPCC7002_RS15735,0.0819589689356434
SYNPCC7002_RS03295,SYNPCC7002_RS15490,0.0819460572191258
SYNPCC7002_RS00640,SYNPCC7002_RS05945,0.0819455061899974
SYNPCC7002_RS00650,SYNPCC7002_RS00635,0.0819382008802413
SYNPCC7002_RS05985,SYNPCC7002_RS07085,0.0819313496128438
SYNPCC7002_RS04890,SYNPCC7002_RS03280,0.081930998833185
SYNPCC7002_RS09630,SYNPCC7002_RS02895,0.0819274213514773
SYNPCC7002_RS01420,SYNPCC7002_RS10760,0.081925069471875
SYNPCC7002_RS04250,SYNPCC7002_RS11960,0.0819176809468774
SYNPCC7002_RS01335,SYNPCC7002_RS07310,0.0819008073628746
SYNPCC7002_RS08390,SYNPCC7002_RS15800,0.0818933684580763
SYNPCC7002_RS12395,SYNPCC7002_RS00345,0.0818884538559428
SYNPCC7002_RS12395,SYNPCC7002_RS02215,0.0818822657738541
SYNPCC7002_RS08210,SYNPCC7002_RS02620,0.081876160799698
SYNPCC7002_RS15995,SYNPCC7002_RS05680,0.0818721742364779
SYNPCC7002_RS12395,SYNPCC7002_RS07730,0.0818604096465231
SYNPCC7002_RS03030,SYNPCC7002_RS11220,0.0818603305484087
SYNPCC7002_RS08210,SYNPCC7002_RS02525,0.0818434237097173
SYNPCC7002_RS08175,SYNPCC7002_RS06755,0.0818322640390668
SYNPCC7002_RS14440,SYNPCC7002_RS17245,0.0818307123521041
SYNPCC7002_RS12395,SYNPCC7002_RS14300,0.0818303046473432
SYNPCC7002_RS00010,SYNPCC7002_RS12205,0.0818230026056789
SYNPCC7002_RS08860,SYNPCC7002_RS08685,0.0818174818686644
SYNPCC7002_RS08965,SYNPCC7002_RS08540,0.0818089861783617
SYNPCC7002_RS05135,SYNPCC7002_RS09460,0.0818000493571301
SYNPCC7002_RS15410,SYNPCC7002_RS07660,0.0817859493916974
SYNPCC7002_RS00050,SYNPCC7002_RS08925,0.0817761771212312
SYNPCC7002_RS13450,SYNPCC7002_RS09165,0.0817708677175937
SYNPCC7002_RS12105,SYNPCC7002_RS08265,0.0817708567812701
SYNPCC7002_RS00050,SYNPCC7002_RS08470,0.0817694772878031
SYNPCC7002_RS07385,SYNPCC7002_RS03030,0.0817680562771543
SYNPCC7002_RS00640,SYNPCC7002_RS04915,0.0817648284706641
SYNPCC7002_RS05135,SYNPCC7002_RS11000,0.0817606208533685
SYNPCC7002_RS08390,SYNPCC7002_RS00150,0.0817538290897847
SYNPCC7002_RS12395,SYNPCC7002_RS05595,0.0817463443010791
SYNPCC7002_RS09630,SYNPCC7002_RS00970,0.0817432889876732
SYNPCC7002_RS08390,SYNPCC7002_RS12215,0.0817415318012106
SYNPCC7002_RS00010,SYNPCC7002_RS14835,0.0817293897360343
SYNPCC7002_RS12395,SYNPCC7002_RS03680,0.0817231831696969
SYNPCC7002_RS12515,SYNPCC7002_RS03515,0.0817203030927749
SYNPCC7002_RS08390,SYNPCC7002_RS10580,0.0817198457371231
SYNPCC7002_RS08390,SYNPCC7002_RS15950,0.0817183145403515
SYNPCC7002_RS12395,SYNPCC7002_RS09520,0.0817182768594684
SYNPCC7002_RS07385,SYNPCC7002_RS10235,0.0817133830769094
SYNPCC7002_RS04680,SYNPCC7002_RS10445,0.0817081923478209
SYNPCC7002_RS15520,SYNPCC7002_RS14915,0.0817052677996081
SYNPCC7002_RS06540,SYNPCC7002_RS01190,0.081703140814046
SYNPCC7002_RS08945,SYNPCC7002_RS01400,0.081699087646292
SYNPCC7002_RS12515,SYNPCC7002_RS08050,0.0816944120379178
SYNPCC7002_RS04650,SYNPCC7002_RS04010,0.0816869558047092
SYNPCC7002_RS08390,SYNPCC7002_RS09625,0.0816862740919978
SYNPCC7002_RS00050,SYNPCC7002_RS16605,0.0816749455196811
SYNPCC7002_RS04250,SYNPCC7002_RS11450,0.0816719310310142
SYNPCC7002_RS11400,SYNPCC7002_RS03965,0.0816645873348639
SYNPCC7002_RS00050,SYNPCC7002_RS13255,0.0816622847743699
SYNPCC7002_RS09995,SYNPCC7002_RS04465,0.0816469796319698
SYNPCC7002_RS05135,SYNPCC7002_RS05115,0.0816426472798005
SYNPCC7002_RS09780,SYNPCC7002_RS00405,0.0816271943038897
SYNPCC7002_RS15520,SYNPCC7002_RS15190,0.0816241694024517
SYNPCC7002_RS08945,SYNPCC7002_RS09610,0.0816130186048388
SYNPCC7002_RS12515,SYNPCC7002_RS04780,0.0816083478805193
SYNPCC7002_RS08255,SYNPCC7002_RS02535,0.0816064326500762
SYNPCC7002_RS15680,SYNPCC7002_RS05345,0.0816031148696812
SYNPCC7002_RS12090,SYNPCC7002_RS12595,0.0816015618164438
SYNPCC7002_RS10145,SYNPCC7002_RS03985,0.0815963293862254
SYNPCC7002_RS08210,SYNPCC7002_RS14130,0.0815879439544552
SYNPCC7002_RS04650,SYNPCC7002_RS16635,0.0815834230856047
SYNPCC7002_RS11685,SYNPCC7002_RS05005,0.0815759094581246
SYNPCC7002_RS12395,SYNPCC7002_RS10735,0.0815753814165684
SYNPCC7002_RS12515,SYNPCC7002_RS01215,0.0815706429378227
SYNPCC7002_RS01420,SYNPCC7002_RS10275,0.0815685444072936
SYNPCC7002_RS11400,SYNPCC7002_RS00210,0.0815615688522017
SYNPCC7002_RS05460,SYNPCC7002_RS10195,0.0815611691741215
SYNPCC7002_RS03030,SYNPCC7002_RS12780,0.0815603144621868
SYNPCC7002_RS08390,SYNPCC7002_RS08560,0.0815571047078002
SYNPCC7002_RS04780,SYNPCC7002_RS04545,0.0815535492876799
SYNPCC7002_RS03030,SYNPCC7002_RS13635,0.0815517860529883
SYNPCC7002_RS02455,SYNPCC7002_RS01125,0.0815512452949608
SYNPCC7002_RS08965,SYNPCC7002_RS00220,0.0815448554602496
SYNPCC7002_RS08945,SYNPCC7002_RS01835,0.0815409167893222
SYNPCC7002_RS01335,SYNPCC7002_RS08625,0.0815396315452014
SYNPCC7002_RS11685,SYNPCC7002_RS16960,0.0815393934442049
SYNPCC7002_RS04650,SYNPCC7002_RS12020,0.0815391109177567
SYNPCC7002_RS08965,SYNPCC7002_RS06205,0.0815385801359052
SYNPCC7002_RS09320,SYNPCC7002_RS11680,0.0815362809142634
SYNPCC7002_RS15255,SYNPCC7002_RS14770,0.081525057125614
SYNPCC7002_RS12090,SYNPCC7002_RS09960,0.0815203996147744
SYNPCC7002_RS04250,SYNPCC7002_RS08400,0.0815189868672611
SYNPCC7002_RS05135,SYNPCC7002_RS11005,0.0815111159916104
SYNPCC7002_RS01335,SYNPCC7002_RS01245,0.0815007033600023
SYNPCC7002_RS08965,SYNPCC7002_RS16740,0.0815000577819271
SYNPCC7002_RS15030,SYNPCC7002_RS14970,0.0814987389105136
SYNPCC7002_RS09175,SYNPCC7002_RS15070,0.0814919677313486
SYNPCC7002_RS03030,SYNPCC7002_RS00655,0.0814910531292332
SYNPCC7002_RS08965,SYNPCC7002_RS06290,0.0814899444882035
SYNPCC7002_RS15520,SYNPCC7002_RS08540,0.0814876306890898
SYNPCC7002_RS09320,SYNPCC7002_RS11545,0.0814854568932207
SYNPCC7002_RS00260,SYNPCC7002_RS04000,0.0814642693232551
SYNPCC7002_RS05135,SYNPCC7002_RS09305,0.0814580390022532
SYNPCC7002_RS15520,SYNPCC7002_RS01815,0.0814559495264294
SYNPCC7002_RS04250,SYNPCC7002_RS04385,0.081455644792722
SYNPCC7002_RS09780,SYNPCC7002_RS08925,0.0814499958515383
SYNPCC7002_RS01420,SYNPCC7002_RS11585,0.0814499517804273
SYNPCC7002_RS07385,SYNPCC7002_RS05855,0.0814478956538479
SYNPCC7002_RS01335,SYNPCC7002_RS06085,0.0814388857986186
SYNPCC7002_RS15680,SYNPCC7002_RS13185,0.0814219987999313
SYNPCC7002_RS04680,SYNPCC7002_RS00965,0.0814183696555287
SYNPCC7002_RS09780,SYNPCC7002_RS15110,0.0814158400815875
SYNPCC7002_RS08255,SYNPCC7002_RS02855,0.0814110275810438
SYNPCC7002_RS02715,SYNPCC7002_RS10995,0.0814055420883833
SYNPCC7002_RS15255,SYNPCC7002_RS02600,0.0813963314654393
SYNPCC7002_RS04250,SYNPCC7002_RS09280,0.0813813117606528
SYNPCC7002_RS07295,SYNPCC7002_RS13595,0.0813700067737668
SYNPCC7002_RS09780,SYNPCC7002_RS09300,0.081369635606473
SYNPCC7002_RS07295,SYNPCC7002_RS04830,0.0813649491131003
SYNPCC7002_RS12395,SYNPCC7002_RS05300,0.0813448302979155
SYNPCC7002_RS08965,SYNPCC7002_RS02885,0.0813438280337934
SYNPCC7002_RS04650,SYNPCC7002_RS16735,0.0813348479516979
SYNPCC7002_RS02715,SYNPCC7002_RS08370,0.0813346332222903
SYNPCC7002_RS08945,SYNPCC7002_RS10735,0.0813284110752045
SYNPCC7002_RS12105,SYNPCC7002_RS11075,0.0813263169615531
SYNPCC7002_RS03030,SYNPCC7002_RS15740,0.0813240421014233
SYNPCC7002_RS09320,SYNPCC7002_RS13250,0.0813238989674378
SYNPCC7002_RS00010,SYNPCC7002_RS03320,0.081313449214063
SYNPCC7002_RS04680,SYNPCC7002_RS06795,0.081311835471139
SYNPCC7002_RS05135,SYNPCC7002_RS16815,0.0813060850649124
SYNPCC7002_RS10050,SYNPCC7002_RS06825,0.0813007701626251
SYNPCC7002_RS16320,SYNPCC7002_RS15310,0.0812900680855327
SYNPCC7002_RS09630,SYNPCC7002_RS12195,0.0812858432274443
SYNPCC7002_RS08965,SYNPCC7002_RS11970,0.0812800993055469
SYNPCC7002_RS00050,SYNPCC7002_RS12815,0.081265846487801
SYNPCC7002_RS07385,SYNPCC7002_RS13415,0.0812606729573624
SYNPCC7002_RS07385,SYNPCC7002_RS01265,0.081259474698935
SYNPCC7002_RS06150,SYNPCC7002_RS12865,0.0812578960090998
SYNPCC7002_RS04250,SYNPCC7002_RS07350,0.0812362993360962
SYNPCC7002_RS12515,SYNPCC7002_RS16615,0.0812266214828188
SYNPCC7002_RS09320,SYNPCC7002_RS01080,0.0812254798913429
SYNPCC7002_RS05135,SYNPCC7002_RS01980,0.0812196299054633
SYNPCC7002_RS09320,SYNPCC7002_RS01875,0.0812117287984142
SYNPCC7002_RS10050,SYNPCC7002_RS10940,0.081210270048558
SYNPCC7002_RS09630,SYNPCC7002_RS06200,0.0812069287378147
SYNPCC7002_RS06150,SYNPCC7002_RS09695,0.0812040004372847
SYNPCC7002_RS04780,SYNPCC7002_RS13200,0.0811967238386067
SYNPCC7002_RS08965,SYNPCC7002_RS01290,0.0811945036996499
SYNPCC7002_RS01335,SYNPCC7002_RS13155,0.0811838465516622
SYNPCC7002_RS09780,SYNPCC7002_RS15725,0.0811821043670058
SYNPCC7002_RS12090,SYNPCC7002_RS11080,0.081180525574193
SYNPCC7002_RS08965,SYNPCC7002_RS01605,0.0811705085502377
SYNPCC7002_RS09320,SYNPCC7002_RS01600,0.0811661968863742
SYNPCC7002_RS09630,SYNPCC7002_RS02000,0.0811656274577305
SYNPCC7002_RS08255,SYNPCC7002_RS01065,0.0811627394662838
SYNPCC7002_RS04250,SYNPCC7002_RS13955,0.0811590679879763
SYNPCC7002_RS10050,SYNPCC7002_RS03210,0.0811332611993204
SYNPCC7002_RS09995,SYNPCC7002_RS06700,0.0811304543272651
SYNPCC7002_RS15255,SYNPCC7002_RS09310,0.0811284000360251
SYNPCC7002_RS07385,SYNPCC7002_RS00435,0.0811253073312957
SYNPCC7002_RS12515,SYNPCC7002_RS13280,0.081121630959652
SYNPCC7002_RS04890,SYNPCC7002_RS06175,0.0811038142943237
SYNPCC7002_RS00050,SYNPCC7002_RS03715,0.0811033985736766
SYNPCC7002_RS15410,SYNPCC7002_RS03605,0.0810982421833961
SYNPCC7002_RS15535,SYNPCC7002_RS03350,0.0810941493140722
SYNPCC7002_RS15030,SYNPCC7002_RS13290,0.0810916526176294
SYNPCC7002_RS05460,SYNPCC7002_RS10555,0.0810872527474484
SYNPCC7002_RS09320,SYNPCC7002_RS06955,0.0810801731225403
SYNPCC7002_RS11685,SYNPCC7002_RS09115,0.0810666534444092
SYNPCC7002_RS04780,SYNPCC7002_RS15280,0.0810655719061263
SYNPCC7002_RS05135,SYNPCC7002_RS08060,0.0810603985990301
SYNPCC7002_RS03950,SYNPCC7002_RS15715,0.0810596930856878
SYNPCC7002_RS04650,SYNPCC7002_RS05705,0.0810575152713016
SYNPCC7002_RS08255,SYNPCC7002_RS09495,0.0810534981038449
SYNPCC7002_RS07385,SYNPCC7002_RS08205,0.0810438189122443
SYNPCC7002_RS09780,SYNPCC7002_RS04175,0.081042584550182
SYNPCC7002_RS05985,SYNPCC7002_RS11540,0.0810387291473668
SYNPCC7002_RS12395,SYNPCC7002_RS01865,0.0810373348021873
SYNPCC7002_RS01085,SYNPCC7002_RS11860,0.0810322013919737
SYNPCC7002_RS06150,SYNPCC7002_RS14570,0.0810264211230454
SYNPCC7002_RS07295,SYNPCC7002_RS09400,0.0810260184666997
SYNPCC7002_RS07385,SYNPCC7002_RS00600,0.0810252496775173
SYNPCC7002_RS04650,SYNPCC7002_RS12850,0.0810198484921942
SYNPCC7002_RS04780,SYNPCC7002_RS04450,0.0810087368027605
SYNPCC7002_RS04890,SYNPCC7002_RS05100,0.0810019669804595
SYNPCC7002_RS00260,SYNPCC7002_RS10175,0.0809884441638643
SYNPCC7002_RS11685,SYNPCC7002_RS15370,0.0809870557150518
SYNPCC7002_RS01335,SYNPCC7002_RS14895,0.0809802614530356
SYNPCC7002_RS04650,SYNPCC7002_RS02680,0.0809788492268804
SYNPCC7002_RS01420,SYNPCC7002_RS03390,0.0809748412681123
SYNPCC7002_RS05985,SYNPCC7002_RS04270,0.0809746840472614
SYNPCC7002_RS12515,SYNPCC7002_RS16220,0.080973856137127
SYNPCC7002_RS02715,SYNPCC7002_RS06845,0.0809704666785509
SYNPCC7002_RS09320,SYNPCC7002_RS07985,0.0809672114453307
SYNPCC7002_RS00640,SYNPCC7002_RS01245,0.0809666921296193
SYNPCC7002_RS10050,SYNPCC7002_RS13745,0.0809657091006475
SYNPCC7002_RS06540,SYNPCC7002_RS02490,0.0809650335759514
SYNPCC7002_RS08965,SYNPCC7002_RS06775,0.0809649237516599
SYNPCC7002_RS12395,SYNPCC7002_RS08155,0.0809646725528543
SYNPCC7002_RS06150,SYNPCC7002_RS05690,0.0809603641163713
SYNPCC7002_RS16320,SYNPCC7002_RS15650,0.0809596247150057
SYNPCC7002_RS09780,SYNPCC7002_RS15475,0.080958295167087
SYNPCC7002_RS12105,SYNPCC7002_RS06195,0.0809567194598151
SYNPCC7002_RS04780,SYNPCC7002_RS04695,0.0809492875919692
SYNPCC7002_RS11400,SYNPCC7002_RS12495,0.0809450764021319
SYNPCC7002_RS09630,SYNPCC7002_RS06800,0.0809433029933298
SYNPCC7002_RS00640,SYNPCC7002_RS10775,0.0809411042112018
SYNPCC7002_RS16320,SYNPCC7002_RS14255,0.0809371860900396
SYNPCC7002_RS11685,SYNPCC7002_RS11235,0.080936576267945
SYNPCC7002_RS03030,SYNPCC7002_RS06890,0.0809309597151403
SYNPCC7002_RS08860,SYNPCC7002_RS03555,0.0809229821958647
SYNPCC7002_RS05460,SYNPCC7002_RS16655,0.0809224724913225
SYNPCC7002_RS08210,SYNPCC7002_RS10970,0.0809173361340952
SYNPCC7002_RS04890,SYNPCC7002_RS09910,0.0809151373443525
SYNPCC7002_RS04250,SYNPCC7002_RS11030,0.0809138702773746
SYNPCC7002_RS03030,SYNPCC7002_RS01600,0.0809103231270084
SYNPCC7002_RS00690,SYNPCC7002_RS03825,0.0809074809491155
SYNPCC7002_RS16320,SYNPCC7002_RS04380,0.0808969723642575
SYNPCC7002_RS03950,SYNPCC7002_RS15075,0.0808908783090453
SYNPCC7002_RS04890,SYNPCC7002_RS06025,0.0808833126458043
SYNPCC7002_RS05460,SYNPCC7002_RS14330,0.0808698615351905
SYNPCC7002_RS12105,SYNPCC7002_RS12845,0.0808664863950575
SYNPCC7002_RS02715,SYNPCC7002_RS14625,0.08086284076142
SYNPCC7002_RS15520,SYNPCC7002_RS13260,0.0808546112357877
SYNPCC7002_RS15720,SYNPCC7002_RS15680,0.0808405752613218
SYNPCC7002_RS01420,SYNPCC7002_RS05970,0.0808381153326398
SYNPCC7002_RS03030,SYNPCC7002_RS08210,0.0808334157952733
SYNPCC7002_RS12515,SYNPCC7002_RS08200,0.0808289862237381
SYNPCC7002_RS01335,SYNPCC7002_RS07620,0.0808217138710884
SYNPCC7002_RS10050,SYNPCC7002_RS09095,0.0808175007095084
SYNPCC7002_RS15520,SYNPCC7002_RS07375,0.0808059079678919
SYNPCC7002_RS07385,SYNPCC7002_RS09710,0.0808014800917563
SYNPCC7002_RS12395,SYNPCC7002_RS12150,0.0807980924362941
SYNPCC7002_RS04680,SYNPCC7002_RS05560,0.0807952160369947
SYNPCC7002_RS10050,SYNPCC7002_RS16815,0.0807941043068277
SYNPCC7002_RS08860,SYNPCC7002_RS16945,0.0807787390306863
SYNPCC7002_RS10050,SYNPCC7002_RS06590,0.0807767453666389
SYNPCC7002_RS04890,SYNPCC7002_RS00530,0.0807725270706486
SYNPCC7002_RS07385,SYNPCC7002_RS08255,0.0807717347162095
SYNPCC7002_RS09630,SYNPCC7002_RS00070,0.080771682864327
SYNPCC7002_RS02455,SYNPCC7002_RS10745,0.0807698766540174
SYNPCC7002_RS04650,SYNPCC7002_RS03460,0.0807668783731005
SYNPCC7002_RS05985,SYNPCC7002_RS01485,0.0807667135898595
SYNPCC7002_RS07385,SYNPCC7002_RS04545,0.0807654061244182
SYNPCC7002_RS08965,SYNPCC7002_RS09075,0.0807610587002168
SYNPCC7002_RS08175,SYNPCC7002_RS08105,0.0807547546765768
SYNPCC7002_RS05135,SYNPCC7002_RS08220,0.0807520011293496
SYNPCC7002_RS08965,SYNPCC7002_RS12625,0.0807516700993598
SYNPCC7002_RS03760,SYNPCC7002_RS09870,0.08073861377916
SYNPCC7002_RS06540,SYNPCC7002_RS08560,0.0807326338493679
SYNPCC7002_RS04890,SYNPCC7002_RS02960,0.08072919709701
SYNPCC7002_RS04890,SYNPCC7002_RS00370,0.0807228410235108
SYNPCC7002_RS10050,SYNPCC7002_RS14205,0.0807042012193697
SYNPCC7002_RS10050,SYNPCC7002_RS03535,0.0807028304253594
SYNPCC7002_RS09780,SYNPCC7002_RS02060,0.0807024145005278
SYNPCC7002_RS04780,SYNPCC7002_RS06270,0.0806837618955504
SYNPCC7002_RS09995,SYNPCC7002_RS02410,0.080672779815279
SYNPCC7002_RS04890,SYNPCC7002_RS04615,0.0806699704758143
SYNPCC7002_RS08175,SYNPCC7002_RS06565,0.0806680280391893
SYNPCC7002_RS03030,SYNPCC7002_RS05365,0.0806606483495288
SYNPCC7002_RS08965,SYNPCC7002_RS04725,0.0806577299495703
SYNPCC7002_RS10050,SYNPCC7002_RS05195,0.0806562379510056
SYNPCC7002_RS00690,SYNPCC7002_RS04275,0.0806463971495791
SYNPCC7002_RS08480,SYNPCC7002_RS16380,0.0806358030807954
SYNPCC7002_RS08210,SYNPCC7002_RS03720,0.0806331084764238
SYNPCC7002_RS15520,SYNPCC7002_RS04730,0.080631930637845
SYNPCC7002_RS05135,SYNPCC7002_RS01925,0.0806204487513294
SYNPCC7002_RS09320,SYNPCC7002_RS01250,0.0806185163550169
SYNPCC7002_RS06540,SYNPCC7002_RS07325,0.0806154342232804
SYNPCC7002_RS09995,SYNPCC7002_RS02245,0.0806139916150996
SYNPCC7002_RS08965,SYNPCC7002_RS10490,0.0806054982672494
SYNPCC7002_RS03760,SYNPCC7002_RS10110,0.0806020114662752
SYNPCC7002_RS09820,SYNPCC7002_RS09010,0.0805959181519826
SYNPCC7002_RS09320,SYNPCC7002_RS00635,0.0805900786452154
SYNPCC7002_RS06005,SYNPCC7002_RS00920,0.0805854517236188
SYNPCC7002_RS05135,SYNPCC7002_RS03895,0.0805843135229028
SYNPCC7002_RS05135,SYNPCC7002_RS13530,0.0805807219807479
SYNPCC7002_RS02715,SYNPCC7002_RS09855,0.0805777224824391
SYNPCC7002_RS04650,SYNPCC7002_RS00305,0.080575050113108
SYNPCC7002_RS04250,SYNPCC7002_RS03345,0.0805749922929936
SYNPCC7002_RS03760,SYNPCC7002_RS08055,0.0805720808345112
SYNPCC7002_RS01335,SYNPCC7002_RS00535,0.080568579363645
SYNPCC7002_RS15995,SYNPCC7002_RS04435,0.0805655714606202
SYNPCC7002_RS00650,SYNPCC7002_RS10220,0.0805560552626974
SYNPCC7002_RS10050,SYNPCC7002_RS11325,0.0805511894892285
SYNPCC7002_RS04780,SYNPCC7002_RS05505,0.0805417780666952
SYNPCC7002_RS09780,SYNPCC7002_RS04585,0.080530345623984
SYNPCC7002_RS04890,SYNPCC7002_RS08220,0.0805282837932662
SYNPCC7002_RS09820,SYNPCC7002_RS02020,0.0805268222291834
SYNPCC7002_RS08175,SYNPCC7002_RS00665,0.0805208998015727
SYNPCC7002_RS05460,SYNPCC7002_RS14400,0.0805143268556137
SYNPCC7002_RS07385,SYNPCC7002_RS12750,0.0805139959353275
SYNPCC7002_RS05460,SYNPCC7002_RS00790,0.0805138504893806
SYNPCC7002_RS10050,SYNPCC7002_RS01360,0.0805126501360088
SYNPCC7002_RS04650,SYNPCC7002_RS11660,0.0805120979026863
SYNPCC7002_RS09845,SYNPCC7002_RS01270,0.0805014836472255
SYNPCC7002_RS11400,SYNPCC7002_RS00600,0.0804966047546913
SYNPCC7002_RS09630,SYNPCC7002_RS11435,0.0804920134989925
SYNPCC7002_RS09195,SYNPCC7002_RS14490,0.0804838029967684
SYNPCC7002_RS08255,SYNPCC7002_RS03020,0.080478104784231
SYNPCC7002_RS16320,SYNPCC7002_RS16595,0.0804762553385595
SYNPCC7002_RS01800,SYNPCC7002_RS01960,0.0804693674345586
SYNPCC7002_RS01335,SYNPCC7002_RS05775,0.0804637785860841
SYNPCC7002_RS07385,SYNPCC7002_RS12740,0.0804574845753886
SYNPCC7002_RS07385,SYNPCC7002_RS00960,0.0804550081872844
SYNPCC7002_RS06540,SYNPCC7002_RS01620,0.0804492235918514
SYNPCC7002_RS15535,SYNPCC7002_RS06120,0.0804473665193303
SYNPCC7002_RS00050,SYNPCC7002_RS16995,0.0804470377791638
SYNPCC7002_RS08965,SYNPCC7002_RS01790,0.0804439234662109
SYNPCC7002_RS01335,SYNPCC7002_RS08390,0.0804424007824788
SYNPCC7002_RS03950,SYNPCC7002_RS04605,0.0804341679061392
SYNPCC7002_RS08210,SYNPCC7002_RS02080,0.0804274849937898
SYNPCC7002_RS10145,SYNPCC7002_RS14705,0.0804210262333206
SYNPCC7002_RS08965,SYNPCC7002_RS02115,0.0804195021006894
SYNPCC7002_RS11685,SYNPCC7002_RS13670,0.0804175163606397
SYNPCC7002_RS02455,SYNPCC7002_RS10935,0.0804140133439991
SYNPCC7002_RS09195,SYNPCC7002_RS07095,0.08041105563532
SYNPCC7002_RS02455,SYNPCC7002_RS13035,0.0804074492900371
SYNPCC7002_RS06540,SYNPCC7002_RS06710,0.0804030329953477
SYNPCC7002_RS08390,SYNPCC7002_RS10475,0.0804011292287042
SYNPCC7002_RS09995,SYNPCC7002_RS16640,0.0803920149829044
SYNPCC7002_RS15995,SYNPCC7002_RS13730,0.0803810572891979
SYNPCC7002_RS04250,SYNPCC7002_RS15985,0.0803769981506004
SYNPCC7002_RS04780,SYNPCC7002_RS02595,0.0803728247839829
SYNPCC7002_RS07385,SYNPCC7002_RS01130,0.080372637532865
SYNPCC7002_RS04250,SYNPCC7002_RS09470,0.0803691241855662
SYNPCC7002_RS14790,SYNPCC7002_RS13975,0.080360101792358
SYNPCC7002_RS15255,SYNPCC7002_RS15320,0.0803584738052499
SYNPCC7002_RS08945,SYNPCC7002_RS06695,0.0803512357875193
SYNPCC7002_RS09780,SYNPCC7002_RS11450,0.0803495958917273
SYNPCC7002_RS07385,SYNPCC7002_RS06930,0.0803458956135236
SYNPCC7002_RS03030,SYNPCC7002_RS12635,0.0803458105056806
SYNPCC7002_RS08390,SYNPCC7002_RS02290,0.0803450236501847
SYNPCC7002_RS12395,SYNPCC7002_RS11690,0.0803405894489471
SYNPCC7002_RS09260,SYNPCC7002_RS09255,0.0803392188050135
SYNPCC7002_RS12105,SYNPCC7002_RS08360,0.0803360903311233
SYNPCC7002_RS07385,SYNPCC7002_RS08095,0.0803349440864563
SYNPCC7002_RS00635,SYNPCC7002_RS11495,0.0803337709019378
SYNPCC7002_RS12395,SYNPCC7002_RS02575,0.0803318487365255
SYNPCC7002_RS04250,SYNPCC7002_RS07900,0.0803313913943901
SYNPCC7002_RS02715,SYNPCC7002_RS14400,0.0803282432409333
SYNPCC7002_RS04250,SYNPCC7002_RS02770,0.0803272514227211
SYNPCC7002_RS12395,SYNPCC7002_RS16380,0.0803260176070133
SYNPCC7002_RS08210,SYNPCC7002_RS13340,0.080321015031248
SYNPCC7002_RS01085,SYNPCC7002_RS07165,0.0803208591722106
SYNPCC7002_RS14440,SYNPCC7002_RS13930,0.0803119255383783
SYNPCC7002_RS09320,SYNPCC7002_RS07975,0.080302804707701
SYNPCC7002_RS11400,SYNPCC7002_RS00220,0.0802932991815332
SYNPCC7002_RS05460,SYNPCC7002_RS12310,0.0802792012029812
SYNPCC7002_RS12105,SYNPCC7002_RS10105,0.08026632630651
SYNPCC7002_RS09820,SYNPCC7002_RS14625,0.0802644847134486
SYNPCC7002_RS07295,SYNPCC7002_RS15500,0.0802564188794674
SYNPCC7002_RS11400,SYNPCC7002_RS08940,0.0802559203992247
SYNPCC7002_RS02455,SYNPCC7002_RS02890,0.0802544117948833
SYNPCC7002_RS11400,SYNPCC7002_RS13470,0.0802460714042681
SYNPCC7002_RS11685,SYNPCC7002_RS11660,0.0802381381420133
SYNPCC7002_RS12395,SYNPCC7002_RS05280,0.0802328058154222
SYNPCC7002_RS06540,SYNPCC7002_RS12220,0.0802314089937785
SYNPCC7002_RS03030,SYNPCC7002_RS10880,0.0802282751944186
SYNPCC7002_RS09320,SYNPCC7002_RS05990,0.0802179622847486
SYNPCC7002_RS08860,SYNPCC7002_RS15235,0.0802116075446112
SYNPCC7002_RS16160,SYNPCC7002_RS04880,0.0802108125952225
SYNPCC7002_RS04250,SYNPCC7002_RS11140,0.0802075442512718
SYNPCC7002_RS09630,SYNPCC7002_RS16655,0.0802051753346082
SYNPCC7002_RS04250,SYNPCC7002_RS09975,0.0802002443838073
SYNPCC7002_RS12515,SYNPCC7002_RS12620,0.0801981372212947
SYNPCC7002_RS15410,SYNPCC7002_RS07855,0.0801936555133282
SYNPCC7002_RS03030,SYNPCC7002_RS02885,0.0801932918576729
SYNPCC7002_RS16320,SYNPCC7002_RS15305,0.0801887257248532
SYNPCC7002_RS06165,SYNPCC7002_RS00745,0.0801883158481291
SYNPCC7002_RS15535,SYNPCC7002_RS09695,0.0801873630676436
SYNPCC7002_RS10145,SYNPCC7002_RS10140,0.0801842904682504
SYNPCC7002_RS00690,SYNPCC7002_RS12600,0.0801672869802878
SYNPCC7002_RS09320,SYNPCC7002_RS00650,0.0801671538302099
SYNPCC7002_RS00690,SYNPCC7002_RS07185,0.0801620328152222
SYNPCC7002_RS15680,SYNPCC7002_RS14560,0.0801601743156659
SYNPCC7002_RS15520,SYNPCC7002_RS16265,0.0801591654168834
SYNPCC7002_RS08965,SYNPCC7002_RS03590,0.08015879865055
SYNPCC7002_RS08965,SYNPCC7002_RS12025,0.0801543064524408
SYNPCC7002_RS09845,SYNPCC7002_RS11645,0.0801516780041556
SYNPCC7002_RS03030,SYNPCC7002_RS16065,0.0801503484086673
SYNPCC7002_RS11685,SYNPCC7002_RS09965,0.080140515635875
SYNPCC7002_RS11400,SYNPCC7002_RS03575,0.0801397113598489
SYNPCC7002_RS09820,SYNPCC7002_RS14630,0.0801378733788582
SYNPCC7002_RS09820,SYNPCC7002_RS03415,0.0801355186021515
SYNPCC7002_RS07385,SYNPCC7002_RS02640,0.080135461234567
SYNPCC7002_RS15030,SYNPCC7002_RS15020,0.0801335958552918
SYNPCC7002_RS12395,SYNPCC7002_RS07625,0.0801131702201304
SYNPCC7002_RS15520,SYNPCC7002_RS01875,0.080112874850465
SYNPCC7002_RS08945,SYNPCC7002_RS09960,0.0801127229839473
SYNPCC7002_RS04780,SYNPCC7002_RS02370,0.0801121728758525
SYNPCC7002_RS12395,SYNPCC7002_RS02635,0.0801097617584652
SYNPCC7002_RS08965,SYNPCC7002_RS10485,0.0801025073516018
SYNPCC7002_RS01420,SYNPCC7002_RS07745,0.0800981890509268
SYNPCC7002_RS00650,SYNPCC7002_RS03755,0.0800980226509431
SYNPCC7002_RS15520,SYNPCC7002_RS03560,0.0800930435842183
SYNPCC7002_RS05460,SYNPCC7002_RS07920,0.080092833635164
SYNPCC7002_RS01800,SYNPCC7002_RS03310,0.0800923221727395
SYNPCC7002_RS04780,SYNPCC7002_RS01130,0.0800922454227988
SYNPCC7002_RS15520,SYNPCC7002_RS03395,0.0800919924952472
SYNPCC7002_RS08965,SYNPCC7002_RS06705,0.0800823071447887
SYNPCC7002_RS05460,SYNPCC7002_RS08045,0.0800748336967356
SYNPCC7002_RS10050,SYNPCC7002_RS05090,0.0800718222718138
SYNPCC7002_RS10050,SYNPCC7002_RS07770,0.0800715816309341
SYNPCC7002_RS04680,SYNPCC7002_RS09240,0.0800657759560302
SYNPCC7002_RS12090,SYNPCC7002_RS10320,0.0800645120883831
SYNPCC7002_RS10050,SYNPCC7002_RS10040,0.0800608315354453
SYNPCC7002_RS08390,SYNPCC7002_RS03065,0.0800600251429503
SYNPCC7002_RS04780,SYNPCC7002_RS15760,0.0800571118621812
SYNPCC7002_RS00650,SYNPCC7002_RS13675,0.080055607811781
SYNPCC7002_RS15410,SYNPCC7002_RS07405,0.0800513453612907
SYNPCC7002_RS08945,SYNPCC7002_RS02930,0.080049166807763
SYNPCC7002_RS08945,SYNPCC7002_RS05905,0.0800487436700183
SYNPCC7002_RS08965,SYNPCC7002_RS12415,0.0800476077109347
SYNPCC7002_RS10050,SYNPCC7002_RS07760,0.080037117200956
SYNPCC7002_RS16320,SYNPCC7002_RS15330,0.0800294238869187
SYNPCC7002_RS08390,SYNPCC7002_RS13790,0.0800168165998474
SYNPCC7002_RS08965,SYNPCC7002_RS09530,0.0800088599453179
SYNPCC7002_RS08390,SYNPCC7002_RS08100,0.0800038951481284
SYNPCC7002_RS00050,SYNPCC7002_RS06230,0.0800016396216731
SYNPCC7002_RS03950,SYNPCC7002_RS15990,0.07998432481899
SYNPCC7002_RS08390,SYNPCC7002_RS01800,0.0799830086834069
SYNPCC7002_RS08390,SYNPCC7002_RS05645,0.0799785771774704
SYNPCC7002_RS02715,SYNPCC7002_RS04940,0.079973242936649
SYNPCC7002_RS05985,SYNPCC7002_RS04510,0.0799653010786336
SYNPCC7002_RS08390,SYNPCC7002_RS05870,0.0799539883106288
SYNPCC7002_RS02715,SYNPCC7002_RS13195,0.079951067832194
SYNPCC7002_RS08210,SYNPCC7002_RS11880,0.0799445209758346
SYNPCC7002_RS04890,SYNPCC7002_RS03385,0.0799344367210141
SYNPCC7002_RS16320,SYNPCC7002_RS15805,0.0799239634797326
SYNPCC7002_RS03030,SYNPCC7002_RS01475,0.0799184793666365
SYNPCC7002_RS08965,SYNPCC7002_RS08335,0.0799148413976225
SYNPCC7002_RS04650,SYNPCC7002_RS11895,0.0799133939577593
SYNPCC7002_RS03030,SYNPCC7002_RS06380,0.0799038719997687
SYNPCC7002_RS12515,SYNPCC7002_RS08145,0.0798972058275228
SYNPCC7002_RS00640,SYNPCC7002_RS10215,0.0798914545242182
SYNPCC7002_RS09175,SYNPCC7002_RS00165,0.0798913744976248
SYNPCC7002_RS04250,SYNPCC7002_RS10985,0.0798905155910828
SYNPCC7002_RS15030,SYNPCC7002_RS07630,0.07988322891808
SYNPCC7002_RS05985,SYNPCC7002_RS02235,0.0798759506338354
SYNPCC7002_RS04890,SYNPCC7002_RS08060,0.0798755058857112
SYNPCC7002_RS02455,SYNPCC7002_RS04545,0.0798751505761941
SYNPCC7002_RS09995,SYNPCC7002_RS16085,0.0798624614842817
SYNPCC7002_RS08210,SYNPCC7002_RS01260,0.0798576427267898
SYNPCC7002_RS04780,SYNPCC7002_RS02765,0.0798545341100975
SYNPCC7002_RS04680,SYNPCC7002_RS01460,0.0798448862197176
SYNPCC7002_RS08480,SYNPCC7002_RS09575,0.0798416834491194
SYNPCC7002_RS00050,SYNPCC7002_RS04590,0.079841228772021
SYNPCC7002_RS14385,SYNPCC7002_RS14405,0.0798351095453502
SYNPCC7002_RS01420,SYNPCC7002_RS03230,0.0798315952019532
SYNPCC7002_RS01335,SYNPCC7002_RS05945,0.0798299649014842
SYNPCC7002_RS08390,SYNPCC7002_RS09345,0.0798265007361006
SYNPCC7002_RS01800,SYNPCC7002_RS06370,0.0798245275220772
SYNPCC7002_RS01335,SYNPCC7002_RS02385,0.079822662546604
SYNPCC7002_RS08965,SYNPCC7002_RS01480,0.0798171826061084
SYNPCC7002_RS12090,SYNPCC7002_RS07200,0.0798141365660992
SYNPCC7002_RS12515,SYNPCC7002_RS14555,0.0798123730423905
SYNPCC7002_RS11400,SYNPCC7002_RS14110,0.0798095118087403
SYNPCC7002_RS08965,SYNPCC7002_RS04445,0.0798047061658604
SYNPCC7002_RS00690,SYNPCC7002_RS12125,0.0798021043857809
SYNPCC7002_RS08390,SYNPCC7002_RS12735,0.0797877781236584
SYNPCC7002_RS01420,SYNPCC7002_RS11235,0.0797824806340266
SYNPCC7002_RS12515,SYNPCC7002_RS02480,0.0797817471986173
SYNPCC7002_RS08175,SYNPCC7002_RS05905,0.0797789134668066
SYNPCC7002_RS04780,SYNPCC7002_RS04350,0.0797609805135399
SYNPCC7002_RS15255,SYNPCC7002_RS05940,0.0797597679319587
SYNPCC7002_RS01800,SYNPCC7002_RS10780,0.0797591936779314
SYNPCC7002_RS04780,SYNPCC7002_RS13280,0.079756488213344
SYNPCC7002_RS05135,SYNPCC7002_RS12805,0.0797516367893013
SYNPCC7002_RS00650,SYNPCC7002_RS12745,0.0797495423032553
SYNPCC7002_RS05135,SYNPCC7002_RS03700,0.0797476782964038
SYNPCC7002_RS12090,SYNPCC7002_RS10470,0.0797411401584288
SYNPCC7002_RS06150,SYNPCC7002_RS00695,0.0797365396731932
SYNPCC7002_RS03030,SYNPCC7002_RS07035,0.0797328872644616
SYNPCC7002_RS04780,SYNPCC7002_RS03380,0.0797300717995153
SYNPCC7002_RS05460,SYNPCC7002_RS14675,0.0797203680134211
SYNPCC7002_RS03030,SYNPCC7002_RS11400,0.0797109708843061
SYNPCC7002_RS09420,SYNPCC7002_RS14320,0.0797048497583571
SYNPCC7002_RS09780,SYNPCC7002_RS11150,0.0796983972868735
SYNPCC7002_RS10050,SYNPCC7002_RS02470,0.0796930770886995
SYNPCC7002_RS10050,SYNPCC7002_RS07605,0.0796928204810611
SYNPCC7002_RS05985,SYNPCC7002_RS02680,0.0796927666226445
SYNPCC7002_RS01335,SYNPCC7002_RS07405,0.0796854604882874
SYNPCC7002_RS04650,SYNPCC7002_RS00885,0.0796817626786338
SYNPCC7002_RS08945,SYNPCC7002_RS00665,0.0796815458433808
SYNPCC7002_RS00640,SYNPCC7002_RS15800,0.0796756986229357
SYNPCC7002_RS09260,SYNPCC7002_RS02645,0.0796723679282402
SYNPCC7002_RS15410,SYNPCC7002_RS08900,0.0796674379871177
SYNPCC7002_RS04890,SYNPCC7002_RS10165,0.0796529792514668
SYNPCC7002_RS04780,SYNPCC7002_RS03560,0.0796509693739303
SYNPCC7002_RS01800,SYNPCC7002_RS08760,0.0796469533443277
SYNPCC7002_RS08480,SYNPCC7002_RS02410,0.079637559966068
SYNPCC7002_RS00650,SYNPCC7002_RS01750,0.0796374938264023
SYNPCC7002_RS08210,SYNPCC7002_RS13325,0.0796337626972001
SYNPCC7002_RS04780,SYNPCC7002_RS08655,0.0796326616138587
SYNPCC7002_RS09845,SYNPCC7002_RS12465,0.0796322977750745
SYNPCC7002_RS07385,SYNPCC7002_RS04755,0.079630568660125
SYNPCC7002_RS04890,SYNPCC7002_RS15085,0.0796125949515029
SYNPCC7002_RS09845,SYNPCC7002_RS07025,0.0796010767791192
SYNPCC7002_RS03295,SYNPCC7002_RS04300,0.0795952436323568
SYNPCC7002_RS00690,SYNPCC7002_RS13560,0.0795808575037583
SYNPCC7002_RS09995,SYNPCC7002_RS00785,0.0795805780978896
SYNPCC7002_RS04680,SYNPCC7002_RS08635,0.0795765801642463
SYNPCC7002_RS05985,SYNPCC7002_RS17175,0.0795712287488295
SYNPCC7002_RS08390,SYNPCC7002_RS16205,0.0795697520587052
SYNPCC7002_RS08965,SYNPCC7002_RS04500,0.0795660611734272
SYNPCC7002_RS09780,SYNPCC7002_RS02235,0.0795622510666315
SYNPCC7002_RS04250,SYNPCC7002_RS04860,0.0795587514792504
SYNPCC7002_RS09780,SYNPCC7002_RS13395,0.0795575888116
SYNPCC7002_RS07385,SYNPCC7002_RS00725,0.0795536785243924
SYNPCC7002_RS04780,SYNPCC7002_RS02210,0.0795474914652801
SYNPCC7002_RS00050,SYNPCC7002_RS11095,0.0795367182537009
SYNPCC7002_RS09260,SYNPCC7002_RS09500,0.0795360048248982
SYNPCC7002_RS08965,SYNPCC7002_RS10685,0.0795240868056262
SYNPCC7002_RS07295,SYNPCC7002_RS07020,0.0795230250698209
SYNPCC7002_RS05460,SYNPCC7002_RS15285,0.0795197567964184
SYNPCC7002_RS09780,SYNPCC7002_RS01630,0.0795143339741509
SYNPCC7002_RS12395,SYNPCC7002_RS16605,0.0795098127563825
SYNPCC7002_RS09820,SYNPCC7002_RS08170,0.0795013225704605
SYNPCC7002_RS00640,SYNPCC7002_RS14490,0.0794991581810686
SYNPCC7002_RS15520,SYNPCC7002_RS03590,0.0794945958436139
SYNPCC7002_RS01335,SYNPCC7002_RS09440,0.0794860089820137
SYNPCC7002_RS12105,SYNPCC7002_RS12510,0.0794809468025908
SYNPCC7002_RS01085,SYNPCC7002_RS00570,0.0794781131616633
SYNPCC7002_RS11400,SYNPCC7002_RS08815,0.079471507498035
SYNPCC7002_RS01335,SYNPCC7002_RS16245,0.0794686837368331
SYNPCC7002_RS04780,SYNPCC7002_RS11710,0.0794668053894812
SYNPCC7002_RS02715,SYNPCC7002_RS07815,0.0794639432976066
SYNPCC7002_RS02715,SYNPCC7002_RS10930,0.0794560405886086
SYNPCC7002_RS09820,SYNPCC7002_RS01675,0.0794461167288271
SYNPCC7002_RS03030,SYNPCC7002_RS02395,0.0794337885200955
SYNPCC7002_RS08390,SYNPCC7002_RS16115,0.0794297816669029
SYNPCC7002_RS09320,SYNPCC7002_RS16685,0.079420705105164
SYNPCC7002_RS02715,SYNPCC7002_RS09410,0.0794133264593808
SYNPCC7002_RS12090,SYNPCC7002_RS02930,0.0794126856322477
SYNPCC7002_RS12515,SYNPCC7002_RS01620,0.0794090397866912
SYNPCC7002_RS08965,SYNPCC7002_RS09730,0.0794045543741002
SYNPCC7002_RS08390,SYNPCC7002_RS05710,0.0793971264081119
SYNPCC7002_RS09995,SYNPCC7002_RS00385,0.0793940948787287
SYNPCC7002_RS08480,SYNPCC7002_RS07750,0.0793916004657828
SYNPCC7002_RS03030,SYNPCC7002_RS13025,0.0793748874887532
SYNPCC7002_RS07385,SYNPCC7002_RS06380,0.0793676233218556
SYNPCC7002_RS08210,SYNPCC7002_RS13375,0.0793634487477471
SYNPCC7002_RS00850,SYNPCC7002_RS11765,0.079349919697734
SYNPCC7002_RS09845,SYNPCC7002_RS04755,0.0793312560913999
SYNPCC7002_RS02455,SYNPCC7002_RS16015,0.0793263101237659
SYNPCC7002_RS04780,SYNPCC7002_RS02205,0.0793118150984064
SYNPCC7002_RS15680,SYNPCC7002_RS12155,0.0793054028530731
SYNPCC7002_RS00690,SYNPCC7002_RS09500,0.0793047018536577
SYNPCC7002_RS04780,SYNPCC7002_RS11170,0.0792991517370096
SYNPCC7002_RS08390,SYNPCC7002_RS00950,0.0792986745932642
SYNPCC7002_RS03760,SYNPCC7002_RS00455,0.0792889713584995
SYNPCC7002_RS05460,SYNPCC7002_RS02510,0.0792887452574621
SYNPCC7002_RS08945,SYNPCC7002_RS10875,0.0792854856219307
SYNPCC7002_RS10050,SYNPCC7002_RS09160,0.0792839365420853
SYNPCC7002_RS08965,SYNPCC7002_RS04545,0.079283698616496
SYNPCC7002_RS07385,SYNPCC7002_RS00055,0.0792789556601526
SYNPCC7002_RS04890,SYNPCC7002_RS00215,0.0792770755771631
SYNPCC7002_RS12395,SYNPCC7002_RS05200,0.0792749644117801
SYNPCC7002_RS05135,SYNPCC7002_RS09430,0.0792749125169373
SYNPCC7002_RS02715,SYNPCC7002_RS13300,0.0792731771648802
SYNPCC7002_RS08390,SYNPCC7002_RS01280,0.0792699257031157
SYNPCC7002_RS15520,SYNPCC7002_RS07080,0.079264749006353
SYNPCC7002_RS04780,SYNPCC7002_RS10510,0.0792637031086529
SYNPCC7002_RS09820,SYNPCC7002_RS13225,0.0792634685278183
SYNPCC7002_RS15520,SYNPCC7002_RS04790,0.0792619778136006
SYNPCC7002_RS11400,SYNPCC7002_RS10440,0.079257455926438
SYNPCC7002_RS00640,SYNPCC7002_RS02305,0.0792478518960974
SYNPCC7002_RS00640,SYNPCC7002_RS06915,0.0792457562918952
SYNPCC7002_RS06150,SYNPCC7002_RS10630,0.079243235126168
SYNPCC7002_RS09260,SYNPCC7002_RS06210,0.0792384348515041
SYNPCC7002_RS04890,SYNPCC7002_RS16940,0.0792316847669843
SYNPCC7002_RS02455,SYNPCC7002_RS08410,0.0792266162218446
SYNPCC7002_RS04680,SYNPCC7002_RS06405,0.0792258721273533
SYNPCC7002_RS14790,SYNPCC7002_RS08140,0.0792221958465889
SYNPCC7002_RS04780,SYNPCC7002_RS06150,0.0792158139913722
SYNPCC7002_RS02715,SYNPCC7002_RS02725,0.0792070404323337
SYNPCC7002_RS00640,SYNPCC7002_RS15075,0.0791798012584562
SYNPCC7002_RS04890,SYNPCC7002_RS09130,0.079177868835586
SYNPCC7002_RS10050,SYNPCC7002_RS09815,0.0791749289005352
SYNPCC7002_RS10050,SYNPCC7002_RS16395,0.0791647408805533
SYNPCC7002_RS01420,SYNPCC7002_RS12395,0.0791610247758998
SYNPCC7002_RS01800,SYNPCC7002_RS10150,0.0791598083982911
SYNPCC7002_RS04890,SYNPCC7002_RS16960,0.0791559259332565
SYNPCC7002_RS08390,SYNPCC7002_RS14910,0.0791525791550333
SYNPCC7002_RS08390,SYNPCC7002_RS03435,0.0791520796869881
SYNPCC7002_RS04250,SYNPCC7002_RS11935,0.0791493541125059
SYNPCC7002_RS03030,SYNPCC7002_RS16730,0.07914533789144
SYNPCC7002_RS09820,SYNPCC7002_RS02710,0.0791444243038894
SYNPCC7002_RS10050,SYNPCC7002_RS04950,0.079129892361396
SYNPCC7002_RS09995,SYNPCC7002_RS00705,0.0791280540642045
SYNPCC7002_RS15520,SYNPCC7002_RS15385,0.0791225669092916
SYNPCC7002_RS11685,SYNPCC7002_RS08295,0.0791136271130094
SYNPCC7002_RS12515,SYNPCC7002_RS08535,0.0791106783857416
SYNPCC7002_RS03030,SYNPCC7002_RS06415,0.0791063726186194
SYNPCC7002_RS05135,SYNPCC7002_RS02130,0.0791045820351053
SYNPCC7002_RS05985,SYNPCC7002_RS10445,0.0790981527272299
SYNPCC7002_RS12515,SYNPCC7002_RS16770,0.0790964842561983
SYNPCC7002_RS11685,SYNPCC7002_RS10870,0.0790894705156708
SYNPCC7002_RS04650,SYNPCC7002_RS05550,0.0790863248062947
SYNPCC7002_RS08965,SYNPCC7002_RS16145,0.0790848390654344
SYNPCC7002_RS01335,SYNPCC7002_RS11200,0.079078049275016
SYNPCC7002_RS08255,SYNPCC7002_RS12800,0.0790739214850666
SYNPCC7002_RS08210,SYNPCC7002_RS11735,0.0790703369667836
SYNPCC7002_RS00050,SYNPCC7002_RS13030,0.0790701808347798
SYNPCC7002_RS00050,SYNPCC7002_RS08830,0.0790679976368639
SYNPCC7002_RS08390,SYNPCC7002_RS02025,0.0790598405844707
SYNPCC7002_RS15520,SYNPCC7002_RS06100,0.0790597528733159
SYNPCC7002_RS13450,SYNPCC7002_RS00920,0.079056588530087
SYNPCC7002_RS04650,SYNPCC7002_RS12405,0.0790438352437962
SYNPCC7002_RS03030,SYNPCC7002_RS13130,0.0790405656802911
SYNPCC7002_RS08390,SYNPCC7002_RS00415,0.0790397052317218
SYNPCC7002_RS04680,SYNPCC7002_RS06150,0.0790229343543909
SYNPCC7002_RS01335,SYNPCC7002_RS16115,0.0790226178552905
SYNPCC7002_RS03030,SYNPCC7002_RS07080,0.0790224738279136
SYNPCC7002_RS00650,SYNPCC7002_RS12045,0.0790209968850417
SYNPCC7002_RS12090,SYNPCC7002_RS03725,0.0790207258306902
SYNPCC7002_RS08390,SYNPCC7002_RS12290,0.0790165550279555
SYNPCC7002_RS08210,SYNPCC7002_RS07280,0.0790122480438067
SYNPCC7002_RS07385,SYNPCC7002_RS15510,0.0790015517441405
SYNPCC7002_RS12395,SYNPCC7002_RS09870,0.0790008447809305
SYNPCC7002_RS04780,SYNPCC7002_RS12735,0.0789974566443442
SYNPCC7002_RS06540,SYNPCC7002_RS12870,0.0789894214381522
SYNPCC7002_RS08860,SYNPCC7002_RS07215,0.0789821044849883
SYNPCC7002_RS07385,SYNPCC7002_RS16220,0.0789783492101468
SYNPCC7002_RS09820,SYNPCC7002_RS01245,0.0789747592804569
SYNPCC7002_RS12395,SYNPCC7002_RS16930,0.078964424563096
SYNPCC7002_RS10050,SYNPCC7002_RS07675,0.078964312446585
SYNPCC7002_RS08390,SYNPCC7002_RS09315,0.0789588625255696
SYNPCC7002_RS07385,SYNPCC7002_RS09070,0.0789559119280748
SYNPCC7002_RS12395,SYNPCC7002_RS10950,0.0789540977967942
SYNPCC7002_RS08210,SYNPCC7002_RS06950,0.0789524752262204
SYNPCC7002_RS05460,SYNPCC7002_RS14845,0.0789429499674495
SYNPCC7002_RS02410,SYNPCC7002_RS12930,0.0789322821568008
SYNPCC7002_RS15520,SYNPCC7002_RS16095,0.0789278390128762
SYNPCC7002_RS04650,SYNPCC7002_RS12910,0.0789268611942577
SYNPCC7002_RS09820,SYNPCC7002_RS00415,0.078926711510804
SYNPCC7002_RS00050,SYNPCC7002_RS13960,0.0789225961259343
SYNPCC7002_RS10050,SYNPCC7002_RS05225,0.0789178105552357
SYNPCC7002_RS10050,SYNPCC7002_RS02820,0.0788960590527401
SYNPCC7002_RS04890,SYNPCC7002_RS09875,0.0788949929594902
SYNPCC7002_RS09780,SYNPCC7002_RS17215,0.0788891896204953
SYNPCC7002_RS01800,SYNPCC7002_RS08105,0.0788795669964994
SYNPCC7002_RS09320,SYNPCC7002_RS03850,0.0788767408575851
SYNPCC7002_RS08255,SYNPCC7002_RS08855,0.078859778182577
SYNPCC7002_RS08390,SYNPCC7002_RS14155,0.0788557371297432
SYNPCC7002_RS09820,SYNPCC7002_RS11210,0.078845980611953
SYNPCC7002_RS09090,SYNPCC7002_RS15720,0.0788442990345977
SYNPCC7002_RS01085,SYNPCC7002_RS16105,0.0788416360061276
SYNPCC7002_RS09780,SYNPCC7002_RS15230,0.0788372587999335
SYNPCC7002_RS00260,SYNPCC7002_RS08195,0.0788356281239529
SYNPCC7002_RS04890,SYNPCC7002_RS06590,0.0788343068717203
SYNPCC7002_RS04780,SYNPCC7002_RS08100,0.0788278215140899
SYNPCC7002_RS16320,SYNPCC7002_RS16840,0.0788241402739347
SYNPCC7002_RS01335,SYNPCC7002_RS05335,0.0788137589633684
SYNPCC7002_RS09780,SYNPCC7002_RS16160,0.0788080529171418
SYNPCC7002_RS00050,SYNPCC7002_RS01560,0.0788049661063771
SYNPCC7002_RS08965,SYNPCC7002_RS11400,0.0787896963294709
SYNPCC7002_RS10525,SYNPCC7002_RS14975,0.0787887266706039
SYNPCC7002_RS07385,SYNPCC7002_RS16190,0.0787853446425411
SYNPCC7002_RS03030,SYNPCC7002_RS04925,0.0787844064397967
SYNPCC7002_RS16320,SYNPCC7002_RS15840,0.0787776491158461
SYNPCC7002_RS05460,SYNPCC7002_RS15840,0.0787739789255358
SYNPCC7002_RS00650,SYNPCC7002_RS13470,0.0787701245385318
SYNPCC7002_RS04650,SYNPCC7002_RS09525,0.0787661876604474
SYNPCC7002_RS07385,SYNPCC7002_RS07145,0.0787611740697714
SYNPCC7002_RS04890,SYNPCC7002_RS05470,0.0787593715620873
SYNPCC7002_RS00010,SYNPCC7002_RS01950,0.0787543905900311
SYNPCC7002_RS09845,SYNPCC7002_RS00690,0.0787510912872124
SYNPCC7002_RS15680,SYNPCC7002_RS15140,0.0787441862067363
SYNPCC7002_RS16320,SYNPCC7002_RS15980,0.0787437660106322
SYNPCC7002_RS04890,SYNPCC7002_RS11335,0.0787412715310871
SYNPCC7002_RS15255,SYNPCC7002_RS10545,0.0787389977094822
SYNPCC7002_RS08965,SYNPCC7002_RS06420,0.0787387375890506
SYNPCC7002_RS01800,SYNPCC7002_RS03000,0.0787328829572459
SYNPCC7002_RS04890,SYNPCC7002_RS03425,0.078730829881215
SYNPCC7002_RS05135,SYNPCC7002_RS00550,0.0787275594751342
SYNPCC7002_RS04250,SYNPCC7002_RS12670,0.0787223346878207
SYNPCC7002_RS16160,SYNPCC7002_RS14650,0.0787222669408114
SYNPCC7002_RS15255,SYNPCC7002_RS06610,0.0787197763160771
SYNPCC7002_RS09820,SYNPCC7002_RS04605,0.0787161147676685
SYNPCC7002_RS03295,SYNPCC7002_RS08865,0.0787107516060271
SYNPCC7002_RS09175,SYNPCC7002_RS07890,0.078688068483656
SYNPCC7002_RS04780,SYNPCC7002_RS03720,0.0786819628794987
SYNPCC7002_RS12395,SYNPCC7002_RS04115,0.0786814435146127
SYNPCC7002_RS09995,SYNPCC7002_RS05755,0.0786720141593063
SYNPCC7002_RS08210,SYNPCC7002_RS07155,0.0786705714462675
SYNPCC7002_RS03030,SYNPCC7002_RS15235,0.0786582505431247
SYNPCC7002_RS09780,SYNPCC7002_RS02600,0.0786473895750336
SYNPCC7002_RS09780,SYNPCC7002_RS13815,0.078643448101624
SYNPCC7002_RS14440,SYNPCC7002_RS17220,0.0786150705295103
SYNPCC7002_RS05985,SYNPCC7002_RS04395,0.0786095147262122
SYNPCC7002_RS04890,SYNPCC7002_RS05425,0.0786088420958605
SYNPCC7002_RS00640,SYNPCC7002_RS03650,0.0786022329224087
SYNPCC7002_RS12395,SYNPCC7002_RS12480,0.0786019946223893
SYNPCC7002_RS01420,SYNPCC7002_RS05305,0.0785936757218856
SYNPCC7002_RS07385,SYNPCC7002_RS11675,0.0785883983212525
SYNPCC7002_RS16320,SYNPCC7002_RS15320,0.0785873630318414
SYNPCC7002_RS09780,SYNPCC7002_RS11160,0.0785857090029196
SYNPCC7002_RS09320,SYNPCC7002_RS04790,0.0785817295456268
SYNPCC7002_RS08945,SYNPCC7002_RS02155,0.0785804326156551
SYNPCC7002_RS03760,SYNPCC7002_RS08555,0.0785788597089301
SYNPCC7002_RS15520,SYNPCC7002_RS16200,0.0785785535928071
SYNPCC7002_RS01335,SYNPCC7002_RS14900,0.0785722294989397
SYNPCC7002_RS07385,SYNPCC7002_RS12965,0.0785699387424798
SYNPCC7002_RS04650,SYNPCC7002_RS02550,0.0785698359670211
SYNPCC7002_RS06540,SYNPCC7002_RS14170,0.078568768417251
SYNPCC7002_RS00690,SYNPCC7002_RS13580,0.0785564673216664
SYNPCC7002_RS04650,SYNPCC7002_RS13060,0.0785455468332996
SYNPCC7002_RS10050,SYNPCC7002_RS06175,0.0785415814247106
SYNPCC7002_RS12515,SYNPCC7002_RS12140,0.0785406967942666
SYNPCC7002_RS08390,SYNPCC7002_RS04670,0.07854029282179
SYNPCC7002_RS04680,SYNPCC7002_RS00230,0.078539674443196
SYNPCC7002_RS09820,SYNPCC7002_RS08085,0.0785382933862908
SYNPCC7002_RS09780,SYNPCC7002_RS04085,0.0785372831801221
SYNPCC7002_RS08965,SYNPCC7002_RS03015,0.0785356595338256
SYNPCC7002_RS12105,SYNPCC7002_RS05485,0.0785356055196338
SYNPCC7002_RS04680,SYNPCC7002_RS15780,0.0785352617901627
SYNPCC7002_RS04250,SYNPCC7002_RS12510,0.0785329347032899
SYNPCC7002_RS08945,SYNPCC7002_RS08615,0.0785247478446969
SYNPCC7002_RS06005,SYNPCC7002_RS07400,0.0785204859318118
SYNPCC7002_RS08965,SYNPCC7002_RS10390,0.0785163730847777
SYNPCC7002_RS09630,SYNPCC7002_RS06150,0.078507340583163
SYNPCC7002_RS01800,SYNPCC7002_RS12770,0.07850211576423
SYNPCC7002_RS12090,SYNPCC7002_RS06600,0.0785014387073809
SYNPCC7002_RS01335,SYNPCC7002_RS03310,0.0784936241172438
SYNPCC7002_RS03295,SYNPCC7002_RS10205,0.0784860135380876
SYNPCC7002_RS12395,SYNPCC7002_RS11100,0.0784839524763339
SYNPCC7002_RS12515,SYNPCC7002_RS04775,0.0784816314365516
SYNPCC7002_RS04250,SYNPCC7002_RS03700,0.0784471972856404
SYNPCC7002_RS06540,SYNPCC7002_RS00990,0.0784462760124033
SYNPCC7002_RS06540,SYNPCC7002_RS14030,0.0784360884721898
SYNPCC7002_RS04250,SYNPCC7002_RS04895,0.0784331944387106
SYNPCC7002_RS07295,SYNPCC7002_RS15365,0.0784264474521221
SYNPCC7002_RS04780,SYNPCC7002_RS04360,0.0784264212184114
SYNPCC7002_RS04780,SYNPCC7002_RS03310,0.0784253901586953
SYNPCC7002_RS04890,SYNPCC7002_RS08250,0.0784248533515801
SYNPCC7002_RS08390,SYNPCC7002_RS01410,0.0784190681466506
SYNPCC7002_RS08480,SYNPCC7002_RS07790,0.0784167368876964
SYNPCC7002_RS09175,SYNPCC7002_RS07720,0.0784166990992835
SYNPCC7002_RS08390,SYNPCC7002_RS07220,0.0784161737555363
SYNPCC7002_RS01800,SYNPCC7002_RS14900,0.0784115475321862
SYNPCC7002_RS07385,SYNPCC7002_RS13695,0.0784086237508912
SYNPCC7002_RS04890,SYNPCC7002_RS03090,0.0784084599450761
SYNPCC7002_RS14440,SYNPCC7002_RS07795,0.07840130688642
SYNPCC7002_RS05985,SYNPCC7002_RS13555,0.0783917304524566
SYNPCC7002_RS04780,SYNPCC7002_RS01820,0.0783914204334375
SYNPCC7002_RS05985,SYNPCC7002_RS12845,0.0783885942947908
SYNPCC7002_RS08965,SYNPCC7002_RS11085,0.0783881606370536
SYNPCC7002_RS08965,SYNPCC7002_RS13260,0.0783873328600718
SYNPCC7002_RS12090,SYNPCC7002_RS12265,0.0783848715155876
SYNPCC7002_RS05985,SYNPCC7002_RS02685,0.0783782866598505
SYNPCC7002_RS09630,SYNPCC7002_RS14560,0.0783694040136516
SYNPCC7002_RS09820,SYNPCC7002_RS12790,0.0783605008433416
SYNPCC7002_RS11400,SYNPCC7002_RS04210,0.078359452901493
SYNPCC7002_RS15520,SYNPCC7002_RS01540,0.0783583339478181
SYNPCC7002_RS01420,SYNPCC7002_RS03105,0.0783577654143685
SYNPCC7002_RS03030,SYNPCC7002_RS00120,0.0783566718491622
SYNPCC7002_RS04250,SYNPCC7002_RS13080,0.0783529336522276
SYNPCC7002_RS09780,SYNPCC7002_RS15260,0.0783438465713242
SYNPCC7002_RS01800,SYNPCC7002_RS01965,0.0783308251849904
SYNPCC7002_RS10050,SYNPCC7002_RS12990,0.0783308197968053
SYNPCC7002_RS04650,SYNPCC7002_RS08840,0.0783307204634364
SYNPCC7002_RS08965,SYNPCC7002_RS00845,0.0783297487769315
SYNPCC7002_RS01800,SYNPCC7002_RS03770,0.0783282399081907
SYNPCC7002_RS03030,SYNPCC7002_RS10750,0.0783176403312169
SYNPCC7002_RS05135,SYNPCC7002_RS07490,0.0783149529847648
