regulatoryGene,targetGene,weight
SYNPCC7002_RS00850,SYNPCC7002_RS02330,0.146079420594442
SYNPCC7002_RS00850,SYNPCC7002_RS00855,0.141798049593515
SYNPCC7002_RS09630,SYNPCC7002_RS12865,0.1401650254925
SYNPCC7002_RS00850,SYNPCC7002_RS00860,0.139533067277804
SYNPCC7002_RS14440,SYNPCC7002_RS14395,0.134887686233951
SYNPCC7002_RS16320,SYNPCC7002_RS15605,0.131331698576424
SYNPCC7002_RS00850,SYNPCC7002_RS00870,0.13092655260926
SYNPCC7002_RS14440,SYNPCC7002_RS14320,0.128321451391493
SYNPCC7002_RS00850,SYNPCC7002_RS00865,0.127720175426659
SYNPCC7002_RS00850,SYNPCC7002_RS02345,0.127307572593335
SYNPCC7002_RS10050,SYNPCC7002_RS14480,0.126985441438536
SYNPCC7002_RS06150,SYNPCC7002_RS00970,0.126890085945509
SYNPCC7002_RS00850,SYNPCC7002_RS12365,0.12661035062223
SYNPCC7002_RS05135,SYNPCC7002_RS09425,0.125844354032673
SYNPCC7002_RS04650,SYNPCC7002_RS09735,0.125410623883686
SYNPCC7002_RS15680,SYNPCC7002_RS14640,0.123547851216707
SYNPCC7002_RS05135,SYNPCC7002_RS03740,0.123308396313943
SYNPCC7002_RS06150,SYNPCC7002_RS07225,0.1229552441609
SYNPCC7002_RS01335,SYNPCC7002_RS08620,0.122954316212881
SYNPCC7002_RS05135,SYNPCC7002_RS05130,0.12294534427417
SYNPCC7002_RS05985,SYNPCC7002_RS04085,0.122915617600752
SYNPCC7002_RS15720,SYNPCC7002_RS15605,0.122838330184205
SYNPCC7002_RS09630,SYNPCC7002_RS07915,0.122540550111631
SYNPCC7002_RS05135,SYNPCC7002_RS05295,0.122092641238095
SYNPCC7002_RS10050,SYNPCC7002_RS12555,0.121952463389211
SYNPCC7002_RS04650,SYNPCC7002_RS02635,0.121886958124871
SYNPCC7002_RS08965,SYNPCC7002_RS06185,0.121765922920496
SYNPCC7002_RS15030,SYNPCC7002_RS14990,0.121600587737626
SYNPCC7002_RS08390,SYNPCC7002_RS04815,0.121585751276613
SYNPCC7002_RS05135,SYNPCC7002_RS04845,0.121495931488508
SYNPCC7002_RS15720,SYNPCC7002_RS15610,0.121443613743355
SYNPCC7002_RS12395,SYNPCC7002_RS16940,0.121406455139016
SYNPCC7002_RS04680,SYNPCC7002_RS14050,0.121052244918867
SYNPCC7002_RS06540,SYNPCC7002_RS15950,0.121007416049276
SYNPCC7002_RS15680,SYNPCC7002_RS05670,0.120934876956811
SYNPCC7002_RS05135,SYNPCC7002_RS12395,0.12056943247286
SYNPCC7002_RS00850,SYNPCC7002_RS02335,0.120362359943347
SYNPCC7002_RS15030,SYNPCC7002_RS14995,0.120068941996375
SYNPCC7002_RS06150,SYNPCC7002_RS15780,0.120026329912438
SYNPCC7002_RS05135,SYNPCC7002_RS04475,0.120019988098836
SYNPCC7002_RS16320,SYNPCC7002_RS15610,0.119745274270542
SYNPCC7002_RS15255,SYNPCC7002_RS15680,0.119717802911828
SYNPCC7002_RS05135,SYNPCC7002_RS10980,0.118381744613404
SYNPCC7002_RS05135,SYNPCC7002_RS01795,0.118344553047542
SYNPCC7002_RS14790,SYNPCC7002_RS14820,0.118226250640036
SYNPCC7002_RS06150,SYNPCC7002_RS13145,0.117894950860454
SYNPCC7002_RS05135,SYNPCC7002_RS01505,0.117876510994989
SYNPCC7002_RS04890,SYNPCC7002_RS10595,0.117774088097428
SYNPCC7002_RS05135,SYNPCC7002_RS05250,0.117771242026446
SYNPCC7002_RS05985,SYNPCC7002_RS11540,0.117552050358169
SYNPCC7002_RS05135,SYNPCC7002_RS05275,0.117394358614443
SYNPCC7002_RS10050,SYNPCC7002_RS14545,0.117380697581826
SYNPCC7002_RS05135,SYNPCC7002_RS11325,0.117323591750361
SYNPCC7002_RS05135,SYNPCC7002_RS04065,0.117216576714155
SYNPCC7002_RS09630,SYNPCC7002_RS04675,0.117198864513868
SYNPCC7002_RS10050,SYNPCC7002_RS11360,0.116784168214196
SYNPCC7002_RS04890,SYNPCC7002_RS03540,0.116714480139194
SYNPCC7002_RS04890,SYNPCC7002_RS00465,0.116665167027361
SYNPCC7002_RS14385,SYNPCC7002_RS14440,0.116622648193606
SYNPCC7002_RS04650,SYNPCC7002_RS00630,0.11659054593915
SYNPCC7002_RS09630,SYNPCC7002_RS04430,0.116547039924789
SYNPCC7002_RS09630,SYNPCC7002_RS01305,0.11652725508268
SYNPCC7002_RS15680,SYNPCC7002_RS14645,0.116341701964708
SYNPCC7002_RS14440,SYNPCC7002_RS14385,0.116056343085217
SYNPCC7002_RS05985,SYNPCC7002_RS02360,0.116054090190453
SYNPCC7002_RS04680,SYNPCC7002_RS07150,0.115808093400424
SYNPCC7002_RS14385,SYNPCC7002_RS14455,0.115773167511274
SYNPCC7002_RS10050,SYNPCC7002_RS07650,0.115757684809903
SYNPCC7002_RS04780,SYNPCC7002_RS04345,0.115611824119809
SYNPCC7002_RS14440,SYNPCC7002_RS14325,0.115524278832535
SYNPCC7002_RS14440,SYNPCC7002_RS15115,0.115448917623503
SYNPCC7002_RS15030,SYNPCC7002_RS14980,0.115394627254835
SYNPCC7002_RS15680,SYNPCC7002_RS15315,0.115356608853795
SYNPCC7002_RS10050,SYNPCC7002_RS02500,0.115339923283142
SYNPCC7002_RS09780,SYNPCC7002_RS04090,0.115306478242113
SYNPCC7002_RS09630,SYNPCC7002_RS10630,0.115231760110839
SYNPCC7002_RS14385,SYNPCC7002_RS14320,0.115213724225909
SYNPCC7002_RS12395,SYNPCC7002_RS14460,0.115104447261176
SYNPCC7002_RS10050,SYNPCC7002_RS07490,0.11485729847186
SYNPCC7002_RS08390,SYNPCC7002_RS14710,0.114837916129967
SYNPCC7002_RS05460,SYNPCC7002_RS14415,0.114767389078618
SYNPCC7002_RS06150,SYNPCC7002_RS13385,0.114748754968696
SYNPCC7002_RS06540,SYNPCC7002_RS12220,0.114665587244523
SYNPCC7002_RS15680,SYNPCC7002_RS04900,0.114608684193994
SYNPCC7002_RS10050,SYNPCC7002_RS07605,0.114517253567717
SYNPCC7002_RS05135,SYNPCC7002_RS03680,0.114336260620998
SYNPCC7002_RS05460,SYNPCC7002_RS10825,0.114095918992711
SYNPCC7002_RS05135,SYNPCC7002_RS12185,0.114069454606302
SYNPCC7002_RS04890,SYNPCC7002_RS06175,0.114006108290632
SYNPCC7002_RS02715,SYNPCC7002_RS04265,0.113990151566908
SYNPCC7002_RS05135,SYNPCC7002_RS07835,0.113988746729301
SYNPCC7002_RS14440,SYNPCC7002_RS14315,0.113846286042432
SYNPCC7002_RS09780,SYNPCC7002_RS17005,0.113718611346779
SYNPCC7002_RS00640,SYNPCC7002_RS00580,0.113620874236712
SYNPCC7002_RS08255,SYNPCC7002_RS03340,0.113568524771693
SYNPCC7002_RS03950,SYNPCC7002_RS15550,0.113540340439606
SYNPCC7002_RS03950,SYNPCC7002_RS11805,0.113450090170051
SYNPCC7002_RS04780,SYNPCC7002_RS06055,0.113449191142215
SYNPCC7002_RS05135,SYNPCC7002_RS05310,0.113434962685091
SYNPCC7002_RS14385,SYNPCC7002_RS14390,0.113407397651924
SYNPCC7002_RS08965,SYNPCC7002_RS00120,0.113368993806887
SYNPCC7002_RS12395,SYNPCC7002_RS03465,0.113257938094111
SYNPCC7002_RS04650,SYNPCC7002_RS04535,0.113044359126103
SYNPCC7002_RS15520,SYNPCC7002_RS03350,0.113030415895551
SYNPCC7002_RS09630,SYNPCC7002_RS05455,0.113015952984974
SYNPCC7002_RS09630,SYNPCC7002_RS00085,0.112982144762497
SYNPCC7002_RS09630,SYNPCC7002_RS14570,0.112934053902197
SYNPCC7002_RS12395,SYNPCC7002_RS16735,0.112913410028125
SYNPCC7002_RS09630,SYNPCC7002_RS07430,0.112793034972733
SYNPCC7002_RS05135,SYNPCC7002_RS14115,0.11266157638124
SYNPCC7002_RS05135,SYNPCC7002_RS07830,0.11260925667609
SYNPCC7002_RS15680,SYNPCC7002_RS17185,0.112544039422597
SYNPCC7002_RS05135,SYNPCC7002_RS11955,0.11251952174568
SYNPCC7002_RS15720,SYNPCC7002_RS15330,0.11245703801596
SYNPCC7002_RS05985,SYNPCC7002_RS01185,0.112377688557502
SYNPCC7002_RS04650,SYNPCC7002_RS02795,0.11232547052095
SYNPCC7002_RS08210,SYNPCC7002_RS14740,0.112315411678028
SYNPCC7002_RS06150,SYNPCC7002_RS00975,0.112306917232199
SYNPCC7002_RS01335,SYNPCC7002_RS05885,0.112277294562292
SYNPCC7002_RS09195,SYNPCC7002_RS03635,0.112260336679319
SYNPCC7002_RS05135,SYNPCC7002_RS05110,0.112247949588541
SYNPCC7002_RS03950,SYNPCC7002_RS15120,0.112245830294182
SYNPCC7002_RS04650,SYNPCC7002_RS05600,0.112244078567172
SYNPCC7002_RS09995,SYNPCC7002_RS09725,0.112228620020593
SYNPCC7002_RS09820,SYNPCC7002_RS15540,0.11214838292245
SYNPCC7002_RS03295,SYNPCC7002_RS01970,0.112022660628498
SYNPCC7002_RS14440,SYNPCC7002_RS14380,0.111980721880092
SYNPCC7002_RS04650,SYNPCC7002_RS01510,0.111932300468449
SYNPCC7002_RS16320,SYNPCC7002_RS15890,0.111818511381042
SYNPCC7002_RS03295,SYNPCC7002_RS03320,0.111750894654896
SYNPCC7002_RS05985,SYNPCC7002_RS05410,0.111679819027227
SYNPCC7002_RS05135,SYNPCC7002_RS10975,0.111677406818337
SYNPCC7002_RS12395,SYNPCC7002_RS03230,0.111676547670787
SYNPCC7002_RS15680,SYNPCC7002_RS15010,0.111667059985441
SYNPCC7002_RS12395,SYNPCC7002_RS09130,0.111663758769045
SYNPCC7002_RS10050,SYNPCC7002_RS17220,0.11164680811756
SYNPCC7002_RS04250,SYNPCC7002_RS14235,0.111570251638051
SYNPCC7002_RS09630,SYNPCC7002_RS13850,0.111493127522653
SYNPCC7002_RS04650,SYNPCC7002_RS04855,0.111413797335764
SYNPCC7002_RS14385,SYNPCC7002_RS14315,0.111392892373979
SYNPCC7002_RS05135,SYNPCC7002_RS14245,0.111380327861547
SYNPCC7002_RS08390,SYNPCC7002_RS06855,0.111351270173714
SYNPCC7002_RS06150,SYNPCC7002_RS11560,0.111079984449086
SYNPCC7002_RS05135,SYNPCC7002_RS05140,0.111046867651592
SYNPCC7002_RS04650,SYNPCC7002_RS01865,0.110978453639386
SYNPCC7002_RS14385,SYNPCC7002_RS14395,0.110947121467095
SYNPCC7002_RS08390,SYNPCC7002_RS04330,0.110934976513786
SYNPCC7002_RS11685,SYNPCC7002_RS16635,0.11092715478002
SYNPCC7002_RS09630,SYNPCC7002_RS00090,0.110865572521411
SYNPCC7002_RS10050,SYNPCC7002_RS07790,0.11086000018401
SYNPCC7002_RS15720,SYNPCC7002_RS15325,0.110819464475452
SYNPCC7002_RS05135,SYNPCC7002_RS09795,0.110707227888192
SYNPCC7002_RS06150,SYNPCC7002_RS10115,0.11067000942309
SYNPCC7002_RS03030,SYNPCC7002_RS11305,0.110652304058817
SYNPCC7002_RS01800,SYNPCC7002_RS05335,0.110607856295286
SYNPCC7002_RS06150,SYNPCC7002_RS09240,0.110554942013585
SYNPCC7002_RS09630,SYNPCC7002_RS08920,0.110500480988585
SYNPCC7002_RS04650,SYNPCC7002_RS10920,0.110461098237763
SYNPCC7002_RS04650,SYNPCC7002_RS02265,0.110369822432655
SYNPCC7002_RS03295,SYNPCC7002_RS03610,0.110351651316182
SYNPCC7002_RS05135,SYNPCC7002_RS13615,0.110348652975314
SYNPCC7002_RS03295,SYNPCC7002_RS08760,0.110321151926763
SYNPCC7002_RS07385,SYNPCC7002_RS12945,0.110264711126854
SYNPCC7002_RS03950,SYNPCC7002_RS15440,0.110215997386786
SYNPCC7002_RS09630,SYNPCC7002_RS11720,0.110173777871664
SYNPCC7002_RS04680,SYNPCC7002_RS01815,0.110097295861243
SYNPCC7002_RS12395,SYNPCC7002_RS03430,0.110058300584547
SYNPCC7002_RS05135,SYNPCC7002_RS09655,0.109993677997182
SYNPCC7002_RS05985,SYNPCC7002_RS10105,0.109858415466923
SYNPCC7002_RS15680,SYNPCC7002_RS02065,0.109851650066773
SYNPCC7002_RS05135,SYNPCC7002_RS06350,0.109824861512437
SYNPCC7002_RS15520,SYNPCC7002_RS10640,0.109818670120374
SYNPCC7002_RS08175,SYNPCC7002_RS03405,0.109816510647239
SYNPCC7002_RS05135,SYNPCC7002_RS06395,0.10970335133148
SYNPCC7002_RS12395,SYNPCC7002_RS17200,0.109699412219223
SYNPCC7002_RS06540,SYNPCC7002_RS12620,0.109679890727528
SYNPCC7002_RS08860,SYNPCC7002_RS01365,0.109669455385183
SYNPCC7002_RS07385,SYNPCC7002_RS07215,0.109648574806538
SYNPCC7002_RS05135,SYNPCC7002_RS00730,0.109556149393081
SYNPCC7002_RS08175,SYNPCC7002_RS11890,0.109480441825724
SYNPCC7002_RS05135,SYNPCC7002_RS03425,0.109411510323672
SYNPCC7002_RS02715,SYNPCC7002_RS14845,0.109400921441069
SYNPCC7002_RS05135,SYNPCC7002_RS02425,0.109385727439995
SYNPCC7002_RS04780,SYNPCC7002_RS11135,0.109280929622957
SYNPCC7002_RS15520,SYNPCC7002_RS08460,0.109255497181341
SYNPCC7002_RS04890,SYNPCC7002_RS05135,0.109247949175695
SYNPCC7002_RS14790,SYNPCC7002_RS05560,0.109214900932143
SYNPCC7002_RS08965,SYNPCC7002_RS06950,0.109181365042887
SYNPCC7002_RS05460,SYNPCC7002_RS14940,0.109148583068977
SYNPCC7002_RS01420,SYNPCC7002_RS07140,0.109088732129383
SYNPCC7002_RS00850,SYNPCC7002_RS12370,0.10904844817725
SYNPCC7002_RS14790,SYNPCC7002_RS14785,0.109040078443367
SYNPCC7002_RS05460,SYNPCC7002_RS16575,0.10903702156917
SYNPCC7002_RS05135,SYNPCC7002_RS16355,0.109008846276304
SYNPCC7002_RS05135,SYNPCC7002_RS05230,0.109000984199702
SYNPCC7002_RS12395,SYNPCC7002_RS09460,0.108938495735777
SYNPCC7002_RS12395,SYNPCC7002_RS07725,0.10893127244243
SYNPCC7002_RS09630,SYNPCC7002_RS03945,0.108834852005293
SYNPCC7002_RS06150,SYNPCC7002_RS07915,0.108798854093381
SYNPCC7002_RS15255,SYNPCC7002_RS15315,0.108777152258182
SYNPCC7002_RS12395,SYNPCC7002_RS09880,0.108728685941947
SYNPCC7002_RS06540,SYNPCC7002_RS04715,0.108728197515049
SYNPCC7002_RS15680,SYNPCC7002_RS14615,0.108633247993019
SYNPCC7002_RS02455,SYNPCC7002_RS04215,0.108532926784838
SYNPCC7002_RS05135,SYNPCC7002_RS05270,0.108474243445719
SYNPCC7002_RS01085,SYNPCC7002_RS07170,0.108473029023953
SYNPCC7002_RS04890,SYNPCC7002_RS10275,0.108472189718957
SYNPCC7002_RS03295,SYNPCC7002_RS05355,0.108469335902828
SYNPCC7002_RS15255,SYNPCC7002_RS15330,0.108442215301032
SYNPCC7002_RS05135,SYNPCC7002_RS14250,0.108385447120076
SYNPCC7002_RS05460,SYNPCC7002_RS08720,0.108282535179873
SYNPCC7002_RS01800,SYNPCC7002_RS02315,0.108270790280127
SYNPCC7002_RS05135,SYNPCC7002_RS03385,0.10822613918363
SYNPCC7002_RS05135,SYNPCC7002_RS05150,0.108125646378415
SYNPCC7002_RS09780,SYNPCC7002_RS12960,0.108122004344186
SYNPCC7002_RS05985,SYNPCC7002_RS13395,0.10810509352819
SYNPCC7002_RS05135,SYNPCC7002_RS09560,0.108088605649215
SYNPCC7002_RS12395,SYNPCC7002_RS06585,0.108028688475946
SYNPCC7002_RS09320,SYNPCC7002_RS11670,0.108012165435089
SYNPCC7002_RS15680,SYNPCC7002_RS05675,0.107994987557156
SYNPCC7002_RS05135,SYNPCC7002_RS06585,0.107913503492161
SYNPCC7002_RS04780,SYNPCC7002_RS06540,0.107908801825299
SYNPCC7002_RS04780,SYNPCC7002_RS09345,0.107896543047819
SYNPCC7002_RS06150,SYNPCC7002_RS14965,0.107888401991556
SYNPCC7002_RS04680,SYNPCC7002_RS16030,0.107798978762329
SYNPCC7002_RS15680,SYNPCC7002_RS17045,0.107773227892179
SYNPCC7002_RS05985,SYNPCC7002_RS04520,0.107759044561409
SYNPCC7002_RS05135,SYNPCC7002_RS09575,0.107725080073388
SYNPCC7002_RS02455,SYNPCC7002_RS03000,0.107714782123838
SYNPCC7002_RS04680,SYNPCC7002_RS14695,0.107668266813704
SYNPCC7002_RS05135,SYNPCC7002_RS09305,0.107601360361289
SYNPCC7002_RS04890,SYNPCC7002_RS09915,0.10759267191962
SYNPCC7002_RS12395,SYNPCC7002_RS07745,0.107566661359668
SYNPCC7002_RS15680,SYNPCC7002_RS03135,0.107563728436207
SYNPCC7002_RS05985,SYNPCC7002_RS09975,0.107543672607651
SYNPCC7002_RS10050,SYNPCC7002_RS16795,0.107507478199438
SYNPCC7002_RS08390,SYNPCC7002_RS16090,0.10746735907363
SYNPCC7002_RS05460,SYNPCC7002_RS16835,0.10744940829436
SYNPCC7002_RS06150,SYNPCC7002_RS05455,0.107425434350343
SYNPCC7002_RS05460,SYNPCC7002_RS17155,0.107354024932274
SYNPCC7002_RS03295,SYNPCC7002_RS16225,0.10733429196598
SYNPCC7002_RS09630,SYNPCC7002_RS17225,0.107314013488506
SYNPCC7002_RS10050,SYNPCC7002_RS15065,0.107292984302518
SYNPCC7002_RS03950,SYNPCC7002_RS16275,0.107177902667526
SYNPCC7002_RS05460,SYNPCC7002_RS11210,0.107134706093198
SYNPCC7002_RS14440,SYNPCC7002_RS14365,0.107108987482497
SYNPCC7002_RS05135,SYNPCC7002_RS07725,0.107073944330164
SYNPCC7002_RS06005,SYNPCC7002_RS08370,0.107063767156425
SYNPCC7002_RS05985,SYNPCC7002_RS12070,0.107045641731858
SYNPCC7002_RS05135,SYNPCC7002_RS07680,0.107038893553928
SYNPCC7002_RS08255,SYNPCC7002_RS07100,0.107011596248726
SYNPCC7002_RS08255,SYNPCC7002_RS02535,0.106985432047185
SYNPCC7002_RS09630,SYNPCC7002_RS05690,0.106918620591703
SYNPCC7002_RS05460,SYNPCC7002_RS14355,0.10691133747145
SYNPCC7002_RS02715,SYNPCC7002_RS10195,0.106879591162117
SYNPCC7002_RS04650,SYNPCC7002_RS00040,0.106830074041245
SYNPCC7002_RS12395,SYNPCC7002_RS09580,0.106809298645407
SYNPCC7002_RS04680,SYNPCC7002_RS03260,0.106799929211894
SYNPCC7002_RS09820,SYNPCC7002_RS10195,0.106798700542692
SYNPCC7002_RS05985,SYNPCC7002_RS01900,0.106798439583709
SYNPCC7002_RS02715,SYNPCC7002_RS03745,0.106796968262156
SYNPCC7002_RS08175,SYNPCC7002_RS03410,0.106607185447441
SYNPCC7002_RS05135,SYNPCC7002_RS00370,0.106515857571966
SYNPCC7002_RS04680,SYNPCC7002_RS13325,0.106498965024294
SYNPCC7002_RS05135,SYNPCC7002_RS01580,0.106449905337745
SYNPCC7002_RS05460,SYNPCC7002_RS12310,0.106386040975751
SYNPCC7002_RS12395,SYNPCC7002_RS07750,0.106383251915996
SYNPCC7002_RS05985,SYNPCC7002_RS01560,0.106382645730595
SYNPCC7002_RS02715,SYNPCC7002_RS06430,0.106375978262656
SYNPCC7002_RS15680,SYNPCC7002_RS07130,0.106214414658579
SYNPCC7002_RS06150,SYNPCC7002_RS11435,0.106197619416942
SYNPCC7002_RS06150,SYNPCC7002_RS02625,0.106185912962598
SYNPCC7002_RS14385,SYNPCC7002_RS14420,0.106176035764466
SYNPCC7002_RS12395,SYNPCC7002_RS08670,0.106164113043279
SYNPCC7002_RS10050,SYNPCC7002_RS04320,0.106121756714304
SYNPCC7002_RS04650,SYNPCC7002_RS11530,0.106088458928661
SYNPCC7002_RS04780,SYNPCC7002_RS16210,0.106018705173632
SYNPCC7002_RS08390,SYNPCC7002_RS13690,0.105961618786991
SYNPCC7002_RS01335,SYNPCC7002_RS02325,0.10596158248855
SYNPCC7002_RS05985,SYNPCC7002_RS13650,0.105949579390478
SYNPCC7002_RS05135,SYNPCC7002_RS00530,0.105940696337172
SYNPCC7002_RS10050,SYNPCC7002_RS07810,0.10593363265587
SYNPCC7002_RS06540,SYNPCC7002_RS00210,0.105919486940234
SYNPCC7002_RS03295,SYNPCC7002_RS08765,0.105884544989534
SYNPCC7002_RS09630,SYNPCC7002_RS15850,0.105857818700892
SYNPCC7002_RS08390,SYNPCC7002_RS07410,0.105838524810096
SYNPCC7002_RS12515,SYNPCC7002_RS14310,0.105826553638387
SYNPCC7002_RS14790,SYNPCC7002_RS05565,0.105819130199629
SYNPCC7002_RS09320,SYNPCC7002_RS13890,0.105691502340115
SYNPCC7002_RS00650,SYNPCC7002_RS11700,0.105682272377681
SYNPCC7002_RS05135,SYNPCC7002_RS05305,0.105581400244201
SYNPCC7002_RS15255,SYNPCC7002_RS13185,0.105553920139045
SYNPCC7002_RS01420,SYNPCC7002_RS01435,0.105494732881842
SYNPCC7002_RS05135,SYNPCC7002_RS09130,0.105473222542836
SYNPCC7002_RS06005,SYNPCC7002_RS06650,0.105403528156511
SYNPCC7002_RS05460,SYNPCC7002_RS14425,0.105392862960891
SYNPCC7002_RS09630,SYNPCC7002_RS05665,0.105372938532361
SYNPCC7002_RS08210,SYNPCC7002_RS17235,0.105371289261327
SYNPCC7002_RS05135,SYNPCC7002_RS03090,0.105369865652234
SYNPCC7002_RS04890,SYNPCC7002_RS12725,0.105354987953773
SYNPCC7002_RS15680,SYNPCC7002_RS06615,0.105148723880409
SYNPCC7002_RS05135,SYNPCC7002_RS03280,0.105119760775276
SYNPCC7002_RS03030,SYNPCC7002_RS08955,0.105070367342831
SYNPCC7002_RS05135,SYNPCC7002_RS03290,0.105068627535418
SYNPCC7002_RS05135,SYNPCC7002_RS17035,0.105058507165075
SYNPCC7002_RS15520,SYNPCC7002_RS04790,0.105051998805395
SYNPCC7002_RS05985,SYNPCC7002_RS08925,0.105047294941557
SYNPCC7002_RS14385,SYNPCC7002_RS14375,0.105046550825335
SYNPCC7002_RS12395,SYNPCC7002_RS01830,0.105045737099576
SYNPCC7002_RS16160,SYNPCC7002_RS16715,0.105039188328553
SYNPCC7002_RS10145,SYNPCC7002_RS03985,0.105038683765357
SYNPCC7002_RS12395,SYNPCC7002_RS12690,0.105022913336815
SYNPCC7002_RS15720,SYNPCC7002_RS06460,0.105016443525871
SYNPCC7002_RS08965,SYNPCC7002_RS10220,0.104988890555431
SYNPCC7002_RS08965,SYNPCC7002_RS13070,0.104972433545597
SYNPCC7002_RS02715,SYNPCC7002_RS15435,0.104963981917785
SYNPCC7002_RS04780,SYNPCC7002_RS08340,0.104955853258694
SYNPCC7002_RS04780,SYNPCC7002_RS03545,0.104952164709245
SYNPCC7002_RS08945,SYNPCC7002_RS09115,0.10493500450509
SYNPCC7002_RS05135,SYNPCC7002_RS04840,0.104921068485832
SYNPCC7002_RS05135,SYNPCC7002_RS06580,0.104910457752041
SYNPCC7002_RS05985,SYNPCC7002_RS05910,0.104890303674686
SYNPCC7002_RS05135,SYNPCC7002_RS05280,0.104832383714259
SYNPCC7002_RS12090,SYNPCC7002_RS16665,0.104825049633421
SYNPCC7002_RS12090,SYNPCC7002_RS09675,0.104781382743087
SYNPCC7002_RS05460,SYNPCC7002_RS15440,0.104769046075323
SYNPCC7002_RS05135,SYNPCC7002_RS12690,0.1047613315414
SYNPCC7002_RS15255,SYNPCC7002_RS01235,0.104742567140235
SYNPCC7002_RS05985,SYNPCC7002_RS11250,0.104738417869634
SYNPCC7002_RS01800,SYNPCC7002_RS12890,0.104723373968923
SYNPCC7002_RS05135,SYNPCC7002_RS01695,0.104705621616879
SYNPCC7002_RS09780,SYNPCC7002_RS01830,0.104661499048744
SYNPCC7002_RS09320,SYNPCC7002_RS15225,0.104570138118601
SYNPCC7002_RS04680,SYNPCC7002_RS08730,0.104566466272652
SYNPCC7002_RS15680,SYNPCC7002_RS03140,0.104456753934938
SYNPCC7002_RS07295,SYNPCC7002_RS14345,0.104409854103521
SYNPCC7002_RS07295,SYNPCC7002_RS09120,0.104386142153554
SYNPCC7002_RS00650,SYNPCC7002_RS13575,0.104341360062451
SYNPCC7002_RS05460,SYNPCC7002_RS16415,0.10433039451939
SYNPCC7002_RS07295,SYNPCC7002_RS05785,0.104313885615403
SYNPCC7002_RS15680,SYNPCC7002_RS02600,0.104272974913468
SYNPCC7002_RS06540,SYNPCC7002_RS02210,0.104236464623736
SYNPCC7002_RS11400,SYNPCC7002_RS01705,0.10423166615904
SYNPCC7002_RS14440,SYNPCC7002_RS16320,0.104165605618163
SYNPCC7002_RS15520,SYNPCC7002_RS03260,0.104164482181127
SYNPCC7002_RS03295,SYNPCC7002_RS14350,0.104145780565982
SYNPCC7002_RS09780,SYNPCC7002_RS04525,0.104121754121735
SYNPCC7002_RS14440,SYNPCC7002_RS16505,0.10411192626614
SYNPCC7002_RS04890,SYNPCC7002_RS12395,0.10408158008495
SYNPCC7002_RS10050,SYNPCC7002_RS05655,0.103986351701649
SYNPCC7002_RS03295,SYNPCC7002_RS01340,0.103920370468577
SYNPCC7002_RS05460,SYNPCC7002_RS14330,0.103910813013066
SYNPCC7002_RS16320,SYNPCC7002_RS16755,0.1038958857914
SYNPCC7002_RS09630,SYNPCC7002_RS10480,0.103887807477484
SYNPCC7002_RS14385,SYNPCC7002_RS14365,0.103840255880254
SYNPCC7002_RS04650,SYNPCC7002_RS03525,0.10382160403521
SYNPCC7002_RS04680,SYNPCC7002_RS10115,0.103818326179622
SYNPCC7002_RS09320,SYNPCC7002_RS01875,0.103791952729912
SYNPCC7002_RS04890,SYNPCC7002_RS04400,0.103788039842894
SYNPCC7002_RS06150,SYNPCC7002_RS08160,0.10377075638767
SYNPCC7002_RS08965,SYNPCC7002_RS10440,0.103769071186793
SYNPCC7002_RS02455,SYNPCC7002_RS14175,0.103735501355265
SYNPCC7002_RS05460,SYNPCC7002_RS09000,0.103707943696289
SYNPCC7002_RS05135,SYNPCC7002_RS12190,0.103692282681808
SYNPCC7002_RS12395,SYNPCC7002_RS11005,0.103684290275544
SYNPCC7002_RS05135,SYNPCC7002_RS10210,0.103678173501113
SYNPCC7002_RS08965,SYNPCC7002_RS04060,0.103627629900162
SYNPCC7002_RS08965,SYNPCC7002_RS08425,0.103487797328881
SYNPCC7002_RS05135,SYNPCC7002_RS15640,0.103479474414639
SYNPCC7002_RS10050,SYNPCC7002_RS10940,0.103467655441019
SYNPCC7002_RS10050,SYNPCC7002_RS07590,0.103457550038333
SYNPCC7002_RS05135,SYNPCC7002_RS05125,0.103449461263094
SYNPCC7002_RS05135,SYNPCC7002_RS16370,0.103438016152164
SYNPCC7002_RS02715,SYNPCC7002_RS13750,0.103427834500413
SYNPCC7002_RS06150,SYNPCC7002_RS14575,0.103344189542728
SYNPCC7002_RS05135,SYNPCC7002_RS09650,0.10331312633954
SYNPCC7002_RS14385,SYNPCC7002_RS14380,0.103306810218511
SYNPCC7002_RS10050,SYNPCC7002_RS12435,0.103293569153567
SYNPCC7002_RS04650,SYNPCC7002_RS00185,0.103267766094792
SYNPCC7002_RS12395,SYNPCC7002_RS11950,0.103250757018673
SYNPCC7002_RS05135,SYNPCC7002_RS03665,0.10320608504699
SYNPCC7002_RS09630,SYNPCC7002_RS06325,0.103100192344834
SYNPCC7002_RS04890,SYNPCC7002_RS09535,0.103064711071283
SYNPCC7002_RS04780,SYNPCC7002_RS15815,0.103047310039309
SYNPCC7002_RS05135,SYNPCC7002_RS05260,0.103039725758566
SYNPCC7002_RS09320,SYNPCC7002_RS02200,0.103036474264711
SYNPCC7002_RS06150,SYNPCC7002_RS15925,0.103019451342973
SYNPCC7002_RS10050,SYNPCC7002_RS07600,0.103008609978651
SYNPCC7002_RS05135,SYNPCC7002_RS04640,0.102996793652153
SYNPCC7002_RS05135,SYNPCC7002_RS02470,0.102981937314538
SYNPCC7002_RS01420,SYNPCC7002_RS14470,0.102977754228508
SYNPCC7002_RS15520,SYNPCC7002_RS12170,0.102961247154757
SYNPCC7002_RS00635,SYNPCC7002_RS10410,0.102958534358806
SYNPCC7002_RS06150,SYNPCC7002_RS04355,0.102954916371642
SYNPCC7002_RS04250,SYNPCC7002_RS01485,0.102931283689139
SYNPCC7002_RS04650,SYNPCC7002_RS14920,0.102899064287765
SYNPCC7002_RS06540,SYNPCC7002_RS12875,0.102849412558763
SYNPCC7002_RS07295,SYNPCC7002_RS15070,0.102848142220562
SYNPCC7002_RS08390,SYNPCC7002_RS07420,0.102782640305284
SYNPCC7002_RS05135,SYNPCC7002_RS05120,0.102764307665632
SYNPCC7002_RS04680,SYNPCC7002_RS08495,0.102740922139687
SYNPCC7002_RS16320,SYNPCC7002_RS06460,0.10274063399874
SYNPCC7002_RS05985,SYNPCC7002_RS00810,0.102722330007683
SYNPCC7002_RS06150,SYNPCC7002_RS13695,0.102683247324442
SYNPCC7002_RS14440,SYNPCC7002_RS14445,0.102663293421837
SYNPCC7002_RS04250,SYNPCC7002_RS01520,0.1026505965552
SYNPCC7002_RS03295,SYNPCC7002_RS10200,0.10264526939668
SYNPCC7002_RS15995,SYNPCC7002_RS14100,0.102632127470002
SYNPCC7002_RS12395,SYNPCC7002_RS02955,0.102630145785773
SYNPCC7002_RS04650,SYNPCC7002_RS12730,0.102620504973028
SYNPCC7002_RS02715,SYNPCC7002_RS00580,0.102610100802826
SYNPCC7002_RS09630,SYNPCC7002_RS13385,0.102560552034516
SYNPCC7002_RS02715,SYNPCC7002_RS16575,0.102549492559674
SYNPCC7002_RS01335,SYNPCC7002_RS05340,0.102531352031761
SYNPCC7002_RS05135,SYNPCC7002_RS03430,0.10248211111327
SYNPCC7002_RS05135,SYNPCC7002_RS01595,0.102479635580414
SYNPCC7002_RS01335,SYNPCC7002_RS10655,0.10247408173871
SYNPCC7002_RS10050,SYNPCC7002_RS03745,0.1024613242012
SYNPCC7002_RS12395,SYNPCC7002_RS07780,0.10245604799582
SYNPCC7002_RS04650,SYNPCC7002_RS02680,0.102455225625165
SYNPCC7002_RS01335,SYNPCC7002_RS07515,0.102445494327786
SYNPCC7002_RS12395,SYNPCC7002_RS05135,0.102434497393024
SYNPCC7002_RS05135,SYNPCC7002_RS12985,0.102430699914571
SYNPCC7002_RS09320,SYNPCC7002_RS01845,0.102425676579101
SYNPCC7002_RS14440,SYNPCC7002_RS14405,0.102409445535075
SYNPCC7002_RS15520,SYNPCC7002_RS01815,0.102394933464612
SYNPCC7002_RS05135,SYNPCC7002_RS04890,0.102390768795106
SYNPCC7002_RS05135,SYNPCC7002_RS04565,0.102379149862147
SYNPCC7002_RS09320,SYNPCC7002_RS09215,0.102320844713142
SYNPCC7002_RS08175,SYNPCC7002_RS11445,0.102304804047988
SYNPCC7002_RS04890,SYNPCC7002_RS08295,0.102280758783566
SYNPCC7002_RS00050,SYNPCC7002_RS04095,0.102249584387466
SYNPCC7002_RS08965,SYNPCC7002_RS11290,0.10222038377188
SYNPCC7002_RS04780,SYNPCC7002_RS02760,0.102143958446619
SYNPCC7002_RS06150,SYNPCC7002_RS11720,0.102132553189358
SYNPCC7002_RS05985,SYNPCC7002_RS13835,0.102125595170778
SYNPCC7002_RS09780,SYNPCC7002_RS17215,0.102066883339548
SYNPCC7002_RS12395,SYNPCC7002_RS01925,0.102056748336062
SYNPCC7002_RS06150,SYNPCC7002_RS08635,0.102046965632846
SYNPCC7002_RS05135,SYNPCC7002_RS07770,0.101977012688504
SYNPCC7002_RS07385,SYNPCC7002_RS08700,0.101919053941622
SYNPCC7002_RS11685,SYNPCC7002_RS10920,0.101910097369313
SYNPCC7002_RS04780,SYNPCC7002_RS10580,0.101895450737735
SYNPCC7002_RS03950,SYNPCC7002_RS15810,0.101866769352135
SYNPCC7002_RS08255,SYNPCC7002_RS02105,0.101859843684129
SYNPCC7002_RS00050,SYNPCC7002_RS10105,0.101859751782473
SYNPCC7002_RS03760,SYNPCC7002_RS03730,0.101815351538434
SYNPCC7002_RS10050,SYNPCC7002_RS16130,0.101812215522496
SYNPCC7002_RS05460,SYNPCC7002_RS14405,0.101801486889174
SYNPCC7002_RS09630,SYNPCC7002_RS00695,0.101777181100873
SYNPCC7002_RS01335,SYNPCC7002_RS11420,0.101772164791702
SYNPCC7002_RS04890,SYNPCC7002_RS10040,0.101771111230446
SYNPCC7002_RS05985,SYNPCC7002_RS04590,0.10176118351701
SYNPCC7002_RS01335,SYNPCC7002_RS01270,0.101719679503875
SYNPCC7002_RS04890,SYNPCC7002_RS00545,0.101682738208205
SYNPCC7002_RS08390,SYNPCC7002_RS11795,0.101629574714344
SYNPCC7002_RS05135,SYNPCC7002_RS01745,0.101605506503862
SYNPCC7002_RS15720,SYNPCC7002_RS15315,0.101550948730141
SYNPCC7002_RS05135,SYNPCC7002_RS16675,0.101539578874389
SYNPCC7002_RS05985,SYNPCC7002_RS05020,0.101512933027817
SYNPCC7002_RS01420,SYNPCC7002_RS16445,0.101506006920913
SYNPCC7002_RS00050,SYNPCC7002_RS00360,0.101481951056783
SYNPCC7002_RS12395,SYNPCC7002_RS12490,0.101471316707768
SYNPCC7002_RS05135,SYNPCC7002_RS02405,0.101464520607143
SYNPCC7002_RS12395,SYNPCC7002_RS16355,0.101460814108931
SYNPCC7002_RS12395,SYNPCC7002_RS00265,0.101435093086614
SYNPCC7002_RS10050,SYNPCC7002_RS03510,0.101415130242499
SYNPCC7002_RS10050,SYNPCC7002_RS07595,0.101403158422174
SYNPCC7002_RS04780,SYNPCC7002_RS13135,0.101373173761303
SYNPCC7002_RS01800,SYNPCC7002_RS00030,0.101365541863857
SYNPCC7002_RS05135,SYNPCC7002_RS07780,0.101312048443428
SYNPCC7002_RS01800,SYNPCC7002_RS13285,0.101251084064105
SYNPCC7002_RS11400,SYNPCC7002_RS12625,0.10121441567017
SYNPCC7002_RS06005,SYNPCC7002_RS16780,0.101187579256402
SYNPCC7002_RS05985,SYNPCC7002_RS15260,0.101100160490066
SYNPCC7002_RS05460,SYNPCC7002_RS13210,0.101088343172207
SYNPCC7002_RS15520,SYNPCC7002_RS14130,0.101058717052545
SYNPCC7002_RS02455,SYNPCC7002_RS01340,0.101038839536138
SYNPCC7002_RS04780,SYNPCC7002_RS10475,0.10100518517592
SYNPCC7002_RS14385,SYNPCC7002_RS14325,0.101004588529931
SYNPCC7002_RS06540,SYNPCC7002_RS01615,0.101003691678157
SYNPCC7002_RS14440,SYNPCC7002_RS16310,0.101002221279146
SYNPCC7002_RS02410,SYNPCC7002_RS08130,0.100990171456079
SYNPCC7002_RS12395,SYNPCC7002_RS15055,0.100978385234729
SYNPCC7002_RS10050,SYNPCC7002_RS07340,0.100973186068969
SYNPCC7002_RS15680,SYNPCC7002_RS14650,0.10094118907702
SYNPCC7002_RS14440,SYNPCC7002_RS09860,0.100931436117644
SYNPCC7002_RS05135,SYNPCC7002_RS05390,0.100898064406571
SYNPCC7002_RS10050,SYNPCC7002_RS01930,0.100890867252178
SYNPCC7002_RS10050,SYNPCC7002_RS07770,0.100879954911473
SYNPCC7002_RS05135,SYNPCC7002_RS09790,0.100867579705539
SYNPCC7002_RS10050,SYNPCC7002_RS04315,0.100830088677568
SYNPCC7002_RS09630,SYNPCC7002_RS15010,0.1008155864967
SYNPCC7002_RS01420,SYNPCC7002_RS10765,0.100808877622876
SYNPCC7002_RS00050,SYNPCC7002_RS03715,0.10077800747648
SYNPCC7002_RS03030,SYNPCC7002_RS04710,0.100750934836262
SYNPCC7002_RS04780,SYNPCC7002_RS07385,0.10074130373507
SYNPCC7002_RS01335,SYNPCC7002_RS09440,0.100679294053129
SYNPCC7002_RS02715,SYNPCC7002_RS13190,0.100644948550445
SYNPCC7002_RS04250,SYNPCC7002_RS00915,0.100631611583672
SYNPCC7002_RS14790,SYNPCC7002_RS04800,0.100599329608837
SYNPCC7002_RS05135,SYNPCC7002_RS09910,0.100556046640246
SYNPCC7002_RS15520,SYNPCC7002_RS15575,0.100540963727358
SYNPCC7002_RS05135,SYNPCC7002_RS11350,0.100536440456485
SYNPCC7002_RS03030,SYNPCC7002_RS13715,0.100449239862121
SYNPCC7002_RS12395,SYNPCC7002_RS15110,0.100442743751472
SYNPCC7002_RS09320,SYNPCC7002_RS11040,0.100437328652656
SYNPCC7002_RS03030,SYNPCC7002_RS07280,0.10043488126191
SYNPCC7002_RS09780,SYNPCC7002_RS12145,0.100336301990134
SYNPCC7002_RS05135,SYNPCC7002_RS07490,0.100309785102508
SYNPCC7002_RS16160,SYNPCC7002_RS08440,0.10030950724825
SYNPCC7002_RS02715,SYNPCC7002_RS03675,0.100290103401148
SYNPCC7002_RS05135,SYNPCC7002_RS11520,0.100236879450824
SYNPCC7002_RS05985,SYNPCC7002_RS08230,0.100218280080424
SYNPCC7002_RS09630,SYNPCC7002_RS06200,0.100216764586042
SYNPCC7002_RS04890,SYNPCC7002_RS08820,0.100201401460096
SYNPCC7002_RS12395,SYNPCC7002_RS05550,0.100177125458678
SYNPCC7002_RS10050,SYNPCC7002_RS09905,0.100158861114953
SYNPCC7002_RS09820,SYNPCC7002_RS12140,0.100158290443894
SYNPCC7002_RS05135,SYNPCC7002_RS03685,0.100128261761848
SYNPCC7002_RS05135,SYNPCC7002_RS03660,0.100126679102859
SYNPCC7002_RS12395,SYNPCC7002_RS08550,0.100125170265816
SYNPCC7002_RS12395,SYNPCC7002_RS07590,0.100097944013979
SYNPCC7002_RS00050,SYNPCC7002_RS17005,0.100040121696527
SYNPCC7002_RS09090,SYNPCC7002_RS16805,0.100020370661029
SYNPCC7002_RS09845,SYNPCC7002_RS04990,0.100016837318062
SYNPCC7002_RS12395,SYNPCC7002_RS16360,0.100012176551636
SYNPCC7002_RS09630,SYNPCC7002_RS05670,0.100004390158733
SYNPCC7002_RS05460,SYNPCC7002_RS11375,0.099998525024844
SYNPCC7002_RS15680,SYNPCC7002_RS02060,0.0999583412230712
SYNPCC7002_RS02715,SYNPCC7002_RS05255,0.0999478847926346
SYNPCC7002_RS01800,SYNPCC7002_RS05330,0.0999439191372754
SYNPCC7002_RS10050,SYNPCC7002_RS07680,0.0999372802297018
SYNPCC7002_RS09320,SYNPCC7002_RS08745,0.0999060857729678
SYNPCC7002_RS10050,SYNPCC7002_RS10165,0.0999033186975916
SYNPCC7002_RS11685,SYNPCC7002_RS03895,0.0998185991582352
SYNPCC7002_RS14440,SYNPCC7002_RS14455,0.0998110743133758
SYNPCC7002_RS05135,SYNPCC7002_RS06050,0.0997989843160474
SYNPCC7002_RS09780,SYNPCC7002_RS04095,0.0997744775362132
SYNPCC7002_RS04890,SYNPCC7002_RS04620,0.0997584277349157
SYNPCC7002_RS12395,SYNPCC7002_RS05270,0.0997529342289873
SYNPCC7002_RS03295,SYNPCC7002_RS14345,0.0996860968298478
SYNPCC7002_RS00640,SYNPCC7002_RS05460,0.0996839708429767
SYNPCC7002_RS14385,SYNPCC7002_RS14405,0.0996721042727649
SYNPCC7002_RS05985,SYNPCC7002_RS13960,0.099671286993703
SYNPCC7002_RS04890,SYNPCC7002_RS07545,0.0996604819274201
SYNPCC7002_RS03295,SYNPCC7002_RS15965,0.0996491487448837
SYNPCC7002_RS05135,SYNPCC7002_RS03655,0.0996400583061609
SYNPCC7002_RS15680,SYNPCC7002_RS05685,0.0996049298818008
SYNPCC7002_RS11685,SYNPCC7002_RS05550,0.0995935324481514
SYNPCC7002_RS08255,SYNPCC7002_RS07055,0.0995811888823295
SYNPCC7002_RS05985,SYNPCC7002_RS04525,0.0995779147506362
SYNPCC7002_RS10050,SYNPCC7002_RS03670,0.0995600220547863
SYNPCC7002_RS02715,SYNPCC7002_RS04200,0.0995363607135629
SYNPCC7002_RS06165,SYNPCC7002_RS04455,0.099531405022844
SYNPCC7002_RS09320,SYNPCC7002_RS04600,0.0995263307824259
SYNPCC7002_RS15030,SYNPCC7002_RS15035,0.0995161392712936
SYNPCC7002_RS04890,SYNPCC7002_RS10210,0.099514167332641
SYNPCC7002_RS11685,SYNPCC7002_RS09735,0.0994535602494955
SYNPCC7002_RS07385,SYNPCC7002_RS14155,0.0994218015818654
SYNPCC7002_RS05135,SYNPCC7002_RS03510,0.0994192248081928
SYNPCC7002_RS12090,SYNPCC7002_RS13565,0.0993950208998802
SYNPCC7002_RS08390,SYNPCC7002_RS16245,0.0993853322514669
SYNPCC7002_RS03295,SYNPCC7002_RS06305,0.0993825884139301
SYNPCC7002_RS04650,SYNPCC7002_RS04585,0.0993815813578017
SYNPCC7002_RS10050,SYNPCC7002_RS08890,0.0993737334372986
SYNPCC7002_RS10050,SYNPCC7002_RS12255,0.099329485397348
SYNPCC7002_RS08860,SYNPCC7002_RS09385,0.0993181271666491
SYNPCC7002_RS05135,SYNPCC7002_RS07745,0.0993179091830374
SYNPCC7002_RS05135,SYNPCC7002_RS02195,0.0992891100968694
SYNPCC7002_RS04780,SYNPCC7002_RS13365,0.0992876208599234
SYNPCC7002_RS12395,SYNPCC7002_RS08665,0.0992696129758798
SYNPCC7002_RS12395,SYNPCC7002_RS03390,0.0992662263483772
SYNPCC7002_RS05985,SYNPCC7002_RS10725,0.0992656387343303
SYNPCC7002_RS05135,SYNPCC7002_RS13065,0.0992584886210574
SYNPCC7002_RS09320,SYNPCC7002_RS07480,0.0992582542664042
SYNPCC7002_RS09630,SYNPCC7002_RS08160,0.099225011429672
SYNPCC7002_RS15680,SYNPCC7002_RS01235,0.0992055128343661
SYNPCC7002_RS10050,SYNPCC7002_RS06025,0.0991119293418531
SYNPCC7002_RS08965,SYNPCC7002_RS08745,0.0991055137603155
SYNPCC7002_RS09820,SYNPCC7002_RS13345,0.0991018218321956
SYNPCC7002_RS15255,SYNPCC7002_RS14800,0.0990931810968282
SYNPCC7002_RS12395,SYNPCC7002_RS00455,0.0990916883770219
SYNPCC7002_RS02455,SYNPCC7002_RS10085,0.099071688835623
SYNPCC7002_RS09995,SYNPCC7002_RS16085,0.0990649362086678
SYNPCC7002_RS16160,SYNPCC7002_RS04255,0.0990545455363686
SYNPCC7002_RS12395,SYNPCC7002_RS13670,0.0990375822477643
SYNPCC7002_RS05460,SYNPCC7002_RS14500,0.0990309610836669
SYNPCC7002_RS05135,SYNPCC7002_RS12555,0.0990216182260471
SYNPCC7002_RS12090,SYNPCC7002_RS02775,0.0990054944552998
SYNPCC7002_RS00050,SYNPCC7002_RS05020,0.0990037896105296
SYNPCC7002_RS04250,SYNPCC7002_RS12350,0.0989931275189697
SYNPCC7002_RS08390,SYNPCC7002_RS00325,0.0989690061886524
SYNPCC7002_RS06150,SYNPCC7002_RS11825,0.0989439149714682
SYNPCC7002_RS04890,SYNPCC7002_RS04840,0.098940336548775
SYNPCC7002_RS10050,SYNPCC7002_RS01945,0.0989157304489662
SYNPCC7002_RS08965,SYNPCC7002_RS10490,0.0989152020650388
SYNPCC7002_RS02715,SYNPCC7002_RS02710,0.0988907658019422
SYNPCC7002_RS09320,SYNPCC7002_RS13675,0.0988855962907393
SYNPCC7002_RS09780,SYNPCC7002_RS11950,0.0988791190748613
SYNPCC7002_RS10050,SYNPCC7002_RS06825,0.0988780520232957
SYNPCC7002_RS11400,SYNPCC7002_RS15235,0.0988698551249772
SYNPCC7002_RS12395,SYNPCC7002_RS00305,0.0988616607854367
SYNPCC7002_RS00650,SYNPCC7002_RS01500,0.0988249432947402
SYNPCC7002_RS05135,SYNPCC7002_RS13060,0.0988242849491115
SYNPCC7002_RS10050,SYNPCC7002_RS11005,0.0988020957003963
SYNPCC7002_RS01800,SYNPCC7002_RS03295,0.098797426957156
SYNPCC7002_RS06150,SYNPCC7002_RS13850,0.0987961692908331
SYNPCC7002_RS05985,SYNPCC7002_RS11925,0.0987761954641045
SYNPCC7002_RS11400,SYNPCC7002_RS03470,0.0987761252965744
SYNPCC7002_RS12395,SYNPCC7002_RS08555,0.0987289346455463
SYNPCC7002_RS09420,SYNPCC7002_RS09425,0.0987105742135221
SYNPCC7002_RS09995,SYNPCC7002_RS00705,0.0987066752034969
SYNPCC7002_RS09780,SYNPCC7002_RS14755,0.0986899453116441
SYNPCC7002_RS12395,SYNPCC7002_RS09560,0.0986679486442075
SYNPCC7002_RS05460,SYNPCC7002_RS02510,0.0986533563832598
SYNPCC7002_RS01800,SYNPCC7002_RS02320,0.0986326945635941
SYNPCC7002_RS15680,SYNPCC7002_RS15160,0.0986287284652687
SYNPCC7002_RS04780,SYNPCC7002_RS07455,0.0986145115360428
SYNPCC7002_RS15520,SYNPCC7002_RS05565,0.0986107064815632
SYNPCC7002_RS08965,SYNPCC7002_RS02350,0.0985946642589021
SYNPCC7002_RS03295,SYNPCC7002_RS14340,0.098573446582688
SYNPCC7002_RS05985,SYNPCC7002_RS17195,0.0985687267906863
SYNPCC7002_RS00650,SYNPCC7002_RS05380,0.0985186063801217
SYNPCC7002_RS12090,SYNPCC7002_RS08470,0.0985137147434449
SYNPCC7002_RS15520,SYNPCC7002_RS09660,0.0984933483369309
SYNPCC7002_RS05135,SYNPCC7002_RS05245,0.0984714226433949
SYNPCC7002_RS01800,SYNPCC7002_RS15965,0.0984683905399592
SYNPCC7002_RS05135,SYNPCC7002_RS04950,0.098457522065065
SYNPCC7002_RS01420,SYNPCC7002_RS08670,0.0984558298801191
SYNPCC7002_RS08965,SYNPCC7002_RS16685,0.0984479972591571
SYNPCC7002_RS08965,SYNPCC7002_RS04730,0.0984399729139906
SYNPCC7002_RS15255,SYNPCC7002_RS15325,0.0984176089706704
SYNPCC7002_RS09820,SYNPCC7002_RS04910,0.0984048194342112
SYNPCC7002_RS05460,SYNPCC7002_RS04310,0.0983831578241458
SYNPCC7002_RS08390,SYNPCC7002_RS14030,0.0983579769676143
SYNPCC7002_RS09820,SYNPCC7002_RS11370,0.0983521752486997
SYNPCC7002_RS15520,SYNPCC7002_RS14695,0.0983316889897085
SYNPCC7002_RS04890,SYNPCC7002_RS01580,0.0983219032658709
SYNPCC7002_RS05985,SYNPCC7002_RS16075,0.0982932349174414
SYNPCC7002_RS04890,SYNPCC7002_RS01140,0.0982893678453847
SYNPCC7002_RS03760,SYNPCC7002_RS02955,0.0982871586884014
SYNPCC7002_RS08175,SYNPCC7002_RS06370,0.098255978764434
SYNPCC7002_RS15520,SYNPCC7002_RS10490,0.0982551084340982
SYNPCC7002_RS08390,SYNPCC7002_RS08165,0.098249974815911
SYNPCC7002_RS05985,SYNPCC7002_RS11030,0.0982271735428868
SYNPCC7002_RS08965,SYNPCC7002_RS12780,0.0982127804957705
SYNPCC7002_RS15995,SYNPCC7002_RS08025,0.098207677042446
SYNPCC7002_RS08390,SYNPCC7002_RS06655,0.0981950564480724
SYNPCC7002_RS09820,SYNPCC7002_RS10805,0.0981847139809807
SYNPCC7002_RS16160,SYNPCC7002_RS16060,0.0981571992574977
SYNPCC7002_RS01335,SYNPCC7002_RS02320,0.0981531506968369
SYNPCC7002_RS05985,SYNPCC7002_RS02900,0.098132533946376
SYNPCC7002_RS15680,SYNPCC7002_RS15330,0.0981156414078125
SYNPCC7002_RS04890,SYNPCC7002_RS17035,0.0980877453534401
SYNPCC7002_RS09780,SYNPCC7002_RS16470,0.0980317230894155
SYNPCC7002_RS05135,SYNPCC7002_RS05300,0.0980109066229174
SYNPCC7002_RS04650,SYNPCC7002_RS05705,0.0980044720304219
SYNPCC7002_RS06540,SYNPCC7002_RS01345,0.097995742583476
SYNPCC7002_RS16320,SYNPCC7002_RS15710,0.0979947346541107
SYNPCC7002_RS05135,SYNPCC7002_RS05180,0.0979541604969299
SYNPCC7002_RS06150,SYNPCC7002_RS06800,0.0979436987901903
SYNPCC7002_RS15520,SYNPCC7002_RS10970,0.097935217863065
SYNPCC7002_RS00260,SYNPCC7002_RS08535,0.097928476428203
SYNPCC7002_RS15720,SYNPCC7002_RS06465,0.0979224420434468
SYNPCC7002_RS09780,SYNPCC7002_RS04380,0.0979128893472457
SYNPCC7002_RS16320,SYNPCC7002_RS15705,0.0978811808212299
SYNPCC7002_RS11400,SYNPCC7002_RS06705,0.0978673275862062
SYNPCC7002_RS05135,SYNPCC7002_RS13670,0.0978645897043856
SYNPCC7002_RS01085,SYNPCC7002_RS10655,0.0978625778340283
SYNPCC7002_RS05135,SYNPCC7002_RS03060,0.0978421660177027
SYNPCC7002_RS05985,SYNPCC7002_RS00525,0.097809800492867
SYNPCC7002_RS12395,SYNPCC7002_RS11515,0.097808261252719
SYNPCC7002_RS00260,SYNPCC7002_RS00245,0.0977990254463816
SYNPCC7002_RS01800,SYNPCC7002_RS10205,0.0977967853269273
SYNPCC7002_RS11400,SYNPCC7002_RS09230,0.0977909617943897
SYNPCC7002_RS03760,SYNPCC7002_RS00195,0.0977747901487146
SYNPCC7002_RS08390,SYNPCC7002_RS07905,0.0977491193455384
SYNPCC7002_RS03030,SYNPCC7002_RS09265,0.0977347555414088
SYNPCC7002_RS03760,SYNPCC7002_RS13390,0.0977312524588185
SYNPCC7002_RS06150,SYNPCC7002_RS12195,0.0977279288739664
SYNPCC7002_RS08210,SYNPCC7002_RS03570,0.0977003465192384
SYNPCC7002_RS05135,SYNPCC7002_RS05235,0.0976817780790628
SYNPCC7002_RS05135,SYNPCC7002_RS07810,0.0976755017731573
SYNPCC7002_RS00260,SYNPCC7002_RS11255,0.0976742073979048
SYNPCC7002_RS05135,SYNPCC7002_RS07645,0.0976610089212872
SYNPCC7002_RS01420,SYNPCC7002_RS05200,0.097659680235636
SYNPCC7002_RS10050,SYNPCC7002_RS04120,0.0976250271144416
SYNPCC7002_RS05135,SYNPCC7002_RS03520,0.097621511975384
SYNPCC7002_RS04650,SYNPCC7002_RS04010,0.0976177207289601
SYNPCC7002_RS05985,SYNPCC7002_RS06470,0.0975915755637521
SYNPCC7002_RS12395,SYNPCC7002_RS03425,0.0975774619769582
SYNPCC7002_RS04780,SYNPCC7002_RS01670,0.0975649469955036
SYNPCC7002_RS05135,SYNPCC7002_RS05205,0.0975621901817118
SYNPCC7002_RS12515,SYNPCC7002_RS16210,0.0975502690296232
SYNPCC7002_RS10050,SYNPCC7002_RS04950,0.0975374195623322
SYNPCC7002_RS08965,SYNPCC7002_RS10905,0.0975324382623914
SYNPCC7002_RS08965,SYNPCC7002_RS03225,0.0975150648439827
SYNPCC7002_RS10050,SYNPCC7002_RS07760,0.0975093622247394
SYNPCC7002_RS00650,SYNPCC7002_RS05745,0.097497884587984
SYNPCC7002_RS15680,SYNPCC7002_RS08435,0.0974833721239726
SYNPCC7002_RS10145,SYNPCC7002_RS09950,0.0974815024305379
SYNPCC7002_RS12395,SYNPCC7002_RS12185,0.0974273577851943
SYNPCC7002_RS04890,SYNPCC7002_RS14280,0.0974082751709375
SYNPCC7002_RS09320,SYNPCC7002_RS01750,0.0974031391731477
SYNPCC7002_RS08390,SYNPCC7002_RS02380,0.097394320210373
SYNPCC7002_RS08965,SYNPCC7002_RS11545,0.0973772191274379
SYNPCC7002_RS04290,SYNPCC7002_RS01970,0.0973347739130108
SYNPCC7002_RS08945,SYNPCC7002_RS14920,0.0973217724443008
SYNPCC7002_RS05460,SYNPCC7002_RS14505,0.0973122180223625
SYNPCC7002_RS08390,SYNPCC7002_RS15510,0.0973030053940017
SYNPCC7002_RS04890,SYNPCC7002_RS09035,0.0972996983157795
SYNPCC7002_RS12395,SYNPCC7002_RS10595,0.0972979241736098
SYNPCC7002_RS01335,SYNPCC7002_RS12360,0.0972847925770502
SYNPCC7002_RS05985,SYNPCC7002_RS00175,0.0972363575356781
SYNPCC7002_RS09780,SYNPCC7002_RS05910,0.097229295699137
SYNPCC7002_RS04250,SYNPCC7002_RS05385,0.09722466341085
SYNPCC7002_RS04890,SYNPCC7002_RS03290,0.0972233196548876
SYNPCC7002_RS08210,SYNPCC7002_RS10405,0.0972076139465595
SYNPCC7002_RS08255,SYNPCC7002_RS00595,0.097182654320763
SYNPCC7002_RS12395,SYNPCC7002_RS08060,0.0971629308101414
SYNPCC7002_RS05135,SYNPCC7002_RS17245,0.0971462204682362
SYNPCC7002_RS01335,SYNPCC7002_RS11260,0.0971360580223914
SYNPCC7002_RS09780,SYNPCC7002_RS07785,0.0971277442497312
SYNPCC7002_RS09630,SYNPCC7002_RS14675,0.097103184132432
SYNPCC7002_RS05135,SYNPCC7002_RS02130,0.0971027141999544
SYNPCC7002_RS09820,SYNPCC7002_RS12215,0.0970952350320849
SYNPCC7002_RS07385,SYNPCC7002_RS10520,0.0970857934303553
SYNPCC7002_RS04650,SYNPCC7002_RS09580,0.0970821044079056
SYNPCC7002_RS08175,SYNPCC7002_RS01525,0.0970117014712607
SYNPCC7002_RS00650,SYNPCC7002_RS00635,0.0970090894234864
SYNPCC7002_RS12395,SYNPCC7002_RS08660,0.0970025737915629
SYNPCC7002_RS12090,SYNPCC7002_RS00190,0.0969958662732353
SYNPCC7002_RS01335,SYNPCC7002_RS03000,0.0969925320963029
SYNPCC7002_RS04650,SYNPCC7002_RS00350,0.0969452103998925
SYNPCC7002_RS01800,SYNPCC7002_RS02325,0.0969344767397316
SYNPCC7002_RS11400,SYNPCC7002_RS09125,0.0969259415775793
SYNPCC7002_RS05985,SYNPCC7002_RS13815,0.0969234161838794
SYNPCC7002_RS02715,SYNPCC7002_RS08770,0.0969202821338165
SYNPCC7002_RS12395,SYNPCC7002_RS08475,0.0969156838338749
SYNPCC7002_RS15680,SYNPCC7002_RS15130,0.0968893687177075
SYNPCC7002_RS00050,SYNPCC7002_RS16605,0.0968530743280039
SYNPCC7002_RS00650,SYNPCC7002_RS11390,0.0968480769731889
SYNPCC7002_RS10050,SYNPCC7002_RS14400,0.0968479613060822
SYNPCC7002_RS10050,SYNPCC7002_RS08520,0.0968430993556598
SYNPCC7002_RS10050,SYNPCC7002_RS04295,0.0968428225589449
SYNPCC7002_RS05135,SYNPCC7002_RS00425,0.0968285219367204
SYNPCC7002_RS10050,SYNPCC7002_RS07775,0.0968266582601894
SYNPCC7002_RS15520,SYNPCC7002_RS06880,0.096748983890764
SYNPCC7002_RS11685,SYNPCC7002_RS11235,0.0967460633567896
SYNPCC7002_RS15520,SYNPCC7002_RS02625,0.096738332534069
SYNPCC7002_RS06150,SYNPCC7002_RS04675,0.0967244514510151
SYNPCC7002_RS08390,SYNPCC7002_RS12735,0.0966890440172319
SYNPCC7002_RS12395,SYNPCC7002_RS04065,0.0966830620201007
SYNPCC7002_RS05985,SYNPCC7002_RS12910,0.0966809823628129
SYNPCC7002_RS05135,SYNPCC7002_RS05290,0.0966742576306984
SYNPCC7002_RS09820,SYNPCC7002_RS10710,0.0966359745332105
SYNPCC7002_RS12395,SYNPCC7002_RS07795,0.0966158588682178
SYNPCC7002_RS05985,SYNPCC7002_RS16470,0.0966157011969731
SYNPCC7002_RS12090,SYNPCC7002_RS13560,0.0966131992880082
SYNPCC7002_RS01420,SYNPCC7002_RS09415,0.0966045282908683
SYNPCC7002_RS10050,SYNPCC7002_RS16705,0.0965965841303896
SYNPCC7002_RS09630,SYNPCC7002_RS12195,0.0965696993319549
SYNPCC7002_RS08390,SYNPCC7002_RS15935,0.0965357170774203
SYNPCC7002_RS09195,SYNPCC7002_RS13440,0.0965329162384336
SYNPCC7002_RS00650,SYNPCC7002_RS13470,0.0965304989016353
SYNPCC7002_RS04890,SYNPCC7002_RS13060,0.0965276003953402
SYNPCC7002_RS10050,SYNPCC7002_RS15840,0.096522523710347
SYNPCC7002_RS01335,SYNPCC7002_RS06435,0.0965201599211892
SYNPCC7002_RS01335,SYNPCC7002_RS03500,0.0965201079130795
SYNPCC7002_RS01800,SYNPCC7002_RS01965,0.0964849310811207
SYNPCC7002_RS08945,SYNPCC7002_RS13600,0.0964777589708574
SYNPCC7002_RS05460,SYNPCC7002_RS06010,0.0964662219083737
SYNPCC7002_RS08175,SYNPCC7002_RS00610,0.0964559604804929
SYNPCC7002_RS04250,SYNPCC7002_RS12355,0.0964425068077804
SYNPCC7002_RS08390,SYNPCC7002_RS00985,0.0964338649972078
SYNPCC7002_RS08390,SYNPCC7002_RS09820,0.096405379411342
SYNPCC7002_RS10050,SYNPCC7002_RS07570,0.0963871135733477
SYNPCC7002_RS05460,SYNPCC7002_RS15180,0.096383701454826
SYNPCC7002_RS00050,SYNPCC7002_RS01560,0.0963819289596897
SYNPCC7002_RS10050,SYNPCC7002_RS07470,0.096368217331917
SYNPCC7002_RS12395,SYNPCC7002_RS16385,0.0963619795537371
SYNPCC7002_RS08965,SYNPCC7002_RS03590,0.0963512638433205
SYNPCC7002_RS05135,SYNPCC7002_RS03700,0.0963502891856807
SYNPCC7002_RS04780,SYNPCC7002_RS04330,0.0963390681885238
SYNPCC7002_RS09995,SYNPCC7002_RS02620,0.0963262241339612
SYNPCC7002_RS09320,SYNPCC7002_RS03835,0.0962897783549367
SYNPCC7002_RS05985,SYNPCC7002_RS11935,0.0962855035821295
SYNPCC7002_RS03030,SYNPCC7002_RS06445,0.0962779131661574
SYNPCC7002_RS12395,SYNPCC7002_RS06580,0.0962758261678486
SYNPCC7002_RS08390,SYNPCC7002_RS15955,0.0962692249104928
SYNPCC7002_RS12395,SYNPCC7002_RS07685,0.0962418766103165
SYNPCC7002_RS05135,SYNPCC7002_RS11335,0.0962380241060436
SYNPCC7002_RS04250,SYNPCC7002_RS06510,0.096234319266146
SYNPCC7002_RS09630,SYNPCC7002_RS10545,0.096233398897538
SYNPCC7002_RS04680,SYNPCC7002_RS13505,0.0962302981490564
SYNPCC7002_RS07385,SYNPCC7002_RS07380,0.0962296144109052
SYNPCC7002_RS12395,SYNPCC7002_RS02575,0.0962282313818832
SYNPCC7002_RS05135,SYNPCC7002_RS06720,0.096222689331653
SYNPCC7002_RS09780,SYNPCC7002_RS11460,0.0962150338860242
SYNPCC7002_RS08965,SYNPCC7002_RS07375,0.0961936444077529
SYNPCC7002_RS08965,SYNPCC7002_RS06560,0.0961918963351854
SYNPCC7002_RS08965,SYNPCC7002_RS13645,0.0961912161977083
SYNPCC7002_RS05985,SYNPCC7002_RS08605,0.0961828201399003
SYNPCC7002_RS05135,SYNPCC7002_RS05225,0.0961739163163427
SYNPCC7002_RS04780,SYNPCC7002_RS04690,0.0961692370751767
SYNPCC7002_RS09780,SYNPCC7002_RS05940,0.0961569273465217
SYNPCC7002_RS01800,SYNPCC7002_RS13290,0.0961304640244004
SYNPCC7002_RS08965,SYNPCC7002_RS02445,0.0961286421568348
SYNPCC7002_RS05985,SYNPCC7002_RS12180,0.0961217306479834
SYNPCC7002_RS12395,SYNPCC7002_RS05205,0.0960975059827712
SYNPCC7002_RS12395,SYNPCC7002_RS07585,0.0960835950104413
SYNPCC7002_RS04890,SYNPCC7002_RS02425,0.0960812627855442
SYNPCC7002_RS04250,SYNPCC7002_RS12485,0.0960727931172069
SYNPCC7002_RS05985,SYNPCC7002_RS00770,0.0960569167756773
SYNPCC7002_RS05135,SYNPCC7002_RS10610,0.0960446376600536
SYNPCC7002_RS08965,SYNPCC7002_RS11835,0.0960347587357647
SYNPCC7002_RS08965,SYNPCC7002_RS04635,0.0960302452463634
SYNPCC7002_RS10050,SYNPCC7002_RS04640,0.096020200252754
SYNPCC7002_RS05135,SYNPCC7002_RS11355,0.0960051831471787
SYNPCC7002_RS05985,SYNPCC7002_RS08830,0.0959955017453847
SYNPCC7002_RS08390,SYNPCC7002_RS13965,0.0959756729633682
SYNPCC7002_RS10050,SYNPCC7002_RS07730,0.0959572796752838
SYNPCC7002_RS07295,SYNPCC7002_RS07860,0.0959520503888386
SYNPCC7002_RS05985,SYNPCC7002_RS13125,0.0959495106737982
SYNPCC7002_RS09820,SYNPCC7002_RS06665,0.0959450848825166
SYNPCC7002_RS02455,SYNPCC7002_RS11675,0.0959274416936721
SYNPCC7002_RS05460,SYNPCC7002_RS15435,0.095921106631226
SYNPCC7002_RS09995,SYNPCC7002_RS14700,0.0959051161661066
SYNPCC7002_RS04650,SYNPCC7002_RS05005,0.0959001686111286
SYNPCC7002_RS00260,SYNPCC7002_RS05850,0.0958963324996902
SYNPCC7002_RS08255,SYNPCC7002_RS16615,0.0958746938750007
SYNPCC7002_RS05135,SYNPCC7002_RS08190,0.0958689115420071
SYNPCC7002_RS03950,SYNPCC7002_RS12310,0.0958630442129505
SYNPCC7002_RS02715,SYNPCC7002_RS07950,0.0958622963451684
SYNPCC7002_RS09995,SYNPCC7002_RS05045,0.0958601921791509
SYNPCC7002_RS05135,SYNPCC7002_RS11455,0.0958553828634384
SYNPCC7002_RS14790,SYNPCC7002_RS10305,0.0958499916681138
SYNPCC7002_RS09320,SYNPCC7002_RS10465,0.0958368451810932
SYNPCC7002_RS01335,SYNPCC7002_RS02285,0.0958338492056946
SYNPCC7002_RS05460,SYNPCC7002_RS13965,0.0958295599672534
SYNPCC7002_RS09820,SYNPCC7002_RS11415,0.0958199878954268
SYNPCC7002_RS14790,SYNPCC7002_RS04805,0.0958135979116741
SYNPCC7002_RS05985,SYNPCC7002_RS15165,0.0957827298686435
SYNPCC7002_RS05135,SYNPCC7002_RS10275,0.095778998876845
SYNPCC7002_RS05985,SYNPCC7002_RS09470,0.0957767281360249
SYNPCC7002_RS09780,SYNPCC7002_RS00340,0.0957764012778766
SYNPCC7002_RS06150,SYNPCC7002_RS15930,0.0957477179053955
SYNPCC7002_RS04780,SYNPCC7002_RS15025,0.0957398093125372
SYNPCC7002_RS09175,SYNPCC7002_RS14725,0.0957378103927725
SYNPCC7002_RS04250,SYNPCC7002_RS13955,0.0957076362998247
SYNPCC7002_RS05460,SYNPCC7002_RS14630,0.0956902073014708
SYNPCC7002_RS09820,SYNPCC7002_RS17140,0.0956805791629761
SYNPCC7002_RS00650,SYNPCC7002_RS07530,0.0956743727162732
SYNPCC7002_RS08965,SYNPCC7002_RS01035,0.0956700055546056
SYNPCC7002_RS15410,SYNPCC7002_RS08905,0.0956501954045187
SYNPCC7002_RS08390,SYNPCC7002_RS04750,0.0956447369556656
SYNPCC7002_RS06150,SYNPCC7002_RS00950,0.0956319553386984
SYNPCC7002_RS09320,SYNPCC7002_RS06955,0.0956306957734388
SYNPCC7002_RS02455,SYNPCC7002_RS03310,0.0956224660994171
SYNPCC7002_RS01420,SYNPCC7002_RS06580,0.0956094866066613
SYNPCC7002_RS04890,SYNPCC7002_RS08220,0.0956090536726491
SYNPCC7002_RS15680,SYNPCC7002_RS15325,0.0955820212948786
SYNPCC7002_RS15680,SYNPCC7002_RS05680,0.0955790111036077
SYNPCC7002_RS11400,SYNPCC7002_RS00520,0.0955751820028688
SYNPCC7002_RS05135,SYNPCC7002_RS09860,0.0955736984488731
SYNPCC7002_RS04890,SYNPCC7002_RS08305,0.0955602194699473
SYNPCC7002_RS05135,SYNPCC7002_RS05285,0.0955472200200208
SYNPCC7002_RS02715,SYNPCC7002_RS05655,0.0955428342758964
SYNPCC7002_RS05985,SYNPCC7002_RS09275,0.095506584038394
SYNPCC7002_RS00260,SYNPCC7002_RS10255,0.0954879582907015
SYNPCC7002_RS08965,SYNPCC7002_RS07285,0.0954765419321833
SYNPCC7002_RS08965,SYNPCC7002_RS11285,0.0954599999123447
SYNPCC7002_RS04780,SYNPCC7002_RS02590,0.095457742438511
SYNPCC7002_RS09320,SYNPCC7002_RS08965,0.0954575495872039
SYNPCC7002_RS03030,SYNPCC7002_RS06225,0.0954544385439797
SYNPCC7002_RS10050,SYNPCC7002_RS01325,0.0954412602379355
SYNPCC7002_RS08390,SYNPCC7002_RS12755,0.0954394147045202
SYNPCC7002_RS06540,SYNPCC7002_RS07030,0.0954270638032887
SYNPCC7002_RS01335,SYNPCC7002_RS08165,0.0954243833850286
SYNPCC7002_RS11400,SYNPCC7002_RS06710,0.095419626201561
SYNPCC7002_RS08965,SYNPCC7002_RS12260,0.0954086231290407
SYNPCC7002_RS00050,SYNPCC7002_RS06470,0.0954031597237712
SYNPCC7002_RS15520,SYNPCC7002_RS14585,0.0953791896834827
SYNPCC7002_RS08255,SYNPCC7002_RS04885,0.0953634003737408
SYNPCC7002_RS12395,SYNPCC7002_RS05260,0.0953419761087217
SYNPCC7002_RS04780,SYNPCC7002_RS05505,0.0953238657467828
SYNPCC7002_RS09175,SYNPCC7002_RS14665,0.0953140301619562
SYNPCC7002_RS09780,SYNPCC7002_RS04180,0.0953078636428641
SYNPCC7002_RS04780,SYNPCC7002_RS14970,0.0953000360873437
SYNPCC7002_RS10050,SYNPCC7002_RS10610,0.0952596706194258
SYNPCC7002_RS09630,SYNPCC7002_RS03160,0.0952477957420337
SYNPCC7002_RS08210,SYNPCC7002_RS02690,0.0952374175933731
SYNPCC7002_RS00690,SYNPCC7002_RS00540,0.0952308989930365
SYNPCC7002_RS16320,SYNPCC7002_RS06465,0.0952200015461784
SYNPCC7002_RS00650,SYNPCC7002_RS04655,0.0952145464255905
SYNPCC7002_RS01800,SYNPCC7002_RS00035,0.0952101254279239
SYNPCC7002_RS03030,SYNPCC7002_RS07035,0.0952098231726201
SYNPCC7002_RS10050,SYNPCC7002_RS09410,0.0952025546797868
SYNPCC7002_RS03030,SYNPCC7002_RS02255,0.0952023190853982
SYNPCC7002_RS05135,SYNPCC7002_RS09160,0.0951970397948699
SYNPCC7002_RS07385,SYNPCC7002_RS10475,0.0951925063505745
SYNPCC7002_RS05135,SYNPCC7002_RS05240,0.0951329079831519
SYNPCC7002_RS15255,SYNPCC7002_RS02040,0.0951183516805956
SYNPCC7002_RS03030,SYNPCC7002_RS08210,0.0951030593424594
SYNPCC7002_RS07295,SYNPCC7002_RS03205,0.0950966143834752
SYNPCC7002_RS15680,SYNPCC7002_RS05345,0.0950769975631633
SYNPCC7002_RS08255,SYNPCC7002_RS00560,0.0950163153996599
SYNPCC7002_RS12395,SYNPCC7002_RS00370,0.094963816304676
SYNPCC7002_RS05135,SYNPCC7002_RS03670,0.0949495516117013
SYNPCC7002_RS12395,SYNPCC7002_RS10130,0.0949422955636017
SYNPCC7002_RS05135,SYNPCC7002_RS05100,0.094929984632739
SYNPCC7002_RS15680,SYNPCC7002_RS09310,0.0949290273640663
SYNPCC7002_RS07385,SYNPCC7002_RS04750,0.0949261321182197
SYNPCC7002_RS09320,SYNPCC7002_RS10685,0.0949213202920877
SYNPCC7002_RS08390,SYNPCC7002_RS05915,0.0949188392509643
SYNPCC7002_RS05135,SYNPCC7002_RS03675,0.0949188095555897
SYNPCC7002_RS01420,SYNPCC7002_RS09430,0.0949101019287426
SYNPCC7002_RS10050,SYNPCC7002_RS09910,0.0949099461446247
SYNPCC7002_RS04780,SYNPCC7002_RS09710,0.094902247900923
SYNPCC7002_RS04780,SYNPCC7002_RS11380,0.0948845412376139
SYNPCC7002_RS10050,SYNPCC7002_RS07685,0.0948771969863427
SYNPCC7002_RS09175,SYNPCC7002_RS15495,0.0948626507310315
SYNPCC7002_RS09320,SYNPCC7002_RS04075,0.0948480330017888
SYNPCC7002_RS12395,SYNPCC7002_RS04245,0.0948263723363824
SYNPCC7002_RS08965,SYNPCC7002_RS06890,0.0948073471118085
SYNPCC7002_RS05135,SYNPCC7002_RS11730,0.0948001704037573
SYNPCC7002_RS08945,SYNPCC7002_RS06285,0.0948001097906557
SYNPCC7002_RS01800,SYNPCC7002_RS09050,0.0947950814590505
SYNPCC7002_RS07295,SYNPCC7002_RS07405,0.0947714533799069
SYNPCC7002_RS09780,SYNPCC7002_RS16850,0.0947608252966935
SYNPCC7002_RS12395,SYNPCC7002_RS04535,0.0947605523691337
SYNPCC7002_RS08965,SYNPCC7002_RS08960,0.0947585726461692
SYNPCC7002_RS09845,SYNPCC7002_RS09090,0.0947554360624568
SYNPCC7002_RS11400,SYNPCC7002_RS13870,0.0947308897992488
SYNPCC7002_RS08965,SYNPCC7002_RS03995,0.0947308128925602
SYNPCC7002_RS12395,SYNPCC7002_RS12405,0.0947109833414568
SYNPCC7002_RS15520,SYNPCC7002_RS00095,0.0947076826664701
SYNPCC7002_RS09820,SYNPCC7002_RS02020,0.0947021483797922
SYNPCC7002_RS12395,SYNPCC7002_RS11000,0.0946478415631176
SYNPCC7002_RS09820,SYNPCC7002_RS05460,0.0946185577541934
SYNPCC7002_RS09320,SYNPCC7002_RS08960,0.0945964707474595
SYNPCC7002_RS02715,SYNPCC7002_RS06190,0.0945703546116545
SYNPCC7002_RS09820,SYNPCC7002_RS04050,0.0945226599038173
SYNPCC7002_RS09820,SYNPCC7002_RS05160,0.0945134996383808
SYNPCC7002_RS03030,SYNPCC7002_RS01260,0.0944854287508672
SYNPCC7002_RS12395,SYNPCC7002_RS05290,0.0944714220175677
SYNPCC7002_RS09780,SYNPCC7002_RS17235,0.0944683442826686
SYNPCC7002_RS05135,SYNPCC7002_RS03275,0.0944638232523698
SYNPCC7002_RS09320,SYNPCC7002_RS05490,0.0944500611351188
SYNPCC7002_RS16320,SYNPCC7002_RS13180,0.0944119030277973
SYNPCC7002_RS05135,SYNPCC7002_RS01735,0.0944019184291662
SYNPCC7002_RS15680,SYNPCC7002_RS11475,0.0943682126855851
SYNPCC7002_RS12395,SYNPCC7002_RS12805,0.0943472469698925
SYNPCC7002_RS08965,SYNPCC7002_RS13980,0.094346457876439
SYNPCC7002_RS12395,SYNPCC7002_RS11530,0.0943407311989531
SYNPCC7002_RS10050,SYNPCC7002_RS06590,0.0943265029082997
SYNPCC7002_RS09820,SYNPCC7002_RS05165,0.094324890219685
SYNPCC7002_RS11685,SYNPCC7002_RS12985,0.0943099311052468
SYNPCC7002_RS04890,SYNPCC7002_RS03280,0.094299292380764
SYNPCC7002_RS08965,SYNPCC7002_RS12025,0.0942918532177513
SYNPCC7002_RS09420,SYNPCC7002_RS09760,0.0942860729416657
SYNPCC7002_RS09820,SYNPCC7002_RS05620,0.0942807737831527
SYNPCC7002_RS15680,SYNPCC7002_RS16655,0.094278716568321
SYNPCC7002_RS15680,SYNPCC7002_RS08405,0.0942745863115082
SYNPCC7002_RS05135,SYNPCC7002_RS03465,0.0942368057761669
SYNPCC7002_RS06150,SYNPCC7002_RS08920,0.0942211611951844
SYNPCC7002_RS06005,SYNPCC7002_RS14625,0.0942204306191016
SYNPCC7002_RS05985,SYNPCC7002_RS16440,0.0942154072251367
SYNPCC7002_RS16160,SYNPCC7002_RS03135,0.0941948470712191
SYNPCC7002_RS03760,SYNPCC7002_RS06235,0.0941922772737444
SYNPCC7002_RS04250,SYNPCC7002_RS10225,0.094178532671056
SYNPCC7002_RS15520,SYNPCC7002_RS14290,0.0941685876573737
SYNPCC7002_RS10050,SYNPCC7002_RS03535,0.0941580157624593
SYNPCC7002_RS09320,SYNPCC7002_RS12415,0.0941524445119381
SYNPCC7002_RS15255,SYNPCC7002_RS05675,0.094146118886565
SYNPCC7002_RS03030,SYNPCC7002_RS12030,0.094107256584154
SYNPCC7002_RS15680,SYNPCC7002_RS04835,0.0941069640584584
SYNPCC7002_RS09820,SYNPCC7002_RS01410,0.0940965418464365
SYNPCC7002_RS12395,SYNPCC7002_RS16690,0.0940624897460123
SYNPCC7002_RS08965,SYNPCC7002_RS01875,0.0940609632220726
SYNPCC7002_RS08390,SYNPCC7002_RS01310,0.0940586062547287
SYNPCC7002_RS03295,SYNPCC7002_RS01960,0.0940522342323405
SYNPCC7002_RS04250,SYNPCC7002_RS00885,0.0940411797803698
SYNPCC7002_RS01420,SYNPCC7002_RS07625,0.0940399845471532
SYNPCC7002_RS12395,SYNPCC7002_RS03275,0.094037164999346
SYNPCC7002_RS08965,SYNPCC7002_RS01555,0.0940248338093479
SYNPCC7002_RS06150,SYNPCC7002_RS05690,0.0940117877335532
SYNPCC7002_RS12395,SYNPCC7002_RS04890,0.0940020684049724
SYNPCC7002_RS15680,SYNPCC7002_RS07345,0.0940014638452327
SYNPCC7002_RS15680,SYNPCC7002_RS14610,0.0939848243912875
SYNPCC7002_RS01420,SYNPCC7002_RS07535,0.0939794326635416
SYNPCC7002_RS15255,SYNPCC7002_RS15880,0.0939670542303997
SYNPCC7002_RS00260,SYNPCC7002_RS08195,0.0939583267254306
SYNPCC7002_RS12090,SYNPCC7002_RS02930,0.0939572399140564
SYNPCC7002_RS10050,SYNPCC7002_RS03370,0.0939451843521582
SYNPCC7002_RS09780,SYNPCC7002_RS02605,0.0939448677188075
SYNPCC7002_RS08965,SYNPCC7002_RS05490,0.0939290173652622
SYNPCC7002_RS03030,SYNPCC7002_RS16190,0.0939225470053854
SYNPCC7002_RS06540,SYNPCC7002_RS05860,0.0939132121451004
SYNPCC7002_RS12395,SYNPCC7002_RS07535,0.0939085800436867
SYNPCC7002_RS11400,SYNPCC7002_RS01295,0.093901383770844
SYNPCC7002_RS08390,SYNPCC7002_RS07040,0.093892555508334
SYNPCC7002_RS15255,SYNPCC7002_RS14435,0.0938362934277268
SYNPCC7002_RS10050,SYNPCC7002_RS01360,0.0938270101015732
SYNPCC7002_RS12395,SYNPCC7002_RS01695,0.0937891128425139
SYNPCC7002_RS08255,SYNPCC7002_RS13035,0.0937388815575061
SYNPCC7002_RS10050,SYNPCC7002_RS09865,0.0937357293821947
SYNPCC7002_RS02455,SYNPCC7002_RS02325,0.0937272565338522
SYNPCC7002_RS14440,SYNPCC7002_RS14425,0.0937224016630972
SYNPCC7002_RS04650,SYNPCC7002_RS09285,0.0937215095994298
SYNPCC7002_RS05135,SYNPCC7002_RS11345,0.0937110247304799
SYNPCC7002_RS02715,SYNPCC7002_RS13885,0.0937060407525173
SYNPCC7002_RS05985,SYNPCC7002_RS12265,0.0937028817774311
SYNPCC7002_RS02715,SYNPCC7002_RS11860,0.0936996527363129
SYNPCC7002_RS02715,SYNPCC7002_RS13705,0.0936992641153405
SYNPCC7002_RS09820,SYNPCC7002_RS04940,0.0936975998576619
SYNPCC7002_RS04780,SYNPCC7002_RS02985,0.0936907251252873
SYNPCC7002_RS01800,SYNPCC7002_RS10200,0.09368796920259
SYNPCC7002_RS08965,SYNPCC7002_RS07145,0.0936849750947196
SYNPCC7002_RS12515,SYNPCC7002_RS04780,0.0936792525658984
SYNPCC7002_RS09820,SYNPCC7002_RS16600,0.0936737059923425
SYNPCC7002_RS00640,SYNPCC7002_RS14865,0.0936665348415865
SYNPCC7002_RS03760,SYNPCC7002_RS13015,0.0936663741960174
SYNPCC7002_RS04650,SYNPCC7002_RS08060,0.0936657352735016
SYNPCC7002_RS04780,SYNPCC7002_RS04720,0.0936450893891177
SYNPCC7002_RS15680,SYNPCC7002_RS10545,0.0936435473048291
SYNPCC7002_RS04890,SYNPCC7002_RS03055,0.0936122133727654
SYNPCC7002_RS01335,SYNPCC7002_RS00325,0.0935905720564308
SYNPCC7002_RS07295,SYNPCC7002_RS12920,0.0935840005471305
SYNPCC7002_RS08965,SYNPCC7002_RS04465,0.0935699235495324
SYNPCC7002_RS11685,SYNPCC7002_RS00630,0.0935646909247609
SYNPCC7002_RS09320,SYNPCC7002_RS03880,0.0935424415093017
SYNPCC7002_RS08965,SYNPCC7002_RS04695,0.0935415710526766
SYNPCC7002_RS15680,SYNPCC7002_RS06555,0.0935383781404015
SYNPCC7002_RS04890,SYNPCC7002_RS05390,0.0935358897241044
SYNPCC7002_RS04780,SYNPCC7002_RS01710,0.0935253839348905
SYNPCC7002_RS15520,SYNPCC7002_RS12045,0.0935154311610591
SYNPCC7002_RS06165,SYNPCC7002_RS00740,0.0934956323391733
SYNPCC7002_RS09780,SYNPCC7002_RS15140,0.0934550730771475
SYNPCC7002_RS08965,SYNPCC7002_RS02485,0.0934504894932548
SYNPCC7002_RS05135,SYNPCC7002_RS06590,0.0934339545385626
SYNPCC7002_RS04890,SYNPCC7002_RS00550,0.0934328170197453
SYNPCC7002_RS12395,SYNPCC7002_RS06395,0.0934262724420367
SYNPCC7002_RS04650,SYNPCC7002_RS10870,0.0934192914743331
SYNPCC7002_RS04650,SYNPCC7002_RS04895,0.093412922220542
SYNPCC7002_RS03030,SYNPCC7002_RS15445,0.0934089138354544
SYNPCC7002_RS10050,SYNPCC7002_RS00820,0.0933910791238159
SYNPCC7002_RS11400,SYNPCC7002_RS03375,0.0933868223171493
SYNPCC7002_RS09780,SYNPCC7002_RS14240,0.093381905015462
SYNPCC7002_RS08945,SYNPCC7002_RS11895,0.093379835486048
SYNPCC7002_RS04650,SYNPCC7002_RS05595,0.0933751631597016
SYNPCC7002_RS07385,SYNPCC7002_RS13985,0.093368381600174
SYNPCC7002_RS10050,SYNPCC7002_RS08995,0.0933577898146431
SYNPCC7002_RS16320,SYNPCC7002_RS07190,0.0933342692948521
SYNPCC7002_RS08390,SYNPCC7002_RS16110,0.0933217104639903
SYNPCC7002_RS04650,SYNPCC7002_RS12850,0.0933204413199314
SYNPCC7002_RS05460,SYNPCC7002_RS14420,0.09331225636083
SYNPCC7002_RS09780,SYNPCC7002_RS10740,0.0933090953581835
SYNPCC7002_RS09260,SYNPCC7002_RS03965,0.0933046978370886
SYNPCC7002_RS14790,SYNPCC7002_RS11705,0.0932998552524977
SYNPCC7002_RS01335,SYNPCC7002_RS03490,0.0932908942441095
SYNPCC7002_RS01335,SYNPCC7002_RS14890,0.093287760936253
SYNPCC7002_RS09995,SYNPCC7002_RS00710,0.0932799944330653
SYNPCC7002_RS09820,SYNPCC7002_RS06430,0.0932682412928326
SYNPCC7002_RS04680,SYNPCC7002_RS12045,0.0932672542611932
SYNPCC7002_RS11400,SYNPCC7002_RS10065,0.0932563127138392
SYNPCC7002_RS15680,SYNPCC7002_RS08445,0.0932560374778784
SYNPCC7002_RS05460,SYNPCC7002_RS00580,0.0932535717968223
SYNPCC7002_RS05135,SYNPCC7002_RS15110,0.0932448446880934
SYNPCC7002_RS08860,SYNPCC7002_RS15240,0.0932173884445582
SYNPCC7002_RS05135,SYNPCC7002_RS16360,0.0932052002832655
SYNPCC7002_RS06540,SYNPCC7002_RS07105,0.0932034297273996
SYNPCC7002_RS05135,SYNPCC7002_RS02215,0.093192726786119
SYNPCC7002_RS15520,SYNPCC7002_RS00135,0.0931858232791469
SYNPCC7002_RS04250,SYNPCC7002_RS07350,0.0931850600686169
SYNPCC7002_RS15410,SYNPCC7002_RS03605,0.0931797434962772
SYNPCC7002_RS12395,SYNPCC7002_RS11235,0.0931788273579012
SYNPCC7002_RS02715,SYNPCC7002_RS07865,0.0931487502028245
SYNPCC7002_RS08175,SYNPCC7002_RS03400,0.0931465601617867
SYNPCC7002_RS04650,SYNPCC7002_RS00840,0.0931318449086054
SYNPCC7002_RS08480,SYNPCC7002_RS03185,0.0931190753944238
SYNPCC7002_RS09995,SYNPCC7002_RS02935,0.093099566225699
SYNPCC7002_RS01800,SYNPCC7002_RS02460,0.0930614003946357
SYNPCC7002_RS11685,SYNPCC7002_RS13530,0.0930483058756346
SYNPCC7002_RS00690,SYNPCC7002_RS04625,0.0930167151452252
SYNPCC7002_RS02715,SYNPCC7002_RS04760,0.093015138684827
SYNPCC7002_RS04780,SYNPCC7002_RS11615,0.093010629266137
SYNPCC7002_RS09630,SYNPCC7002_RS00950,0.0930072905065369
SYNPCC7002_RS04650,SYNPCC7002_RS12695,0.0930049909001894
SYNPCC7002_RS03030,SYNPCC7002_RS08700,0.0929892602776503
SYNPCC7002_RS16320,SYNPCC7002_RS06455,0.0929881062601088
SYNPCC7002_RS12395,SYNPCC7002_RS05235,0.0929815471875152
SYNPCC7002_RS12090,SYNPCC7002_RS06275,0.0929789291931786
SYNPCC7002_RS02715,SYNPCC7002_RS08895,0.0929684137387593
SYNPCC7002_RS00640,SYNPCC7002_RS00995,0.0929676566353317
SYNPCC7002_RS05460,SYNPCC7002_RS13000,0.0929502608890198
SYNPCC7002_RS08965,SYNPCC7002_RS12135,0.0929479175891714
SYNPCC7002_RS04780,SYNPCC7002_RS04750,0.0929365906423888
SYNPCC7002_RS02715,SYNPCC7002_RS02725,0.0929293153054993
SYNPCC7002_RS01085,SYNPCC7002_RS13995,0.092927254779547
SYNPCC7002_RS07295,SYNPCC7002_RS07300,0.0929090982916107
SYNPCC7002_RS03030,SYNPCC7002_RS00120,0.0929088939267657
SYNPCC7002_RS04650,SYNPCC7002_RS02100,0.0929027113423416
SYNPCC7002_RS04250,SYNPCC7002_RS11115,0.092886911150564
SYNPCC7002_RS08390,SYNPCC7002_RS08750,0.0928627460421883
SYNPCC7002_RS05460,SYNPCC7002_RS16455,0.0928610904413048
SYNPCC7002_RS09320,SYNPCC7002_RS10905,0.0928266003417468
SYNPCC7002_RS04250,SYNPCC7002_RS04270,0.0928184566230604
SYNPCC7002_RS01800,SYNPCC7002_RS08765,0.092815455383576
SYNPCC7002_RS08945,SYNPCC7002_RS00665,0.0928020906524988
SYNPCC7002_RS07295,SYNPCC7002_RS15555,0.09280159690607
SYNPCC7002_RS15255,SYNPCC7002_RS13805,0.09279636955618
SYNPCC7002_RS08945,SYNPCC7002_RS10575,0.0927944043318625
SYNPCC7002_RS09320,SYNPCC7002_RS11290,0.0927832165770316
SYNPCC7002_RS09820,SYNPCC7002_RS12995,0.0927822553004336
SYNPCC7002_RS00650,SYNPCC7002_RS13810,0.0927744648549682
SYNPCC7002_RS08965,SYNPCC7002_RS13715,0.0927631551614554
SYNPCC7002_RS10050,SYNPCC7002_RS02745,0.0927543131766224
SYNPCC7002_RS01800,SYNPCC7002_RS06305,0.0927497769781522
SYNPCC7002_RS10050,SYNPCC7002_RS07115,0.0927473719236172
SYNPCC7002_RS12395,SYNPCC7002_RS00170,0.0927456913539322
SYNPCC7002_RS08945,SYNPCC7002_RS09030,0.0926968386097903
SYNPCC7002_RS07385,SYNPCC7002_RS10585,0.0926960883403213
SYNPCC7002_RS04780,SYNPCC7002_RS06875,0.0926914621005845
SYNPCC7002_RS08965,SYNPCC7002_RS08655,0.0926649944438647
SYNPCC7002_RS10050,SYNPCC7002_RS04310,0.0926606680001087
SYNPCC7002_RS12395,SYNPCC7002_RS14205,0.0926544596493107
SYNPCC7002_RS04650,SYNPCC7002_RS12580,0.0926485993888526
SYNPCC7002_RS05135,SYNPCC7002_RS10740,0.0926480239024461
SYNPCC7002_RS09820,SYNPCC7002_RS02030,0.092638071988737
SYNPCC7002_RS15255,SYNPCC7002_RS04180,0.0926299618613888
SYNPCC7002_RS12395,SYNPCC7002_RS16635,0.0926138320704531
SYNPCC7002_RS15680,SYNPCC7002_RS02975,0.0926097109674351
SYNPCC7002_RS09630,SYNPCC7002_RS09240,0.0926088545221852
SYNPCC7002_RS06150,SYNPCC7002_RS15750,0.0926053102610721
SYNPCC7002_RS04250,SYNPCC7002_RS05995,0.0926035342159297
SYNPCC7002_RS08965,SYNPCC7002_RS06955,0.092601136288623
SYNPCC7002_RS07385,SYNPCC7002_RS04710,0.0925781609868252
SYNPCC7002_RS05135,SYNPCC7002_RS11235,0.0925777713909315
SYNPCC7002_RS08390,SYNPCC7002_RS00960,0.0925639185631176
SYNPCC7002_RS08175,SYNPCC7002_RS06440,0.0925480972262909
SYNPCC7002_RS05985,SYNPCC7002_RS03715,0.0925432828922542
SYNPCC7002_RS05985,SYNPCC7002_RS04510,0.0925346234124672
SYNPCC7002_RS08390,SYNPCC7002_RS03695,0.0925337886644765
SYNPCC7002_RS03760,SYNPCC7002_RS06255,0.0925259908217623
SYNPCC7002_RS09320,SYNPCC7002_RS07985,0.0925096708928448
SYNPCC7002_RS04650,SYNPCC7002_RS09965,0.0925052430118321
SYNPCC7002_RS00650,SYNPCC7002_RS03755,0.0925041773505332
SYNPCC7002_RS03760,SYNPCC7002_RS11895,0.0924973845000613
SYNPCC7002_RS12105,SYNPCC7002_RS09275,0.0924914269005421
SYNPCC7002_RS06540,SYNPCC7002_RS08560,0.0924792955420563
SYNPCC7002_RS09820,SYNPCC7002_RS08810,0.0924525757093474
SYNPCC7002_RS01800,SYNPCC7002_RS09360,0.0924011054627249
SYNPCC7002_RS10050,SYNPCC7002_RS10040,0.0923874000974487
SYNPCC7002_RS01420,SYNPCC7002_RS04485,0.0923704971282936
SYNPCC7002_RS09320,SYNPCC7002_RS11840,0.0923688466217103
SYNPCC7002_RS05135,SYNPCC7002_RS10950,0.0923680056163323
SYNPCC7002_RS05985,SYNPCC7002_RS06790,0.0923617518935131
SYNPCC7002_RS10050,SYNPCC7002_RS10135,0.0923611152314831
SYNPCC7002_RS01335,SYNPCC7002_RS04995,0.092344628940763
SYNPCC7002_RS08390,SYNPCC7002_RS14900,0.0923414938242759
SYNPCC7002_RS08390,SYNPCC7002_RS02285,0.0923409724493577
SYNPCC7002_RS09780,SYNPCC7002_RS13960,0.0923404482391958
SYNPCC7002_RS12105,SYNPCC7002_RS02685,0.0923349266642514
SYNPCC7002_RS15520,SYNPCC7002_RS08015,0.0923239459469064
SYNPCC7002_RS08210,SYNPCC7002_RS05575,0.092311086852975
SYNPCC7002_RS08390,SYNPCC7002_RS06015,0.092307503616466
SYNPCC7002_RS06150,SYNPCC7002_RS04360,0.092306644462282
SYNPCC7002_RS06150,SYNPCC7002_RS14050,0.0923002050978215
SYNPCC7002_RS08390,SYNPCC7002_RS02375,0.0922943689323255
SYNPCC7002_RS11400,SYNPCC7002_RS02885,0.0922725113070708
SYNPCC7002_RS01800,SYNPCC7002_RS11050,0.092272095515298
SYNPCC7002_RS04650,SYNPCC7002_RS01740,0.0922206904156145
SYNPCC7002_RS15535,SYNPCC7002_RS10145,0.0922160605144007
SYNPCC7002_RS03950,SYNPCC7002_RS15075,0.092209910086794
SYNPCC7002_RS08255,SYNPCC7002_RS08855,0.0922048976471115
SYNPCC7002_RS05460,SYNPCC7002_RS08040,0.0921854134806604
SYNPCC7002_RS04780,SYNPCC7002_RS04545,0.0921729959197558
SYNPCC7002_RS10050,SYNPCC7002_RS09700,0.092167722539827
SYNPCC7002_RS04650,SYNPCC7002_RS12585,0.0921558432806566
SYNPCC7002_RS06150,SYNPCC7002_RS07150,0.0921301090096682
SYNPCC7002_RS08255,SYNPCC7002_RS06450,0.0921299259162495
SYNPCC7002_RS09995,SYNPCC7002_RS03755,0.0921252094369645
SYNPCC7002_RS15410,SYNPCC7002_RS01775,0.092121553093202
SYNPCC7002_RS09820,SYNPCC7002_RS11195,0.0921143669354921
SYNPCC7002_RS07295,SYNPCC7002_RS10095,0.0921132007699186
SYNPCC7002_RS15995,SYNPCC7002_RS08035,0.092112681660508
SYNPCC7002_RS09175,SYNPCC7002_RS14195,0.0921093131514652
SYNPCC7002_RS06540,SYNPCC7002_RS09225,0.0920984475212091
SYNPCC7002_RS12395,SYNPCC7002_RS06025,0.0920836519190015
SYNPCC7002_RS07295,SYNPCC7002_RS07310,0.0920824981419686
SYNPCC7002_RS06540,SYNPCC7002_RS02890,0.0920699134143219
SYNPCC7002_RS04890,SYNPCC7002_RS08475,0.0920516507502132
SYNPCC7002_RS00690,SYNPCC7002_RS10535,0.0920494974117185
SYNPCC7002_RS04250,SYNPCC7002_RS04860,0.0920373207984629
SYNPCC7002_RS00640,SYNPCC7002_RS10215,0.0920314782835557
SYNPCC7002_RS09175,SYNPCC7002_RS04415,0.0920174848822485
SYNPCC7002_RS08255,SYNPCC7002_RS02910,0.0920125608384932
SYNPCC7002_RS07385,SYNPCC7002_RS05635,0.0920059060181747
SYNPCC7002_RS16160,SYNPCC7002_RS16670,0.092002619421934
SYNPCC7002_RS09320,SYNPCC7002_RS11215,0.0919996111032212
SYNPCC7002_RS12395,SYNPCC7002_RS05245,0.0919875551297157
SYNPCC7002_RS15520,SYNPCC7002_RS09320,0.0919850107613017
SYNPCC7002_RS12395,SYNPCC7002_RS06080,0.0919824687249377
SYNPCC7002_RS12395,SYNPCC7002_RS07600,0.091981731762174
SYNPCC7002_RS04680,SYNPCC7002_RS05575,0.0919537034490732
SYNPCC7002_RS12090,SYNPCC7002_RS11290,0.0919309184366787
SYNPCC7002_RS04250,SYNPCC7002_RS02790,0.091921128448655
SYNPCC7002_RS08390,SYNPCC7002_RS04920,0.0919180940423054
SYNPCC7002_RS04650,SYNPCC7002_RS02785,0.091916880219523
SYNPCC7002_RS01335,SYNPCC7002_RS08275,0.0919159826604853
SYNPCC7002_RS00050,SYNPCC7002_RS15135,0.0919146116432113
SYNPCC7002_RS04890,SYNPCC7002_RS00875,0.0918885474251388
SYNPCC7002_RS05135,SYNPCC7002_RS07775,0.0918856344567275
SYNPCC7002_RS05135,SYNPCC7002_RS05590,0.0918782187285367
SYNPCC7002_RS04890,SYNPCC7002_RS05100,0.0918670552994284
SYNPCC7002_RS08965,SYNPCC7002_RS08125,0.0918575451317255
SYNPCC7002_RS08255,SYNPCC7002_RS00675,0.091843737441646
SYNPCC7002_RS02715,SYNPCC7002_RS14490,0.0918412282014476
SYNPCC7002_RS10050,SYNPCC7002_RS06720,0.091804799493694
SYNPCC7002_RS05135,SYNPCC7002_RS10925,0.0917954440319491
SYNPCC7002_RS03030,SYNPCC7002_RS11525,0.0917899062490199
SYNPCC7002_RS08945,SYNPCC7002_RS11590,0.091788597444492
SYNPCC7002_RS04780,SYNPCC7002_RS16070,0.0917841631247436
SYNPCC7002_RS10050,SYNPCC7002_RS08145,0.0917658208973034
SYNPCC7002_RS08390,SYNPCC7002_RS16540,0.0917650484721546
SYNPCC7002_RS03295,SYNPCC7002_RS03325,0.091761729394544
SYNPCC7002_RS05460,SYNPCC7002_RS14335,0.0917480917833552
SYNPCC7002_RS14790,SYNPCC7002_RS04665,0.0917374188553885
SYNPCC7002_RS05985,SYNPCC7002_RS00825,0.0917335346209572
SYNPCC7002_RS12395,SYNPCC7002_RS14250,0.0917268102477783
SYNPCC7002_RS00690,SYNPCC7002_RS11645,0.091714381822466
SYNPCC7002_RS12395,SYNPCC7002_RS12445,0.09170055710851
SYNPCC7002_RS12395,SYNPCC7002_RS00270,0.0916887035329227
SYNPCC7002_RS12395,SYNPCC7002_RS00425,0.0916742549217335
SYNPCC7002_RS01335,SYNPCC7002_RS02030,0.0916651697170953
SYNPCC7002_RS09630,SYNPCC7002_RS16950,0.0916598882459909
SYNPCC7002_RS08255,SYNPCC7002_RS09990,0.0916563891112316
SYNPCC7002_RS09090,SYNPCC7002_RS15615,0.091633603226142
SYNPCC7002_RS10050,SYNPCC7002_RS10830,0.0916274957745343
SYNPCC7002_RS08390,SYNPCC7002_RS15950,0.0916270232509108
SYNPCC7002_RS02715,SYNPCC7002_RS15075,0.0916119389272902
SYNPCC7002_RS11685,SYNPCC7002_RS09460,0.0915850872126969
SYNPCC7002_RS03030,SYNPCC7002_RS07080,0.0915726346338449
SYNPCC7002_RS09175,SYNPCC7002_RS00905,0.091554416082285
SYNPCC7002_RS04890,SYNPCC7002_RS00265,0.0915505223048876
SYNPCC7002_RS00650,SYNPCC7002_RS02350,0.0915411465345106
SYNPCC7002_RS02715,SYNPCC7002_RS05265,0.0915197158299508
SYNPCC7002_RS12395,SYNPCC7002_RS10275,0.091519308608552
SYNPCC7002_RS15680,SYNPCC7002_RS05690,0.0914869460217661
SYNPCC7002_RS02715,SYNPCC7002_RS03655,0.0914848005200117
SYNPCC7002_RS00850,SYNPCC7002_RS15275,0.0914769380670986
SYNPCC7002_RS09630,SYNPCC7002_RS05685,0.0914728197985244
SYNPCC7002_RS16320,SYNPCC7002_RS15880,0.0914699483986022
SYNPCC7002_RS04250,SYNPCC7002_RS05475,0.0914677158424057
SYNPCC7002_RS04890,SYNPCC7002_RS13535,0.0914621179127466
SYNPCC7002_RS08965,SYNPCC7002_RS15225,0.0914617891237642
SYNPCC7002_RS04250,SYNPCC7002_RS11250,0.0914534898217439
SYNPCC7002_RS10050,SYNPCC7002_RS15485,0.0914432458287102
SYNPCC7002_RS04250,SYNPCC7002_RS08545,0.0914313531003165
SYNPCC7002_RS03030,SYNPCC7002_RS02525,0.0914259432456093
SYNPCC7002_RS05985,SYNPCC7002_RS00155,0.0914255839828419
SYNPCC7002_RS08175,SYNPCC7002_RS16175,0.091418407218163
SYNPCC7002_RS04780,SYNPCC7002_RS04710,0.0914135780198215
SYNPCC7002_RS04250,SYNPCC7002_RS12020,0.0914125956701706
SYNPCC7002_RS06540,SYNPCC7002_RS10065,0.0913984940818336
SYNPCC7002_RS15680,SYNPCC7002_RS04135,0.0913734101888725
SYNPCC7002_RS09195,SYNPCC7002_RS09855,0.0913707079376933
SYNPCC7002_RS15520,SYNPCC7002_RS13860,0.0913623263956068
SYNPCC7002_RS11685,SYNPCC7002_RS01785,0.0913596870249265
SYNPCC7002_RS16320,SYNPCC7002_RS15255,0.0913487800957989
SYNPCC7002_RS08210,SYNPCC7002_RS11885,0.0913466994373607
SYNPCC7002_RS00050,SYNPCC7002_RS13395,0.0913433241922616
SYNPCC7002_RS08965,SYNPCC7002_RS00520,0.0913191565896245
SYNPCC7002_RS01420,SYNPCC7002_RS05240,0.0913113041005817
SYNPCC7002_RS01335,SYNPCC7002_RS01240,0.0913048781525716
SYNPCC7002_RS04290,SYNPCC7002_RS11870,0.0913001876710321
SYNPCC7002_RS05135,SYNPCC7002_RS05265,0.0912987509923726
SYNPCC7002_RS04780,SYNPCC7002_RS04150,0.0912975743641633
SYNPCC7002_RS03030,SYNPCC7002_RS03570,0.0912878620131481
SYNPCC7002_RS15520,SYNPCC7002_RS03485,0.0912726760262575
SYNPCC7002_RS03030,SYNPCC7002_RS09550,0.0912663762567089
SYNPCC7002_RS04780,SYNPCC7002_RS14975,0.0912645044528235
SYNPCC7002_RS15520,SYNPCC7002_RS06070,0.0912431358154147
SYNPCC7002_RS03295,SYNPCC7002_RS03330,0.0912277280866462
SYNPCC7002_RS05135,SYNPCC7002_RS10765,0.0912209359223422
SYNPCC7002_RS08480,SYNPCC7002_RS11185,0.0911914882983367
SYNPCC7002_RS03030,SYNPCC7002_RS03565,0.0911786636567797
SYNPCC7002_RS03030,SYNPCC7002_RS11400,0.0911698636964709
SYNPCC7002_RS05460,SYNPCC7002_RS08890,0.0911603924304647
SYNPCC7002_RS10050,SYNPCC7002_RS01040,0.091124181083086
SYNPCC7002_RS04890,SYNPCC7002_RS12240,0.091118792297277
SYNPCC7002_RS10050,SYNPCC7002_RS13080,0.0911158186422976
SYNPCC7002_RS06150,SYNPCC7002_RS14570,0.0911119377440777
SYNPCC7002_RS11685,SYNPCC7002_RS02100,0.0910977871849733
SYNPCC7002_RS01335,SYNPCC7002_RS12470,0.0910757259275473
SYNPCC7002_RS01420,SYNPCC7002_RS16735,0.0910452585962803
SYNPCC7002_RS08965,SYNPCC7002_RS06775,0.0910452127907599
SYNPCC7002_RS10050,SYNPCC7002_RS03420,0.0910189491450907
SYNPCC7002_RS12395,SYNPCC7002_RS08010,0.0910076837461873
SYNPCC7002_RS09820,SYNPCC7002_RS15180,0.0910061884930027
SYNPCC7002_RS05135,SYNPCC7002_RS10280,0.0909843107644707
SYNPCC7002_RS08860,SYNPCC7002_RS12565,0.0909840152126501
SYNPCC7002_RS10050,SYNPCC7002_RS07725,0.0909814845048167
SYNPCC7002_RS04680,SYNPCC7002_RS12530,0.0909683162139286
SYNPCC7002_RS03030,SYNPCC7002_RS10620,0.0909672191953489
SYNPCC7002_RS09780,SYNPCC7002_RS16605,0.0909586195866997
SYNPCC7002_RS11685,SYNPCC7002_RS12405,0.0909572141779505
SYNPCC7002_RS08965,SYNPCC7002_RS11975,0.090950892072099
SYNPCC7002_RS04890,SYNPCC7002_RS00425,0.0909485088287476
SYNPCC7002_RS08390,SYNPCC7002_RS15690,0.0909351662763069
SYNPCC7002_RS08965,SYNPCC7002_RS02365,0.0909208257766399
SYNPCC7002_RS05985,SYNPCC7002_RS12775,0.0909041293672303
SYNPCC7002_RS05135,SYNPCC7002_RS11660,0.0909006881501526
SYNPCC7002_RS09320,SYNPCC7002_RS12700,0.0908957283054829
SYNPCC7002_RS09780,SYNPCC7002_RS03750,0.0908944980533144
SYNPCC7002_RS05135,SYNPCC7002_RS06175,0.0908677897650974
SYNPCC7002_RS09820,SYNPCC7002_RS05660,0.0908662505494297
SYNPCC7002_RS15995,SYNPCC7002_RS17055,0.0908595543769869
SYNPCC7002_RS03030,SYNPCC7002_RS00055,0.0908488018722042
SYNPCC7002_RS08945,SYNPCC7002_RS06245,0.0908415485701675
SYNPCC7002_RS07385,SYNPCC7002_RS13025,0.0908389633704998
SYNPCC7002_RS12395,SYNPCC7002_RS01595,0.0908385421832161
SYNPCC7002_RS08390,SYNPCC7002_RS01670,0.090831261594263
SYNPCC7002_RS04650,SYNPCC7002_RS09280,0.0907858489778635
SYNPCC7002_RS09195,SYNPCC7002_RS16490,0.0907793988500871
SYNPCC7002_RS13450,SYNPCC7002_RS10260,0.0907751436175692
SYNPCC7002_RS14790,SYNPCC7002_RS14765,0.0907560349376779
SYNPCC7002_RS16160,SYNPCC7002_RS02070,0.0907504536577474
SYNPCC7002_RS12395,SYNPCC7002_RS05970,0.0907212434915342
SYNPCC7002_RS10050,SYNPCC7002_RS02960,0.0907173631841993
SYNPCC7002_RS01335,SYNPCC7002_RS07300,0.0907063435376427
SYNPCC7002_RS05460,SYNPCC7002_RS15285,0.0906953461255682
SYNPCC7002_RS05135,SYNPCC7002_RS04120,0.0906837990695586
SYNPCC7002_RS07385,SYNPCC7002_RS13635,0.090673721575356
SYNPCC7002_RS01085,SYNPCC7002_RS05870,0.0906664542442326
SYNPCC7002_RS15520,SYNPCC7002_RS15445,0.0906581602364229
SYNPCC7002_RS08210,SYNPCC7002_RS03720,0.090650078406123
SYNPCC7002_RS14790,SYNPCC7002_RS08140,0.0906470769231921
SYNPCC7002_RS04250,SYNPCC7002_RS04010,0.0906452695242401
SYNPCC7002_RS08965,SYNPCC7002_RS10485,0.0906302986058158
SYNPCC7002_RS00635,SYNPCC7002_RS00180,0.0906284239719663
SYNPCC7002_RS15255,SYNPCC7002_RS16655,0.0906239162755107
SYNPCC7002_RS06150,SYNPCC7002_RS00695,0.0906234971098594
SYNPCC7002_RS04650,SYNPCC7002_RS04595,0.0906161601997539
SYNPCC7002_RS01335,SYNPCC7002_RS10085,0.0906043653916014
SYNPCC7002_RS08965,SYNPCC7002_RS01390,0.090583711980692
SYNPCC7002_RS00640,SYNPCC7002_RS09005,0.0905825159750505
SYNPCC7002_RS01335,SYNPCC7002_RS01010,0.0905551870500126
SYNPCC7002_RS09320,SYNPCC7002_RS06125,0.0905542961515978
SYNPCC7002_RS08965,SYNPCC7002_RS08950,0.0905513035526235
SYNPCC7002_RS00650,SYNPCC7002_RS09490,0.0905485417975598
SYNPCC7002_RS09780,SYNPCC7002_RS14295,0.0905476118048516
SYNPCC7002_RS08390,SYNPCC7002_RS12650,0.0905474505574976
SYNPCC7002_RS10050,SYNPCC7002_RS04300,0.0905421093416458
SYNPCC7002_RS05135,SYNPCC7002_RS13820,0.0905413593521001
SYNPCC7002_RS03030,SYNPCC7002_RS09830,0.0905298745911368
SYNPCC7002_RS09780,SYNPCC7002_RS03075,0.0905202249112709
SYNPCC7002_RS00050,SYNPCC7002_RS06230,0.090517824574741
SYNPCC7002_RS12395,SYNPCC7002_RS14115,0.0904745916838699
SYNPCC7002_RS07385,SYNPCC7002_RS11930,0.0904675247301964
SYNPCC7002_RS04250,SYNPCC7002_RS11925,0.0904664395971017
SYNPCC7002_RS09780,SYNPCC7002_RS16160,0.0904514485092176
SYNPCC7002_RS08965,SYNPCC7002_RS01845,0.0904499381798311
SYNPCC7002_RS10050,SYNPCC7002_RS16750,0.0904401900185194
SYNPCC7002_RS04250,SYNPCC7002_RS16075,0.0904324455236608
SYNPCC7002_RS12395,SYNPCC7002_RS11585,0.0904201290536044
SYNPCC7002_RS05135,SYNPCC7002_RS00270,0.0904132250799483
SYNPCC7002_RS06540,SYNPCC7002_RS05610,0.090410881609679
SYNPCC7002_RS12395,SYNPCC7002_RS17210,0.0904094382699453
SYNPCC7002_RS03030,SYNPCC7002_RS13880,0.090405998358918
SYNPCC7002_RS10050,SYNPCC7002_RS11325,0.0903921773629658
SYNPCC7002_RS08255,SYNPCC7002_RS02855,0.0903905860368349
SYNPCC7002_RS12395,SYNPCC7002_RS10280,0.0903798583228437
SYNPCC7002_RS05135,SYNPCC7002_RS07750,0.0903702446927558
SYNPCC7002_RS12105,SYNPCC7002_RS14680,0.0903673531045475
SYNPCC7002_RS00650,SYNPCC7002_RS13375,0.0903588305481469
SYNPCC7002_RS09995,SYNPCC7002_RS02530,0.0903432068248013
SYNPCC7002_RS01800,SYNPCC7002_RS01545,0.090338007311648
SYNPCC7002_RS04780,SYNPCC7002_RS17065,0.0903327666013203
SYNPCC7002_RS04680,SYNPCC7002_RS06880,0.0903273329715418
SYNPCC7002_RS00650,SYNPCC7002_RS12230,0.0903261009696131
SYNPCC7002_RS16320,SYNPCC7002_RS15650,0.090321746794247
SYNPCC7002_RS09780,SYNPCC7002_RS15050,0.0903145986812842
SYNPCC7002_RS04780,SYNPCC7002_RS09510,0.0903126646182789
SYNPCC7002_RS02715,SYNPCC7002_RS05210,0.0903117459922003
SYNPCC7002_RS02715,SYNPCC7002_RS15485,0.0903068517738658
SYNPCC7002_RS08945,SYNPCC7002_RS07350,0.0903063928729512
SYNPCC7002_RS08390,SYNPCC7002_RS16325,0.0903001414530429
SYNPCC7002_RS15255,SYNPCC7002_RS05685,0.090294685226726
SYNPCC7002_RS07385,SYNPCC7002_RS06820,0.0902802615972587
SYNPCC7002_RS08945,SYNPCC7002_RS01755,0.0902772379905237
SYNPCC7002_RS10050,SYNPCC7002_RS00875,0.0902755366900269
SYNPCC7002_RS15520,SYNPCC7002_RS04575,0.0902614716014209
SYNPCC7002_RS12395,SYNPCC7002_RS17230,0.0902609384460449
SYNPCC7002_RS10050,SYNPCC7002_RS16815,0.0902559013088843
SYNPCC7002_RS08210,SYNPCC7002_RS01475,0.0902534295759384
SYNPCC7002_RS05135,SYNPCC7002_RS01925,0.0902491437350166
SYNPCC7002_RS06150,SYNPCC7002_RS15190,0.0902382983176477
SYNPCC7002_RS00260,SYNPCC7002_RS09350,0.09023806095845
SYNPCC7002_RS04250,SYNPCC7002_RS10875,0.0902354139579755
SYNPCC7002_RS08965,SYNPCC7002_RS09730,0.0902272826433218
SYNPCC7002_RS08945,SYNPCC7002_RS03730,0.0902264385350527
SYNPCC7002_RS07295,SYNPCC7002_RS08715,0.0902237709096378
SYNPCC7002_RS08945,SYNPCC7002_RS07195,0.0901987731150812
SYNPCC7002_RS04650,SYNPCC7002_RS00045,0.0901960626911654
SYNPCC7002_RS03030,SYNPCC7002_RS07155,0.0901953103536624
SYNPCC7002_RS12395,SYNPCC7002_RS09910,0.090190123351014
SYNPCC7002_RS01800,SYNPCC7002_RS13295,0.0901894865803784
SYNPCC7002_RS08175,SYNPCC7002_RS03870,0.0901724978449724
SYNPCC7002_RS07295,SYNPCC7002_RS08900,0.090156468362264
SYNPCC7002_RS05135,SYNPCC7002_RS09420,0.0901564646317132
SYNPCC7002_RS14790,SYNPCC7002_RS02070,0.0901506133734183
SYNPCC7002_RS00640,SYNPCC7002_RS08620,0.0901464544624129
SYNPCC7002_RS10050,SYNPCC7002_RS16395,0.090122576184201
SYNPCC7002_RS05985,SYNPCC7002_RS01520,0.0901197132112151
SYNPCC7002_RS15680,SYNPCC7002_RS06460,0.0901145255050167
SYNPCC7002_RS12515,SYNPCC7002_RS10790,0.0901090598577251
SYNPCC7002_RS07385,SYNPCC7002_RS12750,0.0901072866914021
SYNPCC7002_RS15520,SYNPCC7002_RS04195,0.0901047561347811
SYNPCC7002_RS03030,SYNPCC7002_RS04500,0.0900987117730397
SYNPCC7002_RS16160,SYNPCC7002_RS16125,0.0900884654600637
SYNPCC7002_RS12395,SYNPCC7002_RS07825,0.0900843306117267
SYNPCC7002_RS08210,SYNPCC7002_RS09550,0.0900790532022611
SYNPCC7002_RS09260,SYNPCC7002_RS10390,0.0900735581373053
SYNPCC7002_RS05135,SYNPCC7002_RS12445,0.0900700018657584
SYNPCC7002_RS12395,SYNPCC7002_RS16445,0.0900671745340474
SYNPCC7002_RS15520,SYNPCC7002_RS08120,0.0900664545529913
SYNPCC7002_RS15520,SYNPCC7002_RS06120,0.0900625265732331
SYNPCC7002_RS15520,SYNPCC7002_RS09215,0.0900547157523525
SYNPCC7002_RS09260,SYNPCC7002_RS13795,0.0900543859603994
SYNPCC7002_RS09175,SYNPCC7002_RS07675,0.0900437588038628
SYNPCC7002_RS03295,SYNPCC7002_RS03315,0.0900335684919168
SYNPCC7002_RS02455,SYNPCC7002_RS11870,0.0900331763889542
SYNPCC7002_RS06005,SYNPCC7002_RS07135,0.0900225876507787
SYNPCC7002_RS05135,SYNPCC7002_RS13530,0.0900221730962009
SYNPCC7002_RS09780,SYNPCC7002_RS11095,0.0900166927059395
SYNPCC7002_RS02455,SYNPCC7002_RS02320,0.0900145727063915
SYNPCC7002_RS06005,SYNPCC7002_RS14210,0.0900012529703545
SYNPCC7002_RS08255,SYNPCC7002_RS13835,0.0899988927035106
SYNPCC7002_RS10050,SYNPCC7002_RS01330,0.0899898174836037
SYNPCC7002_RS00010,SYNPCC7002_RS06255,0.089971861435671
SYNPCC7002_RS01335,SYNPCC7002_RS15280,0.0899693209473306
SYNPCC7002_RS08860,SYNPCC7002_RS00380,0.0899685612719703
SYNPCC7002_RS09995,SYNPCC7002_RS09675,0.0899592280027123
SYNPCC7002_RS10050,SYNPCC7002_RS03520,0.0899544766720778
SYNPCC7002_RS04890,SYNPCC7002_RS00215,0.0899375242984316
SYNPCC7002_RS00690,SYNPCC7002_RS00800,0.0899352801391059
SYNPCC7002_RS06150,SYNPCC7002_RS07430,0.0899292869431845
SYNPCC7002_RS05135,SYNPCC7002_RS11515,0.0899202348028987
SYNPCC7002_RS02455,SYNPCC7002_RS15915,0.0898934233666151
SYNPCC7002_RS05135,SYNPCC7002_RS01980,0.0898922286977032
SYNPCC7002_RS09320,SYNPCC7002_RS11545,0.0898730840782549
SYNPCC7002_RS06540,SYNPCC7002_RS03935,0.0898690950311196
SYNPCC7002_RS10050,SYNPCC7002_RS05210,0.0898679986880899
SYNPCC7002_RS02455,SYNPCC7002_RS08940,0.0898551493714391
SYNPCC7002_RS07295,SYNPCC7002_RS07935,0.0898389154287052
SYNPCC7002_RS05460,SYNPCC7002_RS10555,0.0898385935388562
SYNPCC7002_RS04650,SYNPCC7002_RS10330,0.0898324650018391
SYNPCC7002_RS05135,SYNPCC7002_RS05195,0.0898190839383299
SYNPCC7002_RS00640,SYNPCC7002_RS11555,0.0898160376819461
SYNPCC7002_RS06540,SYNPCC7002_RS02205,0.0898122898947221
SYNPCC7002_RS11400,SYNPCC7002_RS02965,0.0898117911926102
SYNPCC7002_RS08390,SYNPCC7002_RS00415,0.0897977601811581
SYNPCC7002_RS15255,SYNPCC7002_RS13180,0.089781805519068
SYNPCC7002_RS07385,SYNPCC7002_RS07160,0.0897786670749338
SYNPCC7002_RS04890,SYNPCC7002_RS11325,0.0897711507273349
SYNPCC7002_RS11400,SYNPCC7002_RS01990,0.0897606895326773
SYNPCC7002_RS04890,SYNPCC7002_RS05425,0.0897451266355418
SYNPCC7002_RS03030,SYNPCC7002_RS06945,0.0897339475388348
SYNPCC7002_RS05135,SYNPCC7002_RS12725,0.0897234162828814
SYNPCC7002_RS12515,SYNPCC7002_RS16770,0.0897148876752761
SYNPCC7002_RS04780,SYNPCC7002_RS12705,0.0897125072183854
SYNPCC7002_RS08965,SYNPCC7002_RS13890,0.0897115889074175
SYNPCC7002_RS15520,SYNPCC7002_RS17180,0.089695394652423
SYNPCC7002_RS08210,SYNPCC7002_RS13325,0.0896849851778592
SYNPCC7002_RS08965,SYNPCC7002_RS13810,0.0896820833366622
SYNPCC7002_RS14440,SYNPCC7002_RS15475,0.0896807688909018
SYNPCC7002_RS09780,SYNPCC7002_RS16075,0.0896794764485851
SYNPCC7002_RS11400,SYNPCC7002_RS06300,0.0896776225828638
SYNPCC7002_RS15520,SYNPCC7002_RS01810,0.0896769328080226
SYNPCC7002_RS12090,SYNPCC7002_RS06935,0.0896699488373095
SYNPCC7002_RS04680,SYNPCC7002_RS15190,0.0896617018506662
SYNPCC7002_RS01335,SYNPCC7002_RS05415,0.089656219643445
SYNPCC7002_RS08965,SYNPCC7002_RS02395,0.089641845661007
SYNPCC7002_RS10050,SYNPCC7002_RS08775,0.0896388205863658
SYNPCC7002_RS04250,SYNPCC7002_RS00350,0.0896294661169416
SYNPCC7002_RS04650,SYNPCC7002_RS05385,0.0896267677583732
SYNPCC7002_RS10050,SYNPCC7002_RS11335,0.0896264614100353
SYNPCC7002_RS07385,SYNPCC7002_RS03840,0.0896227544149012
SYNPCC7002_RS12395,SYNPCC7002_RS07835,0.0896169596507116
SYNPCC7002_RS04250,SYNPCC7002_RS12585,0.0896112680809108
SYNPCC7002_RS12395,SYNPCC7002_RS04475,0.0895742697765911
SYNPCC7002_RS05135,SYNPCC7002_RS13745,0.0895742696265119
SYNPCC7002_RS03760,SYNPCC7002_RS09880,0.0895696883220597
SYNPCC7002_RS08390,SYNPCC7002_RS13355,0.0895619489055883
SYNPCC7002_RS08965,SYNPCC7002_RS03570,0.0895615908447764
SYNPCC7002_RS05460,SYNPCC7002_RS14005,0.0895511636898094
SYNPCC7002_RS03030,SYNPCC7002_RS07315,0.089550889473207
SYNPCC7002_RS04780,SYNPCC7002_RS01130,0.0895439552792329
SYNPCC7002_RS05135,SYNPCC7002_RS16935,0.0895329844754913
SYNPCC7002_RS02715,SYNPCC7002_RS07775,0.0895269887557174
SYNPCC7002_RS09320,SYNPCC7002_RS09595,0.0895266097875991
SYNPCC7002_RS08965,SYNPCC7002_RS01605,0.0895160690124802
SYNPCC7002_RS14790,SYNPCC7002_RS01635,0.0895146423348731
SYNPCC7002_RS01420,SYNPCC7002_RS11585,0.0895069895023056
SYNPCC7002_RS15520,SYNPCC7002_RS16190,0.0895044905208629
SYNPCC7002_RS10050,SYNPCC7002_RS07835,0.089504188674692
SYNPCC7002_RS05135,SYNPCC7002_RS09785,0.0894938494013195
SYNPCC7002_RS12395,SYNPCC7002_RS03060,0.0894934121500484
SYNPCC7002_RS07385,SYNPCC7002_RS02985,0.0894875890254428
SYNPCC7002_RS08965,SYNPCC7002_RS12495,0.0894857509159403
SYNPCC7002_RS04780,SYNPCC7002_RS11940,0.0894785213067528
SYNPCC7002_RS04780,SYNPCC7002_RS10415,0.0894722265673636
SYNPCC7002_RS09630,SYNPCC7002_RS00970,0.0894626387470682
SYNPCC7002_RS03030,SYNPCC7002_RS11085,0.0894601688029576
SYNPCC7002_RS08945,SYNPCC7002_RS10110,0.089441637934131
SYNPCC7002_RS12395,SYNPCC7002_RS12240,0.0894386154046868
SYNPCC7002_RS09175,SYNPCC7002_RS01960,0.0894319131581244
SYNPCC7002_RS08965,SYNPCC7002_RS12700,0.0894232116280946
SYNPCC7002_RS10525,SYNPCC7002_RS16205,0.0894191066368087
SYNPCC7002_RS04780,SYNPCC7002_RS15520,0.0894063540109571
SYNPCC7002_RS03950,SYNPCC7002_RS16315,0.0893993514497111
SYNPCC7002_RS10050,SYNPCC7002_RS15055,0.0893904119272713
SYNPCC7002_RS05460,SYNPCC7002_RS01150,0.0893698987172134
SYNPCC7002_RS04650,SYNPCC7002_RS04850,0.0893647465799765
SYNPCC7002_RS03030,SYNPCC7002_RS07980,0.0893356820753013
SYNPCC7002_RS04780,SYNPCC7002_RS04445,0.0893208622837719
SYNPCC7002_RS09195,SYNPCC7002_RS13040,0.0893183823907617
SYNPCC7002_RS15520,SYNPCC7002_RS12030,0.0893004272889028
SYNPCC7002_RS05135,SYNPCC7002_RS10595,0.0892889625060109
SYNPCC7002_RS15680,SYNPCC7002_RS15605,0.089284970578918
SYNPCC7002_RS00640,SYNPCC7002_RS06010,0.0892769061963862
SYNPCC7002_RS11685,SYNPCC7002_RS06285,0.0892423801240911
SYNPCC7002_RS05985,SYNPCC7002_RS10605,0.0892268873895964
SYNPCC7002_RS02715,SYNPCC7002_RS14165,0.0892079212935272
SYNPCC7002_RS10050,SYNPCC7002_RS13615,0.0891965150686631
SYNPCC7002_RS04680,SYNPCC7002_RS08160,0.0891797563517899
SYNPCC7002_RS00010,SYNPCC7002_RS08385,0.0891726937954278
SYNPCC7002_RS05985,SYNPCC7002_RS02685,0.0891701683028648
SYNPCC7002_RS10050,SYNPCC7002_RS01170,0.0891691514285789
SYNPCC7002_RS09780,SYNPCC7002_RS11535,0.0891676418553462
SYNPCC7002_RS08175,SYNPCC7002_RS10760,0.0891582079086038
SYNPCC7002_RS08390,SYNPCC7002_RS10415,0.0891577177443245
SYNPCC7002_RS02455,SYNPCC7002_RS14185,0.089145704738568
SYNPCC7002_RS08945,SYNPCC7002_RS12035,0.0891268235898447
SYNPCC7002_RS05135,SYNPCC7002_RS00585,0.0891217829883236
SYNPCC7002_RS12395,SYNPCC7002_RS06720,0.0891096777134701
SYNPCC7002_RS08210,SYNPCC7002_RS01260,0.089102793418712
SYNPCC7002_RS14440,SYNPCC7002_RS09420,0.0891012720146463
SYNPCC7002_RS04680,SYNPCC7002_RS00235,0.0890981849108991
SYNPCC7002_RS00010,SYNPCC7002_RS01410,0.0890970086965603
SYNPCC7002_RS01800,SYNPCC7002_RS12770,0.0890891211766576
SYNPCC7002_RS12395,SYNPCC7002_RS03670,0.0890732924569809
SYNPCC7002_RS08945,SYNPCC7002_RS01400,0.0890629576969821
SYNPCC7002_RS08390,SYNPCC7002_RS01800,0.0890495556374719
SYNPCC7002_RS11400,SYNPCC7002_RS08940,0.089044341248291
SYNPCC7002_RS04780,SYNPCC7002_RS05630,0.0890321806792123
SYNPCC7002_RS02715,SYNPCC7002_RS15795,0.0890250409987468
SYNPCC7002_RS14385,SYNPCC7002_RS14445,0.0890248425538612
SYNPCC7002_RS15520,SYNPCC7002_RS11435,0.0890109336825417
SYNPCC7002_RS09820,SYNPCC7002_RS05030,0.0890081700527302
SYNPCC7002_RS05460,SYNPCC7002_RS05150,0.0890053837282742
SYNPCC7002_RS00010,SYNPCC7002_RS14835,0.0889676729389391
SYNPCC7002_RS14440,SYNPCC7002_RS14410,0.0889595493727153
SYNPCC7002_RS12395,SYNPCC7002_RS15155,0.0889533625146379
SYNPCC7002_RS06540,SYNPCC7002_RS12750,0.0889393752822295
SYNPCC7002_RS03295,SYNPCC7002_RS01950,0.0889371511570448
SYNPCC7002_RS05460,SYNPCC7002_RS10215,0.0889316743003063
SYNPCC7002_RS15995,SYNPCC7002_RS16580,0.088926217535649
SYNPCC7002_RS05135,SYNPCC7002_RS13315,0.0889257140231012
SYNPCC7002_RS09320,SYNPCC7002_RS01250,0.0889206785227255
SYNPCC7002_RS06540,SYNPCC7002_RS07250,0.088900219216048
SYNPCC7002_RS03030,SYNPCC7002_RS01990,0.0888715677133044
SYNPCC7002_RS04780,SYNPCC7002_RS06895,0.0888673938548835
SYNPCC7002_RS05135,SYNPCC7002_RS07355,0.0888643052555453
SYNPCC7002_RS00690,SYNPCC7002_RS13685,0.0888448443199315
SYNPCC7002_RS08965,SYNPCC7002_RS01355,0.0888423936181917
SYNPCC7002_RS16320,SYNPCC7002_RS15980,0.0888389911983319
SYNPCC7002_RS01335,SYNPCC7002_RS15790,0.0888220071173302
SYNPCC7002_RS09995,SYNPCC7002_RS12590,0.0888177160334565
SYNPCC7002_RS01335,SYNPCC7002_RS06655,0.0888102521970191
SYNPCC7002_RS10050,SYNPCC7002_RS03905,0.0887972200154997
SYNPCC7002_RS04890,SYNPCC7002_RS01135,0.0887901978956512
SYNPCC7002_RS02715,SYNPCC7002_RS10930,0.0887900428479368
SYNPCC7002_RS15030,SYNPCC7002_RS07175,0.0887879115337655
SYNPCC7002_RS15680,SYNPCC7002_RS02040,0.0887866070556379
SYNPCC7002_RS01420,SYNPCC7002_RS05285,0.0887815588423003
SYNPCC7002_RS04780,SYNPCC7002_RS02210,0.0887803574543623
SYNPCC7002_RS04290,SYNPCC7002_RS13500,0.0887710851589839
SYNPCC7002_RS00050,SYNPCC7002_RS11535,0.0887680500616016
SYNPCC7002_RS08965,SYNPCC7002_RS05735,0.0887661704380372
SYNPCC7002_RS04890,SYNPCC7002_RS12005,0.088765071142627
SYNPCC7002_RS01800,SYNPCC7002_RS12885,0.0887619592267837
SYNPCC7002_RS04650,SYNPCC7002_RS07495,0.0887551019729884
SYNPCC7002_RS02715,SYNPCC7002_RS01245,0.0887361784510657
SYNPCC7002_RS08210,SYNPCC7002_RS01600,0.0887213490535551
SYNPCC7002_RS05135,SYNPCC7002_RS09280,0.0887110640726332
SYNPCC7002_RS09820,SYNPCC7002_RS14715,0.0887061894909599
SYNPCC7002_RS08965,SYNPCC7002_RS01750,0.0887016241158317
SYNPCC7002_RS10525,SYNPCC7002_RS14975,0.0886968342614606
SYNPCC7002_RS16320,SYNPCC7002_RS05920,0.0886961263933397
SYNPCC7002_RS01420,SYNPCC7002_RS05955,0.0886934042417468
SYNPCC7002_RS04890,SYNPCC7002_RS00305,0.0886796789027862
SYNPCC7002_RS08175,SYNPCC7002_RS00620,0.0886795234063326
SYNPCC7002_RS15255,SYNPCC7002_RS17225,0.0886712151260459
SYNPCC7002_RS12515,SYNPCC7002_RS11920,0.088637643228612
SYNPCC7002_RS01420,SYNPCC7002_RS05250,0.088630433778101
SYNPCC7002_RS05135,SYNPCC7002_RS10890,0.0886157638055836
SYNPCC7002_RS10050,SYNPCC7002_RS13725,0.0886109766625991
SYNPCC7002_RS11685,SYNPCC7002_RS02090,0.0885929982888401
SYNPCC7002_RS09995,SYNPCC7002_RS08480,0.0885823406258569
SYNPCC7002_RS09420,SYNPCC7002_RS12550,0.0885753378690894
SYNPCC7002_RS03295,SYNPCC7002_RS10150,0.088555046973451
SYNPCC7002_RS04680,SYNPCC7002_RS02625,0.0885529398494312
SYNPCC7002_RS15520,SYNPCC7002_RS10115,0.0885269428631675
SYNPCC7002_RS08965,SYNPCC7002_RS05365,0.0885227593762768
SYNPCC7002_RS15520,SYNPCC7002_RS09290,0.0885209016472829
SYNPCC7002_RS12395,SYNPCC7002_RS16960,0.0885202749345197
SYNPCC7002_RS00640,SYNPCC7002_RS04915,0.0885142399369817
SYNPCC7002_RS02715,SYNPCC7002_RS06170,0.0885118667413851
SYNPCC7002_RS04250,SYNPCC7002_RS07495,0.0885065548388861
SYNPCC7002_RS15520,SYNPCC7002_RS11490,0.0885018262364145
SYNPCC7002_RS08255,SYNPCC7002_RS10080,0.088483494061145
SYNPCC7002_RS15520,SYNPCC7002_RS01320,0.0884727257624535
SYNPCC7002_RS08210,SYNPCC7002_RS02255,0.0884709769475243
SYNPCC7002_RS01085,SYNPCC7002_RS00805,0.0884700176055326
SYNPCC7002_RS02455,SYNPCC7002_RS00210,0.0884617007437396
SYNPCC7002_RS12395,SYNPCC7002_RS06350,0.0884479540724162
SYNPCC7002_RS08390,SYNPCC7002_RS10510,0.0884466469041067
SYNPCC7002_RS12395,SYNPCC7002_RS15135,0.0884385946633321
SYNPCC7002_RS05460,SYNPCC7002_RS16990,0.0884374667131211
SYNPCC7002_RS02455,SYNPCC7002_RS15815,0.0884324580438277
SYNPCC7002_RS09320,SYNPCC7002_RS12025,0.0884290977087102
SYNPCC7002_RS10050,SYNPCC7002_RS11730,0.0884092966088015
SYNPCC7002_RS09780,SYNPCC7002_RS15975,0.0884052590544431
SYNPCC7002_RS12515,SYNPCC7002_RS03515,0.0883975497463398
SYNPCC7002_RS04250,SYNPCC7002_RS01400,0.0883954545700445
SYNPCC7002_RS01800,SYNPCC7002_RS08760,0.0883831746202884
SYNPCC7002_RS04680,SYNPCC7002_RS02695,0.0883727180762381
SYNPCC7002_RS04250,SYNPCC7002_RS13030,0.0883681366788751
SYNPCC7002_RS05985,SYNPCC7002_RS15725,0.0883601484469836
SYNPCC7002_RS09630,SYNPCC7002_RS11560,0.0883600048268056
SYNPCC7002_RS12515,SYNPCC7002_RS15995,0.0883454586531042
SYNPCC7002_RS09195,SYNPCC7002_RS02280,0.088344810685042
SYNPCC7002_RS09780,SYNPCC7002_RS13630,0.0883416559835904
SYNPCC7002_RS04650,SYNPCC7002_RS11685,0.0883374702004194
SYNPCC7002_RS08945,SYNPCC7002_RS07200,0.0883272759454424
SYNPCC7002_RS08965,SYNPCC7002_RS08410,0.0883102901595735
SYNPCC7002_RS15680,SYNPCC7002_RS16060,0.0883055236396539
SYNPCC7002_RS11685,SYNPCC7002_RS06320,0.0882944489903922
SYNPCC7002_RS16320,SYNPCC7002_RS15325,0.0882883770523051
SYNPCC7002_RS04890,SYNPCC7002_RS10925,0.088283095550358
SYNPCC7002_RS03030,SYNPCC7002_RS05825,0.0882750314400262
SYNPCC7002_RS04650,SYNPCC7002_RS05475,0.08827049181255
SYNPCC7002_RS04680,SYNPCC7002_RS15925,0.0882590581498928
SYNPCC7002_RS03950,SYNPCC7002_RS02185,0.0882552111948958
SYNPCC7002_RS02715,SYNPCC7002_RS17030,0.0882109395100859
SYNPCC7002_RS05985,SYNPCC7002_RS12815,0.0882008481883607
SYNPCC7002_RS11685,SYNPCC7002_RS13150,0.088198043349865
SYNPCC7002_RS10050,SYNPCC7002_RS04305,0.0881898699809057
SYNPCC7002_RS03295,SYNPCC7002_RS01005,0.0881863457873293
SYNPCC7002_RS05460,SYNPCC7002_RS15265,0.0881732313622765
SYNPCC7002_RS12395,SYNPCC7002_RS16380,0.0881666982088378
SYNPCC7002_RS02455,SYNPCC7002_RS01620,0.0881610313945559
SYNPCC7002_RS14385,SYNPCC7002_RS16505,0.0881589435584873
SYNPCC7002_RS00260,SYNPCC7002_RS06595,0.0881557586231421
SYNPCC7002_RS01420,SYNPCC7002_RS07750,0.0881480406037541
SYNPCC7002_RS01335,SYNPCC7002_RS09235,0.0881463705404477
SYNPCC7002_RS02715,SYNPCC7002_RS04305,0.0881356791061639
SYNPCC7002_RS02715,SYNPCC7002_RS06010,0.0881308321987383
SYNPCC7002_RS11400,SYNPCC7002_RS02730,0.0881259171377256
SYNPCC7002_RS01420,SYNPCC7002_RS06570,0.0881073260949839
SYNPCC7002_RS04680,SYNPCC7002_RS15780,0.0881025216828364
SYNPCC7002_RS07385,SYNPCC7002_RS02670,0.0880995579051376
SYNPCC7002_RS01420,SYNPCC7002_RS05235,0.0880945128687677
SYNPCC7002_RS15520,SYNPCC7002_RS05455,0.0880654587546602
SYNPCC7002_RS01800,SYNPCC7002_RS11870,0.0880581295478407
SYNPCC7002_RS08965,SYNPCC7002_RS06300,0.0880540915589906
SYNPCC7002_RS05135,SYNPCC7002_RS03595,0.088049341875198
SYNPCC7002_RS09630,SYNPCC7002_RS10635,0.0880434912943088
SYNPCC7002_RS15680,SYNPCC7002_RS05070,0.0880355101989291
SYNPCC7002_RS07385,SYNPCC7002_RS08985,0.0880105801973809
SYNPCC7002_RS14440,SYNPCC7002_RS14335,0.0879965404145547
SYNPCC7002_RS05985,SYNPCC7002_RS10250,0.0879927891851347
SYNPCC7002_RS12105,SYNPCC7002_RS12270,0.0879902113928099
SYNPCC7002_RS03295,SYNPCC7002_RS06565,0.0879898246883947
SYNPCC7002_RS10050,SYNPCC7002_RS03425,0.0879880096175632
SYNPCC7002_RS08255,SYNPCC7002_RS14055,0.0879448919403432
SYNPCC7002_RS08860,SYNPCC7002_RS17115,0.0879411226133841
SYNPCC7002_RS08965,SYNPCC7002_RS05545,0.0879339052807474
SYNPCC7002_RS15410,SYNPCC7002_RS07960,0.087929694635484
SYNPCC7002_RS05135,SYNPCC7002_RS09035,0.087923082362036
SYNPCC7002_RS09320,SYNPCC7002_RS04450,0.0879062377941735
SYNPCC7002_RS02715,SYNPCC7002_RS07390,0.0879035264310944
SYNPCC7002_RS10050,SYNPCC7002_RS10185,0.0879008849571754
SYNPCC7002_RS09820,SYNPCC7002_RS01675,0.0878922638277273
SYNPCC7002_RS15680,SYNPCC7002_RS10555,0.0878860687173736
SYNPCC7002_RS03030,SYNPCC7002_RS09660,0.0878822739191275
SYNPCC7002_RS09780,SYNPCC7002_RS04175,0.0878762845143869
SYNPCC7002_RS04780,SYNPCC7002_RS09040,0.0878742103821114
SYNPCC7002_RS15680,SYNPCC7002_RS03125,0.0878659728347259
SYNPCC7002_RS01420,SYNPCC7002_RS16510,0.0878636763448694
SYNPCC7002_RS09630,SYNPCC7002_RS14575,0.0878577552970378
SYNPCC7002_RS10050,SYNPCC7002_RS11515,0.0878483433431709
SYNPCC7002_RS08255,SYNPCC7002_RS00705,0.0878385222013406
SYNPCC7002_RS09320,SYNPCC7002_RS03225,0.0878320291036181
SYNPCC7002_RS12395,SYNPCC7002_RS01785,0.0878181625530734
SYNPCC7002_RS14790,SYNPCC7002_RS08500,0.0878153740157956
SYNPCC7002_RS00690,SYNPCC7002_RS00720,0.0877945818688218
SYNPCC7002_RS00260,SYNPCC7002_RS13500,0.0877894011801878
SYNPCC7002_RS00050,SYNPCC7002_RS03790,0.0877629275430481
SYNPCC7002_RS01335,SYNPCC7002_RS10770,0.0877618940246031
SYNPCC7002_RS05985,SYNPCC7002_RS17015,0.0877544376259735
SYNPCC7002_RS16320,SYNPCC7002_RS15645,0.0877515465303561
SYNPCC7002_RS11400,SYNPCC7002_RS06415,0.0877390055553332
SYNPCC7002_RS04780,SYNPCC7002_RS13420,0.0877319417654867
SYNPCC7002_RS08965,SYNPCC7002_RS02115,0.0877281547926048
SYNPCC7002_RS15030,SYNPCC7002_RS07630,0.0877192507301126
SYNPCC7002_RS04650,SYNPCC7002_RS10090,0.0877189761198408
SYNPCC7002_RS07385,SYNPCC7002_RS00595,0.0877112705348724
SYNPCC7002_RS09780,SYNPCC7002_RS01165,0.0877029437243509
SYNPCC7002_RS08965,SYNPCC7002_RS11680,0.0876959161893147
SYNPCC7002_RS04780,SYNPCC7002_RS06960,0.0876937032432674
SYNPCC7002_RS05135,SYNPCC7002_RS12120,0.0876814589080022
SYNPCC7002_RS09320,SYNPCC7002_RS04810,0.0876763565066499
SYNPCC7002_RS11685,SYNPCC7002_RS01865,0.0876668040270591
SYNPCC7002_RS09995,SYNPCC7002_RS05480,0.0876619519748593
SYNPCC7002_RS05985,SYNPCC7002_RS06550,0.0876336445143765
SYNPCC7002_RS15410,SYNPCC7002_RS09750,0.0876264033473788
SYNPCC7002_RS03030,SYNPCC7002_RS13570,0.08760169653796
SYNPCC7002_RS03030,SYNPCC7002_RS03015,0.0875849575342055
SYNPCC7002_RS10050,SYNPCC7002_RS10890,0.087570136708287
SYNPCC7002_RS08965,SYNPCC7002_RS12660,0.0875597747938934
SYNPCC7002_RS09420,SYNPCC7002_RS09565,0.0875544690136678
SYNPCC7002_RS08210,SYNPCC7002_RS09660,0.0875416418998487
SYNPCC7002_RS15520,SYNPCC7002_RS06770,0.0875353779399968
SYNPCC7002_RS00690,SYNPCC7002_RS11910,0.0875224984319508
SYNPCC7002_RS08390,SYNPCC7002_RS15940,0.0875201507727725
SYNPCC7002_RS08390,SYNPCC7002_RS15820,0.0875175417768823
SYNPCC7002_RS03295,SYNPCC7002_RS01015,0.0875085353477273
SYNPCC7002_RS09995,SYNPCC7002_RS04025,0.0875007299976228
SYNPCC7002_RS08965,SYNPCC7002_RS04725,0.0874834709509635
SYNPCC7002_RS09630,SYNPCC7002_RS04355,0.0874755958873404
SYNPCC7002_RS03030,SYNPCC7002_RS08410,0.0874619003794484
SYNPCC7002_RS09845,SYNPCC7002_RS12475,0.0874514853691673
SYNPCC7002_RS04780,SYNPCC7002_RS12290,0.0874350445892786
SYNPCC7002_RS05135,SYNPCC7002_RS16960,0.0874249459092974
SYNPCC7002_RS03295,SYNPCC7002_RS01965,0.0874181122358245
SYNPCC7002_RS11400,SYNPCC7002_RS09325,0.087404187578646
SYNPCC7002_RS04680,SYNPCC7002_RS11435,0.0873923203698215
SYNPCC7002_RS09780,SYNPCC7002_RS06470,0.0873772848301515
SYNPCC7002_RS00010,SYNPCC7002_RS01275,0.087373474700404
SYNPCC7002_RS08965,SYNPCC7002_RS04500,0.087368737030063
SYNPCC7002_RS04250,SYNPCC7002_RS09470,0.087360658327561
SYNPCC7002_RS09820,SYNPCC7002_RS11210,0.0873571181531888
SYNPCC7002_RS15255,SYNPCC7002_RS14610,0.0873457630097999
SYNPCC7002_RS12395,SYNPCC7002_RS05275,0.0873335878204135
SYNPCC7002_RS03030,SYNPCC7002_RS02920,0.0873333144344641
SYNPCC7002_RS07385,SYNPCC7002_RS00220,0.0873307213145532
SYNPCC7002_RS09320,SYNPCC7002_RS16685,0.0873200307879127
SYNPCC7002_RS15520,SYNPCC7002_RS10620,0.0872885654677622
SYNPCC7002_RS10050,SYNPCC7002_RS15080,0.0872829769112876
SYNPCC7002_RS05135,SYNPCC7002_RS16815,0.0872826125308404
SYNPCC7002_RS00010,SYNPCC7002_RS12935,0.0872772522930203
SYNPCC7002_RS15520,SYNPCC7002_RS10645,0.0872659226217902
SYNPCC7002_RS03030,SYNPCC7002_RS04925,0.0872542891435988
SYNPCC7002_RS08860,SYNPCC7002_RS03925,0.087217353655437
SYNPCC7002_RS04650,SYNPCC7002_RS11190,0.0872149570507227
SYNPCC7002_RS05460,SYNPCC7002_RS08045,0.087205535313426
SYNPCC7002_RS08945,SYNPCC7002_RS11960,0.0871952649967653
SYNPCC7002_RS04650,SYNPCC7002_RS10110,0.0871895147060535
SYNPCC7002_RS06540,SYNPCC7002_RS02860,0.0871784935200921
SYNPCC7002_RS08390,SYNPCC7002_RS10580,0.0871719281470217
SYNPCC7002_RS15520,SYNPCC7002_RS08210,0.0871694575895839
SYNPCC7002_RS01335,SYNPCC7002_RS16325,0.0871693640933515
SYNPCC7002_RS00050,SYNPCC7002_RS13650,0.0871682984458467
SYNPCC7002_RS15995,SYNPCC7002_RS07460,0.0871655077350214
SYNPCC7002_RS00260,SYNPCC7002_RS15375,0.0871641023764924
SYNPCC7002_RS12515,SYNPCC7002_RS10035,0.0871565406792523
SYNPCC7002_RS00690,SYNPCC7002_RS08480,0.0871504031848728
SYNPCC7002_RS01800,SYNPCC7002_RS01945,0.0871481685484727
SYNPCC7002_RS11685,SYNPCC7002_RS08060,0.0871458046951693
SYNPCC7002_RS02715,SYNPCC7002_RS01150,0.0871297122759261
SYNPCC7002_RS07295,SYNPCC7002_RS07305,0.087111799671134
SYNPCC7002_RS05135,SYNPCC7002_RS10965,0.0871065902473446
SYNPCC7002_RS02455,SYNPCC7002_RS12625,0.0871049290119947
SYNPCC7002_RS04250,SYNPCC7002_RS03070,0.0870955892214265
SYNPCC7002_RS09995,SYNPCC7002_RS02085,0.0870818218096159
SYNPCC7002_RS05135,SYNPCC7002_RS02805,0.0870799145538021
SYNPCC7002_RS04890,SYNPCC7002_RS02850,0.0870613215959182
SYNPCC7002_RS05985,SYNPCC7002_RS13255,0.0870590858076835
SYNPCC7002_RS08965,SYNPCC7002_RS06315,0.0870582698233296
SYNPCC7002_RS15680,SYNPCC7002_RS05105,0.0870487668141547
SYNPCC7002_RS03030,SYNPCC7002_RS03575,0.0870475342774738
SYNPCC7002_RS08965,SYNPCC7002_RS05740,0.0870323980457441
SYNPCC7002_RS04250,SYNPCC7002_RS06230,0.0870289295146899
SYNPCC7002_RS02715,SYNPCC7002_RS14855,0.0870280739654206
SYNPCC7002_RS09780,SYNPCC7002_RS04805,0.0870179710511508
SYNPCC7002_RS12395,SYNPCC7002_RS01755,0.0870112199420876
SYNPCC7002_RS08255,SYNPCC7002_RS03020,0.0870077844759912
SYNPCC7002_RS08965,SYNPCC7002_RS04955,0.0869910405078475
SYNPCC7002_RS09780,SYNPCC7002_RS10035,0.086981122131528
SYNPCC7002_RS08965,SYNPCC7002_RS04810,0.086976166913231
SYNPCC7002_RS15520,SYNPCC7002_RS07975,0.0869726949638095
SYNPCC7002_RS05135,SYNPCC7002_RS02790,0.0869665388903463
SYNPCC7002_RS11685,SYNPCC7002_RS04845,0.0869649747131305
SYNPCC7002_RS09780,SYNPCC7002_RS14730,0.0869423140134437
SYNPCC7002_RS11400,SYNPCC7002_RS12780,0.0869397056496164
SYNPCC7002_RS15520,SYNPCC7002_RS09830,0.0869334198775166
SYNPCC7002_RS15720,SYNPCC7002_RS15320,0.0869276006735265
SYNPCC7002_RS04250,SYNPCC7002_RS01825,0.0869259553331813
SYNPCC7002_RS05135,SYNPCC7002_RS03055,0.0869194647508502
SYNPCC7002_RS12395,SYNPCC7002_RS16510,0.0869193822070193
SYNPCC7002_RS05135,SYNPCC7002_RS08305,0.0869162756849282
SYNPCC7002_RS00640,SYNPCC7002_RS10570,0.086910775698669
SYNPCC7002_RS09780,SYNPCC7002_RS04270,0.0869107554120619
SYNPCC7002_RS12395,SYNPCC7002_RS16795,0.0869103382833937
SYNPCC7002_RS10050,SYNPCC7002_RS14205,0.0869056460858878
SYNPCC7002_RS04780,SYNPCC7002_RS15510,0.0868993989544092
SYNPCC7002_RS04890,SYNPCC7002_RS02575,0.0868981324722742
SYNPCC7002_RS08965,SYNPCC7002_RS03565,0.0868974475573163
SYNPCC7002_RS03030,SYNPCC7002_RS09835,0.08688975408426
SYNPCC7002_RS16320,SYNPCC7002_RS15315,0.0868846392205422
SYNPCC7002_RS04250,SYNPCC7002_RS07085,0.0868600083064258
SYNPCC7002_RS05135,SYNPCC7002_RS00265,0.0868560168269608
SYNPCC7002_RS04780,SYNPCC7002_RS15585,0.0868555917809773
SYNPCC7002_RS04680,SYNPCC7002_RS08460,0.0868534733033113
SYNPCC7002_RS09820,SYNPCC7002_RS02305,0.0868460175586425
SYNPCC7002_RS09320,SYNPCC7002_RS02780,0.0868438316631537
SYNPCC7002_RS05135,SYNPCC7002_RS04370,0.086843303607438
SYNPCC7002_RS08965,SYNPCC7002_RS09320,0.0868420161050911
SYNPCC7002_RS05135,SYNPCC7002_RS02510,0.0868254491529808
SYNPCC7002_RS08390,SYNPCC7002_RS16620,0.0868113571000792
SYNPCC7002_RS09995,SYNPCC7002_RS08835,0.0868105726654162
SYNPCC7002_RS04890,SYNPCC7002_RS09130,0.086799886123405
SYNPCC7002_RS01420,SYNPCC7002_RS03505,0.0867976302772183
SYNPCC7002_RS05460,SYNPCC7002_RS15310,0.0867783981758116
SYNPCC7002_RS15720,SYNPCC7002_RS15335,0.0867747194630102
SYNPCC7002_RS05985,SYNPCC7002_RS07085,0.0867736292976795
SYNPCC7002_RS03760,SYNPCC7002_RS10460,0.0867703140779496
SYNPCC7002_RS07295,SYNPCC7002_RS08330,0.0867594932091048
SYNPCC7002_RS04650,SYNPCC7002_RS10705,0.086751084071682
SYNPCC7002_RS08255,SYNPCC7002_RS10370,0.0867508051000433
SYNPCC7002_RS08965,SYNPCC7002_RS04055,0.0867430005927891
SYNPCC7002_RS08965,SYNPCC7002_RS05745,0.0867419213106821
SYNPCC7002_RS08965,SYNPCC7002_RS04390,0.0867302428118402
SYNPCC7002_RS07385,SYNPCC7002_RS14185,0.086724138442329
SYNPCC7002_RS09820,SYNPCC7002_RS07435,0.0867193407798678
SYNPCC7002_RS06005,SYNPCC7002_RS07175,0.0867123453454423
SYNPCC7002_RS07385,SYNPCC7002_RS06945,0.0867099055301618
SYNPCC7002_RS06540,SYNPCC7002_RS02880,0.0867089505615399
SYNPCC7002_RS06150,SYNPCC7002_RS06795,0.0867076964268779
SYNPCC7002_RS04650,SYNPCC7002_RS00305,0.0866989852600891
SYNPCC7002_RS03295,SYNPCC7002_RS06045,0.0866969913786678
SYNPCC7002_RS01420,SYNPCC7002_RS05170,0.0866898536894863
SYNPCC7002_RS12395,SYNPCC7002_RS05195,0.0866836290424766
SYNPCC7002_RS10050,SYNPCC7002_RS02465,0.0866835883737261
SYNPCC7002_RS04250,SYNPCC7002_RS12665,0.086666894124407
SYNPCC7002_RS06540,SYNPCC7002_RS11225,0.086645684235986
SYNPCC7002_RS08965,SYNPCC7002_RS06415,0.0866454470469218
SYNPCC7002_RS00650,SYNPCC7002_RS06560,0.0866329374587705
SYNPCC7002_RS08390,SYNPCC7002_RS07435,0.0866303055393259
SYNPCC7002_RS10050,SYNPCC7002_RS05800,0.0866297371236844
SYNPCC7002_RS15520,SYNPCC7002_RS06405,0.0866249104152776
SYNPCC7002_RS04650,SYNPCC7002_RS08545,0.0866192487021951
SYNPCC7002_RS01335,SYNPCC7002_RS06495,0.0866179962249939
SYNPCC7002_RS16320,SYNPCC7002_RS15720,0.0866117972688863
SYNPCC7002_RS10050,SYNPCC7002_RS09485,0.0866041312945664
SYNPCC7002_RS04650,SYNPCC7002_RS05590,0.0865964742389922
SYNPCC7002_RS09820,SYNPCC7002_RS13735,0.0865953966747775
SYNPCC7002_RS08965,SYNPCC7002_RS08335,0.0865924874479767
SYNPCC7002_RS09320,SYNPCC7002_RS04515,0.0865898793909133
SYNPCC7002_RS02455,SYNPCC7002_RS03455,0.0865883508282302
SYNPCC7002_RS05460,SYNPCC7002_RS03950,0.0865855940525897
SYNPCC7002_RS15255,SYNPCC7002_RS07130,0.0865760356289418
SYNPCC7002_RS04780,SYNPCC7002_RS08150,0.0865722352882319
SYNPCC7002_RS10525,SYNPCC7002_RS01100,0.0865522368913296
SYNPCC7002_RS05135,SYNPCC7002_RS01655,0.0865452449480412
SYNPCC7002_RS12395,SYNPCC7002_RS03700,0.0865431665480336
SYNPCC7002_RS04250,SYNPCC7002_RS04585,0.0865418693364581
SYNPCC7002_RS15680,SYNPCC7002_RS15140,0.0865320349252483
SYNPCC7002_RS12515,SYNPCC7002_RS13280,0.0865308763951018
SYNPCC7002_RS08860,SYNPCC7002_RS06700,0.0865183229368072
SYNPCC7002_RS00050,SYNPCC7002_RS13630,0.0865107422230048
SYNPCC7002_RS09845,SYNPCC7002_RS11495,0.0865072999388408
SYNPCC7002_RS01800,SYNPCC7002_RS10785,0.0865058230642284
SYNPCC7002_RS04780,SYNPCC7002_RS15515,0.0865036686175445
SYNPCC7002_RS14790,SYNPCC7002_RS05935,0.0864997085157623
SYNPCC7002_RS02715,SYNPCC7002_RS12630,0.0864972438785218
SYNPCC7002_RS04780,SYNPCC7002_RS03930,0.0864941876052108
SYNPCC7002_RS04780,SYNPCC7002_RS13970,0.0864920146203604
SYNPCC7002_RS11400,SYNPCC7002_RS05855,0.0864907055679528
SYNPCC7002_RS16320,SYNPCC7002_RS15330,0.0864836133186255
SYNPCC7002_RS03950,SYNPCC7002_RS16850,0.0864784657861658
SYNPCC7002_RS05135,SYNPCC7002_RS09875,0.086475147348763
SYNPCC7002_RS09780,SYNPCC7002_RS16995,0.0864743962964053
SYNPCC7002_RS01335,SYNPCC7002_RS07895,0.0864718754123577
SYNPCC7002_RS04780,SYNPCC7002_RS06525,0.0864531571092897
SYNPCC7002_RS01420,SYNPCC7002_RS02870,0.0864490857710283
SYNPCC7002_RS14790,SYNPCC7002_RS13975,0.0864475841555502
SYNPCC7002_RS08175,SYNPCC7002_RS02460,0.086444489788138
SYNPCC7002_RS00650,SYNPCC7002_RS06070,0.0864396257498142
SYNPCC7002_RS09630,SYNPCC7002_RS00975,0.0864163823409559
SYNPCC7002_RS05135,SYNPCC7002_RS04245,0.0864131435383691
SYNPCC7002_RS02715,SYNPCC7002_RS14630,0.0863992567263603
SYNPCC7002_RS12395,SYNPCC7002_RS11100,0.0863963920481194
SYNPCC7002_RS00690,SYNPCC7002_RS12335,0.0863955378597929
SYNPCC7002_RS01335,SYNPCC7002_RS15945,0.0863952315826553
SYNPCC7002_RS08480,SYNPCC7002_RS02410,0.0863841346007847
SYNPCC7002_RS09820,SYNPCC7002_RS09985,0.0863831343747743
SYNPCC7002_RS04780,SYNPCC7002_RS08585,0.0863813084210188
SYNPCC7002_RS04650,SYNPCC7002_RS06280,0.0863807569811714
SYNPCC7002_RS02455,SYNPCC7002_RS00960,0.086362052016482
SYNPCC7002_RS09780,SYNPCC7002_RS05105,0.0863613720258306
SYNPCC7002_RS12395,SYNPCC7002_RS11685,0.0863443082798207
SYNPCC7002_RS03030,SYNPCC7002_RS10880,0.0863441573852316
SYNPCC7002_RS04780,SYNPCC7002_RS11505,0.0863311055745008
SYNPCC7002_RS11685,SYNPCC7002_RS10865,0.0863270241040456
SYNPCC7002_RS09260,SYNPCC7002_RS06105,0.0863217094313058
SYNPCC7002_RS04780,SYNPCC7002_RS09690,0.0863093080215318
SYNPCC7002_RS08945,SYNPCC7002_RS02930,0.0862997880739748
SYNPCC7002_RS08965,SYNPCC7002_RS03015,0.0862881159553933
SYNPCC7002_RS00640,SYNPCC7002_RS15945,0.0862745642264706
SYNPCC7002_RS04650,SYNPCC7002_RS01485,0.0862741164716851
SYNPCC7002_RS04890,SYNPCC7002_RS04535,0.0862709225480952
SYNPCC7002_RS08255,SYNPCC7002_RS12845,0.0862543135231098
SYNPCC7002_RS04780,SYNPCC7002_RS04360,0.0862494416845509
SYNPCC7002_RS08390,SYNPCC7002_RS14915,0.0862339887189506
SYNPCC7002_RS00650,SYNPCC7002_RS11835,0.0862292836015498
SYNPCC7002_RS04890,SYNPCC7002_RS10945,0.0862238707892517
SYNPCC7002_RS06150,SYNPCC7002_RS08495,0.0862088088896232
SYNPCC7002_RS15520,SYNPCC7002_RS12655,0.0862066002372679
SYNPCC7002_RS07295,SYNPCC7002_RS07400,0.0861951107413992
SYNPCC7002_RS00260,SYNPCC7002_RS03825,0.086194570864985
SYNPCC7002_RS00650,SYNPCC7002_RS04465,0.0861839630003577
SYNPCC7002_RS09995,SYNPCC7002_RS11995,0.0861752069186788
SYNPCC7002_RS09780,SYNPCC7002_RS05325,0.0861739058085573
SYNPCC7002_RS03760,SYNPCC7002_RS15150,0.0861585272395317
SYNPCC7002_RS14440,SYNPCC7002_RS14415,0.086155062842296
SYNPCC7002_RS09630,SYNPCC7002_RS11435,0.0861545042997486
SYNPCC7002_RS04890,SYNPCC7002_RS05130,0.0861531713993905
SYNPCC7002_RS03030,SYNPCC7002_RS10615,0.086152239860038
SYNPCC7002_RS04780,SYNPCC7002_RS08200,0.086146378903394
SYNPCC7002_RS09820,SYNPCC7002_RS03620,0.0861460851162658
SYNPCC7002_RS07385,SYNPCC7002_RS04755,0.0861456727349884
SYNPCC7002_RS01420,SYNPCC7002_RS15870,0.086139469115724
SYNPCC7002_RS02715,SYNPCC7002_RS02570,0.0861353576144432
SYNPCC7002_RS06150,SYNPCC7002_RS15585,0.0861315262834483
SYNPCC7002_RS00260,SYNPCC7002_RS10380,0.0861290285428992
SYNPCC7002_RS04250,SYNPCC7002_RS04085,0.0861193890307903
SYNPCC7002_RS05460,SYNPCC7002_RS14350,0.0861181257760085
SYNPCC7002_RS02455,SYNPCC7002_RS10505,0.0861169818829901
SYNPCC7002_RS05460,SYNPCC7002_RS09005,0.0861075932622693
SYNPCC7002_RS08390,SYNPCC7002_RS03775,0.0860935440943067
SYNPCC7002_RS05135,SYNPCC7002_RS16940,0.0860824801466405
SYNPCC7002_RS01335,SYNPCC7002_RS00570,0.0860804151852427
SYNPCC7002_RS10050,SYNPCC7002_RS02405,0.0860678772173555
SYNPCC7002_RS15680,SYNPCC7002_RS14675,0.0860350545098403
SYNPCC7002_RS10145,SYNPCC7002_RS03990,0.0860311652705955
SYNPCC7002_RS15520,SYNPCC7002_RS01480,0.086025417327336
SYNPCC7002_RS10050,SYNPCC7002_RS11175,0.0860235211170806
SYNPCC7002_RS09320,SYNPCC7002_RS10485,0.0860149417738851
SYNPCC7002_RS08210,SYNPCC7002_RS04680,0.0860083280487131
SYNPCC7002_RS14790,SYNPCC7002_RS13925,0.085993150949081
SYNPCC7002_RS09320,SYNPCC7002_RS00635,0.0859868011219445
SYNPCC7002_RS05985,SYNPCC7002_RS04380,0.0859857323361447
SYNPCC7002_RS00050,SYNPCC7002_RS08470,0.0859718012530795
SYNPCC7002_RS08965,SYNPCC7002_RS05360,0.0859699427145735
SYNPCC7002_RS08965,SYNPCC7002_RS10750,0.0859682261694297
SYNPCC7002_RS07385,SYNPCC7002_RS09615,0.0859629172209587
SYNPCC7002_RS04780,SYNPCC7002_RS01280,0.085962003054228
SYNPCC7002_RS02455,SYNPCC7002_RS00055,0.085960657708171
SYNPCC7002_RS04250,SYNPCC7002_RS01740,0.0859605629273699
SYNPCC7002_RS11400,SYNPCC7002_RS02115,0.0859589088069315
SYNPCC7002_RS05985,SYNPCC7002_RS16905,0.0859564041772406
SYNPCC7002_RS12395,SYNPCC7002_RS07775,0.0859299920262505
SYNPCC7002_RS03030,SYNPCC7002_RS06890,0.0859245997414905
SYNPCC7002_RS08390,SYNPCC7002_RS08575,0.0859219921246898
SYNPCC7002_RS03950,SYNPCC7002_RS15125,0.0859161231480359
SYNPCC7002_RS09630,SYNPCC7002_RS15930,0.0859099886457948
SYNPCC7002_RS12515,SYNPCC7002_RS11270,0.0859093242511069
SYNPCC7002_RS00050,SYNPCC7002_RS03530,0.0858965204774194
SYNPCC7002_RS12515,SYNPCC7002_RS09605,0.0858621865946594
SYNPCC7002_RS07385,SYNPCC7002_RS03560,0.0858591246270128
SYNPCC7002_RS00690,SYNPCC7002_RS02645,0.0858584770783548
SYNPCC7002_RS02455,SYNPCC7002_RS10745,0.0858563423814749
SYNPCC7002_RS11685,SYNPCC7002_RS08550,0.0858491154534656
SYNPCC7002_RS12395,SYNPCC7002_RS00465,0.0858339877274679
SYNPCC7002_RS04780,SYNPCC7002_RS12750,0.0858308006544994
SYNPCC7002_RS07385,SYNPCC7002_RS12065,0.0858278860382956
SYNPCC7002_RS09260,SYNPCC7002_RS13800,0.0858276776377663
SYNPCC7002_RS01420,SYNPCC7002_RS01415,0.0858251511273841
SYNPCC7002_RS09175,SYNPCC7002_RS07940,0.0858124068679514
SYNPCC7002_RS04680,SYNPCC7002_RS14585,0.0857959479033102
SYNPCC7002_RS08965,SYNPCC7002_RS00220,0.0857936542307233
SYNPCC7002_RS04250,SYNPCC7002_RS11120,0.0857930857133186
SYNPCC7002_RS09780,SYNPCC7002_RS07555,0.085780382998505
SYNPCC7002_RS04780,SYNPCC7002_RS07040,0.0857646774360477
SYNPCC7002_RS15255,SYNPCC7002_RS15710,0.0857413541147206
SYNPCC7002_RS12395,SYNPCC7002_RS15050,0.0857408739007253
SYNPCC7002_RS05985,SYNPCC7002_RS10445,0.0857352853959296
SYNPCC7002_RS08210,SYNPCC7002_RS13340,0.0857334307741145
SYNPCC7002_RS08965,SYNPCC7002_RS02690,0.0857279950546126
SYNPCC7002_RS05985,SYNPCC7002_RS12105,0.0857177154190337
SYNPCC7002_RS15255,SYNPCC7002_RS10545,0.0856909436583222
SYNPCC7002_RS08965,SYNPCC7002_RS13575,0.0856862857785756
SYNPCC7002_RS09820,SYNPCC7002_RS14855,0.0856715433339373
SYNPCC7002_RS04780,SYNPCC7002_RS09620,0.0856638233850933
SYNPCC7002_RS15680,SYNPCC7002_RS02140,0.0856618548418519
SYNPCC7002_RS05135,SYNPCC7002_RS15090,0.0856596077389273
SYNPCC7002_RS16320,SYNPCC7002_RS06265,0.085653013891204
SYNPCC7002_RS11685,SYNPCC7002_RS05600,0.085644644171545
SYNPCC7002_RS12395,SYNPCC7002_RS11660,0.0856417261054354
SYNPCC7002_RS04780,SYNPCC7002_RS15280,0.0856364844205253
SYNPCC7002_RS12395,SYNPCC7002_RS04090,0.0856329945193772
SYNPCC7002_RS04250,SYNPCC7002_RS12955,0.0856037644370347
SYNPCC7002_RS10050,SYNPCC7002_RS15970,0.085601427939325
SYNPCC7002_RS15520,SYNPCC7002_RS06125,0.0855966847093576
SYNPCC7002_RS11685,SYNPCC7002_RS03385,0.0855959302310879
SYNPCC7002_RS11400,SYNPCC7002_RS11225,0.0855953427329878
SYNPCC7002_RS09320,SYNPCC7002_RS05990,0.0855947743520401
SYNPCC7002_RS10050,SYNPCC7002_RS01505,0.0855898243128745
SYNPCC7002_RS16320,SYNPCC7002_RS13175,0.0855870974878607
SYNPCC7002_RS08965,SYNPCC7002_RS02530,0.0855674351573248
SYNPCC7002_RS00260,SYNPCC7002_RS15860,0.0855668107823342
SYNPCC7002_RS15520,SYNPCC7002_RS11735,0.0855481405557135
SYNPCC7002_RS01335,SYNPCC7002_RS14850,0.0855480484254596
SYNPCC7002_RS05460,SYNPCC7002_RS15840,0.0855444611124274
SYNPCC7002_RS06540,SYNPCC7002_RS11940,0.0855439490329631
SYNPCC7002_RS08945,SYNPCC7002_RS09610,0.0855361278371551
SYNPCC7002_RS01420,SYNPCC7002_RS11690,0.0855314688950426
SYNPCC7002_RS15520,SYNPCC7002_RS08515,0.0855268923643582
SYNPCC7002_RS01800,SYNPCC7002_RS10150,0.0855232423469399
SYNPCC7002_RS09780,SYNPCC7002_RS07575,0.0855107962682685
SYNPCC7002_RS08965,SYNPCC7002_RS01385,0.0855103630266691
SYNPCC7002_RS04650,SYNPCC7002_RS09885,0.0855017193701473
SYNPCC7002_RS05135,SYNPCC7002_RS12490,0.0854886537334889
SYNPCC7002_RS04250,SYNPCC7002_RS00280,0.0854879101163011
SYNPCC7002_RS10050,SYNPCC7002_RS01315,0.0854805677582473
SYNPCC7002_RS04890,SYNPCC7002_RS07940,0.0854748977728361
SYNPCC7002_RS08945,SYNPCC7002_RS07370,0.0854656439343556
SYNPCC7002_RS00690,SYNPCC7002_RS00195,0.0854535744714552
SYNPCC7002_RS08965,SYNPCC7002_RS12825,0.0854260136619252
SYNPCC7002_RS03030,SYNPCC7002_RS11665,0.0854178227838022
SYNPCC7002_RS09780,SYNPCC7002_RS04880,0.0854104930811614
SYNPCC7002_RS15535,SYNPCC7002_RS01460,0.0854078576291398
SYNPCC7002_RS02455,SYNPCC7002_RS10430,0.0853999675647182
SYNPCC7002_RS09820,SYNPCC7002_RS13350,0.085385409383416
SYNPCC7002_RS05985,SYNPCC7002_RS16995,0.085371525619728
SYNPCC7002_RS06150,SYNPCC7002_RS16040,0.0853710055797948
SYNPCC7002_RS09175,SYNPCC7002_RS00320,0.0853572746557926
SYNPCC7002_RS10050,SYNPCC7002_RS01925,0.0853522831274638
SYNPCC7002_RS04780,SYNPCC7002_RS14140,0.0853508872149817
SYNPCC7002_RS08965,SYNPCC7002_RS02275,0.0853497290990985
SYNPCC7002_RS15680,SYNPCC7002_RS10560,0.0853480598145407
SYNPCC7002_RS07295,SYNPCC7002_RS00835,0.0853466015656661
SYNPCC7002_RS04250,SYNPCC7002_RS06550,0.0853425076748749
SYNPCC7002_RS08175,SYNPCC7002_RS08430,0.0853396749631689
SYNPCC7002_RS09820,SYNPCC7002_RS01015,0.085328859112622
SYNPCC7002_RS08945,SYNPCC7002_RS03345,0.0853286656472048
SYNPCC7002_RS07295,SYNPCC7002_RS14350,0.085327926340458
SYNPCC7002_RS11400,SYNPCC7002_RS11085,0.0853214880565936
SYNPCC7002_RS04250,SYNPCC7002_RS02265,0.0853196893334008
SYNPCC7002_RS08390,SYNPCC7002_RS01280,0.0853131618797574
SYNPCC7002_RS04890,SYNPCC7002_RS09460,0.0853047910757135
SYNPCC7002_RS08945,SYNPCC7002_RS08615,0.0852903931868854
SYNPCC7002_RS15255,SYNPCC7002_RS16320,0.0852807681224524
SYNPCC7002_RS08860,SYNPCC7002_RS07005,0.085280554226257
SYNPCC7002_RS00650,SYNPCC7002_RS10220,0.0852730078876242
SYNPCC7002_RS02715,SYNPCC7002_RS05160,0.0852601406066171
SYNPCC7002_RS12395,SYNPCC7002_RS04950,0.085248933871985
SYNPCC7002_RS04250,SYNPCC7002_RS07275,0.0852471464687744
SYNPCC7002_RS01800,SYNPCC7002_RS03445,0.0852433568398666
SYNPCC7002_RS08945,SYNPCC7002_RS01835,0.0852299124213487
SYNPCC7002_RS15410,SYNPCC7002_RS04995,0.0852295046556571
SYNPCC7002_RS04250,SYNPCC7002_RS03580,0.0852270264201237
SYNPCC7002_RS09780,SYNPCC7002_RS11355,0.0852259627479248
SYNPCC7002_RS14790,SYNPCC7002_RS05345,0.0852139077191896
SYNPCC7002_RS02715,SYNPCC7002_RS14865,0.0852138409805076
SYNPCC7002_RS00650,SYNPCC7002_RS08125,0.0852031864436021
SYNPCC7002_RS04780,SYNPCC7002_RS01215,0.0852027975055261
SYNPCC7002_RS06150,SYNPCC7002_RS12865,0.085200272535912
SYNPCC7002_RS04650,SYNPCC7002_RS11455,0.0851832551309704
SYNPCC7002_RS02455,SYNPCC7002_RS01605,0.0851824136685514
SYNPCC7002_RS04890,SYNPCC7002_RS04565,0.0851783127808176
SYNPCC7002_RS12395,SYNPCC7002_RS14010,0.0851755787895605
SYNPCC7002_RS14440,SYNPCC7002_RS15880,0.0851733021460881
SYNPCC7002_RS09320,SYNPCC7002_RS05040,0.0851672602325162
SYNPCC7002_RS09845,SYNPCC7002_RS12010,0.0851668129603689
SYNPCC7002_RS09175,SYNPCC7002_RS12340,0.0851634693430395
SYNPCC7002_RS09260,SYNPCC7002_RS03555,0.0851594463124744
SYNPCC7002_RS09260,SYNPCC7002_RS10535,0.085153451319445
SYNPCC7002_RS04250,SYNPCC7002_RS00525,0.0851505449720916
SYNPCC7002_RS04250,SYNPCC7002_RS06675,0.0851443911319825
SYNPCC7002_RS15520,SYNPCC7002_RS12165,0.0851426660157842
SYNPCC7002_RS09260,SYNPCC7002_RS07185,0.0851374302264491
SYNPCC7002_RS04250,SYNPCC7002_RS04855,0.0851368033593145
SYNPCC7002_RS04650,SYNPCC7002_RS11140,0.0851340091174847
SYNPCC7002_RS01085,SYNPCC7002_RS13300,0.0851223780163277
SYNPCC7002_RS15680,SYNPCC7002_RS13740,0.0851210448389736
SYNPCC7002_RS10050,SYNPCC7002_RS04110,0.0851151531784363
SYNPCC7002_RS07295,SYNPCC7002_RS16180,0.0851143373219353
SYNPCC7002_RS12515,SYNPCC7002_RS09225,0.0851109643839598
SYNPCC7002_RS07385,SYNPCC7002_RS09710,0.0851075768946643
SYNPCC7002_RS03030,SYNPCC7002_RS04440,0.0851016701775308
SYNPCC7002_RS15520,SYNPCC7002_RS13675,0.085101366240472
SYNPCC7002_RS05135,SYNPCC7002_RS12670,0.0850996884981539
SYNPCC7002_RS04680,SYNPCC7002_RS01810,0.0850988386284532
SYNPCC7002_RS12395,SYNPCC7002_RS14245,0.0850946687763396
SYNPCC7002_RS10145,SYNPCC7002_RS05810,0.0850936916212635
SYNPCC7002_RS00010,SYNPCC7002_RS00570,0.085077983378446
SYNPCC7002_RS00640,SYNPCC7002_RS08625,0.0850595876634638
SYNPCC7002_RS08965,SYNPCC7002_RS11410,0.0850581330170198
SYNPCC7002_RS04780,SYNPCC7002_RS15250,0.0850513010641217
SYNPCC7002_RS06165,SYNPCC7002_RS00745,0.0850495942042548
SYNPCC7002_RS04250,SYNPCC7002_RS00185,0.0850490433076167
SYNPCC7002_RS07295,SYNPCC7002_RS03605,0.0850469757023227
SYNPCC7002_RS05135,SYNPCC7002_RS11330,0.0850375182985445
SYNPCC7002_RS00640,SYNPCC7002_RS10930,0.0850371633893493
SYNPCC7002_RS04650,SYNPCC7002_RS12805,0.0850362295254066
SYNPCC7002_RS04780,SYNPCC7002_RS12740,0.0850298115224025
SYNPCC7002_RS11400,SYNPCC7002_RS11395,0.0850276979901531
SYNPCC7002_RS03030,SYNPCC7002_RS15740,0.0850141285208494
SYNPCC7002_RS04890,SYNPCC7002_RS05140,0.0850125140598997
SYNPCC7002_RS12090,SYNPCC7002_RS06195,0.085012194180519
SYNPCC7002_RS10050,SYNPCC7002_RS01745,0.084999973461018
SYNPCC7002_RS02715,SYNPCC7002_RS15840,0.084996082093565
SYNPCC7002_RS15520,SYNPCC7002_RS15740,0.0849853894869492
SYNPCC7002_RS09320,SYNPCC7002_RS08710,0.0849836009624924
SYNPCC7002_RS14790,SYNPCC7002_RS13340,0.0849814024965653
SYNPCC7002_RS12395,SYNPCC7002_RS07625,0.0849813600631612
SYNPCC7002_RS05135,SYNPCC7002_RS09095,0.0849779506625064
SYNPCC7002_RS01420,SYNPCC7002_RS02980,0.0849737439569968
SYNPCC7002_RS09780,SYNPCC7002_RS02770,0.0849677340441528
SYNPCC7002_RS08255,SYNPCC7002_RS01075,0.0849610485528006
SYNPCC7002_RS11400,SYNPCC7002_RS11855,0.0849537517036786
SYNPCC7002_RS05135,SYNPCC7002_RS14205,0.0849356333457046
SYNPCC7002_RS08210,SYNPCC7002_RS03030,0.084934123072019
SYNPCC7002_RS09780,SYNPCC7002_RS02600,0.0849134636011337
SYNPCC7002_RS12090,SYNPCC7002_RS11700,0.0849119114858216
SYNPCC7002_RS05985,SYNPCC7002_RS04395,0.0849076726327493
SYNPCC7002_RS10050,SYNPCC7002_RS17030,0.0849071835875112
SYNPCC7002_RS15520,SYNPCC7002_RS02695,0.0848980559554265
SYNPCC7002_RS15520,SYNPCC7002_RS13910,0.0848968185328951
SYNPCC7002_RS08965,SYNPCC7002_RS06935,0.0848961669738006
SYNPCC7002_RS06150,SYNPCC7002_RS09695,0.0848947992587834
SYNPCC7002_RS15680,SYNPCC7002_RS13185,0.0848903952550117
SYNPCC7002_RS08965,SYNPCC7002_RS01990,0.0848788904853381
SYNPCC7002_RS02455,SYNPCC7002_RS12740,0.0848786713000619
SYNPCC7002_RS08945,SYNPCC7002_RS00720,0.0848587048185722
SYNPCC7002_RS09175,SYNPCC7002_RS02390,0.0848573587040925
SYNPCC7002_RS01335,SYNPCC7002_RS07400,0.0848547549298197
SYNPCC7002_RS15520,SYNPCC7002_RS01460,0.0848459254027223
SYNPCC7002_RS01335,SYNPCC7002_RS02290,0.0848299904013248
SYNPCC7002_RS05460,SYNPCC7002_RS14865,0.0848260927932499
SYNPCC7002_RS08390,SYNPCC7002_RS00395,0.0848237857452045
SYNPCC7002_RS10050,SYNPCC7002_RS03665,0.08482042504388
SYNPCC7002_RS04780,SYNPCC7002_RS03380,0.0848201654976739
SYNPCC7002_RS04680,SYNPCC7002_RS13385,0.0848188212905822
SYNPCC7002_RS12395,SYNPCC7002_RS05955,0.0848169227526349
SYNPCC7002_RS09820,SYNPCC7002_RS02025,0.0848020826688526
SYNPCC7002_RS00650,SYNPCC7002_RS03820,0.0847933351445257
SYNPCC7002_RS11400,SYNPCC7002_RS01605,0.0847809541742124
SYNPCC7002_RS12395,SYNPCC7002_RS09095,0.0847748618847353
SYNPCC7002_RS08390,SYNPCC7002_RS12740,0.0847636457769872
SYNPCC7002_RS02410,SYNPCC7002_RS09080,0.0847596724102717
SYNPCC7002_RS03030,SYNPCC7002_RS10075,0.0847573155694577
SYNPCC7002_RS02715,SYNPCC7002_RS15175,0.0847488611578461
SYNPCC7002_RS16320,SYNPCC7002_RS14760,0.0847456266714907
SYNPCC7002_RS09630,SYNPCC7002_RS06610,0.0847445755582778
SYNPCC7002_RS09630,SYNPCC7002_RS14610,0.0847424534746083
SYNPCC7002_RS08390,SYNPCC7002_RS15250,0.0847345646829623
SYNPCC7002_RS05135,SYNPCC7002_RS00900,0.0847299150825066
SYNPCC7002_RS00690,SYNPCC7002_RS07095,0.0847246240162248
SYNPCC7002_RS09630,SYNPCC7002_RS13145,0.084719375324782
SYNPCC7002_RS04780,SYNPCC7002_RS03310,0.0847018021866289
SYNPCC7002_RS09260,SYNPCC7002_RS14705,0.0847007603690382
SYNPCC7002_RS04250,SYNPCC7002_RS14295,0.0846939535530331
SYNPCC7002_RS09320,SYNPCC7002_RS01080,0.0846930413539021
SYNPCC7002_RS03295,SYNPCC7002_RS12245,0.0846915831205032
SYNPCC7002_RS15410,SYNPCC7002_RS01540,0.084681543987935
SYNPCC7002_RS05460,SYNPCC7002_RS05665,0.0846800340339145
SYNPCC7002_RS04650,SYNPCC7002_RS01350,0.0846728242987287
SYNPCC7002_RS01420,SYNPCC7002_RS01545,0.0846667671878968
SYNPCC7002_RS07385,SYNPCC7002_RS13415,0.084658635128967
SYNPCC7002_RS15520,SYNPCC7002_RS07150,0.0846573124419629
SYNPCC7002_RS15520,SYNPCC7002_RS16030,0.084655162682026
SYNPCC7002_RS09780,SYNPCC7002_RS16060,0.0846464524938474
SYNPCC7002_RS01420,SYNPCC7002_RS09520,0.0846450230460485
SYNPCC7002_RS11685,SYNPCC7002_RS03285,0.0846445572332181
SYNPCC7002_RS15680,SYNPCC7002_RS06610,0.0846408230005375
SYNPCC7002_RS04890,SYNPCC7002_RS15085,0.0846362220768831
SYNPCC7002_RS10050,SYNPCC7002_RS14250,0.0846288226536892
SYNPCC7002_RS02715,SYNPCC7002_RS10570,0.0846261745650145
SYNPCC7002_RS00640,SYNPCC7002_RS14845,0.0846067072939917
SYNPCC7002_RS12090,SYNPCC7002_RS10350,0.084603037715297
SYNPCC7002_RS15030,SYNPCC7002_RS14975,0.0846005448985602
SYNPCC7002_RS10050,SYNPCC7002_RS14860,0.0845886950658363
SYNPCC7002_RS15410,SYNPCC7002_RS16270,0.0845874032340697
SYNPCC7002_RS09320,SYNPCC7002_RS08950,0.0845806936087267
SYNPCC7002_RS09820,SYNPCC7002_RS12935,0.0845737403886173
SYNPCC7002_RS09175,SYNPCC7002_RS14720,0.0845705644763584
SYNPCC7002_RS04680,SYNPCC7002_RS15185,0.0845592495522822
SYNPCC7002_RS09780,SYNPCC7002_RS05020,0.0845527329259357
SYNPCC7002_RS10050,SYNPCC7002_RS06385,0.0845514375852482
SYNPCC7002_RS16160,SYNPCC7002_RS08435,0.0845438553544496
SYNPCC7002_RS00640,SYNPCC7002_RS03620,0.084533401776212
SYNPCC7002_RS06540,SYNPCC7002_RS12770,0.0845205215545647
SYNPCC7002_RS04250,SYNPCC7002_RS01510,0.0845151959910574
SYNPCC7002_RS01335,SYNPCC7002_RS06310,0.084512325018686
SYNPCC7002_RS02455,SYNPCC7002_RS14155,0.0845035932406554
SYNPCC7002_RS08255,SYNPCC7002_RS04510,0.084495578827767
SYNPCC7002_RS09995,SYNPCC7002_RS02680,0.0844905673723425
SYNPCC7002_RS04780,SYNPCC7002_RS01265,0.0844826809343329
SYNPCC7002_RS01335,SYNPCC7002_RS13690,0.0844717817581311
SYNPCC7002_RS09630,SYNPCC7002_RS02065,0.0844708669412594
SYNPCC7002_RS04680,SYNPCC7002_RS12825,0.0844646802270466
SYNPCC7002_RS04890,SYNPCC7002_RS11360,0.0844622763867172
SYNPCC7002_RS05985,SYNPCC7002_RS12845,0.0844561933044191
SYNPCC7002_RS05985,SYNPCC7002_RS10875,0.0844505062034754
SYNPCC7002_RS09320,SYNPCC7002_RS12655,0.0844474141401494
SYNPCC7002_RS04250,SYNPCC7002_RS06050,0.08444644354115
SYNPCC7002_RS04250,SYNPCC7002_RS04385,0.0844437992902487
SYNPCC7002_RS08175,SYNPCC7002_RS08215,0.08443736852172
SYNPCC7002_RS04780,SYNPCC7002_RS07030,0.0844291101645293
SYNPCC7002_RS05135,SYNPCC7002_RS16510,0.0844283115644498
SYNPCC7002_RS04250,SYNPCC7002_RS04895,0.0844263799844805
SYNPCC7002_RS15410,SYNPCC7002_RS15525,0.0844205428774028
SYNPCC7002_RS10145,SYNPCC7002_RS04455,0.0844005592266444
SYNPCC7002_RS10050,SYNPCC7002_RS03685,0.0843967240482444
SYNPCC7002_RS08965,SYNPCC7002_RS04545,0.0843913519047188
SYNPCC7002_RS00640,SYNPCC7002_RS14620,0.0843847142750106
SYNPCC7002_RS09320,SYNPCC7002_RS06185,0.0843790087803108
SYNPCC7002_RS06540,SYNPCC7002_RS11615,0.0843683201200231
SYNPCC7002_RS00690,SYNPCC7002_RS09260,0.0843629485721446
SYNPCC7002_RS05985,SYNPCC7002_RS04870,0.0843622089020074
SYNPCC7002_RS04780,SYNPCC7002_RS06440,0.0843596566145561
SYNPCC7002_RS09780,SYNPCC7002_RS03245,0.0843447123858095
SYNPCC7002_RS08390,SYNPCC7002_RS12785,0.0843395320830772
SYNPCC7002_RS08965,SYNPCC7002_RS05635,0.084339199657121
SYNPCC7002_RS04650,SYNPCC7002_RS08320,0.0843327882741215
SYNPCC7002_RS04780,SYNPCC7002_RS14780,0.0843246550262375
SYNPCC7002_RS04780,SYNPCC7002_RS01620,0.0843207423009591
SYNPCC7002_RS15520,SYNPCC7002_RS02640,0.0843125823053991
SYNPCC7002_RS04780,SYNPCC7002_RS12305,0.0843111208205404
SYNPCC7002_RS00640,SYNPCC7002_RS07815,0.0843042948913736
SYNPCC7002_RS03950,SYNPCC7002_RS14435,0.0842987797119689
SYNPCC7002_RS09820,SYNPCC7002_RS16455,0.0842861574580691
SYNPCC7002_RS10050,SYNPCC7002_RS04840,0.0842823755628264
SYNPCC7002_RS09175,SYNPCC7002_RS11915,0.0842805435780149
SYNPCC7002_RS08390,SYNPCC7002_RS13165,0.084267928595066
SYNPCC7002_RS02715,SYNPCC7002_RS05445,0.0842611986636476
SYNPCC7002_RS11400,SYNPCC7002_RS03015,0.0842608965352312
SYNPCC7002_RS12395,SYNPCC7002_RS16815,0.0842553784791472
SYNPCC7002_RS15520,SYNPCC7002_RS04680,0.0842512216363065
SYNPCC7002_RS04650,SYNPCC7002_RS05550,0.084249201721021
SYNPCC7002_RS04890,SYNPCC7002_RS07585,0.084247248505069
SYNPCC7002_RS08965,SYNPCC7002_RS03850,0.0842467764242145
SYNPCC7002_RS09630,SYNPCC7002_RS14770,0.084245364072483
SYNPCC7002_RS12395,SYNPCC7002_RS09795,0.0842410470868523
SYNPCC7002_RS09780,SYNPCC7002_RS04140,0.0842344345468092
SYNPCC7002_RS00010,SYNPCC7002_RS01950,0.0842285296402805
SYNPCC7002_RS15520,SYNPCC7002_RS15455,0.0842280901587563
SYNPCC7002_RS02455,SYNPCC7002_RS01125,0.0842188868338937
SYNPCC7002_RS03030,SYNPCC7002_RS01600,0.0842039755523836
SYNPCC7002_RS14790,SYNPCC7002_RS13430,0.0842016209968679
SYNPCC7002_RS08175,SYNPCC7002_RS10410,0.0841918252955594
SYNPCC7002_RS09780,SYNPCC7002_RS05070,0.0841786550167317
SYNPCC7002_RS07385,SYNPCC7002_RS12220,0.084172186002605
SYNPCC7002_RS16320,SYNPCC7002_RS15875,0.0841716015712255
SYNPCC7002_RS01800,SYNPCC7002_RS14465,0.084159071853994
SYNPCC7002_RS12395,SYNPCC7002_RS07770,0.0841370389783194
SYNPCC7002_RS08390,SYNPCC7002_RS12080,0.0841242416573401
SYNPCC7002_RS08390,SYNPCC7002_RS12290,0.084121581084473
SYNPCC7002_RS01335,SYNPCC7002_RS04815,0.0841202948811482
SYNPCC7002_RS15680,SYNPCC7002_RS02035,0.0840974963510566
SYNPCC7002_RS09820,SYNPCC7002_RS12790,0.08408960292928
SYNPCC7002_RS02715,SYNPCC7002_RS16420,0.0840892403949351
SYNPCC7002_RS07295,SYNPCC7002_RS07635,0.0840879664867958
SYNPCC7002_RS11400,SYNPCC7002_RS03455,0.0840782257250224
SYNPCC7002_RS07385,SYNPCC7002_RS01265,0.0840620602800492
SYNPCC7002_RS08860,SYNPCC7002_RS14305,0.0840513943519842
SYNPCC7002_RS08965,SYNPCC7002_RS06710,0.0840472035389662
SYNPCC7002_RS04680,SYNPCC7002_RS05455,0.0840358848976956
SYNPCC7002_RS10050,SYNPCC7002_RS02415,0.0840299240361848
SYNPCC7002_RS08965,SYNPCC7002_RS01080,0.0840258107970675
SYNPCC7002_RS06150,SYNPCC7002_RS00090,0.0840229973380475
SYNPCC7002_RS08965,SYNPCC7002_RS10180,0.084021944149471
SYNPCC7002_RS02715,SYNPCC7002_RS11425,0.0840204792714144
SYNPCC7002_RS09845,SYNPCC7002_RS03450,0.0840194834839905
SYNPCC7002_RS15520,SYNPCC7002_RS09670,0.0840176219829066
SYNPCC7002_RS12090,SYNPCC7002_RS12950,0.0840069483589764
SYNPCC7002_RS15520,SYNPCC7002_RS01250,0.0840036978466228
SYNPCC7002_RS05985,SYNPCC7002_RS08610,0.0840031643098894
SYNPCC7002_RS11685,SYNPCC7002_RS16960,0.0840005699127541
SYNPCC7002_RS03760,SYNPCC7002_RS12400,0.0839994187375488
SYNPCC7002_RS00640,SYNPCC7002_RS14625,0.0839959912724867
SYNPCC7002_RS00690,SYNPCC7002_RS08075,0.083993010978834
SYNPCC7002_RS02715,SYNPCC7002_RS05290,0.0839913734550828
SYNPCC7002_RS10145,SYNPCC7002_RS15745,0.0839911879827546
SYNPCC7002_RS01335,SYNPCC7002_RS10525,0.0839827422521667
SYNPCC7002_RS05985,SYNPCC7002_RS00050,0.0839796367696116
SYNPCC7002_RS10050,SYNPCC7002_RS07795,0.083977008722925
SYNPCC7002_RS08965,SYNPCC7002_RS01130,0.0839694986620253
SYNPCC7002_RS08965,SYNPCC7002_RS06480,0.0839554905216493
SYNPCC7002_RS11685,SYNPCC7002_RS08660,0.0839541129539356
SYNPCC7002_RS01335,SYNPCC7002_RS10375,0.0839307092049496
SYNPCC7002_RS05135,SYNPCC7002_RS04010,0.0839268950590463
SYNPCC7002_RS08965,SYNPCC7002_RS08940,0.0839262793769874
SYNPCC7002_RS04250,SYNPCC7002_RS02950,0.0839217561762875
SYNPCC7002_RS12395,SYNPCC7002_RS03520,0.0839179768347302
SYNPCC7002_RS06540,SYNPCC7002_RS02370,0.0839145724918707
SYNPCC7002_RS09820,SYNPCC7002_RS09800,0.0839094407413465
SYNPCC7002_RS02715,SYNPCC7002_RS13440,0.0839090524593712
SYNPCC7002_RS04780,SYNPCC7002_RS12220,0.0839064911014482
SYNPCC7002_RS08860,SYNPCC7002_RS11845,0.083903132443683
SYNPCC7002_RS03030,SYNPCC7002_RS02620,0.0838987921529966
SYNPCC7002_RS08945,SYNPCC7002_RS12400,0.0838950389100376
SYNPCC7002_RS08480,SYNPCC7002_RS16380,0.0838946304722147
SYNPCC7002_RS14440,SYNPCC7002_RS13940,0.0838899191708605
SYNPCC7002_RS09820,SYNPCC7002_RS06535,0.083882895280501
SYNPCC7002_RS05460,SYNPCC7002_RS07920,0.0838666752594793
SYNPCC7002_RS03295,SYNPCC7002_RS11870,0.083864199398322
SYNPCC7002_RS09630,SYNPCC7002_RS02625,0.0838589074021742
SYNPCC7002_RS15030,SYNPCC7002_RS14985,0.0838538681110458
SYNPCC7002_RS14440,SYNPCC7002_RS16675,0.0838513581814975
SYNPCC7002_RS08390,SYNPCC7002_RS07220,0.0838454921538701
SYNPCC7002_RS08390,SYNPCC7002_RS14060,0.0838433452449483
SYNPCC7002_RS15520,SYNPCC7002_RS08730,0.0838307441429643
SYNPCC7002_RS11685,SYNPCC7002_RS02990,0.0838257041144267
SYNPCC7002_RS01335,SYNPCC7002_RS11050,0.083825061276132
SYNPCC7002_RS11400,SYNPCC7002_RS00385,0.0838207911634424
SYNPCC7002_RS05460,SYNPCC7002_RS15490,0.0838119731649594
SYNPCC7002_RS00650,SYNPCC7002_RS05740,0.0838106435751027
SYNPCC7002_RS02715,SYNPCC7002_RS11555,0.0838050228622945
SYNPCC7002_RS00050,SYNPCC7002_RS16440,0.0838030093631152
SYNPCC7002_RS16320,SYNPCC7002_RS09300,0.083791505296776
SYNPCC7002_RS04780,SYNPCC7002_RS11815,0.0837879041956723
SYNPCC7002_RS01800,SYNPCC7002_RS16225,0.0837864692092449
SYNPCC7002_RS05985,SYNPCC7002_RS00430,0.0837863874694807
SYNPCC7002_RS04250,SYNPCC7002_RS12695,0.0837858903757271
SYNPCC7002_RS15520,SYNPCC7002_RS02255,0.0837832774986923
SYNPCC7002_RS12395,SYNPCC7002_RS07490,0.0837721498445573
SYNPCC7002_RS04890,SYNPCC7002_RS03275,0.0837596519297925
SYNPCC7002_RS03760,SYNPCC7002_RS11690,0.0837564831774139
SYNPCC7002_RS12090,SYNPCC7002_RS01870,0.0837488885396558
SYNPCC7002_RS12395,SYNPCC7002_RS00545,0.0837466911699439
SYNPCC7002_RS08860,SYNPCC7002_RS02720,0.0837433560140783
SYNPCC7002_RS10050,SYNPCC7002_RS15305,0.0837354726814317
SYNPCC7002_RS09995,SYNPCC7002_RS12845,0.0837230937372895
SYNPCC7002_RS04250,SYNPCC7002_RS17215,0.0837051995877032
SYNPCC7002_RS04250,SYNPCC7002_RS01865,0.083700343389264
SYNPCC7002_RS08965,SYNPCC7002_RS01480,0.0836979849579032
SYNPCC7002_RS14790,SYNPCC7002_RS16160,0.0836918905073337
SYNPCC7002_RS15255,SYNPCC7002_RS15605,0.0836877675851378
SYNPCC7002_RS06540,SYNPCC7002_RS02765,0.0836877542381842
SYNPCC7002_RS04250,SYNPCC7002_RS04380,0.0836865964052034
SYNPCC7002_RS08210,SYNPCC7002_RS12055,0.0836787258369956
SYNPCC7002_RS03950,SYNPCC7002_RS15845,0.0836750552636894
SYNPCC7002_RS04650,SYNPCC7002_RS08315,0.0836680664819578
SYNPCC7002_RS05985,SYNPCC7002_RS04875,0.0836674425225516
SYNPCC7002_RS08860,SYNPCC7002_RS10390,0.0836667702691935
SYNPCC7002_RS09175,SYNPCC7002_RS06235,0.0836595214253548
SYNPCC7002_RS07385,SYNPCC7002_RS01780,0.0836590763435851
SYNPCC7002_RS02715,SYNPCC7002_RS09855,0.0836420420037533
SYNPCC7002_RS04680,SYNPCC7002_RS04355,0.0836283073830774
SYNPCC7002_RS01420,SYNPCC7002_RS12535,0.0836256278420365
SYNPCC7002_RS15720,SYNPCC7002_RS15680,0.0836205636476493
SYNPCC7002_RS02715,SYNPCC7002_RS13195,0.083604366637341
SYNPCC7002_RS03030,SYNPCC7002_RS03025,0.0835919541731562
SYNPCC7002_RS08390,SYNPCC7002_RS05725,0.0835904250427306
SYNPCC7002_RS09820,SYNPCC7002_RS09005,0.0835793789126911
SYNPCC7002_RS04890,SYNPCC7002_RS06350,0.0835744975616032
SYNPCC7002_RS03950,SYNPCC7002_RS07920,0.0835704825032944
SYNPCC7002_RS09845,SYNPCC7002_RS12175,0.0835696170058351
SYNPCC7002_RS05135,SYNPCC7002_RS08220,0.0835648712132492
SYNPCC7002_RS08945,SYNPCC7002_RS07495,0.0835631085738508
SYNPCC7002_RS07385,SYNPCC7002_RS13570,0.0835629565190265
SYNPCC7002_RS01800,SYNPCC7002_RS02385,0.0835598223453744
SYNPCC7002_RS01420,SYNPCC7002_RS11990,0.0835569568705449
SYNPCC7002_RS00260,SYNPCC7002_RS09060,0.0835551402434116
SYNPCC7002_RS02455,SYNPCC7002_RS12705,0.0835550219592822
SYNPCC7002_RS09320,SYNPCC7002_RS01555,0.0835516043182949
SYNPCC7002_RS12395,SYNPCC7002_RS03090,0.0835471858502479
SYNPCC7002_RS09780,SYNPCC7002_RS01645,0.0835417664173126
SYNPCC7002_RS15520,SYNPCC7002_RS13130,0.0835374659682035
SYNPCC7002_RS00650,SYNPCC7002_RS00120,0.0835340356588961
SYNPCC7002_RS08390,SYNPCC7002_RS09840,0.0835323267310356
SYNPCC7002_RS09820,SYNPCC7002_RS14940,0.0835310935693078
SYNPCC7002_RS00260,SYNPCC7002_RS00250,0.083526148271377
SYNPCC7002_RS12395,SYNPCC7002_RS00340,0.0835039374541919
SYNPCC7002_RS08210,SYNPCC7002_RS01480,0.0835027120993924
SYNPCC7002_RS15520,SYNPCC7002_RS00965,0.0835013186161201
SYNPCC7002_RS08210,SYNPCC7002_RS15615,0.0834981939555657
SYNPCC7002_RS12395,SYNPCC7002_RS17035,0.083494215484849
SYNPCC7002_RS14440,SYNPCC7002_RS14430,0.0834919183077711
SYNPCC7002_RS12515,SYNPCC7002_RS12765,0.083491651127155
SYNPCC7002_RS12395,SYNPCC7002_RS03525,0.0834895722421228
SYNPCC7002_RS10050,SYNPCC7002_RS11330,0.0834854236512736
SYNPCC7002_RS12395,SYNPCC7002_RS05280,0.0834849793407537
SYNPCC7002_RS08965,SYNPCC7002_RS11840,0.0834814488852229
SYNPCC7002_RS06005,SYNPCC7002_RS07865,0.0834682821559464
SYNPCC7002_RS01085,SYNPCC7002_RS12470,0.0834680402862671
SYNPCC7002_RS08945,SYNPCC7002_RS13460,0.0834658174990419
SYNPCC7002_RS03030,SYNPCC7002_RS02395,0.0834538202192577
SYNPCC7002_RS01335,SYNPCC7002_RS11810,0.083446437514862
SYNPCC7002_RS07385,SYNPCC7002_RS10720,0.0834394289612718
SYNPCC7002_RS01420,SYNPCC7002_RS10865,0.083427280309397
SYNPCC7002_RS01335,SYNPCC7002_RS04910,0.0834256999369393
SYNPCC7002_RS04890,SYNPCC7002_RS05835,0.0834253287254074
SYNPCC7002_RS05135,SYNPCC7002_RS11000,0.0834151801839221
SYNPCC7002_RS08965,SYNPCC7002_RS01600,0.0834143747079316
SYNPCC7002_RS12395,SYNPCC7002_RS05310,0.0834141015571534
SYNPCC7002_RS04650,SYNPCC7002_RS08660,0.0834051871387931
SYNPCC7002_RS00640,SYNPCC7002_RS09440,0.0834039375671508
SYNPCC7002_RS15995,SYNPCC7002_RS15220,0.0834030117659993
SYNPCC7002_RS12090,SYNPCC7002_RS13105,0.08340263243709
SYNPCC7002_RS12395,SYNPCC7002_RS01760,0.0833842306550213
SYNPCC7002_RS08965,SYNPCC7002_RS04450,0.0833779629404598
SYNPCC7002_RS05135,SYNPCC7002_RS05175,0.0833664332250854
SYNPCC7002_RS08390,SYNPCC7002_RS15945,0.0833648328924022
SYNPCC7002_RS15255,SYNPCC7002_RS10635,0.0833647626702959
SYNPCC7002_RS04780,SYNPCC7002_RS13020,0.0833594789829385
SYNPCC7002_RS12395,SYNPCC7002_RS00730,0.0833549539943245
SYNPCC7002_RS07385,SYNPCC7002_RS09210,0.0833429280443097
SYNPCC7002_RS09260,SYNPCC7002_RS14000,0.0833427199456772
SYNPCC7002_RS05985,SYNPCC7002_RS10030,0.0833413539266509
SYNPCC7002_RS09820,SYNPCC7002_RS05945,0.0833389052044166
SYNPCC7002_RS08480,SYNPCC7002_RS01155,0.0833324083240986
SYNPCC7002_RS08965,SYNPCC7002_RS00715,0.0833253713277073
SYNPCC7002_RS01800,SYNPCC7002_RS09150,0.0833225993848776
SYNPCC7002_RS05460,SYNPCC7002_RS02825,0.0833182211456893
SYNPCC7002_RS05985,SYNPCC7002_RS04270,0.0833000390539926
SYNPCC7002_RS01420,SYNPCC7002_RS13865,0.0832996691256974
SYNPCC7002_RS08860,SYNPCC7002_RS07215,0.0832858442460329
SYNPCC7002_RS12105,SYNPCC7002_RS12845,0.0832854810622272
SYNPCC7002_RS14790,SYNPCC7002_RS05325,0.0832823543809163
SYNPCC7002_RS03030,SYNPCC7002_RS06205,0.0832818336689039
SYNPCC7002_RS04250,SYNPCC7002_RS01350,0.0832712934185323
SYNPCC7002_RS12395,SYNPCC7002_RS00530,0.0832697615722848
SYNPCC7002_RS01420,SYNPCC7002_RS07655,0.0832668217880053
SYNPCC7002_RS15255,SYNPCC7002_RS15700,0.0832611188508816
SYNPCC7002_RS11685,SYNPCC7002_RS02935,0.0832422316745494
SYNPCC7002_RS12515,SYNPCC7002_RS00210,0.0832377014861683
SYNPCC7002_RS05985,SYNPCC7002_RS01765,0.0832366482400074
SYNPCC7002_RS03030,SYNPCC7002_RS11735,0.0832188585938928
SYNPCC7002_RS05135,SYNPCC7002_RS04115,0.0832077366409448
SYNPCC7002_RS02715,SYNPCC7002_RS03660,0.08319127486195
SYNPCC7002_RS01800,SYNPCC7002_RS14905,0.0831908919305823
SYNPCC7002_RS09995,SYNPCC7002_RS00785,0.0831889222237409
SYNPCC7002_RS01335,SYNPCC7002_RS06155,0.0831775208005594
SYNPCC7002_RS09195,SYNPCC7002_RS13560,0.0831750035555107
SYNPCC7002_RS08175,SYNPCC7002_RS04495,0.0831693226876544
SYNPCC7002_RS08860,SYNPCC7002_RS08465,0.0831615813474228
SYNPCC7002_RS05135,SYNPCC7002_RS08295,0.0831390632674982
SYNPCC7002_RS11400,SYNPCC7002_RS06925,0.0831213481120521
SYNPCC7002_RS10050,SYNPCC7002_RS03675,0.0831139533156921
SYNPCC7002_RS04780,SYNPCC7002_RS06150,0.0831117691537285
SYNPCC7002_RS09780,SYNPCC7002_RS12155,0.0831077057342632
SYNPCC7002_RS04890,SYNPCC7002_RS08780,0.0831036169945947
SYNPCC7002_RS03760,SYNPCC7002_RS10090,0.0831031076924814
SYNPCC7002_RS00050,SYNPCC7002_RS02605,0.0830972068695107
SYNPCC7002_RS04650,SYNPCC7002_RS05905,0.0830958948132155
SYNPCC7002_RS00650,SYNPCC7002_RS01250,0.0830939021022898
SYNPCC7002_RS15680,SYNPCC7002_RS04140,0.0830820716880352
SYNPCC7002_RS01335,SYNPCC7002_RS03640,0.0830792504088851
SYNPCC7002_RS02715,SYNPCC7002_RS16835,0.0830782080980795
SYNPCC7002_RS09780,SYNPCC7002_RS10565,0.0830744212501027
SYNPCC7002_RS08210,SYNPCC7002_RS07315,0.0830734632557089
SYNPCC7002_RS11400,SYNPCC7002_RS04500,0.0830683184921943
SYNPCC7002_RS04780,SYNPCC7002_RS08640,0.0830664759030192
SYNPCC7002_RS05135,SYNPCC7002_RS00465,0.0830642535278782
SYNPCC7002_RS03030,SYNPCC7002_RS00655,0.0830573253289251
SYNPCC7002_RS01335,SYNPCC7002_RS15730,0.0830537902609148
SYNPCC7002_RS08945,SYNPCC7002_RS06275,0.0830499709289382
SYNPCC7002_RS05460,SYNPCC7002_RS14845,0.0830429820587308
SYNPCC7002_RS00260,SYNPCC7002_RS11275,0.0830182494488785
SYNPCC7002_RS11685,SYNPCC7002_RS04535,0.083017552767224
SYNPCC7002_RS00640,SYNPCC7002_RS05160,0.083007707240208
SYNPCC7002_RS12515,SYNPCC7002_RS08530,0.0830055367721575
SYNPCC7002_RS11400,SYNPCC7002_RS02735,0.083003959832287
SYNPCC7002_RS01420,SYNPCC7002_RS01925,0.0829957642281193
SYNPCC7002_RS03030,SYNPCC7002_RS06295,0.082995313448456
SYNPCC7002_RS04890,SYNPCC7002_RS10855,0.0829866220001953
SYNPCC7002_RS08860,SYNPCC7002_RS09210,0.082986521741034
SYNPCC7002_RS08175,SYNPCC7002_RS06400,0.0829784457548997
SYNPCC7002_RS04890,SYNPCC7002_RS05405,0.0829743671116135
SYNPCC7002_RS00650,SYNPCC7002_RS09730,0.0829697490785607
SYNPCC7002_RS05985,SYNPCC7002_RS17175,0.0829687734677114
SYNPCC7002_RS05135,SYNPCC7002_RS08060,0.0829560395224797
SYNPCC7002_RS03760,SYNPCC7002_RS03130,0.0829545422433863
SYNPCC7002_RS08390,SYNPCC7002_RS15800,0.0829512791776925
SYNPCC7002_RS05985,SYNPCC7002_RS05750,0.0829379306676193
SYNPCC7002_RS09820,SYNPCC7002_RS09010,0.0829291464888755
SYNPCC7002_RS06005,SYNPCC7002_RS07630,0.0829275507892612
SYNPCC7002_RS12395,SYNPCC7002_RS03290,0.0829243986013149
SYNPCC7002_RS03030,SYNPCC7002_RS13700,0.0829187277312021
SYNPCC7002_RS00640,SYNPCC7002_RS15180,0.0829105230086104
SYNPCC7002_RS01420,SYNPCC7002_RS01650,0.0829069313300845
SYNPCC7002_RS03760,SYNPCC7002_RS08055,0.0829037214718994
SYNPCC7002_RS16320,SYNPCC7002_RS15245,0.082903368144885
SYNPCC7002_RS04250,SYNPCC7002_RS06900,0.0829013893898491
SYNPCC7002_RS01420,SYNPCC7002_RS12240,0.0829004958822295
SYNPCC7002_RS10050,SYNPCC7002_RS03660,0.0828890228294391
SYNPCC7002_RS03030,SYNPCC7002_RS11485,0.0828779870813695
SYNPCC7002_RS07295,SYNPCC7002_RS15150,0.0828668726845196
SYNPCC7002_RS01800,SYNPCC7002_RS10760,0.0828654758209002
SYNPCC7002_RS04680,SYNPCC7002_RS08120,0.0828650051520402
SYNPCC7002_RS05135,SYNPCC7002_RS04535,0.0828635974362342
SYNPCC7002_RS04890,SYNPCC7002_RS01515,0.0828571163409077
SYNPCC7002_RS04890,SYNPCC7002_RS06740,0.0828518220751871
SYNPCC7002_RS07385,SYNPCC7002_RS01670,0.0828454465410192
SYNPCC7002_RS12395,SYNPCC7002_RS10920,0.0828441186564335
SYNPCC7002_RS09260,SYNPCC7002_RS01685,0.0828408508049504
SYNPCC7002_RS12090,SYNPCC7002_RS05555,0.0828340237812471
SYNPCC7002_RS14440,SYNPCC7002_RS16785,0.0828288265644956
SYNPCC7002_RS12515,SYNPCC7002_RS14760,0.082821398493792
SYNPCC7002_RS00010,SYNPCC7002_RS10460,0.0828185809680715
SYNPCC7002_RS10050,SYNPCC7002_RS08870,0.0828172604267557
SYNPCC7002_RS12395,SYNPCC7002_RS13065,0.0828135398784123
SYNPCC7002_RS05985,SYNPCC7002_RS16625,0.0828097318481522
SYNPCC7002_RS08175,SYNPCC7002_RS12685,0.0828083469502499
SYNPCC7002_RS12090,SYNPCC7002_RS06475,0.082798416083213
SYNPCC7002_RS15995,SYNPCC7002_RS01045,0.0827917089452968
SYNPCC7002_RS10050,SYNPCC7002_RS10950,0.0827910130567061
SYNPCC7002_RS05985,SYNPCC7002_RS16645,0.0827780922274743
SYNPCC7002_RS08175,SYNPCC7002_RS09055,0.082771570624172
SYNPCC7002_RS00010,SYNPCC7002_RS01760,0.0827662379714408
SYNPCC7002_RS05135,SYNPCC7002_RS08660,0.0827604948770451
SYNPCC7002_RS14790,SYNPCC7002_RS11470,0.0827580087397188
SYNPCC7002_RS09630,SYNPCC7002_RS14525,0.0827523528025271
SYNPCC7002_RS08965,SYNPCC7002_RS09295,0.0827462440284881
SYNPCC7002_RS08390,SYNPCC7002_RS09070,0.0827417201028856
SYNPCC7002_RS12090,SYNPCC7002_RS05900,0.0827340197084039
SYNPCC7002_RS10050,SYNPCC7002_RS09575,0.082733515240108
SYNPCC7002_RS08210,SYNPCC7002_RS14135,0.0826929031228548
SYNPCC7002_RS15255,SYNPCC7002_RS16290,0.082691102816966
SYNPCC7002_RS09320,SYNPCC7002_RS11835,0.0826754553222148
SYNPCC7002_RS07385,SYNPCC7002_RS07425,0.0826731474238952
SYNPCC7002_RS16160,SYNPCC7002_RS04135,0.0826681230846774
SYNPCC7002_RS10525,SYNPCC7002_RS14895,0.0826636599224118
SYNPCC7002_RS04680,SYNPCC7002_RS03350,0.082656618741277
SYNPCC7002_RS05135,SYNPCC7002_RS06080,0.0826505950928862
SYNPCC7002_RS08965,SYNPCC7002_RS13470,0.0826452612185125
SYNPCC7002_RS08255,SYNPCC7002_RS14495,0.0826311284348129
SYNPCC7002_RS05985,SYNPCC7002_RS00840,0.0826254232189663
SYNPCC7002_RS08210,SYNPCC7002_RS06880,0.0826200720764278
SYNPCC7002_RS05135,SYNPCC7002_RS00545,0.0826174076850978
SYNPCC7002_RS07385,SYNPCC7002_RS04545,0.0826156641039312
SYNPCC7002_RS03030,SYNPCC7002_RS12745,0.0826156049269784
SYNPCC7002_RS01085,SYNPCC7002_RS14910,0.082613501380097
SYNPCC7002_RS05135,SYNPCC7002_RS05595,0.0826066574917615
SYNPCC7002_RS15520,SYNPCC7002_RS15195,0.0826040614528964
SYNPCC7002_RS12395,SYNPCC7002_RS08305,0.0825991061302949
SYNPCC7002_RS09820,SYNPCC7002_RS08085,0.0825970695839227
SYNPCC7002_RS12395,SYNPCC7002_RS10865,0.0825904603176708
SYNPCC7002_RS03950,SYNPCC7002_RS11555,0.0825812787326939
SYNPCC7002_RS00640,SYNPCC7002_RS08770,0.0825784293599008
SYNPCC7002_RS05460,SYNPCC7002_RS04425,0.0825778465145259
SYNPCC7002_RS05135,SYNPCC7002_RS11100,0.0825690630265946
SYNPCC7002_RS10525,SYNPCC7002_RS12205,0.0825690082914955
SYNPCC7002_RS04780,SYNPCC7002_RS00025,0.0825684676062838
SYNPCC7002_RS08965,SYNPCC7002_RS07380,0.0825604321910506
SYNPCC7002_RS01800,SYNPCC7002_RS06110,0.0825543183254724
SYNPCC7002_RS15680,SYNPCC7002_RS14770,0.0825527437430391
SYNPCC7002_RS05135,SYNPCC7002_RS12460,0.0825527127215528
SYNPCC7002_RS01420,SYNPCC7002_RS10760,0.0825470890058149
SYNPCC7002_RS15520,SYNPCC7002_RS15925,0.0825467553575009
SYNPCC7002_RS08210,SYNPCC7002_RS03995,0.082545990763239
SYNPCC7002_RS08965,SYNPCC7002_RS11830,0.082542822080049
SYNPCC7002_RS05985,SYNPCC7002_RS16140,0.0825413679239662
SYNPCC7002_RS08965,SYNPCC7002_RS10730,0.0825398175089008
SYNPCC7002_RS05460,SYNPCC7002_RS17010,0.0825351009845823
SYNPCC7002_RS12395,SYNPCC7002_RS03075,0.0825347269408628
SYNPCC7002_RS08965,SYNPCC7002_RS12415,0.0825334092810385
SYNPCC7002_RS01335,SYNPCC7002_RS07165,0.0825241827001616
SYNPCC7002_RS12090,SYNPCC7002_RS00840,0.0825240684474228
SYNPCC7002_RS12515,SYNPCC7002_RS02490,0.0825120623914268
SYNPCC7002_RS08210,SYNPCC7002_RS00120,0.0825099557965578
SYNPCC7002_RS10050,SYNPCC7002_RS04370,0.0825061722910009
SYNPCC7002_RS08965,SYNPCC7002_RS11670,0.0825010251493174
SYNPCC7002_RS08945,SYNPCC7002_RS10330,0.0825004705105522
SYNPCC7002_RS08175,SYNPCC7002_RS10860,0.082493186134342
SYNPCC7002_RS04650,SYNPCC7002_RS08665,0.0824834870218671
SYNPCC7002_RS08965,SYNPCC7002_RS17110,0.0824823763963186
SYNPCC7002_RS09260,SYNPCC7002_RS12335,0.0824709749494568
SYNPCC7002_RS12105,SYNPCC7002_RS08840,0.0824707919146743
SYNPCC7002_RS12395,SYNPCC7002_RS10735,0.0824701044186743
SYNPCC7002_RS09780,SYNPCC7002_RS16125,0.0824621832326069
SYNPCC7002_RS04680,SYNPCC7002_RS02615,0.0824596849158027
SYNPCC7002_RS04250,SYNPCC7002_RS09525,0.0824539827843179
SYNPCC7002_RS08965,SYNPCC7002_RS10465,0.0824509677173025
SYNPCC7002_RS01420,SYNPCC7002_RS05970,0.0824491931216803
SYNPCC7002_RS09320,SYNPCC7002_RS03995,0.0824452644406062
SYNPCC7002_RS08390,SYNPCC7002_RS07230,0.0824387887568573
SYNPCC7002_RS09995,SYNPCC7002_RS02245,0.0824386274836055
SYNPCC7002_RS07385,SYNPCC7002_RS12980,0.0824283080341942
SYNPCC7002_RS06150,SYNPCC7002_RS15850,0.0824264081678002
SYNPCC7002_RS09780,SYNPCC7002_RS12330,0.0824191190677062
SYNPCC7002_RS06540,SYNPCC7002_RS02490,0.0824156354327673
SYNPCC7002_RS02715,SYNPCC7002_RS02820,0.0824144864536559
SYNPCC7002_RS08255,SYNPCC7002_RS03975,0.0824143070788755
SYNPCC7002_RS05135,SYNPCC7002_RS14035,0.0824041582965772
SYNPCC7002_RS11400,SYNPCC7002_RS01125,0.0824011049260712
SYNPCC7002_RS05135,SYNPCC7002_RS05255,0.0823978355229045
SYNPCC7002_RS10050,SYNPCC7002_RS12535,0.0823976080268243
SYNPCC7002_RS02455,SYNPCC7002_RS05855,0.0823908755844471
SYNPCC7002_RS15680,SYNPCC7002_RS12150,0.0823902820933649
SYNPCC7002_RS03760,SYNPCC7002_RS07075,0.0823862616798479
SYNPCC7002_RS09820,SYNPCC7002_RS01055,0.0823767851693115
SYNPCC7002_RS06150,SYNPCC7002_RS11740,0.0823763832555497
SYNPCC7002_RS06150,SYNPCC7002_RS00085,0.082372201297158
SYNPCC7002_RS10050,SYNPCC7002_RS14415,0.0823711597602995
SYNPCC7002_RS05985,SYNPCC7002_RS11150,0.0823691042101653
SYNPCC7002_RS08965,SYNPCC7002_RS01060,0.08236425324448
SYNPCC7002_RS04890,SYNPCC7002_RS11345,0.0823630733124265
SYNPCC7002_RS05460,SYNPCC7002_RS16420,0.0823604101124918
SYNPCC7002_RS01085,SYNPCC7002_RS07165,0.0823478906067249
SYNPCC7002_RS00640,SYNPCC7002_RS15795,0.0823441682900498
SYNPCC7002_RS02455,SYNPCC7002_RS16015,0.0823438630964253
SYNPCC7002_RS09780,SYNPCC7002_RS01405,0.0823421954202294
SYNPCC7002_RS08965,SYNPCC7002_RS00650,0.0823418158634649
SYNPCC7002_RS02715,SYNPCC7002_RS04825,0.0823416655614343
SYNPCC7002_RS12395,SYNPCC7002_RS02425,0.0823338265137049
SYNPCC7002_RS03030,SYNPCC7002_RS04055,0.0823311550079473
SYNPCC7002_RS08965,SYNPCC7002_RS07155,0.0823278885504589
SYNPCC7002_RS04890,SYNPCC7002_RS16370,0.0823189174119948
SYNPCC7002_RS08210,SYNPCC7002_RS00745,0.0823111702554173
SYNPCC7002_RS02715,SYNPCC7002_RS09410,0.0823073913621637
SYNPCC7002_RS05460,SYNPCC7002_RS05655,0.0823031176898008
SYNPCC7002_RS05135,SYNPCC7002_RS11450,0.0822705652008681
SYNPCC7002_RS13450,SYNPCC7002_RS07400,0.0822697875936558
SYNPCC7002_RS09320,SYNPCC7002_RS09490,0.082268608323539
SYNPCC7002_RS15680,SYNPCC7002_RS14885,0.082265949004372
SYNPCC7002_RS05985,SYNPCC7002_RS00565,0.0822594258626041
SYNPCC7002_RS10050,SYNPCC7002_RS12440,0.0822546655624614
SYNPCC7002_RS02715,SYNPCC7002_RS05375,0.0822537379236162
SYNPCC7002_RS01335,SYNPCC7002_RS13350,0.0822423462216504
SYNPCC7002_RS09780,SYNPCC7002_RS13095,0.0822399358953026
SYNPCC7002_RS00640,SYNPCC7002_RS16455,0.0822354191967274
SYNPCC7002_RS11685,SYNPCC7002_RS12020,0.0822338949849292
SYNPCC7002_RS09845,SYNPCC7002_RS12200,0.0822286896205753
SYNPCC7002_RS00640,SYNPCC7002_RS01145,0.0822237353020826
SYNPCC7002_RS04650,SYNPCC7002_RS02575,0.0822182762001041
SYNPCC7002_RS10050,SYNPCC7002_RS16420,0.0822163687074138
SYNPCC7002_RS00690,SYNPCC7002_RS13800,0.0822110246516025
SYNPCC7002_RS10145,SYNPCC7002_RS14090,0.0822024952163245
SYNPCC7002_RS09780,SYNPCC7002_RS09975,0.0821842499756051
SYNPCC7002_RS00640,SYNPCC7002_RS16410,0.0821817161120373
SYNPCC7002_RS12395,SYNPCC7002_RS05180,0.0821769752248022
SYNPCC7002_RS15255,SYNPCC7002_RS05105,0.0821735254482067
SYNPCC7002_RS04250,SYNPCC7002_RS13620,0.0821725271350255
SYNPCC7002_RS10050,SYNPCC7002_RS08050,0.0821684169287884
SYNPCC7002_RS04250,SYNPCC7002_RS05430,0.0821649556670272
SYNPCC7002_RS08965,SYNPCC7002_RS13375,0.0821637919810405
SYNPCC7002_RS06165,SYNPCC7002_RS02755,0.0821590568548518
SYNPCC7002_RS04650,SYNPCC7002_RS10865,0.0821575780108465
SYNPCC7002_RS06150,SYNPCC7002_RS15770,0.0821544986513643
SYNPCC7002_RS15255,SYNPCC7002_RS03160,0.0821466041605029
SYNPCC7002_RS00640,SYNPCC7002_RS07865,0.0821367850534477
SYNPCC7002_RS04890,SYNPCC7002_RS06590,0.0821354381283719
SYNPCC7002_RS00640,SYNPCC7002_RS04910,0.0821305948254016
SYNPCC7002_RS03760,SYNPCC7002_RS01755,0.0821286901560958
SYNPCC7002_RS08965,SYNPCC7002_RS02245,0.0821275937838826
SYNPCC7002_RS08965,SYNPCC7002_RS03470,0.0821240092211843
SYNPCC7002_RS05135,SYNPCC7002_RS07945,0.0821187836641426
SYNPCC7002_RS05135,SYNPCC7002_RS03370,0.0821122907084493
SYNPCC7002_RS12395,SYNPCC7002_RS08780,0.0821107982891827
SYNPCC7002_RS08390,SYNPCC7002_RS05500,0.0821077471376759
SYNPCC7002_RS05985,SYNPCC7002_RS13555,0.082106512310125
SYNPCC7002_RS02715,SYNPCC7002_RS15735,0.0821052783603853
SYNPCC7002_RS08965,SYNPCC7002_RS03755,0.0820964529735467
SYNPCC7002_RS03030,SYNPCC7002_RS09740,0.0820878837527172
SYNPCC7002_RS04890,SYNPCC7002_RS01795,0.082077099512535
SYNPCC7002_RS02455,SYNPCC7002_RS12390,0.0820713045145891
SYNPCC7002_RS05985,SYNPCC7002_RS13330,0.0820704059341994
SYNPCC7002_RS09260,SYNPCC7002_RS08340,0.0820694324465532
SYNPCC7002_RS10050,SYNPCC7002_RS03680,0.0820671250212703
SYNPCC7002_RS02455,SYNPCC7002_RS14170,0.0820630099224415
SYNPCC7002_RS02715,SYNPCC7002_RS11000,0.0820601125662802
SYNPCC7002_RS16160,SYNPCC7002_RS15160,0.0820462700317105
SYNPCC7002_RS10050,SYNPCC7002_RS07585,0.0820366831586388
SYNPCC7002_RS10050,SYNPCC7002_RS14750,0.0820366464247182
SYNPCC7002_RS10050,SYNPCC7002_RS10765,0.0820240829047938
SYNPCC7002_RS00650,SYNPCC7002_RS12115,0.0820163269311732
SYNPCC7002_RS05460,SYNPCC7002_RS15485,0.0820101221912175
SYNPCC7002_RS11400,SYNPCC7002_RS02455,0.0820061829448409
SYNPCC7002_RS06540,SYNPCC7002_RS07120,0.0820038792002104
SYNPCC7002_RS00050,SYNPCC7002_RS17015,0.0820033080717722
SYNPCC7002_RS09260,SYNPCC7002_RS15465,0.0819834722986424
SYNPCC7002_RS02715,SYNPCC7002_RS13050,0.0819769522028236
SYNPCC7002_RS08965,SYNPCC7002_RS07050,0.0819630944482309
SYNPCC7002_RS15520,SYNPCC7002_RS14915,0.0819598878042172
SYNPCC7002_RS03030,SYNPCC7002_RS06930,0.0819563418251515
SYNPCC7002_RS05985,SYNPCC7002_RS02515,0.0819474212552986
SYNPCC7002_RS11685,SYNPCC7002_RS10110,0.0819369901514527
SYNPCC7002_RS16160,SYNPCC7002_RS04880,0.0819366813744222
SYNPCC7002_RS15520,SYNPCC7002_RS12745,0.0819355171090581
SYNPCC7002_RS15255,SYNPCC7002_RS14645,0.0819324365243356
SYNPCC7002_RS08965,SYNPCC7002_RS14045,0.081930245654584
SYNPCC7002_RS15255,SYNPCC7002_RS09310,0.081926917423298
SYNPCC7002_RS12090,SYNPCC7002_RS05485,0.0819238708421745
SYNPCC7002_RS01420,SYNPCC7002_RS14325,0.0819222989300897
SYNPCC7002_RS04250,SYNPCC7002_RS11150,0.0819212865891388
SYNPCC7002_RS12395,SYNPCC7002_RS01140,0.0819212006891355
SYNPCC7002_RS08390,SYNPCC7002_RS02385,0.0819210743369366
SYNPCC7002_RS11400,SYNPCC7002_RS10440,0.0819194461548498
SYNPCC7002_RS14385,SYNPCC7002_RS14335,0.0819189997323499
SYNPCC7002_RS04250,SYNPCC7002_RS16625,0.0818984037132316
SYNPCC7002_RS01420,SYNPCC7002_RS08995,0.0818955044667946
SYNPCC7002_RS07385,SYNPCC7002_RS01685,0.0818929016607311
SYNPCC7002_RS15520,SYNPCC7002_RS12700,0.0818901574739957
SYNPCC7002_RS12395,SYNPCC7002_RS14920,0.0818812549196303
SYNPCC7002_RS04890,SYNPCC7002_RS13490,0.0818781755025871
SYNPCC7002_RS04890,SYNPCC7002_RS01930,0.0818767154803809
SYNPCC7002_RS09260,SYNPCC7002_RS04755,0.081868519128609
SYNPCC7002_RS00640,SYNPCC7002_RS15125,0.081864953761835
SYNPCC7002_RS09820,SYNPCC7002_RS09220,0.0818496520123269
SYNPCC7002_RS09845,SYNPCC7002_RS10665,0.0818486157784601
SYNPCC7002_RS05460,SYNPCC7002_RS15500,0.081848062791859
SYNPCC7002_RS12515,SYNPCC7002_RS11045,0.0818377026420794
SYNPCC7002_RS08965,SYNPCC7002_RS01705,0.0818376835014903
SYNPCC7002_RS04680,SYNPCC7002_RS01460,0.081836574604969
SYNPCC7002_RS09195,SYNPCC7002_RS10070,0.0818350519461456
SYNPCC7002_RS01420,SYNPCC7002_RS00080,0.081834926377522
SYNPCC7002_RS09175,SYNPCC7002_RS08870,0.0818312710148966
SYNPCC7002_RS01800,SYNPCC7002_RS06565,0.0818230765000808
SYNPCC7002_RS15995,SYNPCC7002_RS15370,0.0818192071201065
SYNPCC7002_RS11685,SYNPCC7002_RS11690,0.0817942895056858
SYNPCC7002_RS11400,SYNPCC7002_RS13470,0.0817932985170396
SYNPCC7002_RS04250,SYNPCC7002_RS13125,0.0817892675045895
SYNPCC7002_RS08480,SYNPCC7002_RS05920,0.0817759097223694
SYNPCC7002_RS04890,SYNPCC7002_RS09875,0.0817700173820921
SYNPCC7002_RS15520,SYNPCC7002_RS13845,0.0817682195949599
SYNPCC7002_RS15255,SYNPCC7002_RS15100,0.081764888224424
SYNPCC7002_RS05460,SYNPCC7002_RS02185,0.0817567291254662
SYNPCC7002_RS07295,SYNPCC7002_RS03330,0.0817563268358182
SYNPCC7002_RS02715,SYNPCC7002_RS00805,0.081744657579246
SYNPCC7002_RS02715,SYNPCC7002_RS07815,0.081744378356714
SYNPCC7002_RS08965,SYNPCC7002_RS12375,0.081741688916505
SYNPCC7002_RS03760,SYNPCC7002_RS03230,0.0817374856318324
SYNPCC7002_RS13450,SYNPCC7002_RS08790,0.0817349491680334
SYNPCC7002_RS05135,SYNPCC7002_RS09900,0.0817320778428522
SYNPCC7002_RS04250,SYNPCC7002_RS02170,0.0817167829207572
SYNPCC7002_RS13450,SYNPCC7002_RS11650,0.0817140353387892
SYNPCC7002_RS08860,SYNPCC7002_RS13915,0.08170971640033
SYNPCC7002_RS05985,SYNPCC7002_RS04860,0.0817076967619899
SYNPCC7002_RS09780,SYNPCC7002_RS05410,0.0817040411180048
SYNPCC7002_RS04780,SYNPCC7002_RS13260,0.0817031120923988
SYNPCC7002_RS03295,SYNPCC7002_RS08865,0.0816924792761003
SYNPCC7002_RS01335,SYNPCC7002_RS08625,0.0816918856955063
SYNPCC7002_RS09820,SYNPCC7002_RS06835,0.081683606354066
SYNPCC7002_RS08860,SYNPCC7002_RS16945,0.0816765496851969
SYNPCC7002_RS00640,SYNPCC7002_RS06155,0.0816749846958775
SYNPCC7002_RS14440,SYNPCC7002_RS13930,0.0816724552374108
SYNPCC7002_RS05460,SYNPCC7002_RS05115,0.0816685765814379
SYNPCC7002_RS09195,SYNPCC7002_RS02570,0.0816670528531592
SYNPCC7002_RS04780,SYNPCC7002_RS01820,0.0816657571258636
SYNPCC7002_RS08210,SYNPCC7002_RS05490,0.0816643335805129
SYNPCC7002_RS01420,SYNPCC7002_RS05530,0.0816624042184238
SYNPCC7002_RS12395,SYNPCC7002_RS00200,0.0816540955824917
SYNPCC7002_RS07295,SYNPCC7002_RS00690,0.0816402024819834
SYNPCC7002_RS03295,SYNPCC7002_RS15070,0.0816382590313093
SYNPCC7002_RS09175,SYNPCC7002_RS07390,0.081629719566753
SYNPCC7002_RS01335,SYNPCC7002_RS06110,0.0816296536112835
SYNPCC7002_RS14440,SYNPCC7002_RS14400,0.081623359597298
SYNPCC7002_RS11400,SYNPCC7002_RS12390,0.081617950378705
SYNPCC7002_RS03030,SYNPCC7002_RS00220,0.0816167811643762
SYNPCC7002_RS00640,SYNPCC7002_RS04425,0.0816102571020879
SYNPCC7002_RS09630,SYNPCC7002_RS00070,0.0816101915979166
SYNPCC7002_RS15255,SYNPCC7002_RS15320,0.0816073570376923
SYNPCC7002_RS06165,SYNPCC7002_RS05925,0.0815998709303559
SYNPCC7002_RS05135,SYNPCC7002_RS16795,0.0815963402407828
SYNPCC7002_RS12395,SYNPCC7002_RS02215,0.0815959219298506
SYNPCC7002_RS09995,SYNPCC7002_RS02260,0.0815901652363957
SYNPCC7002_RS12515,SYNPCC7002_RS13460,0.0815858666640354
SYNPCC7002_RS04780,SYNPCC7002_RS10120,0.0815820554181084
SYNPCC7002_RS04890,SYNPCC7002_RS09910,0.0815816193177713
SYNPCC7002_RS01335,SYNPCC7002_RS16245,0.0815713127673833
SYNPCC7002_RS03030,SYNPCC7002_RS07210,0.0815696197857722
SYNPCC7002_RS03760,SYNPCC7002_RS10095,0.0815687178994307
SYNPCC7002_RS09780,SYNPCC7002_RS00405,0.0815596969194329
SYNPCC7002_RS03030,SYNPCC7002_RS15450,0.0815587891827482
SYNPCC7002_RS08965,SYNPCC7002_RS01780,0.0815567843499687
SYNPCC7002_RS05985,SYNPCC7002_RS09970,0.0815420042373649
SYNPCC7002_RS08965,SYNPCC7002_RS06680,0.0815390986169098
SYNPCC7002_RS06150,SYNPCC7002_RS07455,0.0815373794210159
SYNPCC7002_RS05985,SYNPCC7002_RS05760,0.081534621488931
SYNPCC7002_RS09780,SYNPCC7002_RS06885,0.0815175516091719
SYNPCC7002_RS08965,SYNPCC7002_RS11220,0.0815130124443849
SYNPCC7002_RS03760,SYNPCC7002_RS08555,0.0814912733041529
SYNPCC7002_RS15520,SYNPCC7002_RS02525,0.0814901113787942
SYNPCC7002_RS00050,SYNPCC7002_RS08830,0.0814875569719229
SYNPCC7002_RS09195,SYNPCC7002_RS14490,0.0814812720921756
SYNPCC7002_RS08390,SYNPCC7002_RS02240,0.0814808750365698
SYNPCC7002_RS00640,SYNPCC7002_RS06665,0.0814773445446681
SYNPCC7002_RS03760,SYNPCC7002_RS08615,0.0814573043445483
SYNPCC7002_RS04780,SYNPCC7002_RS06030,0.081452489094544
SYNPCC7002_RS04780,SYNPCC7002_RS02765,0.0814472508162708
SYNPCC7002_RS04250,SYNPCC7002_RS13395,0.0814395343602263
SYNPCC7002_RS08965,SYNPCC7002_RS09230,0.081438532464172
SYNPCC7002_RS08965,SYNPCC7002_RS08255,0.0814264820489323
SYNPCC7002_RS15520,SYNPCC7002_RS03395,0.0814260024576786
SYNPCC7002_RS12395,SYNPCC7002_RS05300,0.0814236150047774
SYNPCC7002_RS04250,SYNPCC7002_RS10870,0.0814163895612225
SYNPCC7002_RS07385,SYNPCC7002_RS08690,0.0814162408999204
SYNPCC7002_RS04780,SYNPCC7002_RS11620,0.0814123023467495
SYNPCC7002_RS04780,SYNPCC7002_RS12515,0.0814118110028729
SYNPCC7002_RS06150,SYNPCC7002_RS10510,0.0814111952601472
SYNPCC7002_RS15520,SYNPCC7002_RS05420,0.0814052648691092
SYNPCC7002_RS01085,SYNPCC7002_RS05780,0.08140523683022
SYNPCC7002_RS12395,SYNPCC7002_RS14860,0.0814041811072928
SYNPCC7002_RS01800,SYNPCC7002_RS06045,0.0813940572651588
SYNPCC7002_RS01335,SYNPCC7002_RS15800,0.081387719155879
SYNPCC7002_RS00850,SYNPCC7002_RS11765,0.081375942133195
SYNPCC7002_RS12395,SYNPCC7002_RS11190,0.0813727986798576
SYNPCC7002_RS08210,SYNPCC7002_RS12115,0.0813726697751807
SYNPCC7002_RS15410,SYNPCC7002_RS14910,0.0813676305788796
SYNPCC7002_RS03030,SYNPCC7002_RS00130,0.0813631376382664
SYNPCC7002_RS01800,SYNPCC7002_RS03000,0.0813569189092546
SYNPCC7002_RS01420,SYNPCC7002_RS16960,0.081355161841207
SYNPCC7002_RS05135,SYNPCC7002_RS12440,0.0813380956080096
SYNPCC7002_RS04890,SYNPCC7002_RS06580,0.0813371242878124
SYNPCC7002_RS14385,SYNPCC7002_RS13940,0.0813361938148731
SYNPCC7002_RS02715,SYNPCC7002_RS04310,0.0813356331878514
SYNPCC7002_RS04780,SYNPCC7002_RS13280,0.0813347051916038
SYNPCC7002_RS03030,SYNPCC7002_RS03855,0.0813338080940066
SYNPCC7002_RS12395,SYNPCC7002_RS04095,0.0813329367204685
SYNPCC7002_RS08390,SYNPCC7002_RS02290,0.081332785527664
SYNPCC7002_RS04890,SYNPCC7002_RS07725,0.0813303894737241
SYNPCC7002_RS16320,SYNPCC7002_RS03150,0.0813285458689034
SYNPCC7002_RS05460,SYNPCC7002_RS02310,0.0813232323515774
SYNPCC7002_RS04680,SYNPCC7002_RS08510,0.0813217253834298
SYNPCC7002_RS02455,SYNPCC7002_RS14045,0.0813209293008714
SYNPCC7002_RS08945,SYNPCC7002_RS11155,0.0813154068520583
SYNPCC7002_RS05135,SYNPCC7002_RS14720,0.0813052990784361
SYNPCC7002_RS12515,SYNPCC7002_RS01620,0.0813039518184307
SYNPCC7002_RS04890,SYNPCC7002_RS00270,0.0812994402150885
SYNPCC7002_RS09820,SYNPCC7002_RS01940,0.0812952368464352
SYNPCC7002_RS01420,SYNPCC7002_RS08555,0.0812928249025011
SYNPCC7002_RS12395,SYNPCC7002_RS05595,0.0812910466904764
SYNPCC7002_RS03030,SYNPCC7002_RS02075,0.081286834067229
SYNPCC7002_RS04680,SYNPCC7002_RS15400,0.0812863286674177
SYNPCC7002_RS01420,SYNPCC7002_RS03390,0.0812844231536117
SYNPCC7002_RS15535,SYNPCC7002_RS09695,0.0812809224867193
SYNPCC7002_RS09845,SYNPCC7002_RS13415,0.0812786722252615
SYNPCC7002_RS09845,SYNPCC7002_RS04755,0.0812745204406429
SYNPCC7002_RS09630,SYNPCC7002_RS16725,0.0812679528380856
SYNPCC7002_RS04650,SYNPCC7002_RS02790,0.0812606510116565
SYNPCC7002_RS05460,SYNPCC7002_RS11900,0.0812570618314459
SYNPCC7002_RS04250,SYNPCC7002_RS06475,0.0812569411982422
SYNPCC7002_RS14790,SYNPCC7002_RS12530,0.081256856446663
SYNPCC7002_RS04780,SYNPCC7002_RS02205,0.0812567156338011
SYNPCC7002_RS07385,SYNPCC7002_RS00055,0.0812551919647028
SYNPCC7002_RS04250,SYNPCC7002_RS16260,0.0812457070527131
SYNPCC7002_RS09780,SYNPCC7002_RS10320,0.0812410830609342
SYNPCC7002_RS02455,SYNPCC7002_RS13035,0.0812346103263172
SYNPCC7002_RS08255,SYNPCC7002_RS15350,0.0812345740228566
SYNPCC7002_RS12105,SYNPCC7002_RS00280,0.0812280770276663
SYNPCC7002_RS09630,SYNPCC7002_RS02000,0.0812226739405871
SYNPCC7002_RS09630,SYNPCC7002_RS14005,0.0812157170552151
SYNPCC7002_RS15410,SYNPCC7002_RS07660,0.0812040116864955
SYNPCC7002_RS01335,SYNPCC7002_RS05915,0.0811887896001699
SYNPCC7002_RS03295,SYNPCC7002_RS15490,0.081186580550567
SYNPCC7002_RS12395,SYNPCC7002_RS11155,0.0811861662261856
SYNPCC7002_RS02715,SYNPCC7002_RS10215,0.0811841410726072
SYNPCC7002_RS05985,SYNPCC7002_RS08930,0.0811790251519771
SYNPCC7002_RS08390,SYNPCC7002_RS07290,0.0811770011206838
SYNPCC7002_RS04250,SYNPCC7002_RS11030,0.0811753261143879
SYNPCC7002_RS10050,SYNPCC7002_RS03655,0.0811707765884885
SYNPCC7002_RS04780,SYNPCC7002_RS03460,0.0811705839734168
SYNPCC7002_RS08390,SYNPCC7002_RS09685,0.0811677123264123
SYNPCC7002_RS15520,SYNPCC7002_RS07980,0.0811574855690464
SYNPCC7002_RS11685,SYNPCC7002_RS00900,0.0811574089146869
SYNPCC7002_RS04650,SYNPCC7002_RS10735,0.0811561552816712
SYNPCC7002_RS12395,SYNPCC7002_RS11345,0.0811557317578006
SYNPCC7002_RS15680,SYNPCC7002_RS03160,0.0811555055807619
SYNPCC7002_RS09820,SYNPCC7002_RS05880,0.0811549237063242
SYNPCC7002_RS05460,SYNPCC7002_RS15990,0.0811512184633415
SYNPCC7002_RS03950,SYNPCC7002_RS08045,0.0811484676401635
SYNPCC7002_RS02715,SYNPCC7002_RS04940,0.081145528657102
SYNPCC7002_RS03760,SYNPCC7002_RS09870,0.0811293846865641
SYNPCC7002_RS03030,SYNPCC7002_RS06780,0.0811199765239849
SYNPCC7002_RS04890,SYNPCC7002_RS04475,0.0811110056792361
SYNPCC7002_RS06540,SYNPCC7002_RS00990,0.0810964404384002
SYNPCC7002_RS00640,SYNPCC7002_RS13965,0.0810852248660534
SYNPCC7002_RS11685,SYNPCC7002_RS06940,0.0810731604436355
SYNPCC7002_RS02455,SYNPCC7002_RS15250,0.0810713946002101
SYNPCC7002_RS04250,SYNPCC7002_RS04650,0.0810603973322515
SYNPCC7002_RS01335,SYNPCC7002_RS06005,0.0810595191403423
SYNPCC7002_RS12105,SYNPCC7002_RS00565,0.0810569319707918
SYNPCC7002_RS09320,SYNPCC7002_RS00650,0.0810517960137698
SYNPCC7002_RS09420,SYNPCC7002_RS05525,0.0810508741767848
SYNPCC7002_RS14790,SYNPCC7002_RS16715,0.0810359678529214
SYNPCC7002_RS08480,SYNPCC7002_RS00195,0.0810358485607977
SYNPCC7002_RS09175,SYNPCC7002_RS10095,0.0810345020340966
SYNPCC7002_RS15410,SYNPCC7002_RS07405,0.0810322608173652
SYNPCC7002_RS15680,SYNPCC7002_RS15255,0.0810316582532592
SYNPCC7002_RS02455,SYNPCC7002_RS08415,0.0810308022552549
SYNPCC7002_RS08965,SYNPCC7002_RS03555,0.0810289267591976
SYNPCC7002_RS05460,SYNPCC7002_RS09410,0.081024124775676
SYNPCC7002_RS14440,SYNPCC7002_RS04475,0.0810226621497473
SYNPCC7002_RS10145,SYNPCC7002_RS10730,0.0810196854186453
SYNPCC7002_RS05985,SYNPCC7002_RS09525,0.081015138465828
SYNPCC7002_RS00260,SYNPCC7002_RS05315,0.0810137980499639
SYNPCC7002_RS07385,SYNPCC7002_RS09835,0.0810120889770638
SYNPCC7002_RS03030,SYNPCC7002_RS01290,0.0810094354063677
SYNPCC7002_RS04650,SYNPCC7002_RS09960,0.0810030706848372
SYNPCC7002_RS09260,SYNPCC7002_RS14125,0.0809974423790143
SYNPCC7002_RS09780,SYNPCC7002_RS15980,0.0809789021596874
SYNPCC7002_RS09780,SYNPCC7002_RS15885,0.0809706727445114
SYNPCC7002_RS01420,SYNPCC7002_RS01785,0.0809684779141241
SYNPCC7002_RS09320,SYNPCC7002_RS13335,0.0809654575145609
SYNPCC7002_RS03760,SYNPCC7002_RS10110,0.0809649307659324
SYNPCC7002_RS06150,SYNPCC7002_RS12705,0.0809638126824201
SYNPCC7002_RS05460,SYNPCC7002_RS04825,0.080956680269148
SYNPCC7002_RS11685,SYNPCC7002_RS10870,0.0809534114420486
SYNPCC7002_RS09845,SYNPCC7002_RS01685,0.0809519678226833
SYNPCC7002_RS04650,SYNPCC7002_RS04400,0.0809425469582456
SYNPCC7002_RS12090,SYNPCC7002_RS17190,0.0809399034082144
SYNPCC7002_RS09320,SYNPCC7002_RS16200,0.0809375896040038
SYNPCC7002_RS05135,SYNPCC7002_RS09430,0.0809323131671848
SYNPCC7002_RS08945,SYNPCC7002_RS00285,0.0809272753514981
SYNPCC7002_RS09630,SYNPCC7002_RS09000,0.080926973610026
SYNPCC7002_RS09175,SYNPCC7002_RS01945,0.0809268406883757
SYNPCC7002_RS08965,SYNPCC7002_RS11040,0.0809206649548174
SYNPCC7002_RS05135,SYNPCC7002_RS02960,0.0809201293286573
SYNPCC7002_RS04890,SYNPCC7002_RS16815,0.0809152571653706
SYNPCC7002_RS01335,SYNPCC7002_RS09360,0.0809134746614139
SYNPCC7002_RS09820,SYNPCC7002_RS13750,0.080908564812519
SYNPCC7002_RS04250,SYNPCC7002_RS09975,0.0809083064899655
SYNPCC7002_RS10050,SYNPCC7002_RS05090,0.0808973794581711
SYNPCC7002_RS08965,SYNPCC7002_RS02455,0.0808949085427193
SYNPCC7002_RS15255,SYNPCC7002_RS15720,0.080894520983501
SYNPCC7002_RS05460,SYNPCC7002_RS09100,0.080890412046436
SYNPCC7002_RS09320,SYNPCC7002_RS13250,0.0808870444692614
SYNPCC7002_RS07295,SYNPCC7002_RS14360,0.0808865816184965
SYNPCC7002_RS04250,SYNPCC7002_RS06075,0.0808848404562419
SYNPCC7002_RS09820,SYNPCC7002_RS14990,0.0808832073015218
SYNPCC7002_RS08210,SYNPCC7002_RS07375,0.0808750930309615
SYNPCC7002_RS09780,SYNPCC7002_RS13090,0.0808726454226347
SYNPCC7002_RS08480,SYNPCC7002_RS09575,0.0808710006969805
SYNPCC7002_RS07295,SYNPCC7002_RS03270,0.0808657757379682
SYNPCC7002_RS04890,SYNPCC7002_RS06400,0.0808562084355628
SYNPCC7002_RS11400,SYNPCC7002_RS10755,0.0808542993695324
SYNPCC7002_RS10050,SYNPCC7002_RS09645,0.0808509777169084
SYNPCC7002_RS05135,SYNPCC7002_RS12805,0.0808507424431792
SYNPCC7002_RS05135,SYNPCC7002_RS02015,0.0808355638900567
SYNPCC7002_RS04650,SYNPCC7002_RS13955,0.0808327382790303
SYNPCC7002_RS03295,SYNPCC7002_RS08715,0.0808323980837743
SYNPCC7002_RS08965,SYNPCC7002_RS01610,0.0808188537904082
SYNPCC7002_RS12515,SYNPCC7002_RS09510,0.0808113271356642
SYNPCC7002_RS14790,SYNPCC7002_RS14635,0.0808060525538932
SYNPCC7002_RS00010,SYNPCC7002_RS08090,0.0807988068692574
SYNPCC7002_RS11400,SYNPCC7002_RS11070,0.0807952989878522
SYNPCC7002_RS11400,SYNPCC7002_RS16220,0.0807849189717335
SYNPCC7002_RS16320,SYNPCC7002_RS15805,0.0807809558137096
SYNPCC7002_RS01085,SYNPCC7002_RS09765,0.0807808387804243
SYNPCC7002_RS04780,SYNPCC7002_RS08565,0.0807764661255158
SYNPCC7002_RS02715,SYNPCC7002_RS13300,0.0807684783308531
SYNPCC7002_RS05460,SYNPCC7002_RS06200,0.0807593695629754
SYNPCC7002_RS09820,SYNPCC7002_RS07290,0.080748908776122
SYNPCC7002_RS12395,SYNPCC7002_RS12145,0.0807477209766473
SYNPCC7002_RS00640,SYNPCC7002_RS14065,0.0807462416109406
SYNPCC7002_RS12090,SYNPCC7002_RS09960,0.0807451604331226
SYNPCC7002_RS10050,SYNPCC7002_RS13115,0.0807422209016875
SYNPCC7002_RS12105,SYNPCC7002_RS11115,0.080741652308984
SYNPCC7002_RS15520,SYNPCC7002_RS16200,0.0807389134390155
SYNPCC7002_RS00260,SYNPCC7002_RS08530,0.0807329338565386
SYNPCC7002_RS15410,SYNPCC7002_RS13610,0.0807315155269323
SYNPCC7002_RS15255,SYNPCC7002_RS06460,0.0807269711773404
SYNPCC7002_RS02455,SYNPCC7002_RS08680,0.0807214991433915
SYNPCC7002_RS03030,SYNPCC7002_RS15345,0.080716044141409
SYNPCC7002_RS08210,SYNPCC7002_RS10470,0.0807076885883062
SYNPCC7002_RS09995,SYNPCC7002_RS11390,0.0807027197726358
SYNPCC7002_RS12395,SYNPCC7002_RS12190,0.0807001627934621
SYNPCC7002_RS10525,SYNPCC7002_RS02240,0.0806933799725065
SYNPCC7002_RS04780,SYNPCC7002_RS15020,0.0806901338164121
SYNPCC7002_RS03760,SYNPCC7002_RS07200,0.0806843288869157
SYNPCC7002_RS01420,SYNPCC7002_RS14195,0.0806837839730831
SYNPCC7002_RS10050,SYNPCC7002_RS13745,0.0806816279301077
SYNPCC7002_RS01335,SYNPCC7002_RS16115,0.0806771019692039
SYNPCC7002_RS04650,SYNPCC7002_RS14235,0.0806737334996295
SYNPCC7002_RS09780,SYNPCC7002_RS15475,0.0806685407447987
SYNPCC7002_RS08965,SYNPCC7002_RS00845,0.0806642951916309
SYNPCC7002_RS02455,SYNPCC7002_RS10645,0.0806607937371579
SYNPCC7002_RS15680,SYNPCC7002_RS02045,0.0806534819349126
SYNPCC7002_RS09320,SYNPCC7002_RS12375,0.0806507132935821
SYNPCC7002_RS12395,SYNPCC7002_RS11730,0.0806473827988698
SYNPCC7002_RS10050,SYNPCC7002_RS07675,0.0806334677558577
SYNPCC7002_RS01420,SYNPCC7002_RS03610,0.0806330384559558
SYNPCC7002_RS10050,SYNPCC7002_RS11065,0.0806321151303801
SYNPCC7002_RS01335,SYNPCC7002_RS15555,0.0806288652546798
SYNPCC7002_RS01335,SYNPCC7002_RS05330,0.0806182682869091
SYNPCC7002_RS15255,SYNPCC7002_RS08405,0.0806124559935772
SYNPCC7002_RS08390,SYNPCC7002_RS03220,0.0806003608342769
SYNPCC7002_RS09420,SYNPCC7002_RS06900,0.0805980298511209
SYNPCC7002_RS04780,SYNPCC7002_RS13130,0.0805929729920575
SYNPCC7002_RS08965,SYNPCC7002_RS02525,0.0805928021564217
SYNPCC7002_RS01800,SYNPCC7002_RS13270,0.080590417475151
SYNPCC7002_RS02715,SYNPCC7002_RS16415,0.080574452227013
SYNPCC7002_RS03760,SYNPCC7002_RS00345,0.0805588787072381
SYNPCC7002_RS04780,SYNPCC7002_RS09265,0.0805551243498933
SYNPCC7002_RS05985,SYNPCC7002_RS14235,0.080549494858003
SYNPCC7002_RS07385,SYNPCC7002_RS08070,0.0805451939365862
SYNPCC7002_RS07295,SYNPCC7002_RS04830,0.0805423909815291
SYNPCC7002_RS09090,SYNPCC7002_RS16630,0.0805379605456808
SYNPCC7002_RS04780,SYNPCC7002_RS08100,0.0805261231378525
SYNPCC7002_RS08965,SYNPCC7002_RS09125,0.0805196825779235
SYNPCC7002_RS14385,SYNPCC7002_RS14425,0.0805191378267082
SYNPCC7002_RS07385,SYNPCC7002_RS10380,0.0805154906205982
SYNPCC7002_RS03030,SYNPCC7002_RS12780,0.080515108214772
SYNPCC7002_RS08390,SYNPCC7002_RS08585,0.0804890643706675
SYNPCC7002_RS08390,SYNPCC7002_RS01440,0.080464724282476
SYNPCC7002_RS04250,SYNPCC7002_RS11610,0.0804429862408689
SYNPCC7002_RS08860,SYNPCC7002_RS00925,0.0804413338553299
SYNPCC7002_RS12395,SYNPCC7002_RS05175,0.0804413299826489
SYNPCC7002_RS09780,SYNPCC7002_RS15725,0.0804328522116996
SYNPCC7002_RS15410,SYNPCC7002_RS09850,0.0804278806371928
SYNPCC7002_RS02715,SYNPCC7002_RS06145,0.0804246168702393
SYNPCC7002_RS01420,SYNPCC7002_RS05275,0.0804224169242081
SYNPCC7002_RS09320,SYNPCC7002_RS13375,0.0804120288257771
SYNPCC7002_RS10050,SYNPCC7002_RS00830,0.0804075178013396
SYNPCC7002_RS08965,SYNPCC7002_RS12230,0.0804068381960702
SYNPCC7002_RS10050,SYNPCC7002_RS16840,0.0803942564024107
SYNPCC7002_RS09260,SYNPCC7002_RS12975,0.080384418600033
SYNPCC7002_RS01085,SYNPCC7002_RS12920,0.0803766658293175
SYNPCC7002_RS04250,SYNPCC7002_RS14755,0.0803758025061418
SYNPCC7002_RS03760,SYNPCC7002_RS01760,0.0803728093214396
SYNPCC7002_RS12395,SYNPCC7002_RS01515,0.0803686055812888
SYNPCC7002_RS01420,SYNPCC7002_RS05205,0.0803617977711572
SYNPCC7002_RS04680,SYNPCC7002_RS03860,0.0803562067017375
SYNPCC7002_RS09820,SYNPCC7002_RS14865,0.0803561346694425
SYNPCC7002_RS04680,SYNPCC7002_RS10405,0.0803531550962506
SYNPCC7002_RS03030,SYNPCC7002_RS09715,0.0803519760971245
SYNPCC7002_RS01335,SYNPCC7002_RS05775,0.0803352160949498
SYNPCC7002_RS04780,SYNPCC7002_RS13695,0.0803292942365863
SYNPCC7002_RS05985,SYNPCC7002_RS02270,0.0803121367944529
SYNPCC7002_RS11685,SYNPCC7002_RS03465,0.0803077931536679
SYNPCC7002_RS01420,SYNPCC7002_RS12395,0.0802888993011072
SYNPCC7002_RS12090,SYNPCC7002_RS10320,0.080284028082659
SYNPCC7002_RS04780,SYNPCC7002_RS15760,0.080274677132923
SYNPCC7002_RS12395,SYNPCC7002_RS02635,0.0802672285713358
SYNPCC7002_RS04250,SYNPCC7002_RS09535,0.0802526346827453
SYNPCC7002_RS02715,SYNPCC7002_RS14505,0.080252608530606
SYNPCC7002_RS04890,SYNPCC7002_RS05110,0.0802440951941089
SYNPCC7002_RS15520,SYNPCC7002_RS07280,0.080243604434966
SYNPCC7002_RS01335,SYNPCC7002_RS06015,0.080236957764408
SYNPCC7002_RS12395,SYNPCC7002_RS08155,0.0802354296309219
SYNPCC7002_RS01335,SYNPCC7002_RS07220,0.0802273745481829
SYNPCC7002_RS09630,SYNPCC7002_RS16925,0.0802188382995625
SYNPCC7002_RS11685,SYNPCC7002_RS02130,0.0802164534982597
SYNPCC7002_RS08860,SYNPCC7002_RS04390,0.0802085894485449
SYNPCC7002_RS08945,SYNPCC7002_RS03405,0.0802066424089272
SYNPCC7002_RS11400,SYNPCC7002_RS08255,0.080196369095783
SYNPCC7002_RS04890,SYNPCC7002_RS02795,0.0801963089354299
SYNPCC7002_RS10050,SYNPCC7002_RS07745,0.0801944795600851
SYNPCC7002_RS09175,SYNPCC7002_RS07890,0.080170572106699
SYNPCC7002_RS05985,SYNPCC7002_RS12510,0.0801685259296957
SYNPCC7002_RS01335,SYNPCC7002_RS00485,0.0801504795597208
SYNPCC7002_RS04650,SYNPCC7002_RS00885,0.0801468066673473
SYNPCC7002_RS09320,SYNPCC7002_RS06135,0.0801442106932516
SYNPCC7002_RS09995,SYNPCC7002_RS00385,0.0801402403600264
SYNPCC7002_RS03760,SYNPCC7002_RS11510,0.0801371524779801
SYNPCC7002_RS09820,SYNPCC7002_RS01000,0.0801297297935468
SYNPCC7002_RS09820,SYNPCC7002_RS02820,0.0801236793956645
SYNPCC7002_RS08965,SYNPCC7002_RS02200,0.0801191017892241
SYNPCC7002_RS11400,SYNPCC7002_RS04060,0.0801179595420712
SYNPCC7002_RS09320,SYNPCC7002_RS13645,0.080102491678921
SYNPCC7002_RS08965,SYNPCC7002_RS04025,0.0800947030269085
SYNPCC7002_RS08390,SYNPCC7002_RS15910,0.0800896692178665
SYNPCC7002_RS05460,SYNPCC7002_RS08895,0.0800891970480297
SYNPCC7002_RS09260,SYNPCC7002_RS00110,0.0800842218857017
SYNPCC7002_RS06005,SYNPCC7002_RS00920,0.0800773904581441
SYNPCC7002_RS04680,SYNPCC7002_RS00300,0.0800743627961562
SYNPCC7002_RS09320,SYNPCC7002_RS02260,0.0800743062325904
SYNPCC7002_RS02455,SYNPCC7002_RS07385,0.0800553646810596
SYNPCC7002_RS04650,SYNPCC7002_RS16635,0.0800553256631642
SYNPCC7002_RS15255,SYNPCC7002_RS04665,0.0800504894140196
SYNPCC7002_RS05460,SYNPCC7002_RS17030,0.0800499839097449
SYNPCC7002_RS11400,SYNPCC7002_RS04210,0.0800481396324153
SYNPCC7002_RS11685,SYNPCC7002_RS00885,0.0800352728765693
SYNPCC7002_RS04890,SYNPCC7002_RS05305,0.0800326932463073
SYNPCC7002_RS05985,SYNPCC7002_RS00360,0.0800296778627234
SYNPCC7002_RS09320,SYNPCC7002_RS11635,0.0800277935545828
SYNPCC7002_RS05460,SYNPCC7002_RS13725,0.080024068911587
SYNPCC7002_RS05460,SYNPCC7002_RS10820,0.0800234017028152
SYNPCC7002_RS09995,SYNPCC7002_RS00145,0.0800150917745564
SYNPCC7002_RS08255,SYNPCC7002_RS01565,0.0800078277648202
SYNPCC7002_RS05460,SYNPCC7002_RS15075,0.0800030338809488
SYNPCC7002_RS07385,SYNPCC7002_RS00980,0.080002675736673
SYNPCC7002_RS08390,SYNPCC7002_RS09345,0.0799973999474045
SYNPCC7002_RS05135,SYNPCC7002_RS10945,0.0799955003669621
SYNPCC7002_RS09780,SYNPCC7002_RS16385,0.0799906360286321
SYNPCC7002_RS08210,SYNPCC7002_RS10620,0.0799861410256378
SYNPCC7002_RS09995,SYNPCC7002_RS09075,0.079976322147505
SYNPCC7002_RS00690,SYNPCC7002_RS03825,0.0799702699315382
SYNPCC7002_RS04780,SYNPCC7002_RS14045,0.0799602512069354
SYNPCC7002_RS11400,SYNPCC7002_RS12835,0.079955800120973
SYNPCC7002_RS04250,SYNPCC7002_RS12850,0.0799521300031457
SYNPCC7002_RS00640,SYNPCC7002_RS13345,0.0799476713410721
SYNPCC7002_RS02715,SYNPCC7002_RS08890,0.0799369590833218
SYNPCC7002_RS11400,SYNPCC7002_RS08410,0.0799346622206464
SYNPCC7002_RS04250,SYNPCC7002_RS09885,0.0799338329613218
SYNPCC7002_RS07385,SYNPCC7002_RS03455,0.0799291223464486
SYNPCC7002_RS03030,SYNPCC7002_RS11220,0.0799202494701694
SYNPCC7002_RS08965,SYNPCC7002_RS13260,0.0799182660156779
SYNPCC7002_RS09090,SYNPCC7002_RS15720,0.079902923098625
SYNPCC7002_RS08480,SYNPCC7002_RS07790,0.0799016573771012
SYNPCC7002_RS05985,SYNPCC7002_RS06885,0.0798993590535239
SYNPCC7002_RS04250,SYNPCC7002_RS04850,0.079895155507445
SYNPCC7002_RS15255,SYNPCC7002_RS15335,0.0798947974597266
SYNPCC7002_RS05985,SYNPCC7002_RS08545,0.079894187037198
SYNPCC7002_RS12515,SYNPCC7002_RS04775,0.0798928901734378
SYNPCC7002_RS12090,SYNPCC7002_RS06600,0.0798845302969854
SYNPCC7002_RS10145,SYNPCC7002_RS03970,0.079870400380745
SYNPCC7002_RS15410,SYNPCC7002_RS04830,0.0798642609128402
SYNPCC7002_RS11685,SYNPCC7002_RS10925,0.0798637197138542
SYNPCC7002_RS08210,SYNPCC7002_RS02620,0.0798630473063408
SYNPCC7002_RS01335,SYNPCC7002_RS06835,0.0798563467783448
SYNPCC7002_RS03950,SYNPCC7002_RS11195,0.0798558265764048
SYNPCC7002_RS11685,SYNPCC7002_RS12805,0.0798557194369309
SYNPCC7002_RS04250,SYNPCC7002_RS00355,0.0798549398154439
SYNPCC7002_RS08480,SYNPCC7002_RS13075,0.0798331555484705
SYNPCC7002_RS01420,SYNPCC7002_RS00265,0.0798308863622064
SYNPCC7002_RS15520,SYNPCC7002_RS04075,0.0798299076664047
SYNPCC7002_RS04780,SYNPCC7002_RS07990,0.0798266831207191
SYNPCC7002_RS04250,SYNPCC7002_RS15985,0.0798219245007143
SYNPCC7002_RS05460,SYNPCC7002_RS04760,0.0798179629104943
SYNPCC7002_RS04250,SYNPCC7002_RS13815,0.0798120095779336
SYNPCC7002_RS14385,SYNPCC7002_RS14470,0.0798047133263877
SYNPCC7002_RS00010,SYNPCC7002_RS03625,0.0798028569766668
SYNPCC7002_RS04890,SYNPCC7002_RS00370,0.079796003287011
SYNPCC7002_RS08965,SYNPCC7002_RS14110,0.0797833119654944
SYNPCC7002_RS00635,SYNPCC7002_RS13605,0.0797816718341963
SYNPCC7002_RS09780,SYNPCC7002_RS11440,0.079758910302127
SYNPCC7002_RS03030,SYNPCC7002_RS03805,0.0797561369504294
SYNPCC7002_RS00010,SYNPCC7002_RS03295,0.0797507847192946
SYNPCC7002_RS01335,SYNPCC7002_RS15470,0.0797496604956456
SYNPCC7002_RS03030,SYNPCC7002_RS07975,0.0797425340465766
SYNPCC7002_RS16320,SYNPCC7002_RS15625,0.079733048969099
SYNPCC7002_RS09175,SYNPCC7002_RS07825,0.0797306176964451
SYNPCC7002_RS12395,SYNPCC7002_RS05405,0.0797264240046965
SYNPCC7002_RS12395,SYNPCC7002_RS02795,0.0797216397076656
SYNPCC7002_RS05135,SYNPCC7002_RS06025,0.0797193523815343
SYNPCC7002_RS05135,SYNPCC7002_RS12955,0.0797154594610463
SYNPCC7002_RS07295,SYNPCC7002_RS16900,0.0797139412025657
SYNPCC7002_RS16320,SYNPCC7002_RS05585,0.0797134861591686
SYNPCC7002_RS03950,SYNPCC7002_RS15990,0.0796977408191173
SYNPCC7002_RS15410,SYNPCC7002_RS14880,0.0796954283174066
SYNPCC7002_RS09630,SYNPCC7002_RS14800,0.0796864825993774
SYNPCC7002_RS00690,SYNPCC7002_RS14950,0.0796841591424263
SYNPCC7002_RS08175,SYNPCC7002_RS08105,0.0796798985667103
SYNPCC7002_RS04780,SYNPCC7002_RS08525,0.0796758542255602
SYNPCC7002_RS15255,SYNPCC7002_RS16595,0.0796724065644349
SYNPCC7002_RS09320,SYNPCC7002_RS02355,0.0796716058284173
SYNPCC7002_RS00050,SYNPCC7002_RS16025,0.0796677878582845
SYNPCC7002_RS01335,SYNPCC7002_RS02315,0.079664047084864
SYNPCC7002_RS09090,SYNPCC7002_RS16305,0.0796637454296062
SYNPCC7002_RS11400,SYNPCC7002_RS04955,0.0796615561223621
SYNPCC7002_RS12515,SYNPCC7002_RS09300,0.0796601188969795
SYNPCC7002_RS12395,SYNPCC7002_RS13615,0.0796596249669582
SYNPCC7002_RS04680,SYNPCC7002_RS08635,0.0796534375879135
SYNPCC7002_RS10050,SYNPCC7002_RS13820,0.0796532871573808
SYNPCC7002_RS04890,SYNPCC7002_RS06720,0.0796454672484832
SYNPCC7002_RS01335,SYNPCC7002_RS03310,0.0796436579251166
SYNPCC7002_RS06540,SYNPCC7002_RS12800,0.0796432874762111
SYNPCC7002_RS00640,SYNPCC7002_RS13705,0.0796427373271951
SYNPCC7002_RS09780,SYNPCC7002_RS15135,0.0796394549448348
SYNPCC7002_RS09820,SYNPCC7002_RS14075,0.0796391007664043
SYNPCC7002_RS08480,SYNPCC7002_RS14520,0.0796207038453441
SYNPCC7002_RS07295,SYNPCC7002_RS08790,0.0796126443680303
SYNPCC7002_RS08965,SYNPCC7002_RS12055,0.0796095866609832
SYNPCC7002_RS04250,SYNPCC7002_RS10735,0.0796089341439861
SYNPCC7002_RS08390,SYNPCC7002_RS01095,0.0796076334243751
SYNPCC7002_RS03295,SYNPCC7002_RS04300,0.0796040154803456
SYNPCC7002_RS09260,SYNPCC7002_RS02645,0.079600824048583
SYNPCC7002_RS09820,SYNPCC7002_RS00415,0.0795982361123527
SYNPCC7002_RS08965,SYNPCC7002_RS09995,0.0795968980535347
SYNPCC7002_RS09630,SYNPCC7002_RS02895,0.0795921270329401
SYNPCC7002_RS03950,SYNPCC7002_RS14505,0.0795850872716498
SYNPCC7002_RS03950,SYNPCC7002_RS13210,0.0795796345208724
SYNPCC7002_RS04890,SYNPCC7002_RS10890,0.0795735034737841
SYNPCC7002_RS12105,SYNPCC7002_RS11935,0.0795674331872801
SYNPCC7002_RS12090,SYNPCC7002_RS12270,0.0795600245672876
SYNPCC7002_RS05135,SYNPCC7002_RS09025,0.0795508021560982
SYNPCC7002_RS00690,SYNPCC7002_RS09500,0.079550721505584
SYNPCC7002_RS04890,SYNPCC7002_RS05395,0.0795347625760766
SYNPCC7002_RS12395,SYNPCC7002_RS10765,0.0795253540256545
SYNPCC7002_RS07385,SYNPCC7002_RS12965,0.0795131882024866
SYNPCC7002_RS08965,SYNPCC7002_RS02730,0.0795121376559065
SYNPCC7002_RS05135,SYNPCC7002_RS08665,0.0795086909139626
SYNPCC7002_RS05135,SYNPCC7002_RS08135,0.0795058132940818
SYNPCC7002_RS01335,SYNPCC7002_RS12970,0.0794984459401036
SYNPCC7002_RS12395,SYNPCC7002_RS07945,0.0794949445305411
SYNPCC7002_RS08390,SYNPCC7002_RS06110,0.0794930949792957
SYNPCC7002_RS04890,SYNPCC7002_RS16130,0.0794918698438268
SYNPCC7002_RS00640,SYNPCC7002_RS15075,0.0794891041406893
SYNPCC7002_RS06005,SYNPCC7002_RS13440,0.0794862436425946
SYNPCC7002_RS12105,SYNPCC7002_RS11075,0.0794834362816338
SYNPCC7002_RS09995,SYNPCC7002_RS03820,0.0794826308866922
SYNPCC7002_RS09630,SYNPCC7002_RS06150,0.0794796700857217
SYNPCC7002_RS04780,SYNPCC7002_RS03720,0.0794779722993578
SYNPCC7002_RS00640,SYNPCC7002_RS14855,0.0794765777594112
SYNPCC7002_RS00050,SYNPCC7002_RS13255,0.0794726501770513
SYNPCC7002_RS00690,SYNPCC7002_RS07705,0.0794501099406835
SYNPCC7002_RS12515,SYNPCC7002_RS09620,0.0794409617609523
SYNPCC7002_RS11685,SYNPCC7002_RS12690,0.0794345741391735
SYNPCC7002_RS09420,SYNPCC7002_RS01915,0.0794315687811536
SYNPCC7002_RS15255,SYNPCC7002_RS15130,0.0794311093668113
SYNPCC7002_RS04680,SYNPCC7002_RS12305,0.079428801328646
SYNPCC7002_RS12515,SYNPCC7002_RS11725,0.0794199626216777
SYNPCC7002_RS01335,SYNPCC7002_RS14895,0.0794172661337889
SYNPCC7002_RS08175,SYNPCC7002_RS08285,0.0794170129484662
SYNPCC7002_RS04890,SYNPCC7002_RS04065,0.0794163773875587
SYNPCC7002_RS04780,SYNPCC7002_RS08390,0.0794143989121558
SYNPCC7002_RS12090,SYNPCC7002_RS14055,0.0794123969369723
SYNPCC7002_RS08965,SYNPCC7002_RS01290,0.0794094745808969
SYNPCC7002_RS05460,SYNPCC7002_RS05880,0.0793951201512511
SYNPCC7002_RS16320,SYNPCC7002_RS14430,0.0793933307004225
SYNPCC7002_RS05460,SYNPCC7002_RS06665,0.079386867910011
SYNPCC7002_RS05135,SYNPCC7002_RS12240,0.0793866371635682
SYNPCC7002_RS05135,SYNPCC7002_RS09370,0.079384028949486
SYNPCC7002_RS00050,SYNPCC7002_RS02360,0.0793801398049513
SYNPCC7002_RS04890,SYNPCC7002_RS16960,0.0793778735890617
SYNPCC7002_RS12515,SYNPCC7002_RS06830,0.0793722927609192
SYNPCC7002_RS11685,SYNPCC7002_RS00795,0.0793713933602132
SYNPCC7002_RS06005,SYNPCC7002_RS11750,0.0793665164377002
SYNPCC7002_RS04250,SYNPCC7002_RS10025,0.0793631537970478
SYNPCC7002_RS05135,SYNPCC7002_RS07590,0.0793584314015721
SYNPCC7002_RS04250,SYNPCC7002_RS09110,0.0793567938980767
SYNPCC7002_RS03030,SYNPCC7002_RS09290,0.0793566160627756
SYNPCC7002_RS12395,SYNPCC7002_RS05305,0.0793529625779551
SYNPCC7002_RS08390,SYNPCC7002_RS10625,0.0793415568425738
SYNPCC7002_RS08390,SYNPCC7002_RS15515,0.079340306489006
SYNPCC7002_RS05985,SYNPCC7002_RS08265,0.0793386751842513
SYNPCC7002_RS15520,SYNPCC7002_RS01880,0.0793292835688013
SYNPCC7002_RS00650,SYNPCC7002_RS09740,0.0793267545881319
SYNPCC7002_RS04650,SYNPCC7002_RS07890,0.079320373109866
SYNPCC7002_RS01335,SYNPCC7002_RS00030,0.0793170911065015
SYNPCC7002_RS04250,SYNPCC7002_RS11960,0.0793118492651549
SYNPCC7002_RS12395,SYNPCC7002_RS02090,0.0793096716140795
SYNPCC7002_RS08390,SYNPCC7002_RS03445,0.0793051873414008
SYNPCC7002_RS09320,SYNPCC7002_RS13980,0.0793038710205802
SYNPCC7002_RS01335,SYNPCC7002_RS00950,0.079299925049354
SYNPCC7002_RS04890,SYNPCC7002_RS11585,0.0792936319671593
SYNPCC7002_RS12395,SYNPCC7002_RS16420,0.0792909564245155
SYNPCC7002_RS03030,SYNPCC7002_RS16070,0.0792907825199389
SYNPCC7002_RS08945,SYNPCC7002_RS12130,0.0792873521722592
SYNPCC7002_RS05135,SYNPCC7002_RS08010,0.0792866534072897
SYNPCC7002_RS08945,SYNPCC7002_RS12910,0.0792822690609468
SYNPCC7002_RS00650,SYNPCC7002_RS12135,0.0792817783617554
SYNPCC7002_RS15520,SYNPCC7002_RS00445,0.0792816169551564
SYNPCC7002_RS14790,SYNPCC7002_RS13910,0.0792781916350764
SYNPCC7002_RS02455,SYNPCC7002_RS15535,0.0792706612989205
SYNPCC7002_RS08255,SYNPCC7002_RS05050,0.0792613770400531
SYNPCC7002_RS07385,SYNPCC7002_RS13695,0.07925710713448
SYNPCC7002_RS04650,SYNPCC7002_RS02550,0.0792570755619573
SYNPCC7002_RS12395,SYNPCC7002_RS16935,0.0792567344612622
SYNPCC7002_RS15410,SYNPCC7002_RS07635,0.0792547913173539
SYNPCC7002_RS05460,SYNPCC7002_RS08885,0.0792492267829715
SYNPCC7002_RS12515,SYNPCC7002_RS00475,0.0792451107659608
SYNPCC7002_RS03030,SYNPCC7002_RS06415,0.0792442099954425
SYNPCC7002_RS11685,SYNPCC7002_RS14750,0.0792438826799702
SYNPCC7002_RS01335,SYNPCC7002_RS08330,0.0792378603265246
SYNPCC7002_RS15520,SYNPCC7002_RS06680,0.0792328816100914
SYNPCC7002_RS05135,SYNPCC7002_RS09520,0.0792323305517418
SYNPCC7002_RS11400,SYNPCC7002_RS14175,0.0792232155398075
SYNPCC7002_RS05135,SYNPCC7002_RS04270,0.0792208649135538
SYNPCC7002_RS09260,SYNPCC7002_RS09255,0.0792206844797678
SYNPCC7002_RS10050,SYNPCC7002_RS13535,0.0792191860029472
SYNPCC7002_RS12515,SYNPCC7002_RS04030,0.0792181034487957
SYNPCC7002_RS08255,SYNPCC7002_RS10140,0.0792158326044346
SYNPCC7002_RS02715,SYNPCC7002_RS08370,0.0792154177615766
SYNPCC7002_RS08210,SYNPCC7002_RS03590,0.0792137985667364
SYNPCC7002_RS01420,SYNPCC7002_RS11140,0.0792090290481747
SYNPCC7002_RS10050,SYNPCC7002_RS15155,0.0792088819828762
SYNPCC7002_RS01335,SYNPCC7002_RS09625,0.0792076255540229
SYNPCC7002_RS09630,SYNPCC7002_RS11825,0.0792073253379002
SYNPCC7002_RS06005,SYNPCC7002_RS14970,0.0791983134865123
SYNPCC7002_RS09780,SYNPCC7002_RS03795,0.0791982728434989
SYNPCC7002_RS05135,SYNPCC7002_RS02170,0.0791945520875479
SYNPCC7002_RS09630,SYNPCC7002_RS02345,0.0791938877216454
SYNPCC7002_RS08945,SYNPCC7002_RS09355,0.0791930113474191
SYNPCC7002_RS08965,SYNPCC7002_RS01225,0.0791873869767176
SYNPCC7002_RS12395,SYNPCC7002_RS11355,0.0791840439949274
SYNPCC7002_RS04250,SYNPCC7002_RS14735,0.0791803197369775
SYNPCC7002_RS01335,SYNPCC7002_RS03605,0.0791640452554291
SYNPCC7002_RS09820,SYNPCC7002_RS07875,0.0791630323407257
SYNPCC7002_RS08965,SYNPCC7002_RS05380,0.079162933869976
SYNPCC7002_RS09320,SYNPCC7002_RS12380,0.0791613760245557
SYNPCC7002_RS15410,SYNPCC7002_RS16900,0.0791569782277071
SYNPCC7002_RS08965,SYNPCC7002_RS02435,0.0791493243019297
SYNPCC7002_RS12395,SYNPCC7002_RS07730,0.0791434325787441
SYNPCC7002_RS14790,SYNPCC7002_RS12195,0.079141093079926
SYNPCC7002_RS00260,SYNPCC7002_RS10175,0.0791394094528314
SYNPCC7002_RS00050,SYNPCC7002_RS10725,0.0791265329196388
SYNPCC7002_RS08390,SYNPCC7002_RS11260,0.0791254688040639
SYNPCC7002_RS03030,SYNPCC7002_RS00445,0.0791234042421372
SYNPCC7002_RS15520,SYNPCC7002_RS01715,0.0791227828448929
SYNPCC7002_RS08175,SYNPCC7002_RS00940,0.0791154437207133
SYNPCC7002_RS12515,SYNPCC7002_RS10050,0.0791061971822034
SYNPCC7002_RS00650,SYNPCC7002_RS02445,0.0791042118126869
SYNPCC7002_RS03030,SYNPCC7002_RS01210,0.0790985144895187
SYNPCC7002_RS09820,SYNPCC7002_RS11555,0.0790919122304408
SYNPCC7002_RS05460,SYNPCC7002_RS14805,0.0790798064813928
SYNPCC7002_RS12090,SYNPCC7002_RS04875,0.0790748307983082
SYNPCC7002_RS10050,SYNPCC7002_RS15870,0.0790745713011839
SYNPCC7002_RS04780,SYNPCC7002_RS06535,0.0790630964600314
SYNPCC7002_RS09780,SYNPCC7002_RS04510,0.0790615039355217
SYNPCC7002_RS09260,SYNPCC7002_RS09500,0.0790521919503774
SYNPCC7002_RS08210,SYNPCC7002_RS11665,0.0790507860478754
SYNPCC7002_RS04780,SYNPCC7002_RS00075,0.0790448494181383
SYNPCC7002_RS05135,SYNPCC7002_RS15085,0.07903880709942
SYNPCC7002_RS09260,SYNPCC7002_RS15530,0.0790349906051599
SYNPCC7002_RS06540,SYNPCC7002_RS00235,0.0790309089482836
SYNPCC7002_RS05135,SYNPCC7002_RS08475,0.0790266595770966
SYNPCC7002_RS01420,SYNPCC7002_RS07585,0.0790251406069355
SYNPCC7002_RS01085,SYNPCC7002_RS16825,0.0790235865786051
SYNPCC7002_RS15255,SYNPCC7002_RS06615,0.0790226993709448
SYNPCC7002_RS03760,SYNPCC7002_RS13245,0.0790103007261844
SYNPCC7002_RS03030,SYNPCC7002_RS05365,0.079009269369527
SYNPCC7002_RS12515,SYNPCC7002_RS08170,0.0790079457977806
SYNPCC7002_RS06005,SYNPCC7002_RS14550,0.0790067614886891
SYNPCC7002_RS01335,SYNPCC7002_RS12880,0.0790060892304393
SYNPCC7002_RS12395,SYNPCC7002_RS05265,0.0790033060168969
SYNPCC7002_RS05135,SYNPCC7002_RS07685,0.0790004136575739
SYNPCC7002_RS01420,SYNPCC7002_RS17230,0.0789976176820014
SYNPCC7002_RS11685,SYNPCC7002_RS11660,0.0789959501236678
SYNPCC7002_RS08965,SYNPCC7002_RS07385,0.0789868955098646
SYNPCC7002_RS08965,SYNPCC7002_RS01790,0.0789858532438252
SYNPCC7002_RS03030,SYNPCC7002_RS02225,0.0789847033067759
SYNPCC7002_RS12090,SYNPCC7002_RS05910,0.0789826949800033
SYNPCC7002_RS01085,SYNPCC7002_RS15420,0.0789767366878162
SYNPCC7002_RS05460,SYNPCC7002_RS03160,0.0789708258377055
SYNPCC7002_RS05135,SYNPCC7002_RS02995,0.0789693345873644
SYNPCC7002_RS08390,SYNPCC7002_RS08085,0.0789662918928149
SYNPCC7002_RS09420,SYNPCC7002_RS14025,0.0789654137379672
SYNPCC7002_RS10050,SYNPCC7002_RS09160,0.0789644991114067
SYNPCC7002_RS06540,SYNPCC7002_RS14140,0.0789558788200496
SYNPCC7002_RS04780,SYNPCC7002_RS09830,0.07895548917231
SYNPCC7002_RS15255,SYNPCC7002_RS16710,0.0789457671054527
SYNPCC7002_RS03030,SYNPCC7002_RS02690,0.0789450229078136
SYNPCC7002_RS08210,SYNPCC7002_RS09950,0.0789376755675979
SYNPCC7002_RS08965,SYNPCC7002_RS00710,0.0789215352597107
SYNPCC7002_RS00640,SYNPCC7002_RS09800,0.0789079077829684
SYNPCC7002_RS00690,SYNPCC7002_RS08235,0.0789073546849682
SYNPCC7002_RS05985,SYNPCC7002_RS11160,0.0789041374044036
SYNPCC7002_RS08210,SYNPCC7002_RS13575,0.078903792378494
SYNPCC7002_RS01420,SYNPCC7002_RS01005,0.0788896470279343
SYNPCC7002_RS04780,SYNPCC7002_RS16120,0.0788852335726781
SYNPCC7002_RS09320,SYNPCC7002_RS02690,0.0788819667898083
SYNPCC7002_RS08945,SYNPCC7002_RS14010,0.0788737735232243
SYNPCC7002_RS00650,SYNPCC7002_RS02260,0.0788732419999647
SYNPCC7002_RS04890,SYNPCC7002_RS05125,0.0788732369620841
SYNPCC7002_RS09845,SYNPCC7002_RS05785,0.078871802731889
SYNPCC7002_RS04780,SYNPCC7002_RS06185,0.0788716318259294
SYNPCC7002_RS15520,SYNPCC7002_RS11220,0.0788665407603781
SYNPCC7002_RS09175,SYNPCC7002_RS00615,0.0788573671053635
SYNPCC7002_RS08210,SYNPCC7002_RS08335,0.0788485111656862
SYNPCC7002_RS02715,SYNPCC7002_RS13210,0.0788369335926031
SYNPCC7002_RS09995,SYNPCC7002_RS02900,0.0788330902865585
SYNPCC7002_RS08965,SYNPCC7002_RS04445,0.078832956789451
SYNPCC7002_RS08210,SYNPCC7002_RS01385,0.0788303516387002
SYNPCC7002_RS09260,SYNPCC7002_RS04965,0.0788201491161678
SYNPCC7002_RS04250,SYNPCC7002_RS05405,0.0788188648474411
SYNPCC7002_RS00260,SYNPCC7002_RS10720,0.0788174450152216
SYNPCC7002_RS00050,SYNPCC7002_RS08605,0.0788100954377889
SYNPCC7002_RS08965,SYNPCC7002_RS09740,0.0788069296059228
SYNPCC7002_RS08175,SYNPCC7002_RS03760,0.078805646415562
SYNPCC7002_RS08255,SYNPCC7002_RS10935,0.0788029410857647
SYNPCC7002_RS08210,SYNPCC7002_RS15520,0.0788026461207
SYNPCC7002_RS03295,SYNPCC7002_RS14355,0.0787996030722893
SYNPCC7002_RS08210,SYNPCC7002_RS11840,0.0787920131141066
SYNPCC7002_RS09995,SYNPCC7002_RS03575,0.0787900026392342
SYNPCC7002_RS08390,SYNPCC7002_RS05695,0.0787747834741977
SYNPCC7002_RS00690,SYNPCC7002_RS07185,0.0787722713644547
SYNPCC7002_RS08210,SYNPCC7002_RS07080,0.0787709963505755
SYNPCC7002_RS05135,SYNPCC7002_RS00305,0.0787677516575123
SYNPCC7002_RS06150,SYNPCC7002_RS15765,0.0787614162383294
SYNPCC7002_RS10145,SYNPCC7002_RS06355,0.0787541163764789
SYNPCC7002_RS08255,SYNPCC7002_RS14310,0.0787451505622725
SYNPCC7002_RS08945,SYNPCC7002_RS10315,0.0787441089752406
SYNPCC7002_RS04780,SYNPCC7002_RS10435,0.0787368957652127
SYNPCC7002_RS09845,SYNPCC7002_RS13795,0.0787297408448957
SYNPCC7002_RS15410,SYNPCC7002_RS01425,0.0787241116367919
SYNPCC7002_RS15410,SYNPCC7002_RS08455,0.0787238225045704
SYNPCC7002_RS08945,SYNPCC7002_RS13955,0.0787184741362115
SYNPCC7002_RS12395,SYNPCC7002_RS02805,0.0787132992279179
SYNPCC7002_RS12395,SYNPCC7002_RS11690,0.0787065093022615
SYNPCC7002_RS03030,SYNPCC7002_RS11880,0.0787029760001364
SYNPCC7002_RS09995,SYNPCC7002_RS11300,0.0787018810434106
SYNPCC7002_RS00640,SYNPCC7002_RS14630,0.0787004940493167
SYNPCC7002_RS08965,SYNPCC7002_RS05700,0.078700006290761
SYNPCC7002_RS01420,SYNPCC7002_RS03230,0.0786991631524702
SYNPCC7002_RS07385,SYNPCC7002_RS16020,0.078695905806797
SYNPCC7002_RS10145,SYNPCC7002_RS13760,0.0786915318967378
SYNPCC7002_RS11685,SYNPCC7002_RS08220,0.0786864704229509
SYNPCC7002_RS06540,SYNPCC7002_RS10910,0.078685648834443
SYNPCC7002_RS04890,SYNPCC7002_RS06785,0.0786841059371139
SYNPCC7002_RS09995,SYNPCC7002_RS01705,0.0786730627825603
SYNPCC7002_RS05460,SYNPCC7002_RS00105,0.0786730576365811
SYNPCC7002_RS06540,SYNPCC7002_RS01620,0.0786693561349679
SYNPCC7002_RS05135,SYNPCC7002_RS01930,0.0786612403770625
SYNPCC7002_RS04780,SYNPCC7002_RS12650,0.0786534817426907
SYNPCC7002_RS00640,SYNPCC7002_RS14490,0.0786511983660061
SYNPCC7002_RS09630,SYNPCC7002_RS15925,0.0786508017081719
SYNPCC7002_RS09995,SYNPCC7002_RS01860,0.0786401469756283
SYNPCC7002_RS14385,SYNPCC7002_RS16785,0.0786400645929413
SYNPCC7002_RS02455,SYNPCC7002_RS06875,0.0786361706948137
SYNPCC7002_RS04780,SYNPCC7002_RS01615,0.07863408058824
SYNPCC7002_RS03760,SYNPCC7002_RS10920,0.0786268516553061
SYNPCC7002_RS08210,SYNPCC7002_RS07980,0.0786256602880984
SYNPCC7002_RS03030,SYNPCC7002_RS09230,0.0786149434944485
SYNPCC7002_RS05135,SYNPCC7002_RS11585,0.0786147767488393
SYNPCC7002_RS05135,SYNPCC7002_RS07795,0.0786146985394233
SYNPCC7002_RS02715,SYNPCC7002_RS17155,0.0786127995191072
SYNPCC7002_RS15255,SYNPCC7002_RS14635,0.0786041349243185
SYNPCC7002_RS06150,SYNPCC7002_RS09630,0.0785987141264454
SYNPCC7002_RS09630,SYNPCC7002_RS11375,0.0785914944098919
SYNPCC7002_RS08965,SYNPCC7002_RS03395,0.0785768559612728
SYNPCC7002_RS04250,SYNPCC7002_RS08795,0.0785750311925527
SYNPCC7002_RS01420,SYNPCC7002_RS08665,0.0785665529939418
SYNPCC7002_RS04780,SYNPCC7002_RS13525,0.0785602640573453
SYNPCC7002_RS11685,SYNPCC7002_RS12560,0.0785599961927092
SYNPCC7002_RS15255,SYNPCC7002_RS04835,0.0785546150164775
SYNPCC7002_RS14440,SYNPCC7002_RS14420,0.0785539278861927
SYNPCC7002_RS05985,SYNPCC7002_RS11075,0.0785504256008521
SYNPCC7002_RS11400,SYNPCC7002_RS01620,0.0785462907579107
SYNPCC7002_RS08390,SYNPCC7002_RS09315,0.0785448732266419
SYNPCC7002_RS08965,SYNPCC7002_RS01380,0.078542611954939
SYNPCC7002_RS09995,SYNPCC7002_RS01385,0.0785355509516275
SYNPCC7002_RS11685,SYNPCC7002_RS09760,0.0785342544729799
SYNPCC7002_RS04250,SYNPCC7002_RS05005,0.0785319438612004
SYNPCC7002_RS08210,SYNPCC7002_RS11220,0.0785318617958003
SYNPCC7002_RS10050,SYNPCC7002_RS15805,0.0785306951776354
SYNPCC7002_RS11685,SYNPCC7002_RS11530,0.0785273039245365
SYNPCC7002_RS04890,SYNPCC7002_RS16930,0.0785154538060566
SYNPCC7002_RS12395,SYNPCC7002_RS08995,0.0785135154219614
SYNPCC7002_RS05135,SYNPCC7002_RS07465,0.078512784198876
SYNPCC7002_RS09320,SYNPCC7002_RS01600,0.0784945513575271
SYNPCC7002_RS00050,SYNPCC7002_RS10030,0.0784942098147089
SYNPCC7002_RS08175,SYNPCC7002_RS05905,0.0784923638660636
SYNPCC7002_RS12105,SYNPCC7002_RS01065,0.0784892497827341
SYNPCC7002_RS08390,SYNPCC7002_RS00485,0.0784815126780366
SYNPCC7002_RS04780,SYNPCC7002_RS15750,0.0784764345398738
SYNPCC7002_RS09090,SYNPCC7002_RS11495,0.0784759779611229
SYNPCC7002_RS12395,SYNPCC7002_RS12480,0.0784759528303401
SYNPCC7002_RS02715,SYNPCC7002_RS12200,0.0784727159603962
SYNPCC7002_RS08965,SYNPCC7002_RS06290,0.0784712964732176
SYNPCC7002_RS15520,SYNPCC7002_RS09295,0.0784672961760703
SYNPCC7002_RS08210,SYNPCC7002_RS15910,0.0784667057234476
SYNPCC7002_RS07295,SYNPCC7002_RS03100,0.078453509491767
SYNPCC7002_RS08210,SYNPCC7002_RS05740,0.0784423144653107
SYNPCC7002_RS01335,SYNPCC7002_RS08765,0.0784419144403455
SYNPCC7002_RS09780,SYNPCC7002_RS08445,0.0784397463384425
SYNPCC7002_RS09260,SYNPCC7002_RS02475,0.0784338656710782
SYNPCC7002_RS15255,SYNPCC7002_RS02065,0.0784334020556368
SYNPCC7002_RS03030,SYNPCC7002_RS01480,0.0784300811210032
SYNPCC7002_RS02715,SYNPCC7002_RS14065,0.0784268072923433
SYNPCC7002_RS09260,SYNPCC7002_RS00700,0.0784199527110169
SYNPCC7002_RS09780,SYNPCC7002_RS13815,0.078417871426969
SYNPCC7002_RS08480,SYNPCC7002_RS07840,0.0784144559205843
SYNPCC7002_RS00635,SYNPCC7002_RS05330,0.0784120781208533
SYNPCC7002_RS03760,SYNPCC7002_RS14725,0.0784072007286198
SYNPCC7002_RS05460,SYNPCC7002_RS16840,0.0783970197223686
SYNPCC7002_RS03030,SYNPCC7002_RS06380,0.0783857544925495
SYNPCC7002_RS08210,SYNPCC7002_RS11745,0.0783753840802019
SYNPCC7002_RS05460,SYNPCC7002_RS14810,0.078373477670692
SYNPCC7002_RS04250,SYNPCC7002_RS10895,0.0783675436836837
SYNPCC7002_RS04890,SYNPCC7002_RS11240,0.0783654946204508
SYNPCC7002_RS10145,SYNPCC7002_RS14705,0.0783627106960241
SYNPCC7002_RS07385,SYNPCC7002_RS10510,0.0783618181716437
SYNPCC7002_RS09780,SYNPCC7002_RS07565,0.0783602098130312
SYNPCC7002_RS09995,SYNPCC7002_RS03780,0.0783562611825322
SYNPCC7002_RS07385,SYNPCC7002_RS16095,0.0783562591848742
SYNPCC7002_RS05135,SYNPCC7002_RS05525,0.0783523547758912
SYNPCC7002_RS08390,SYNPCC7002_RS07320,0.0783522618068199
SYNPCC7002_RS08255,SYNPCC7002_RS09495,0.0783513087924911
SYNPCC7002_RS11400,SYNPCC7002_RS06225,0.0783424664679465
SYNPCC7002_RS03030,SYNPCC7002_RS16740,0.0783383546756019
SYNPCC7002_RS08965,SYNPCC7002_RS10910,0.0783357098906842
SYNPCC7002_RS09260,SYNPCC7002_RS04080,0.0783325026206457
SYNPCC7002_RS09630,SYNPCC7002_RS00870,0.0783312344195535
SYNPCC7002_RS11400,SYNPCC7002_RS03805,0.0783250339959795
SYNPCC7002_RS02715,SYNPCC7002_RS01940,0.0783217277597826
SYNPCC7002_RS07385,SYNPCC7002_RS00600,0.0783209928364925
SYNPCC7002_RS16320,SYNPCC7002_RS16830,0.0783128301713837
SYNPCC7002_RS15995,SYNPCC7002_RS10800,0.0783117179323285
SYNPCC7002_RS15995,SYNPCC7002_RS11715,0.0783114728880652
SYNPCC7002_RS15255,SYNPCC7002_RS11985,0.0783089985349234
SYNPCC7002_RS05135,SYNPCC7002_RS04620,0.078301778752655
SYNPCC7002_RS08965,SYNPCC7002_RS08290,0.0783011457047141
SYNPCC7002_RS09820,SYNPCC7002_RS04605,0.078300635648073
SYNPCC7002_RS04780,SYNPCC7002_RS16100,0.078295996441333
SYNPCC7002_RS05460,SYNPCC7002_RS16655,0.0782949103850898
SYNPCC7002_RS08965,SYNPCC7002_RS12625,0.0782919890840806
SYNPCC7002_RS04780,SYNPCC7002_RS04810,0.0782919486300519
