regulatoryGene,targetGene,weight
SYNPCC7942_RS06230,SYNPCC7942_RS06235,0.237659767081606
SYNPCC7942_RS11050,SYNPCC7942_RS11045,0.237215608058403
SYNPCC7942_RS11050,SYNPCC7942_RS11040,0.236167874709404
SYNPCC7942_RS03260,SYNPCC7942_RS03255,0.208271885132777
SYNPCC7942_RS08580,SYNPCC7942_RS08575,0.198638240147326
SYNPCC7942_RS09760,SYNPCC7942_RS02270,0.193584521252363
SYNPCC7942_RS02830,SYNPCC7942_RS01550,0.192655021725138
SYNPCC7942_RS09760,SYNPCC7942_RS09085,0.190460816450629
SYNPCC7942_RS09760,SYNPCC7942_RS02975,0.190207667891272
SYNPCC7942_RS02830,SYNPCC7942_RS07120,0.189143310125758
SYNPCC7942_RS09760,SYNPCC7942_RS09490,0.189008176992403
SYNPCC7942_RS09760,SYNPCC7942_RS01905,0.188952670723162
SYNPCC7942_RS02830,SYNPCC7942_RS11870,0.185856439370358
SYNPCC7942_RS02830,SYNPCC7942_RS11825,0.183951061611121
SYNPCC7942_RS00560,SYNPCC7942_RS00555,0.18161680000199
SYNPCC7942_RS09760,SYNPCC7942_RS06455,0.181520136419274
SYNPCC7942_RS02830,SYNPCC7942_RS14100,0.180293819847893
SYNPCC7942_RS03075,SYNPCC7942_RS01415,0.179827723925933
SYNPCC7942_RS09760,SYNPCC7942_RS09485,0.179314688957845
SYNPCC7942_RS03075,SYNPCC7942_RS11460,0.17842476267261
SYNPCC7942_RS09760,SYNPCC7942_RS09145,0.177696931241247
SYNPCC7942_RS08885,SYNPCC7942_RS08880,0.176153389598905
SYNPCC7942_RS11970,SYNPCC7942_RS12420,0.174916529770893
SYNPCC7942_RS06365,SYNPCC7942_RS06360,0.174793181606492
SYNPCC7942_RS09760,SYNPCC7942_RS01165,0.172922528178011
SYNPCC7942_RS09760,SYNPCC7942_RS02265,0.170947656265917
SYNPCC7942_RS09380,SYNPCC7942_RS02830,0.1687068164385
SYNPCC7942_RS02830,SYNPCC7942_RS09380,0.168596682880848
SYNPCC7942_RS03075,SYNPCC7942_RS12995,0.168133265673374
SYNPCC7942_RS02830,SYNPCC7942_RS11860,0.166780005225589
SYNPCC7942_RS02830,SYNPCC7942_RS11865,0.166597084668067
SYNPCC7942_RS02830,SYNPCC7942_RS12995,0.166174732184054
SYNPCC7942_RS09380,SYNPCC7942_RS03075,0.166085117827727
SYNPCC7942_RS11970,SYNPCC7942_RS12425,0.165767466790509
SYNPCC7942_RS03075,SYNPCC7942_RS11825,0.165245988241654
SYNPCC7942_RS02830,SYNPCC7942_RS00795,0.16478935548183
SYNPCC7942_RS09380,SYNPCC7942_RS11865,0.164129016671725
SYNPCC7942_RS03075,SYNPCC7942_RS01420,0.164006386792742
SYNPCC7942_RS12560,SYNPCC7942_RS02015,0.163882310217358
SYNPCC7942_RS09760,SYNPCC7942_RS08230,0.163218139812921
SYNPCC7942_RS09760,SYNPCC7942_RS02815,0.163157805210336
SYNPCC7942_RS03075,SYNPCC7942_RS09380,0.162683370321853
SYNPCC7942_RS09380,SYNPCC7942_RS08035,0.162660236997602
SYNPCC7942_RS09380,SYNPCC7942_RS08225,0.162295165080928
SYNPCC7942_RS09380,SYNPCC7942_RS14100,0.161623921065102
SYNPCC7942_RS03075,SYNPCC7942_RS07120,0.159623842164285
SYNPCC7942_RS09380,SYNPCC7942_RS00195,0.159119556007044
SYNPCC7942_RS03075,SYNPCC7942_RS01995,0.158610855522644
SYNPCC7942_RS00645,SYNPCC7942_RS06355,0.158258762055867
SYNPCC7942_RS09380,SYNPCC7942_RS08030,0.156908490182273
SYNPCC7942_RS12560,SYNPCC7942_RS12745,0.15640788248018
SYNPCC7942_RS03075,SYNPCC7942_RS12985,0.15602739851508
SYNPCC7942_RS05195,SYNPCC7942_RS05190,0.15521832591041
SYNPCC7942_RS09380,SYNPCC7942_RS01550,0.153859597016467
SYNPCC7942_RS09380,SYNPCC7942_RS11860,0.153587325759215
SYNPCC7942_RS03075,SYNPCC7942_RS08215,0.153150955412957
SYNPCC7942_RS09380,SYNPCC7942_RS08005,0.152893921568172
SYNPCC7942_RS08580,SYNPCC7942_RS08565,0.152516158953796
SYNPCC7942_RS12560,SYNPCC7942_RS11510,0.152471407617322
SYNPCC7942_RS03075,SYNPCC7942_RS01885,0.152262964338878
SYNPCC7942_RS00480,SYNPCC7942_RS06235,0.152261962925396
SYNPCC7942_RS02830,SYNPCC7942_RS03485,0.152069182161733
SYNPCC7942_RS07435,SYNPCC7942_RS08315,0.151948384454258
SYNPCC7942_RS09380,SYNPCC7942_RS11870,0.151823144724358
SYNPCC7942_RS03075,SYNPCC7942_RS08005,0.15180797625642
SYNPCC7942_RS03075,SYNPCC7942_RS01250,0.151404141073804
SYNPCC7942_RS03075,SYNPCC7942_RS08225,0.151183233257977
SYNPCC7942_RS12275,SYNPCC7942_RS01855,0.151164897434151
SYNPCC7942_RS07435,SYNPCC7942_RS00925,0.15093089064754
SYNPCC7942_RS02830,SYNPCC7942_RS12990,0.150881643206205
SYNPCC7942_RS07435,SYNPCC7942_RS10965,0.150808841443365
SYNPCC7942_RS08885,SYNPCC7942_RS01325,0.150015756261882
SYNPCC7942_RS12560,SYNPCC7942_RS05845,0.149815253218841
SYNPCC7942_RS08580,SYNPCC7942_RS08570,0.149636292456403
SYNPCC7942_RS12560,SYNPCC7942_RS03285,0.149385497335768
SYNPCC7942_RS09065,SYNPCC7942_RS07695,0.149312782871611
SYNPCC7942_RS03075,SYNPCC7942_RS12980,0.148607911764595
SYNPCC7942_RS11970,SYNPCC7942_RS11975,0.14816343694723
SYNPCC7942_RS09380,SYNPCC7942_RS10555,0.148068440878228
SYNPCC7942_RS07435,SYNPCC7942_RS01700,0.147443551442932
SYNPCC7942_RS02830,SYNPCC7942_RS08225,0.14718470630783
SYNPCC7942_RS00645,SYNPCC7942_RS10680,0.147141916482372
SYNPCC7942_RS02830,SYNPCC7942_RS08215,0.147054982279582
SYNPCC7942_RS12560,SYNPCC7942_RS04100,0.14702431328773
SYNPCC7942_RS03075,SYNPCC7942_RS12990,0.146865329463476
SYNPCC7942_RS07435,SYNPCC7942_RS01465,0.146754617396041
SYNPCC7942_RS09380,SYNPCC7942_RS07120,0.146339206014237
SYNPCC7942_RS09380,SYNPCC7942_RS11825,0.146112797207348
SYNPCC7942_RS12560,SYNPCC7942_RS06470,0.145985046998699
SYNPCC7942_RS08580,SYNPCC7942_RS08605,0.145777548596473
SYNPCC7942_RS09065,SYNPCC7942_RS09070,0.145732186903307
SYNPCC7942_RS02830,SYNPCC7942_RS11105,0.145686058733337
SYNPCC7942_RS02895,SYNPCC7942_RS05140,0.145495752506822
SYNPCC7942_RS08850,SYNPCC7942_RS08845,0.145469143306957
SYNPCC7942_RS02830,SYNPCC7942_RS08220,0.14523314888814
SYNPCC7942_RS02830,SYNPCC7942_RS12965,0.1450175967498
SYNPCC7942_RS03260,SYNPCC7942_RS03265,0.144918777291442
SYNPCC7942_RS09760,SYNPCC7942_RS07190,0.144855768630986
SYNPCC7942_RS08580,SYNPCC7942_RS08585,0.144567698034191
SYNPCC7942_RS09760,SYNPCC7942_RS09815,0.144549326825082
SYNPCC7942_RS09380,SYNPCC7942_RS01250,0.144393741113249
SYNPCC7942_RS03465,SYNPCC7942_RS11695,0.144267164224166
SYNPCC7942_RS03160,SYNPCC7942_RS01600,0.143673792597628
SYNPCC7942_RS02830,SYNPCC7942_RS08505,0.143454127813105
SYNPCC7942_RS12560,SYNPCC7942_RS12820,0.142916396793514
SYNPCC7942_RS12560,SYNPCC7942_RS04295,0.142635683307969
SYNPCC7942_RS00645,SYNPCC7942_RS06350,0.141527766886299
SYNPCC7942_RS02830,SYNPCC7942_RS08930,0.141520069424065
SYNPCC7942_RS03465,SYNPCC7942_RS05340,0.1414831699685
SYNPCC7942_RS09065,SYNPCC7942_RS09325,0.141129211437669
SYNPCC7942_RS12560,SYNPCC7942_RS00395,0.140957871672142
SYNPCC7942_RS07435,SYNPCC7942_RS10970,0.140725212501238
SYNPCC7942_RS11050,SYNPCC7942_RS11055,0.140703394323576
SYNPCC7942_RS09380,SYNPCC7942_RS08220,0.140446822333382
SYNPCC7942_RS09380,SYNPCC7942_RS01245,0.140430615653631
SYNPCC7942_RS03075,SYNPCC7942_RS05895,0.139705795344773
SYNPCC7942_RS02830,SYNPCC7942_RS01880,0.139332136103449
SYNPCC7942_RS10340,SYNPCC7942_RS05920,0.139105010906207
SYNPCC7942_RS09760,SYNPCC7942_RS01170,0.138940759910174
SYNPCC7942_RS09065,SYNPCC7942_RS11675,0.138911178017883
SYNPCC7942_RS02830,SYNPCC7942_RS11520,0.138878885463481
SYNPCC7942_RS03075,SYNPCC7942_RS08220,0.13879464926846
SYNPCC7942_RS03075,SYNPCC7942_RS12135,0.138756939979643
SYNPCC7942_RS03075,SYNPCC7942_RS12125,0.138468918818599
SYNPCC7942_RS02830,SYNPCC7942_RS07010,0.138173244569082
SYNPCC7942_RS09380,SYNPCC7942_RS10540,0.138030686020665
SYNPCC7942_RS09380,SYNPCC7942_RS08215,0.13775597968814
SYNPCC7942_RS06700,SYNPCC7942_RS07545,0.137162387633077
SYNPCC7942_RS12560,SYNPCC7942_RS12430,0.136690086558051
SYNPCC7942_RS09380,SYNPCC7942_RS08930,0.136596108476698
SYNPCC7942_RS03075,SYNPCC7942_RS12510,0.136426329152953
SYNPCC7942_RS03160,SYNPCC7942_RS08490,0.136103334097388
SYNPCC7942_RS09740,SYNPCC7942_RS07665,0.135859087180042
SYNPCC7942_RS03465,SYNPCC7942_RS11460,0.13575078151558
SYNPCC7942_RS09065,SYNPCC7942_RS08395,0.135341812445399
SYNPCC7942_RS03465,SYNPCC7942_RS11175,0.135189987513276
SYNPCC7942_RS07435,SYNPCC7942_RS05820,0.135058430965235
SYNPCC7942_RS09760,SYNPCC7942_RS08195,0.13487222231013
SYNPCC7942_RS07435,SYNPCC7942_RS05015,0.134800298165557
SYNPCC7942_RS09380,SYNPCC7942_RS08040,0.134609337571824
SYNPCC7942_RS12560,SYNPCC7942_RS11890,0.134553950645096
SYNPCC7942_RS03075,SYNPCC7942_RS09070,0.134462939232695
SYNPCC7942_RS03465,SYNPCC7942_RS13955,0.134361593406665
SYNPCC7942_RS02895,SYNPCC7942_RS10445,0.134218337437877
SYNPCC7942_RS08885,SYNPCC7942_RS12440,0.134101966000229
SYNPCC7942_RS03465,SYNPCC7942_RS08470,0.133988410668202
SYNPCC7942_RS08645,SYNPCC7942_RS08300,0.133975800388882
SYNPCC7942_RS12275,SYNPCC7942_RS01000,0.133939773060598
SYNPCC7942_RS07435,SYNPCC7942_RS10050,0.13382020585475
SYNPCC7942_RS00455,SYNPCC7942_RS08740,0.133785613296501
SYNPCC7942_RS07435,SYNPCC7942_RS01965,0.133782801707158
SYNPCC7942_RS03075,SYNPCC7942_RS13190,0.133773973514006
SYNPCC7942_RS03075,SYNPCC7942_RS00175,0.133716911844116
SYNPCC7942_RS03260,SYNPCC7942_RS11310,0.133598892251286
SYNPCC7942_RS12275,SYNPCC7942_RS01100,0.133550031754948
SYNPCC7942_RS12560,SYNPCC7942_RS07765,0.133527677170078
SYNPCC7942_RS03325,SYNPCC7942_RS13040,0.133525278060793
SYNPCC7942_RS03465,SYNPCC7942_RS13905,0.133274173629528
SYNPCC7942_RS09380,SYNPCC7942_RS00170,0.13313867334835
SYNPCC7942_RS07435,SYNPCC7942_RS01695,0.133052713236218
SYNPCC7942_RS00455,SYNPCC7942_RS10410,0.132948871760794
SYNPCC7942_RS03075,SYNPCC7942_RS09890,0.13293239199585
SYNPCC7942_RS03955,SYNPCC7942_RS10925,0.132843182287591
SYNPCC7942_RS09380,SYNPCC7942_RS12995,0.132526403611719
SYNPCC7942_RS02895,SYNPCC7942_RS06275,0.132417028894915
SYNPCC7942_RS09160,SYNPCC7942_RS07725,0.132266873108264
SYNPCC7942_RS09760,SYNPCC7942_RS09100,0.132196179917482
SYNPCC7942_RS12560,SYNPCC7942_RS12690,0.132173575224296
SYNPCC7942_RS09380,SYNPCC7942_RS10015,0.132111045540433
SYNPCC7942_RS03075,SYNPCC7942_RS02535,0.132033875785161
SYNPCC7942_RS09760,SYNPCC7942_RS01900,0.132017128388172
SYNPCC7942_RS07435,SYNPCC7942_RS01500,0.13199480451819
SYNPCC7942_RS03260,SYNPCC7942_RS06545,0.131892798381399
SYNPCC7942_RS03465,SYNPCC7942_RS11700,0.131717994876672
SYNPCC7942_RS12560,SYNPCC7942_RS00905,0.131604159820502
SYNPCC7942_RS08885,SYNPCC7942_RS01295,0.131107095101558
SYNPCC7942_RS03075,SYNPCC7942_RS04315,0.130670685093489
SYNPCC7942_RS03465,SYNPCC7942_RS07470,0.130657003197043
SYNPCC7942_RS03075,SYNPCC7942_RS10725,0.130561364496028
SYNPCC7942_RS03960,SYNPCC7942_RS03955,0.130486173339758
SYNPCC7942_RS07435,SYNPCC7942_RS11950,0.130402300901076
SYNPCC7942_RS07435,SYNPCC7942_RS01715,0.130402117788217
SYNPCC7942_RS12560,SYNPCC7942_RS12885,0.13038392445645
SYNPCC7942_RS12560,SYNPCC7942_RS11610,0.130366615681631
SYNPCC7942_RS03075,SYNPCC7942_RS13195,0.13026201905899
SYNPCC7942_RS03075,SYNPCC7942_RS03305,0.130251184116686
SYNPCC7942_RS07435,SYNPCC7942_RS05720,0.129880548484464
SYNPCC7942_RS03075,SYNPCC7942_RS14100,0.129873238292744
SYNPCC7942_RS00455,SYNPCC7942_RS00760,0.129865860067545
SYNPCC7942_RS03465,SYNPCC7942_RS07490,0.129798146610152
SYNPCC7942_RS10700,SYNPCC7942_RS10815,0.129788296542247
SYNPCC7942_RS03075,SYNPCC7942_RS01245,0.129527711690643
SYNPCC7942_RS00645,SYNPCC7942_RS12840,0.129500635934436
SYNPCC7942_RS12560,SYNPCC7942_RS00590,0.129415366699588
SYNPCC7942_RS12275,SYNPCC7942_RS12265,0.128944304772153
SYNPCC7942_RS11050,SYNPCC7942_RS07480,0.128696101134715
SYNPCC7942_RS07435,SYNPCC7942_RS03630,0.128625302220716
SYNPCC7942_RS03465,SYNPCC7942_RS09325,0.128598647685353
SYNPCC7942_RS02830,SYNPCC7942_RS12985,0.128479030547268
SYNPCC7942_RS07435,SYNPCC7942_RS03280,0.128463348590747
SYNPCC7942_RS07435,SYNPCC7942_RS06795,0.128451920121701
SYNPCC7942_RS03160,SYNPCC7942_RS02570,0.128322760080284
SYNPCC7942_RS08885,SYNPCC7942_RS05645,0.128312444600389
SYNPCC7942_RS03075,SYNPCC7942_RS08035,0.128213517723212
SYNPCC7942_RS03260,SYNPCC7942_RS11320,0.128170208442599
SYNPCC7942_RS10170,SYNPCC7942_RS00230,0.128082557937151
SYNPCC7942_RS03160,SYNPCC7942_RS01180,0.128058281447884
SYNPCC7942_RS09500,SYNPCC7942_RS06925,0.128049818435415
SYNPCC7942_RS03075,SYNPCC7942_RS02830,0.128017088503065
SYNPCC7942_RS00455,SYNPCC7942_RS01265,0.127930539211129
SYNPCC7942_RS09380,SYNPCC7942_RS12510,0.127871820894399
SYNPCC7942_RS07435,SYNPCC7942_RS11775,0.127822741977765
SYNPCC7942_RS08885,SYNPCC7942_RS07570,0.127653946333493
SYNPCC7942_RS07435,SYNPCC7942_RS01285,0.127518325070245
SYNPCC7942_RS12560,SYNPCC7942_RS03270,0.127447170182072
SYNPCC7942_RS00455,SYNPCC7942_RS06370,0.127443804498844
SYNPCC7942_RS03260,SYNPCC7942_RS11290,0.127243273867026
SYNPCC7942_RS13165,SYNPCC7942_RS08295,0.127232590088663
SYNPCC7942_RS02895,SYNPCC7942_RS10965,0.127174214214335
SYNPCC7942_RS12560,SYNPCC7942_RS08650,0.127032490233448
SYNPCC7942_RS13165,SYNPCC7942_RS08290,0.126990633260373
SYNPCC7942_RS02830,SYNPCC7942_RS07175,0.126851769593275
SYNPCC7942_RS12275,SYNPCC7942_RS04985,0.126839232867254
SYNPCC7942_RS10170,SYNPCC7942_RS09585,0.126837057882056
SYNPCC7942_RS07435,SYNPCC7942_RS10025,0.126698370763089
SYNPCC7942_RS12535,SYNPCC7942_RS09130,0.126662664326283
SYNPCC7942_RS10700,SYNPCC7942_RS08180,0.126645932179611
SYNPCC7942_RS02895,SYNPCC7942_RS05380,0.126466983908112
SYNPCC7942_RS09380,SYNPCC7942_RS12135,0.125796570669338
SYNPCC7942_RS03075,SYNPCC7942_RS06290,0.125619622900974
SYNPCC7942_RS09620,SYNPCC7942_RS10215,0.125525499706102
SYNPCC7942_RS09500,SYNPCC7942_RS09495,0.125360106377472
SYNPCC7942_RS03260,SYNPCC7942_RS11235,0.125349936421708
SYNPCC7942_RS03160,SYNPCC7942_RS13215,0.125301140844794
SYNPCC7942_RS02830,SYNPCC7942_RS02445,0.125170888073327
SYNPCC7942_RS09740,SYNPCC7942_RS01425,0.125114555809971
SYNPCC7942_RS07435,SYNPCC7942_RS02565,0.125084890292571
SYNPCC7942_RS10700,SYNPCC7942_RS08185,0.124994021380737
SYNPCC7942_RS10260,SYNPCC7942_RS10255,0.124888367007172
SYNPCC7942_RS09935,SYNPCC7942_RS12435,0.124828460580609
SYNPCC7942_RS09380,SYNPCC7942_RS00795,0.124791805536864
SYNPCC7942_RS03955,SYNPCC7942_RS07045,0.124762534066159
SYNPCC7942_RS02830,SYNPCC7942_RS12510,0.124708785411703
SYNPCC7942_RS12275,SYNPCC7942_RS12320,0.124676485928975
SYNPCC7942_RS03160,SYNPCC7942_RS10110,0.124394285077211
SYNPCC7942_RS07435,SYNPCC7942_RS01710,0.124391908655592
SYNPCC7942_RS00455,SYNPCC7942_RS01380,0.124340569526729
SYNPCC7942_RS07435,SYNPCC7942_RS07440,0.12420011605085
SYNPCC7942_RS03260,SYNPCC7942_RS11315,0.124159159677789
SYNPCC7942_RS07435,SYNPCC7942_RS04390,0.124121676002171
SYNPCC7942_RS08885,SYNPCC7942_RS06965,0.124074075077655
SYNPCC7942_RS03465,SYNPCC7942_RS03985,0.123962979123355
SYNPCC7942_RS02830,SYNPCC7942_RS07015,0.123952871885467
SYNPCC7942_RS02830,SYNPCC7942_RS00195,0.12394233276309
SYNPCC7942_RS07435,SYNPCC7942_RS05135,0.123833950500556
SYNPCC7942_RS08885,SYNPCC7942_RS11420,0.123809134353774
SYNPCC7942_RS09760,SYNPCC7942_RS03180,0.12362973973632
SYNPCC7942_RS07435,SYNPCC7942_RS01445,0.123614963699601
SYNPCC7942_RS09380,SYNPCC7942_RS12985,0.123534213559989
SYNPCC7942_RS09620,SYNPCC7942_RS04925,0.123484088921382
SYNPCC7942_RS03075,SYNPCC7942_RS10555,0.123420725936954
SYNPCC7942_RS12275,SYNPCC7942_RS00460,0.123346083757252
SYNPCC7942_RS07435,SYNPCC7942_RS10195,0.123306261272208
SYNPCC7942_RS09380,SYNPCC7942_RS10535,0.123280629426574
SYNPCC7942_RS03075,SYNPCC7942_RS06920,0.12327970435692
SYNPCC7942_RS09160,SYNPCC7942_RS04365,0.123138073363222
SYNPCC7942_RS03160,SYNPCC7942_RS02180,0.123104911247502
SYNPCC7942_RS08885,SYNPCC7942_RS08495,0.122830519300841
SYNPCC7942_RS07435,SYNPCC7942_RS13680,0.122758470947452
SYNPCC7942_RS11050,SYNPCC7942_RS11025,0.122660385766086
SYNPCC7942_RS07185,SYNPCC7942_RS02695,0.122642487701567
SYNPCC7942_RS03160,SYNPCC7942_RS10815,0.122584248387812
SYNPCC7942_RS09380,SYNPCC7942_RS01415,0.122569622369633
SYNPCC7942_RS09065,SYNPCC7942_RS10075,0.122470959507195
SYNPCC7942_RS09380,SYNPCC7942_RS01880,0.122391379392784
SYNPCC7942_RS03160,SYNPCC7942_RS07365,0.122352939391506
SYNPCC7942_RS10700,SYNPCC7942_RS06100,0.122176128033776
SYNPCC7942_RS12560,SYNPCC7942_RS05855,0.122149640738841
SYNPCC7942_RS08885,SYNPCC7942_RS05430,0.12208561120339
SYNPCC7942_RS03955,SYNPCC7942_RS00280,0.122083217926874
SYNPCC7942_RS12560,SYNPCC7942_RS05125,0.122054671857658
SYNPCC7942_RS12560,SYNPCC7942_RS02385,0.122021655240016
SYNPCC7942_RS09065,SYNPCC7942_RS12980,0.121942630085679
SYNPCC7942_RS03160,SYNPCC7942_RS06480,0.121873489128082
SYNPCC7942_RS07435,SYNPCC7942_RS09050,0.121784278651809
SYNPCC7942_RS07435,SYNPCC7942_RS08865,0.12172427527629
SYNPCC7942_RS12275,SYNPCC7942_RS10125,0.121658626781019
SYNPCC7942_RS03160,SYNPCC7942_RS08360,0.121657574646357
SYNPCC7942_RS03260,SYNPCC7942_RS03250,0.121646912041914
SYNPCC7942_RS03465,SYNPCC7942_RS08430,0.121472695950046
SYNPCC7942_RS10700,SYNPCC7942_RS08165,0.121449606999829
SYNPCC7942_RS09760,SYNPCC7942_RS07085,0.121413498054309
SYNPCC7942_RS03160,SYNPCC7942_RS01270,0.121401325485729
SYNPCC7942_RS00455,SYNPCC7942_RS00405,0.121347354181953
SYNPCC7942_RS07185,SYNPCC7942_RS05825,0.12131623052983
SYNPCC7942_RS08885,SYNPCC7942_RS10780,0.121230918402975
SYNPCC7942_RS05870,SYNPCC7942_RS10115,0.121167917862765
SYNPCC7942_RS02895,SYNPCC7942_RS01670,0.12115142301525
SYNPCC7942_RS08885,SYNPCC7942_RS03295,0.121145784605364
SYNPCC7942_RS07435,SYNPCC7942_RS02725,0.121067328105307
SYNPCC7942_RS03465,SYNPCC7942_RS02575,0.121043587687279
SYNPCC7942_RS03160,SYNPCC7942_RS04700,0.120945758967892
SYNPCC7942_RS03160,SYNPCC7942_RS04790,0.120943231349915
SYNPCC7942_RS12275,SYNPCC7942_RS03440,0.120902229938728
SYNPCC7942_RS12535,SYNPCC7942_RS04590,0.120883359868571
SYNPCC7942_RS03260,SYNPCC7942_RS11275,0.12084607313818
SYNPCC7942_RS03075,SYNPCC7942_RS11870,0.120837930474337
SYNPCC7942_RS02830,SYNPCC7942_RS01025,0.120814167500818
SYNPCC7942_RS09380,SYNPCC7942_RS12990,0.120810682825249
SYNPCC7942_RS12560,SYNPCC7942_RS06850,0.120613724533744
SYNPCC7942_RS09065,SYNPCC7942_RS12680,0.120593220473578
SYNPCC7942_RS03955,SYNPCC7942_RS07980,0.120530799227692
SYNPCC7942_RS03075,SYNPCC7942_RS12130,0.1202332077383
SYNPCC7942_RS09065,SYNPCC7942_RS09715,0.120196008382877
SYNPCC7942_RS07435,SYNPCC7942_RS06800,0.120168730203699
SYNPCC7942_RS03325,SYNPCC7942_RS03560,0.120128381208865
SYNPCC7942_RS02830,SYNPCC7942_RS00170,0.120126353438783
SYNPCC7942_RS02895,SYNPCC7942_RS11905,0.120074357569387
SYNPCC7942_RS00455,SYNPCC7942_RS10805,0.119966781525933
SYNPCC7942_RS03955,SYNPCC7942_RS09200,0.119935182103526
SYNPCC7942_RS00645,SYNPCC7942_RS04640,0.119929298847135
SYNPCC7942_RS09740,SYNPCC7942_RS00205,0.119923721510658
SYNPCC7942_RS03160,SYNPCC7942_RS06885,0.119773846250985
SYNPCC7942_RS07435,SYNPCC7942_RS03090,0.119718985819149
SYNPCC7942_RS10170,SYNPCC7942_RS12610,0.119579908339893
SYNPCC7942_RS08885,SYNPCC7942_RS02290,0.119439317718475
SYNPCC7942_RS07720,SYNPCC7942_RS01090,0.119434537194658
SYNPCC7942_RS08885,SYNPCC7942_RS11120,0.119243011052002
SYNPCC7942_RS03465,SYNPCC7942_RS01360,0.119227494527468
SYNPCC7942_RS03160,SYNPCC7942_RS07640,0.119199787881696
SYNPCC7942_RS08885,SYNPCC7942_RS04660,0.119157692147367
SYNPCC7942_RS03160,SYNPCC7942_RS10570,0.119146555152224
SYNPCC7942_RS10700,SYNPCC7942_RS06995,0.119081514224031
SYNPCC7942_RS03075,SYNPCC7942_RS05080,0.118989316931729
SYNPCC7942_RS10700,SYNPCC7942_RS11595,0.118856587373737
SYNPCC7942_RS07435,SYNPCC7942_RS01450,0.118820127223957
SYNPCC7942_RS08405,SYNPCC7942_RS08410,0.118809128290092
SYNPCC7942_RS03260,SYNPCC7942_RS11335,0.118794585711695
SYNPCC7942_RS02830,SYNPCC7942_RS02835,0.11874754185596
SYNPCC7942_RS10260,SYNPCC7942_RS10265,0.11871865064332
SYNPCC7942_RS08885,SYNPCC7942_RS12095,0.118672391107744
SYNPCC7942_RS10700,SYNPCC7942_RS10320,0.118596871575783
SYNPCC7942_RS03160,SYNPCC7942_RS05660,0.118571200711502
SYNPCC7942_RS03465,SYNPCC7942_RS11415,0.118552852112346
SYNPCC7942_RS02830,SYNPCC7942_RS03075,0.118532122895722
SYNPCC7942_RS12560,SYNPCC7942_RS12015,0.118440074182779
SYNPCC7942_RS00455,SYNPCC7942_RS10130,0.118436776106388
SYNPCC7942_RS00645,SYNPCC7942_RS06345,0.118434761483774
SYNPCC7942_RS07435,SYNPCC7942_RS09295,0.118319412696239
SYNPCC7942_RS07435,SYNPCC7942_RS06310,0.118143065625263
SYNPCC7942_RS06365,SYNPCC7942_RS02455,0.118012175358245
SYNPCC7942_RS02830,SYNPCC7942_RS10555,0.117986064162842
SYNPCC7942_RS07435,SYNPCC7942_RS10135,0.11789175343431
SYNPCC7942_RS03465,SYNPCC7942_RS12870,0.117814932889495
SYNPCC7942_RS02830,SYNPCC7942_RS11155,0.117739952112314
SYNPCC7942_RS03465,SYNPCC7942_RS12715,0.117717712207812
SYNPCC7942_RS03440,SYNPCC7942_RS12275,0.117591556099244
SYNPCC7942_RS12560,SYNPCC7942_RS04930,0.117588146066728
SYNPCC7942_RS12560,SYNPCC7942_RS01765,0.11755500522531
SYNPCC7942_RS07435,SYNPCC7942_RS01665,0.117488691870503
SYNPCC7942_RS03465,SYNPCC7942_RS00340,0.117456017178709
SYNPCC7942_RS03160,SYNPCC7942_RS09420,0.117432121424991
SYNPCC7942_RS03160,SYNPCC7942_RS06415,0.117406328325486
SYNPCC7942_RS09065,SYNPCC7942_RS10020,0.117165428346118
SYNPCC7942_RS03465,SYNPCC7942_RS06565,0.117161512488607
SYNPCC7942_RS11050,SYNPCC7942_RS07475,0.117150007245191
SYNPCC7942_RS03260,SYNPCC7942_RS12900,0.117147993969475
SYNPCC7942_RS07435,SYNPCC7942_RS05575,0.117001740644436
SYNPCC7942_RS11465,SYNPCC7942_RS10940,0.116950355286922
SYNPCC7942_RS03075,SYNPCC7942_RS08030,0.116773272130334
SYNPCC7942_RS11050,SYNPCC7942_RS07485,0.116616876449153
SYNPCC7942_RS02830,SYNPCC7942_RS08510,0.116540171166706
SYNPCC7942_RS03260,SYNPCC7942_RS11280,0.116420046430929
SYNPCC7942_RS12275,SYNPCC7942_RS05740,0.116409374655556
SYNPCC7942_RS00455,SYNPCC7942_RS06155,0.11629001229879
SYNPCC7942_RS03440,SYNPCC7942_RS01100,0.11620366391246
SYNPCC7942_RS02830,SYNPCC7942_RS11830,0.116101354731754
SYNPCC7942_RS03160,SYNPCC7942_RS04235,0.116075253079459
SYNPCC7942_RS10700,SYNPCC7942_RS04855,0.116044954584198
SYNPCC7942_RS03440,SYNPCC7942_RS12265,0.116037089149297
SYNPCC7942_RS00645,SYNPCC7942_RS08685,0.116034424674239
SYNPCC7942_RS09435,SYNPCC7942_RS01305,0.115952255849042
SYNPCC7942_RS12285,SYNPCC7942_RS01070,0.115937565456245
SYNPCC7942_RS12560,SYNPCC7942_RS10465,0.115864755910278
SYNPCC7942_RS03075,SYNPCC7942_RS08040,0.115833534149423
SYNPCC7942_RS11050,SYNPCC7942_RS08200,0.115820819804059
SYNPCC7942_RS08885,SYNPCC7942_RS08300,0.115793332551854
SYNPCC7942_RS12560,SYNPCC7942_RS03770,0.115717157165917
SYNPCC7942_RS03075,SYNPCC7942_RS00340,0.115701104897894
SYNPCC7942_RS09380,SYNPCC7942_RS11105,0.115632249379204
SYNPCC7942_RS00455,SYNPCC7942_RS07705,0.1155186671962
SYNPCC7942_RS09740,SYNPCC7942_RS03490,0.115485298807535
SYNPCC7942_RS12560,SYNPCC7942_RS10915,0.115403744855033
SYNPCC7942_RS03160,SYNPCC7942_RS05900,0.115394333341295
SYNPCC7942_RS03160,SYNPCC7942_RS10735,0.115220520423846
SYNPCC7942_RS08885,SYNPCC7942_RS12010,0.115217167503254
SYNPCC7942_RS00455,SYNPCC7942_RS09605,0.115165038997153
SYNPCC7942_RS10700,SYNPCC7942_RS00880,0.11514395739764
SYNPCC7942_RS07435,SYNPCC7942_RS01705,0.115039775871935
SYNPCC7942_RS12560,SYNPCC7942_RS09790,0.114987141716114
SYNPCC7942_RS07435,SYNPCC7942_RS01660,0.114968442585136
SYNPCC7942_RS10700,SYNPCC7942_RS00350,0.114930406127213
SYNPCC7942_RS03465,SYNPCC7942_RS10625,0.114930361062124
SYNPCC7942_RS03260,SYNPCC7942_RS11305,0.114790038920034
SYNPCC7942_RS07435,SYNPCC7942_RS11160,0.114779398130522
SYNPCC7942_RS04225,SYNPCC7942_RS08780,0.114740057596625
SYNPCC7942_RS03075,SYNPCC7942_RS01590,0.114724226085358
SYNPCC7942_RS03160,SYNPCC7942_RS02925,0.11464961889076
SYNPCC7942_RS07435,SYNPCC7942_RS01505,0.114587030091926
SYNPCC7942_RS09380,SYNPCC7942_RS12130,0.114582805669032
SYNPCC7942_RS03465,SYNPCC7942_RS08730,0.11448375659679
SYNPCC7942_RS09065,SYNPCC7942_RS11415,0.11448240940835
SYNPCC7942_RS09160,SYNPCC7942_RS08400,0.114384721253954
SYNPCC7942_RS00455,SYNPCC7942_RS01260,0.114353007303784
SYNPCC7942_RS00455,SYNPCC7942_RS13055,0.114329444974987
SYNPCC7942_RS03260,SYNPCC7942_RS11285,0.114326577125083
SYNPCC7942_RS07435,SYNPCC7942_RS01670,0.114271006508457
SYNPCC7942_RS12275,SYNPCC7942_RS11000,0.114170501966363
SYNPCC7942_RS10260,SYNPCC7942_RS11195,0.114120466080677
SYNPCC7942_RS07435,SYNPCC7942_RS06135,0.11407378253535
SYNPCC7942_RS03160,SYNPCC7942_RS10950,0.114069289326975
SYNPCC7942_RS07435,SYNPCC7942_RS01155,0.11404001202531
SYNPCC7942_RS10700,SYNPCC7942_RS06105,0.114028773273751
SYNPCC7942_RS03075,SYNPCC7942_RS03320,0.113934302509712
SYNPCC7942_RS12560,SYNPCC7942_RS02795,0.113928993362753
SYNPCC7942_RS07435,SYNPCC7942_RS13675,0.113860155181699
SYNPCC7942_RS03465,SYNPCC7942_RS04045,0.113851238462111
SYNPCC7942_RS07435,SYNPCC7942_RS07285,0.113821592048119
SYNPCC7942_RS02895,SYNPCC7942_RS12210,0.113750471134872
SYNPCC7942_RS00645,SYNPCC7942_RS10975,0.113727437765845
SYNPCC7942_RS09160,SYNPCC7942_RS05255,0.113717317878013
SYNPCC7942_RS00645,SYNPCC7942_RS07435,0.113682691721603
SYNPCC7942_RS07435,SYNPCC7942_RS06315,0.113637163082783
SYNPCC7942_RS07435,SYNPCC7942_RS07735,0.113556398773156
SYNPCC7942_RS00455,SYNPCC7942_RS01330,0.11353934263659
SYNPCC7942_RS00480,SYNPCC7942_RS08270,0.113468090769105
SYNPCC7942_RS08405,SYNPCC7942_RS00550,0.113303083772539
SYNPCC7942_RS03075,SYNPCC7942_RS11865,0.113246058641261
SYNPCC7942_RS03160,SYNPCC7942_RS06225,0.113245221772656
SYNPCC7942_RS03465,SYNPCC7942_RS03415,0.113184932826496
SYNPCC7942_RS03465,SYNPCC7942_RS11990,0.113179014302502
SYNPCC7942_RS12535,SYNPCC7942_RS05320,0.113073888224127
SYNPCC7942_RS00455,SYNPCC7942_RS06580,0.113037118091382
SYNPCC7942_RS09500,SYNPCC7942_RS07075,0.112971219515887
SYNPCC7942_RS12560,SYNPCC7942_RS12185,0.112918388978318
SYNPCC7942_RS03160,SYNPCC7942_RS03015,0.112902985189874
SYNPCC7942_RS07805,SYNPCC7942_RS09190,0.112812024754282
SYNPCC7942_RS03075,SYNPCC7942_RS08505,0.112792993243868
SYNPCC7942_RS07435,SYNPCC7942_RS10975,0.112790890818263
SYNPCC7942_RS05870,SYNPCC7942_RS06950,0.112754917682567
SYNPCC7942_RS03160,SYNPCC7942_RS13150,0.112693423241122
SYNPCC7942_RS03465,SYNPCC7942_RS05080,0.112642991726606
SYNPCC7942_RS07435,SYNPCC7942_RS06150,0.112597905841856
SYNPCC7942_RS10700,SYNPCC7942_RS00030,0.112594461435252
SYNPCC7942_RS00455,SYNPCC7942_RS06375,0.112570204943098
SYNPCC7942_RS07185,SYNPCC7942_RS10200,0.112533735292808
SYNPCC7942_RS03260,SYNPCC7942_RS12845,0.112475170042941
SYNPCC7942_RS05870,SYNPCC7942_RS09110,0.112452796219463
SYNPCC7942_RS10700,SYNPCC7942_RS02810,0.112446309113479
SYNPCC7942_RS10340,SYNPCC7942_RS10345,0.112360839592586
SYNPCC7942_RS09740,SYNPCC7942_RS08250,0.112327162042595
SYNPCC7942_RS00455,SYNPCC7942_RS01760,0.112312879377804
SYNPCC7942_RS12535,SYNPCC7942_RS07355,0.112168472345043
SYNPCC7942_RS07435,SYNPCC7942_RS02470,0.112118891637893
SYNPCC7942_RS00455,SYNPCC7942_RS00120,0.11209814873607
SYNPCC7942_RS07435,SYNPCC7942_RS11770,0.112057494710606
SYNPCC7942_RS09740,SYNPCC7942_RS04150,0.111987646652054
SYNPCC7942_RS10700,SYNPCC7942_RS01475,0.111962227012177
SYNPCC7942_RS03160,SYNPCC7942_RS08140,0.111944732103347
SYNPCC7942_RS00765,SYNPCC7942_RS00930,0.111876040772414
SYNPCC7942_RS09500,SYNPCC7942_RS12155,0.111869555930076
SYNPCC7942_RS02895,SYNPCC7942_RS06405,0.111857209508187
SYNPCC7942_RS03160,SYNPCC7942_RS06895,0.111854599051108
SYNPCC7942_RS00645,SYNPCC7942_RS06330,0.111774601975196
SYNPCC7942_RS09065,SYNPCC7942_RS03605,0.111752959882215
SYNPCC7942_RS07435,SYNPCC7942_RS03100,0.11171946506364
SYNPCC7942_RS07435,SYNPCC7942_RS07275,0.111696647276101
SYNPCC7942_RS05870,SYNPCC7942_RS07915,0.111632964742952
SYNPCC7942_RS12560,SYNPCC7942_RS02900,0.111594056385348
SYNPCC7942_RS09380,SYNPCC7942_RS12680,0.111587243839631
SYNPCC7942_RS08885,SYNPCC7942_RS08875,0.111569818282373
SYNPCC7942_RS02830,SYNPCC7942_RS02955,0.111459540756304
SYNPCC7942_RS03160,SYNPCC7942_RS11740,0.111441945023393
SYNPCC7942_RS08405,SYNPCC7942_RS10770,0.111436446966009
SYNPCC7942_RS09760,SYNPCC7942_RS04580,0.111311203893632
SYNPCC7942_RS09740,SYNPCC7942_RS06410,0.111286823802519
SYNPCC7942_RS03465,SYNPCC7942_RS06655,0.111232160693477
SYNPCC7942_RS03440,SYNPCC7942_RS08835,0.111194122074842
SYNPCC7942_RS03075,SYNPCC7942_RS11415,0.111139440267457
SYNPCC7942_RS00455,SYNPCC7942_RS06495,0.111133632339856
SYNPCC7942_RS07435,SYNPCC7942_RS06615,0.111093393636088
SYNPCC7942_RS07435,SYNPCC7942_RS08625,0.111071180192445
SYNPCC7942_RS03325,SYNPCC7942_RS00025,0.111071058855452
SYNPCC7942_RS03260,SYNPCC7942_RS11265,0.111012653777222
SYNPCC7942_RS08885,SYNPCC7942_RS12715,0.110945563111294
SYNPCC7942_RS10700,SYNPCC7942_RS13030,0.110896389466479
SYNPCC7942_RS09620,SYNPCC7942_RS03220,0.11080483499438
SYNPCC7942_RS12275,SYNPCC7942_RS03580,0.110790685283828
SYNPCC7942_RS10340,SYNPCC7942_RS03795,0.110718002343594
SYNPCC7942_RS00455,SYNPCC7942_RS04405,0.110668883030186
SYNPCC7942_RS10170,SYNPCC7942_RS10630,0.110667744053172
SYNPCC7942_RS03260,SYNPCC7942_RS11270,0.110657517398904
SYNPCC7942_RS00455,SYNPCC7942_RS10270,0.110625531658872
SYNPCC7942_RS09740,SYNPCC7942_RS05280,0.110609546377696
SYNPCC7942_RS05870,SYNPCC7942_RS00805,0.110596684342519
SYNPCC7942_RS10170,SYNPCC7942_RS06665,0.110580988724518
SYNPCC7942_RS12560,SYNPCC7942_RS12565,0.110566992284114
SYNPCC7942_RS02895,SYNPCC7942_RS09175,0.11054616194244
SYNPCC7942_RS07435,SYNPCC7942_RS10300,0.110530054414595
SYNPCC7942_RS09740,SYNPCC7942_RS09745,0.110525844654908
SYNPCC7942_RS12560,SYNPCC7942_RS03205,0.110522147619452
SYNPCC7942_RS12560,SYNPCC7942_RS03200,0.110471362917757
SYNPCC7942_RS09500,SYNPCC7942_RS13660,0.110467093656606
SYNPCC7942_RS09740,SYNPCC7942_RS05060,0.110462319730547
SYNPCC7942_RS09740,SYNPCC7942_RS10740,0.110420445452242
SYNPCC7942_RS09065,SYNPCC7942_RS03465,0.110304521318357
SYNPCC7942_RS00455,SYNPCC7942_RS10650,0.110249714227866
SYNPCC7942_RS10700,SYNPCC7942_RS01845,0.110210232902626
SYNPCC7942_RS09065,SYNPCC7942_RS11175,0.110142069294547
SYNPCC7942_RS03075,SYNPCC7942_RS01560,0.110131117712884
SYNPCC7942_RS03075,SYNPCC7942_RS03390,0.110121803911006
SYNPCC7942_RS02830,SYNPCC7942_RS01250,0.110103375812648
SYNPCC7942_RS07435,SYNPCC7942_RS03175,0.110079565058301
SYNPCC7942_RS09065,SYNPCC7942_RS05080,0.110065118635453
SYNPCC7942_RS03465,SYNPCC7942_RS10675,0.110007224714309
SYNPCC7942_RS05870,SYNPCC7942_RS09560,0.110003143200962
SYNPCC7942_RS07185,SYNPCC7942_RS04745,0.109932539438601
SYNPCC7942_RS05870,SYNPCC7942_RS07810,0.109930894583978
SYNPCC7942_RS00455,SYNPCC7942_RS00850,0.109810922837539
SYNPCC7942_RS03955,SYNPCC7942_RS07530,0.109692468842754
SYNPCC7942_RS03955,SYNPCC7942_RS07525,0.109663878058436
SYNPCC7942_RS07435,SYNPCC7942_RS04140,0.10966170893537
SYNPCC7942_RS03075,SYNPCC7942_RS01880,0.109634682436479
SYNPCC7942_RS00455,SYNPCC7942_RS10435,0.10961726946991
SYNPCC7942_RS06370,SYNPCC7942_RS05415,0.109593083410297
SYNPCC7942_RS07435,SYNPCC7942_RS02730,0.109572798514738
SYNPCC7942_RS00480,SYNPCC7942_RS06230,0.109539001772681
SYNPCC7942_RS03160,SYNPCC7942_RS00685,0.109450861601725
SYNPCC7942_RS09065,SYNPCC7942_RS09025,0.109440145317036
SYNPCC7942_RS03160,SYNPCC7942_RS06035,0.109413435380191
SYNPCC7942_RS09065,SYNPCC7942_RS03390,0.109405219132118
SYNPCC7942_RS00455,SYNPCC7942_RS05235,0.109402823237483
SYNPCC7942_RS07435,SYNPCC7942_RS09515,0.10926818467559
SYNPCC7942_RS03160,SYNPCC7942_RS02580,0.109244263280847
SYNPCC7942_RS03075,SYNPCC7942_RS03605,0.10920303093993
SYNPCC7942_RS08885,SYNPCC7942_RS09245,0.109201654423614
SYNPCC7942_RS12560,SYNPCC7942_RS02020,0.109132404818741
SYNPCC7942_RS09380,SYNPCC7942_RS12675,0.109053913536303
SYNPCC7942_RS00765,SYNPCC7942_RS13690,0.109051787069194
SYNPCC7942_RS03160,SYNPCC7942_RS09080,0.109051737770487
SYNPCC7942_RS02830,SYNPCC7942_RS07940,0.109044792192146
SYNPCC7942_RS09380,SYNPCC7942_RS10545,0.108981900894317
SYNPCC7942_RS09380,SYNPCC7942_RS10020,0.108940138610443
SYNPCC7942_RS11970,SYNPCC7942_RS06425,0.10892662315438
SYNPCC7942_RS03160,SYNPCC7942_RS09685,0.108916327464943
SYNPCC7942_RS13695,SYNPCC7942_RS03960,0.10890770566327
SYNPCC7942_RS10700,SYNPCC7942_RS04610,0.108876231438248
SYNPCC7942_RS00455,SYNPCC7942_RS11095,0.108859074476525
SYNPCC7942_RS06370,SYNPCC7942_RS10375,0.108798574690072
SYNPCC7942_RS03260,SYNPCC7942_RS07770,0.108784540355182
SYNPCC7942_RS09160,SYNPCC7942_RS10795,0.108782543397937
SYNPCC7942_RS00645,SYNPCC7942_RS06490,0.108763961065202
SYNPCC7942_RS00455,SYNPCC7942_RS08925,0.108759205289014
SYNPCC7942_RS10700,SYNPCC7942_RS10595,0.108753104237028
SYNPCC7942_RS00560,SYNPCC7942_RS11525,0.108628836978431
SYNPCC7942_RS09380,SYNPCC7942_RS03610,0.108586897163904
SYNPCC7942_RS00455,SYNPCC7942_RS00370,0.108567849269242
SYNPCC7942_RS09065,SYNPCC7942_RS03075,0.108532231695642
SYNPCC7942_RS03465,SYNPCC7942_RS01715,0.108526783007015
SYNPCC7942_RS00455,SYNPCC7942_RS10090,0.10851580273965
SYNPCC7942_RS03160,SYNPCC7942_RS02200,0.108460489658672
SYNPCC7942_RS03075,SYNPCC7942_RS11105,0.108452174913934
SYNPCC7942_RS03160,SYNPCC7942_RS11755,0.108400104103697
SYNPCC7942_RS02830,SYNPCC7942_RS01020,0.108398751933034
SYNPCC7942_RS10700,SYNPCC7942_RS02035,0.108383624776584
SYNPCC7942_RS07435,SYNPCC7942_RS09560,0.108337741987976
SYNPCC7942_RS03160,SYNPCC7942_RS02355,0.108318833333073
SYNPCC7942_RS07435,SYNPCC7942_RS04385,0.108302043595141
SYNPCC7942_RS07435,SYNPCC7942_RS08320,0.10829424502405
SYNPCC7942_RS00455,SYNPCC7942_RS05810,0.108256413652497
SYNPCC7942_RS02895,SYNPCC7942_RS05370,0.108254883720628
SYNPCC7942_RS02830,SYNPCC7942_RS09255,0.108234705128875
SYNPCC7942_RS03160,SYNPCC7942_RS04170,0.108226667926753
SYNPCC7942_RS08885,SYNPCC7942_RS09755,0.108207073482094
SYNPCC7942_RS05870,SYNPCC7942_RS08485,0.108200949729467
SYNPCC7942_RS02895,SYNPCC7942_RS05385,0.108196523366722
SYNPCC7942_RS02895,SYNPCC7942_RS03095,0.10811400482551
SYNPCC7942_RS12275,SYNPCC7942_RS04980,0.108111141431664
SYNPCC7942_RS03160,SYNPCC7942_RS07460,0.10809097545705
SYNPCC7942_RS08405,SYNPCC7942_RS12710,0.108003996888996
SYNPCC7942_RS07435,SYNPCC7942_RS13970,0.1078999592502
SYNPCC7942_RS03160,SYNPCC7942_RS13230,0.107891813475211
SYNPCC7942_RS10700,SYNPCC7942_RS05560,0.107886533796579
SYNPCC7942_RS08820,SYNPCC7942_RS02660,0.107882601106174
SYNPCC7942_RS09065,SYNPCC7942_RS13195,0.10787572154314
SYNPCC7942_RS03465,SYNPCC7942_RS06770,0.107856973423427
SYNPCC7942_RS00380,SYNPCC7942_RS05285,0.107840180434235
SYNPCC7942_RS08885,SYNPCC7942_RS02300,0.107833377184324
SYNPCC7942_RS09740,SYNPCC7942_RS02340,0.10778325037874
SYNPCC7942_RS10700,SYNPCC7942_RS04795,0.107772125495508
SYNPCC7942_RS02895,SYNPCC7942_RS10300,0.107762581035244
SYNPCC7942_RS03160,SYNPCC7942_RS00330,0.107740330064799
SYNPCC7942_RS12535,SYNPCC7942_RS09700,0.107670995789133
SYNPCC7942_RS10700,SYNPCC7942_RS01580,0.107666717786426
SYNPCC7942_RS00645,SYNPCC7942_RS09360,0.107626455812377
SYNPCC7942_RS08885,SYNPCC7942_RS13730,0.107575495514597
SYNPCC7942_RS02830,SYNPCC7942_RS01005,0.10753378385685
SYNPCC7942_RS03260,SYNPCC7942_RS11300,0.107530850910582
SYNPCC7942_RS00645,SYNPCC7942_RS03175,0.107502238388131
SYNPCC7942_RS10700,SYNPCC7942_RS10190,0.107478761987785
SYNPCC7942_RS03325,SYNPCC7942_RS08155,0.107449461748617
SYNPCC7942_RS03260,SYNPCC7942_RS04570,0.107411002020808
SYNPCC7942_RS09160,SYNPCC7942_RS03200,0.107407582102168
SYNPCC7942_RS12560,SYNPCC7942_RS06600,0.107398573462436
SYNPCC7942_RS09380,SYNPCC7942_RS01995,0.107365918351308
SYNPCC7942_RS07435,SYNPCC7942_RS01320,0.10736270369644
SYNPCC7942_RS08820,SYNPCC7942_RS08830,0.10730250716994
SYNPCC7942_RS09380,SYNPCC7942_RS12980,0.107291549127368
SYNPCC7942_RS09435,SYNPCC7942_RS10475,0.107286241011482
SYNPCC7942_RS05870,SYNPCC7942_RS09455,0.107243085918278
SYNPCC7942_RS09740,SYNPCC7942_RS08160,0.107171328534919
SYNPCC7942_RS03075,SYNPCC7942_RS00510,0.107150738194155
SYNPCC7942_RS03160,SYNPCC7942_RS04230,0.107137248611696
SYNPCC7942_RS10700,SYNPCC7942_RS06080,0.107114273245072
SYNPCC7942_RS03160,SYNPCC7942_RS01845,0.107051093908112
SYNPCC7942_RS03160,SYNPCC7942_RS08160,0.107045885329396
SYNPCC7942_RS09500,SYNPCC7942_RS00255,0.107039571958877
SYNPCC7942_RS02895,SYNPCC7942_RS02075,0.107024142896383
SYNPCC7942_RS03465,SYNPCC7942_RS02970,0.106999431680874
SYNPCC7942_RS03075,SYNPCC7942_RS06325,0.106934722047724
SYNPCC7942_RS03160,SYNPCC7942_RS02005,0.106932942498322
SYNPCC7942_RS03160,SYNPCC7942_RS11405,0.106927161390148
SYNPCC7942_RS05870,SYNPCC7942_RS07650,0.106925374088785
SYNPCC7942_RS02830,SYNPCC7942_RS12130,0.106864175367948
SYNPCC7942_RS05640,SYNPCC7942_RS11710,0.106791923361283
SYNPCC7942_RS00455,SYNPCC7942_RS08205,0.10678431325563
SYNPCC7942_RS09065,SYNPCC7942_RS13190,0.10675991185791
SYNPCC7942_RS09435,SYNPCC7942_RS02040,0.106741137533144
SYNPCC7942_RS07185,SYNPCC7942_RS12765,0.106728759601463
SYNPCC7942_RS12560,SYNPCC7942_RS12555,0.106639101732674
SYNPCC7942_RS02830,SYNPCC7942_RS03520,0.106638045711331
SYNPCC7942_RS03160,SYNPCC7942_RS06915,0.106635757701135
SYNPCC7942_RS07435,SYNPCC7942_RS01360,0.106633140931009
SYNPCC7942_RS07435,SYNPCC7942_RS11395,0.106598222991163
SYNPCC7942_RS03160,SYNPCC7942_RS02335,0.106526007193875
SYNPCC7942_RS03325,SYNPCC7942_RS04275,0.106522940764246
SYNPCC7942_RS02830,SYNPCC7942_RS12315,0.10649592498143
SYNPCC7942_RS09380,SYNPCC7942_RS02955,0.106494487031421
SYNPCC7942_RS03955,SYNPCC7942_RS13760,0.106471118682361
SYNPCC7942_RS07185,SYNPCC7942_RS05960,0.106452780918309
SYNPCC7942_RS06365,SYNPCC7942_RS00860,0.106413072617222
SYNPCC7942_RS03160,SYNPCC7942_RS04625,0.106328400296088
SYNPCC7942_RS03160,SYNPCC7942_RS06890,0.10628150898502
SYNPCC7942_RS03465,SYNPCC7942_RS12115,0.106276407231909
SYNPCC7942_RS03160,SYNPCC7942_RS03535,0.106267099746662
SYNPCC7942_RS09760,SYNPCC7942_RS10550,0.106221360391481
SYNPCC7942_RS10700,SYNPCC7942_RS12105,0.106219686983112
SYNPCC7942_RS07185,SYNPCC7942_RS00630,0.106195096358089
SYNPCC7942_RS12285,SYNPCC7942_RS09385,0.106149688074159
SYNPCC7942_RS03160,SYNPCC7942_RS11350,0.10611507542769
SYNPCC7942_RS07435,SYNPCC7942_RS07280,0.106078509266929
SYNPCC7942_RS03160,SYNPCC7942_RS00355,0.106076069467896
SYNPCC7942_RS03160,SYNPCC7942_RS02760,0.106058881258608
SYNPCC7942_RS06370,SYNPCC7942_RS10650,0.106044574974847
SYNPCC7942_RS05640,SYNPCC7942_RS02670,0.10603428655306
SYNPCC7942_RS05870,SYNPCC7942_RS00055,0.106006404220638
SYNPCC7942_RS03075,SYNPCC7942_RS11860,0.105972991475431
SYNPCC7942_RS03955,SYNPCC7942_RS06185,0.105946706374023
SYNPCC7942_RS13165,SYNPCC7942_RS02085,0.105923810723753
SYNPCC7942_RS03075,SYNPCC7942_RS12120,0.105910099051015
SYNPCC7942_RS10340,SYNPCC7942_RS08230,0.105883345627751
SYNPCC7942_RS03160,SYNPCC7942_RS06525,0.105861264025495
SYNPCC7942_RS07435,SYNPCC7942_RS01655,0.10581836783773
SYNPCC7942_RS09380,SYNPCC7942_RS12685,0.105794100104367
SYNPCC7942_RS07435,SYNPCC7942_RS03680,0.105774829411873
SYNPCC7942_RS03160,SYNPCC7942_RS12485,0.105771442927258
SYNPCC7942_RS07185,SYNPCC7942_RS11815,0.105705833963757
SYNPCC7942_RS09740,SYNPCC7942_RS05705,0.105700895500024
SYNPCC7942_RS02830,SYNPCC7942_RS12135,0.105671527997041
SYNPCC7942_RS03160,SYNPCC7942_RS04370,0.105525753414277
SYNPCC7942_RS10340,SYNPCC7942_RS02210,0.105509754069334
SYNPCC7942_RS00455,SYNPCC7942_RS09850,0.105479723091386
SYNPCC7942_RS07185,SYNPCC7942_RS03550,0.105475757634088
SYNPCC7942_RS09740,SYNPCC7942_RS08165,0.10544875352075
SYNPCC7942_RS03160,SYNPCC7942_RS10000,0.105428941548019
SYNPCC7942_RS00480,SYNPCC7942_RS00425,0.105422628554124
SYNPCC7942_RS08885,SYNPCC7942_RS00825,0.105419313153351
SYNPCC7942_RS03260,SYNPCC7942_RS11245,0.105360616225285
SYNPCC7942_RS03160,SYNPCC7942_RS08525,0.105338173945347
SYNPCC7942_RS07185,SYNPCC7942_RS07750,0.10533477864304
SYNPCC7942_RS03160,SYNPCC7942_RS11515,0.105312834821738
SYNPCC7942_RS07435,SYNPCC7942_RS09710,0.105230060053342
SYNPCC7942_RS09740,SYNPCC7942_RS05695,0.105221546641187
SYNPCC7942_RS09065,SYNPCC7942_RS03985,0.105215630592905
SYNPCC7942_RS00480,SYNPCC7942_RS02190,0.10511443306089
SYNPCC7942_RS00645,SYNPCC7942_RS00850,0.105106893190802
SYNPCC7942_RS09065,SYNPCC7942_RS08445,0.105106527797793
SYNPCC7942_RS10340,SYNPCC7942_RS11720,0.105087972689815
SYNPCC7942_RS03465,SYNPCC7942_RS09065,0.105057412665775
SYNPCC7942_RS10700,SYNPCC7942_RS02820,0.105039981039552
SYNPCC7942_RS11465,SYNPCC7942_RS00185,0.104982931782812
SYNPCC7942_RS03160,SYNPCC7942_RS01625,0.10497724961308
SYNPCC7942_RS08850,SYNPCC7942_RS12625,0.104949219957598
SYNPCC7942_RS00455,SYNPCC7942_RS07625,0.1049317828519
SYNPCC7942_RS00455,SYNPCC7942_RS10315,0.104910711247097
SYNPCC7942_RS12560,SYNPCC7942_RS09880,0.104868541909556
SYNPCC7942_RS03465,SYNPCC7942_RS13855,0.104858793488382
SYNPCC7942_RS07435,SYNPCC7942_RS09015,0.104848158015671
SYNPCC7942_RS00455,SYNPCC7942_RS10145,0.104835528836448
SYNPCC7942_RS07435,SYNPCC7942_RS12385,0.104824944704079
SYNPCC7942_RS03160,SYNPCC7942_RS02350,0.104820803409579
SYNPCC7942_RS03160,SYNPCC7942_RS09780,0.104817853430338
SYNPCC7942_RS03160,SYNPCC7942_RS04540,0.104815461455789
SYNPCC7942_RS03160,SYNPCC7942_RS02095,0.104792007144108
SYNPCC7942_RS03075,SYNPCC7942_RS10155,0.104770125384285
SYNPCC7942_RS10700,SYNPCC7942_RS07625,0.104767166996358
SYNPCC7942_RS03160,SYNPCC7942_RS12575,0.10467573868398
SYNPCC7942_RS09935,SYNPCC7942_RS02125,0.104648095564376
SYNPCC7942_RS10700,SYNPCC7942_RS08960,0.104642326391845
SYNPCC7942_RS05870,SYNPCC7942_RS06890,0.104627656785618
SYNPCC7942_RS03075,SYNPCC7942_RS07225,0.104617617994041
SYNPCC7942_RS03160,SYNPCC7942_RS09260,0.10461480038342
SYNPCC7942_RS07435,SYNPCC7942_RS04735,0.104529594365082
SYNPCC7942_RS00455,SYNPCC7942_RS08655,0.104525888290726
SYNPCC7942_RS03160,SYNPCC7942_RS07995,0.104512010464242
SYNPCC7942_RS07185,SYNPCC7942_RS03385,0.104491534061808
SYNPCC7942_RS00480,SYNPCC7942_RS09105,0.104480900607829
SYNPCC7942_RS07435,SYNPCC7942_RS00645,0.104475657755891
SYNPCC7942_RS03160,SYNPCC7942_RS06075,0.104470504203161
SYNPCC7942_RS10340,SYNPCC7942_RS13965,0.104460871515818
SYNPCC7942_RS07435,SYNPCC7942_RS01690,0.104452184148713
SYNPCC7942_RS05870,SYNPCC7942_RS02490,0.104444029712247
SYNPCC7942_RS08885,SYNPCC7942_RS05255,0.104438620996246
SYNPCC7942_RS10700,SYNPCC7942_RS09805,0.104368473093263
SYNPCC7942_RS07435,SYNPCC7942_RS06405,0.104338838552224
SYNPCC7942_RS03465,SYNPCC7942_RS02565,0.104302848860096
SYNPCC7942_RS03465,SYNPCC7942_RS02920,0.104289318885765
SYNPCC7942_RS07435,SYNPCC7942_RS01455,0.104288608176855
SYNPCC7942_RS09500,SYNPCC7942_RS00250,0.104262748511061
SYNPCC7942_RS02830,SYNPCC7942_RS10540,0.104245267368841
SYNPCC7942_RS09740,SYNPCC7942_RS06525,0.104238984363566
SYNPCC7942_RS07940,SYNPCC7942_RS03050,0.104225018716324
SYNPCC7942_RS10700,SYNPCC7942_RS10640,0.104224597034582
SYNPCC7942_RS07185,SYNPCC7942_RS12540,0.10415009198021
SYNPCC7942_RS00455,SYNPCC7942_RS12175,0.104148932998803
SYNPCC7942_RS00645,SYNPCC7942_RS11585,0.104126587636687
SYNPCC7942_RS07435,SYNPCC7942_RS10030,0.104111465082643
SYNPCC7942_RS09160,SYNPCC7942_RS07325,0.104101709891709
SYNPCC7942_RS03465,SYNPCC7942_RS03020,0.104081682220709
SYNPCC7942_RS05870,SYNPCC7942_RS06385,0.104031774437199
SYNPCC7942_RS00455,SYNPCC7942_RS10310,0.104015488837392
SYNPCC7942_RS12535,SYNPCC7942_RS13065,0.10396555743674
SYNPCC7942_RS06370,SYNPCC7942_RS05810,0.103950017118945
SYNPCC7942_RS09160,SYNPCC7942_RS12710,0.103946299386997
SYNPCC7942_RS06700,SYNPCC7942_RS10615,0.103945833149276
SYNPCC7942_RS09380,SYNPCC7942_RS09070,0.103936306841602
SYNPCC7942_RS09740,SYNPCC7942_RS09260,0.103879664468192
SYNPCC7942_RS03260,SYNPCC7942_RS12815,0.103836459717879
SYNPCC7942_RS09065,SYNPCC7942_RS09380,0.103831864105777
SYNPCC7942_RS07435,SYNPCC7942_RS04770,0.103821217767515
SYNPCC7942_RS09760,SYNPCC7942_RS06840,0.103802535927148
SYNPCC7942_RS00480,SYNPCC7942_RS09675,0.103782187134631
SYNPCC7942_RS09380,SYNPCC7942_RS08045,0.10377544087331
SYNPCC7942_RS03465,SYNPCC7942_RS01685,0.103770710386037
SYNPCC7942_RS06700,SYNPCC7942_RS10600,0.103745215017259
SYNPCC7942_RS09160,SYNPCC7942_RS04130,0.103711854516968
SYNPCC7942_RS10700,SYNPCC7942_RS04025,0.103678117744218
SYNPCC7942_RS09935,SYNPCC7942_RS02135,0.103624390616733
SYNPCC7942_RS03160,SYNPCC7942_RS04685,0.10359707197826
SYNPCC7942_RS09065,SYNPCC7942_RS04315,0.103538605771529
SYNPCC7942_RS07435,SYNPCC7942_RS06690,0.103440756876806
SYNPCC7942_RS03440,SYNPCC7942_RS03055,0.103429401307443
SYNPCC7942_RS05870,SYNPCC7942_RS05560,0.103417932526921
SYNPCC7942_RS12560,SYNPCC7942_RS07235,0.103405882686371
SYNPCC7942_RS00645,SYNPCC7942_RS03670,0.1033794633712
SYNPCC7942_RS10170,SYNPCC7942_RS10490,0.103305258412527
SYNPCC7942_RS03465,SYNPCC7942_RS12395,0.103303743035397
SYNPCC7942_RS03160,SYNPCC7942_RS01935,0.103290585509754
SYNPCC7942_RS09990,SYNPCC7942_RS06700,0.103282490189508
SYNPCC7942_RS11050,SYNPCC7942_RS07865,0.103273245720162
SYNPCC7942_RS10700,SYNPCC7942_RS02475,0.103271245761898
SYNPCC7942_RS03325,SYNPCC7942_RS07650,0.103266857009003
SYNPCC7942_RS07435,SYNPCC7942_RS14105,0.103254739774399
SYNPCC7942_RS09760,SYNPCC7942_RS02685,0.103248358424097
SYNPCC7942_RS03160,SYNPCC7942_RS03490,0.103244597089172
SYNPCC7942_RS03160,SYNPCC7942_RS12480,0.103208822963604
SYNPCC7942_RS12560,SYNPCC7942_RS07325,0.103118988514468
SYNPCC7942_RS07185,SYNPCC7942_RS10695,0.103115800380474
SYNPCC7942_RS03160,SYNPCC7942_RS11485,0.10307540360796
SYNPCC7942_RS03260,SYNPCC7942_RS11915,0.103061040197676
SYNPCC7942_RS09065,SYNPCC7942_RS12115,0.103040958201357
SYNPCC7942_RS07435,SYNPCC7942_RS11425,0.10298791580132
SYNPCC7942_RS02895,SYNPCC7942_RS00855,0.102984203193854
SYNPCC7942_RS03075,SYNPCC7942_RS05970,0.102965450090645
SYNPCC7942_RS11465,SYNPCC7942_RS14145,0.102952860722613
SYNPCC7942_RS00765,SYNPCC7942_RS03435,0.10294933664158
SYNPCC7942_RS03160,SYNPCC7942_RS09770,0.102922069439078
SYNPCC7942_RS03160,SYNPCC7942_RS00095,0.102905941722489
SYNPCC7942_RS03260,SYNPCC7942_RS11295,0.102893812821949
SYNPCC7942_RS03160,SYNPCC7942_RS03620,0.10288163948884
SYNPCC7942_RS07185,SYNPCC7942_RS11620,0.102835128261852
SYNPCC7942_RS12275,SYNPCC7942_RS09475,0.10282332256952
SYNPCC7942_RS07185,SYNPCC7942_RS02885,0.102798067672418
SYNPCC7942_RS10700,SYNPCC7942_RS13150,0.102738882828972
SYNPCC7942_RS03160,SYNPCC7942_RS03500,0.102728178013506
SYNPCC7942_RS10700,SYNPCC7942_RS10805,0.102701376195777
SYNPCC7942_RS03160,SYNPCC7942_RS09615,0.102669630225405
SYNPCC7942_RS08885,SYNPCC7942_RS12190,0.102663171203448
SYNPCC7942_RS07435,SYNPCC7942_RS03495,0.102625818011866
SYNPCC7942_RS08885,SYNPCC7942_RS02265,0.102597840808516
SYNPCC7942_RS03530,SYNPCC7942_RS11840,0.102559252652077
SYNPCC7942_RS08885,SYNPCC7942_RS10220,0.102551888622466
SYNPCC7942_RS03440,SYNPCC7942_RS04845,0.102508255052745
SYNPCC7942_RS02895,SYNPCC7942_RS10955,0.10248166978421
SYNPCC7942_RS10700,SYNPCC7942_RS07920,0.102466791329971
SYNPCC7942_RS02830,SYNPCC7942_RS01555,0.102442225233543
SYNPCC7942_RS10700,SYNPCC7942_RS05665,0.102406055970123
SYNPCC7942_RS08885,SYNPCC7942_RS11965,0.102313978119036
SYNPCC7942_RS09380,SYNPCC7942_RS01555,0.102294668400987
SYNPCC7942_RS03160,SYNPCC7942_RS13045,0.102249420121171
SYNPCC7942_RS05070,SYNPCC7942_RS06180,0.102234285955856
SYNPCC7942_RS12560,SYNPCC7942_RS04095,0.10215761899336
SYNPCC7942_RS05870,SYNPCC7942_RS04060,0.102142631713411
SYNPCC7942_RS03160,SYNPCC7942_RS08165,0.102113293624753
SYNPCC7942_RS09740,SYNPCC7942_RS04235,0.102050733066442
SYNPCC7942_RS09740,SYNPCC7942_RS08895,0.102039058178966
SYNPCC7942_RS09160,SYNPCC7942_RS06725,0.102025871823918
SYNPCC7942_RS09935,SYNPCC7942_RS02130,0.102009014944002
SYNPCC7942_RS03325,SYNPCC7942_RS01430,0.101959926540273
SYNPCC7942_RS03160,SYNPCC7942_RS01850,0.101953339736583
SYNPCC7942_RS11465,SYNPCC7942_RS04500,0.101942343334311
SYNPCC7942_RS05070,SYNPCC7942_RS09955,0.101936755297108
SYNPCC7942_RS03160,SYNPCC7942_RS10695,0.1019234533228
SYNPCC7942_RS09065,SYNPCC7942_RS05895,0.10189185911152
SYNPCC7942_RS07435,SYNPCC7942_RS00640,0.101890050708616
SYNPCC7942_RS02830,SYNPCC7942_RS02450,0.101878440081406
SYNPCC7942_RS00645,SYNPCC7942_RS02260,0.101834685358635
SYNPCC7942_RS02830,SYNPCC7942_RS08515,0.101830558309637
SYNPCC7942_RS03160,SYNPCC7942_RS06300,0.101812102591066
SYNPCC7942_RS09500,SYNPCC7942_RS06930,0.101786038207533
SYNPCC7942_RS03440,SYNPCC7942_RS10125,0.101721160288247
SYNPCC7942_RS12560,SYNPCC7942_RS12230,0.101678566850057
SYNPCC7942_RS03160,SYNPCC7942_RS04750,0.101674904720546
SYNPCC7942_RS08820,SYNPCC7942_RS09250,0.101655579154198
SYNPCC7942_RS03160,SYNPCC7942_RS04195,0.101627189357251
SYNPCC7942_RS03955,SYNPCC7942_RS00620,0.101625758515372
SYNPCC7942_RS03465,SYNPCC7942_RS02365,0.101604124587493
SYNPCC7942_RS00455,SYNPCC7942_RS11595,0.101583703815859
SYNPCC7942_RS00380,SYNPCC7942_RS04770,0.101535494824435
SYNPCC7942_RS09380,SYNPCC7942_RS09890,0.10149121993064
SYNPCC7942_RS10700,SYNPCC7942_RS02295,0.101487803607575
SYNPCC7942_RS06700,SYNPCC7942_RS10605,0.101359818200488
SYNPCC7942_RS02895,SYNPCC7942_RS11400,0.101331670061788
SYNPCC7942_RS00455,SYNPCC7942_RS02465,0.101318795351595
SYNPCC7942_RS03160,SYNPCC7942_RS10175,0.101291392767222
SYNPCC7942_RS03465,SYNPCC7942_RS03390,0.101274873675423
SYNPCC7942_RS10700,SYNPCC7942_RS02715,0.101258516146401
SYNPCC7942_RS09740,SYNPCC7942_RS12650,0.101255548794642
SYNPCC7942_RS09740,SYNPCC7942_RS05700,0.10124736314513
SYNPCC7942_RS00455,SYNPCC7942_RS05500,0.10123462055295
SYNPCC7942_RS10040,SYNPCC7942_RS02690,0.101215154555147
SYNPCC7942_RS11465,SYNPCC7942_RS11420,0.101207525216545
SYNPCC7942_RS07435,SYNPCC7942_RS07270,0.101164098697032
SYNPCC7942_RS00455,SYNPCC7942_RS00335,0.101159298481616
SYNPCC7942_RS09740,SYNPCC7942_RS09115,0.101153537053021
SYNPCC7942_RS05870,SYNPCC7942_RS10420,0.101120273531299
SYNPCC7942_RS03075,SYNPCC7942_RS05340,0.10109307412843
SYNPCC7942_RS09740,SYNPCC7942_RS09685,0.101053345406778
SYNPCC7942_RS03075,SYNPCC7942_RS08345,0.101030695469345
SYNPCC7942_RS03260,SYNPCC7942_RS11225,0.100989528408401
SYNPCC7942_RS07435,SYNPCC7942_RS12895,0.100964450634733
SYNPCC7942_RS08820,SYNPCC7942_RS10040,0.100919704848388
SYNPCC7942_RS03160,SYNPCC7942_RS07455,0.100911626414878
SYNPCC7942_RS10700,SYNPCC7942_RS00325,0.100881944926919
SYNPCC7942_RS12560,SYNPCC7942_RS11615,0.100853946740055
SYNPCC7942_RS11465,SYNPCC7942_RS14140,0.10084494440616
SYNPCC7942_RS08885,SYNPCC7942_RS01290,0.100834744175227
SYNPCC7942_RS00455,SYNPCC7942_RS11995,0.100819106293071
SYNPCC7942_RS03325,SYNPCC7942_RS10735,0.100811103729057
SYNPCC7942_RS03325,SYNPCC7942_RS12815,0.100810043253753
SYNPCC7942_RS09740,SYNPCC7942_RS02280,0.10079446583566
SYNPCC7942_RS03160,SYNPCC7942_RS02810,0.100775621343509
SYNPCC7942_RS03160,SYNPCC7942_RS06810,0.100767847563802
SYNPCC7942_RS09160,SYNPCC7942_RS05045,0.100750207503925
SYNPCC7942_RS10700,SYNPCC7942_RS11995,0.10072796829071
SYNPCC7942_RS00455,SYNPCC7942_RS01375,0.100723087868968
SYNPCC7942_RS04225,SYNPCC7942_RS08095,0.100697684712634
SYNPCC7942_RS09740,SYNPCC7942_RS13135,0.1006965983524
SYNPCC7942_RS02895,SYNPCC7942_RS11900,0.100651672869502
SYNPCC7942_RS03160,SYNPCC7942_RS10440,0.100635161897594
SYNPCC7942_RS03440,SYNPCC7942_RS08840,0.10061943141236
SYNPCC7942_RS05870,SYNPCC7942_RS02105,0.100604401674181
SYNPCC7942_RS03160,SYNPCC7942_RS01730,0.100595112201489
SYNPCC7942_RS09760,SYNPCC7942_RS11975,0.100593313132148
SYNPCC7942_RS05870,SYNPCC7942_RS00135,0.1005470870156
SYNPCC7942_RS03075,SYNPCC7942_RS01550,0.100546462330316
SYNPCC7942_RS03160,SYNPCC7942_RS02295,0.100546116166081
SYNPCC7942_RS10700,SYNPCC7942_RS03125,0.100542773821584
SYNPCC7942_RS00455,SYNPCC7942_RS09860,0.100539505377677
SYNPCC7942_RS03160,SYNPCC7942_RS01055,0.100534967585463
SYNPCC7942_RS03075,SYNPCC7942_RS12685,0.100516505853169
SYNPCC7942_RS00455,SYNPCC7942_RS01255,0.100509514888693
SYNPCC7942_RS00645,SYNPCC7942_RS12085,0.100506822420352
SYNPCC7942_RS00455,SYNPCC7942_RS10335,0.100450943951771
SYNPCC7942_RS00645,SYNPCC7942_RS01255,0.100446775238171
SYNPCC7942_RS00765,SYNPCC7942_RS09800,0.100435362335078
SYNPCC7942_RS00455,SYNPCC7942_RS05040,0.100433305793205
SYNPCC7942_RS03160,SYNPCC7942_RS02730,0.100420524256138
SYNPCC7942_RS09740,SYNPCC7942_RS05195,0.100419255952085
SYNPCC7942_RS03160,SYNPCC7942_RS11480,0.10037489509663
SYNPCC7942_RS10340,SYNPCC7942_RS02495,0.100340892377067
SYNPCC7942_RS09740,SYNPCC7942_RS10760,0.100337962079513
SYNPCC7942_RS02830,SYNPCC7942_RS08005,0.100301636655871
SYNPCC7942_RS03160,SYNPCC7942_RS04470,0.100282980911695
SYNPCC7942_RS00480,SYNPCC7942_RS09945,0.100268207788527
SYNPCC7942_RS05640,SYNPCC7942_RS09300,0.10022466711975
SYNPCC7942_RS09380,SYNPCC7942_RS00175,0.100194868361466
SYNPCC7942_RS12560,SYNPCC7942_RS06725,0.100192529149015
SYNPCC7942_RS00455,SYNPCC7942_RS09885,0.100186389447768
SYNPCC7942_RS03160,SYNPCC7942_RS09550,0.100167491346568
SYNPCC7942_RS03465,SYNPCC7942_RS03460,0.100163536022232
SYNPCC7942_RS05870,SYNPCC7942_RS01750,0.10013565886739
SYNPCC7942_RS03075,SYNPCC7942_RS00170,0.100121277699762
SYNPCC7942_RS08885,SYNPCC7942_RS09535,0.100101104033549
SYNPCC7942_RS05870,SYNPCC7942_RS12245,0.100095992258506
SYNPCC7942_RS06370,SYNPCC7942_RS05235,0.100093782266231
SYNPCC7942_RS00645,SYNPCC7942_RS09860,0.100028901062863
SYNPCC7942_RS03160,SYNPCC7942_RS04785,0.0999989284993777
SYNPCC7942_RS05870,SYNPCC7942_RS02760,0.0999352352131833
SYNPCC7942_RS07435,SYNPCC7942_RS03170,0.0999285120279917
SYNPCC7942_RS02830,SYNPCC7942_RS01015,0.0999274131923544
SYNPCC7942_RS05870,SYNPCC7942_RS06130,0.0998983147947464
SYNPCC7942_RS13165,SYNPCC7942_RS09915,0.0998976088216824
SYNPCC7942_RS07185,SYNPCC7942_RS02660,0.0998957031648039
SYNPCC7942_RS07435,SYNPCC7942_RS00980,0.0998907623740637
SYNPCC7942_RS03160,SYNPCC7942_RS04460,0.099868088588807
SYNPCC7942_RS08850,SYNPCC7942_RS11280,0.0998542327916608
SYNPCC7942_RS00480,SYNPCC7942_RS00470,0.0998505568168577
SYNPCC7942_RS05870,SYNPCC7942_RS08120,0.0998097489500464
SYNPCC7942_RS03160,SYNPCC7942_RS10005,0.0998095666587752
SYNPCC7942_RS06700,SYNPCC7942_RS10610,0.0998088766668688
SYNPCC7942_RS07185,SYNPCC7942_RS08790,0.0997586008139616
SYNPCC7942_RS07435,SYNPCC7942_RS11985,0.099711946924301
SYNPCC7942_RS10700,SYNPCC7942_RS04070,0.0997119015050133
SYNPCC7942_RS08405,SYNPCC7942_RS08890,0.0996983924041828
SYNPCC7942_RS09620,SYNPCC7942_RS12830,0.0996848850520048
SYNPCC7942_RS02895,SYNPCC7942_RS05390,0.0996842841898016
SYNPCC7942_RS03160,SYNPCC7942_RS02035,0.0996556790305685
SYNPCC7942_RS09760,SYNPCC7942_RS08235,0.0996419575294972
SYNPCC7942_RS03075,SYNPCC7942_RS11135,0.0996169922276355
SYNPCC7942_RS05640,SYNPCC7942_RS12060,0.0996050402912654
SYNPCC7942_RS08885,SYNPCC7942_RS07660,0.0996027965437073
SYNPCC7942_RS09160,SYNPCC7942_RS12365,0.0995340600398605
SYNPCC7942_RS03160,SYNPCC7942_RS12080,0.0994976614860434
SYNPCC7942_RS07185,SYNPCC7942_RS01075,0.0994869312573434
SYNPCC7942_RS03075,SYNPCC7942_RS12680,0.0994234828503074
SYNPCC7942_RS09380,SYNPCC7942_RS06920,0.0994192946689713
SYNPCC7942_RS07435,SYNPCC7942_RS04400,0.099374342338672
SYNPCC7942_RS08885,SYNPCC7942_RS12585,0.0993169238977809
SYNPCC7942_RS13165,SYNPCC7942_RS09095,0.0993038955319947
SYNPCC7942_RS12560,SYNPCC7942_RS09795,0.0992673158621557
SYNPCC7942_RS09160,SYNPCC7942_RS09315,0.0992526229059927
SYNPCC7942_RS07185,SYNPCC7942_RS03395,0.099228445052045
SYNPCC7942_RS09740,SYNPCC7942_RS07305,0.0992283073301171
SYNPCC7942_RS03160,SYNPCC7942_RS02965,0.0992267807019923
SYNPCC7942_RS07435,SYNPCC7942_RS03640,0.0992073178467773
SYNPCC7942_RS09740,SYNPCC7942_RS01840,0.0992027632102699
SYNPCC7942_RS09760,SYNPCC7942_RS11880,0.0992022489434764
SYNPCC7942_RS03160,SYNPCC7942_RS07450,0.0991882692329903
SYNPCC7942_RS03160,SYNPCC7942_RS06070,0.0991545161389291
SYNPCC7942_RS06370,SYNPCC7942_RS10310,0.0990825975475926
SYNPCC7942_RS10700,SYNPCC7942_RS02580,0.0990820422075526
SYNPCC7942_RS12275,SYNPCC7942_RS12000,0.0990655933726688
SYNPCC7942_RS03955,SYNPCC7942_RS00270,0.0990494717633258
SYNPCC7942_RS12275,SYNPCC7942_RS13715,0.0990331666721167
SYNPCC7942_RS00645,SYNPCC7942_RS06335,0.099033117538261
SYNPCC7942_RS08850,SYNPCC7942_RS08840,0.0990160947493352
SYNPCC7942_RS00455,SYNPCC7942_RS01520,0.0990083613250998
SYNPCC7942_RS00645,SYNPCC7942_RS01690,0.099001142667161
SYNPCC7942_RS07185,SYNPCC7942_RS08090,0.0989992009474346
SYNPCC7942_RS09160,SYNPCC7942_RS00830,0.0989956498669904
SYNPCC7942_RS10700,SYNPCC7942_RS00720,0.0989650502082608
SYNPCC7942_RS07435,SYNPCC7942_RS13145,0.0989539310357836
SYNPCC7942_RS07805,SYNPCC7942_RS10425,0.0989354616532581
SYNPCC7942_RS00645,SYNPCC7942_RS00455,0.0989329390055288
SYNPCC7942_RS02830,SYNPCC7942_RS05925,0.0989175986521576
SYNPCC7942_RS08850,SYNPCC7942_RS08835,0.0988986850645555
SYNPCC7942_RS13165,SYNPCC7942_RS09910,0.0988631449368801
SYNPCC7942_RS03260,SYNPCC7942_RS11250,0.0988553343364983
SYNPCC7942_RS00455,SYNPCC7942_RS12730,0.0988489619292243
SYNPCC7942_RS10340,SYNPCC7942_RS03875,0.098823565202387
SYNPCC7942_RS03465,SYNPCC7942_RS05880,0.0988214314573413
SYNPCC7942_RS03160,SYNPCC7942_RS04475,0.0988180106708325
SYNPCC7942_RS00455,SYNPCC7942_RS06515,0.0987745366837864
SYNPCC7942_RS00560,SYNPCC7942_RS00200,0.0987654055215466
SYNPCC7942_RS03160,SYNPCC7942_RS03495,0.0987253997980182
SYNPCC7942_RS12560,SYNPCC7942_RS00595,0.0985967643728477
SYNPCC7942_RS05870,SYNPCC7942_RS00870,0.0985876228291049
SYNPCC7942_RS08885,SYNPCC7942_RS09760,0.0985849914827126
SYNPCC7942_RS05870,SYNPCC7942_RS08125,0.098566930247017
SYNPCC7942_RS03160,SYNPCC7942_RS08265,0.098528117851942
SYNPCC7942_RS03955,SYNPCC7942_RS07860,0.0985214418181749
SYNPCC7942_RS09380,SYNPCC7942_RS04315,0.0985213229211721
SYNPCC7942_RS07185,SYNPCC7942_RS00610,0.0985195482621731
SYNPCC7942_RS03160,SYNPCC7942_RS12070,0.0984859197710383
SYNPCC7942_RS03325,SYNPCC7942_RS09665,0.0984694691537023
SYNPCC7942_RS09740,SYNPCC7942_RS10525,0.098448330536411
SYNPCC7942_RS00645,SYNPCC7942_RS05335,0.0984444335002051
SYNPCC7942_RS07435,SYNPCC7942_RS03670,0.0984435652797415
SYNPCC7942_RS08885,SYNPCC7942_RS03585,0.0984411951253806
SYNPCC7942_RS05870,SYNPCC7942_RS06065,0.098421132551456
SYNPCC7942_RS07435,SYNPCC7942_RS05145,0.0984041141211916
SYNPCC7942_RS03160,SYNPCC7942_RS00655,0.0984032832267335
SYNPCC7942_RS03955,SYNPCC7942_RS00285,0.0984004675591274
SYNPCC7942_RS03160,SYNPCC7942_RS13145,0.0983663353844435
SYNPCC7942_RS07185,SYNPCC7942_RS04925,0.0983017860181081
SYNPCC7942_RS05070,SYNPCC7942_RS00525,0.0982803005206806
SYNPCC7942_RS03160,SYNPCC7942_RS00735,0.0982592077910736
SYNPCC7942_RS10700,SYNPCC7942_RS07455,0.0982551635178638
SYNPCC7942_RS00645,SYNPCC7942_RS06685,0.0982550825149851
SYNPCC7942_RS07435,SYNPCC7942_RS01385,0.0982534077920244
SYNPCC7942_RS00455,SYNPCC7942_RS04800,0.0982131821537323
SYNPCC7942_RS03160,SYNPCC7942_RS04035,0.0982106114599248
SYNPCC7942_RS05870,SYNPCC7942_RS06805,0.0981800824157611
SYNPCC7942_RS10700,SYNPCC7942_RS09455,0.0981686390734758
SYNPCC7942_RS09380,SYNPCC7942_RS02370,0.0981599339379156
SYNPCC7942_RS07185,SYNPCC7942_RS11535,0.0980718224328731
SYNPCC7942_RS09620,SYNPCC7942_RS02285,0.0980483660255393
SYNPCC7942_RS10170,SYNPCC7942_RS10495,0.0980272841020896
SYNPCC7942_RS07185,SYNPCC7942_RS06160,0.0980122038786739
SYNPCC7942_RS03955,SYNPCC7942_RS03960,0.0980100354132538
SYNPCC7942_RS09760,SYNPCC7942_RS09150,0.098005320889983
SYNPCC7942_RS03160,SYNPCC7942_RS08170,0.0979989698415868
SYNPCC7942_RS09740,SYNPCC7942_RS11410,0.0979873538165538
SYNPCC7942_RS07185,SYNPCC7942_RS06645,0.0979845718976287
SYNPCC7942_RS10700,SYNPCC7942_RS08490,0.0979725608887471
SYNPCC7942_RS05870,SYNPCC7942_RS04770,0.0979228971823222
SYNPCC7942_RS03160,SYNPCC7942_RS14195,0.0978862711931183
SYNPCC7942_RS10700,SYNPCC7942_RS11885,0.0978839497102684
SYNPCC7942_RS12275,SYNPCC7942_RS06450,0.0978778433664791
SYNPCC7942_RS10700,SYNPCC7942_RS00570,0.0978692392345083
SYNPCC7942_RS10700,SYNPCC7942_RS01270,0.0978127942771286
SYNPCC7942_RS10700,SYNPCC7942_RS11640,0.0978036373473078
SYNPCC7942_RS05070,SYNPCC7942_RS10430,0.0977683767515637
SYNPCC7942_RS00455,SYNPCC7942_RS12180,0.0977602951024924
SYNPCC7942_RS07185,SYNPCC7942_RS04205,0.0977501362301599
SYNPCC7942_RS12560,SYNPCC7942_RS12235,0.0977408345592102
SYNPCC7942_RS09740,SYNPCC7942_RS02595,0.0977014357972819
SYNPCC7942_RS03465,SYNPCC7942_RS13925,0.0976797305784745
SYNPCC7942_RS11465,SYNPCC7942_RS00210,0.0975899472438942
SYNPCC7942_RS02830,SYNPCC7942_RS00175,0.097568592929315
SYNPCC7942_RS07435,SYNPCC7942_RS03015,0.0975249652644213
SYNPCC7942_RS00455,SYNPCC7942_RS06710,0.0975201267084441
SYNPCC7942_RS00380,SYNPCC7942_RS12480,0.0975071853668997
SYNPCC7942_RS03530,SYNPCC7942_RS01080,0.0974964926160277
SYNPCC7942_RS03075,SYNPCC7942_RS06120,0.0974354188488513
SYNPCC7942_RS05870,SYNPCC7942_RS00725,0.0974325364503472
SYNPCC7942_RS12275,SYNPCC7942_RS06505,0.0974084115413479
SYNPCC7942_RS00645,SYNPCC7942_RS08305,0.0974072988265569
SYNPCC7942_RS03160,SYNPCC7942_RS10760,0.0973905696996399
SYNPCC7942_RS08885,SYNPCC7942_RS08405,0.0973688767736518
SYNPCC7942_RS09160,SYNPCC7942_RS00820,0.09735818107476
SYNPCC7942_RS02895,SYNPCC7942_RS07385,0.097322981464751
SYNPCC7942_RS00455,SYNPCC7942_RS03670,0.0973128374776485
SYNPCC7942_RS09380,SYNPCC7942_RS07175,0.0973030936783824
SYNPCC7942_RS03160,SYNPCC7942_RS09740,0.0972955854993039
SYNPCC7942_RS06370,SYNPCC7942_RS11095,0.0972549995119192
SYNPCC7942_RS03465,SYNPCC7942_RS11935,0.097228266643905
SYNPCC7942_RS00455,SYNPCC7942_RS06015,0.097215880483469
SYNPCC7942_RS10170,SYNPCC7942_RS09330,0.0972107280050098
SYNPCC7942_RS03160,SYNPCC7942_RS04830,0.0971811265427576
SYNPCC7942_RS10700,SYNPCC7942_RS03160,0.0971612358483736
SYNPCC7942_RS09740,SYNPCC7942_RS00890,0.0971460566894223
SYNPCC7942_RS04225,SYNPCC7942_RS10800,0.0971328229882515
SYNPCC7942_RS09435,SYNPCC7942_RS09870,0.0970939018323138
SYNPCC7942_RS09740,SYNPCC7942_RS10285,0.0970598684674276
SYNPCC7942_RS00455,SYNPCC7942_RS00690,0.0970552125080164
SYNPCC7942_RS09740,SYNPCC7942_RS08255,0.0970398393344332
SYNPCC7942_RS00645,SYNPCC7942_RS10410,0.0970332101947404
SYNPCC7942_RS10700,SYNPCC7942_RS06155,0.0970324718538763
SYNPCC7942_RS10700,SYNPCC7942_RS07815,0.0969753107913028
SYNPCC7942_RS03075,SYNPCC7942_RS01555,0.0969604634611412
SYNPCC7942_RS00765,SYNPCC7942_RS04160,0.0969586873302278
SYNPCC7942_RS09160,SYNPCC7942_RS01085,0.0969454615701777
SYNPCC7942_RS03160,SYNPCC7942_RS11435,0.0969445875260561
SYNPCC7942_RS08885,SYNPCC7942_RS11925,0.0969272307313547
SYNPCC7942_RS08820,SYNPCC7942_RS07165,0.0969092536241695
SYNPCC7942_RS09740,SYNPCC7942_RS11480,0.096905338202262
SYNPCC7942_RS07185,SYNPCC7942_RS12055,0.0968992525735601
SYNPCC7942_RS00455,SYNPCC7942_RS06115,0.0968964941356296
SYNPCC7942_RS09065,SYNPCC7942_RS13955,0.0968935614512479
SYNPCC7942_RS03465,SYNPCC7942_RS04050,0.0968645348079094
SYNPCC7942_RS09160,SYNPCC7942_RS07465,0.09680888701028
SYNPCC7942_RS07435,SYNPCC7942_RS00920,0.0967889536811246
SYNPCC7942_RS00455,SYNPCC7942_RS14085,0.096784851691503
SYNPCC7942_RS11465,SYNPCC7942_RS01195,0.096774011123487
SYNPCC7942_RS00645,SYNPCC7942_RS10305,0.096772888822811
SYNPCC7942_RS12560,SYNPCC7942_RS04965,0.0967200623375005
SYNPCC7942_RS03160,SYNPCC7942_RS12475,0.0967007220224246
SYNPCC7942_RS07435,SYNPCC7942_RS00380,0.0967006947283623
SYNPCC7942_RS03160,SYNPCC7942_RS01630,0.0966987067589894
SYNPCC7942_RS05870,SYNPCC7942_RS06955,0.0966912572730949
SYNPCC7942_RS08780,SYNPCC7942_RS04225,0.0966801688971449
SYNPCC7942_RS11970,SYNPCC7942_RS01900,0.0966653129548629
SYNPCC7942_RS00455,SYNPCC7942_RS09980,0.0966422770930168
SYNPCC7942_RS03325,SYNPCC7942_RS01435,0.0966285690186608
SYNPCC7942_RS03160,SYNPCC7942_RS10525,0.0966048013152245
SYNPCC7942_RS00645,SYNPCC7942_RS10335,0.096592954463028
SYNPCC7942_RS02895,SYNPCC7942_RS05375,0.0965815985699513
SYNPCC7942_RS03160,SYNPCC7942_RS03230,0.0965791361290571
SYNPCC7942_RS09065,SYNPCC7942_RS07260,0.0965463905499783
SYNPCC7942_RS07435,SYNPCC7942_RS03645,0.0965441516507774
SYNPCC7942_RS10700,SYNPCC7942_RS01530,0.0965416686766716
SYNPCC7942_RS09160,SYNPCC7942_RS09140,0.0964979546801839
SYNPCC7942_RS03160,SYNPCC7942_RS00030,0.0964967400477124
SYNPCC7942_RS03325,SYNPCC7942_RS04750,0.0964760987366777
SYNPCC7942_RS03160,SYNPCC7942_RS07745,0.0964683797112321
SYNPCC7942_RS03465,SYNPCC7942_RS09715,0.0964571821238378
SYNPCC7942_RS00645,SYNPCC7942_RS05135,0.096453948139711
SYNPCC7942_RS00455,SYNPCC7942_RS00950,0.0964501927458636
SYNPCC7942_RS09380,SYNPCC7942_RS12120,0.0964494440034354
SYNPCC7942_RS03160,SYNPCC7942_RS09020,0.0964438294667397
SYNPCC7942_RS03260,SYNPCC7942_RS11330,0.0964370978519384
SYNPCC7942_RS07435,SYNPCC7942_RS01290,0.0963952426579123
SYNPCC7942_RS07185,SYNPCC7942_RS09600,0.0963895340299962
SYNPCC7942_RS10040,SYNPCC7942_RS07220,0.0963795824545102
SYNPCC7942_RS07185,SYNPCC7942_RS10285,0.0963795434272409
SYNPCC7942_RS00645,SYNPCC7942_RS02895,0.0963789313016894
SYNPCC7942_RS03160,SYNPCC7942_RS00205,0.0963789152567776
SYNPCC7942_RS10700,SYNPCC7942_RS02255,0.0963557119634663
SYNPCC7942_RS00455,SYNPCC7942_RS12660,0.0963415091791229
SYNPCC7942_RS00455,SYNPCC7942_RS10355,0.0963202014327468
SYNPCC7942_RS03955,SYNPCC7942_RS13980,0.0963093851253665
SYNPCC7942_RS10340,SYNPCC7942_RS02265,0.096271799412325
SYNPCC7942_RS07435,SYNPCC7942_RS10060,0.0962688519228374
SYNPCC7942_RS12560,SYNPCC7942_RS07725,0.0962667645600186
SYNPCC7942_RS09500,SYNPCC7942_RS09405,0.0962584162833971
SYNPCC7942_RS00645,SYNPCC7942_RS08625,0.0961784612560169
SYNPCC7942_RS03955,SYNPCC7942_RS07510,0.096144283269124
SYNPCC7942_RS00645,SYNPCC7942_RS09865,0.0961265941256027
SYNPCC7942_RS07185,SYNPCC7942_RS10275,0.0961162237473641
SYNPCC7942_RS03160,SYNPCC7942_RS06460,0.0961128357284114
SYNPCC7942_RS10700,SYNPCC7942_RS04790,0.0961097386961124
SYNPCC7942_RS09620,SYNPCC7942_RS05755,0.0961027982652454
SYNPCC7942_RS03075,SYNPCC7942_RS06655,0.0961004352726156
SYNPCC7942_RS10170,SYNPCC7942_RS00245,0.0960949106161147
SYNPCC7942_RS03160,SYNPCC7942_RS04905,0.0960941899927476
SYNPCC7942_RS11465,SYNPCC7942_RS06400,0.0960817787719028
SYNPCC7942_RS06370,SYNPCC7942_RS00455,0.0960567777684587
SYNPCC7942_RS05870,SYNPCC7942_RS07005,0.0960438277826137
SYNPCC7942_RS09760,SYNPCC7942_RS11375,0.0960159457595501
SYNPCC7942_RS07185,SYNPCC7942_RS03625,0.0959977056281064
SYNPCC7942_RS02895,SYNPCC7942_RS13675,0.0959809998835282
SYNPCC7942_RS00455,SYNPCC7942_RS02325,0.0959709148109623
SYNPCC7942_RS09065,SYNPCC7942_RS09875,0.0959633304454783
SYNPCC7942_RS00645,SYNPCC7942_RS06340,0.0959316421251376
SYNPCC7942_RS10700,SYNPCC7942_RS11590,0.0959115431614805
SYNPCC7942_RS03160,SYNPCC7942_RS00035,0.0958975992631608
SYNPCC7942_RS10350,SYNPCC7942_RS07630,0.0958873322255936
SYNPCC7942_RS04835,SYNPCC7942_RS13020,0.0958523433772025
SYNPCC7942_RS07185,SYNPCC7942_RS07885,0.0958453292987309
SYNPCC7942_RS05870,SYNPCC7942_RS02725,0.0958382032187428
SYNPCC7942_RS08780,SYNPCC7942_RS08380,0.0958281564045566
SYNPCC7942_RS10170,SYNPCC7942_RS04250,0.09579882652102
SYNPCC7942_RS10700,SYNPCC7942_RS04935,0.0957930284023682
SYNPCC7942_RS03075,SYNPCC7942_RS08660,0.0957771338703659
SYNPCC7942_RS05870,SYNPCC7942_RS11475,0.0957600035702427
SYNPCC7942_RS08780,SYNPCC7942_RS00665,0.0957147025732866
SYNPCC7942_RS09740,SYNPCC7942_RS10010,0.0957043720764932
SYNPCC7942_RS03325,SYNPCC7942_RS07645,0.0956862350542054
SYNPCC7942_RS09380,SYNPCC7942_RS03485,0.0956824711916601
SYNPCC7942_RS05870,SYNPCC7942_RS05160,0.0956635026061574
SYNPCC7942_RS09065,SYNPCC7942_RS00510,0.0956418290766366
SYNPCC7942_RS09740,SYNPCC7942_RS10460,0.0956334136188214
SYNPCC7942_RS13165,SYNPCC7942_RS03220,0.095630447435864
SYNPCC7942_RS00455,SYNPCC7942_RS08115,0.0956258136239256
SYNPCC7942_RS03160,SYNPCC7942_RS12280,0.0956169863938111
SYNPCC7942_RS10700,SYNPCC7942_RS01215,0.0956143645728601
SYNPCC7942_RS03160,SYNPCC7942_RS07810,0.0956142146328184
SYNPCC7942_RS03160,SYNPCC7942_RS02100,0.095568347808887
SYNPCC7942_RS07435,SYNPCC7942_RS12855,0.09555640702891
SYNPCC7942_RS00455,SYNPCC7942_RS13060,0.0955505342045189
SYNPCC7942_RS03440,SYNPCC7942_RS05795,0.0955316749072751
SYNPCC7942_RS10700,SYNPCC7942_RS09615,0.0955289902682488
SYNPCC7942_RS07185,SYNPCC7942_RS10210,0.0955207949001198
SYNPCC7942_RS10700,SYNPCC7942_RS10730,0.0955146574105016
SYNPCC7942_RS05870,SYNPCC7942_RS04440,0.0955023461914404
SYNPCC7942_RS00455,SYNPCC7942_RS01215,0.0954523525649744
SYNPCC7942_RS07435,SYNPCC7942_RS03095,0.0954480493468217
SYNPCC7942_RS03465,SYNPCC7942_RS03930,0.0954454955770844
SYNPCC7942_RS07435,SYNPCC7942_RS00990,0.0954406793560028
SYNPCC7942_RS09740,SYNPCC7942_RS08425,0.0954195952927686
SYNPCC7942_RS07720,SYNPCC7942_RS12025,0.0954175577054113
SYNPCC7942_RS00645,SYNPCC7942_RS02465,0.0954064762569345
SYNPCC7942_RS07940,SYNPCC7942_RS07945,0.0953998358193074
SYNPCC7942_RS07435,SYNPCC7942_RS10455,0.095397184188278
SYNPCC7942_RS00645,SYNPCC7942_RS06395,0.0953896029083094
SYNPCC7942_RS13165,SYNPCC7942_RS02080,0.0953775084166671
SYNPCC7942_RS10700,SYNPCC7942_RS02865,0.095353115506438
SYNPCC7942_RS03160,SYNPCC7942_RS12470,0.0953291855154913
SYNPCC7942_RS08850,SYNPCC7942_RS11200,0.0953196603739205
SYNPCC7942_RS09160,SYNPCC7942_RS08535,0.0953073907184043
SYNPCC7942_RS07435,SYNPCC7942_RS01280,0.0952960541012655
SYNPCC7942_RS08405,SYNPCC7942_RS01640,0.0952903936826755
SYNPCC7942_RS07805,SYNPCC7942_RS11920,0.0952318693503176
SYNPCC7942_RS03075,SYNPCC7942_RS12675,0.0952258970909779
SYNPCC7942_RS00645,SYNPCC7942_RS10050,0.0952107488992769
SYNPCC7942_RS07435,SYNPCC7942_RS11900,0.0951938378177736
SYNPCC7942_RS05070,SYNPCC7942_RS13675,0.0951916690065884
SYNPCC7942_RS05070,SYNPCC7942_RS10940,0.0951896272505587
SYNPCC7942_RS08885,SYNPCC7942_RS12545,0.0951890697924764
SYNPCC7942_RS10165,SYNPCC7942_RS07970,0.0951833220478361
SYNPCC7942_RS00645,SYNPCC7942_RS01465,0.0951704220462644
SYNPCC7942_RS02830,SYNPCC7942_RS02825,0.0950832219338657
SYNPCC7942_RS00455,SYNPCC7942_RS09290,0.0950442758309256
SYNPCC7942_RS07435,SYNPCC7942_RS10565,0.0950113516536403
SYNPCC7942_RS07720,SYNPCC7942_RS11120,0.0949900321856699
SYNPCC7942_RS12560,SYNPCC7942_RS00775,0.0949881949458704
SYNPCC7942_RS00455,SYNPCC7942_RS11590,0.0949758198631783
SYNPCC7942_RS09380,SYNPCC7942_RS13250,0.0949649604763251
SYNPCC7942_RS10700,SYNPCC7942_RS06885,0.0949639007718687
SYNPCC7942_RS09740,SYNPCC7942_RS00840,0.0949389331431871
SYNPCC7942_RS06370,SYNPCC7942_RS05500,0.0949384460368894
SYNPCC7942_RS03325,SYNPCC7942_RS00100,0.0949256773482785
SYNPCC7942_RS13165,SYNPCC7942_RS07045,0.0949132839720827
SYNPCC7942_RS05870,SYNPCC7942_RS12085,0.0948901193852928
SYNPCC7942_RS08405,SYNPCC7942_RS09150,0.0948855924163354
SYNPCC7942_RS03465,SYNPCC7942_RS12120,0.0948843584046807
SYNPCC7942_RS07940,SYNPCC7942_RS01795,0.0948740454485729
SYNPCC7942_RS00455,SYNPCC7942_RS07115,0.0948721520800861
SYNPCC7942_RS03160,SYNPCC7942_RS11995,0.0948508574980895
SYNPCC7942_RS05870,SYNPCC7942_RS04455,0.0948256423695917
SYNPCC7942_RS03160,SYNPCC7942_RS00350,0.0948254683231396
SYNPCC7942_RS07435,SYNPCC7942_RS12665,0.094794798550052
SYNPCC7942_RS09740,SYNPCC7942_RS10735,0.0947840899361762
SYNPCC7942_RS10700,SYNPCC7942_RS03505,0.0947819219182
SYNPCC7942_RS09065,SYNPCC7942_RS01250,0.0947791971822876
SYNPCC7942_RS09380,SYNPCC7942_RS12965,0.094772434658255
SYNPCC7942_RS10165,SYNPCC7942_RS10645,0.094769006914488
SYNPCC7942_RS09620,SYNPCC7942_RS09790,0.0947422707321313
SYNPCC7942_RS09380,SYNPCC7942_RS13255,0.0947377451329576
SYNPCC7942_RS03160,SYNPCC7942_RS07060,0.094725529866636
SYNPCC7942_RS09760,SYNPCC7942_RS08370,0.094723121255591
SYNPCC7942_RS03465,SYNPCC7942_RS08495,0.0946975327234611
SYNPCC7942_RS03075,SYNPCC7942_RS01025,0.0946857486157383
SYNPCC7942_RS03955,SYNPCC7942_RS07520,0.0946845414447185
SYNPCC7942_RS03160,SYNPCC7942_RS11500,0.0946677248136853
SYNPCC7942_RS03530,SYNPCC7942_RS09620,0.0946572715431283
SYNPCC7942_RS00455,SYNPCC7942_RS06395,0.0946406761380279
SYNPCC7942_RS03325,SYNPCC7942_RS12845,0.0945647860284772
SYNPCC7942_RS03160,SYNPCC7942_RS07665,0.0945352392618632
SYNPCC7942_RS10700,SYNPCC7942_RS06130,0.0945341932226468
SYNPCC7942_RS02830,SYNPCC7942_RS01415,0.0945235336181156
SYNPCC7942_RS00455,SYNPCC7942_RS07735,0.094521395915223
SYNPCC7942_RS03160,SYNPCC7942_RS04455,0.0945197380753405
SYNPCC7942_RS09740,SYNPCC7942_RS10730,0.0944814637680276
SYNPCC7942_RS09620,SYNPCC7942_RS03530,0.0944778333807537
SYNPCC7942_RS05870,SYNPCC7942_RS08950,0.0944614331054038
SYNPCC7942_RS08885,SYNPCC7942_RS10250,0.094443281357717
SYNPCC7942_RS09740,SYNPCC7942_RS07670,0.0944415299492043
SYNPCC7942_RS03160,SYNPCC7942_RS10470,0.0943624766867222
SYNPCC7942_RS03325,SYNPCC7942_RS07060,0.0943297106033129
SYNPCC7942_RS02830,SYNPCC7942_RS02370,0.0943125802089195
SYNPCC7942_RS09065,SYNPCC7942_RS03515,0.0943073290962998
SYNPCC7942_RS03960,SYNPCC7942_RS13725,0.0943029221280636
SYNPCC7942_RS03160,SYNPCC7942_RS01390,0.0942869597414632
SYNPCC7942_RS00455,SYNPCC7942_RS09940,0.0942855832448039
SYNPCC7942_RS02830,SYNPCC7942_RS05930,0.0942759317880937
SYNPCC7942_RS03075,SYNPCC7942_RS12975,0.094264318868457
SYNPCC7942_RS03465,SYNPCC7942_RS00790,0.0942341009891045
SYNPCC7942_RS10700,SYNPCC7942_RS01260,0.0942224371584792
SYNPCC7942_RS08780,SYNPCC7942_RS13660,0.0942213315856322
SYNPCC7942_RS03465,SYNPCC7942_RS03990,0.094184699267163
SYNPCC7942_RS00455,SYNPCC7942_RS09540,0.0941788368131573
SYNPCC7942_RS10170,SYNPCC7942_RS06775,0.0941682100960807
SYNPCC7942_RS00645,SYNPCC7942_RS07735,0.0941556498762764
SYNPCC7942_RS09160,SYNPCC7942_RS05125,0.0941443697892898
SYNPCC7942_RS03075,SYNPCC7942_RS12115,0.0941430582003458
SYNPCC7942_RS00645,SYNPCC7942_RS10330,0.0941356482044149
SYNPCC7942_RS09740,SYNPCC7942_RS03130,0.0941291340196978
SYNPCC7942_RS00455,SYNPCC7942_RS10105,0.0941124010048666
SYNPCC7942_RS00645,SYNPCC7942_RS07440,0.0941020514671787
SYNPCC7942_RS03160,SYNPCC7942_RS04255,0.0940824029622874
SYNPCC7942_RS03960,SYNPCC7942_RS13695,0.0940625314642334
SYNPCC7942_RS03075,SYNPCC7942_RS07395,0.0940474191835968
SYNPCC7942_RS00645,SYNPCC7942_RS11985,0.0940449129291363
SYNPCC7942_RS05230,SYNPCC7942_RS08415,0.0940273076721129
SYNPCC7942_RS05870,SYNPCC7942_RS08360,0.0940254236822795
SYNPCC7942_RS03160,SYNPCC7942_RS01160,0.0940215573180521
SYNPCC7942_RS09740,SYNPCC7942_RS04905,0.0940111325532522
SYNPCC7942_RS09740,SYNPCC7942_RS00680,0.0940031917200526
SYNPCC7942_RS10700,SYNPCC7942_RS11435,0.0939726592861034
SYNPCC7942_RS03465,SYNPCC7942_RS14105,0.0939663898664966
SYNPCC7942_RS09065,SYNPCC7942_RS01090,0.0939627410987085
SYNPCC7942_RS10700,SYNPCC7942_RS10355,0.0939617964675155
SYNPCC7942_RS05870,SYNPCC7942_RS03405,0.0939569771889562
SYNPCC7942_RS03075,SYNPCC7942_RS12965,0.0939455698569005
SYNPCC7942_RS03160,SYNPCC7942_RS11530,0.0939385472633648
SYNPCC7942_RS10700,SYNPCC7942_RS06300,0.0939154932694829
SYNPCC7942_RS12560,SYNPCC7942_RS12825,0.0939077562922808
SYNPCC7942_RS05870,SYNPCC7942_RS09005,0.0938205504464927
SYNPCC7942_RS07185,SYNPCC7942_RS08085,0.0937980595182913
SYNPCC7942_RS12560,SYNPCC7942_RS09075,0.0937585284119449
SYNPCC7942_RS05870,SYNPCC7942_RS12335,0.0937354771901715
SYNPCC7942_RS02830,SYNPCC7942_RS00660,0.0937004921070397
SYNPCC7942_RS05870,SYNPCC7942_RS04545,0.0937004090546914
SYNPCC7942_RS05870,SYNPCC7942_RS07600,0.09369733975248
SYNPCC7942_RS09435,SYNPCC7942_RS01335,0.0936916979413506
SYNPCC7942_RS10700,SYNPCC7942_RS08120,0.0936698262429219
SYNPCC7942_RS03160,SYNPCC7942_RS01475,0.0936659719265189
SYNPCC7942_RS10700,SYNPCC7942_RS06115,0.0936648973214861
SYNPCC7942_RS07435,SYNPCC7942_RS05140,0.0936223393038273
SYNPCC7942_RS08820,SYNPCC7942_RS10790,0.0935830994575424
SYNPCC7942_RS09500,SYNPCC7942_RS00280,0.09357777466464
SYNPCC7942_RS00455,SYNPCC7942_RS10980,0.0935391285424154
SYNPCC7942_RS00455,SYNPCC7942_RS01780,0.0935273600040296
SYNPCC7942_RS10170,SYNPCC7942_RS06640,0.0935172443883922
SYNPCC7942_RS07185,SYNPCC7942_RS08670,0.0934860420468092
SYNPCC7942_RS03160,SYNPCC7942_RS06105,0.0934775260362832
SYNPCC7942_RS09435,SYNPCC7942_RS01790,0.0934728381446647
SYNPCC7942_RS03160,SYNPCC7942_RS00965,0.0934557766596307
SYNPCC7942_RS03160,SYNPCC7942_RS10765,0.0934175214323665
SYNPCC7942_RS10700,SYNPCC7942_RS07450,0.0934096370953131
SYNPCC7942_RS03160,SYNPCC7942_RS04530,0.0934061749366336
SYNPCC7942_RS05870,SYNPCC7942_RS06040,0.0934023791206391
SYNPCC7942_RS07435,SYNPCC7942_RS12460,0.0934005691608448
SYNPCC7942_RS05870,SYNPCC7942_RS04285,0.0933801209186463
SYNPCC7942_RS13165,SYNPCC7942_RS00530,0.0933731697466183
SYNPCC7942_RS10700,SYNPCC7942_RS09440,0.0933728492710318
SYNPCC7942_RS00455,SYNPCC7942_RS09970,0.0933688411956157
SYNPCC7942_RS10700,SYNPCC7942_RS02590,0.0933590492199283
SYNPCC7942_RS03160,SYNPCC7942_RS10700,0.0933446043832323
SYNPCC7942_RS12285,SYNPCC7942_RS13300,0.0933321855825684
SYNPCC7942_RS03160,SYNPCC7942_RS10740,0.0933063386155982
SYNPCC7942_RS09380,SYNPCC7942_RS05970,0.0933007903658846
SYNPCC7942_RS12560,SYNPCC7942_RS02595,0.0932965244618697
SYNPCC7942_RS07185,SYNPCC7942_RS12330,0.0932480655482182
SYNPCC7942_RS08405,SYNPCC7942_RS11960,0.0932468632540556
SYNPCC7942_RS09500,SYNPCC7942_RS06320,0.0932404648389309
SYNPCC7942_RS09740,SYNPCC7942_RS04230,0.0932193954355974
SYNPCC7942_RS11465,SYNPCC7942_RS03240,0.0931672197312151
SYNPCC7942_RS10700,SYNPCC7942_RS11665,0.0931612603723911
SYNPCC7942_RS05070,SYNPCC7942_RS12775,0.0931382928111399
SYNPCC7942_RS10700,SYNPCC7942_RS05580,0.0931270669634784
SYNPCC7942_RS09380,SYNPCC7942_RS12350,0.0931183131037726
SYNPCC7942_RS07185,SYNPCC7942_RS11090,0.0931177727857603
SYNPCC7942_RS03465,SYNPCC7942_RS00990,0.0931162267486227
SYNPCC7942_RS13165,SYNPCC7942_RS02240,0.093109607202738
SYNPCC7942_RS11970,SYNPCC7942_RS09485,0.09306943385104
SYNPCC7942_RS03160,SYNPCC7942_RS04615,0.0930612654856397
SYNPCC7942_RS02830,SYNPCC7942_RS08030,0.0930457390892141
SYNPCC7942_RS07435,SYNPCC7942_RS06710,0.0930421689040995
SYNPCC7942_RS09760,SYNPCC7942_RS09810,0.0930259470695535
SYNPCC7942_RS05870,SYNPCC7942_RS11490,0.0929997663413247
SYNPCC7942_RS03160,SYNPCC7942_RS05580,0.0929367705201614
SYNPCC7942_RS03465,SYNPCC7942_RS01500,0.0929360448508454
SYNPCC7942_RS09740,SYNPCC7942_RS09735,0.0929205691161803
SYNPCC7942_RS03160,SYNPCC7942_RS00690,0.0929069642041533
SYNPCC7942_RS07435,SYNPCC7942_RS01145,0.092901694379325
SYNPCC7942_RS05195,SYNPCC7942_RS00955,0.0928963061584115
SYNPCC7942_RS00645,SYNPCC7942_RS01375,0.092886358740655
SYNPCC7942_RS10700,SYNPCC7942_RS12335,0.0928814351708964
SYNPCC7942_RS03160,SYNPCC7942_RS10145,0.0928792520469621
SYNPCC7942_RS00455,SYNPCC7942_RS08695,0.0928624488697913
SYNPCC7942_RS09620,SYNPCC7942_RS00345,0.0928234384893585
SYNPCC7942_RS03075,SYNPCC7942_RS07175,0.0928057444519079
SYNPCC7942_RS11465,SYNPCC7942_RS07560,0.0927893572898844
SYNPCC7942_RS00455,SYNPCC7942_RS13120,0.0927865515249829
SYNPCC7942_RS05870,SYNPCC7942_RS04620,0.0927556272589545
SYNPCC7942_RS10700,SYNPCC7942_RS00780,0.0927274483203928
SYNPCC7942_RS07185,SYNPCC7942_RS00835,0.0927263977010328
SYNPCC7942_RS05070,SYNPCC7942_RS06175,0.0927204735865739
SYNPCC7942_RS12560,SYNPCC7942_RS08760,0.0927137574791685
SYNPCC7942_RS08820,SYNPCC7942_RS00390,0.0926640457966352
SYNPCC7942_RS07435,SYNPCC7942_RS06385,0.0926544044685442
SYNPCC7942_RS08885,SYNPCC7942_RS06720,0.0926530866675918
SYNPCC7942_RS07185,SYNPCC7942_RS03430,0.092639017228601
SYNPCC7942_RS07435,SYNPCC7942_RS09425,0.0926144631243074
SYNPCC7942_RS00380,SYNPCC7942_RS12930,0.0926081622741913
SYNPCC7942_RS12285,SYNPCC7942_RS04065,0.092578152831926
SYNPCC7942_RS08850,SYNPCC7942_RS09650,0.0925460421193333
SYNPCC7942_RS05870,SYNPCC7942_RS02400,0.0925373581759975
SYNPCC7942_RS00455,SYNPCC7942_RS13025,0.0925313352379364
SYNPCC7942_RS03465,SYNPCC7942_RS06190,0.0925295828429867
SYNPCC7942_RS10700,SYNPCC7942_RS01730,0.0925294403786467
SYNPCC7942_RS00645,SYNPCC7942_RS10060,0.0925167312835985
SYNPCC7942_RS00645,SYNPCC7942_RS11775,0.0925156982223671
SYNPCC7942_RS03160,SYNPCC7942_RS08855,0.0924968661683783
SYNPCC7942_RS03160,SYNPCC7942_RS02475,0.0924756391987499
SYNPCC7942_RS08885,SYNPCC7942_RS09145,0.09247269719621
SYNPCC7942_RS09740,SYNPCC7942_RS01435,0.0924534584304319
SYNPCC7942_RS09760,SYNPCC7942_RS14065,0.0924504886287151
SYNPCC7942_RS10700,SYNPCC7942_RS10825,0.0924305153420946
SYNPCC7942_RS09620,SYNPCC7942_RS01365,0.092421045686297
SYNPCC7942_RS00645,SYNPCC7942_RS06905,0.092411578471889
SYNPCC7942_RS12560,SYNPCC7942_RS08275,0.0923759213838714
SYNPCC7942_RS00645,SYNPCC7942_RS04615,0.0923655188718797
SYNPCC7942_RS00455,SYNPCC7942_RS07340,0.0923544926981414
SYNPCC7942_RS07435,SYNPCC7942_RS11905,0.0923489393825384
SYNPCC7942_RS03160,SYNPCC7942_RS13160,0.0923371978121292
SYNPCC7942_RS09380,SYNPCC7942_RS03605,0.0923232173414961
SYNPCC7942_RS07435,SYNPCC7942_RS01825,0.0923153339306242
SYNPCC7942_RS13165,SYNPCC7942_RS12735,0.0923131024973397
SYNPCC7942_RS03260,SYNPCC7942_RS06540,0.0923067582561229
SYNPCC7942_RS09160,SYNPCC7942_RS12865,0.0923065880485528
SYNPCC7942_RS00455,SYNPCC7942_RS07815,0.0923007775750109
SYNPCC7942_RS09740,SYNPCC7942_RS01180,0.0922875656203175
SYNPCC7942_RS03160,SYNPCC7942_RS03405,0.0922772687029363
SYNPCC7942_RS03955,SYNPCC7942_RS00305,0.0922721257492651
SYNPCC7942_RS09740,SYNPCC7942_RS08265,0.0922708622760389
SYNPCC7942_RS02830,SYNPCC7942_RS08040,0.0922679144619672
SYNPCC7942_RS13165,SYNPCC7942_RS02230,0.0922656881309534
SYNPCC7942_RS00455,SYNPCC7942_RS10305,0.0922613565549779
SYNPCC7942_RS03465,SYNPCC7942_RS09025,0.0922584316745504
SYNPCC7942_RS07805,SYNPCC7942_RS07615,0.092250078960346
SYNPCC7942_RS02830,SYNPCC7942_RS13240,0.0922372677580802
SYNPCC7942_RS08645,SYNPCC7942_RS04000,0.0922264541632844
SYNPCC7942_RS03075,SYNPCC7942_RS02955,0.0922213241259072
SYNPCC7942_RS03160,SYNPCC7942_RS10460,0.0922206627399098
SYNPCC7942_RS02895,SYNPCC7942_RS06350,0.0922170462828961
SYNPCC7942_RS12560,SYNPCC7942_RS07715,0.0922088581215056
SYNPCC7942_RS00455,SYNPCC7942_RS01970,0.0922083851433459
SYNPCC7942_RS07435,SYNPCC7942_RS12180,0.0921991494528367
SYNPCC7942_RS10700,SYNPCC7942_RS06955,0.0921891697773519
SYNPCC7942_RS10340,SYNPCC7942_RS03880,0.0921418197243574
SYNPCC7942_RS05870,SYNPCC7942_RS08555,0.0921405766975155
SYNPCC7942_RS03160,SYNPCC7942_RS08895,0.0921214648592391
SYNPCC7942_RS05870,SYNPCC7942_RS07655,0.0921211992234664
SYNPCC7942_RS12275,SYNPCC7942_RS06260,0.0920892682365151
SYNPCC7942_RS07185,SYNPCC7942_RS02880,0.0920714081301466
SYNPCC7942_RS12560,SYNPCC7942_RS04055,0.0920653715459821
SYNPCC7942_RS08885,SYNPCC7942_RS12200,0.092057312181046
SYNPCC7942_RS12560,SYNPCC7942_RS04040,0.0920565549880941
SYNPCC7942_RS00455,SYNPCC7942_RS01385,0.0920430659655377
SYNPCC7942_RS10700,SYNPCC7942_RS10000,0.0920303099254902
SYNPCC7942_RS10700,SYNPCC7942_RS11475,0.0920300494549485
SYNPCC7942_RS00645,SYNPCC7942_RS03090,0.0920297958436658
SYNPCC7942_RS03160,SYNPCC7942_RS05565,0.0920283860281245
SYNPCC7942_RS00455,SYNPCC7942_RS05350,0.0920095465842019
SYNPCC7942_RS00455,SYNPCC7942_RS06660,0.0920039220156258
SYNPCC7942_RS10700,SYNPCC7942_RS05660,0.0919851591018235
SYNPCC7942_RS03440,SYNPCC7942_RS09035,0.0919650913232485
SYNPCC7942_RS05870,SYNPCC7942_RS02875,0.0919460401675281
SYNPCC7942_RS03160,SYNPCC7942_RS04795,0.0919413435925106
SYNPCC7942_RS03160,SYNPCC7942_RS02615,0.0919247464222243
SYNPCC7942_RS09740,SYNPCC7942_RS01430,0.0919058535016415
SYNPCC7942_RS10700,SYNPCC7942_RS09725,0.0918877479651088
SYNPCC7942_RS07435,SYNPCC7942_RS13930,0.091878910997063
SYNPCC7942_RS10700,SYNPCC7942_RS10105,0.0918624713972978
SYNPCC7942_RS11970,SYNPCC7942_RS09840,0.0918557101821013
SYNPCC7942_RS00480,SYNPCC7942_RS09165,0.0918352022218492
SYNPCC7942_RS05870,SYNPCC7942_RS06790,0.091822150646141
SYNPCC7942_RS10700,SYNPCC7942_RS10315,0.0917862972279304
SYNPCC7942_RS09435,SYNPCC7942_RS08060,0.0917745739544076
SYNPCC7942_RS03440,SYNPCC7942_RS05330,0.0917493890302468
SYNPCC7942_RS09935,SYNPCC7942_RS01535,0.0917472042464542
SYNPCC7942_RS10340,SYNPCC7942_RS11725,0.0917418775736077
SYNPCC7942_RS00645,SYNPCC7942_RS01155,0.0917313058817456
SYNPCC7942_RS10700,SYNPCC7942_RS09835,0.0917080428667602
SYNPCC7942_RS09620,SYNPCC7942_RS12370,0.0916937930163989
SYNPCC7942_RS07185,SYNPCC7942_RS03760,0.0916806931744892
SYNPCC7942_RS09620,SYNPCC7942_RS13000,0.0916649353781135
SYNPCC7942_RS07720,SYNPCC7942_RS03310,0.091575529739204
SYNPCC7942_RS02895,SYNPCC7942_RS10030,0.0915591900907341
SYNPCC7942_RS10700,SYNPCC7942_RS09730,0.0915401265309471
SYNPCC7942_RS13165,SYNPCC7942_RS09505,0.0915307183811746
SYNPCC7942_RS09435,SYNPCC7942_RS02845,0.0915177738712676
SYNPCC7942_RS00645,SYNPCC7942_RS01780,0.0915104139783005
SYNPCC7942_RS08885,SYNPCC7942_RS12590,0.0914703018706716
SYNPCC7942_RS07435,SYNPCC7942_RS02895,0.0914553993224949
SYNPCC7942_RS09740,SYNPCC7942_RS08260,0.0914305159796242
SYNPCC7942_RS07435,SYNPCC7942_RS02715,0.0914185711521473
SYNPCC7942_RS03075,SYNPCC7942_RS10540,0.0914069076718845
SYNPCC7942_RS00645,SYNPCC7942_RS04390,0.0914053955475797
SYNPCC7942_RS03160,SYNPCC7942_RS02220,0.0913766120616112
SYNPCC7942_RS12275,SYNPCC7942_RS10585,0.0913696877563065
SYNPCC7942_RS09990,SYNPCC7942_RS09655,0.0913564073182636
SYNPCC7942_RS10170,SYNPCC7942_RS00240,0.0913396163975481
SYNPCC7942_RS11030,SYNPCC7942_RS07870,0.0913383892643234
SYNPCC7942_RS02830,SYNPCC7942_RS10535,0.091333759526075
SYNPCC7942_RS06370,SYNPCC7942_RS11150,0.0913332678585544
SYNPCC7942_RS07185,SYNPCC7942_RS08545,0.0913174254359733
SYNPCC7942_RS00455,SYNPCC7942_RS00470,0.0913131322706103
SYNPCC7942_RS00765,SYNPCC7942_RS04015,0.0913082150162844
SYNPCC7942_RS07435,SYNPCC7942_RS04550,0.0912869307271958
SYNPCC7942_RS00645,SYNPCC7942_RS03095,0.091278401029992
SYNPCC7942_RS03160,SYNPCC7942_RS00680,0.0912408136821383
SYNPCC7942_RS00645,SYNPCC7942_RS09980,0.0912093995590402
SYNPCC7942_RS00455,SYNPCC7942_RS04765,0.0912075036986037
SYNPCC7942_RS10700,SYNPCC7942_RS02180,0.0912041023374369
SYNPCC7942_RS10700,SYNPCC7942_RS00690,0.0911992767767326
SYNPCC7942_RS11465,SYNPCC7942_RS05605,0.0911975950626214
SYNPCC7942_RS03160,SYNPCC7942_RS00940,0.0911778828690869
SYNPCC7942_RS03160,SYNPCC7942_RS09115,0.0911716595647655
SYNPCC7942_RS08885,SYNPCC7942_RS05530,0.0911644402309956
SYNPCC7942_RS07435,SYNPCC7942_RS01375,0.0911601040719803
SYNPCC7942_RS00455,SYNPCC7942_RS10330,0.0911415035696656
SYNPCC7942_RS03160,SYNPCC7942_RS01520,0.0911097252668013
SYNPCC7942_RS00455,SYNPCC7942_RS04185,0.0911065949645966
SYNPCC7942_RS11050,SYNPCC7942_RS07870,0.0910938323778919
SYNPCC7942_RS08645,SYNPCC7942_RS00430,0.0910924112832807
SYNPCC7942_RS06370,SYNPCC7942_RS01970,0.0910830330784594
SYNPCC7942_RS03160,SYNPCC7942_RS11490,0.091062342342357
SYNPCC7942_RS10700,SYNPCC7942_RS10005,0.0910539682092395
SYNPCC7942_RS05870,SYNPCC7942_RS10995,0.0909956675356612
SYNPCC7942_RS03160,SYNPCC7942_RS00335,0.0909926805957143
SYNPCC7942_RS03160,SYNPCC7942_RS06485,0.0909883938541238
SYNPCC7942_RS10165,SYNPCC7942_RS00385,0.090985933424025
SYNPCC7942_RS12560,SYNPCC7942_RS09120,0.0909805945442884
SYNPCC7942_RS09760,SYNPCC7942_RS03650,0.0909781485708019
SYNPCC7942_RS10700,SYNPCC7942_RS06860,0.0909778882631792
SYNPCC7942_RS03160,SYNPCC7942_RS08960,0.0909741659113148
SYNPCC7942_RS09760,SYNPCC7942_RS05650,0.0909536315084031
SYNPCC7942_RS09620,SYNPCC7942_RS10210,0.0909238499653695
SYNPCC7942_RS07435,SYNPCC7942_RS10305,0.0909153443513106
SYNPCC7942_RS02895,SYNPCC7942_RS06355,0.0909003684338218
SYNPCC7942_RS03955,SYNPCC7942_RS00910,0.0908922800728731
SYNPCC7942_RS00645,SYNPCC7942_RS11395,0.0908875684175225
SYNPCC7942_RS05870,SYNPCC7942_RS02035,0.0908810082069597
SYNPCC7942_RS11465,SYNPCC7942_RS08325,0.0908430291737564
SYNPCC7942_RS00645,SYNPCC7942_RS13970,0.0908383302904252
SYNPCC7942_RS07185,SYNPCC7942_RS12805,0.0908363596241436
SYNPCC7942_RS07435,SYNPCC7942_RS04050,0.0908343896646192
SYNPCC7942_RS03160,SYNPCC7942_RS10355,0.0908326099065988
SYNPCC7942_RS10700,SYNPCC7942_RS02970,0.0908264124759653
SYNPCC7942_RS03160,SYNPCC7942_RS00385,0.0908035659326571
SYNPCC7942_RS10040,SYNPCC7942_RS12140,0.0907787335977808
SYNPCC7942_RS09500,SYNPCC7942_RS06935,0.090769499806925
SYNPCC7942_RS12560,SYNPCC7942_RS05185,0.0907598464621249
SYNPCC7942_RS08885,SYNPCC7942_RS12325,0.0907507862072344
SYNPCC7942_RS05870,SYNPCC7942_RS03170,0.0907456322620106
SYNPCC7942_RS07185,SYNPCC7942_RS04690,0.0907404565268389
SYNPCC7942_RS09380,SYNPCC7942_RS01590,0.0907245677261793
SYNPCC7942_RS03160,SYNPCC7942_RS01820,0.0907160794698772
SYNPCC7942_RS00455,SYNPCC7942_RS09440,0.0907128307225468
SYNPCC7942_RS00645,SYNPCC7942_RS06365,0.090658948338257
SYNPCC7942_RS07435,SYNPCC7942_RS02365,0.090640364188198
SYNPCC7942_RS07185,SYNPCC7942_RS09155,0.0906240839311146
SYNPCC7942_RS06700,SYNPCC7942_RS09990,0.090619857492591
SYNPCC7942_RS08405,SYNPCC7942_RS08400,0.0906059819730563
SYNPCC7942_RS10700,SYNPCC7942_RS08140,0.0906030947986739
SYNPCC7942_RS00380,SYNPCC7942_RS09020,0.0905922834920369
SYNPCC7942_RS09380,SYNPCC7942_RS01420,0.0905902250240935
SYNPCC7942_RS09740,SYNPCC7942_RS08145,0.0905791140004912
SYNPCC7942_RS06370,SYNPCC7942_RS01265,0.0905082225639083
SYNPCC7942_RS05870,SYNPCC7942_RS06690,0.0904993857062449
SYNPCC7942_RS12560,SYNPCC7942_RS12205,0.0904909162821973
SYNPCC7942_RS10340,SYNPCC7942_RS01165,0.0904813615489247
SYNPCC7942_RS08885,SYNPCC7942_RS08645,0.0904619295307381
SYNPCC7942_RS11970,SYNPCC7942_RS07825,0.0904611853015602
SYNPCC7942_RS10700,SYNPCC7942_RS04645,0.0904546572204488
SYNPCC7942_RS11050,SYNPCC7942_RS07200,0.0904356966596538
SYNPCC7942_RS03465,SYNPCC7942_RS10670,0.0904317004382239
SYNPCC7942_RS09740,SYNPCC7942_RS06070,0.0904093151759219
SYNPCC7942_RS07435,SYNPCC7942_RS00620,0.0904074396523868
SYNPCC7942_RS07185,SYNPCC7942_RS01210,0.0904072717584715
SYNPCC7942_RS03075,SYNPCC7942_RS09065,0.0904030906844941
SYNPCC7942_RS03325,SYNPCC7942_RS08140,0.090401823452126
SYNPCC7942_RS03160,SYNPCC7942_RS00770,0.0903967349682647
SYNPCC7942_RS03160,SYNPCC7942_RS10450,0.0903698570292501
SYNPCC7942_RS07435,SYNPCC7942_RS10575,0.0903616190300794
SYNPCC7942_RS02830,SYNPCC7942_RS08035,0.0903603523061495
SYNPCC7942_RS03160,SYNPCC7942_RS06670,0.0903374355380101
SYNPCC7942_RS07435,SYNPCC7942_RS06130,0.090308016099664
SYNPCC7942_RS08780,SYNPCC7942_RS08640,0.0903036273756445
SYNPCC7942_RS10700,SYNPCC7942_RS12085,0.090301884146221
SYNPCC7942_RS00455,SYNPCC7942_RS07730,0.0902970623020309
SYNPCC7942_RS07805,SYNPCC7942_RS07605,0.090289736526832
SYNPCC7942_RS03465,SYNPCC7942_RS12260,0.09028720770356
SYNPCC7942_RS11030,SYNPCC7942_RS13770,0.0902852885067396
SYNPCC7942_RS11465,SYNPCC7942_RS13910,0.09027302466452
SYNPCC7942_RS00455,SYNPCC7942_RS10715,0.0902431533512679
SYNPCC7942_RS09380,SYNPCC7942_RS05895,0.0902228755497824
SYNPCC7942_RS10340,SYNPCC7942_RS09760,0.090201626151702
SYNPCC7942_RS11715,SYNPCC7942_RS07910,0.0901951278726315
SYNPCC7942_RS03160,SYNPCC7942_RS04215,0.0901885246373866
SYNPCC7942_RS07435,SYNPCC7942_RS01680,0.0901565306488478
SYNPCC7942_RS07185,SYNPCC7942_RS11515,0.0901513126131532
SYNPCC7942_RS00645,SYNPCC7942_RS00370,0.0901428894566076
SYNPCC7942_RS00455,SYNPCC7942_RS01690,0.0901156892610306
SYNPCC7942_RS09740,SYNPCC7942_RS11820,0.090096218440522
SYNPCC7942_RS07435,SYNPCC7942_RS10330,0.0900839015892393
SYNPCC7942_RS00645,SYNPCC7942_RS12175,0.0900799260357593
SYNPCC7942_RS00455,SYNPCC7942_RS12100,0.0900655086121729
SYNPCC7942_RS03160,SYNPCC7942_RS07420,0.0900607312574259
SYNPCC7942_RS10350,SYNPCC7942_RS06535,0.0900460432570302
SYNPCC7942_RS10700,SYNPCC7942_RS00455,0.0900449377142203
SYNPCC7942_RS03160,SYNPCC7942_RS04900,0.0900315257549393
SYNPCC7942_RS02830,SYNPCC7942_RS05025,0.0900233375363088
SYNPCC7942_RS06370,SYNPCC7942_RS06375,0.0900152128825713
SYNPCC7942_RS12285,SYNPCC7942_RS00670,0.0900105506327758
SYNPCC7942_RS05870,SYNPCC7942_RS06685,0.0900089220801319
SYNPCC7942_RS03465,SYNPCC7942_RS02775,0.089985808898641
SYNPCC7942_RS09740,SYNPCC7942_RS05660,0.0899734408623193
SYNPCC7942_RS12560,SYNPCC7942_RS03185,0.0899504470801384
SYNPCC7942_RS09740,SYNPCC7942_RS12575,0.0899320991728219
SYNPCC7942_RS03960,SYNPCC7942_RS11955,0.0899055645927323
SYNPCC7942_RS00645,SYNPCC7942_RS12460,0.0898878298596891
SYNPCC7942_RS00645,SYNPCC7942_RS04505,0.0898846509858607
SYNPCC7942_RS09380,SYNPCC7942_RS11725,0.0898742468212576
SYNPCC7942_RS00455,SYNPCC7942_RS08210,0.08987307189711
SYNPCC7942_RS09435,SYNPCC7942_RS05230,0.0898620452854597
SYNPCC7942_RS06365,SYNPCC7942_RS09530,0.0898412868258119
SYNPCC7942_RS02895,SYNPCC7942_RS01320,0.0898144382883505
SYNPCC7942_RS03260,SYNPCC7942_RS13015,0.0897961523477533
SYNPCC7942_RS12560,SYNPCC7942_RS04000,0.0897793887392899
SYNPCC7942_RS10700,SYNPCC7942_RS01820,0.089772411052588
SYNPCC7942_RS08885,SYNPCC7942_RS00745,0.0897537746447957
SYNPCC7942_RS10700,SYNPCC7942_RS01875,0.0897286411670676
SYNPCC7942_RS05870,SYNPCC7942_RS04705,0.0897103755743984
SYNPCC7942_RS12560,SYNPCC7942_RS10870,0.0896946129851171
SYNPCC7942_RS05070,SYNPCC7942_RS04105,0.0896842686020355
SYNPCC7942_RS07435,SYNPCC7942_RS03505,0.0896587425343164
SYNPCC7942_RS10700,SYNPCC7942_RS10510,0.0896564754832915
SYNPCC7942_RS05870,SYNPCC7942_RS09665,0.0896295717173785
SYNPCC7942_RS03160,SYNPCC7942_RS10010,0.0896225245213625
SYNPCC7942_RS00645,SYNPCC7942_RS07270,0.0895827274831801
SYNPCC7942_RS09740,SYNPCC7942_RS03620,0.0895818200811142
SYNPCC7942_RS00645,SYNPCC7942_RS05040,0.0895772708059816
SYNPCC7942_RS07435,SYNPCC7942_RS00745,0.0895688659440042
SYNPCC7942_RS03465,SYNPCC7942_RS11985,0.0895664300626838
SYNPCC7942_RS00645,SYNPCC7942_RS12180,0.0895658586829333
SYNPCC7942_RS12560,SYNPCC7942_RS07925,0.0895614172145223
SYNPCC7942_RS08885,SYNPCC7942_RS05915,0.0895579905150969
SYNPCC7942_RS09380,SYNPCC7942_RS02535,0.089547314467925
SYNPCC7942_RS03160,SYNPCC7942_RS09510,0.089532905651332
SYNPCC7942_RS05870,SYNPCC7942_RS00640,0.0895228534061658
SYNPCC7942_RS05870,SYNPCC7942_RS13185,0.0895014475913887
SYNPCC7942_RS03955,SYNPCC7942_RS01085,0.0894943090184608
SYNPCC7942_RS09740,SYNPCC7942_RS09375,0.0894809822058268
SYNPCC7942_RS03160,SYNPCC7942_RS13225,0.0894796546626271
SYNPCC7942_RS03260,SYNPCC7942_RS06245,0.0894739615701982
SYNPCC7942_RS03325,SYNPCC7942_RS07775,0.0894387658461078
SYNPCC7942_RS09740,SYNPCC7942_RS08155,0.0894279079147704
SYNPCC7942_RS09435,SYNPCC7942_RS00360,0.08941427043996
SYNPCC7942_RS00455,SYNPCC7942_RS12570,0.0894064298322752
SYNPCC7942_RS12560,SYNPCC7942_RS04135,0.0894063880802868
SYNPCC7942_RS10700,SYNPCC7942_RS04905,0.0893948204710312
SYNPCC7942_RS09740,SYNPCC7942_RS04370,0.0893817066855634
SYNPCC7942_RS05870,SYNPCC7942_RS10120,0.0893759912567345
SYNPCC7942_RS12560,SYNPCC7942_RS11945,0.0893728261413602
SYNPCC7942_RS10700,SYNPCC7942_RS11980,0.089371524316426
SYNPCC7942_RS08580,SYNPCC7942_RS08560,0.0893651874398318
SYNPCC7942_RS00645,SYNPCC7942_RS05820,0.08934043845921
SYNPCC7942_RS03160,SYNPCC7942_RS02605,0.0893375206535161
SYNPCC7942_RS05870,SYNPCC7942_RS02350,0.0893306345401964
SYNPCC7942_RS07185,SYNPCC7942_RS10705,0.0893246608031541
SYNPCC7942_RS03160,SYNPCC7942_RS02640,0.0892951419878656
SYNPCC7942_RS09740,SYNPCC7942_RS04475,0.0892886730856121
SYNPCC7942_RS07435,SYNPCC7942_RS08455,0.0892750417198222
SYNPCC7942_RS07435,SYNPCC7942_RS05370,0.089265735976994
SYNPCC7942_RS00645,SYNPCC7942_RS01450,0.0892488760707788
SYNPCC7942_RS05070,SYNPCC7942_RS11805,0.0892292121718349
SYNPCC7942_RS12535,SYNPCC7942_RS01545,0.0892081144628702
SYNPCC7942_RS10700,SYNPCC7942_RS09450,0.0891987032821783
SYNPCC7942_RS00455,SYNPCC7942_RS05665,0.0891940307242429
SYNPCC7942_RS07435,SYNPCC7942_RS07405,0.0891797155497723
SYNPCC7942_RS12560,SYNPCC7942_RS12270,0.08916905522411
SYNPCC7942_RS09740,SYNPCC7942_RS07680,0.0891580212214063
SYNPCC7942_RS10700,SYNPCC7942_RS12725,0.0891560361374442
SYNPCC7942_RS07435,SYNPCC7942_RS03010,0.0891162320833878
SYNPCC7942_RS09500,SYNPCC7942_RS05800,0.0891078975578864
SYNPCC7942_RS11050,SYNPCC7942_RS10495,0.0890688917657969
SYNPCC7942_RS03440,SYNPCC7942_RS01855,0.0890624685948313
SYNPCC7942_RS03260,SYNPCC7942_RS10745,0.089052890180529
SYNPCC7942_RS08885,SYNPCC7942_RS06600,0.089048724848552
SYNPCC7942_RS00455,SYNPCC7942_RS06435,0.0890471738155241
SYNPCC7942_RS09740,SYNPCC7942_RS08960,0.0890407560432914
SYNPCC7942_RS09740,SYNPCC7942_RS05335,0.0890406312714197
SYNPCC7942_RS00645,SYNPCC7942_RS03640,0.0890252381200089
SYNPCC7942_RS07435,SYNPCC7942_RS10420,0.0890151439687302
SYNPCC7942_RS05070,SYNPCC7942_RS04200,0.0890077084835587
SYNPCC7942_RS00455,SYNPCC7942_RS01820,0.0890014626804483
SYNPCC7942_RS02895,SYNPCC7942_RS09425,0.0889878312956892
SYNPCC7942_RS09740,SYNPCC7942_RS03125,0.0889872760540352
SYNPCC7942_RS05870,SYNPCC7942_RS03455,0.088986672677839
SYNPCC7942_RS10350,SYNPCC7942_RS00755,0.0889824860425854
SYNPCC7942_RS04225,SYNPCC7942_RS00520,0.0889741941446649
SYNPCC7942_RS10170,SYNPCC7942_RS03790,0.0889683350769332
SYNPCC7942_RS07435,SYNPCC7942_RS05405,0.0889437690494705
SYNPCC7942_RS03160,SYNPCC7942_RS04080,0.0889255105342336
SYNPCC7942_RS03260,SYNPCC7942_RS11255,0.0889243282166219
SYNPCC7942_RS03465,SYNPCC7942_RS04315,0.0889214654157937
SYNPCC7942_RS02830,SYNPCC7942_RS01010,0.0889136678331224
SYNPCC7942_RS07185,SYNPCC7942_RS12185,0.08887314122521
SYNPCC7942_RS10700,SYNPCC7942_RS10765,0.088871736003673
SYNPCC7942_RS05070,SYNPCC7942_RS13870,0.0888624773427609
SYNPCC7942_RS00645,SYNPCC7942_RS10365,0.0888610803612408
SYNPCC7942_RS03160,SYNPCC7942_RS09335,0.0888527993165365
SYNPCC7942_RS00455,SYNPCC7942_RS03110,0.0888269940188818
SYNPCC7942_RS10350,SYNPCC7942_RS04355,0.0888239098349283
SYNPCC7942_RS07435,SYNPCC7942_RS04775,0.0888223279404114
SYNPCC7942_RS07185,SYNPCC7942_RS10215,0.0888167663312956
SYNPCC7942_RS10700,SYNPCC7942_RS10205,0.0888036283383632
SYNPCC7942_RS12560,SYNPCC7942_RS02815,0.0888035923219692
SYNPCC7942_RS10170,SYNPCC7942_RS12890,0.0887963654520961
SYNPCC7942_RS11030,SYNPCC7942_RS07475,0.0887675159443796
SYNPCC7942_RS03075,SYNPCC7942_RS11935,0.0887628524363546
SYNPCC7942_RS03075,SYNPCC7942_RS09255,0.088749704749114
SYNPCC7942_RS00455,SYNPCC7942_RS09180,0.0887462217892808
SYNPCC7942_RS07185,SYNPCC7942_RS06940,0.088744367406189
SYNPCC7942_RS07185,SYNPCC7942_RS12235,0.0887419703848473
SYNPCC7942_RS09160,SYNPCC7942_RS05050,0.0887395065438743
SYNPCC7942_RS09380,SYNPCC7942_RS13260,0.0887314816724655
SYNPCC7942_RS03075,SYNPCC7942_RS00195,0.0887299359000538
SYNPCC7942_RS09620,SYNPCC7942_RS10240,0.0887229015392419
SYNPCC7942_RS00455,SYNPCC7942_RS00055,0.0887000060057827
SYNPCC7942_RS10700,SYNPCC7942_RS09605,0.08869024778992
SYNPCC7942_RS07435,SYNPCC7942_RS05690,0.0886844298362939
SYNPCC7942_RS05870,SYNPCC7942_RS02100,0.0886539020954028
SYNPCC7942_RS10700,SYNPCC7942_RS12300,0.0886515191151806
SYNPCC7942_RS10340,SYNPCC7942_RS11730,0.0886422961937465
SYNPCC7942_RS12275,SYNPCC7942_RS09035,0.088633810951594
SYNPCC7942_RS10700,SYNPCC7942_RS07655,0.0886262071700777
SYNPCC7942_RS06370,SYNPCC7942_RS13120,0.0886116137391191
SYNPCC7942_RS09620,SYNPCC7942_RS02380,0.0886022561958191
SYNPCC7942_RS03260,SYNPCC7942_RS11240,0.088576421908367
SYNPCC7942_RS03160,SYNPCC7942_RS10080,0.0885681469887326
SYNPCC7942_RS09740,SYNPCC7942_RS00355,0.0885522671863075
SYNPCC7942_RS00455,SYNPCC7942_RS11405,0.0885416618811835
SYNPCC7942_RS00645,SYNPCC7942_RS02405,0.0885284923800973
SYNPCC7942_RS10170,SYNPCC7942_RS13010,0.0885032736246793
SYNPCC7942_RS10040,SYNPCC7942_RS07410,0.0884985351208627
SYNPCC7942_RS03440,SYNPCC7942_RS05740,0.0884909838712881
SYNPCC7942_RS08645,SYNPCC7942_RS07170,0.0884811722986874
SYNPCC7942_RS07435,SYNPCC7942_RS04785,0.0884798693049795
SYNPCC7942_RS00645,SYNPCC7942_RS10310,0.0884772919279961
SYNPCC7942_RS00455,SYNPCC7942_RS05405,0.0884742653857078
SYNPCC7942_RS05870,SYNPCC7942_RS05570,0.0884565830890342
SYNPCC7942_RS09380,SYNPCC7942_RS01015,0.0884481515507435
SYNPCC7942_RS10350,SYNPCC7942_RS04745,0.0884313206768036
SYNPCC7942_RS03465,SYNPCC7942_RS11210,0.0884241564490791
SYNPCC7942_RS07185,SYNPCC7942_RS05260,0.0884133920053125
SYNPCC7942_RS05870,SYNPCC7942_RS04460,0.0884124609861408
SYNPCC7942_RS08885,SYNPCC7942_RS02520,0.0884086220014809
SYNPCC7942_RS06370,SYNPCC7942_RS01795,0.0883885955981484
SYNPCC7942_RS09740,SYNPCC7942_RS07455,0.0883884682979388
SYNPCC7942_RS06370,SYNPCC7942_RS10335,0.0883829649858206
SYNPCC7942_RS03160,SYNPCC7942_RS03560,0.0883788491111122
SYNPCC7942_RS06370,SYNPCC7942_RS00405,0.0883656851202523
SYNPCC7942_RS05870,SYNPCC7942_RS00800,0.0883551691015126
SYNPCC7942_RS09740,SYNPCC7942_RS06820,0.0883525009426369
SYNPCC7942_RS09620,SYNPCC7942_RS08710,0.0883475066559665
SYNPCC7942_RS09760,SYNPCC7942_RS06700,0.0883432930817456
SYNPCC7942_RS05870,SYNPCC7942_RS04935,0.088339982531389
SYNPCC7942_RS03160,SYNPCC7942_RS10730,0.0883372565049341
SYNPCC7942_RS02895,SYNPCC7942_RS10225,0.0883232250846863
SYNPCC7942_RS00455,SYNPCC7942_RS07580,0.0883215766913404
SYNPCC7942_RS00645,SYNPCC7942_RS01285,0.088303838584457
SYNPCC7942_RS05870,SYNPCC7942_RS10165,0.0882669713059365
SYNPCC7942_RS10040,SYNPCC7942_RS05050,0.0882657269661607
SYNPCC7942_RS10700,SYNPCC7942_RS04800,0.0882619506369015
SYNPCC7942_RS12560,SYNPCC7942_RS12310,0.0882541050068379
SYNPCC7942_RS09620,SYNPCC7942_RS14170,0.0882539585677486
SYNPCC7942_RS03260,SYNPCC7942_RS11325,0.0882493281614184
SYNPCC7942_RS03160,SYNPCC7942_RS05610,0.0882250320894757
SYNPCC7942_RS03440,SYNPCC7942_RS07555,0.0882152301240377
SYNPCC7942_RS03160,SYNPCC7942_RS04355,0.0881967754497738
SYNPCC7942_RS07185,SYNPCC7942_RS06075,0.0881901843059397
SYNPCC7942_RS07185,SYNPCC7942_RS00565,0.0881733686147177
SYNPCC7942_RS07435,SYNPCC7942_RS04450,0.088172073114315
SYNPCC7942_RS06700,SYNPCC7942_RS04655,0.0881566646902863
SYNPCC7942_RS00645,SYNPCC7942_RS07800,0.0881463337417026
SYNPCC7942_RS12560,SYNPCC7942_RS05630,0.0881380136874661
SYNPCC7942_RS10700,SYNPCC7942_RS13025,0.088137727295258
SYNPCC7942_RS00455,SYNPCC7942_RS02890,0.0880936430340914
SYNPCC7942_RS05640,SYNPCC7942_RS08670,0.088076626099781
SYNPCC7942_RS03465,SYNPCC7942_RS02030,0.0880653718729536
SYNPCC7942_RS11465,SYNPCC7942_RS12500,0.0880113372155136
SYNPCC7942_RS07435,SYNPCC7942_RS11420,0.0880103883774002
SYNPCC7942_RS07185,SYNPCC7942_RS03595,0.0879895608133722
SYNPCC7942_RS00455,SYNPCC7942_RS13050,0.0879855358918262
SYNPCC7942_RS07185,SYNPCC7942_RS06605,0.0879754188353246
SYNPCC7942_RS09740,SYNPCC7942_RS01600,0.0879588253865949
SYNPCC7942_RS08885,SYNPCC7942_RS10095,0.0879507560250201
SYNPCC7942_RS03440,SYNPCC7942_RS08845,0.0879496563735061
SYNPCC7942_RS06370,SYNPCC7942_RS09885,0.0879436856652602
SYNPCC7942_RS03075,SYNPCC7942_RS02155,0.0879377555921342
SYNPCC7942_RS09740,SYNPCC7942_RS01125,0.0879256088398902
SYNPCC7942_RS05870,SYNPCC7942_RS06135,0.0878908227846752
SYNPCC7942_RS03160,SYNPCC7942_RS08725,0.0878862960757298
SYNPCC7942_RS09380,SYNPCC7942_RS02445,0.0878856806575676
SYNPCC7942_RS09740,SYNPCC7942_RS12305,0.087879322655504
SYNPCC7942_RS03160,SYNPCC7942_RS06800,0.0878772554375866
SYNPCC7942_RS03465,SYNPCC7942_RS12450,0.0878747317777166
SYNPCC7942_RS07435,SYNPCC7942_RS03155,0.0878517577756176
SYNPCC7942_RS03160,SYNPCC7942_RS00110,0.0878367442890931
SYNPCC7942_RS03160,SYNPCC7942_RS08130,0.087825565171437
SYNPCC7942_RS03260,SYNPCC7942_RS11260,0.0878092389023997
SYNPCC7942_RS03530,SYNPCC7942_RS09750,0.0877900186234546
SYNPCC7942_RS12560,SYNPCC7942_RS12875,0.0877805376550376
SYNPCC7942_RS09160,SYNPCC7942_RS10425,0.0877707049113318
SYNPCC7942_RS03160,SYNPCC7942_RS12550,0.0877590370677258
SYNPCC7942_RS07435,SYNPCC7942_RS06510,0.087742039872616
SYNPCC7942_RS07185,SYNPCC7942_RS12860,0.0877349804550607
SYNPCC7942_RS03325,SYNPCC7942_RS10115,0.0877320117503658
SYNPCC7942_RS11465,SYNPCC7942_RS02520,0.0877237269277657
SYNPCC7942_RS05870,SYNPCC7942_RS03230,0.0877111621876983
SYNPCC7942_RS03160,SYNPCC7942_RS04465,0.0876928813077301
SYNPCC7942_RS07720,SYNPCC7942_RS01775,0.0876903743544276
SYNPCC7942_RS03160,SYNPCC7942_RS05485,0.0876868435476252
SYNPCC7942_RS09740,SYNPCC7942_RS02440,0.0876786616665446
SYNPCC7942_RS09740,SYNPCC7942_RS09220,0.0876732767960295
SYNPCC7942_RS07720,SYNPCC7942_RS01200,0.0876731106849106
SYNPCC7942_RS08885,SYNPCC7942_RS05590,0.0876541236334618
SYNPCC7942_RS00645,SYNPCC7942_RS11160,0.0876532415809695
SYNPCC7942_RS09380,SYNPCC7942_RS08440,0.0876506222463064
SYNPCC7942_RS09435,SYNPCC7942_RS10370,0.0876502406860371
SYNPCC7942_RS10700,SYNPCC7942_RS06905,0.0876466624120226
SYNPCC7942_RS12560,SYNPCC7942_RS06465,0.0876322221630527
SYNPCC7942_RS09380,SYNPCC7942_RS11520,0.0876258427657684
SYNPCC7942_RS10700,SYNPCC7942_RS06225,0.0876104207230506
SYNPCC7942_RS03075,SYNPCC7942_RS11730,0.0875765080948063
SYNPCC7942_RS10350,SYNPCC7942_RS10660,0.0875353585185302
SYNPCC7942_RS09740,SYNPCC7942_RS05635,0.0875169983220146
SYNPCC7942_RS09740,SYNPCC7942_RS07775,0.0875138637022355
SYNPCC7942_RS12560,SYNPCC7942_RS10820,0.0875103988395879
SYNPCC7942_RS09740,SYNPCC7942_RS00770,0.087508916421638
SYNPCC7942_RS07435,SYNPCC7942_RS00575,0.0875031806962328
SYNPCC7942_RS12560,SYNPCC7942_RS07095,0.0874955530810469
SYNPCC7942_RS13165,SYNPCC7942_RS10925,0.0874907609470027
SYNPCC7942_RS09065,SYNPCC7942_RS13255,0.0874685201748413
SYNPCC7942_RS02895,SYNPCC7942_RS09705,0.0874587817253472
SYNPCC7942_RS08885,SYNPCC7942_RS10775,0.0874428191809179
SYNPCC7942_RS07435,SYNPCC7942_RS09855,0.0874377662614293
SYNPCC7942_RS05870,SYNPCC7942_RS08180,0.0874280845005473
SYNPCC7942_RS09740,SYNPCC7942_RS03535,0.0874250731052498
SYNPCC7942_RS12275,SYNPCC7942_RS09040,0.0874060399635809
SYNPCC7942_RS07435,SYNPCC7942_RS10435,0.0874041354341438
SYNPCC7942_RS08885,SYNPCC7942_RS07355,0.0873786473432717
SYNPCC7942_RS10700,SYNPCC7942_RS13230,0.087377339365303
SYNPCC7942_RS07435,SYNPCC7942_RS05020,0.0873742891802952
SYNPCC7942_RS03160,SYNPCC7942_RS12930,0.0873628567210899
SYNPCC7942_RS03160,SYNPCC7942_RS00570,0.0873388372105134
SYNPCC7942_RS03160,SYNPCC7942_RS11665,0.0873338755911104
SYNPCC7942_RS03160,SYNPCC7942_RS09665,0.08730565244674
SYNPCC7942_RS10700,SYNPCC7942_RS03235,0.0873054013602569
SYNPCC7942_RS12560,SYNPCC7942_RS10425,0.0873023187132503
SYNPCC7942_RS12560,SYNPCC7942_RS12580,0.0873010890204121
SYNPCC7942_RS05870,SYNPCC7942_RS02570,0.0872805487539731
SYNPCC7942_RS03160,SYNPCC7942_RS02840,0.0872790097658224
SYNPCC7942_RS00645,SYNPCC7942_RS03630,0.0872780778531771
SYNPCC7942_RS09380,SYNPCC7942_RS08345,0.0872752998602374
SYNPCC7942_RS07435,SYNPCC7942_RS04970,0.0872640449549167
SYNPCC7942_RS00455,SYNPCC7942_RS05105,0.0872216647563924
SYNPCC7942_RS13165,SYNPCC7942_RS11370,0.0872036599164635
SYNPCC7942_RS02830,SYNPCC7942_RS12685,0.0872018442839036
SYNPCC7942_RS10700,SYNPCC7942_RS09950,0.0871901075559435
SYNPCC7942_RS02830,SYNPCC7942_RS12350,0.0871851947941574
SYNPCC7942_RS10700,SYNPCC7942_RS10635,0.0871708819033618
SYNPCC7942_RS12560,SYNPCC7942_RS04925,0.0871321677124492
SYNPCC7942_RS07435,SYNPCC7942_RS05725,0.0871226794155693
SYNPCC7942_RS07435,SYNPCC7942_RS07800,0.0870941133416237
SYNPCC7942_RS09065,SYNPCC7942_RS01245,0.0870817588028457
SYNPCC7942_RS03160,SYNPCC7942_RS12520,0.0870622623610726
SYNPCC7942_RS03465,SYNPCC7942_RS09545,0.0870557724524368
SYNPCC7942_RS03160,SYNPCC7942_RS01930,0.0870340146204404
SYNPCC7942_RS03160,SYNPCC7942_RS09920,0.0870337214487021
SYNPCC7942_RS09065,SYNPCC7942_RS07470,0.0870233613220327
SYNPCC7942_RS03075,SYNPCC7942_RS02905,0.0870191881804474
SYNPCC7942_RS05870,SYNPCC7942_RS02360,0.0869927146003255
SYNPCC7942_RS07435,SYNPCC7942_RS08305,0.0869904438090395
SYNPCC7942_RS10340,SYNPCC7942_RS03870,0.0869838781996252
SYNPCC7942_RS12560,SYNPCC7942_RS07415,0.0869817643321251
SYNPCC7942_RS00455,SYNPCC7942_RS08055,0.0869761150279588
SYNPCC7942_RS03075,SYNPCC7942_RS09465,0.0869681466571129
SYNPCC7942_RS09620,SYNPCC7942_RS09350,0.0869564207397215
SYNPCC7942_RS08885,SYNPCC7942_RS09955,0.086949989271404
SYNPCC7942_RS09740,SYNPCC7942_RS08525,0.0869375210960529
SYNPCC7942_RS06700,SYNPCC7942_RS07540,0.0869294656647604
SYNPCC7942_RS03075,SYNPCC7942_RS03990,0.0869258268387633
SYNPCC7942_RS09620,SYNPCC7942_RS11840,0.0869168638387022
SYNPCC7942_RS07435,SYNPCC7942_RS12670,0.0869072677662188
SYNPCC7942_RS00645,SYNPCC7942_RS05235,0.0868933439934702
SYNPCC7942_RS09740,SYNPCC7942_RS04240,0.0868931196079355
SYNPCC7942_RS07435,SYNPCC7942_RS08860,0.0868889709155555
SYNPCC7942_RS03160,SYNPCC7942_RS06530,0.0868883612794636
SYNPCC7942_RS00645,SYNPCC7942_RS05815,0.0868817157919852
SYNPCC7942_RS09740,SYNPCC7942_RS10705,0.0868703841625569
SYNPCC7942_RS09435,SYNPCC7942_RS03270,0.0868299665906562
SYNPCC7942_RS00455,SYNPCC7942_RS12655,0.086828684077462
SYNPCC7942_RS03160,SYNPCC7942_RS06440,0.0868254405873244
SYNPCC7942_RS00455,SYNPCC7942_RS00115,0.086825101906858
SYNPCC7942_RS08885,SYNPCC7942_RS13070,0.086819272858374
SYNPCC7942_RS03160,SYNPCC7942_RS08860,0.0868152435917575
SYNPCC7942_RS03160,SYNPCC7942_RS09635,0.0868093568949573
SYNPCC7942_RS00645,SYNPCC7942_RS05785,0.086803239607744
SYNPCC7942_RS07435,SYNPCC7942_RS04780,0.0867987393417592
SYNPCC7942_RS08645,SYNPCC7942_RS06965,0.0867862252388425
SYNPCC7942_RS07805,SYNPCC7942_RS11625,0.0867840289464595
SYNPCC7942_RS07435,SYNPCC7942_RS08870,0.0867668184221677
SYNPCC7942_RS05870,SYNPCC7942_RS04540,0.0867614902456946
SYNPCC7942_RS03160,SYNPCC7942_RS00040,0.0867539513164451
SYNPCC7942_RS09380,SYNPCC7942_RS11365,0.0867449526032874
SYNPCC7942_RS07185,SYNPCC7942_RS07050,0.0867423737198652
SYNPCC7942_RS10350,SYNPCC7942_RS10185,0.0867220855901786
SYNPCC7942_RS10700,SYNPCC7942_RS08130,0.0867082343696133
SYNPCC7942_RS07435,SYNPCC7942_RS09440,0.0867077440450589
SYNPCC7942_RS10700,SYNPCC7942_RS06095,0.0867048324724213
SYNPCC7942_RS09435,SYNPCC7942_RS13135,0.0867011100657176
SYNPCC7942_RS10170,SYNPCC7942_RS03775,0.0866934840227478
SYNPCC7942_RS12275,SYNPCC7942_RS03055,0.086689702933255
SYNPCC7942_RS02830,SYNPCC7942_RS11185,0.086677194779786
SYNPCC7942_RS09740,SYNPCC7942_RS02025,0.0866742303450856
SYNPCC7942_RS03160,SYNPCC7942_RS07340,0.086672403269395
SYNPCC7942_RS03440,SYNPCC7942_RS08830,0.0866593519009815
SYNPCC7942_RS10170,SYNPCC7942_RS03360,0.0866523036171503
SYNPCC7942_RS07435,SYNPCC7942_RS01625,0.0866084674936087
SYNPCC7942_RS10040,SYNPCC7942_RS07805,0.0866033396915765
SYNPCC7942_RS00645,SYNPCC7942_RS05850,0.0865820376297825
SYNPCC7942_RS03440,SYNPCC7942_RS09915,0.0865765916157431
SYNPCC7942_RS05070,SYNPCC7942_RS02085,0.0865723655594362
SYNPCC7942_RS07185,SYNPCC7942_RS03765,0.0865635852388108
SYNPCC7942_RS08885,SYNPCC7942_RS02545,0.0865485909781172
SYNPCC7942_RS12560,SYNPCC7942_RS02060,0.086540819079201
SYNPCC7942_RS05870,SYNPCC7942_RS11590,0.0865393949559756
SYNPCC7942_RS07185,SYNPCC7942_RS03030,0.0865346223686555
SYNPCC7942_RS07185,SYNPCC7942_RS02010,0.086501783381909
SYNPCC7942_RS07805,SYNPCC7942_RS00010,0.0864976739937629
SYNPCC7942_RS10165,SYNPCC7942_RS07840,0.0864545420533667
SYNPCC7942_RS03440,SYNPCC7942_RS04600,0.0863768248291402
SYNPCC7942_RS03160,SYNPCC7942_RS08545,0.086362887721519
SYNPCC7942_RS07435,SYNPCC7942_RS02570,0.0863540457992598
SYNPCC7942_RS03160,SYNPCC7942_RS14015,0.0863463908362591
SYNPCC7942_RS07435,SYNPCC7942_RS00580,0.086327636905711
SYNPCC7942_RS05070,SYNPCC7942_RS03065,0.0863261452045569
SYNPCC7942_RS12560,SYNPCC7942_RS11375,0.0863225249444249
SYNPCC7942_RS12560,SYNPCC7942_RS03290,0.0863074214607145
SYNPCC7942_RS07435,SYNPCC7942_RS06580,0.0863058264791017
SYNPCC7942_RS10340,SYNPCC7942_RS07840,0.0862931442224217
SYNPCC7942_RS10350,SYNPCC7942_RS12950,0.0862920970250408
SYNPCC7942_RS00765,SYNPCC7942_RS04325,0.0862815074304213
SYNPCC7942_RS10700,SYNPCC7942_RS12195,0.0862781364267141
SYNPCC7942_RS09740,SYNPCC7942_RS02225,0.086274369187856
SYNPCC7942_RS02895,SYNPCC7942_RS06880,0.0862708051701489
SYNPCC7942_RS05870,SYNPCC7942_RS07445,0.0862701690747792
SYNPCC7942_RS02830,SYNPCC7942_RS01560,0.0862604670013769
SYNPCC7942_RS00645,SYNPCC7942_RS12550,0.0862374186084647
SYNPCC7942_RS09380,SYNPCC7942_RS11720,0.0862318899480026
SYNPCC7942_RS03465,SYNPCC7942_RS04555,0.0862279195972811
SYNPCC7942_RS07185,SYNPCC7942_RS07835,0.086226155695431
SYNPCC7942_RS03465,SYNPCC7942_RS11770,0.086193030645151
SYNPCC7942_RS10700,SYNPCC7942_RS02275,0.0861831617998778
SYNPCC7942_RS03160,SYNPCC7942_RS12075,0.0861776017473598
SYNPCC7942_RS00455,SYNPCC7942_RS06295,0.0861678536144906
SYNPCC7942_RS03160,SYNPCC7942_RS03125,0.0861576746998099
SYNPCC7942_RS03160,SYNPCC7942_RS07815,0.086141427298206
SYNPCC7942_RS08405,SYNPCC7942_RS09790,0.0861302812107543
SYNPCC7942_RS03160,SYNPCC7942_RS10710,0.0861192303255743
SYNPCC7942_RS02830,SYNPCC7942_RS00200,0.0861180790797816
SYNPCC7942_RS10700,SYNPCC7942_RS10525,0.0860674703103716
SYNPCC7942_RS07435,SYNPCC7942_RS07785,0.086052512638121
SYNPCC7942_RS09935,SYNPCC7942_RS05495,0.0860488041393046
SYNPCC7942_RS09760,SYNPCC7942_RS05745,0.0860415143165319
SYNPCC7942_RS04225,SYNPCC7942_RS04915,0.0860393623966024
SYNPCC7942_RS07435,SYNPCC7942_RS07790,0.0860145216177619
SYNPCC7942_RS07185,SYNPCC7942_RS02025,0.0860003569630653
SYNPCC7942_RS07805,SYNPCC7942_RS02795,0.0859813422780595
SYNPCC7942_RS07435,SYNPCC7942_RS11660,0.0859766713496439
SYNPCC7942_RS06370,SYNPCC7942_RS00120,0.0859737609702662
SYNPCC7942_RS07435,SYNPCC7942_RS00375,0.0859597439966555
SYNPCC7942_RS07185,SYNPCC7942_RS03340,0.0859471729336239
SYNPCC7942_RS03465,SYNPCC7942_RS02655,0.0859334826037989
SYNPCC7942_RS03160,SYNPCC7942_RS02645,0.0859255470583442
SYNPCC7942_RS00480,SYNPCC7942_RS00475,0.0859207832482124
SYNPCC7942_RS00455,SYNPCC7942_RS11430,0.085905346299915
SYNPCC7942_RS00455,SYNPCC7942_RS10175,0.0859015004291818
SYNPCC7942_RS12560,SYNPCC7942_RS12065,0.0858984851824619
SYNPCC7942_RS10350,SYNPCC7942_RS12925,0.0858925588321677
SYNPCC7942_RS03160,SYNPCC7942_RS03635,0.0858888688699249
SYNPCC7942_RS10700,SYNPCC7942_RS10570,0.0858749173500763
SYNPCC7942_RS09500,SYNPCC7942_RS02705,0.0858708315159225
SYNPCC7942_RS07185,SYNPCC7942_RS01345,0.085854406572612
SYNPCC7942_RS03325,SYNPCC7942_RS09735,0.085800593974144
SYNPCC7942_RS07435,SYNPCC7942_RS00850,0.085779239207779
SYNPCC7942_RS04835,SYNPCC7942_RS02520,0.0857648548234811
SYNPCC7942_RS09740,SYNPCC7942_RS11740,0.0857554918399129
SYNPCC7942_RS00455,SYNPCC7942_RS02140,0.0857501954214322
SYNPCC7942_RS03955,SYNPCC7942_RS07890,0.0857471442114233
SYNPCC7942_RS09740,SYNPCC7942_RS01475,0.0857464974800116
SYNPCC7942_RS09740,SYNPCC7942_RS07780,0.0857447405920365
SYNPCC7942_RS07185,SYNPCC7942_RS08390,0.0857334157277572
SYNPCC7942_RS00455,SYNPCC7942_RS07575,0.0857156753031471
SYNPCC7942_RS10700,SYNPCC7942_RS08500,0.0856997243176334
SYNPCC7942_RS00380,SYNPCC7942_RS02245,0.0856988761456962
SYNPCC7942_RS00380,SYNPCC7942_RS13610,0.0856900879501942
SYNPCC7942_RS07185,SYNPCC7942_RS02635,0.0856807203525674
SYNPCC7942_RS00645,SYNPCC7942_RS03100,0.0856688696949093
SYNPCC7942_RS09740,SYNPCC7942_RS12645,0.085656141428998
SYNPCC7942_RS05870,SYNPCC7942_RS09635,0.0856447887441657
SYNPCC7942_RS10700,SYNPCC7942_RS05350,0.0856436917241677
SYNPCC7942_RS07185,SYNPCC7942_RS09985,0.0856387673626409
SYNPCC7942_RS11970,SYNPCC7942_RS12405,0.0856303481172684
SYNPCC7942_RS10700,SYNPCC7942_RS04215,0.0856279152005288
SYNPCC7942_RS12285,SYNPCC7942_RS04810,0.0856193463849634
SYNPCC7942_RS05870,SYNPCC7942_RS07930,0.085606790176132
SYNPCC7942_RS10165,SYNPCC7942_RS03875,0.0856046871511487
SYNPCC7942_RS00645,SYNPCC7942_RS01680,0.0855907187579697
SYNPCC7942_RS07435,SYNPCC7942_RS00005,0.0855807757248817
SYNPCC7942_RS12560,SYNPCC7942_RS05055,0.0855780863250705
SYNPCC7942_RS10700,SYNPCC7942_RS10175,0.0855692785752067
SYNPCC7942_RS03160,SYNPCC7942_RS13025,0.0855671452727033
SYNPCC7942_RS10350,SYNPCC7942_RS01190,0.0855502828901696
SYNPCC7942_RS03160,SYNPCC7942_RS11410,0.0855500429499624
SYNPCC7942_RS10700,SYNPCC7942_RS03060,0.0855497196996263
SYNPCC7942_RS12275,SYNPCC7942_RS06220,0.0855487641139493
SYNPCC7942_RS07435,SYNPCC7942_RS01380,0.0855484669358933
SYNPCC7942_RS07185,SYNPCC7942_RS13000,0.0855442697991257
SYNPCC7942_RS03160,SYNPCC7942_RS11355,0.0855230180790335
SYNPCC7942_RS07435,SYNPCC7942_RS13975,0.085514717681969
SYNPCC7942_RS10040,SYNPCC7942_RS11135,0.0855136649293353
SYNPCC7942_RS11465,SYNPCC7942_RS02330,0.0855082288531857
SYNPCC7942_RS10700,SYNPCC7942_RS08810,0.0855063477640487
SYNPCC7942_RS08885,SYNPCC7942_RS01170,0.0855023159328852
SYNPCC7942_RS09435,SYNPCC7942_RS04520,0.0854572432448214
SYNPCC7942_RS03160,SYNPCC7942_RS05765,0.0854380778760516
SYNPCC7942_RS03440,SYNPCC7942_RS12375,0.0854312128343859
SYNPCC7942_RS08645,SYNPCC7942_RS07570,0.0854280907548853
SYNPCC7942_RS11465,SYNPCC7942_RS01325,0.0854237925197086
SYNPCC7942_RS00645,SYNPCC7942_RS05110,0.0854092055868471
SYNPCC7942_RS03075,SYNPCC7942_RS07265,0.0853822847103071
SYNPCC7942_RS10700,SYNPCC7942_RS07340,0.0853614994533733
SYNPCC7942_RS13165,SYNPCC7942_RS14020,0.0853597794738562
SYNPCC7942_RS11465,SYNPCC7942_RS05205,0.0853381624759475
SYNPCC7942_RS08850,SYNPCC7942_RS11290,0.0853326294066379
SYNPCC7942_RS07805,SYNPCC7942_RS03210,0.0853218817787088
SYNPCC7942_RS07435,SYNPCC7942_RS02720,0.0852843823212029
SYNPCC7942_RS02830,SYNPCC7942_RS01885,0.085278442746161
SYNPCC7942_RS06370,SYNPCC7942_RS00760,0.0852736330438611
SYNPCC7942_RS03160,SYNPCC7942_RS11895,0.0852720932645526
SYNPCC7942_RS11970,SYNPCC7942_RS09145,0.085270370046955
SYNPCC7942_RS09160,SYNPCC7942_RS07355,0.0852698107803499
SYNPCC7942_RS12560,SYNPCC7942_RS10530,0.0852670326857229
SYNPCC7942_RS10700,SYNPCC7942_RS06295,0.0852534586987561
SYNPCC7942_RS00645,SYNPCC7942_RS05015,0.0852486259906401
SYNPCC7942_RS03465,SYNPCC7942_RS00715,0.0852233088064262
SYNPCC7942_RS03530,SYNPCC7942_RS14060,0.0852230425350126
SYNPCC7942_RS07185,SYNPCC7942_RS08985,0.0851950866631116
SYNPCC7942_RS00645,SYNPCC7942_RS10315,0.085191109151034
SYNPCC7942_RS09065,SYNPCC7942_RS00340,0.0851836157471629
SYNPCC7942_RS10700,SYNPCC7942_RS04540,0.0851658092026233
SYNPCC7942_RS05640,SYNPCC7942_RS02345,0.0851644226553594
SYNPCC7942_RS07185,SYNPCC7942_RS12090,0.0851601904776313
SYNPCC7942_RS00455,SYNPCC7942_RS05785,0.0851522471152145
SYNPCC7942_RS09935,SYNPCC7942_RS11070,0.0851375423908764
SYNPCC7942_RS07185,SYNPCC7942_RS10915,0.0851265674844415
SYNPCC7942_RS10700,SYNPCC7942_RS09850,0.0851215840914533
SYNPCC7942_RS07435,SYNPCC7942_RS03950,0.0851017583210261
SYNPCC7942_RS09740,SYNPCC7942_RS01390,0.0850744370674902
SYNPCC7942_RS08645,SYNPCC7942_RS02720,0.0850673205508292
SYNPCC7942_RS07435,SYNPCC7942_RS10045,0.0850402269939192
SYNPCC7942_RS03075,SYNPCC7942_RS01490,0.0850327851844478
SYNPCC7942_RS09435,SYNPCC7942_RS02695,0.0850282361959782
SYNPCC7942_RS08405,SYNPCC7942_RS10775,0.0850281568105698
SYNPCC7942_RS08885,SYNPCC7942_RS10820,0.0850273398964298
SYNPCC7942_RS07435,SYNPCC7942_RS11400,0.0850210083749954
SYNPCC7942_RS10700,SYNPCC7942_RS06730,0.0850207700622991
SYNPCC7942_RS10700,SYNPCC7942_RS10145,0.085015632280056
SYNPCC7942_RS03160,SYNPCC7942_RS01275,0.0850073494427987
SYNPCC7942_RS03325,SYNPCC7942_RS09010,0.0849972127737569
SYNPCC7942_RS00455,SYNPCC7942_RS04995,0.0849966945934131
SYNPCC7942_RS00645,SYNPCC7942_RS03280,0.0849947868738888
SYNPCC7942_RS00455,SYNPCC7942_RS08955,0.0849662204092515
SYNPCC7942_RS03465,SYNPCC7942_RS01705,0.0849506440701314
SYNPCC7942_RS03075,SYNPCC7942_RS08470,0.0849472938156396
SYNPCC7942_RS02895,SYNPCC7942_RS12895,0.084942716230671
SYNPCC7942_RS10700,SYNPCC7942_RS05175,0.08493794172678
SYNPCC7942_RS03955,SYNPCC7942_RS12790,0.0849298474489396
SYNPCC7942_RS03160,SYNPCC7942_RS01825,0.0849085417876301
SYNPCC7942_RS09740,SYNPCC7942_RS10110,0.0848983209836615
SYNPCC7942_RS00380,SYNPCC7942_RS04025,0.0848946678869448
SYNPCC7942_RS07435,SYNPCC7942_RS06065,0.0848942836134473
SYNPCC7942_RS03160,SYNPCC7942_RS09540,0.0848936720817914
SYNPCC7942_RS03075,SYNPCC7942_RS09325,0.084870426583292
SYNPCC7942_RS00645,SYNPCC7942_RS00005,0.0848701097804094
SYNPCC7942_RS03075,SYNPCC7942_RS07400,0.0848362669310661
SYNPCC7942_RS07435,SYNPCC7942_RS04265,0.0848180806248152
SYNPCC7942_RS12560,SYNPCC7942_RS09785,0.0847942195038204
SYNPCC7942_RS09740,SYNPCC7942_RS10565,0.0847934972677304
SYNPCC7942_RS00455,SYNPCC7942_RS08130,0.0847907906714492
SYNPCC7942_RS09160,SYNPCC7942_RS11945,0.0847839925283472
SYNPCC7942_RS09740,SYNPCC7942_RS03340,0.0847700844429442
SYNPCC7942_RS09380,SYNPCC7942_RS12115,0.0847656799490027
SYNPCC7942_RS10700,SYNPCC7942_RS06435,0.0847446102671605
SYNPCC7942_RS05870,SYNPCC7942_RS05155,0.0847422109097095
SYNPCC7942_RS03160,SYNPCC7942_RS09455,0.0847171066506778
SYNPCC7942_RS03530,SYNPCC7942_RS00345,0.0847170865021313
SYNPCC7942_RS03160,SYNPCC7942_RS00025,0.0846932456872462
SYNPCC7942_RS03440,SYNPCC7942_RS09475,0.0846834347420299
SYNPCC7942_RS09380,SYNPCC7942_RS10155,0.0846804520910392
SYNPCC7942_RS10700,SYNPCC7942_RS02245,0.0846738388971945
SYNPCC7942_RS03530,SYNPCC7942_RS11835,0.0846719770888699
SYNPCC7942_RS09160,SYNPCC7942_RS12010,0.0846695309984604
SYNPCC7942_RS05640,SYNPCC7942_RS08595,0.084662061169768
SYNPCC7942_RS09435,SYNPCC7942_RS05325,0.0846512768330472
SYNPCC7942_RS02895,SYNPCC7942_RS02890,0.0846300051503828
SYNPCC7942_RS09740,SYNPCC7942_RS12520,0.0846287160540868
SYNPCC7942_RS09740,SYNPCC7942_RS06075,0.0846137785283309
SYNPCC7942_RS03465,SYNPCC7942_RS12615,0.084606512030136
SYNPCC7942_RS10700,SYNPCC7942_RS07640,0.0845990217254016
SYNPCC7942_RS05870,SYNPCC7942_RS06220,0.084598110316339
SYNPCC7942_RS00645,SYNPCC7942_RS01715,0.0845836617530782
SYNPCC7942_RS02830,SYNPCC7942_RS12675,0.08457819236361
SYNPCC7942_RS12275,SYNPCC7942_RS03225,0.0845739240372389
SYNPCC7942_RS00645,SYNPCC7942_RS06375,0.0845673656256726
SYNPCC7942_RS09500,SYNPCC7942_RS03925,0.0845646395685453
SYNPCC7942_RS07435,SYNPCC7942_RS01215,0.0845499067113497
SYNPCC7942_RS04225,SYNPCC7942_RS09500,0.0845493790736437
SYNPCC7942_RS11465,SYNPCC7942_RS08330,0.0845477696467058
SYNPCC7942_RS03955,SYNPCC7942_RS00290,0.0845402796692826
SYNPCC7942_RS10700,SYNPCC7942_RS09940,0.0845375994628797
SYNPCC7942_RS05870,SYNPCC7942_RS06715,0.0845279608647317
SYNPCC7942_RS00645,SYNPCC7942_RS01505,0.084527607761782
SYNPCC7942_RS05870,SYNPCC7942_RS03140,0.084514789249745
SYNPCC7942_RS00455,SYNPCC7942_RS09555,0.0845037409746562
SYNPCC7942_RS03160,SYNPCC7942_RS04265,0.084501449070988
SYNPCC7942_RS00645,SYNPCC7942_RS09050,0.0845013580714882
SYNPCC7942_RS08780,SYNPCC7942_RS08065,0.0844934530237691
SYNPCC7942_RS07435,SYNPCC7942_RS02735,0.0844923627092394
SYNPCC7942_RS10700,SYNPCC7942_RS01825,0.0844881589409203
SYNPCC7942_RS09620,SYNPCC7942_RS01525,0.0844721755502419
SYNPCC7942_RS08885,SYNPCC7942_RS09090,0.0844534677194813
SYNPCC7942_RS07435,SYNPCC7942_RS01675,0.0844514248328069
SYNPCC7942_RS07185,SYNPCC7942_RS09620,0.084450797570333
SYNPCC7942_RS03465,SYNPCC7942_RS00980,0.0844443395916754
SYNPCC7942_RS07435,SYNPCC7942_RS06715,0.0844434715986342
SYNPCC7942_RS03160,SYNPCC7942_RS09375,0.0844353986756719
SYNPCC7942_RS03260,SYNPCC7942_RS13275,0.0844040880958003
SYNPCC7942_RS00480,SYNPCC7942_RS01605,0.0844031296891633
SYNPCC7942_RS03160,SYNPCC7942_RS13655,0.084400142330011
SYNPCC7942_RS03465,SYNPCC7942_RS03245,0.0843999241172567
SYNPCC7942_RS00765,SYNPCC7942_RS05250,0.0843988918344121
SYNPCC7942_RS03160,SYNPCC7942_RS08920,0.0843840067061089
SYNPCC7942_RS11465,SYNPCC7942_RS02720,0.0843613983351882
SYNPCC7942_RS10165,SYNPCC7942_RS08630,0.0843100613255332
SYNPCC7942_RS07185,SYNPCC7942_RS00885,0.0843034791083663
SYNPCC7942_RS10040,SYNPCC7942_RS04155,0.0842728998098686
SYNPCC7942_RS03160,SYNPCC7942_RS04620,0.0842576388586308
SYNPCC7942_RS07435,SYNPCC7942_RS02770,0.084255534701677
SYNPCC7942_RS00455,SYNPCC7942_RS10700,0.0842515383760026
SYNPCC7942_RS03465,SYNPCC7942_RS07080,0.0842390515594932
SYNPCC7942_RS00455,SYNPCC7942_RS11640,0.0842263959252847
SYNPCC7942_RS10700,SYNPCC7942_RS04475,0.0842174722773085
SYNPCC7942_RS00645,SYNPCC7942_RS10970,0.0841941551116259
SYNPCC7942_RS05870,SYNPCC7942_RS03560,0.0841669020107544
SYNPCC7942_RS00455,SYNPCC7942_RS02950,0.0841616338056775
SYNPCC7942_RS10700,SYNPCC7942_RS02325,0.0841551717643244
SYNPCC7942_RS07435,SYNPCC7942_RS14165,0.084154499064468
SYNPCC7942_RS00560,SYNPCC7942_RS07935,0.0841527919242318
SYNPCC7942_RS03465,SYNPCC7942_RS01090,0.0841463256367335
SYNPCC7942_RS03530,SYNPCC7942_RS03165,0.0841392410076345
SYNPCC7942_RS08645,SYNPCC7942_RS05010,0.084133252666216
SYNPCC7942_RS00455,SYNPCC7942_RS00450,0.0841296105975805
SYNPCC7942_RS03160,SYNPCC7942_RS12340,0.0841270641365681
SYNPCC7942_RS11970,SYNPCC7942_RS08375,0.08412166480773
SYNPCC7942_RS07185,SYNPCC7942_RS00515,0.0841143048615441
SYNPCC7942_RS00455,SYNPCC7942_RS09460,0.084100718154234
SYNPCC7942_RS03160,SYNPCC7942_RS01210,0.0840838989662738
SYNPCC7942_RS07435,SYNPCC7942_RS02405,0.0840836017000375
SYNPCC7942_RS13165,SYNPCC7942_RS08095,0.084078662128077
SYNPCC7942_RS10700,SYNPCC7942_RS08745,0.0840660567656287
SYNPCC7942_RS02830,SYNPCC7942_RS09270,0.0840596787315895
SYNPCC7942_RS05870,SYNPCC7942_RS13040,0.084053433592285
SYNPCC7942_RS09380,SYNPCC7942_RS09065,0.0840377515024684
SYNPCC7942_RS10170,SYNPCC7942_RS07905,0.0840325184445736
SYNPCC7942_RS03160,SYNPCC7942_RS09765,0.0840248514937791
SYNPCC7942_RS03160,SYNPCC7942_RS08260,0.084014835337848
SYNPCC7942_RS08405,SYNPCC7942_RS03195,0.0840142559926337
SYNPCC7942_RS00380,SYNPCC7942_RS07995,0.0840131327433064
SYNPCC7942_RS03160,SYNPCC7942_RS02950,0.0839940873790901
SYNPCC7942_RS10700,SYNPCC7942_RS11755,0.083980631671569
SYNPCC7942_RS03325,SYNPCC7942_RS12485,0.0839565001358056
SYNPCC7942_RS09740,SYNPCC7942_RS06990,0.0839130632663531
SYNPCC7942_RS05870,SYNPCC7942_RS04700,0.0839113930568086
SYNPCC7942_RS07185,SYNPCC7942_RS10905,0.0839018524444267
SYNPCC7942_RS11465,SYNPCC7942_RS10045,0.0839008848424927
SYNPCC7942_RS12560,SYNPCC7942_RS02690,0.0838953514490553
SYNPCC7942_RS00645,SYNPCC7942_RS10445,0.0838806284380007
SYNPCC7942_RS10350,SYNPCC7942_RS13050,0.0838765280121912
SYNPCC7942_RS00455,SYNPCC7942_RS10325,0.083874143199356
SYNPCC7942_RS07185,SYNPCC7942_RS07430,0.083868958251141
SYNPCC7942_RS10700,SYNPCC7942_RS09540,0.0838454818311398
SYNPCC7942_RS09065,SYNPCC7942_RS13905,0.0838199608594788
SYNPCC7942_RS09065,SYNPCC7942_RS08105,0.0838012439192795
SYNPCC7942_RS00645,SYNPCC7942_RS09295,0.0837774217888377
SYNPCC7942_RS05870,SYNPCC7942_RS08865,0.0837719990909472
SYNPCC7942_RS02895,SYNPCC7942_RS10195,0.0837644979717217
SYNPCC7942_RS00455,SYNPCC7942_RS13035,0.083763800830518
SYNPCC7942_RS09740,SYNPCC7942_RS08725,0.0837585514581156
SYNPCC7942_RS03075,SYNPCC7942_RS12140,0.0837502290035326
SYNPCC7942_RS07435,SYNPCC7942_RS13855,0.0837484434571358
SYNPCC7942_RS07185,SYNPCC7942_RS12875,0.0837447882007313
SYNPCC7942_RS00480,SYNPCC7942_RS10135,0.0837427591811077
SYNPCC7942_RS05870,SYNPCC7942_RS13180,0.0837387535537902
SYNPCC7942_RS03955,SYNPCC7942_RS01080,0.0837356566716869
SYNPCC7942_RS07435,SYNPCC7942_RS13060,0.0837349477672472
SYNPCC7942_RS10700,SYNPCC7942_RS07930,0.0837175010260406
SYNPCC7942_RS10700,SYNPCC7942_RS07365,0.083677173294035
SYNPCC7942_RS09740,SYNPCC7942_RS01510,0.0836627291952771
SYNPCC7942_RS03160,SYNPCC7942_RS04890,0.0835984267982791
SYNPCC7942_RS04225,SYNPCC7942_RS04220,0.0835946264882816
SYNPCC7942_RS00380,SYNPCC7942_RS03140,0.0835823343523496
SYNPCC7942_RS03465,SYNPCC7942_RS05020,0.0835737961997684
SYNPCC7942_RS11465,SYNPCC7942_RS09575,0.0835587331647229
SYNPCC7942_RS07185,SYNPCC7942_RS12165,0.0835569293448497
SYNPCC7942_RS00645,SYNPCC7942_RS08870,0.0835469488853273
SYNPCC7942_RS09740,SYNPCC7942_RS07770,0.0835381139664314
SYNPCC7942_RS00645,SYNPCC7942_RS01385,0.0835233737128082
SYNPCC7942_RS05870,SYNPCC7942_RS04470,0.0835048390511898
SYNPCC7942_RS03160,SYNPCC7942_RS10715,0.0834965553940703
SYNPCC7942_RS02895,SYNPCC7942_RS05840,0.0834950111954116
SYNPCC7942_RS10700,SYNPCC7942_RS02640,0.0834878502765896
SYNPCC7942_RS00380,SYNPCC7942_RS05790,0.0834693369430315
SYNPCC7942_RS03160,SYNPCC7942_RS08500,0.0834692119700894
SYNPCC7942_RS08885,SYNPCC7942_RS02270,0.0834692089146973
SYNPCC7942_RS03465,SYNPCC7942_RS11425,0.0834679655913619
SYNPCC7942_RS03160,SYNPCC7942_RS09215,0.0834651465971122
SYNPCC7942_RS03160,SYNPCC7942_RS06435,0.0834628933694795
SYNPCC7942_RS05070,SYNPCC7942_RS11910,0.0834402128219754
SYNPCC7942_RS09740,SYNPCC7942_RS11885,0.0834360197005466
SYNPCC7942_RS13165,SYNPCC7942_RS10865,0.0834347484952193
SYNPCC7942_RS08405,SYNPCC7942_RS05035,0.083427008936274
SYNPCC7942_RS00645,SYNPCC7942_RS05720,0.0834205170398805
SYNPCC7942_RS10700,SYNPCC7942_RS11530,0.0834174213297467
SYNPCC7942_RS00480,SYNPCC7942_RS05210,0.0834167824714374
SYNPCC7942_RS07185,SYNPCC7942_RS13295,0.0834100825552541
SYNPCC7942_RS07185,SYNPCC7942_RS05490,0.0833992514416168
SYNPCC7942_RS09740,SYNPCC7942_RS12565,0.083359811466771
SYNPCC7942_RS09380,SYNPCC7942_RS03615,0.083357046629871
SYNPCC7942_RS09500,SYNPCC7942_RS00260,0.0833443937737419
SYNPCC7942_RS09760,SYNPCC7942_RS13820,0.083336172083307
SYNPCC7942_RS11970,SYNPCC7942_RS14065,0.0833310852109817
SYNPCC7942_RS00645,SYNPCC7942_RS01700,0.0833238748013262
SYNPCC7942_RS10700,SYNPCC7942_RS08895,0.0833230941796591
SYNPCC7942_RS08405,SYNPCC7942_RS14185,0.083309959042372
SYNPCC7942_RS09620,SYNPCC7942_RS10770,0.0832768302264441
SYNPCC7942_RS05870,SYNPCC7942_RS08860,0.0832748774147386
SYNPCC7942_RS05870,SYNPCC7942_RS06460,0.083261794816447
SYNPCC7942_RS07185,SYNPCC7942_RS06520,0.0832612463391914
SYNPCC7942_RS03465,SYNPCC7942_RS12980,0.0832549126126794
SYNPCC7942_RS10700,SYNPCC7942_RS04995,0.0832544484337973
SYNPCC7942_RS13165,SYNPCC7942_RS02090,0.0832469094830585
SYNPCC7942_RS00560,SYNPCC7942_RS00655,0.0832444633458539
SYNPCC7942_RS03160,SYNPCC7942_RS12000,0.0832433290467594
SYNPCC7942_RS03325,SYNPCC7942_RS06895,0.0832293389178013
SYNPCC7942_RS11970,SYNPCC7942_RS08195,0.0832223522504086
SYNPCC7942_RS10700,SYNPCC7942_RS05870,0.083213379021257
SYNPCC7942_RS02895,SYNPCC7942_RS06760,0.0832127403845028
SYNPCC7942_RS03465,SYNPCC7942_RS05620,0.0831843905456186
SYNPCC7942_RS03075,SYNPCC7942_RS11720,0.0831690471268537
SYNPCC7942_RS09620,SYNPCC7942_RS10585,0.083168474430605
SYNPCC7942_RS03160,SYNPCC7942_RS10945,0.0831549774002253
SYNPCC7942_RS09435,SYNPCC7942_RS08135,0.0831493418658227
SYNPCC7942_RS03465,SYNPCC7942_RS06750,0.0831415234771043
SYNPCC7942_RS09435,SYNPCC7942_RS06850,0.0831387373820689
SYNPCC7942_RS09435,SYNPCC7942_RS12295,0.0831371763678769
SYNPCC7942_RS11030,SYNPCC7942_RS07125,0.0831329122133874
SYNPCC7942_RS00455,SYNPCC7942_RS01505,0.0831193276523644
SYNPCC7942_RS03160,SYNPCC7942_RS11875,0.0831139836504285
SYNPCC7942_RS09740,SYNPCC7942_RS12555,0.0830977497057496
SYNPCC7942_RS09435,SYNPCC7942_RS04920,0.0830851181980233
SYNPCC7942_RS07805,SYNPCC7942_RS07620,0.0830819439104195
SYNPCC7942_RS10700,SYNPCC7942_RS04465,0.0830791810126312
SYNPCC7942_RS09435,SYNPCC7942_RS10915,0.0830629549644104
SYNPCC7942_RS03075,SYNPCC7942_RS12490,0.0830429145501097
SYNPCC7942_RS10165,SYNPCC7942_RS04705,0.0830239054426134
SYNPCC7942_RS09740,SYNPCC7942_RS09225,0.0830186524038882
SYNPCC7942_RS00455,SYNPCC7942_RS13220,0.0830179428559733
SYNPCC7942_RS07435,SYNPCC7942_RS08755,0.0830071316607971
SYNPCC7942_RS03160,SYNPCC7942_RS04855,0.0830014013978841
SYNPCC7942_RS07435,SYNPCC7942_RS13185,0.0829955920897821
SYNPCC7942_RS09740,SYNPCC7942_RS03135,0.0829951594234422
SYNPCC7942_RS10260,SYNPCC7942_RS11205,0.0829668234722538
SYNPCC7942_RS07435,SYNPCC7942_RS04555,0.0829660621511878
SYNPCC7942_RS08780,SYNPCC7942_RS13800,0.0829608897163284
SYNPCC7942_RS03160,SYNPCC7942_RS00650,0.0829565798415224
SYNPCC7942_RS09740,SYNPCC7942_RS12655,0.0829488858482621
SYNPCC7942_RS03160,SYNPCC7942_RS04935,0.0829482108306831
SYNPCC7942_RS07435,SYNPCC7942_RS04615,0.0829455351585949
SYNPCC7942_RS08780,SYNPCC7942_RS07530,0.0829340252243967
SYNPCC7942_RS11465,SYNPCC7942_RS05750,0.0829190074583699
SYNPCC7942_RS05870,SYNPCC7942_RS02245,0.082906032422219
SYNPCC7942_RS00455,SYNPCC7942_RS06755,0.0829039809169856
SYNPCC7942_RS00645,SYNPCC7942_RS11450,0.0829035656492999
SYNPCC7942_RS07185,SYNPCC7942_RS06820,0.082902943137729
SYNPCC7942_RS10700,SYNPCC7942_RS08485,0.0828683259390447
SYNPCC7942_RS00645,SYNPCC7942_RS01455,0.0828671052671483
SYNPCC7942_RS07185,SYNPCC7942_RS13620,0.0828666384416319
SYNPCC7942_RS08850,SYNPCC7942_RS11295,0.0828548872709076
SYNPCC7942_RS02895,SYNPCC7942_RS02940,0.0828523595572776
SYNPCC7942_RS03465,SYNPCC7942_RS07280,0.0828164438849664
SYNPCC7942_RS03160,SYNPCC7942_RS10320,0.0828092231354138
SYNPCC7942_RS09435,SYNPCC7942_RS09990,0.0827936617413701
SYNPCC7942_RS12285,SYNPCC7942_RS03840,0.0827886459255269
SYNPCC7942_RS00645,SYNPCC7942_RS02940,0.0827866890583905
SYNPCC7942_RS07435,SYNPCC7942_RS01785,0.0827695937800955
SYNPCC7942_RS03075,SYNPCC7942_RS12970,0.0827539915294197
SYNPCC7942_RS03465,SYNPCC7942_RS02675,0.0827527280197892
SYNPCC7942_RS09740,SYNPCC7942_RS09690,0.0827345248229283
SYNPCC7942_RS10700,SYNPCC7942_RS11690,0.0827034791758937
SYNPCC7942_RS07185,SYNPCC7942_RS09340,0.0827006525613043
SYNPCC7942_RS00455,SYNPCC7942_RS01410,0.0826935792899707
SYNPCC7942_RS07805,SYNPCC7942_RS12825,0.0826883571205683
SYNPCC7942_RS03955,SYNPCC7942_RS02825,0.0826874049370075
SYNPCC7942_RS00455,SYNPCC7942_RS09865,0.0826672739738169
SYNPCC7942_RS07185,SYNPCC7942_RS06415,0.0826648029041736
SYNPCC7942_RS10700,SYNPCC7942_RS00940,0.0826579376575176
SYNPCC7942_RS13165,SYNPCC7942_RS04220,0.0826523075967806
SYNPCC7942_RS03160,SYNPCC7942_RS03455,0.0826171547149962
SYNPCC7942_RS09740,SYNPCC7942_RS09870,0.0825897903760984
SYNPCC7942_RS00645,SYNPCC7942_RS09560,0.0825893114272438
SYNPCC7942_RS09740,SYNPCC7942_RS10765,0.0825832462154294
SYNPCC7942_RS03530,SYNPCC7942_RS10750,0.0825782556944424
SYNPCC7942_RS10165,SYNPCC7942_RS02875,0.0825758813495588
SYNPCC7942_RS03160,SYNPCC7942_RS05560,0.0825638466813091
SYNPCC7942_RS03075,SYNPCC7942_RS03610,0.0825600858538113
SYNPCC7942_RS03440,SYNPCC7942_RS08850,0.0825568480781306
SYNPCC7942_RS03465,SYNPCC7942_RS07400,0.0825523859049331
SYNPCC7942_RS07435,SYNPCC7942_RS10410,0.0825340880950034
SYNPCC7942_RS07185,SYNPCC7942_RS12050,0.0825261167085562
SYNPCC7942_RS08885,SYNPCC7942_RS06750,0.0825165895341458
SYNPCC7942_RS07435,SYNPCC7942_RS11875,0.0825148290555876
SYNPCC7942_RS00380,SYNPCC7942_RS10470,0.0825117018651723
SYNPCC7942_RS00645,SYNPCC7942_RS10025,0.0825047175573683
SYNPCC7942_RS10700,SYNPCC7942_RS00870,0.0825046277895546
SYNPCC7942_RS00380,SYNPCC7942_RS04290,0.0824832784572067
SYNPCC7942_RS03160,SYNPCC7942_RS03060,0.0824737576304711
SYNPCC7942_RS03160,SYNPCC7942_RS02590,0.0824675818982104
SYNPCC7942_RS07435,SYNPCC7942_RS05410,0.0824602217042101
SYNPCC7942_RS03440,SYNPCC7942_RS03445,0.0824543734786937
SYNPCC7942_RS03160,SYNPCC7942_RS04440,0.0824491023471032
SYNPCC7942_RS09740,SYNPCC7942_RS06915,0.0824297897926937
SYNPCC7942_RS03260,SYNPCC7942_RS04565,0.0824249859988782
SYNPCC7942_RS09065,SYNPCC7942_RS09935,0.0824243006293147
SYNPCC7942_RS09620,SYNPCC7942_RS12090,0.0824221377393069
SYNPCC7942_RS03955,SYNPCC7942_RS07515,0.0824130340868136
SYNPCC7942_RS09740,SYNPCC7942_RS10745,0.082401397666314
SYNPCC7942_RS05870,SYNPCC7942_RS05985,0.0824011391470275
SYNPCC7942_RS12560,SYNPCC7942_RS12365,0.0823932221920625
SYNPCC7942_RS06365,SYNPCC7942_RS10370,0.0823482444557437
SYNPCC7942_RS00455,SYNPCC7942_RS05110,0.0823400987267762
SYNPCC7942_RS00380,SYNPCC7942_RS01445,0.0823383596361031
SYNPCC7942_RS00645,SYNPCC7942_RS02735,0.0823283036106641
SYNPCC7942_RS00645,SYNPCC7942_RS09605,0.0823232797556408
SYNPCC7942_RS09435,SYNPCC7942_RS09000,0.0823161738947782
SYNPCC7942_RS10700,SYNPCC7942_RS06000,0.0823087419683244
SYNPCC7942_RS07435,SYNPCC7942_RS02465,0.0823006764296619
SYNPCC7942_RS03075,SYNPCC7942_RS09895,0.0822910128743356
SYNPCC7942_RS09435,SYNPCC7942_RS04135,0.082286174159413
SYNPCC7942_RS09620,SYNPCC7942_RS07185,0.0822845142804184
SYNPCC7942_RS09620,SYNPCC7942_RS05825,0.0822833035732735
SYNPCC7942_RS03325,SYNPCC7942_RS00355,0.0822829104913578
SYNPCC7942_RS03160,SYNPCC7942_RS09010,0.082282836825843
SYNPCC7942_RS03160,SYNPCC7942_RS07405,0.0822820165074449
SYNPCC7942_RS00765,SYNPCC7942_RS05185,0.0822626017873109
SYNPCC7942_RS00380,SYNPCC7942_RS00965,0.0822575338323674
SYNPCC7942_RS13165,SYNPCC7942_RS00525,0.0822399030082287
SYNPCC7942_RS00645,SYNPCC7942_RS08655,0.082239128972339
SYNPCC7942_RS07185,SYNPCC7942_RS12110,0.0822216126517034
SYNPCC7942_RS03160,SYNPCC7942_RS10835,0.0822169944934135
SYNPCC7942_RS07185,SYNPCC7942_RS06810,0.0822137225162216
SYNPCC7942_RS10340,SYNPCC7942_RS00070,0.0822080748203304
SYNPCC7942_RS07435,SYNPCC7942_RS13610,0.082200346225995
SYNPCC7942_RS03160,SYNPCC7942_RS10120,0.0821726626007247
SYNPCC7942_RS12285,SYNPCC7942_RS05600,0.0821706712124743
SYNPCC7942_RS03325,SYNPCC7942_RS02965,0.0821671797853533
SYNPCC7942_RS11030,SYNPCC7942_RS05800,0.0821494986634541
SYNPCC7942_RS00560,SYNPCC7942_RS14055,0.082134398946455
SYNPCC7942_RS03160,SYNPCC7942_RS06860,0.0821194361634974
SYNPCC7942_RS03160,SYNPCC7942_RS12515,0.0821168492629806
SYNPCC7942_RS09740,SYNPCC7942_RS06780,0.0821014524885264
SYNPCC7942_RS03160,SYNPCC7942_RS09565,0.0820938238474227
SYNPCC7942_RS03440,SYNPCC7942_RS04985,0.0820750326635427
SYNPCC7942_RS00765,SYNPCC7942_RS10065,0.0820742691576421
SYNPCC7942_RS00455,SYNPCC7942_RS06100,0.0820615207562303
SYNPCC7942_RS12560,SYNPCC7942_RS03525,0.0820476231610719
SYNPCC7942_RS09500,SYNPCC7942_RS10855,0.0820145560035938
SYNPCC7942_RS10700,SYNPCC7942_RS06890,0.0820082412988355
SYNPCC7942_RS06370,SYNPCC7942_RS06560,0.0820024303514863
SYNPCC7942_RS09620,SYNPCC7942_RS03425,0.082000470209133
SYNPCC7942_RS10700,SYNPCC7942_RS01055,0.0819970840869297
SYNPCC7942_RS07185,SYNPCC7942_RS11845,0.0819964330797898
SYNPCC7942_RS02830,SYNPCC7942_RS11720,0.081995249746618
SYNPCC7942_RS08780,SYNPCC7942_RS13760,0.0819789022135579
SYNPCC7942_RS03465,SYNPCC7942_RS12325,0.0819615497351589
SYNPCC7942_RS07435,SYNPCC7942_RS05110,0.0819326518629186
SYNPCC7942_RS05870,SYNPCC7942_RS04385,0.0819316289864278
SYNPCC7942_RS03160,SYNPCC7942_RS00325,0.0819264680331689
SYNPCC7942_RS07435,SYNPCC7942_RS07315,0.0819223389511437
SYNPCC7942_RS03160,SYNPCC7942_RS07775,0.0819146168499272
SYNPCC7942_RS09740,SYNPCC7942_RS03325,0.0819115049872936
SYNPCC7942_RS10700,SYNPCC7942_RS02645,0.081886646011118
SYNPCC7942_RS10700,SYNPCC7942_RS10440,0.081817226739539
SYNPCC7942_RS07435,SYNPCC7942_RS13905,0.0818122988788096
SYNPCC7942_RS08885,SYNPCC7942_RS01725,0.081804836486548
SYNPCC7942_RS05640,SYNPCC7942_RS04270,0.0818044238486693
SYNPCC7942_RS03160,SYNPCC7942_RS08155,0.0817966773309521
SYNPCC7942_RS08885,SYNPCC7942_RS13935,0.0817931107520932
SYNPCC7942_RS00765,SYNPCC7942_RS10405,0.0817920537013238
SYNPCC7942_RS07435,SYNPCC7942_RS05040,0.0817834583008124
SYNPCC7942_RS05640,SYNPCC7942_RS05685,0.0817733911015433
SYNPCC7942_RS05070,SYNPCC7942_RS03315,0.0817732368762999
SYNPCC7942_RS03075,SYNPCC7942_RS02045,0.0817685576099477
SYNPCC7942_RS03260,SYNPCC7942_RS11230,0.0817631976024658
SYNPCC7942_RS03160,SYNPCC7942_RS08145,0.0817603985927837
SYNPCC7942_RS06370,SYNPCC7942_RS06555,0.0817538511618449
SYNPCC7942_RS07185,SYNPCC7942_RS04885,0.0817415026259332
SYNPCC7942_RS12560,SYNPCC7942_RS06975,0.0817287815893826
SYNPCC7942_RS07435,SYNPCC7942_RS01685,0.0817228586910939
SYNPCC7942_RS07435,SYNPCC7942_RS12550,0.0817047777625195
SYNPCC7942_RS03160,SYNPCC7942_RS05110,0.0817047631902767
SYNPCC7942_RS00455,SYNPCC7942_RS06060,0.081670427624525
SYNPCC7942_RS05640,SYNPCC7942_RS10100,0.0816398363175009
SYNPCC7942_RS08780,SYNPCC7942_RS05520,0.0816394587405228
SYNPCC7942_RS07435,SYNPCC7942_RS09660,0.0816246354834064
SYNPCC7942_RS09740,SYNPCC7942_RS01235,0.0816223485018018
SYNPCC7942_RS05230,SYNPCC7942_RS06140,0.0816157930909914
SYNPCC7942_RS08405,SYNPCC7942_RS10530,0.0816126033784774
SYNPCC7942_RS00480,SYNPCC7942_RS02895,0.0816089284395905
SYNPCC7942_RS07805,SYNPCC7942_RS08635,0.0815936236879729
SYNPCC7942_RS09160,SYNPCC7942_RS05035,0.0815907288738692
SYNPCC7942_RS04225,SYNPCC7942_RS13165,0.0815809112323391
SYNPCC7942_RS09620,SYNPCC7942_RS05655,0.0815799384007407
SYNPCC7942_RS08780,SYNPCC7942_RS07535,0.081574792022935
SYNPCC7942_RS03160,SYNPCC7942_RS10190,0.081566485500355
SYNPCC7942_RS09740,SYNPCC7942_RS02965,0.081558366214384
SYNPCC7942_RS07435,SYNPCC7942_RS10335,0.0815570105395647
SYNPCC7942_RS09500,SYNPCC7942_RS07890,0.0815541566551536
SYNPCC7942_RS07435,SYNPCC7942_RS04360,0.0815279314765651
SYNPCC7942_RS02895,SYNPCC7942_RS06870,0.0815231982191577
SYNPCC7942_RS10700,SYNPCC7942_RS02775,0.0815195498452005
SYNPCC7942_RS10700,SYNPCC7942_RS00950,0.0815153294917768
SYNPCC7942_RS05870,SYNPCC7942_RS11930,0.0815108085395507
SYNPCC7942_RS00645,SYNPCC7942_RS01445,0.081509628922106
SYNPCC7942_RS03465,SYNPCC7942_RS02155,0.0815067318890016
SYNPCC7942_RS03160,SYNPCC7942_RS13615,0.0815024777125526
SYNPCC7942_RS07185,SYNPCC7942_RS01310,0.0815005852888059
SYNPCC7942_RS03325,SYNPCC7942_RS04625,0.08147869565139
SYNPCC7942_RS00645,SYNPCC7942_RS01785,0.0814694556538834
SYNPCC7942_RS12560,SYNPCC7942_RS08700,0.0814574695803384
SYNPCC7942_RS08885,SYNPCC7942_RS07465,0.0814530830182013
SYNPCC7942_RS08885,SYNPCC7942_RS14140,0.0814403101355005
SYNPCC7942_RS10700,SYNPCC7942_RS07330,0.0814383871940455
SYNPCC7942_RS03160,SYNPCC7942_RS05180,0.0814345233585466
SYNPCC7942_RS10700,SYNPCC7942_RS11990,0.081433781964966
SYNPCC7942_RS03325,SYNPCC7942_RS07305,0.0814273694781048
SYNPCC7942_RS09740,SYNPCC7942_RS04795,0.0814181438370192
SYNPCC7942_RS02830,SYNPCC7942_RS01995,0.0814158834646599
SYNPCC7942_RS12560,SYNPCC7942_RS07245,0.0813995651909272
SYNPCC7942_RS03160,SYNPCC7942_RS08255,0.0813777253122629
SYNPCC7942_RS12560,SYNPCC7942_RS00540,0.081374871566539
SYNPCC7942_RS00455,SYNPCC7942_RS00410,0.0813699164944721
SYNPCC7942_RS00455,SYNPCC7942_RS10060,0.0813615462496542
SYNPCC7942_RS06370,SYNPCC7942_RS01780,0.0813351264121047
SYNPCC7942_RS03440,SYNPCC7942_RS12415,0.0813156895144074
SYNPCC7942_RS08780,SYNPCC7942_RS07980,0.0813079752887398
SYNPCC7942_RS09740,SYNPCC7942_RS11355,0.0813052686556382
SYNPCC7942_RS03325,SYNPCC7942_RS03160,0.081304233693064
SYNPCC7942_RS09740,SYNPCC7942_RS02930,0.0812943753636853
SYNPCC7942_RS03465,SYNPCC7942_RS11115,0.0812919927115855
SYNPCC7942_RS12275,SYNPCC7942_RS04805,0.0812769187408228
SYNPCC7942_RS00455,SYNPCC7942_RS02065,0.0812766663123221
SYNPCC7942_RS03160,SYNPCC7942_RS08205,0.0812674114587254
SYNPCC7942_RS07185,SYNPCC7942_RS09250,0.081247036620778
SYNPCC7942_RS05870,SYNPCC7942_RS04290,0.081213901164231
SYNPCC7942_RS00560,SYNPCC7942_RS01005,0.0812115652056999
SYNPCC7942_RS03325,SYNPCC7942_RS00105,0.0811911460219798
SYNPCC7942_RS09160,SYNPCC7942_RS06600,0.081185426229949
SYNPCC7942_RS00645,SYNPCC7942_RS07275,0.0811816228101665
SYNPCC7942_RS09065,SYNPCC7942_RS01590,0.0811759353930919
SYNPCC7942_RS10700,SYNPCC7942_RS04080,0.0811635852632907
SYNPCC7942_RS02895,SYNPCC7942_RS05395,0.0811586734784513
SYNPCC7942_RS09380,SYNPCC7942_RS03305,0.0811561798178431
SYNPCC7942_RS00455,SYNPCC7942_RS10375,0.0811415334756542
SYNPCC7942_RS05640,SYNPCC7942_RS02870,0.081125290025893
SYNPCC7942_RS07435,SYNPCC7942_RS07490,0.0811212369414258
SYNPCC7942_RS03160,SYNPCC7942_RS02340,0.0811114755929458
SYNPCC7942_RS03325,SYNPCC7942_RS03540,0.0811069189996256
SYNPCC7942_RS07805,SYNPCC7942_RS07030,0.08110194072035
SYNPCC7942_RS03465,SYNPCC7942_RS13035,0.0810957650023768
SYNPCC7942_RS05870,SYNPCC7942_RS04115,0.0810861080478627
SYNPCC7942_RS09500,SYNPCC7942_RS10850,0.0810812255934917
SYNPCC7942_RS03465,SYNPCC7942_RS11215,0.081054409046937
SYNPCC7942_RS03160,SYNPCC7942_RS08150,0.0810534910189465
SYNPCC7942_RS03160,SYNPCC7942_RS06410,0.0810528247552412
SYNPCC7942_RS07185,SYNPCC7942_RS10585,0.0810208284398077
SYNPCC7942_RS05870,SYNPCC7942_RS02355,0.081011861085475
SYNPCC7942_RS13165,SYNPCC7942_RS01915,0.0810115552502
SYNPCC7942_RS07435,SYNPCC7942_RS03635,0.0810106188885492
SYNPCC7942_RS05870,SYNPCC7942_RS08500,0.081007927565978
SYNPCC7942_RS05870,SYNPCC7942_RS10575,0.0810036355083
SYNPCC7942_RS00455,SYNPCC7942_RS04380,0.08098204839593
SYNPCC7942_RS12560,SYNPCC7942_RS11925,0.080976217328
SYNPCC7942_RS02895,SYNPCC7942_RS05015,0.0809639108528232
SYNPCC7942_RS10700,SYNPCC7942_RS08805,0.0809359619480182
SYNPCC7942_RS03960,SYNPCC7942_RS00725,0.0809297786632491
SYNPCC7942_RS03075,SYNPCC7942_RS02370,0.0809235890638312
SYNPCC7942_RS03160,SYNPCC7942_RS08310,0.0809111123865941
SYNPCC7942_RS12560,SYNPCC7942_RS02285,0.0809036499493511
SYNPCC7942_RS07185,SYNPCC7942_RS03775,0.0809021906048026
SYNPCC7942_RS09065,SYNPCC7942_RS11115,0.0808997433869638
SYNPCC7942_RS00645,SYNPCC7942_RS01710,0.0808955593154783
SYNPCC7942_RS12560,SYNPCC7942_RS12765,0.0808805733613608
SYNPCC7942_RS02830,SYNPCC7942_RS05895,0.0808766053935196
SYNPCC7942_RS00645,SYNPCC7942_RS04140,0.0808732146757507
SYNPCC7942_RS02830,SYNPCC7942_RS07690,0.0808465378379933
SYNPCC7942_RS03465,SYNPCC7942_RS12895,0.0808348926955148
SYNPCC7942_RS03325,SYNPCC7942_RS01180,0.0808308053147954
SYNPCC7942_RS00645,SYNPCC7942_RS06780,0.0808013541459411
SYNPCC7942_RS09065,SYNPCC7942_RS05340,0.0807825900090048
SYNPCC7942_RS09740,SYNPCC7942_RS01935,0.0807754848834733
SYNPCC7942_RS03440,SYNPCC7942_RS00460,0.0807745621931079
SYNPCC7942_RS07435,SYNPCC7942_RS01255,0.0807569613889903
SYNPCC7942_RS13165,SYNPCC7942_RS02020,0.0807451435502795
SYNPCC7942_RS07185,SYNPCC7942_RS09210,0.0807298051473155
SYNPCC7942_RS07185,SYNPCC7942_RS05180,0.0807154618890597
SYNPCC7942_RS12560,SYNPCC7942_RS05530,0.0807065453703311
SYNPCC7942_RS06370,SYNPCC7942_RS08920,0.0807060067749896
SYNPCC7942_RS09740,SYNPCC7942_RS08545,0.0806959559367821
SYNPCC7942_RS00645,SYNPCC7942_RS06485,0.0806885693675152
SYNPCC7942_RS12560,SYNPCC7942_RS12740,0.0806869106674031
SYNPCC7942_RS09620,SYNPCC7942_RS07250,0.0806831350825847
SYNPCC7942_RS03160,SYNPCC7942_RS11525,0.0806704072660456
SYNPCC7942_RS00645,SYNPCC7942_RS10995,0.0806683404387004
SYNPCC7942_RS03075,SYNPCC7942_RS04045,0.0806417053693962
SYNPCC7942_RS03160,SYNPCC7942_RS09805,0.0806391458015314
SYNPCC7942_RS00380,SYNPCC7942_RS11755,0.0806325704925048
SYNPCC7942_RS00645,SYNPCC7942_RS09515,0.0806243456332488
SYNPCC7942_RS03160,SYNPCC7942_RS12045,0.0806191225937945
SYNPCC7942_RS03160,SYNPCC7942_RS12050,0.080616962648076
SYNPCC7942_RS00645,SYNPCC7942_RS08735,0.0806101235086944
SYNPCC7942_RS03160,SYNPCC7942_RS06305,0.0805942657962836
SYNPCC7942_RS00455,SYNPCC7942_RS06865,0.0805881943852989
SYNPCC7942_RS07805,SYNPCC7942_RS02690,0.0805690951349712
SYNPCC7942_RS03160,SYNPCC7942_RS05665,0.080550469798481
SYNPCC7942_RS03160,SYNPCC7942_RS01530,0.0805462689802766
SYNPCC7942_RS12285,SYNPCC7942_RS00565,0.0805462269795436
SYNPCC7942_RS06370,SYNPCC7942_RS08740,0.0805378676552205
SYNPCC7942_RS03465,SYNPCC7942_RS00510,0.0805255583258903
SYNPCC7942_RS05870,SYNPCC7942_RS04080,0.0805175216212178
SYNPCC7942_RS08645,SYNPCC7942_RS00585,0.0805120763218192
SYNPCC7942_RS03955,SYNPCC7942_RS05075,0.0805038476891673
SYNPCC7942_RS10340,SYNPCC7942_RS02270,0.0804932643260924
SYNPCC7942_RS00455,SYNPCC7942_RS02405,0.0804879513353257
SYNPCC7942_RS10700,SYNPCC7942_RS04115,0.080485833532227
SYNPCC7942_RS05870,SYNPCC7942_RS11345,0.0804703518740991
SYNPCC7942_RS03160,SYNPCC7942_RS04025,0.0804583054096435
SYNPCC7942_RS12560,SYNPCC7942_RS07105,0.0804508728157109
SYNPCC7942_RS03160,SYNPCC7942_RS12570,0.0804474400603778
SYNPCC7942_RS03160,SYNPCC7942_RS08185,0.0804466636016703
SYNPCC7942_RS00455,SYNPCC7942_RS06900,0.0804442341788472
SYNPCC7942_RS10700,SYNPCC7942_RS05565,0.080442980174568
SYNPCC7942_RS10170,SYNPCC7942_RS09590,0.0804363090963692
SYNPCC7942_RS09740,SYNPCC7942_RS00325,0.0804147461043419
SYNPCC7942_RS09740,SYNPCC7942_RS09020,0.0804075015258569
SYNPCC7942_RS08885,SYNPCC7942_RS03205,0.0804049228231752
SYNPCC7942_RS00560,SYNPCC7942_RS05025,0.080404651894377
SYNPCC7942_RS09065,SYNPCC7942_RS08005,0.0804043166660228
SYNPCC7942_RS09740,SYNPCC7942_RS04170,0.0804014096744376
SYNPCC7942_RS11465,SYNPCC7942_RS03245,0.0803963488064054
SYNPCC7942_RS12275,SYNPCC7942_RS04600,0.0803909244937432
SYNPCC7942_RS02830,SYNPCC7942_RS02535,0.0803883965974787
SYNPCC7942_RS09740,SYNPCC7942_RS12000,0.080385819174974
SYNPCC7942_RS12535,SYNPCC7942_RS01745,0.0803616461054215
SYNPCC7942_RS03325,SYNPCC7942_RS02760,0.0803578724174996
SYNPCC7942_RS10040,SYNPCC7942_RS08385,0.0803492022906204
SYNPCC7942_RS03160,SYNPCC7942_RS00700,0.0803423005010937
SYNPCC7942_RS03325,SYNPCC7942_RS05710,0.080340822417588
SYNPCC7942_RS09435,SYNPCC7942_RS12145,0.0803359785087845
SYNPCC7942_RS03465,SYNPCC7942_RS01710,0.0803325456727936
SYNPCC7942_RS10700,SYNPCC7942_RS09265,0.0803319399243626
SYNPCC7942_RS09760,SYNPCC7942_RS02480,0.0803263132831524
SYNPCC7942_RS09160,SYNPCC7942_RS09755,0.080316082727473
SYNPCC7942_RS03160,SYNPCC7942_RS03340,0.0803125297451888
SYNPCC7942_RS00765,SYNPCC7942_RS01835,0.0803080544516157
SYNPCC7942_RS02830,SYNPCC7942_RS05970,0.0803029459227652
SYNPCC7942_RS03160,SYNPCC7942_RS09690,0.0802964454671047
SYNPCC7942_RS00455,SYNPCC7942_RS05015,0.0802759333791903
SYNPCC7942_RS07435,SYNPCC7942_RS10445,0.0802702429506228
SYNPCC7942_RS03160,SYNPCC7942_RS10115,0.0802670317166667
SYNPCC7942_RS02895,SYNPCC7942_RS05400,0.0802643230238144
SYNPCC7942_RS03325,SYNPCC7942_RS06035,0.0802593590737984
SYNPCC7942_RS10700,SYNPCC7942_RS11480,0.080246382486428
SYNPCC7942_RS00455,SYNPCC7942_RS06905,0.0802300499525568
SYNPCC7942_RS07435,SYNPCC7942_RS06685,0.0802277038974719
SYNPCC7942_RS00455,SYNPCC7942_RS06145,0.0802246516150335
SYNPCC7942_RS00380,SYNPCC7942_RS00045,0.0802109113835684
SYNPCC7942_RS12560,SYNPCC7942_RS09370,0.0801903945687523
SYNPCC7942_RS03160,SYNPCC7942_RS02635,0.080188252516257
SYNPCC7942_RS10700,SYNPCC7942_RS04265,0.0801837368878418
SYNPCC7942_RS03160,SYNPCC7942_RS01425,0.080179074903025
SYNPCC7942_RS00645,SYNPCC7942_RS02890,0.080155655371464
SYNPCC7942_RS09740,SYNPCC7942_RS09730,0.0801539516300392
SYNPCC7942_RS03075,SYNPCC7942_RS11185,0.0801401674232021
SYNPCC7942_RS09740,SYNPCC7942_RS10710,0.0801332654010014
SYNPCC7942_RS09740,SYNPCC7942_RS07060,0.0801304300097084
SYNPCC7942_RS02895,SYNPCC7942_RS01660,0.0801141503106214
SYNPCC7942_RS09740,SYNPCC7942_RS08140,0.0801097528817317
SYNPCC7942_RS02895,SYNPCC7942_RS01145,0.0801096778583579
SYNPCC7942_RS09620,SYNPCC7942_RS01275,0.0801077438824933
SYNPCC7942_RS10700,SYNPCC7942_RS04900,0.080093971790127
SYNPCC7942_RS08885,SYNPCC7942_RS14145,0.0800645899802768
SYNPCC7942_RS07185,SYNPCC7942_RS07955,0.0800624090537372
SYNPCC7942_RS02895,SYNPCC7942_RS01965,0.0800617793879431
SYNPCC7942_RS09500,SYNPCC7942_RS00265,0.0800579747059751
SYNPCC7942_RS10700,SYNPCC7942_RS07370,0.080056593180327
SYNPCC7942_RS00455,SYNPCC7942_RS05765,0.0800437128382857
SYNPCC7942_RS00645,SYNPCC7942_RS08555,0.0800315338402973
SYNPCC7942_RS00455,SYNPCC7942_RS05575,0.0800278357884699
SYNPCC7942_RS03160,SYNPCC7942_RS04290,0.0800232495864033
SYNPCC7942_RS10700,SYNPCC7942_RS06755,0.0800216655069863
SYNPCC7942_RS00380,SYNPCC7942_RS12070,0.0800213660625208
SYNPCC7942_RS09740,SYNPCC7942_RS09940,0.080020501463991
SYNPCC7942_RS09740,SYNPCC7942_RS03290,0.0800162260869293
SYNPCC7942_RS03955,SYNPCC7942_RS02090,0.0800120855638672
SYNPCC7942_RS09065,SYNPCC7942_RS07265,0.0800108662496271
SYNPCC7942_RS00380,SYNPCC7942_RS13715,0.0800068620287807
SYNPCC7942_RS03465,SYNPCC7942_RS12355,0.0799949474520095
SYNPCC7942_RS05870,SYNPCC7942_RS00040,0.0799874849330009
SYNPCC7942_RS00645,SYNPCC7942_RS09710,0.079984429101727
SYNPCC7942_RS07185,SYNPCC7942_RS02200,0.0799699214876193
SYNPCC7942_RS09740,SYNPCC7942_RS09550,0.0799623206515349
SYNPCC7942_RS11050,SYNPCC7942_RS10490,0.079959978174179
SYNPCC7942_RS00455,SYNPCC7942_RS05560,0.0799535974577989
SYNPCC7942_RS05070,SYNPCC7942_RS03585,0.0799323794636034
SYNPCC7942_RS07185,SYNPCC7942_RS07755,0.0799216481805374
SYNPCC7942_RS09380,SYNPCC7942_RS06325,0.0799019213859819
SYNPCC7942_RS06370,SYNPCC7942_RS05980,0.0798958640673773
SYNPCC7942_RS13695,SYNPCC7942_RS06205,0.0798940574466576
SYNPCC7942_RS09160,SYNPCC7942_RS08825,0.079888760280857
SYNPCC7942_RS12560,SYNPCC7942_RS02585,0.0798878644664645
SYNPCC7942_RS07435,SYNPCC7942_RS13615,0.0798831345228845
SYNPCC7942_RS00480,SYNPCC7942_RS06620,0.0798769953129075
SYNPCC7942_RS03075,SYNPCC7942_RS11175,0.0798674386000182
SYNPCC7942_RS00645,SYNPCC7942_RS09765,0.0798642322853549
SYNPCC7942_RS00765,SYNPCC7942_RS06940,0.0798516178781804
SYNPCC7942_RS09740,SYNPCC7942_RS09365,0.0798457353834799
SYNPCC7942_RS03160,SYNPCC7942_RS09450,0.0798445608900006
SYNPCC7942_RS00765,SYNPCC7942_RS12865,0.0798424386889316
SYNPCC7942_RS08885,SYNPCC7942_RS13020,0.0798419778697242
SYNPCC7942_RS09740,SYNPCC7942_RS04470,0.0797946649911809
SYNPCC7942_RS03465,SYNPCC7942_RS06310,0.0797937668543699
SYNPCC7942_RS03160,SYNPCC7942_RS10805,0.0797845634733558
SYNPCC7942_RS07435,SYNPCC7942_RS01150,0.0797788612632594
SYNPCC7942_RS03160,SYNPCC7942_RS05655,0.0797773912392328
SYNPCC7942_RS07435,SYNPCC7942_RS05115,0.0797755053245335
SYNPCC7942_RS12560,SYNPCC7942_RS01640,0.0797723081631655
SYNPCC7942_RS03325,SYNPCC7942_RS06530,0.0797657323144569
SYNPCC7942_RS02895,SYNPCC7942_RS06335,0.07975836953004
SYNPCC7942_RS05230,SYNPCC7942_RS06500,0.0797580397772238
SYNPCC7942_RS10700,SYNPCC7942_RS06145,0.0797565084149581
SYNPCC7942_RS09740,SYNPCC7942_RS11895,0.0797492468401693
SYNPCC7942_RS10700,SYNPCC7942_RS10450,0.0797189982239973
SYNPCC7942_RS09500,SYNPCC7942_RS09645,0.0797112784052343
SYNPCC7942_RS07805,SYNPCC7942_RS06625,0.0797071617949398
SYNPCC7942_RS08645,SYNPCC7942_RS06775,0.0797065147437412
SYNPCC7942_RS03325,SYNPCC7942_RS07630,0.0797047052804502
SYNPCC7942_RS00455,SYNPCC7942_RS04935,0.0796842574884735
SYNPCC7942_RS00380,SYNPCC7942_RS10120,0.0796818639548693
SYNPCC7942_RS00380,SYNPCC7942_RS04855,0.0796797396830374
SYNPCC7942_RS09380,SYNPCC7942_RS00020,0.0796793430686526
SYNPCC7942_RS03075,SYNPCC7942_RS13290,0.0796752060415476
SYNPCC7942_RS10700,SYNPCC7942_RS04945,0.079671831302683
SYNPCC7942_RS08645,SYNPCC7942_RS04310,0.0796671609922047
SYNPCC7942_RS09435,SYNPCC7942_RS05770,0.0796414305493055
SYNPCC7942_RS03160,SYNPCC7942_RS07920,0.0796152195747291
SYNPCC7942_RS10700,SYNPCC7942_RS07445,0.0796064040449286
SYNPCC7942_RS09380,SYNPCC7942_RS06290,0.079605739438833
SYNPCC7942_RS09760,SYNPCC7942_RS03910,0.079605600229803
SYNPCC7942_RS02895,SYNPCC7942_RS08755,0.0796020687529104
SYNPCC7942_RS00455,SYNPCC7942_RS03145,0.0795986833650833
SYNPCC7942_RS09380,SYNPCC7942_RS08505,0.0795909696388764
SYNPCC7942_RS03160,SYNPCC7942_RS05150,0.0795880169404112
SYNPCC7942_RS09740,SYNPCC7942_RS03060,0.0795860252305306
SYNPCC7942_RS05870,SYNPCC7942_RS11495,0.0795735324822628
SYNPCC7942_RS09740,SYNPCC7942_RS04195,0.0795731525818215
SYNPCC7942_RS10700,SYNPCC7942_RS08150,0.0795622632242995
SYNPCC7942_RS00645,SYNPCC7942_RS04090,0.0795555963378243
SYNPCC7942_RS04835,SYNPCC7942_RS03650,0.0795414570927381
SYNPCC7942_RS00645,SYNPCC7942_RS04450,0.0795368228352027
SYNPCC7942_RS08405,SYNPCC7942_RS10220,0.0795276271756857
SYNPCC7942_RS07435,SYNPCC7942_RS05290,0.0795220569329
SYNPCC7942_RS07940,SYNPCC7942_RS00660,0.0795211141211828
SYNPCC7942_RS12275,SYNPCC7942_RS10035,0.0795137787567858
SYNPCC7942_RS07185,SYNPCC7942_RS09220,0.0794968405068207
SYNPCC7942_RS06370,SYNPCC7942_RS06015,0.0794752211283116
SYNPCC7942_RS03160,SYNPCC7942_RS04695,0.0794736054649151
SYNPCC7942_RS03465,SYNPCC7942_RS01680,0.0794730038326488
SYNPCC7942_RS07435,SYNPCC7942_RS05815,0.0794716110170819
SYNPCC7942_RS10700,SYNPCC7942_RS13215,0.079465278884451
SYNPCC7942_RS10700,SYNPCC7942_RS10110,0.079457261450627
SYNPCC7942_RS03440,SYNPCC7942_RS06450,0.07944397719526
SYNPCC7942_RS08405,SYNPCC7942_RS08300,0.0794424558698343
SYNPCC7942_RS09740,SYNPCC7942_RS04625,0.0794325424779845
SYNPCC7942_RS03160,SYNPCC7942_RS01235,0.0794308493419406
SYNPCC7942_RS00645,SYNPCC7942_RS08865,0.0794259995195231
SYNPCC7942_RS12560,SYNPCC7942_RS07350,0.0794203261751054
SYNPCC7942_RS03160,SYNPCC7942_RS12785,0.0794137791760445
SYNPCC7942_RS09380,SYNPCC7942_RS12125,0.0794001925326727
SYNPCC7942_RS08850,SYNPCC7942_RS14025,0.0793975419897686
SYNPCC7942_RS09740,SYNPCC7942_RS09900,0.079394516009589
SYNPCC7942_RS03260,SYNPCC7942_RS07780,0.0793885481110952
SYNPCC7942_RS11970,SYNPCC7942_RS01905,0.0793744871855901
SYNPCC7942_RS00455,SYNPCC7942_RS07330,0.0793680747491093
SYNPCC7942_RS10700,SYNPCC7942_RS01520,0.079356234281544
SYNPCC7942_RS08405,SYNPCC7942_RS03910,0.0793548990728337
SYNPCC7942_RS03160,SYNPCC7942_RS09265,0.0793483303090642
SYNPCC7942_RS12560,SYNPCC7942_RS07230,0.0793458172459883
SYNPCC7942_RS09740,SYNPCC7942_RS03160,0.0793357566107432
SYNPCC7942_RS03160,SYNPCC7942_RS11750,0.0793327204175414
SYNPCC7942_RS05640,SYNPCC7942_RS05005,0.0793323721596424
SYNPCC7942_RS03160,SYNPCC7942_RS10510,0.0793210260885922
SYNPCC7942_RS00480,SYNPCC7942_RS01965,0.0793206693395973
SYNPCC7942_RS09760,SYNPCC7942_RS02375,0.0793088152380224
SYNPCC7942_RS03325,SYNPCC7942_RS04700,0.0793052533937829
SYNPCC7942_RS10700,SYNPCC7942_RS02320,0.0792880656886862
SYNPCC7942_RS07185,SYNPCC7942_RS12740,0.0792846162608161
SYNPCC7942_RS12560,SYNPCC7942_RS10770,0.0792803956995404
SYNPCC7942_RS02830,SYNPCC7942_RS12975,0.0792530740575131
SYNPCC7942_RS06370,SYNPCC7942_RS10410,0.0792513912924623
SYNPCC7942_RS09740,SYNPCC7942_RS08285,0.0792445506382957
SYNPCC7942_RS09065,SYNPCC7942_RS11460,0.0792404923036937
SYNPCC7942_RS03160,SYNPCC7942_RS00640,0.0792390324504155
SYNPCC7942_RS07940,SYNPCC7942_RS04720,0.0792381634599925
SYNPCC7942_RS12560,SYNPCC7942_RS00835,0.0792312511561943
SYNPCC7942_RS09740,SYNPCC7942_RS10140,0.0792067073921658
SYNPCC7942_RS00765,SYNPCC7942_RS00905,0.0792043065123772
SYNPCC7942_RS11970,SYNPCC7942_RS08200,0.0791870248580513
SYNPCC7942_RS03160,SYNPCC7942_RS07050,0.0791846352746867
SYNPCC7942_RS03955,SYNPCC7942_RS13080,0.0791803652349602
SYNPCC7942_RS00645,SYNPCC7942_RS10670,0.0791759660426646
SYNPCC7942_RS08405,SYNPCC7942_RS05940,0.0791678768564524
SYNPCC7942_RS11970,SYNPCC7942_RS09100,0.0791609431260323
SYNPCC7942_RS09740,SYNPCC7942_RS06815,0.0791577019474885
SYNPCC7942_RS13165,SYNPCC7942_RS07530,0.0791528138583794
SYNPCC7942_RS03160,SYNPCC7942_RS02630,0.079138603298956
SYNPCC7942_RS03530,SYNPCC7942_RS14050,0.0791251060936231
SYNPCC7942_RS00455,SYNPCC7942_RS04760,0.0791112116789593
SYNPCC7942_RS09740,SYNPCC7942_RS01345,0.079103453890817
SYNPCC7942_RS03160,SYNPCC7942_RS05480,0.0791014590860699
SYNPCC7942_RS07185,SYNPCC7942_RS05055,0.0791005910174872
SYNPCC7942_RS05640,SYNPCC7942_RS04010,0.0790988393764804
SYNPCC7942_RS00455,SYNPCC7942_RS09845,0.0790603076774
SYNPCC7942_RS00765,SYNPCC7942_RS12025,0.0790357543543094
SYNPCC7942_RS00455,SYNPCC7942_RS10825,0.0790226825323416
SYNPCC7942_RS00645,SYNPCC7942_RS04440,0.079021172190089
SYNPCC7942_RS00455,SYNPCC7942_RS10640,0.0790173263527327
SYNPCC7942_RS09380,SYNPCC7942_RS11730,0.0790013551136292
SYNPCC7942_RS03465,SYNPCC7942_RS10205,0.0789961283934334
SYNPCC7942_RS03160,SYNPCC7942_RS00105,0.0789876731033353
SYNPCC7942_RS03160,SYNPCC7942_RS02420,0.078985572112474
SYNPCC7942_RS09740,SYNPCC7942_RS09920,0.07898533439408
SYNPCC7942_RS00645,SYNPCC7942_RS01380,0.0789827406436139
SYNPCC7942_RS04225,SYNPCC7942_RS00190,0.0789797957483888
SYNPCC7942_RS07435,SYNPCC7942_RS10225,0.0789683389867487
SYNPCC7942_RS03955,SYNPCC7942_RS02085,0.0789635583636646
SYNPCC7942_RS10700,SYNPCC7942_RS07005,0.078957023222365
SYNPCC7942_RS00645,SYNPCC7942_RS04515,0.0789567778696408
SYNPCC7942_RS07185,SYNPCC7942_RS07250,0.0789566861712654
SYNPCC7942_RS05070,SYNPCC7942_RS05075,0.0789410239962049
SYNPCC7942_RS08850,SYNPCC7942_RS11270,0.0789363148442715
SYNPCC7942_RS10700,SYNPCC7942_RS02550,0.0789138371461219
SYNPCC7942_RS10165,SYNPCC7942_RS07965,0.0789129783571344
SYNPCC7942_RS07805,SYNPCC7942_RS10040,0.0789103998325768
SYNPCC7942_RS07435,SYNPCC7942_RS08555,0.0788924822342234
SYNPCC7942_RS10700,SYNPCC7942_RS13630,0.0788732213945922
SYNPCC7942_RS02895,SYNPCC7942_RS12455,0.078863253317383
SYNPCC7942_RS00560,SYNPCC7942_RS02425,0.0788543608260193
SYNPCC7942_RS10700,SYNPCC7942_RS11575,0.0788502513551334
SYNPCC7942_RS00765,SYNPCC7942_RS09140,0.0788422890275632
SYNPCC7942_RS11715,SYNPCC7942_RS04860,0.0788321556229899
SYNPCC7942_RS09160,SYNPCC7942_RS02665,0.0788189203916414
SYNPCC7942_RS03160,SYNPCC7942_RS13005,0.078807343294681
SYNPCC7942_RS09380,SYNPCC7942_RS01885,0.078795074451637
SYNPCC7942_RS00645,SYNPCC7942_RS13915,0.0787949782199339
SYNPCC7942_RS11970,SYNPCC7942_RS09815,0.0787884868913655
SYNPCC7942_RS03325,SYNPCC7942_RS08170,0.0787765968997824
SYNPCC7942_RS03160,SYNPCC7942_RS11930,0.0787573758598248
SYNPCC7942_RS09380,SYNPCC7942_RS01560,0.0787563078843478
SYNPCC7942_RS00645,SYNPCC7942_RS01500,0.0787532789169176
SYNPCC7942_RS10700,SYNPCC7942_RS09770,0.0787408013071925
SYNPCC7942_RS00455,SYNPCC7942_RS09855,0.07873627543798
SYNPCC7942_RS05870,SYNPCC7942_RS12815,0.0787349688153581
SYNPCC7942_RS10700,SYNPCC7942_RS12520,0.078733386502684
SYNPCC7942_RS00455,SYNPCC7942_RS03405,0.0787158632402626
SYNPCC7942_RS10700,SYNPCC7942_RS11405,0.0787012541387695
SYNPCC7942_RS03160,SYNPCC7942_RS12795,0.0786897933518217
SYNPCC7942_RS07435,SYNPCC7942_RS05285,0.0786793016184339
SYNPCC7942_RS09160,SYNPCC7942_RS03195,0.0786670620644121
SYNPCC7942_RS00455,SYNPCC7942_RS02980,0.0786639774713144
SYNPCC7942_RS03465,SYNPCC7942_RS08340,0.0786605086814412
SYNPCC7942_RS03160,SYNPCC7942_RS05410,0.0786578732478095
SYNPCC7942_RS00645,SYNPCC7942_RS08055,0.0786575130607053
SYNPCC7942_RS03325,SYNPCC7942_RS08490,0.0786356915774847
SYNPCC7942_RS08820,SYNPCC7942_RS07690,0.0786326744991143
SYNPCC7942_RS10340,SYNPCC7942_RS07740,0.0786309421174516
SYNPCC7942_RS10700,SYNPCC7942_RS12070,0.0786236589135635
SYNPCC7942_RS09435,SYNPCC7942_RS08760,0.0786206655762725
SYNPCC7942_RS10700,SYNPCC7942_RS05100,0.0786067239886498
SYNPCC7942_RS08885,SYNPCC7942_RS06400,0.0786006575647035
SYNPCC7942_RS10700,SYNPCC7942_RS02460,0.0785924016922694
SYNPCC7942_RS03530,SYNPCC7942_RS07505,0.078590747991746
SYNPCC7942_RS00765,SYNPCC7942_RS08750,0.0785858583602451
SYNPCC7942_RS05870,SYNPCC7942_RS08630,0.0785679941305263
SYNPCC7942_RS00380,SYNPCC7942_RS00375,0.0785659843058803
SYNPCC7942_RS07185,SYNPCC7942_RS08285,0.0785200190043172
SYNPCC7942_RS07185,SYNPCC7942_RS06010,0.0785174837458683
SYNPCC7942_RS09740,SYNPCC7942_RS13235,0.0785155652057796
SYNPCC7942_RS07435,SYNPCC7942_RS04260,0.0785088597456148
SYNPCC7942_RS03160,SYNPCC7942_RS02980,0.0785080121396927
SYNPCC7942_RS09620,SYNPCC7942_RS06940,0.0785021411651964
SYNPCC7942_RS03955,SYNPCC7942_RS07685,0.0784991607545231
SYNPCC7942_RS08405,SYNPCC7942_RS07190,0.0784991568389316
SYNPCC7942_RS00455,SYNPCC7942_RS02470,0.0784888591267167
SYNPCC7942_RS07435,SYNPCC7942_RS05910,0.0784855946234198
SYNPCC7942_RS10700,SYNPCC7942_RS11495,0.0784850171529992
SYNPCC7942_RS11970,SYNPCC7942_RS00955,0.0784779439964329
SYNPCC7942_RS03440,SYNPCC7942_RS13920,0.0784747513197048
SYNPCC7942_RS00765,SYNPCC7942_RS07755,0.0784731073158454
SYNPCC7942_RS00455,SYNPCC7942_RS06615,0.0784626328311335
SYNPCC7942_RS09380,SYNPCC7942_RS01005,0.0784621523905995
SYNPCC7942_RS03160,SYNPCC7942_RS01785,0.0784614144100484
SYNPCC7942_RS09160,SYNPCC7942_RS00550,0.0784543511965165
SYNPCC7942_RS12560,SYNPCC7942_RS03385,0.0784507365161153
SYNPCC7942_RS07435,SYNPCC7942_RS00870,0.0784285210481799
SYNPCC7942_RS03325,SYNPCC7942_RS07915,0.0784208352120024
SYNPCC7942_RS09740,SYNPCC7942_RS11335,0.0784047407435161
SYNPCC7942_RS03325,SYNPCC7942_RS02630,0.0784016472242383
SYNPCC7942_RS10040,SYNPCC7942_RS12490,0.0783882659821969
SYNPCC7942_RS11465,SYNPCC7942_RS00755,0.078387124760508
SYNPCC7942_RS07435,SYNPCC7942_RS10995,0.07838172773876
SYNPCC7942_RS07185,SYNPCC7942_RS08800,0.078381093013889
SYNPCC7942_RS00645,SYNPCC7942_RS10955,0.0783597133887223
SYNPCC7942_RS10350,SYNPCC7942_RS13280,0.0783572522304899
SYNPCC7942_RS10340,SYNPCC7942_RS05930,0.0783569599943468
SYNPCC7942_RS05640,SYNPCC7942_RS06710,0.0783378922559038
SYNPCC7942_RS10260,SYNPCC7942_RS11635,0.078325636123872
SYNPCC7942_RS03465,SYNPCC7942_RS02735,0.0783141419371787
SYNPCC7942_RS03325,SYNPCC7942_RS00770,0.078302427287115
SYNPCC7942_RS10340,SYNPCC7942_RS05945,0.0783001347619443
SYNPCC7942_RS06370,SYNPCC7942_RS07705,0.078286108184462
SYNPCC7942_RS12560,SYNPCC7942_RS08705,0.0782798045330881
SYNPCC7942_RS07185,SYNPCC7942_RS07105,0.0782745934094963
SYNPCC7942_RS07435,SYNPCC7942_RS07815,0.0782530830303393
SYNPCC7942_RS03465,SYNPCC7942_RS10955,0.0782519148496748
SYNPCC7942_RS12560,SYNPCC7942_RS03265,0.0782501981262484
SYNPCC7942_RS03160,SYNPCC7942_RS00380,0.0782422009593271
SYNPCC7942_RS00455,SYNPCC7942_RS04025,0.0782392140907396
SYNPCC7942_RS03325,SYNPCC7942_RS09595,0.0781963652977944
SYNPCC7942_RS00765,SYNPCC7942_RS05260,0.0781938006304285
SYNPCC7942_RS07435,SYNPCC7942_RS06205,0.0781610837401999
SYNPCC7942_RS03160,SYNPCC7942_RS08810,0.0781595475255222
SYNPCC7942_RS09620,SYNPCC7942_RS04745,0.0781331273991981
SYNPCC7942_RS00455,SYNPCC7942_RS12590,0.0781207716514149
SYNPCC7942_RS00645,SYNPCC7942_RS08210,0.0781010228033812
SYNPCC7942_RS03160,SYNPCC7942_RS02600,0.0780898302902569
SYNPCC7942_RS00645,SYNPCC7942_RS01685,0.0780869760549019
SYNPCC7942_RS03160,SYNPCC7942_RS06820,0.0780852570576763
SYNPCC7942_RS03160,SYNPCC7942_RS07445,0.0780829982417426
SYNPCC7942_RS02830,SYNPCC7942_RS06325,0.0780640523791737
SYNPCC7942_RS07435,SYNPCC7942_RS04090,0.0780637003800953
SYNPCC7942_RS03160,SYNPCC7942_RS09900,0.0780602531920544
SYNPCC7942_RS03160,SYNPCC7942_RS08955,0.0780420884256848
SYNPCC7942_RS00560,SYNPCC7942_RS08545,0.0780352235487793
SYNPCC7942_RS03955,SYNPCC7942_RS00525,0.0780242184638328
SYNPCC7942_RS10700,SYNPCC7942_RS02600,0.0780141832915907
SYNPCC7942_RS03325,SYNPCC7942_RS11895,0.0780075886478592
SYNPCC7942_RS06370,SYNPCC7942_RS04405,0.0779860344131819
SYNPCC7942_RS05870,SYNPCC7942_RS12475,0.0779748942326389
SYNPCC7942_RS03260,SYNPCC7942_RS12800,0.0779701048200668
SYNPCC7942_RS03260,SYNPCC7942_RS05750,0.0779538389333098
SYNPCC7942_RS09380,SYNPCC7942_RS00510,0.0779487040851672
SYNPCC7942_RS11465,SYNPCC7942_RS09705,0.07794050934509
SYNPCC7942_RS11970,SYNPCC7942_RS06210,0.0779361582911879
SYNPCC7942_RS12560,SYNPCC7942_RS04350,0.077934670820239
SYNPCC7942_RS05870,SYNPCC7942_RS10570,0.077926531634043
SYNPCC7942_RS12560,SYNPCC7942_RS02800,0.0779238055317953
SYNPCC7942_RS00455,SYNPCC7942_RS08310,0.0779192374996006
SYNPCC7942_RS00455,SYNPCC7942_RS04610,0.0779168194625505
SYNPCC7942_RS07185,SYNPCC7942_RS00595,0.077914342896443
SYNPCC7942_RS12560,SYNPCC7942_RS01565,0.0779122926496365
SYNPCC7942_RS10700,SYNPCC7942_RS06270,0.0779089595433427
SYNPCC7942_RS10700,SYNPCC7942_RS06855,0.0779087645812308
SYNPCC7942_RS03160,SYNPCC7942_RS11640,0.0778904569226155
SYNPCC7942_RS03160,SYNPCC7942_RS03505,0.0778874728496986
SYNPCC7942_RS08850,SYNPCC7942_RS02785,0.0778585661320612
SYNPCC7942_RS09500,SYNPCC7942_RS05775,0.0778426952590254
SYNPCC7942_RS00765,SYNPCC7942_RS08045,0.0778415187412132
SYNPCC7942_RS05640,SYNPCC7942_RS10080,0.0778249083989002
SYNPCC7942_RS09500,SYNPCC7942_RS13670,0.0778235238988274
SYNPCC7942_RS10350,SYNPCC7942_RS10895,0.0778224853753688
SYNPCC7942_RS03325,SYNPCC7942_RS04620,0.0778191497949594
SYNPCC7942_RS00455,SYNPCC7942_RS08735,0.0778157221068831
SYNPCC7942_RS07435,SYNPCC7942_RS07240,0.077811602774161
SYNPCC7942_RS03325,SYNPCC7942_RS01770,0.0778104788313029
SYNPCC7942_RS12560,SYNPCC7942_RS05045,0.0778068470654234
SYNPCC7942_RS08850,SYNPCC7942_RS05330,0.0778068227300582
SYNPCC7942_RS09740,SYNPCC7942_RS00015,0.0778029666177101
SYNPCC7942_RS02830,SYNPCC7942_RS02680,0.07779828529877
SYNPCC7942_RS11715,SYNPCC7942_RS07155,0.077782854427363
SYNPCC7942_RS05870,SYNPCC7942_RS10950,0.0777656455743398
SYNPCC7942_RS10700,SYNPCC7942_RS03645,0.0777618924850555
SYNPCC7942_RS08850,SYNPCC7942_RS10615,0.0777613552628779
SYNPCC7942_RS03325,SYNPCC7942_RS12850,0.0777525307741917
SYNPCC7942_RS09740,SYNPCC7942_RS02180,0.0777478203753692
SYNPCC7942_RS03955,SYNPCC7942_RS00250,0.0777474427427281
SYNPCC7942_RS10165,SYNPCC7942_RS08320,0.0777443402673083
SYNPCC7942_RS07435,SYNPCC7942_RS03585,0.0777365101061328
SYNPCC7942_RS00455,SYNPCC7942_RS10975,0.0777275486387498
SYNPCC7942_RS07185,SYNPCC7942_RS06825,0.0777042303153671
SYNPCC7942_RS09160,SYNPCC7942_RS07715,0.0777026334110301
SYNPCC7942_RS05870,SYNPCC7942_RS09725,0.0777017393787345
SYNPCC7942_RS03465,SYNPCC7942_RS04140,0.0776936712818549
SYNPCC7942_RS03960,SYNPCC7942_RS06665,0.0776752334917441
SYNPCC7942_RS00380,SYNPCC7942_RS06300,0.0776543179254027
SYNPCC7942_RS09435,SYNPCC7942_RS04210,0.0776492381026674
SYNPCC7942_RS06365,SYNPCC7942_RS10520,0.0776486993429331
SYNPCC7942_RS05230,SYNPCC7942_RS09435,0.077631561081447
SYNPCC7942_RS00455,SYNPCC7942_RS09775,0.0776238498674033
SYNPCC7942_RS12560,SYNPCC7942_RS02195,0.0776208579933515
SYNPCC7942_RS12275,SYNPCC7942_RS04845,0.0776126396045714
SYNPCC7942_RS10170,SYNPCC7942_RS03035,0.0776096000110818
SYNPCC7942_RS02830,SYNPCC7942_RS11835,0.0776072320599667
SYNPCC7942_RS03160,SYNPCC7942_RS05695,0.0776002777768801
SYNPCC7942_RS03160,SYNPCC7942_RS02025,0.0775841043004878
SYNPCC7942_RS10700,SYNPCC7942_RS00095,0.0775799239212175
SYNPCC7942_RS00455,SYNPCC7942_RS10455,0.0775766019088684
SYNPCC7942_RS11465,SYNPCC7942_RS12530,0.0775718742045061
SYNPCC7942_RS10700,SYNPCC7942_RS02570,0.0775503100624778
SYNPCC7942_RS00645,SYNPCC7942_RS06615,0.0775452542910067
SYNPCC7942_RS10340,SYNPCC7942_RS04500,0.0775340639820019
SYNPCC7942_RS04225,SYNPCC7942_RS12835,0.0775238676183391
SYNPCC7942_RS09500,SYNPCC7942_RS00915,0.0775236780307078
SYNPCC7942_RS03160,SYNPCC7942_RS12955,0.0775055270320859
SYNPCC7942_RS10700,SYNPCC7942_RS11655,0.0775015114419396
SYNPCC7942_RS03260,SYNPCC7942_RS10750,0.0774818625100192
SYNPCC7942_RS10040,SYNPCC7942_RS12355,0.0774811274173859
SYNPCC7942_RS02830,SYNPCC7942_RS10545,0.0774797807512337
SYNPCC7942_RS08405,SYNPCC7942_RS02900,0.0774719362072638
SYNPCC7942_RS07435,SYNPCC7942_RS00370,0.07744701737634
SYNPCC7942_RS08780,SYNPCC7942_RS05460,0.0774406011883866
SYNPCC7942_RS00645,SYNPCC7942_RS06135,0.0774392222469688
SYNPCC7942_RS09620,SYNPCC7942_RS12540,0.0774334135084712
SYNPCC7942_RS00560,SYNPCC7942_RS05710,0.0774275356458867
SYNPCC7942_RS07185,SYNPCC7942_RS09900,0.07742590778987
SYNPCC7942_RS10700,SYNPCC7942_RS02470,0.0774142117523974
SYNPCC7942_RS10700,SYNPCC7942_RS05160,0.0774125418145861
SYNPCC7942_RS00645,SYNPCC7942_RS09540,0.0773869749720755
SYNPCC7942_RS00645,SYNPCC7942_RS10675,0.077384627363636
SYNPCC7942_RS03160,SYNPCC7942_RS01910,0.0773788862026448
SYNPCC7942_RS04225,SYNPCC7942_RS10795,0.0773707786780962
SYNPCC7942_RS03160,SYNPCC7942_RS07915,0.0773562056530066
SYNPCC7942_RS03160,SYNPCC7942_RS05280,0.0773494874015877
SYNPCC7942_RS03325,SYNPCC7942_RS05150,0.077340728276311
SYNPCC7942_RS03465,SYNPCC7942_RS03605,0.0773345909587495
SYNPCC7942_RS05870,SYNPCC7942_RS04730,0.0773307115143405
SYNPCC7942_RS05870,SYNPCC7942_RS04450,0.0773301972707731
SYNPCC7942_RS07435,SYNPCC7942_RS10325,0.0773104209488587
SYNPCC7942_RS10700,SYNPCC7942_RS01630,0.0773005450077983
SYNPCC7942_RS07185,SYNPCC7942_RS04920,0.0772981618173188
SYNPCC7942_RS00455,SYNPCC7942_RS06490,0.0772877928084078
SYNPCC7942_RS13165,SYNPCC7942_RS00495,0.0772854031045095
SYNPCC7942_RS03160,SYNPCC7942_RS14200,0.0772730733967936
SYNPCC7942_RS03160,SYNPCC7942_RS07930,0.0772635875583735
SYNPCC7942_RS03465,SYNPCC7942_RS03320,0.0772519646040217
SYNPCC7942_RS10700,SYNPCC7942_RS01210,0.07724900506898
SYNPCC7942_RS03160,SYNPCC7942_RS00695,0.0772405416485629
SYNPCC7942_RS05870,SYNPCC7942_RS07785,0.0772403685876256
SYNPCC7942_RS09380,SYNPCC7942_RS02835,0.0772385416770413
SYNPCC7942_RS07185,SYNPCC7942_RS07505,0.077229580570691
SYNPCC7942_RS05870,SYNPCC7942_RS04615,0.0772144666455665
SYNPCC7942_RS09760,SYNPCC7942_RS11650,0.0772034932529865
SYNPCC7942_RS10700,SYNPCC7942_RS08310,0.0771726037301598
SYNPCC7942_RS10165,SYNPCC7942_RS06955,0.0771717050011531
SYNPCC7942_RS02895,SYNPCC7942_RS10395,0.0771659166097156
SYNPCC7942_RS07185,SYNPCC7942_RS00535,0.0771605476640332
SYNPCC7942_RS05070,SYNPCC7942_RS00520,0.0771434100025935
SYNPCC7942_RS03160,SYNPCC7942_RS02725,0.0771397739000373
SYNPCC7942_RS00645,SYNPCC7942_RS07295,0.0771309467842413
SYNPCC7942_RS09435,SYNPCC7942_RS00810,0.0771304362087773
SYNPCC7942_RS03075,SYNPCC7942_RS05240,0.077129778457825
SYNPCC7942_RS10700,SYNPCC7942_RS09260,0.0770983302196327
SYNPCC7942_RS03465,SYNPCC7942_RS07315,0.0770920158215595
SYNPCC7942_RS00645,SYNPCC7942_RS11770,0.0770905652967201
SYNPCC7942_RS07185,SYNPCC7942_RS07180,0.0770829850713987
SYNPCC7942_RS03160,SYNPCC7942_RS04115,0.0770673974499904
SYNPCC7942_RS07435,SYNPCC7942_RS10310,0.0770612342084551
SYNPCC7942_RS03160,SYNPCC7942_RS00805,0.0770480458651348
SYNPCC7942_RS00645,SYNPCC7942_RS09440,0.077047712995799
SYNPCC7942_RS07720,SYNPCC7942_RS00765,0.0770398450571643
SYNPCC7942_RS10700,SYNPCC7942_RS12955,0.0770388210670076
SYNPCC7942_RS10700,SYNPCC7942_RS07705,0.07703651046619
SYNPCC7942_RS08885,SYNPCC7942_RS11465,0.0770354469416684
SYNPCC7942_RS10165,SYNPCC7942_RS05985,0.0770300715370518
SYNPCC7942_RS10040,SYNPCC7942_RS09985,0.0770279824621853
SYNPCC7942_RS05640,SYNPCC7942_RS05220,0.0770268550313862
SYNPCC7942_RS03960,SYNPCC7942_RS12255,0.0770226846743468
SYNPCC7942_RS12285,SYNPCC7942_RS03685,0.0770222489993849
SYNPCC7942_RS11465,SYNPCC7942_RS08335,0.0770218414518176
SYNPCC7942_RS05870,SYNPCC7942_RS13305,0.0770152516247387
SYNPCC7942_RS13165,SYNPCC7942_RS07515,0.0770034191496097
SYNPCC7942_RS00645,SYNPCC7942_RS12385,0.0769976357286357
SYNPCC7942_RS09620,SYNPCC7942_RS12805,0.0769798219949677
SYNPCC7942_RS10700,SYNPCC7942_RS12485,0.0769779492495687
SYNPCC7942_RS07435,SYNPCC7942_RS06195,0.0769662603834127
SYNPCC7942_RS10700,SYNPCC7942_RS00700,0.076965278534829
SYNPCC7942_RS06370,SYNPCC7942_RS00050,0.0769473099789901
SYNPCC7942_RS06370,SYNPCC7942_RS06755,0.0769466693492048
SYNPCC7942_RS02830,SYNPCC7942_RS11525,0.076941015606315
SYNPCC7942_RS10700,SYNPCC7942_RS01850,0.0769144854967426
SYNPCC7942_RS06370,SYNPCC7942_RS06905,0.0769000944286492
SYNPCC7942_RS03465,SYNPCC7942_RS01035,0.0768982596803369
SYNPCC7942_RS03325,SYNPCC7942_RS13045,0.0768921913020857
SYNPCC7942_RS03465,SYNPCC7942_RS11735,0.0768621064674969
SYNPCC7942_RS09160,SYNPCC7942_RS04930,0.0768589920746582
SYNPCC7942_RS05870,SYNPCC7942_RS03540,0.0768576340202335
SYNPCC7942_RS00645,SYNPCC7942_RS06370,0.076854518339163
SYNPCC7942_RS09065,SYNPCC7942_RS10555,0.0768516748592642
SYNPCC7942_RS00560,SYNPCC7942_RS03810,0.0768492516908528
SYNPCC7942_RS00765,SYNPCC7942_RS00435,0.0768466246914738
SYNPCC7942_RS07435,SYNPCC7942_RS04515,0.0768330942055686
SYNPCC7942_RS10700,SYNPCC7942_RS06460,0.0768304095732337
SYNPCC7942_RS03325,SYNPCC7942_RS11350,0.0768218716695339
SYNPCC7942_RS10700,SYNPCC7942_RS01675,0.0768215025092738
SYNPCC7942_RS00645,SYNPCC7942_RS13975,0.0768037761947984
SYNPCC7942_RS00380,SYNPCC7942_RS05480,0.0767965875059729
SYNPCC7942_RS10700,SYNPCC7942_RS08250,0.0767955423279913
SYNPCC7942_RS12560,SYNPCC7942_RS00840,0.0767779617106136
SYNPCC7942_RS02830,SYNPCC7942_RS02510,0.076768315293183
SYNPCC7942_RS10700,SYNPCC7942_RS03455,0.0767642830806324
SYNPCC7942_RS00380,SYNPCC7942_RS09635,0.076756959125744
SYNPCC7942_RS13165,SYNPCC7942_RS00605,0.0767553369260877
SYNPCC7942_RS03955,SYNPCC7942_RS04670,0.0767524466485134
SYNPCC7942_RS08885,SYNPCC7942_RS06725,0.0767471521770964
SYNPCC7942_RS00455,SYNPCC7942_RS07850,0.0767444930465504
SYNPCC7942_RS00645,SYNPCC7942_RS11660,0.0767429102021863
SYNPCC7942_RS00645,SYNPCC7942_RS13060,0.0767390118415509
SYNPCC7942_RS07185,SYNPCC7942_RS02800,0.0767344514442636
SYNPCC7942_RS03160,SYNPCC7942_RS10830,0.076729106762193
SYNPCC7942_RS11465,SYNPCC7942_RS11715,0.0767228311500967
SYNPCC7942_RS05870,SYNPCC7942_RS13615,0.0767210357469585
SYNPCC7942_RS06700,SYNPCC7942_RS11685,0.0767145333437269
SYNPCC7942_RS10700,SYNPCC7942_RS00110,0.0767094543124104
SYNPCC7942_RS03465,SYNPCC7942_RS03075,0.0766993718888899
SYNPCC7942_RS08780,SYNPCC7942_RS07520,0.0766786944028939
SYNPCC7942_RS03075,SYNPCC7942_RS03985,0.0766725506637033
SYNPCC7942_RS00645,SYNPCC7942_RS10435,0.0766660996512545
SYNPCC7942_RS05870,SYNPCC7942_RS00370,0.0766650761529674
SYNPCC7942_RS03440,SYNPCC7942_RS11240,0.0766583721951371
SYNPCC7942_RS07435,SYNPCC7942_RS02775,0.0766530753429265
SYNPCC7942_RS05870,SYNPCC7942_RS00360,0.0766498504683236
SYNPCC7942_RS03160,SYNPCC7942_RS03175,0.0766443949793781
SYNPCC7942_RS05230,SYNPCC7942_RS07135,0.0766251502937865
SYNPCC7942_RS09740,SYNPCC7942_RS05245,0.0766232644742121
SYNPCC7942_RS10700,SYNPCC7942_RS01160,0.0766111269679491
SYNPCC7942_RS09740,SYNPCC7942_RS12410,0.0765891872394918
SYNPCC7942_RS09740,SYNPCC7942_RS07595,0.0765851921796031
SYNPCC7942_RS00645,SYNPCC7942_RS04405,0.076577728657177
SYNPCC7942_RS09620,SYNPCC7942_RS08650,0.076575541762442
SYNPCC7942_RS07435,SYNPCC7942_RS01750,0.0765723881755241
SYNPCC7942_RS06370,SYNPCC7942_RS10130,0.0765706879941625
SYNPCC7942_RS02830,SYNPCC7942_RS01610,0.0765706752848984
SYNPCC7942_RS07185,SYNPCC7942_RS10170,0.076566321300375
SYNPCC7942_RS07185,SYNPCC7942_RS05250,0.0765550808021793
SYNPCC7942_RS10040,SYNPCC7942_RS09160,0.0765547587095424
SYNPCC7942_RS02830,SYNPCC7942_RS07935,0.0765464670680483
SYNPCC7942_RS03160,SYNPCC7942_RS00115,0.0765442515222515
SYNPCC7942_RS09620,SYNPCC7942_RS06260,0.0765419400163188
SYNPCC7942_RS00380,SYNPCC7942_RS05115,0.0765175277556122
SYNPCC7942_RS10700,SYNPCC7942_RS08265,0.0765129593805382
SYNPCC7942_RS06700,SYNPCC7942_RS07535,0.0765116393375836
SYNPCC7942_RS10700,SYNPCC7942_RS00330,0.0765043570181553
SYNPCC7942_RS05870,SYNPCC7942_RS08135,0.0764963822599391
SYNPCC7942_RS05640,SYNPCC7942_RS12760,0.0764809784938759
SYNPCC7942_RS07940,SYNPCC7942_RS05760,0.0764808113797363
SYNPCC7942_RS00455,SYNPCC7942_RS00985,0.076476747518999
SYNPCC7942_RS03160,SYNPCC7942_RS05420,0.0764685459555677
SYNPCC7942_RS09740,SYNPCC7942_RS05850,0.0764601232140278
SYNPCC7942_RS10700,SYNPCC7942_RS07575,0.0764507787311506
SYNPCC7942_RS00380,SYNPCC7942_RS02640,0.0764312234531667
SYNPCC7942_RS09065,SYNPCC7942_RS08030,0.0764222669147166
SYNPCC7942_RS12560,SYNPCC7942_RS10250,0.0764126048670203
SYNPCC7942_RS12560,SYNPCC7942_RS05050,0.0764094941269353
SYNPCC7942_RS08885,SYNPCC7942_RS01165,0.0764076027403741
SYNPCC7942_RS10170,SYNPCC7942_RS02145,0.0764069298258
SYNPCC7942_RS03955,SYNPCC7942_RS06180,0.0764065322410687
SYNPCC7942_RS07940,SYNPCC7942_RS01015,0.0763874984726572
SYNPCC7942_RS00480,SYNPCC7942_RS10445,0.0763871723708163
SYNPCC7942_RS07435,SYNPCC7942_RS04730,0.0763710656921208
SYNPCC7942_RS09380,SYNPCC7942_RS13265,0.0763566552271543
SYNPCC7942_RS05640,SYNPCC7942_RS06500,0.0763510678494813
SYNPCC7942_RS13695,SYNPCC7942_RS06190,0.0763506940306334
SYNPCC7942_RS09160,SYNPCC7942_RS07215,0.0763459110044305
SYNPCC7942_RS09740,SYNPCC7942_RS11530,0.0763443673644497
SYNPCC7942_RS07435,SYNPCC7942_RS04725,0.076341764245983
SYNPCC7942_RS07435,SYNPCC7942_RS04505,0.076341039884839
SYNPCC7942_RS09760,SYNPCC7942_RS02070,0.076340461590549
SYNPCC7942_RS11030,SYNPCC7942_RS13085,0.0763355987940468
SYNPCC7942_RS07185,SYNPCC7942_RS11840,0.076330251921993
SYNPCC7942_RS03325,SYNPCC7942_RS02340,0.0763282174781298
SYNPCC7942_RS00380,SYNPCC7942_RS11875,0.0763180356727808
SYNPCC7942_RS00455,SYNPCC7942_RS12725,0.076317501593564
SYNPCC7942_RS13695,SYNPCC7942_RS12260,0.076312462385388
SYNPCC7942_RS07185,SYNPCC7942_RS08385,0.0763095027959286
SYNPCC7942_RS10700,SYNPCC7942_RS08525,0.0763058950066416
SYNPCC7942_RS03325,SYNPCC7942_RS08705,0.0763042239766435
SYNPCC7942_RS09380,SYNPCC7942_RS01025,0.0762930535655406
SYNPCC7942_RS05870,SYNPCC7942_RS06860,0.0762894907512421
SYNPCC7942_RS10165,SYNPCC7942_RS03870,0.076282401443536
SYNPCC7942_RS09740,SYNPCC7942_RS09480,0.0762780686177912
SYNPCC7942_RS06230,SYNPCC7942_RS00475,0.0762740134573086
SYNPCC7942_RS10700,SYNPCC7942_RS13225,0.0762650096321032
SYNPCC7942_RS03465,SYNPCC7942_RS00875,0.0762600019027598
SYNPCC7942_RS03160,SYNPCC7942_RS07590,0.0762554541068322
SYNPCC7942_RS03325,SYNPCC7942_RS12080,0.0762331258390184
SYNPCC7942_RS09935,SYNPCC7942_RS11675,0.0762288477905641
SYNPCC7942_RS10350,SYNPCC7942_RS04255,0.0762273137984184
SYNPCC7942_RS03160,SYNPCC7942_RS12035,0.0762255735791188
SYNPCC7942_RS09065,SYNPCC7942_RS08035,0.0762243530439546
SYNPCC7942_RS10700,SYNPCC7942_RS09685,0.0762141317309505
SYNPCC7942_RS08820,SYNPCC7942_RS05050,0.0761959779281657
SYNPCC7942_RS03260,SYNPCC7942_RS12760,0.0761942505960843
SYNPCC7942_RS05640,SYNPCC7942_RS05765,0.0761901060406095
SYNPCC7942_RS09065,SYNPCC7942_RS12685,0.0761875020343401
SYNPCC7942_RS05870,SYNPCC7942_RS04400,0.0761868341215456
SYNPCC7942_RS02830,SYNPCC7942_RS04315,0.0761712163220821
SYNPCC7942_RS12560,SYNPCC7942_RS10840,0.0761680573939738
SYNPCC7942_RS12560,SYNPCC7942_RS07565,0.0761678492233126
SYNPCC7942_RS05070,SYNPCC7942_RS04705,0.0761583429630086
SYNPCC7942_RS12560,SYNPCC7942_RS12835,0.0761546735241442
SYNPCC7942_RS05640,SYNPCC7942_RS10755,0.0761490229293152
SYNPCC7942_RS05870,SYNPCC7942_RS03325,0.0761447594107723
SYNPCC7942_RS00645,SYNPCC7942_RS07280,0.0761339282990115
SYNPCC7942_RS00455,SYNPCC7942_RS10595,0.0761321738853128
SYNPCC7942_RS12560,SYNPCC7942_RS07250,0.0761249423576888
SYNPCC7942_RS10700,SYNPCC7942_RS05485,0.0761247309939468
SYNPCC7942_RS12535,SYNPCC7942_RS04365,0.0761080888787107
SYNPCC7942_RS03075,SYNPCC7942_RS08395,0.0760954432590924
SYNPCC7942_RS07435,SYNPCC7942_RS12200,0.0760884727759086
SYNPCC7942_RS00645,SYNPCC7942_RS06060,0.0760696560659548
SYNPCC7942_RS03530,SYNPCC7942_RS12830,0.0760674126289901
SYNPCC7942_RS00645,SYNPCC7942_RS09580,0.0760606319827972
SYNPCC7942_RS07435,SYNPCC7942_RS09860,0.076046374940909
SYNPCC7942_RS00380,SYNPCC7942_RS01825,0.0760414963976144
SYNPCC7942_RS10700,SYNPCC7942_RS09740,0.0760369879735017
SYNPCC7942_RS03465,SYNPCC7942_RS03235,0.075999782301651
SYNPCC7942_RS09740,SYNPCC7942_RS09925,0.0759969920061918
SYNPCC7942_RS08885,SYNPCC7942_RS12855,0.0759902651473613
SYNPCC7942_RS07435,SYNPCC7942_RS05765,0.0759818241158292
SYNPCC7942_RS08885,SYNPCC7942_RS02625,0.0759731728889622
SYNPCC7942_RS00455,SYNPCC7942_RS05850,0.0759653563936726
SYNPCC7942_RS00645,SYNPCC7942_RS13055,0.0759496956054835
SYNPCC7942_RS07435,SYNPCC7942_RS12085,0.0759473425733889
SYNPCC7942_RS00380,SYNPCC7942_RS04730,0.0759466351752929
SYNPCC7942_RS02830,SYNPCC7942_RS01245,0.0759437054790354
SYNPCC7942_RS00765,SYNPCC7942_RS01565,0.0759421543216997
SYNPCC7942_RS05870,SYNPCC7942_RS05835,0.0759397708348495
SYNPCC7942_RS09740,SYNPCC7942_RS02220,0.0759314269218331
SYNPCC7942_RS10700,SYNPCC7942_RS08655,0.0759215105320013
SYNPCC7942_RS03465,SYNPCC7942_RS02160,0.0759142950738431
SYNPCC7942_RS00645,SYNPCC7942_RS00650,0.0758953894968065
SYNPCC7942_RS07720,SYNPCC7942_RS01650,0.0758810537585238
SYNPCC7942_RS00455,SYNPCC7942_RS01580,0.0758789962423606
SYNPCC7942_RS07185,SYNPCC7942_RS06675,0.0758784226838631
SYNPCC7942_RS13165,SYNPCC7942_RS10560,0.075876566443115
SYNPCC7942_RS09740,SYNPCC7942_RS04945,0.0758734841433356
SYNPCC7942_RS00455,SYNPCC7942_RS03090,0.0758689250871942
SYNPCC7942_RS12535,SYNPCC7942_RS05300,0.0758607223402042
SYNPCC7942_RS00380,SYNPCC7942_RS02730,0.0758575461970148
SYNPCC7942_RS08780,SYNPCC7942_RS09495,0.0758549597043683
SYNPCC7942_RS09740,SYNPCC7942_RS06480,0.0758313821055145
SYNPCC7942_RS00455,SYNPCC7942_RS09295,0.0758282025869937
SYNPCC7942_RS13165,SYNPCC7942_RS03955,0.0758183643586253
SYNPCC7942_RS00380,SYNPCC7942_RS06715,0.0758178033942746
SYNPCC7942_RS09740,SYNPCC7942_RS01790,0.0758025646823206
SYNPCC7942_RS03530,SYNPCC7942_RS01085,0.0758015831922298
SYNPCC7942_RS02830,SYNPCC7942_RS06920,0.0757978642181242
SYNPCC7942_RS05230,SYNPCC7942_RS09870,0.075794089709545
SYNPCC7942_RS06370,SYNPCC7942_RS05350,0.0757920385513995
SYNPCC7942_RS03160,SYNPCC7942_RS10895,0.0757837923877011
SYNPCC7942_RS03325,SYNPCC7942_RS06225,0.0757837216744188
SYNPCC7942_RS10700,SYNPCC7942_RS12570,0.0757728328414788
SYNPCC7942_RS09160,SYNPCC7942_RS14185,0.0757702479564022
SYNPCC7942_RS03160,SYNPCC7942_RS02675,0.0757678120382996
SYNPCC7942_RS05870,SYNPCC7942_RS06105,0.075759012056591
SYNPCC7942_RS00765,SYNPCC7942_RS07720,0.0757437406368371
SYNPCC7942_RS00455,SYNPCC7942_RS00375,0.0757402616484325
SYNPCC7942_RS02895,SYNPCC7942_RS01950,0.0757313783203644
SYNPCC7942_RS03955,SYNPCC7942_RS10865,0.0757293307942216
SYNPCC7942_RS00455,SYNPCC7942_RS05815,0.0757162701663201
SYNPCC7942_RS03160,SYNPCC7942_RS02175,0.0757112853458686
SYNPCC7942_RS05870,SYNPCC7942_RS13870,0.0757095805670785
SYNPCC7942_RS13165,SYNPCC7942_RS00220,0.0757076122943483
SYNPCC7942_RS03325,SYNPCC7942_RS10950,0.075695939417082
SYNPCC7942_RS10700,SYNPCC7942_RS09220,0.075693554852948
SYNPCC7942_RS10700,SYNPCC7942_RS06670,0.075691260241666
SYNPCC7942_RS07185,SYNPCC7942_RS12105,0.0756865254887766
SYNPCC7942_RS10700,SYNPCC7942_RS02095,0.0756822366870389
SYNPCC7942_RS03955,SYNPCC7942_RS13075,0.0756776139658798
SYNPCC7942_RS09500,SYNPCC7942_RS09410,0.0756699066887676
SYNPCC7942_RS03465,SYNPCC7942_RS07695,0.0756563079620629
SYNPCC7942_RS07435,SYNPCC7942_RS03150,0.0756512226756361
SYNPCC7942_RS03465,SYNPCC7942_RS13610,0.0756450425471542
SYNPCC7942_RS03325,SYNPCC7942_RS11500,0.0756116567136735
SYNPCC7942_RS12560,SYNPCC7942_RS08090,0.0756002062504495
SYNPCC7942_RS00455,SYNPCC7942_RS04450,0.0755999219624661
SYNPCC7942_RS12285,SYNPCC7942_RS00675,0.0755989004056988
SYNPCC7942_RS03440,SYNPCC7942_RS11315,0.0755605808963304
SYNPCC7942_RS12560,SYNPCC7942_RS02165,0.0755591741809445
SYNPCC7942_RS08820,SYNPCC7942_RS10340,0.075557234139371
SYNPCC7942_RS07185,SYNPCC7942_RS12945,0.0755431663113097
SYNPCC7942_RS07185,SYNPCC7942_RS12830,0.0755361396155964
SYNPCC7942_RS13695,SYNPCC7942_RS12590,0.0755242088417882
SYNPCC7942_RS07805,SYNPCC7942_RS09830,0.0755237457184191
SYNPCC7942_RS13165,SYNPCC7942_RS13170,0.0755205548553929
SYNPCC7942_RS12275,SYNPCC7942_RS02050,0.0755182435656826
SYNPCC7942_RS03325,SYNPCC7942_RS04290,0.0755094435571388
SYNPCC7942_RS07435,SYNPCC7942_RS09865,0.0755084360322638
SYNPCC7942_RS05640,SYNPCC7942_RS01130,0.07550483099071
SYNPCC7942_RS00380,SYNPCC7942_RS04510,0.0754893538056839
SYNPCC7942_RS07805,SYNPCC7942_RS03165,0.0754838545798759
SYNPCC7942_RS09435,SYNPCC7942_RS04030,0.075482842884065
SYNPCC7942_RS00380,SYNPCC7942_RS02490,0.0754812499214239
SYNPCC7942_RS00455,SYNPCC7942_RS04010,0.075474538666123
SYNPCC7942_RS03160,SYNPCC7942_RS01130,0.0754701751220535
SYNPCC7942_RS12560,SYNPCC7942_RS00740,0.0754442925394269
SYNPCC7942_RS03160,SYNPCC7942_RS01495,0.0754422353738134
SYNPCC7942_RS00455,SYNPCC7942_RS10645,0.0754415442971684
SYNPCC7942_RS09935,SYNPCC7942_RS09065,0.0754372204468731
SYNPCC7942_RS07435,SYNPCC7942_RS05375,0.0754352008951019
SYNPCC7942_RS03160,SYNPCC7942_RS10655,0.0754177739707538
SYNPCC7942_RS10040,SYNPCC7942_RS08380,0.0754138833160781
SYNPCC7942_RS12560,SYNPCC7942_RS12010,0.0754110966972918
SYNPCC7942_RS09740,SYNPCC7942_RS07095,0.0753986815592022
SYNPCC7942_RS08580,SYNPCC7942_RS08610,0.0753921107807148
SYNPCC7942_RS06370,SYNPCC7942_RS08695,0.0753767980854648
SYNPCC7942_RS10700,SYNPCC7942_RS00115,0.0753734281305213
SYNPCC7942_RS05870,SYNPCC7942_RS10110,0.0753641677750793
SYNPCC7942_RS00560,SYNPCC7942_RS04410,0.0753549755927969
SYNPCC7942_RS08885,SYNPCC7942_RS11615,0.0753492923089718
SYNPCC7942_RS10170,SYNPCC7942_RS00225,0.0753422810949765
SYNPCC7942_RS10260,SYNPCC7942_RS12005,0.0753402512769437
SYNPCC7942_RS09620,SYNPCC7942_RS03430,0.0753261355753462
SYNPCC7942_RS03955,SYNPCC7942_RS13690,0.0753213984496076
SYNPCC7942_RS07435,SYNPCC7942_RS06145,0.0753115506934891
SYNPCC7942_RS08885,SYNPCC7942_RS13855,0.0753074340357087
SYNPCC7942_RS03075,SYNPCC7942_RS11675,0.0753047147486604
SYNPCC7942_RS10700,SYNPCC7942_RS02465,0.0753019621207682
SYNPCC7942_RS09380,SYNPCC7942_RS03995,0.0752959517144591
SYNPCC7942_RS13695,SYNPCC7942_RS06660,0.0752940925157088
SYNPCC7942_RS03465,SYNPCC7942_RS03305,0.0752836637905431
SYNPCC7942_RS03075,SYNPCC7942_RS02920,0.0752769411168596
SYNPCC7942_RS00455,SYNPCC7942_RS06685,0.0752417090445409
SYNPCC7942_RS08820,SYNPCC7942_RS08825,0.0752411037313523
SYNPCC7942_RS06370,SYNPCC7942_RS06330,0.075240641732672
SYNPCC7942_RS00380,SYNPCC7942_RS05485,0.0752250784430267
SYNPCC7942_RS00455,SYNPCC7942_RS00350,0.0752188192170139
SYNPCC7942_RS07185,SYNPCC7942_RS04250,0.0752074952764106
SYNPCC7942_RS03160,SYNPCC7942_RS06270,0.0752051194823419
SYNPCC7942_RS00645,SYNPCC7942_RS07445,0.0752039954873004
SYNPCC7942_RS03160,SYNPCC7942_RS06695,0.0752019760374407
SYNPCC7942_RS00455,SYNPCC7942_RS12785,0.0751960299547594
SYNPCC7942_RS02830,SYNPCC7942_RS02780,0.0751733428415446
SYNPCC7942_RS09435,SYNPCC7942_RS03290,0.075162178982321
SYNPCC7942_RS09740,SYNPCC7942_RS11330,0.0751406149173334
SYNPCC7942_RS00645,SYNPCC7942_RS01705,0.0751365242988767
SYNPCC7942_RS08780,SYNPCC7942_RS00280,0.0751257143562966
SYNPCC7942_RS07435,SYNPCC7942_RS05595,0.0751233527350633
SYNPCC7942_RS09740,SYNPCC7942_RS12040,0.0751098558553944
SYNPCC7942_RS09065,SYNPCC7942_RS02160,0.0751055968783306
SYNPCC7942_RS07435,SYNPCC7942_RS02165,0.0751006148212613
SYNPCC7942_RS05070,SYNPCC7942_RS09705,0.075090177140962
SYNPCC7942_RS00380,SYNPCC7942_RS12755,0.07508139916739
SYNPCC7942_RS07185,SYNPCC7942_RS11835,0.0750710009923519
SYNPCC7942_RS03465,SYNPCC7942_RS06315,0.0750695732050023
SYNPCC7942_RS03440,SYNPCC7942_RS01515,0.0750554557388883
SYNPCC7942_RS05230,SYNPCC7942_RS05490,0.075045285362462
SYNPCC7942_RS09740,SYNPCC7942_RS02550,0.0750418003249572
SYNPCC7942_RS03160,SYNPCC7942_RS03640,0.0750325815324689
SYNPCC7942_RS00765,SYNPCC7942_RS05960,0.0750257552093601
SYNPCC7942_RS10700,SYNPCC7942_RS09225,0.0750247624622665
SYNPCC7942_RS08885,SYNPCC7942_RS00820,0.0750240284902834
SYNPCC7942_RS10700,SYNPCC7942_RS03110,0.0750239678351256
SYNPCC7942_RS03325,SYNPCC7942_RS11225,0.0750217069359248
SYNPCC7942_RS09740,SYNPCC7942_RS11500,0.0750170311125192
SYNPCC7942_RS03260,SYNPCC7942_RS04560,0.0749913593820439
SYNPCC7942_RS12285,SYNPCC7942_RS00955,0.0749834196316274
SYNPCC7942_RS08405,SYNPCC7942_RS12560,0.0749729487470551
SYNPCC7942_RS07435,SYNPCC7942_RS08900,0.0749613979512626
SYNPCC7942_RS00560,SYNPCC7942_RS04885,0.0749605509363451
SYNPCC7942_RS03325,SYNPCC7942_RS04460,0.0749522293595876
SYNPCC7942_RS09435,SYNPCC7942_RS02185,0.074948755244398
SYNPCC7942_RS03465,SYNPCC7942_RS05895,0.0749419082422174
SYNPCC7942_RS07435,SYNPCC7942_RS05480,0.0749366847473055
SYNPCC7942_RS09740,SYNPCC7942_RS06800,0.074926060636119
SYNPCC7942_RS05870,SYNPCC7942_RS10205,0.0749239751880856
SYNPCC7942_RS00455,SYNPCC7942_RS02775,0.0749230746198272
SYNPCC7942_RS09740,SYNPCC7942_RS12475,0.0749144734513602
SYNPCC7942_RS03160,SYNPCC7942_RS02410,0.0749033399719456
SYNPCC7942_RS03465,SYNPCC7942_RS03280,0.0748985369891155
SYNPCC7942_RS09160,SYNPCC7942_RS08935,0.0748961580079902
SYNPCC7942_RS05870,SYNPCC7942_RS12485,0.0748924893790319
SYNPCC7942_RS09435,SYNPCC7942_RS12820,0.074891239247326
SYNPCC7942_RS03465,SYNPCC7942_RS01485,0.0748853708429865
SYNPCC7942_RS09740,SYNPCC7942_RS07050,0.0748845804913651
SYNPCC7942_RS03160,SYNPCC7942_RS12335,0.0748792778541807
SYNPCC7942_RS00645,SYNPCC7942_RS08315,0.0748748775173578
SYNPCC7942_RS03160,SYNPCC7942_RS07285,0.0748703004144608
SYNPCC7942_RS02830,SYNPCC7942_RS13250,0.0748684249477921
SYNPCC7942_RS00380,SYNPCC7942_RS03500,0.0748680062815638
SYNPCC7942_RS08885,SYNPCC7942_RS00430,0.0748664557430062
SYNPCC7942_RS03955,SYNPCC7942_RS07155,0.0748579068322313
SYNPCC7942_RS03955,SYNPCC7942_RS08100,0.0748439241698366
SYNPCC7942_RS03465,SYNPCC7942_RS06870,0.0748350393748153
SYNPCC7942_RS03160,SYNPCC7942_RS12165,0.07483258393024
SYNPCC7942_RS09065,SYNPCC7942_RS08930,0.0748284017907596
SYNPCC7942_RS03465,SYNPCC7942_RS09855,0.0748272480719884
SYNPCC7942_RS09740,SYNPCC7942_RS04090,0.0748257156938817
SYNPCC7942_RS05870,SYNPCC7942_RS07450,0.0748084161984314
SYNPCC7942_RS09740,SYNPCC7942_RS10575,0.0748016109090955
SYNPCC7942_RS02830,SYNPCC7942_RS11110,0.074795460459378
SYNPCC7942_RS07435,SYNPCC7942_RS12570,0.0747863020080136
SYNPCC7942_RS09620,SYNPCC7942_RS06845,0.0747858854796578
SYNPCC7942_RS10350,SYNPCC7942_RS00880,0.0747849877430833
SYNPCC7942_RS03160,SYNPCC7942_RS08180,0.0747819555169651
SYNPCC7942_RS12560,SYNPCC7942_RS10880,0.074774385319809
SYNPCC7942_RS09740,SYNPCC7942_RS02925,0.0747658227201099
SYNPCC7942_RS03160,SYNPCC7942_RS00880,0.0747646127872403
SYNPCC7942_RS08405,SYNPCC7942_RS11615,0.0747566202111808
SYNPCC7942_RS10700,SYNPCC7942_RS01410,0.0747435182155773
SYNPCC7942_RS05870,SYNPCC7942_RS04465,0.0747429454804005
SYNPCC7942_RS02830,SYNPCC7942_RS01420,0.0747402273732647
SYNPCC7942_RS10040,SYNPCC7942_RS11140,0.074736823455228
SYNPCC7942_RS03440,SYNPCC7942_RS06220,0.0747359681300571
SYNPCC7942_RS07185,SYNPCC7942_RS03920,0.0747288078704014
SYNPCC7942_RS03160,SYNPCC7942_RS10520,0.0747255004175209
SYNPCC7942_RS00455,SYNPCC7942_RS06560,0.0747211899764141
SYNPCC7942_RS00645,SYNPCC7942_RS03010,0.0747209092140389
SYNPCC7942_RS09160,SYNPCC7942_RS09245,0.0747093899436426
SYNPCC7942_RS03955,SYNPCC7942_RS09235,0.0746971003792458
SYNPCC7942_RS08885,SYNPCC7942_RS03080,0.0746787209150574
SYNPCC7942_RS09760,SYNPCC7942_RS03510,0.0746765593850588
SYNPCC7942_RS05870,SYNPCC7942_RS05820,0.0746612235836763
SYNPCC7942_RS12535,SYNPCC7942_RS05650,0.0746349858321202
SYNPCC7942_RS11465,SYNPCC7942_RS01655,0.0746317957790961
SYNPCC7942_RS09435,SYNPCC7942_RS04585,0.0746273000369166
SYNPCC7942_RS07435,SYNPCC7942_RS02490,0.0746066625208183
SYNPCC7942_RS00480,SYNPCC7942_RS05370,0.0746042765197239
SYNPCC7942_RS00455,SYNPCC7942_RS10450,0.07460016888762
SYNPCC7942_RS07185,SYNPCC7942_RS05360,0.0745881678820058
SYNPCC7942_RS03160,SYNPCC7942_RS00470,0.0745808556617892
SYNPCC7942_RS09500,SYNPCC7942_RS07525,0.0745780335241725
SYNPCC7942_RS10350,SYNPCC7942_RS02630,0.0745717258749457
SYNPCC7942_RS08850,SYNPCC7942_RS14020,0.074565960518362
SYNPCC7942_RS03465,SYNPCC7942_RS13615,0.0745634798103793
SYNPCC7942_RS03160,SYNPCC7942_RS10595,0.0745542266638039
SYNPCC7942_RS03465,SYNPCC7942_RS04550,0.0745536960536314
SYNPCC7942_RS03160,SYNPCC7942_RS08335,0.0745492914456567
SYNPCC7942_RS00645,SYNPCC7942_RS13610,0.0745462430637704
SYNPCC7942_RS09740,SYNPCC7942_RS03495,0.0745351288636107
SYNPCC7942_RS11970,SYNPCC7942_RS09490,0.0745281622120837
SYNPCC7942_RS03530,SYNPCC7942_RS11110,0.0745278601643558
SYNPCC7942_RS00380,SYNPCC7942_RS01750,0.074524575839684
SYNPCC7942_RS09740,SYNPCC7942_RS11320,0.0745216850086913
SYNPCC7942_RS08820,SYNPCC7942_RS09255,0.0745212954583251
SYNPCC7942_RS09380,SYNPCC7942_RS07150,0.0745037358071342
SYNPCC7942_RS04225,SYNPCC7942_RS13670,0.0745031324284285
SYNPCC7942_RS07435,SYNPCC7942_RS12615,0.0744971084650961
SYNPCC7942_RS09160,SYNPCC7942_RS12095,0.0744955660367548
SYNPCC7942_RS08885,SYNPCC7942_RS01745,0.0744904873176545
SYNPCC7942_RS08885,SYNPCC7942_RS08730,0.074489669584034
SYNPCC7942_RS10340,SYNPCC7942_RS10225,0.0744816614315967
SYNPCC7942_RS00380,SYNPCC7942_RS10420,0.0744803824447823
SYNPCC7942_RS05870,SYNPCC7942_RS06095,0.0744796556966453
SYNPCC7942_RS13695,SYNPCC7942_RS04660,0.0744746484889643
SYNPCC7942_RS03465,SYNPCC7942_RS08455,0.0744701218269743
SYNPCC7942_RS03465,SYNPCC7942_RS13730,0.0744677873223475
SYNPCC7942_RS12285,SYNPCC7942_RS05095,0.0744654625285487
SYNPCC7942_RS05870,SYNPCC7942_RS01445,0.0744590715170765
SYNPCC7942_RS07435,SYNPCC7942_RS01485,0.074453829835268
SYNPCC7942_RS09620,SYNPCC7942_RS11920,0.0744384432016352
SYNPCC7942_RS07185,SYNPCC7942_RS05700,0.0744306974656198
SYNPCC7942_RS03530,SYNPCC7942_RS02825,0.0744285635213876
SYNPCC7942_RS09620,SYNPCC7942_RS07140,0.0744055728552989
SYNPCC7942_RS10350,SYNPCC7942_RS12935,0.074396156324622
SYNPCC7942_RS10700,SYNPCC7942_RS04775,0.0743879586374125
SYNPCC7942_RS09620,SYNPCC7942_RS01340,0.0743829632654732
SYNPCC7942_RS08820,SYNPCC7942_RS12705,0.0743790832920038
SYNPCC7942_RS06370,SYNPCC7942_RS01330,0.0743766240204632
SYNPCC7942_RS03465,SYNPCC7942_RS06880,0.0743682893580462
SYNPCC7942_RS11465,SYNPCC7942_RS11965,0.0743466480228613
SYNPCC7942_RS05870,SYNPCC7942_RS14165,0.0743336265314571
SYNPCC7942_RS03160,SYNPCC7942_RS08710,0.0743178678853096
SYNPCC7942_RS10700,SYNPCC7942_RS06615,0.0743089780258782
SYNPCC7942_RS08405,SYNPCC7942_RS10870,0.0742996535568117
SYNPCC7942_RS00455,SYNPCC7942_RS08625,0.0742905650831494
SYNPCC7942_RS00380,SYNPCC7942_RS02405,0.0742777953465762
SYNPCC7942_RS03440,SYNPCC7942_RS01240,0.0742771939603056
SYNPCC7942_RS10040,SYNPCC7942_RS08820,0.0742729579284332
SYNPCC7942_RS07435,SYNPCC7942_RS12730,0.0742673909301079
SYNPCC7942_RS07435,SYNPCC7942_RS04760,0.0742651521072254
SYNPCC7942_RS07185,SYNPCC7942_RS12890,0.0742506484874883
SYNPCC7942_RS10165,SYNPCC7942_RS06670,0.0742487784197956
SYNPCC7942_RS08820,SYNPCC7942_RS06680,0.0742484995353446
SYNPCC7942_RS05640,SYNPCC7942_RS07705,0.0742456409823073
SYNPCC7942_RS12535,SYNPCC7942_RS05645,0.0742408370422302
SYNPCC7942_RS07435,SYNPCC7942_RS02305,0.0742325472693754
SYNPCC7942_RS03160,SYNPCC7942_RS05835,0.0742320107088569
SYNPCC7942_RS10700,SYNPCC7942_RS00355,0.0742318041628694
SYNPCC7942_RS08580,SYNPCC7942_RS10605,0.0742154497262698
SYNPCC7942_RS00645,SYNPCC7942_RS06150,0.0742096329519934
SYNPCC7942_RS07435,SYNPCC7942_RS02100,0.0742054098120062
SYNPCC7942_RS03955,SYNPCC7942_RS11830,0.0742020386925027
SYNPCC7942_RS00380,SYNPCC7942_RS09665,0.0741999042930212
SYNPCC7942_RS03075,SYNPCC7942_RS07500,0.0741989735976689
SYNPCC7942_RS08885,SYNPCC7942_RS03200,0.0741971452570486
SYNPCC7942_RS05870,SYNPCC7942_RS07645,0.0741733912427919
SYNPCC7942_RS09435,SYNPCC7942_RS00590,0.0741725130006475
SYNPCC7942_RS10700,SYNPCC7942_RS02950,0.0741704320113364
SYNPCC7942_RS07185,SYNPCC7942_RS02425,0.0741637519146676
SYNPCC7942_RS00645,SYNPCC7942_RS05575,0.0741624782488865
SYNPCC7942_RS08645,SYNPCC7942_RS04055,0.0741597424097852
SYNPCC7942_RS07185,SYNPCC7942_RS07460,0.0741563874085511
SYNPCC7942_RS12285,SYNPCC7942_RS09045,0.0741539306263197
SYNPCC7942_RS08885,SYNPCC7942_RS09315,0.0741505435191184
SYNPCC7942_RS10700,SYNPCC7942_RS10760,0.0741487577199704
SYNPCC7942_RS12560,SYNPCC7942_RS01095,0.0741352980596718
SYNPCC7942_RS09620,SYNPCC7942_RS13810,0.0741320759235623
SYNPCC7942_RS00480,SYNPCC7942_RS05690,0.0741302120716088
SYNPCC7942_RS05870,SYNPCC7942_RS08140,0.07412741196518
SYNPCC7942_RS03160,SYNPCC7942_RS12305,0.0741260941159653
SYNPCC7942_RS03440,SYNPCC7942_RS11275,0.0741249286434493
SYNPCC7942_RS05870,SYNPCC7942_RS13030,0.0741189513745317
SYNPCC7942_RS08820,SYNPCC7942_RS08815,0.0741096747664292
SYNPCC7942_RS03160,SYNPCC7942_RS06795,0.0740937446589842
SYNPCC7942_RS07185,SYNPCC7942_RS03600,0.0740917509676885
SYNPCC7942_RS03160,SYNPCC7942_RS06220,0.0740909939034158
SYNPCC7942_RS09740,SYNPCC7942_RS02355,0.0740855232351802
SYNPCC7942_RS12275,SYNPCC7942_RS01240,0.0740607997488785
SYNPCC7942_RS09435,SYNPCC7942_RS08090,0.0740548212620137
SYNPCC7942_RS09065,SYNPCC7942_RS07400,0.0740533771724687
SYNPCC7942_RS10700,SYNPCC7942_RS00040,0.0740514129970662
SYNPCC7942_RS03325,SYNPCC7942_RS09110,0.0740391172198235
SYNPCC7942_RS10700,SYNPCC7942_RS11485,0.0740315415013573
SYNPCC7942_RS08885,SYNPCC7942_RS04180,0.0740263149349085
SYNPCC7942_RS09160,SYNPCC7942_RS00430,0.0740174642629247
SYNPCC7942_RS09435,SYNPCC7942_RS00010,0.0740160235108091
SYNPCC7942_RS00455,SYNPCC7942_RS10320,0.0740147361347441
SYNPCC7942_RS09740,SYNPCC7942_RS03625,0.0740129216240453
SYNPCC7942_RS10700,SYNPCC7942_RS12785,0.0740079009441926
SYNPCC7942_RS00380,SYNPCC7942_RS03010,0.0740073165350408
SYNPCC7942_RS06700,SYNPCC7942_RS06705,0.0739903668251177
SYNPCC7942_RS12560,SYNPCC7942_RS02660,0.0739859005645851
SYNPCC7942_RS03160,SYNPCC7942_RS12225,0.0739706585658543
SYNPCC7942_RS09740,SYNPCC7942_RS06475,0.0739668539239753
SYNPCC7942_RS08405,SYNPCC7942_RS06965,0.0739628895984396
SYNPCC7942_RS09760,SYNPCC7942_RS08890,0.0739584184242155
SYNPCC7942_RS00455,SYNPCC7942_RS09710,0.0739527805550156
SYNPCC7942_RS09380,SYNPCC7942_RS07395,0.0739311419765384
SYNPCC7942_RS06370,SYNPCC7942_RS12345,0.0739256817670024
SYNPCC7942_RS07435,SYNPCC7942_RS03065,0.0739159292261632
SYNPCC7942_RS03325,SYNPCC7942_RS08360,0.0739076589124564
SYNPCC7942_RS03160,SYNPCC7942_RS06905,0.0739022556871662
SYNPCC7942_RS00765,SYNPCC7942_RS12360,0.0738980241592181
SYNPCC7942_RS02895,SYNPCC7942_RS12700,0.0738871166027582
SYNPCC7942_RS03465,SYNPCC7942_RS03240,0.0738779234257135
SYNPCC7942_RS13165,SYNPCC7942_RS01595,0.0738737418888273
SYNPCC7942_RS10170,SYNPCC7942_RS12020,0.0738700878459703
SYNPCC7942_RS10165,SYNPCC7942_RS05570,0.0738674533855512
SYNPCC7942_RS03160,SYNPCC7942_RS04510,0.0738659254614041
SYNPCC7942_RS03465,SYNPCC7942_RS07465,0.0738555291634896
SYNPCC7942_RS00455,SYNPCC7942_RS05980,0.0738408380078176
SYNPCC7942_RS08645,SYNPCC7942_RS02625,0.0738388895548588
SYNPCC7942_RS08885,SYNPCC7942_RS13960,0.0738259157960854
SYNPCC7942_RS07435,SYNPCC7942_RS10365,0.0738243830301049
SYNPCC7942_RS00380,SYNPCC7942_RS08305,0.0738222364216077
SYNPCC7942_RS10700,SYNPCC7942_RS01155,0.0738071220047759
SYNPCC7942_RS06370,SYNPCC7942_RS03670,0.0737898151466048
SYNPCC7942_RS07185,SYNPCC7942_RS01365,0.0737854531953363
SYNPCC7942_RS03075,SYNPCC7942_RS13200,0.0737799829121451
SYNPCC7942_RS07435,SYNPCC7942_RS04440,0.0737777853734293
SYNPCC7942_RS03325,SYNPCC7942_RS04420,0.0737752065830077
SYNPCC7942_RS09500,SYNPCC7942_RS03940,0.073760473445629
SYNPCC7942_RS03160,SYNPCC7942_RS09185,0.0737554660511835
SYNPCC7942_RS00380,SYNPCC7942_RS09805,0.0737525648269405
SYNPCC7942_RS12275,SYNPCC7942_RS09480,0.0737508223519872
SYNPCC7942_RS07435,SYNPCC7942_RS06100,0.0737324399990723
SYNPCC7942_RS06370,SYNPCC7942_RS09290,0.0737303351759168
SYNPCC7942_RS00765,SYNPCC7942_RS02315,0.0737164051763517
SYNPCC7942_RS00380,SYNPCC7942_RS10115,0.0737154313168365
SYNPCC7942_RS12560,SYNPCC7942_RS03120,0.0737073844874135
SYNPCC7942_RS10700,SYNPCC7942_RS01070,0.0737055040920402
SYNPCC7942_RS07435,SYNPCC7942_RS07335,0.073703526739225
SYNPCC7942_RS08885,SYNPCC7942_RS02815,0.0737025048419411
SYNPCC7942_RS10340,SYNPCC7942_RS01170,0.0736947285482876
SYNPCC7942_RS08820,SYNPCC7942_RS04015,0.073678962823919
SYNPCC7942_RS06370,SYNPCC7942_RS09605,0.0736761000686493
SYNPCC7942_RS00380,SYNPCC7942_RS03455,0.0736739744186709
SYNPCC7942_RS03160,SYNPCC7942_RS07800,0.0736692136303423
SYNPCC7942_RS09435,SYNPCC7942_RS06280,0.0736679171150627
