regulatoryGene,targetGene,weight
SYNPCC7942_RS11050,SYNPCC7942_RS11040,0.247718554207289
SYNPCC7942_RS06230,SYNPCC7942_RS06235,0.244169389292314
SYNPCC7942_RS11050,SYNPCC7942_RS11045,0.229758391446583
SYNPCC7942_RS09760,SYNPCC7942_RS02270,0.204276112388256
SYNPCC7942_RS03260,SYNPCC7942_RS03255,0.203385642669185
SYNPCC7942_RS08580,SYNPCC7942_RS08575,0.198410249619205
SYNPCC7942_RS09760,SYNPCC7942_RS09085,0.196239122590972
SYNPCC7942_RS09760,SYNPCC7942_RS02975,0.195774673557855
SYNPCC7942_RS02830,SYNPCC7942_RS14100,0.195368668368927
SYNPCC7942_RS09760,SYNPCC7942_RS09485,0.194390075720033
SYNPCC7942_RS09760,SYNPCC7942_RS06455,0.191051918232514
SYNPCC7942_RS09760,SYNPCC7942_RS01905,0.189967965524542
SYNPCC7942_RS09380,SYNPCC7942_RS02830,0.189251653818807
SYNPCC7942_RS09760,SYNPCC7942_RS02265,0.188154535205775
SYNPCC7942_RS02830,SYNPCC7942_RS07120,0.185651568201584
SYNPCC7942_RS09760,SYNPCC7942_RS09490,0.182522153862076
SYNPCC7942_RS09760,SYNPCC7942_RS01165,0.181774735173712
SYNPCC7942_RS09760,SYNPCC7942_RS09145,0.181682180820121
SYNPCC7942_RS00560,SYNPCC7942_RS00555,0.178823709723582
SYNPCC7942_RS08885,SYNPCC7942_RS08880,0.176963695837508
SYNPCC7942_RS00645,SYNPCC7942_RS06355,0.176177804451386
SYNPCC7942_RS02830,SYNPCC7942_RS11870,0.175220034099831
SYNPCC7942_RS02830,SYNPCC7942_RS11825,0.172465297068085
SYNPCC7942_RS02830,SYNPCC7942_RS01550,0.171124621171073
SYNPCC7942_RS03075,SYNPCC7942_RS12995,0.170353357901766
SYNPCC7942_RS02830,SYNPCC7942_RS00795,0.170049649381635
SYNPCC7942_RS11970,SYNPCC7942_RS12420,0.168666207440394
SYNPCC7942_RS03075,SYNPCC7942_RS11460,0.167631028588585
SYNPCC7942_RS03075,SYNPCC7942_RS01415,0.165922736015844
SYNPCC7942_RS02830,SYNPCC7942_RS09380,0.165856758404783
SYNPCC7942_RS03075,SYNPCC7942_RS01885,0.165198372503836
SYNPCC7942_RS05195,SYNPCC7942_RS05190,0.16422164211511
SYNPCC7942_RS03075,SYNPCC7942_RS11825,0.162733643933856
SYNPCC7942_RS02830,SYNPCC7942_RS11865,0.162510386025421
SYNPCC7942_RS03075,SYNPCC7942_RS01250,0.16225290727862
SYNPCC7942_RS12560,SYNPCC7942_RS12745,0.162119890324064
SYNPCC7942_RS06365,SYNPCC7942_RS06360,0.161848954892481
SYNPCC7942_RS09380,SYNPCC7942_RS11865,0.161540510042308
SYNPCC7942_RS11970,SYNPCC7942_RS12425,0.161173622934883
SYNPCC7942_RS03075,SYNPCC7942_RS09380,0.160761655508128
SYNPCC7942_RS03075,SYNPCC7942_RS08215,0.160749804520081
SYNPCC7942_RS09380,SYNPCC7942_RS08225,0.158824325757691
SYNPCC7942_RS02830,SYNPCC7942_RS03485,0.158823545617609
SYNPCC7942_RS00480,SYNPCC7942_RS06235,0.158513555056217
SYNPCC7942_RS09380,SYNPCC7942_RS08005,0.15849361093547
SYNPCC7942_RS12560,SYNPCC7942_RS02015,0.157759668476345
SYNPCC7942_RS09760,SYNPCC7942_RS08230,0.157728968674166
SYNPCC7942_RS09380,SYNPCC7942_RS14100,0.157192607725375
SYNPCC7942_RS02830,SYNPCC7942_RS11860,0.156963727066645
SYNPCC7942_RS02830,SYNPCC7942_RS12990,0.156734775530947
SYNPCC7942_RS02830,SYNPCC7942_RS12995,0.156522735015307
SYNPCC7942_RS00645,SYNPCC7942_RS10680,0.155455069027205
SYNPCC7942_RS09380,SYNPCC7942_RS11870,0.154857853108108
SYNPCC7942_RS09380,SYNPCC7942_RS01550,0.154153228879486
SYNPCC7942_RS02895,SYNPCC7942_RS05140,0.153933097851121
SYNPCC7942_RS09760,SYNPCC7942_RS02815,0.153019333225938
SYNPCC7942_RS09380,SYNPCC7942_RS08030,0.152795980917058
SYNPCC7942_RS09380,SYNPCC7942_RS00195,0.152771043634771
SYNPCC7942_RS03075,SYNPCC7942_RS01420,0.152592447331051
SYNPCC7942_RS09380,SYNPCC7942_RS03075,0.152183411134325
SYNPCC7942_RS09380,SYNPCC7942_RS08035,0.151760174292037
SYNPCC7942_RS03260,SYNPCC7942_RS03265,0.151676075312336
SYNPCC7942_RS03075,SYNPCC7942_RS08225,0.151267858304331
SYNPCC7942_RS08580,SYNPCC7942_RS08605,0.150987045008817
SYNPCC7942_RS12560,SYNPCC7942_RS04100,0.150691133368536
SYNPCC7942_RS12560,SYNPCC7942_RS11510,0.150672033050503
SYNPCC7942_RS08580,SYNPCC7942_RS08565,0.150027849468271
SYNPCC7942_RS03960,SYNPCC7942_RS03955,0.149922361979416
SYNPCC7942_RS12275,SYNPCC7942_RS01855,0.149823203687096
SYNPCC7942_RS09760,SYNPCC7942_RS09815,0.149167811390814
SYNPCC7942_RS03075,SYNPCC7942_RS05895,0.148996271690324
SYNPCC7942_RS12560,SYNPCC7942_RS03285,0.148740332552029
SYNPCC7942_RS07435,SYNPCC7942_RS08315,0.148537158495218
SYNPCC7942_RS02830,SYNPCC7942_RS11105,0.148456423908824
SYNPCC7942_RS06700,SYNPCC7942_RS07545,0.148333361998494
SYNPCC7942_RS09380,SYNPCC7942_RS11825,0.147541026619986
SYNPCC7942_RS07435,SYNPCC7942_RS10050,0.147469672685719
SYNPCC7942_RS03075,SYNPCC7942_RS12980,0.147429121924876
SYNPCC7942_RS03075,SYNPCC7942_RS08005,0.147355249106176
SYNPCC7942_RS09380,SYNPCC7942_RS01250,0.14730138234173
SYNPCC7942_RS02830,SYNPCC7942_RS08215,0.147228719904509
SYNPCC7942_RS02830,SYNPCC7942_RS08930,0.14706639084022
SYNPCC7942_RS09380,SYNPCC7942_RS10555,0.146883618639067
SYNPCC7942_RS12560,SYNPCC7942_RS12820,0.146513605725173
SYNPCC7942_RS09380,SYNPCC7942_RS11860,0.146252563108159
SYNPCC7942_RS09760,SYNPCC7942_RS01900,0.146017722333166
SYNPCC7942_RS12275,SYNPCC7942_RS01100,0.145792053831924
SYNPCC7942_RS02830,SYNPCC7942_RS11520,0.145574680225994
SYNPCC7942_RS03075,SYNPCC7942_RS12985,0.145280285862499
SYNPCC7942_RS03075,SYNPCC7942_RS07120,0.144688342061842
SYNPCC7942_RS08580,SYNPCC7942_RS08570,0.14441731031231
SYNPCC7942_RS10340,SYNPCC7942_RS05920,0.144293924511456
SYNPCC7942_RS09065,SYNPCC7942_RS11675,0.143989268523103
SYNPCC7942_RS08580,SYNPCC7942_RS08585,0.143511405217858
SYNPCC7942_RS09380,SYNPCC7942_RS08220,0.143499066024694
SYNPCC7942_RS03075,SYNPCC7942_RS12990,0.143217183044807
SYNPCC7942_RS07435,SYNPCC7942_RS05820,0.14227442753889
SYNPCC7942_RS09380,SYNPCC7942_RS10540,0.141989461098934
SYNPCC7942_RS02830,SYNPCC7942_RS07010,0.141935623038315
SYNPCC7942_RS03075,SYNPCC7942_RS01995,0.1417639251106
SYNPCC7942_RS12560,SYNPCC7942_RS00905,0.141667792907895
SYNPCC7942_RS12560,SYNPCC7942_RS05845,0.141578776071645
SYNPCC7942_RS02830,SYNPCC7942_RS08225,0.141319736161816
SYNPCC7942_RS09380,SYNPCC7942_RS08215,0.140616758519369
SYNPCC7942_RS09065,SYNPCC7942_RS09070,0.140606395568365
SYNPCC7942_RS08885,SYNPCC7942_RS01325,0.14060229909255
SYNPCC7942_RS03260,SYNPCC7942_RS11310,0.140220975668923
SYNPCC7942_RS09380,SYNPCC7942_RS01245,0.139777505801907
SYNPCC7942_RS02830,SYNPCC7942_RS01880,0.139748071802041
SYNPCC7942_RS00455,SYNPCC7942_RS00760,0.139535715861053
SYNPCC7942_RS09760,SYNPCC7942_RS09100,0.139531047766283
SYNPCC7942_RS03075,SYNPCC7942_RS08035,0.139401357819448
SYNPCC7942_RS09760,SYNPCC7942_RS07190,0.139338034644201
SYNPCC7942_RS03160,SYNPCC7942_RS13215,0.139327562733154
SYNPCC7942_RS08885,SYNPCC7942_RS01295,0.139020470087031
SYNPCC7942_RS09065,SYNPCC7942_RS07695,0.138712755566426
SYNPCC7942_RS08850,SYNPCC7942_RS08845,0.138678025829397
SYNPCC7942_RS09065,SYNPCC7942_RS09325,0.138648970939203
SYNPCC7942_RS07435,SYNPCC7942_RS01700,0.138598499011134
SYNPCC7942_RS07435,SYNPCC7942_RS00925,0.138558311785279
SYNPCC7942_RS12560,SYNPCC7942_RS04295,0.138318427315874
SYNPCC7942_RS03465,SYNPCC7942_RS11695,0.138271675883976
SYNPCC7942_RS03075,SYNPCC7942_RS03305,0.137543371078469
SYNPCC7942_RS11970,SYNPCC7942_RS11975,0.137006631847658
SYNPCC7942_RS03075,SYNPCC7942_RS01245,0.136977736827962
SYNPCC7942_RS02895,SYNPCC7942_RS10965,0.136897962435133
SYNPCC7942_RS03465,SYNPCC7942_RS09325,0.13680916093634
SYNPCC7942_RS09760,SYNPCC7942_RS01170,0.136797675794941
SYNPCC7942_RS03075,SYNPCC7942_RS13195,0.136433630038426
SYNPCC7942_RS03465,SYNPCC7942_RS07470,0.136293803740603
SYNPCC7942_RS12275,SYNPCC7942_RS12265,0.136080624104869
SYNPCC7942_RS12560,SYNPCC7942_RS12690,0.135923942141867
SYNPCC7942_RS03075,SYNPCC7942_RS04315,0.135903646842501
SYNPCC7942_RS09380,SYNPCC7942_RS08930,0.135877569516339
SYNPCC7942_RS03075,SYNPCC7942_RS00175,0.135765329288521
SYNPCC7942_RS07435,SYNPCC7942_RS01500,0.135514874355115
SYNPCC7942_RS03075,SYNPCC7942_RS08220,0.135415421145457
SYNPCC7942_RS03955,SYNPCC7942_RS07045,0.135291106699031
SYNPCC7942_RS08885,SYNPCC7942_RS11420,0.135016616893316
SYNPCC7942_RS09160,SYNPCC7942_RS04365,0.134633216033261
SYNPCC7942_RS02830,SYNPCC7942_RS08505,0.134359077488475
SYNPCC7942_RS10170,SYNPCC7942_RS09585,0.133979501491586
SYNPCC7942_RS12560,SYNPCC7942_RS11890,0.133859591124429
SYNPCC7942_RS09380,SYNPCC7942_RS07120,0.13368042892613
SYNPCC7942_RS03465,SYNPCC7942_RS05340,0.133327105894113
SYNPCC7942_RS03075,SYNPCC7942_RS02535,0.133291176627463
SYNPCC7942_RS12560,SYNPCC7942_RS12430,0.13326426305188
SYNPCC7942_RS09380,SYNPCC7942_RS12995,0.133226516066072
SYNPCC7942_RS07435,SYNPCC7942_RS02470,0.13318987455506
SYNPCC7942_RS03075,SYNPCC7942_RS14100,0.133178367468243
SYNPCC7942_RS07435,SYNPCC7942_RS05720,0.132739494499085
SYNPCC7942_RS09065,SYNPCC7942_RS08395,0.132632033395273
SYNPCC7942_RS10260,SYNPCC7942_RS10255,0.132601411119473
SYNPCC7942_RS03465,SYNPCC7942_RS11460,0.132493139638774
SYNPCC7942_RS03075,SYNPCC7942_RS12510,0.13248491236992
SYNPCC7942_RS07435,SYNPCC7942_RS05135,0.132286586556095
SYNPCC7942_RS07435,SYNPCC7942_RS01285,0.132235261901812
SYNPCC7942_RS00645,SYNPCC7942_RS06350,0.132106353392918
SYNPCC7942_RS03160,SYNPCC7942_RS02925,0.132102924455353
SYNPCC7942_RS02830,SYNPCC7942_RS12965,0.131946078541822
SYNPCC7942_RS07435,SYNPCC7942_RS10970,0.131906604495809
SYNPCC7942_RS07435,SYNPCC7942_RS02565,0.131838530956475
SYNPCC7942_RS03465,SYNPCC7942_RS08470,0.131460422294581
SYNPCC7942_RS07435,SYNPCC7942_RS01695,0.131199742674638
SYNPCC7942_RS00645,SYNPCC7942_RS12840,0.13116279745856
SYNPCC7942_RS09380,SYNPCC7942_RS00170,0.131115243356262
SYNPCC7942_RS07435,SYNPCC7942_RS01465,0.131026749551616
SYNPCC7942_RS03075,SYNPCC7942_RS10725,0.131008169577769
SYNPCC7942_RS03260,SYNPCC7942_RS11290,0.130982513423228
SYNPCC7942_RS00455,SYNPCC7942_RS08740,0.130894347715754
SYNPCC7942_RS02830,SYNPCC7942_RS08220,0.130822236256267
SYNPCC7942_RS11050,SYNPCC7942_RS11055,0.130708131680536
SYNPCC7942_RS09160,SYNPCC7942_RS07725,0.130590801417787
SYNPCC7942_RS03075,SYNPCC7942_RS12135,0.130552275841955
SYNPCC7942_RS03325,SYNPCC7942_RS13040,0.13043267083506
SYNPCC7942_RS09380,SYNPCC7942_RS08040,0.130265499962422
SYNPCC7942_RS12560,SYNPCC7942_RS07765,0.130145388077848
SYNPCC7942_RS03160,SYNPCC7942_RS01600,0.130085590002342
SYNPCC7942_RS12560,SYNPCC7942_RS03270,0.129989138899864
SYNPCC7942_RS07435,SYNPCC7942_RS10025,0.129966038688471
SYNPCC7942_RS02830,SYNPCC7942_RS00170,0.129944501535199
SYNPCC7942_RS02830,SYNPCC7942_RS02835,0.12980195508982
SYNPCC7942_RS12275,SYNPCC7942_RS12320,0.129799426142272
SYNPCC7942_RS03075,SYNPCC7942_RS02830,0.129753805367288
SYNPCC7942_RS09380,SYNPCC7942_RS12510,0.129530350071651
SYNPCC7942_RS03260,SYNPCC7942_RS11275,0.129450410130094
SYNPCC7942_RS09740,SYNPCC7942_RS07665,0.129438698903501
SYNPCC7942_RS08885,SYNPCC7942_RS12440,0.129103325044338
SYNPCC7942_RS02830,SYNPCC7942_RS02445,0.129102651578361
SYNPCC7942_RS09380,SYNPCC7942_RS10535,0.129087328113852
SYNPCC7942_RS05870,SYNPCC7942_RS10115,0.128886647128226
SYNPCC7942_RS03075,SYNPCC7942_RS11870,0.128658405518043
SYNPCC7942_RS12560,SYNPCC7942_RS06850,0.128598109428394
SYNPCC7942_RS08405,SYNPCC7942_RS08410,0.128504769369124
SYNPCC7942_RS02830,SYNPCC7942_RS03075,0.128322899210698
SYNPCC7942_RS08885,SYNPCC7942_RS05430,0.128321020219585
SYNPCC7942_RS09380,SYNPCC7942_RS01880,0.128294540698431
SYNPCC7942_RS09500,SYNPCC7942_RS09495,0.128242710355247
SYNPCC7942_RS02830,SYNPCC7942_RS12510,0.128237202598833
SYNPCC7942_RS12560,SYNPCC7942_RS00395,0.127896337147982
SYNPCC7942_RS07185,SYNPCC7942_RS02695,0.12789371626738
SYNPCC7942_RS08885,SYNPCC7942_RS07570,0.127859808399722
SYNPCC7942_RS09760,SYNPCC7942_RS08195,0.127758406046246
SYNPCC7942_RS03075,SYNPCC7942_RS08030,0.127720349451758
SYNPCC7942_RS03075,SYNPCC7942_RS09070,0.127650912613034
SYNPCC7942_RS08885,SYNPCC7942_RS10780,0.127620644786272
SYNPCC7942_RS12275,SYNPCC7942_RS03440,0.127459521146893
SYNPCC7942_RS12560,SYNPCC7942_RS06470,0.127427497810853
SYNPCC7942_RS02830,SYNPCC7942_RS00195,0.127269664622887
SYNPCC7942_RS03075,SYNPCC7942_RS09890,0.127244233614968
SYNPCC7942_RS12560,SYNPCC7942_RS12885,0.127222871995352
SYNPCC7942_RS03075,SYNPCC7942_RS12125,0.126994704300211
SYNPCC7942_RS09380,SYNPCC7942_RS12990,0.126830142925646
SYNPCC7942_RS03465,SYNPCC7942_RS11175,0.126811999094705
SYNPCC7942_RS12560,SYNPCC7942_RS12015,0.12681053903027
SYNPCC7942_RS03955,SYNPCC7942_RS00280,0.12648516301746
SYNPCC7942_RS09380,SYNPCC7942_RS12985,0.126471301067895
SYNPCC7942_RS05870,SYNPCC7942_RS06950,0.126427086072172
SYNPCC7942_RS03075,SYNPCC7942_RS06920,0.126398058802011
SYNPCC7942_RS03955,SYNPCC7942_RS09200,0.126360229046655
SYNPCC7942_RS00455,SYNPCC7942_RS10410,0.126355015121972
SYNPCC7942_RS02830,SYNPCC7942_RS12985,0.126283997536584
SYNPCC7942_RS07435,SYNPCC7942_RS01665,0.126233179252855
SYNPCC7942_RS02830,SYNPCC7942_RS07015,0.126172420356886
SYNPCC7942_RS07435,SYNPCC7942_RS08865,0.126081681315119
SYNPCC7942_RS03465,SYNPCC7942_RS11700,0.12603311204679
SYNPCC7942_RS12560,SYNPCC7942_RS00590,0.125971940290343
SYNPCC7942_RS03260,SYNPCC7942_RS11315,0.125969774189098
SYNPCC7942_RS10700,SYNPCC7942_RS10815,0.12596954065957
SYNPCC7942_RS09380,SYNPCC7942_RS01415,0.125966708968766
SYNPCC7942_RS07435,SYNPCC7942_RS10965,0.125856203318167
SYNPCC7942_RS03955,SYNPCC7942_RS10925,0.12581622054358
SYNPCC7942_RS03160,SYNPCC7942_RS02580,0.125793147701893
SYNPCC7942_RS11050,SYNPCC7942_RS07480,0.125768387832421
SYNPCC7942_RS11050,SYNPCC7942_RS11025,0.12567109099212
SYNPCC7942_RS08885,SYNPCC7942_RS11120,0.125560762638467
SYNPCC7942_RS03260,SYNPCC7942_RS03250,0.125531490139892
SYNPCC7942_RS02895,SYNPCC7942_RS05380,0.125516540194697
SYNPCC7942_RS02895,SYNPCC7942_RS06275,0.125466056374309
SYNPCC7942_RS03160,SYNPCC7942_RS06885,0.125442250847667
SYNPCC7942_RS03465,SYNPCC7942_RS03985,0.125406683489102
SYNPCC7942_RS09760,SYNPCC7942_RS03180,0.125362559506958
SYNPCC7942_RS03160,SYNPCC7942_RS01270,0.125342756844085
SYNPCC7942_RS08885,SYNPCC7942_RS12010,0.125121095573946
SYNPCC7942_RS07435,SYNPCC7942_RS13675,0.125022917955311
SYNPCC7942_RS02895,SYNPCC7942_RS10445,0.124965803823553
SYNPCC7942_RS07435,SYNPCC7942_RS06795,0.124900176391706
SYNPCC7942_RS00455,SYNPCC7942_RS06370,0.124895594067481
SYNPCC7942_RS03260,SYNPCC7942_RS06545,0.124791500820359
SYNPCC7942_RS03160,SYNPCC7942_RS01935,0.124698856545164
SYNPCC7942_RS00455,SYNPCC7942_RS09605,0.124596748380159
SYNPCC7942_RS03075,SYNPCC7942_RS08040,0.124478327776777
SYNPCC7942_RS03160,SYNPCC7942_RS02570,0.124451843543858
SYNPCC7942_RS03465,SYNPCC7942_RS13905,0.124438478929012
SYNPCC7942_RS02830,SYNPCC7942_RS10555,0.124428102173795
SYNPCC7942_RS07435,SYNPCC7942_RS01705,0.124372095580287
SYNPCC7942_RS09500,SYNPCC7942_RS06925,0.124339034770834
SYNPCC7942_RS09065,SYNPCC7942_RS10075,0.124255365922103
SYNPCC7942_RS07720,SYNPCC7942_RS01090,0.124142128994534
SYNPCC7942_RS09380,SYNPCC7942_RS12135,0.124018965857554
SYNPCC7942_RS07435,SYNPCC7942_RS10195,0.123921036671282
SYNPCC7942_RS03075,SYNPCC7942_RS13190,0.123870415925615
SYNPCC7942_RS03465,SYNPCC7942_RS01360,0.123825283875726
SYNPCC7942_RS03465,SYNPCC7942_RS13955,0.123644841626914
SYNPCC7942_RS08885,SYNPCC7942_RS08300,0.123409782482243
SYNPCC7942_RS03075,SYNPCC7942_RS10555,0.123405927099601
SYNPCC7942_RS12275,SYNPCC7942_RS10125,0.123309321028934
SYNPCC7942_RS12560,SYNPCC7942_RS10915,0.123304363127893
SYNPCC7942_RS09065,SYNPCC7942_RS03605,0.123244325435627
SYNPCC7942_RS07435,SYNPCC7942_RS11775,0.123231548508207
SYNPCC7942_RS03160,SYNPCC7942_RS10815,0.123209286836747
SYNPCC7942_RS00455,SYNPCC7942_RS06375,0.123066851083747
SYNPCC7942_RS13165,SYNPCC7942_RS08290,0.123008276623049
SYNPCC7942_RS09065,SYNPCC7942_RS09715,0.122951365298715
SYNPCC7942_RS03465,SYNPCC7942_RS05080,0.122905784483228
SYNPCC7942_RS03160,SYNPCC7942_RS01180,0.122853146321949
SYNPCC7942_RS12560,SYNPCC7942_RS11610,0.12276968023317
SYNPCC7942_RS09380,SYNPCC7942_RS12980,0.122613415825935
SYNPCC7942_RS02830,SYNPCC7942_RS01025,0.122515707833506
SYNPCC7942_RS03160,SYNPCC7942_RS07365,0.122492012633743
SYNPCC7942_RS10170,SYNPCC7942_RS10630,0.122418733058724
SYNPCC7942_RS13165,SYNPCC7942_RS08295,0.122393220757722
SYNPCC7942_RS08820,SYNPCC7942_RS02660,0.122274674560199
SYNPCC7942_RS10170,SYNPCC7942_RS00230,0.122182010142401
SYNPCC7942_RS07435,SYNPCC7942_RS01965,0.122100255144836
SYNPCC7942_RS02830,SYNPCC7942_RS11155,0.121969964954992
SYNPCC7942_RS07435,SYNPCC7942_RS01710,0.121966857716906
SYNPCC7942_RS03260,SYNPCC7942_RS11335,0.121810722746317
SYNPCC7942_RS12560,SYNPCC7942_RS01765,0.121798739012026
SYNPCC7942_RS07435,SYNPCC7942_RS03280,0.121798013316997
SYNPCC7942_RS08885,SYNPCC7942_RS05645,0.121761485572529
SYNPCC7942_RS12560,SYNPCC7942_RS09790,0.121727373378525
SYNPCC7942_RS12275,SYNPCC7942_RS04985,0.12167885705431
SYNPCC7942_RS08645,SYNPCC7942_RS08300,0.121586038696762
SYNPCC7942_RS12275,SYNPCC7942_RS00460,0.121540193850675
SYNPCC7942_RS12560,SYNPCC7942_RS03205,0.121527399565125
SYNPCC7942_RS12560,SYNPCC7942_RS08650,0.121463665203901
SYNPCC7942_RS03160,SYNPCC7942_RS10110,0.121462457599067
SYNPCC7942_RS09160,SYNPCC7942_RS05255,0.121281896923674
SYNPCC7942_RS02830,SYNPCC7942_RS07175,0.121145958615732
SYNPCC7942_RS07435,SYNPCC7942_RS08320,0.121133860933873
SYNPCC7942_RS08885,SYNPCC7942_RS03295,0.121113961906729
SYNPCC7942_RS12560,SYNPCC7942_RS03770,0.120867238176226
SYNPCC7942_RS03260,SYNPCC7942_RS12845,0.120814803908491
SYNPCC7942_RS00645,SYNPCC7942_RS04640,0.120723483045457
SYNPCC7942_RS05870,SYNPCC7942_RS00805,0.12068478251187
SYNPCC7942_RS00455,SYNPCC7942_RS00405,0.120647889303116
SYNPCC7942_RS07435,SYNPCC7942_RS07735,0.120477486162106
SYNPCC7942_RS02895,SYNPCC7942_RS01670,0.120472591175761
SYNPCC7942_RS09380,SYNPCC7942_RS10015,0.120420132417209
SYNPCC7942_RS12535,SYNPCC7942_RS09130,0.120408354314695
SYNPCC7942_RS09065,SYNPCC7942_RS11415,0.120344776911969
SYNPCC7942_RS09760,SYNPCC7942_RS07085,0.120325586251237
SYNPCC7942_RS03075,SYNPCC7942_RS11860,0.12032257771266
SYNPCC7942_RS07435,SYNPCC7942_RS04390,0.120318628190571
SYNPCC7942_RS00455,SYNPCC7942_RS01380,0.120292415771888
SYNPCC7942_RS00455,SYNPCC7942_RS00850,0.120289993404205
SYNPCC7942_RS03260,SYNPCC7942_RS11305,0.120144608644454
SYNPCC7942_RS00455,SYNPCC7942_RS01265,0.120118748120425
SYNPCC7942_RS12535,SYNPCC7942_RS04590,0.120110440792429
SYNPCC7942_RS09740,SYNPCC7942_RS00205,0.120062362285602
SYNPCC7942_RS03465,SYNPCC7942_RS11415,0.120053789700447
SYNPCC7942_RS09620,SYNPCC7942_RS04925,0.119884724034413
SYNPCC7942_RS11050,SYNPCC7942_RS07475,0.119763162771301
SYNPCC7942_RS12275,SYNPCC7942_RS01000,0.119644480033723
SYNPCC7942_RS09740,SYNPCC7942_RS05695,0.119608031517225
SYNPCC7942_RS03160,SYNPCC7942_RS08360,0.11953381214615
SYNPCC7942_RS09160,SYNPCC7942_RS03200,0.119470466639286
SYNPCC7942_RS03465,SYNPCC7942_RS04045,0.119401833045969
SYNPCC7942_RS10340,SYNPCC7942_RS02210,0.119280678988994
SYNPCC7942_RS00455,SYNPCC7942_RS07705,0.119135430654084
SYNPCC7942_RS07435,SYNPCC7942_RS01670,0.119003779203007
SYNPCC7942_RS10700,SYNPCC7942_RS08185,0.118991269524033
SYNPCC7942_RS03075,SYNPCC7942_RS06290,0.118990414700806
SYNPCC7942_RS03260,SYNPCC7942_RS11320,0.118986582476674
SYNPCC7942_RS00455,SYNPCC7942_RS05810,0.118964453891566
SYNPCC7942_RS07435,SYNPCC7942_RS13970,0.118950938090644
SYNPCC7942_RS07435,SYNPCC7942_RS14105,0.118717890775051
SYNPCC7942_RS03160,SYNPCC7942_RS06480,0.118687234457714
SYNPCC7942_RS08885,SYNPCC7942_RS06965,0.11858623424701
SYNPCC7942_RS09380,SYNPCC7942_RS01555,0.118459780276921
SYNPCC7942_RS02895,SYNPCC7942_RS05370,0.11842348659408
SYNPCC7942_RS09065,SYNPCC7942_RS03465,0.118420688867455
SYNPCC7942_RS07805,SYNPCC7942_RS09190,0.118382156421388
SYNPCC7942_RS00455,SYNPCC7942_RS10130,0.118286873672152
SYNPCC7942_RS03440,SYNPCC7942_RS12275,0.118255841895031
SYNPCC7942_RS07435,SYNPCC7942_RS07440,0.118166174498215
SYNPCC7942_RS07435,SYNPCC7942_RS01155,0.118151940900918
SYNPCC7942_RS09380,SYNPCC7942_RS00795,0.118106520554696
SYNPCC7942_RS09380,SYNPCC7942_RS02955,0.118106080976962
SYNPCC7942_RS12560,SYNPCC7942_RS05855,0.117941417448642
SYNPCC7942_RS07435,SYNPCC7942_RS01320,0.1179390008368
SYNPCC7942_RS09065,SYNPCC7942_RS09380,0.117936771748992
SYNPCC7942_RS03440,SYNPCC7942_RS08835,0.117884620022344
SYNPCC7942_RS12560,SYNPCC7942_RS02385,0.117822497941201
SYNPCC7942_RS10700,SYNPCC7942_RS06080,0.117691431872101
SYNPCC7942_RS00480,SYNPCC7942_RS06230,0.117641454354079
SYNPCC7942_RS07435,SYNPCC7942_RS11770,0.117592726624159
SYNPCC7942_RS07435,SYNPCC7942_RS10030,0.117475656337668
SYNPCC7942_RS12535,SYNPCC7942_RS07355,0.11743417897184
SYNPCC7942_RS00645,SYNPCC7942_RS07435,0.11738044248509
SYNPCC7942_RS00455,SYNPCC7942_RS11095,0.117370631147584
SYNPCC7942_RS00455,SYNPCC7942_RS00120,0.117277915208269
SYNPCC7942_RS07435,SYNPCC7942_RS02725,0.117252077609176
SYNPCC7942_RS07435,SYNPCC7942_RS09295,0.117247913065764
SYNPCC7942_RS10700,SYNPCC7942_RS00350,0.11721978703588
SYNPCC7942_RS03440,SYNPCC7942_RS12265,0.117150967532466
SYNPCC7942_RS07435,SYNPCC7942_RS11160,0.117096841738358
SYNPCC7942_RS03325,SYNPCC7942_RS03560,0.117047809419449
SYNPCC7942_RS09620,SYNPCC7942_RS10215,0.117021762176705
SYNPCC7942_RS07435,SYNPCC7942_RS05015,0.116975931611177
SYNPCC7942_RS03160,SYNPCC7942_RS10950,0.116961696450275
SYNPCC7942_RS02830,SYNPCC7942_RS11830,0.116930493747884
SYNPCC7942_RS03465,SYNPCC7942_RS07490,0.116912195423023
SYNPCC7942_RS08885,SYNPCC7942_RS12715,0.116840612908807
SYNPCC7942_RS07435,SYNPCC7942_RS01715,0.116805050494046
SYNPCC7942_RS07435,SYNPCC7942_RS13680,0.116796700564913
SYNPCC7942_RS10700,SYNPCC7942_RS04790,0.116784875541807
SYNPCC7942_RS10260,SYNPCC7942_RS11195,0.116694763134912
SYNPCC7942_RS09160,SYNPCC7942_RS08400,0.11665746706392
SYNPCC7942_RS05870,SYNPCC7942_RS00870,0.116636490189073
SYNPCC7942_RS03160,SYNPCC7942_RS03015,0.116577960173144
SYNPCC7942_RS03160,SYNPCC7942_RS13150,0.116575957936333
SYNPCC7942_RS07435,SYNPCC7942_RS02730,0.116560519883861
SYNPCC7942_RS09740,SYNPCC7942_RS01425,0.116553944688603
SYNPCC7942_RS07435,SYNPCC7942_RS01655,0.116457818804425
SYNPCC7942_RS03465,SYNPCC7942_RS11990,0.116441402144681
SYNPCC7942_RS03160,SYNPCC7942_RS08490,0.116428767004539
SYNPCC7942_RS00455,SYNPCC7942_RS01760,0.116202633768156
SYNPCC7942_RS08885,SYNPCC7942_RS12095,0.116044342776911
SYNPCC7942_RS07435,SYNPCC7942_RS11950,0.11601763993445
SYNPCC7942_RS03260,SYNPCC7942_RS11285,0.116014467661689
SYNPCC7942_RS09380,SYNPCC7942_RS10020,0.115982485568134
SYNPCC7942_RS03075,SYNPCC7942_RS01550,0.115979299098137
SYNPCC7942_RS10700,SYNPCC7942_RS08180,0.115935885085958
SYNPCC7942_RS02830,SYNPCC7942_RS12135,0.115916020259337
SYNPCC7942_RS00455,SYNPCC7942_RS01260,0.115913257682194
SYNPCC7942_RS00455,SYNPCC7942_RS06495,0.115896909424763
SYNPCC7942_RS12275,SYNPCC7942_RS11000,0.11589664684615
SYNPCC7942_RS00455,SYNPCC7942_RS10650,0.115810540570443
SYNPCC7942_RS09065,SYNPCC7942_RS10020,0.115769157657032
SYNPCC7942_RS05870,SYNPCC7942_RS09560,0.115637290059398
SYNPCC7942_RS07185,SYNPCC7942_RS04745,0.115624604035707
SYNPCC7942_RS05870,SYNPCC7942_RS07810,0.115615557104066
SYNPCC7942_RS03160,SYNPCC7942_RS07455,0.115557981164081
SYNPCC7942_RS03955,SYNPCC7942_RS07525,0.115433913449631
SYNPCC7942_RS05870,SYNPCC7942_RS08485,0.115399546793116
SYNPCC7942_RS03160,SYNPCC7942_RS02180,0.115316332832895
SYNPCC7942_RS10700,SYNPCC7942_RS04795,0.115313475292789
SYNPCC7942_RS09065,SYNPCC7942_RS03985,0.11522675446169
SYNPCC7942_RS03075,SYNPCC7942_RS12130,0.115208113419486
SYNPCC7942_RS03465,SYNPCC7942_RS10625,0.115204605402151
SYNPCC7942_RS00455,SYNPCC7942_RS06155,0.115170166415278
SYNPCC7942_RS10700,SYNPCC7942_RS06995,0.115080971596555
SYNPCC7942_RS03160,SYNPCC7942_RS06070,0.115078700711101
SYNPCC7942_RS09740,SYNPCC7942_RS08250,0.115013181332672
SYNPCC7942_RS03160,SYNPCC7942_RS10735,0.11491622496768
SYNPCC7942_RS12560,SYNPCC7942_RS12555,0.114895080658652
SYNPCC7942_RS10700,SYNPCC7942_RS03125,0.114845356207079
SYNPCC7942_RS03160,SYNPCC7942_RS07450,0.114735599857674
SYNPCC7942_RS00645,SYNPCC7942_RS06345,0.114726650900725
SYNPCC7942_RS03075,SYNPCC7942_RS05080,0.114703319852263
SYNPCC7942_RS09500,SYNPCC7942_RS13660,0.114695417759305
SYNPCC7942_RS12560,SYNPCC7942_RS07325,0.114662410534669
SYNPCC7942_RS00455,SYNPCC7942_RS13055,0.114641018752736
SYNPCC7942_RS09380,SYNPCC7942_RS01995,0.114607764239967
SYNPCC7942_RS09740,SYNPCC7942_RS03490,0.114585290318708
SYNPCC7942_RS09380,SYNPCC7942_RS12130,0.114467053007338
SYNPCC7942_RS00455,SYNPCC7942_RS05235,0.114414212467051
SYNPCC7942_RS05870,SYNPCC7942_RS02490,0.114411613988907
SYNPCC7942_RS03160,SYNPCC7942_RS07640,0.114326894427623
SYNPCC7942_RS09065,SYNPCC7942_RS04315,0.114248272456051
SYNPCC7942_RS10700,SYNPCC7942_RS06100,0.114227874293535
SYNPCC7942_RS03260,SYNPCC7942_RS11280,0.114226691503154
SYNPCC7942_RS03160,SYNPCC7942_RS10000,0.114205355430081
SYNPCC7942_RS03465,SYNPCC7942_RS08730,0.114135956001539
SYNPCC7942_RS03160,SYNPCC7942_RS04700,0.114121900630518
SYNPCC7942_RS09760,SYNPCC7942_RS02685,0.114111346604499
SYNPCC7942_RS07435,SYNPCC7942_RS03090,0.114111094656805
SYNPCC7942_RS07435,SYNPCC7942_RS09050,0.114106175858695
SYNPCC7942_RS03465,SYNPCC7942_RS00340,0.114038392768175
SYNPCC7942_RS07435,SYNPCC7942_RS01445,0.114026358076556
SYNPCC7942_RS03075,SYNPCC7942_RS11105,0.114007246485416
SYNPCC7942_RS03465,SYNPCC7942_RS03460,0.113967240174023
SYNPCC7942_RS12535,SYNPCC7942_RS05320,0.113929405772084
SYNPCC7942_RS00480,SYNPCC7942_RS09675,0.11389140672354
SYNPCC7942_RS10700,SYNPCC7942_RS10320,0.11387207019041
SYNPCC7942_RS07185,SYNPCC7942_RS02885,0.113833280934271
SYNPCC7942_RS08885,SYNPCC7942_RS02300,0.113818647847967
SYNPCC7942_RS03465,SYNPCC7942_RS02970,0.113767309184531
SYNPCC7942_RS07185,SYNPCC7942_RS05825,0.113705955270714
SYNPCC7942_RS03160,SYNPCC7942_RS02355,0.113699340719783
SYNPCC7942_RS03160,SYNPCC7942_RS02035,0.11368896970344
SYNPCC7942_RS03160,SYNPCC7942_RS02760,0.11368667850231
SYNPCC7942_RS10170,SYNPCC7942_RS12610,0.113632309063531
SYNPCC7942_RS11465,SYNPCC7942_RS10940,0.113554706725543
SYNPCC7942_RS02895,SYNPCC7942_RS12210,0.113451103547948
SYNPCC7942_RS10700,SYNPCC7942_RS12105,0.113393372387529
SYNPCC7942_RS03160,SYNPCC7942_RS06415,0.113383331428808
SYNPCC7942_RS09065,SYNPCC7942_RS13190,0.113317206498523
SYNPCC7942_RS07435,SYNPCC7942_RS01505,0.113248889666125
SYNPCC7942_RS03160,SYNPCC7942_RS08140,0.113219219818413
SYNPCC7942_RS00480,SYNPCC7942_RS09105,0.113210892677686
SYNPCC7942_RS07435,SYNPCC7942_RS04385,0.113187917265784
SYNPCC7942_RS10700,SYNPCC7942_RS04610,0.113161714211311
SYNPCC7942_RS03075,SYNPCC7942_RS01590,0.113137949776623
SYNPCC7942_RS03465,SYNPCC7942_RS12870,0.113079372550146
SYNPCC7942_RS07435,SYNPCC7942_RS09560,0.113071155992968
SYNPCC7942_RS09065,SYNPCC7942_RS12115,0.113001558430182
SYNPCC7942_RS03160,SYNPCC7942_RS06525,0.112940948290161
SYNPCC7942_RS10700,SYNPCC7942_RS08165,0.112800099437893
SYNPCC7942_RS07435,SYNPCC7942_RS06135,0.112766029027081
SYNPCC7942_RS08885,SYNPCC7942_RS13730,0.112751183270684
SYNPCC7942_RS08885,SYNPCC7942_RS08875,0.112724446377525
SYNPCC7942_RS03160,SYNPCC7942_RS13230,0.11263650784152
SYNPCC7942_RS09065,SYNPCC7942_RS12680,0.112619384696268
SYNPCC7942_RS04225,SYNPCC7942_RS08780,0.112610341261353
SYNPCC7942_RS00765,SYNPCC7942_RS03435,0.112606519072592
SYNPCC7942_RS09380,SYNPCC7942_RS12675,0.112591447765716
SYNPCC7942_RS07185,SYNPCC7942_RS05960,0.112487062884864
SYNPCC7942_RS03075,SYNPCC7942_RS00340,0.112471928190071
SYNPCC7942_RS07435,SYNPCC7942_RS10975,0.112450623610292
SYNPCC7942_RS00645,SYNPCC7942_RS08685,0.112410870059875
SYNPCC7942_RS03260,SYNPCC7942_RS11300,0.112397148048357
SYNPCC7942_RS06365,SYNPCC7942_RS02455,0.112375654315088
SYNPCC7942_RS03260,SYNPCC7942_RS07770,0.112356078003352
SYNPCC7942_RS05870,SYNPCC7942_RS07650,0.112342520699747
SYNPCC7942_RS07435,SYNPCC7942_RS01450,0.112318823616812
SYNPCC7942_RS09740,SYNPCC7942_RS09745,0.11230573452915
SYNPCC7942_RS12560,SYNPCC7942_RS03200,0.112217272522354
SYNPCC7942_RS09935,SYNPCC7942_RS12435,0.112208435653575
SYNPCC7942_RS03075,SYNPCC7942_RS12120,0.112126999185544
SYNPCC7942_RS03160,SYNPCC7942_RS02095,0.112117631228056
SYNPCC7942_RS03160,SYNPCC7942_RS00095,0.112110074408069
SYNPCC7942_RS07435,SYNPCC7942_RS01455,0.112096456471217
SYNPCC7942_RS03160,SYNPCC7942_RS04235,0.112002526794198
SYNPCC7942_RS08405,SYNPCC7942_RS00550,0.11198506472754
SYNPCC7942_RS03260,SYNPCC7942_RS11235,0.111923708611954
SYNPCC7942_RS02895,SYNPCC7942_RS09175,0.111900677158855
SYNPCC7942_RS10700,SYNPCC7942_RS02810,0.111880628126886
SYNPCC7942_RS09380,SYNPCC7942_RS11105,0.111672300794704
SYNPCC7942_RS02895,SYNPCC7942_RS10300,0.111612417445209
SYNPCC7942_RS05870,SYNPCC7942_RS00055,0.111600752146785
SYNPCC7942_RS12285,SYNPCC7942_RS01070,0.11156728293588
SYNPCC7942_RS07435,SYNPCC7942_RS01690,0.111558135240965
SYNPCC7942_RS12560,SYNPCC7942_RS12185,0.111536331767484
SYNPCC7942_RS09160,SYNPCC7942_RS06725,0.11151606244543
SYNPCC7942_RS00455,SYNPCC7942_RS10335,0.111514624062491
SYNPCC7942_RS00455,SYNPCC7942_RS10315,0.111458045995504
SYNPCC7942_RS06700,SYNPCC7942_RS10605,0.11136063086275
SYNPCC7942_RS09065,SYNPCC7942_RS03390,0.111323490100221
SYNPCC7942_RS10340,SYNPCC7942_RS08230,0.111310774307361
SYNPCC7942_RS07435,SYNPCC7942_RS03630,0.111280658807077
SYNPCC7942_RS03325,SYNPCC7942_RS07650,0.111192035204923
SYNPCC7942_RS03160,SYNPCC7942_RS04750,0.111135535173075
SYNPCC7942_RS02830,SYNPCC7942_RS01005,0.111094530470548
SYNPCC7942_RS03955,SYNPCC7942_RS13760,0.111027845002353
SYNPCC7942_RS07435,SYNPCC7942_RS07280,0.110979812727461
SYNPCC7942_RS09065,SYNPCC7942_RS13195,0.110945894462951
SYNPCC7942_RS09740,SYNPCC7942_RS06525,0.11092602811768
SYNPCC7942_RS08885,SYNPCC7942_RS02290,0.110907632765614
SYNPCC7942_RS12275,SYNPCC7942_RS04980,0.110866838475704
SYNPCC7942_RS03160,SYNPCC7942_RS11740,0.110801937795462
SYNPCC7942_RS02830,SYNPCC7942_RS12130,0.110787938494041
SYNPCC7942_RS03075,SYNPCC7942_RS11865,0.110704823880818
SYNPCC7942_RS03075,SYNPCC7942_RS03390,0.110653198010299
SYNPCC7942_RS03160,SYNPCC7942_RS06225,0.110613326235208
SYNPCC7942_RS09160,SYNPCC7942_RS12365,0.110592613475674
SYNPCC7942_RS03325,SYNPCC7942_RS00025,0.110588085531993
SYNPCC7942_RS03260,SYNPCC7942_RS11245,0.110555578422797
SYNPCC7942_RS12275,SYNPCC7942_RS05740,0.110553202556234
SYNPCC7942_RS07185,SYNPCC7942_RS03385,0.110550356233528
SYNPCC7942_RS02830,SYNPCC7942_RS10540,0.110475398819081
SYNPCC7942_RS03160,SYNPCC7942_RS03535,0.110448813003946
SYNPCC7942_RS10700,SYNPCC7942_RS01730,0.110442747932757
SYNPCC7942_RS03160,SYNPCC7942_RS13045,0.110440916014608
SYNPCC7942_RS10340,SYNPCC7942_RS10345,0.11042721013264
SYNPCC7942_RS09380,SYNPCC7942_RS03610,0.110394819538189
SYNPCC7942_RS00645,SYNPCC7942_RS10050,0.110383065612706
SYNPCC7942_RS03465,SYNPCC7942_RS08430,0.110344634238414
SYNPCC7942_RS02830,SYNPCC7942_RS08510,0.110315618635498
SYNPCC7942_RS07435,SYNPCC7942_RS10135,0.110252299740823
SYNPCC7942_RS03955,SYNPCC7942_RS07530,0.110228122072422
SYNPCC7942_RS03160,SYNPCC7942_RS10760,0.110185590974572
SYNPCC7942_RS09740,SYNPCC7942_RS04235,0.109951843383984
SYNPCC7942_RS00645,SYNPCC7942_RS10975,0.109936067398065
SYNPCC7942_RS03955,SYNPCC7942_RS00285,0.109844963592375
SYNPCC7942_RS03160,SYNPCC7942_RS06915,0.109790316358283
SYNPCC7942_RS02895,SYNPCC7942_RS05385,0.109753237867479
SYNPCC7942_RS00645,SYNPCC7942_RS06490,0.109737016627193
SYNPCC7942_RS03955,SYNPCC7942_RS07980,0.109735338134998
SYNPCC7942_RS10700,SYNPCC7942_RS11595,0.109628840143524
SYNPCC7942_RS02895,SYNPCC7942_RS02075,0.109572855146659
SYNPCC7942_RS02830,SYNPCC7942_RS08005,0.109434730417147
SYNPCC7942_RS03260,SYNPCC7942_RS11270,0.109393211313091
SYNPCC7942_RS05870,SYNPCC7942_RS09110,0.109381609073441
SYNPCC7942_RS07435,SYNPCC7942_RS11900,0.10937249888696
SYNPCC7942_RS00455,SYNPCC7942_RS07625,0.109349554179605
SYNPCC7942_RS07435,SYNPCC7942_RS07275,0.109296556515728
SYNPCC7942_RS00645,SYNPCC7942_RS09360,0.109273873310805
SYNPCC7942_RS08885,SYNPCC7942_RS08495,0.10926624719462
SYNPCC7942_RS10700,SYNPCC7942_RS02715,0.109198607740815
SYNPCC7942_RS10700,SYNPCC7942_RS11885,0.109196444186377
SYNPCC7942_RS02895,SYNPCC7942_RS11905,0.109185423723326
SYNPCC7942_RS10700,SYNPCC7942_RS08960,0.109174155007214
SYNPCC7942_RS09740,SYNPCC7942_RS05060,0.109078539160801
SYNPCC7942_RS07185,SYNPCC7942_RS03550,0.109042867242454
SYNPCC7942_RS07185,SYNPCC7942_RS11620,0.109033085614922
SYNPCC7942_RS10700,SYNPCC7942_RS07625,0.109029593013395
SYNPCC7942_RS08885,SYNPCC7942_RS05255,0.108985985925232
SYNPCC7942_RS10700,SYNPCC7942_RS06155,0.108972774080408
SYNPCC7942_RS03160,SYNPCC7942_RS04625,0.108956232851672
SYNPCC7942_RS07435,SYNPCC7942_RS06405,0.108859771420939
SYNPCC7942_RS02895,SYNPCC7942_RS11900,0.108854138192197
SYNPCC7942_RS11050,SYNPCC7942_RS08200,0.10884055148933
SYNPCC7942_RS09740,SYNPCC7942_RS06410,0.10871883401238
SYNPCC7942_RS12560,SYNPCC7942_RS05125,0.108708293345662
SYNPCC7942_RS09065,SYNPCC7942_RS11175,0.108692339317329
SYNPCC7942_RS12560,SYNPCC7942_RS12565,0.108687571675196
SYNPCC7942_RS12560,SYNPCC7942_RS10465,0.108679369234105
SYNPCC7942_RS03160,SYNPCC7942_RS04470,0.108667817688429
SYNPCC7942_RS10340,SYNPCC7942_RS03875,0.108667696377421
SYNPCC7942_RS03260,SYNPCC7942_RS12900,0.108645365502249
SYNPCC7942_RS07435,SYNPCC7942_RS03175,0.108576394336777
SYNPCC7942_RS08885,SYNPCC7942_RS09245,0.108502916028953
SYNPCC7942_RS00560,SYNPCC7942_RS11525,0.108502287022986
SYNPCC7942_RS09500,SYNPCC7942_RS12155,0.10845858369473
SYNPCC7942_RS07435,SYNPCC7942_RS09710,0.108421136978159
SYNPCC7942_RS00455,SYNPCC7942_RS00370,0.108412574303081
SYNPCC7942_RS02830,SYNPCC7942_RS09255,0.108402011757252
SYNPCC7942_RS10700,SYNPCC7942_RS10595,0.10833633284663
SYNPCC7942_RS03075,SYNPCC7942_RS11415,0.108164186291348
SYNPCC7942_RS00455,SYNPCC7942_RS08205,0.108107356311384
SYNPCC7942_RS03465,SYNPCC7942_RS02920,0.108067576674011
SYNPCC7942_RS03160,SYNPCC7942_RS13145,0.108044539118943
SYNPCC7942_RS07435,SYNPCC7942_RS06150,0.108030539560283
SYNPCC7942_RS02830,SYNPCC7942_RS03520,0.108015325258174
SYNPCC7942_RS00455,SYNPCC7942_RS01215,0.108014938292591
SYNPCC7942_RS08885,SYNPCC7942_RS04660,0.10796558900739
SYNPCC7942_RS03440,SYNPCC7942_RS01100,0.107951664671147
SYNPCC7942_RS10700,SYNPCC7942_RS02035,0.107937475995832
SYNPCC7942_RS12275,SYNPCC7942_RS03580,0.107883911567268
SYNPCC7942_RS06700,SYNPCC7942_RS10610,0.107882719954681
SYNPCC7942_RS07185,SYNPCC7942_RS04690,0.107750756994458
SYNPCC7942_RS07435,SYNPCC7942_RS03100,0.107655358509975
SYNPCC7942_RS08405,SYNPCC7942_RS12710,0.107654447205015
SYNPCC7942_RS09740,SYNPCC7942_RS01840,0.107618042846562
SYNPCC7942_RS00455,SYNPCC7942_RS01330,0.107513984267568
SYNPCC7942_RS10700,SYNPCC7942_RS01260,0.107495535038286
SYNPCC7942_RS07435,SYNPCC7942_RS03095,0.107478023762097
SYNPCC7942_RS07435,SYNPCC7942_RS04735,0.107366245496505
SYNPCC7942_RS08820,SYNPCC7942_RS08830,0.10734897360116
SYNPCC7942_RS03160,SYNPCC7942_RS07460,0.107338810296703
SYNPCC7942_RS10700,SYNPCC7942_RS04025,0.107288214773893
SYNPCC7942_RS03160,SYNPCC7942_RS10005,0.107282343512574
SYNPCC7942_RS03160,SYNPCC7942_RS05900,0.107273347921251
SYNPCC7942_RS08405,SYNPCC7942_RS10770,0.10726087089344
SYNPCC7942_RS09740,SYNPCC7942_RS10525,0.107198220781517
SYNPCC7942_RS09760,SYNPCC7942_RS08235,0.107137549424065
SYNPCC7942_RS03160,SYNPCC7942_RS05660,0.107134403720066
SYNPCC7942_RS00455,SYNPCC7942_RS01255,0.10710813699747
SYNPCC7942_RS12560,SYNPCC7942_RS12235,0.107100336398061
SYNPCC7942_RS07435,SYNPCC7942_RS09515,0.107014155685158
SYNPCC7942_RS03465,SYNPCC7942_RS02575,0.107009912409283
SYNPCC7942_RS07435,SYNPCC7942_RS08860,0.106983054911716
SYNPCC7942_RS03160,SYNPCC7942_RS06890,0.106942542454965
SYNPCC7942_RS12560,SYNPCC7942_RS06600,0.106891132962843
SYNPCC7942_RS07435,SYNPCC7942_RS06615,0.106890334929008
SYNPCC7942_RS06700,SYNPCC7942_RS10600,0.106845467552619
SYNPCC7942_RS09065,SYNPCC7942_RS05895,0.106844912984345
SYNPCC7942_RS03160,SYNPCC7942_RS00205,0.106829462192206
SYNPCC7942_RS10700,SYNPCC7942_RS06860,0.106823249099333
SYNPCC7942_RS00455,SYNPCC7942_RS10145,0.106778537731618
SYNPCC7942_RS03465,SYNPCC7942_RS06565,0.106771593792325
SYNPCC7942_RS10700,SYNPCC7942_RS12335,0.106757551803847
SYNPCC7942_RS03465,SYNPCC7942_RS03020,0.106708117072103
SYNPCC7942_RS10170,SYNPCC7942_RS10490,0.106691493481374
SYNPCC7942_RS03465,SYNPCC7942_RS02565,0.106618946719321
SYNPCC7942_RS03160,SYNPCC7942_RS04790,0.106594325552746
SYNPCC7942_RS07435,SYNPCC7942_RS08625,0.106578783109641
SYNPCC7942_RS09740,SYNPCC7942_RS08160,0.106575983271795
SYNPCC7942_RS03465,SYNPCC7942_RS02775,0.10645889926134
SYNPCC7942_RS09935,SYNPCC7942_RS02125,0.10645610767787
SYNPCC7942_RS03160,SYNPCC7942_RS02965,0.106450906116625
SYNPCC7942_RS09740,SYNPCC7942_RS10740,0.106449986612462
SYNPCC7942_RS00480,SYNPCC7942_RS08270,0.106429641301637
SYNPCC7942_RS09740,SYNPCC7942_RS08165,0.10639678415909
SYNPCC7942_RS12560,SYNPCC7942_RS04930,0.106335531256023
SYNPCC7942_RS03440,SYNPCC7942_RS10125,0.106273250924284
SYNPCC7942_RS03160,SYNPCC7942_RS11405,0.106258643496138
SYNPCC7942_RS00455,SYNPCC7942_RS14085,0.106255213641014
SYNPCC7942_RS09065,SYNPCC7942_RS03075,0.106246904980249
SYNPCC7942_RS03160,SYNPCC7942_RS12480,0.106241087237249
SYNPCC7942_RS03465,SYNPCC7942_RS03415,0.106222847127664
SYNPCC7942_RS07185,SYNPCC7942_RS07750,0.106210481119061
SYNPCC7942_RS03260,SYNPCC7942_RS11265,0.106180804564139
SYNPCC7942_RS02830,SYNPCC7942_RS01015,0.106168321072369
SYNPCC7942_RS03465,SYNPCC7942_RS09065,0.10613183173274
SYNPCC7942_RS09760,SYNPCC7942_RS11975,0.106110749992783
SYNPCC7942_RS00455,SYNPCC7942_RS10310,0.106070306941203
SYNPCC7942_RS03465,SYNPCC7942_RS02030,0.106026931231573
SYNPCC7942_RS03160,SYNPCC7942_RS01845,0.106012571672109
SYNPCC7942_RS03160,SYNPCC7942_RS09685,0.106008002655043
SYNPCC7942_RS07435,SYNPCC7942_RS07270,0.106001397265904
SYNPCC7942_RS03465,SYNPCC7942_RS01685,0.105993974055791
SYNPCC7942_RS10340,SYNPCC7942_RS03795,0.105988090748615
SYNPCC7942_RS00645,SYNPCC7942_RS06330,0.105985204874805
SYNPCC7942_RS03260,SYNPCC7942_RS11915,0.105960435455065
SYNPCC7942_RS05640,SYNPCC7942_RS11710,0.105954973788577
SYNPCC7942_RS10700,SYNPCC7942_RS12725,0.105920292267083
SYNPCC7942_RS03160,SYNPCC7942_RS06075,0.105858638451188
SYNPCC7942_RS09760,SYNPCC7942_RS11880,0.105819941964386
SYNPCC7942_RS07435,SYNPCC7942_RS07285,0.10580368141346
SYNPCC7942_RS05870,SYNPCC7942_RS12245,0.105802191656847
SYNPCC7942_RS00455,SYNPCC7942_RS06015,0.105735037520963
SYNPCC7942_RS12560,SYNPCC7942_RS09880,0.105727290512477
SYNPCC7942_RS03160,SYNPCC7942_RS10440,0.10568347535939
SYNPCC7942_RS00455,SYNPCC7942_RS09290,0.105682683754362
SYNPCC7942_RS02895,SYNPCC7942_RS10955,0.105678100923825
SYNPCC7942_RS06700,SYNPCC7942_RS10615,0.105589654765014
SYNPCC7942_RS07435,SYNPCC7942_RS02365,0.10557092566084
SYNPCC7942_RS09380,SYNPCC7942_RS12680,0.105549160030348
SYNPCC7942_RS07185,SYNPCC7942_RS08085,0.105466324516204
SYNPCC7942_RS12560,SYNPCC7942_RS09075,0.10545948035808
SYNPCC7942_RS09380,SYNPCC7942_RS10545,0.105442425067522
SYNPCC7942_RS00455,SYNPCC7942_RS10805,0.105390047841628
SYNPCC7942_RS02830,SYNPCC7942_RS01250,0.105388738751531
SYNPCC7942_RS03955,SYNPCC7942_RS06185,0.105301745793091
SYNPCC7942_RS09740,SYNPCC7942_RS05705,0.105260804336825
SYNPCC7942_RS06365,SYNPCC7942_RS00860,0.105248177440911
SYNPCC7942_RS03465,SYNPCC7942_RS13855,0.105210626308317
SYNPCC7942_RS08850,SYNPCC7942_RS08835,0.105171569431404
SYNPCC7942_RS07435,SYNPCC7942_RS01280,0.105096386838467
SYNPCC7942_RS09740,SYNPCC7942_RS02340,0.105087952868228
SYNPCC7942_RS00455,SYNPCC7942_RS10435,0.105041781572276
SYNPCC7942_RS09160,SYNPCC7942_RS08535,0.104960139661471
SYNPCC7942_RS03160,SYNPCC7942_RS00330,0.104956914446853
SYNPCC7942_RS00455,SYNPCC7942_RS08925,0.104950524807357
SYNPCC7942_RS07185,SYNPCC7942_RS08545,0.10494495543432
SYNPCC7942_RS09065,SYNPCC7942_RS09025,0.104920981546075
SYNPCC7942_RS02895,SYNPCC7942_RS03095,0.104873641048203
SYNPCC7942_RS09740,SYNPCC7942_RS12650,0.104844454005218
SYNPCC7942_RS09500,SYNPCC7942_RS07075,0.104838623263841
SYNPCC7942_RS03160,SYNPCC7942_RS11515,0.10482609150662
SYNPCC7942_RS10260,SYNPCC7942_RS10265,0.104817674808737
SYNPCC7942_RS07435,SYNPCC7942_RS00640,0.104815629273584
SYNPCC7942_RS03160,SYNPCC7942_RS00030,0.104789418821486
SYNPCC7942_RS03160,SYNPCC7942_RS01630,0.104773445966229
SYNPCC7942_RS09065,SYNPCC7942_RS12980,0.104759460404139
SYNPCC7942_RS03160,SYNPCC7942_RS11350,0.104747537708643
SYNPCC7942_RS03160,SYNPCC7942_RS12475,0.104746018111199
SYNPCC7942_RS10700,SYNPCC7942_RS05660,0.104736547663377
SYNPCC7942_RS07185,SYNPCC7942_RS10285,0.104730432458272
SYNPCC7942_RS03160,SYNPCC7942_RS08160,0.104722312636616
SYNPCC7942_RS08405,SYNPCC7942_RS08890,0.104706339348131
SYNPCC7942_RS03075,SYNPCC7942_RS00510,0.104667112025958
SYNPCC7942_RS05640,SYNPCC7942_RS09300,0.104617842763383
SYNPCC7942_RS07435,SYNPCC7942_RS03640,0.104595428657121
SYNPCC7942_RS11970,SYNPCC7942_RS01900,0.104587230264958
SYNPCC7942_RS08885,SYNPCC7942_RS08405,0.10457813862789
SYNPCC7942_RS00645,SYNPCC7942_RS05335,0.104572199783836
SYNPCC7942_RS05870,SYNPCC7942_RS10420,0.104502164895925
SYNPCC7942_RS10170,SYNPCC7942_RS06665,0.104501620082735
SYNPCC7942_RS08885,SYNPCC7942_RS00825,0.104484921920629
SYNPCC7942_RS09380,SYNPCC7942_RS12685,0.104432584630779
SYNPCC7942_RS03160,SYNPCC7942_RS10570,0.104420016794913
SYNPCC7942_RS07435,SYNPCC7942_RS12385,0.104374130218023
SYNPCC7942_RS09740,SYNPCC7942_RS02280,0.104366448170002
SYNPCC7942_RS07435,SYNPCC7942_RS00745,0.104360278255269
SYNPCC7942_RS03160,SYNPCC7942_RS04785,0.104329260967968
SYNPCC7942_RS02830,SYNPCC7942_RS02955,0.104324515687013
SYNPCC7942_RS00455,SYNPCC7942_RS09850,0.104291303014355
SYNPCC7942_RS07435,SYNPCC7942_RS03680,0.104276319265683
SYNPCC7942_RS03325,SYNPCC7942_RS12815,0.104226046253982
SYNPCC7942_RS03465,SYNPCC7942_RS06770,0.104219172705172
SYNPCC7942_RS03160,SYNPCC7942_RS00355,0.10420169646445
SYNPCC7942_RS09740,SYNPCC7942_RS09685,0.104201373751801
SYNPCC7942_RS00455,SYNPCC7942_RS00950,0.104198544561626
SYNPCC7942_RS00765,SYNPCC7942_RS13690,0.104125591952353
SYNPCC7942_RS00765,SYNPCC7942_RS00930,0.104121630604267
SYNPCC7942_RS07435,SYNPCC7942_RS03495,0.104084742118433
SYNPCC7942_RS03075,SYNPCC7942_RS12965,0.104014450167718
SYNPCC7942_RS06370,SYNPCC7942_RS00760,0.103958492044395
SYNPCC7942_RS06370,SYNPCC7942_RS05415,0.103943418012976
SYNPCC7942_RS03160,SYNPCC7942_RS04540,0.103929807254658
SYNPCC7942_RS07435,SYNPCC7942_RS10300,0.103896888165251
SYNPCC7942_RS09740,SYNPCC7942_RS04150,0.103890864529665
SYNPCC7942_RS07435,SYNPCC7942_RS01145,0.103847870114138
SYNPCC7942_RS03160,SYNPCC7942_RS05565,0.103847113474439
SYNPCC7942_RS04835,SYNPCC7942_RS13020,0.103826157922839
SYNPCC7942_RS10700,SYNPCC7942_RS10190,0.103781200383891
SYNPCC7942_RS00645,SYNPCC7942_RS10410,0.10377905464823
SYNPCC7942_RS00455,SYNPCC7942_RS07340,0.103758808437687
SYNPCC7942_RS09740,SYNPCC7942_RS01475,0.103693895925701
SYNPCC7942_RS10700,SYNPCC7942_RS04855,0.103655590134954
SYNPCC7942_RS09380,SYNPCC7942_RS08045,0.10357049712607
SYNPCC7942_RS09500,SYNPCC7942_RS00250,0.103483947142664
SYNPCC7942_RS10700,SYNPCC7942_RS01475,0.103482924448014
SYNPCC7942_RS11465,SYNPCC7942_RS00185,0.103479792945162
SYNPCC7942_RS00645,SYNPCC7942_RS10315,0.103437813926327
SYNPCC7942_RS03160,SYNPCC7942_RS06300,0.103403800345543
SYNPCC7942_RS11970,SYNPCC7942_RS06425,0.103376534653033
SYNPCC7942_RS08885,SYNPCC7942_RS09755,0.103371799925585
SYNPCC7942_RS00455,SYNPCC7942_RS13060,0.103363855121995
SYNPCC7942_RS03325,SYNPCC7942_RS01430,0.103357932702614
SYNPCC7942_RS08780,SYNPCC7942_RS08380,0.103350648416095
SYNPCC7942_RS03160,SYNPCC7942_RS04370,0.103349066081446
SYNPCC7942_RS09740,SYNPCC7942_RS00840,0.103305304358731
SYNPCC7942_RS08885,SYNPCC7942_RS12585,0.103270134513747
SYNPCC7942_RS10340,SYNPCC7942_RS11720,0.103200850385555
SYNPCC7942_RS07435,SYNPCC7942_RS11425,0.10316550009539
SYNPCC7942_RS03465,SYNPCC7942_RS04050,0.103150204229329
SYNPCC7942_RS00455,SYNPCC7942_RS05040,0.103140869140566
SYNPCC7942_RS12535,SYNPCC7942_RS09700,0.103126652859033
SYNPCC7942_RS00455,SYNPCC7942_RS06395,0.103035622316382
SYNPCC7942_RS10700,SYNPCC7942_RS01580,0.103017557040237
SYNPCC7942_RS10700,SYNPCC7942_RS02820,0.102990815736918
SYNPCC7942_RS07185,SYNPCC7942_RS12765,0.102979628533052
SYNPCC7942_RS09760,SYNPCC7942_RS10550,0.10297862194877
SYNPCC7942_RS03160,SYNPCC7942_RS11480,0.102933366231632
SYNPCC7942_RS10700,SYNPCC7942_RS00880,0.102909182392647
SYNPCC7942_RS03160,SYNPCC7942_RS04795,0.102852685040852
SYNPCC7942_RS11050,SYNPCC7942_RS07485,0.10284571647387
SYNPCC7942_RS08885,SYNPCC7942_RS12190,0.102840708828604
SYNPCC7942_RS03075,SYNPCC7942_RS06325,0.102816990444191
SYNPCC7942_RS03160,SYNPCC7942_RS09020,0.102768597675375
SYNPCC7942_RS07435,SYNPCC7942_RS11395,0.102760053946217
SYNPCC7942_RS03075,SYNPCC7942_RS03320,0.102680141325649
SYNPCC7942_RS03160,SYNPCC7942_RS09080,0.102602029282967
SYNPCC7942_RS00455,SYNPCC7942_RS09885,0.102574267749628
SYNPCC7942_RS07435,SYNPCC7942_RS09015,0.102572122785295
SYNPCC7942_RS03160,SYNPCC7942_RS04035,0.102524836989804
SYNPCC7942_RS03075,SYNPCC7942_RS01880,0.102506608615239
SYNPCC7942_RS03075,SYNPCC7942_RS08505,0.102480184019481
SYNPCC7942_RS03160,SYNPCC7942_RS09010,0.102474968456935
SYNPCC7942_RS10700,SYNPCC7942_RS06105,0.102474959705685
SYNPCC7942_RS07435,SYNPCC7942_RS05145,0.102469834509183
SYNPCC7942_RS10700,SYNPCC7942_RS13030,0.102455743149986
SYNPCC7942_RS11050,SYNPCC7942_RS07865,0.102446745450639
SYNPCC7942_RS03465,SYNPCC7942_RS06655,0.102436888441216
SYNPCC7942_RS00645,SYNPCC7942_RS01255,0.102372342552467
SYNPCC7942_RS07435,SYNPCC7942_RS06800,0.102356921865914
SYNPCC7942_RS07435,SYNPCC7942_RS00990,0.102342795597088
SYNPCC7942_RS02895,SYNPCC7942_RS13675,0.102321602011464
SYNPCC7942_RS10700,SYNPCC7942_RS07450,0.102302184322055
SYNPCC7942_RS00645,SYNPCC7942_RS11985,0.102300815461373
SYNPCC7942_RS12560,SYNPCC7942_RS07725,0.102293863149966
SYNPCC7942_RS08885,SYNPCC7942_RS03585,0.102274848338631
SYNPCC7942_RS10170,SYNPCC7942_RS00245,0.102272148216923
SYNPCC7942_RS09065,SYNPCC7942_RS05080,0.102266021684498
SYNPCC7942_RS10700,SYNPCC7942_RS13150,0.102250832430031
SYNPCC7942_RS12275,SYNPCC7942_RS06450,0.102217076444871
SYNPCC7942_RS09740,SYNPCC7942_RS08895,0.102164120375796
SYNPCC7942_RS07185,SYNPCC7942_RS08090,0.102151624496266
SYNPCC7942_RS09760,SYNPCC7942_RS06840,0.10214293620672
SYNPCC7942_RS10700,SYNPCC7942_RS05665,0.102133545885158
SYNPCC7942_RS03075,SYNPCC7942_RS11135,0.10205523271483
SYNPCC7942_RS00455,SYNPCC7942_RS01375,0.102025218252117
SYNPCC7942_RS02895,SYNPCC7942_RS00855,0.102015295084341
SYNPCC7942_RS02830,SYNPCC7942_RS12315,0.102004249050145
SYNPCC7942_RS03160,SYNPCC7942_RS10695,0.101989144398343
SYNPCC7942_RS07185,SYNPCC7942_RS12540,0.101985422895153
SYNPCC7942_RS02830,SYNPCC7942_RS07940,0.101959767121393
SYNPCC7942_RS03465,SYNPCC7942_RS10675,0.101957596344338
SYNPCC7942_RS05870,SYNPCC7942_RS05160,0.101925267613667
SYNPCC7942_RS10165,SYNPCC7942_RS07970,0.101924829242051
SYNPCC7942_RS10040,SYNPCC7942_RS07220,0.101888684883798
SYNPCC7942_RS03160,SYNPCC7942_RS06460,0.101869033160511
SYNPCC7942_RS10700,SYNPCC7942_RS05580,0.101868831612939
SYNPCC7942_RS06370,SYNPCC7942_RS00455,0.101865303263866
SYNPCC7942_RS09620,SYNPCC7942_RS03220,0.101864351318652
SYNPCC7942_RS10700,SYNPCC7942_RS10805,0.101840882758038
SYNPCC7942_RS05640,SYNPCC7942_RS02670,0.101788367207822
SYNPCC7942_RS02830,SYNPCC7942_RS02450,0.101761146624835
SYNPCC7942_RS03530,SYNPCC7942_RS11840,0.101752680565156
SYNPCC7942_RS03260,SYNPCC7942_RS04570,0.101748892503587
SYNPCC7942_RS07435,SYNPCC7942_RS06310,0.101748182962672
SYNPCC7942_RS09160,SYNPCC7942_RS00830,0.1017215489452
SYNPCC7942_RS08885,SYNPCC7942_RS11965,0.101698299080743
SYNPCC7942_RS03160,SYNPCC7942_RS10320,0.101682942642499
SYNPCC7942_RS10700,SYNPCC7942_RS00030,0.101655502080479
SYNPCC7942_RS03160,SYNPCC7942_RS06035,0.101641501367417
SYNPCC7942_RS05870,SYNPCC7942_RS06955,0.101637815710425
SYNPCC7942_RS09760,SYNPCC7942_RS04580,0.101618123232908
SYNPCC7942_RS09740,SYNPCC7942_RS13135,0.101609707695386
SYNPCC7942_RS09740,SYNPCC7942_RS01600,0.101573175394641
SYNPCC7942_RS08885,SYNPCC7942_RS09760,0.101560898777558
SYNPCC7942_RS03160,SYNPCC7942_RS09260,0.101555371151164
SYNPCC7942_RS03325,SYNPCC7942_RS07775,0.10149595050279
SYNPCC7942_RS00645,SYNPCC7942_RS11585,0.101446620774793
SYNPCC7942_RS03075,SYNPCC7942_RS03605,0.10144002830994
SYNPCC7942_RS03325,SYNPCC7942_RS04275,0.101431948351117
SYNPCC7942_RS00455,SYNPCC7942_RS10105,0.101422166686629
SYNPCC7942_RS02830,SYNPCC7942_RS01020,0.101421752699047
SYNPCC7942_RS03075,SYNPCC7942_RS00170,0.101420977540536
SYNPCC7942_RS05870,SYNPCC7942_RS06890,0.101344031963487
SYNPCC7942_RS03260,SYNPCC7942_RS11295,0.101337363565284
SYNPCC7942_RS07435,SYNPCC7942_RS12895,0.101335733013827
SYNPCC7942_RS03160,SYNPCC7942_RS12575,0.101279351254739
SYNPCC7942_RS09740,SYNPCC7942_RS11410,0.101247049455367
SYNPCC7942_RS07435,SYNPCC7942_RS00920,0.101135357946133
SYNPCC7942_RS09380,SYNPCC7942_RS05970,0.101103606000334
SYNPCC7942_RS08850,SYNPCC7942_RS11280,0.101094508880806
SYNPCC7942_RS00765,SYNPCC7942_RS09800,0.10109073207698
SYNPCC7942_RS05870,SYNPCC7942_RS04540,0.101050407512023
SYNPCC7942_RS11465,SYNPCC7942_RS00210,0.101032596478634
SYNPCC7942_RS08780,SYNPCC7942_RS13660,0.101000851705172
SYNPCC7942_RS03160,SYNPCC7942_RS03490,0.100998204776763
SYNPCC7942_RS07435,SYNPCC7942_RS04775,0.100945706117616
SYNPCC7942_RS09740,SYNPCC7942_RS10760,0.100907148325749
SYNPCC7942_RS02895,SYNPCC7942_RS06405,0.100895262221783
SYNPCC7942_RS03160,SYNPCC7942_RS06895,0.100865660396031
SYNPCC7942_RS05070,SYNPCC7942_RS06180,0.100854128937512
SYNPCC7942_RS03160,SYNPCC7942_RS08265,0.100839439405425
SYNPCC7942_RS03160,SYNPCC7942_RS04615,0.100820111927294
SYNPCC7942_RS07185,SYNPCC7942_RS02880,0.100771974544813
SYNPCC7942_RS09935,SYNPCC7942_RS02130,0.100770904884517
SYNPCC7942_RS12560,SYNPCC7942_RS02900,0.100740730038301
SYNPCC7942_RS03160,SYNPCC7942_RS04230,0.100724523151839
SYNPCC7942_RS00380,SYNPCC7942_RS04770,0.100650638658035
SYNPCC7942_RS03440,SYNPCC7942_RS05795,0.10063326974158
SYNPCC7942_RS09935,SYNPCC7942_RS02135,0.100591359473407
SYNPCC7942_RS07435,SYNPCC7942_RS05575,0.100560335372423
SYNPCC7942_RS13165,SYNPCC7942_RS09095,0.100555950419433
SYNPCC7942_RS05870,SYNPCC7942_RS07915,0.100549663952008
SYNPCC7942_RS12535,SYNPCC7942_RS13065,0.100487039299318
SYNPCC7942_RS09740,SYNPCC7942_RS05195,0.100445213063354
SYNPCC7942_RS09740,SYNPCC7942_RS09115,0.100442841084813
SYNPCC7942_RS12285,SYNPCC7942_RS09385,0.100432273009635
SYNPCC7942_RS03160,SYNPCC7942_RS09420,0.100407009882948
SYNPCC7942_RS09065,SYNPCC7942_RS13955,0.100389768117891
SYNPCC7942_RS00645,SYNPCC7942_RS01465,0.100367356920227
SYNPCC7942_RS03465,SYNPCC7942_RS02365,0.100341390621783
SYNPCC7942_RS00455,SYNPCC7942_RS12180,0.100319933865679
SYNPCC7942_RS02830,SYNPCC7942_RS01555,0.100313881041948
SYNPCC7942_RS05870,SYNPCC7942_RS04620,0.100253184550763
SYNPCC7942_RS12560,SYNPCC7942_RS04000,0.10022466518384
SYNPCC7942_RS00455,SYNPCC7942_RS10270,0.100221853002543
SYNPCC7942_RS07185,SYNPCC7942_RS11515,0.100215584491845
SYNPCC7942_RS05870,SYNPCC7942_RS00135,0.100205696435365
SYNPCC7942_RS03160,SYNPCC7942_RS09770,0.100205458226227
SYNPCC7942_RS09435,SYNPCC7942_RS01305,0.10020225881624
SYNPCC7942_RS03465,SYNPCC7942_RS01715,0.100186551733414
SYNPCC7942_RS03160,SYNPCC7942_RS00690,0.100185559405404
SYNPCC7942_RS12560,SYNPCC7942_RS12230,0.100094926460737
SYNPCC7942_RS05870,SYNPCC7942_RS09005,0.100086710904179
SYNPCC7942_RS00455,SYNPCC7942_RS05350,0.10005879709807
SYNPCC7942_RS08885,SYNPCC7942_RS11925,0.100052877122178
SYNPCC7942_RS00455,SYNPCC7942_RS08655,0.10005261360126
SYNPCC7942_RS05870,SYNPCC7942_RS06805,0.100019382036364
SYNPCC7942_RS07435,SYNPCC7942_RS03170,0.100010336065356
SYNPCC7942_RS10700,SYNPCC7942_RS11640,0.0999982629055786
SYNPCC7942_RS03160,SYNPCC7942_RS09780,0.0999926066551594
SYNPCC7942_RS11465,SYNPCC7942_RS03240,0.0999667163467522
SYNPCC7942_RS05870,SYNPCC7942_RS02760,0.0999242246828076
SYNPCC7942_RS03440,SYNPCC7942_RS03055,0.0999157322460896
SYNPCC7942_RS10700,SYNPCC7942_RS09450,0.0999147683151958
SYNPCC7942_RS05870,SYNPCC7942_RS03170,0.0999120444972143
SYNPCC7942_RS03465,SYNPCC7942_RS03390,0.0998806962427653
SYNPCC7942_RS00645,SYNPCC7942_RS02895,0.099820202866089
SYNPCC7942_RS10700,SYNPCC7942_RS05560,0.0997915175571134
SYNPCC7942_RS10340,SYNPCC7942_RS02495,0.0997854671135443
SYNPCC7942_RS09160,SYNPCC7942_RS10795,0.0997747305821227
SYNPCC7942_RS02830,SYNPCC7942_RS00660,0.0997622881953219
SYNPCC7942_RS09435,SYNPCC7942_RS01335,0.099708718461904
SYNPCC7942_RS00380,SYNPCC7942_RS05285,0.0996932534819909
SYNPCC7942_RS12560,SYNPCC7942_RS06725,0.0996285575021571
SYNPCC7942_RS07185,SYNPCC7942_RS00630,0.0995898325966826
SYNPCC7942_RS03160,SYNPCC7942_RS03495,0.099588942439548
SYNPCC7942_RS07185,SYNPCC7942_RS06160,0.0995742242786675
SYNPCC7942_RS09160,SYNPCC7942_RS04130,0.0995723687807427
SYNPCC7942_RS05870,SYNPCC7942_RS13185,0.0995561075298626
SYNPCC7942_RS10350,SYNPCC7942_RS04355,0.099545390384957
SYNPCC7942_RS02830,SYNPCC7942_RS00175,0.099537545137679
SYNPCC7942_RS09500,SYNPCC7942_RS06930,0.0995150526933652
SYNPCC7942_RS07435,SYNPCC7942_RS03645,0.0995139994488642
SYNPCC7942_RS00480,SYNPCC7942_RS00470,0.0994320738613492
SYNPCC7942_RS03160,SYNPCC7942_RS12520,0.0993680400403954
SYNPCC7942_RS00380,SYNPCC7942_RS12930,0.099365205318667
SYNPCC7942_RS05070,SYNPCC7942_RS00525,0.0993488010202476
SYNPCC7942_RS09065,SYNPCC7942_RS08445,0.0993421344415557
SYNPCC7942_RS07435,SYNPCC7942_RS01660,0.0993130600934868
SYNPCC7942_RS07940,SYNPCC7942_RS03050,0.0992535801893522
SYNPCC7942_RS08885,SYNPCC7942_RS12545,0.0992344973782695
SYNPCC7942_RS03260,SYNPCC7942_RS12815,0.0992305724062903
SYNPCC7942_RS10700,SYNPCC7942_RS02475,0.0992153142138563
SYNPCC7942_RS00480,SYNPCC7942_RS10135,0.0992115919378583
SYNPCC7942_RS03160,SYNPCC7942_RS09615,0.0992096456346724
SYNPCC7942_RS07435,SYNPCC7942_RS04140,0.0992029022283618
SYNPCC7942_RS00645,SYNPCC7942_RS00455,0.0991930270743789
SYNPCC7942_RS07435,SYNPCC7942_RS01385,0.0991751445052894
SYNPCC7942_RS05870,SYNPCC7942_RS02875,0.0991596919603852
SYNPCC7942_RS03260,SYNPCC7942_RS11330,0.0991556348126217
SYNPCC7942_RS03160,SYNPCC7942_RS06810,0.0991462344555332
SYNPCC7942_RS07185,SYNPCC7942_RS12055,0.0991406040405934
SYNPCC7942_RS09740,SYNPCC7942_RS10460,0.0990492328946564
SYNPCC7942_RS03160,SYNPCC7942_RS01210,0.0990407415185164
SYNPCC7942_RS09380,SYNPCC7942_RS03485,0.0990314301968051
SYNPCC7942_RS00455,SYNPCC7942_RS00335,0.0990197629153456
SYNPCC7942_RS00645,SYNPCC7942_RS00850,0.0990005520353754
SYNPCC7942_RS09760,SYNPCC7942_RS08370,0.0989884053541846
SYNPCC7942_RS02895,SYNPCC7942_RS05375,0.0989867034925518
SYNPCC7942_RS10700,SYNPCC7942_RS07815,0.0989705099650964
SYNPCC7942_RS03075,SYNPCC7942_RS07175,0.0989466294771503
SYNPCC7942_RS03530,SYNPCC7942_RS01080,0.0989293843276627
SYNPCC7942_RS10700,SYNPCC7942_RS02325,0.0989071131715542
SYNPCC7942_RS10700,SYNPCC7942_RS09805,0.0988612845712669
SYNPCC7942_RS03075,SYNPCC7942_RS12680,0.098814422172637
SYNPCC7942_RS09740,SYNPCC7942_RS10735,0.0988063550767815
SYNPCC7942_RS09740,SYNPCC7942_RS08265,0.0987920965181019
SYNPCC7942_RS07435,SYNPCC7942_RS12855,0.0987911909469239
SYNPCC7942_RS00455,SYNPCC7942_RS10090,0.0987582983297309
SYNPCC7942_RS03465,SYNPCC7942_RS13925,0.0987491045146372
SYNPCC7942_RS05870,SYNPCC7942_RS06130,0.0987351312466775
SYNPCC7942_RS03260,SYNPCC7942_RS11225,0.0986689335164559
SYNPCC7942_RS03465,SYNPCC7942_RS12715,0.0986538561923888
SYNPCC7942_RS03075,SYNPCC7942_RS07225,0.0986184770045454
SYNPCC7942_RS03160,SYNPCC7942_RS02645,0.0986165201598213
SYNPCC7942_RS03465,SYNPCC7942_RS03930,0.0985536920855657
SYNPCC7942_RS00480,SYNPCC7942_RS00425,0.0985389135257357
SYNPCC7942_RS00645,SYNPCC7942_RS03175,0.098515330440375
SYNPCC7942_RS00455,SYNPCC7942_RS03670,0.0985151481666942
SYNPCC7942_RS03160,SYNPCC7942_RS09740,0.0985141210086576
SYNPCC7942_RS12560,SYNPCC7942_RS00775,0.0985126894167519
SYNPCC7942_RS11465,SYNPCC7942_RS05605,0.0985091881594371
SYNPCC7942_RS09740,SYNPCC7942_RS09375,0.0984932394824626
SYNPCC7942_RS00455,SYNPCC7942_RS04405,0.0984903289051316
SYNPCC7942_RS07185,SYNPCC7942_RS09600,0.0984868992267819
SYNPCC7942_RS09380,SYNPCC7942_RS04315,0.098486334258336
SYNPCC7942_RS06370,SYNPCC7942_RS05810,0.0984857630713706
SYNPCC7942_RS12560,SYNPCC7942_RS09120,0.0984745765788204
SYNPCC7942_RS03325,SYNPCC7942_RS09665,0.0984634027288096
SYNPCC7942_RS07435,SYNPCC7942_RS00645,0.0984534013205258
SYNPCC7942_RS09500,SYNPCC7942_RS00255,0.0984215695797285
SYNPCC7942_RS09160,SYNPCC7942_RS07465,0.098371556288755
SYNPCC7942_RS12560,SYNPCC7942_RS09795,0.0983645066021731
SYNPCC7942_RS13165,SYNPCC7942_RS02085,0.098363314036507
SYNPCC7942_RS10700,SYNPCC7942_RS07920,0.0983509797536845
SYNPCC7942_RS13165,SYNPCC7942_RS02080,0.0983463546902359
SYNPCC7942_RS07435,SYNPCC7942_RS02715,0.0983294927292198
SYNPCC7942_RS09760,SYNPCC7942_RS09810,0.0983248247340618
SYNPCC7942_RS03160,SYNPCC7942_RS03500,0.0983061752122004
SYNPCC7942_RS08780,SYNPCC7942_RS04225,0.098301273977125
SYNPCC7942_RS11465,SYNPCC7942_RS01195,0.0982944198834674
SYNPCC7942_RS07435,SYNPCC7942_RS08305,0.0982676532069142
SYNPCC7942_RS06370,SYNPCC7942_RS10375,0.0982452201462508
SYNPCC7942_RS03160,SYNPCC7942_RS11435,0.098226729986629
SYNPCC7942_RS00455,SYNPCC7942_RS12660,0.0982072936794967
SYNPCC7942_RS10700,SYNPCC7942_RS04935,0.0981993661398135
SYNPCC7942_RS08885,SYNPCC7942_RS10775,0.0981969380986756
SYNPCC7942_RS02830,SYNPCC7942_RS05925,0.0981851171922754
SYNPCC7942_RS05870,SYNPCC7942_RS10165,0.098162598261174
SYNPCC7942_RS07185,SYNPCC7942_RS06645,0.0981533118862033
SYNPCC7942_RS03075,SYNPCC7942_RS06120,0.0981510356665194
SYNPCC7942_RS07720,SYNPCC7942_RS12025,0.098117299815671
SYNPCC7942_RS03960,SYNPCC7942_RS13695,0.0981055532570516
SYNPCC7942_RS05870,SYNPCC7942_RS00725,0.0980834587443948
SYNPCC7942_RS03160,SYNPCC7942_RS04195,0.0980652749806101
SYNPCC7942_RS07185,SYNPCC7942_RS03625,0.0980493048715281
SYNPCC7942_RS03160,SYNPCC7942_RS09550,0.0980456746735488
SYNPCC7942_RS11465,SYNPCC7942_RS04500,0.0980157033131802
SYNPCC7942_RS06370,SYNPCC7942_RS10650,0.0980009868463596
SYNPCC7942_RS00455,SYNPCC7942_RS09860,0.0979809669906216
SYNPCC7942_RS12560,SYNPCC7942_RS06465,0.0979597429223995
SYNPCC7942_RS03260,SYNPCC7942_RS11250,0.0979481240342991
SYNPCC7942_RS13695,SYNPCC7942_RS03960,0.0979183865990547
SYNPCC7942_RS03160,SYNPCC7942_RS04905,0.0978920326475229
SYNPCC7942_RS08885,SYNPCC7942_RS02545,0.0978894624152221
SYNPCC7942_RS07435,SYNPCC7942_RS06715,0.0978447737104281
SYNPCC7942_RS09740,SYNPCC7942_RS02595,0.0978291765980317
SYNPCC7942_RS07435,SYNPCC7942_RS06315,0.0978190034898874
SYNPCC7942_RS10700,SYNPCC7942_RS00570,0.0978148592230653
SYNPCC7942_RS03160,SYNPCC7942_RS01850,0.0978127259365883
SYNPCC7942_RS03955,SYNPCC7942_RS00305,0.0978040154147802
SYNPCC7942_RS12560,SYNPCC7942_RS10820,0.0977415799738116
SYNPCC7942_RS00480,SYNPCC7942_RS02190,0.0977279450292524
SYNPCC7942_RS03160,SYNPCC7942_RS11755,0.0977238392555933
SYNPCC7942_RS03260,SYNPCC7942_RS10745,0.0977073915989992
SYNPCC7942_RS00455,SYNPCC7942_RS06115,0.0976674701979688
SYNPCC7942_RS08850,SYNPCC7942_RS08840,0.0976522523731318
SYNPCC7942_RS05870,SYNPCC7942_RS02100,0.0976496095176877
SYNPCC7942_RS00645,SYNPCC7942_RS02405,0.097638117974947
SYNPCC7942_RS02830,SYNPCC7942_RS05025,0.0976018784079749
SYNPCC7942_RS03440,SYNPCC7942_RS04845,0.0975950657598044
SYNPCC7942_RS03160,SYNPCC7942_RS02335,0.0975811926080427
SYNPCC7942_RS00645,SYNPCC7942_RS09710,0.097556800128531
SYNPCC7942_RS09740,SYNPCC7942_RS01125,0.0975371305726989
SYNPCC7942_RS09740,SYNPCC7942_RS05280,0.0975330364107565
SYNPCC7942_RS09740,SYNPCC7942_RS03535,0.0974975585325933
SYNPCC7942_RS03160,SYNPCC7942_RS11995,0.0974721719296135
SYNPCC7942_RS03160,SYNPCC7942_RS10525,0.097457689035956
SYNPCC7942_RS05870,SYNPCC7942_RS07655,0.0974504731274634
SYNPCC7942_RS10700,SYNPCC7942_RS06130,0.0974192237904757
SYNPCC7942_RS03160,SYNPCC7942_RS08895,0.0974111858234852
SYNPCC7942_RS12560,SYNPCC7942_RS02815,0.0973939423438692
SYNPCC7942_RS10700,SYNPCC7942_RS09730,0.0973937969924566
SYNPCC7942_RS07435,SYNPCC7942_RS06510,0.0973468370201502
SYNPCC7942_RS00455,SYNPCC7942_RS11430,0.0973347351425129
SYNPCC7942_RS03160,SYNPCC7942_RS04830,0.0973103149790612
SYNPCC7942_RS03465,SYNPCC7942_RS14105,0.0973083220187643
SYNPCC7942_RS09740,SYNPCC7942_RS00770,0.09728873482134
SYNPCC7942_RS07185,SYNPCC7942_RS12875,0.0972570284861059
SYNPCC7942_RS00455,SYNPCC7942_RS05105,0.0972414949006702
SYNPCC7942_RS03075,SYNPCC7942_RS08345,0.0972186315791604
SYNPCC7942_RS00645,SYNPCC7942_RS02260,0.0972178409986177
SYNPCC7942_RS07185,SYNPCC7942_RS10200,0.09721709077095
SYNPCC7942_RS07185,SYNPCC7942_RS10695,0.0972105491079025
SYNPCC7942_RS02830,SYNPCC7942_RS01415,0.0971973698307981
SYNPCC7942_RS09435,SYNPCC7942_RS09870,0.097183375071637
SYNPCC7942_RS13165,SYNPCC7942_RS09915,0.0971547914243606
SYNPCC7942_RS05870,SYNPCC7942_RS09635,0.0971483519647923
SYNPCC7942_RS10700,SYNPCC7942_RS10355,0.0971301570935529
SYNPCC7942_RS03465,SYNPCC7942_RS01500,0.0971135240669566
SYNPCC7942_RS00560,SYNPCC7942_RS00200,0.0970907929524663
SYNPCC7942_RS00765,SYNPCC7942_RS04160,0.0970708656650769
SYNPCC7942_RS09620,SYNPCC7942_RS12370,0.097049994866994
SYNPCC7942_RS09740,SYNPCC7942_RS11480,0.0970492074787196
SYNPCC7942_RS07185,SYNPCC7942_RS10275,0.097024446860027
SYNPCC7942_RS09935,SYNPCC7942_RS01535,0.0970080166404646
SYNPCC7942_RS03465,SYNPCC7942_RS00790,0.0969170895005893
SYNPCC7942_RS07940,SYNPCC7942_RS01795,0.0969149152313806
SYNPCC7942_RS10700,SYNPCC7942_RS06115,0.0969101218703029
SYNPCC7942_RS02830,SYNPCC7942_RS08515,0.0968440536271988
SYNPCC7942_RS02895,SYNPCC7942_RS10195,0.0968362354719537
SYNPCC7942_RS02895,SYNPCC7942_RS11400,0.0968162923771511
SYNPCC7942_RS07435,SYNPCC7942_RS01360,0.0968132434565255
SYNPCC7942_RS07435,SYNPCC7942_RS10330,0.0968063573076023
SYNPCC7942_RS11465,SYNPCC7942_RS14145,0.0967989754323871
SYNPCC7942_RS03160,SYNPCC7942_RS10765,0.0967754404800537
SYNPCC7942_RS00645,SYNPCC7942_RS00370,0.0967339118518725
SYNPCC7942_RS05870,SYNPCC7942_RS08360,0.0967322938077169
SYNPCC7942_RS09160,SYNPCC7942_RS09315,0.0967126297018459
SYNPCC7942_RS03530,SYNPCC7942_RS09620,0.0967062899452445
SYNPCC7942_RS10700,SYNPCC7942_RS11435,0.0966993332014956
SYNPCC7942_RS10700,SYNPCC7942_RS09440,0.0966940489442634
SYNPCC7942_RS03160,SYNPCC7942_RS04460,0.0966884533901419
SYNPCC7942_RS03325,SYNPCC7942_RS01435,0.0966843570949922
SYNPCC7942_RS08885,SYNPCC7942_RS06600,0.096683367309325
SYNPCC7942_RS09435,SYNPCC7942_RS10475,0.096682421311672
SYNPCC7942_RS04225,SYNPCC7942_RS08095,0.0966734493283175
SYNPCC7942_RS05640,SYNPCC7942_RS12060,0.0966724449626766
SYNPCC7942_RS02895,SYNPCC7942_RS01965,0.0966413327686061
SYNPCC7942_RS03160,SYNPCC7942_RS06485,0.0966165990695821
SYNPCC7942_RS03325,SYNPCC7942_RS08140,0.096605649396715
SYNPCC7942_RS03160,SYNPCC7942_RS08855,0.0966002761945129
SYNPCC7942_RS08885,SYNPCC7942_RS07660,0.096593185451832
SYNPCC7942_RS10700,SYNPCC7942_RS06905,0.096510519395989
SYNPCC7942_RS09740,SYNPCC7942_RS08155,0.0964915452349244
SYNPCC7942_RS11465,SYNPCC7942_RS06400,0.0964904085640168
SYNPCC7942_RS08405,SYNPCC7942_RS08400,0.0964851860533917
SYNPCC7942_RS09760,SYNPCC7942_RS09150,0.0964731160820553
SYNPCC7942_RS09435,SYNPCC7942_RS05230,0.0964481648117455
SYNPCC7942_RS00455,SYNPCC7942_RS11995,0.096433168667544
SYNPCC7942_RS10170,SYNPCC7942_RS10495,0.0963770634873491
SYNPCC7942_RS09160,SYNPCC7942_RS05125,0.0963730334139053
SYNPCC7942_RS00455,SYNPCC7942_RS05500,0.0963639747449842
SYNPCC7942_RS00455,SYNPCC7942_RS06905,0.0963478055055993
SYNPCC7942_RS03955,SYNPCC7942_RS00270,0.0963417073308443
SYNPCC7942_RS05870,SYNPCC7942_RS03455,0.0963247600887188
SYNPCC7942_RS07435,SYNPCC7942_RS12670,0.0962913028406373
SYNPCC7942_RS03960,SYNPCC7942_RS11955,0.096254174806141
SYNPCC7942_RS07940,SYNPCC7942_RS07945,0.0962528697738841
SYNPCC7942_RS03160,SYNPCC7942_RS00655,0.0962207059922486
SYNPCC7942_RS10340,SYNPCC7942_RS13965,0.0962122447401508
SYNPCC7942_RS12285,SYNPCC7942_RS04065,0.0962032012842522
SYNPCC7942_RS00455,SYNPCC7942_RS11590,0.0961807730560586
SYNPCC7942_RS05870,SYNPCC7942_RS04455,0.096133663250306
SYNPCC7942_RS00455,SYNPCC7942_RS01970,0.0961275000097064
SYNPCC7942_RS00645,SYNPCC7942_RS10330,0.0961218728261254
SYNPCC7942_RS10040,SYNPCC7942_RS02690,0.0961212817022073
SYNPCC7942_RS09380,SYNPCC7942_RS12350,0.0960834153623507
SYNPCC7942_RS13165,SYNPCC7942_RS10925,0.0960664690806529
SYNPCC7942_RS03160,SYNPCC7942_RS07995,0.0960586177400969
SYNPCC7942_RS03075,SYNPCC7942_RS05340,0.0960556441303407
SYNPCC7942_RS07185,SYNPCC7942_RS04205,0.0960555187318813
SYNPCC7942_RS10700,SYNPCC7942_RS01215,0.0960431233126775
SYNPCC7942_RS09380,SYNPCC7942_RS02370,0.0960390790385765
SYNPCC7942_RS05195,SYNPCC7942_RS00955,0.0960366688705348
SYNPCC7942_RS12560,SYNPCC7942_RS03525,0.0960288093867689
SYNPCC7942_RS07185,SYNPCC7942_RS00610,0.0960278882449619
SYNPCC7942_RS07435,SYNPCC7942_RS10420,0.0959633698493265
SYNPCC7942_RS05870,SYNPCC7942_RS02105,0.0959165169904795
SYNPCC7942_RS03960,SYNPCC7942_RS13725,0.0959061370637565
SYNPCC7942_RS07720,SYNPCC7942_RS01775,0.0959053375844465
SYNPCC7942_RS03160,SYNPCC7942_RS02025,0.0958671536460917
SYNPCC7942_RS09740,SYNPCC7942_RS12565,0.0958586804641647
SYNPCC7942_RS03465,SYNPCC7942_RS05880,0.095854642079962
SYNPCC7942_RS05870,SYNPCC7942_RS04770,0.0958526141932302
SYNPCC7942_RS03160,SYNPCC7942_RS11930,0.0957853078098185
SYNPCC7942_RS07805,SYNPCC7942_RS10425,0.0957768016690956
SYNPCC7942_RS03075,SYNPCC7942_RS10155,0.0957763850911638
SYNPCC7942_RS10700,SYNPCC7942_RS03160,0.0957666165107599
SYNPCC7942_RS03465,SYNPCC7942_RS08495,0.0957651536846984
SYNPCC7942_RS03160,SYNPCC7942_RS08960,0.0957467698864814
SYNPCC7942_RS00645,SYNPCC7942_RS03670,0.0957420960958478
SYNPCC7942_RS00455,SYNPCC7942_RS06580,0.0957328885509668
SYNPCC7942_RS12275,SYNPCC7942_RS06505,0.0957298531378189
SYNPCC7942_RS09740,SYNPCC7942_RS08525,0.0957259123150661
SYNPCC7942_RS03160,SYNPCC7942_RS08525,0.0957081455038684
SYNPCC7942_RS10040,SYNPCC7942_RS05050,0.0957077509748447
SYNPCC7942_RS09065,SYNPCC7942_RS01250,0.0957033703303058
SYNPCC7942_RS08405,SYNPCC7942_RS09150,0.0956999672133602
SYNPCC7942_RS09740,SYNPCC7942_RS09020,0.0956861248066374
SYNPCC7942_RS07720,SYNPCC7942_RS01200,0.0956816309640769
SYNPCC7942_RS00645,SYNPCC7942_RS12085,0.0956722722067165
SYNPCC7942_RS03160,SYNPCC7942_RS01160,0.0956438255243559
SYNPCC7942_RS12560,SYNPCC7942_RS04055,0.0955997301857154
SYNPCC7942_RS07805,SYNPCC7942_RS11920,0.0955808536332756
SYNPCC7942_RS03160,SYNPCC7942_RS01055,0.0955746167018834
SYNPCC7942_RS09740,SYNPCC7942_RS09220,0.095551252950086
SYNPCC7942_RS03075,SYNPCC7942_RS12115,0.0955366833785822
SYNPCC7942_RS09380,SYNPCC7942_RS00510,0.0955342957902111
SYNPCC7942_RS12560,SYNPCC7942_RS12205,0.0955261194407255
SYNPCC7942_RS09620,SYNPCC7942_RS12830,0.095491793897798
SYNPCC7942_RS12560,SYNPCC7942_RS02020,0.0954906683177798
SYNPCC7942_RS03160,SYNPCC7942_RS07745,0.095483533696023
SYNPCC7942_RS10700,SYNPCC7942_RS01845,0.095471741237061
SYNPCC7942_RS03160,SYNPCC7942_RS01275,0.095457310053906
SYNPCC7942_RS09380,SYNPCC7942_RS06920,0.0954569767194998
SYNPCC7942_RS02830,SYNPCC7942_RS02825,0.0954290910096919
SYNPCC7942_RS07185,SYNPCC7942_RS11535,0.0954111955766264
SYNPCC7942_RS12275,SYNPCC7942_RS06260,0.0953930116041585
SYNPCC7942_RS09500,SYNPCC7942_RS06320,0.0953399511756036
SYNPCC7942_RS12560,SYNPCC7942_RS07095,0.0952699394113202
SYNPCC7942_RS00645,SYNPCC7942_RS03100,0.095251216069979
SYNPCC7942_RS09740,SYNPCC7942_RS03135,0.0952497503425829
SYNPCC7942_RS03160,SYNPCC7942_RS11485,0.0952240904262103
SYNPCC7942_RS03075,SYNPCC7942_RS01560,0.0951936614635852
SYNPCC7942_RS03955,SYNPCC7942_RS07860,0.0951930323575261
SYNPCC7942_RS09740,SYNPCC7942_RS05635,0.0951741977064517
SYNPCC7942_RS09740,SYNPCC7942_RS00680,0.0951623121759703
SYNPCC7942_RS12560,SYNPCC7942_RS05055,0.0951443650228707
SYNPCC7942_RS00455,SYNPCC7942_RS02465,0.0951059019340952
SYNPCC7942_RS07435,SYNPCC7942_RS04770,0.09510513259518
SYNPCC7942_RS03075,SYNPCC7942_RS12685,0.0950798527829195
SYNPCC7942_RS00455,SYNPCC7942_RS10305,0.0950793431870727
SYNPCC7942_RS09990,SYNPCC7942_RS06700,0.0950740291827051
SYNPCC7942_RS09380,SYNPCC7942_RS08440,0.0950604528105577
SYNPCC7942_RS02895,SYNPCC7942_RS05390,0.0950441600721677
SYNPCC7942_RS06370,SYNPCC7942_RS01265,0.0950345400605005
SYNPCC7942_RS00645,SYNPCC7942_RS02465,0.095016892652456
SYNPCC7942_RS07185,SYNPCC7942_RS09620,0.0949929718967294
SYNPCC7942_RS09740,SYNPCC7942_RS08145,0.0949845347656595
SYNPCC7942_RS10700,SYNPCC7942_RS09615,0.0949738841396446
SYNPCC7942_RS08850,SYNPCC7942_RS12625,0.0949671968204076
SYNPCC7942_RS00645,SYNPCC7942_RS08735,0.094966318792273
SYNPCC7942_RS07185,SYNPCC7942_RS00835,0.0949475490100255
SYNPCC7942_RS03440,SYNPCC7942_RS05330,0.0949369099018126
SYNPCC7942_RS07435,SYNPCC7942_RS03670,0.094911749416236
SYNPCC7942_RS07435,SYNPCC7942_RS10575,0.0949064112784444
SYNPCC7942_RS02830,SYNPCC7942_RS08030,0.0948971849779833
SYNPCC7942_RS09740,SYNPCC7942_RS10010,0.0948518103344625
SYNPCC7942_RS03075,SYNPCC7942_RS11730,0.0948347780722602
SYNPCC7942_RS09380,SYNPCC7942_RS12120,0.0947979154700521
SYNPCC7942_RS07185,SYNPCC7942_RS11815,0.0947639409339016
SYNPCC7942_RS05870,SYNPCC7942_RS04060,0.094739632550045
SYNPCC7942_RS00455,SYNPCC7942_RS10700,0.0947241608514872
SYNPCC7942_RS03160,SYNPCC7942_RS06800,0.0947212342900946
SYNPCC7942_RS00560,SYNPCC7942_RS00655,0.0947171746290861
SYNPCC7942_RS03325,SYNPCC7942_RS00100,0.0946888944497142
SYNPCC7942_RS09160,SYNPCC7942_RS09140,0.0946781039647962
SYNPCC7942_RS03075,SYNPCC7942_RS05970,0.09466564008742
SYNPCC7942_RS02830,SYNPCC7942_RS05930,0.094665000196292
SYNPCC7942_RS03160,SYNPCC7942_RS09510,0.0946613630305127
SYNPCC7942_RS07435,SYNPCC7942_RS10305,0.0946591096676136
SYNPCC7942_RS03440,SYNPCC7942_RS09915,0.0946556771708194
SYNPCC7942_RS13165,SYNPCC7942_RS09910,0.0945949425825721
SYNPCC7942_RS08405,SYNPCC7942_RS11960,0.0945909478300113
SYNPCC7942_RS03160,SYNPCC7942_RS04685,0.0945798293128252
SYNPCC7942_RS02895,SYNPCC7942_RS07385,0.0945705863466065
SYNPCC7942_RS12275,SYNPCC7942_RS09035,0.0945642986103631
SYNPCC7942_RS09380,SYNPCC7942_RS00175,0.094558313004757
SYNPCC7942_RS12275,SYNPCC7942_RS09475,0.0945572375597515
SYNPCC7942_RS09160,SYNPCC7942_RS12710,0.0945570807972631
SYNPCC7942_RS05870,SYNPCC7942_RS10120,0.094555397056079
SYNPCC7942_RS00765,SYNPCC7942_RS04015,0.0945545502890659
SYNPCC7942_RS08885,SYNPCC7942_RS07355,0.0945457831927468
SYNPCC7942_RS09160,SYNPCC7942_RS05045,0.0945327491435154
SYNPCC7942_RS06370,SYNPCC7942_RS01795,0.0945219973352179
SYNPCC7942_RS00455,SYNPCC7942_RS11595,0.094452411761986
SYNPCC7942_RS09620,SYNPCC7942_RS05755,0.0944450714924353
SYNPCC7942_RS08885,SYNPCC7942_RS12590,0.0944332696761827
SYNPCC7942_RS07185,SYNPCC7942_RS12185,0.0944326474738771
SYNPCC7942_RS03465,SYNPCC7942_RS12115,0.0944085247233571
SYNPCC7942_RS11465,SYNPCC7942_RS08325,0.0943974867265075
SYNPCC7942_RS00380,SYNPCC7942_RS10470,0.0943452285722231
SYNPCC7942_RS03465,SYNPCC7942_RS11985,0.0943438730941314
SYNPCC7942_RS03160,SYNPCC7942_RS12050,0.0943139539555675
SYNPCC7942_RS07805,SYNPCC7942_RS07605,0.0943012089820358
SYNPCC7942_RS00645,SYNPCC7942_RS10310,0.0942819911396711
SYNPCC7942_RS07435,SYNPCC7942_RS02570,0.0942802074905505
SYNPCC7942_RS00645,SYNPCC7942_RS06340,0.0942770053802191
SYNPCC7942_RS10700,SYNPCC7942_RS02255,0.0942464401813583
SYNPCC7942_RS03160,SYNPCC7942_RS08165,0.0942436923262915
SYNPCC7942_RS03955,SYNPCC7942_RS03960,0.0942274778906904
SYNPCC7942_RS10700,SYNPCC7942_RS01530,0.0941895907666375
SYNPCC7942_RS10700,SYNPCC7942_RS11475,0.0941681049670324
SYNPCC7942_RS11050,SYNPCC7942_RS10495,0.094158717114893
SYNPCC7942_RS05870,SYNPCC7942_RS04290,0.0941582091341266
SYNPCC7942_RS09065,SYNPCC7942_RS07260,0.0941553566247539
SYNPCC7942_RS07435,SYNPCC7942_RS01685,0.0941429685559834
SYNPCC7942_RS12560,SYNPCC7942_RS10530,0.0941384759790413
SYNPCC7942_RS03465,SYNPCC7942_RS05620,0.09413286088195
SYNPCC7942_RS02830,SYNPCC7942_RS11185,0.0941130659458172
SYNPCC7942_RS08850,SYNPCC7942_RS11200,0.0941127102157768
SYNPCC7942_RS00455,SYNPCC7942_RS07730,0.094105795516259
SYNPCC7942_RS07435,SYNPCC7942_RS07790,0.0940957536349594
SYNPCC7942_RS00645,SYNPCC7942_RS01375,0.0940833914261366
SYNPCC7942_RS10700,SYNPCC7942_RS00720,0.0940694723077448
SYNPCC7942_RS09740,SYNPCC7942_RS07305,0.0940680768624883
SYNPCC7942_RS03160,SYNPCC7942_RS05580,0.0940124929886255
SYNPCC7942_RS00455,SYNPCC7942_RS01780,0.0940052534263174
SYNPCC7942_RS00645,SYNPCC7942_RS09865,0.0940000100540168
SYNPCC7942_RS08820,SYNPCC7942_RS09250,0.0939988335425077
SYNPCC7942_RS03160,SYNPCC7942_RS07060,0.0939780123805883
SYNPCC7942_RS09380,SYNPCC7942_RS09890,0.0939584744281389
SYNPCC7942_RS12560,SYNPCC7942_RS02795,0.0939276498357199
SYNPCC7942_RS10170,SYNPCC7942_RS04250,0.093926158673081
SYNPCC7942_RS07185,SYNPCC7942_RS11090,0.0939229501609692
SYNPCC7942_RS05070,SYNPCC7942_RS09955,0.0939164371161403
SYNPCC7942_RS09620,SYNPCC7942_RS14170,0.0939037425689532
SYNPCC7942_RS03465,SYNPCC7942_RS12260,0.0939005731846028
SYNPCC7942_RS05870,SYNPCC7942_RS06385,0.0938991533157234
SYNPCC7942_RS10170,SYNPCC7942_RS06775,0.0938644049576216
SYNPCC7942_RS03260,SYNPCC7942_RS06245,0.093845449039551
SYNPCC7942_RS10700,SYNPCC7942_RS11995,0.0938445632666584
SYNPCC7942_RS10700,SYNPCC7942_RS09455,0.0938410969052835
SYNPCC7942_RS03160,SYNPCC7942_RS02200,0.0938306414939091
SYNPCC7942_RS07435,SYNPCC7942_RS04050,0.0938248072579241
SYNPCC7942_RS05870,SYNPCC7942_RS05570,0.0938065058759401
SYNPCC7942_RS10170,SYNPCC7942_RS00240,0.093793240400689
SYNPCC7942_RS09065,SYNPCC7942_RS09875,0.0937802930375045
SYNPCC7942_RS07435,SYNPCC7942_RS06690,0.0937785767010423
SYNPCC7942_RS04225,SYNPCC7942_RS10800,0.0937425436901885
SYNPCC7942_RS00480,SYNPCC7942_RS09945,0.0937274464319539
SYNPCC7942_RS03955,SYNPCC7942_RS07510,0.0937203220820403
SYNPCC7942_RS00455,SYNPCC7942_RS05785,0.0937163828827208
SYNPCC7942_RS08820,SYNPCC7942_RS10040,0.0937008172103615
SYNPCC7942_RS10700,SYNPCC7942_RS06225,0.0937004975438433
SYNPCC7942_RS03160,SYNPCC7942_RS04170,0.0936875087555464
SYNPCC7942_RS03955,SYNPCC7942_RS07520,0.0936748151456385
SYNPCC7942_RS06370,SYNPCC7942_RS10310,0.0936738304517945
SYNPCC7942_RS10040,SYNPCC7942_RS11135,0.0936735661061763
SYNPCC7942_RS09160,SYNPCC7942_RS07325,0.093635469631957
SYNPCC7942_RS00455,SYNPCC7942_RS09440,0.0936266803216564
SYNPCC7942_RS11465,SYNPCC7942_RS11420,0.0936204691381095
SYNPCC7942_RS10700,SYNPCC7942_RS11590,0.093611960690939
SYNPCC7942_RS03160,SYNPCC7942_RS12070,0.093607739730214
SYNPCC7942_RS03160,SYNPCC7942_RS08170,0.0936044408968141
SYNPCC7942_RS03465,SYNPCC7942_RS11935,0.0935985950392754
SYNPCC7942_RS03325,SYNPCC7942_RS08155,0.09359493263709
SYNPCC7942_RS09620,SYNPCC7942_RS02285,0.0935667179134293
SYNPCC7942_RS03075,SYNPCC7942_RS12675,0.0935552753277812
SYNPCC7942_RS00645,SYNPCC7942_RS10060,0.0935430716819511
SYNPCC7942_RS08885,SYNPCC7942_RS10250,0.093532446343285
SYNPCC7942_RS03160,SYNPCC7942_RS03620,0.0935070269956169
SYNPCC7942_RS03160,SYNPCC7942_RS01820,0.093504094426984
SYNPCC7942_RS10700,SYNPCC7942_RS02580,0.0934681366861372
SYNPCC7942_RS03160,SYNPCC7942_RS10700,0.0934629685835522
SYNPCC7942_RS12560,SYNPCC7942_RS07925,0.0934282118577346
SYNPCC7942_RS03465,SYNPCC7942_RS06190,0.0934081287038727
SYNPCC7942_RS00645,SYNPCC7942_RS06365,0.0933842877340772
SYNPCC7942_RS09380,SYNPCC7942_RS03615,0.0933790470412217
SYNPCC7942_RS05070,SYNPCC7942_RS13870,0.0933598322453087
SYNPCC7942_RS07805,SYNPCC7942_RS03210,0.0933313945437139
SYNPCC7942_RS09065,SYNPCC7942_RS00510,0.093328533779813
SYNPCC7942_RS12560,SYNPCC7942_RS10870,0.0933186125551123
SYNPCC7942_RS03160,SYNPCC7942_RS02810,0.0932887213647405
SYNPCC7942_RS09620,SYNPCC7942_RS03530,0.0932107498656786
SYNPCC7942_RS05070,SYNPCC7942_RS06175,0.0932054007310288
SYNPCC7942_RS05870,SYNPCC7942_RS04285,0.0931821371323473
SYNPCC7942_RS07435,SYNPCC7942_RS01290,0.093173369802138
SYNPCC7942_RS06370,SYNPCC7942_RS11095,0.0931704822196283
SYNPCC7942_RS12560,SYNPCC7942_RS04095,0.093135264850856
SYNPCC7942_RS06700,SYNPCC7942_RS04655,0.0931300919221013
SYNPCC7942_RS03075,SYNPCC7942_RS12975,0.0931288751688835
SYNPCC7942_RS09065,SYNPCC7942_RS13905,0.0931195782887204
SYNPCC7942_RS05870,SYNPCC7942_RS11590,0.0931149046297535
SYNPCC7942_RS09380,SYNPCC7942_RS07175,0.0931077877186643
SYNPCC7942_RS06700,SYNPCC7942_RS07540,0.0930729284463458
SYNPCC7942_RS12560,SYNPCC7942_RS02595,0.0930455598021117
SYNPCC7942_RS03440,SYNPCC7942_RS09035,0.0929837959711922
SYNPCC7942_RS09620,SYNPCC7942_RS00345,0.0929706316279601
SYNPCC7942_RS05870,SYNPCC7942_RS00640,0.0929493868668214
SYNPCC7942_RS02830,SYNPCC7942_RS02370,0.0929478390622768
SYNPCC7942_RS07435,SYNPCC7942_RS05405,0.0929372660980465
SYNPCC7942_RS08885,SYNPCC7942_RS09535,0.092924147348876
SYNPCC7942_RS12560,SYNPCC7942_RS07235,0.0929095213877422
SYNPCC7942_RS05070,SYNPCC7942_RS10430,0.0928887238387004
SYNPCC7942_RS10350,SYNPCC7942_RS00755,0.0928844801812828
SYNPCC7942_RS03160,SYNPCC7942_RS00380,0.0928820947505331
SYNPCC7942_RS00455,SYNPCC7942_RS01820,0.0928787737783655
SYNPCC7942_RS00455,SYNPCC7942_RS05405,0.0928441608446941
SYNPCC7942_RS09990,SYNPCC7942_RS09655,0.0928305161590988
SYNPCC7942_RS03075,SYNPCC7942_RS12140,0.0928145347550786
SYNPCC7942_RS03075,SYNPCC7942_RS06655,0.0928061017372948
SYNPCC7942_RS08645,SYNPCC7942_RS04000,0.092787169267119
SYNPCC7942_RS03160,SYNPCC7942_RS01520,0.0927708514188208
SYNPCC7942_RS09380,SYNPCC7942_RS12965,0.0927675794828533
SYNPCC7942_RS00645,SYNPCC7942_RS12175,0.0927518775147606
SYNPCC7942_RS07435,SYNPCC7942_RS12665,0.092751847810537
SYNPCC7942_RS05870,SYNPCC7942_RS02725,0.0927493758682417
SYNPCC7942_RS00455,SYNPCC7942_RS10325,0.0927333962208526
SYNPCC7942_RS03160,SYNPCC7942_RS10945,0.0927248251510173
SYNPCC7942_RS10340,SYNPCC7942_RS02265,0.0927237089835324
SYNPCC7942_RS12560,SYNPCC7942_RS08275,0.092721759843621
SYNPCC7942_RS03160,SYNPCC7942_RS03635,0.0927046429798286
SYNPCC7942_RS07435,SYNPCC7942_RS06710,0.0926956888036943
SYNPCC7942_RS09740,SYNPCC7942_RS04370,0.0926673376624127
SYNPCC7942_RS12285,SYNPCC7942_RS13300,0.0926667081490659
SYNPCC7942_RS09740,SYNPCC7942_RS08255,0.092650191899355
SYNPCC7942_RS11465,SYNPCC7942_RS14140,0.0926373388681477
SYNPCC7942_RS07185,SYNPCC7942_RS03430,0.0926373257368428
SYNPCC7942_RS09740,SYNPCC7942_RS00355,0.0926200898353706
SYNPCC7942_RS03160,SYNPCC7942_RS00685,0.0926192138973686
SYNPCC7942_RS03465,SYNPCC7942_RS04315,0.0925934737215458
SYNPCC7942_RS09760,SYNPCC7942_RS06700,0.0925725212355202
SYNPCC7942_RS05640,SYNPCC7942_RS08670,0.0925615800267049
SYNPCC7942_RS00645,SYNPCC7942_RS06335,0.0925409319890426
SYNPCC7942_RS09740,SYNPCC7942_RS02025,0.0924729082081398
SYNPCC7942_RS08885,SYNPCC7942_RS09955,0.0924691044999823
SYNPCC7942_RS12275,SYNPCC7942_RS06220,0.0924555537853078
SYNPCC7942_RS07435,SYNPCC7942_RS04450,0.092455138482356
SYNPCC7942_RS10700,SYNPCC7942_RS08490,0.092450932040619
SYNPCC7942_RS05870,SYNPCC7942_RS04460,0.0924313388523043
SYNPCC7942_RS03465,SYNPCC7942_RS12450,0.092425299235952
SYNPCC7942_RS03160,SYNPCC7942_RS01625,0.0924111082924885
SYNPCC7942_RS00455,SYNPCC7942_RS06660,0.0924074437218247
SYNPCC7942_RS13165,SYNPCC7942_RS02230,0.0924000936769575
SYNPCC7942_RS03160,SYNPCC7942_RS02475,0.0923975506206091
SYNPCC7942_RS10700,SYNPCC7942_RS07455,0.0923965187349597
SYNPCC7942_RS03160,SYNPCC7942_RS01730,0.0923820144157559
SYNPCC7942_RS07185,SYNPCC7942_RS10915,0.0923739143893858
SYNPCC7942_RS10700,SYNPCC7942_RS00325,0.0923726286617834
SYNPCC7942_RS00645,SYNPCC7942_RS07735,0.092360609535756
SYNPCC7942_RS08885,SYNPCC7942_RS09145,0.0923485794271077
SYNPCC7942_RS10340,SYNPCC7942_RS11725,0.0923351160241731
SYNPCC7942_RS03465,SYNPCC7942_RS01705,0.0923308215552579
SYNPCC7942_RS05870,SYNPCC7942_RS10995,0.0923261958536203
SYNPCC7942_RS05070,SYNPCC7942_RS04200,0.0923258484378927
SYNPCC7942_RS00645,SYNPCC7942_RS01155,0.0923199371685339
SYNPCC7942_RS05230,SYNPCC7942_RS08415,0.0922994301670167
SYNPCC7942_RS07435,SYNPCC7942_RS05140,0.0922927043715876
SYNPCC7942_RS03325,SYNPCC7942_RS04750,0.092283208246278
SYNPCC7942_RS03440,SYNPCC7942_RS08840,0.092265301802755
SYNPCC7942_RS03160,SYNPCC7942_RS00385,0.0922641767979775
SYNPCC7942_RS08580,SYNPCC7942_RS08560,0.0922165293321392
SYNPCC7942_RS03160,SYNPCC7942_RS00770,0.0922151274344183
SYNPCC7942_RS13165,SYNPCC7942_RS11370,0.0921667305475547
SYNPCC7942_RS00455,SYNPCC7942_RS10980,0.0921638641176378
SYNPCC7942_RS09380,SYNPCC7942_RS11365,0.0921484013614061
SYNPCC7942_RS00765,SYNPCC7942_RS04325,0.0921457604316083
SYNPCC7942_RS09500,SYNPCC7942_RS09405,0.0921272959308237
SYNPCC7942_RS02830,SYNPCC7942_RS09270,0.0921154291178167
SYNPCC7942_RS00645,SYNPCC7942_RS02940,0.0920886062224738
SYNPCC7942_RS05870,SYNPCC7942_RS01750,0.0920823827126709
SYNPCC7942_RS10165,SYNPCC7942_RS07840,0.0920758964206121
SYNPCC7942_RS00455,SYNPCC7942_RS06490,0.09207116949884
SYNPCC7942_RS09160,SYNPCC7942_RS12865,0.0920696744631381
SYNPCC7942_RS03160,SYNPCC7942_RS10175,0.0920690592450338
SYNPCC7942_RS08780,SYNPCC7942_RS00665,0.0920666860929441
SYNPCC7942_RS12560,SYNPCC7942_RS04925,0.0920629860650083
SYNPCC7942_RS10700,SYNPCC7942_RS02295,0.0920523119357017
SYNPCC7942_RS00455,SYNPCC7942_RS12175,0.0920517722824167
SYNPCC7942_RS13165,SYNPCC7942_RS03220,0.092028527922438
SYNPCC7942_RS05870,SYNPCC7942_RS12085,0.0920278123215167
SYNPCC7942_RS07185,SYNPCC7942_RS07050,0.0920251623088542
SYNPCC7942_RS03260,SYNPCC7942_RS11240,0.0920211616333565
SYNPCC7942_RS09065,SYNPCC7942_RS01590,0.0920051758710775
SYNPCC7942_RS05870,SYNPCC7942_RS09455,0.0920021457394632
SYNPCC7942_RS10700,SYNPCC7942_RS11665,0.0920003963352308
SYNPCC7942_RS09740,SYNPCC7942_RS08260,0.0919906014901546
SYNPCC7942_RS00645,SYNPCC7942_RS03090,0.0919699266881441
SYNPCC7942_RS00455,SYNPCC7942_RS04185,0.0919644002921246
SYNPCC7942_RS03465,SYNPCC7942_RS11210,0.0919586976759544
SYNPCC7942_RS03465,SYNPCC7942_RS09025,0.0919459268763463
SYNPCC7942_RS09065,SYNPCC7942_RS13255,0.0919150814778201
SYNPCC7942_RS08820,SYNPCC7942_RS07165,0.0919083777781123
SYNPCC7942_RS08885,SYNPCC7942_RS10220,0.0919004333831964
SYNPCC7942_RS12275,SYNPCC7942_RS13715,0.0918989866354757
SYNPCC7942_RS00645,SYNPCC7942_RS12180,0.0918628115621374
SYNPCC7942_RS12560,SYNPCC7942_RS03185,0.0918488357517075
SYNPCC7942_RS09620,SYNPCC7942_RS08710,0.0918413124238486
SYNPCC7942_RS12560,SYNPCC7942_RS01640,0.091828169807653
SYNPCC7942_RS09740,SYNPCC7942_RS03125,0.0917927210161768
SYNPCC7942_RS03160,SYNPCC7942_RS12470,0.0917702892796121
SYNPCC7942_RS10700,SYNPCC7942_RS00780,0.0917472158134871
SYNPCC7942_RS07185,SYNPCC7942_RS08790,0.091699657788022
SYNPCC7942_RS10700,SYNPCC7942_RS10315,0.0916946849917352
SYNPCC7942_RS09500,SYNPCC7942_RS05800,0.0916790076861882
SYNPCC7942_RS00455,SYNPCC7942_RS09970,0.091677318411255
SYNPCC7942_RS07435,SYNPCC7942_RS13930,0.0916704663165601
SYNPCC7942_RS09380,SYNPCC7942_RS03605,0.0916681375864567
SYNPCC7942_RS03075,SYNPCC7942_RS08660,0.0916597085830134
SYNPCC7942_RS12560,SYNPCC7942_RS03290,0.0916436881400668
SYNPCC7942_RS10700,SYNPCC7942_RS10765,0.0916050659804524
SYNPCC7942_RS12560,SYNPCC7942_RS11375,0.0916009342393185
SYNPCC7942_RS09740,SYNPCC7942_RS01180,0.0915956018718279
SYNPCC7942_RS07435,SYNPCC7942_RS00980,0.0915659326332203
SYNPCC7942_RS07435,SYNPCC7942_RS11905,0.0915547909341555
SYNPCC7942_RS03325,SYNPCC7942_RS12485,0.0915511974964184
SYNPCC7942_RS00645,SYNPCC7942_RS00005,0.0915233968372372
SYNPCC7942_RS03160,SYNPCC7942_RS00110,0.0914995933006379
SYNPCC7942_RS03075,SYNPCC7942_RS01025,0.0914885822237921
SYNPCC7942_RS00455,SYNPCC7942_RS07115,0.0914825829179715
SYNPCC7942_RS00455,SYNPCC7942_RS07735,0.0914619112156844
SYNPCC7942_RS03465,SYNPCC7942_RS03990,0.091436586242624
SYNPCC7942_RS05870,SYNPCC7942_RS04545,0.0914349483664591
SYNPCC7942_RS05870,SYNPCC7942_RS06715,0.0914295073728788
SYNPCC7942_RS10700,SYNPCC7942_RS09265,0.0914261025725195
SYNPCC7942_RS03530,SYNPCC7942_RS14060,0.0914216015462081
SYNPCC7942_RS03075,SYNPCC7942_RS00195,0.0914125985271484
SYNPCC7942_RS11465,SYNPCC7942_RS12500,0.0913910793689056
SYNPCC7942_RS09380,SYNPCC7942_RS08505,0.091357284827557
SYNPCC7942_RS07435,SYNPCC7942_RS04265,0.0913271232113728
SYNPCC7942_RS09380,SYNPCC7942_RS02535,0.0913227484301625
SYNPCC7942_RS09620,SYNPCC7942_RS09790,0.0912911268586377
SYNPCC7942_RS00645,SYNPCC7942_RS01700,0.091285749927434
SYNPCC7942_RS13165,SYNPCC7942_RS02240,0.0912549517442891
SYNPCC7942_RS03160,SYNPCC7942_RS02005,0.0912537710638479
SYNPCC7942_RS03325,SYNPCC7942_RS10735,0.0911851193292112
SYNPCC7942_RS03955,SYNPCC7942_RS00290,0.0911756478282503
SYNPCC7942_RS03465,SYNPCC7942_RS12395,0.0911406846310938
SYNPCC7942_RS03160,SYNPCC7942_RS10470,0.0911386622389811
SYNPCC7942_RS03465,SYNPCC7942_RS09715,0.0910972023960858
SYNPCC7942_RS05870,SYNPCC7942_RS09665,0.0910912518730616
SYNPCC7942_RS09620,SYNPCC7942_RS13000,0.0910891573295643
SYNPCC7942_RS03160,SYNPCC7942_RS00940,0.0910828529304884
SYNPCC7942_RS03260,SYNPCC7942_RS11255,0.0910508570655247
SYNPCC7942_RS13165,SYNPCC7942_RS12735,0.0910369359529285
SYNPCC7942_RS10170,SYNPCC7942_RS03790,0.0910299042315193
SYNPCC7942_RS03160,SYNPCC7942_RS00735,0.0910279193179886
SYNPCC7942_RS09740,SYNPCC7942_RS04240,0.0910266931404456
SYNPCC7942_RS03160,SYNPCC7942_RS03230,0.0910152848808672
SYNPCC7942_RS00380,SYNPCC7942_RS04025,0.0910108071571091
SYNPCC7942_RS04835,SYNPCC7942_RS02520,0.0909804582609594
SYNPCC7942_RS00455,SYNPCC7942_RS12730,0.0909787809539583
SYNPCC7942_RS09160,SYNPCC7942_RS01085,0.0909720311511994
SYNPCC7942_RS00645,SYNPCC7942_RS04140,0.0909593915938425
SYNPCC7942_RS12275,SYNPCC7942_RS12000,0.0909520152057281
SYNPCC7942_RS00455,SYNPCC7942_RS04800,0.0909219255950749
SYNPCC7942_RS00645,SYNPCC7942_RS08625,0.0909195708176434
SYNPCC7942_RS05870,SYNPCC7942_RS04385,0.0909166002331514
SYNPCC7942_RS12560,SYNPCC7942_RS12765,0.0908899238306524
SYNPCC7942_RS00645,SYNPCC7942_RS10445,0.0908890973042542
SYNPCC7942_RS02830,SYNPCC7942_RS01010,0.0908822619447632
SYNPCC7942_RS07805,SYNPCC7942_RS11625,0.0908741165978159
SYNPCC7942_RS07185,SYNPCC7942_RS06075,0.0908656685437648
SYNPCC7942_RS11050,SYNPCC7942_RS07200,0.0908411370351377
SYNPCC7942_RS11465,SYNPCC7942_RS07560,0.0907832685886113
SYNPCC7942_RS00455,SYNPCC7942_RS06515,0.0907663986141902
SYNPCC7942_RS03955,SYNPCC7942_RS00620,0.0907540353397664
SYNPCC7942_RS07435,SYNPCC7942_RS04785,0.0907186072502536
SYNPCC7942_RS03955,SYNPCC7942_RS13980,0.0907117246127986
SYNPCC7942_RS13165,SYNPCC7942_RS10865,0.0906935312282888
SYNPCC7942_RS10700,SYNPCC7942_RS10730,0.090688262257182
SYNPCC7942_RS00455,SYNPCC7942_RS02140,0.0906767034513698
SYNPCC7942_RS03160,SYNPCC7942_RS06860,0.090674444391917
SYNPCC7942_RS05870,SYNPCC7942_RS03140,0.0906681948075256
SYNPCC7942_RS00645,SYNPCC7942_RS10025,0.0906606909383266
SYNPCC7942_RS05870,SYNPCC7942_RS07930,0.0906384572223602
SYNPCC7942_RS03465,SYNPCC7942_RS06750,0.0906289704739688
SYNPCC7942_RS07435,SYNPCC7942_RS11985,0.0906255540198745
SYNPCC7942_RS08850,SYNPCC7942_RS09650,0.0906227155758173
SYNPCC7942_RS09740,SYNPCC7942_RS05700,0.0906190786173311
SYNPCC7942_RS09500,SYNPCC7942_RS06935,0.0906178782716248
SYNPCC7942_RS03465,SYNPCC7942_RS12120,0.0906063264619102
SYNPCC7942_RS03260,SYNPCC7942_RS06540,0.090585608252303
SYNPCC7942_RS03160,SYNPCC7942_RS11665,0.0905798402400732
SYNPCC7942_RS03075,SYNPCC7942_RS01490,0.0905740512397198
SYNPCC7942_RS08885,SYNPCC7942_RS07560,0.090570213469472
SYNPCC7942_RS09740,SYNPCC7942_RS05660,0.090564089068405
SYNPCC7942_RS00645,SYNPCC7942_RS07440,0.0905603940566016
SYNPCC7942_RS03075,SYNPCC7942_RS03990,0.0905562236837325
SYNPCC7942_RS09620,SYNPCC7942_RS07250,0.0905504160507263
SYNPCC7942_RS03465,SYNPCC7942_RS07080,0.0905173149158044
SYNPCC7942_RS03325,SYNPCC7942_RS09735,0.0905035368694157
SYNPCC7942_RS00645,SYNPCC7942_RS05135,0.0904692550400978
SYNPCC7942_RS07435,SYNPCC7942_RS00850,0.0904443096927708
SYNPCC7942_RS03325,SYNPCC7942_RS07630,0.0904358908325787
SYNPCC7942_RS05870,SYNPCC7942_RS06135,0.0904156204769707
SYNPCC7942_RS03075,SYNPCC7942_RS02955,0.0903589087272437
SYNPCC7942_RS00560,SYNPCC7942_RS01005,0.0903575839456139
SYNPCC7942_RS07435,SYNPCC7942_RS07785,0.0903557745843916
SYNPCC7942_RS05870,SYNPCC7942_RS02350,0.0903557566742722
SYNPCC7942_RS00645,SYNPCC7942_RS01385,0.0903544736253271
SYNPCC7942_RS03160,SYNPCC7942_RS09540,0.090351191256292
SYNPCC7942_RS05870,SYNPCC7942_RS08950,0.0903343734179121
SYNPCC7942_RS00480,SYNPCC7942_RS01605,0.0903257783414889
SYNPCC7942_RS10340,SYNPCC7942_RS05930,0.0903095665523243
SYNPCC7942_RS10700,SYNPCC7942_RS01820,0.0902900521201244
SYNPCC7942_RS09740,SYNPCC7942_RS06075,0.0902735019173145
SYNPCC7942_RS00380,SYNPCC7942_RS11755,0.0902680387182369
SYNPCC7942_RS10700,SYNPCC7942_RS12300,0.0902643330523833
SYNPCC7942_RS00455,SYNPCC7942_RS06435,0.0902637944504598
SYNPCC7942_RS03160,SYNPCC7942_RS04080,0.0902369015179953
SYNPCC7942_RS03160,SYNPCC7942_RS02605,0.0902032437796892
SYNPCC7942_RS10170,SYNPCC7942_RS06640,0.090201269297246
SYNPCC7942_RS09740,SYNPCC7942_RS10705,0.0901997984340592
SYNPCC7942_RS03465,SYNPCC7942_RS11425,0.0901963440767066
SYNPCC7942_RS03160,SYNPCC7942_RS11875,0.0901900410064201
SYNPCC7942_RS09740,SYNPCC7942_RS12655,0.0901810397065646
SYNPCC7942_RS03160,SYNPCC7942_RS06105,0.0901796447545815
SYNPCC7942_RS03160,SYNPCC7942_RS12485,0.090171569251312
SYNPCC7942_RS12560,SYNPCC7942_RS07245,0.0901590963507306
SYNPCC7942_RS09380,SYNPCC7942_RS11720,0.0901553117599094
SYNPCC7942_RS13165,SYNPCC7942_RS07515,0.0901468396990876
SYNPCC7942_RS02895,SYNPCC7942_RS06880,0.0901340319511638
SYNPCC7942_RS02895,SYNPCC7942_RS09705,0.0900893690600728
SYNPCC7942_RS09740,SYNPCC7942_RS06070,0.0900828634601907
SYNPCC7942_RS07720,SYNPCC7942_RS03310,0.090067979207108
SYNPCC7942_RS10700,SYNPCC7942_RS04475,0.0900554341794738
SYNPCC7942_RS00455,SYNPCC7942_RS09540,0.0900533416865531
SYNPCC7942_RS09740,SYNPCC7942_RS01435,0.090036815876762
SYNPCC7942_RS10700,SYNPCC7942_RS02590,0.0900278352120451
SYNPCC7942_RS00645,SYNPCC7942_RS10305,0.0899443782761627
SYNPCC7942_RS03260,SYNPCC7942_RS11325,0.0898991275013236
SYNPCC7942_RS10340,SYNPCC7942_RS05945,0.08988340367499
SYNPCC7942_RS09065,SYNPCC7942_RS01090,0.089865422152572
SYNPCC7942_RS07435,SYNPCC7942_RS01680,0.0898633647646216
SYNPCC7942_RS05070,SYNPCC7942_RS12775,0.0898588146178299
SYNPCC7942_RS03160,SYNPCC7942_RS02295,0.0898563817534408
SYNPCC7942_RS10700,SYNPCC7942_RS08130,0.0898451291559798
SYNPCC7942_RS05070,SYNPCC7942_RS11805,0.089837909317543
SYNPCC7942_RS00455,SYNPCC7942_RS10715,0.0898343887348987
SYNPCC7942_RS03160,SYNPCC7942_RS12280,0.0898258663599313
SYNPCC7942_RS09160,SYNPCC7942_RS00820,0.0898158779319124
SYNPCC7942_RS03160,SYNPCC7942_RS04530,0.0898043682848593
SYNPCC7942_RS02830,SYNPCC7942_RS12350,0.0898003737640997
SYNPCC7942_RS03530,SYNPCC7942_RS11835,0.0897975305652336
SYNPCC7942_RS10700,SYNPCC7942_RS06730,0.0897873640550047
SYNPCC7942_RS09160,SYNPCC7942_RS05050,0.0897826554278015
SYNPCC7942_RS03160,SYNPCC7942_RS11355,0.0897814204129202
SYNPCC7942_RS07435,SYNPCC7942_RS06130,0.0897764465914842
SYNPCC7942_RS03325,SYNPCC7942_RS04460,0.0897474780904866
SYNPCC7942_RS00645,SYNPCC7942_RS09765,0.0897364177035398
SYNPCC7942_RS07185,SYNPCC7942_RS12330,0.0897234848674057
SYNPCC7942_RS05870,SYNPCC7942_RS04440,0.0897142965755643
SYNPCC7942_RS09740,SYNPCC7942_RS04475,0.0897132301426169
SYNPCC7942_RS10700,SYNPCC7942_RS08140,0.089700632924178
SYNPCC7942_RS03160,SYNPCC7942_RS13025,0.0896961018452767
SYNPCC7942_RS06370,SYNPCC7942_RS11150,0.0896863675837896
SYNPCC7942_RS08820,SYNPCC7942_RS00390,0.0896551333698929
SYNPCC7942_RS08885,SYNPCC7942_RS12200,0.0895908731996317
SYNPCC7942_RS05870,SYNPCC7942_RS08120,0.0895683502742962
SYNPCC7942_RS00455,SYNPCC7942_RS03110,0.0895666395289635
SYNPCC7942_RS07805,SYNPCC7942_RS07615,0.089556466877871
SYNPCC7942_RS10700,SYNPCC7942_RS12195,0.0895532451454492
SYNPCC7942_RS09740,SYNPCC7942_RS10730,0.0895517100576655
SYNPCC7942_RS07435,SYNPCC7942_RS10045,0.0895500260025374
SYNPCC7942_RS00645,SYNPCC7942_RS01450,0.0895494617465244
SYNPCC7942_RS12560,SYNPCC7942_RS05185,0.0895259951542949
SYNPCC7942_RS08780,SYNPCC7942_RS08640,0.0895164448348687
SYNPCC7942_RS05070,SYNPCC7942_RS04105,0.0895058596586695
SYNPCC7942_RS00765,SYNPCC7942_RS10065,0.0895033776540362
SYNPCC7942_RS05870,SYNPCC7942_RS08555,0.0894978610361078
SYNPCC7942_RS12560,SYNPCC7942_RS00595,0.0894976876245425
SYNPCC7942_RS03160,SYNPCC7942_RS11500,0.0894927572254671
SYNPCC7942_RS07435,SYNPCC7942_RS01375,0.0894725079687075
SYNPCC7942_RS03160,SYNPCC7942_RS14195,0.089452684064189
SYNPCC7942_RS09740,SYNPCC7942_RS06820,0.0894505298911569
SYNPCC7942_RS10700,SYNPCC7942_RS07365,0.0894370539606081
SYNPCC7942_RS03325,SYNPCC7942_RS07645,0.089432552230575
SYNPCC7942_RS03160,SYNPCC7942_RS06440,0.0894230702508861
SYNPCC7942_RS09380,SYNPCC7942_RS11725,0.0894072589662776
SYNPCC7942_RS08885,SYNPCC7942_RS08645,0.0893976004702456
SYNPCC7942_RS03160,SYNPCC7942_RS04900,0.089381079489805
SYNPCC7942_RS03075,SYNPCC7942_RS01555,0.0893741544863167
SYNPCC7942_RS09065,SYNPCC7942_RS03515,0.0893604394376115
SYNPCC7942_RS10700,SYNPCC7942_RS10105,0.0893119054399138
SYNPCC7942_RS07435,SYNPCC7942_RS10435,0.0893096048044458
SYNPCC7942_RS00455,SYNPCC7942_RS12570,0.0893069970569339
SYNPCC7942_RS12560,SYNPCC7942_RS07715,0.0893065788421059
SYNPCC7942_RS11970,SYNPCC7942_RS14065,0.0892891140695881
SYNPCC7942_RS09760,SYNPCC7942_RS03650,0.089288119524301
SYNPCC7942_RS02830,SYNPCC7942_RS02535,0.0892834888648207
SYNPCC7942_RS00455,SYNPCC7942_RS10060,0.0892826549341301
SYNPCC7942_RS10340,SYNPCC7942_RS11730,0.0892816894311962
SYNPCC7942_RS02830,SYNPCC7942_RS12685,0.0892681940529749
SYNPCC7942_RS09065,SYNPCC7942_RS08105,0.0892489103153969
SYNPCC7942_RS10350,SYNPCC7942_RS10660,0.0892452549112629
SYNPCC7942_RS07435,SYNPCC7942_RS08455,0.0892412678566445
SYNPCC7942_RS03465,SYNPCC7942_RS02155,0.0892358089556181
SYNPCC7942_RS07435,SYNPCC7942_RS14165,0.0892088147507812
SYNPCC7942_RS05870,SYNPCC7942_RS02035,0.0891948313273293
SYNPCC7942_RS09380,SYNPCC7942_RS09070,0.0891904147369609
SYNPCC7942_RS05870,SYNPCC7942_RS03560,0.0891893185314238
SYNPCC7942_RS08885,SYNPCC7942_RS02265,0.0891876880046563
SYNPCC7942_RS03160,SYNPCC7942_RS04475,0.089185800727244
SYNPCC7942_RS10700,SYNPCC7942_RS11480,0.0891739491158835
SYNPCC7942_RS10700,SYNPCC7942_RS02775,0.0891660081497286
SYNPCC7942_RS09740,SYNPCC7942_RS12645,0.0891507055260494
SYNPCC7942_RS05870,SYNPCC7942_RS08500,0.0891322901354125
SYNPCC7942_RS03160,SYNPCC7942_RS00680,0.0891258109959826
SYNPCC7942_RS07185,SYNPCC7942_RS03760,0.089087777805566
SYNPCC7942_RS07185,SYNPCC7942_RS01075,0.0890765083566241
SYNPCC7942_RS03160,SYNPCC7942_RS08205,0.0890646731917441
SYNPCC7942_RS09740,SYNPCC7942_RS03325,0.08906017335537
SYNPCC7942_RS11050,SYNPCC7942_RS07870,0.0890384475308514
SYNPCC7942_RS05870,SYNPCC7942_RS08125,0.0890282819321558
SYNPCC7942_RS12275,SYNPCC7942_RS04845,0.0890262833991469
SYNPCC7942_RS03160,SYNPCC7942_RS06530,0.0889667457614937
SYNPCC7942_RS00480,SYNPCC7942_RS00475,0.0889552271323178
SYNPCC7942_RS00645,SYNPCC7942_RS03095,0.0889545428754309
SYNPCC7942_RS07435,SYNPCC7942_RS01825,0.0889415307988996
SYNPCC7942_RS10700,SYNPCC7942_RS04645,0.0889400936679776
SYNPCC7942_RS00645,SYNPCC7942_RS01780,0.088922212246445
SYNPCC7942_RS08885,SYNPCC7942_RS13070,0.0889171979587731
SYNPCC7942_RS07185,SYNPCC7942_RS02635,0.0889121293053398
SYNPCC7942_RS07435,SYNPCC7942_RS03015,0.0889077914368927
SYNPCC7942_RS12560,SYNPCC7942_RS02695,0.0889016502358639
SYNPCC7942_RS09380,SYNPCC7942_RS11520,0.0888778798343358
SYNPCC7942_RS06370,SYNPCC7942_RS06375,0.0888737018720847
SYNPCC7942_RS00455,SYNPCC7942_RS04995,0.0888553128394616
SYNPCC7942_RS09620,SYNPCC7942_RS11840,0.0888546234904533
SYNPCC7942_RS12560,SYNPCC7942_RS04040,0.0888537090042731
SYNPCC7942_RS07435,SYNPCC7942_RS12550,0.088846843241109
SYNPCC7942_RS03075,SYNPCC7942_RS07400,0.0888246775871042
SYNPCC7942_RS03160,SYNPCC7942_RS00335,0.0888070709208034
SYNPCC7942_RS07185,SYNPCC7942_RS07885,0.0888045240122544
SYNPCC7942_RS09500,SYNPCC7942_RS03925,0.0888037855842467
SYNPCC7942_RS03160,SYNPCC7942_RS00570,0.0887841469560322
SYNPCC7942_RS09740,SYNPCC7942_RS00890,0.0887625947882298
SYNPCC7942_RS10700,SYNPCC7942_RS02970,0.0887572078483448
SYNPCC7942_RS13165,SYNPCC7942_RS09505,0.0887507522473362
SYNPCC7942_RS08645,SYNPCC7942_RS06965,0.0887404682366176
SYNPCC7942_RS07435,SYNPCC7942_RS04970,0.0887239125369281
SYNPCC7942_RS09500,SYNPCC7942_RS00280,0.088711770109613
SYNPCC7942_RS00380,SYNPCC7942_RS10120,0.0887078794669689
SYNPCC7942_RS10700,SYNPCC7942_RS00940,0.0887004319972923
SYNPCC7942_RS07435,SYNPCC7942_RS00620,0.0886917057564218
SYNPCC7942_RS07185,SYNPCC7942_RS03595,0.0886805546378249
SYNPCC7942_RS03160,SYNPCC7942_RS10730,0.088657446991383
SYNPCC7942_RS03160,SYNPCC7942_RS00035,0.0886501561572307
SYNPCC7942_RS09740,SYNPCC7942_RS08725,0.0886412386885689
SYNPCC7942_RS02830,SYNPCC7942_RS01995,0.0886184667178535
SYNPCC7942_RS00645,SYNPCC7942_RS05110,0.0886130548915814
SYNPCC7942_RS00455,SYNPCC7942_RS07580,0.0886123263187626
SYNPCC7942_RS05640,SYNPCC7942_RS08595,0.0886103554467318
SYNPCC7942_RS02830,SYNPCC7942_RS08035,0.0886097910610079
SYNPCC7942_RS03160,SYNPCC7942_RS03340,0.0886028161811359
SYNPCC7942_RS00645,SYNPCC7942_RS09980,0.088595047064119
SYNPCC7942_RS03160,SYNPCC7942_RS02100,0.0885928514827744
SYNPCC7942_RS00455,SYNPCC7942_RS10330,0.0885883232864024
SYNPCC7942_RS07805,SYNPCC7942_RS02795,0.0885881702902905
SYNPCC7942_RS05870,SYNPCC7942_RS07575,0.0885813484102769
SYNPCC7942_RS09740,SYNPCC7942_RS10565,0.0885796585570025
SYNPCC7942_RS03160,SYNPCC7942_RS01475,0.0885783237745473
SYNPCC7942_RS00455,SYNPCC7942_RS09180,0.0885607625935614
SYNPCC7942_RS00645,SYNPCC7942_RS05820,0.0885562036180186
SYNPCC7942_RS10350,SYNPCC7942_RS13050,0.0885420742885545
SYNPCC7942_RS03465,SYNPCC7942_RS09855,0.0885300778979357
SYNPCC7942_RS03160,SYNPCC7942_RS02350,0.0885260583550641
SYNPCC7942_RS03160,SYNPCC7942_RS12075,0.088512316830325
SYNPCC7942_RS03160,SYNPCC7942_RS12550,0.0884873397079352
SYNPCC7942_RS03160,SYNPCC7942_RS10460,0.0884738445228665
SYNPCC7942_RS09380,SYNPCC7942_RS02445,0.0884671042826726
SYNPCC7942_RS10700,SYNPCC7942_RS08160,0.0884661492571449
SYNPCC7942_RS03160,SYNPCC7942_RS03060,0.0884571380384517
SYNPCC7942_RS03440,SYNPCC7942_RS09475,0.0884517520384402
SYNPCC7942_RS09380,SYNPCC7942_RS01590,0.0884515957045457
SYNPCC7942_RS07185,SYNPCC7942_RS13000,0.0884472422683413
SYNPCC7942_RS03075,SYNPCC7942_RS07395,0.0884459394600761
SYNPCC7942_RS09740,SYNPCC7942_RS07670,0.0884123264088349
SYNPCC7942_RS12560,SYNPCC7942_RS04965,0.0883786571294197
SYNPCC7942_RS09740,SYNPCC7942_RS05335,0.088371379502652
SYNPCC7942_RS09740,SYNPCC7942_RS10110,0.0883617353693649
SYNPCC7942_RS10700,SYNPCC7942_RS00690,0.0883373573080678
SYNPCC7942_RS07185,SYNPCC7942_RS11845,0.0883261489191556
SYNPCC7942_RS02830,SYNPCC7942_RS10535,0.0883240745444797
SYNPCC7942_RS06370,SYNPCC7942_RS05235,0.0883059346599231
SYNPCC7942_RS09740,SYNPCC7942_RS04170,0.0883029466852931
SYNPCC7942_RS11465,SYNPCC7942_RS09575,0.0883028206775349
SYNPCC7942_RS00455,SYNPCC7942_RS12100,0.0882880652798335
SYNPCC7942_RS08885,SYNPCC7942_RS01170,0.0882813682627727
SYNPCC7942_RS09160,SYNPCC7942_RS12010,0.088279077751221
SYNPCC7942_RS03160,SYNPCC7942_RS12000,0.0882668154891725
SYNPCC7942_RS09380,SYNPCC7942_RS13260,0.0882616554057571
SYNPCC7942_RS09740,SYNPCC7942_RS03130,0.0882576008172587
SYNPCC7942_RS03160,SYNPCC7942_RS10010,0.0882548681445801
SYNPCC7942_RS03160,SYNPCC7942_RS05560,0.0882532800223971
SYNPCC7942_RS09740,SYNPCC7942_RS01510,0.0882350299749085
SYNPCC7942_RS10700,SYNPCC7942_RS09950,0.0882318811351444
SYNPCC7942_RS10700,SYNPCC7942_RS11405,0.0882098345759161
SYNPCC7942_RS03440,SYNPCC7942_RS03445,0.0882042740953817
SYNPCC7942_RS00455,SYNPCC7942_RS00690,0.0881837909732124
SYNPCC7942_RS03160,SYNPCC7942_RS09115,0.0881809707573962
SYNPCC7942_RS00380,SYNPCC7942_RS05790,0.0881740172012423
SYNPCC7942_RS10700,SYNPCC7942_RS09260,0.088150011024867
SYNPCC7942_RS05870,SYNPCC7942_RS11475,0.088139749942429
SYNPCC7942_RS03530,SYNPCC7942_RS07505,0.0881385684388722
SYNPCC7942_RS09435,SYNPCC7942_RS04920,0.0881064135434679
SYNPCC7942_RS00645,SYNPCC7942_RS05850,0.0880979561183952
SYNPCC7942_RS07435,SYNPCC7942_RS03010,0.0880937570007289
SYNPCC7942_RS07435,SYNPCC7942_RS00380,0.0880880597445379
SYNPCC7942_RS08405,SYNPCC7942_RS01640,0.0880701789285516
SYNPCC7942_RS00645,SYNPCC7942_RS06375,0.0880637888372407
SYNPCC7942_RS07805,SYNPCC7942_RS12825,0.0880600286222798
SYNPCC7942_RS00645,SYNPCC7942_RS07270,0.0880520414559115
SYNPCC7942_RS00645,SYNPCC7942_RS09860,0.0880344443784258
SYNPCC7942_RS10700,SYNPCC7942_RS09835,0.0880202427199324
SYNPCC7942_RS10700,SYNPCC7942_RS04775,0.087994199717867
SYNPCC7942_RS03075,SYNPCC7942_RS11720,0.087984418428854
SYNPCC7942_RS05070,SYNPCC7942_RS03065,0.0879728657027781
SYNPCC7942_RS03325,SYNPCC7942_RS02630,0.0879563554395645
SYNPCC7942_RS00455,SYNPCC7942_RS01385,0.0879525374160008
SYNPCC7942_RS10700,SYNPCC7942_RS01875,0.0879415831842461
SYNPCC7942_RS03160,SYNPCC7942_RS13160,0.0879237641361345
SYNPCC7942_RS06370,SYNPCC7942_RS10335,0.0879087916523846
SYNPCC7942_RS09620,SYNPCC7942_RS01365,0.0879076692106674
SYNPCC7942_RS08850,SYNPCC7942_RS11295,0.0879014227272757
SYNPCC7942_RS00645,SYNPCC7942_RS08305,0.0878737679204753
SYNPCC7942_RS09435,SYNPCC7942_RS02040,0.0878307497466338
SYNPCC7942_RS03160,SYNPCC7942_RS11410,0.0878023605111492
SYNPCC7942_RS03160,SYNPCC7942_RS02635,0.0877595469464706
SYNPCC7942_RS10700,SYNPCC7942_RS06295,0.0877472539045204
SYNPCC7942_RS07435,SYNPCC7942_RS10225,0.0877330227953415
SYNPCC7942_RS08885,SYNPCC7942_RS05915,0.087731825278492
SYNPCC7942_RS00455,SYNPCC7942_RS07815,0.0877069287092991
SYNPCC7942_RS00455,SYNPCC7942_RS03145,0.0876982302863144
SYNPCC7942_RS12275,SYNPCC7942_RS04600,0.0876813695587604
SYNPCC7942_RS00645,SYNPCC7942_RS01455,0.0876706686054787
SYNPCC7942_RS09620,SYNPCC7942_RS12090,0.0876514171648403
SYNPCC7942_RS08405,SYNPCC7942_RS10220,0.0876490854525156
SYNPCC7942_RS02830,SYNPCC7942_RS09890,0.0876467476736526
SYNPCC7942_RS10700,SYNPCC7942_RS00950,0.0876430918517911
SYNPCC7942_RS05640,SYNPCC7942_RS10100,0.0876297492143006
SYNPCC7942_RS09740,SYNPCC7942_RS04795,0.0876290187103838
SYNPCC7942_RS10700,SYNPCC7942_RS07005,0.0876267815595308
SYNPCC7942_RS07435,SYNPCC7942_RS12180,0.0876159490005153
SYNPCC7942_RS00455,SYNPCC7942_RS10175,0.087594561120419
SYNPCC7942_RS10700,SYNPCC7942_RS05870,0.0875924574531915
SYNPCC7942_RS09740,SYNPCC7942_RS10285,0.0875856576276225
SYNPCC7942_RS03160,SYNPCC7942_RS04455,0.0875758569589894
SYNPCC7942_RS10700,SYNPCC7942_RS05345,0.0875647549579542
SYNPCC7942_RS09740,SYNPCC7942_RS01935,0.0875641913976142
SYNPCC7942_RS00455,SYNPCC7942_RS13050,0.0875150661312902
SYNPCC7942_RS10700,SYNPCC7942_RS09605,0.0875048684991825
SYNPCC7942_RS02895,SYNPCC7942_RS05840,0.087490521462111
SYNPCC7942_RS07185,SYNPCC7942_RS00885,0.087489633283643
SYNPCC7942_RS11970,SYNPCC7942_RS09145,0.0874831454490192
SYNPCC7942_RS00380,SYNPCC7942_RS09020,0.0874450442343712
SYNPCC7942_RS11030,SYNPCC7942_RS05800,0.0874298402095138
SYNPCC7942_RS07185,SYNPCC7942_RS12860,0.0874103384942662
SYNPCC7942_RS02830,SYNPCC7942_RS01885,0.0874029926081699
SYNPCC7942_RS03160,SYNPCC7942_RS08260,0.0873883416272999
SYNPCC7942_RS00380,SYNPCC7942_RS02245,0.0873687288657227
SYNPCC7942_RS00645,SYNPCC7942_RS04390,0.0873582551600181
SYNPCC7942_RS07185,SYNPCC7942_RS09985,0.0873240709693865
SYNPCC7942_RS07805,SYNPCC7942_RS07620,0.0873085512503579
SYNPCC7942_RS03160,SYNPCC7942_RS10740,0.0872810505814805
SYNPCC7942_RS10700,SYNPCC7942_RS01270,0.087236519428692
SYNPCC7942_RS09380,SYNPCC7942_RS13255,0.0872190349717786
SYNPCC7942_RS00455,SYNPCC7942_RS10355,0.0872108745293241
SYNPCC7942_RS03160,SYNPCC7942_RS08130,0.0872068031038653
SYNPCC7942_RS00645,SYNPCC7942_RS09050,0.08715047874565
SYNPCC7942_RS00645,SYNPCC7942_RS10955,0.0871105655365011
SYNPCC7942_RS07435,SYNPCC7942_RS01150,0.0871091781318522
SYNPCC7942_RS03075,SYNPCC7942_RS12970,0.087081821135135
SYNPCC7942_RS07435,SYNPCC7942_RS05110,0.0870748892575453
SYNPCC7942_RS00455,SYNPCC7942_RS12785,0.0870654469745046
SYNPCC7942_RS12560,SYNPCC7942_RS10425,0.0870589215039363
SYNPCC7942_RS00645,SYNPCC7942_RS04505,0.0870545163130097
SYNPCC7942_RS09620,SYNPCC7942_RS09350,0.0870496714687878
SYNPCC7942_RS00455,SYNPCC7942_RS09940,0.0870458355476595
SYNPCC7942_RS00455,SYNPCC7942_RS08695,0.0870454052055933
SYNPCC7942_RS05870,SYNPCC7942_RS03405,0.0870413130050143
SYNPCC7942_RS12560,SYNPCC7942_RS11615,0.0870348739164125
SYNPCC7942_RS08885,SYNPCC7942_RS09090,0.0870292678330534
SYNPCC7942_RS03160,SYNPCC7942_RS10805,0.0870145750041615
SYNPCC7942_RS07185,SYNPCC7942_RS10215,0.0870103639484077
SYNPCC7942_RS00645,SYNPCC7942_RS06685,0.0869997719552908
SYNPCC7942_RS00455,SYNPCC7942_RS02890,0.086999278120608
SYNPCC7942_RS09760,SYNPCC7942_RS11375,0.0869738439769428
SYNPCC7942_RS05870,SYNPCC7942_RS11930,0.0869548125058766
SYNPCC7942_RS07185,SYNPCC7942_RS00595,0.08694605236652
SYNPCC7942_RS00455,SYNPCC7942_RS06710,0.0869281467416556
SYNPCC7942_RS03075,SYNPCC7942_RS10540,0.08691348773723
SYNPCC7942_RS00455,SYNPCC7942_RS11405,0.0868790300956556
SYNPCC7942_RS03465,SYNPCC7942_RS04555,0.0868501264452582
SYNPCC7942_RS03325,SYNPCC7942_RS04620,0.0868307227445358
SYNPCC7942_RS10700,SYNPCC7942_RS10205,0.0868208824183641
SYNPCC7942_RS13165,SYNPCC7942_RS07045,0.0868152557628944
SYNPCC7942_RS07185,SYNPCC7942_RS09155,0.086806649510461
SYNPCC7942_RS09760,SYNPCC7942_RS13820,0.0868009409521502
SYNPCC7942_RS05640,SYNPCC7942_RS05685,0.0867914823118405
SYNPCC7942_RS00645,SYNPCC7942_RS06135,0.0867854279540437
SYNPCC7942_RS12535,SYNPCC7942_RS01545,0.0867667342572482
SYNPCC7942_RS03325,SYNPCC7942_RS02760,0.0867666351160954
SYNPCC7942_RS03160,SYNPCC7942_RS10450,0.086761492630277
SYNPCC7942_RS03160,SYNPCC7942_RS01130,0.0867381804706772
SYNPCC7942_RS09740,SYNPCC7942_RS08425,0.0867364634813563
SYNPCC7942_RS03160,SYNPCC7942_RS05180,0.0867313338094151
SYNPCC7942_RS03160,SYNPCC7942_RS10145,0.0867119858879899
SYNPCC7942_RS09620,SYNPCC7942_RS02380,0.0867081933014093
SYNPCC7942_RS03530,SYNPCC7942_RS00345,0.0866990440327989
SYNPCC7942_RS00645,SYNPCC7942_RS11160,0.0866888169461907
SYNPCC7942_RS07185,SYNPCC7942_RS00565,0.0866809156556125
SYNPCC7942_RS12560,SYNPCC7942_RS02060,0.0866632009118088
SYNPCC7942_RS03325,SYNPCC7942_RS12845,0.0866607706131629
SYNPCC7942_RS09380,SYNPCC7942_RS05895,0.0866544342907616
SYNPCC7942_RS07435,SYNPCC7942_RS01675,0.0866491285292484
SYNPCC7942_RS09435,SYNPCC7942_RS08060,0.0866406248789533
SYNPCC7942_RS09740,SYNPCC7942_RS09920,0.0866395438394183
SYNPCC7942_RS09620,SYNPCC7942_RS07185,0.0866386768217849
SYNPCC7942_RS00455,SYNPCC7942_RS13120,0.0866360602655925
SYNPCC7942_RS10040,SYNPCC7942_RS12140,0.0866326694140252
SYNPCC7942_RS10350,SYNPCC7942_RS01190,0.0866251932423308
SYNPCC7942_RS10170,SYNPCC7942_RS09330,0.0865889591580386
SYNPCC7942_RS02830,SYNPCC7942_RS07690,0.0865886634344246
SYNPCC7942_RS11030,SYNPCC7942_RS13770,0.0865881092793371
SYNPCC7942_RS07185,SYNPCC7942_RS10905,0.0865856177611557
SYNPCC7942_RS03160,SYNPCC7942_RS07665,0.0865745993498768
SYNPCC7942_RS07185,SYNPCC7942_RS03395,0.086574119026091
SYNPCC7942_RS03465,SYNPCC7942_RS00715,0.0865705014628211
SYNPCC7942_RS02895,SYNPCC7942_RS06335,0.0865553365171624
SYNPCC7942_RS03440,SYNPCC7942_RS07555,0.0865531950671092
SYNPCC7942_RS00480,SYNPCC7942_RS09165,0.0865385090348997
SYNPCC7942_RS00455,SYNPCC7942_RS08130,0.0865359975126495
SYNPCC7942_RS07435,SYNPCC7942_RS02895,0.0864857941405575
SYNPCC7942_RS10700,SYNPCC7942_RS00455,0.0864802278546654
SYNPCC7942_RS07435,SYNPCC7942_RS11660,0.0864592275532012
SYNPCC7942_RS00455,SYNPCC7942_RS13035,0.0864517893193863
SYNPCC7942_RS00455,SYNPCC7942_RS12655,0.0864417312794152
SYNPCC7942_RS03160,SYNPCC7942_RS12340,0.0864225436862445
SYNPCC7942_RS04225,SYNPCC7942_RS04220,0.0864201853513933
SYNPCC7942_RS00455,SYNPCC7942_RS02325,0.0864067981430583
SYNPCC7942_RS07185,SYNPCC7942_RS10210,0.0863965021747815
SYNPCC7942_RS13165,SYNPCC7942_RS00530,0.0863863017976781
SYNPCC7942_RS03325,SYNPCC7942_RS11895,0.0863557003319271
SYNPCC7942_RS09740,SYNPCC7942_RS12000,0.0863502150511976
SYNPCC7942_RS03160,SYNPCC7942_RS06670,0.0863283544158552
SYNPCC7942_RS08780,SYNPCC7942_RS08065,0.0863237309476368
SYNPCC7942_RS03325,SYNPCC7942_RS07305,0.0863104966092935
SYNPCC7942_RS02830,SYNPCC7942_RS12975,0.0863101819838359
SYNPCC7942_RS03440,SYNPCC7942_RS01855,0.0863004296472796
SYNPCC7942_RS10340,SYNPCC7942_RS07740,0.0862916255965049
SYNPCC7942_RS00765,SYNPCC7942_RS05260,0.0862843608165292
SYNPCC7942_RS07185,SYNPCC7942_RS03030,0.0862833663432904
SYNPCC7942_RS07185,SYNPCC7942_RS09340,0.0862717004624904
SYNPCC7942_RS10040,SYNPCC7942_RS08820,0.0862482170317251
SYNPCC7942_RS06365,SYNPCC7942_RS09530,0.0862447666221814
SYNPCC7942_RS00455,SYNPCC7942_RS08210,0.0862152572537432
SYNPCC7942_RS12560,SYNPCC7942_RS12825,0.0861735186990353
SYNPCC7942_RS07185,SYNPCC7942_RS06520,0.0861277582513695
SYNPCC7942_RS05640,SYNPCC7942_RS04270,0.0861190954530263
SYNPCC7942_RS03075,SYNPCC7942_RS09325,0.0861180937059493
SYNPCC7942_RS00455,SYNPCC7942_RS01410,0.0861139425453282
SYNPCC7942_RS07805,SYNPCC7942_RS00010,0.0861123885536067
SYNPCC7942_RS12560,SYNPCC7942_RS02195,0.0860822532367943
SYNPCC7942_RS03160,SYNPCC7942_RS10355,0.0860549649128545
SYNPCC7942_RS03325,SYNPCC7942_RS09010,0.086043295999402
SYNPCC7942_RS09380,SYNPCC7942_RS01420,0.0860301444265268
SYNPCC7942_RS09740,SYNPCC7942_RS10710,0.0859945968263776
SYNPCC7942_RS11970,SYNPCC7942_RS12405,0.0859875251165242
SYNPCC7942_RS06700,SYNPCC7942_RS09990,0.0859691230481113
SYNPCC7942_RS03160,SYNPCC7942_RS03175,0.0859495594133948
SYNPCC7942_RS07185,SYNPCC7942_RS04925,0.0859307300303083
SYNPCC7942_RS08645,SYNPCC7942_RS02720,0.0859231995473638
SYNPCC7942_RS00645,SYNPCC7942_RS11395,0.0859214223505382
SYNPCC7942_RS07435,SYNPCC7942_RS10335,0.0859143720981627
SYNPCC7942_RS00645,SYNPCC7942_RS09515,0.0858841113701856
SYNPCC7942_RS10700,SYNPCC7942_RS08500,0.0858637009508392
SYNPCC7942_RS00455,SYNPCC7942_RS10975,0.0858634896758894
SYNPCC7942_RS08645,SYNPCC7942_RS00430,0.0858631864656976
SYNPCC7942_RS06370,SYNPCC7942_RS10410,0.0858578912182448
SYNPCC7942_RS10350,SYNPCC7942_RS10895,0.0858551523638142
SYNPCC7942_RS11465,SYNPCC7942_RS05205,0.0858378706008906
SYNPCC7942_RS04225,SYNPCC7942_RS04915,0.0858360595106473
SYNPCC7942_RS05230,SYNPCC7942_RS06500,0.0858242865340534
SYNPCC7942_RS03160,SYNPCC7942_RS07815,0.0858022860678131
SYNPCC7942_RS05070,SYNPCC7942_RS02085,0.08579527024078
SYNPCC7942_RS07185,SYNPCC7942_RS13620,0.0857928257529045
SYNPCC7942_RS09740,SYNPCC7942_RS07455,0.0857850135608123
SYNPCC7942_RS10340,SYNPCC7942_RS01165,0.085783678497296
SYNPCC7942_RS07435,SYNPCC7942_RS05115,0.0857827384457479
SYNPCC7942_RS05870,SYNPCC7942_RS12815,0.0857814912891166
SYNPCC7942_RS10700,SYNPCC7942_RS10640,0.0857803941750334
SYNPCC7942_RS09760,SYNPCC7942_RS14065,0.0857769754248482
SYNPCC7942_RS02895,SYNPCC7942_RS12455,0.0857708072384759
SYNPCC7942_RS00645,SYNPCC7942_RS12550,0.0857706935710226
SYNPCC7942_RS12560,SYNPCC7942_RS00540,0.0857631133057155
SYNPCC7942_RS10350,SYNPCC7942_RS12950,0.0857627140327174
SYNPCC7942_RS03160,SYNPCC7942_RS04255,0.0857621344901873
SYNPCC7942_RS00645,SYNPCC7942_RS10365,0.0856744946676031
SYNPCC7942_RS02830,SYNPCC7942_RS05970,0.0856712760367733
SYNPCC7942_RS05870,SYNPCC7942_RS06790,0.0856656410255642
SYNPCC7942_RS10700,SYNPCC7942_RS02640,0.085635895943496
SYNPCC7942_RS11970,SYNPCC7942_RS08375,0.0856332335934124
SYNPCC7942_RS02895,SYNPCC7942_RS08755,0.0856250790411244
SYNPCC7942_RS03440,SYNPCC7942_RS05740,0.0856128215083247
SYNPCC7942_RS12560,SYNPCC7942_RS11925,0.0855995165975741
SYNPCC7942_RS07435,SYNPCC7942_RS00575,0.0855821993647914
SYNPCC7942_RS08405,SYNPCC7942_RS10775,0.08557830237813
SYNPCC7942_RS03160,SYNPCC7942_RS11530,0.0855749216335502
SYNPCC7942_RS00455,SYNPCC7942_RS09555,0.0855638072103107
SYNPCC7942_RS07435,SYNPCC7942_RS03155,0.0855632852766424
SYNPCC7942_RS03465,SYNPCC7942_RS12615,0.08556321819487
SYNPCC7942_RS11465,SYNPCC7942_RS02720,0.0855611868578385
SYNPCC7942_RS00645,SYNPCC7942_RS07275,0.0855564882312075
SYNPCC7942_RS03075,SYNPCC7942_RS02045,0.0855204813933353
SYNPCC7942_RS09160,SYNPCC7942_RS11945,0.0855192543393654
SYNPCC7942_RS11970,SYNPCC7942_RS00955,0.0855181492729307
SYNPCC7942_RS07435,SYNPCC7942_RS07800,0.0855167169697923
SYNPCC7942_RS12560,SYNPCC7942_RS05630,0.0855138868529925
SYNPCC7942_RS10700,SYNPCC7942_RS07640,0.0854869345262299
SYNPCC7942_RS03260,SYNPCC7942_RS04565,0.0854675219048068
SYNPCC7942_RS03075,SYNPCC7942_RS02905,0.0854469629558917
SYNPCC7942_RS00455,SYNPCC7942_RS03405,0.0854445515802763
SYNPCC7942_RS11970,SYNPCC7942_RS08195,0.0854403846193732
SYNPCC7942_RS08885,SYNPCC7942_RS01290,0.0854290722149436
SYNPCC7942_RS00455,SYNPCC7942_RS08955,0.0854281840089342
SYNPCC7942_RS10040,SYNPCC7942_RS04155,0.085400985592105
SYNPCC7942_RS10700,SYNPCC7942_RS06435,0.08539600581258
SYNPCC7942_RS03325,SYNPCC7942_RS02340,0.0853888146182574
SYNPCC7942_RS13165,SYNPCC7942_RS04220,0.0853746701793897
SYNPCC7942_RS08885,SYNPCC7942_RS10095,0.085369749068834
SYNPCC7942_RS07435,SYNPCC7942_RS02465,0.0853493991867658
SYNPCC7942_RS08885,SYNPCC7942_RS06720,0.085319202157013
SYNPCC7942_RS03160,SYNPCC7942_RS09375,0.0853154765402088
SYNPCC7942_RS00645,SYNPCC7942_RS04090,0.0853107915888818
SYNPCC7942_RS10700,SYNPCC7942_RS07340,0.0853042298527588
SYNPCC7942_RS02830,SYNPCC7942_RS10545,0.0852836968741522
SYNPCC7942_RS10165,SYNPCC7942_RS10645,0.0852109127327118
SYNPCC7942_RS09160,SYNPCC7942_RS12095,0.0851944466364784
SYNPCC7942_RS09435,SYNPCC7942_RS01790,0.0851857504835823
SYNPCC7942_RS09740,SYNPCC7942_RS02580,0.0851821226262522
SYNPCC7942_RS00645,SYNPCC7942_RS06015,0.0851817359851013
SYNPCC7942_RS03160,SYNPCC7942_RS09265,0.0851766478047284
SYNPCC7942_RS03465,SYNPCC7942_RS11770,0.0851719910210945
SYNPCC7942_RS07435,SYNPCC7942_RS13975,0.0851702885394115
SYNPCC7942_RS07185,SYNPCC7942_RS12805,0.0851660242262338
SYNPCC7942_RS03325,SYNPCC7942_RS07060,0.0851501915532958
SYNPCC7942_RS08405,SYNPCC7942_RS03195,0.0851499414413808
SYNPCC7942_RS12560,SYNPCC7942_RS11945,0.0851396189558162
SYNPCC7942_RS03465,SYNPCC7942_RS02655,0.0851386107170989
SYNPCC7942_RS10170,SYNPCC7942_RS07905,0.0851260171257056
SYNPCC7942_RS10700,SYNPCC7942_RS12570,0.0851221065150877
SYNPCC7942_RS10700,SYNPCC7942_RS10175,0.0851184965413693
SYNPCC7942_RS09065,SYNPCC7942_RS01245,0.085114530679084
SYNPCC7942_RS07185,SYNPCC7942_RS07835,0.0850986145999987
SYNPCC7942_RS10170,SYNPCC7942_RS03775,0.0850791669533717
SYNPCC7942_RS09740,SYNPCC7942_RS07770,0.0850715255039635
SYNPCC7942_RS05870,SYNPCC7942_RS07600,0.0850701036808199
SYNPCC7942_RS00380,SYNPCC7942_RS12480,0.0850632704466627
SYNPCC7942_RS12560,SYNPCC7942_RS08700,0.0850583991646918
SYNPCC7942_RS00645,SYNPCC7942_RS05785,0.0850461252728583
SYNPCC7942_RS10340,SYNPCC7942_RS03870,0.0850336630109356
SYNPCC7942_RS07435,SYNPCC7942_RS13060,0.0850210114213417
SYNPCC7942_RS00455,SYNPCC7942_RS13025,0.0849994370374943
SYNPCC7942_RS03160,SYNPCC7942_RS04935,0.0849694159738597
SYNPCC7942_RS05870,SYNPCC7942_RS08135,0.0849651093453705
SYNPCC7942_RS12560,SYNPCC7942_RS12270,0.0849631029161877
SYNPCC7942_RS07435,SYNPCC7942_RS06065,0.0849515585150254
SYNPCC7942_RS03465,SYNPCC7942_RS01485,0.0849423810526105
SYNPCC7942_RS00455,SYNPCC7942_RS05665,0.0849341994640009
SYNPCC7942_RS07435,SYNPCC7942_RS13305,0.0849009193762517
SYNPCC7942_RS03440,SYNPCC7942_RS04985,0.0848991579922974
SYNPCC7942_RS11465,SYNPCC7942_RS01325,0.0848960682459546
SYNPCC7942_RS03325,SYNPCC7942_RS06035,0.0848793791482149
SYNPCC7942_RS07435,SYNPCC7942_RS04400,0.0848767713783461
SYNPCC7942_RS03260,SYNPCC7942_RS11260,0.0848648048323405
SYNPCC7942_RS08885,SYNPCC7942_RS11465,0.0848573541517672
SYNPCC7942_RS03465,SYNPCC7942_RS13035,0.0848524801258743
SYNPCC7942_RS12275,SYNPCC7942_RS09040,0.0848341141343075
SYNPCC7942_RS10700,SYNPCC7942_RS08120,0.0848127693404746
SYNPCC7942_RS09760,SYNPCC7942_RS05745,0.0848117429169702
SYNPCC7942_RS10700,SYNPCC7942_RS11575,0.0848049050001322
SYNPCC7942_RS09740,SYNPCC7942_RS01430,0.0848031180669264
SYNPCC7942_RS03955,SYNPCC7942_RS01080,0.0847970539436043
SYNPCC7942_RS00645,SYNPCC7942_RS01690,0.0847968182304803
SYNPCC7942_RS03160,SYNPCC7942_RS01390,0.08479169093435
SYNPCC7942_RS09435,SYNPCC7942_RS10370,0.0847908735701672
SYNPCC7942_RS07435,SYNPCC7942_RS01625,0.0847877143759146
SYNPCC7942_RS07185,SYNPCC7942_RS13295,0.0847737096909984
SYNPCC7942_RS09740,SYNPCC7942_RS02440,0.0847710147178251
SYNPCC7942_RS09380,SYNPCC7942_RS13250,0.0847653191459478
SYNPCC7942_RS03530,SYNPCC7942_RS07430,0.0847596456454789
SYNPCC7942_RS03160,SYNPCC7942_RS04465,0.0847557441113221
SYNPCC7942_RS10700,SYNPCC7942_RS04070,0.0847469293638521
SYNPCC7942_RS03160,SYNPCC7942_RS03405,0.0847431771026799
SYNPCC7942_RS03440,SYNPCC7942_RS08850,0.0847370460691277
SYNPCC7942_RS07435,SYNPCC7942_RS10060,0.0847269094153831
SYNPCC7942_RS00380,SYNPCC7942_RS13150,0.0846996694885302
SYNPCC7942_RS02895,SYNPCC7942_RS11080,0.0846885618017958
SYNPCC7942_RS07185,SYNPCC7942_RS12830,0.0846784499755047
SYNPCC7942_RS07435,SYNPCC7942_RS03635,0.0846500869806379
SYNPCC7942_RS07435,SYNPCC7942_RS08870,0.0846468623659365
SYNPCC7942_RS02830,SYNPCC7942_RS06325,0.0846457140455587
SYNPCC7942_RS09160,SYNPCC7942_RS10425,0.0846452156379927
SYNPCC7942_RS09380,SYNPCC7942_RS01015,0.0846249592085901
SYNPCC7942_RS11970,SYNPCC7942_RS08200,0.0846058299780253
SYNPCC7942_RS09435,SYNPCC7942_RS04135,0.0846043635712452
SYNPCC7942_RS03160,SYNPCC7942_RS05485,0.0845756496296484
SYNPCC7942_RS02830,SYNPCC7942_RS01560,0.084559164723134
SYNPCC7942_RS00480,SYNPCC7942_RS06620,0.0845578749486847
SYNPCC7942_RS07185,SYNPCC7942_RS01310,0.084538699898626
SYNPCC7942_RS11465,SYNPCC7942_RS08330,0.0845380769800999
SYNPCC7942_RS10700,SYNPCC7942_RS10825,0.0845364291309997
SYNPCC7942_RS03465,SYNPCC7942_RS09545,0.0845291893049512
SYNPCC7942_RS07720,SYNPCC7942_RS11120,0.0845245014366574
SYNPCC7942_RS03465,SYNPCC7942_RS07400,0.0845061914152577
SYNPCC7942_RS00455,SYNPCC7942_RS00055,0.0845027414872836
SYNPCC7942_RS05870,SYNPCC7942_RS07005,0.0844808966258085
SYNPCC7942_RS03325,SYNPCC7942_RS00105,0.0844761072101688
SYNPCC7942_RS00455,SYNPCC7942_RS00470,0.0844707295949165
SYNPCC7942_RS07435,SYNPCC7942_RS09855,0.0844595861259701
SYNPCC7942_RS00455,SYNPCC7942_RS04935,0.0844563523068801
SYNPCC7942_RS05870,SYNPCC7942_RS06105,0.0844541740958973
SYNPCC7942_RS09740,SYNPCC7942_RS04230,0.0844540380610705
SYNPCC7942_RS06700,SYNPCC7942_RS07535,0.0844447246426884
SYNPCC7942_RS00645,SYNPCC7942_RS09780,0.0844372534746012
SYNPCC7942_RS10340,SYNPCC7942_RS04500,0.0844366734038933
SYNPCC7942_RS00455,SYNPCC7942_RS08115,0.0844170130698545
SYNPCC7942_RS09065,SYNPCC7942_RS00340,0.0844104342865169
SYNPCC7942_RS06370,SYNPCC7942_RS00120,0.0844058779954674
SYNPCC7942_RS03160,SYNPCC7942_RS12080,0.0843954905472021
SYNPCC7942_RS07435,SYNPCC7942_RS04615,0.0843820811748733
SYNPCC7942_RS08850,SYNPCC7942_RS11290,0.0843741023274493
SYNPCC7942_RS02895,SYNPCC7942_RS06350,0.0843469757573946
SYNPCC7942_RS07435,SYNPCC7942_RS10995,0.0843278578352364
SYNPCC7942_RS09500,SYNPCC7942_RS13670,0.0843147177975931
SYNPCC7942_RS03440,SYNPCC7942_RS08830,0.0842909547119464
SYNPCC7942_RS07435,SYNPCC7942_RS04725,0.0842906283908212
SYNPCC7942_RS05070,SYNPCC7942_RS03315,0.0842876834215633
SYNPCC7942_RS10700,SYNPCC7942_RS07445,0.0842797038040239
SYNPCC7942_RS03160,SYNPCC7942_RS03125,0.0842745860508526
SYNPCC7942_RS05870,SYNPCC7942_RS06040,0.0842717433285226
SYNPCC7942_RS09620,SYNPCC7942_RS12805,0.0842695568418876
SYNPCC7942_RS10040,SYNPCC7942_RS07410,0.0842601783870502
SYNPCC7942_RS07185,SYNPCC7942_RS04885,0.0842559922497911
SYNPCC7942_RS05870,SYNPCC7942_RS10575,0.0842519341158023
SYNPCC7942_RS05070,SYNPCC7942_RS11910,0.0842519001111554
SYNPCC7942_RS03160,SYNPCC7942_RS07050,0.0842193162220353
SYNPCC7942_RS07435,SYNPCC7942_RS01485,0.0841962376711768
SYNPCC7942_RS08885,SYNPCC7942_RS05530,0.0841940625586476
SYNPCC7942_RS05870,SYNPCC7942_RS03325,0.0841768715579279
SYNPCC7942_RS07435,SYNPCC7942_RS09425,0.0841759573280315
SYNPCC7942_RS10165,SYNPCC7942_RS03870,0.08416380180599
SYNPCC7942_RS07435,SYNPCC7942_RS05040,0.0841580738119727
SYNPCC7942_RS03075,SYNPCC7942_RS12490,0.0841570756998452
SYNPCC7942_RS10700,SYNPCC7942_RS08895,0.0841427843125076
SYNPCC7942_RS00645,SYNPCC7942_RS08055,0.0841285739019521
SYNPCC7942_RS07435,SYNPCC7942_RS10455,0.0841097116998406
SYNPCC7942_RS07185,SYNPCC7942_RS10585,0.0841065095079325
SYNPCC7942_RS02895,SYNPCC7942_RS05015,0.0841014845037235
SYNPCC7942_RS09760,SYNPCC7942_RS05650,0.0840985973489609
SYNPCC7942_RS03160,SYNPCC7942_RS02730,0.0840917121612009
SYNPCC7942_RS00645,SYNPCC7942_RS05040,0.0840914558333517
SYNPCC7942_RS10700,SYNPCC7942_RS08655,0.0840902324559039
SYNPCC7942_RS09620,SYNPCC7942_RS10240,0.0840863765425999
SYNPCC7942_RS00645,SYNPCC7942_RS05015,0.0840610181607952
SYNPCC7942_RS10700,SYNPCC7942_RS04945,0.0840533993771742
SYNPCC7942_RS11970,SYNPCC7942_RS01905,0.0840469132405774
SYNPCC7942_RS10700,SYNPCC7942_RS11875,0.0840188390433097
SYNPCC7942_RS03160,SYNPCC7942_RS09455,0.0840145287171329
SYNPCC7942_RS03160,SYNPCC7942_RS07340,0.0840046125723949
SYNPCC7942_RS03160,SYNPCC7942_RS08150,0.0840010006877035
SYNPCC7942_RS08885,SYNPCC7942_RS05590,0.0839912885014089
SYNPCC7942_RS00380,SYNPCC7942_RS03640,0.0839596327919983
SYNPCC7942_RS00645,SYNPCC7942_RS10335,0.0839565999034492
SYNPCC7942_RS10700,SYNPCC7942_RS11530,0.0839538246331782
SYNPCC7942_RS03955,SYNPCC7942_RS07890,0.0839360422582611
SYNPCC7942_RS03160,SYNPCC7942_RS00025,0.0839280135891491
SYNPCC7942_RS10700,SYNPCC7942_RS08150,0.0839238371625328
SYNPCC7942_RS03160,SYNPCC7942_RS01930,0.0839057760899589
SYNPCC7942_RS03160,SYNPCC7942_RS04215,0.0838858505750279
SYNPCC7942_RS00455,SYNPCC7942_RS09295,0.0838791697605038
SYNPCC7942_RS03160,SYNPCC7942_RS00695,0.0838634328151919
SYNPCC7942_RS03325,SYNPCC7942_RS00355,0.0838630364661188
SYNPCC7942_RS07185,SYNPCC7942_RS03765,0.083813786677034
SYNPCC7942_RS07185,SYNPCC7942_RS06415,0.0838074018106112
SYNPCC7942_RS10700,SYNPCC7942_RS10000,0.08380721139015
SYNPCC7942_RS03465,SYNPCC7942_RS06315,0.083802731372356
SYNPCC7942_RS10040,SYNPCC7942_RS08385,0.0838009853053202
SYNPCC7942_RS05640,SYNPCC7942_RS02870,0.0837707837090169
SYNPCC7942_RS06370,SYNPCC7942_RS01970,0.0837704396647194
SYNPCC7942_RS00765,SYNPCC7942_RS05960,0.0837613837868081
SYNPCC7942_RS00455,SYNPCC7942_RS09980,0.083745538709967
SYNPCC7942_RS00455,SYNPCC7942_RS04380,0.0837399233447711
SYNPCC7942_RS10700,SYNPCC7942_RS10110,0.0837385238666887
SYNPCC7942_RS06370,SYNPCC7942_RS05980,0.0837379949446253
SYNPCC7942_RS03160,SYNPCC7942_RS00325,0.0837199038055215
SYNPCC7942_RS06370,SYNPCC7942_RS09605,0.0837188040715867
SYNPCC7942_RS05870,SYNPCC7942_RS11345,0.0837139943379396
SYNPCC7942_RS09380,SYNPCC7942_RS08345,0.0836560637411914
SYNPCC7942_RS12560,SYNPCC7942_RS01095,0.0836364861199631
SYNPCC7942_RS05640,SYNPCC7942_RS07705,0.083632950010639
SYNPCC7942_RS05870,SYNPCC7942_RS04730,0.0835983228076807
SYNPCC7942_RS07435,SYNPCC7942_RS05020,0.0835908120334206
SYNPCC7942_RS09740,SYNPCC7942_RS06990,0.0835894732554553
SYNPCC7942_RS03075,SYNPCC7942_RS11935,0.0835870210144738
SYNPCC7942_RS03160,SYNPCC7942_RS13615,0.0835804802433351
SYNPCC7942_RS09620,SYNPCC7942_RS09735,0.0835690782623356
SYNPCC7942_RS09620,SYNPCC7942_RS10585,0.0835414669933535
SYNPCC7942_RS00455,SYNPCC7942_RS05765,0.0835408368237457
SYNPCC7942_RS09740,SYNPCC7942_RS11500,0.0835324409597042
SYNPCC7942_RS10700,SYNPCC7942_RS09940,0.0835219458375758
SYNPCC7942_RS10700,SYNPCC7942_RS05100,0.0835016772148213
SYNPCC7942_RS09740,SYNPCC7942_RS11485,0.0834863986535773
SYNPCC7942_RS09380,SYNPCC7942_RS06325,0.0834777137658896
SYNPCC7942_RS10340,SYNPCC7942_RS07840,0.0834763097829459
SYNPCC7942_RS03160,SYNPCC7942_RS06410,0.0834655552393196
SYNPCC7942_RS12560,SYNPCC7942_RS01565,0.0834650780909912
SYNPCC7942_RS09435,SYNPCC7942_RS02845,0.0834540000029203
SYNPCC7942_RS10700,SYNPCC7942_RS06095,0.0834437504954947
SYNPCC7942_RS07435,SYNPCC7942_RS06385,0.0834382865425932
SYNPCC7942_RS12275,SYNPCC7942_RS03225,0.0834359020091608
SYNPCC7942_RS08645,SYNPCC7942_RS08495,0.0834295802219642
SYNPCC7942_RS03160,SYNPCC7942_RS06435,0.083421855816962
SYNPCC7942_RS07435,SYNPCC7942_RS11400,0.0834156984824799
SYNPCC7942_RS03075,SYNPCC7942_RS08470,0.083411770492198
SYNPCC7942_RS10700,SYNPCC7942_RS08810,0.0833999609299621
SYNPCC7942_RS03160,SYNPCC7942_RS07920,0.0833818876114108
SYNPCC7942_RS07185,SYNPCC7942_RS09220,0.0833743844184045
SYNPCC7942_RS07435,SYNPCC7942_RS05690,0.0833704489615886
SYNPCC7942_RS10700,SYNPCC7942_RS03505,0.0833680275132814
SYNPCC7942_RS07435,SYNPCC7942_RS12730,0.0833676813774348
SYNPCC7942_RS09760,SYNPCC7942_RS02480,0.0833608387932537
SYNPCC7942_RS03465,SYNPCC7942_RS00980,0.0833132681554212
SYNPCC7942_RS12560,SYNPCC7942_RS06975,0.083310188486492
SYNPCC7942_RS07185,SYNPCC7942_RS10705,0.0833046480723517
SYNPCC7942_RS07435,SYNPCC7942_RS01380,0.0832902485984201
SYNPCC7942_RS09740,SYNPCC7942_RS07095,0.0832897292910494
SYNPCC7942_RS10700,SYNPCC7942_RS10760,0.0832707437287576
SYNPCC7942_RS09740,SYNPCC7942_RS04625,0.0832703829454724
SYNPCC7942_RS09435,SYNPCC7942_RS00360,0.08326469226424
SYNPCC7942_RS05870,SYNPCC7942_RS06065,0.0832568242018387
SYNPCC7942_RS05870,SYNPCC7942_RS07645,0.0832526531492883
SYNPCC7942_RS03465,SYNPCC7942_RS04550,0.0832490146698216
SYNPCC7942_RS07435,SYNPCC7942_RS08125,0.0832463868316577
SYNPCC7942_RS04225,SYNPCC7942_RS10795,0.0832417600488063
SYNPCC7942_RS03160,SYNPCC7942_RS11475,0.0832316862426273
SYNPCC7942_RS00380,SYNPCC7942_RS02640,0.083230257690291
SYNPCC7942_RS04225,SYNPCC7942_RS09500,0.0832237216392841
SYNPCC7942_RS05870,SYNPCC7942_RS02295,0.083219470343238
SYNPCC7942_RS02830,SYNPCC7942_RS02510,0.083204201088175
SYNPCC7942_RS09435,SYNPCC7942_RS13135,0.0831860085672991
SYNPCC7942_RS05870,SYNPCC7942_RS07405,0.0831829983346744
SYNPCC7942_RS08405,SYNPCC7942_RS09790,0.0831765448561429
SYNPCC7942_RS12560,SYNPCC7942_RS07415,0.0831652408507185
SYNPCC7942_RS10700,SYNPCC7942_RS04905,0.0831618410005173
SYNPCC7942_RS03160,SYNPCC7942_RS10835,0.0831568900197672
SYNPCC7942_RS05870,SYNPCC7942_RS11490,0.0831535790820558
SYNPCC7942_RS00455,SYNPCC7942_RS10375,0.0831365647224234
SYNPCC7942_RS00645,SYNPCC7942_RS01500,0.0831307142815469
SYNPCC7942_RS09500,SYNPCC7942_RS00265,0.0831286901273103
SYNPCC7942_RS07435,SYNPCC7942_RS04550,0.083126183793789
SYNPCC7942_RS03955,SYNPCC7942_RS00910,0.0831193051569205
SYNPCC7942_RS09740,SYNPCC7942_RS09690,0.0831189448876095
SYNPCC7942_RS07185,SYNPCC7942_RS05655,0.0831107838529269
SYNPCC7942_RS03160,SYNPCC7942_RS07810,0.0830988007045455
SYNPCC7942_RS00455,SYNPCC7942_RS04765,0.083087576198134
SYNPCC7942_RS00645,SYNPCC7942_RS06905,0.0830816457920122
SYNPCC7942_RS10700,SYNPCC7942_RS02950,0.0830680775011342
SYNPCC7942_RS09160,SYNPCC7942_RS04930,0.0830565101507473
SYNPCC7942_RS00380,SYNPCC7942_RS04855,0.0830218722064284
SYNPCC7942_RS09740,SYNPCC7942_RS01235,0.0829728173520454
SYNPCC7942_RS09380,SYNPCC7942_RS09065,0.0829654518038471
SYNPCC7942_RS05870,SYNPCC7942_RS00030,0.0829644468415882
SYNPCC7942_RS04225,SYNPCC7942_RS12835,0.082964315863745
SYNPCC7942_RS03465,SYNPCC7942_RS08340,0.0829620161928623
SYNPCC7942_RS12560,SYNPCC7942_RS12065,0.0829223937011238
SYNPCC7942_RS06370,SYNPCC7942_RS09440,0.0829202533089148
SYNPCC7942_RS03160,SYNPCC7942_RS10115,0.0829058682808972
SYNPCC7942_RS00455,SYNPCC7942_RS00985,0.0829041562224899
SYNPCC7942_RS07185,SYNPCC7942_RS03290,0.0828872607610166
SYNPCC7942_RS09500,SYNPCC7942_RS00260,0.0828739863300622
SYNPCC7942_RS11465,SYNPCC7942_RS02330,0.082869432085128
SYNPCC7942_RS03160,SYNPCC7942_RS03560,0.0828671929395052
SYNPCC7942_RS05870,SYNPCC7942_RS02730,0.0828671738778196
SYNPCC7942_RS00560,SYNPCC7942_RS07935,0.0828665767798234
SYNPCC7942_RS05870,SYNPCC7942_RS07445,0.0828529227075914
SYNPCC7942_RS09740,SYNPCC7942_RS09735,0.0828481395108792
SYNPCC7942_RS03160,SYNPCC7942_RS08725,0.0828429898811531
SYNPCC7942_RS05870,SYNPCC7942_RS00800,0.0828315494031743
SYNPCC7942_RS00380,SYNPCC7942_RS00965,0.0828015339790361
SYNPCC7942_RS03465,SYNPCC7942_RS01680,0.0827993805968263
SYNPCC7942_RS09740,SYNPCC7942_RS12575,0.0827812023095226
SYNPCC7942_RS08885,SYNPCC7942_RS11615,0.0827739380666773
SYNPCC7942_RS05870,SYNPCC7942_RS04700,0.082772443293691
SYNPCC7942_RS02895,SYNPCC7942_RS10225,0.0827715364139106
SYNPCC7942_RS10700,SYNPCC7942_RS04540,0.0827618823695995
SYNPCC7942_RS03160,SYNPCC7942_RS02220,0.082758974988001
SYNPCC7942_RS09435,SYNPCC7942_RS03270,0.082758621646039
SYNPCC7942_RS09160,SYNPCC7942_RS09755,0.0827535608268356
SYNPCC7942_RS11465,SYNPCC7942_RS11715,0.082742145843941
SYNPCC7942_RS03260,SYNPCC7942_RS13015,0.0827311177667293
SYNPCC7942_RS03465,SYNPCC7942_RS02735,0.082728223754299
SYNPCC7942_RS10340,SYNPCC7942_RS09760,0.0827203837434116
SYNPCC7942_RS02830,SYNPCC7942_RS12675,0.0826963407219125
SYNPCC7942_RS08405,SYNPCC7942_RS10530,0.082691748209373
SYNPCC7942_RS00645,SYNPCC7942_RS01445,0.0826706654557446
SYNPCC7942_RS09740,SYNPCC7942_RS10765,0.0826572658455726
SYNPCC7942_RS06370,SYNPCC7942_RS08695,0.0826495838851106
SYNPCC7942_RS03465,SYNPCC7942_RS12325,0.0826411285284151
SYNPCC7942_RS10700,SYNPCC7942_RS07655,0.0826397709359383
SYNPCC7942_RS08885,SYNPCC7942_RS00430,0.0826283432014073
SYNPCC7942_RS10700,SYNPCC7942_RS03235,0.0826281394257692
SYNPCC7942_RS12285,SYNPCC7942_RS00670,0.0826208956255049
SYNPCC7942_RS10700,SYNPCC7942_RS02465,0.0826194993506134
SYNPCC7942_RS10700,SYNPCC7942_RS06615,0.0826100113240703
SYNPCC7942_RS10350,SYNPCC7942_RS13280,0.0826098017731675
SYNPCC7942_RS07185,SYNPCC7942_RS06940,0.0826008161899742
SYNPCC7942_RS06370,SYNPCC7942_RS07705,0.0825993387844303
SYNPCC7942_RS09435,SYNPCC7942_RS10915,0.0825887086307869
SYNPCC7942_RS12560,SYNPCC7942_RS12310,0.0825820550538997
SYNPCC7942_RS09740,SYNPCC7942_RS03620,0.0825281948079567
SYNPCC7942_RS00455,SYNPCC7942_RS01520,0.0825270994910197
SYNPCC7942_RS03325,SYNPCC7942_RS06525,0.0825067107818444
SYNPCC7942_RS05870,SYNPCC7942_RS02355,0.0825005749392901
SYNPCC7942_RS11465,SYNPCC7942_RS09955,0.0824986579900367
SYNPCC7942_RS03465,SYNPCC7942_RS05020,0.0824946725641269
SYNPCC7942_RS00455,SYNPCC7942_RS02405,0.0824798496293594
SYNPCC7942_RS03160,SYNPCC7942_RS07800,0.0824734189624126
SYNPCC7942_RS03465,SYNPCC7942_RS10670,0.0824687393633598
SYNPCC7942_RS03160,SYNPCC7942_RS01785,0.0824564450846434
SYNPCC7942_RS03160,SYNPCC7942_RS04890,0.0824559834526316
SYNPCC7942_RS08850,SYNPCC7942_RS10615,0.0824559167719035
SYNPCC7942_RS05870,SYNPCC7942_RS12475,0.0824453149520349
SYNPCC7942_RS00380,SYNPCC7942_RS00045,0.0824425405806026
SYNPCC7942_RS03325,SYNPCC7942_RS05150,0.0824419119975631
SYNPCC7942_RS03160,SYNPCC7942_RS09335,0.0824338302498951
SYNPCC7942_RS02895,SYNPCC7942_RS06760,0.0824319280253305
SYNPCC7942_RS10350,SYNPCC7942_RS10185,0.082424892617374
SYNPCC7942_RS10700,SYNPCC7942_RS11655,0.0824138522590192
SYNPCC7942_RS10700,SYNPCC7942_RS10635,0.0824132522720973
SYNPCC7942_RS09740,SYNPCC7942_RS12305,0.0824031272851654
SYNPCC7942_RS08885,SYNPCC7942_RS10820,0.0823942051910462
SYNPCC7942_RS11970,SYNPCC7942_RS07825,0.082393514203306
SYNPCC7942_RS13165,SYNPCC7942_RS02020,0.0823861018077972
SYNPCC7942_RS10340,SYNPCC7942_RS01170,0.0823809505540253
SYNPCC7942_RS10700,SYNPCC7942_RS04080,0.0823795705882858
SYNPCC7942_RS03075,SYNPCC7942_RS11675,0.0823788252942571
SYNPCC7942_RS00645,SYNPCC7942_RS08125,0.0823729417897027
SYNPCC7942_RS03160,SYNPCC7942_RS07915,0.082347666468923
SYNPCC7942_RS03160,SYNPCC7942_RS04855,0.0823431329270073
SYNPCC7942_RS12275,SYNPCC7942_RS03055,0.0823318951166145
SYNPCC7942_RS04835,SYNPCC7942_RS03650,0.0823290395523084
SYNPCC7942_RS10700,SYNPCC7942_RS06300,0.0823224364989955
SYNPCC7942_RS00645,SYNPCC7942_RS05235,0.0822738157392765
SYNPCC7942_RS07435,SYNPCC7942_RS03505,0.0822676166969261
SYNPCC7942_RS09740,SYNPCC7942_RS11820,0.0822660114389501
SYNPCC7942_RS11465,SYNPCC7942_RS09705,0.0822469452952293
SYNPCC7942_RS12560,SYNPCC7942_RS02285,0.0822409859718514
SYNPCC7942_RS12560,SYNPCC7942_RS05530,0.0822396769382326
SYNPCC7942_RS07435,SYNPCC7942_RS10565,0.0822329708587393
SYNPCC7942_RS03160,SYNPCC7942_RS02980,0.0821881121117129
SYNPCC7942_RS03160,SYNPCC7942_RS10655,0.0821863419770116
SYNPCC7942_RS08780,SYNPCC7942_RS05520,0.0821830636099875
SYNPCC7942_RS03325,SYNPCC7942_RS12080,0.0821815497756868
SYNPCC7942_RS00560,SYNPCC7942_RS05710,0.0821747364097881
SYNPCC7942_RS09740,SYNPCC7942_RS01345,0.0821616432178328
SYNPCC7942_RS12560,SYNPCC7942_RS12875,0.0821566629383261
SYNPCC7942_RS03160,SYNPCC7942_RS14200,0.0821393648745435
SYNPCC7942_RS03160,SYNPCC7942_RS12785,0.0821115339412652
SYNPCC7942_RS02895,SYNPCC7942_RS02940,0.0821053638000518
SYNPCC7942_RS00645,SYNPCC7942_RS01285,0.0821003130369024
SYNPCC7942_RS10700,SYNPCC7942_RS11980,0.0820949434197853
SYNPCC7942_RS08885,SYNPCC7942_RS02520,0.0820858840478896
SYNPCC7942_RS03465,SYNPCC7942_RS01090,0.082078964567255
SYNPCC7942_RS00645,SYNPCC7942_RS11775,0.0820785397066814
SYNPCC7942_RS09380,SYNPCC7942_RS10155,0.0820491474408918
SYNPCC7942_RS05870,SYNPCC7942_RS00040,0.0820324593212751
SYNPCC7942_RS05870,SYNPCC7942_RS13035,0.0820231543674047
SYNPCC7942_RS07185,SYNPCC7942_RS06820,0.0820136682174482
SYNPCC7942_RS10700,SYNPCC7942_RS07930,0.0820066619558816
SYNPCC7942_RS07185,SYNPCC7942_RS05490,0.0820052242002098
SYNPCC7942_RS00455,SYNPCC7942_RS07575,0.0819988519956152
SYNPCC7942_RS07185,SYNPCC7942_RS02200,0.0819984313541141
SYNPCC7942_RS00455,SYNPCC7942_RS06685,0.0819930910466223
SYNPCC7942_RS05870,SYNPCC7942_RS11980,0.0819869171551039
SYNPCC7942_RS05870,SYNPCC7942_RS02245,0.0819785289744024
SYNPCC7942_RS12560,SYNPCC7942_RS12580,0.0819722330455673
SYNPCC7942_RS10350,SYNPCC7942_RS06535,0.0819608241314078
SYNPCC7942_RS05870,SYNPCC7942_RS08180,0.0819595760664047
SYNPCC7942_RS11465,SYNPCC7942_RS02520,0.0819373633942142
SYNPCC7942_RS07185,SYNPCC7942_RS08390,0.0819263916087852
SYNPCC7942_RS00645,SYNPCC7942_RS10995,0.081900855673128
SYNPCC7942_RS05870,SYNPCC7942_RS08865,0.0818947614212254
SYNPCC7942_RS09740,SYNPCC7942_RS09260,0.0818887908608589
SYNPCC7942_RS05640,SYNPCC7942_RS04010,0.0818781445831063
SYNPCC7942_RS10700,SYNPCC7942_RS10570,0.0818762973067108
SYNPCC7942_RS07185,SYNPCC7942_RS12090,0.0818744829488652
SYNPCC7942_RS11465,SYNPCC7942_RS13910,0.0818737634282591
SYNPCC7942_RS09740,SYNPCC7942_RS03160,0.081868134587846
SYNPCC7942_RS03075,SYNPCC7942_RS09465,0.0818649250441188
SYNPCC7942_RS03160,SYNPCC7942_RS09635,0.0818531014851912
SYNPCC7942_RS11030,SYNPCC7942_RS07870,0.0818472619598162
SYNPCC7942_RS03325,SYNPCC7942_RS10570,0.0818340400166403
SYNPCC7942_RS00455,SYNPCC7942_RS08310,0.081819075624402
SYNPCC7942_RS02830,SYNPCC7942_RS02680,0.0817888214371769
SYNPCC7942_RS10700,SYNPCC7942_RS04800,0.0817833746760385
SYNPCC7942_RS10700,SYNPCC7942_RS01520,0.0817801480628864
SYNPCC7942_RS03160,SYNPCC7942_RS11750,0.0817801409222736
SYNPCC7942_RS06370,SYNPCC7942_RS05500,0.081777010631944
SYNPCC7942_RS06370,SYNPCC7942_RS05835,0.0817744222595034
SYNPCC7942_RS02895,SYNPCC7942_RS01320,0.0817726226580138
SYNPCC7942_RS00645,SYNPCC7942_RS05575,0.0817506237893227
SYNPCC7942_RS03260,SYNPCC7942_RS11230,0.0817307428661408
SYNPCC7942_RS05870,SYNPCC7942_RS02360,0.0817116828458844
SYNPCC7942_RS09740,SYNPCC7942_RS11885,0.0817116597831484
SYNPCC7942_RS00455,SYNPCC7942_RS06100,0.0817040985423104
SYNPCC7942_RS07805,SYNPCC7942_RS06625,0.0816940596442232
SYNPCC7942_RS09065,SYNPCC7942_RS08005,0.0816862450468145
SYNPCC7942_RS03160,SYNPCC7942_RS00700,0.0816846620926805
SYNPCC7942_RS10165,SYNPCC7942_RS08630,0.0816637683481736
SYNPCC7942_RS07435,SYNPCC7942_RS07315,0.0816617254522811
SYNPCC7942_RS07435,SYNPCC7942_RS01785,0.0816589722656148
SYNPCC7942_RS12560,SYNPCC7942_RS02540,0.0816537807138456
SYNPCC7942_RS03325,SYNPCC7942_RS06895,0.0816457118861355
SYNPCC7942_RS07435,SYNPCC7942_RS04360,0.0816338412985542
SYNPCC7942_RS10700,SYNPCC7942_RS06145,0.081596137729164
SYNPCC7942_RS12285,SYNPCC7942_RS05600,0.081594133407099
SYNPCC7942_RS06370,SYNPCC7942_RS12345,0.0815822592647532
SYNPCC7942_RS13165,SYNPCC7942_RS07980,0.0815754974182663
SYNPCC7942_RS03955,SYNPCC7942_RS00250,0.0815685077217054
SYNPCC7942_RS07435,SYNPCC7942_RS14015,0.0815587209122103
SYNPCC7942_RS10700,SYNPCC7942_RS06885,0.081557816568808
SYNPCC7942_RS05070,SYNPCC7942_RS13675,0.0815498081018759
SYNPCC7942_RS07435,SYNPCC7942_RS01215,0.0815424845334246
SYNPCC7942_RS11715,SYNPCC7942_RS04860,0.081530421863959
SYNPCC7942_RS09620,SYNPCC7942_RS03425,0.0815291948273794
SYNPCC7942_RS00480,SYNPCC7942_RS05210,0.0815273019191234
SYNPCC7942_RS03160,SYNPCC7942_RS00805,0.081524162704536
SYNPCC7942_RS07435,SYNPCC7942_RS05910,0.0815216211729907
SYNPCC7942_RS12275,SYNPCC7942_RS10035,0.0815115505952898
SYNPCC7942_RS10700,SYNPCC7942_RS05565,0.0814916666351808
SYNPCC7942_RS10700,SYNPCC7942_RS09725,0.0814896176182344
SYNPCC7942_RS05870,SYNPCC7942_RS06690,0.0814804626314428
SYNPCC7942_RS02830,SYNPCC7942_RS11525,0.0814762646719776
SYNPCC7942_RS07185,SYNPCC7942_RS08800,0.0814757662371256
SYNPCC7942_RS09380,SYNPCC7942_RS06290,0.0814649230585764
SYNPCC7942_RS03160,SYNPCC7942_RS08155,0.0814613642488044
SYNPCC7942_RS12560,SYNPCC7942_RS07105,0.0814585516150931
SYNPCC7942_RS10700,SYNPCC7942_RS02865,0.0814268995178821
SYNPCC7942_RS08820,SYNPCC7942_RS10790,0.0814173755223511
SYNPCC7942_RS10350,SYNPCC7942_RS07630,0.0814070513371765
SYNPCC7942_RS10700,SYNPCC7942_RS04465,0.0813893945536311
SYNPCC7942_RS13695,SYNPCC7942_RS04660,0.0813810756728899
SYNPCC7942_RS07435,SYNPCC7942_RS07405,0.0813782433687591
SYNPCC7942_RS03530,SYNPCC7942_RS02380,0.0813568483936338
SYNPCC7942_RS03440,SYNPCC7942_RS08845,0.0813536685048744
SYNPCC7942_RS03160,SYNPCC7942_RS05480,0.0813515501411377
SYNPCC7942_RS07805,SYNPCC7942_RS08635,0.0813465528196831
SYNPCC7942_RS07435,SYNPCC7942_RS10445,0.081343268863784
SYNPCC7942_RS10170,SYNPCC7942_RS13010,0.0813373692401865
SYNPCC7942_RS11030,SYNPCC7942_RS07475,0.0813172554220662
SYNPCC7942_RS07185,SYNPCC7942_RS02660,0.0813153950167172
SYNPCC7942_RS10700,SYNPCC7942_RS06855,0.081313032088318
SYNPCC7942_RS07185,SYNPCC7942_RS09900,0.081304267615859
SYNPCC7942_RS03960,SYNPCC7942_RS00820,0.0812991889628689
SYNPCC7942_RS08885,SYNPCC7942_RS13020,0.0812877136589955
SYNPCC7942_RS06370,SYNPCC7942_RS00405,0.0812861969507625
SYNPCC7942_RS08885,SYNPCC7942_RS06750,0.081280202959888
SYNPCC7942_RS10260,SYNPCC7942_RS11205,0.0812730063503223
SYNPCC7942_RS03955,SYNPCC7942_RS12790,0.081264618692729
SYNPCC7942_RS05870,SYNPCC7942_RS11495,0.0812621096272314
SYNPCC7942_RS09065,SYNPCC7942_RS07265,0.0812613803820255
SYNPCC7942_RS03160,SYNPCC7942_RS02590,0.081253761837431
SYNPCC7942_RS03465,SYNPCC7942_RS03320,0.0812447979616195
SYNPCC7942_RS10700,SYNPCC7942_RS00355,0.081231096460199
SYNPCC7942_RS03325,SYNPCC7942_RS00770,0.0812299481855006
SYNPCC7942_RS07435,SYNPCC7942_RS04780,0.0812129587856194
SYNPCC7942_RS10170,SYNPCC7942_RS03360,0.0812111890227411
SYNPCC7942_RS00455,SYNPCC7942_RS00450,0.081209084782139
SYNPCC7942_RS09620,SYNPCC7942_RS01525,0.081192363880853
SYNPCC7942_RS00765,SYNPCC7942_RS08045,0.0811653442912546
SYNPCC7942_RS07435,SYNPCC7942_RS04290,0.0811626688723518
SYNPCC7942_RS09740,SYNPCC7942_RS04945,0.0811579937043764
SYNPCC7942_RS10700,SYNPCC7942_RS11355,0.0811534467530491
SYNPCC7942_RS06370,SYNPCC7942_RS09885,0.0811520524263067
SYNPCC7942_RS09065,SYNPCC7942_RS08930,0.0811436000155802
SYNPCC7942_RS10700,SYNPCC7942_RS02645,0.0811431388111516
SYNPCC7942_RS06370,SYNPCC7942_RS01330,0.0811404769318812
SYNPCC7942_RS09435,SYNPCC7942_RS09990,0.081134632828211
SYNPCC7942_RS00455,SYNPCC7942_RS10825,0.0811238665955833
SYNPCC7942_RS00455,SYNPCC7942_RS09725,0.0811226497536071
SYNPCC7942_RS09500,SYNPCC7942_RS09645,0.0811149153571313
SYNPCC7942_RS03440,SYNPCC7942_RS04600,0.0811138765080224
SYNPCC7942_RS09380,SYNPCC7942_RS00020,0.0811018340890825
SYNPCC7942_RS00645,SYNPCC7942_RS01680,0.0811011768657919
SYNPCC7942_RS03160,SYNPCC7942_RS10830,0.0810910075702284
SYNPCC7942_RS03160,SYNPCC7942_RS07420,0.0810881775787918
SYNPCC7942_RS09740,SYNPCC7942_RS08960,0.0810857984598767
SYNPCC7942_RS09065,SYNPCC7942_RS03320,0.0810780568559918
SYNPCC7942_RS12560,SYNPCC7942_RS07565,0.0810678882566233
SYNPCC7942_RS10260,SYNPCC7942_RS11635,0.0810652931589428
SYNPCC7942_RS03075,SYNPCC7942_RS03610,0.0810614075295312
SYNPCC7942_RS03955,SYNPCC7942_RS01085,0.0810599659047922
SYNPCC7942_RS07435,SYNPCC7942_RS02770,0.0810438716420423
SYNPCC7942_RS00645,SYNPCC7942_RS09295,0.0810417074289442
SYNPCC7942_RS07435,SYNPCC7942_RS10365,0.0810413540148492
SYNPCC7942_RS00645,SYNPCC7942_RS06615,0.0810258667509946
SYNPCC7942_RS05640,SYNPCC7942_RS05005,0.0810224736683798
SYNPCC7942_RS03075,SYNPCC7942_RS02155,0.0810209413223089
SYNPCC7942_RS09740,SYNPCC7942_RS13235,0.0810192491505471
SYNPCC7942_RS05870,SYNPCC7942_RS03540,0.0810109672903424
SYNPCC7942_RS03465,SYNPCC7942_RS00990,0.0809952073151018
SYNPCC7942_RS06370,SYNPCC7942_RS00670,0.0809844278869322
SYNPCC7942_RS12560,SYNPCC7942_RS03265,0.0809803935159587
SYNPCC7942_RS08405,SYNPCC7942_RS07190,0.0809784051769461
SYNPCC7942_RS03955,SYNPCC7942_RS05075,0.0809766089296593
SYNPCC7942_RS09740,SYNPCC7942_RS01845,0.0809637103154964
SYNPCC7942_RS00455,SYNPCC7942_RS06615,0.0809617070252732
SYNPCC7942_RS00645,SYNPCC7942_RS09605,0.0809563450183566
SYNPCC7942_RS13165,SYNPCC7942_RS02090,0.0809534269769429
SYNPCC7942_RS07435,SYNPCC7942_RS12460,0.0809530482510155
SYNPCC7942_RS00380,SYNPCC7942_RS06710,0.0809516856654027
SYNPCC7942_RS03160,SYNPCC7942_RS12165,0.0809433842461982
SYNPCC7942_RS08885,SYNPCC7942_RS07235,0.08094263409951
SYNPCC7942_RS09935,SYNPCC7942_RS11070,0.0809412538247116
SYNPCC7942_RS09740,SYNPCC7942_RS09520,0.0809408925237606
SYNPCC7942_RS03160,SYNPCC7942_RS09565,0.0809355952962132
SYNPCC7942_RS09160,SYNPCC7942_RS00550,0.0809210266007317
SYNPCC7942_RS03075,SYNPCC7942_RS11185,0.0809139212272093
SYNPCC7942_RS03160,SYNPCC7942_RS05765,0.0808944379078641
SYNPCC7942_RS05870,SYNPCC7942_RS04705,0.0808523337423901
SYNPCC7942_RS09620,SYNPCC7942_RS10770,0.0808159800043178
SYNPCC7942_RS09435,SYNPCC7942_RS12295,0.0808132280005661
SYNPCC7942_RS08645,SYNPCC7942_RS05010,0.0808106446512185
SYNPCC7942_RS10700,SYNPCC7942_RS10525,0.0808002472845948
SYNPCC7942_RS04225,SYNPCC7942_RS00190,0.0807902276427131
SYNPCC7942_RS02895,SYNPCC7942_RS02890,0.0807877761826755
SYNPCC7942_RS00455,SYNPCC7942_RS02980,0.080783987427625
SYNPCC7942_RS09065,SYNPCC7942_RS11460,0.0807707613744697
SYNPCC7942_RS08820,SYNPCC7942_RS08815,0.0807665390493317
SYNPCC7942_RS09620,SYNPCC7942_RS05825,0.0807621054239307
SYNPCC7942_RS06370,SYNPCC7942_RS00370,0.0807593218008814
SYNPCC7942_RS03160,SYNPCC7942_RS04620,0.0807500342686413
SYNPCC7942_RS03325,SYNPCC7942_RS04625,0.0807431594812238
SYNPCC7942_RS09760,SYNPCC7942_RS02070,0.0807426015021426
SYNPCC7942_RS03075,SYNPCC7942_RS07265,0.0807344521199845
SYNPCC7942_RS00455,SYNPCC7942_RS02065,0.0807150655436308
SYNPCC7942_RS07185,SYNPCC7942_RS08385,0.0807109425641082
SYNPCC7942_RS09160,SYNPCC7942_RS07355,0.080695898201634
SYNPCC7942_RS03075,SYNPCC7942_RS05240,0.0806836346356559
SYNPCC7942_RS00645,SYNPCC7942_RS01380,0.0806826500215308
SYNPCC7942_RS06365,SYNPCC7942_RS10520,0.0806774140382613
SYNPCC7942_RS02830,SYNPCC7942_RS13240,0.0806696541724564
SYNPCC7942_RS07185,SYNPCC7942_RS06810,0.0806689970913819
SYNPCC7942_RS09740,SYNPCC7942_RS08140,0.0806669184901868
SYNPCC7942_RS00645,SYNPCC7942_RS01685,0.0806651153187552
SYNPCC7942_RS08780,SYNPCC7942_RS13760,0.0806649956328805
SYNPCC7942_RS00480,SYNPCC7942_RS02895,0.0806590935825555
SYNPCC7942_RS05230,SYNPCC7942_RS09870,0.0806548341797739
SYNPCC7942_RS07435,SYNPCC7942_RS07240,0.0806476861489178
SYNPCC7942_RS00645,SYNPCC7942_RS05815,0.080646874523095
SYNPCC7942_RS09740,SYNPCC7942_RS11530,0.0806194832889969
SYNPCC7942_RS09740,SYNPCC7942_RS10745,0.0806175526787981
SYNPCC7942_RS00455,SYNPCC7942_RS01505,0.0806071394825876
SYNPCC7942_RS09160,SYNPCC7942_RS10040,0.0805888025423434
SYNPCC7942_RS09435,SYNPCC7942_RS02695,0.0805878621471204
SYNPCC7942_RS07805,SYNPCC7942_RS02690,0.0805826488603013
SYNPCC7942_RS00645,SYNPCC7942_RS09580,0.0805692597743975
SYNPCC7942_RS03325,SYNPCC7942_RS11225,0.0805673758305633
SYNPCC7942_RS03160,SYNPCC7942_RS01425,0.0805160852107908
SYNPCC7942_RS03325,SYNPCC7942_RS11500,0.0805121964810392
SYNPCC7942_RS02895,SYNPCC7942_RS12895,0.0805050075853596
SYNPCC7942_RS10700,SYNPCC7942_RS02550,0.0804993756739465
SYNPCC7942_RS03260,SYNPCC7942_RS10750,0.0804490278564108
SYNPCC7942_RS03160,SYNPCC7942_RS05610,0.0804444178557231
SYNPCC7942_RS09065,SYNPCC7942_RS05340,0.0804337530156388
SYNPCC7942_RS09740,SYNPCC7942_RS06480,0.0804259860397729
SYNPCC7942_RS09500,SYNPCC7942_RS07890,0.0804234232818416
SYNPCC7942_RS03160,SYNPCC7942_RS12570,0.0804201633756924
SYNPCC7942_RS10165,SYNPCC7942_RS06670,0.08041749736334
SYNPCC7942_RS10700,SYNPCC7942_RS01055,0.0804171701529165
SYNPCC7942_RS00645,SYNPCC7942_RS04615,0.0804105935071066
SYNPCC7942_RS09620,SYNPCC7942_RS12540,0.0804100276347776
SYNPCC7942_RS12560,SYNPCC7942_RS08760,0.0803990808360537
SYNPCC7942_RS13165,SYNPCC7942_RS00525,0.0803922291173406
SYNPCC7942_RS12275,SYNPCC7942_RS02050,0.0803903999684377
SYNPCC7942_RS00645,SYNPCC7942_RS01695,0.0803867248687342
SYNPCC7942_RS10170,SYNPCC7942_RS12890,0.0803296099009029
SYNPCC7942_RS07435,SYNPCC7942_RS06685,0.0803289503444385
SYNPCC7942_RS10700,SYNPCC7942_RS07330,0.080323517818574
SYNPCC7942_RS09740,SYNPCC7942_RS03290,0.0803183279629054
SYNPCC7942_RS10350,SYNPCC7942_RS04745,0.0803152882274249
SYNPCC7942_RS05870,SYNPCC7942_RS02400,0.0802887093634374
SYNPCC7942_RS03160,SYNPCC7942_RS08185,0.080276792138943
SYNPCC7942_RS12560,SYNPCC7942_RS10370,0.0802699270931577
SYNPCC7942_RS03075,SYNPCC7942_RS09065,0.0802670057628656
SYNPCC7942_RS07185,SYNPCC7942_RS08670,0.0802631186437494
SYNPCC7942_RS03530,SYNPCC7942_RS03165,0.0802588569509632
SYNPCC7942_RS03160,SYNPCC7942_RS01825,0.080255745442637
SYNPCC7942_RS06700,SYNPCC7942_RS07110,0.0802487474963367
SYNPCC7942_RS05870,SYNPCC7942_RS05560,0.0802340269576614
SYNPCC7942_RS07435,SYNPCC7942_RS13905,0.0802248654666111
SYNPCC7942_RS07185,SYNPCC7942_RS05250,0.0802178135958955
SYNPCC7942_RS10700,SYNPCC7942_RS02000,0.0802111018138845
SYNPCC7942_RS03160,SYNPCC7942_RS05410,0.0802078215484074
SYNPCC7942_RS00560,SYNPCC7942_RS04885,0.0802073302331187
SYNPCC7942_RS08645,SYNPCC7942_RS07570,0.0802020481689232
SYNPCC7942_RS12285,SYNPCC7942_RS04810,0.080199509133249
SYNPCC7942_RS02895,SYNPCC7942_RS05400,0.0801947714186948
SYNPCC7942_RS03075,SYNPCC7942_RS09895,0.0801942050918666
SYNPCC7942_RS07435,SYNPCC7942_RS13185,0.0801665841294548
SYNPCC7942_RS12560,SYNPCC7942_RS09785,0.0801380491509535
SYNPCC7942_RS05230,SYNPCC7942_RS10580,0.0801365164602895
SYNPCC7942_RS07185,SYNPCC7942_RS12165,0.0801218567544437
SYNPCC7942_RS02895,SYNPCC7942_RS09425,0.0800986473903333
SYNPCC7942_RS03160,SYNPCC7942_RS13225,0.0800925244043056
SYNPCC7942_RS00455,SYNPCC7942_RS08055,0.0800905694644355
SYNPCC7942_RS05870,SYNPCC7942_RS13160,0.0800874525861489
SYNPCC7942_RS00645,SYNPCC7942_RS11450,0.0800837191146418
SYNPCC7942_RS07435,SYNPCC7942_RS05765,0.080079985813695
SYNPCC7942_RS03160,SYNPCC7942_RS02640,0.0800787068438174
SYNPCC7942_RS07185,SYNPCC7942_RS06675,0.0800726788512994
SYNPCC7942_RS00455,SYNPCC7942_RS01825,0.0800720081060859
SYNPCC7942_RS09620,SYNPCC7942_RS08650,0.0800675758409341
SYNPCC7942_RS10700,SYNPCC7942_RS04115,0.080047444941367
SYNPCC7942_RS09740,SYNPCC7942_RS05245,0.0800440993942301
SYNPCC7942_RS09620,SYNPCC7942_RS12740,0.0800401734799435
SYNPCC7942_RS12535,SYNPCC7942_RS05300,0.0800298853771913
SYNPCC7942_RS03465,SYNPCC7942_RS10205,0.0800277089681503
SYNPCC7942_RS03160,SYNPCC7942_RS04355,0.0800170332843638
SYNPCC7942_RS08780,SYNPCC7942_RS07530,0.0800128569722329
SYNPCC7942_RS05070,SYNPCC7942_RS10940,0.0799923768340602
SYNPCC7942_RS09435,SYNPCC7942_RS05770,0.0799904248011524
SYNPCC7942_RS05870,SYNPCC7942_RS01375,0.0799875338434668
SYNPCC7942_RS07435,SYNPCC7942_RS05370,0.0799779905508331
SYNPCC7942_RS10700,SYNPCC7942_RS06955,0.0799728717364337
SYNPCC7942_RS03955,SYNPCC7942_RS02085,0.0799601018941972
SYNPCC7942_RS12560,SYNPCC7942_RS04135,0.0799594331200495
SYNPCC7942_RS07805,SYNPCC7942_RS07030,0.0799532105289626
SYNPCC7942_RS00645,SYNPCC7942_RS13055,0.079947611017761
SYNPCC7942_RS00455,SYNPCC7942_RS00720,0.079947244772832
SYNPCC7942_RS03160,SYNPCC7942_RS00965,0.0799458519227064
SYNPCC7942_RS08405,SYNPCC7942_RS05035,0.0799412176289748
SYNPCC7942_RS08780,SYNPCC7942_RS13800,0.0799020050289233
SYNPCC7942_RS02830,SYNPCC7942_RS13250,0.0799006238764281
SYNPCC7942_RS03325,SYNPCC7942_RS07915,0.0798863058383024
SYNPCC7942_RS12560,SYNPCC7942_RS05045,0.0798721443635804
SYNPCC7942_RS03160,SYNPCC7942_RS02175,0.079870157095139
SYNPCC7942_RS03955,SYNPCC7942_RS14030,0.079858998082908
SYNPCC7942_RS10700,SYNPCC7942_RS11495,0.0798458544690852
SYNPCC7942_RS04225,SYNPCC7942_RS05465,0.0798436045174146
SYNPCC7942_RS00380,SYNPCC7942_RS01750,0.0798302537572926
SYNPCC7942_RS00380,SYNPCC7942_RS07595,0.0798203023686882
SYNPCC7942_RS08885,SYNPCC7942_RS13855,0.0798192413056906
SYNPCC7942_RS09740,SYNPCC7942_RS11335,0.0798152585386146
SYNPCC7942_RS08885,SYNPCC7942_RS02270,0.0798050485217152
SYNPCC7942_RS00645,SYNPCC7942_RS10970,0.079796866312554
SYNPCC7942_RS10340,SYNPCC7942_RS03880,0.0797967466927276
SYNPCC7942_RS09160,SYNPCC7942_RS07570,0.0797964104999326
SYNPCC7942_RS02830,SYNPCC7942_RS11720,0.0797953521440674
SYNPCC7942_RS07435,SYNPCC7942_RS09660,0.0797875548161539
SYNPCC7942_RS09380,SYNPCC7942_RS01025,0.0797869794666877
SYNPCC7942_RS03160,SYNPCC7942_RS02340,0.0797786104943997
SYNPCC7942_RS07435,SYNPCC7942_RS06490,0.0797785077031756
SYNPCC7942_RS12560,SYNPCC7942_RS07230,0.0797777824726244
SYNPCC7942_RS03160,SYNPCC7942_RS07775,0.0797492478933485
SYNPCC7942_RS00380,SYNPCC7942_RS02490,0.0797370242502132
SYNPCC7942_RS06365,SYNPCC7942_RS10370,0.0797270011231741
SYNPCC7942_RS09065,SYNPCC7942_RS11115,0.0797265063452828
SYNPCC7942_RS09380,SYNPCC7942_RS01005,0.0796742254028428
SYNPCC7942_RS13695,SYNPCC7942_RS06205,0.079672444845694
SYNPCC7942_RS07435,SYNPCC7942_RS05290,0.079669427503398
SYNPCC7942_RS02830,SYNPCC7942_RS01245,0.0796663127202248
SYNPCC7942_RS04225,SYNPCC7942_RS06835,0.0796624224775632
SYNPCC7942_RS00455,SYNPCC7942_RS00745,0.0796410259919443
SYNPCC7942_RS06370,SYNPCC7942_RS00050,0.0796405693773199
SYNPCC7942_RS03325,SYNPCC7942_RS12850,0.0796382370431647
SYNPCC7942_RS07435,SYNPCC7942_RS05480,0.079637035629265
SYNPCC7942_RS09435,SYNPCC7942_RS06850,0.0796365436196425
SYNPCC7942_RS07185,SYNPCC7942_RS01210,0.0796273045607495
SYNPCC7942_RS00645,SYNPCC7942_RS02735,0.0796169657275233
SYNPCC7942_RS03075,SYNPCC7942_RS02370,0.0795778118565248
SYNPCC7942_RS03160,SYNPCC7942_RS08955,0.0795741084600369
SYNPCC7942_RS09740,SYNPCC7942_RS04530,0.079573286978418
SYNPCC7942_RS10700,SYNPCC7942_RS13230,0.0795669440315412
SYNPCC7942_RS10165,SYNPCC7942_RS03875,0.0795320541477568
SYNPCC7942_RS10340,SYNPCC7942_RS00070,0.0795127549035417
SYNPCC7942_RS12560,SYNPCC7942_RS07350,0.079507343864228
SYNPCC7942_RS07185,SYNPCC7942_RS05055,0.0794926802683207
SYNPCC7942_RS08885,SYNPCC7942_RS06725,0.0794860266088883
SYNPCC7942_RS08885,SYNPCC7942_RS03080,0.0794837892619575
SYNPCC7942_RS08405,SYNPCC7942_RS11615,0.0794760696400204
SYNPCC7942_RS09380,SYNPCC7942_RS03305,0.0794675409635817
SYNPCC7942_RS08885,SYNPCC7942_RS01725,0.0794633747398331
SYNPCC7942_RS13165,SYNPCC7942_RS04225,0.0794480377997798
SYNPCC7942_RS03160,SYNPCC7942_RS09215,0.0794398476140522
SYNPCC7942_RS09380,SYNPCC7942_RS11730,0.0794327995469198
SYNPCC7942_RS03160,SYNPCC7942_RS07445,0.0794211212825026
SYNPCC7942_RS07435,SYNPCC7942_RS12590,0.0794171304395736
SYNPCC7942_RS03160,SYNPCC7942_RS07630,0.0794167869629928
SYNPCC7942_RS09740,SYNPCC7942_RS09225,0.0794087583813555
SYNPCC7942_RS13165,SYNPCC7942_RS14020,0.0794076133107833
SYNPCC7942_RS10700,SYNPCC7942_RS12280,0.0793717245732604
SYNPCC7942_RS09935,SYNPCC7942_RS05495,0.07936843902876
SYNPCC7942_RS03160,SYNPCC7942_RS12175,0.0793669363697895
SYNPCC7942_RS07435,SYNPCC7942_RS05375,0.0793474017353737
SYNPCC7942_RS07185,SYNPCC7942_RS00535,0.0793338077154503
SYNPCC7942_RS07435,SYNPCC7942_RS06205,0.0793054472627765
SYNPCC7942_RS03160,SYNPCC7942_RS00115,0.0793031290323527
SYNPCC7942_RS07435,SYNPCC7942_RS12085,0.0792928726199698
SYNPCC7942_RS03465,SYNPCC7942_RS12980,0.0792908163731888
SYNPCC7942_RS12560,SYNPCC7942_RS02690,0.0792879001527834
SYNPCC7942_RS00765,SYNPCC7942_RS01565,0.0792785203114852
SYNPCC7942_RS09620,SYNPCC7942_RS10210,0.0792710969610635
SYNPCC7942_RS03465,SYNPCC7942_RS12895,0.0792685176238331
SYNPCC7942_RS00380,SYNPCC7942_RS10080,0.0792608317766254
SYNPCC7942_RS03075,SYNPCC7942_RS13200,0.0792491111646797
SYNPCC7942_RS10700,SYNPCC7942_RS01070,0.0792471669441554
SYNPCC7942_RS03440,SYNPCC7942_RS11315,0.0792386533809772
SYNPCC7942_RS03160,SYNPCC7942_RS10080,0.0792380292486156
SYNPCC7942_RS03160,SYNPCC7942_RS08310,0.0792157069773764
SYNPCC7942_RS03325,SYNPCC7942_RS11220,0.0792107780368052
SYNPCC7942_RS12285,SYNPCC7942_RS05095,0.0792078115831754
SYNPCC7942_RS08885,SYNPCC7942_RS14145,0.0792047113230065
SYNPCC7942_RS12275,SYNPCC7942_RS04805,0.0791858510254236
SYNPCC7942_RS05870,SYNPCC7942_RS06860,0.0791811593855766
SYNPCC7942_RS04225,SYNPCC7942_RS09880,0.0791752541272272
SYNPCC7942_RS00645,SYNPCC7942_RS10670,0.0791694488009065
SYNPCC7942_RS12535,SYNPCC7942_RS05650,0.0791665171336562
SYNPCC7942_RS03955,SYNPCC7942_RS07685,0.0791595587743451
SYNPCC7942_RS08405,SYNPCC7942_RS14185,0.0791537733872751
SYNPCC7942_RS12275,SYNPCC7942_RS10585,0.079146512999898
SYNPCC7942_RS07185,SYNPCC7942_RS10890,0.0791432523921369
SYNPCC7942_RS03325,SYNPCC7942_RS10110,0.0791191896607278
SYNPCC7942_RS00455,SYNPCC7942_RS10595,0.0790585837382821
SYNPCC7942_RS03465,SYNPCC7942_RS09875,0.0790520954224364
SYNPCC7942_RS00645,SYNPCC7942_RS06780,0.0790498177974022
SYNPCC7942_RS03465,SYNPCC7942_RS06310,0.07904908738825
SYNPCC7942_RS03440,SYNPCC7942_RS06450,0.0790438550143017
SYNPCC7942_RS00480,SYNPCC7942_RS05690,0.0790318853533939
SYNPCC7942_RS08780,SYNPCC7942_RS07535,0.0790303493185857
SYNPCC7942_RS02830,SYNPCC7942_RS01420,0.07903018825699
SYNPCC7942_RS00455,SYNPCC7942_RS09855,0.0790116887860981
SYNPCC7942_RS10700,SYNPCC7942_RS01180,0.0790047965391991
SYNPCC7942_RS07185,SYNPCC7942_RS12945,0.0789965043455259
SYNPCC7942_RS07185,SYNPCC7942_RS09250,0.0789964699788139
SYNPCC7942_RS00455,SYNPCC7942_RS04610,0.0789893849937091
SYNPCC7942_RS06370,SYNPCC7942_RS10450,0.0789715099472087
SYNPCC7942_RS10700,SYNPCC7942_RS00870,0.0789654420580608
SYNPCC7942_RS03160,SYNPCC7942_RS12045,0.0789602789685673
SYNPCC7942_RS10040,SYNPCC7942_RS07805,0.0789600441055422
SYNPCC7942_RS03075,SYNPCC7942_RS05930,0.0789581944977461
SYNPCC7942_RS10700,SYNPCC7942_RS12955,0.0789501601241828
SYNPCC7942_RS07435,SYNPCC7942_RS01255,0.0789367350422843
SYNPCC7942_RS09740,SYNPCC7942_RS12410,0.0789311469424942
SYNPCC7942_RS03160,SYNPCC7942_RS12930,0.0789279424721952
SYNPCC7942_RS07185,SYNPCC7942_RS09210,0.0789059645840547
SYNPCC7942_RS10700,SYNPCC7942_RS07575,0.0789039265586435
SYNPCC7942_RS02895,SYNPCC7942_RS12700,0.0789026528711975
SYNPCC7942_RS03160,SYNPCC7942_RS09950,0.0788922240253445
SYNPCC7942_RS00380,SYNPCC7942_RS13715,0.07889139977764
SYNPCC7942_RS10040,SYNPCC7942_RS08380,0.0788851069295625
SYNPCC7942_RS06370,SYNPCC7942_RS01260,0.0788693948219392
SYNPCC7942_RS05870,SYNPCC7942_RS06685,0.0788405670877681
SYNPCC7942_RS00380,SYNPCC7942_RS03140,0.0788377181587357
SYNPCC7942_RS11465,SYNPCC7942_RS05750,0.0788372403696026
SYNPCC7942_RS07435,SYNPCC7942_RS13145,0.0788351777345597
SYNPCC7942_RS12560,SYNPCC7942_RS02800,0.0788337507899517
SYNPCC7942_RS03160,SYNPCC7942_RS02725,0.078815346302395
SYNPCC7942_RS00765,SYNPCC7942_RS10405,0.0788140749516752
SYNPCC7942_RS10700,SYNPCC7942_RS10005,0.0788110961481364
SYNPCC7942_RS00380,SYNPCC7942_RS08125,0.0788061526509126
SYNPCC7942_RS03160,SYNPCC7942_RS09690,0.0787933011677468
SYNPCC7942_RS00560,SYNPCC7942_RS08545,0.0787900052429332
SYNPCC7942_RS02830,SYNPCC7942_RS07935,0.0787799950859533
SYNPCC7942_RS03160,SYNPCC7942_RS05420,0.0787754672145013
SYNPCC7942_RS03465,SYNPCC7942_RS01710,0.0787725669292413
SYNPCC7942_RS00645,SYNPCC7942_RS01820,0.0787649406244616
SYNPCC7942_RS03465,SYNPCC7942_RS07280,0.0787495264871635
SYNPCC7942_RS03530,SYNPCC7942_RS10750,0.0787481342556982
SYNPCC7942_RS09435,SYNPCC7942_RS08760,0.0787444837663301
SYNPCC7942_RS10170,SYNPCC7942_RS09590,0.0787398371466608
SYNPCC7942_RS03160,SYNPCC7942_RS01260,0.0787310642690274
SYNPCC7942_RS07805,SYNPCC7942_RS10040,0.0787280397816142
SYNPCC7942_RS03160,SYNPCC7942_RS04290,0.0787276809612734
SYNPCC7942_RS10700,SYNPCC7942_RS02095,0.0787173147734493
SYNPCC7942_RS00455,SYNPCC7942_RS00410,0.0787131209253146
SYNPCC7942_RS03160,SYNPCC7942_RS00470,0.0787023509113149
SYNPCC7942_RS00380,SYNPCC7942_RS00375,0.0786947504680633
SYNPCC7942_RS09620,SYNPCC7942_RS06940,0.0786891979338002
SYNPCC7942_RS08885,SYNPCC7942_RS00745,0.0786882834950997
SYNPCC7942_RS10700,SYNPCC7942_RS10450,0.0786827205494983
SYNPCC7942_RS03160,SYNPCC7942_RS00560,0.078676706563094
SYNPCC7942_RS03530,SYNPCC7942_RS11110,0.0786707292462192
SYNPCC7942_RS07185,SYNPCC7942_RS07955,0.0786703178144511
SYNPCC7942_RS08780,SYNPCC7942_RS07980,0.0786679864142348
SYNPCC7942_RS10700,SYNPCC7942_RS04265,0.0786668235115095
SYNPCC7942_RS12560,SYNPCC7942_RS00900,0.0786547934444233
SYNPCC7942_RS03465,SYNPCC7942_RS11215,0.0786472662127109
SYNPCC7942_RS09740,SYNPCC7942_RS12040,0.0786415295951392
SYNPCC7942_RS00645,SYNPCC7942_RS13970,0.0786218325585334
SYNPCC7942_RS00645,SYNPCC7942_RS07625,0.0786217385067653
SYNPCC7942_RS10700,SYNPCC7942_RS01155,0.0786163809898269
SYNPCC7942_RS07435,SYNPCC7942_RS00005,0.0786137462113841
SYNPCC7942_RS09160,SYNPCC7942_RS13820,0.0786056289794076
SYNPCC7942_RS00455,SYNPCC7942_RS10640,0.0786047167202166
SYNPCC7942_RS09620,SYNPCC7942_RS01275,0.0786044698630888
SYNPCC7942_RS10700,SYNPCC7942_RS06670,0.0786026327659023
SYNPCC7942_RS05070,SYNPCC7942_RS03585,0.0786003170897875
SYNPCC7942_RS03160,SYNPCC7942_RS05835,0.078590550239875
SYNPCC7942_RS03160,SYNPCC7942_RS02420,0.07858524694093
SYNPCC7942_RS09380,SYNPCC7942_RS03995,0.0785793736447973
SYNPCC7942_RS03440,SYNPCC7942_RS12375,0.0785655920092919
SYNPCC7942_RS02830,SYNPCC7942_RS05895,0.0785502501194422
SYNPCC7942_RS00455,SYNPCC7942_RS10645,0.0785361814050076
SYNPCC7942_RS00645,SYNPCC7942_RS06485,0.0785327042789108
SYNPCC7942_RS07185,SYNPCC7942_RS05710,0.078526267965055
SYNPCC7942_RS09435,SYNPCC7942_RS12145,0.0785246926013343
SYNPCC7942_RS05870,SYNPCC7942_RS07440,0.078519471795348
SYNPCC7942_RS06370,SYNPCC7942_RS13120,0.0785124945361879
SYNPCC7942_RS02895,SYNPCC7942_RS06870,0.0785103991776721
SYNPCC7942_RS03465,SYNPCC7942_RS02675,0.0785098106947696
SYNPCC7942_RS09435,SYNPCC7942_RS05325,0.0785095983553646
SYNPCC7942_RS00645,SYNPCC7942_RS07445,0.0784838510303053
SYNPCC7942_RS08885,SYNPCC7942_RS12325,0.0784817397486083
SYNPCC7942_RS00560,SYNPCC7942_RS05025,0.0784783581199471
SYNPCC7942_RS03160,SYNPCC7942_RS04265,0.0784775183785382
SYNPCC7942_RS03465,SYNPCC7942_RS00510,0.0784672622376824
SYNPCC7942_RS03160,SYNPCC7942_RS04440,0.0784619500744408
SYNPCC7942_RS10700,SYNPCC7942_RS05350,0.0784522709461389
SYNPCC7942_RS03160,SYNPCC7942_RS08920,0.0784493677186357
SYNPCC7942_RS07185,SYNPCC7942_RS02010,0.0784487634182916
SYNPCC7942_RS09740,SYNPCC7942_RS06815,0.0784284987293552
SYNPCC7942_RS10700,SYNPCC7942_RS13025,0.0784260250885341
SYNPCC7942_RS09500,SYNPCC7942_RS10850,0.0784149091087175
SYNPCC7942_RS11970,SYNPCC7942_RS09840,0.0784146086704339
SYNPCC7942_RS08405,SYNPCC7942_RS07350,0.0783898038151425
SYNPCC7942_RS09935,SYNPCC7942_RS09065,0.0783897009898376
SYNPCC7942_RS00560,SYNPCC7942_RS02425,0.0783788575788651
SYNPCC7942_RS09160,SYNPCC7942_RS08825,0.078375767277584
SYNPCC7942_RS03160,SYNPCC7942_RS08255,0.0783705807715574
SYNPCC7942_RS11715,SYNPCC7942_RS07910,0.078353230535324
SYNPCC7942_RS09435,SYNPCC7942_RS11600,0.0783385940674278
SYNPCC7942_RS09500,SYNPCC7942_RS05775,0.0783343763522599
SYNPCC7942_RS09065,SYNPCC7942_RS07470,0.0783191485059872
SYNPCC7942_RS05870,SYNPCC7942_RS12470,0.0783015592357947
SYNPCC7942_RS00765,SYNPCC7942_RS03525,0.0782978303069367
SYNPCC7942_RS00380,SYNPCC7942_RS08305,0.0782892917349562
SYNPCC7942_RS03260,SYNPCC7942_RS12850,0.0782865788087253
SYNPCC7942_RS00560,SYNPCC7942_RS03810,0.0782863277285919
SYNPCC7942_RS07435,SYNPCC7942_RS13610,0.0782824491853553
SYNPCC7942_RS07185,SYNPCC7942_RS10170,0.0782667017362981
SYNPCC7942_RS10350,SYNPCC7942_RS12925,0.0782659132702317
SYNPCC7942_RS09380,SYNPCC7942_RS01560,0.0782230910289787
SYNPCC7942_RS03325,SYNPCC7942_RS12900,0.0782132420881852
SYNPCC7942_RS03465,SYNPCC7942_RS03280,0.0782074794093819
SYNPCC7942_RS09740,SYNPCC7942_RS08170,0.0781970184962395
SYNPCC7942_RS09740,SYNPCC7942_RS12520,0.0781925442977333
SYNPCC7942_RS12535,SYNPCC7942_RS01745,0.078187483593575
SYNPCC7942_RS03960,SYNPCC7942_RS06665,0.078176696040235
SYNPCC7942_RS06370,SYNPCC7942_RS05350,0.0781674184858806
SYNPCC7942_RS00645,SYNPCC7942_RS08210,0.0781608636304154
SYNPCC7942_RS09435,SYNPCC7942_RS08135,0.0781476593459204
SYNPCC7942_RS00380,SYNPCC7942_RS13610,0.0781434200158183
SYNPCC7942_RS05870,SYNPCC7942_RS01445,0.0781428791324033
SYNPCC7942_RS08645,SYNPCC7942_RS00585,0.0781409373560409
SYNPCC7942_RS09740,SYNPCC7942_RS02965,0.0781396207691575
SYNPCC7942_RS07435,SYNPCC7942_RS05380,0.0781325130515751
SYNPCC7942_RS00765,SYNPCC7942_RS05185,0.0781168692396781
SYNPCC7942_RS09065,SYNPCC7942_RS08035,0.0781132605098292
SYNPCC7942_RS00645,SYNPCC7942_RS08655,0.0781071000988387
SYNPCC7942_RS00455,SYNPCC7942_RS04390,0.0780955580521778
SYNPCC7942_RS12560,SYNPCC7942_RS04350,0.078093389617883
SYNPCC7942_RS03160,SYNPCC7942_RS12795,0.0780923787358055
SYNPCC7942_RS04225,SYNPCC7942_RS13165,0.0780713847814584
SYNPCC7942_RS10165,SYNPCC7942_RS03795,0.07807063552929
SYNPCC7942_RS00455,SYNPCC7942_RS06755,0.0780700617140002
SYNPCC7942_RS05870,SYNPCC7942_RS13180,0.0780656053960425
SYNPCC7942_RS08820,SYNPCC7942_RS09255,0.0780384843523914
SYNPCC7942_RS09160,SYNPCC7942_RS07410,0.0780326547769851
SYNPCC7942_RS05870,SYNPCC7942_RS06095,0.078028825131163
SYNPCC7942_RS03160,SYNPCC7942_RS01450,0.0780244179369584
SYNPCC7942_RS07185,SYNPCC7942_RS06605,0.0780227786995256
SYNPCC7942_RS07435,SYNPCC7942_RS05980,0.0779599822530948
SYNPCC7942_RS07435,SYNPCC7942_RS13225,0.077943584026974
SYNPCC7942_RS07435,SYNPCC7942_RS02165,0.077928008152485
SYNPCC7942_RS09435,SYNPCC7942_RS10550,0.0779173148174539
SYNPCC7942_RS10700,SYNPCC7942_RS09770,0.077913931238098
SYNPCC7942_RS09935,SYNPCC7942_RS07470,0.0778990295660525
SYNPCC7942_RS00645,SYNPCC7942_RS03280,0.0778917114130462
SYNPCC7942_RS03465,SYNPCC7942_RS03605,0.0778905366195631
SYNPCC7942_RS10700,SYNPCC7942_RS09110,0.0778865822008495
SYNPCC7942_RS08645,SYNPCC7942_RS07170,0.0778863819185682
SYNPCC7942_RS03440,SYNPCC7942_RS11305,0.0778822397351253
SYNPCC7942_RS03160,SYNPCC7942_RS02615,0.0778812680993528
SYNPCC7942_RS08820,SYNPCC7942_RS10340,0.077872556840894
SYNPCC7942_RS07185,SYNPCC7942_RS05260,0.0778720445658273
SYNPCC7942_RS03075,SYNPCC7942_RS13290,0.0778592884467297
SYNPCC7942_RS08645,SYNPCC7942_RS10070,0.077852382187954
SYNPCC7942_RS10700,SYNPCC7942_RS03060,0.0778410460006452
SYNPCC7942_RS08780,SYNPCC7942_RS07520,0.077837763536427
SYNPCC7942_RS08820,SYNPCC7942_RS09785,0.0778312040993379
SYNPCC7942_RS09435,SYNPCC7942_RS01865,0.0778263999180891
SYNPCC7942_RS05870,SYNPCC7942_RS08625,0.0778012587555843
SYNPCC7942_RS09740,SYNPCC7942_RS12555,0.0777999311233779
SYNPCC7942_RS00455,SYNPCC7942_RS05815,0.0777981304521237
SYNPCC7942_RS08405,SYNPCC7942_RS03910,0.0777926628646562
SYNPCC7942_RS02895,SYNPCC7942_RS06345,0.0777631976875802
SYNPCC7942_RS00645,SYNPCC7942_RS01675,0.07776223849324
SYNPCC7942_RS06370,SYNPCC7942_RS01780,0.0777572094314447
SYNPCC7942_RS08885,SYNPCC7942_RS13935,0.077749145235814
SYNPCC7942_RS05070,SYNPCC7942_RS00270,0.077735227954603
SYNPCC7942_RS09740,SYNPCC7942_RS11450,0.0777281398884967
SYNPCC7942_RS05870,SYNPCC7942_RS06220,0.0777277825133004
SYNPCC7942_RS00455,SYNPCC7942_RS07330,0.0777151815532091
SYNPCC7942_RS03160,SYNPCC7942_RS10715,0.0777129422192716
SYNPCC7942_RS00645,SYNPCC7942_RS10435,0.0777070671168488
SYNPCC7942_RS10340,SYNPCC7942_RS10225,0.0777003341852111
SYNPCC7942_RS07185,SYNPCC7942_RS08285,0.0776979814984921
SYNPCC7942_RS11465,SYNPCC7942_RS10045,0.0776931145846456
SYNPCC7942_RS07435,SYNPCC7942_RS03950,0.0776894248848856
SYNPCC7942_RS03465,SYNPCC7942_RS00875,0.0776633771425491
SYNPCC7942_RS03325,SYNPCC7942_RS10115,0.0776545659658082
SYNPCC7942_RS10340,SYNPCC7942_RS02270,0.0776517287879047
SYNPCC7942_RS03960,SYNPCC7942_RS00725,0.0776464975035589
SYNPCC7942_RS07435,SYNPCC7942_RS08805,0.0776421514751736
SYNPCC7942_RS07185,SYNPCC7942_RS07165,0.0776384289782527
SYNPCC7942_RS03960,SYNPCC7942_RS12255,0.0776340456123824
SYNPCC7942_RS09160,SYNPCC7942_RS07215,0.0775993786229359
SYNPCC7942_RS03160,SYNPCC7942_RS09185,0.0775664467185075
SYNPCC7942_RS07435,SYNPCC7942_RS00580,0.0775651580693011
SYNPCC7942_RS03325,SYNPCC7942_RS04420,0.07755859127028
SYNPCC7942_RS07435,SYNPCC7942_RS08755,0.0775315032961486
SYNPCC7942_RS07940,SYNPCC7942_RS01015,0.0775306059814664
SYNPCC7942_RS07435,SYNPCC7942_RS03585,0.0775270530832354
SYNPCC7942_RS07185,SYNPCC7942_RS08985,0.0775260590682446
SYNPCC7942_RS03160,SYNPCC7942_RS09805,0.0775181856641767
SYNPCC7942_RS12560,SYNPCC7942_RS00840,0.077517319366004
SYNPCC7942_RS03440,SYNPCC7942_RS03580,0.077503031334082
SYNPCC7942_RS09740,SYNPCC7942_RS09550,0.0775023722179482
SYNPCC7942_RS03160,SYNPCC7942_RS14015,0.0774946448358265
SYNPCC7942_RS03160,SYNPCC7942_RS00350,0.0774659272723856
SYNPCC7942_RS10700,SYNPCC7942_RS04360,0.0774620776003189
SYNPCC7942_RS07435,SYNPCC7942_RS07335,0.0774616027669463
SYNPCC7942_RS09435,SYNPCC7942_RS02185,0.0774613891235436
SYNPCC7942_RS00455,SYNPCC7942_RS09845,0.0774388869586082
SYNPCC7942_RS00560,SYNPCC7942_RS04410,0.0774342977327532
SYNPCC7942_RS02830,SYNPCC7942_RS06920,0.0774308183348241
SYNPCC7942_RS05230,SYNPCC7942_RS09435,0.0774062418259102
SYNPCC7942_RS07435,SYNPCC7942_RS11875,0.0774049978893553
SYNPCC7942_RS03530,SYNPCC7942_RS12830,0.0773922213587117
SYNPCC7942_RS04225,SYNPCC7942_RS00520,0.0773895051795393
SYNPCC7942_RS11970,SYNPCC7942_RS07475,0.0773799269739848
SYNPCC7942_RS09380,SYNPCC7942_RS07150,0.0773744289051024
SYNPCC7942_RS00645,SYNPCC7942_RS04450,0.077372275278992
SYNPCC7942_RS10165,SYNPCC7942_RS00385,0.0773526827087679
SYNPCC7942_RS09500,SYNPCC7942_RS10855,0.0773409873730105
SYNPCC7942_RS03260,SYNPCC7942_RS04560,0.0773391253024037
SYNPCC7942_RS08885,SYNPCC7942_RS03205,0.0773305508161765
SYNPCC7942_RS08850,SYNPCC7942_RS11270,0.0773274734493458
SYNPCC7942_RS07185,SYNPCC7942_RS06010,0.0773242104040616
SYNPCC7942_RS09435,SYNPCC7942_RS03380,0.0773200861283244
SYNPCC7942_RS08885,SYNPCC7942_RS08730,0.0773138076022052
SYNPCC7942_RS02830,SYNPCC7942_RS08040,0.0773124904738543
SYNPCC7942_RS09435,SYNPCC7942_RS09000,0.0773046519738195
SYNPCC7942_RS09065,SYNPCC7942_RS08470,0.0773027987274156
SYNPCC7942_RS10700,SYNPCC7942_RS08950,0.0772909647338493
SYNPCC7942_RS11050,SYNPCC7942_RS10490,0.0772828191011522
SYNPCC7942_RS10350,SYNPCC7942_RS00880,0.0772815042242084
SYNPCC7942_RS07435,SYNPCC7942_RS06145,0.0772754622456585
SYNPCC7942_RS03160,SYNPCC7942_RS02950,0.0772716664457019
SYNPCC7942_RS03465,SYNPCC7942_RS11115,0.0772696016542198
SYNPCC7942_RS10700,SYNPCC7942_RS09685,0.0772663495878194
SYNPCC7942_RS03465,SYNPCC7942_RS01035,0.077262292517445
SYNPCC7942_RS06370,SYNPCC7942_RS06515,0.0772603123212017
SYNPCC7942_RS09740,SYNPCC7942_RS03060,0.0772587955494149
SYNPCC7942_RS11030,SYNPCC7942_RS07125,0.0772573748489281
SYNPCC7942_RS10700,SYNPCC7942_RS04215,0.0772523036296157
SYNPCC7942_RS09435,SYNPCC7942_RS00810,0.0772276336082282
SYNPCC7942_RS07435,SYNPCC7942_RS03065,0.077227168639532
SYNPCC7942_RS09160,SYNPCC7942_RS00235,0.0772233018436194
SYNPCC7942_RS09160,SYNPCC7942_RS09245,0.0772224072779306
SYNPCC7942_RS09620,SYNPCC7942_RS09910,0.07721666171991
SYNPCC7942_RS10700,SYNPCC7942_RS10510,0.0772058246287059
SYNPCC7942_RS03160,SYNPCC7942_RS12225,0.0771997332669387
SYNPCC7942_RS03325,SYNPCC7942_RS06530,0.0771965142598025
SYNPCC7942_RS10700,SYNPCC7942_RS11410,0.0771930623531774
SYNPCC7942_RS07435,SYNPCC7942_RS00870,0.0771750956818578
SYNPCC7942_RS05070,SYNPCC7942_RS14050,0.077155528557638
SYNPCC7942_RS03955,SYNPCC7942_RS11830,0.0771474474938398
SYNPCC7942_RS02895,SYNPCC7942_RS06355,0.0771450394085303
SYNPCC7942_RS05870,SYNPCC7942_RS06000,0.0771444566112435
SYNPCC7942_RS07435,SYNPCC7942_RS02735,0.077133576098493
SYNPCC7942_RS11970,SYNPCC7942_RS09100,0.0771308357356521
SYNPCC7942_RS10700,SYNPCC7942_RS11690,0.077124629923453
SYNPCC7942_RS00455,SYNPCC7942_RS12590,0.0771071898635447
SYNPCC7942_RS07185,SYNPCC7942_RS12105,0.0771011060987924
SYNPCC7942_RS03160,SYNPCC7942_RS04695,0.0770968448046361
SYNPCC7942_RS03160,SYNPCC7942_RS07405,0.077096476621691
SYNPCC7942_RS07435,SYNPCC7942_RS06580,0.0770908111026238
SYNPCC7942_RS00380,SYNPCC7942_RS04290,0.0770789029177838
SYNPCC7942_RS00645,SYNPCC7942_RS03640,0.077078317136394
SYNPCC7942_RS09740,SYNPCC7942_RS02225,0.0770669177321122
SYNPCC7942_RS00380,SYNPCC7942_RS05115,0.0770660630767424
SYNPCC7942_RS07435,SYNPCC7942_RS08555,0.0770633415497372
SYNPCC7942_RS05870,SYNPCC7942_RS06460,0.0770629930161999
SYNPCC7942_RS12285,SYNPCC7942_RS00675,0.0770607305208716
SYNPCC7942_RS00645,SYNPCC7942_RS00925,0.0770595699548341
SYNPCC7942_RS02895,SYNPCC7942_RS01620,0.077056188826769
SYNPCC7942_RS03955,SYNPCC7942_RS13690,0.077055271110078
SYNPCC7942_RS09160,SYNPCC7942_RS05035,0.0770510068956819
SYNPCC7942_RS10165,SYNPCC7942_RS05985,0.0770366783601724
SYNPCC7942_RS10350,SYNPCC7942_RS03500,0.0770055930850748
SYNPCC7942_RS03325,SYNPCC7942_RS11350,0.0769956689138817
SYNPCC7942_RS04225,SYNPCC7942_RS06925,0.0769884418263793
SYNPCC7942_RS00645,SYNPCC7942_RS06395,0.0769879252158072
SYNPCC7942_RS03160,SYNPCC7942_RS10510,0.0769867204415567
SYNPCC7942_RS02830,SYNPCC7942_RS04895,0.0769857490322209
SYNPCC7942_RS00455,SYNPCC7942_RS00035,0.0769702327681589
SYNPCC7942_RS07185,SYNPCC7942_RS05700,0.0769625569871803
SYNPCC7942_RS02895,SYNPCC7942_RS10030,0.0769623274589396
SYNPCC7942_RS08645,SYNPCC7942_RS07825,0.0769489999417746
SYNPCC7942_RS00455,SYNPCC7942_RS06955,0.0769467246734817
SYNPCC7942_RS03160,SYNPCC7942_RS06305,0.0769239050157816
SYNPCC7942_RS09740,SYNPCC7942_RS07680,0.0769152395275024
SYNPCC7942_RS03955,SYNPCC7942_RS09235,0.0769090884998249
SYNPCC7942_RS07435,SYNPCC7942_RS05415,0.0769061335221268
SYNPCC7942_RS03160,SYNPCC7942_RS03395,0.0768878664992188
SYNPCC7942_RS00455,SYNPCC7942_RS11640,0.0768877723972394
SYNPCC7942_RS09760,SYNPCC7942_RS03910,0.0768871558642552
SYNPCC7942_RS10700,SYNPCC7942_RS02275,0.0768861518280817
SYNPCC7942_RS03440,SYNPCC7942_RS11165,0.0768541348986498
SYNPCC7942_RS00455,SYNPCC7942_RS08520,0.0768520295075647
SYNPCC7942_RS06370,SYNPCC7942_RS06555,0.0768499884319865
SYNPCC7942_RS00455,SYNPCC7942_RS04025,0.0768481134553612
SYNPCC7942_RS05640,SYNPCC7942_RS01130,0.0768396986120883
SYNPCC7942_RS07805,SYNPCC7942_RS03165,0.0768396813447499
SYNPCC7942_RS12535,SYNPCC7942_RS09090,0.0768277976254989
SYNPCC7942_RS09160,SYNPCC7942_RS02665,0.076820917301296
SYNPCC7942_RS03440,SYNPCC7942_RS00460,0.0768195048747968
SYNPCC7942_RS08645,SYNPCC7942_RS06775,0.0768114862636518
SYNPCC7942_RS09740,SYNPCC7942_RS07775,0.0767901840554732
SYNPCC7942_RS00765,SYNPCC7942_RS05250,0.0767885334049097
SYNPCC7942_RS10700,SYNPCC7942_RS02245,0.0767765537287039
SYNPCC7942_RS06370,SYNPCC7942_RS08740,0.0767696579698087
SYNPCC7942_RS03160,SYNPCC7942_RS05655,0.0767659823258807
SYNPCC7942_RS05640,SYNPCC7942_RS02345,0.0767608559955873
SYNPCC7942_RS05870,SYNPCC7942_RS06755,0.0767602628843705
SYNPCC7942_RS09740,SYNPCC7942_RS11355,0.0767577419034419
SYNPCC7942_RS05870,SYNPCC7942_RS02570,0.076743595256517
SYNPCC7942_RS02830,SYNPCC7942_RS00200,0.0767405017000283
SYNPCC7942_RS06370,SYNPCC7942_RS06560,0.076738016682403
SYNPCC7942_RS07435,SYNPCC7942_RS01750,0.0767368026492547
SYNPCC7942_RS07185,SYNPCC7942_RS02380,0.0767321419018358
SYNPCC7942_RS03075,SYNPCC7942_RS08385,0.076727254755524
SYNPCC7942_RS00455,SYNPCC7942_RS06145,0.0767104343948972
SYNPCC7942_RS00455,SYNPCC7942_RS07800,0.0767067235933526
SYNPCC7942_RS00455,SYNPCC7942_RS05850,0.0767057867475499
SYNPCC7942_RS07940,SYNPCC7942_RS04720,0.0766987652392181
SYNPCC7942_RS03160,SYNPCC7942_RS09665,0.0766827250862506
SYNPCC7942_RS09435,SYNPCC7942_RS04520,0.0766737200563413
SYNPCC7942_RS03260,SYNPCC7942_RS07780,0.0766657837322408
SYNPCC7942_RS00645,SYNPCC7942_RS06060,0.0766632414934234
SYNPCC7942_RS09740,SYNPCC7942_RS02645,0.0766528765136539
SYNPCC7942_RS03955,SYNPCC7942_RS02825,0.0766484343449824
SYNPCC7942_RS08885,SYNPCC7942_RS05125,0.0766478812326815
SYNPCC7942_RS09435,SYNPCC7942_RS03765,0.0766465326800412
SYNPCC7942_RS05870,SYNPCC7942_RS08860,0.076645631033616
SYNPCC7942_RS07435,SYNPCC7942_RS02100,0.0766415382716382
SYNPCC7942_RS03955,SYNPCC7942_RS10865,0.0766412730501461
SYNPCC7942_RS05870,SYNPCC7942_RS12485,0.0766304388369629
SYNPCC7942_RS03465,SYNPCC7942_RS05450,0.0766218080549024
SYNPCC7942_RS09435,SYNPCC7942_RS09625,0.0766204409748225
SYNPCC7942_RS10700,SYNPCC7942_RS07705,0.0766056383451252
SYNPCC7942_RS03075,SYNPCC7942_RS03985,0.0765920215200223
SYNPCC7942_RS05870,SYNPCC7942_RS09055,0.0765915394992555
SYNPCC7942_RS07185,SYNPCC7942_RS12110,0.0765887562412464
SYNPCC7942_RS00455,SYNPCC7942_RS00080,0.0765875958877764
SYNPCC7942_RS00455,SYNPCC7942_RS12640,0.0765840219436533
SYNPCC7942_RS10700,SYNPCC7942_RS08250,0.0765799731917987
SYNPCC7942_RS03160,SYNPCC7942_RS11490,0.0765764894213019
SYNPCC7942_RS10700,SYNPCC7942_RS06460,0.0765693927415888
SYNPCC7942_RS00455,SYNPCC7942_RS00645,0.0765640321218655
SYNPCC7942_RS03465,SYNPCC7942_RS05895,0.076558912174398
SYNPCC7942_RS03955,SYNPCC7942_RS13080,0.0765522900755099
SYNPCC7942_RS03325,SYNPCC7942_RS03160,0.07654092410784
SYNPCC7942_RS07185,SYNPCC7942_RS11895,0.0765381890328762
SYNPCC7942_RS00455,SYNPCC7942_RS01455,0.0765326466711882
SYNPCC7942_RS03075,SYNPCC7942_RS08395,0.0765097962115267
SYNPCC7942_RS10165,SYNPCC7942_RS02875,0.0765057332370299
SYNPCC7942_RS00645,SYNPCC7942_RS06315,0.0764985615055446
SYNPCC7942_RS05870,SYNPCC7942_RS12335,0.0764846852657468
SYNPCC7942_RS10700,SYNPCC7942_RS06580,0.0764795143118931
SYNPCC7942_RS07435,SYNPCC7942_RS10410,0.0764786024046532
SYNPCC7942_RS02895,SYNPCC7942_RS01145,0.0764287028204589
SYNPCC7942_RS02895,SYNPCC7942_RS01665,0.0764154423710813
SYNPCC7942_RS00455,SYNPCC7942_RS02950,0.0764098505587808
SYNPCC7942_RS00455,SYNPCC7942_RS06865,0.0764089941409034
SYNPCC7942_RS00560,SYNPCC7942_RS14055,0.0764087719957857
SYNPCC7942_RS03160,SYNPCC7942_RS00105,0.0764023724404371
SYNPCC7942_RS10700,SYNPCC7942_RS02470,0.0764020052588291
SYNPCC7942_RS10700,SYNPCC7942_RS09115,0.0763870860271992
SYNPCC7942_RS04225,SYNPCC7942_RS04055,0.0763844557250182
SYNPCC7942_RS07185,SYNPCC7942_RS03775,0.0763537136005097
SYNPCC7942_RS07435,SYNPCC7942_RS02405,0.0763505767595252
SYNPCC7942_RS12560,SYNPCC7942_RS12365,0.076348645639801
SYNPCC7942_RS08405,SYNPCC7942_RS05940,0.0763486146961428
SYNPCC7942_RS02895,SYNPCC7942_RS10395,0.0763393762874706
SYNPCC7942_RS03160,SYNPCC7942_RS07635,0.0763361629801818
SYNPCC7942_RS03160,SYNPCC7942_RS08145,0.0763316913826113
SYNPCC7942_RS00455,SYNPCC7942_RS08735,0.076323105459155
SYNPCC7942_RS03160,SYNPCC7942_RS05110,0.076309416424783
SYNPCC7942_RS10700,SYNPCC7942_RS08265,0.0763074459477149
SYNPCC7942_RS10700,SYNPCC7942_RS04995,0.076301258271903
SYNPCC7942_RS08820,SYNPCC7942_RS12705,0.0762983007561485
SYNPCC7942_RS12560,SYNPCC7942_RS00835,0.0762960981290587
SYNPCC7942_RS10170,SYNPCC7942_RS03035,0.0762830142700866
SYNPCC7942_RS00560,SYNPCC7942_RS08510,0.0762826331541008
SYNPCC7942_RS07435,SYNPCC7942_RS13855,0.0762814941922524
SYNPCC7942_RS12275,SYNPCC7942_RS08105,0.0762626687445996
SYNPCC7942_RS03465,SYNPCC7942_RS02770,0.0762537657950096
SYNPCC7942_RS07435,SYNPCC7942_RS07815,0.0762534066471546
SYNPCC7942_RS00455,SYNPCC7942_RS05980,0.0762367763694644
SYNPCC7942_RS09620,SYNPCC7942_RS05655,0.0762203814644888
SYNPCC7942_RS07435,SYNPCC7942_RS02940,0.0762175073623555
SYNPCC7942_RS05070,SYNPCC7942_RS04705,0.0762085152143893
SYNPCC7942_RS13165,SYNPCC7942_RS01595,0.0762049249091956
SYNPCC7942_RS00380,SYNPCC7942_RS04510,0.0762042853492617
SYNPCC7942_RS03530,SYNPCC7942_RS07140,0.0761976330798813
SYNPCC7942_RS10700,SYNPCC7942_RS00375,0.076195611968427
SYNPCC7942_RS00645,SYNPCC7942_RS01715,0.0761942294918208
SYNPCC7942_RS03160,SYNPCC7942_RS13005,0.076187659866349
SYNPCC7942_RS05870,SYNPCC7942_RS04935,0.0761772092746554
SYNPCC7942_RS09435,SYNPCC7942_RS04850,0.0761758822348504
SYNPCC7942_RS08885,SYNPCC7942_RS13960,0.0761665000481682
SYNPCC7942_RS12275,SYNPCC7942_RS05065,0.0761518835632205
SYNPCC7942_RS03955,SYNPCC7942_RS02090,0.0761505662185509
SYNPCC7942_RS07185,SYNPCC7942_RS11455,0.0761425858951613
SYNPCC7942_RS03465,SYNPCC7942_RS03075,0.0761401416767309
SYNPCC7942_RS00380,SYNPCC7942_RS10100,0.0761208974298907
SYNPCC7942_RS09740,SYNPCC7942_RS04905,0.0761201013376965
SYNPCC7942_RS10700,SYNPCC7942_RS06755,0.0761139849668551
SYNPCC7942_RS08885,SYNPCC7942_RS07465,0.0761138532935573
SYNPCC7942_RS03160,SYNPCC7942_RS05665,0.0761125867882713
SYNPCC7942_RS00455,SYNPCC7942_RS10190,0.0761058027617685
SYNPCC7942_RS12275,SYNPCC7942_RS01515,0.0761000282794546
SYNPCC7942_RS10700,SYNPCC7942_RS02570,0.0760992261997527
SYNPCC7942_RS10700,SYNPCC7942_RS04245,0.0760977033705374
SYNPCC7942_RS10700,SYNPCC7942_RS06915,0.0760946647395921
SYNPCC7942_RS03325,SYNPCC7942_RS05710,0.0760918257617878
SYNPCC7942_RS10350,SYNPCC7942_RS00570,0.0760906611302075
SYNPCC7942_RS00645,SYNPCC7942_RS10965,0.0760857333781857
SYNPCC7942_RS03440,SYNPCC7942_RS01240,0.0760736065661698
SYNPCC7942_RS09500,SYNPCC7942_RS02705,0.0760676424495201
SYNPCC7942_RS10700,SYNPCC7942_RS00330,0.0760575610316358
SYNPCC7942_RS07435,SYNPCC7942_RS00370,0.0760506845643387
SYNPCC7942_RS00645,SYNPCC7942_RS05720,0.0760437886213395
SYNPCC7942_RS08645,SYNPCC7942_RS10530,0.0760345843915419
SYNPCC7942_RS05870,SYNPCC7942_RS08185,0.0760231876718903
SYNPCC7942_RS10700,SYNPCC7942_RS02180,0.0760128718952042
SYNPCC7942_RS11970,SYNPCC7942_RS11055,0.076008153370918
SYNPCC7942_RS07805,SYNPCC7942_RS09060,0.0760043319615952
SYNPCC7942_RS03160,SYNPCC7942_RS09920,0.0760003125290996
SYNPCC7942_RS09740,SYNPCC7942_RS11740,0.0759937332688978
SYNPCC7942_RS03955,SYNPCC7942_RS07155,0.0759934417929658
SYNPCC7942_RS03160,SYNPCC7942_RS12955,0.0759922414488294
SYNPCC7942_RS06370,SYNPCC7942_RS12060,0.0759875648717933
SYNPCC7942_RS08885,SYNPCC7942_RS09315,0.0759714652506914
SYNPCC7942_RS03960,SYNPCC7942_RS02170,0.0759667787860828
SYNPCC7942_RS10700,SYNPCC7942_RS11490,0.0759500004513618
SYNPCC7942_RS11465,SYNPCC7942_RS03245,0.0759476177661868
SYNPCC7942_RS09740,SYNPCC7942_RS01390,0.0759455764805933
SYNPCC7942_RS13165,SYNPCC7942_RS07230,0.0759380654073521
SYNPCC7942_RS03160,SYNPCC7942_RS00650,0.0759264132744173
SYNPCC7942_RS00380,SYNPCC7942_RS04385,0.0759169803867556
SYNPCC7942_RS02895,SYNPCC7942_RS05395,0.0759072175789106
SYNPCC7942_RS12285,SYNPCC7942_RS00565,0.0759022825750284
SYNPCC7942_RS03465,SYNPCC7942_RS04140,0.0758973053050978
SYNPCC7942_RS00765,SYNPCC7942_RS09140,0.0758793146876861
SYNPCC7942_RS11970,SYNPCC7942_RS09485,0.0758759126093362
SYNPCC7942_RS07435,SYNPCC7942_RS05285,0.0758732957461493
SYNPCC7942_RS09740,SYNPCC7942_RS11895,0.0758670093722345
SYNPCC7942_RS09740,SYNPCC7942_RS05850,0.075861425624514
SYNPCC7942_RS09935,SYNPCC7942_RS03515,0.0758505815805084
SYNPCC7942_RS09740,SYNPCC7942_RS01945,0.0758488946965205
SYNPCC7942_RS02830,SYNPCC7942_RS01610,0.0758424713021256
SYNPCC7942_RS00455,SYNPCC7942_RS00115,0.0758358841890744
SYNPCC7942_RS10700,SYNPCC7942_RS05160,0.0758238441851791
SYNPCC7942_RS09380,SYNPCC7942_RS12125,0.0757830782161179
SYNPCC7942_RS09065,SYNPCC7942_RS10555,0.0757784041628419
SYNPCC7942_RS03325,SYNPCC7942_RS02420,0.0757634956420154
SYNPCC7942_RS00645,SYNPCC7942_RS01710,0.0757564397650731
SYNPCC7942_RS07435,SYNPCC7942_RS05170,0.0757512641928508
SYNPCC7942_RS03075,SYNPCC7942_RS09255,0.0757381192028319
SYNPCC7942_RS00380,SYNPCC7942_RS12070,0.0757292777086069
SYNPCC7942_RS00645,SYNPCC7942_RS07800,0.0757239652401081
SYNPCC7942_RS05230,SYNPCC7942_RS01310,0.075713530156145
SYNPCC7942_RS07185,SYNPCC7942_RS09595,0.0757070002443167
SYNPCC7942_RS07720,SYNPCC7942_RS00765,0.0756994842472984
SYNPCC7942_RS03465,SYNPCC7942_RS10075,0.075695216937896
SYNPCC7942_RS00645,SYNPCC7942_RS05290,0.0756950722990377
SYNPCC7942_RS03160,SYNPCC7942_RS06795,0.075693592989909
SYNPCC7942_RS03325,SYNPCC7942_RS08775,0.0756894842558222
SYNPCC7942_RS00765,SYNPCC7942_RS01835,0.0756716285076732
SYNPCC7942_RS11465,SYNPCC7942_RS09535,0.0756712575667838
SYNPCC7942_RS00455,SYNPCC7942_RS10455,0.0756652591502462
SYNPCC7942_RS10700,SYNPCC7942_RS05485,0.0756629419463987
SYNPCC7942_RS02895,SYNPCC7942_RS01500,0.0756593703192858
SYNPCC7942_RS07435,SYNPCC7942_RS09440,0.0756580792742864
SYNPCC7942_RS05870,SYNPCC7942_RS08490,0.0756474949935713
SYNPCC7942_RS06230,SYNPCC7942_RS00425,0.0756447579613609
SYNPCC7942_RS00645,SYNPCC7942_RS00375,0.0756360912568126
SYNPCC7942_RS00455,SYNPCC7942_RS09865,0.0756243227853201
SYNPCC7942_RS05195,SYNPCC7942_RS11020,0.0756223537971891
SYNPCC7942_RS00380,SYNPCC7942_RS06690,0.0756212791092005
SYNPCC7942_RS09380,SYNPCC7942_RS12115,0.0755934215936054
SYNPCC7942_RS06370,SYNPCC7942_RS10130,0.0755932787341366
SYNPCC7942_RS10700,SYNPCC7942_RS06270,0.0755695392548906
SYNPCC7942_RS08645,SYNPCC7942_RS07325,0.0755661742093955
SYNPCC7942_RS00645,SYNPCC7942_RS02190,0.0755596300690346
SYNPCC7942_RS00380,SYNPCC7942_RS01825,0.0755589371948837
SYNPCC7942_RS00455,SYNPCC7942_RS12470,0.0755560515573614
SYNPCC7942_RS09740,SYNPCC7942_RS06800,0.0755470843480577
SYNPCC7942_RS09740,SYNPCC7942_RS00035,0.075541618541525
SYNPCC7942_RS08405,SYNPCC7942_RS03780,0.0755400308736295
SYNPCC7942_RS03160,SYNPCC7942_RS01235,0.0755343771483609
SYNPCC7942_RS00455,SYNPCC7942_RS06900,0.0755282144044723
SYNPCC7942_RS00645,SYNPCC7942_RS11400,0.0755257362377792
SYNPCC7942_RS05870,SYNPCC7942_RS09290,0.0755248741510235
SYNPCC7942_RS05870,SYNPCC7942_RS13305,0.0755244824344106
SYNPCC7942_RS08885,SYNPCC7942_RS12855,0.0754913498711317
SYNPCC7942_RS00765,SYNPCC7942_RS07755,0.0754712087759082
SYNPCC7942_RS07185,SYNPCC7942_RS03340,0.0754633788630598
SYNPCC7942_RS03465,SYNPCC7942_RS13615,0.0754631899761474
SYNPCC7942_RS03325,SYNPCC7942_RS08705,0.0754532464707347
SYNPCC7942_RS07435,SYNPCC7942_RS05815,0.0754481400340337
SYNPCC7942_RS05870,SYNPCC7942_RS04615,0.0754465561143475
SYNPCC7942_RS08885,SYNPCC7942_RS01090,0.0754440973996847
SYNPCC7942_RS10700,SYNPCC7942_RS03145,0.0754333783182017
SYNPCC7942_RS09740,SYNPCC7942_RS13175,0.0754304563312206
SYNPCC7942_RS09740,SYNPCC7942_RS02930,0.0754271086288693
SYNPCC7942_RS03955,SYNPCC7942_RS07515,0.0754266421244679
SYNPCC7942_RS12560,SYNPCC7942_RS08540,0.0754256850177546
SYNPCC7942_RS10700,SYNPCC7942_RS10145,0.0754198838875004
SYNPCC7942_RS03160,SYNPCC7942_RS07415,0.0754143451185438
SYNPCC7942_RS09740,SYNPCC7942_RS09730,0.075413616286889
SYNPCC7942_RS09435,SYNPCC7942_RS12310,0.0753817951235883
SYNPCC7942_RS03160,SYNPCC7942_RS07930,0.0753778643735495
SYNPCC7942_RS00645,SYNPCC7942_RS06310,0.075376318821396
SYNPCC7942_RS03260,SYNPCC7942_RS05750,0.0753729780830171
SYNPCC7942_RS03160,SYNPCC7942_RS10270,0.0753683700803278
SYNPCC7942_RS07185,SYNPCC7942_RS02800,0.0753631980902311
SYNPCC7942_RS02830,SYNPCC7942_RS11110,0.07535128266558
SYNPCC7942_RS07185,SYNPCC7942_RS03600,0.0753037392738272
SYNPCC7942_RS05640,SYNPCC7942_RS05670,0.075297825780374
SYNPCC7942_RS08405,SYNPCC7942_RS06965,0.0752893212600323
SYNPCC7942_RS12285,SYNPCC7942_RS01065,0.075274528359532
SYNPCC7942_RS00645,SYNPCC7942_RS02890,0.075249991009704
SYNPCC7942_RS07940,SYNPCC7942_RS02400,0.0752476822813062
SYNPCC7942_RS09935,SYNPCC7942_RS10155,0.075236387619523
SYNPCC7942_RS03160,SYNPCC7942_RS01910,0.0752361769721838
SYNPCC7942_RS00645,SYNPCC7942_RS02470,0.0752167206899376
SYNPCC7942_RS05870,SYNPCC7942_RS08630,0.0752066826900611
SYNPCC7942_RS03160,SYNPCC7942_RS08860,0.0751953765179847
SYNPCC7942_RS07435,SYNPCC7942_RS12585,0.0751923937264558
SYNPCC7942_RS08405,SYNPCC7942_RS09240,0.0751901024540612
SYNPCC7942_RS10040,SYNPCC7942_RS09985,0.0751839978256028
SYNPCC7942_RS07185,SYNPCC7942_RS08705,0.0751709633163248
SYNPCC7942_RS03160,SYNPCC7942_RS06695,0.0751575967469935
SYNPCC7942_RS03465,SYNPCC7942_RS07265,0.0751504286039131
SYNPCC7942_RS00645,SYNPCC7942_RS10355,0.0751312822710274
SYNPCC7942_RS10700,SYNPCC7942_RS09980,0.0751272468150711
SYNPCC7942_RS09740,SYNPCC7942_RS10815,0.0751259509342688
SYNPCC7942_RS09740,SYNPCC7942_RS09080,0.0751257923289731
SYNPCC7942_RS03160,SYNPCC7942_RS11640,0.0751245946575305
SYNPCC7942_RS10350,SYNPCC7942_RS14200,0.0751205497870674
SYNPCC7942_RS10700,SYNPCC7942_RS12070,0.0751158137497405
SYNPCC7942_RS07435,SYNPCC7942_RS06300,0.0751005103402802
SYNPCC7942_RS02895,SYNPCC7942_RS01660,0.0750987558837458
SYNPCC7942_RS07185,SYNPCC7942_RS01365,0.0750975000154016
SYNPCC7942_RS03160,SYNPCC7942_RS04260,0.0750953782775504
SYNPCC7942_RS00645,SYNPCC7942_RS04935,0.0750846414522592
SYNPCC7942_RS02895,SYNPCC7942_RS00925,0.0750840432691732
SYNPCC7942_RS10170,SYNPCC7942_RS12020,0.0750742845236487
SYNPCC7942_RS00645,SYNPCC7942_RS01705,0.075067878474755
SYNPCC7942_RS00560,SYNPCC7942_RS13215,0.0750635865079818
SYNPCC7942_RS09065,SYNPCC7942_RS12260,0.075061816536941
SYNPCC7942_RS09435,SYNPCC7942_RS01310,0.0750555211715348
SYNPCC7942_RS07435,SYNPCC7942_RS05585,0.0750420243826163
SYNPCC7942_RS03465,SYNPCC7942_RS03305,0.07503628079289
SYNPCC7942_RS00645,SYNPCC7942_RS04265,0.0750337379652227
SYNPCC7942_RS03530,SYNPCC7942_RS09750,0.0750295409017124
SYNPCC7942_RS03160,SYNPCC7942_RS11000,0.0750259079125744
SYNPCC7942_RS10700,SYNPCC7942_RS13225,0.0750215180265087
SYNPCC7942_RS12560,SYNPCC7942_RS12740,0.0750132431915738
SYNPCC7942_RS10700,SYNPCC7942_RS08170,0.0750107293400903
SYNPCC7942_RS12560,SYNPCC7942_RS10215,0.0750084916804274
SYNPCC7942_RS07435,SYNPCC7942_RS01780,0.075005666662686
SYNPCC7942_RS13165,SYNPCC7942_RS03345,0.0749942036383818
SYNPCC7942_RS09740,SYNPCC7942_RS05180,0.0749810251224574
SYNPCC7942_RS09435,SYNPCC7942_RS09195,0.0749798382234329
SYNPCC7942_RS00645,SYNPCC7942_RS03630,0.0749785059967097
SYNPCC7942_RS07185,SYNPCC7942_RS12235,0.0749725610731306
SYNPCC7942_RS00380,SYNPCC7942_RS04455,0.0749715766521748
SYNPCC7942_RS00645,SYNPCC7942_RS06710,0.074963397438868
SYNPCC7942_RS10165,SYNPCC7942_RS07965,0.0749562584841563
SYNPCC7942_RS07435,SYNPCC7942_RS11420,0.074946680958932
SYNPCC7942_RS05870,SYNPCC7942_RS04465,0.0749405428002373
SYNPCC7942_RS07435,SYNPCC7942_RS00375,0.0749386163898455
SYNPCC7942_RS00455,SYNPCC7942_RS00350,0.0749236400878522
SYNPCC7942_RS00380,SYNPCC7942_RS05160,0.0749200877714725
SYNPCC7942_RS00455,SYNPCC7942_RS10450,0.0749153854027979
SYNPCC7942_RS09500,SYNPCC7942_RS00915,0.0749105770947317
SYNPCC7942_RS05640,SYNPCC7942_RS06500,0.0749067102552649
SYNPCC7942_RS03955,SYNPCC7942_RS00525,0.0748975705839827
SYNPCC7942_RS09740,SYNPCC7942_RS03645,0.0748835243084324
SYNPCC7942_RS03955,SYNPCC7942_RS06180,0.0748659285101461
SYNPCC7942_RS13165,SYNPCC7942_RS08095,0.0748653655325718
SYNPCC7942_RS08780,SYNPCC7942_RS07515,0.0748566407760545
SYNPCC7942_RS09160,SYNPCC7942_RS08405,0.074855981967693
SYNPCC7942_RS10700,SYNPCC7942_RS01210,0.074841482034003
SYNPCC7942_RS09065,SYNPCC7942_RS03990,0.0748400057672932
SYNPCC7942_RS08780,SYNPCC7942_RS08770,0.0748349766762512
SYNPCC7942_RS00645,SYNPCC7942_RS01670,0.0748318079748653
SYNPCC7942_RS07185,SYNPCC7942_RS04920,0.074819123100718
SYNPCC7942_RS00380,SYNPCC7942_RS08310,0.0748142810736829
SYNPCC7942_RS05870,SYNPCC7942_RS04400,0.074814188996761
SYNPCC7942_RS09435,SYNPCC7942_RS03290,0.0748056586041502
SYNPCC7942_RS07435,SYNPCC7942_RS12570,0.0747914509206827
SYNPCC7942_RS10700,SYNPCC7942_RS04195,0.0747761735766192
SYNPCC7942_RS03160,SYNPCC7942_RS08120,0.0747559886318289
SYNPCC7942_RS03160,SYNPCC7942_RS08545,0.0747528202451685
SYNPCC7942_RS03530,SYNPCC7942_RS02825,0.0747332208528249
SYNPCC7942_RS06370,SYNPCC7942_RS10105,0.0747220843875077
SYNPCC7942_RS10700,SYNPCC7942_RS05480,0.0747214902757317
SYNPCC7942_RS12560,SYNPCC7942_RS07250,0.0747121033949626
SYNPCC7942_RS04225,SYNPCC7942_RS13670,0.0747078552977372
SYNPCC7942_RS10700,SYNPCC7942_RS06135,0.0747014585052611
SYNPCC7942_RS07185,SYNPCC7942_RS00230,0.0746895147655468
SYNPCC7942_RS10700,SYNPCC7942_RS08725,0.0746890066960176
SYNPCC7942_RS07185,SYNPCC7942_RS03920,0.0746887502228477
SYNPCC7942_RS03160,SYNPCC7942_RS11820,0.0746732651031327
SYNPCC7942_RS05870,SYNPCC7942_RS04515,0.0746729576391105
SYNPCC7942_RS09620,SYNPCC7942_RS05960,0.074666473957002
SYNPCC7942_RS03325,SYNPCC7942_RS04700,0.0746660484582781
SYNPCC7942_RS00455,SYNPCC7942_RS08680,0.0746618004924786
SYNPCC7942_RS03160,SYNPCC7942_RS00215,0.0746612379195338
SYNPCC7942_RS03160,SYNPCC7942_RS02820,0.0746562652786733
SYNPCC7942_RS13165,SYNPCC7942_RS00220,0.074647361602581
SYNPCC7942_RS07185,SYNPCC7942_RS09350,0.0746473503077001
SYNPCC7942_RS07185,SYNPCC7942_RS03425,0.0746445023872225
SYNPCC7942_RS12285,SYNPCC7942_RS03840,0.0746350089287881
SYNPCC7942_RS08405,SYNPCC7942_RS08300,0.0746282467969272
SYNPCC7942_RS13695,SYNPCC7942_RS12260,0.0746070477453556
SYNPCC7942_RS08820,SYNPCC7942_RS12580,0.0746058593935292
SYNPCC7942_RS00455,SYNPCC7942_RS02640,0.0745965951542427
SYNPCC7942_RS00645,SYNPCC7942_RS06150,0.0745955627815642
SYNPCC7942_RS03160,SYNPCC7942_RS13655,0.0745935271627381
SYNPCC7942_RS09740,SYNPCC7942_RS12385,0.0745934978449217
SYNPCC7942_RS09160,SYNPCC7942_RS03765,0.0745928238434657
SYNPCC7942_RS07185,SYNPCC7942_RS04250,0.0745820419764853
SYNPCC7942_RS08405,SYNPCC7942_RS06215,0.0745817654175775
SYNPCC7942_RS00455,SYNPCC7942_RS00375,0.0745675786065561
SYNPCC7942_RS10165,SYNPCC7942_RS06955,0.074561270275487
SYNPCC7942_RS10700,SYNPCC7942_RS01410,0.0745565740818579
SYNPCC7942_RS09065,SYNPCC7942_RS09935,0.0745537455993611
SYNPCC7942_RS03160,SYNPCC7942_RS10190,0.0745463987596193
SYNPCC7942_RS10350,SYNPCC7942_RS12795,0.0745368423551426
SYNPCC7942_RS03530,SYNPCC7942_RS02800,0.0745290393608129
SYNPCC7942_RS12285,SYNPCC7942_RS09045,0.0745237606192185
SYNPCC7942_RS00380,SYNPCC7942_RS10420,0.0745141186738483
SYNPCC7942_RS09380,SYNPCC7942_RS00200,0.0745016139548836
SYNPCC7942_RS05870,SYNPCC7942_RS10295,0.0744973004958946
SYNPCC7942_RS09740,SYNPCC7942_RS09870,0.074491402602494
SYNPCC7942_RS00480,SYNPCC7942_RS05585,0.0744877154426588
SYNPCC7942_RS03465,SYNPCC7942_RS13610,0.0744823746618058
SYNPCC7942_RS00645,SYNPCC7942_RS13915,0.0744780930385369
SYNPCC7942_RS06370,SYNPCC7942_RS08920,0.0744770554935036
SYNPCC7942_RS03325,SYNPCC7942_RS03620,0.0744695879244718
SYNPCC7942_RS11970,SYNPCC7942_RS02375,0.0744671748850874
SYNPCC7942_RS03325,SYNPCC7942_RS07970,0.0744594919452007
SYNPCC7942_RS08820,SYNPCC7942_RS08825,0.0744587386276252
SYNPCC7942_RS00455,SYNPCC7942_RS06560,0.0744524053300556
SYNPCC7942_RS00455,SYNPCC7942_RS11980,0.0744492347527464
SYNPCC7942_RS03160,SYNPCC7942_RS09110,0.074447411486124
SYNPCC7942_RS00380,SYNPCC7942_RS06300,0.0744444469243957
SYNPCC7942_RS11970,SYNPCC7942_RS06210,0.0744395411552824
SYNPCC7942_RS10700,SYNPCC7942_RS01265,0.0744273381145885
SYNPCC7942_RS10700,SYNPCC7942_RS08805,0.0744246048911384
SYNPCC7942_RS10700,SYNPCC7942_RS12930,0.0744200985591545
SYNPCC7942_RS07435,SYNPCC7942_RS06190,0.0744184591125773
SYNPCC7942_RS07940,SYNPCC7942_RS00660,0.0744158034996833
SYNPCC7942_RS07435,SYNPCC7942_RS00915,0.0743961197764719
SYNPCC7942_RS03160,SYNPCC7942_RS12730,0.0743952747182327
SYNPCC7942_RS10040,SYNPCC7942_RS11140,0.0743827976798629
SYNPCC7942_RS03465,SYNPCC7942_RS03575,0.0743822227702453
SYNPCC7942_RS07435,SYNPCC7942_RS05595,0.0743727480561483
SYNPCC7942_RS03160,SYNPCC7942_RS12515,0.0743558639824483
SYNPCC7942_RS09160,SYNPCC7942_RS12430,0.0743475176505123
SYNPCC7942_RS09740,SYNPCC7942_RS06915,0.0743451799505987
SYNPCC7942_RS09740,SYNPCC7942_RS00815,0.0743384128942579
SYNPCC7942_RS04225,SYNPCC7942_RS05070,0.0743357728568019
SYNPCC7942_RS03325,SYNPCC7942_RS13045,0.0743337026410886
SYNPCC7942_RS03160,SYNPCC7942_RS00040,0.0743303957889656
SYNPCC7942_RS08885,SYNPCC7942_RS09190,0.0743180219931047
SYNPCC7942_RS09740,SYNPCC7942_RS02735,0.0743172924140219
SYNPCC7942_RS03465,SYNPCC7942_RS12400,0.0743075000838503
SYNPCC7942_RS03260,SYNPCC7942_RS12760,0.0743035764307142
SYNPCC7942_RS00455,SYNPCC7942_RS07845,0.0743031073200056
SYNPCC7942_RS07435,SYNPCC7942_RS06100,0.074302976212682
SYNPCC7942_RS03955,SYNPCC7942_RS13075,0.0743022883200936
SYNPCC7942_RS07185,SYNPCC7942_RS07180,0.0742823919829857
SYNPCC7942_RS10350,SYNPCC7942_RS09970,0.0742718182301435
SYNPCC7942_RS03160,SYNPCC7942_RS10595,0.0742708198662837
SYNPCC7942_RS08645,SYNPCC7942_RS06770,0.0742703204316411
SYNPCC7942_RS06370,SYNPCC7942_RS06330,0.0742527900611574
SYNPCC7942_RS03160,SYNPCC7942_RS07650,0.074252126114245
SYNPCC7942_RS12560,SYNPCC7942_RS08090,0.0742292393524407
SYNPCC7942_RS09160,SYNPCC7942_RS12535,0.0742285693611387
SYNPCC7942_RS08850,SYNPCC7942_RS11215,0.0742195155165353
SYNPCC7942_RS00455,SYNPCC7942_RS04010,0.0742167979889248
SYNPCC7942_RS08850,SYNPCC7942_RS14025,0.074213915805235
SYNPCC7942_RS09740,SYNPCC7942_RS02475,0.0742050059081875
SYNPCC7942_RS08405,SYNPCC7942_RS10870,0.0742045818767476
SYNPCC7942_RS10700,SYNPCC7942_RS01770,0.074202984963003
SYNPCC7942_RS08645,SYNPCC7942_RS10795,0.0741987752747205
SYNPCC7942_RS09620,SYNPCC7942_RS04595,0.0741916325516936
SYNPCC7942_RS09740,SYNPCC7942_RS02925,0.0741878108917397
SYNPCC7942_RS00645,SYNPCC7942_RS06370,0.0741813541297037
SYNPCC7942_RS12285,SYNPCC7942_RS05245,0.0741771260788356
SYNPCC7942_RS00645,SYNPCC7942_RS01215,0.074171006060189
SYNPCC7942_RS07435,SYNPCC7942_RS04505,0.0741668355686707
SYNPCC7942_RS10170,SYNPCC7942_RS00225,0.0741521446149512
SYNPCC7942_RS10700,SYNPCC7942_RS11485,0.0741435506010421
SYNPCC7942_RS07185,SYNPCC7942_RS07105,0.0741386915212632
SYNPCC7942_RS03160,SYNPCC7942_RS03640,0.0741312701908084
SYNPCC7942_RS03160,SYNPCC7942_RS13180,0.074127410128892
SYNPCC7942_RS09740,SYNPCC7942_RS07595,0.074119829388378
SYNPCC7942_RS06370,SYNPCC7942_RS03670,0.0741133133796573
SYNPCC7942_RS08405,SYNPCC7942_RS13820,0.0740956016796369
SYNPCC7942_RS07720,SYNPCC7942_RS01650,0.0740889832088142
SYNPCC7942_RS09740,SYNPCC7942_RS12475,0.0740845845770631
SYNPCC7942_RS08780,SYNPCC7942_RS07525,0.0740776527023869
SYNPCC7942_RS03160,SYNPCC7942_RS10565,0.0740743277693496
SYNPCC7942_RS10700,SYNPCC7942_RS03455,0.0740708840329877
SYNPCC7942_RS03160,SYNPCC7942_RS13235,0.0740634930757972
SYNPCC7942_RS02830,SYNPCC7942_RS12125,0.0740590866655333
SYNPCC7942_RS03075,SYNPCC7942_RS02920,0.0740581385484252
SYNPCC7942_RS10700,SYNPCC7942_RS05175,0.0740524266544853
SYNPCC7942_RS09435,SYNPCC7942_RS00590,0.0740512614652885
SYNPCC7942_RS10700,SYNPCC7942_RS10330,0.0740481587834389
SYNPCC7942_RS07185,SYNPCC7942_RS05180,0.0740469293297528
SYNPCC7942_RS03325,SYNPCC7942_RS11475,0.0740361777790002
SYNPCC7942_RS09620,SYNPCC7942_RS00460,0.0740255154576286
SYNPCC7942_RS11970,SYNPCC7942_RS03910,0.0740225215412485
SYNPCC7942_RS05870,SYNPCC7942_RS03230,0.0740210707958505
SYNPCC7942_RS05870,SYNPCC7942_RS13040,0.0739791341908578
SYNPCC7942_RS00380,SYNPCC7942_RS07995,0.0739611089271559
SYNPCC7942_RS05870,SYNPCC7942_RS09805,0.0739594067527403
SYNPCC7942_RS10350,SYNPCC7942_RS04255,0.0739572258580624
SYNPCC7942_RS09500,SYNPCC7942_RS10085,0.0739552743084556
SYNPCC7942_RS03325,SYNPCC7942_RS03540,0.0739543518500496
SYNPCC7942_RS03160,SYNPCC7942_RS12335,0.073953958148337
SYNPCC7942_RS08885,SYNPCC7942_RS05675,0.0739452457319863
SYNPCC7942_RS03955,SYNPCC7942_RS08100,0.0739410759140902
SYNPCC7942_RS03160,SYNPCC7942_RS13130,0.0739356214587403
SYNPCC7942_RS08645,SYNPCC7942_RS04930,0.0739331967916484
SYNPCC7942_RS00645,SYNPCC7942_RS11770,0.0739328894890406
SYNPCC7942_RS09380,SYNPCC7942_RS06625,0.0739314017129162
SYNPCC7942_RS03160,SYNPCC7942_RS02245,0.0739214661287215
SYNPCC7942_RS03465,SYNPCC7942_RS03245,0.0739206062880722
SYNPCC7942_RS09160,SYNPCC7942_RS09320,0.0739167574771911
SYNPCC7942_RS05870,SYNPCC7942_RS04080,0.0739124144571067
SYNPCC7942_RS07185,SYNPCC7942_RS02425,0.0739049488888728
SYNPCC7942_RS03465,SYNPCC7942_RS08585,0.0739015315572235
SYNPCC7942_RS03160,SYNPCC7942_RS09220,0.0738952058177045
SYNPCC7942_RS12560,SYNPCC7942_RS05050,0.0738872586429089
SYNPCC7942_RS00455,SYNPCC7942_RS09775,0.073886438459697
SYNPCC7942_RS10700,SYNPCC7942_RS08745,0.0738796120330926
SYNPCC7942_RS10700,SYNPCC7942_RS01630,0.073875893884629
SYNPCC7942_RS03260,SYNPCC7942_RS13040,0.0738665143815415
SYNPCC7942_RS08885,SYNPCC7942_RS08230,0.0738663479073278
SYNPCC7942_RS02830,SYNPCC7942_RS11835,0.0738659531911013
SYNPCC7942_RS10700,SYNPCC7942_RS09765,0.0738642941124667
SYNPCC7942_RS09740,SYNPCC7942_RS01790,0.073860564871769
SYNPCC7942_RS09065,SYNPCC7942_RS02160,0.0738594622353027
SYNPCC7942_RS00645,SYNPCC7942_RS08870,0.0738481875180307
SYNPCC7942_RS07435,SYNPCC7942_RS04515,0.0738445798659131
SYNPCC7942_RS09740,SYNPCC7942_RS04090,0.0738445168495683
SYNPCC7942_RS13165,SYNPCC7942_RS07530,0.0738413954212076
SYNPCC7942_RS03160,SYNPCC7942_RS00045,0.0738357186139412
SYNPCC7942_RS06370,SYNPCC7942_RS09775,0.0738312537612466
SYNPCC7942_RS08645,SYNPCC7942_RS04055,0.0738292240368813
SYNPCC7942_RS03160,SYNPCC7942_RS10515,0.0738270746300234
SYNPCC7942_RS10170,SYNPCC7942_RS03920,0.0738188263306893
SYNPCC7942_RS03465,SYNPCC7942_RS12355,0.0738181083026911
SYNPCC7942_RS00765,SYNPCC7942_RS07720,0.0738154531826683
SYNPCC7942_RS00645,SYNPCC7942_RS02565,0.0738137123829299
SYNPCC7942_RS10700,SYNPCC7942_RS08115,0.0738007822310194
SYNPCC7942_RS00645,SYNPCC7942_RS11660,0.0737944268310059
SYNPCC7942_RS07185,SYNPCC7942_RS02025,0.0737942139819987
SYNPCC7942_RS08885,SYNPCC7942_RS14140,0.0737897683701627
SYNPCC7942_RS09740,SYNPCC7942_RS01130,0.0737604906467676
SYNPCC7942_RS03160,SYNPCC7942_RS11525,0.0737575918028184
SYNPCC7942_RS03160,SYNPCC7942_RS02410,0.0737455723319339
SYNPCC7942_RS07805,SYNPCC7942_RS10415,0.0737333665625761
SYNPCC7942_RS00645,SYNPCC7942_RS04235,0.073730368137591
SYNPCC7942_RS07435,SYNPCC7942_RS05560,0.0737290668265372
SYNPCC7942_RS09160,SYNPCC7942_RS00430,0.0737243715532222
SYNPCC7942_RS08850,SYNPCC7942_RS02785,0.0737154589724914
SYNPCC7942_RS00645,SYNPCC7942_RS13975,0.0737068933880583
SYNPCC7942_RS00645,SYNPCC7942_RS08555,0.0736997857919482
SYNPCC7942_RS07435,SYNPCC7942_RS02775,0.0736947966258397
SYNPCC7942_RS03160,SYNPCC7942_RS03455,0.0736871057040696
SYNPCC7942_RS10700,SYNPCC7942_RS00035,0.0736853928667939
SYNPCC7942_RS09160,SYNPCC7942_RS09785,0.0736836497468638
SYNPCC7942_RS00380,SYNPCC7942_RS10000,0.0736820987342213
SYNPCC7942_RS10700,SYNPCC7942_RS01000,0.0736741634220185
SYNPCC7942_RS10340,SYNPCC7942_RS02975,0.0736731894494149
SYNPCC7942_RS07435,SYNPCC7942_RS02575,0.0736725769029509
SYNPCC7942_RS03955,SYNPCC7942_RS13685,0.0736628409501544
SYNPCC7942_RS10700,SYNPCC7942_RS11990,0.0736625250442049
SYNPCC7942_RS08820,SYNPCC7942_RS04015,0.0736553395088362
SYNPCC7942_RS00380,SYNPCC7942_RS01445,0.073649999839905
SYNPCC7942_RS03465,SYNPCC7942_RS11775,0.0736477611774644
SYNPCC7942_RS03160,SYNPCC7942_RS04610,0.0736422042838125
SYNPCC7942_RS09160,SYNPCC7942_RS02290,0.0736413737926685
SYNPCC7942_RS09435,SYNPCC7942_RS04585,0.0736402113389672
SYNPCC7942_RS03160,SYNPCC7942_RS06065,0.0736280588371231
SYNPCC7942_RS00455,SYNPCC7942_RS12480,0.0736198999425682
SYNPCC7942_RS10165,SYNPCC7942_RS07360,0.073605830138191
SYNPCC7942_RS05870,SYNPCC7942_RS10570,0.0735922087226192
SYNPCC7942_RS09740,SYNPCC7942_RS11320,0.073589106368732
SYNPCC7942_RS00645,SYNPCC7942_RS12470,0.0735822266863124
SYNPCC7942_RS12560,SYNPCC7942_RS09370,0.0735806293387646
SYNPCC7942_RS12560,SYNPCC7942_RS09755,0.0735710780909225
SYNPCC7942_RS00765,SYNPCC7942_RS12025,0.0735646731786436
SYNPCC7942_RS03465,SYNPCC7942_RS07695,0.0735549296620496
SYNPCC7942_RS03325,SYNPCC7942_RS06225,0.07355357068439
SYNPCC7942_RS09740,SYNPCC7942_RS03495,0.073552320635971
SYNPCC7942_RS00455,SYNPCC7942_RS05015,0.0735379701504374
SYNPCC7942_RS10700,SYNPCC7942_RS06385,0.0735338082304162
SYNPCC7942_RS09620,SYNPCC7942_RS07105,0.073532981564805
SYNPCC7942_RS09740,SYNPCC7942_RS11330,0.0735284082067436
SYNPCC7942_RS07185,SYNPCC7942_RS07755,0.0735168630609565
SYNPCC7942_RS03465,SYNPCC7942_RS03240,0.0735076289257648
SYNPCC7942_RS05870,SYNPCC7942_RS12570,0.0735075852625282
SYNPCC7942_RS03325,SYNPCC7942_RS09110,0.0734953946146548
SYNPCC7942_RS00645,SYNPCC7942_RS10675,0.0734885202187247
SYNPCC7942_RS07435,SYNPCC7942_RS12455,0.0734769785765315
SYNPCC7942_RS13165,SYNPCC7942_RS00495,0.0734682531371887
SYNPCC7942_RS10700,SYNPCC7942_RS07370,0.0734567269114223
SYNPCC7942_RS07185,SYNPCC7942_RS04595,0.0734519405281321
