regulatoryGene,targetGene,weight
SYNPCC7942_RS06230,SYNPCC7942_RS06235,0.238882036450242
SYNPCC7942_RS11050,SYNPCC7942_RS11040,0.238759142813597
SYNPCC7942_RS11050,SYNPCC7942_RS11045,0.21424000078653
SYNPCC7942_RS08580,SYNPCC7942_RS08575,0.207630406324876
SYNPCC7942_RS03260,SYNPCC7942_RS03255,0.206807045721202
SYNPCC7942_RS09760,SYNPCC7942_RS02270,0.199947050838601
SYNPCC7942_RS09760,SYNPCC7942_RS09485,0.19882513100796
SYNPCC7942_RS09760,SYNPCC7942_RS09085,0.195263053966757
SYNPCC7942_RS09760,SYNPCC7942_RS02975,0.19444449806581
SYNPCC7942_RS09760,SYNPCC7942_RS09490,0.193083637023761
SYNPCC7942_RS02830,SYNPCC7942_RS11870,0.190732889553089
SYNPCC7942_RS09760,SYNPCC7942_RS01905,0.18901350267487
SYNPCC7942_RS02830,SYNPCC7942_RS07120,0.188810149249962
SYNPCC7942_RS09380,SYNPCC7942_RS02830,0.187282588511449
SYNPCC7942_RS02830,SYNPCC7942_RS01550,0.183992096843471
SYNPCC7942_RS09760,SYNPCC7942_RS06455,0.182686770110776
SYNPCC7942_RS03075,SYNPCC7942_RS11460,0.182518148739509
SYNPCC7942_RS09760,SYNPCC7942_RS01165,0.178918173931845
SYNPCC7942_RS00560,SYNPCC7942_RS00555,0.177174401968241
SYNPCC7942_RS09760,SYNPCC7942_RS09145,0.176705037809199
SYNPCC7942_RS12560,SYNPCC7942_RS02015,0.17336286593438
SYNPCC7942_RS02830,SYNPCC7942_RS09380,0.172902152807424
SYNPCC7942_RS11970,SYNPCC7942_RS12420,0.172890370239864
SYNPCC7942_RS08885,SYNPCC7942_RS08880,0.172227368971877
SYNPCC7942_RS03260,SYNPCC7942_RS03265,0.172122788435174
SYNPCC7942_RS02830,SYNPCC7942_RS11825,0.171843798134526
SYNPCC7942_RS09380,SYNPCC7942_RS08035,0.171659817610129
SYNPCC7942_RS06365,SYNPCC7942_RS06360,0.17032721697469
SYNPCC7942_RS09760,SYNPCC7942_RS02265,0.170281908317792
SYNPCC7942_RS02830,SYNPCC7942_RS00795,0.168050780829275
SYNPCC7942_RS02830,SYNPCC7942_RS11865,0.164097841284304
SYNPCC7942_RS03075,SYNPCC7942_RS08215,0.16393409374059
SYNPCC7942_RS02830,SYNPCC7942_RS12995,0.163907247554194
SYNPCC7942_RS09380,SYNPCC7942_RS14100,0.163669084427245
SYNPCC7942_RS03075,SYNPCC7942_RS09380,0.163395641106805
SYNPCC7942_RS09760,SYNPCC7942_RS08230,0.163372632953832
SYNPCC7942_RS03075,SYNPCC7942_RS01415,0.16238422486446
SYNPCC7942_RS09380,SYNPCC7942_RS08225,0.161967485788975
SYNPCC7942_RS03075,SYNPCC7942_RS12995,0.161740513964564
SYNPCC7942_RS00480,SYNPCC7942_RS06235,0.161343488188248
SYNPCC7942_RS09380,SYNPCC7942_RS11870,0.160950690157662
SYNPCC7942_RS09380,SYNPCC7942_RS01550,0.160116150871872
SYNPCC7942_RS12560,SYNPCC7942_RS12745,0.16009240397517
SYNPCC7942_RS07435,SYNPCC7942_RS08315,0.159923585386815
SYNPCC7942_RS09760,SYNPCC7942_RS09815,0.158907279359812
SYNPCC7942_RS09380,SYNPCC7942_RS08030,0.158479662202485
SYNPCC7942_RS03075,SYNPCC7942_RS12980,0.158013914806819
SYNPCC7942_RS02830,SYNPCC7942_RS11860,0.157565214619693
SYNPCC7942_RS02830,SYNPCC7942_RS01880,0.156928612470283
SYNPCC7942_RS09065,SYNPCC7942_RS11675,0.156774273121465
SYNPCC7942_RS12560,SYNPCC7942_RS03285,0.156696957793378
SYNPCC7942_RS00645,SYNPCC7942_RS06355,0.156656765689958
SYNPCC7942_RS11970,SYNPCC7942_RS11975,0.15645841097242
SYNPCC7942_RS02830,SYNPCC7942_RS12990,0.155284239399583
SYNPCC7942_RS03075,SYNPCC7942_RS01885,0.155121014376064
SYNPCC7942_RS03075,SYNPCC7942_RS01420,0.154553852516184
SYNPCC7942_RS09380,SYNPCC7942_RS03075,0.154527387177701
SYNPCC7942_RS07435,SYNPCC7942_RS10970,0.15450602585109
SYNPCC7942_RS10340,SYNPCC7942_RS05920,0.154308337859365
SYNPCC7942_RS07435,SYNPCC7942_RS05720,0.154011113569557
SYNPCC7942_RS09380,SYNPCC7942_RS01250,0.153696324481528
SYNPCC7942_RS02830,SYNPCC7942_RS03485,0.153509827494493
SYNPCC7942_RS02830,SYNPCC7942_RS14100,0.153452790666593
SYNPCC7942_RS09380,SYNPCC7942_RS11865,0.153397014001564
SYNPCC7942_RS11970,SYNPCC7942_RS12425,0.153389707514021
SYNPCC7942_RS09380,SYNPCC7942_RS08215,0.153341850634206
SYNPCC7942_RS03075,SYNPCC7942_RS11825,0.152117900299628
SYNPCC7942_RS09380,SYNPCC7942_RS11860,0.151582846136666
SYNPCC7942_RS03075,SYNPCC7942_RS01250,0.151528481158676
SYNPCC7942_RS03465,SYNPCC7942_RS11695,0.151480530706266
SYNPCC7942_RS09760,SYNPCC7942_RS01900,0.150986036624625
SYNPCC7942_RS09380,SYNPCC7942_RS08005,0.149868096493433
SYNPCC7942_RS08580,SYNPCC7942_RS08565,0.149639194230011
SYNPCC7942_RS02830,SYNPCC7942_RS08225,0.149107580660275
SYNPCC7942_RS08580,SYNPCC7942_RS08570,0.149093244890127
SYNPCC7942_RS09380,SYNPCC7942_RS11825,0.148738069861256
SYNPCC7942_RS03075,SYNPCC7942_RS05895,0.148592478998152
SYNPCC7942_RS09760,SYNPCC7942_RS09100,0.148497664530213
SYNPCC7942_RS09760,SYNPCC7942_RS01170,0.148325433366282
SYNPCC7942_RS03075,SYNPCC7942_RS07120,0.147841776121679
SYNPCC7942_RS09380,SYNPCC7942_RS00195,0.147677072716018
SYNPCC7942_RS03075,SYNPCC7942_RS01995,0.147340905059564
SYNPCC7942_RS00645,SYNPCC7942_RS10680,0.147199330054109
SYNPCC7942_RS09380,SYNPCC7942_RS08040,0.146914153875846
SYNPCC7942_RS02895,SYNPCC7942_RS05140,0.146775233351834
SYNPCC7942_RS03075,SYNPCC7942_RS04315,0.145855267191956
SYNPCC7942_RS09760,SYNPCC7942_RS02815,0.14481220708026
SYNPCC7942_RS12275,SYNPCC7942_RS01855,0.14435580406971
SYNPCC7942_RS08580,SYNPCC7942_RS08585,0.144337224523472
SYNPCC7942_RS03075,SYNPCC7942_RS12990,0.144283613757345
SYNPCC7942_RS12560,SYNPCC7942_RS05845,0.144274499979604
SYNPCC7942_RS03075,SYNPCC7942_RS02535,0.144267819006767
SYNPCC7942_RS08885,SYNPCC7942_RS01325,0.144234890280208
SYNPCC7942_RS03075,SYNPCC7942_RS03305,0.144120901230437
SYNPCC7942_RS05195,SYNPCC7942_RS05190,0.143757948751727
SYNPCC7942_RS09065,SYNPCC7942_RS09070,0.143683718533489
SYNPCC7942_RS07435,SYNPCC7942_RS05135,0.143541608565312
SYNPCC7942_RS09380,SYNPCC7942_RS07120,0.143296200977464
SYNPCC7942_RS02830,SYNPCC7942_RS08505,0.143100650855917
SYNPCC7942_RS09065,SYNPCC7942_RS09325,0.142797689898419
SYNPCC7942_RS03075,SYNPCC7942_RS12985,0.142439173068844
SYNPCC7942_RS03075,SYNPCC7942_RS08220,0.142249726634259
SYNPCC7942_RS09380,SYNPCC7942_RS01245,0.141993915572883
SYNPCC7942_RS08580,SYNPCC7942_RS08605,0.141857222711243
SYNPCC7942_RS12560,SYNPCC7942_RS12820,0.141612854842741
SYNPCC7942_RS03075,SYNPCC7942_RS14100,0.141538581740239
SYNPCC7942_RS07435,SYNPCC7942_RS00925,0.14142995295897
SYNPCC7942_RS02830,SYNPCC7942_RS08930,0.14108152611434
SYNPCC7942_RS08850,SYNPCC7942_RS08845,0.141057316389328
SYNPCC7942_RS03465,SYNPCC7942_RS05340,0.140571516469792
SYNPCC7942_RS02830,SYNPCC7942_RS11105,0.14038313794849
SYNPCC7942_RS09380,SYNPCC7942_RS10555,0.140331263631417
SYNPCC7942_RS03075,SYNPCC7942_RS13195,0.140207847153596
SYNPCC7942_RS09380,SYNPCC7942_RS10540,0.139810060017871
SYNPCC7942_RS03075,SYNPCC7942_RS12510,0.139693606004579
SYNPCC7942_RS07435,SYNPCC7942_RS10965,0.139601094395623
SYNPCC7942_RS09760,SYNPCC7942_RS07190,0.139522930609661
SYNPCC7942_RS03465,SYNPCC7942_RS11700,0.139485068608671
SYNPCC7942_RS03160,SYNPCC7942_RS01600,0.139422762974776
SYNPCC7942_RS12560,SYNPCC7942_RS12430,0.139339520881956
SYNPCC7942_RS07435,SYNPCC7942_RS01700,0.138987897882247
SYNPCC7942_RS03465,SYNPCC7942_RS08470,0.138938585175237
SYNPCC7942_RS08885,SYNPCC7942_RS10780,0.138937052691779
SYNPCC7942_RS07435,SYNPCC7942_RS01465,0.138882467413168
SYNPCC7942_RS09380,SYNPCC7942_RS08220,0.138582308881481
SYNPCC7942_RS08885,SYNPCC7942_RS12440,0.138460171367151
SYNPCC7942_RS11050,SYNPCC7942_RS11055,0.138396653928778
SYNPCC7942_RS09760,SYNPCC7942_RS03180,0.138120230267106
SYNPCC7942_RS12560,SYNPCC7942_RS06470,0.137952112632235
SYNPCC7942_RS07435,SYNPCC7942_RS01695,0.137826840851731
SYNPCC7942_RS03465,SYNPCC7942_RS11175,0.13758971224405
SYNPCC7942_RS12275,SYNPCC7942_RS01100,0.1371683960016
SYNPCC7942_RS12560,SYNPCC7942_RS11510,0.137014832511167
SYNPCC7942_RS03075,SYNPCC7942_RS08005,0.137001397863285
SYNPCC7942_RS02830,SYNPCC7942_RS07010,0.136517207381136
SYNPCC7942_RS12275,SYNPCC7942_RS01000,0.136487381288207
SYNPCC7942_RS00645,SYNPCC7942_RS06350,0.135905155504465
SYNPCC7942_RS03160,SYNPCC7942_RS13215,0.135902149600911
SYNPCC7942_RS00455,SYNPCC7942_RS08740,0.135783052039192
SYNPCC7942_RS07435,SYNPCC7942_RS01500,0.135724900954229
SYNPCC7942_RS03465,SYNPCC7942_RS07490,0.135566200620717
SYNPCC7942_RS12275,SYNPCC7942_RS12265,0.135324318071327
SYNPCC7942_RS03075,SYNPCC7942_RS08225,0.135277973089161
SYNPCC7942_RS02830,SYNPCC7942_RS11520,0.135181283446781
SYNPCC7942_RS09065,SYNPCC7942_RS08395,0.135033737885683
SYNPCC7942_RS03075,SYNPCC7942_RS13190,0.135031474482156
SYNPCC7942_RS08405,SYNPCC7942_RS08410,0.134787475370123
SYNPCC7942_RS09380,SYNPCC7942_RS00170,0.134496145133195
SYNPCC7942_RS03260,SYNPCC7942_RS11310,0.134456072094635
SYNPCC7942_RS03260,SYNPCC7942_RS11315,0.134436890270551
SYNPCC7942_RS06700,SYNPCC7942_RS07545,0.134360424226965
SYNPCC7942_RS12560,SYNPCC7942_RS04295,0.134249878730181
SYNPCC7942_RS07435,SYNPCC7942_RS14105,0.134113054982294
SYNPCC7942_RS03075,SYNPCC7942_RS12125,0.134059290740896
SYNPCC7942_RS02830,SYNPCC7942_RS02445,0.133922357312544
SYNPCC7942_RS03960,SYNPCC7942_RS03955,0.13356403056717
SYNPCC7942_RS12560,SYNPCC7942_RS12690,0.133471710874244
SYNPCC7942_RS10700,SYNPCC7942_RS10815,0.13332539702603
SYNPCC7942_RS02830,SYNPCC7942_RS12985,0.133232611838876
SYNPCC7942_RS02830,SYNPCC7942_RS08215,0.132773470621695
SYNPCC7942_RS03075,SYNPCC7942_RS00175,0.132762488048976
SYNPCC7942_RS09740,SYNPCC7942_RS07665,0.132664999995424
SYNPCC7942_RS02830,SYNPCC7942_RS12965,0.132661520450404
SYNPCC7942_RS09380,SYNPCC7942_RS12985,0.132540991795782
SYNPCC7942_RS02895,SYNPCC7942_RS05380,0.132432758932404
SYNPCC7942_RS09760,SYNPCC7942_RS08195,0.131953201932495
SYNPCC7942_RS03075,SYNPCC7942_RS09070,0.131765069072503
SYNPCC7942_RS03075,SYNPCC7942_RS09890,0.131709914962415
SYNPCC7942_RS07435,SYNPCC7942_RS10050,0.13161761581292
SYNPCC7942_RS08885,SYNPCC7942_RS05645,0.13161517816529
SYNPCC7942_RS03465,SYNPCC7942_RS07470,0.131418303211369
SYNPCC7942_RS03075,SYNPCC7942_RS12135,0.131219951427626
SYNPCC7942_RS05870,SYNPCC7942_RS06950,0.130892054122538
SYNPCC7942_RS12560,SYNPCC7942_RS12885,0.130756949116474
SYNPCC7942_RS12560,SYNPCC7942_RS12015,0.130510517439464
SYNPCC7942_RS12560,SYNPCC7942_RS07765,0.130427955410112
SYNPCC7942_RS03260,SYNPCC7942_RS03250,0.130271598793912
SYNPCC7942_RS09380,SYNPCC7942_RS10015,0.13015399695058
SYNPCC7942_RS03075,SYNPCC7942_RS10725,0.130124017631639
SYNPCC7942_RS03075,SYNPCC7942_RS08035,0.13011566924575
SYNPCC7942_RS12275,SYNPCC7942_RS00460,0.129818279096485
SYNPCC7942_RS09380,SYNPCC7942_RS12135,0.129700215550438
SYNPCC7942_RS03465,SYNPCC7942_RS11460,0.129587488703444
SYNPCC7942_RS00455,SYNPCC7942_RS06370,0.129494542881355
SYNPCC7942_RS09380,SYNPCC7942_RS12995,0.129314707645051
SYNPCC7942_RS10170,SYNPCC7942_RS09585,0.129284809346464
SYNPCC7942_RS03465,SYNPCC7942_RS13955,0.129193833696997
SYNPCC7942_RS03160,SYNPCC7942_RS01270,0.129144132553932
SYNPCC7942_RS07435,SYNPCC7942_RS01285,0.129035601028083
SYNPCC7942_RS12560,SYNPCC7942_RS00395,0.129022291967615
SYNPCC7942_RS09380,SYNPCC7942_RS01415,0.128944902685681
SYNPCC7942_RS07435,SYNPCC7942_RS05820,0.128805516514844
SYNPCC7942_RS09500,SYNPCC7942_RS09495,0.128762632943001
SYNPCC7942_RS12560,SYNPCC7942_RS00905,0.128734096633659
SYNPCC7942_RS12560,SYNPCC7942_RS04100,0.128520960889361
SYNPCC7942_RS11050,SYNPCC7942_RS11025,0.128424156578695
SYNPCC7942_RS03160,SYNPCC7942_RS06885,0.128406218858126
SYNPCC7942_RS03955,SYNPCC7942_RS09200,0.128265671369466
SYNPCC7942_RS02830,SYNPCC7942_RS00170,0.128075184148295
SYNPCC7942_RS07435,SYNPCC7942_RS01965,0.128052054794551
SYNPCC7942_RS02895,SYNPCC7942_RS10445,0.12802820567796
SYNPCC7942_RS03465,SYNPCC7942_RS03985,0.128021536652174
SYNPCC7942_RS03465,SYNPCC7942_RS12870,0.12787914994259
SYNPCC7942_RS12560,SYNPCC7942_RS11890,0.127824963036776
SYNPCC7942_RS09160,SYNPCC7942_RS04365,0.127792565449737
SYNPCC7942_RS09380,SYNPCC7942_RS08930,0.127760070397699
SYNPCC7942_RS02895,SYNPCC7942_RS01670,0.12769706075684
SYNPCC7942_RS00455,SYNPCC7942_RS10410,0.127597861529125
SYNPCC7942_RS07435,SYNPCC7942_RS04385,0.127496021093043
SYNPCC7942_RS03075,SYNPCC7942_RS10555,0.127483738831518
SYNPCC7942_RS02830,SYNPCC7942_RS08220,0.127429362195321
SYNPCC7942_RS03260,SYNPCC7942_RS12845,0.127223172086698
SYNPCC7942_RS00455,SYNPCC7942_RS00760,0.127137071324079
SYNPCC7942_RS03160,SYNPCC7942_RS08490,0.127079776227772
SYNPCC7942_RS07435,SYNPCC7942_RS01445,0.126967283431599
SYNPCC7942_RS12560,SYNPCC7942_RS00590,0.126924420064517
SYNPCC7942_RS03955,SYNPCC7942_RS07045,0.126896773213929
SYNPCC7942_RS03260,SYNPCC7942_RS06545,0.12685797151979
SYNPCC7942_RS03075,SYNPCC7942_RS02830,0.126741368932097
SYNPCC7942_RS08885,SYNPCC7942_RS08495,0.126677617936876
SYNPCC7942_RS02895,SYNPCC7942_RS10965,0.126654646666472
SYNPCC7942_RS12560,SYNPCC7942_RS01765,0.126444059522141
SYNPCC7942_RS11050,SYNPCC7942_RS07480,0.126233764323004
SYNPCC7942_RS07435,SYNPCC7942_RS03280,0.126214059510562
SYNPCC7942_RS10170,SYNPCC7942_RS12610,0.126212713254494
SYNPCC7942_RS03260,SYNPCC7942_RS11300,0.126109251378441
SYNPCC7942_RS03260,SYNPCC7942_RS11275,0.126056784151388
SYNPCC7942_RS02895,SYNPCC7942_RS06275,0.12601640649823
SYNPCC7942_RS09760,SYNPCC7942_RS07085,0.126010666557506
SYNPCC7942_RS03465,SYNPCC7942_RS08730,0.125947470498224
SYNPCC7942_RS03465,SYNPCC7942_RS10625,0.125748485172577
SYNPCC7942_RS12560,SYNPCC7942_RS03270,0.125461342333145
SYNPCC7942_RS12275,SYNPCC7942_RS04985,0.125301301835651
SYNPCC7942_RS07435,SYNPCC7942_RS10025,0.125286119593926
SYNPCC7942_RS03465,SYNPCC7942_RS09325,0.125242011043292
SYNPCC7942_RS10260,SYNPCC7942_RS10255,0.125166175905157
SYNPCC7942_RS10170,SYNPCC7942_RS00230,0.125072591719693
SYNPCC7942_RS03465,SYNPCC7942_RS01360,0.125028394125988
SYNPCC7942_RS02830,SYNPCC7942_RS00195,0.124665915406708
SYNPCC7942_RS10700,SYNPCC7942_RS10320,0.124534296326956
SYNPCC7942_RS08885,SYNPCC7942_RS05430,0.124482256039366
SYNPCC7942_RS03075,SYNPCC7942_RS06920,0.124444713386981
SYNPCC7942_RS07435,SYNPCC7942_RS01710,0.124299515500021
SYNPCC7942_RS03160,SYNPCC7942_RS08360,0.124208508021724
SYNPCC7942_RS02830,SYNPCC7942_RS02835,0.12396841139539
SYNPCC7942_RS05870,SYNPCC7942_RS09110,0.123718333158254
SYNPCC7942_RS12275,SYNPCC7942_RS05740,0.123683899238716
SYNPCC7942_RS13165,SYNPCC7942_RS08295,0.12360606294467
SYNPCC7942_RS09620,SYNPCC7942_RS10215,0.123460187352375
SYNPCC7942_RS08885,SYNPCC7942_RS01295,0.12342728688136
SYNPCC7942_RS05870,SYNPCC7942_RS10115,0.123333395240629
SYNPCC7942_RS12275,SYNPCC7942_RS12320,0.123329862655826
SYNPCC7942_RS03955,SYNPCC7942_RS10925,0.123242276818049
SYNPCC7942_RS12560,SYNPCC7942_RS11610,0.123215017811946
SYNPCC7942_RS07435,SYNPCC7942_RS13675,0.123140153343985
SYNPCC7942_RS12535,SYNPCC7942_RS07355,0.122953027154903
SYNPCC7942_RS03325,SYNPCC7942_RS13040,0.122868864385347
SYNPCC7942_RS03075,SYNPCC7942_RS01245,0.12278832165065
SYNPCC7942_RS09065,SYNPCC7942_RS07695,0.12277049794671
SYNPCC7942_RS09500,SYNPCC7942_RS06925,0.122618395207132
SYNPCC7942_RS00645,SYNPCC7942_RS04640,0.122599801631937
SYNPCC7942_RS03075,SYNPCC7942_RS05080,0.122597116722995
SYNPCC7942_RS08885,SYNPCC7942_RS07570,0.122561889762907
SYNPCC7942_RS02830,SYNPCC7942_RS07175,0.122529501305323
SYNPCC7942_RS03160,SYNPCC7942_RS11740,0.122414681976351
SYNPCC7942_RS09740,SYNPCC7942_RS10740,0.122370496456901
SYNPCC7942_RS02830,SYNPCC7942_RS11155,0.122280782929832
SYNPCC7942_RS03160,SYNPCC7942_RS10735,0.122279756993915
SYNPCC7942_RS07435,SYNPCC7942_RS02730,0.122211227483672
SYNPCC7942_RS08885,SYNPCC7942_RS04660,0.12216754221422
SYNPCC7942_RS12560,SYNPCC7942_RS02385,0.122089388417423
SYNPCC7942_RS07185,SYNPCC7942_RS02695,0.122076555653657
SYNPCC7942_RS03440,SYNPCC7942_RS08835,0.122071026706342
SYNPCC7942_RS07435,SYNPCC7942_RS11775,0.12197586866786
SYNPCC7942_RS07720,SYNPCC7942_RS01090,0.121944945819248
SYNPCC7942_RS07435,SYNPCC7942_RS01655,0.121935531693267
SYNPCC7942_RS03160,SYNPCC7942_RS07365,0.121834903298991
SYNPCC7942_RS03160,SYNPCC7942_RS07640,0.121782101368595
SYNPCC7942_RS09380,SYNPCC7942_RS12510,0.121716303469638
SYNPCC7942_RS09380,SYNPCC7942_RS10020,0.12150211076456
SYNPCC7942_RS11050,SYNPCC7942_RS08200,0.121450534911927
SYNPCC7942_RS12535,SYNPCC7942_RS09130,0.12135409236921
SYNPCC7942_RS00455,SYNPCC7942_RS00405,0.121321336267244
SYNPCC7942_RS07435,SYNPCC7942_RS04390,0.121272705320262
SYNPCC7942_RS03075,SYNPCC7942_RS11870,0.121256304801116
SYNPCC7942_RS03075,SYNPCC7942_RS08030,0.121250937582162
SYNPCC7942_RS03160,SYNPCC7942_RS06480,0.121000805025271
SYNPCC7942_RS03075,SYNPCC7942_RS08040,0.120989616025332
SYNPCC7942_RS07435,SYNPCC7942_RS02565,0.120843516299208
SYNPCC7942_RS03160,SYNPCC7942_RS09685,0.120819009151688
SYNPCC7942_RS03075,SYNPCC7942_RS06290,0.120775946784519
SYNPCC7942_RS03260,SYNPCC7942_RS11290,0.120775038885786
SYNPCC7942_RS03160,SYNPCC7942_RS02925,0.120695649236828
SYNPCC7942_RS00645,SYNPCC7942_RS06345,0.120657488538628
SYNPCC7942_RS09740,SYNPCC7942_RS04150,0.120555866590805
SYNPCC7942_RS07435,SYNPCC7942_RS13680,0.120517063163471
SYNPCC7942_RS00455,SYNPCC7942_RS01380,0.120483573580663
SYNPCC7942_RS07435,SYNPCC7942_RS09295,0.120434155499494
SYNPCC7942_RS03160,SYNPCC7942_RS12575,0.120428281322662
SYNPCC7942_RS03160,SYNPCC7942_RS13150,0.120305802894252
SYNPCC7942_RS03160,SYNPCC7942_RS10570,0.120300736769839
SYNPCC7942_RS12560,SYNPCC7942_RS09790,0.120273428847017
SYNPCC7942_RS03260,SYNPCC7942_RS11335,0.12021993665127
SYNPCC7942_RS09065,SYNPCC7942_RS03390,0.120202344055799
SYNPCC7942_RS09740,SYNPCC7942_RS05060,0.12016198895077
SYNPCC7942_RS03440,SYNPCC7942_RS12275,0.120109895282149
SYNPCC7942_RS02830,SYNPCC7942_RS07015,0.120077373867309
SYNPCC7942_RS03160,SYNPCC7942_RS02180,0.120035835852123
SYNPCC7942_RS02895,SYNPCC7942_RS10300,0.119975222444547
SYNPCC7942_RS05870,SYNPCC7942_RS07650,0.11993288203015
SYNPCC7942_RS03260,SYNPCC7942_RS11320,0.119892246072128
SYNPCC7942_RS09065,SYNPCC7942_RS10075,0.119876409795345
SYNPCC7942_RS12275,SYNPCC7942_RS03440,0.119824102290105
SYNPCC7942_RS03260,SYNPCC7942_RS11235,0.119729200378343
SYNPCC7942_RS07435,SYNPCC7942_RS08320,0.119630148115185
SYNPCC7942_RS00455,SYNPCC7942_RS01260,0.119596483127873
SYNPCC7942_RS02830,SYNPCC7942_RS10555,0.119574903312095
SYNPCC7942_RS12560,SYNPCC7942_RS03770,0.119545884745381
SYNPCC7942_RS03160,SYNPCC7942_RS02580,0.119355027489632
SYNPCC7942_RS09740,SYNPCC7942_RS08250,0.119351392856432
SYNPCC7942_RS12560,SYNPCC7942_RS05855,0.119289338687149
SYNPCC7942_RS07435,SYNPCC7942_RS01670,0.119286712367135
SYNPCC7942_RS03075,SYNPCC7942_RS11865,0.119265260877695
SYNPCC7942_RS09160,SYNPCC7942_RS07725,0.119199935011494
SYNPCC7942_RS03465,SYNPCC7942_RS11990,0.119141704550211
SYNPCC7942_RS08885,SYNPCC7942_RS12095,0.119130259172506
SYNPCC7942_RS07435,SYNPCC7942_RS01505,0.119073656892978
SYNPCC7942_RS10700,SYNPCC7942_RS08165,0.119037710041864
SYNPCC7942_RS00645,SYNPCC7942_RS12840,0.11903594578703
SYNPCC7942_RS12275,SYNPCC7942_RS10125,0.118996163382553
SYNPCC7942_RS12285,SYNPCC7942_RS01070,0.118953775969176
SYNPCC7942_RS03260,SYNPCC7942_RS11305,0.118894972981379
SYNPCC7942_RS03465,SYNPCC7942_RS08430,0.11888323174851
SYNPCC7942_RS03160,SYNPCC7942_RS06915,0.118806712974392
SYNPCC7942_RS07435,SYNPCC7942_RS06310,0.118785599639437
SYNPCC7942_RS09740,SYNPCC7942_RS06410,0.1187441062482
SYNPCC7942_RS13165,SYNPCC7942_RS08290,0.118652201885159
SYNPCC7942_RS09380,SYNPCC7942_RS11105,0.118648498660636
SYNPCC7942_RS07435,SYNPCC7942_RS06795,0.118625619303741
SYNPCC7942_RS12560,SYNPCC7942_RS08650,0.118617592387708
SYNPCC7942_RS00455,SYNPCC7942_RS01265,0.118572561039388
SYNPCC7942_RS03160,SYNPCC7942_RS10110,0.118525027015493
SYNPCC7942_RS10700,SYNPCC7942_RS11595,0.118500276082948
SYNPCC7942_RS03465,SYNPCC7942_RS02920,0.11831347090667
SYNPCC7942_RS07805,SYNPCC7942_RS09190,0.118055236543858
SYNPCC7942_RS03260,SYNPCC7942_RS07770,0.117961382041353
SYNPCC7942_RS03160,SYNPCC7942_RS10815,0.117931426536287
SYNPCC7942_RS08885,SYNPCC7942_RS12010,0.117928691478847
SYNPCC7942_RS09620,SYNPCC7942_RS04925,0.117824583478245
SYNPCC7942_RS03325,SYNPCC7942_RS03560,0.117745338337152
SYNPCC7942_RS07435,SYNPCC7942_RS07735,0.117722895717868
SYNPCC7942_RS07435,SYNPCC7942_RS01665,0.117693194391015
SYNPCC7942_RS07435,SYNPCC7942_RS02725,0.11766316990271
SYNPCC7942_RS08885,SYNPCC7942_RS03295,0.117572901561924
SYNPCC7942_RS09160,SYNPCC7942_RS08400,0.117444583721558
SYNPCC7942_RS02895,SYNPCC7942_RS02075,0.117412320585789
SYNPCC7942_RS10700,SYNPCC7942_RS06100,0.117286164566613
SYNPCC7942_RS10700,SYNPCC7942_RS06995,0.11719608145436
SYNPCC7942_RS07435,SYNPCC7942_RS11160,0.117143977276726
SYNPCC7942_RS00455,SYNPCC7942_RS06495,0.117115786855666
SYNPCC7942_RS00455,SYNPCC7942_RS00120,0.117094550566573
SYNPCC7942_RS03465,SYNPCC7942_RS02970,0.117055030106858
SYNPCC7942_RS09380,SYNPCC7942_RS01880,0.116992720182322
SYNPCC7942_RS07435,SYNPCC7942_RS05575,0.116984165828642
SYNPCC7942_RS03465,SYNPCC7942_RS13855,0.11695097901719
SYNPCC7942_RS09935,SYNPCC7942_RS12435,0.116928671598436
SYNPCC7942_RS03465,SYNPCC7942_RS04045,0.116918119911702
SYNPCC7942_RS09740,SYNPCC7942_RS02280,0.116916556763185
SYNPCC7942_RS00455,SYNPCC7942_RS00850,0.116779008051903
SYNPCC7942_RS02895,SYNPCC7942_RS11905,0.116673541971814
SYNPCC7942_RS00455,SYNPCC7942_RS09605,0.116581386803231
SYNPCC7942_RS02830,SYNPCC7942_RS01250,0.116541956440788
SYNPCC7942_RS09380,SYNPCC7942_RS12980,0.116389400343357
SYNPCC7942_RS09740,SYNPCC7942_RS03490,0.116359968069854
SYNPCC7942_RS08885,SYNPCC7942_RS08300,0.11635956942505
SYNPCC7942_RS09160,SYNPCC7942_RS03200,0.116297990107557
SYNPCC7942_RS10340,SYNPCC7942_RS10345,0.116265955518013
SYNPCC7942_RS00455,SYNPCC7942_RS08925,0.116170582911669
SYNPCC7942_RS02830,SYNPCC7942_RS02955,0.116144595566347
SYNPCC7942_RS02830,SYNPCC7942_RS12510,0.116134572825137
SYNPCC7942_RS03465,SYNPCC7942_RS00340,0.116126623895076
SYNPCC7942_RS00480,SYNPCC7942_RS09105,0.116048649061264
SYNPCC7942_RS00480,SYNPCC7942_RS06230,0.115943419858151
SYNPCC7942_RS03075,SYNPCC7942_RS11105,0.115922634904843
SYNPCC7942_RS09160,SYNPCC7942_RS05255,0.115835713718615
SYNPCC7942_RS05870,SYNPCC7942_RS07810,0.11581804137197
SYNPCC7942_RS08645,SYNPCC7942_RS08300,0.115798221576857
SYNPCC7942_RS00455,SYNPCC7942_RS06375,0.115797541776943
SYNPCC7942_RS07435,SYNPCC7942_RS06150,0.115753012090637
SYNPCC7942_RS00455,SYNPCC7942_RS10315,0.115684631717215
SYNPCC7942_RS10700,SYNPCC7942_RS00350,0.115486297528616
SYNPCC7942_RS09380,SYNPCC7942_RS12990,0.115430353438476
SYNPCC7942_RS12560,SYNPCC7942_RS10915,0.115396861649917
SYNPCC7942_RS03955,SYNPCC7942_RS07530,0.115378865073792
SYNPCC7942_RS07435,SYNPCC7942_RS08865,0.115376063012057
SYNPCC7942_RS02895,SYNPCC7942_RS09175,0.11536279542931
SYNPCC7942_RS00455,SYNPCC7942_RS06155,0.115352660619555
SYNPCC7942_RS00455,SYNPCC7942_RS05235,0.115241587839125
SYNPCC7942_RS03160,SYNPCC7942_RS02570,0.115231247289646
SYNPCC7942_RS12535,SYNPCC7942_RS05320,0.115148818857486
SYNPCC7942_RS08885,SYNPCC7942_RS06965,0.115141658637409
SYNPCC7942_RS07435,SYNPCC7942_RS07440,0.115139727276251
SYNPCC7942_RS10700,SYNPCC7942_RS02035,0.115133136518053
SYNPCC7942_RS08885,SYNPCC7942_RS09245,0.115131567235915
SYNPCC7942_RS12275,SYNPCC7942_RS11000,0.115116089326813
SYNPCC7942_RS09740,SYNPCC7942_RS06525,0.115092030594219
SYNPCC7942_RS05870,SYNPCC7942_RS00805,0.115058094199658
SYNPCC7942_RS03465,SYNPCC7942_RS13905,0.115035556818419
SYNPCC7942_RS09065,SYNPCC7942_RS11415,0.114879927043671
SYNPCC7942_RS03465,SYNPCC7942_RS03460,0.114859930640501
SYNPCC7942_RS02830,SYNPCC7942_RS03075,0.114819768244224
SYNPCC7942_RS09065,SYNPCC7942_RS12680,0.114714061520739
SYNPCC7942_RS06700,SYNPCC7942_RS10615,0.114609457824482
SYNPCC7942_RS08885,SYNPCC7942_RS08875,0.11454927729473
SYNPCC7942_RS09740,SYNPCC7942_RS09745,0.114504226843446
SYNPCC7942_RS12560,SYNPCC7942_RS06850,0.114469666930233
SYNPCC7942_RS07185,SYNPCC7942_RS03385,0.114463855260394
SYNPCC7942_RS09760,SYNPCC7942_RS02685,0.114407716565275
SYNPCC7942_RS00455,SYNPCC7942_RS10145,0.114360688543293
SYNPCC7942_RS07435,SYNPCC7942_RS11770,0.114303567794633
SYNPCC7942_RS03160,SYNPCC7942_RS04625,0.114243471394836
SYNPCC7942_RS03160,SYNPCC7942_RS00030,0.1142038304306
SYNPCC7942_RS03465,SYNPCC7942_RS12715,0.114191295912008
SYNPCC7942_RS03075,SYNPCC7942_RS12965,0.114140165808575
SYNPCC7942_RS00455,SYNPCC7942_RS13055,0.114115573575483
SYNPCC7942_RS00455,SYNPCC7942_RS09850,0.114062386745438
SYNPCC7942_RS07435,SYNPCC7942_RS05015,0.114035097134864
SYNPCC7942_RS03160,SYNPCC7942_RS02965,0.113919048340649
SYNPCC7942_RS12560,SYNPCC7942_RS06600,0.11387624501718
SYNPCC7942_RS07435,SYNPCC7942_RS01320,0.113692484895917
SYNPCC7942_RS12560,SYNPCC7942_RS12555,0.113663017326201
SYNPCC7942_RS03955,SYNPCC7942_RS00280,0.113519899705154
SYNPCC7942_RS03160,SYNPCC7942_RS05660,0.113492245117959
SYNPCC7942_RS02895,SYNPCC7942_RS03095,0.113377048132957
SYNPCC7942_RS03075,SYNPCC7942_RS12130,0.113310389394603
SYNPCC7942_RS10340,SYNPCC7942_RS11720,0.113292590158727
SYNPCC7942_RS03160,SYNPCC7942_RS11350,0.113270903027352
SYNPCC7942_RS03075,SYNPCC7942_RS01550,0.113135682711297
SYNPCC7942_RS10700,SYNPCC7942_RS04855,0.113074838501721
SYNPCC7942_RS09380,SYNPCC7942_RS10535,0.113053884945679
SYNPCC7942_RS08885,SYNPCC7942_RS00825,0.113045633332349
SYNPCC7942_RS03075,SYNPCC7942_RS03390,0.113023466117488
SYNPCC7942_RS03075,SYNPCC7942_RS11860,0.113010823795898
SYNPCC7942_RS08885,SYNPCC7942_RS02290,0.113009805753237
SYNPCC7942_RS07435,SYNPCC7942_RS09515,0.112979340334943
SYNPCC7942_RS10700,SYNPCC7942_RS05560,0.112920655279443
SYNPCC7942_RS05870,SYNPCC7942_RS08485,0.11288639583996
SYNPCC7942_RS10260,SYNPCC7942_RS11195,0.112842075608568
SYNPCC7942_RS03260,SYNPCC7942_RS11280,0.112816894030211
SYNPCC7942_RS00455,SYNPCC7942_RS08210,0.112768498922366
SYNPCC7942_RS07435,SYNPCC7942_RS10135,0.112751071579423
SYNPCC7942_RS07435,SYNPCC7942_RS06135,0.11266956246332
SYNPCC7942_RS03160,SYNPCC7942_RS08140,0.112587505751173
SYNPCC7942_RS10340,SYNPCC7942_RS02210,0.112557594273311
SYNPCC7942_RS05870,SYNPCC7942_RS02490,0.112527191284095
SYNPCC7942_RS09760,SYNPCC7942_RS11880,0.112520425539392
SYNPCC7942_RS00645,SYNPCC7942_RS08685,0.112513465935599
SYNPCC7942_RS00455,SYNPCC7942_RS11095,0.112497449747152
SYNPCC7942_RS12535,SYNPCC7942_RS04590,0.11248735307866
SYNPCC7942_RS07435,SYNPCC7942_RS07280,0.112463688350642
SYNPCC7942_RS03075,SYNPCC7942_RS00340,0.112450970903267
SYNPCC7942_RS08885,SYNPCC7942_RS11420,0.112425602565775
SYNPCC7942_RS10700,SYNPCC7942_RS05665,0.112413892529012
SYNPCC7942_RS03160,SYNPCC7942_RS00110,0.112376043817154
SYNPCC7942_RS03075,SYNPCC7942_RS12120,0.112373456805775
SYNPCC7942_RS03160,SYNPCC7942_RS06415,0.112361412117901
SYNPCC7942_RS07435,SYNPCC7942_RS12385,0.112332924497193
SYNPCC7942_RS03465,SYNPCC7942_RS10675,0.11232416655084
SYNPCC7942_RS03160,SYNPCC7942_RS07455,0.112323633701514
SYNPCC7942_RS03260,SYNPCC7942_RS12900,0.112279305370264
SYNPCC7942_RS07435,SYNPCC7942_RS01705,0.11226098035151
SYNPCC7942_RS03465,SYNPCC7942_RS06655,0.112259158856195
SYNPCC7942_RS05870,SYNPCC7942_RS00055,0.112250235461734
SYNPCC7942_RS03465,SYNPCC7942_RS02575,0.112186031555603
SYNPCC7942_RS02830,SYNPCC7942_RS09255,0.112177745916564
SYNPCC7942_RS02895,SYNPCC7942_RS12210,0.112080290940064
SYNPCC7942_RS03160,SYNPCC7942_RS04470,0.112064958211947
SYNPCC7942_RS00645,SYNPCC7942_RS06330,0.112057224378023
SYNPCC7942_RS10700,SYNPCC7942_RS06860,0.112041332317744
SYNPCC7942_RS03160,SYNPCC7942_RS06075,0.112029500128548
SYNPCC7942_RS00455,SYNPCC7942_RS05810,0.111949273650691
SYNPCC7942_RS03160,SYNPCC7942_RS07460,0.111923606645587
SYNPCC7942_RS03260,SYNPCC7942_RS11285,0.111918026659004
SYNPCC7942_RS08885,SYNPCC7942_RS11120,0.111889894483982
SYNPCC7942_RS07435,SYNPCC7942_RS10195,0.11187419521204
SYNPCC7942_RS07185,SYNPCC7942_RS02885,0.111852773195195
SYNPCC7942_RS08405,SYNPCC7942_RS00550,0.111839411415905
SYNPCC7942_RS03160,SYNPCC7942_RS06225,0.11177802849453
SYNPCC7942_RS03325,SYNPCC7942_RS00025,0.111761399499861
SYNPCC7942_RS09500,SYNPCC7942_RS13660,0.111680681334861
SYNPCC7942_RS11465,SYNPCC7942_RS10940,0.111640338333547
SYNPCC7942_RS00455,SYNPCC7942_RS01255,0.111567472534645
SYNPCC7942_RS12275,SYNPCC7942_RS03580,0.111556466998449
SYNPCC7942_RS09065,SYNPCC7942_RS09715,0.11150342630641
SYNPCC7942_RS09065,SYNPCC7942_RS09025,0.111437289227458
SYNPCC7942_RS03075,SYNPCC7942_RS06325,0.111422495619041
SYNPCC7942_RS03160,SYNPCC7942_RS03500,0.111403039110773
SYNPCC7942_RS03075,SYNPCC7942_RS01590,0.111390440893407
SYNPCC7942_RS03160,SYNPCC7942_RS08895,0.111271085986062
SYNPCC7942_RS03160,SYNPCC7942_RS09020,0.111245046780442
SYNPCC7942_RS02830,SYNPCC7942_RS08510,0.11122245358123
SYNPCC7942_RS07435,SYNPCC7942_RS08860,0.111217719169394
SYNPCC7942_RS05870,SYNPCC7942_RS02725,0.111117801121469
SYNPCC7942_RS00455,SYNPCC7942_RS11595,0.111092330069722
SYNPCC7942_RS03465,SYNPCC7942_RS09065,0.110975987514039
SYNPCC7942_RS03160,SYNPCC7942_RS08160,0.110960359305678
SYNPCC7942_RS03160,SYNPCC7942_RS10950,0.110921218227851
SYNPCC7942_RS07185,SYNPCC7942_RS10285,0.110909923492221
SYNPCC7942_RS02895,SYNPCC7942_RS05370,0.110908557553321
SYNPCC7942_RS05870,SYNPCC7942_RS09560,0.110905316751941
SYNPCC7942_RS03160,SYNPCC7942_RS01845,0.110885543301397
SYNPCC7942_RS08885,SYNPCC7942_RS09755,0.110881851566365
SYNPCC7942_RS09740,SYNPCC7942_RS00205,0.110873141339378
SYNPCC7942_RS09740,SYNPCC7942_RS04235,0.110846354064456
SYNPCC7942_RS00455,SYNPCC7942_RS10270,0.110827658629896
SYNPCC7942_RS03160,SYNPCC7942_RS04790,0.110813301181852
SYNPCC7942_RS00645,SYNPCC7942_RS07435,0.110764699422191
SYNPCC7942_RS07435,SYNPCC7942_RS03100,0.110686799568211
SYNPCC7942_RS02830,SYNPCC7942_RS12130,0.110568741931687
SYNPCC7942_RS00455,SYNPCC7942_RS07625,0.110548672504818
SYNPCC7942_RS00765,SYNPCC7942_RS03435,0.110475679334522
SYNPCC7942_RS09740,SYNPCC7942_RS05695,0.110285528040365
SYNPCC7942_RS09380,SYNPCC7942_RS01995,0.11028205344561
SYNPCC7942_RS13695,SYNPCC7942_RS03960,0.110244711235298
SYNPCC7942_RS00645,SYNPCC7942_RS11585,0.110241822648706
SYNPCC7942_RS03075,SYNPCC7942_RS03320,0.110239947236765
SYNPCC7942_RS03465,SYNPCC7942_RS03930,0.110232701550754
SYNPCC7942_RS03160,SYNPCC7942_RS01180,0.11022954349684
SYNPCC7942_RS10700,SYNPCC7942_RS02715,0.110146662693615
SYNPCC7942_RS00455,SYNPCC7942_RS04405,0.110114307088902
SYNPCC7942_RS07185,SYNPCC7942_RS04745,0.110106991416288
SYNPCC7942_RS04225,SYNPCC7942_RS08780,0.11010603155226
SYNPCC7942_RS07435,SYNPCC7942_RS03630,0.110097171971212
SYNPCC7942_RS07435,SYNPCC7942_RS06405,0.110095871813873
SYNPCC7942_RS03465,SYNPCC7942_RS05080,0.110020188052824
SYNPCC7942_RS08885,SYNPCC7942_RS09760,0.110010559772494
SYNPCC7942_RS09380,SYNPCC7942_RS00795,0.109945571486691
SYNPCC7942_RS07435,SYNPCC7942_RS01715,0.109933400205525
SYNPCC7942_RS08820,SYNPCC7942_RS02660,0.109897625843713
SYNPCC7942_RS07435,SYNPCC7942_RS07285,0.109891382945912
SYNPCC7942_RS11050,SYNPCC7942_RS07485,0.109828653916143
SYNPCC7942_RS00765,SYNPCC7942_RS00930,0.109820980262354
SYNPCC7942_RS02830,SYNPCC7942_RS01025,0.109799781826581
SYNPCC7942_RS07435,SYNPCC7942_RS04770,0.109782769753807
SYNPCC7942_RS03075,SYNPCC7942_RS08505,0.109723625354557
SYNPCC7942_RS03160,SYNPCC7942_RS01850,0.10970836437856
SYNPCC7942_RS06370,SYNPCC7942_RS00760,0.109702939245277
SYNPCC7942_RS09065,SYNPCC7942_RS13190,0.109610087365579
SYNPCC7942_RS03160,SYNPCC7942_RS11515,0.109571877706654
SYNPCC7942_RS03075,SYNPCC7942_RS05970,0.109511346602176
SYNPCC7942_RS00455,SYNPCC7942_RS07705,0.109508463035928
SYNPCC7942_RS07185,SYNPCC7942_RS12765,0.109426788935019
SYNPCC7942_RS03955,SYNPCC7942_RS13760,0.10939840906761
SYNPCC7942_RS07435,SYNPCC7942_RS11900,0.109393748035314
SYNPCC7942_RS09740,SYNPCC7942_RS01425,0.10929906977065
SYNPCC7942_RS03160,SYNPCC7942_RS04230,0.109296381856017
SYNPCC7942_RS09065,SYNPCC7942_RS03605,0.109261885354241
SYNPCC7942_RS03465,SYNPCC7942_RS01715,0.109238842306833
SYNPCC7942_RS09160,SYNPCC7942_RS12365,0.109211471325802
SYNPCC7942_RS07435,SYNPCC7942_RS13970,0.109192433461652
SYNPCC7942_RS13165,SYNPCC7942_RS09095,0.109191871511933
SYNPCC7942_RS02830,SYNPCC7942_RS01005,0.109147863056995
SYNPCC7942_RS10700,SYNPCC7942_RS04795,0.109110161253306
SYNPCC7942_RS07435,SYNPCC7942_RS09050,0.108963109678793
SYNPCC7942_RS00455,SYNPCC7942_RS06580,0.108924690647675
SYNPCC7942_RS03955,SYNPCC7942_RS07525,0.108912916581745
SYNPCC7942_RS03260,SYNPCC7942_RS11265,0.108912250126296
SYNPCC7942_RS09740,SYNPCC7942_RS05280,0.108881526716855
SYNPCC7942_RS12275,SYNPCC7942_RS06450,0.108831584942634
SYNPCC7942_RS12560,SYNPCC7942_RS00595,0.108759799733904
SYNPCC7942_RS10700,SYNPCC7942_RS08185,0.108745794177456
SYNPCC7942_RS00455,SYNPCC7942_RS00370,0.108743559121069
SYNPCC7942_RS10340,SYNPCC7942_RS08230,0.108738830243183
SYNPCC7942_RS03160,SYNPCC7942_RS00205,0.108593019511949
SYNPCC7942_RS03955,SYNPCC7942_RS07980,0.108558425613435
SYNPCC7942_RS03325,SYNPCC7942_RS12815,0.108524907562962
SYNPCC7942_RS03160,SYNPCC7942_RS13230,0.108488899497728
SYNPCC7942_RS07435,SYNPCC7942_RS06800,0.108481284493767
SYNPCC7942_RS00455,SYNPCC7942_RS05350,0.108467995267699
SYNPCC7942_RS09500,SYNPCC7942_RS12155,0.108445982004616
SYNPCC7942_RS03160,SYNPCC7942_RS13145,0.108382269616624
SYNPCC7942_RS09380,SYNPCC7942_RS12680,0.108342306665607
SYNPCC7942_RS09065,SYNPCC7942_RS04315,0.108291139757163
SYNPCC7942_RS07435,SYNPCC7942_RS01450,0.108280610122993
SYNPCC7942_RS12560,SYNPCC7942_RS12185,0.108248338638282
SYNPCC7942_RS03160,SYNPCC7942_RS06460,0.108234857805485
SYNPCC7942_RS00645,SYNPCC7942_RS06490,0.108204916049624
SYNPCC7942_RS11050,SYNPCC7942_RS07475,0.108178377857297
SYNPCC7942_RS02830,SYNPCC7942_RS11830,0.10817626854534
SYNPCC7942_RS12560,SYNPCC7942_RS12565,0.108154516861843
SYNPCC7942_RS02830,SYNPCC7942_RS03520,0.108145434073339
SYNPCC7942_RS03160,SYNPCC7942_RS03015,0.108110655962134
SYNPCC7942_RS07185,SYNPCC7942_RS05960,0.1081067140249
SYNPCC7942_RS07435,SYNPCC7942_RS09710,0.108006418803271
SYNPCC7942_RS10700,SYNPCC7942_RS08180,0.107986359362107
SYNPCC7942_RS00455,SYNPCC7942_RS10805,0.107953797698718
SYNPCC7942_RS03160,SYNPCC7942_RS04700,0.107937655373749
SYNPCC7942_RS13165,SYNPCC7942_RS02085,0.107918048343212
SYNPCC7942_RS09740,SYNPCC7942_RS08145,0.107916147089832
SYNPCC7942_RS00455,SYNPCC7942_RS09885,0.107900690345425
SYNPCC7942_RS03955,SYNPCC7942_RS00285,0.107877706513206
SYNPCC7942_RS03160,SYNPCC7942_RS09080,0.107811675952292
SYNPCC7942_RS07435,SYNPCC7942_RS07270,0.107803785757656
SYNPCC7942_RS07435,SYNPCC7942_RS06315,0.107798551382584
SYNPCC7942_RS12560,SYNPCC7942_RS09120,0.107781091175149
SYNPCC7942_RS09740,SYNPCC7942_RS10760,0.107761955174003
SYNPCC7942_RS09380,SYNPCC7942_RS10545,0.107737692315423
SYNPCC7942_RS12560,SYNPCC7942_RS02900,0.10773129505622
SYNPCC7942_RS03465,SYNPCC7942_RS06770,0.107693976762929
SYNPCC7942_RS07435,SYNPCC7942_RS05145,0.107686292505697
SYNPCC7942_RS12560,SYNPCC7942_RS03205,0.107678014526497
SYNPCC7942_RS03325,SYNPCC7942_RS09665,0.107635505473052
SYNPCC7942_RS05870,SYNPCC7942_RS10420,0.107608574922446
SYNPCC7942_RS12560,SYNPCC7942_RS04930,0.107580754508453
SYNPCC7942_RS07435,SYNPCC7942_RS02715,0.107513436949131
SYNPCC7942_RS03160,SYNPCC7942_RS05900,0.107510232081627
SYNPCC7942_RS03160,SYNPCC7942_RS04615,0.107508992601308
SYNPCC7942_RS03260,SYNPCC7942_RS04570,0.107457999582275
SYNPCC7942_RS10340,SYNPCC7942_RS03795,0.107432233357765
SYNPCC7942_RS10170,SYNPCC7942_RS06665,0.107414937442224
SYNPCC7942_RS09065,SYNPCC7942_RS12115,0.107364275705931
SYNPCC7942_RS03160,SYNPCC7942_RS04540,0.107358932121914
SYNPCC7942_RS12560,SYNPCC7942_RS12235,0.107254701720509
SYNPCC7942_RS10700,SYNPCC7942_RS08490,0.107239189401029
SYNPCC7942_RS00455,SYNPCC7942_RS06015,0.107171092923028
SYNPCC7942_RS08885,SYNPCC7942_RS13730,0.107145564151134
SYNPCC7942_RS05640,SYNPCC7942_RS02670,0.107143141115066
SYNPCC7942_RS10700,SYNPCC7942_RS13150,0.107123641766749
SYNPCC7942_RS12560,SYNPCC7942_RS09075,0.107106291300635
SYNPCC7942_RS03160,SYNPCC7942_RS12480,0.107102934897546
SYNPCC7942_RS03075,SYNPCC7942_RS11415,0.107092116341563
SYNPCC7942_RS00455,SYNPCC7942_RS10130,0.107070695534852
SYNPCC7942_RS08820,SYNPCC7942_RS08830,0.107062330746507
SYNPCC7942_RS03440,SYNPCC7942_RS12265,0.107048426494536
SYNPCC7942_RS07435,SYNPCC7942_RS10030,0.107029957592227
SYNPCC7942_RS09500,SYNPCC7942_RS00255,0.107027891736845
SYNPCC7942_RS10700,SYNPCC7942_RS09805,0.107006353054575
SYNPCC7942_RS09620,SYNPCC7942_RS03220,0.107002065975136
SYNPCC7942_RS02830,SYNPCC7942_RS01555,0.106982235597699
SYNPCC7942_RS02830,SYNPCC7942_RS10540,0.106978016271601
SYNPCC7942_RS09380,SYNPCC7942_RS12130,0.106958161026898
SYNPCC7942_RS08885,SYNPCC7942_RS03585,0.10695195202318
SYNPCC7942_RS00455,SYNPCC7942_RS10435,0.106906777913118
SYNPCC7942_RS09760,SYNPCC7942_RS04580,0.106871627692497
SYNPCC7942_RS02830,SYNPCC7942_RS02370,0.106841602164549
SYNPCC7942_RS07185,SYNPCC7942_RS12540,0.106814029132947
SYNPCC7942_RS03160,SYNPCC7942_RS04750,0.106778836991048
SYNPCC7942_RS08885,SYNPCC7942_RS12715,0.106762271386175
SYNPCC7942_RS07435,SYNPCC7942_RS01145,0.106751043988067
SYNPCC7942_RS09435,SYNPCC7942_RS01305,0.106733825595258
SYNPCC7942_RS05640,SYNPCC7942_RS09300,0.106696014526514
SYNPCC7942_RS03465,SYNPCC7942_RS03020,0.106631787631639
SYNPCC7942_RS10170,SYNPCC7942_RS10490,0.106583294867591
SYNPCC7942_RS03160,SYNPCC7942_RS09420,0.106577924389361
SYNPCC7942_RS07185,SYNPCC7942_RS10695,0.106549186787905
SYNPCC7942_RS10700,SYNPCC7942_RS04610,0.106509328625635
SYNPCC7942_RS03160,SYNPCC7942_RS08205,0.106489141141104
SYNPCC7942_RS09380,SYNPCC7942_RS03610,0.106470948648528
SYNPCC7942_RS06365,SYNPCC7942_RS02455,0.106303002035858
SYNPCC7942_RS07435,SYNPCC7942_RS02470,0.10628971742137
SYNPCC7942_RS03160,SYNPCC7942_RS09260,0.106285529640354
SYNPCC7942_RS10260,SYNPCC7942_RS10265,0.106200567456668
SYNPCC7942_RS06370,SYNPCC7942_RS05415,0.106194842502959
SYNPCC7942_RS03160,SYNPCC7942_RS04785,0.106159280112252
SYNPCC7942_RS12560,SYNPCC7942_RS10465,0.106128114937187
SYNPCC7942_RS10700,SYNPCC7942_RS07625,0.106114587201257
SYNPCC7942_RS09380,SYNPCC7942_RS12675,0.106101187799392
SYNPCC7942_RS09760,SYNPCC7942_RS10550,0.10609203091549
SYNPCC7942_RS07435,SYNPCC7942_RS10300,0.106021248703599
SYNPCC7942_RS09935,SYNPCC7942_RS02135,0.106010939423373
SYNPCC7942_RS03530,SYNPCC7942_RS01080,0.106003177831065
SYNPCC7942_RS10700,SYNPCC7942_RS04935,0.105980555536819
SYNPCC7942_RS03160,SYNPCC7942_RS11435,0.105960245475985
SYNPCC7942_RS09065,SYNPCC7942_RS03465,0.105955011037281
SYNPCC7942_RS09065,SYNPCC7942_RS08445,0.105940196398712
SYNPCC7942_RS05870,SYNPCC7942_RS04540,0.105809417920159
SYNPCC7942_RS08885,SYNPCC7942_RS02300,0.105655038247443
SYNPCC7942_RS09065,SYNPCC7942_RS13195,0.105587692794149
SYNPCC7942_RS04225,SYNPCC7942_RS08095,0.105568535187253
SYNPCC7942_RS09500,SYNPCC7942_RS00250,0.105510426782597
SYNPCC7942_RS10170,SYNPCC7942_RS10630,0.105487500442145
SYNPCC7942_RS10700,SYNPCC7942_RS02475,0.1054170613815
SYNPCC7942_RS07940,SYNPCC7942_RS03050,0.105375857437888
SYNPCC7942_RS07185,SYNPCC7942_RS09600,0.105347351202922
SYNPCC7942_RS09065,SYNPCC7942_RS09380,0.105328289758874
SYNPCC7942_RS02830,SYNPCC7942_RS12135,0.105225581561205
SYNPCC7942_RS04835,SYNPCC7942_RS13020,0.105215450448469
SYNPCC7942_RS07435,SYNPCC7942_RS11950,0.105173924791039
SYNPCC7942_RS05870,SYNPCC7942_RS06890,0.10513405989879
SYNPCC7942_RS09065,SYNPCC7942_RS10020,0.105122557386415
SYNPCC7942_RS09435,SYNPCC7942_RS10475,0.105117347318016
SYNPCC7942_RS07435,SYNPCC7942_RS04140,0.105079008450687
SYNPCC7942_RS12275,SYNPCC7942_RS09475,0.105054939899658
SYNPCC7942_RS03160,SYNPCC7942_RS10000,0.105049322239893
SYNPCC7942_RS09435,SYNPCC7942_RS02040,0.105048478903093
SYNPCC7942_RS03160,SYNPCC7942_RS08525,0.104927162338815
SYNPCC7942_RS00645,SYNPCC7942_RS05335,0.104883130519715
SYNPCC7942_RS03160,SYNPCC7942_RS03495,0.104840113687278
SYNPCC7942_RS09065,SYNPCC7942_RS12980,0.104804733738028
SYNPCC7942_RS07435,SYNPCC7942_RS01360,0.1047997274953
SYNPCC7942_RS06370,SYNPCC7942_RS10650,0.104785639801023
SYNPCC7942_RS10700,SYNPCC7942_RS01475,0.10477802333838
SYNPCC7942_RS12275,SYNPCC7942_RS06505,0.104776477544106
SYNPCC7942_RS00480,SYNPCC7942_RS09945,0.104770382309239
SYNPCC7942_RS07185,SYNPCC7942_RS10200,0.104731015371911
SYNPCC7942_RS03160,SYNPCC7942_RS05565,0.104683602332131
SYNPCC7942_RS10700,SYNPCC7942_RS01580,0.104666140543634
SYNPCC7942_RS03160,SYNPCC7942_RS04370,0.104664316226232
SYNPCC7942_RS03075,SYNPCC7942_RS11135,0.104572544238179
SYNPCC7942_RS03325,SYNPCC7942_RS07650,0.104558466606874
SYNPCC7942_RS05870,SYNPCC7942_RS09005,0.104557252519456
SYNPCC7942_RS06700,SYNPCC7942_RS10610,0.104548841131688
SYNPCC7942_RS02895,SYNPCC7942_RS11900,0.104514924098469
SYNPCC7942_RS03160,SYNPCC7942_RS06895,0.104507246406552
SYNPCC7942_RS07435,SYNPCC7942_RS03640,0.104505940633342
SYNPCC7942_RS09380,SYNPCC7942_RS02955,0.104497660061365
SYNPCC7942_RS03955,SYNPCC7942_RS06185,0.104467982401565
SYNPCC7942_RS00765,SYNPCC7942_RS04015,0.104398407463436
SYNPCC7942_RS00455,SYNPCC7942_RS10310,0.104388206051829
SYNPCC7942_RS09160,SYNPCC7942_RS05045,0.104383350727339
SYNPCC7942_RS12560,SYNPCC7942_RS10870,0.104367342063578
SYNPCC7942_RS03465,SYNPCC7942_RS11415,0.104361511168711
SYNPCC7942_RS03160,SYNPCC7942_RS07450,0.104351056171942
SYNPCC7942_RS03075,SYNPCC7942_RS05340,0.104303981584376
SYNPCC7942_RS03160,SYNPCC7942_RS10005,0.104295139721681
SYNPCC7942_RS02830,SYNPCC7942_RS08005,0.104293290633524
SYNPCC7942_RS02895,SYNPCC7942_RS05385,0.104225523230535
SYNPCC7942_RS08885,SYNPCC7942_RS11965,0.104097892177655
SYNPCC7942_RS10700,SYNPCC7942_RS00880,0.104085586751502
SYNPCC7942_RS08780,SYNPCC7942_RS08380,0.10407767067294
SYNPCC7942_RS03160,SYNPCC7942_RS13025,0.104063418101438
SYNPCC7942_RS13165,SYNPCC7942_RS09910,0.104031912434955
SYNPCC7942_RS07435,SYNPCC7942_RS11425,0.103998052752583
SYNPCC7942_RS00455,SYNPCC7942_RS10650,0.103953884373967
SYNPCC7942_RS00455,SYNPCC7942_RS00950,0.103938256878973
SYNPCC7942_RS03160,SYNPCC7942_RS06105,0.103901088556864
SYNPCC7942_RS09160,SYNPCC7942_RS04130,0.103877180239862
SYNPCC7942_RS07435,SYNPCC7942_RS00640,0.103865285083234
SYNPCC7942_RS12560,SYNPCC7942_RS09880,0.103851617677468
SYNPCC7942_RS07185,SYNPCC7942_RS05825,0.103842279700586
SYNPCC7942_RS07435,SYNPCC7942_RS01660,0.103793356839978
SYNPCC7942_RS00455,SYNPCC7942_RS01760,0.103776678263432
SYNPCC7942_RS07435,SYNPCC7942_RS09560,0.103755184916375
SYNPCC7942_RS03160,SYNPCC7942_RS02760,0.103747248312772
SYNPCC7942_RS12560,SYNPCC7942_RS09795,0.103734354710484
SYNPCC7942_RS00645,SYNPCC7942_RS01255,0.103733309271831
SYNPCC7942_RS05640,SYNPCC7942_RS12060,0.103733244417241
SYNPCC7942_RS08850,SYNPCC7942_RS11280,0.10372259519388
SYNPCC7942_RS11970,SYNPCC7942_RS06425,0.103711884129594
SYNPCC7942_RS03160,SYNPCC7942_RS08265,0.103683288690104
SYNPCC7942_RS09760,SYNPCC7942_RS09150,0.103677232418369
SYNPCC7942_RS02830,SYNPCC7942_RS07940,0.103670548714779
SYNPCC7942_RS07435,SYNPCC7942_RS03175,0.103661231614963
SYNPCC7942_RS09065,SYNPCC7942_RS03985,0.103646029629591
SYNPCC7942_RS07435,SYNPCC7942_RS03090,0.103645216825261
SYNPCC7942_RS03075,SYNPCC7942_RS07225,0.103643731710838
SYNPCC7942_RS10700,SYNPCC7942_RS04790,0.103630174942075
SYNPCC7942_RS10340,SYNPCC7942_RS02265,0.103582254043184
SYNPCC7942_RS06370,SYNPCC7942_RS05810,0.103562842327486
SYNPCC7942_RS09740,SYNPCC7942_RS08155,0.103560810434526
SYNPCC7942_RS05640,SYNPCC7942_RS11710,0.103556561889951
SYNPCC7942_RS09935,SYNPCC7942_RS02130,0.103554145613074
SYNPCC7942_RS03075,SYNPCC7942_RS01025,0.103529730296955
SYNPCC7942_RS03075,SYNPCC7942_RS03605,0.103524148732859
SYNPCC7942_RS07435,SYNPCC7942_RS07275,0.103512451400271
SYNPCC7942_RS09380,SYNPCC7942_RS08045,0.103480785927127
SYNPCC7942_RS03160,SYNPCC7942_RS04685,0.103460859776088
SYNPCC7942_RS03160,SYNPCC7942_RS09780,0.103452163331499
SYNPCC7942_RS03160,SYNPCC7942_RS04035,0.103384938203194
SYNPCC7942_RS09935,SYNPCC7942_RS02125,0.10338079607281
SYNPCC7942_RS10340,SYNPCC7942_RS01165,0.103356030802542
SYNPCC7942_RS00645,SYNPCC7942_RS00370,0.103298930431086
SYNPCC7942_RS00480,SYNPCC7942_RS02190,0.10328306715144
SYNPCC7942_RS02830,SYNPCC7942_RS12315,0.103278180328319
SYNPCC7942_RS03260,SYNPCC7942_RS11295,0.103275624031788
SYNPCC7942_RS08885,SYNPCC7942_RS07660,0.103268048004773
SYNPCC7942_RS09740,SYNPCC7942_RS08160,0.103255650574761
SYNPCC7942_RS07185,SYNPCC7942_RS07750,0.103243449797535
SYNPCC7942_RS03465,SYNPCC7942_RS02565,0.103183627326939
SYNPCC7942_RS09065,SYNPCC7942_RS05080,0.103182870657684
SYNPCC7942_RS08850,SYNPCC7942_RS08835,0.103137072765891
SYNPCC7942_RS09065,SYNPCC7942_RS03075,0.103137031600909
SYNPCC7942_RS02895,SYNPCC7942_RS05375,0.103119090023893
SYNPCC7942_RS03260,SYNPCC7942_RS11270,0.103075379310318
SYNPCC7942_RS11465,SYNPCC7942_RS00210,0.103058138274639
SYNPCC7942_RS00645,SYNPCC7942_RS03175,0.1030237287655
SYNPCC7942_RS12560,SYNPCC7942_RS03200,0.103020917433236
SYNPCC7942_RS03465,SYNPCC7942_RS02365,0.103009568750492
SYNPCC7942_RS07435,SYNPCC7942_RS00990,0.102974210315275
SYNPCC7942_RS09740,SYNPCC7942_RS12650,0.102957010285245
SYNPCC7942_RS12560,SYNPCC7942_RS04095,0.102940750674104
SYNPCC7942_RS07435,SYNPCC7942_RS01155,0.102879093632219
SYNPCC7942_RS09160,SYNPCC7942_RS12710,0.102868567024972
SYNPCC7942_RS00455,SYNPCC7942_RS01330,0.102856212555382
SYNPCC7942_RS00645,SYNPCC7942_RS00850,0.102834716270326
SYNPCC7942_RS05870,SYNPCC7942_RS06385,0.10283375366197
SYNPCC7942_RS03160,SYNPCC7942_RS06890,0.102801314323826
SYNPCC7942_RS09740,SYNPCC7942_RS08165,0.102795295783488
SYNPCC7942_RS02830,SYNPCC7942_RS05925,0.102755588196199
SYNPCC7942_RS12275,SYNPCC7942_RS04980,0.10275488263429
SYNPCC7942_RS03160,SYNPCC7942_RS09770,0.102743037479786
SYNPCC7942_RS03465,SYNPCC7942_RS07080,0.102722443708567
SYNPCC7942_RS06365,SYNPCC7942_RS00860,0.102700374668612
SYNPCC7942_RS10700,SYNPCC7942_RS02810,0.102696047539128
SYNPCC7942_RS07435,SYNPCC7942_RS03015,0.102674366818974
SYNPCC7942_RS00480,SYNPCC7942_RS09675,0.102671140047711
SYNPCC7942_RS07435,SYNPCC7942_RS03170,0.102642808788959
SYNPCC7942_RS03160,SYNPCC7942_RS10760,0.102598696421636
SYNPCC7942_RS05870,SYNPCC7942_RS07915,0.102570916778367
SYNPCC7942_RS02830,SYNPCC7942_RS01020,0.102538931838222
SYNPCC7942_RS06700,SYNPCC7942_RS10600,0.102493950788596
SYNPCC7942_RS00645,SYNPCC7942_RS10975,0.102492794803161
SYNPCC7942_RS03465,SYNPCC7942_RS06565,0.102488690341523
SYNPCC7942_RS03160,SYNPCC7942_RS13045,0.102476635477997
SYNPCC7942_RS03160,SYNPCC7942_RS06070,0.102469109271361
SYNPCC7942_RS09740,SYNPCC7942_RS09115,0.102429455911285
SYNPCC7942_RS03160,SYNPCC7942_RS04455,0.102424464041544
SYNPCC7942_RS09760,SYNPCC7942_RS06840,0.102392399320242
SYNPCC7942_RS00455,SYNPCC7942_RS05785,0.102314176609763
SYNPCC7942_RS00455,SYNPCC7942_RS09290,0.102311053331857
SYNPCC7942_RS08645,SYNPCC7942_RS04000,0.102265762698704
SYNPCC7942_RS09740,SYNPCC7942_RS11410,0.102263997317531
SYNPCC7942_RS12535,SYNPCC7942_RS13065,0.102244215636996
SYNPCC7942_RS08885,SYNPCC7942_RS12585,0.102235975232505
SYNPCC7942_RS00455,SYNPCC7942_RS12730,0.102207011863692
SYNPCC7942_RS03160,SYNPCC7942_RS02475,0.102206304818696
SYNPCC7942_RS03260,SYNPCC7942_RS11250,0.102188772263642
SYNPCC7942_RS07435,SYNPCC7942_RS08625,0.102162138658075
SYNPCC7942_RS13165,SYNPCC7942_RS07045,0.102159618383594
SYNPCC7942_RS03160,SYNPCC7942_RS11405,0.102140307693123
SYNPCC7942_RS00480,SYNPCC7942_RS00425,0.102087445832902
SYNPCC7942_RS09380,SYNPCC7942_RS09070,0.102084260675986
SYNPCC7942_RS09500,SYNPCC7942_RS07075,0.102074161451711
SYNPCC7942_RS12275,SYNPCC7942_RS09035,0.102055931697063
SYNPCC7942_RS00645,SYNPCC7942_RS10305,0.102038293122443
SYNPCC7942_RS09740,SYNPCC7942_RS07305,0.102001323583855
SYNPCC7942_RS03160,SYNPCC7942_RS03535,0.101964527851024
SYNPCC7942_RS03260,SYNPCC7942_RS11245,0.101934964435189
SYNPCC7942_RS07185,SYNPCC7942_RS02880,0.10189859259441
SYNPCC7942_RS09065,SYNPCC7942_RS05895,0.101872715511246
SYNPCC7942_RS10700,SYNPCC7942_RS11640,0.101753429824992
SYNPCC7942_RS00455,SYNPCC7942_RS11590,0.101728109368324
SYNPCC7942_RS09160,SYNPCC7942_RS10795,0.101722095955669
SYNPCC7942_RS07805,SYNPCC7942_RS10425,0.101641541325534
SYNPCC7942_RS09160,SYNPCC7942_RS01085,0.10162035583331
SYNPCC7942_RS00645,SYNPCC7942_RS11985,0.101589977157336
SYNPCC7942_RS00765,SYNPCC7942_RS13690,0.101486196382223
SYNPCC7942_RS08405,SYNPCC7942_RS10770,0.101443033870652
SYNPCC7942_RS10700,SYNPCC7942_RS06155,0.101439396510694
SYNPCC7942_RS00455,SYNPCC7942_RS00335,0.101408163046572
SYNPCC7942_RS07435,SYNPCC7942_RS01280,0.101372553668493
SYNPCC7942_RS03440,SYNPCC7942_RS09035,0.101372375550483
SYNPCC7942_RS08405,SYNPCC7942_RS08890,0.101316237984537
SYNPCC7942_RS08885,SYNPCC7942_RS06720,0.101306831540791
SYNPCC7942_RS03160,SYNPCC7942_RS08855,0.101299741974398
SYNPCC7942_RS07435,SYNPCC7942_RS13930,0.101278758451097
SYNPCC7942_RS12535,SYNPCC7942_RS09700,0.10127606227929
SYNPCC7942_RS09380,SYNPCC7942_RS00175,0.101270531982911
SYNPCC7942_RS09065,SYNPCC7942_RS13955,0.101251528099945
SYNPCC7942_RS05870,SYNPCC7942_RS12245,0.10124486871393
SYNPCC7942_RS07185,SYNPCC7942_RS03550,0.101215169265624
SYNPCC7942_RS09740,SYNPCC7942_RS02340,0.101204345432112
SYNPCC7942_RS03325,SYNPCC7942_RS01430,0.10118226632945
SYNPCC7942_RS08850,SYNPCC7942_RS09650,0.101180847065333
SYNPCC7942_RS00765,SYNPCC7942_RS04160,0.101139481522295
SYNPCC7942_RS09500,SYNPCC7942_RS00280,0.101121623892243
SYNPCC7942_RS13165,SYNPCC7942_RS11370,0.101111030448072
SYNPCC7942_RS03160,SYNPCC7942_RS06485,0.101109611133054
SYNPCC7942_RS05870,SYNPCC7942_RS07655,0.101091997118113
SYNPCC7942_RS00645,SYNPCC7942_RS00455,0.101091494122596
SYNPCC7942_RS09160,SYNPCC7942_RS07465,0.101062222446839
SYNPCC7942_RS07435,SYNPCC7942_RS00645,0.10098042892138
SYNPCC7942_RS09740,SYNPCC7942_RS01840,0.100967240869871
SYNPCC7942_RS03075,SYNPCC7942_RS00510,0.100965685260229
SYNPCC7942_RS03465,SYNPCC7942_RS03415,0.10095690977353
SYNPCC7942_RS03465,SYNPCC7942_RS11935,0.100936775240471
SYNPCC7942_RS03160,SYNPCC7942_RS10175,0.10091412358492
SYNPCC7942_RS03160,SYNPCC7942_RS01275,0.100893513431645
SYNPCC7942_RS09435,SYNPCC7942_RS01335,0.100865789162627
SYNPCC7942_RS11465,SYNPCC7942_RS14145,0.10085703418003
SYNPCC7942_RS03530,SYNPCC7942_RS11840,0.100852962215197
SYNPCC7942_RS09065,SYNPCC7942_RS11175,0.100850120418683
SYNPCC7942_RS03260,SYNPCC7942_RS11915,0.100842125149862
SYNPCC7942_RS03160,SYNPCC7942_RS09010,0.100820128934175
SYNPCC7942_RS03160,SYNPCC7942_RS12070,0.100811107245534
SYNPCC7942_RS07435,SYNPCC7942_RS04735,0.100796362782419
SYNPCC7942_RS12560,SYNPCC7942_RS05125,0.100793685554797
SYNPCC7942_RS10700,SYNPCC7942_RS09730,0.100778091084127
SYNPCC7942_RS07435,SYNPCC7942_RS12665,0.100756470985121
SYNPCC7942_RS10700,SYNPCC7942_RS00030,0.100741692287875
SYNPCC7942_RS10700,SYNPCC7942_RS10595,0.100717346660158
SYNPCC7942_RS07435,SYNPCC7942_RS04775,0.100706769123248
SYNPCC7942_RS03465,SYNPCC7942_RS05880,0.100682679758274
SYNPCC7942_RS03160,SYNPCC7942_RS11480,0.100671211101644
SYNPCC7942_RS09500,SYNPCC7942_RS06320,0.10064471055183
SYNPCC7942_RS11970,SYNPCC7942_RS01900,0.100589651330042
SYNPCC7942_RS03160,SYNPCC7942_RS12485,0.100579776778575
SYNPCC7942_RS03160,SYNPCC7942_RS05485,0.100564544731029
SYNPCC7942_RS09760,SYNPCC7942_RS11975,0.100540872745914
SYNPCC7942_RS03160,SYNPCC7942_RS11995,0.100530745362319
SYNPCC7942_RS00645,SYNPCC7942_RS10060,0.10052599701
SYNPCC7942_RS07185,SYNPCC7942_RS04690,0.100512258152168
SYNPCC7942_RS10700,SYNPCC7942_RS04025,0.100487071889308
SYNPCC7942_RS03160,SYNPCC7942_RS04830,0.100486088498844
SYNPCC7942_RS03160,SYNPCC7942_RS02355,0.100485042747332
SYNPCC7942_RS00560,SYNPCC7942_RS11525,0.100432211603079
SYNPCC7942_RS05870,SYNPCC7942_RS06955,0.100387331019576
SYNPCC7942_RS03160,SYNPCC7942_RS00355,0.100386547087822
SYNPCC7942_RS10700,SYNPCC7942_RS02820,0.100385197048205
SYNPCC7942_RS03960,SYNPCC7942_RS13695,0.100378214976491
SYNPCC7942_RS10700,SYNPCC7942_RS01215,0.100365520627035
SYNPCC7942_RS09380,SYNPCC7942_RS01555,0.100321274728403
SYNPCC7942_RS03160,SYNPCC7942_RS01160,0.10027578653478
SYNPCC7942_RS00455,SYNPCC7942_RS01215,0.10023848646872
SYNPCC7942_RS05870,SYNPCC7942_RS12085,0.100181567979509
SYNPCC7942_RS06700,SYNPCC7942_RS04655,0.10014325320393
SYNPCC7942_RS02830,SYNPCC7942_RS02825,0.10011617498837
SYNPCC7942_RS11465,SYNPCC7942_RS01195,0.100095475240148
SYNPCC7942_RS07185,SYNPCC7942_RS06160,0.100065852964262
SYNPCC7942_RS03160,SYNPCC7942_RS04460,0.100061572186791
SYNPCC7942_RS03160,SYNPCC7942_RS01475,0.1000579540399
SYNPCC7942_RS09740,SYNPCC7942_RS09685,0.100044926388786
SYNPCC7942_RS07435,SYNPCC7942_RS01690,0.100031421074056
SYNPCC7942_RS03075,SYNPCC7942_RS08345,0.100026827540571
SYNPCC7942_RS07435,SYNPCC7942_RS07405,0.10001810682944
SYNPCC7942_RS10700,SYNPCC7942_RS11885,0.100000125443993
SYNPCC7942_RS02830,SYNPCC7942_RS08515,0.0999805472146802
SYNPCC7942_RS03465,SYNPCC7942_RS04050,0.0999635997358698
SYNPCC7942_RS10170,SYNPCC7942_RS06640,0.0999237863354525
SYNPCC7942_RS10700,SYNPCC7942_RS02325,0.0998973035346042
SYNPCC7942_RS00455,SYNPCC7942_RS13060,0.0998679908809126
SYNPCC7942_RS00455,SYNPCC7942_RS09980,0.0998618192339753
SYNPCC7942_RS08645,SYNPCC7942_RS06965,0.0998470466989488
SYNPCC7942_RS09620,SYNPCC7942_RS02285,0.0998393701754791
SYNPCC7942_RS02830,SYNPCC7942_RS05025,0.0998278243219188
SYNPCC7942_RS09740,SYNPCC7942_RS01180,0.0998262021278646
SYNPCC7942_RS02895,SYNPCC7942_RS06405,0.0997844226789719
SYNPCC7942_RS00645,SYNPCC7942_RS03090,0.0997588575872306
SYNPCC7942_RS03160,SYNPCC7942_RS04795,0.0997356615372751
SYNPCC7942_RS03160,SYNPCC7942_RS00770,0.0997272655854836
SYNPCC7942_RS11465,SYNPCC7942_RS04500,0.0997100191428838
SYNPCC7942_RS03160,SYNPCC7942_RS14195,0.0996901084868987
SYNPCC7942_RS07435,SYNPCC7942_RS02365,0.0996890014924683
SYNPCC7942_RS11050,SYNPCC7942_RS07865,0.0996758761238528
SYNPCC7942_RS09740,SYNPCC7942_RS10525,0.0996751744873229
SYNPCC7942_RS05870,SYNPCC7942_RS05160,0.0996672967430615
SYNPCC7942_RS07435,SYNPCC7942_RS03095,0.0996421406419617
SYNPCC7942_RS11465,SYNPCC7942_RS14140,0.0995941488411407
SYNPCC7942_RS10700,SYNPCC7942_RS06080,0.0995790188354529
SYNPCC7942_RS12560,SYNPCC7942_RS00775,0.0995734920105805
SYNPCC7942_RS03160,SYNPCC7942_RS09550,0.0994358268269002
SYNPCC7942_RS12285,SYNPCC7942_RS09385,0.0994250343246387
SYNPCC7942_RS07435,SYNPCC7942_RS06615,0.099424401654721
SYNPCC7942_RS03075,SYNPCC7942_RS00170,0.0993834507733432
SYNPCC7942_RS05870,SYNPCC7942_RS06805,0.0993753782140152
SYNPCC7942_RS09740,SYNPCC7942_RS00680,0.0993672668977685
SYNPCC7942_RS00455,SYNPCC7942_RS09860,0.0993404934386977
SYNPCC7942_RS00455,SYNPCC7942_RS08205,0.0993363120539068
SYNPCC7942_RS00645,SYNPCC7942_RS10365,0.0993346294651718
SYNPCC7942_RS10700,SYNPCC7942_RS00570,0.0993131516164125
SYNPCC7942_RS09380,SYNPCC7942_RS03605,0.0992891854538972
SYNPCC7942_RS03160,SYNPCC7942_RS01630,0.0992857044800335
SYNPCC7942_RS00455,SYNPCC7942_RS05500,0.0992704652356771
SYNPCC7942_RS03160,SYNPCC7942_RS02810,0.0992675610250335
SYNPCC7942_RS03160,SYNPCC7942_RS03490,0.0992382286038923
SYNPCC7942_RS03440,SYNPCC7942_RS01100,0.0992055779804049
SYNPCC7942_RS05870,SYNPCC7942_RS04285,0.0991893238004427
SYNPCC7942_RS12560,SYNPCC7942_RS07235,0.0991578458872382
SYNPCC7942_RS07435,SYNPCC7942_RS03495,0.0991539057834451
SYNPCC7942_RS10170,SYNPCC7942_RS00245,0.0991510638595893
SYNPCC7942_RS00645,SYNPCC7942_RS01465,0.0991500638051202
SYNPCC7942_RS08885,SYNPCC7942_RS12325,0.099147842388678
SYNPCC7942_RS06370,SYNPCC7942_RS10375,0.0991461097575395
SYNPCC7942_RS03160,SYNPCC7942_RS11530,0.0991386149288328
SYNPCC7942_RS03160,SYNPCC7942_RS06525,0.0991198910514551
SYNPCC7942_RS03465,SYNPCC7942_RS08495,0.0991193884725037
SYNPCC7942_RS03325,SYNPCC7942_RS08155,0.099069506358747
SYNPCC7942_RS03160,SYNPCC7942_RS02350,0.0990473172495216
SYNPCC7942_RS07435,SYNPCC7942_RS04050,0.0990372428530398
SYNPCC7942_RS12560,SYNPCC7942_RS04000,0.0990330713153174
SYNPCC7942_RS07185,SYNPCC7942_RS11620,0.0990191165051341
SYNPCC7942_RS07185,SYNPCC7942_RS09155,0.0990097659846474
SYNPCC7942_RS08405,SYNPCC7942_RS12710,0.0990078489106682
SYNPCC7942_RS07435,SYNPCC7942_RS06710,0.0989828917071576
SYNPCC7942_RS00645,SYNPCC7942_RS07735,0.0989768824530691
SYNPCC7942_RS03465,SYNPCC7942_RS12115,0.0989662467006289
SYNPCC7942_RS03160,SYNPCC7942_RS10700,0.0989600487947824
SYNPCC7942_RS09990,SYNPCC7942_RS06700,0.0989503527543128
SYNPCC7942_RS02830,SYNPCC7942_RS00175,0.098936206632099
SYNPCC7942_RS10340,SYNPCC7942_RS02495,0.0988737025011718
SYNPCC7942_RS09740,SYNPCC7942_RS00890,0.0988584416842394
SYNPCC7942_RS03075,SYNPCC7942_RS01560,0.0988482343046233
SYNPCC7942_RS05870,SYNPCC7942_RS01750,0.0988210333058089
SYNPCC7942_RS11465,SYNPCC7942_RS08325,0.0988034335607021
SYNPCC7942_RS03160,SYNPCC7942_RS11755,0.0987997230888424
SYNPCC7942_RS09760,SYNPCC7942_RS08235,0.0987704864008643
SYNPCC7942_RS08885,SYNPCC7942_RS10220,0.098746027443308
SYNPCC7942_RS00645,SYNPCC7942_RS05110,0.0987324423109496
SYNPCC7942_RS03160,SYNPCC7942_RS06300,0.0987295052544372
SYNPCC7942_RS00645,SYNPCC7942_RS07440,0.0987188050235484
SYNPCC7942_RS00645,SYNPCC7942_RS09360,0.0987164189236206
SYNPCC7942_RS05870,SYNPCC7942_RS00870,0.0987091370075387
SYNPCC7942_RS08885,SYNPCC7942_RS05255,0.0986988279012538
SYNPCC7942_RS12560,SYNPCC7942_RS04040,0.0986512996521738
SYNPCC7942_RS08850,SYNPCC7942_RS08840,0.0986454054700062
SYNPCC7942_RS03440,SYNPCC7942_RS03055,0.0986032886936049
SYNPCC7942_RS11465,SYNPCC7942_RS00185,0.0985884446947208
SYNPCC7942_RS00455,SYNPCC7942_RS00055,0.0985765934889223
SYNPCC7942_RS06370,SYNPCC7942_RS05235,0.0985693202077886
SYNPCC7942_RS10170,SYNPCC7942_RS04250,0.0985186876864375
SYNPCC7942_RS12560,SYNPCC7942_RS07095,0.0984698021216426
SYNPCC7942_RS08885,SYNPCC7942_RS12590,0.0983805581668367
SYNPCC7942_RS07435,SYNPCC7942_RS10335,0.0983688960832232
SYNPCC7942_RS05070,SYNPCC7942_RS11805,0.0983606824244814
SYNPCC7942_RS00455,SYNPCC7942_RS10330,0.0983570653337993
SYNPCC7942_RS10700,SYNPCC7942_RS05580,0.0983550073063672
SYNPCC7942_RS00380,SYNPCC7942_RS10470,0.098325181507879
SYNPCC7942_RS00380,SYNPCC7942_RS04770,0.0982931040878581
SYNPCC7942_RS00455,SYNPCC7942_RS03670,0.0982513396287277
SYNPCC7942_RS10700,SYNPCC7942_RS12105,0.0982388593392877
SYNPCC7942_RS02830,SYNPCC7942_RS01015,0.0982221950273759
SYNPCC7942_RS00645,SYNPCC7942_RS05040,0.0982204279292266
SYNPCC7942_RS13165,SYNPCC7942_RS09915,0.0982076878749071
SYNPCC7942_RS03160,SYNPCC7942_RS04475,0.0981236298782169
SYNPCC7942_RS10700,SYNPCC7942_RS10005,0.0981077775163209
SYNPCC7942_RS07185,SYNPCC7942_RS06645,0.0980895609743849
SYNPCC7942_RS02830,SYNPCC7942_RS00660,0.0980698522026269
SYNPCC7942_RS03325,SYNPCC7942_RS04275,0.0980575218789871
SYNPCC7942_RS03160,SYNPCC7942_RS04170,0.0980325728088091
SYNPCC7942_RS05870,SYNPCC7942_RS04620,0.0980278060388132
SYNPCC7942_RS07185,SYNPCC7942_RS07050,0.0980205641397343
SYNPCC7942_RS07435,SYNPCC7942_RS02570,0.0980057111916541
SYNPCC7942_RS07435,SYNPCC7942_RS01825,0.0979461472966283
SYNPCC7942_RS03160,SYNPCC7942_RS07060,0.0979384034763809
SYNPCC7942_RS10165,SYNPCC7942_RS00385,0.0979351499487195
SYNPCC7942_RS09160,SYNPCC7942_RS00830,0.0979342837618235
SYNPCC7942_RS00645,SYNPCC7942_RS10050,0.0979312200100822
SYNPCC7942_RS12560,SYNPCC7942_RS04965,0.0979099088121455
SYNPCC7942_RS07720,SYNPCC7942_RS12025,0.0978779854469505
SYNPCC7942_RS03075,SYNPCC7942_RS01880,0.0978765118094148
SYNPCC7942_RS09160,SYNPCC7942_RS07325,0.0978339530308931
SYNPCC7942_RS02895,SYNPCC7942_RS13675,0.0978168604964
SYNPCC7942_RS05870,SYNPCC7942_RS08950,0.0978050630040806
SYNPCC7942_RS03160,SYNPCC7942_RS10010,0.0977488508326595
SYNPCC7942_RS07435,SYNPCC7942_RS09015,0.0977011771580099
SYNPCC7942_RS03960,SYNPCC7942_RS13725,0.0976735368171761
SYNPCC7942_RS06370,SYNPCC7942_RS01265,0.097658037657783
SYNPCC7942_RS02895,SYNPCC7942_RS00855,0.097629711260322
SYNPCC7942_RS03160,SYNPCC7942_RS06810,0.0976278682413733
SYNPCC7942_RS05870,SYNPCC7942_RS04700,0.0976070473659037
SYNPCC7942_RS03160,SYNPCC7942_RS08170,0.0975970899694592
SYNPCC7942_RS07185,SYNPCC7942_RS04205,0.0975938652984953
SYNPCC7942_RS08885,SYNPCC7942_RS01290,0.0975916582340034
SYNPCC7942_RS00645,SYNPCC7942_RS09860,0.0975894699119102
SYNPCC7942_RS03260,SYNPCC7942_RS11225,0.0975737565248519
SYNPCC7942_RS03465,SYNPCC7942_RS03390,0.097539128157308
SYNPCC7942_RS03960,SYNPCC7942_RS11955,0.0975292594682705
SYNPCC7942_RS10700,SYNPCC7942_RS01730,0.0975166434046313
SYNPCC7942_RS07185,SYNPCC7942_RS08085,0.0975063470591006
SYNPCC7942_RS09380,SYNPCC7942_RS12685,0.0974863145322301
SYNPCC7942_RS07435,SYNPCC7942_RS10305,0.0974827948849888
SYNPCC7942_RS07805,SYNPCC7942_RS03210,0.0974740057666881
SYNPCC7942_RS02830,SYNPCC7942_RS02450,0.0974695216030646
SYNPCC7942_RS03160,SYNPCC7942_RS04235,0.0974531110531672
SYNPCC7942_RS05070,SYNPCC7942_RS09955,0.0974520954563461
SYNPCC7942_RS09160,SYNPCC7942_RS09315,0.0974504006567496
SYNPCC7942_RS13165,SYNPCC7942_RS02230,0.0974407020749936
SYNPCC7942_RS10700,SYNPCC7942_RS03060,0.0974384764944528
SYNPCC7942_RS09435,SYNPCC7942_RS01790,0.0973945155644713
SYNPCC7942_RS03075,SYNPCC7942_RS11730,0.0973718268389214
SYNPCC7942_RS10700,SYNPCC7942_RS07920,0.097347313394385
SYNPCC7942_RS03160,SYNPCC7942_RS02095,0.0972810894921383
SYNPCC7942_RS09620,SYNPCC7942_RS12370,0.0972648423935504
SYNPCC7942_RS08885,SYNPCC7942_RS08405,0.0971374615586075
SYNPCC7942_RS03160,SYNPCC7942_RS12475,0.0971371062902845
SYNPCC7942_RS03075,SYNPCC7942_RS00195,0.0971324049704499
SYNPCC7942_RS00455,SYNPCC7942_RS12175,0.0971209475729625
SYNPCC7942_RS09160,SYNPCC7942_RS05125,0.0971185735909821
SYNPCC7942_RS03325,SYNPCC7942_RS00100,0.0970940653664284
SYNPCC7942_RS00455,SYNPCC7942_RS00470,0.0970367573506441
SYNPCC7942_RS00645,SYNPCC7942_RS06340,0.0970364359086572
SYNPCC7942_RS00455,SYNPCC7942_RS06515,0.0970267223307797
SYNPCC7942_RS09620,SYNPCC7942_RS00345,0.0970176636208647
SYNPCC7942_RS06700,SYNPCC7942_RS07540,0.0970159724577532
SYNPCC7942_RS03160,SYNPCC7942_RS10440,0.0970117757710867
SYNPCC7942_RS00560,SYNPCC7942_RS00200,0.0969691603386306
SYNPCC7942_RS00455,SYNPCC7942_RS04800,0.0969480897497044
SYNPCC7942_RS05870,SYNPCC7942_RS04060,0.0969342035606868
SYNPCC7942_RS09760,SYNPCC7942_RS03650,0.096912780743815
SYNPCC7942_RS05870,SYNPCC7942_RS02875,0.0969080782862264
SYNPCC7942_RS02895,SYNPCC7942_RS09425,0.0969007105573969
SYNPCC7942_RS09740,SYNPCC7942_RS08525,0.0968665418968667
SYNPCC7942_RS03955,SYNPCC7942_RS00270,0.0967489411811663
SYNPCC7942_RS07185,SYNPCC7942_RS00610,0.0967484803457373
SYNPCC7942_RS09620,SYNPCC7942_RS09350,0.0967443714069524
SYNPCC7942_RS00455,SYNPCC7942_RS10355,0.0967007417642897
SYNPCC7942_RS10700,SYNPCC7942_RS03125,0.0966551584930041
SYNPCC7942_RS00455,SYNPCC7942_RS12100,0.0966262506570558
SYNPCC7942_RS02830,SYNPCC7942_RS08030,0.0966234862779329
SYNPCC7942_RS03160,SYNPCC7942_RS12470,0.0965957381936688
SYNPCC7942_RS08820,SYNPCC7942_RS09250,0.0965853856527812
SYNPCC7942_RS06700,SYNPCC7942_RS10605,0.0965307521684214
SYNPCC7942_RS07435,SYNPCC7942_RS01455,0.0965173218375667
SYNPCC7942_RS00455,SYNPCC7942_RS07115,0.0965169229061646
SYNPCC7942_RS09380,SYNPCC7942_RS06920,0.0965056218679142
SYNPCC7942_RS07185,SYNPCC7942_RS12055,0.0964997570391692
SYNPCC7942_RS09740,SYNPCC7942_RS09260,0.0964980815483373
SYNPCC7942_RS00645,SYNPCC7942_RS01685,0.0964902953492493
SYNPCC7942_RS00645,SYNPCC7942_RS02895,0.0964512297184006
SYNPCC7942_RS00455,SYNPCC7942_RS05040,0.0964275397978639
SYNPCC7942_RS10700,SYNPCC7942_RS00325,0.0964041751290197
SYNPCC7942_RS10700,SYNPCC7942_RS09265,0.0963979410097947
SYNPCC7942_RS09740,SYNPCC7942_RS03535,0.0963422822499533
SYNPCC7942_RS00560,SYNPCC7942_RS00655,0.09634223797978
SYNPCC7942_RS08850,SYNPCC7942_RS11200,0.0963335324427173
SYNPCC7942_RS07185,SYNPCC7942_RS09340,0.0963045502666938
SYNPCC7942_RS07435,SYNPCC7942_RS00850,0.096303283110086
SYNPCC7942_RS09380,SYNPCC7942_RS07175,0.0962968015845949
SYNPCC7942_RS03465,SYNPCC7942_RS03990,0.0962806893012893
SYNPCC7942_RS00645,SYNPCC7942_RS02465,0.0962571711101534
SYNPCC7942_RS06370,SYNPCC7942_RS10310,0.0962492878567262
SYNPCC7942_RS03160,SYNPCC7942_RS07995,0.0962363393027432
SYNPCC7942_RS03160,SYNPCC7942_RS04080,0.0962232347242817
SYNPCC7942_RS00455,SYNPCC7942_RS11405,0.0962035880577666
SYNPCC7942_RS09380,SYNPCC7942_RS04315,0.0961824652013521
SYNPCC7942_RS09620,SYNPCC7942_RS12830,0.0961583483302039
SYNPCC7942_RS03075,SYNPCC7942_RS07395,0.0961514683337875
SYNPCC7942_RS10170,SYNPCC7942_RS10495,0.0961470994546426
SYNPCC7942_RS00455,SYNPCC7942_RS10335,0.0961159448248548
SYNPCC7942_RS12560,SYNPCC7942_RS05055,0.0960958701090857
SYNPCC7942_RS00455,SYNPCC7942_RS06435,0.0960797169664198
SYNPCC7942_RS12560,SYNPCC7942_RS07325,0.0960730784753619
SYNPCC7942_RS03160,SYNPCC7942_RS02295,0.0960680251105386
SYNPCC7942_RS03160,SYNPCC7942_RS11875,0.0960470236502736
SYNPCC7942_RS05070,SYNPCC7942_RS00525,0.0960465804458275
SYNPCC7942_RS05870,SYNPCC7942_RS05570,0.0960297957981305
SYNPCC7942_RS03160,SYNPCC7942_RS00385,0.0960201648352059
SYNPCC7942_RS07185,SYNPCC7942_RS09620,0.0960196036023934
SYNPCC7942_RS08885,SYNPCC7942_RS09535,0.0960181511409699
SYNPCC7942_RS09065,SYNPCC7942_RS03515,0.0959827654347269
SYNPCC7942_RS03260,SYNPCC7942_RS11330,0.095976061490821
SYNPCC7942_RS03955,SYNPCC7942_RS03960,0.095879158944803
SYNPCC7942_RS03075,SYNPCC7942_RS07175,0.0958768222960408
SYNPCC7942_RS06370,SYNPCC7942_RS10335,0.0958420431775681
SYNPCC7942_RS00480,SYNPCC7942_RS00470,0.0958378003118737
SYNPCC7942_RS09740,SYNPCC7942_RS08895,0.0958321360721786
SYNPCC7942_RS12560,SYNPCC7942_RS02795,0.0958309727054868
SYNPCC7942_RS11465,SYNPCC7942_RS11420,0.0958299750622568
SYNPCC7942_RS03075,SYNPCC7942_RS12975,0.0958236464897868
SYNPCC7942_RS09740,SYNPCC7942_RS05705,0.0958208330606685
SYNPCC7942_RS09740,SYNPCC7942_RS02595,0.095805377825446
SYNPCC7942_RS00645,SYNPCC7942_RS09865,0.0957999246783189
SYNPCC7942_RS10700,SYNPCC7942_RS11995,0.0957923467873113
SYNPCC7942_RS10700,SYNPCC7942_RS08960,0.0957889568588941
SYNPCC7942_RS09065,SYNPCC7942_RS09875,0.0957841714969406
SYNPCC7942_RS03160,SYNPCC7942_RS00685,0.0957500661507885
SYNPCC7942_RS03075,SYNPCC7942_RS01490,0.0957382215041021
SYNPCC7942_RS09740,SYNPCC7942_RS08260,0.0957343823469517
SYNPCC7942_RS09620,SYNPCC7942_RS02380,0.0957056866785526
SYNPCC7942_RS02895,SYNPCC7942_RS10955,0.0956921019527214
SYNPCC7942_RS10700,SYNPCC7942_RS11665,0.0956867365261104
SYNPCC7942_RS09380,SYNPCC7942_RS12350,0.0956429300950637
SYNPCC7942_RS03160,SYNPCC7942_RS04195,0.0956174354867501
SYNPCC7942_RS00645,SYNPCC7942_RS12085,0.0956038895225095
SYNPCC7942_RS09380,SYNPCC7942_RS05970,0.0955609498889794
SYNPCC7942_RS00645,SYNPCC7942_RS12175,0.0955554317494355
SYNPCC7942_RS00765,SYNPCC7942_RS09800,0.0955204804276141
SYNPCC7942_RS03160,SYNPCC7942_RS09615,0.095519518626447
SYNPCC7942_RS07185,SYNPCC7942_RS11815,0.0955174948109023
SYNPCC7942_RS03160,SYNPCC7942_RS01055,0.0955044811229702
SYNPCC7942_RS09740,SYNPCC7942_RS07455,0.0954925079897771
SYNPCC7942_RS02895,SYNPCC7942_RS07385,0.095474999188115
SYNPCC7942_RS07940,SYNPCC7942_RS07945,0.0954662751911559
SYNPCC7942_RS00645,SYNPCC7942_RS02260,0.0954542590349621
SYNPCC7942_RS08885,SYNPCC7942_RS02265,0.0954512774085398
SYNPCC7942_RS00455,SYNPCC7942_RS10305,0.0954294442795247
SYNPCC7942_RS07720,SYNPCC7942_RS11120,0.0954261038084203
SYNPCC7942_RS09435,SYNPCC7942_RS09870,0.0954128981280175
SYNPCC7942_RS12275,SYNPCC7942_RS06260,0.0953854811754459
SYNPCC7942_RS07435,SYNPCC7942_RS11395,0.0953523061880451
SYNPCC7942_RS11970,SYNPCC7942_RS08200,0.0953332635780931
SYNPCC7942_RS07185,SYNPCC7942_RS12875,0.0953103330060633
SYNPCC7942_RS09620,SYNPCC7942_RS05755,0.0952826024395317
SYNPCC7942_RS12275,SYNPCC7942_RS13715,0.0952772611206689
SYNPCC7942_RS05870,SYNPCC7942_RS02760,0.0952743112190081
SYNPCC7942_RS03465,SYNPCC7942_RS11985,0.0952285221665656
SYNPCC7942_RS03075,SYNPCC7942_RS10155,0.0952213209472694
SYNPCC7942_RS07185,SYNPCC7942_RS11515,0.0952211159420068
SYNPCC7942_RS00455,SYNPCC7942_RS08655,0.0952006766697853
SYNPCC7942_RS10340,SYNPCC7942_RS13965,0.0951910898060101
SYNPCC7942_RS00455,SYNPCC7942_RS02465,0.0951789456537274
SYNPCC7942_RS00645,SYNPCC7942_RS11160,0.0951673213127834
SYNPCC7942_RS07435,SYNPCC7942_RS03670,0.0951672174199762
SYNPCC7942_RS03160,SYNPCC7942_RS02100,0.0951170349610293
SYNPCC7942_RS12285,SYNPCC7942_RS04065,0.0950620265664165
SYNPCC7942_RS10700,SYNPCC7942_RS13025,0.0950370193164322
SYNPCC7942_RS03160,SYNPCC7942_RS08260,0.0950049368487775
SYNPCC7942_RS10700,SYNPCC7942_RS09440,0.0949947533312547
SYNPCC7942_RS00645,SYNPCC7942_RS01375,0.0949842125406859
SYNPCC7942_RS03160,SYNPCC7942_RS02645,0.0949742667171759
SYNPCC7942_RS00645,SYNPCC7942_RS07275,0.0949718722664039
SYNPCC7942_RS03160,SYNPCC7942_RS04255,0.0949545686077745
SYNPCC7942_RS10700,SYNPCC7942_RS10175,0.0949047707179672
SYNPCC7942_RS00645,SYNPCC7942_RS01455,0.0948875972421333
SYNPCC7942_RS08885,SYNPCC7942_RS09955,0.0948808431436274
SYNPCC7942_RS10700,SYNPCC7942_RS05660,0.0948750317473315
SYNPCC7942_RS10040,SYNPCC7942_RS05050,0.0948586151848546
SYNPCC7942_RS08850,SYNPCC7942_RS12625,0.0948351289615926
SYNPCC7942_RS07185,SYNPCC7942_RS00630,0.0948345459357569
SYNPCC7942_RS03160,SYNPCC7942_RS02335,0.0948298073317541
SYNPCC7942_RS00455,SYNPCC7942_RS06395,0.0948294781353487
SYNPCC7942_RS00645,SYNPCC7942_RS02405,0.0948095853399901
SYNPCC7942_RS07435,SYNPCC7942_RS12460,0.0948082645322696
SYNPCC7942_RS09435,SYNPCC7942_RS05230,0.0947946498778245
SYNPCC7942_RS09990,SYNPCC7942_RS09655,0.0947888055282666
SYNPCC7942_RS02895,SYNPCC7942_RS05390,0.094783186245206
SYNPCC7942_RS05870,SYNPCC7942_RS05560,0.0947435610422846
SYNPCC7942_RS09740,SYNPCC7942_RS10705,0.0947325702063097
SYNPCC7942_RS09380,SYNPCC7942_RS01590,0.0947259380642623
SYNPCC7942_RS10700,SYNPCC7942_RS00780,0.0946815718886172
SYNPCC7942_RS09740,SYNPCC7942_RS01430,0.0946812998538586
SYNPCC7942_RS03160,SYNPCC7942_RS11485,0.0946643548844836
SYNPCC7942_RS09380,SYNPCC7942_RS12120,0.094652450459825
SYNPCC7942_RS03955,SYNPCC7942_RS13980,0.0946411553067392
SYNPCC7942_RS03325,SYNPCC7942_RS07775,0.0946153380478604
SYNPCC7942_RS12560,SYNPCC7942_RS07925,0.0946095265845676
SYNPCC7942_RS10700,SYNPCC7942_RS01845,0.0945935382226551
SYNPCC7942_RS00455,SYNPCC7942_RS11995,0.0945878010088582
SYNPCC7942_RS00455,SYNPCC7942_RS12660,0.0945708436756321
SYNPCC7942_RS10700,SYNPCC7942_RS06885,0.0945474058749432
SYNPCC7942_RS09740,SYNPCC7942_RS04905,0.0945226356077657
SYNPCC7942_RS08780,SYNPCC7942_RS04225,0.0945133601608416
SYNPCC7942_RS08885,SYNPCC7942_RS10250,0.0945105409106232
SYNPCC7942_RS00455,SYNPCC7942_RS00690,0.0945054440706156
SYNPCC7942_RS05870,SYNPCC7942_RS03170,0.0944908185181894
SYNPCC7942_RS10700,SYNPCC7942_RS01260,0.0944764334843424
SYNPCC7942_RS00455,SYNPCC7942_RS07730,0.0944624746515941
SYNPCC7942_RS03440,SYNPCC7942_RS10125,0.0944205686800361
SYNPCC7942_RS03465,SYNPCC7942_RS02030,0.0944080889694215
SYNPCC7942_RS09160,SYNPCC7942_RS06725,0.0944068865942182
SYNPCC7942_RS03160,SYNPCC7942_RS12520,0.0944048514395071
SYNPCC7942_RS10040,SYNPCC7942_RS02690,0.0943689257796945
SYNPCC7942_RS03260,SYNPCC7942_RS12815,0.0943639818828341
SYNPCC7942_RS10040,SYNPCC7942_RS11135,0.0943550238121586
SYNPCC7942_RS03465,SYNPCC7942_RS09025,0.0943211507402891
SYNPCC7942_RS03160,SYNPCC7942_RS09510,0.0942970329210267
SYNPCC7942_RS07720,SYNPCC7942_RS01775,0.0942956784758539
SYNPCC7942_RS04225,SYNPCC7942_RS10800,0.0942920451581444
SYNPCC7942_RS05070,SYNPCC7942_RS10430,0.0942916251808306
SYNPCC7942_RS03160,SYNPCC7942_RS11410,0.0942838479396796
SYNPCC7942_RS12275,SYNPCC7942_RS04845,0.0942691788506239
SYNPCC7942_RS00455,SYNPCC7942_RS10090,0.0942585575119184
SYNPCC7942_RS00645,SYNPCC7942_RS10330,0.0942551223597631
SYNPCC7942_RS00455,SYNPCC7942_RS01375,0.0942364522694144
SYNPCC7942_RS00645,SYNPCC7942_RS01700,0.0942242746466755
SYNPCC7942_RS07435,SYNPCC7942_RS10445,0.0941981074349691
SYNPCC7942_RS05870,SYNPCC7942_RS08120,0.0941976021700983
SYNPCC7942_RS00645,SYNPCC7942_RS03670,0.0941925507584213
SYNPCC7942_RS03465,SYNPCC7942_RS11210,0.094167875254477
SYNPCC7942_RS09500,SYNPCC7942_RS05800,0.0941671564950848
SYNPCC7942_RS03160,SYNPCC7942_RS02605,0.0941608863232891
SYNPCC7942_RS10700,SYNPCC7942_RS06115,0.0941209378439165
SYNPCC7942_RS00645,SYNPCC7942_RS05815,0.0940692612612068
SYNPCC7942_RS03465,SYNPCC7942_RS01685,0.0940562734557972
SYNPCC7942_RS08645,SYNPCC7942_RS02720,0.0940487028679905
SYNPCC7942_RS09065,SYNPCC7942_RS07260,0.094046253930285
SYNPCC7942_RS05870,SYNPCC7942_RS00725,0.0940341685370015
SYNPCC7942_RS10700,SYNPCC7942_RS06105,0.0940110190613043
SYNPCC7942_RS00645,SYNPCC7942_RS04615,0.0940020358749088
SYNPCC7942_RS09740,SYNPCC7942_RS08255,0.0939851783333503
SYNPCC7942_RS03160,SYNPCC7942_RS02730,0.0939782631036206
SYNPCC7942_RS09740,SYNPCC7942_RS04530,0.0939631324423093
SYNPCC7942_RS09740,SYNPCC7942_RS05660,0.0939574074354988
SYNPCC7942_RS03440,SYNPCC7942_RS01855,0.0939304190197017
SYNPCC7942_RS05870,SYNPCC7942_RS08865,0.0939265775989278
SYNPCC7942_RS03160,SYNPCC7942_RS06035,0.0938941133293552
SYNPCC7942_RS00455,SYNPCC7942_RS05105,0.0938926246316513
SYNPCC7942_RS03160,SYNPCC7942_RS07745,0.093889587662948
SYNPCC7942_RS03160,SYNPCC7942_RS00025,0.0938811383008722
SYNPCC7942_RS03075,SYNPCC7942_RS12115,0.0938293356141476
SYNPCC7942_RS00455,SYNPCC7942_RS06660,0.0938111987729092
SYNPCC7942_RS07185,SYNPCC7942_RS11535,0.0938016670573248
SYNPCC7942_RS07435,SYNPCC7942_RS04785,0.0937934041150819
SYNPCC7942_RS05070,SYNPCC7942_RS12775,0.0937808384301672
SYNPCC7942_RS00480,SYNPCC7942_RS00475,0.0937766479044239
SYNPCC7942_RS03260,SYNPCC7942_RS11255,0.0937568446520781
SYNPCC7942_RS00455,SYNPCC7942_RS14085,0.093755895419756
SYNPCC7942_RS12560,SYNPCC7942_RS08760,0.0937511022481451
SYNPCC7942_RS07185,SYNPCC7942_RS13620,0.0937468166021028
SYNPCC7942_RS09740,SYNPCC7942_RS09735,0.0937432721511196
SYNPCC7942_RS10700,SYNPCC7942_RS10000,0.0937332559347522
SYNPCC7942_RS00645,SYNPCC7942_RS01680,0.0937155753445102
SYNPCC7942_RS09740,SYNPCC7942_RS04230,0.0937001388986116
SYNPCC7942_RS09740,SYNPCC7942_RS13135,0.093695903465083
SYNPCC7942_RS00480,SYNPCC7942_RS08270,0.0936578687893803
SYNPCC7942_RS03260,SYNPCC7942_RS06540,0.0936577752961554
SYNPCC7942_RS08645,SYNPCC7942_RS00430,0.093649803161933
SYNPCC7942_RS10700,SYNPCC7942_RS09455,0.0936259811495115
SYNPCC7942_RS09500,SYNPCC7942_RS09405,0.093616512013916
SYNPCC7942_RS03075,SYNPCC7942_RS01555,0.0935926766602405
SYNPCC7942_RS03160,SYNPCC7942_RS00655,0.0935504699969903
SYNPCC7942_RS00380,SYNPCC7942_RS01445,0.093480708205116
SYNPCC7942_RS10700,SYNPCC7942_RS10190,0.0934625895850732
SYNPCC7942_RS03160,SYNPCC7942_RS10525,0.0934452383812495
SYNPCC7942_RS09620,SYNPCC7942_RS03530,0.0934235785725509
SYNPCC7942_RS11465,SYNPCC7942_RS05205,0.0934218761550494
SYNPCC7942_RS00455,SYNPCC7942_RS03110,0.0934161047074112
SYNPCC7942_RS00645,SYNPCC7942_RS01690,0.0933882541547857
SYNPCC7942_RS00645,SYNPCC7942_RS03095,0.093373983459145
SYNPCC7942_RS07435,SYNPCC7942_RS00920,0.0933643409256529
SYNPCC7942_RS03160,SYNPCC7942_RS04530,0.0933560929462257
SYNPCC7942_RS09065,SYNPCC7942_RS13255,0.0933365447950262
SYNPCC7942_RS10700,SYNPCC7942_RS13030,0.0933328622174161
SYNPCC7942_RS07435,SYNPCC7942_RS13610,0.0933259218839607
SYNPCC7942_RS05870,SYNPCC7942_RS04455,0.0933161585288206
SYNPCC7942_RS03160,SYNPCC7942_RS12080,0.0933053160304487
SYNPCC7942_RS07435,SYNPCC7942_RS13145,0.0932913594534334
SYNPCC7942_RS08885,SYNPCC7942_RS06600,0.0932885596198432
SYNPCC7942_RS07185,SYNPCC7942_RS10275,0.093267163034784
SYNPCC7942_RS00455,SYNPCC7942_RS09540,0.0932656273812258
SYNPCC7942_RS09065,SYNPCC7942_RS01250,0.0932654093545911
SYNPCC7942_RS10700,SYNPCC7942_RS01530,0.0932397661816985
SYNPCC7942_RS03160,SYNPCC7942_RS12050,0.0932037221108327
SYNPCC7942_RS03160,SYNPCC7942_RS10460,0.0931776626653536
SYNPCC7942_RS12560,SYNPCC7942_RS03185,0.0931703367441052
SYNPCC7942_RS09160,SYNPCC7942_RS08535,0.0931683038230418
SYNPCC7942_RS00455,SYNPCC7942_RS11430,0.0931636801137435
SYNPCC7942_RS03160,SYNPCC7942_RS00095,0.0931524623190363
SYNPCC7942_RS03955,SYNPCC7942_RS07510,0.0931417186985698
SYNPCC7942_RS03160,SYNPCC7942_RS00335,0.0931297890166527
SYNPCC7942_RS06370,SYNPCC7942_RS01795,0.0931273942097816
SYNPCC7942_RS03160,SYNPCC7942_RS00940,0.093114247022732
SYNPCC7942_RS03160,SYNPCC7942_RS01935,0.093105886428036
SYNPCC7942_RS09380,SYNPCC7942_RS02535,0.0930878659966479
SYNPCC7942_RS03160,SYNPCC7942_RS10765,0.0930697965331457
SYNPCC7942_RS09500,SYNPCC7942_RS06930,0.0930513321358705
SYNPCC7942_RS07185,SYNPCC7942_RS01075,0.0930225292345321
SYNPCC7942_RS07185,SYNPCC7942_RS08790,0.0929870345417228
SYNPCC7942_RS09760,SYNPCC7942_RS09810,0.0929859579813405
SYNPCC7942_RS05870,SYNPCC7942_RS06065,0.0929853095237122
SYNPCC7942_RS10350,SYNPCC7942_RS00755,0.0929764903377787
SYNPCC7942_RS00645,SYNPCC7942_RS07270,0.0929564202804149
SYNPCC7942_RS05870,SYNPCC7942_RS10165,0.0929563871323536
SYNPCC7942_RS10700,SYNPCC7942_RS03505,0.0929481429275646
SYNPCC7942_RS00645,SYNPCC7942_RS03100,0.0929227665719949
SYNPCC7942_RS03075,SYNPCC7942_RS12685,0.0929205622556996
SYNPCC7942_RS03440,SYNPCC7942_RS09915,0.0929130143066506
SYNPCC7942_RS07185,SYNPCC7942_RS03625,0.0929064679212728
SYNPCC7942_RS10170,SYNPCC7942_RS06775,0.0929032446846358
SYNPCC7942_RS07940,SYNPCC7942_RS01795,0.0928970439948462
SYNPCC7942_RS00455,SYNPCC7942_RS06115,0.092887122481412
SYNPCC7942_RS08885,SYNPCC7942_RS12545,0.0928868832859372
SYNPCC7942_RS03465,SYNPCC7942_RS00790,0.0928843318340915
SYNPCC7942_RS03075,SYNPCC7942_RS12680,0.0928678614947342
SYNPCC7942_RS09380,SYNPCC7942_RS11725,0.0928610009043806
SYNPCC7942_RS09160,SYNPCC7942_RS06600,0.0928553395402542
SYNPCC7942_RS09740,SYNPCC7942_RS08265,0.0928411245164981
SYNPCC7942_RS03465,SYNPCC7942_RS06190,0.0928284246765046
SYNPCC7942_RS00455,SYNPCC7942_RS12180,0.0928132978024078
SYNPCC7942_RS10700,SYNPCC7942_RS04475,0.0928063676524387
SYNPCC7942_RS09620,SYNPCC7942_RS14170,0.092781829550958
SYNPCC7942_RS10340,SYNPCC7942_RS11725,0.0927756535827833
SYNPCC7942_RS07805,SYNPCC7942_RS11920,0.0927505438149673
SYNPCC7942_RS03160,SYNPCC7942_RS02640,0.0927421917497074
SYNPCC7942_RS07185,SYNPCC7942_RS10915,0.0927372377662116
SYNPCC7942_RS00455,SYNPCC7942_RS07735,0.0927081456729411
SYNPCC7942_RS00645,SYNPCC7942_RS01450,0.0926911612574104
SYNPCC7942_RS10700,SYNPCC7942_RS06130,0.0926720016406923
SYNPCC7942_RS10040,SYNPCC7942_RS07220,0.0926661335667305
SYNPCC7942_RS09740,SYNPCC7942_RS01600,0.0926379458398383
SYNPCC7942_RS00455,SYNPCC7942_RS08695,0.0926314638662587
SYNPCC7942_RS12560,SYNPCC7942_RS10530,0.0926297635248283
SYNPCC7942_RS09740,SYNPCC7942_RS02025,0.0926002272605251
SYNPCC7942_RS05870,SYNPCC7942_RS09455,0.0925500255585997
SYNPCC7942_RS12560,SYNPCC7942_RS10820,0.0925417972891217
SYNPCC7942_RS08820,SYNPCC7942_RS10040,0.0925258250421613
SYNPCC7942_RS03160,SYNPCC7942_RS02005,0.0924815584522944
SYNPCC7942_RS10700,SYNPCC7942_RS10730,0.0924638383969034
SYNPCC7942_RS09065,SYNPCC7942_RS00510,0.0924608859598022
SYNPCC7942_RS10700,SYNPCC7942_RS04905,0.0924599407679486
SYNPCC7942_RS03955,SYNPCC7942_RS00305,0.0924527793797592
SYNPCC7942_RS07185,SYNPCC7942_RS11090,0.0924336633746957
SYNPCC7942_RS10700,SYNPCC7942_RS02590,0.0924269846221323
SYNPCC7942_RS09620,SYNPCC7942_RS13000,0.0924167733700508
SYNPCC7942_RS09160,SYNPCC7942_RS07355,0.0924110446185476
SYNPCC7942_RS09740,SYNPCC7942_RS08425,0.0924057359297757
SYNPCC7942_RS07435,SYNPCC7942_RS05405,0.0923983614601456
SYNPCC7942_RS12560,SYNPCC7942_RS06725,0.0923690414301822
SYNPCC7942_RS00645,SYNPCC7942_RS09710,0.092358681358868
SYNPCC7942_RS00645,SYNPCC7942_RS04390,0.0923409121598136
SYNPCC7942_RS07435,SYNPCC7942_RS12550,0.0923302690758941
SYNPCC7942_RS03465,SYNPCC7942_RS13925,0.0923284520593611
SYNPCC7942_RS10700,SYNPCC7942_RS04540,0.0923119940603854
SYNPCC7942_RS00455,SYNPCC7942_RS07340,0.0923024737806372
SYNPCC7942_RS07435,SYNPCC7942_RS01685,0.0922972564140115
SYNPCC7942_RS09380,SYNPCC7942_RS03485,0.0922884691522925
SYNPCC7942_RS11465,SYNPCC7942_RS05605,0.0922615083826212
SYNPCC7942_RS05070,SYNPCC7942_RS13870,0.0922461589493351
SYNPCC7942_RS10700,SYNPCC7942_RS06435,0.0922354902566233
SYNPCC7942_RS00380,SYNPCC7942_RS10120,0.0921791250119016
SYNPCC7942_RS00645,SYNPCC7942_RS08305,0.0921726506782872
SYNPCC7942_RS00645,SYNPCC7942_RS06335,0.0921692785014681
SYNPCC7942_RS03530,SYNPCC7942_RS09620,0.0921536775105364
SYNPCC7942_RS00455,SYNPCC7942_RS04185,0.0921429629779678
SYNPCC7942_RS09740,SYNPCC7942_RS11820,0.0921396089890667
SYNPCC7942_RS07720,SYNPCC7942_RS03310,0.0921382357607106
SYNPCC7942_RS08780,SYNPCC7942_RS00665,0.0921336953630198
SYNPCC7942_RS02895,SYNPCC7942_RS06350,0.0921186026721988
SYNPCC7942_RS02830,SYNPCC7942_RS01415,0.092106301233453
SYNPCC7942_RS07185,SYNPCC7942_RS12185,0.0920969345680318
SYNPCC7942_RS13165,SYNPCC7942_RS10925,0.0920876391313925
SYNPCC7942_RS10700,SYNPCC7942_RS11405,0.0920729383935682
SYNPCC7942_RS11970,SYNPCC7942_RS12405,0.0920700687587068
SYNPCC7942_RS07435,SYNPCC7942_RS03155,0.0920700676242084
SYNPCC7942_RS10700,SYNPCC7942_RS06905,0.0920692477175309
SYNPCC7942_RS07185,SYNPCC7942_RS08090,0.0920663830199564
SYNPCC7942_RS06370,SYNPCC7942_RS06375,0.092056100455525
SYNPCC7942_RS07435,SYNPCC7942_RS00980,0.0920492588599848
SYNPCC7942_RS08780,SYNPCC7942_RS13660,0.0920444033543474
SYNPCC7942_RS00480,SYNPCC7942_RS10135,0.0920081436794742
SYNPCC7942_RS03160,SYNPCC7942_RS07420,0.0919863402124075
SYNPCC7942_RS07435,SYNPCC7942_RS03645,0.0919862589750715
SYNPCC7942_RS12560,SYNPCC7942_RS08275,0.0919830642107291
SYNPCC7942_RS06370,SYNPCC7942_RS00455,0.091973944695636
SYNPCC7942_RS09760,SYNPCC7942_RS05650,0.0919653497765589
SYNPCC7942_RS09760,SYNPCC7942_RS06700,0.0919543737411539
SYNPCC7942_RS03160,SYNPCC7942_RS14015,0.0919482398212351
SYNPCC7942_RS07435,SYNPCC7942_RS13185,0.0919127767622322
SYNPCC7942_RS09160,SYNPCC7942_RS00820,0.0919113125087725
SYNPCC7942_RS03160,SYNPCC7942_RS00330,0.0919053221851453
SYNPCC7942_RS12560,SYNPCC7942_RS04055,0.0918964652821916
SYNPCC7942_RS03260,SYNPCC7942_RS10745,0.0918709971933933
SYNPCC7942_RS07185,SYNPCC7942_RS00835,0.0918670710744745
SYNPCC7942_RS03075,SYNPCC7942_RS08660,0.0918457389570132
SYNPCC7942_RS06370,SYNPCC7942_RS10410,0.0918442527343097
SYNPCC7942_RS08885,SYNPCC7942_RS12190,0.0918220965803903
SYNPCC7942_RS12275,SYNPCC7942_RS12000,0.091817320587433
SYNPCC7942_RS00455,SYNPCC7942_RS00985,0.0918092308699967
SYNPCC7942_RS07805,SYNPCC7942_RS07605,0.0918052041176949
SYNPCC7942_RS08885,SYNPCC7942_RS12200,0.0917990763154455
SYNPCC7942_RS11050,SYNPCC7942_RS07200,0.0917599829777098
SYNPCC7942_RS10350,SYNPCC7942_RS13050,0.091755530138054
SYNPCC7942_RS09380,SYNPCC7942_RS09890,0.0917553607785406
SYNPCC7942_RS03260,SYNPCC7942_RS11240,0.0917394505753383
SYNPCC7942_RS07435,SYNPCC7942_RS10435,0.0917386277355922
SYNPCC7942_RS09740,SYNPCC7942_RS05635,0.0917355279560134
SYNPCC7942_RS05870,SYNPCC7942_RS04440,0.0917177376259002
SYNPCC7942_RS10700,SYNPCC7942_RS11495,0.0917066866190109
SYNPCC7942_RS09740,SYNPCC7942_RS10285,0.091672166554833
SYNPCC7942_RS13165,SYNPCC7942_RS02080,0.0916657231412148
SYNPCC7942_RS03325,SYNPCC7942_RS01435,0.091664121889302
SYNPCC7942_RS10700,SYNPCC7942_RS09615,0.0916391672766849
SYNPCC7942_RS08405,SYNPCC7942_RS01640,0.0916254978875791
SYNPCC7942_RS00645,SYNPCC7942_RS11395,0.0916199332450286
SYNPCC7942_RS00455,SYNPCC7942_RS08955,0.0915558202481475
SYNPCC7942_RS03465,SYNPCC7942_RS02775,0.0915305138490829
SYNPCC7942_RS09740,SYNPCC7942_RS09020,0.0915215520630759
SYNPCC7942_RS03160,SYNPCC7942_RS09740,0.0915134107212109
SYNPCC7942_RS00480,SYNPCC7942_RS09165,0.0915106482468192
SYNPCC7942_RS09620,SYNPCC7942_RS10210,0.0915028754000426
SYNPCC7942_RS03160,SYNPCC7942_RS00735,0.0914974738059824
SYNPCC7942_RS09740,SYNPCC7942_RS09375,0.0914561929212107
SYNPCC7942_RS03955,SYNPCC7942_RS02825,0.0914122117360266
SYNPCC7942_RS03465,SYNPCC7942_RS12395,0.0913968619027778
SYNPCC7942_RS10700,SYNPCC7942_RS04945,0.0913905594074695
SYNPCC7942_RS11030,SYNPCC7942_RS07870,0.0913838427528503
SYNPCC7942_RS07435,SYNPCC7942_RS12670,0.0913563275163118
SYNPCC7942_RS08885,SYNPCC7942_RS08645,0.0913506243393581
SYNPCC7942_RS08820,SYNPCC7942_RS07165,0.0913383020333764
SYNPCC7942_RS13165,SYNPCC7942_RS10865,0.0913198140789717
SYNPCC7942_RS08885,SYNPCC7942_RS05530,0.0913115336260276
SYNPCC7942_RS03075,SYNPCC7942_RS12675,0.091290803995849
SYNPCC7942_RS07435,SYNPCC7942_RS08455,0.0912882388278954
SYNPCC7942_RS00455,SYNPCC7942_RS06145,0.091278980346115
SYNPCC7942_RS03160,SYNPCC7942_RS06800,0.0912585633235666
SYNPCC7942_RS07435,SYNPCC7942_RS10975,0.0912560469105873
SYNPCC7942_RS05070,SYNPCC7942_RS06175,0.0912557786507422
SYNPCC7942_RS10340,SYNPCC7942_RS11730,0.0912337780474841
SYNPCC7942_RS03160,SYNPCC7942_RS00325,0.0912297103330669
SYNPCC7942_RS03160,SYNPCC7942_RS10740,0.0912140661827167
SYNPCC7942_RS00455,SYNPCC7942_RS00720,0.0912084986081671
SYNPCC7942_RS10700,SYNPCC7942_RS09450,0.0912014450161548
SYNPCC7942_RS06370,SYNPCC7942_RS11095,0.0911962986697876
SYNPCC7942_RS03160,SYNPCC7942_RS07815,0.0911781643162653
SYNPCC7942_RS12560,SYNPCC7942_RS07725,0.0911554270736906
SYNPCC7942_RS10700,SYNPCC7942_RS11590,0.0911527970054577
SYNPCC7942_RS03325,SYNPCC7942_RS08140,0.0911497620003285
SYNPCC7942_RS03160,SYNPCC7942_RS09265,0.0911196683271058
SYNPCC7942_RS08405,SYNPCC7942_RS09150,0.091101288365495
SYNPCC7942_RS00645,SYNPCC7942_RS03630,0.0910944973013679
SYNPCC7942_RS07185,SYNPCC7942_RS06415,0.0910901341821738
SYNPCC7942_RS10165,SYNPCC7942_RS07970,0.0910735402323384
SYNPCC7942_RS07435,SYNPCC7942_RS12855,0.091072882805788
SYNPCC7942_RS07185,SYNPCC7942_RS08985,0.0910673379304553
SYNPCC7942_RS08405,SYNPCC7942_RS11960,0.0910360095429206
SYNPCC7942_RS09740,SYNPCC7942_RS05700,0.0910252229501103
SYNPCC7942_RS10165,SYNPCC7942_RS07840,0.0910174119540467
SYNPCC7942_RS05070,SYNPCC7942_RS06180,0.091005534010991
SYNPCC7942_RS03325,SYNPCC7942_RS10735,0.0909641316541071
SYNPCC7942_RS03160,SYNPCC7942_RS08960,0.0909557327429765
SYNPCC7942_RS09740,SYNPCC7942_RS09920,0.090951488440513
SYNPCC7942_RS10700,SYNPCC7942_RS12335,0.0909207754824581
SYNPCC7942_RS03440,SYNPCC7942_RS08840,0.0909120224164428
SYNPCC7942_RS02830,SYNPCC7942_RS00200,0.090879061079663
SYNPCC7942_RS00765,SYNPCC7942_RS04325,0.0908761457278369
SYNPCC7942_RS05870,SYNPCC7942_RS02100,0.0908739638912535
SYNPCC7942_RS09740,SYNPCC7942_RS05195,0.090871941370412
SYNPCC7942_RS10700,SYNPCC7942_RS03160,0.0908704585058641
SYNPCC7942_RS08885,SYNPCC7942_RS07355,0.0908629682368688
SYNPCC7942_RS11050,SYNPCC7942_RS10495,0.0908560612401542
SYNPCC7942_RS13165,SYNPCC7942_RS02240,0.0908249730225725
SYNPCC7942_RS07185,SYNPCC7942_RS09985,0.0908157283213191
SYNPCC7942_RS12560,SYNPCC7942_RS12765,0.0908149488797748
SYNPCC7942_RS03160,SYNPCC7942_RS01820,0.0908143271073758
SYNPCC7942_RS00455,SYNPCC7942_RS01820,0.090811234984349
SYNPCC7942_RS02830,SYNPCC7942_RS01560,0.090805004283859
SYNPCC7942_RS07435,SYNPCC7942_RS06490,0.0907817820508114
SYNPCC7942_RS03160,SYNPCC7942_RS04900,0.090769010424325
SYNPCC7942_RS03530,SYNPCC7942_RS00345,0.0907601967490823
SYNPCC7942_RS05870,SYNPCC7942_RS03560,0.0907534133449711
SYNPCC7942_RS08885,SYNPCC7942_RS10775,0.090684831376833
SYNPCC7942_RS10700,SYNPCC7942_RS00690,0.0906831256563188
SYNPCC7942_RS03465,SYNPCC7942_RS04315,0.0906207102232907
SYNPCC7942_RS00765,SYNPCC7942_RS05250,0.0906182837119286
SYNPCC7942_RS00645,SYNPCC7942_RS10315,0.0906120247088617
SYNPCC7942_RS07185,SYNPCC7942_RS03765,0.0905874593027492
SYNPCC7942_RS09740,SYNPCC7942_RS10010,0.0905864325158325
SYNPCC7942_RS11050,SYNPCC7942_RS07870,0.0905595464442958
SYNPCC7942_RS11465,SYNPCC7942_RS03240,0.0905584769967551
SYNPCC7942_RS12285,SYNPCC7942_RS13300,0.0905502225106109
SYNPCC7942_RS02895,SYNPCC7942_RS06880,0.0905338809562272
SYNPCC7942_RS02830,SYNPCC7942_RS10535,0.0905295298445238
SYNPCC7942_RS03075,SYNPCC7942_RS09325,0.0905202110873797
SYNPCC7942_RS09620,SYNPCC7942_RS03425,0.090514226186622
SYNPCC7942_RS03160,SYNPCC7942_RS09805,0.0905108730885021
SYNPCC7942_RS00455,SYNPCC7942_RS06710,0.0905064515232358
SYNPCC7942_RS03160,SYNPCC7942_RS04465,0.0904935925665496
SYNPCC7942_RS03160,SYNPCC7942_RS09540,0.0904875167116989
SYNPCC7942_RS10700,SYNPCC7942_RS09950,0.0904874331449645
SYNPCC7942_RS03160,SYNPCC7942_RS10470,0.0904802976808476
SYNPCC7942_RS00455,SYNPCC7942_RS08115,0.0904791758527658
SYNPCC7942_RS02830,SYNPCC7942_RS01245,0.0904716125794849
SYNPCC7942_RS07435,SYNPCC7942_RS03010,0.090464158331411
SYNPCC7942_RS10700,SYNPCC7942_RS10315,0.0904625447023329
SYNPCC7942_RS00455,SYNPCC7942_RS01385,0.090441563712832
SYNPCC7942_RS07185,SYNPCC7942_RS07885,0.0904048953390562
SYNPCC7942_RS00645,SYNPCC7942_RS12180,0.0903658005115309
SYNPCC7942_RS03465,SYNPCC7942_RS00990,0.0903590334545174
SYNPCC7942_RS10700,SYNPCC7942_RS10355,0.0903477486947044
SYNPCC7942_RS05870,SYNPCC7942_RS06715,0.0903356400006581
SYNPCC7942_RS00455,SYNPCC7942_RS10700,0.0903263918188969
SYNPCC7942_RS10700,SYNPCC7942_RS06225,0.0902859144729255
SYNPCC7942_RS02895,SYNPCC7942_RS09705,0.0902736145179442
SYNPCC7942_RS03160,SYNPCC7942_RS10730,0.0902670686909392
SYNPCC7942_RS10350,SYNPCC7942_RS04745,0.0902627100981835
SYNPCC7942_RS07185,SYNPCC7942_RS08545,0.0902529936511816
SYNPCC7942_RS03160,SYNPCC7942_RS06530,0.0902276760967123
SYNPCC7942_RS05870,SYNPCC7942_RS11590,0.0902276347834092
SYNPCC7942_RS10170,SYNPCC7942_RS13010,0.0902167524353672
SYNPCC7942_RS05870,SYNPCC7942_RS06105,0.0902074474160789
SYNPCC7942_RS00380,SYNPCC7942_RS12480,0.0901959215756013
SYNPCC7942_RS09380,SYNPCC7942_RS02445,0.0901949775914877
SYNPCC7942_RS08885,SYNPCC7942_RS11925,0.0901929882789944
SYNPCC7942_RS09620,SYNPCC7942_RS01365,0.0901854883315938
SYNPCC7942_RS10700,SYNPCC7942_RS01875,0.0901836447762437
SYNPCC7942_RS05870,SYNPCC7942_RS04460,0.090177385416914
SYNPCC7942_RS05870,SYNPCC7942_RS09635,0.0901603652587169
SYNPCC7942_RS00380,SYNPCC7942_RS05790,0.0901583874933106
SYNPCC7942_RS03075,SYNPCC7942_RS12490,0.0901447495860171
SYNPCC7942_RS12560,SYNPCC7942_RS12205,0.0901431872117059
SYNPCC7942_RS10700,SYNPCC7942_RS10105,0.0901327505084931
SYNPCC7942_RS12560,SYNPCC7942_RS02815,0.0901046302391107
SYNPCC7942_RS03955,SYNPCC7942_RS07860,0.0900982677346867
SYNPCC7942_RS00380,SYNPCC7942_RS05285,0.0900728988819557
SYNPCC7942_RS03160,SYNPCC7942_RS00965,0.0900708539973907
SYNPCC7942_RS05870,SYNPCC7942_RS08125,0.0900674791146982
SYNPCC7942_RS02830,SYNPCC7942_RS12685,0.090042889683867
SYNPCC7942_RS09740,SYNPCC7942_RS05335,0.0900321097032667
SYNPCC7942_RS10700,SYNPCC7942_RS08130,0.090032022044288
SYNPCC7942_RS10700,SYNPCC7942_RS02255,0.0899993194106403
SYNPCC7942_RS03075,SYNPCC7942_RS12140,0.0899856700074244
SYNPCC7942_RS07185,SYNPCC7942_RS10215,0.0899842308069371
SYNPCC7942_RS09435,SYNPCC7942_RS10915,0.0899687647386966
SYNPCC7942_RS10700,SYNPCC7942_RS06955,0.0899636139995531
SYNPCC7942_RS03465,SYNPCC7942_RS01705,0.0899618480163489
SYNPCC7942_RS07720,SYNPCC7942_RS01200,0.0899602218504708
SYNPCC7942_RS05870,SYNPCC7942_RS05985,0.089957800862412
SYNPCC7942_RS03160,SYNPCC7942_RS10450,0.0899537422527886
SYNPCC7942_RS10340,SYNPCC7942_RS03870,0.0899496843386094
SYNPCC7942_RS10700,SYNPCC7942_RS11435,0.0899346166771553
SYNPCC7942_RS07435,SYNPCC7942_RS10060,0.0899282253693494
SYNPCC7942_RS09740,SYNPCC7942_RS00770,0.0898963653944577
SYNPCC7942_RS05230,SYNPCC7942_RS08415,0.0898923140871002
SYNPCC7942_RS02830,SYNPCC7942_RS12350,0.089862251364031
SYNPCC7942_RS12560,SYNPCC7942_RS11375,0.0898600762242871
SYNPCC7942_RS03160,SYNPCC7942_RS04905,0.0898564072015416
SYNPCC7942_RS07435,SYNPCC7942_RS03680,0.089853813120966
SYNPCC7942_RS03465,SYNPCC7942_RS02655,0.089850677645714
SYNPCC7942_RS00645,SYNPCC7942_RS10410,0.0898439565401403
SYNPCC7942_RS06370,SYNPCC7942_RS11150,0.0898360902127051
SYNPCC7942_RS10700,SYNPCC7942_RS12195,0.0898273418450212
SYNPCC7942_RS03160,SYNPCC7942_RS09455,0.0898267068773903
SYNPCC7942_RS09740,SYNPCC7942_RS01125,0.0898039620192774
SYNPCC7942_RS13165,SYNPCC7942_RS00530,0.0897959072245831
SYNPCC7942_RS00455,SYNPCC7942_RS01970,0.0897877232227392
SYNPCC7942_RS02895,SYNPCC7942_RS11400,0.0897800452272804
SYNPCC7942_RS03440,SYNPCC7942_RS05795,0.0897770713906081
SYNPCC7942_RS05070,SYNPCC7942_RS04200,0.0897547043601236
SYNPCC7942_RS09740,SYNPCC7942_RS00355,0.0897459828285919
SYNPCC7942_RS05870,SYNPCC7942_RS11475,0.0897352020683132
SYNPCC7942_RS07435,SYNPCC7942_RS10575,0.0897348479201533
SYNPCC7942_RS09740,SYNPCC7942_RS03130,0.0897213471809633
SYNPCC7942_RS00455,SYNPCC7942_RS02890,0.0897177686662784
SYNPCC7942_RS03465,SYNPCC7942_RS05020,0.089707951381682
SYNPCC7942_RS00455,SYNPCC7942_RS05665,0.0896922327033394
SYNPCC7942_RS10170,SYNPCC7942_RS00240,0.0896661636709052
SYNPCC7942_RS00645,SYNPCC7942_RS11400,0.0896376683252007
SYNPCC7942_RS05870,SYNPCC7942_RS07930,0.08963394853992
SYNPCC7942_RS09380,SYNPCC7942_RS13255,0.0896331586946127
SYNPCC7942_RS03160,SYNPCC7942_RS10145,0.0896309756123715
SYNPCC7942_RS05640,SYNPCC7942_RS08595,0.0896215677753736
SYNPCC7942_RS10350,SYNPCC7942_RS07630,0.0896151871952216
SYNPCC7942_RS08885,SYNPCC7942_RS02545,0.0896058121621624
SYNPCC7942_RS03160,SYNPCC7942_RS00035,0.0895961950173794
SYNPCC7942_RS00455,SYNPCC7942_RS08055,0.0895884261035321
SYNPCC7942_RS05870,SYNPCC7942_RS04290,0.0895609122175307
SYNPCC7942_RS07185,SYNPCC7942_RS04925,0.0895557768202473
SYNPCC7942_RS11465,SYNPCC7942_RS07560,0.0895193957152859
SYNPCC7942_RS07435,SYNPCC7942_RS08125,0.0895154635764967
SYNPCC7942_RS10700,SYNPCC7942_RS02275,0.0895133176482736
SYNPCC7942_RS09760,SYNPCC7942_RS14065,0.0895012021165523
SYNPCC7942_RS09935,SYNPCC7942_RS01535,0.089479885041819
SYNPCC7942_RS05870,SYNPCC7942_RS09665,0.0894744748506816
SYNPCC7942_RS09435,SYNPCC7942_RS05325,0.0894730803100994
SYNPCC7942_RS10170,SYNPCC7942_RS09330,0.0894729057633015
SYNPCC7942_RS07185,SYNPCC7942_RS03430,0.0894488931746162
SYNPCC7942_RS10700,SYNPCC7942_RS04070,0.0894419193428184
SYNPCC7942_RS08580,SYNPCC7942_RS08560,0.0894320800398025
SYNPCC7942_RS10340,SYNPCC7942_RS03875,0.0894274085530163
SYNPCC7942_RS12560,SYNPCC7942_RS02020,0.089402968086191
SYNPCC7942_RS07435,SYNPCC7942_RS00620,0.0893977236607621
SYNPCC7942_RS12560,SYNPCC7942_RS02595,0.089396768790875
SYNPCC7942_RS03160,SYNPCC7942_RS01625,0.0893821106360363
SYNPCC7942_RS10165,SYNPCC7942_RS10645,0.0893790194666348
SYNPCC7942_RS09740,SYNPCC7942_RS10460,0.089375289778635
SYNPCC7942_RS10350,SYNPCC7942_RS04355,0.0893720280998478
SYNPCC7942_RS03440,SYNPCC7942_RS04600,0.0893608949925369
SYNPCC7942_RS03160,SYNPCC7942_RS06860,0.0893553841248666
SYNPCC7942_RS09740,SYNPCC7942_RS11500,0.0893390995438458
SYNPCC7942_RS09740,SYNPCC7942_RS10735,0.0893323998832876
SYNPCC7942_RS03440,SYNPCC7942_RS05740,0.0893232517537521
SYNPCC7942_RS07185,SYNPCC7942_RS12330,0.0893065906971671
SYNPCC7942_RS10700,SYNPCC7942_RS07455,0.0893018819578268
SYNPCC7942_RS05870,SYNPCC7942_RS02245,0.089292961700807
SYNPCC7942_RS10700,SYNPCC7942_RS06460,0.089269040639603
SYNPCC7942_RS02830,SYNPCC7942_RS05930,0.089268975432107
SYNPCC7942_RS07435,SYNPCC7942_RS05140,0.0892648640634478
SYNPCC7942_RS07435,SYNPCC7942_RS08305,0.0892539096279856
SYNPCC7942_RS07185,SYNPCC7942_RS13000,0.089244595246112
SYNPCC7942_RS12285,SYNPCC7942_RS00670,0.0892386368077955
SYNPCC7942_RS12275,SYNPCC7942_RS04805,0.0892384287775546
SYNPCC7942_RS10700,SYNPCC7942_RS01520,0.0892362770112131
SYNPCC7942_RS03160,SYNPCC7942_RS10655,0.0892334691940424
SYNPCC7942_RS00455,SYNPCC7942_RS01780,0.0892263077031046
SYNPCC7942_RS11970,SYNPCC7942_RS09145,0.0892238147857542
SYNPCC7942_RS09380,SYNPCC7942_RS08440,0.0892226089433117
SYNPCC7942_RS07435,SYNPCC7942_RS01150,0.0891980507929294
SYNPCC7942_RS02830,SYNPCC7942_RS13250,0.089196178920055
SYNPCC7942_RS05870,SYNPCC7942_RS04770,0.0891903077669403
SYNPCC7942_RS09760,SYNPCC7942_RS05745,0.0891534564107244
SYNPCC7942_RS02895,SYNPCC7942_RS10195,0.0891534500381026
SYNPCC7942_RS09500,SYNPCC7942_RS06935,0.0891450509299642
SYNPCC7942_RS07185,SYNPCC7942_RS02660,0.0891286844709835
SYNPCC7942_RS03260,SYNPCC7942_RS11325,0.089118283326373
SYNPCC7942_RS02830,SYNPCC7942_RS01885,0.0891106076378091
SYNPCC7942_RS03075,SYNPCC7942_RS09065,0.0891086375537442
SYNPCC7942_RS00765,SYNPCC7942_RS05260,0.0891054481589354
SYNPCC7942_RS10700,SYNPCC7942_RS11530,0.0891024662988064
SYNPCC7942_RS07185,SYNPCC7942_RS03760,0.0890831641739908
SYNPCC7942_RS09740,SYNPCC7942_RS03125,0.0890546638332423
SYNPCC7942_RS10170,SYNPCC7942_RS03790,0.0890430438597836
SYNPCC7942_RS09620,SYNPCC7942_RS09790,0.0890235201633425
SYNPCC7942_RS07435,SYNPCC7942_RS10045,0.0890060405928745
SYNPCC7942_RS07185,SYNPCC7942_RS10210,0.0889783502776672
SYNPCC7942_RS05870,SYNPCC7942_RS00135,0.0889719316184198
SYNPCC7942_RS03160,SYNPCC7942_RS00680,0.0889715728862971
SYNPCC7942_RS03160,SYNPCC7942_RS03455,0.0889539233209473
SYNPCC7942_RS07435,SYNPCC7942_RS01290,0.0889534905070016
SYNPCC7942_RS13165,SYNPCC7942_RS04220,0.0889338114573598
SYNPCC7942_RS00455,SYNPCC7942_RS12570,0.0889196993441701
SYNPCC7942_RS10700,SYNPCC7942_RS01820,0.0889188403228958
SYNPCC7942_RS09380,SYNPCC7942_RS02370,0.0889183652926574
SYNPCC7942_RS00645,SYNPCC7942_RS10955,0.0889051459380292
SYNPCC7942_RS12560,SYNPCC7942_RS06465,0.0888944004652545
SYNPCC7942_RS03160,SYNPCC7942_RS11355,0.0888913004469049
SYNPCC7942_RS10700,SYNPCC7942_RS09940,0.0888892592797474
SYNPCC7942_RS10700,SYNPCC7942_RS09605,0.0888838349045096
SYNPCC7942_RS05870,SYNPCC7942_RS02355,0.0888803687860617
SYNPCC7942_RS10340,SYNPCC7942_RS05945,0.0888663327365315
SYNPCC7942_RS09740,SYNPCC7942_RS09220,0.0888585433787786
SYNPCC7942_RS03160,SYNPCC7942_RS02035,0.0888552376811022
SYNPCC7942_RS07435,SYNPCC7942_RS06510,0.0888507227858275
SYNPCC7942_RS00455,SYNPCC7942_RS09970,0.0888502234045125
SYNPCC7942_RS10350,SYNPCC7942_RS12795,0.0888486406198733
SYNPCC7942_RS11465,SYNPCC7942_RS01325,0.0888308084815609
SYNPCC7942_RS08820,SYNPCC7942_RS10790,0.0888189547900162
SYNPCC7942_RS02895,SYNPCC7942_RS01965,0.088818399910475
SYNPCC7942_RS03465,SYNPCC7942_RS01500,0.0888170712667387
SYNPCC7942_RS03260,SYNPCC7942_RS06245,0.088815233246875
SYNPCC7942_RS10700,SYNPCC7942_RS10765,0.0888088326278921
SYNPCC7942_RS03075,SYNPCC7942_RS10540,0.088783309369261
SYNPCC7942_RS11465,SYNPCC7942_RS12500,0.0887696484262517
SYNPCC7942_RS07435,SYNPCC7942_RS00380,0.0887620949279961
SYNPCC7942_RS05870,SYNPCC7942_RS06135,0.0887486431123702
SYNPCC7942_RS09380,SYNPCC7942_RS11365,0.088741876639312
SYNPCC7942_RS02830,SYNPCC7942_RS08040,0.0887396420083812
SYNPCC7942_RS03465,SYNPCC7942_RS09715,0.0887352000906009
SYNPCC7942_RS02895,SYNPCC7942_RS05840,0.0887316510503376
SYNPCC7942_RS10700,SYNPCC7942_RS13230,0.0887292732738993
SYNPCC7942_RS00380,SYNPCC7942_RS00045,0.0887102253091075
SYNPCC7942_RS00765,SYNPCC7942_RS10065,0.0886939112020342
SYNPCC7942_RS07435,SYNPCC7942_RS04780,0.0886733130928151
SYNPCC7942_RS09380,SYNPCC7942_RS13250,0.0886657619957928
SYNPCC7942_RS04225,SYNPCC7942_RS04915,0.0886626956687886
SYNPCC7942_RS03160,SYNPCC7942_RS11930,0.0886505996605769
SYNPCC7942_RS02830,SYNPCC7942_RS09890,0.0886460244282778
SYNPCC7942_RS07435,SYNPCC7942_RS05370,0.0886407414384846
SYNPCC7942_RS07435,SYNPCC7942_RS10330,0.0886356751932665
SYNPCC7942_RS09380,SYNPCC7942_RS12125,0.0886171430860843
SYNPCC7942_RS03440,SYNPCC7942_RS08850,0.0886124801659084
SYNPCC7942_RS00380,SYNPCC7942_RS12930,0.0886086962629033
SYNPCC7942_RS09380,SYNPCC7942_RS11720,0.0885594193590534
SYNPCC7942_RS09380,SYNPCC7942_RS11520,0.0885524303100783
SYNPCC7942_RS07435,SYNPCC7942_RS05115,0.0885404316218652
SYNPCC7942_RS03160,SYNPCC7942_RS02615,0.0885388066639909
SYNPCC7942_RS06700,SYNPCC7942_RS09990,0.0885096439856574
SYNPCC7942_RS10700,SYNPCC7942_RS07815,0.0884590350380481
SYNPCC7942_RS09065,SYNPCC7942_RS07470,0.0884533430971572
SYNPCC7942_RS07435,SYNPCC7942_RS12180,0.088439484321048
SYNPCC7942_RS00645,SYNPCC7942_RS06365,0.0884354802642632
SYNPCC7942_RS07435,SYNPCC7942_RS06130,0.0884084360822902
SYNPCC7942_RS05070,SYNPCC7942_RS04105,0.088406826535945
SYNPCC7942_RS05870,SYNPCC7942_RS07600,0.0883951856552226
SYNPCC7942_RS00455,SYNPCC7942_RS01520,0.0883830609312553
SYNPCC7942_RS10700,SYNPCC7942_RS10205,0.0883811572911975
SYNPCC7942_RS09760,SYNPCC7942_RS13820,0.0883741211230247
SYNPCC7942_RS00645,SYNPCC7942_RS01285,0.088347715287634
SYNPCC7942_RS03160,SYNPCC7942_RS08255,0.0883445611844674
SYNPCC7942_RS10700,SYNPCC7942_RS11475,0.0883369101203656
SYNPCC7942_RS03160,SYNPCC7942_RS08165,0.0883350134260531
SYNPCC7942_RS03160,SYNPCC7942_RS10355,0.0882967890222928
SYNPCC7942_RS07435,SYNPCC7942_RS06385,0.0882967241560805
SYNPCC7942_RS10700,SYNPCC7942_RS06095,0.0882927757312816
SYNPCC7942_RS05230,SYNPCC7942_RS06500,0.0882880025717676
SYNPCC7942_RS08405,SYNPCC7942_RS07190,0.0882679552493048
SYNPCC7942_RS03075,SYNPCC7942_RS02155,0.0882568341849827
SYNPCC7942_RS00645,SYNPCC7942_RS09980,0.0882566548511372
SYNPCC7942_RS06365,SYNPCC7942_RS10520,0.088252810084182
SYNPCC7942_RS03465,SYNPCC7942_RS08340,0.0882478816184545
SYNPCC7942_RS05870,SYNPCC7942_RS08360,0.088234802610936
SYNPCC7942_RS07185,SYNPCC7942_RS12805,0.0882286313748413
SYNPCC7942_RS03160,SYNPCC7942_RS05580,0.088214406980697
SYNPCC7942_RS10700,SYNPCC7942_RS11690,0.0882099468893295
SYNPCC7942_RS10700,SYNPCC7942_RS10805,0.0882055340101132
SYNPCC7942_RS05870,SYNPCC7942_RS03325,0.088201176945056
SYNPCC7942_RS09160,SYNPCC7942_RS09140,0.0881932614227489
SYNPCC7942_RS12560,SYNPCC7942_RS05185,0.088181419274228
SYNPCC7942_RS10700,SYNPCC7942_RS00720,0.0881582384186613
SYNPCC7942_RS07435,SYNPCC7942_RS01485,0.0881388985312506
SYNPCC7942_RS03955,SYNPCC7942_RS00290,0.088122427666097
SYNPCC7942_RS10700,SYNPCC7942_RS09835,0.0881000840472077
SYNPCC7942_RS05870,SYNPCC7942_RS06790,0.088084982007574
SYNPCC7942_RS10340,SYNPCC7942_RS02270,0.0880768083622586
SYNPCC7942_RS09065,SYNPCC7942_RS13905,0.0880672581217554
SYNPCC7942_RS00455,SYNPCC7942_RS04390,0.0880302822567015
SYNPCC7942_RS12275,SYNPCC7942_RS09040,0.0880055778151056
SYNPCC7942_RS09435,SYNPCC7942_RS05770,0.0879991023538327
SYNPCC7942_RS10040,SYNPCC7942_RS07410,0.0879832727727265
SYNPCC7942_RS10700,SYNPCC7942_RS02970,0.087976513591508
SYNPCC7942_RS02830,SYNPCC7942_RS01995,0.0879759553570871
SYNPCC7942_RS03160,SYNPCC7942_RS07665,0.0879746132085947
SYNPCC7942_RS03160,SYNPCC7942_RS00690,0.0879724002348739
SYNPCC7942_RS03160,SYNPCC7942_RS02420,0.0879697889243728
SYNPCC7942_RS03325,SYNPCC7942_RS04750,0.0879538442020316
SYNPCC7942_RS00455,SYNPCC7942_RS06905,0.0879242911061038
SYNPCC7942_RS00645,SYNPCC7942_RS06135,0.0879221219268467
SYNPCC7942_RS00645,SYNPCC7942_RS09050,0.087875746037504
SYNPCC7942_RS03325,SYNPCC7942_RS07645,0.0878585086417947
SYNPCC7942_RS00645,SYNPCC7942_RS05015,0.0878491704441421
SYNPCC7942_RS05870,SYNPCC7942_RS04705,0.0877996937365811
SYNPCC7942_RS00380,SYNPCC7942_RS09020,0.0877665346625555
SYNPCC7942_RS09065,SYNPCC7942_RS00340,0.0877636539257971
SYNPCC7942_RS07435,SYNPCC7942_RS08555,0.0877541867579971
SYNPCC7942_RS09740,SYNPCC7942_RS04795,0.0877529198234322
SYNPCC7942_RS07185,SYNPCC7942_RS05490,0.0877460984877811
SYNPCC7942_RS12560,SYNPCC7942_RS09785,0.0877428187985714
SYNPCC7942_RS03160,SYNPCC7942_RS04265,0.0877421503367481
SYNPCC7942_RS03440,SYNPCC7942_RS04845,0.0877321803107458
SYNPCC7942_RS08405,SYNPCC7942_RS02900,0.0877175335371225
SYNPCC7942_RS05870,SYNPCC7942_RS02350,0.0876958355438484
SYNPCC7942_RS03075,SYNPCC7942_RS06655,0.0876773476677733
SYNPCC7942_RS03160,SYNPCC7942_RS11500,0.087675806552201
SYNPCC7942_RS00645,SYNPCC7942_RS02565,0.0876710964903442
SYNPCC7942_RS09740,SYNPCC7942_RS07775,0.0876701641040604
SYNPCC7942_RS07435,SYNPCC7942_RS03585,0.0876696942557471
SYNPCC7942_RS07435,SYNPCC7942_RS04760,0.087656381409948
SYNPCC7942_RS09740,SYNPCC7942_RS01475,0.0876340500293614
SYNPCC7942_RS03160,SYNPCC7942_RS00350,0.0876235914578574
SYNPCC7942_RS03955,SYNPCC7942_RS07890,0.0876110535118903
SYNPCC7942_RS03160,SYNPCC7942_RS01730,0.0876084171674716
SYNPCC7942_RS00455,SYNPCC7942_RS06615,0.0875815220891096
SYNPCC7942_RS11465,SYNPCC7942_RS06400,0.087560772741657
SYNPCC7942_RS09620,SYNPCC7942_RS10585,0.0875254850545853
SYNPCC7942_RS10170,SYNPCC7942_RS03775,0.0874808579364666
SYNPCC7942_RS03160,SYNPCC7942_RS12930,0.0874700922663553
SYNPCC7942_RS07805,SYNPCC7942_RS07615,0.0874676954042636
SYNPCC7942_RS09740,SYNPCC7942_RS00840,0.0874178806481204
SYNPCC7942_RS00645,SYNPCC7942_RS11660,0.0874019108243099
SYNPCC7942_RS08885,SYNPCC7942_RS02520,0.087382205284872
SYNPCC7942_RS00645,SYNPCC7942_RS08735,0.0873804813292777
SYNPCC7942_RS07435,SYNPCC7942_RS12895,0.0873779171241144
SYNPCC7942_RS03440,SYNPCC7942_RS03445,0.0873709939425158
SYNPCC7942_RS05870,SYNPCC7942_RS04935,0.0873650613649427
SYNPCC7942_RS05870,SYNPCC7942_RS13180,0.0873638125174012
SYNPCC7942_RS03160,SYNPCC7942_RS10710,0.0873559787887938
SYNPCC7942_RS12560,SYNPCC7942_RS12580,0.0873346842483764
SYNPCC7942_RS13165,SYNPCC7942_RS07980,0.087333031294137
SYNPCC7942_RS05195,SYNPCC7942_RS00955,0.0873180421040132
SYNPCC7942_RS07435,SYNPCC7942_RS09425,0.0873169582756892
SYNPCC7942_RS00645,SYNPCC7942_RS06905,0.0873157133992264
SYNPCC7942_RS00645,SYNPCC7942_RS13975,0.0873089923163825
SYNPCC7942_RS08885,SYNPCC7942_RS05915,0.0873088383580266
SYNPCC7942_RS00645,SYNPCC7942_RS12470,0.0873051677076103
SYNPCC7942_RS07185,SYNPCC7942_RS12105,0.087295371012573
SYNPCC7942_RS04225,SYNPCC7942_RS13165,0.0872843106900883
SYNPCC7942_RS03530,SYNPCC7942_RS11835,0.0872829654385253
SYNPCC7942_RS00455,SYNPCC7942_RS09555,0.0872782475173237
SYNPCC7942_RS09740,SYNPCC7942_RS04475,0.0872536319431418
SYNPCC7942_RS09740,SYNPCC7942_RS10730,0.0872511164307391
SYNPCC7942_RS02830,SYNPCC7942_RS01010,0.087227772170999
SYNPCC7942_RS08405,SYNPCC7942_RS09790,0.087224880418929
SYNPCC7942_RS10170,SYNPCC7942_RS12890,0.0872053558130498
SYNPCC7942_RS03465,SYNPCC7942_RS04555,0.0871955569950994
SYNPCC7942_RS00645,SYNPCC7942_RS06780,0.0871941013362901
SYNPCC7942_RS05870,SYNPCC7942_RS07005,0.0871931786734301
SYNPCC7942_RS00645,SYNPCC7942_RS06685,0.0871909579891949
SYNPCC7942_RS09380,SYNPCC7942_RS01015,0.0871885351807121
SYNPCC7942_RS11970,SYNPCC7942_RS14065,0.0871758300907246
SYNPCC7942_RS00645,SYNPCC7942_RS01385,0.0871721827164641
SYNPCC7942_RS08885,SYNPCC7942_RS03205,0.0871458379991044
SYNPCC7942_RS03160,SYNPCC7942_RS12280,0.0871396767713176
SYNPCC7942_RS07435,SYNPCC7942_RS02770,0.0871392200172389
SYNPCC7942_RS03325,SYNPCC7942_RS02035,0.0871307135332265
SYNPCC7942_RS03160,SYNPCC7942_RS01130,0.0871277631743186
SYNPCC7942_RS10700,SYNPCC7942_RS07450,0.0871237564807978
SYNPCC7942_RS10700,SYNPCC7942_RS00940,0.0871129035233466
SYNPCC7942_RS08885,SYNPCC7942_RS10820,0.0871098394925038
SYNPCC7942_RS07435,SYNPCC7942_RS06690,0.0870853296208685
SYNPCC7942_RS03160,SYNPCC7942_RS12000,0.0870830723988243
SYNPCC7942_RS00455,SYNPCC7942_RS06295,0.0870486545551922
SYNPCC7942_RS08885,SYNPCC7942_RS09145,0.087039059569765
SYNPCC7942_RS03465,SYNPCC7942_RS14105,0.0870258691919193
SYNPCC7942_RS03160,SYNPCC7942_RS12045,0.0870231109668069
SYNPCC7942_RS10700,SYNPCC7942_RS10510,0.0870152981306976
SYNPCC7942_RS00455,SYNPCC7942_RS09440,0.0870049156292577
SYNPCC7942_RS02895,SYNPCC7942_RS12895,0.0870012210607937
SYNPCC7942_RS03075,SYNPCC7942_RS06120,0.0869951303097121
SYNPCC7942_RS00455,SYNPCC7942_RS02325,0.0869784417862657
SYNPCC7942_RS02895,SYNPCC7942_RS05015,0.0869664254110038
SYNPCC7942_RS09740,SYNPCC7942_RS06820,0.0869568654874021
SYNPCC7942_RS03465,SYNPCC7942_RS12260,0.0869211179500254
SYNPCC7942_RS10700,SYNPCC7942_RS09770,0.0869185547355095
SYNPCC7942_RS11970,SYNPCC7942_RS08195,0.0869164484004286
SYNPCC7942_RS03160,SYNPCC7942_RS11665,0.0869082884428531
SYNPCC7942_RS12560,SYNPCC7942_RS01640,0.0868991641452907
SYNPCC7942_RS00645,SYNPCC7942_RS01780,0.0868899562914794
SYNPCC7942_RS10700,SYNPCC7942_RS02645,0.0868545783773768
SYNPCC7942_RS07805,SYNPCC7942_RS12825,0.0868542528502125
SYNPCC7942_RS12285,SYNPCC7942_RS04810,0.0868419304658849
SYNPCC7942_RS09380,SYNPCC7942_RS10155,0.0868332911852027
SYNPCC7942_RS07435,SYNPCC7942_RS11985,0.0868282584180701
SYNPCC7942_RS09380,SYNPCC7942_RS01420,0.086826718620419
SYNPCC7942_RS09500,SYNPCC7942_RS03925,0.0868259652722955
SYNPCC7942_RS09740,SYNPCC7942_RS03135,0.0868092677923977
SYNPCC7942_RS03160,SYNPCC7942_RS06440,0.0868086759568965
SYNPCC7942_RS10700,SYNPCC7942_RS06730,0.0867881078883454
SYNPCC7942_RS07185,SYNPCC7942_RS10705,0.0867698245031348
SYNPCC7942_RS07435,SYNPCC7942_RS02775,0.0867454716091007
SYNPCC7942_RS05870,SYNPCC7942_RS02105,0.0867366217455482
SYNPCC7942_RS09740,SYNPCC7942_RS04240,0.0867348168539452
SYNPCC7942_RS00455,SYNPCC7942_RS11640,0.0867189956212922
SYNPCC7942_RS00645,SYNPCC7942_RS12550,0.0867183908723921
SYNPCC7942_RS03160,SYNPCC7942_RS04935,0.086718161266606
SYNPCC7942_RS00455,SYNPCC7942_RS06755,0.0866643382770984
SYNPCC7942_RS00645,SYNPCC7942_RS10025,0.0866532677615916
SYNPCC7942_RS00380,SYNPCC7942_RS13610,0.0866375439051167
SYNPCC7942_RS00645,SYNPCC7942_RS01505,0.086629389697048
SYNPCC7942_RS03960,SYNPCC7942_RS00725,0.0866235439860915
SYNPCC7942_RS00645,SYNPCC7942_RS09605,0.0866140107817949
SYNPCC7942_RS02895,SYNPCC7942_RS01320,0.0866107059395558
SYNPCC7942_RS03160,SYNPCC7942_RS04440,0.0865866190294062
SYNPCC7942_RS09500,SYNPCC7942_RS02705,0.0865856751780417
SYNPCC7942_RS07435,SYNPCC7942_RS03635,0.0865815391142969
SYNPCC7942_RS09435,SYNPCC7942_RS12295,0.0865810439751105
SYNPCC7942_RS05070,SYNPCC7942_RS10940,0.0865661266489
SYNPCC7942_RS09740,SYNPCC7942_RS12520,0.0865465489405803
SYNPCC7942_RS02895,SYNPCC7942_RS06355,0.086532536434065
SYNPCC7942_RS10700,SYNPCC7942_RS02470,0.0865152466099497
SYNPCC7942_RS00455,SYNPCC7942_RS07815,0.0865146141261177
SYNPCC7942_RS00380,SYNPCC7942_RS04025,0.086510161430902
SYNPCC7942_RS00645,SYNPCC7942_RS10310,0.0865079434548033
SYNPCC7942_RS05870,SYNPCC7942_RS06130,0.0865000867205867
SYNPCC7942_RS10700,SYNPCC7942_RS07655,0.0864900148927129
SYNPCC7942_RS03260,SYNPCC7942_RS04565,0.0864819271850632
SYNPCC7942_RS09065,SYNPCC7942_RS01090,0.0864767257277039
SYNPCC7942_RS07185,SYNPCC7942_RS06940,0.0864746013530118
SYNPCC7942_RS03955,SYNPCC7942_RS07520,0.0864453107500141
SYNPCC7942_RS10700,SYNPCC7942_RS02865,0.086442424442787
SYNPCC7942_RS07185,SYNPCC7942_RS01345,0.086438543072926
SYNPCC7942_RS11030,SYNPCC7942_RS13770,0.0864313706734529
SYNPCC7942_RS08780,SYNPCC7942_RS07535,0.0864212015751352
SYNPCC7942_RS10700,SYNPCC7942_RS02580,0.0863948038995241
SYNPCC7942_RS10350,SYNPCC7942_RS06535,0.0863723673315458
SYNPCC7942_RS00645,SYNPCC7942_RS11450,0.0863483076319898
SYNPCC7942_RS05870,SYNPCC7942_RS03140,0.0863461988869612
SYNPCC7942_RS10700,SYNPCC7942_RS05480,0.0863405212163843
SYNPCC7942_RS10700,SYNPCC7942_RS04800,0.0863391356891313
SYNPCC7942_RS03325,SYNPCC7942_RS04460,0.0863357866067607
SYNPCC7942_RS07435,SYNPCC7942_RS02465,0.0863343467811633
SYNPCC7942_RS00455,SYNPCC7942_RS07575,0.0863095537238914
SYNPCC7942_RS03325,SYNPCC7942_RS07915,0.0863063519114425
SYNPCC7942_RS07435,SYNPCC7942_RS00745,0.0863012072889725
SYNPCC7942_RS10700,SYNPCC7942_RS10640,0.0862954347202915
SYNPCC7942_RS03465,SYNPCC7942_RS09855,0.0862946044189575
SYNPCC7942_RS10700,SYNPCC7942_RS07640,0.0862819789337377
SYNPCC7942_RS07435,SYNPCC7942_RS00575,0.0862773298324238
SYNPCC7942_RS00455,SYNPCC7942_RS07580,0.0862743517488692
SYNPCC7942_RS02895,SYNPCC7942_RS12455,0.0862721186979175
SYNPCC7942_RS05870,SYNPCC7942_RS03230,0.0862488358135847
SYNPCC7942_RS03260,SYNPCC7942_RS11230,0.0862357560842965
SYNPCC7942_RS03075,SYNPCC7942_RS02955,0.0862196348813773
SYNPCC7942_RS12560,SYNPCC7942_RS12825,0.0862192628303703
SYNPCC7942_RS07805,SYNPCC7942_RS11625,0.0862174772051994
SYNPCC7942_RS07435,SYNPCC7942_RS05690,0.0862018259853353
SYNPCC7942_RS10700,SYNPCC7942_RS04645,0.0862012335733439
SYNPCC7942_RS10340,SYNPCC7942_RS07840,0.0861940671077687
SYNPCC7942_RS02895,SYNPCC7942_RS10225,0.0861663690578562
SYNPCC7942_RS03075,SYNPCC7942_RS02370,0.0861569361476308
SYNPCC7942_RS03955,SYNPCC7942_RS00620,0.086150279019736
SYNPCC7942_RS07435,SYNPCC7942_RS11400,0.0861274015374055
SYNPCC7942_RS09380,SYNPCC7942_RS08345,0.0861239711914724
SYNPCC7942_RS06370,SYNPCC7942_RS01970,0.0860763960042024
SYNPCC7942_RS10700,SYNPCC7942_RS01180,0.0860761642334281
SYNPCC7942_RS13165,SYNPCC7942_RS02020,0.086069696871413
SYNPCC7942_RS03160,SYNPCC7942_RS09115,0.0860617275205468
SYNPCC7942_RS03530,SYNPCC7942_RS09750,0.0860564731633805
SYNPCC7942_RS09160,SYNPCC7942_RS12095,0.0860535339086276
SYNPCC7942_RS03075,SYNPCC7942_RS11935,0.0860408922498158
SYNPCC7942_RS07185,SYNPCC7942_RS00565,0.0860384076805417
SYNPCC7942_RS07185,SYNPCC7942_RS02200,0.0860372755445149
SYNPCC7942_RS11030,SYNPCC7942_RS07475,0.0860205480460396
SYNPCC7942_RS08780,SYNPCC7942_RS13760,0.0860200333050225
SYNPCC7942_RS08405,SYNPCC7942_RS10775,0.0860124249557066
SYNPCC7942_RS09740,SYNPCC7942_RS02440,0.0859998065657606
SYNPCC7942_RS03260,SYNPCC7942_RS11260,0.0859988663865365
SYNPCC7942_RS10040,SYNPCC7942_RS08820,0.085985478653126
SYNPCC7942_RS07185,SYNPCC7942_RS03030,0.0859851348166414
SYNPCC7942_RS10700,SYNPCC7942_RS05870,0.0859672045426684
SYNPCC7942_RS13165,SYNPCC7942_RS03220,0.0859625465265056
SYNPCC7942_RS03160,SYNPCC7942_RS04620,0.0859594418876831
SYNPCC7942_RS02895,SYNPCC7942_RS10030,0.0859505692499286
SYNPCC7942_RS10340,SYNPCC7942_RS01170,0.0859329893405052
SYNPCC7942_RS10700,SYNPCC7942_RS04775,0.0859270771679002
SYNPCC7942_RS10040,SYNPCC7942_RS12140,0.0859196048750993
SYNPCC7942_RS13165,SYNPCC7942_RS07515,0.0858998150848539
SYNPCC7942_RS10700,SYNPCC7942_RS12955,0.0858975073827212
SYNPCC7942_RS07185,SYNPCC7942_RS00885,0.0858859583700044
SYNPCC7942_RS03325,SYNPCC7942_RS12485,0.0858758391869406
SYNPCC7942_RS00645,SYNPCC7942_RS05850,0.085853079966911
SYNPCC7942_RS10700,SYNPCC7942_RS05565,0.0858524531970969
SYNPCC7942_RS09740,SYNPCC7942_RS04370,0.0858378557166173
SYNPCC7942_RS05870,SYNPCC7942_RS04545,0.0858372757586142
SYNPCC7942_RS12560,SYNPCC7942_RS00540,0.085826261478314
SYNPCC7942_RS12560,SYNPCC7942_RS07105,0.0858146455006242
SYNPCC7942_RS07435,SYNPCC7942_RS04550,0.0858131635752796
SYNPCC7942_RS03465,SYNPCC7942_RS01485,0.0858099893749075
SYNPCC7942_RS07185,SYNPCC7942_RS00595,0.0857943086439074
SYNPCC7942_RS09740,SYNPCC7942_RS12565,0.0857897991451817
SYNPCC7942_RS00455,SYNPCC7942_RS13120,0.0857780242930813
SYNPCC7942_RS07435,SYNPCC7942_RS00005,0.0857749896915193
SYNPCC7942_RS03465,SYNPCC7942_RS03075,0.0857680479856621
SYNPCC7942_RS07185,SYNPCC7942_RS12050,0.0857601462049409
SYNPCC7942_RS09160,SYNPCC7942_RS07215,0.0857180926809435
SYNPCC7942_RS05640,SYNPCC7942_RS08670,0.0856960475053182
SYNPCC7942_RS07435,SYNPCC7942_RS01385,0.0856861851138119
SYNPCC7942_RS09740,SYNPCC7942_RS05850,0.0856810313830213
SYNPCC7942_RS07435,SYNPCC7942_RS02100,0.0856772926447976
SYNPCC7942_RS09740,SYNPCC7942_RS12040,0.0856256869209854
SYNPCC7942_RS08820,SYNPCC7942_RS00390,0.0856144782936191
SYNPCC7942_RS02830,SYNPCC7942_RS07690,0.0856069888182159
SYNPCC7942_RS07435,SYNPCC7942_RS01680,0.0855922809294613
SYNPCC7942_RS12560,SYNPCC7942_RS03290,0.0855729935850541
SYNPCC7942_RS10040,SYNPCC7942_RS04155,0.0855685959120341
SYNPCC7942_RS09435,SYNPCC7942_RS13135,0.0855477563617662
SYNPCC7942_RS02895,SYNPCC7942_RS06335,0.0855357866504369
SYNPCC7942_RS05870,SYNPCC7942_RS08555,0.0855169627594305
SYNPCC7942_RS00455,SYNPCC7942_RS10825,0.0854873134028135
SYNPCC7942_RS10700,SYNPCC7942_RS07930,0.0854624772855164
SYNPCC7942_RS00455,SYNPCC7942_RS12785,0.0854578631073356
SYNPCC7942_RS05870,SYNPCC7942_RS05820,0.0854536922437167
SYNPCC7942_RS10700,SYNPCC7942_RS02100,0.085441541091394
SYNPCC7942_RS03530,SYNPCC7942_RS07505,0.0854222505481971
SYNPCC7942_RS02895,SYNPCC7942_RS02940,0.0854175867298724
SYNPCC7942_RS00380,SYNPCC7942_RS05760,0.0854142400032144
SYNPCC7942_RS02895,SYNPCC7942_RS11080,0.0854136461502328
SYNPCC7942_RS08780,SYNPCC7942_RS08640,0.0854104355663618
SYNPCC7942_RS00645,SYNPCC7942_RS10445,0.0854008491860026
SYNPCC7942_RS02830,SYNPCC7942_RS05970,0.0853956487200969
SYNPCC7942_RS12560,SYNPCC7942_RS02695,0.0853813838181572
SYNPCC7942_RS10700,SYNPCC7942_RS07365,0.085377017870154
SYNPCC7942_RS09740,SYNPCC7942_RS07770,0.0853759437010217
SYNPCC7942_RS07185,SYNPCC7942_RS12860,0.0853758524824048
SYNPCC7942_RS07185,SYNPCC7942_RS06520,0.0853603536589633
SYNPCC7942_RS10700,SYNPCC7942_RS02295,0.0853531257596199
SYNPCC7942_RS07435,SYNPCC7942_RS13905,0.0853494777595144
SYNPCC7942_RS03160,SYNPCC7942_RS10115,0.0853379979266022
SYNPCC7942_RS12560,SYNPCC7942_RS01565,0.085323308700901
SYNPCC7942_RS10700,SYNPCC7942_RS11980,0.0853063861855104
SYNPCC7942_RS08405,SYNPCC7942_RS08400,0.0853022959465447
SYNPCC7942_RS03160,SYNPCC7942_RS01785,0.0852866141136134
SYNPCC7942_RS03075,SYNPCC7942_RS11720,0.0852680550212155
SYNPCC7942_RS09740,SYNPCC7942_RS08960,0.0852670399685074
SYNPCC7942_RS09740,SYNPCC7942_RS03620,0.0852565020805924
SYNPCC7942_RS07435,SYNPCC7942_RS04400,0.08524822266858
SYNPCC7942_RS09065,SYNPCC7942_RS07265,0.0852466561102509
SYNPCC7942_RS10340,SYNPCC7942_RS03880,0.085226520153291
SYNPCC7942_RS07185,SYNPCC7942_RS06810,0.0852212597619034
SYNPCC7942_RS10350,SYNPCC7942_RS01190,0.0852046863795971
SYNPCC7942_RS03160,SYNPCC7942_RS03125,0.0852015790855355
SYNPCC7942_RS07435,SYNPCC7942_RS02735,0.0851966746553909
SYNPCC7942_RS03160,SYNPCC7942_RS04215,0.0851669850438296
SYNPCC7942_RS12560,SYNPCC7942_RS12230,0.0851558922390083
SYNPCC7942_RS10350,SYNPCC7942_RS10185,0.085144311432978
SYNPCC7942_RS00455,SYNPCC7942_RS06490,0.0851348447457448
SYNPCC7942_RS09740,SYNPCC7942_RS12000,0.0851341755578762
SYNPCC7942_RS00455,SYNPCC7942_RS10975,0.085126823674558
SYNPCC7942_RS10700,SYNPCC7942_RS13630,0.085126101756631
SYNPCC7942_RS09740,SYNPCC7942_RS11885,0.0851208719124427
SYNPCC7942_RS10700,SYNPCC7942_RS06300,0.0851190813682966
SYNPCC7942_RS07435,SYNPCC7942_RS09855,0.085100351959844
SYNPCC7942_RS02830,SYNPCC7942_RS02680,0.0850849863701136
SYNPCC7942_RS10700,SYNPCC7942_RS01270,0.0850505288104271
SYNPCC7942_RS10340,SYNPCC7942_RS09760,0.0850477747591319
SYNPCC7942_RS12560,SYNPCC7942_RS11615,0.085034078121262
SYNPCC7942_RS10700,SYNPCC7942_RS02640,0.0850170143838511
SYNPCC7942_RS02830,SYNPCC7942_RS06920,0.0850148988232181
SYNPCC7942_RS07435,SYNPCC7942_RS07790,0.0850088617134788
SYNPCC7942_RS00645,SYNPCC7942_RS10355,0.085007405183656
SYNPCC7942_RS00455,SYNPCC7942_RS05850,0.084982107658086
SYNPCC7942_RS03465,SYNPCC7942_RS07400,0.0849749913369948
SYNPCC7942_RS10700,SYNPCC7942_RS10760,0.0849557694544998
SYNPCC7942_RS12560,SYNPCC7942_RS02195,0.084952528266605
SYNPCC7942_RS09380,SYNPCC7942_RS03615,0.0849401455309516
SYNPCC7942_RS03325,SYNPCC7942_RS07630,0.0849177536745582
SYNPCC7942_RS09065,SYNPCC7942_RS10555,0.0849142367951709
SYNPCC7942_RS03160,SYNPCC7942_RS05560,0.0849114445469633
SYNPCC7942_RS05870,SYNPCC7942_RS10120,0.0848997071085789
SYNPCC7942_RS00455,SYNPCC7942_RS10980,0.084897615706908
SYNPCC7942_RS09435,SYNPCC7942_RS08060,0.084861184141377
SYNPCC7942_RS07805,SYNPCC7942_RS09830,0.0848604830392741
SYNPCC7942_RS10700,SYNPCC7942_RS00455,0.0848564206401915
SYNPCC7942_RS08885,SYNPCC7942_RS13020,0.0848520004372242
SYNPCC7942_RS08820,SYNPCC7942_RS05050,0.0848517406157667
SYNPCC7942_RS07185,SYNPCC7942_RS07835,0.0848492400085525
SYNPCC7942_RS10700,SYNPCC7942_RS08895,0.0848462005640529
SYNPCC7942_RS00455,SYNPCC7942_RS00645,0.0848425121194189
SYNPCC7942_RS12275,SYNPCC7942_RS06220,0.0848361219934165
SYNPCC7942_RS03325,SYNPCC7942_RS00105,0.0848354765742166
SYNPCC7942_RS03160,SYNPCC7942_RS09335,0.0848258961036806
SYNPCC7942_RS09160,SYNPCC7942_RS09755,0.0848244760593665
SYNPCC7942_RS03325,SYNPCC7942_RS00355,0.0848124848829734
SYNPCC7942_RS07435,SYNPCC7942_RS06580,0.0848113975411706
SYNPCC7942_RS10350,SYNPCC7942_RS12950,0.0848006653207563
SYNPCC7942_RS10700,SYNPCC7942_RS07340,0.0847974037968557
SYNPCC7942_RS12560,SYNPCC7942_RS04135,0.0847795807963016
SYNPCC7942_RS03160,SYNPCC7942_RS01520,0.084768952149069
SYNPCC7942_RS11970,SYNPCC7942_RS07825,0.0847642346317216
SYNPCC7942_RS09380,SYNPCC7942_RS13260,0.0847611428733598
SYNPCC7942_RS00645,SYNPCC7942_RS09765,0.0847603776470955
SYNPCC7942_RS10700,SYNPCC7942_RS01850,0.084746221532589
SYNPCC7942_RS06370,SYNPCC7942_RS05500,0.0847290518515627
SYNPCC7942_RS09435,SYNPCC7942_RS04520,0.0847085854040829
SYNPCC7942_RS08885,SYNPCC7942_RS02270,0.0846889356847576
SYNPCC7942_RS03160,SYNPCC7942_RS12165,0.0846774864005873
SYNPCC7942_RS07435,SYNPCC7942_RS01375,0.0846758697203602
SYNPCC7942_RS10700,SYNPCC7942_RS09260,0.0846741930133431
SYNPCC7942_RS03160,SYNPCC7942_RS07340,0.0846567689577193
SYNPCC7942_RS07435,SYNPCC7942_RS10565,0.0846378703889286
SYNPCC7942_RS07435,SYNPCC7942_RS10455,0.0846214842939388
SYNPCC7942_RS09740,SYNPCC7942_RS12555,0.0846055584372031
SYNPCC7942_RS10040,SYNPCC7942_RS07805,0.0845925377641889
SYNPCC7942_RS09760,SYNPCC7942_RS08370,0.0845819487064614
SYNPCC7942_RS03160,SYNPCC7942_RS08150,0.0845744859196923
SYNPCC7942_RS07185,SYNPCC7942_RS08670,0.0845666079174636
SYNPCC7942_RS03465,SYNPCC7942_RS03245,0.0845315805894719
SYNPCC7942_RS00645,SYNPCC7942_RS10335,0.0844866245090037
SYNPCC7942_RS10700,SYNPCC7942_RS12725,0.0844790208376648
SYNPCC7942_RS10700,SYNPCC7942_RS03235,0.0844762635534321
SYNPCC7942_RS09740,SYNPCC7942_RS03325,0.0844749737938515
SYNPCC7942_RS13165,SYNPCC7942_RS09505,0.0844644311846378
SYNPCC7942_RS10700,SYNPCC7942_RS02775,0.0844620599998987
SYNPCC7942_RS02830,SYNPCC7942_RS09270,0.0844537557825966
SYNPCC7942_RS00455,SYNPCC7942_RS09180,0.0844125411603835
SYNPCC7942_RS00645,SYNPCC7942_RS06375,0.0844113651817815
SYNPCC7942_RS00645,SYNPCC7942_RS11425,0.0844070248965632
SYNPCC7942_RS03160,SYNPCC7942_RS07930,0.0843892466599754
SYNPCC7942_RS11465,SYNPCC7942_RS08330,0.0843771351746213
SYNPCC7942_RS03160,SYNPCC7942_RS08920,0.0843756135911254
SYNPCC7942_RS00560,SYNPCC7942_RS14055,0.0843600400969018
SYNPCC7942_RS09160,SYNPCC7942_RS12865,0.0843571247025987
SYNPCC7942_RS06370,SYNPCC7942_RS13120,0.0843539038993008
SYNPCC7942_RS11970,SYNPCC7942_RS00955,0.0843475608001164
SYNPCC7942_RS03465,SYNPCC7942_RS11770,0.0843335173787855
SYNPCC7942_RS05870,SYNPCC7942_RS02035,0.084332959232373
SYNPCC7942_RS09740,SYNPCC7942_RS05245,0.0843200230416647
SYNPCC7942_RS11465,SYNPCC7942_RS03245,0.0843056446022453
SYNPCC7942_RS05070,SYNPCC7942_RS11910,0.0842932003263585
SYNPCC7942_RS13165,SYNPCC7942_RS14020,0.0842721670373824
SYNPCC7942_RS07185,SYNPCC7942_RS10170,0.0842694544047734
SYNPCC7942_RS12535,SYNPCC7942_RS01545,0.0842351182447595
SYNPCC7942_RS07185,SYNPCC7942_RS10905,0.0842285416705997
SYNPCC7942_RS09740,SYNPCC7942_RS09690,0.0842258433117452
SYNPCC7942_RS00645,SYNPCC7942_RS13055,0.08420787638567
SYNPCC7942_RS09740,SYNPCC7942_RS01235,0.0841977814830987
SYNPCC7942_RS00645,SYNPCC7942_RS01380,0.0841822870698771
SYNPCC7942_RS03440,SYNPCC7942_RS08845,0.0841567248728348
SYNPCC7942_RS10040,SYNPCC7942_RS08385,0.084156633693068
SYNPCC7942_RS10700,SYNPCC7942_RS11755,0.0841487536991552
SYNPCC7942_RS05070,SYNPCC7942_RS03065,0.0841485544954807
SYNPCC7942_RS09740,SYNPCC7942_RS07095,0.0841468188356556
SYNPCC7942_RS06370,SYNPCC7942_RS06015,0.0841392755847916
SYNPCC7942_RS00645,SYNPCC7942_RS08625,0.0841254985661652
SYNPCC7942_RS00645,SYNPCC7942_RS03495,0.0841204563745927
SYNPCC7942_RS11465,SYNPCC7942_RS09575,0.0841160800977193
SYNPCC7942_RS00455,SYNPCC7942_RS10105,0.08410316815931
SYNPCC7942_RS02830,SYNPCC7942_RS11185,0.0840918745365233
SYNPCC7942_RS07185,SYNPCC7942_RS02635,0.0840856385229812
SYNPCC7942_RS03160,SYNPCC7942_RS03405,0.0840595171754109
SYNPCC7942_RS11970,SYNPCC7942_RS01905,0.084043195978656
SYNPCC7942_RS08780,SYNPCC7942_RS13800,0.084028219535132
SYNPCC7942_RS00645,SYNPCC7942_RS06310,0.0840155030998171
SYNPCC7942_RS07435,SYNPCC7942_RS07785,0.0840131245036057
SYNPCC7942_RS10165,SYNPCC7942_RS03870,0.0840126966764245
SYNPCC7942_RS00480,SYNPCC7942_RS01605,0.0840107827985871
SYNPCC7942_RS07185,SYNPCC7942_RS12235,0.0839912713614905
SYNPCC7942_RS03955,SYNPCC7942_RS01085,0.0839826596768366
SYNPCC7942_RS07185,SYNPCC7942_RS05180,0.0839795689023648
SYNPCC7942_RS09065,SYNPCC7942_RS01245,0.083972364059842
SYNPCC7942_RS09435,SYNPCC7942_RS06850,0.0839581029674913
SYNPCC7942_RS03465,SYNPCC7942_RS02155,0.0839391352275142
SYNPCC7942_RS05870,SYNPCC7942_RS10575,0.0839040138621669
SYNPCC7942_RS07435,SYNPCC7942_RS10225,0.0838955289540613
SYNPCC7942_RS10700,SYNPCC7942_RS12570,0.0838848035787772
SYNPCC7942_RS05870,SYNPCC7942_RS03160,0.0838780303748865
SYNPCC7942_RS05870,SYNPCC7942_RS12335,0.0838690440753819
SYNPCC7942_RS12560,SYNPCC7942_RS08700,0.0838648692914609
SYNPCC7942_RS09435,SYNPCC7942_RS02845,0.0838406753414303
SYNPCC7942_RS09935,SYNPCC7942_RS05495,0.0838271172782284
SYNPCC7942_RS12275,SYNPCC7942_RS10585,0.0838171215899339
SYNPCC7942_RS03075,SYNPCC7942_RS09465,0.083810293992854
SYNPCC7942_RS03160,SYNPCC7942_RS01210,0.0837864077420962
SYNPCC7942_RS10700,SYNPCC7942_RS11990,0.083783402249604
SYNPCC7942_RS12560,SYNPCC7942_RS07415,0.083775795872629
SYNPCC7942_RS06370,SYNPCC7942_RS00120,0.0837659482692348
SYNPCC7942_RS03160,SYNPCC7942_RS04890,0.0837584804086399
SYNPCC7942_RS03440,SYNPCC7942_RS08830,0.0837445990159887
SYNPCC7942_RS00645,SYNPCC7942_RS03640,0.0837443013021837
SYNPCC7942_RS07435,SYNPCC7942_RS14165,0.083726195303339
SYNPCC7942_RS04835,SYNPCC7942_RS02520,0.0837201295166382
SYNPCC7942_RS05870,SYNPCC7942_RS06690,0.0837079469316804
SYNPCC7942_RS03465,SYNPCC7942_RS05620,0.0836646768444728
SYNPCC7942_RS03160,SYNPCC7942_RS08860,0.0836571450948025
SYNPCC7942_RS12560,SYNPCC7942_RS02690,0.0836408499538903
SYNPCC7942_RS03160,SYNPCC7942_RS08500,0.0836317346049352
SYNPCC7942_RS03160,SYNPCC7942_RS05150,0.0836209846277635
SYNPCC7942_RS03160,SYNPCC7942_RS05765,0.083601449041597
SYNPCC7942_RS10700,SYNPCC7942_RS11355,0.0835585003751874
SYNPCC7942_RS03530,SYNPCC7942_RS14060,0.0835516262496138
SYNPCC7942_RS08405,SYNPCC7942_RS14185,0.0835321835626059
SYNPCC7942_RS07435,SYNPCC7942_RS03505,0.0835310183776578
SYNPCC7942_RS03440,SYNPCC7942_RS09475,0.0835056908488142
SYNPCC7942_RS09160,SYNPCC7942_RS08825,0.0834931816374112
SYNPCC7942_RS05640,SYNPCC7942_RS05685,0.0834889373937012
SYNPCC7942_RS10040,SYNPCC7942_RS09140,0.0834795226741639
SYNPCC7942_RS07185,SYNPCC7942_RS03340,0.0834743003126489
SYNPCC7942_RS09740,SYNPCC7942_RS06075,0.0834654039784159
SYNPCC7942_RS03465,SYNPCC7942_RS11425,0.0834629017492387
SYNPCC7942_RS04225,SYNPCC7942_RS12835,0.0834620339050832
SYNPCC7942_RS03075,SYNPCC7942_RS12970,0.0834572507219742
SYNPCC7942_RS05870,SYNPCC7942_RS04080,0.0834550862631412
SYNPCC7942_RS09160,SYNPCC7942_RS12010,0.0834500725811527
SYNPCC7942_RS00765,SYNPCC7942_RS08750,0.0834339306037767
SYNPCC7942_RS03160,SYNPCC7942_RS02200,0.083412742301135
SYNPCC7942_RS03160,SYNPCC7942_RS13160,0.083400884955281
SYNPCC7942_RS09065,SYNPCC7942_RS08005,0.0833926427592991
SYNPCC7942_RS03325,SYNPCC7942_RS06035,0.0833911175180767
SYNPCC7942_RS03160,SYNPCC7942_RS12550,0.0833887599845901
SYNPCC7942_RS09620,SYNPCC7942_RS11840,0.0833867877357428
SYNPCC7942_RS08885,SYNPCC7942_RS10095,0.0833740934974336
SYNPCC7942_RS12560,SYNPCC7942_RS06975,0.0833565120833703
SYNPCC7942_RS03160,SYNPCC7942_RS10945,0.0833547227636477
SYNPCC7942_RS02895,SYNPCC7942_RS08755,0.0833515114792646
SYNPCC7942_RS09065,SYNPCC7942_RS08035,0.0833485607764188
SYNPCC7942_RS07435,SYNPCC7942_RS01675,0.0833327456377388
SYNPCC7942_RS09160,SYNPCC7942_RS06120,0.0833021542068468
SYNPCC7942_RS11465,SYNPCC7942_RS02520,0.0832962270820293
SYNPCC7942_RS09435,SYNPCC7942_RS03270,0.0832948328334592
SYNPCC7942_RS10700,SYNPCC7942_RS09540,0.0832921203885936
SYNPCC7942_RS09500,SYNPCC7942_RS10850,0.0832917991626566
SYNPCC7942_RS13165,SYNPCC7942_RS12735,0.0832763575402716
SYNPCC7942_RS04225,SYNPCC7942_RS05465,0.0832668054396477
SYNPCC7942_RS03160,SYNPCC7942_RS03340,0.0832300409835877
SYNPCC7942_RS05870,SYNPCC7942_RS04525,0.0832261163940478
SYNPCC7942_RS04225,SYNPCC7942_RS00520,0.0832057086628872
SYNPCC7942_RS10700,SYNPCC7942_RS03645,0.0832036761517635
SYNPCC7942_RS07435,SYNPCC7942_RS06190,0.0831970768052442
SYNPCC7942_RS12285,SYNPCC7942_RS00955,0.0831871469779323
SYNPCC7942_RS09065,SYNPCC7942_RS08930,0.083169058723532
SYNPCC7942_RS07435,SYNPCC7942_RS11660,0.0831615141914889
SYNPCC7942_RS00645,SYNPCC7942_RS01155,0.0831549201106795
SYNPCC7942_RS06365,SYNPCC7942_RS09530,0.0831503042089543
SYNPCC7942_RS03160,SYNPCC7942_RS04855,0.0831475392576288
SYNPCC7942_RS07185,SYNPCC7942_RS06075,0.0831428260232384
SYNPCC7942_RS00645,SYNPCC7942_RS11775,0.0831164589808763
SYNPCC7942_RS02830,SYNPCC7942_RS12975,0.0831081341680072
SYNPCC7942_RS02830,SYNPCC7942_RS10545,0.083095168485287
SYNPCC7942_RS00480,SYNPCC7942_RS05210,0.0830893001579331
SYNPCC7942_RS03160,SYNPCC7942_RS11895,0.0830845766172891
SYNPCC7942_RS07435,SYNPCC7942_RS04505,0.0830841333957113
SYNPCC7942_RS09740,SYNPCC7942_RS06990,0.0830703309727546
SYNPCC7942_RS09065,SYNPCC7942_RS11115,0.0830423229558544
SYNPCC7942_RS10700,SYNPCC7942_RS10570,0.0830289596733374
SYNPCC7942_RS09740,SYNPCC7942_RS06070,0.0830066191083285
SYNPCC7942_RS03260,SYNPCC7942_RS13275,0.0830063856205164
SYNPCC7942_RS03465,SYNPCC7942_RS10670,0.0829941705210566
SYNPCC7942_RS07185,SYNPCC7942_RS06820,0.0829922983619985
SYNPCC7942_RS07435,SYNPCC7942_RS08870,0.082978612745605
SYNPCC7942_RS00380,SYNPCC7942_RS02245,0.0829753360590316
SYNPCC7942_RS00765,SYNPCC7942_RS05185,0.0829680982435936
SYNPCC7942_RS02895,SYNPCC7942_RS01500,0.082965782584889
SYNPCC7942_RS00455,SYNPCC7942_RS10715,0.0829632241898986
SYNPCC7942_RS03465,SYNPCC7942_RS12450,0.0829471240342481
SYNPCC7942_RS00560,SYNPCC7942_RS01005,0.0829264203503696
SYNPCC7942_RS03955,SYNPCC7942_RS02090,0.0829203590688211
SYNPCC7942_RS07805,SYNPCC7942_RS00010,0.0829155672449379
SYNPCC7942_RS03160,SYNPCC7942_RS03230,0.0829138403948451
SYNPCC7942_RS00455,SYNPCC7942_RS10060,0.0829032534590677
SYNPCC7942_RS11970,SYNPCC7942_RS09840,0.0828969762568479
SYNPCC7942_RS05870,SYNPCC7942_RS06685,0.0828924958535499
SYNPCC7942_RS10700,SYNPCC7942_RS07445,0.0828658063837014
SYNPCC7942_RS09435,SYNPCC7942_RS08760,0.0828589631437832
SYNPCC7942_RS03160,SYNPCC7942_RS05655,0.082848596851611
SYNPCC7942_RS03465,SYNPCC7942_RS02675,0.0828461963899512
SYNPCC7942_RS00645,SYNPCC7942_RS01715,0.0828399585225817
SYNPCC7942_RS09435,SYNPCC7942_RS00590,0.0828329378673456
SYNPCC7942_RS02830,SYNPCC7942_RS08035,0.0828246827700365
SYNPCC7942_RS03260,SYNPCC7942_RS13015,0.082820814291368
SYNPCC7942_RS03440,SYNPCC7942_RS12415,0.0828175598311628
SYNPCC7942_RS05870,SYNPCC7942_RS07445,0.0828163239721751
SYNPCC7942_RS12560,SYNPCC7942_RS11925,0.0828144813662264
SYNPCC7942_RS09760,SYNPCC7942_RS11375,0.082794479426509
SYNPCC7942_RS08850,SYNPCC7942_RS11290,0.0827906515416826
SYNPCC7942_RS03465,SYNPCC7942_RS06750,0.0827869668598413
SYNPCC7942_RS08885,SYNPCC7942_RS00430,0.0827821307781268
SYNPCC7942_RS09740,SYNPCC7942_RS07780,0.0827626878018523
SYNPCC7942_RS07185,SYNPCC7942_RS02010,0.0827540269589915
SYNPCC7942_RS10340,SYNPCC7942_RS05930,0.0827504959056402
SYNPCC7942_RS05870,SYNPCC7942_RS03540,0.082749251972431
SYNPCC7942_RS03160,SYNPCC7942_RS00700,0.0827428866623581
SYNPCC7942_RS02830,SYNPCC7942_RS05895,0.0827426179556897
SYNPCC7942_RS08885,SYNPCC7942_RS00745,0.0827300310207813
SYNPCC7942_RS09740,SYNPCC7942_RS12655,0.0827222434902382
SYNPCC7942_RS05070,SYNPCC7942_RS13675,0.0827214286587664
SYNPCC7942_RS09620,SYNPCC7942_RS10770,0.0827123748905979
SYNPCC7942_RS08885,SYNPCC7942_RS07560,0.0827109211029919
SYNPCC7942_RS08405,SYNPCC7942_RS06965,0.0827060357749106
SYNPCC7942_RS05870,SYNPCC7942_RS02295,0.0827044208300992
SYNPCC7942_RS05870,SYNPCC7942_RS10995,0.0826982221029461
SYNPCC7942_RS02895,SYNPCC7942_RS01620,0.0826954744258069
SYNPCC7942_RS06370,SYNPCC7942_RS09885,0.0826873172186589
SYNPCC7942_RS09380,SYNPCC7942_RS12115,0.0826739422123348
SYNPCC7942_RS05870,SYNPCC7942_RS07645,0.0826716545591729
SYNPCC7942_RS03530,SYNPCC7942_RS07430,0.0826638082197933
SYNPCC7942_RS12560,SYNPCC7942_RS10250,0.0826622617812284
SYNPCC7942_RS09435,SYNPCC7942_RS02695,0.0826489171048296
SYNPCC7942_RS10700,SYNPCC7942_RS02180,0.0826377155240691
SYNPCC7942_RS03530,SYNPCC7942_RS10750,0.0826318043344103
SYNPCC7942_RS09500,SYNPCC7942_RS00265,0.082592445861277
SYNPCC7942_RS12560,SYNPCC7942_RS02285,0.0825899572806638
SYNPCC7942_RS07185,SYNPCC7942_RS03395,0.0825854180356604
SYNPCC7942_RS06370,SYNPCC7942_RS00050,0.0825681055805859
SYNPCC7942_RS07940,SYNPCC7942_RS04720,0.0825669777240023
SYNPCC7942_RS05640,SYNPCC7942_RS02870,0.0825647178918469
SYNPCC7942_RS07435,SYNPCC7942_RS06685,0.0825536282196687
SYNPCC7942_RS12560,SYNPCC7942_RS00840,0.0825531019473491
SYNPCC7942_RS11970,SYNPCC7942_RS09485,0.0825517738246719
SYNPCC7942_RS03160,SYNPCC7942_RS10080,0.0825438418165673
SYNPCC7942_RS03465,SYNPCC7942_RS06315,0.0825258299081608
SYNPCC7942_RS10165,SYNPCC7942_RS03875,0.0825217474114509
SYNPCC7942_RS00455,SYNPCC7942_RS09460,0.0825200105785629
SYNPCC7942_RS10170,SYNPCC7942_RS03360,0.0825103447984168
SYNPCC7942_RS03465,SYNPCC7942_RS12895,0.0825027016934827
SYNPCC7942_RS12560,SYNPCC7942_RS12310,0.0824951248160659
SYNPCC7942_RS07185,SYNPCC7942_RS09210,0.0824934986433745
SYNPCC7942_RS00455,SYNPCC7942_RS03405,0.0824798359861129
SYNPCC7942_RS00645,SYNPCC7942_RS04140,0.0824497325753037
SYNPCC7942_RS10700,SYNPCC7942_RS05175,0.0824495117786101
SYNPCC7942_RS10700,SYNPCC7942_RS09725,0.0824428747959458
SYNPCC7942_RS07435,SYNPCC7942_RS05110,0.0824309765901059
SYNPCC7942_RS00645,SYNPCC7942_RS13915,0.0824183530626144
SYNPCC7942_RS12560,SYNPCC7942_RS12270,0.0823922468844522
SYNPCC7942_RS07435,SYNPCC7942_RS06715,0.0823873582018351
SYNPCC7942_RS00455,SYNPCC7942_RS04765,0.0823852953327628
SYNPCC7942_RS09500,SYNPCC7942_RS13670,0.0823765812113309
SYNPCC7942_RS00645,SYNPCC7942_RS05135,0.0823648634368018
SYNPCC7942_RS03325,SYNPCC7942_RS06895,0.0823232495482574
SYNPCC7942_RS12560,SYNPCC7942_RS07350,0.0823052167391905
SYNPCC7942_RS00645,SYNPCC7942_RS05575,0.0822953097843244
SYNPCC7942_RS09740,SYNPCC7942_RS07670,0.0822798567155101
SYNPCC7942_RS10700,SYNPCC7942_RS10450,0.0822676158137126
SYNPCC7942_RS00380,SYNPCC7942_RS00375,0.082260959545373
SYNPCC7942_RS09160,SYNPCC7942_RS10425,0.082257640842181
SYNPCC7942_RS12560,SYNPCC7942_RS07715,0.0822572442426985
SYNPCC7942_RS08885,SYNPCC7942_RS09315,0.0822506753150346
SYNPCC7942_RS07435,SYNPCC7942_RS07800,0.0822505673951109
SYNPCC7942_RS05870,SYNPCC7942_RS11345,0.082230901387678
SYNPCC7942_RS06370,SYNPCC7942_RS06560,0.0822224527905353
SYNPCC7942_RS07435,SYNPCC7942_RS02895,0.0822144606700346
SYNPCC7942_RS12275,SYNPCC7942_RS03055,0.0821560752322206
SYNPCC7942_RS12275,SYNPCC7942_RS10035,0.082123036620501
SYNPCC7942_RS07435,SYNPCC7942_RS04265,0.0821037573787418
SYNPCC7942_RS00455,SYNPCC7942_RS09855,0.0820755360775357
SYNPCC7942_RS03260,SYNPCC7942_RS05750,0.082071285370543
SYNPCC7942_RS03075,SYNPCC7942_RS07500,0.0820460228569026
SYNPCC7942_RS03160,SYNPCC7942_RS08955,0.0820261920792026
SYNPCC7942_RS09620,SYNPCC7942_RS08710,0.0820224215859553
SYNPCC7942_RS10700,SYNPCC7942_RS11490,0.0820212320537722
SYNPCC7942_RS11970,SYNPCC7942_RS08375,0.0819958030640185
SYNPCC7942_RS08405,SYNPCC7942_RS03195,0.0819907892093698
SYNPCC7942_RS05870,SYNPCC7942_RS00640,0.0819720372573555
SYNPCC7942_RS09065,SYNPCC7942_RS12260,0.081971762508518
SYNPCC7942_RS03075,SYNPCC7942_RS07400,0.0819645469149883
SYNPCC7942_RS03465,SYNPCC7942_RS08395,0.0819574587417978
SYNPCC7942_RS09740,SYNPCC7942_RS09520,0.0819512603436143
SYNPCC7942_RS12560,SYNPCC7942_RS09370,0.0819504581408194
SYNPCC7942_RS10700,SYNPCC7942_RS12070,0.0819447691891527
SYNPCC7942_RS10700,SYNPCC7942_RS11575,0.0819044169490901
SYNPCC7942_RS09740,SYNPCC7942_RS01510,0.0818966828486527
SYNPCC7942_RS10700,SYNPCC7942_RS08140,0.0818924093707294
SYNPCC7942_RS07435,SYNPCC7942_RS05020,0.0818756237756678
SYNPCC7942_RS10700,SYNPCC7942_RS06295,0.0818731172555147
SYNPCC7942_RS00765,SYNPCC7942_RS12865,0.0818661703851576
SYNPCC7942_RS00645,SYNPCC7942_RS08715,0.0818648756082682
SYNPCC7942_RS07435,SYNPCC7942_RS12590,0.0818505700626107
SYNPCC7942_RS00645,SYNPCC7942_RS01820,0.081849382906965
SYNPCC7942_RS11715,SYNPCC7942_RS04860,0.0818355748748756
SYNPCC7942_RS07805,SYNPCC7942_RS07030,0.0818299262525132
SYNPCC7942_RS10170,SYNPCC7942_RS07905,0.0818195587440613
SYNPCC7942_RS09620,SYNPCC7942_RS12090,0.0818006340319542
SYNPCC7942_RS10700,SYNPCC7942_RS10825,0.0817931824684505
SYNPCC7942_RS06370,SYNPCC7942_RS09775,0.0817892441152394
SYNPCC7942_RS03160,SYNPCC7942_RS09635,0.0817669900838009
SYNPCC7942_RS12560,SYNPCC7942_RS12065,0.0817426453329834
SYNPCC7942_RS03075,SYNPCC7942_RS03610,0.081733934836393
SYNPCC7942_RS12560,SYNPCC7942_RS02060,0.0817186748925088
SYNPCC7942_RS09620,SYNPCC7942_RS07185,0.081717506599744
SYNPCC7942_RS07185,SYNPCC7942_RS08385,0.0817166875583641
SYNPCC7942_RS05870,SYNPCC7942_RS04275,0.0817060132800182
SYNPCC7942_RS07185,SYNPCC7942_RS03595,0.0816952287410083
SYNPCC7942_RS00455,SYNPCC7942_RS01825,0.0816911212847269
SYNPCC7942_RS03325,SYNPCC7942_RS07060,0.0816878775607591
SYNPCC7942_RS09740,SYNPCC7942_RS04090,0.0816840923492598
SYNPCC7942_RS09740,SYNPCC7942_RS10110,0.0816488079952481
SYNPCC7942_RS09500,SYNPCC7942_RS09645,0.0816452709664543
SYNPCC7942_RS10700,SYNPCC7942_RS04215,0.0816408806706538
SYNPCC7942_RS07435,SYNPCC7942_RS07315,0.0816346320958238
SYNPCC7942_RS00645,SYNPCC7942_RS07625,0.0816322538969485
SYNPCC7942_RS09380,SYNPCC7942_RS03305,0.0816309398629838
SYNPCC7942_RS09500,SYNPCC7942_RS09410,0.0816232200735553
SYNPCC7942_RS00645,SYNPCC7942_RS08805,0.0816194566747619
SYNPCC7942_RS10260,SYNPCC7942_RS11205,0.0816089983243526
SYNPCC7942_RS07435,SYNPCC7942_RS01785,0.081608142954979
SYNPCC7942_RS09380,SYNPCC7942_RS12965,0.0816036918094877
SYNPCC7942_RS09740,SYNPCC7942_RS10565,0.0815985514584127
SYNPCC7942_RS08780,SYNPCC7942_RS07980,0.0815814418464805
SYNPCC7942_RS05870,SYNPCC7942_RS06220,0.081577833901787
SYNPCC7942_RS03325,SYNPCC7942_RS02965,0.0815775393922659
SYNPCC7942_RS03465,SYNPCC7942_RS03320,0.0815755875480894
SYNPCC7942_RS09380,SYNPCC7942_RS06325,0.0815694582360152
SYNPCC7942_RS09740,SYNPCC7942_RS02965,0.0815381418412323
SYNPCC7942_RS10700,SYNPCC7942_RS10145,0.0815320140139476
SYNPCC7942_RS00480,SYNPCC7942_RS06620,0.0815231507862858
SYNPCC7942_RS11465,SYNPCC7942_RS02720,0.0815157899226466
SYNPCC7942_RS08885,SYNPCC7942_RS11615,0.0815140860260541
SYNPCC7942_RS08850,SYNPCC7942_RS10615,0.0815122979778651
SYNPCC7942_RS09500,SYNPCC7942_RS07890,0.0815116839595857
SYNPCC7942_RS00455,SYNPCC7942_RS00115,0.0815110767830085
SYNPCC7942_RS07185,SYNPCC7942_RS09900,0.081486878292076
SYNPCC7942_RS03160,SYNPCC7942_RS09690,0.0814774803151474
SYNPCC7942_RS10350,SYNPCC7942_RS12925,0.0814704962717568
SYNPCC7942_RS00645,SYNPCC7942_RS00005,0.0814601934716328
SYNPCC7942_RS07435,SYNPCC7942_RS00870,0.0814584161527853
SYNPCC7942_RS00380,SYNPCC7942_RS13715,0.0814550166815736
SYNPCC7942_RS03465,SYNPCC7942_RS07695,0.0814507221945231
SYNPCC7942_RS00765,SYNPCC7942_RS03525,0.0814442414915783
SYNPCC7942_RS07185,SYNPCC7942_RS07105,0.081431289617725
SYNPCC7942_RS00645,SYNPCC7942_RS04515,0.0814233736165889
SYNPCC7942_RS03160,SYNPCC7942_RS11750,0.0814218874230698
SYNPCC7942_RS09740,SYNPCC7942_RS11480,0.0814210065772981
SYNPCC7942_RS09065,SYNPCC7942_RS09935,0.0814189679918754
SYNPCC7942_RS03160,SYNPCC7942_RS03635,0.0814188545451069
SYNPCC7942_RS10700,SYNPCC7942_RS12300,0.0814063439454541
SYNPCC7942_RS09620,SYNPCC7942_RS11920,0.081405221393264
SYNPCC7942_RS08850,SYNPCC7942_RS11295,0.0813910320587453
SYNPCC7942_RS00645,SYNPCC7942_RS00815,0.0813893541273149
SYNPCC7942_RS00455,SYNPCC7942_RS04995,0.0813789006200172
SYNPCC7942_RS11465,SYNPCC7942_RS09955,0.0813762096436728
SYNPCC7942_RS06370,SYNPCC7942_RS06515,0.0813733411385449
SYNPCC7942_RS03440,SYNPCC7942_RS05330,0.0813688791214889
SYNPCC7942_RS05870,SYNPCC7942_RS07450,0.0813578045222697
SYNPCC7942_RS05870,SYNPCC7942_RS00800,0.0813489420439844
SYNPCC7942_RS09380,SYNPCC7942_RS08505,0.0813485025860833
SYNPCC7942_RS02830,SYNPCC7942_RS11110,0.0813479899396463
SYNPCC7942_RS08820,SYNPCC7942_RS09785,0.0813450640721224
SYNPCC7942_RS00765,SYNPCC7942_RS07755,0.0813386647954407
SYNPCC7942_RS03465,SYNPCC7942_RS00715,0.081337684798644
SYNPCC7942_RS00645,SYNPCC7942_RS07800,0.0813326844562071
SYNPCC7942_RS00560,SYNPCC7942_RS05025,0.0813173371501822
SYNPCC7942_RS00645,SYNPCC7942_RS06615,0.0813019967806606
SYNPCC7942_RS03530,SYNPCC7942_RS07140,0.0813019550733728
SYNPCC7942_RS07435,SYNPCC7942_RS01625,0.0813019179930825
SYNPCC7942_RS12275,SYNPCC7942_RS08105,0.0812993009960232
SYNPCC7942_RS00455,SYNPCC7942_RS13050,0.0812971118344402
SYNPCC7942_RS03160,SYNPCC7942_RS04290,0.0812893261765895
SYNPCC7942_RS05870,SYNPCC7942_RS05155,0.0812870900209086
SYNPCC7942_RS10700,SYNPCC7942_RS10525,0.081273517253959
SYNPCC7942_RS09740,SYNPCC7942_RS10140,0.0812726065624008
SYNPCC7942_RS00455,SYNPCC7942_RS02140,0.0812505842032106
SYNPCC7942_RS09740,SYNPCC7942_RS11740,0.0812377320936391
SYNPCC7942_RS03160,SYNPCC7942_RS09665,0.081225386991883
SYNPCC7942_RS00455,SYNPCC7942_RS01675,0.0812225618417533
SYNPCC7942_RS03955,SYNPCC7942_RS07515,0.0812210406144442
SYNPCC7942_RS00645,SYNPCC7942_RS06015,0.0812207515759878
SYNPCC7942_RS03440,SYNPCC7942_RS12375,0.0812161648310232
SYNPCC7942_RS07435,SYNPCC7942_RS04970,0.0811901621372595
SYNPCC7942_RS00645,SYNPCC7942_RS09560,0.0811839330259641
SYNPCC7942_RS05870,SYNPCC7942_RS04465,0.0811638355346232
SYNPCC7942_RS03160,SYNPCC7942_RS02220,0.0811601547496984
SYNPCC7942_RS10700,SYNPCC7942_RS08150,0.0811368283072001
SYNPCC7942_RS12560,SYNPCC7942_RS05630,0.081130295512884
SYNPCC7942_RS03465,SYNPCC7942_RS12120,0.0811244256913398
SYNPCC7942_RS03160,SYNPCC7942_RS07800,0.0811211233949144
SYNPCC7942_RS10700,SYNPCC7942_RS06855,0.0811163738922427
SYNPCC7942_RS07435,SYNPCC7942_RS08755,0.0811144407632361
SYNPCC7942_RS02830,SYNPCC7942_RS13240,0.0811144186117491
SYNPCC7942_RS11465,SYNPCC7942_RS11715,0.0811008005974986
SYNPCC7942_RS03465,SYNPCC7942_RS12980,0.0810677731368815
SYNPCC7942_RS08885,SYNPCC7942_RS01170,0.0810640617682245
SYNPCC7942_RS03160,SYNPCC7942_RS06305,0.0810560386708771
SYNPCC7942_RS03440,SYNPCC7942_RS11315,0.0810443834389313
SYNPCC7942_RS09435,SYNPCC7942_RS03380,0.0810307109877437
SYNPCC7942_RS00645,SYNPCC7942_RS04450,0.0809980604318601
SYNPCC7942_RS09160,SYNPCC7942_RS04930,0.0809853681835876
SYNPCC7942_RS03160,SYNPCC7942_RS02245,0.0809824999359807
SYNPCC7942_RS00455,SYNPCC7942_RS01410,0.080971180191291
SYNPCC7942_RS07435,SYNPCC7942_RS11905,0.0809678009026045
SYNPCC7942_RS08885,SYNPCC7942_RS11465,0.080955128935816
SYNPCC7942_RS10700,SYNPCC7942_RS01055,0.0809488718348222
SYNPCC7942_RS08405,SYNPCC7942_RS11615,0.0809421299432311
SYNPCC7942_RS09620,SYNPCC7942_RS07105,0.0809207306755056
SYNPCC7942_RS12560,SYNPCC7942_RS11945,0.080907993223899
SYNPCC7942_RS03325,SYNPCC7942_RS02760,0.0809039981781446
SYNPCC7942_RS03465,SYNPCC7942_RS00980,0.0808898487322249
SYNPCC7942_RS05870,SYNPCC7942_RS12475,0.0808690066714393
SYNPCC7942_RS11970,SYNPCC7942_RS07475,0.0808613167269523
SYNPCC7942_RS08885,SYNPCC7942_RS14140,0.0808479934634297
SYNPCC7942_RS00455,SYNPCC7942_RS12655,0.0808183101872081
SYNPCC7942_RS03325,SYNPCC7942_RS09735,0.0808100138621548
SYNPCC7942_RS00380,SYNPCC7942_RS03640,0.0808029005816714
SYNPCC7942_RS00480,SYNPCC7942_RS02895,0.0808014512289059
SYNPCC7942_RS00380,SYNPCC7942_RS02490,0.0807937314679324
SYNPCC7942_RS07435,SYNPCC7942_RS11220,0.0807876868649532
SYNPCC7942_RS10700,SYNPCC7942_RS06890,0.0807820941442048
SYNPCC7942_RS05870,SYNPCC7942_RS13305,0.0807670530567642
SYNPCC7942_RS09740,SYNPCC7942_RS04260,0.0807649513074433
SYNPCC7942_RS13695,SYNPCC7942_RS06205,0.0807577813989426
SYNPCC7942_RS07435,SYNPCC7942_RS10420,0.0807541508555836
SYNPCC7942_RS10170,SYNPCC7942_RS09590,0.0807468073736213
SYNPCC7942_RS12285,SYNPCC7942_RS00565,0.0807418911599311
SYNPCC7942_RS00455,SYNPCC7942_RS09775,0.0807410193841887
SYNPCC7942_RS07185,SYNPCC7942_RS05260,0.080735576985128
SYNPCC7942_RS03075,SYNPCC7942_RS03985,0.0807338317475549
SYNPCC7942_RS00380,SYNPCC7942_RS07995,0.0807332249778939
SYNPCC7942_RS10700,SYNPCC7942_RS04265,0.0807219423287291
SYNPCC7942_RS09740,SYNPCC7942_RS04170,0.0807197922485824
SYNPCC7942_RS08885,SYNPCC7942_RS09090,0.0807159449310364
SYNPCC7942_RS05870,SYNPCC7942_RS03455,0.0807071772761845
SYNPCC7942_RS09160,SYNPCC7942_RS02665,0.0806920018512366
SYNPCC7942_RS12535,SYNPCC7942_RS01745,0.0806588594728895
SYNPCC7942_RS12560,SYNPCC7942_RS07245,0.0806538831545354
SYNPCC7942_RS06370,SYNPCC7942_RS09605,0.0806524908818792
SYNPCC7942_RS03160,SYNPCC7942_RS13225,0.0806508286933447
SYNPCC7942_RS12560,SYNPCC7942_RS07565,0.0806350836735935
SYNPCC7942_RS07435,SYNPCC7942_RS13060,0.0806173393561062
SYNPCC7942_RS03160,SYNPCC7942_RS05610,0.0806142143871936
SYNPCC7942_RS03075,SYNPCC7942_RS08470,0.0806136796788425
SYNPCC7942_RS07435,SYNPCC7942_RS11420,0.0806094344554539
SYNPCC7942_RS03160,SYNPCC7942_RS11490,0.0806014242434765
SYNPCC7942_RS09935,SYNPCC7942_RS10020,0.0805947524204948
SYNPCC7942_RS02895,SYNPCC7942_RS01665,0.0805914812486677
SYNPCC7942_RS03160,SYNPCC7942_RS10830,0.0805851438880847
SYNPCC7942_RS03325,SYNPCC7942_RS11895,0.0805784472082882
SYNPCC7942_RS07435,SYNPCC7942_RS09440,0.0805550097537057
SYNPCC7942_RS07435,SYNPCC7942_RS11605,0.0805522104847311
SYNPCC7942_RS05870,SYNPCC7942_RS02730,0.080542446972315
SYNPCC7942_RS12560,SYNPCC7942_RS03525,0.0805422079422674
SYNPCC7942_RS02830,SYNPCC7942_RS11525,0.080534178994865
SYNPCC7942_RS08780,SYNPCC7942_RS05520,0.0805287086232752
SYNPCC7942_RS03160,SYNPCC7942_RS04115,0.0805242871460678
SYNPCC7942_RS00560,SYNPCC7942_RS08510,0.0805024014821201
SYNPCC7942_RS00645,SYNPCC7942_RS01705,0.0805010104811663
SYNPCC7942_RS07185,SYNPCC7942_RS03600,0.0804950614862472
SYNPCC7942_RS07435,SYNPCC7942_RS11875,0.0804839716908493
SYNPCC7942_RS03160,SYNPCC7942_RS03620,0.0804820648253624
SYNPCC7942_RS05870,SYNPCC7942_RS13030,0.0804774277212897
SYNPCC7942_RS09500,SYNPCC7942_RS10855,0.080467618742173
SYNPCC7942_RS09740,SYNPCC7942_RS12385,0.0804657925803315
SYNPCC7942_RS08885,SYNPCC7942_RS13070,0.0804590800207328
SYNPCC7942_RS00455,SYNPCC7942_RS06865,0.0804498928387008
SYNPCC7942_RS03325,SYNPCC7942_RS09010,0.0804472917378081
SYNPCC7942_RS09380,SYNPCC7942_RS00020,0.0804401501917451
SYNPCC7942_RS06370,SYNPCC7942_RS06905,0.0804377656274067
SYNPCC7942_RS09740,SYNPCC7942_RS01935,0.0804127869010564
SYNPCC7942_RS00380,SYNPCC7942_RS02840,0.0804115353182321
SYNPCC7942_RS03960,SYNPCC7942_RS02170,0.0804113978747926
SYNPCC7942_RS07185,SYNPCC7942_RS05055,0.0803650277095146
SYNPCC7942_RS06370,SYNPCC7942_RS10450,0.0803642981000075
SYNPCC7942_RS10700,SYNPCC7942_RS09740,0.0803640491095663
SYNPCC7942_RS00645,SYNPCC7942_RS09295,0.0803603518155249
SYNPCC7942_RS08780,SYNPCC7942_RS08065,0.080334671132724
SYNPCC7942_RS07435,SYNPCC7942_RS04615,0.0803169420659423
SYNPCC7942_RS10350,SYNPCC7942_RS10895,0.0803163041059073
SYNPCC7942_RS06370,SYNPCC7942_RS05980,0.0803060112398893
SYNPCC7942_RS09740,SYNPCC7942_RS02930,0.0802840444534726
SYNPCC7942_RS00765,SYNPCC7942_RS10405,0.0802585439126868
SYNPCC7942_RS03325,SYNPCC7942_RS12845,0.0802103974254847
SYNPCC7942_RS03160,SYNPCC7942_RS12570,0.0801924609049343
SYNPCC7942_RS07435,SYNPCC7942_RS07335,0.0801573208209937
SYNPCC7942_RS05870,SYNPCC7942_RS06885,0.0801572681418494
SYNPCC7942_RS03160,SYNPCC7942_RS02470,0.0801325492532749
SYNPCC7942_RS12285,SYNPCC7942_RS05600,0.0801317001246064
SYNPCC7942_RS00455,SYNPCC7942_RS05405,0.0801297973273608
SYNPCC7942_RS09740,SYNPCC7942_RS00035,0.0801206660002014
SYNPCC7942_RS09435,SYNPCC7942_RS04920,0.0801204016381682
SYNPCC7942_RS07185,SYNPCC7942_RS11845,0.0801199264985382
SYNPCC7942_RS10700,SYNPCC7942_RS06670,0.0801180245186593
SYNPCC7942_RS11030,SYNPCC7942_RS07125,0.0801127278775512
SYNPCC7942_RS00380,SYNPCC7942_RS03140,0.0801107676841103
SYNPCC7942_RS09620,SYNPCC7942_RS05655,0.0801055198141776
SYNPCC7942_RS03955,SYNPCC7942_RS11830,0.0800948315150339
SYNPCC7942_RS02895,SYNPCC7942_RS05400,0.080091244168516
SYNPCC7942_RS00645,SYNPCC7942_RS02470,0.0800831771449093
SYNPCC7942_RS03160,SYNPCC7942_RS04355,0.0800678969063288
SYNPCC7942_RS09740,SYNPCC7942_RS12460,0.0800549413296375
SYNPCC7942_RS07185,SYNPCC7942_RS12165,0.0800549270458717
SYNPCC7942_RS00645,SYNPCC7942_RS06370,0.0800441534037035
SYNPCC7942_RS05640,SYNPCC7942_RS10100,0.0800441186700352
SYNPCC7942_RS03160,SYNPCC7942_RS05110,0.080043707194908
SYNPCC7942_RS03160,SYNPCC7942_RS03560,0.0800401302269747
SYNPCC7942_RS10700,SYNPCC7942_RS04995,0.0800394620920809
SYNPCC7942_RS09160,SYNPCC7942_RS10040,0.0800343603112968
SYNPCC7942_RS10040,SYNPCC7942_RS08380,0.080029969933271
SYNPCC7942_RS09740,SYNPCC7942_RS10765,0.0800157118479381
SYNPCC7942_RS10700,SYNPCC7942_RS09980,0.0800140545946589
SYNPCC7942_RS03440,SYNPCC7942_RS07555,0.0800099994539231
SYNPCC7942_RS00455,SYNPCC7942_RS02980,0.0800096483237523
SYNPCC7942_RS09435,SYNPCC7942_RS00360,0.0800034457450996
SYNPCC7942_RS09740,SYNPCC7942_RS11895,0.0800026459440146
SYNPCC7942_RS03955,SYNPCC7942_RS13080,0.079980108663263
SYNPCC7942_RS07805,SYNPCC7942_RS02795,0.0799798160817844
SYNPCC7942_RS03325,SYNPCC7942_RS10740,0.0799637908950396
SYNPCC7942_RS09740,SYNPCC7942_RS11355,0.079963183848351
SYNPCC7942_RS05870,SYNPCC7942_RS13185,0.0799532453943537
SYNPCC7942_RS00455,SYNPCC7942_RS04935,0.079947565452215
SYNPCC7942_RS00380,SYNPCC7942_RS04730,0.0799332678976434
SYNPCC7942_RS07805,SYNPCC7942_RS08635,0.0799303208316143
SYNPCC7942_RS05870,SYNPCC7942_RS13040,0.0799056108126435
SYNPCC7942_RS09740,SYNPCC7942_RS09480,0.0799000100991961
SYNPCC7942_RS13165,SYNPCC7942_RS02090,0.0798719935759098
SYNPCC7942_RS02895,SYNPCC7942_RS06760,0.0798691761494334
SYNPCC7942_RS00560,SYNPCC7942_RS03810,0.0798679559519071
SYNPCC7942_RS13165,SYNPCC7942_RS00220,0.0798577587211179
SYNPCC7942_RS10700,SYNPCC7942_RS02550,0.0798451741204832
SYNPCC7942_RS07185,SYNPCC7942_RS12830,0.0798387723719804
SYNPCC7942_RS00380,SYNPCC7942_RS11755,0.079807317240419
SYNPCC7942_RS07435,SYNPCC7942_RS02405,0.0797987811594589
SYNPCC7942_RS11715,SYNPCC7942_RS07910,0.0797932319538693
SYNPCC7942_RS09380,SYNPCC7942_RS01885,0.079790341053423
SYNPCC7942_RS09380,SYNPCC7942_RS01025,0.0797834632620132
SYNPCC7942_RS10165,SYNPCC7942_RS08630,0.0797818344370584
SYNPCC7942_RS09740,SYNPCC7942_RS12575,0.079772668903412
SYNPCC7942_RS08885,SYNPCC7942_RS14145,0.0797677000472235
SYNPCC7942_RS03160,SYNPCC7942_RS00470,0.0797657378565723
SYNPCC7942_RS09620,SYNPCC7942_RS09735,0.0797542198919906
SYNPCC7942_RS03160,SYNPCC7942_RS10190,0.0797487021635545
SYNPCC7942_RS03160,SYNPCC7942_RS00695,0.0797422717474567
SYNPCC7942_RS09740,SYNPCC7942_RS10745,0.079722264476604
SYNPCC7942_RS07185,SYNPCC7942_RS04885,0.0797077232444254
SYNPCC7942_RS12275,SYNPCC7942_RS02050,0.0797035398185997
SYNPCC7942_RS00645,SYNPCC7942_RS10455,0.0796964084129109
SYNPCC7942_RS03160,SYNPCC7942_RS08725,0.0796891046012963
SYNPCC7942_RS09935,SYNPCC7942_RS11675,0.0796818813074649
SYNPCC7942_RS03160,SYNPCC7942_RS08130,0.0796595169508783
SYNPCC7942_RS07940,SYNPCC7942_RS00660,0.0796508207949753
SYNPCC7942_RS00455,SYNPCC7942_RS08310,0.0796487492744259
SYNPCC7942_RS03160,SYNPCC7942_RS03325,0.079637532040798
SYNPCC7942_RS04225,SYNPCC7942_RS04220,0.0796334141514565
SYNPCC7942_RS10700,SYNPCC7942_RS08310,0.079624975606288
SYNPCC7942_RS09435,SYNPCC7942_RS12205,0.0796233106803887
SYNPCC7942_RS03075,SYNPCC7942_RS02045,0.0795829937414423
SYNPCC7942_RS10700,SYNPCC7942_RS00040,0.079578135779836
SYNPCC7942_RS03160,SYNPCC7942_RS00650,0.0795749704037412
SYNPCC7942_RS09160,SYNPCC7942_RS12535,0.0795700998116097
SYNPCC7942_RS03160,SYNPCC7942_RS12340,0.0795681082530657
SYNPCC7942_RS09740,SYNPCC7942_RS09900,0.0795666530929926
SYNPCC7942_RS03325,SYNPCC7942_RS12080,0.0795627660919171
SYNPCC7942_RS10700,SYNPCC7942_RS07330,0.0795626463475805
SYNPCC7942_RS06370,SYNPCC7942_RS10130,0.0795621358639142
SYNPCC7942_RS03160,SYNPCC7942_RS02630,0.0795620449036853
SYNPCC7942_RS02895,SYNPCC7942_RS01660,0.0795572500108439
SYNPCC7942_RS02830,SYNPCC7942_RS06325,0.0795566907267426
SYNPCC7942_RS03465,SYNPCC7942_RS00510,0.0795446426669416
SYNPCC7942_RS03075,SYNPCC7942_RS02905,0.0795301162214265
SYNPCC7942_RS02895,SYNPCC7942_RS06870,0.079527390175002
SYNPCC7942_RS03465,SYNPCC7942_RS05895,0.0794908691694072
SYNPCC7942_RS09740,SYNPCC7942_RS08545,0.0794636547171431
SYNPCC7942_RS03955,SYNPCC7942_RS12790,0.0794617867875076
SYNPCC7942_RS00455,SYNPCC7942_RS07800,0.0794558698470357
SYNPCC7942_RS03160,SYNPCC7942_RS13615,0.0794553818168618
SYNPCC7942_RS03075,SYNPCC7942_RS05240,0.0794520716354513
SYNPCC7942_RS03160,SYNPCC7942_RS06670,0.0794516564532671
SYNPCC7942_RS00380,SYNPCC7942_RS08125,0.0794492984882815
SYNPCC7942_RS03955,SYNPCC7942_RS03940,0.0794422549820691
SYNPCC7942_RS09160,SYNPCC7942_RS11945,0.0794300948000667
SYNPCC7942_RS00645,SYNPCC7942_RS00375,0.0794211984219694
SYNPCC7942_RS03530,SYNPCC7942_RS02800,0.0794197531212894
SYNPCC7942_RS00765,SYNPCC7942_RS12360,0.0794164792164347
SYNPCC7942_RS03440,SYNPCC7942_RS04985,0.0794149976491975
SYNPCC7942_RS07435,SYNPCC7942_RS01750,0.0794028858958508
SYNPCC7942_RS05870,SYNPCC7942_RS06040,0.0794007395037323
SYNPCC7942_RS09740,SYNPCC7942_RS12645,0.0793923090170154
SYNPCC7942_RS00645,SYNPCC7942_RS07445,0.079391213411247
SYNPCC7942_RS10700,SYNPCC7942_RS10110,0.0793845106981831
SYNPCC7942_RS00455,SYNPCC7942_RS00410,0.079375593736727
SYNPCC7942_RS07185,SYNPCC7942_RS13235,0.0793672732922639
SYNPCC7942_RS10700,SYNPCC7942_RS02320,0.079354861292891
SYNPCC7942_RS00455,SYNPCC7942_RS03145,0.079346645064405
SYNPCC7942_RS03160,SYNPCC7942_RS08185,0.079341591282738
SYNPCC7942_RS03075,SYNPCC7942_RS11675,0.0793415896698519
SYNPCC7942_RS13165,SYNPCC7942_RS05090,0.0793399102984185
SYNPCC7942_RS05070,SYNPCC7942_RS02085,0.0793376452019026
SYNPCC7942_RS08885,SYNPCC7942_RS00585,0.079315236578151
SYNPCC7942_RS08645,SYNPCC7942_RS07170,0.079303359368818
SYNPCC7942_RS07185,SYNPCC7942_RS04250,0.079303220839335
SYNPCC7942_RS10260,SYNPCC7942_RS11635,0.0792944851805415
SYNPCC7942_RS00455,SYNPCC7942_RS04380,0.0792938097193836
SYNPCC7942_RS10700,SYNPCC7942_RS02000,0.0792894971899543
SYNPCC7942_RS11465,SYNPCC7942_RS13910,0.0792874518608306
SYNPCC7942_RS07185,SYNPCC7942_RS12110,0.0792855767284689
SYNPCC7942_RS05870,SYNPCC7942_RS04385,0.0792843762718214
SYNPCC7942_RS07435,SYNPCC7942_RS10625,0.079280790875508
SYNPCC7942_RS00455,SYNPCC7942_RS06955,0.0792791832318158
SYNPCC7942_RS03160,SYNPCC7942_RS12515,0.0792779772222341
SYNPCC7942_RS09740,SYNPCC7942_RS02225,0.0792767184510787
SYNPCC7942_RS05870,SYNPCC7942_RS08860,0.0792745062054005
SYNPCC7942_RS05640,SYNPCC7942_RS05220,0.0792519348832617
SYNPCC7942_RS13165,SYNPCC7942_RS13170,0.079237554695763
SYNPCC7942_RS09740,SYNPCC7942_RS11405,0.0792321755122495
SYNPCC7942_RS03160,SYNPCC7942_RS02340,0.0792236301909051
SYNPCC7942_RS00455,SYNPCC7942_RS05765,0.0792031788820232
SYNPCC7942_RS09620,SYNPCC7942_RS08650,0.0791684885659935
SYNPCC7942_RS00455,SYNPCC7942_RS00350,0.0791603484199188
SYNPCC7942_RS07435,SYNPCC7942_RS00580,0.0791573834424941
SYNPCC7942_RS06370,SYNPCC7942_RS08695,0.0791411280240537
SYNPCC7942_RS03160,SYNPCC7942_RS05835,0.0791397985446612
SYNPCC7942_RS12560,SYNPCC7942_RS05050,0.0791391632771308
SYNPCC7942_RS05870,SYNPCC7942_RS03405,0.0791329734827502
SYNPCC7942_RS07435,SYNPCC7942_RS03950,0.0791282152173876
SYNPCC7942_RS09380,SYNPCC7942_RS01560,0.0791236878400474
SYNPCC7942_RS12560,SYNPCC7942_RS00740,0.0791230230488356
SYNPCC7942_RS05640,SYNPCC7942_RS06710,0.0791163696178338
SYNPCC7942_RS12285,SYNPCC7942_RS03840,0.0791100906756609
SYNPCC7942_RS03160,SYNPCC7942_RS02635,0.079105588535036
SYNPCC7942_RS05870,SYNPCC7942_RS04450,0.0791043632940035
SYNPCC7942_RS07805,SYNPCC7942_RS06625,0.0790929770856675
SYNPCC7942_RS10700,SYNPCC7942_RS11875,0.0790870293583846
SYNPCC7942_RS10700,SYNPCC7942_RS00950,0.0790861019433736
SYNPCC7942_RS03260,SYNPCC7942_RS10750,0.0790728352826127
SYNPCC7942_RS03160,SYNPCC7942_RS09920,0.079070533828982
SYNPCC7942_RS00765,SYNPCC7942_RS00435,0.07907013512599
SYNPCC7942_RS00645,SYNPCC7942_RS10965,0.0790698761161035
SYNPCC7942_RS10165,SYNPCC7942_RS06670,0.0790568380937876
SYNPCC7942_RS07435,SYNPCC7942_RS01215,0.0790519381737495
SYNPCC7942_RS10700,SYNPCC7942_RS09115,0.079046376874641
SYNPCC7942_RS11465,SYNPCC7942_RS10045,0.0790443116532137
SYNPCC7942_RS09740,SYNPCC7942_RS06815,0.0790407909300881
SYNPCC7942_RS03465,SYNPCC7942_RS12615,0.0790313947049126
SYNPCC7942_RS03530,SYNPCC7942_RS03165,0.0790201371977549
SYNPCC7942_RS08645,SYNPCC7942_RS06775,0.0790089675388193
SYNPCC7942_RS05870,SYNPCC7942_RS11490,0.0790045120368417
SYNPCC7942_RS03160,SYNPCC7942_RS06435,0.0790019914857508
SYNPCC7942_RS13165,SYNPCC7942_RS01915,0.0789969495183386
SYNPCC7942_RS03465,SYNPCC7942_RS13035,0.0789781930789843
SYNPCC7942_RS07185,SYNPCC7942_RS01310,0.0789687016791641
SYNPCC7942_RS00645,SYNPCC7942_RS10995,0.0789650922213982
SYNPCC7942_RS09380,SYNPCC7942_RS01005,0.0789106449432703
SYNPCC7942_RS03160,SYNPCC7942_RS12795,0.0789024962022929
SYNPCC7942_RS09435,SYNPCC7942_RS12145,0.0788916371026626
SYNPCC7942_RS03160,SYNPCC7942_RS09565,0.0788731086764256
SYNPCC7942_RS06370,SYNPCC7942_RS00405,0.0788637099947159
SYNPCC7942_RS00455,SYNPCC7942_RS09940,0.0788606804007705
SYNPCC7942_RS00380,SYNPCC7942_RS00965,0.0788406322420197
SYNPCC7942_RS00455,SYNPCC7942_RS04450,0.0788382450528437
SYNPCC7942_RS09620,SYNPCC7942_RS01275,0.0788320049091921
SYNPCC7942_RS07435,SYNPCC7942_RS04725,0.0788276509032963
SYNPCC7942_RS00645,SYNPCC7942_RS04090,0.0788145943484426
SYNPCC7942_RS07435,SYNPCC7942_RS10710,0.0788093605307141
SYNPCC7942_RS09380,SYNPCC7942_RS00510,0.0788084636059831
SYNPCC7942_RS07185,SYNPCC7942_RS07250,0.0788006742486529
SYNPCC7942_RS03955,SYNPCC7942_RS13690,0.0787946674946207
SYNPCC7942_RS09435,SYNPCC7942_RS04030,0.0787940069204547
SYNPCC7942_RS03160,SYNPCC7942_RS06820,0.0787849481859726
SYNPCC7942_RS07185,SYNPCC7942_RS08285,0.0787828691806466
SYNPCC7942_RS12560,SYNPCC7942_RS07250,0.0787746199763776
SYNPCC7942_RS06370,SYNPCC7942_RS10105,0.0787731449583551
SYNPCC7942_RS03955,SYNPCC7942_RS07155,0.0787621268962991
SYNPCC7942_RS07435,SYNPCC7942_RS04555,0.078757307187614
SYNPCC7942_RS02830,SYNPCC7942_RS11835,0.0787459630979588
SYNPCC7942_RS08645,SYNPCC7942_RS04310,0.0787278386527401
SYNPCC7942_RS07185,SYNPCC7942_RS06825,0.0786961571122836
SYNPCC7942_RS10350,SYNPCC7942_RS00880,0.0786847973751168
SYNPCC7942_RS09500,SYNPCC7942_RS00260,0.0786749224677949
SYNPCC7942_RS10700,SYNPCC7942_RS08745,0.0786704546277466
SYNPCC7942_RS02895,SYNPCC7942_RS00925,0.0786645745204734
SYNPCC7942_RS00455,SYNPCC7942_RS06685,0.0786282048005353
SYNPCC7942_RS09380,SYNPCC7942_RS07150,0.0786266843008094
SYNPCC7942_RS07805,SYNPCC7942_RS02690,0.0786109230339039
SYNPCC7942_RS09435,SYNPCC7942_RS10550,0.0786095324966816
SYNPCC7942_RS00645,SYNPCC7942_RS11770,0.0785910933642521
SYNPCC7942_RS12560,SYNPCC7942_RS09755,0.0785567071164201
SYNPCC7942_RS03440,SYNPCC7942_RS06450,0.078555599547638
SYNPCC7942_RS07805,SYNPCC7942_RS03165,0.0785350446978492
SYNPCC7942_RS03955,SYNPCC7942_RS00910,0.0785294258200568
SYNPCC7942_RS00765,SYNPCC7942_RS05535,0.0785280450801027
SYNPCC7942_RS09160,SYNPCC7942_RS00430,0.0785250334826188
SYNPCC7942_RS12560,SYNPCC7942_RS02585,0.0785232462512944
SYNPCC7942_RS03325,SYNPCC7942_RS05710,0.078513617537929
SYNPCC7942_RS07185,SYNPCC7942_RS00840,0.0785119722702888
SYNPCC7942_RS03465,SYNPCC7942_RS09875,0.0785075064631106
SYNPCC7942_RS07185,SYNPCC7942_RS06605,0.0785047307494245
SYNPCC7942_RS09435,SYNPCC7942_RS03290,0.0784962162172004
SYNPCC7942_RS03160,SYNPCC7942_RS07285,0.0784867387202869
SYNPCC7942_RS12560,SYNPCC7942_RS12740,0.0784844523660008
SYNPCC7942_RS07185,SYNPCC7942_RS03290,0.0784763385207854
SYNPCC7942_RS09160,SYNPCC7942_RS09245,0.0784734640475468
SYNPCC7942_RS00380,SYNPCC7942_RS02640,0.0784671847640599
SYNPCC7942_RS06700,SYNPCC7942_RS07535,0.0784546263905203
SYNPCC7942_RS02830,SYNPCC7942_RS01420,0.0784522484634419
SYNPCC7942_RS07435,SYNPCC7942_RS05725,0.0784441856131912
SYNPCC7942_RS03325,SYNPCC7942_RS02630,0.0784312950205764
SYNPCC7942_RS00560,SYNPCC7942_RS08545,0.0784190333565386
SYNPCC7942_RS00645,SYNPCC7942_RS13970,0.0784060753458815
SYNPCC7942_RS07435,SYNPCC7942_RS04360,0.078389288066844
SYNPCC7942_RS05870,SYNPCC7942_RS02570,0.0783888615079598
SYNPCC7942_RS10340,SYNPCC7942_RS07740,0.0783633053284678
SYNPCC7942_RS10340,SYNPCC7942_RS10225,0.0783552457539012
SYNPCC7942_RS03325,SYNPCC7942_RS02420,0.0783390395026156
SYNPCC7942_RS07435,SYNPCC7942_RS02165,0.0783352871312212
SYNPCC7942_RS09935,SYNPCC7942_RS12530,0.0783295995225561
SYNPCC7942_RS03160,SYNPCC7942_RS11345,0.0783281342834923
SYNPCC7942_RS05870,SYNPCC7942_RS00005,0.0783199300486914
SYNPCC7942_RS00645,SYNPCC7942_RS04505,0.0783181879517301
SYNPCC7942_RS07185,SYNPCC7942_RS12090,0.0783137949616295
SYNPCC7942_RS07185,SYNPCC7942_RS09220,0.0783062795234703
SYNPCC7942_RS03160,SYNPCC7942_RS10695,0.0782830203397605
SYNPCC7942_RS08885,SYNPCC7942_RS08730,0.0782741260105123
SYNPCC7942_RS00645,SYNPCC7942_RS04405,0.0782683549412012
SYNPCC7942_RS07435,SYNPCC7942_RS06065,0.0782606465952268
SYNPCC7942_RS00455,SYNPCC7942_RS01690,0.0782471735893056
SYNPCC7942_RS05870,SYNPCC7942_RS02360,0.078244269081874
SYNPCC7942_RS03325,SYNPCC7942_RS07970,0.0782353343176558
SYNPCC7942_RS00560,SYNPCC7942_RS08985,0.0782323247430456
SYNPCC7942_RS09620,SYNPCC7942_RS12740,0.0782195913522158
SYNPCC7942_RS03160,SYNPCC7942_RS07445,0.0782150689041421
SYNPCC7942_RS07435,SYNPCC7942_RS10995,0.0782044847204348
SYNPCC7942_RS00455,SYNPCC7942_RS11005,0.0781870887631118
SYNPCC7942_RS03160,SYNPCC7942_RS05420,0.0781844117803604
SYNPCC7942_RS07435,SYNPCC7942_RS13615,0.0781739254007101
SYNPCC7942_RS13165,SYNPCC7942_RS08095,0.0781718481753034
SYNPCC7942_RS03440,SYNPCC7942_RS12000,0.078162791064153
SYNPCC7942_RS05870,SYNPCC7942_RS12815,0.0781057279974293
SYNPCC7942_RS06370,SYNPCC7942_RS00670,0.0781046180987213
SYNPCC7942_RS12560,SYNPCC7942_RS05530,0.0780903178422755
SYNPCC7942_RS00645,SYNPCC7942_RS10670,0.0780879718677888
SYNPCC7942_RS03075,SYNPCC7942_RS13200,0.0780797527333872
SYNPCC7942_RS09065,SYNPCC7942_RS03990,0.0780781162934454
SYNPCC7942_RS00455,SYNPCC7942_RS02470,0.0780762944372635
SYNPCC7942_RS07185,SYNPCC7942_RS05655,0.078072297643534
SYNPCC7942_RS09740,SYNPCC7942_RS09730,0.078060663275159
SYNPCC7942_RS10350,SYNPCC7942_RS10660,0.0780457874801417
SYNPCC7942_RS03160,SYNPCC7942_RS07920,0.0780339820240148
SYNPCC7942_RS00645,SYNPCC7942_RS05235,0.0780330648704832
SYNPCC7942_RS00380,SYNPCC7942_RS12475,0.0780275345823356
SYNPCC7942_RS00455,SYNPCC7942_RS13035,0.0780244063519693
SYNPCC7942_RS00455,SYNPCC7942_RS10645,0.0780188319635644
SYNPCC7942_RS08850,SYNPCC7942_RS14020,0.0780160236710787
SYNPCC7942_RS06370,SYNPCC7942_RS05350,0.0780156507225139
SYNPCC7942_RS00455,SYNPCC7942_RS08130,0.0780053156286529
SYNPCC7942_RS05870,SYNPCC7942_RS06095,0.0780012955418005
SYNPCC7942_RS00455,SYNPCC7942_RS05110,0.0779879013243917
SYNPCC7942_RS05870,SYNPCC7942_RS07440,0.0779538572201602
SYNPCC7942_RS07435,SYNPCC7942_RS09865,0.0779516659558717
SYNPCC7942_RS03160,SYNPCC7942_RS07775,0.0779394813551672
SYNPCC7942_RS10700,SYNPCC7942_RS05350,0.0779362016532616
SYNPCC7942_RS09740,SYNPCC7942_RS13235,0.0779246208990805
SYNPCC7942_RS10700,SYNPCC7942_RS00330,0.0779218049545598
SYNPCC7942_RS09620,SYNPCC7942_RS12805,0.0778965968364634
SYNPCC7942_RS10700,SYNPCC7942_RS02095,0.077895023329354
SYNPCC7942_RS07435,SYNPCC7942_RS05815,0.0778882143348051
SYNPCC7942_RS05230,SYNPCC7942_RS13125,0.0778834274395317
SYNPCC7942_RS00380,SYNPCC7942_RS10080,0.0778822783356518
SYNPCC7942_RS11465,SYNPCC7942_RS06720,0.0778762097198958
SYNPCC7942_RS07185,SYNPCC7942_RS10585,0.0778632656015039
SYNPCC7942_RS03325,SYNPCC7942_RS01770,0.0778573309049671
SYNPCC7942_RS11970,SYNPCC7942_RS01115,0.077856367767989
SYNPCC7942_RS03325,SYNPCC7942_RS08705,0.0778529497715031
SYNPCC7942_RS10040,SYNPCC7942_RS09030,0.0778518646794605
SYNPCC7942_RS10700,SYNPCC7942_RS05160,0.0778510193265483
SYNPCC7942_RS09065,SYNPCC7942_RS08105,0.0778491738704748
SYNPCC7942_RS03160,SYNPCC7942_RS03395,0.077840711538007
SYNPCC7942_RS09160,SYNPCC7942_RS05035,0.0778345108854356
SYNPCC7942_RS00455,SYNPCC7942_RS09295,0.077823700968017
SYNPCC7942_RS09620,SYNPCC7942_RS12540,0.0778132028448231
SYNPCC7942_RS05870,SYNPCC7942_RS08625,0.0778088813451736
SYNPCC7942_RS09760,SYNPCC7942_RS03910,0.0777946589620581
SYNPCC7942_RS09065,SYNPCC7942_RS07400,0.0777767359469769
SYNPCC7942_RS05870,SYNPCC7942_RS08630,0.0777720646435647
SYNPCC7942_RS03465,SYNPCC7942_RS01720,0.0777678565079827
SYNPCC7942_RS09740,SYNPCC7942_RS08140,0.0777630349030105
SYNPCC7942_RS09740,SYNPCC7942_RS03625,0.0777586588369156
SYNPCC7942_RS03160,SYNPCC7942_RS11595,0.0777499159045089
SYNPCC7942_RS04225,SYNPCC7942_RS13670,0.0777468918163045
SYNPCC7942_RS02830,SYNPCC7942_RS02510,0.0777312792273368
SYNPCC7942_RS10700,SYNPCC7942_RS04465,0.0777310428028606
SYNPCC7942_RS05640,SYNPCC7942_RS05670,0.0777296727510648
SYNPCC7942_RS07435,SYNPCC7942_RS08900,0.077729398171487
SYNPCC7942_RS05870,SYNPCC7942_RS02400,0.0777153075858907
SYNPCC7942_RS08780,SYNPCC7942_RS07525,0.0777150301238726
SYNPCC7942_RS00645,SYNPCC7942_RS08870,0.077709157413564
SYNPCC7942_RS07185,SYNPCC7942_RS12945,0.077708878972768
SYNPCC7942_RS05230,SYNPCC7942_RS09435,0.0776979473654952
SYNPCC7942_RS10700,SYNPCC7942_RS06715,0.0776977604539719
SYNPCC7942_RS03325,SYNPCC7942_RS04625,0.0776940944178146
SYNPCC7942_RS08885,SYNPCC7942_RS05125,0.0776928491469858
SYNPCC7942_RS00645,SYNPCC7942_RS09515,0.0776817797334218
SYNPCC7942_RS07435,SYNPCC7942_RS09670,0.0776786613958294
SYNPCC7942_RS00765,SYNPCC7942_RS09140,0.0776613496904737
SYNPCC7942_RS12275,SYNPCC7942_RS04600,0.0776292334480094
SYNPCC7942_RS10700,SYNPCC7942_RS07005,0.0776273730395334
SYNPCC7942_RS03160,SYNPCC7942_RS06410,0.0776186101902166
SYNPCC7942_RS10700,SYNPCC7942_RS00870,0.0776036938151073
SYNPCC7942_RS09740,SYNPCC7942_RS09550,0.0775994788374978
SYNPCC7942_RS03325,SYNPCC7942_RS11500,0.0775923856436301
SYNPCC7942_RS10700,SYNPCC7942_RS01070,0.0775793186117248
SYNPCC7942_RS12560,SYNPCC7942_RS04925,0.0775705228796494
SYNPCC7942_RS08885,SYNPCC7942_RS03080,0.0775671609609985
SYNPCC7942_RS12535,SYNPCC7942_RS09090,0.0775643911833625
SYNPCC7942_RS08885,SYNPCC7942_RS07235,0.0775553207617994
SYNPCC7942_RS07435,SYNPCC7942_RS06300,0.0775507424226755
SYNPCC7942_RS09740,SYNPCC7942_RS08150,0.0775501789500475
SYNPCC7942_RS11465,SYNPCC7942_RS02330,0.0775351420116437
SYNPCC7942_RS09740,SYNPCC7942_RS05190,0.0775308197873595
SYNPCC7942_RS10700,SYNPCC7942_RS04900,0.077517442364904
SYNPCC7942_RS03160,SYNPCC7942_RS09375,0.0775025128077703
SYNPCC7942_RS00645,SYNPCC7942_RS12730,0.0774903337368473
SYNPCC7942_RS00455,SYNPCC7942_RS10595,0.0774899902834519
SYNPCC7942_RS10700,SYNPCC7942_RS05115,0.0774880003160436
SYNPCC7942_RS05640,SYNPCC7942_RS04270,0.07748179910085
SYNPCC7942_RS07435,SYNPCC7942_RS01760,0.0774785921901486
SYNPCC7942_RS09740,SYNPCC7942_RS00600,0.077469674179474
SYNPCC7942_RS07720,SYNPCC7942_RS01650,0.0774670956452825
SYNPCC7942_RS03465,SYNPCC7942_RS01090,0.0774549310596349
SYNPCC7942_RS03955,SYNPCC7942_RS00530,0.0774545957334924
SYNPCC7942_RS03955,SYNPCC7942_RS02085,0.0774484946824566
SYNPCC7942_RS10700,SYNPCC7942_RS04080,0.077440748925856
SYNPCC7942_RS00455,SYNPCC7942_RS08735,0.0774400436991828
SYNPCC7942_RS07805,SYNPCC7942_RS10040,0.0774242311116528
SYNPCC7942_RS00645,SYNPCC7942_RS04765,0.0774175723418555
SYNPCC7942_RS03075,SYNPCC7942_RS04045,0.0774127980129008
SYNPCC7942_RS10700,SYNPCC7942_RS12340,0.0774103251010565
SYNPCC7942_RS09380,SYNPCC7942_RS09065,0.0773956646228204
SYNPCC7942_RS07185,SYNPCC7942_RS04005,0.0773946846167601
SYNPCC7942_RS00645,SYNPCC7942_RS06395,0.0773909075470822
SYNPCC7942_RS03160,SYNPCC7942_RS06905,0.0773586581315962
SYNPCC7942_RS09620,SYNPCC7942_RS13810,0.0773578617723129
SYNPCC7942_RS10340,SYNPCC7942_RS00070,0.077357308507396
SYNPCC7942_RS09065,SYNPCC7942_RS01590,0.0773503459585227
SYNPCC7942_RS02830,SYNPCC7942_RS07935,0.0773064708498662
SYNPCC7942_RS09740,SYNPCC7942_RS02220,0.0772983936701095
SYNPCC7942_RS09760,SYNPCC7942_RS02070,0.0772901339390222
SYNPCC7942_RS02895,SYNPCC7942_RS10395,0.0772881638675346
SYNPCC7942_RS03465,SYNPCC7942_RS00920,0.0772839903677514
SYNPCC7942_RS09380,SYNPCC7942_RS10725,0.0772770750064978
SYNPCC7942_RS05870,SYNPCC7942_RS08135,0.0772758745215845
SYNPCC7942_RS08405,SYNPCC7942_RS08300,0.0772704903608462
SYNPCC7942_RS03325,SYNPCC7942_RS03620,0.0772622605061902
SYNPCC7942_RS09500,SYNPCC7942_RS05775,0.077244979154981
SYNPCC7942_RS11050,SYNPCC7942_RS10490,0.0772423960405194
SYNPCC7942_RS00455,SYNPCC7942_RS02950,0.0772349201652495
SYNPCC7942_RS09620,SYNPCC7942_RS06845,0.0772346727458893
SYNPCC7942_RS09740,SYNPCC7942_RS09365,0.0772283693527464
SYNPCC7942_RS00455,SYNPCC7942_RS09725,0.0772262290537404
SYNPCC7942_RS04225,SYNPCC7942_RS00190,0.0772202954080578
SYNPCC7942_RS09740,SYNPCC7942_RS02560,0.0772183011996866
SYNPCC7942_RS03160,SYNPCC7942_RS05695,0.0772130550987796
SYNPCC7942_RS08885,SYNPCC7942_RS13855,0.077199363517535
SYNPCC7942_RS00380,SYNPCC7942_RS05480,0.0771731443443187
SYNPCC7942_RS03160,SYNPCC7942_RS02410,0.077171067766203
SYNPCC7942_RS00380,SYNPCC7942_RS09400,0.0771672492125103
SYNPCC7942_RS12560,SYNPCC7942_RS00835,0.0771573446207822
SYNPCC7942_RS08580,SYNPCC7942_RS08610,0.0771522632310393
SYNPCC7942_RS03160,SYNPCC7942_RS08145,0.077150493078932
SYNPCC7942_RS11970,SYNPCC7942_RS06210,0.0771504386532571
SYNPCC7942_RS07805,SYNPCC7942_RS07620,0.0771489103004108
SYNPCC7942_RS09740,SYNPCC7942_RS01390,0.0771474478593346
SYNPCC7942_RS00560,SYNPCC7942_RS02425,0.0771128505528873
SYNPCC7942_RS00645,SYNPCC7942_RS08630,0.0771053201627149
SYNPCC7942_RS03465,SYNPCC7942_RS04550,0.0771028293444606
SYNPCC7942_RS05070,SYNPCC7942_RS00270,0.0770815111454172
SYNPCC7942_RS07435,SYNPCC7942_RS12085,0.077080512287735
SYNPCC7942_RS03955,SYNPCC7942_RS01080,0.0770656650966918
SYNPCC7942_RS00380,SYNPCC7942_RS00800,0.0770570200104132
SYNPCC7942_RS07185,SYNPCC7942_RS13080,0.0770561435519317
SYNPCC7942_RS12560,SYNPCC7942_RS02800,0.0770474039187849
SYNPCC7942_RS08780,SYNPCC7942_RS07520,0.0770414303683622
SYNPCC7942_RS00645,SYNPCC7942_RS06065,0.0770372904874257
SYNPCC7942_RS00560,SYNPCC7942_RS04885,0.0770340069919079
SYNPCC7942_RS03075,SYNPCC7942_RS11185,0.0770339130221243
SYNPCC7942_RS05870,SYNPCC7942_RS11930,0.0770315960500894
SYNPCC7942_RS07185,SYNPCC7942_RS03915,0.0770287912182741
SYNPCC7942_RS05640,SYNPCC7942_RS02345,0.077020332429421
SYNPCC7942_RS09740,SYNPCC7942_RS11330,0.077016859305166
SYNPCC7942_RS00560,SYNPCC7942_RS07935,0.0770016180703186
SYNPCC7942_RS00455,SYNPCC7942_RS10325,0.0769954562886199
SYNPCC7942_RS00455,SYNPCC7942_RS04610,0.0769925422791377
SYNPCC7942_RS03325,SYNPCC7942_RS01600,0.0769924800612328
SYNPCC7942_RS00380,SYNPCC7942_RS13150,0.076985070313361
SYNPCC7942_RS05870,SYNPCC7942_RS07405,0.0769842800010519
SYNPCC7942_RS09435,SYNPCC7942_RS10370,0.0769737616911731
SYNPCC7942_RS10040,SYNPCC7942_RS12355,0.0769724413503707
SYNPCC7942_RS13695,SYNPCC7942_RS04660,0.0769599827478618
SYNPCC7942_RS09065,SYNPCC7942_RS13270,0.076944643013266
SYNPCC7942_RS08885,SYNPCC7942_RS01195,0.076939278170279
SYNPCC7942_RS03160,SYNPCC7942_RS00805,0.0769333951174223
SYNPCC7942_RS05070,SYNPCC7942_RS04705,0.0769244025678898
SYNPCC7942_RS00645,SYNPCC7942_RS08655,0.0769179485750708
SYNPCC7942_RS03160,SYNPCC7942_RS13175,0.0769079264584623
SYNPCC7942_RS03160,SYNPCC7942_RS02600,0.0768960399620786
SYNPCC7942_RS03075,SYNPCC7942_RS07265,0.076893054109542
SYNPCC7942_RS09740,SYNPCC7942_RS11530,0.0768864844574361
SYNPCC7942_RS06370,SYNPCC7942_RS00780,0.0768807639873926
SYNPCC7942_RS05870,SYNPCC7942_RS09765,0.0768760084879469
SYNPCC7942_RS08405,SYNPCC7942_RS05940,0.0768729071363121
SYNPCC7942_RS03465,SYNPCC7942_RS02770,0.0768690830340963
SYNPCC7942_RS07185,SYNPCC7942_RS06010,0.0768628266136855
SYNPCC7942_RS03955,SYNPCC7942_RS00525,0.0768584970312507
SYNPCC7942_RS09740,SYNPCC7942_RS12160,0.0768392579737073
SYNPCC7942_RS03260,SYNPCC7942_RS12850,0.076835635784201
SYNPCC7942_RS10700,SYNPCC7942_RS12280,0.0768351606603661
SYNPCC7942_RS10700,SYNPCC7942_RS12785,0.0768327109379525
SYNPCC7942_RS03465,SYNPCC7942_RS07315,0.0768321269367468
SYNPCC7942_RS10700,SYNPCC7942_RS02245,0.0768282002860074
SYNPCC7942_RS09065,SYNPCC7942_RS08470,0.0768213900091005
SYNPCC7942_RS13165,SYNPCC7942_RS09310,0.076815204051845
SYNPCC7942_RS03160,SYNPCC7942_RS01930,0.0768136072129394
SYNPCC7942_RS10700,SYNPCC7942_RS05345,0.0768021101902753
SYNPCC7942_RS00455,SYNPCC7942_RS10375,0.0767934615556823
SYNPCC7942_RS03160,SYNPCC7942_RS10805,0.076778247772417
SYNPCC7942_RS00645,SYNPCC7942_RS03010,0.0767695245318194
SYNPCC7942_RS07435,SYNPCC7942_RS13855,0.0767606208513054
SYNPCC7942_RS09380,SYNPCC7942_RS13265,0.0767593288467113
SYNPCC7942_RS03465,SYNPCC7942_RS13610,0.0767585471922234
SYNPCC7942_RS10700,SYNPCC7942_RS10635,0.0767565904012959
SYNPCC7942_RS10700,SYNPCC7942_RS08360,0.0767404612478494
SYNPCC7942_RS08885,SYNPCC7942_RS12855,0.0767256556291502
SYNPCC7942_RS09435,SYNPCC7942_RS04135,0.0767235350512065
SYNPCC7942_RS10700,SYNPCC7942_RS01630,0.0767035914230583
SYNPCC7942_RS07435,SYNPCC7942_RS05785,0.0767032768278278
SYNPCC7942_RS03160,SYNPCC7942_RS11475,0.0766996091802108
SYNPCC7942_RS08780,SYNPCC7942_RS07530,0.076690836486593
SYNPCC7942_RS00645,SYNPCC7942_RS13060,0.0766882326012908
SYNPCC7942_RS00455,SYNPCC7942_RS13025,0.0766831036807126
SYNPCC7942_RS03465,SYNPCC7942_RS01710,0.0766793965802115
SYNPCC7942_RS09740,SYNPCC7942_RS02925,0.0766778547241306
SYNPCC7942_RS03160,SYNPCC7942_RS01235,0.0766739383198973
SYNPCC7942_RS07435,SYNPCC7942_RS04010,0.0766661709395226
SYNPCC7942_RS09740,SYNPCC7942_RS07680,0.0766526142957225
SYNPCC7942_RS03465,SYNPCC7942_RS12355,0.0766490694218184
SYNPCC7942_RS05070,SYNPCC7942_RS03315,0.0766360169045099
SYNPCC7942_RS07435,SYNPCC7942_RS01255,0.0766152190289082
SYNPCC7942_RS09740,SYNPCC7942_RS00015,0.0765870459513478
SYNPCC7942_RS00380,SYNPCC7942_RS08305,0.0765843358955909
SYNPCC7942_RS00455,SYNPCC7942_RS07440,0.0765733891330337
SYNPCC7942_RS03160,SYNPCC7942_RS05410,0.0765587548470336
SYNPCC7942_RS08885,SYNPCC7942_RS12395,0.0765581134600442
SYNPCC7942_RS09740,SYNPCC7942_RS00325,0.0765563497335715
SYNPCC7942_RS09500,SYNPCC7942_RS10085,0.0765505622016659
SYNPCC7942_RS07185,SYNPCC7942_RS01210,0.0765329705909736
SYNPCC7942_RS05640,SYNPCC7942_RS05765,0.0765298217118472
SYNPCC7942_RS09065,SYNPCC7942_RS05340,0.0765161893038992
SYNPCC7942_RS06700,SYNPCC7942_RS01100,0.0765150687512983
SYNPCC7942_RS07435,SYNPCC7942_RS04450,0.0765147957565177
SYNPCC7942_RS00645,SYNPCC7942_RS09780,0.0765124600218101
SYNPCC7942_RS13165,SYNPCC7942_RS10560,0.0765103089365388
SYNPCC7942_RS03955,SYNPCC7942_RS13075,0.0765018031703259
SYNPCC7942_RS05870,SYNPCC7942_RS09290,0.076501285444484
SYNPCC7942_RS03160,SYNPCC7942_RS07915,0.0764951770608131
SYNPCC7942_RS02895,SYNPCC7942_RS02890,0.076468618699272
SYNPCC7942_RS07185,SYNPCC7942_RS05360,0.0764555979699815
SYNPCC7942_RS03075,SYNPCC7942_RS08045,0.0764552723960938
SYNPCC7942_RS03160,SYNPCC7942_RS01390,0.0764514495635077
SYNPCC7942_RS12560,SYNPCC7942_RS10840,0.0764496254137123
SYNPCC7942_RS00380,SYNPCC7942_RS06690,0.0764424192191345
SYNPCC7942_RS03260,SYNPCC7942_RS04560,0.0764358638391204
SYNPCC7942_RS09160,SYNPCC7942_RS07410,0.0764322626926009
SYNPCC7942_RS12560,SYNPCC7942_RS02540,0.07642371959613
SYNPCC7942_RS05640,SYNPCC7942_RS04010,0.0764201753184659
SYNPCC7942_RS00765,SYNPCC7942_RS01800,0.0764191481681091
SYNPCC7942_RS09160,SYNPCC7942_RS02525,0.0764164462148006
SYNPCC7942_RS08405,SYNPCC7942_RS10220,0.0764146231937737
SYNPCC7942_RS07805,SYNPCC7942_RS11185,0.0764111367560982
SYNPCC7942_RS03075,SYNPCC7942_RS13290,0.0764045922830544
SYNPCC7942_RS09740,SYNPCC7942_RS09870,0.0763946516160702
SYNPCC7942_RS09065,SYNPCC7942_RS12685,0.0763817704733347
SYNPCC7942_RS05870,SYNPCC7942_RS01445,0.0763696518057395
SYNPCC7942_RS03325,SYNPCC7942_RS06530,0.0763686358399851
SYNPCC7942_RS07185,SYNPCC7942_RS13295,0.0763516285210443
SYNPCC7942_RS03160,SYNPCC7942_RS12075,0.0763338279321997
SYNPCC7942_RS07185,SYNPCC7942_RS00515,0.076317880962788
SYNPCC7942_RS03440,SYNPCC7942_RS06220,0.0763123112875504
SYNPCC7942_RS06370,SYNPCC7942_RS03670,0.0763083467649752
SYNPCC7942_RS06700,SYNPCC7942_RS06705,0.0762991778301261
SYNPCC7942_RS00645,SYNPCC7942_RS05785,0.0762930261917726
SYNPCC7942_RS03465,SYNPCC7942_RS10025,0.0762850404490836
SYNPCC7942_RS06370,SYNPCC7942_RS06755,0.0762756439600065
SYNPCC7942_RS05870,SYNPCC7942_RS13125,0.0762666717040985
SYNPCC7942_RS08885,SYNPCC7942_RS13935,0.0762646650506101
SYNPCC7942_RS12560,SYNPCC7942_RS12875,0.076262148016345
SYNPCC7942_RS03955,SYNPCC7942_RS06180,0.0762523079816732
SYNPCC7942_RS03440,SYNPCC7942_RS11240,0.0762371868963168
SYNPCC7942_RS03160,SYNPCC7942_RS10210,0.0762273234557727
SYNPCC7942_RS00645,SYNPCC7942_RS01710,0.0762256037066124
SYNPCC7942_RS03160,SYNPCC7942_RS07810,0.076214535396433
SYNPCC7942_RS03160,SYNPCC7942_RS10320,0.0762118163419942
SYNPCC7942_RS09620,SYNPCC7942_RS01525,0.076208487131033
SYNPCC7942_RS12560,SYNPCC7942_RS10425,0.0762063055503802
SYNPCC7942_RS09380,SYNPCC7942_RS11730,0.0762021246112764
SYNPCC7942_RS09160,SYNPCC7942_RS05050,0.076200099654483
SYNPCC7942_RS08405,SYNPCC7942_RS03910,0.0761898817286608
SYNPCC7942_RS03160,SYNPCC7942_RS13655,0.0761857320882685
SYNPCC7942_RS09620,SYNPCC7942_RS08705,0.0761809735574874
SYNPCC7942_RS03955,SYNPCC7942_RS07685,0.076170691187201
SYNPCC7942_RS09160,SYNPCC7942_RS00550,0.0761610652249307
SYNPCC7942_RS03160,SYNPCC7942_RS10715,0.0761575956964412
SYNPCC7942_RS00645,SYNPCC7942_RS09440,0.0761488633135032
SYNPCC7942_RS10165,SYNPCC7942_RS07965,0.0761432950170618
SYNPCC7942_RS00455,SYNPCC7942_RS05575,0.0761301422421198
SYNPCC7942_RS10700,SYNPCC7942_RS07635,0.0761265661880118
SYNPCC7942_RS03960,SYNPCC7942_RS05075,0.0761237152503126
SYNPCC7942_RS07185,SYNPCC7942_RS09250,0.0761224264598053
SYNPCC7942_RS07435,SYNPCC7942_RS02305,0.0761214008853126
SYNPCC7942_RS00765,SYNPCC7942_RS08045,0.076118528367451
SYNPCC7942_RS05230,SYNPCC7942_RS01310,0.0760992640118184
SYNPCC7942_RS09740,SYNPCC7942_RS02355,0.0760915221987716
SYNPCC7942_RS06370,SYNPCC7942_RS07705,0.0760817858967855
SYNPCC7942_RS05870,SYNPCC7942_RS08140,0.0760810506720002
SYNPCC7942_RS05230,SYNPCC7942_RS09355,0.0760756505156764
SYNPCC7942_RS03530,SYNPCC7942_RS12830,0.0760516766293532
SYNPCC7942_RS07185,SYNPCC7942_RS07430,0.0760372303310043
SYNPCC7942_RS00380,SYNPCC7942_RS06710,0.0760329992914714
SYNPCC7942_RS07435,SYNPCC7942_RS10410,0.0760281268889775
SYNPCC7942_RS11030,SYNPCC7942_RS05800,0.0760251220413431
SYNPCC7942_RS08645,SYNPCC7942_RS08495,0.0760207069659236
SYNPCC7942_RS00455,SYNPCC7942_RS09710,0.076019490067928
SYNPCC7942_RS05070,SYNPCC7942_RS05075,0.0760188446371721
SYNPCC7942_RS00645,SYNPCC7942_RS05720,0.0760176907739444
SYNPCC7942_RS00455,SYNPCC7942_RS12590,0.0760105953819053
SYNPCC7942_RS00645,SYNPCC7942_RS04440,0.0760068404825301
SYNPCC7942_RS09740,SYNPCC7942_RS07750,0.0760067532291421
SYNPCC7942_RS03160,SYNPCC7942_RS12785,0.0759646247774609
SYNPCC7942_RS08885,SYNPCC7942_RS05675,0.0759571229990817
SYNPCC7942_RS09740,SYNPCC7942_RS01435,0.0759458645426745
SYNPCC7942_RS07720,SYNPCC7942_RS00765,0.0759363033265766
SYNPCC7942_RS00380,SYNPCC7942_RS05765,0.0759325570706506
SYNPCC7942_RS00645,SYNPCC7942_RS06060,0.0759236767197679
SYNPCC7942_RS09740,SYNPCC7942_RS01345,0.0759089555149471
SYNPCC7942_RS10700,SYNPCC7942_RS00110,0.0758987751982867
SYNPCC7942_RS12535,SYNPCC7942_RS05300,0.0758975220932082
SYNPCC7942_RS12560,SYNPCC7942_RS04350,0.0758830595944498
SYNPCC7942_RS03465,SYNPCC7942_RS09545,0.0758796080273251
SYNPCC7942_RS00645,SYNPCC7942_RS10675,0.075872302654052
SYNPCC7942_RS00455,SYNPCC7942_RS12345,0.0758717635468972
SYNPCC7942_RS00455,SYNPCC7942_RS06100,0.0758717603439758
SYNPCC7942_RS10700,SYNPCC7942_RS04115,0.0758652148244843
SYNPCC7942_RS00455,SYNPCC7942_RS09580,0.0758641575538535
SYNPCC7942_RS10700,SYNPCC7942_RS08950,0.0758588386504784
SYNPCC7942_RS08405,SYNPCC7942_RS05035,0.0758502719042751
SYNPCC7942_RS03530,SYNPCC7942_RS14050,0.0758484378101822
SYNPCC7942_RS03955,SYNPCC7942_RS10865,0.0758419275778258
SYNPCC7942_RS10700,SYNPCC7942_RS01210,0.0758374933981756
SYNPCC7942_RS08405,SYNPCC7942_RS06215,0.0758367407546226
SYNPCC7942_RS06370,SYNPCC7942_RS06555,0.0758315024649656
SYNPCC7942_RS09435,SYNPCC7942_RS11085,0.0758245812957185
SYNPCC7942_RS03465,SYNPCC7942_RS11735,0.0758199095258249
SYNPCC7942_RS00765,SYNPCC7942_RS12025,0.0758167528984299
SYNPCC7942_RS03465,SYNPCC7942_RS02735,0.0758132561612223
SYNPCC7942_RS05870,SYNPCC7942_RS06460,0.0758128722797837
SYNPCC7942_RS00645,SYNPCC7942_RS10325,0.0758087363014631
SYNPCC7942_RS05640,SYNPCC7942_RS05005,0.075806386529083
SYNPCC7942_RS07435,SYNPCC7942_RS01380,0.0757998588406313
SYNPCC7942_RS09435,SYNPCC7942_RS09990,0.0757891985435854
SYNPCC7942_RS05870,SYNPCC7942_RS12485,0.0757876134365686
SYNPCC7942_RS09160,SYNPCC7942_RS08405,0.0757858539039978
SYNPCC7942_RS03325,SYNPCC7942_RS04420,0.0757831162524781
SYNPCC7942_RS03160,SYNPCC7942_RS02275,0.0757801422464785
SYNPCC7942_RS03075,SYNPCC7942_RS09255,0.0757794242372948
SYNPCC7942_RS03160,SYNPCC7942_RS07650,0.0757768628708802
SYNPCC7942_RS12275,SYNPCC7942_RS09480,0.0757684968378156
SYNPCC7942_RS00455,SYNPCC7942_RS02065,0.075766130916083
SYNPCC7942_RS10700,SYNPCC7942_RS12485,0.0757596852044635
SYNPCC7942_RS03160,SYNPCC7942_RS08155,0.0757579051881366
SYNPCC7942_RS09740,SYNPCC7942_RS09940,0.0757504850580951
SYNPCC7942_RS03260,SYNPCC7942_RS13040,0.0757459790410533
SYNPCC7942_RS09740,SYNPCC7942_RS01910,0.0757392890287276
SYNPCC7942_RS03160,SYNPCC7942_RS02950,0.0757388921029565
SYNPCC7942_RS07185,SYNPCC7942_RS07180,0.0757328330325114
SYNPCC7942_RS07185,SYNPCC7942_RS00535,0.0757317019593372
SYNPCC7942_RS07185,SYNPCC7942_RS11455,0.0757170682045608
SYNPCC7942_RS03160,SYNPCC7942_RS00040,0.0757152317374825
SYNPCC7942_RS10700,SYNPCC7942_RS11480,0.0757147450696335
SYNPCC7942_RS13165,SYNPCC7942_RS00495,0.0757070292551392
SYNPCC7942_RS07185,SYNPCC7942_RS14195,0.075705933256965
SYNPCC7942_RS08885,SYNPCC7942_RS10070,0.07570142643849
SYNPCC7942_RS00645,SYNPCC7942_RS09580,0.0756880144262746
SYNPCC7942_RS00455,SYNPCC7942_RS10175,0.0756862557815461
SYNPCC7942_RS09935,SYNPCC7942_RS09065,0.0756854465047975
SYNPCC7942_RS03325,SYNPCC7942_RS08490,0.0756722239633917
SYNPCC7942_RS03325,SYNPCC7942_RS11220,0.0756668120837989
SYNPCC7942_RS07940,SYNPCC7942_RS01015,0.0756618497645963
SYNPCC7942_RS03160,SYNPCC7942_RS07630,0.0756610844724522
SYNPCC7942_RS07435,SYNPCC7942_RS08735,0.0756315114801517
SYNPCC7942_RS03465,SYNPCC7942_RS06880,0.0756206937518016
SYNPCC7942_RS09740,SYNPCC7942_RS04625,0.0756170487854257
SYNPCC7942_RS08850,SYNPCC7942_RS14025,0.0756106101706209
SYNPCC7942_RS03325,SYNPCC7942_RS00770,0.0756080658689196
SYNPCC7942_RS09620,SYNPCC7942_RS11670,0.0755943368224564
SYNPCC7942_RS09065,SYNPCC7942_RS02160,0.0755845857531996
SYNPCC7942_RS09620,SYNPCC7942_RS06940,0.0755800405687676
SYNPCC7942_RS00380,SYNPCC7942_RS08120,0.0755785592602812
SYNPCC7942_RS03160,SYNPCC7942_RS07405,0.0755675683495199
SYNPCC7942_RS00560,SYNPCC7942_RS13295,0.0755619478575063
SYNPCC7942_RS03160,SYNPCC7942_RS07590,0.0755597477646233
SYNPCC7942_RS03325,SYNPCC7942_RS03540,0.075548620326833
SYNPCC7942_RS09740,SYNPCC7942_RS03340,0.0755444407078221
SYNPCC7942_RS09620,SYNPCC7942_RS03430,0.0755424165395926
SYNPCC7942_RS04225,SYNPCC7942_RS12250,0.0755405035767017
SYNPCC7942_RS05640,SYNPCC7942_RS06500,0.0755381305695034
SYNPCC7942_RS05870,SYNPCC7942_RS04115,0.0755342729697441
SYNPCC7942_RS03325,SYNPCC7942_RS12850,0.0755294817229343
SYNPCC7942_RS03465,SYNPCC7942_RS10955,0.0755091558879226
SYNPCC7942_RS09380,SYNPCC7942_RS02835,0.0754969596283506
SYNPCC7942_RS03325,SYNPCC7942_RS04700,0.0754784784901453
SYNPCC7942_RS03160,SYNPCC7942_RS00380,0.0754741612854521
SYNPCC7942_RS03160,SYNPCC7942_RS10120,0.0754676439968449
SYNPCC7942_RS07185,SYNPCC7942_RS11895,0.0754661712641564
SYNPCC7942_RS03160,SYNPCC7942_RS12305,0.0754557014332918
SYNPCC7942_RS07435,SYNPCC7942_RS13975,0.0754461458245357
SYNPCC7942_RS10170,SYNPCC7942_RS03900,0.0754366532938175
SYNPCC7942_RS10340,SYNPCC7942_RS04500,0.0754359512751942
SYNPCC7942_RS07185,SYNPCC7942_RS09960,0.0754210004645981
SYNPCC7942_RS07435,SYNPCC7942_RS13035,0.0754169177339023
SYNPCC7942_RS09740,SYNPCC7942_RS13005,0.0754145552467291
SYNPCC7942_RS03160,SYNPCC7942_RS01385,0.0754134184495661
SYNPCC7942_RS03465,SYNPCC7942_RS10205,0.0754097532292405
SYNPCC7942_RS05640,SYNPCC7942_RS12760,0.0754084524406415
SYNPCC7942_RS10340,SYNPCC7942_RS04105,0.0753981752257104
SYNPCC7942_RS07435,SYNPCC7942_RS02720,0.0753925218452847
SYNPCC7942_RS07940,SYNPCC7942_RS03565,0.0753877354629306
SYNPCC7942_RS07185,SYNPCC7942_RS09870,0.0753869507379476
SYNPCC7942_RS13695,SYNPCC7942_RS07260,0.0753807209061421
SYNPCC7942_RS04225,SYNPCC7942_RS09500,0.0753766322300656
SYNPCC7942_RS07185,SYNPCC7942_RS10890,0.0753721527285731
SYNPCC7942_RS07185,SYNPCC7942_RS02800,0.0753606989256423
SYNPCC7942_RS11465,SYNPCC7942_RS08335,0.0753527019403923
SYNPCC7942_RS09740,SYNPCC7942_RS04945,0.0753442357029372
SYNPCC7942_RS09740,SYNPCC7942_RS09225,0.0753065740030964
SYNPCC7942_RS00645,SYNPCC7942_RS08555,0.0752872381492245
SYNPCC7942_RS09740,SYNPCC7942_RS05180,0.0752727445046892
SYNPCC7942_RS12275,SYNPCC7942_RS03225,0.0752640178522268
SYNPCC7942_RS03160,SYNPCC7942_RS09950,0.0752409650389973
SYNPCC7942_RS07185,SYNPCC7942_RS02670,0.0752368702316994
SYNPCC7942_RS02895,SYNPCC7942_RS06345,0.0752275021798001
SYNPCC7942_RS03160,SYNPCC7942_RS12335,0.075208384261885
SYNPCC7942_RS03160,SYNPCC7942_RS10835,0.0752017876794639
SYNPCC7942_RS02895,SYNPCC7942_RS01145,0.0751889846648331
SYNPCC7942_RS03465,SYNPCC7942_RS00875,0.0751836808578071
SYNPCC7942_RS03160,SYNPCC7942_RS01425,0.0751798024510334
SYNPCC7942_RS10700,SYNPCC7942_RS08810,0.0751797957162428
SYNPCC7942_RS09620,SYNPCC7942_RS10240,0.0751790486892727
SYNPCC7942_RS06370,SYNPCC7942_RS00370,0.0751783267308438
SYNPCC7942_RS10040,SYNPCC7942_RS09465,0.0751724402745062
SYNPCC7942_RS03955,SYNPCC7942_RS00250,0.0751721171472007
SYNPCC7942_RS09740,SYNPCC7942_RS08170,0.0751643162994295
SYNPCC7942_RS07435,SYNPCC7942_RS06100,0.0751213670793712
SYNPCC7942_RS07185,SYNPCC7942_RS09525,0.0751213013431023
SYNPCC7942_RS00380,SYNPCC7942_RS13160,0.0751115652831692
SYNPCC7942_RS00455,SYNPCC7942_RS00040,0.0751090331124833
SYNPCC7942_RS10700,SYNPCC7942_RS08485,0.0751081479641866
SYNPCC7942_RS13165,SYNPCC7942_RS08190,0.0751048156842647
SYNPCC7942_RS00380,SYNPCC7942_RS05290,0.0750775696119437
SYNPCC7942_RS07185,SYNPCC7942_RS05700,0.0750769101004456
SYNPCC7942_RS12560,SYNPCC7942_RS01355,0.0750722879763199
SYNPCC7942_RS03440,SYNPCC7942_RS13920,0.0750660507313435
SYNPCC7942_RS09160,SYNPCC7942_RS03195,0.0750609259975996
SYNPCC7942_RS00380,SYNPCC7942_RS04855,0.0750394423456998
SYNPCC7942_RS08645,SYNPCC7942_RS01890,0.075022363386499
SYNPCC7942_RS03325,SYNPCC7942_RS09110,0.0750203156015063
SYNPCC7942_RS03465,SYNPCC7942_RS06310,0.0750160814663989
SYNPCC7942_RS05870,SYNPCC7942_RS13035,0.0750055262856982
SYNPCC7942_RS10700,SYNPCC7942_RS08500,0.075002994921045
SYNPCC7942_RS11970,SYNPCC7942_RS08370,0.0749991046274662
SYNPCC7942_RS09065,SYNPCC7942_RS03320,0.0749973176228399
SYNPCC7942_RS05870,SYNPCC7942_RS04400,0.0749680241821402
SYNPCC7942_RS09760,SYNPCC7942_RS02480,0.0749391531142072
SYNPCC7942_RS04225,SYNPCC7942_RS06925,0.0749382577695183
SYNPCC7942_RS09740,SYNPCC7942_RS02640,0.0749064373689539
SYNPCC7942_RS00645,SYNPCC7942_RS05820,0.0749050090324564
SYNPCC7942_RS03075,SYNPCC7942_RS03990,0.0749023732433892
SYNPCC7942_RS00455,SYNPCC7942_RS01465,0.0748990332429067
SYNPCC7942_RS00645,SYNPCC7942_RS00575,0.0748971994672804
SYNPCC7942_RS09620,SYNPCC7942_RS12525,0.0748966040103274
SYNPCC7942_RS03440,SYNPCC7942_RS01240,0.0748768373454382
SYNPCC7942_RS10700,SYNPCC7942_RS06915,0.0748765463676639
SYNPCC7942_RS04225,SYNPCC7942_RS06835,0.074855888226311
SYNPCC7942_RS00645,SYNPCC7942_RS04935,0.0748550669347899
SYNPCC7942_RS03960,SYNPCC7942_RS06665,0.0748523893554488
SYNPCC7942_RS03465,SYNPCC7942_RS03240,0.0748356436652156
SYNPCC7942_RS02895,SYNPCC7942_RS12700,0.0748343544810781
SYNPCC7942_RS13165,SYNPCC7942_RS00525,0.074832625006935
SYNPCC7942_RS07185,SYNPCC7942_RS03435,0.0748316238239191
SYNPCC7942_RS00380,SYNPCC7942_RS04290,0.074828361570115
SYNPCC7942_RS10350,SYNPCC7942_RS06720,0.0748158765784257
SYNPCC7942_RS00645,SYNPCC7942_RS08315,0.0748122310250459
SYNPCC7942_RS12285,SYNPCC7942_RS04870,0.0748049212779947
SYNPCC7942_RS08405,SYNPCC7942_RS03080,0.0747850237537087
SYNPCC7942_RS00645,SYNPCC7942_RS02940,0.0747800162227427
SYNPCC7942_RS10700,SYNPCC7942_RS02950,0.0747729468181633
SYNPCC7942_RS00455,SYNPCC7942_RS04505,0.0747637874758567
SYNPCC7942_RS03960,SYNPCC7942_RS00820,0.0747450407998179
SYNPCC7942_RS04835,SYNPCC7942_RS03650,0.0747425510179768
SYNPCC7942_RS04225,SYNPCC7942_RS10795,0.0747395713472424
SYNPCC7942_RS10700,SYNPCC7942_RS12520,0.0747364226665446
SYNPCC7942_RS10700,SYNPCC7942_RS01825,0.074730320180458
SYNPCC7942_RS08885,SYNPCC7942_RS05590,0.0747227708241123
SYNPCC7942_RS10700,SYNPCC7942_RS06580,0.0747111324849927
SYNPCC7942_RS00455,SYNPCC7942_RS01055,0.0747040019423186
SYNPCC7942_RS03160,SYNPCC7942_RS02590,0.0746814923954605
SYNPCC7942_RS10170,SYNPCC7942_RS03920,0.0746782917265302
SYNPCC7942_RS00455,SYNPCC7942_RS05505,0.0746780802513831
SYNPCC7942_RS13165,SYNPCC7942_RS04670,0.0746751971371771
SYNPCC7942_RS09065,SYNPCC7942_RS04050,0.0746702929261516
SYNPCC7942_RS07435,SYNPCC7942_RS02940,0.0746695161305523
SYNPCC7942_RS07435,SYNPCC7942_RS12615,0.0746652844618735
SYNPCC7942_RS03160,SYNPCC7942_RS00115,0.074649824726292
SYNPCC7942_RS05640,SYNPCC7942_RS10180,0.0746437305437867
SYNPCC7942_RS07185,SYNPCC7942_RS04920,0.0746300416025009
SYNPCC7942_RS09620,SYNPCC7942_RS05825,0.0746182942797611
SYNPCC7942_RS03160,SYNPCC7942_RS10595,0.0746173034734181
SYNPCC7942_RS10700,SYNPCC7942_RS02465,0.0746138545455971
SYNPCC7942_RS00455,SYNPCC7942_RS02715,0.074596855998136
SYNPCC7942_RS10165,SYNPCC7942_RS06955,0.0745950766319097
SYNPCC7942_RS12285,SYNPCC7942_RS03685,0.0745802684786278
SYNPCC7942_RS03465,SYNPCC7942_RS03305,0.0745791036569933
SYNPCC7942_RS03160,SYNPCC7942_RS05670,0.0745728755022522
SYNPCC7942_RS10700,SYNPCC7942_RS11410,0.0745654461194218
SYNPCC7942_RS03325,SYNPCC7942_RS02335,0.0745654305315233
SYNPCC7942_RS11465,SYNPCC7942_RS09640,0.0745644039524323
SYNPCC7942_RS08780,SYNPCC7942_RS08770,0.0745635595573481
SYNPCC7942_RS00380,SYNPCC7942_RS07595,0.074562517992834
SYNPCC7942_RS00455,SYNPCC7942_RS03090,0.0745592553092256
SYNPCC7942_RS00480,SYNPCC7942_RS10280,0.074547131196247
SYNPCC7942_RS03465,SYNPCC7942_RS03280,0.0745399567462139
SYNPCC7942_RS09740,SYNPCC7942_RS08725,0.0745151934646625
SYNPCC7942_RS07185,SYNPCC7942_RS10505,0.0745124304661154
SYNPCC7942_RS03160,SYNPCC7942_RS12955,0.0745029123806075
SYNPCC7942_RS07435,SYNPCC7942_RS04090,0.074502805818753
SYNPCC7942_RS10170,SYNPCC7942_RS02145,0.0745010594157039
SYNPCC7942_RS10700,SYNPCC7942_RS05100,0.0744965834455913
SYNPCC7942_RS09935,SYNPCC7942_RS07470,0.0744935017985727
SYNPCC7942_RS03160,SYNPCC7942_RS12225,0.0744870682254676
SYNPCC7942_RS10700,SYNPCC7942_RS06145,0.0744778649837963
SYNPCC7942_RS09740,SYNPCC7942_RS12305,0.0744709724208315
SYNPCC7942_RS08820,SYNPCC7942_RS12705,0.074470733190906
SYNPCC7942_RS07435,SYNPCC7942_RS10470,0.0744592799579492
SYNPCC7942_RS00455,SYNPCC7942_RS08625,0.0744472243349803
SYNPCC7942_RS03160,SYNPCC7942_RS08720,0.0744460807328391
SYNPCC7942_RS05870,SYNPCC7942_RS09805,0.0744375199483596
SYNPCC7942_RS09740,SYNPCC7942_RS08610,0.0744348164120207
SYNPCC7942_RS09380,SYNPCC7942_RS05895,0.0744328485310145
SYNPCC7942_RS03160,SYNPCC7942_RS02820,0.0744305536609849
SYNPCC7942_RS00645,SYNPCC7942_RS00650,0.074429429974543
SYNPCC7942_RS10700,SYNPCC7942_RS06385,0.0744220719731719
SYNPCC7942_RS03160,SYNPCC7942_RS08810,0.0744212142586375
SYNPCC7942_RS09740,SYNPCC7942_RS07595,0.0744174417762032
SYNPCC7942_RS09740,SYNPCC7942_RS10255,0.0744037947142566
SYNPCC7942_RS10700,SYNPCC7942_RS08250,0.074402651062664
SYNPCC7942_RS07185,SYNPCC7942_RS09350,0.0743915596540532
SYNPCC7942_RS09380,SYNPCC7942_RS11415,0.0743864606934013
SYNPCC7942_RS03160,SYNPCC7942_RS02675,0.0743781804159036
SYNPCC7942_RS09380,SYNPCC7942_RS11830,0.0743645951487158
SYNPCC7942_RS09160,SYNPCC7942_RS06835,0.0743619112556189
SYNPCC7942_RS09160,SYNPCC7942_RS02690,0.0743591292727873
SYNPCC7942_RS09740,SYNPCC7942_RS06915,0.0743537131652113
SYNPCC7942_RS10700,SYNPCC7942_RS12085,0.0743467424891433
SYNPCC7942_RS07435,SYNPCC7942_RS04640,0.0743437611201042
SYNPCC7942_RS07435,SYNPCC7942_RS04730,0.074340412760191
SYNPCC7942_RS08820,SYNPCC7942_RS08815,0.0743298064437392
SYNPCC7942_RS03465,SYNPCC7942_RS06640,0.0743098499567355
SYNPCC7942_RS00480,SYNPCC7942_RS10445,0.0743055033242124
SYNPCC7942_RS08850,SYNPCC7942_RS11270,0.0743042063131971
SYNPCC7942_RS00455,SYNPCC7942_RS02405,0.0742981661609753
SYNPCC7942_RS03160,SYNPCC7942_RS11000,0.0742844407228154
SYNPCC7942_RS08780,SYNPCC7942_RS09495,0.074278333027909
SYNPCC7942_RS03160,SYNPCC7942_RS04060,0.0742571724109644
SYNPCC7942_RS03325,SYNPCC7942_RS10115,0.0742422845446334
SYNPCC7942_RS08580,SYNPCC7942_RS10605,0.0742405151357314
SYNPCC7942_RS03160,SYNPCC7942_RS01345,0.0742251424543083
SYNPCC7942_RS09160,SYNPCC7942_RS00235,0.0742206612812104
SYNPCC7942_RS09740,SYNPCC7942_RS13160,0.0742180604257449
SYNPCC7942_RS08885,SYNPCC7942_RS03200,0.0742127247066161
SYNPCC7942_RS09160,SYNPCC7942_RS07565,0.0742092312425271
SYNPCC7942_RS03160,SYNPCC7942_RS05480,0.0742077097239175
SYNPCC7942_RS05230,SYNPCC7942_RS05490,0.0742024916962078
SYNPCC7942_RS05870,SYNPCC7942_RS10295,0.0741796193991498
SYNPCC7942_RS07435,SYNPCC7942_RS07490,0.0741724127697653
SYNPCC7942_RS10700,SYNPCC7942_RS04700,0.0741696239061323
SYNPCC7942_RS03465,SYNPCC7942_RS08585,0.07416488445481
SYNPCC7942_RS05870,SYNPCC7942_RS08180,0.0741614851032282
SYNPCC7942_RS03160,SYNPCC7942_RS00640,0.0741521048769543
SYNPCC7942_RS00380,SYNPCC7942_RS01750,0.0741511221953357
SYNPCC7942_RS03465,SYNPCC7942_RS13615,0.0741480819057692
SYNPCC7942_RS03075,SYNPCC7942_RS09895,0.0741391050699821
SYNPCC7942_RS03075,SYNPCC7942_RS05930,0.074135232414671
SYNPCC7942_RS05870,SYNPCC7942_RS00370,0.0741343618965129
SYNPCC7942_RS03465,SYNPCC7942_RS01035,0.0741327584141114
SYNPCC7942_RS07435,SYNPCC7942_RS07815,0.074132738441958
SYNPCC7942_RS00380,SYNPCC7942_RS10595,0.0741201115688816
SYNPCC7942_RS11970,SYNPCC7942_RS02375,0.0741125251096108
SYNPCC7942_RS00645,SYNPCC7942_RS10435,0.0741050025443532
SYNPCC7942_RS10700,SYNPCC7942_RS08120,0.0741046787729717
SYNPCC7942_RS00455,SYNPCC7942_RS11645,0.0740994355164136
SYNPCC7942_RS09740,SYNPCC7942_RS03060,0.0740949889396643
SYNPCC7942_RS00455,SYNPCC7942_RS12725,0.0740868333538893
SYNPCC7942_RS00455,SYNPCC7942_RS12470,0.074083591869737
SYNPCC7942_RS13165,SYNPCC7942_RS07530,0.0740804363954718
SYNPCC7942_RS13695,SYNPCC7942_RS12260,0.0740802108963722
SYNPCC7942_RS10700,SYNPCC7942_RS00790,0.0740800568481889
SYNPCC7942_RS09435,SYNPCC7942_RS12310,0.0740723531303491
SYNPCC7942_RS07435,SYNPCC7942_RS02875,0.0740624387341333
SYNPCC7942_RS08645,SYNPCC7942_RS06200,0.0740543616572931
SYNPCC7942_RS09760,SYNPCC7942_RS11650,0.074054090041153
SYNPCC7942_RS07435,SYNPCC7942_RS04830,0.0740389610769838
SYNPCC7942_RS07435,SYNPCC7942_RS05040,0.074017533882777
SYNPCC7942_RS03160,SYNPCC7942_RS12465,0.0739848544936234
SYNPCC7942_RS09620,SYNPCC7942_RS07250,0.0739795596699577
SYNPCC7942_RS03160,SYNPCC7942_RS05705,0.0739794652322158
SYNPCC7942_RS00455,SYNPCC7942_RS00035,0.0739696984581305
SYNPCC7942_RS10040,SYNPCC7942_RS08660,0.073966240775519
SYNPCC7942_RS07435,SYNPCC7942_RS13305,0.0739655468055855
SYNPCC7942_RS00645,SYNPCC7942_RS08455,0.0739648352978294
SYNPCC7942_RS09740,SYNPCC7942_RS04750,0.0739504373488744
SYNPCC7942_RS03465,SYNPCC7942_RS07280,0.0739463463853404
SYNPCC7942_RS00765,SYNPCC7942_RS06940,0.0739407573580063
SYNPCC7942_RS00380,SYNPCC7942_RS10565,0.073909981963541
SYNPCC7942_RS03160,SYNPCC7942_RS09215,0.0739070692464123
SYNPCC7942_RS03955,SYNPCC7942_RS05075,0.0739067415825846
SYNPCC7942_RS10700,SYNPCC7942_RS07370,0.073891164637301
SYNPCC7942_RS08885,SYNPCC7942_RS03875,0.0738882292753281
SYNPCC7942_RS12560,SYNPCC7942_RS05650,0.0738638703661422
SYNPCC7942_RS00765,SYNPCC7942_RS00905,0.0738613108271587
SYNPCC7942_RS07185,SYNPCC7942_RS01365,0.0738557467234295
SYNPCC7942_RS10350,SYNPCC7942_RS13280,0.0738506722065688
SYNPCC7942_RS10170,SYNPCC7942_RS03035,0.0738500141839353
SYNPCC7942_RS05640,SYNPCC7942_RS10755,0.0738439017288804
SYNPCC7942_RS04225,SYNPCC7942_RS04055,0.0738405974280779
SYNPCC7942_RS03160,SYNPCC7942_RS03375,0.0738181192379921
SYNPCC7942_RS00645,SYNPCC7942_RS12075,0.0738164848761683
SYNPCC7942_RS09740,SYNPCC7942_RS09215,0.0738163894140684
SYNPCC7942_RS03440,SYNPCC7942_RS01000,0.0738040058908625
SYNPCC7942_RS09435,SYNPCC7942_RS04210,0.0738034149580263
SYNPCC7942_RS03160,SYNPCC7942_RS08325,0.0737935482189942
SYNPCC7942_RS07185,SYNPCC7942_RS02025,0.0737818176454326
SYNPCC7942_RS10700,SYNPCC7942_RS07810,0.0737691862506067
SYNPCC7942_RS03160,SYNPCC7942_RS08310,0.0737562387727462
SYNPCC7942_RS07940,SYNPCC7942_RS02830,0.0737494037114834
SYNPCC7942_RS00455,SYNPCC7942_RS08690,0.0737463331716203
SYNPCC7942_RS07435,SYNPCC7942_RS05285,0.0737452883410125
SYNPCC7942_RS03530,SYNPCC7942_RS01565,0.0737351761764915
SYNPCC7942_RS00645,SYNPCC7942_RS01785,0.0737264967212711
SYNPCC7942_RS02830,SYNPCC7942_RS11720,0.0737039980045922
SYNPCC7942_RS06700,SYNPCC7942_RS07110,0.0737003504466737
SYNPCC7942_RS00455,SYNPCC7942_RS12640,0.073695907443189
SYNPCC7942_RS10700,SYNPCC7942_RS09475,0.0736695310732281
SYNPCC7942_RS10700,SYNPCC7942_RS06755,0.073667901515807
SYNPCC7942_RS05640,SYNPCC7942_RS06755,0.073667760463809
SYNPCC7942_RS00645,SYNPCC7942_RS10970,0.0736573563981493
SYNPCC7942_RS05870,SYNPCC7942_RS00095,0.0736414141502612
SYNPCC7942_RS03465,SYNPCC7942_RS12325,0.0736365723401636
SYNPCC7942_RS06370,SYNPCC7942_RS01330,0.07363547507658
SYNPCC7942_RS03160,SYNPCC7942_RS04920,0.0736307305899414
SYNPCC7942_RS03325,SYNPCC7942_RS06075,0.0736279548616268
SYNPCC7942_RS07435,SYNPCC7942_RS13225,0.0736248212693917
SYNPCC7942_RS00480,SYNPCC7942_RS01140,0.073608392031251
SYNPCC7942_RS05870,SYNPCC7942_RS06795,0.0736074076852774
SYNPCC7942_RS00645,SYNPCC7942_RS06150,0.0735991286872619
SYNPCC7942_RS10700,SYNPCC7942_RS10440,0.073586319995427
SYNPCC7942_RS07435,SYNPCC7942_RS06205,0.0735804503005868
SYNPCC7942_RS10340,SYNPCC7942_RS13910,0.0735775358734507
SYNPCC7942_RS07185,SYNPCC7942_RS00230,0.0735694671849958
SYNPCC7942_RS00455,SYNPCC7942_RS05980,0.073566929515317
SYNPCC7942_RS08885,SYNPCC7942_RS06750,0.0735649076828834
SYNPCC7942_RS12285,SYNPCC7942_RS00675,0.0735598925407975
SYNPCC7942_RS12285,SYNPCC7942_RS03335,0.0735568575989737
SYNPCC7942_RS08645,SYNPCC7942_RS07570,0.0735447278115751
SYNPCC7942_RS10350,SYNPCC7942_RS12635,0.0735197001449744
SYNPCC7942_RS10700,SYNPCC7942_RS08655,0.0735191236493737
SYNPCC7942_RS12275,SYNPCC7942_RS05065,0.0735178836334194
SYNPCC7942_RS03465,SYNPCC7942_RS11420,0.0735164853904615
SYNPCC7942_RS00765,SYNPCC7942_RS05975,0.0735065195702166
SYNPCC7942_RS09435,SYNPCC7942_RS09000,0.0735024598028385
SYNPCC7942_RS00645,SYNPCC7942_RS11605,0.0734977889190115
SYNPCC7942_RS03465,SYNPCC7942_RS11115,0.0734716234151924
SYNPCC7942_RS03160,SYNPCC7942_RS04025,0.073470132507043
SYNPCC7942_RS00645,SYNPCC7942_RS12385,0.0734623911031828
SYNPCC7942_RS10700,SYNPCC7942_RS09865,0.073459479773243
SYNPCC7942_RS00645,SYNPCC7942_RS08210,0.0734246150150639
SYNPCC7942_RS00560,SYNPCC7942_RS01010,0.0734246058161666
SYNPCC7942_RS05640,SYNPCC7942_RS10080,0.0734223312380487
SYNPCC7942_RS03325,SYNPCC7942_RS10110,0.0734061848839549
SYNPCC7942_RS02895,SYNPCC7942_RS01950,0.0733950675006447
SYNPCC7942_RS07435,SYNPCC7942_RS06095,0.0733881880746917
SYNPCC7942_RS07435,SYNPCC7942_RS07795,0.073380964546685
SYNPCC7942_RS03530,SYNPCC7942_RS00835,0.0733668774902363
SYNPCC7942_RS05870,SYNPCC7942_RS14165,0.0733581730274464
SYNPCC7942_RS12560,SYNPCC7942_RS08540,0.0733515756556057
SYNPCC7942_RS12535,SYNPCC7942_RS05645,0.0733394639762815
SYNPCC7942_RS09500,SYNPCC7942_RS00915,0.0733261179226411
SYNPCC7942_RS00765,SYNPCC7942_RS03830,0.0733195861900465
SYNPCC7942_RS09620,SYNPCC7942_RS00775,0.0733067443840964
SYNPCC7942_RS00645,SYNPCC7942_RS01825,0.0732937461547777
SYNPCC7942_RS10700,SYNPCC7942_RS08170,0.0732876016182396
SYNPCC7942_RS09740,SYNPCC7942_RS04360,0.073279977424006
SYNPCC7942_RS09435,SYNPCC7942_RS08135,0.0732748144558158
SYNPCC7942_RS10700,SYNPCC7942_RS00945,0.0732439174965432
SYNPCC7942_RS00380,SYNPCC7942_RS04510,0.0732406594560477
SYNPCC7942_RS05070,SYNPCC7942_RS00520,0.0732222866357122
SYNPCC7942_RS00645,SYNPCC7942_RS02735,0.0732222433491098
SYNPCC7942_RS03160,SYNPCC7942_RS12055,0.0732204040268156
SYNPCC7942_RS11970,SYNPCC7942_RS09100,0.0732116315614158
SYNPCC7942_RS03530,SYNPCC7942_RS02380,0.0732115076710421
SYNPCC7942_RS07185,SYNPCC7942_RS05250,0.0732073516363748
SYNPCC7942_RS04225,SYNPCC7942_RS00525,0.0732070169726919
SYNPCC7942_RS09160,SYNPCC7942_RS13820,0.0732062340227682
SYNPCC7942_RS03160,SYNPCC7942_RS03060,0.0731901748216478
SYNPCC7942_RS10700,SYNPCC7942_RS12575,0.0731887281491983
SYNPCC7942_RS00455,SYNPCC7942_RS07435,0.0731780642793419
SYNPCC7942_RS03325,SYNPCC7942_RS04205,0.0731747447733725
SYNPCC7942_RS05640,SYNPCC7942_RS06165,0.0731610547556356
SYNPCC7942_RS08850,SYNPCC7942_RS02785,0.0731589287081284
SYNPCC7942_RS09740,SYNPCC7942_RS09925,0.0731559860114302
