regulatoryGene,targetGene,weight
SYNPCC7942_RS11050,SYNPCC7942_RS11040,0.238648493069289
SYNPCC7942_RS06230,SYNPCC7942_RS06235,0.23627403290557
SYNPCC7942_RS11050,SYNPCC7942_RS11045,0.228692170323704
SYNPCC7942_RS03260,SYNPCC7942_RS03255,0.217619584991332
SYNPCC7942_RS09760,SYNPCC7942_RS02270,0.208272576021526
SYNPCC7942_RS08580,SYNPCC7942_RS08575,0.19901731367546
SYNPCC7942_RS09760,SYNPCC7942_RS09085,0.19820996656172
SYNPCC7942_RS09760,SYNPCC7942_RS06455,0.195360529103067
SYNPCC7942_RS09760,SYNPCC7942_RS01905,0.194580453959002
SYNPCC7942_RS09760,SYNPCC7942_RS09490,0.193458629981695
SYNPCC7942_RS09760,SYNPCC7942_RS09485,0.190446258504115
SYNPCC7942_RS09760,SYNPCC7942_RS02975,0.189940486020353
SYNPCC7942_RS03075,SYNPCC7942_RS11460,0.189015549581744
SYNPCC7942_RS02830,SYNPCC7942_RS11870,0.188586820447321
SYNPCC7942_RS00560,SYNPCC7942_RS00555,0.188261648254643
SYNPCC7942_RS09760,SYNPCC7942_RS02265,0.186869647096881
SYNPCC7942_RS02830,SYNPCC7942_RS11825,0.184478944401824
SYNPCC7942_RS09760,SYNPCC7942_RS09145,0.1832711377331
SYNPCC7942_RS09760,SYNPCC7942_RS01165,0.182234087606323
SYNPCC7942_RS02830,SYNPCC7942_RS07120,0.179206780066837
SYNPCC7942_RS02830,SYNPCC7942_RS14100,0.176051933940793
SYNPCC7942_RS08885,SYNPCC7942_RS08880,0.175525954827332
SYNPCC7942_RS03075,SYNPCC7942_RS01415,0.175026841124694
SYNPCC7942_RS09380,SYNPCC7942_RS02830,0.17498191743338
SYNPCC7942_RS12560,SYNPCC7942_RS12745,0.173881115799931
SYNPCC7942_RS02830,SYNPCC7942_RS01550,0.170851886265407
SYNPCC7942_RS12560,SYNPCC7942_RS02015,0.170136955733189
SYNPCC7942_RS02830,SYNPCC7942_RS12995,0.168894933024343
SYNPCC7942_RS00645,SYNPCC7942_RS06355,0.16792952669259
SYNPCC7942_RS11970,SYNPCC7942_RS12420,0.166688659738585
SYNPCC7942_RS02830,SYNPCC7942_RS11865,0.166237845752775
SYNPCC7942_RS03075,SYNPCC7942_RS11825,0.166126333848456
SYNPCC7942_RS02830,SYNPCC7942_RS11860,0.16611328208196
SYNPCC7942_RS02830,SYNPCC7942_RS09380,0.165678201770044
SYNPCC7942_RS03075,SYNPCC7942_RS01885,0.164774062434519
SYNPCC7942_RS06365,SYNPCC7942_RS06360,0.164488399326153
SYNPCC7942_RS11970,SYNPCC7942_RS11975,0.164359742936183
SYNPCC7942_RS09380,SYNPCC7942_RS08005,0.163867985264581
SYNPCC7942_RS09380,SYNPCC7942_RS08225,0.163796999995126
SYNPCC7942_RS09380,SYNPCC7942_RS14100,0.163567312807716
SYNPCC7942_RS10340,SYNPCC7942_RS05920,0.16240697817673
SYNPCC7942_RS11970,SYNPCC7942_RS12425,0.160193646220814
SYNPCC7942_RS09380,SYNPCC7942_RS03075,0.159680888778739
SYNPCC7942_RS03075,SYNPCC7942_RS09380,0.159380341714316
SYNPCC7942_RS02830,SYNPCC7942_RS12990,0.158591487074548
SYNPCC7942_RS09760,SYNPCC7942_RS08230,0.158216626035293
SYNPCC7942_RS03260,SYNPCC7942_RS03265,0.157688626578782
SYNPCC7942_RS03075,SYNPCC7942_RS08215,0.157639398323914
SYNPCC7942_RS03075,SYNPCC7942_RS12995,0.157311424581415
SYNPCC7942_RS09380,SYNPCC7942_RS11865,0.156692591047835
SYNPCC7942_RS02830,SYNPCC7942_RS00795,0.15664440834699
SYNPCC7942_RS03075,SYNPCC7942_RS01995,0.156457202645091
SYNPCC7942_RS09380,SYNPCC7942_RS00195,0.156035049759187
SYNPCC7942_RS09380,SYNPCC7942_RS11870,0.156027440194837
SYNPCC7942_RS03075,SYNPCC7942_RS01420,0.155916527319515
SYNPCC7942_RS02830,SYNPCC7942_RS11520,0.155642509746964
SYNPCC7942_RS12560,SYNPCC7942_RS12820,0.155253547481448
SYNPCC7942_RS09380,SYNPCC7942_RS08220,0.154933896336123
SYNPCC7942_RS09380,SYNPCC7942_RS08030,0.154519335709773
SYNPCC7942_RS02830,SYNPCC7942_RS01880,0.15420546888966
SYNPCC7942_RS03075,SYNPCC7942_RS12985,0.154005448868774
SYNPCC7942_RS05195,SYNPCC7942_RS05190,0.153122175498202
SYNPCC7942_RS09380,SYNPCC7942_RS08215,0.152978078166926
SYNPCC7942_RS03075,SYNPCC7942_RS01250,0.152783504334146
SYNPCC7942_RS09380,SYNPCC7942_RS07120,0.152252596730453
SYNPCC7942_RS09380,SYNPCC7942_RS01550,0.15167242276547
SYNPCC7942_RS00480,SYNPCC7942_RS06235,0.151542584305533
SYNPCC7942_RS08580,SYNPCC7942_RS08565,0.151281523072407
SYNPCC7942_RS09760,SYNPCC7942_RS09815,0.151162328200072
SYNPCC7942_RS09380,SYNPCC7942_RS08035,0.15110328714558
SYNPCC7942_RS09380,SYNPCC7942_RS11825,0.151010865107349
SYNPCC7942_RS07435,SYNPCC7942_RS01700,0.150811080002294
SYNPCC7942_RS09380,SYNPCC7942_RS10555,0.1508068509118
SYNPCC7942_RS08580,SYNPCC7942_RS08570,0.14999968263284
SYNPCC7942_RS08580,SYNPCC7942_RS08605,0.149865799805332
SYNPCC7942_RS07435,SYNPCC7942_RS08315,0.148664320401654
SYNPCC7942_RS09760,SYNPCC7942_RS01170,0.148590037310223
SYNPCC7942_RS12275,SYNPCC7942_RS01855,0.148468269864035
SYNPCC7942_RS09380,SYNPCC7942_RS11860,0.148426937945195
SYNPCC7942_RS09065,SYNPCC7942_RS09325,0.147617703960222
SYNPCC7942_RS03075,SYNPCC7942_RS12980,0.147503469899165
SYNPCC7942_RS09760,SYNPCC7942_RS02815,0.147370807640492
SYNPCC7942_RS09380,SYNPCC7942_RS01245,0.147135960541351
SYNPCC7942_RS02830,SYNPCC7942_RS07010,0.14699548204011
SYNPCC7942_RS02830,SYNPCC7942_RS08505,0.146901760578931
SYNPCC7942_RS03075,SYNPCC7942_RS12990,0.146657448940849
SYNPCC7942_RS09380,SYNPCC7942_RS01250,0.146492755434613
SYNPCC7942_RS12560,SYNPCC7942_RS03285,0.14626075263507
SYNPCC7942_RS03075,SYNPCC7942_RS08005,0.146039579472729
SYNPCC7942_RS12560,SYNPCC7942_RS11510,0.145897292396642
SYNPCC7942_RS12560,SYNPCC7942_RS12430,0.145811231277892
SYNPCC7942_RS12560,SYNPCC7942_RS07765,0.145566456591088
SYNPCC7942_RS02895,SYNPCC7942_RS05140,0.145366221912602
SYNPCC7942_RS03075,SYNPCC7942_RS01245,0.144735987130092
SYNPCC7942_RS07435,SYNPCC7942_RS01465,0.144528303787319
SYNPCC7942_RS09380,SYNPCC7942_RS10540,0.144282188489361
SYNPCC7942_RS00645,SYNPCC7942_RS10680,0.14359099469158
SYNPCC7942_RS02830,SYNPCC7942_RS08930,0.143397110146433
SYNPCC7942_RS07435,SYNPCC7942_RS10965,0.143348905810606
SYNPCC7942_RS03160,SYNPCC7942_RS01600,0.143287556181239
SYNPCC7942_RS09065,SYNPCC7942_RS07695,0.142044157886564
SYNPCC7942_RS08580,SYNPCC7942_RS08585,0.141860705937502
SYNPCC7942_RS07435,SYNPCC7942_RS10970,0.141847350959118
SYNPCC7942_RS03465,SYNPCC7942_RS08470,0.141298503840411
SYNPCC7942_RS02895,SYNPCC7942_RS10445,0.1412811331244
SYNPCC7942_RS03075,SYNPCC7942_RS02535,0.141217579763396
SYNPCC7942_RS02830,SYNPCC7942_RS08225,0.141191651726744
SYNPCC7942_RS12560,SYNPCC7942_RS03270,0.141118691201115
SYNPCC7942_RS03075,SYNPCC7942_RS04315,0.141111962293817
SYNPCC7942_RS03075,SYNPCC7942_RS05895,0.140833936667712
SYNPCC7942_RS03075,SYNPCC7942_RS07120,0.140673349316923
SYNPCC7942_RS09065,SYNPCC7942_RS11675,0.140505407812398
SYNPCC7942_RS12560,SYNPCC7942_RS05845,0.140387301178597
SYNPCC7942_RS12275,SYNPCC7942_RS12265,0.139422006137418
SYNPCC7942_RS02830,SYNPCC7942_RS03485,0.139283145615126
SYNPCC7942_RS09760,SYNPCC7942_RS01900,0.139221837730304
SYNPCC7942_RS07435,SYNPCC7942_RS10050,0.139212340628351
SYNPCC7942_RS03075,SYNPCC7942_RS08225,0.139186796605433
SYNPCC7942_RS09380,SYNPCC7942_RS12995,0.139123130798087
SYNPCC7942_RS03955,SYNPCC7942_RS07045,0.138542258687512
SYNPCC7942_RS03465,SYNPCC7942_RS11695,0.138214200139066
SYNPCC7942_RS02830,SYNPCC7942_RS02445,0.138106089952591
SYNPCC7942_RS09065,SYNPCC7942_RS09070,0.137972568794938
SYNPCC7942_RS10700,SYNPCC7942_RS10815,0.137699702585917
SYNPCC7942_RS06700,SYNPCC7942_RS07545,0.137653373840673
SYNPCC7942_RS12560,SYNPCC7942_RS11890,0.137539288326823
SYNPCC7942_RS03075,SYNPCC7942_RS03305,0.137392226073379
SYNPCC7942_RS03260,SYNPCC7942_RS11310,0.137026284534434
SYNPCC7942_RS12560,SYNPCC7942_RS04100,0.13683926561637
SYNPCC7942_RS09065,SYNPCC7942_RS08395,0.136756671970828
SYNPCC7942_RS00455,SYNPCC7942_RS00760,0.136605174854328
SYNPCC7942_RS07435,SYNPCC7942_RS05820,0.136347132827379
SYNPCC7942_RS09760,SYNPCC7942_RS07190,0.136145400076362
SYNPCC7942_RS03260,SYNPCC7942_RS11315,0.135904595674499
SYNPCC7942_RS07435,SYNPCC7942_RS10195,0.135778951996798
SYNPCC7942_RS03075,SYNPCC7942_RS02830,0.135337918287378
SYNPCC7942_RS12560,SYNPCC7942_RS12690,0.135284705794523
SYNPCC7942_RS09760,SYNPCC7942_RS09100,0.134764604228176
SYNPCC7942_RS03075,SYNPCC7942_RS08220,0.134417645142683
SYNPCC7942_RS02830,SYNPCC7942_RS11105,0.134360498594117
SYNPCC7942_RS09380,SYNPCC7942_RS08040,0.134163718205796
SYNPCC7942_RS00645,SYNPCC7942_RS06350,0.134145873171487
SYNPCC7942_RS03465,SYNPCC7942_RS13955,0.133813665989428
SYNPCC7942_RS02895,SYNPCC7942_RS10300,0.133666178432647
SYNPCC7942_RS12275,SYNPCC7942_RS01000,0.133604604840074
SYNPCC7942_RS03465,SYNPCC7942_RS05340,0.133534726423758
SYNPCC7942_RS03160,SYNPCC7942_RS02580,0.133499580394682
SYNPCC7942_RS03075,SYNPCC7942_RS12125,0.133351088489204
SYNPCC7942_RS00455,SYNPCC7942_RS08740,0.133331845970415
SYNPCC7942_RS08850,SYNPCC7942_RS08845,0.133263705079334
SYNPCC7942_RS03075,SYNPCC7942_RS12510,0.133116682747741
SYNPCC7942_RS03075,SYNPCC7942_RS12135,0.133029872245852
SYNPCC7942_RS03440,SYNPCC7942_RS12275,0.132995300826993
SYNPCC7942_RS03075,SYNPCC7942_RS09070,0.132925627295158
SYNPCC7942_RS03075,SYNPCC7942_RS10725,0.132811458089509
SYNPCC7942_RS02830,SYNPCC7942_RS08215,0.132740038018011
SYNPCC7942_RS07435,SYNPCC7942_RS05720,0.132631117313641
SYNPCC7942_RS03075,SYNPCC7942_RS00175,0.132379379657391
SYNPCC7942_RS09380,SYNPCC7942_RS12985,0.132363983709271
SYNPCC7942_RS03075,SYNPCC7942_RS09890,0.132135899415188
SYNPCC7942_RS00455,SYNPCC7942_RS10410,0.131554729726729
SYNPCC7942_RS07435,SYNPCC7942_RS00925,0.131515298207458
SYNPCC7942_RS02830,SYNPCC7942_RS12965,0.131353065888926
SYNPCC7942_RS12560,SYNPCC7942_RS05855,0.131168289890559
SYNPCC7942_RS02830,SYNPCC7942_RS08220,0.130875700851512
SYNPCC7942_RS08885,SYNPCC7942_RS07570,0.130511192367538
SYNPCC7942_RS03260,SYNPCC7942_RS03250,0.13042466448531
SYNPCC7942_RS03960,SYNPCC7942_RS03955,0.130082105606826
SYNPCC7942_RS07435,SYNPCC7942_RS04390,0.130068758091299
SYNPCC7942_RS08885,SYNPCC7942_RS01325,0.129902083786039
SYNPCC7942_RS03465,SYNPCC7942_RS12870,0.129854749124365
SYNPCC7942_RS12560,SYNPCC7942_RS00905,0.129813415099482
SYNPCC7942_RS12560,SYNPCC7942_RS12885,0.129746929150838
SYNPCC7942_RS03075,SYNPCC7942_RS14100,0.129733203567404
SYNPCC7942_RS03075,SYNPCC7942_RS11870,0.12972890034069
SYNPCC7942_RS07435,SYNPCC7942_RS09295,0.129476426266356
SYNPCC7942_RS03160,SYNPCC7942_RS01270,0.129459969457847
SYNPCC7942_RS09380,SYNPCC7942_RS12510,0.129456109746908
SYNPCC7942_RS03075,SYNPCC7942_RS13190,0.129293825681944
SYNPCC7942_RS09380,SYNPCC7942_RS00170,0.129061560356231
SYNPCC7942_RS09160,SYNPCC7942_RS03200,0.129038949204375
SYNPCC7942_RS12275,SYNPCC7942_RS01100,0.128984391631748
SYNPCC7942_RS03160,SYNPCC7942_RS04790,0.128943944014573
SYNPCC7942_RS02830,SYNPCC7942_RS00170,0.128805720172107
SYNPCC7942_RS03465,SYNPCC7942_RS08730,0.12866285538519
SYNPCC7942_RS02895,SYNPCC7942_RS10965,0.128384581563188
SYNPCC7942_RS11050,SYNPCC7942_RS11055,0.12836770623457
SYNPCC7942_RS12560,SYNPCC7942_RS11610,0.128367086576075
SYNPCC7942_RS10700,SYNPCC7942_RS08165,0.128242599197303
SYNPCC7942_RS03325,SYNPCC7942_RS13040,0.1281451371921
SYNPCC7942_RS08885,SYNPCC7942_RS05645,0.128115391354765
SYNPCC7942_RS09740,SYNPCC7942_RS00205,0.128063939776682
SYNPCC7942_RS08405,SYNPCC7942_RS08410,0.128035095737274
SYNPCC7942_RS10260,SYNPCC7942_RS10255,0.127902136372199
SYNPCC7942_RS07435,SYNPCC7942_RS10025,0.12790086849663
SYNPCC7942_RS08885,SYNPCC7942_RS12715,0.127552493488466
SYNPCC7942_RS09760,SYNPCC7942_RS08195,0.127525499299804
SYNPCC7942_RS12275,SYNPCC7942_RS05740,0.12739668816607
SYNPCC7942_RS08645,SYNPCC7942_RS08300,0.127375467795601
SYNPCC7942_RS08885,SYNPCC7942_RS11120,0.127345235455769
SYNPCC7942_RS09380,SYNPCC7942_RS08930,0.12730154273084
SYNPCC7942_RS07435,SYNPCC7942_RS11775,0.127282131467334
SYNPCC7942_RS03260,SYNPCC7942_RS12845,0.127143263367316
SYNPCC7942_RS03260,SYNPCC7942_RS06545,0.127050495012625
SYNPCC7942_RS08885,SYNPCC7942_RS12440,0.127042013325995
SYNPCC7942_RS07435,SYNPCC7942_RS05135,0.127008983880658
SYNPCC7942_RS12535,SYNPCC7942_RS04590,0.126891624432892
SYNPCC7942_RS07435,SYNPCC7942_RS01965,0.12688020716654
SYNPCC7942_RS03465,SYNPCC7942_RS11175,0.126792957674055
SYNPCC7942_RS03075,SYNPCC7942_RS08035,0.126748524706087
SYNPCC7942_RS03465,SYNPCC7942_RS09325,0.126698776288721
SYNPCC7942_RS10700,SYNPCC7942_RS02810,0.126694782067961
SYNPCC7942_RS03955,SYNPCC7942_RS09200,0.126644171300469
SYNPCC7942_RS08885,SYNPCC7942_RS03295,0.126621291760269
SYNPCC7942_RS00455,SYNPCC7942_RS00405,0.126490113163711
SYNPCC7942_RS03260,SYNPCC7942_RS11290,0.126290902652934
SYNPCC7942_RS02895,SYNPCC7942_RS06275,0.126274304257145
SYNPCC7942_RS03160,SYNPCC7942_RS08490,0.126258283682193
SYNPCC7942_RS09740,SYNPCC7942_RS10740,0.126214848241682
SYNPCC7942_RS07435,SYNPCC7942_RS01710,0.12617482434196
SYNPCC7942_RS12560,SYNPCC7942_RS00590,0.126133410509795
SYNPCC7942_RS00455,SYNPCC7942_RS06370,0.126076195699853
SYNPCC7942_RS07435,SYNPCC7942_RS01285,0.125852258314675
SYNPCC7942_RS12560,SYNPCC7942_RS06470,0.125773541930829
SYNPCC7942_RS09620,SYNPCC7942_RS04925,0.125586699955761
SYNPCC7942_RS09160,SYNPCC7942_RS07725,0.125525770850077
SYNPCC7942_RS03160,SYNPCC7942_RS08360,0.125486186746988
SYNPCC7942_RS03955,SYNPCC7942_RS10925,0.125471519194866
SYNPCC7942_RS07435,SYNPCC7942_RS02470,0.125439066366589
SYNPCC7942_RS08885,SYNPCC7942_RS05430,0.12534930291385
SYNPCC7942_RS03465,SYNPCC7942_RS11460,0.125213480728212
SYNPCC7942_RS09760,SYNPCC7942_RS03180,0.125142452348485
SYNPCC7942_RS03465,SYNPCC7942_RS07470,0.12513315909404
SYNPCC7942_RS03075,SYNPCC7942_RS10555,0.124952142857427
SYNPCC7942_RS12275,SYNPCC7942_RS04985,0.124946194561464
SYNPCC7942_RS09935,SYNPCC7942_RS12435,0.124899950781978
SYNPCC7942_RS09760,SYNPCC7942_RS07085,0.124849101223765
SYNPCC7942_RS03465,SYNPCC7942_RS03985,0.124707145657285
SYNPCC7942_RS02895,SYNPCC7942_RS05380,0.124595746712012
SYNPCC7942_RS05870,SYNPCC7942_RS10115,0.124525076902135
SYNPCC7942_RS03955,SYNPCC7942_RS00280,0.124463074565926
SYNPCC7942_RS08885,SYNPCC7942_RS11420,0.124411144615979
SYNPCC7942_RS12275,SYNPCC7942_RS11000,0.124399400986573
SYNPCC7942_RS12535,SYNPCC7942_RS09130,0.124205979817539
SYNPCC7942_RS09380,SYNPCC7942_RS12990,0.12414810403364
SYNPCC7942_RS09500,SYNPCC7942_RS09495,0.12414629931573
SYNPCC7942_RS07435,SYNPCC7942_RS01695,0.124114254317275
SYNPCC7942_RS10170,SYNPCC7942_RS12610,0.124012283536398
SYNPCC7942_RS03160,SYNPCC7942_RS10950,0.123980541104032
SYNPCC7942_RS03160,SYNPCC7942_RS10570,0.123948744544799
SYNPCC7942_RS07720,SYNPCC7942_RS01090,0.123852726573791
SYNPCC7942_RS07185,SYNPCC7942_RS02695,0.123747818137507
SYNPCC7942_RS03075,SYNPCC7942_RS01550,0.123597715841722
SYNPCC7942_RS02830,SYNPCC7942_RS12985,0.123473043100205
SYNPCC7942_RS02830,SYNPCC7942_RS02835,0.123385987061731
SYNPCC7942_RS09160,SYNPCC7942_RS04365,0.12337423165086
SYNPCC7942_RS03075,SYNPCC7942_RS08030,0.123314122989657
SYNPCC7942_RS10700,SYNPCC7942_RS04855,0.123129332648675
SYNPCC7942_RS03465,SYNPCC7942_RS11700,0.122905360401532
SYNPCC7942_RS03260,SYNPCC7942_RS11320,0.122863050446051
SYNPCC7942_RS09160,SYNPCC7942_RS08400,0.122688937679719
SYNPCC7942_RS09740,SYNPCC7942_RS08250,0.122591126803377
SYNPCC7942_RS09500,SYNPCC7942_RS06925,0.122579200336209
SYNPCC7942_RS03465,SYNPCC7942_RS04045,0.122561960042231
SYNPCC7942_RS09380,SYNPCC7942_RS10015,0.122525021839616
SYNPCC7942_RS03160,SYNPCC7942_RS02925,0.122456566645567
SYNPCC7942_RS07435,SYNPCC7942_RS02565,0.122375939173685
SYNPCC7942_RS07435,SYNPCC7942_RS13680,0.122352001416169
SYNPCC7942_RS07435,SYNPCC7942_RS13675,0.122323013063492
SYNPCC7942_RS00645,SYNPCC7942_RS12840,0.122304729005087
SYNPCC7942_RS10700,SYNPCC7942_RS08185,0.122294750386879
SYNPCC7942_RS10700,SYNPCC7942_RS08180,0.121954093650551
SYNPCC7942_RS12560,SYNPCC7942_RS04295,0.121900997919341
SYNPCC7942_RS03260,SYNPCC7942_RS11235,0.121462229892218
SYNPCC7942_RS09380,SYNPCC7942_RS10535,0.121367140813938
SYNPCC7942_RS09380,SYNPCC7942_RS00795,0.121337158640972
SYNPCC7942_RS00455,SYNPCC7942_RS10310,0.121317464951948
SYNPCC7942_RS09380,SYNPCC7942_RS01415,0.121281398051821
SYNPCC7942_RS02895,SYNPCC7942_RS12210,0.12123715740839
SYNPCC7942_RS09065,SYNPCC7942_RS09715,0.1212052514631
SYNPCC7942_RS12560,SYNPCC7942_RS03205,0.121196580741541
SYNPCC7942_RS09380,SYNPCC7942_RS01880,0.121167967205636
SYNPCC7942_RS03465,SYNPCC7942_RS13905,0.121123823992062
SYNPCC7942_RS07435,SYNPCC7942_RS11770,0.121093421745881
SYNPCC7942_RS07435,SYNPCC7942_RS11950,0.121038743145983
SYNPCC7942_RS12535,SYNPCC7942_RS07355,0.12089904209702
SYNPCC7942_RS03075,SYNPCC7942_RS11105,0.120873922329121
SYNPCC7942_RS07435,SYNPCC7942_RS07275,0.120783883188581
SYNPCC7942_RS03160,SYNPCC7942_RS00095,0.120612661843664
SYNPCC7942_RS09620,SYNPCC7942_RS10215,0.120601983972306
SYNPCC7942_RS00455,SYNPCC7942_RS00120,0.120491012472993
SYNPCC7942_RS03260,SYNPCC7942_RS11275,0.120441936319995
SYNPCC7942_RS03465,SYNPCC7942_RS01360,0.120393312388809
SYNPCC7942_RS10170,SYNPCC7942_RS09585,0.120392815697262
SYNPCC7942_RS09065,SYNPCC7942_RS12680,0.120374441823588
SYNPCC7942_RS07435,SYNPCC7942_RS05015,0.120359155603088
SYNPCC7942_RS08885,SYNPCC7942_RS10780,0.120330193821521
SYNPCC7942_RS03160,SYNPCC7942_RS02570,0.120329579299878
SYNPCC7942_RS09380,SYNPCC7942_RS12135,0.120174894210987
SYNPCC7942_RS10340,SYNPCC7942_RS10345,0.120158536086115
SYNPCC7942_RS02895,SYNPCC7942_RS01670,0.120080664888242
SYNPCC7942_RS13165,SYNPCC7942_RS08295,0.120035277102515
SYNPCC7942_RS07435,SYNPCC7942_RS01670,0.119980096873282
SYNPCC7942_RS11050,SYNPCC7942_RS07480,0.119889472315786
SYNPCC7942_RS03075,SYNPCC7942_RS06920,0.119876825797517
SYNPCC7942_RS08885,SYNPCC7942_RS12095,0.119823383517802
SYNPCC7942_RS02830,SYNPCC7942_RS12510,0.119774450555693
SYNPCC7942_RS10700,SYNPCC7942_RS06995,0.119772896022307
SYNPCC7942_RS03955,SYNPCC7942_RS13760,0.11971222317285
SYNPCC7942_RS12560,SYNPCC7942_RS03770,0.119680519049268
SYNPCC7942_RS02830,SYNPCC7942_RS00195,0.119639091440266
SYNPCC7942_RS08885,SYNPCC7942_RS06965,0.119630816378022
SYNPCC7942_RS07435,SYNPCC7942_RS06795,0.119456724731222
SYNPCC7942_RS00455,SYNPCC7942_RS01265,0.11941266727409
SYNPCC7942_RS03465,SYNPCC7942_RS06565,0.119363477518214
SYNPCC7942_RS12275,SYNPCC7942_RS12320,0.119227156231266
SYNPCC7942_RS11050,SYNPCC7942_RS11025,0.119151559428548
SYNPCC7942_RS09380,SYNPCC7942_RS11105,0.119121364142196
SYNPCC7942_RS03075,SYNPCC7942_RS06290,0.118862777853157
SYNPCC7942_RS05870,SYNPCC7942_RS06950,0.118852572010891
SYNPCC7942_RS03160,SYNPCC7942_RS10735,0.11882965746942
SYNPCC7942_RS03260,SYNPCC7942_RS11335,0.118745489795031
SYNPCC7942_RS12560,SYNPCC7942_RS02385,0.118736356697139
SYNPCC7942_RS09740,SYNPCC7942_RS07665,0.118667176108934
SYNPCC7942_RS12560,SYNPCC7942_RS01765,0.118621542176813
SYNPCC7942_RS03160,SYNPCC7942_RS04700,0.118619691029513
SYNPCC7942_RS03465,SYNPCC7942_RS08430,0.118603097571578
SYNPCC7942_RS03160,SYNPCC7942_RS06885,0.118587189728833
SYNPCC7942_RS07435,SYNPCC7942_RS08865,0.118438597095148
SYNPCC7942_RS03465,SYNPCC7942_RS07490,0.118391173799205
SYNPCC7942_RS03465,SYNPCC7942_RS00340,0.118264945504062
SYNPCC7942_RS09740,SYNPCC7942_RS06410,0.118229553159303
SYNPCC7942_RS03160,SYNPCC7942_RS06525,0.118189590981075
SYNPCC7942_RS07435,SYNPCC7942_RS07440,0.118105771933466
SYNPCC7942_RS10700,SYNPCC7942_RS10320,0.118085124553693
SYNPCC7942_RS12560,SYNPCC7942_RS12015,0.117962545352645
SYNPCC7942_RS03160,SYNPCC7942_RS13215,0.11790004334814
SYNPCC7942_RS02830,SYNPCC7942_RS01025,0.117882707092389
SYNPCC7942_RS03160,SYNPCC7942_RS07365,0.117809952035574
SYNPCC7942_RS07435,SYNPCC7942_RS09050,0.117808496103577
SYNPCC7942_RS00455,SYNPCC7942_RS07705,0.117789638599549
SYNPCC7942_RS00455,SYNPCC7942_RS10650,0.117783581026467
SYNPCC7942_RS03075,SYNPCC7942_RS03320,0.117620098109187
SYNPCC7942_RS03955,SYNPCC7942_RS07530,0.117579721391124
SYNPCC7942_RS07435,SYNPCC7942_RS01320,0.117556305209398
SYNPCC7942_RS07435,SYNPCC7942_RS07285,0.117348953191819
SYNPCC7942_RS07805,SYNPCC7942_RS09190,0.11730662869693
SYNPCC7942_RS07435,SYNPCC7942_RS03090,0.117295327692174
SYNPCC7942_RS09065,SYNPCC7942_RS03390,0.117214964974049
SYNPCC7942_RS09740,SYNPCC7942_RS09745,0.117207295194218
SYNPCC7942_RS02895,SYNPCC7942_RS05370,0.117200895789194
SYNPCC7942_RS12560,SYNPCC7942_RS12555,0.117100536421905
SYNPCC7942_RS02830,SYNPCC7942_RS11155,0.117099470550464
SYNPCC7942_RS13165,SYNPCC7942_RS08290,0.116988786330066
SYNPCC7942_RS03075,SYNPCC7942_RS08040,0.116941104418771
SYNPCC7942_RS07435,SYNPCC7942_RS06135,0.116881465173861
SYNPCC7942_RS02830,SYNPCC7942_RS09255,0.116837619645568
SYNPCC7942_RS02895,SYNPCC7942_RS02075,0.116762031403602
SYNPCC7942_RS02895,SYNPCC7942_RS09175,0.116750074050483
SYNPCC7942_RS09380,SYNPCC7942_RS10020,0.11673951088687
SYNPCC7942_RS00645,SYNPCC7942_RS08685,0.116642297048402
SYNPCC7942_RS07435,SYNPCC7942_RS01445,0.116638584539148
SYNPCC7942_RS05870,SYNPCC7942_RS07810,0.116565811318887
SYNPCC7942_RS09065,SYNPCC7942_RS03605,0.116562193236368
SYNPCC7942_RS09500,SYNPCC7942_RS13660,0.116556292155805
SYNPCC7942_RS09380,SYNPCC7942_RS12980,0.116547202248453
SYNPCC7942_RS12560,SYNPCC7942_RS09790,0.116504506964102
SYNPCC7942_RS09065,SYNPCC7942_RS13195,0.116484548194935
SYNPCC7942_RS07435,SYNPCC7942_RS08320,0.116374460868481
SYNPCC7942_RS02830,SYNPCC7942_RS07175,0.116292098738984
SYNPCC7942_RS10260,SYNPCC7942_RS11195,0.116242326791444
SYNPCC7942_RS09740,SYNPCC7942_RS02340,0.116205496240573
SYNPCC7942_RS03075,SYNPCC7942_RS12130,0.116166974515274
SYNPCC7942_RS12560,SYNPCC7942_RS08650,0.116067241653939
SYNPCC7942_RS00455,SYNPCC7942_RS05350,0.116059301973287
SYNPCC7942_RS07435,SYNPCC7942_RS05575,0.116034887513651
SYNPCC7942_RS02895,SYNPCC7942_RS11900,0.116010290137755
SYNPCC7942_RS07435,SYNPCC7942_RS02725,0.115873999842417
SYNPCC7942_RS00455,SYNPCC7942_RS13055,0.115859656974645
SYNPCC7942_RS08885,SYNPCC7942_RS04660,0.115779224697561
SYNPCC7942_RS03260,SYNPCC7942_RS11305,0.115775408257433
SYNPCC7942_RS02830,SYNPCC7942_RS02955,0.11573812576543
SYNPCC7942_RS03160,SYNPCC7942_RS01180,0.115697825503166
SYNPCC7942_RS09065,SYNPCC7942_RS11415,0.115629246485358
SYNPCC7942_RS00480,SYNPCC7942_RS06230,0.115625713895498
SYNPCC7942_RS03260,SYNPCC7942_RS11280,0.115612741408628
SYNPCC7942_RS05870,SYNPCC7942_RS05160,0.11558903423213
SYNPCC7942_RS08885,SYNPCC7942_RS12010,0.115568403737679
SYNPCC7942_RS07435,SYNPCC7942_RS03280,0.115566383572447
SYNPCC7942_RS12275,SYNPCC7942_RS03440,0.115555257470853
SYNPCC7942_RS00455,SYNPCC7942_RS11095,0.115543399571107
SYNPCC7942_RS05870,SYNPCC7942_RS08485,0.115521079640951
SYNPCC7942_RS03955,SYNPCC7942_RS07525,0.115453005603538
SYNPCC7942_RS03075,SYNPCC7942_RS13195,0.115435174661766
SYNPCC7942_RS10170,SYNPCC7942_RS10630,0.115377625725293
SYNPCC7942_RS00455,SYNPCC7942_RS09605,0.115337522677468
SYNPCC7942_RS12535,SYNPCC7942_RS05320,0.115294454177114
SYNPCC7942_RS00455,SYNPCC7942_RS08925,0.115288871781181
SYNPCC7942_RS08885,SYNPCC7942_RS08300,0.115208404988952
SYNPCC7942_RS03160,SYNPCC7942_RS06070,0.115184049551772
SYNPCC7942_RS07435,SYNPCC7942_RS02730,0.115154567940227
SYNPCC7942_RS07435,SYNPCC7942_RS10975,0.115103974279498
SYNPCC7942_RS08885,SYNPCC7942_RS02290,0.115080122251947
SYNPCC7942_RS09760,SYNPCC7942_RS11880,0.115023485355992
SYNPCC7942_RS00455,SYNPCC7942_RS05810,0.114797262545793
SYNPCC7942_RS03465,SYNPCC7942_RS05080,0.114786946638085
SYNPCC7942_RS03325,SYNPCC7942_RS07650,0.114753571653636
SYNPCC7942_RS09500,SYNPCC7942_RS06930,0.114703884399679
SYNPCC7942_RS11050,SYNPCC7942_RS07475,0.114670395774362
SYNPCC7942_RS07435,SYNPCC7942_RS14105,0.114666072517366
SYNPCC7942_RS00455,SYNPCC7942_RS06375,0.114648089475454
SYNPCC7942_RS10700,SYNPCC7942_RS11595,0.114603615047153
SYNPCC7942_RS07435,SYNPCC7942_RS01450,0.114527853788133
SYNPCC7942_RS03260,SYNPCC7942_RS04570,0.114516702429166
SYNPCC7942_RS07435,SYNPCC7942_RS01705,0.114501649764428
SYNPCC7942_RS07435,SYNPCC7942_RS01155,0.114497961359523
SYNPCC7942_RS03160,SYNPCC7942_RS06480,0.114463338516969
SYNPCC7942_RS09380,SYNPCC7942_RS12130,0.114427370162298
SYNPCC7942_RS03160,SYNPCC7942_RS11405,0.114424420894821
SYNPCC7942_RS07435,SYNPCC7942_RS09560,0.114291142660452
SYNPCC7942_RS03160,SYNPCC7942_RS02965,0.114241082045245
SYNPCC7942_RS10700,SYNPCC7942_RS01475,0.114174923114292
SYNPCC7942_RS06365,SYNPCC7942_RS02455,0.114143512151255
SYNPCC7942_RS07435,SYNPCC7942_RS12385,0.114063042451125
SYNPCC7942_RS03160,SYNPCC7942_RS11740,0.113974315196788
SYNPCC7942_RS03260,SYNPCC7942_RS12900,0.113935340072909
SYNPCC7942_RS00455,SYNPCC7942_RS06495,0.113837378615368
SYNPCC7942_RS09065,SYNPCC7942_RS09380,0.113733633635582
SYNPCC7942_RS07435,SYNPCC7942_RS00645,0.113724102654832
SYNPCC7942_RS03075,SYNPCC7942_RS11865,0.113663182349691
SYNPCC7942_RS03160,SYNPCC7942_RS06810,0.113659900281608
SYNPCC7942_RS07435,SYNPCC7942_RS01500,0.113636932755649
SYNPCC7942_RS02830,SYNPCC7942_RS10555,0.113626461666898
SYNPCC7942_RS07435,SYNPCC7942_RS09515,0.113538991920028
SYNPCC7942_RS08885,SYNPCC7942_RS08495,0.113507772628511
SYNPCC7942_RS03160,SYNPCC7942_RS10000,0.113484516135466
SYNPCC7942_RS12560,SYNPCC7942_RS10915,0.113484022675237
SYNPCC7942_RS02830,SYNPCC7942_RS12135,0.113424417856128
SYNPCC7942_RS05870,SYNPCC7942_RS07650,0.113417116534936
SYNPCC7942_RS02895,SYNPCC7942_RS13675,0.113411166311291
SYNPCC7942_RS09160,SYNPCC7942_RS12365,0.11339488221619
SYNPCC7942_RS08885,SYNPCC7942_RS01295,0.113337866260593
SYNPCC7942_RS03325,SYNPCC7942_RS03560,0.113295725187119
SYNPCC7942_RS10170,SYNPCC7942_RS00230,0.113267862196906
SYNPCC7942_RS00455,SYNPCC7942_RS01380,0.11324879644893
SYNPCC7942_RS03160,SYNPCC7942_RS04235,0.113217338703429
SYNPCC7942_RS07435,SYNPCC7942_RS01665,0.11317392095344
SYNPCC7942_RS03260,SYNPCC7942_RS07770,0.11316018085094
SYNPCC7942_RS03465,SYNPCC7942_RS11990,0.113156771897198
SYNPCC7942_RS00455,SYNPCC7942_RS05235,0.113113203483467
SYNPCC7942_RS10700,SYNPCC7942_RS00350,0.113087266780188
SYNPCC7942_RS09435,SYNPCC7942_RS01305,0.11306840958907
SYNPCC7942_RS03160,SYNPCC7942_RS10110,0.113028800543695
SYNPCC7942_RS00765,SYNPCC7942_RS03435,0.112988217517163
SYNPCC7942_RS11050,SYNPCC7942_RS08200,0.112941107447169
SYNPCC7942_RS12560,SYNPCC7942_RS12235,0.112900215333961
SYNPCC7942_RS00645,SYNPCC7942_RS06345,0.112881726777276
SYNPCC7942_RS09065,SYNPCC7942_RS08445,0.112860984623024
SYNPCC7942_RS11465,SYNPCC7942_RS10940,0.112798475796713
SYNPCC7942_RS06370,SYNPCC7942_RS10375,0.112781387819415
SYNPCC7942_RS03465,SYNPCC7942_RS10625,0.112741131744837
SYNPCC7942_RS03160,SYNPCC7942_RS09685,0.112708343204548
SYNPCC7942_RS07435,SYNPCC7942_RS06405,0.112686651908321
SYNPCC7942_RS07435,SYNPCC7942_RS11160,0.112608893397456
SYNPCC7942_RS09740,SYNPCC7942_RS03490,0.112566807799158
SYNPCC7942_RS00645,SYNPCC7942_RS04640,0.112340191100287
SYNPCC7942_RS03160,SYNPCC7942_RS13150,0.112274222841504
SYNPCC7942_RS06700,SYNPCC7942_RS10610,0.11227120201563
SYNPCC7942_RS00455,SYNPCC7942_RS01255,0.112250098150253
SYNPCC7942_RS05870,SYNPCC7942_RS09110,0.112249274953463
SYNPCC7942_RS03160,SYNPCC7942_RS11350,0.112167105703477
SYNPCC7942_RS02830,SYNPCC7942_RS01005,0.112129882643573
SYNPCC7942_RS03465,SYNPCC7942_RS11415,0.112121702037781
SYNPCC7942_RS00455,SYNPCC7942_RS01760,0.112028524827908
SYNPCC7942_RS08820,SYNPCC7942_RS08830,0.111927493859461
SYNPCC7942_RS12560,SYNPCC7942_RS09795,0.111907515931194
SYNPCC7942_RS12560,SYNPCC7942_RS06850,0.111871129404479
SYNPCC7942_RS12275,SYNPCC7942_RS00460,0.111803231823212
SYNPCC7942_RS00455,SYNPCC7942_RS10315,0.111713886158767
SYNPCC7942_RS03955,SYNPCC7942_RS07980,0.11169912429081
SYNPCC7942_RS03160,SYNPCC7942_RS13145,0.111625379464731
SYNPCC7942_RS05870,SYNPCC7942_RS00055,0.111585370052527
SYNPCC7942_RS07435,SYNPCC7942_RS01655,0.11158232960389
SYNPCC7942_RS09740,SYNPCC7942_RS04150,0.111507176530275
SYNPCC7942_RS09740,SYNPCC7942_RS05695,0.111453246694771
SYNPCC7942_RS03440,SYNPCC7942_RS08835,0.111430687918514
SYNPCC7942_RS00455,SYNPCC7942_RS00850,0.111419783503641
SYNPCC7942_RS02830,SYNPCC7942_RS07015,0.111377105404806
SYNPCC7942_RS10700,SYNPCC7942_RS00030,0.111273386229688
SYNPCC7942_RS02830,SYNPCC7942_RS03075,0.111225347300483
SYNPCC7942_RS03260,SYNPCC7942_RS11285,0.111183774244189
SYNPCC7942_RS00455,SYNPCC7942_RS10130,0.111155916244199
SYNPCC7942_RS12560,SYNPCC7942_RS00395,0.111076491439117
SYNPCC7942_RS03465,SYNPCC7942_RS06655,0.111064747515421
SYNPCC7942_RS07435,SYNPCC7942_RS01715,0.110902171087459
SYNPCC7942_RS07435,SYNPCC7942_RS01660,0.110900744056098
SYNPCC7942_RS07435,SYNPCC7942_RS06310,0.110885174115145
SYNPCC7942_RS03160,SYNPCC7942_RS04785,0.110883105702038
SYNPCC7942_RS00645,SYNPCC7942_RS11585,0.110860176059038
SYNPCC7942_RS02830,SYNPCC7942_RS12315,0.110848748843602
SYNPCC7942_RS07435,SYNPCC7942_RS10135,0.110839092234204
SYNPCC7942_RS07435,SYNPCC7942_RS09710,0.110811813581941
SYNPCC7942_RS02830,SYNPCC7942_RS01250,0.110808335459686
SYNPCC7942_RS10700,SYNPCC7942_RS11995,0.110736084531551
SYNPCC7942_RS08885,SYNPCC7942_RS03585,0.110696281522697
SYNPCC7942_RS03075,SYNPCC7942_RS03605,0.11065136718185
SYNPCC7942_RS03160,SYNPCC7942_RS00030,0.110553495395238
SYNPCC7942_RS03160,SYNPCC7942_RS02180,0.110528895610022
SYNPCC7942_RS09065,SYNPCC7942_RS12980,0.110478768328431
SYNPCC7942_RS10700,SYNPCC7942_RS03125,0.110459901486278
SYNPCC7942_RS09065,SYNPCC7942_RS03075,0.110422550282686
SYNPCC7942_RS12275,SYNPCC7942_RS10125,0.110386336384996
SYNPCC7942_RS09500,SYNPCC7942_RS12155,0.110384140480059
SYNPCC7942_RS09740,SYNPCC7942_RS02280,0.11037477427096
SYNPCC7942_RS02830,SYNPCC7942_RS12130,0.110371765658139
SYNPCC7942_RS00455,SYNPCC7942_RS04405,0.110353700200281
SYNPCC7942_RS03160,SYNPCC7942_RS08140,0.110341403185935
SYNPCC7942_RS00455,SYNPCC7942_RS06155,0.11024313405438
SYNPCC7942_RS07435,SYNPCC7942_RS03175,0.110228996768411
SYNPCC7942_RS13695,SYNPCC7942_RS03960,0.110176233681519
SYNPCC7942_RS09740,SYNPCC7942_RS06525,0.110077135928029
SYNPCC7942_RS10340,SYNPCC7942_RS02210,0.110056869470488
SYNPCC7942_RS10260,SYNPCC7942_RS10265,0.109965135123506
SYNPCC7942_RS09160,SYNPCC7942_RS09315,0.109942358732553
SYNPCC7942_RS09740,SYNPCC7942_RS05060,0.109924041199686
SYNPCC7942_RS03465,SYNPCC7942_RS06770,0.109889480178481
SYNPCC7942_RS09380,SYNPCC7942_RS10545,0.109873348313139
SYNPCC7942_RS11465,SYNPCC7942_RS14145,0.109834860039366
SYNPCC7942_RS10700,SYNPCC7942_RS05665,0.109745577593297
SYNPCC7942_RS09500,SYNPCC7942_RS07075,0.109723743714974
SYNPCC7942_RS07435,SYNPCC7942_RS13970,0.109667237253207
SYNPCC7942_RS03160,SYNPCC7942_RS04625,0.10965728044565
SYNPCC7942_RS12560,SYNPCC7942_RS04930,0.109610236563181
SYNPCC7942_RS08885,SYNPCC7942_RS09760,0.109584523633694
SYNPCC7942_RS09620,SYNPCC7942_RS03220,0.109566605282168
SYNPCC7942_RS03260,SYNPCC7942_RS11265,0.109551265658288
SYNPCC7942_RS09380,SYNPCC7942_RS12680,0.10948462987896
SYNPCC7942_RS07185,SYNPCC7942_RS04745,0.1094734533151
SYNPCC7942_RS09740,SYNPCC7942_RS01840,0.10943885542686
SYNPCC7942_RS08885,SYNPCC7942_RS09245,0.109426350525851
SYNPCC7942_RS00645,SYNPCC7942_RS10975,0.109420485737337
SYNPCC7942_RS03160,SYNPCC7942_RS06225,0.109401232376886
SYNPCC7942_RS03160,SYNPCC7942_RS04170,0.109356378906661
SYNPCC7942_RS03075,SYNPCC7942_RS07225,0.109309552771323
SYNPCC7942_RS08405,SYNPCC7942_RS12710,0.109286422786719
SYNPCC7942_RS03160,SYNPCC7942_RS11435,0.109272722504677
SYNPCC7942_RS10700,SYNPCC7942_RS01580,0.109157382048679
SYNPCC7942_RS00480,SYNPCC7942_RS09105,0.109143084733929
SYNPCC7942_RS05870,SYNPCC7942_RS12245,0.109125647467433
SYNPCC7942_RS08885,SYNPCC7942_RS13730,0.109115432200363
SYNPCC7942_RS10700,SYNPCC7942_RS05560,0.109106481329304
SYNPCC7942_RS10700,SYNPCC7942_RS02820,0.10909244468941
SYNPCC7942_RS09740,SYNPCC7942_RS01425,0.109050596367701
SYNPCC7942_RS10700,SYNPCC7942_RS12105,0.109035339808248
SYNPCC7942_RS03075,SYNPCC7942_RS00340,0.109028403120054
SYNPCC7942_RS09065,SYNPCC7942_RS03985,0.108997437024765
SYNPCC7942_RS12560,SYNPCC7942_RS10465,0.108981975008099
SYNPCC7942_RS02830,SYNPCC7942_RS11830,0.108961395390899
SYNPCC7942_RS07435,SYNPCC7942_RS01505,0.108936337373322
SYNPCC7942_RS09065,SYNPCC7942_RS10020,0.108890890759023
SYNPCC7942_RS10700,SYNPCC7942_RS12335,0.108886445314642
SYNPCC7942_RS03160,SYNPCC7942_RS05660,0.10883756935686
SYNPCC7942_RS08885,SYNPCC7942_RS05255,0.108816559391567
SYNPCC7942_RS03160,SYNPCC7942_RS06895,0.108793910604416
SYNPCC7942_RS10700,SYNPCC7942_RS02715,0.108776927182269
SYNPCC7942_RS02830,SYNPCC7942_RS10540,0.108743100529671
SYNPCC7942_RS08885,SYNPCC7942_RS11965,0.108698021168348
SYNPCC7942_RS02830,SYNPCC7942_RS08510,0.108631993768632
SYNPCC7942_RS00480,SYNPCC7942_RS02190,0.108630647536091
SYNPCC7942_RS08885,SYNPCC7942_RS02300,0.108590733197803
SYNPCC7942_RS03075,SYNPCC7942_RS11860,0.10855612724175
SYNPCC7942_RS09500,SYNPCC7942_RS00255,0.108555016774722
SYNPCC7942_RS09740,SYNPCC7942_RS05280,0.108545401486967
SYNPCC7942_RS03160,SYNPCC7942_RS12575,0.108452416807604
SYNPCC7942_RS10700,SYNPCC7942_RS06100,0.108443974386754
SYNPCC7942_RS10700,SYNPCC7942_RS06105,0.108405842340141
SYNPCC7942_RS09065,SYNPCC7942_RS04315,0.108378287751963
SYNPCC7942_RS03160,SYNPCC7942_RS12480,0.108371496640527
SYNPCC7942_RS03440,SYNPCC7942_RS12265,0.108277273092103
SYNPCC7942_RS08820,SYNPCC7942_RS09250,0.108268857426777
SYNPCC7942_RS07435,SYNPCC7942_RS07735,0.108243936834573
SYNPCC7942_RS08885,SYNPCC7942_RS09535,0.10823245000456
SYNPCC7942_RS07185,SYNPCC7942_RS05825,0.10822969819869
SYNPCC7942_RS00455,SYNPCC7942_RS01260,0.108214374194421
SYNPCC7942_RS03440,SYNPCC7942_RS01100,0.10811132100114
SYNPCC7942_RS12275,SYNPCC7942_RS04980,0.10807847280695
SYNPCC7942_RS03160,SYNPCC7942_RS07640,0.108068431326575
SYNPCC7942_RS00455,SYNPCC7942_RS08210,0.10803375391663
SYNPCC7942_RS03160,SYNPCC7942_RS06035,0.107991115631662
SYNPCC7942_RS06700,SYNPCC7942_RS10615,0.107966139052899
SYNPCC7942_RS00455,SYNPCC7942_RS07625,0.107907224509503
SYNPCC7942_RS03465,SYNPCC7942_RS02365,0.107902546396343
SYNPCC7942_RS00645,SYNPCC7942_RS02895,0.107886078206826
SYNPCC7942_RS10700,SYNPCC7942_RS08960,0.107885935153183
SYNPCC7942_RS03160,SYNPCC7942_RS06075,0.107809031647089
SYNPCC7942_RS03465,SYNPCC7942_RS02970,0.107785383913956
SYNPCC7942_RS12285,SYNPCC7942_RS09385,0.107736498199731
SYNPCC7942_RS03160,SYNPCC7942_RS07455,0.107671213375632
SYNPCC7942_RS09065,SYNPCC7942_RS13955,0.107666265322217
SYNPCC7942_RS09740,SYNPCC7942_RS12650,0.107641196352818
SYNPCC7942_RS07435,SYNPCC7942_RS03670,0.107587367258775
SYNPCC7942_RS00455,SYNPCC7942_RS08205,0.107526110231322
SYNPCC7942_RS12560,SYNPCC7942_RS02900,0.107526060635128
SYNPCC7942_RS03465,SYNPCC7942_RS06190,0.107388942122668
SYNPCC7942_RS11465,SYNPCC7942_RS00210,0.107367256700377
SYNPCC7942_RS13165,SYNPCC7942_RS09915,0.107348737320198
SYNPCC7942_RS08885,SYNPCC7942_RS08875,0.107298637157391
SYNPCC7942_RS00480,SYNPCC7942_RS08270,0.107286918436672
SYNPCC7942_RS00765,SYNPCC7942_RS00930,0.10721091547487
SYNPCC7942_RS09740,SYNPCC7942_RS08160,0.107166310066926
SYNPCC7942_RS10700,SYNPCC7942_RS02475,0.107162109088799
SYNPCC7942_RS09760,SYNPCC7942_RS10550,0.107156399812821
SYNPCC7942_RS07435,SYNPCC7942_RS04385,0.107143543783191
SYNPCC7942_RS00455,SYNPCC7942_RS05785,0.107111430975464
SYNPCC7942_RS09380,SYNPCC7942_RS02955,0.107108608160348
SYNPCC7942_RS03260,SYNPCC7942_RS11270,0.107070038549566
SYNPCC7942_RS07435,SYNPCC7942_RS08625,0.107068248718884
SYNPCC7942_RS07435,SYNPCC7942_RS06800,0.106987735117002
SYNPCC7942_RS12560,SYNPCC7942_RS10870,0.106962797177434
SYNPCC7942_RS03160,SYNPCC7942_RS04035,0.106819088327085
SYNPCC7942_RS08820,SYNPCC7942_RS02660,0.106789896366982
SYNPCC7942_RS10340,SYNPCC7942_RS11720,0.106777230803485
SYNPCC7942_RS00455,SYNPCC7942_RS01375,0.106695375344054
SYNPCC7942_RS03160,SYNPCC7942_RS06915,0.106692202261845
SYNPCC7942_RS03160,SYNPCC7942_RS02095,0.106679675147698
SYNPCC7942_RS09160,SYNPCC7942_RS05255,0.106677253582635
SYNPCC7942_RS03075,SYNPCC7942_RS03390,0.106668578744953
SYNPCC7942_RS03955,SYNPCC7942_RS00285,0.106643116203683
SYNPCC7942_RS11050,SYNPCC7942_RS07485,0.106530605810619
SYNPCC7942_RS03160,SYNPCC7942_RS00685,0.106478047054658
SYNPCC7942_RS07435,SYNPCC7942_RS03680,0.10646066544826
SYNPCC7942_RS09380,SYNPCC7942_RS01995,0.106418904100148
SYNPCC7942_RS03160,SYNPCC7942_RS04685,0.106304875022947
SYNPCC7942_RS03160,SYNPCC7942_RS11755,0.106279919037788
SYNPCC7942_RS03160,SYNPCC7942_RS11515,0.106275584280992
SYNPCC7942_RS03075,SYNPCC7942_RS05340,0.106261150736313
SYNPCC7942_RS03075,SYNPCC7942_RS05080,0.10624544910159
SYNPCC7942_RS03160,SYNPCC7942_RS09080,0.106223891784487
SYNPCC7942_RS03260,SYNPCC7942_RS11300,0.106149988456058
SYNPCC7942_RS05870,SYNPCC7942_RS06890,0.106083247941032
SYNPCC7942_RS07185,SYNPCC7942_RS11620,0.106063901726318
SYNPCC7942_RS07185,SYNPCC7942_RS02885,0.106015598449527
SYNPCC7942_RS05870,SYNPCC7942_RS04285,0.105969595560423
SYNPCC7942_RS09760,SYNPCC7942_RS02685,0.105919431690037
SYNPCC7942_RS03160,SYNPCC7942_RS01935,0.105904555601515
SYNPCC7942_RS03160,SYNPCC7942_RS02355,0.105902800078372
SYNPCC7942_RS00480,SYNPCC7942_RS09675,0.105862377048146
SYNPCC7942_RS10700,SYNPCC7942_RS08490,0.105859862219136
SYNPCC7942_RS02895,SYNPCC7942_RS03095,0.105838553737318
SYNPCC7942_RS10700,SYNPCC7942_RS04795,0.105769035445166
SYNPCC7942_RS07185,SYNPCC7942_RS12540,0.105764529483684
SYNPCC7942_RS03160,SYNPCC7942_RS04230,0.105740225501717
SYNPCC7942_RS03160,SYNPCC7942_RS10760,0.105726706634424
SYNPCC7942_RS03160,SYNPCC7942_RS04470,0.105707834133641
SYNPCC7942_RS09380,SYNPCC7942_RS03610,0.105683470581609
SYNPCC7942_RS07435,SYNPCC7942_RS10030,0.105654016564092
SYNPCC7942_RS03075,SYNPCC7942_RS12120,0.105621916654377
SYNPCC7942_RS06700,SYNPCC7942_RS10605,0.105610262012464
SYNPCC7942_RS07435,SYNPCC7942_RS06150,0.105532789412633
SYNPCC7942_RS05870,SYNPCC7942_RS07915,0.105465649652689
SYNPCC7942_RS03075,SYNPCC7942_RS06325,0.105441164712753
SYNPCC7942_RS02895,SYNPCC7942_RS11905,0.105366770224588
SYNPCC7942_RS09380,SYNPCC7942_RS03485,0.105366574420772
SYNPCC7942_RS03160,SYNPCC7942_RS08525,0.105330093056327
SYNPCC7942_RS12535,SYNPCC7942_RS13065,0.105328248082037
SYNPCC7942_RS03160,SYNPCC7942_RS01845,0.105293184851102
SYNPCC7942_RS02830,SYNPCC7942_RS02450,0.105278046463043
SYNPCC7942_RS03075,SYNPCC7942_RS01590,0.10526840621345
SYNPCC7942_RS03160,SYNPCC7942_RS03535,0.105252316856639
SYNPCC7942_RS04225,SYNPCC7942_RS10800,0.105247476840416
SYNPCC7942_RS02830,SYNPCC7942_RS01015,0.105243970431221
SYNPCC7942_RS00455,SYNPCC7942_RS04800,0.105233516298292
SYNPCC7942_RS03325,SYNPCC7942_RS12815,0.10521766684354
SYNPCC7942_RS09380,SYNPCC7942_RS12675,0.105198065644681
SYNPCC7942_RS02830,SYNPCC7942_RS02370,0.105184302603831
SYNPCC7942_RS03160,SYNPCC7942_RS06890,0.105180834476946
SYNPCC7942_RS00645,SYNPCC7942_RS10050,0.105174166245042
SYNPCC7942_RS00455,SYNPCC7942_RS10270,0.105170020430421
SYNPCC7942_RS09620,SYNPCC7942_RS02285,0.105115701943472
SYNPCC7942_RS09760,SYNPCC7942_RS11975,0.105107432632802
SYNPCC7942_RS02830,SYNPCC7942_RS05925,0.105087983583776
SYNPCC7942_RS00645,SYNPCC7942_RS09360,0.105058225920106
SYNPCC7942_RS00645,SYNPCC7942_RS06330,0.105046055501776
SYNPCC7942_RS05640,SYNPCC7942_RS02670,0.105039777842203
SYNPCC7942_RS03465,SYNPCC7942_RS14105,0.105021472635727
SYNPCC7942_RS02895,SYNPCC7942_RS06405,0.105011079761153
SYNPCC7942_RS03465,SYNPCC7942_RS10675,0.104972062112075
SYNPCC7942_RS12560,SYNPCC7942_RS12565,0.104960665386616
SYNPCC7942_RS00645,SYNPCC7942_RS06490,0.104958742038507
SYNPCC7942_RS05870,SYNPCC7942_RS10420,0.104911977951895
SYNPCC7942_RS03260,SYNPCC7942_RS11245,0.104890837628397
SYNPCC7942_RS03160,SYNPCC7942_RS02335,0.104858220414362
SYNPCC7942_RS03160,SYNPCC7942_RS13230,0.10483298219776
SYNPCC7942_RS03160,SYNPCC7942_RS10525,0.104797643486224
SYNPCC7942_RS08405,SYNPCC7942_RS00550,0.104796323292343
SYNPCC7942_RS03075,SYNPCC7942_RS11415,0.104795791967257
SYNPCC7942_RS00455,SYNPCC7942_RS00055,0.10476738150914
SYNPCC7942_RS13165,SYNPCC7942_RS09910,0.104755648501538
SYNPCC7942_RS03325,SYNPCC7942_RS00100,0.104728111634547
SYNPCC7942_RS07435,SYNPCC7942_RS01280,0.104711960838505
SYNPCC7942_RS08885,SYNPCC7942_RS09755,0.104686910128928
SYNPCC7942_RS07185,SYNPCC7942_RS03550,0.104662690186733
SYNPCC7942_RS09065,SYNPCC7942_RS12115,0.104655944899864
SYNPCC7942_RS07435,SYNPCC7942_RS03095,0.10465549152036
SYNPCC7942_RS09065,SYNPCC7942_RS05080,0.104649905713561
SYNPCC7942_RS07435,SYNPCC7942_RS03630,0.104600867957478
SYNPCC7942_RS05640,SYNPCC7942_RS09300,0.104565321743916
SYNPCC7942_RS05070,SYNPCC7942_RS09955,0.104550404743794
SYNPCC7942_RS03160,SYNPCC7942_RS07450,0.10454093312777
SYNPCC7942_RS03160,SYNPCC7942_RS12485,0.104540559541055
SYNPCC7942_RS07435,SYNPCC7942_RS00640,0.104424718354399
SYNPCC7942_RS10340,SYNPCC7942_RS02265,0.104379971969106
SYNPCC7942_RS07185,SYNPCC7942_RS07750,0.10436887217997
SYNPCC7942_RS00455,SYNPCC7942_RS10805,0.104326161396281
SYNPCC7942_RS05870,SYNPCC7942_RS02490,0.104302585627524
SYNPCC7942_RS03160,SYNPCC7942_RS06415,0.104298500214682
SYNPCC7942_RS09760,SYNPCC7942_RS04580,0.104253305181445
SYNPCC7942_RS09380,SYNPCC7942_RS05970,0.104250663079562
SYNPCC7942_RS08885,SYNPCC7942_RS08405,0.104223429259053
SYNPCC7942_RS03260,SYNPCC7942_RS11915,0.10421905394321
SYNPCC7942_RS03465,SYNPCC7942_RS03460,0.104217808723291
SYNPCC7942_RS08885,SYNPCC7942_RS00825,0.104217398926059
SYNPCC7942_RS00455,SYNPCC7942_RS13060,0.104212742781667
SYNPCC7942_RS08405,SYNPCC7942_RS10770,0.104146320471648
SYNPCC7942_RS07435,SYNPCC7942_RS06315,0.104143357117738
SYNPCC7942_RS07940,SYNPCC7942_RS03050,0.104124757307932
SYNPCC7942_RS03160,SYNPCC7942_RS05900,0.104117351242636
SYNPCC7942_RS09620,SYNPCC7942_RS00345,0.104080098488303
SYNPCC7942_RS00455,SYNPCC7942_RS07340,0.104069356595902
SYNPCC7942_RS03075,SYNPCC7942_RS05970,0.104043465614225
SYNPCC7942_RS13165,SYNPCC7942_RS02085,0.103983266303785
SYNPCC7942_RS03160,SYNPCC7942_RS03500,0.103905281910886
SYNPCC7942_RS04225,SYNPCC7942_RS08780,0.103888228748627
SYNPCC7942_RS09065,SYNPCC7942_RS07260,0.103883871806024
SYNPCC7942_RS00455,SYNPCC7942_RS06395,0.103854357914159
SYNPCC7942_RS12560,SYNPCC7942_RS05125,0.10383988043327
SYNPCC7942_RS07720,SYNPCC7942_RS12025,0.103792501062551
SYNPCC7942_RS00765,SYNPCC7942_RS13690,0.103742108269388
SYNPCC7942_RS03465,SYNPCC7942_RS02920,0.103739058228867
SYNPCC7942_RS00455,SYNPCC7942_RS06580,0.103723175585138
SYNPCC7942_RS09160,SYNPCC7942_RS04130,0.103708939944991
SYNPCC7942_RS09380,SYNPCC7942_RS12685,0.103635782331888
SYNPCC7942_RS10700,SYNPCC7942_RS10595,0.10362573861014
SYNPCC7942_RS03160,SYNPCC7942_RS01625,0.1036032898554
SYNPCC7942_RS09620,SYNPCC7942_RS10210,0.103532308084462
SYNPCC7942_RS10340,SYNPCC7942_RS13965,0.10346685529167
SYNPCC7942_RS03160,SYNPCC7942_RS08895,0.103466131766226
SYNPCC7942_RS03465,SYNPCC7942_RS03020,0.103452818389209
SYNPCC7942_RS07435,SYNPCC7942_RS01360,0.103370967657385
SYNPCC7942_RS03160,SYNPCC7942_RS04370,0.103334195267916
SYNPCC7942_RS03465,SYNPCC7942_RS01715,0.103296268035462
SYNPCC7942_RS10700,SYNPCC7942_RS06080,0.103275128823991
SYNPCC7942_RS00455,SYNPCC7942_RS09860,0.103254978223967
SYNPCC7942_RS00645,SYNPCC7942_RS07435,0.103247829585555
SYNPCC7942_RS09380,SYNPCC7942_RS09070,0.103162689309337
SYNPCC7942_RS07185,SYNPCC7942_RS09600,0.103150984202931
SYNPCC7942_RS09380,SYNPCC7942_RS04315,0.103138923889778
SYNPCC7942_RS09380,SYNPCC7942_RS07175,0.103090472780015
SYNPCC7942_RS03530,SYNPCC7942_RS01080,0.103058242079723
SYNPCC7942_RS11465,SYNPCC7942_RS04500,0.103052884712775
SYNPCC7942_RS06700,SYNPCC7942_RS10600,0.103052813083955
SYNPCC7942_RS09760,SYNPCC7942_RS06840,0.103038571527909
SYNPCC7942_RS07435,SYNPCC7942_RS10300,0.103016962721828
SYNPCC7942_RS10170,SYNPCC7942_RS00245,0.103001636641038
SYNPCC7942_RS12560,SYNPCC7942_RS06600,0.10299005672319
SYNPCC7942_RS03440,SYNPCC7942_RS10125,0.102950946903799
SYNPCC7942_RS07435,SYNPCC7942_RS07280,0.102939476231423
SYNPCC7942_RS03160,SYNPCC7942_RS11480,0.102922823919869
SYNPCC7942_RS10170,SYNPCC7942_RS10495,0.102907651534809
SYNPCC7942_RS09160,SYNPCC7942_RS07465,0.102867515067231
SYNPCC7942_RS03465,SYNPCC7942_RS09065,0.102850697800459
SYNPCC7942_RS08885,SYNPCC7942_RS12190,0.102850367928363
SYNPCC7942_RS09740,SYNPCC7942_RS08145,0.102823757113416
SYNPCC7942_RS10700,SYNPCC7942_RS04025,0.102819811623109
SYNPCC7942_RS07435,SYNPCC7942_RS11395,0.102775814685085
SYNPCC7942_RS03325,SYNPCC7942_RS09665,0.102747955408598
SYNPCC7942_RS10700,SYNPCC7942_RS10805,0.102738229778713
SYNPCC7942_RS12560,SYNPCC7942_RS03200,0.102675354349807
SYNPCC7942_RS00380,SYNPCC7942_RS04770,0.102668073339053
SYNPCC7942_RS00455,SYNPCC7942_RS13120,0.102663976165547
SYNPCC7942_RS03465,SYNPCC7942_RS02775,0.102645190215863
SYNPCC7942_RS00455,SYNPCC7942_RS08655,0.102626027120554
SYNPCC7942_RS00765,SYNPCC7942_RS04015,0.102621170638589
SYNPCC7942_RS12275,SYNPCC7942_RS03580,0.102592869054853
SYNPCC7942_RS11970,SYNPCC7942_RS06425,0.102587677911889
SYNPCC7942_RS05870,SYNPCC7942_RS13185,0.102582534741216
SYNPCC7942_RS07185,SYNPCC7942_RS03760,0.102581278611312
SYNPCC7942_RS07435,SYNPCC7942_RS00920,0.102561680583129
SYNPCC7942_RS04225,SYNPCC7942_RS08095,0.102549293498805
SYNPCC7942_RS07435,SYNPCC7942_RS11900,0.102538452352948
SYNPCC7942_RS00645,SYNPCC7942_RS02465,0.102526797310116
SYNPCC7942_RS03465,SYNPCC7942_RS05620,0.102519225519533
SYNPCC7942_RS10700,SYNPCC7942_RS01730,0.102506398193287
SYNPCC7942_RS10340,SYNPCC7942_RS03795,0.102484006460956
SYNPCC7942_RS00645,SYNPCC7942_RS10410,0.102481362012021
SYNPCC7942_RS09740,SYNPCC7942_RS00680,0.102455835883871
SYNPCC7942_RS07435,SYNPCC7942_RS11425,0.102425398098377
SYNPCC7942_RS08405,SYNPCC7942_RS08890,0.102401442464085
SYNPCC7942_RS09620,SYNPCC7942_RS01365,0.102390137480031
SYNPCC7942_RS09380,SYNPCC7942_RS01555,0.102382345796438
SYNPCC7942_RS09380,SYNPCC7942_RS00175,0.102380219559285
SYNPCC7942_RS03075,SYNPCC7942_RS08505,0.102321167718752
SYNPCC7942_RS00455,SYNPCC7942_RS12660,0.102298839401268
SYNPCC7942_RS09380,SYNPCC7942_RS03605,0.102294539942604
SYNPCC7942_RS00560,SYNPCC7942_RS00200,0.102283528400038
SYNPCC7942_RS03465,SYNPCC7942_RS11985,0.10228344945424
SYNPCC7942_RS07185,SYNPCC7942_RS02880,0.102278206475856
SYNPCC7942_RS03160,SYNPCC7942_RS09260,0.102276731417084
SYNPCC7942_RS07185,SYNPCC7942_RS10200,0.102262760997927
SYNPCC7942_RS09620,SYNPCC7942_RS12830,0.102246501704003
SYNPCC7942_RS00455,SYNPCC7942_RS03670,0.10220530207405
SYNPCC7942_RS03075,SYNPCC7942_RS12975,0.102203297367267
SYNPCC7942_RS03160,SYNPCC7942_RS01275,0.102129647800906
SYNPCC7942_RS11970,SYNPCC7942_RS01900,0.102117093939472
SYNPCC7942_RS08850,SYNPCC7942_RS08835,0.102113873464141
SYNPCC7942_RS10700,SYNPCC7942_RS11885,0.102094817677036
SYNPCC7942_RS00480,SYNPCC7942_RS00425,0.102083471094102
SYNPCC7942_RS07185,SYNPCC7942_RS03385,0.102061126727649
SYNPCC7942_RS05870,SYNPCC7942_RS04545,0.102056079876596
SYNPCC7942_RS10340,SYNPCC7942_RS08230,0.102035759154577
SYNPCC7942_RS12285,SYNPCC7942_RS04065,0.102017631363391
SYNPCC7942_RS07435,SYNPCC7942_RS03100,0.102017011585736
SYNPCC7942_RS00645,SYNPCC7942_RS00850,0.102001255877524
SYNPCC7942_RS06365,SYNPCC7942_RS00860,0.101992932627246
SYNPCC7942_RS09740,SYNPCC7942_RS08165,0.101986554045999
SYNPCC7942_RS11465,SYNPCC7942_RS00185,0.101977330975312
SYNPCC7942_RS07435,SYNPCC7942_RS01690,0.101937198314661
SYNPCC7942_RS03160,SYNPCC7942_RS04540,0.101926289591662
SYNPCC7942_RS05070,SYNPCC7942_RS11805,0.101871614336234
SYNPCC7942_RS10700,SYNPCC7942_RS09805,0.101821047770899
SYNPCC7942_RS08850,SYNPCC7942_RS09650,0.10181172193875
SYNPCC7942_RS10700,SYNPCC7942_RS00880,0.10174733164524
SYNPCC7942_RS10700,SYNPCC7942_RS00570,0.101689924240571
SYNPCC7942_RS10700,SYNPCC7942_RS04610,0.101651510656672
SYNPCC7942_RS03260,SYNPCC7942_RS12815,0.1016459881713
SYNPCC7942_RS03160,SYNPCC7942_RS02100,0.101633985987743
SYNPCC7942_RS00455,SYNPCC7942_RS06115,0.101601472741188
SYNPCC7942_RS04835,SYNPCC7942_RS13020,0.101564506980702
SYNPCC7942_RS03160,SYNPCC7942_RS04195,0.101541394896156
SYNPCC7942_RS07435,SYNPCC7942_RS10330,0.101524831858598
SYNPCC7942_RS00645,SYNPCC7942_RS00455,0.101523982080352
SYNPCC7942_RS03260,SYNPCC7942_RS11330,0.101488252993631
SYNPCC7942_RS08780,SYNPCC7942_RS04225,0.101483333849738
SYNPCC7942_RS09990,SYNPCC7942_RS06700,0.101451582652936
SYNPCC7942_RS10700,SYNPCC7942_RS11640,0.101447276222219
SYNPCC7942_RS09760,SYNPCC7942_RS09150,0.101400472035767
SYNPCC7942_RS03465,SYNPCC7942_RS02575,0.101396098348166
SYNPCC7942_RS07435,SYNPCC7942_RS01145,0.101365218248361
SYNPCC7942_RS08885,SYNPCC7942_RS12585,0.10133073268268
SYNPCC7942_RS07185,SYNPCC7942_RS06645,0.101324023249009
SYNPCC7942_RS03160,SYNPCC7942_RS01160,0.101300959553904
SYNPCC7942_RS00455,SYNPCC7942_RS14085,0.101294128177146
SYNPCC7942_RS10700,SYNPCC7942_RS00780,0.101290699892097
SYNPCC7942_RS10700,SYNPCC7942_RS04935,0.101283507984674
SYNPCC7942_RS03160,SYNPCC7942_RS08855,0.101274451021376
SYNPCC7942_RS10340,SYNPCC7942_RS02495,0.101240779337924
SYNPCC7942_RS00645,SYNPCC7942_RS01690,0.101236631484772
SYNPCC7942_RS03465,SYNPCC7942_RS13855,0.101223007032422
SYNPCC7942_RS03955,SYNPCC7942_RS06185,0.101206761926265
SYNPCC7942_RS05870,SYNPCC7942_RS00805,0.101152545462063
SYNPCC7942_RS10700,SYNPCC7942_RS04540,0.101140620590627
SYNPCC7942_RS09435,SYNPCC7942_RS10475,0.101122770661254
SYNPCC7942_RS03440,SYNPCC7942_RS09035,0.101108741259951
SYNPCC7942_RS07435,SYNPCC7942_RS00990,0.101106958336064
SYNPCC7942_RS03075,SYNPCC7942_RS01880,0.101101102337098
SYNPCC7942_RS03160,SYNPCC7942_RS00355,0.101074492290576
SYNPCC7942_RS05870,SYNPCC7942_RS04060,0.101072200879022
SYNPCC7942_RS07435,SYNPCC7942_RS03170,0.101041810896335
SYNPCC7942_RS03465,SYNPCC7942_RS03390,0.101026280117692
SYNPCC7942_RS00455,SYNPCC7942_RS05500,0.101021737347942
SYNPCC7942_RS03075,SYNPCC7942_RS01560,0.100988215965339
SYNPCC7942_RS02830,SYNPCC7942_RS07940,0.100967118184703
SYNPCC7942_RS08850,SYNPCC7942_RS11280,0.100956106192082
SYNPCC7942_RS00455,SYNPCC7942_RS12175,0.100942977151392
SYNPCC7942_RS03160,SYNPCC7942_RS00330,0.100916192651122
SYNPCC7942_RS00455,SYNPCC7942_RS00370,0.100910296104456
SYNPCC7942_RS03160,SYNPCC7942_RS04750,0.100876656456656
SYNPCC7942_RS05640,SYNPCC7942_RS11710,0.100873940377148
SYNPCC7942_RS08885,SYNPCC7942_RS01290,0.100811462841555
SYNPCC7942_RS08780,SYNPCC7942_RS13660,0.100783645495836
SYNPCC7942_RS10700,SYNPCC7942_RS13150,0.100766554906399
SYNPCC7942_RS02830,SYNPCC7942_RS08515,0.100763661999687
SYNPCC7942_RS07435,SYNPCC7942_RS03640,0.100755500326091
SYNPCC7942_RS03160,SYNPCC7942_RS00385,0.100741355834547
SYNPCC7942_RS07435,SYNPCC7942_RS06615,0.100739945602208
SYNPCC7942_RS03160,SYNPCC7942_RS02760,0.100727556527208
SYNPCC7942_RS10700,SYNPCC7942_RS04790,0.100716303164076
SYNPCC7942_RS12275,SYNPCC7942_RS06450,0.100712565896739
SYNPCC7942_RS09435,SYNPCC7942_RS02040,0.100691033315089
SYNPCC7942_RS03160,SYNPCC7942_RS12475,0.100563206419061
SYNPCC7942_RS03325,SYNPCC7942_RS01430,0.100552123026432
SYNPCC7942_RS00455,SYNPCC7942_RS01215,0.100533127052895
SYNPCC7942_RS03075,SYNPCC7942_RS00170,0.100504320620043
SYNPCC7942_RS09935,SYNPCC7942_RS02130,0.100502352172191
SYNPCC7942_RS02895,SYNPCC7942_RS05375,0.100476755841832
SYNPCC7942_RS07805,SYNPCC7942_RS11920,0.100407017592647
SYNPCC7942_RS03160,SYNPCC7942_RS08260,0.100399573437691
SYNPCC7942_RS09740,SYNPCC7942_RS07305,0.100368049564764
SYNPCC7942_RS12275,SYNPCC7942_RS12000,0.100346892562732
SYNPCC7942_RS00455,SYNPCC7942_RS11595,0.100324358138359
SYNPCC7942_RS09740,SYNPCC7942_RS10525,0.100254877938758
SYNPCC7942_RS07435,SYNPCC7942_RS03015,0.100243089513302
SYNPCC7942_RS03075,SYNPCC7942_RS12965,0.100226417471514
SYNPCC7942_RS10700,SYNPCC7942_RS07920,0.100220025718991
SYNPCC7942_RS09065,SYNPCC7942_RS10075,0.100191902384484
SYNPCC7942_RS10340,SYNPCC7942_RS01165,0.100191659902939
SYNPCC7942_RS12560,SYNPCC7942_RS12185,0.100168001769623
SYNPCC7942_RS09160,SYNPCC7942_RS12710,0.100158452725213
SYNPCC7942_RS00645,SYNPCC7942_RS09980,0.100128704590841
SYNPCC7942_RS03160,SYNPCC7942_RS07745,0.100124056600612
SYNPCC7942_RS07185,SYNPCC7942_RS12875,0.100123769175284
SYNPCC7942_RS07185,SYNPCC7942_RS10285,0.100111284039089
SYNPCC7942_RS03160,SYNPCC7942_RS03490,0.100108335629215
SYNPCC7942_RS00560,SYNPCC7942_RS11525,0.1001010863199
SYNPCC7942_RS03160,SYNPCC7942_RS03015,0.100092935638314
SYNPCC7942_RS09500,SYNPCC7942_RS00250,0.100071676660149
SYNPCC7942_RS00455,SYNPCC7942_RS09290,0.100067426626247
SYNPCC7942_RS00455,SYNPCC7942_RS09885,0.100025650058525
SYNPCC7942_RS02830,SYNPCC7942_RS03520,0.100005857967907
SYNPCC7942_RS07435,SYNPCC7942_RS09015,0.100003691421646
SYNPCC7942_RS03160,SYNPCC7942_RS06485,0.0999925139305714
SYNPCC7942_RS10700,SYNPCC7942_RS02035,0.0999474711557229
SYNPCC7942_RS03465,SYNPCC7942_RS12715,0.0999369942123036
SYNPCC7942_RS03160,SYNPCC7942_RS04465,0.0999243700736306
SYNPCC7942_RS09740,SYNPCC7942_RS10760,0.0999186107369785
SYNPCC7942_RS06370,SYNPCC7942_RS00760,0.0999094545387176
SYNPCC7942_RS02830,SYNPCC7942_RS00660,0.0998821441287443
SYNPCC7942_RS05870,SYNPCC7942_RS05570,0.0998562398593189
SYNPCC7942_RS09065,SYNPCC7942_RS09025,0.0998547395521574
SYNPCC7942_RS07185,SYNPCC7942_RS12765,0.0998019622402482
SYNPCC7942_RS07720,SYNPCC7942_RS01775,0.0997824211376981
SYNPCC7942_RS12560,SYNPCC7942_RS04055,0.0997757808196906
SYNPCC7942_RS00645,SYNPCC7942_RS10330,0.099765631118738
SYNPCC7942_RS03160,SYNPCC7942_RS07060,0.0997483833413042
SYNPCC7942_RS05870,SYNPCC7942_RS09005,0.0997437914491027
SYNPCC7942_RS09380,SYNPCC7942_RS09890,0.0997413107134542
SYNPCC7942_RS08850,SYNPCC7942_RS12625,0.0997234929211075
SYNPCC7942_RS03075,SYNPCC7942_RS00510,0.0997113727717234
SYNPCC7942_RS12275,SYNPCC7942_RS09475,0.0996812861043022
SYNPCC7942_RS10170,SYNPCC7942_RS09330,0.0996732549731244
SYNPCC7942_RS03160,SYNPCC7942_RS01630,0.099662877510609
SYNPCC7942_RS08885,SYNPCC7942_RS11925,0.0996476223289594
SYNPCC7942_RS03160,SYNPCC7942_RS08160,0.0996218352005097
SYNPCC7942_RS00645,SYNPCC7942_RS01375,0.0996133231596758
SYNPCC7942_RS09435,SYNPCC7942_RS01335,0.0995802527539814
SYNPCC7942_RS10700,SYNPCC7942_RS01845,0.0995715014769815
SYNPCC7942_RS03465,SYNPCC7942_RS11935,0.0995447457966813
SYNPCC7942_RS03075,SYNPCC7942_RS12675,0.0995379853641268
SYNPCC7942_RS00480,SYNPCC7942_RS09165,0.0995338473731956
SYNPCC7942_RS03160,SYNPCC7942_RS12470,0.0995267619930785
SYNPCC7942_RS07435,SYNPCC7942_RS10305,0.0995085288256012
SYNPCC7942_RS07435,SYNPCC7942_RS04140,0.0995063401930936
SYNPCC7942_RS08885,SYNPCC7942_RS10775,0.0994474803499144
SYNPCC7942_RS03160,SYNPCC7942_RS00735,0.0994239165175356
SYNPCC7942_RS03960,SYNPCC7942_RS13725,0.0994219602407392
SYNPCC7942_RS02830,SYNPCC7942_RS05930,0.0993840118330301
SYNPCC7942_RS03465,SYNPCC7942_RS08495,0.0993763625588879
SYNPCC7942_RS09065,SYNPCC7942_RS13190,0.099356265524377
SYNPCC7942_RS03160,SYNPCC7942_RS01850,0.0993410426369245
SYNPCC7942_RS08885,SYNPCC7942_RS08645,0.0993348349837592
SYNPCC7942_RS05195,SYNPCC7942_RS00955,0.0993323384862183
SYNPCC7942_RS03160,SYNPCC7942_RS03495,0.0993206357419279
SYNPCC7942_RS03955,SYNPCC7942_RS07860,0.0992958169660736
SYNPCC7942_RS07435,SYNPCC7942_RS01685,0.0992754517829517
SYNPCC7942_RS09740,SYNPCC7942_RS01180,0.0992354116162096
SYNPCC7942_RS12560,SYNPCC7942_RS09120,0.0992340221000743
SYNPCC7942_RS07435,SYNPCC7942_RS04735,0.0992299715093992
SYNPCC7942_RS03465,SYNPCC7942_RS03415,0.0992250436410515
SYNPCC7942_RS10700,SYNPCC7942_RS07455,0.0992250071760871
SYNPCC7942_RS07435,SYNPCC7942_RS08860,0.0992113519884476
SYNPCC7942_RS00380,SYNPCC7942_RS05790,0.0992062189763805
SYNPCC7942_RS09065,SYNPCC7942_RS05895,0.0991949843396608
SYNPCC7942_RS07185,SYNPCC7942_RS05960,0.0991930078889719
SYNPCC7942_RS03325,SYNPCC7942_RS08155,0.0991868100888744
SYNPCC7942_RS12275,SYNPCC7942_RS13715,0.0991831859689358
SYNPCC7942_RS00645,SYNPCC7942_RS05335,0.099180316422618
SYNPCC7942_RS12560,SYNPCC7942_RS07325,0.099176462925239
SYNPCC7942_RS07185,SYNPCC7942_RS10210,0.0991658350084403
SYNPCC7942_RS09435,SYNPCC7942_RS05230,0.0991498512665209
SYNPCC7942_RS03465,SYNPCC7942_RS05880,0.09914291117188
SYNPCC7942_RS03160,SYNPCC7942_RS06460,0.0991377506035425
SYNPCC7942_RS12275,SYNPCC7942_RS06505,0.0990991248895655
SYNPCC7942_RS10700,SYNPCC7942_RS02775,0.099067868187919
SYNPCC7942_RS12535,SYNPCC7942_RS09700,0.0990464745072121
SYNPCC7942_RS02895,SYNPCC7942_RS09425,0.0990439342449592
SYNPCC7942_RS03160,SYNPCC7942_RS07460,0.099009778223384
SYNPCC7942_RS11050,SYNPCC7942_RS07865,0.0989748525560545
SYNPCC7942_RS03160,SYNPCC7942_RS02200,0.0989539311633572
SYNPCC7942_RS00455,SYNPCC7942_RS10090,0.0989236467944412
SYNPCC7942_RS10700,SYNPCC7942_RS01215,0.0989107031562115
SYNPCC7942_RS10700,SYNPCC7942_RS10105,0.0988841904391006
SYNPCC7942_RS03160,SYNPCC7942_RS09780,0.0988799190131236
SYNPCC7942_RS03160,SYNPCC7942_RS11530,0.0988594001890822
SYNPCC7942_RS03465,SYNPCC7942_RS02565,0.0988295577358928
SYNPCC7942_RS06370,SYNPCC7942_RS01265,0.098825837711724
SYNPCC7942_RS05870,SYNPCC7942_RS03170,0.0988065778000505
SYNPCC7942_RS10340,SYNPCC7942_RS03875,0.0988063718420657
SYNPCC7942_RS11465,SYNPCC7942_RS03240,0.0987970093082412
SYNPCC7942_RS03075,SYNPCC7942_RS12115,0.098765736269106
SYNPCC7942_RS03160,SYNPCC7942_RS06530,0.0987497057925179
SYNPCC7942_RS03260,SYNPCC7942_RS04565,0.0987441748457532
SYNPCC7942_RS08885,SYNPCC7942_RS07660,0.0987234864281437
SYNPCC7942_RS06370,SYNPCC7942_RS11095,0.0987225018614027
SYNPCC7942_RS10170,SYNPCC7942_RS06665,0.0987103496753075
SYNPCC7942_RS03440,SYNPCC7942_RS03055,0.0987095404176896
SYNPCC7942_RS07185,SYNPCC7942_RS07050,0.0986596594589768
SYNPCC7942_RS09760,SYNPCC7942_RS06700,0.0986301272150661
SYNPCC7942_RS07435,SYNPCC7942_RS04785,0.0985946357678309
SYNPCC7942_RS00645,SYNPCC7942_RS02260,0.0985797191767998
SYNPCC7942_RS00765,SYNPCC7942_RS09800,0.0985795705080876
SYNPCC7942_RS00455,SYNPCC7942_RS05040,0.0985031937053844
SYNPCC7942_RS03075,SYNPCC7942_RS08345,0.0984957075484105
SYNPCC7942_RS10700,SYNPCC7942_RS05660,0.0984854502218409
SYNPCC7942_RS03160,SYNPCC7942_RS11995,0.0984736786689174
SYNPCC7942_RS12285,SYNPCC7942_RS01070,0.0984623919469126
SYNPCC7942_RS03160,SYNPCC7942_RS05485,0.0984394846105077
SYNPCC7942_RS07435,SYNPCC7942_RS08305,0.0983949621548842
SYNPCC7942_RS09740,SYNPCC7942_RS09685,0.098391724741935
SYNPCC7942_RS09065,SYNPCC7942_RS01250,0.0983680234484428
SYNPCC7942_RS02830,SYNPCC7942_RS08035,0.098357853510105
SYNPCC7942_RS03160,SYNPCC7942_RS04900,0.0983515906713424
SYNPCC7942_RS03160,SYNPCC7942_RS00770,0.0983388512634928
SYNPCC7942_RS05870,SYNPCC7942_RS00135,0.0983233075376746
SYNPCC7942_RS10700,SYNPCC7942_RS10190,0.0983198696318558
SYNPCC7942_RS00455,SYNPCC7942_RS12730,0.0982316740225714
SYNPCC7942_RS03160,SYNPCC7942_RS09420,0.0981873519626118
SYNPCC7942_RS00455,SYNPCC7942_RS08955,0.0981848385419191
SYNPCC7942_RS03260,SYNPCC7942_RS11295,0.0981417974187835
SYNPCC7942_RS07435,SYNPCC7942_RS04775,0.0981392745181554
SYNPCC7942_RS02830,SYNPCC7942_RS00175,0.0981051825994271
SYNPCC7942_RS12560,SYNPCC7942_RS02795,0.0980926594304444
SYNPCC7942_RS12560,SYNPCC7942_RS04095,0.0980698820306933
SYNPCC7942_RS00455,SYNPCC7942_RS06660,0.0980394199134394
SYNPCC7942_RS09620,SYNPCC7942_RS14170,0.0980223137359759
SYNPCC7942_RS08885,SYNPCC7942_RS05915,0.0978729447211245
SYNPCC7942_RS09740,SYNPCC7942_RS00890,0.0978713676479598
SYNPCC7942_RS00455,SYNPCC7942_RS10435,0.0978674127869572
SYNPCC7942_RS09435,SYNPCC7942_RS09870,0.0978466758367425
SYNPCC7942_RS09620,SYNPCC7942_RS09350,0.0978390497278248
SYNPCC7942_RS09740,SYNPCC7942_RS04235,0.097833830024725
SYNPCC7942_RS03160,SYNPCC7942_RS10695,0.0977710642514203
SYNPCC7942_RS02830,SYNPCC7942_RS02825,0.0977235019269896
SYNPCC7942_RS11465,SYNPCC7942_RS06400,0.0977226420730454
SYNPCC7942_RS03160,SYNPCC7942_RS10765,0.0976554725169802
SYNPCC7942_RS12560,SYNPCC7942_RS10530,0.0976425668384435
SYNPCC7942_RS03160,SYNPCC7942_RS08205,0.0976194876888319
SYNPCC7942_RS05070,SYNPCC7942_RS06180,0.0976130205523991
SYNPCC7942_RS03530,SYNPCC7942_RS11840,0.0976116050145044
SYNPCC7942_RS00380,SYNPCC7942_RS13610,0.0975974018601262
SYNPCC7942_RS00645,SYNPCC7942_RS03095,0.0975768070033853
SYNPCC7942_RS02895,SYNPCC7942_RS10955,0.0975766211684937
SYNPCC7942_RS03160,SYNPCC7942_RS06860,0.0975619370525193
SYNPCC7942_RS10350,SYNPCC7942_RS04355,0.0975439657701125
SYNPCC7942_RS03465,SYNPCC7942_RS09025,0.0975375978951985
SYNPCC7942_RS10040,SYNPCC7942_RS02690,0.0975371429683335
SYNPCC7942_RS06370,SYNPCC7942_RS05235,0.097466149399031
SYNPCC7942_RS03260,SYNPCC7942_RS11250,0.0974619497368288
SYNPCC7942_RS12560,SYNPCC7942_RS07725,0.0974379250822359
SYNPCC7942_RS11465,SYNPCC7942_RS07560,0.0974330876313113
SYNPCC7942_RS10170,SYNPCC7942_RS06640,0.0974306198969008
SYNPCC7942_RS12560,SYNPCC7942_RS09075,0.0974287105855654
SYNPCC7942_RS10700,SYNPCC7942_RS01530,0.0974025766471542
SYNPCC7942_RS07435,SYNPCC7942_RS03495,0.0973964415909586
SYNPCC7942_RS06370,SYNPCC7942_RS10410,0.0973904939679862
SYNPCC7942_RS07805,SYNPCC7942_RS10425,0.0973695936931343
SYNPCC7942_RS03160,SYNPCC7942_RS07665,0.0973678999689074
SYNPCC7942_RS02830,SYNPCC7942_RS01555,0.0973668752923011
SYNPCC7942_RS09740,SYNPCC7942_RS05705,0.0973495046640976
SYNPCC7942_RS03160,SYNPCC7942_RS13045,0.097336412891619
SYNPCC7942_RS09380,SYNPCC7942_RS08045,0.0973158214714837
SYNPCC7942_RS08405,SYNPCC7942_RS09150,0.0973098693170402
SYNPCC7942_RS00645,SYNPCC7942_RS00370,0.0972948126275085
SYNPCC7942_RS03160,SYNPCC7942_RS10700,0.0972898450906489
SYNPCC7942_RS07185,SYNPCC7942_RS00610,0.0972589455355437
SYNPCC7942_RS03440,SYNPCC7942_RS08840,0.0972550428917465
SYNPCC7942_RS12560,SYNPCC7942_RS08275,0.0971664329754531
SYNPCC7942_RS08405,SYNPCC7942_RS01640,0.0971265678926429
SYNPCC7942_RS07435,SYNPCC7942_RS04770,0.097121845103755
SYNPCC7942_RS09935,SYNPCC7942_RS02125,0.0970809776926755
SYNPCC7942_RS10700,SYNPCC7942_RS10355,0.0970807034265635
SYNPCC7942_RS09500,SYNPCC7942_RS00280,0.0970618408039398
SYNPCC7942_RS07435,SYNPCC7942_RS01825,0.0970493164948139
SYNPCC7942_RS08405,SYNPCC7942_RS11960,0.09703065005474
SYNPCC7942_RS07940,SYNPCC7942_RS07945,0.0970189499549668
SYNPCC7942_RS09065,SYNPCC7942_RS03465,0.0970007766729085
SYNPCC7942_RS00455,SYNPCC7942_RS01330,0.0969904698667328
SYNPCC7942_RS07435,SYNPCC7942_RS04050,0.0969814474942316
SYNPCC7942_RS00765,SYNPCC7942_RS04160,0.0969800450356065
SYNPCC7942_RS13165,SYNPCC7942_RS07045,0.0969718590225325
SYNPCC7942_RS00645,SYNPCC7942_RS11985,0.0969519793879738
SYNPCC7942_RS00455,SYNPCC7942_RS10145,0.0969512565684753
SYNPCC7942_RS07185,SYNPCC7942_RS11535,0.0969105119924862
SYNPCC7942_RS03440,SYNPCC7942_RS01855,0.0968935920157059
SYNPCC7942_RS06370,SYNPCC7942_RS05810,0.0968540860375403
SYNPCC7942_RS07435,SYNPCC7942_RS02365,0.0967867774547936
SYNPCC7942_RS09160,SYNPCC7942_RS01085,0.096779367631362
SYNPCC7942_RS03955,SYNPCC7942_RS07510,0.096766026313999
SYNPCC7942_RS12560,SYNPCC7942_RS06465,0.0967578234710428
SYNPCC7942_RS03440,SYNPCC7942_RS04845,0.0967477572093675
SYNPCC7942_RS03160,SYNPCC7942_RS12550,0.096716223496861
SYNPCC7942_RS03075,SYNPCC7942_RS07175,0.0966999960692818
SYNPCC7942_RS09380,SYNPCC7942_RS13255,0.0966734203436654
SYNPCC7942_RS10700,SYNPCC7942_RS10640,0.096654235407823
SYNPCC7942_RS00645,SYNPCC7942_RS05110,0.0966480252961145
SYNPCC7942_RS08885,SYNPCC7942_RS13070,0.0966339713547122
SYNPCC7942_RS03160,SYNPCC7942_RS10815,0.0965939280411079
SYNPCC7942_RS12560,SYNPCC7942_RS07235,0.0965915118902928
SYNPCC7942_RS03160,SYNPCC7942_RS13025,0.0965633696910333
SYNPCC7942_RS09740,SYNPCC7942_RS08155,0.0965386405312924
SYNPCC7942_RS02895,SYNPCC7942_RS00855,0.0965348902826187
SYNPCC7942_RS09500,SYNPCC7942_RS03925,0.0965300221788643
SYNPCC7942_RS03160,SYNPCC7942_RS04615,0.0965269607817372
SYNPCC7942_RS03465,SYNPCC7942_RS13925,0.096525282425152
SYNPCC7942_RS10170,SYNPCC7942_RS04250,0.0965103571511757
SYNPCC7942_RS09380,SYNPCC7942_RS06920,0.0965079726154944
SYNPCC7942_RS09065,SYNPCC7942_RS11175,0.096502085781885
SYNPCC7942_RS09740,SYNPCC7942_RS03135,0.0964921303037577
SYNPCC7942_RS03465,SYNPCC7942_RS01685,0.0964880021125504
SYNPCC7942_RS07435,SYNPCC7942_RS03645,0.0964707153407238
SYNPCC7942_RS03160,SYNPCC7942_RS12075,0.0964344893691181
SYNPCC7942_RS03160,SYNPCC7942_RS14195,0.0964298302503519
SYNPCC7942_RS09160,SYNPCC7942_RS10795,0.0964295350174329
SYNPCC7942_RS03160,SYNPCC7942_RS12280,0.0964266692262545
SYNPCC7942_RS10700,SYNPCC7942_RS11590,0.0964157330605346
SYNPCC7942_RS12560,SYNPCC7942_RS00775,0.0964116765297127
SYNPCC7942_RS09620,SYNPCC7942_RS09790,0.0963873650226618
SYNPCC7942_RS09500,SYNPCC7942_RS05800,0.096382014700515
SYNPCC7942_RS00455,SYNPCC7942_RS06710,0.0963776268354224
SYNPCC7942_RS09160,SYNPCC7942_RS10425,0.0963747350584267
SYNPCC7942_RS03160,SYNPCC7942_RS02615,0.0963653618241278
SYNPCC7942_RS10700,SYNPCC7942_RS06435,0.0963641410163936
SYNPCC7942_RS03325,SYNPCC7942_RS04275,0.0963229534808147
SYNPCC7942_RS09160,SYNPCC7942_RS08535,0.0963139797097613
SYNPCC7942_RS07185,SYNPCC7942_RS04205,0.0962909189584337
SYNPCC7942_RS07185,SYNPCC7942_RS08670,0.0962819131758722
SYNPCC7942_RS00645,SYNPCC7942_RS05135,0.0962772282198405
SYNPCC7942_RS03465,SYNPCC7942_RS07080,0.0962761443506294
SYNPCC7942_RS05870,SYNPCC7942_RS03405,0.0962518031895926
SYNPCC7942_RS10700,SYNPCC7942_RS02295,0.0962513830764923
SYNPCC7942_RS03160,SYNPCC7942_RS08170,0.0962148855995833
SYNPCC7942_RS07435,SYNPCC7942_RS12670,0.0962088243788884
SYNPCC7942_RS02895,SYNPCC7942_RS05385,0.096201002448571
SYNPCC7942_RS03325,SYNPCC7942_RS08140,0.0961791268042426
SYNPCC7942_RS09760,SYNPCC7942_RS08235,0.0961270317018227
SYNPCC7942_RS03325,SYNPCC7942_RS01435,0.0961075907708561
SYNPCC7942_RS03440,SYNPCC7942_RS05795,0.0960993159681917
SYNPCC7942_RS05070,SYNPCC7942_RS00525,0.0960965598186786
SYNPCC7942_RS10700,SYNPCC7942_RS09440,0.0960807209841863
SYNPCC7942_RS03465,SYNPCC7942_RS09715,0.0960565790723185
SYNPCC7942_RS09740,SYNPCC7942_RS11410,0.0960543733603741
SYNPCC7942_RS05870,SYNPCC7942_RS00800,0.0960541108529858
SYNPCC7942_RS00645,SYNPCC7942_RS09865,0.0960450790887454
SYNPCC7942_RS13165,SYNPCC7942_RS09095,0.0960202768540731
SYNPCC7942_RS03160,SYNPCC7942_RS09020,0.0960048082501439
SYNPCC7942_RS10170,SYNPCC7942_RS10490,0.0960027522248767
SYNPCC7942_RS00455,SYNPCC7942_RS02890,0.0959786468645643
SYNPCC7942_RS10700,SYNPCC7942_RS10005,0.0959750541198171
SYNPCC7942_RS03260,SYNPCC7942_RS11225,0.0959463610697815
SYNPCC7942_RS03325,SYNPCC7942_RS10735,0.0959196137756975
SYNPCC7942_RS07435,SYNPCC7942_RS01385,0.0959080192941797
SYNPCC7942_RS00455,SYNPCC7942_RS09180,0.0958789664362023
SYNPCC7942_RS03160,SYNPCC7942_RS14015,0.0958743817046057
SYNPCC7942_RS09740,SYNPCC7942_RS11480,0.0958705950268272
SYNPCC7942_RS05870,SYNPCC7942_RS06130,0.0958581489406798
SYNPCC7942_RS00645,SYNPCC7942_RS06335,0.0958577755477804
SYNPCC7942_RS12560,SYNPCC7942_RS10820,0.095849615869914
SYNPCC7942_RS00455,SYNPCC7942_RS09850,0.0958479007943689
SYNPCC7942_RS10700,SYNPCC7942_RS03160,0.0957918518866292
SYNPCC7942_RS10700,SYNPCC7942_RS01260,0.0957913405503421
SYNPCC7942_RS07185,SYNPCC7942_RS10275,0.0957858453285551
SYNPCC7942_RS00455,SYNPCC7942_RS08055,0.0957769092179938
SYNPCC7942_RS08885,SYNPCC7942_RS10250,0.0957641601494665
SYNPCC7942_RS03075,SYNPCC7942_RS12685,0.0957487804449216
SYNPCC7942_RS10700,SYNPCC7942_RS07815,0.0957423204539735
SYNPCC7942_RS10040,SYNPCC7942_RS08385,0.0957225098653589
SYNPCC7942_RS10700,SYNPCC7942_RS00455,0.0957134947246898
SYNPCC7942_RS00455,SYNPCC7942_RS08695,0.0957018267541837
SYNPCC7942_RS08885,SYNPCC7942_RS12545,0.0956726307437651
SYNPCC7942_RS05870,SYNPCC7942_RS09560,0.0956698302155412
SYNPCC7942_RS08885,SYNPCC7942_RS12590,0.095637826451532
SYNPCC7942_RS05870,SYNPCC7942_RS06805,0.095634966478828
SYNPCC7942_RS10700,SYNPCC7942_RS09455,0.095630980578987
SYNPCC7942_RS07435,SYNPCC7942_RS02570,0.095627990724467
SYNPCC7942_RS03160,SYNPCC7942_RS00655,0.0955918256197479
SYNPCC7942_RS00645,SYNPCC7942_RS03175,0.0955894640328426
SYNPCC7942_RS10700,SYNPCC7942_RS13030,0.0955710826825589
SYNPCC7942_RS06370,SYNPCC7942_RS00455,0.0955697316576984
SYNPCC7942_RS00645,SYNPCC7942_RS09860,0.0955595983138487
SYNPCC7942_RS12560,SYNPCC7942_RS02020,0.0955465264402724
SYNPCC7942_RS07435,SYNPCC7942_RS01375,0.0955362769783912
SYNPCC7942_RS09740,SYNPCC7942_RS07455,0.0955152798074724
SYNPCC7942_RS02895,SYNPCC7942_RS10225,0.0955032992430276
SYNPCC7942_RS10165,SYNPCC7942_RS07970,0.095467711036088
SYNPCC7942_RS03160,SYNPCC7942_RS02035,0.0954503890579372
SYNPCC7942_RS10700,SYNPCC7942_RS07625,0.095449440082916
SYNPCC7942_RS09160,SYNPCC7942_RS00830,0.0954342507841969
SYNPCC7942_RS00455,SYNPCC7942_RS10325,0.0954190740173967
SYNPCC7942_RS08850,SYNPCC7942_RS08840,0.0954062148281574
SYNPCC7942_RS10350,SYNPCC7942_RS00755,0.0954060575202766
SYNPCC7942_RS03160,SYNPCC7942_RS09740,0.095402524498164
SYNPCC7942_RS00480,SYNPCC7942_RS09945,0.0954015393959847
SYNPCC7942_RS13165,SYNPCC7942_RS02080,0.095399674076122
SYNPCC7942_RS03075,SYNPCC7942_RS11135,0.0953729011977138
SYNPCC7942_RS07185,SYNPCC7942_RS09620,0.0953642544708782
SYNPCC7942_RS03160,SYNPCC7942_RS09550,0.0953555647848213
SYNPCC7942_RS09740,SYNPCC7942_RS05195,0.0953208514509872
SYNPCC7942_RS12560,SYNPCC7942_RS04040,0.0953164866680109
SYNPCC7942_RS00455,SYNPCC7942_RS06015,0.0953091406426915
SYNPCC7942_RS11050,SYNPCC7942_RS07870,0.0952967340478604
SYNPCC7942_RS09160,SYNPCC7942_RS07325,0.095255903497698
SYNPCC7942_RS07435,SYNPCC7942_RS13930,0.0952319376256794
SYNPCC7942_RS09740,SYNPCC7942_RS11820,0.0951765910561047
SYNPCC7942_RS09740,SYNPCC7942_RS09220,0.0951735585733691
SYNPCC7942_RS03160,SYNPCC7942_RS03620,0.0951714058939323
SYNPCC7942_RS00455,SYNPCC7942_RS06515,0.095171038356738
SYNPCC7942_RS13165,SYNPCC7942_RS12735,0.0951554002601026
SYNPCC7942_RS07185,SYNPCC7942_RS08545,0.095143987597439
SYNPCC7942_RS12560,SYNPCC7942_RS07105,0.0951226995997537
SYNPCC7942_RS05870,SYNPCC7942_RS07655,0.0951118940999819
SYNPCC7942_RS00480,SYNPCC7942_RS00470,0.0951117863180888
SYNPCC7942_RS09935,SYNPCC7942_RS02135,0.0951106765462685
SYNPCC7942_RS09065,SYNPCC7942_RS13905,0.0950982703212601
SYNPCC7942_RS00645,SYNPCC7942_RS10310,0.0950874387585591
SYNPCC7942_RS07185,SYNPCC7942_RS11815,0.0950652182059304
SYNPCC7942_RS03160,SYNPCC7942_RS10145,0.0950592595085286
SYNPCC7942_RS07185,SYNPCC7942_RS06160,0.0950496000897481
SYNPCC7942_RS00645,SYNPCC7942_RS01710,0.0950439183359414
SYNPCC7942_RS05870,SYNPCC7942_RS04770,0.0950318304615204
SYNPCC7942_RS03160,SYNPCC7942_RS08960,0.0950281684896464
SYNPCC7942_RS08885,SYNPCC7942_RS10220,0.0950053816294784
SYNPCC7942_RS07435,SYNPCC7942_RS07270,0.0949975099701185
SYNPCC7942_RS00645,SYNPCC7942_RS05235,0.0949789959784859
SYNPCC7942_RS03075,SYNPCC7942_RS11730,0.0949669242149044
SYNPCC7942_RS10700,SYNPCC7942_RS06115,0.0949479505519925
SYNPCC7942_RS03465,SYNPCC7942_RS03990,0.0949324474532053
SYNPCC7942_RS09740,SYNPCC7942_RS12645,0.094925240165271
SYNPCC7942_RS09500,SYNPCC7942_RS06320,0.0949090849373893
SYNPCC7942_RS09065,SYNPCC7942_RS03515,0.0948890331235027
SYNPCC7942_RS03955,SYNPCC7942_RS00620,0.0948696005600863
SYNPCC7942_RS09740,SYNPCC7942_RS10730,0.094848144119914
SYNPCC7942_RS03955,SYNPCC7942_RS03960,0.0948458298675625
SYNPCC7942_RS11465,SYNPCC7942_RS08325,0.0948278579793904
SYNPCC7942_RS00455,SYNPCC7942_RS00950,0.0948244945538535
SYNPCC7942_RS05870,SYNPCC7942_RS02350,0.0948185640925574
SYNPCC7942_RS06370,SYNPCC7942_RS01795,0.0947870436979953
SYNPCC7942_RS00645,SYNPCC7942_RS04140,0.0947693299761416
SYNPCC7942_RS03160,SYNPCC7942_RS10440,0.0947551187176092
SYNPCC7942_RS07185,SYNPCC7942_RS12805,0.0947473182807057
SYNPCC7942_RS05640,SYNPCC7942_RS08670,0.0947366853576631
SYNPCC7942_RS03465,SYNPCC7942_RS02030,0.0947314154206552
SYNPCC7942_RS00455,SYNPCC7942_RS01780,0.0947223127468541
SYNPCC7942_RS00455,SYNPCC7942_RS00335,0.0947212513577174
SYNPCC7942_RS08850,SYNPCC7942_RS11200,0.0947099707599748
SYNPCC7942_RS07185,SYNPCC7942_RS06940,0.0946818142900782
SYNPCC7942_RS10700,SYNPCC7942_RS05580,0.0946697100004116
SYNPCC7942_RS00455,SYNPCC7942_RS07730,0.0946590800640296
SYNPCC7942_RS08645,SYNPCC7942_RS04000,0.0946395221617809
SYNPCC7942_RS03160,SYNPCC7942_RS12080,0.0946262654100647
SYNPCC7942_RS00455,SYNPCC7942_RS10355,0.0946063902312047
SYNPCC7942_RS03160,SYNPCC7942_RS03635,0.0945866158464363
SYNPCC7942_RS12560,SYNPCC7942_RS09880,0.094585951304831
SYNPCC7942_RS03465,SYNPCC7942_RS01705,0.0945823329051719
SYNPCC7942_RS03955,SYNPCC7942_RS13980,0.0945570749816039
SYNPCC7942_RS00455,SYNPCC7942_RS00720,0.0945550223521683
SYNPCC7942_RS09740,SYNPCC7942_RS10010,0.0945546065681459
SYNPCC7942_RS02830,SYNPCC7942_RS01020,0.0945511653872316
SYNPCC7942_RS06370,SYNPCC7942_RS10310,0.0945478531708427
SYNPCC7942_RS00645,SYNPCC7942_RS06340,0.0945256927434787
SYNPCC7942_RS02895,SYNPCC7942_RS11400,0.0945200281876958
SYNPCC7942_RS05870,SYNPCC7942_RS06385,0.094507994074585
SYNPCC7942_RS08885,SYNPCC7942_RS00745,0.094456053788441
SYNPCC7942_RS05870,SYNPCC7942_RS06955,0.0944524293369249
SYNPCC7942_RS00455,SYNPCC7942_RS06490,0.0944326165877857
SYNPCC7942_RS10700,SYNPCC7942_RS07450,0.0944291133489824
SYNPCC7942_RS10700,SYNPCC7942_RS09730,0.09442189817463
SYNPCC7942_RS11970,SYNPCC7942_RS14065,0.0944097724647618
SYNPCC7942_RS12560,SYNPCC7942_RS04965,0.094397677314634
SYNPCC7942_RS00645,SYNPCC7942_RS11160,0.0943973432368236
SYNPCC7942_RS03160,SYNPCC7942_RS00350,0.0943736635299209
SYNPCC7942_RS12560,SYNPCC7942_RS05630,0.094361473010162
SYNPCC7942_RS03160,SYNPCC7942_RS09010,0.0943589563179413
SYNPCC7942_RS07435,SYNPCC7942_RS12180,0.0943552903266362
SYNPCC7942_RS03260,SYNPCC7942_RS10745,0.0943545285670102
SYNPCC7942_RS03160,SYNPCC7942_RS02730,0.0943404110710821
SYNPCC7942_RS05870,SYNPCC7942_RS06135,0.0942951908226159
SYNPCC7942_RS09760,SYNPCC7942_RS08370,0.0942589419374895
SYNPCC7942_RS03325,SYNPCC7942_RS02760,0.0942502004866676
SYNPCC7942_RS12560,SYNPCC7942_RS02595,0.0942245133618904
SYNPCC7942_RS03160,SYNPCC7942_RS00115,0.0942102459700265
SYNPCC7942_RS09740,SYNPCC7942_RS00770,0.0941997936879082
SYNPCC7942_RS07185,SYNPCC7942_RS06075,0.0941675095218392
SYNPCC7942_RS00455,SYNPCC7942_RS08115,0.094152091830496
SYNPCC7942_RS03160,SYNPCC7942_RS06300,0.0941202563823551
SYNPCC7942_RS12275,SYNPCC7942_RS09035,0.094112509945812
SYNPCC7942_RS05070,SYNPCC7942_RS12775,0.094088954271704
SYNPCC7942_RS06370,SYNPCC7942_RS05415,0.0940883519348637
SYNPCC7942_RS03160,SYNPCC7942_RS04830,0.0940810501794341
SYNPCC7942_RS05070,SYNPCC7942_RS04200,0.094072287411923
SYNPCC7942_RS00455,SYNPCC7942_RS09980,0.0940687328543548
SYNPCC7942_RS09740,SYNPCC7942_RS05700,0.0940489981842544
SYNPCC7942_RS07185,SYNPCC7942_RS12055,0.0940316421769689
SYNPCC7942_RS07435,SYNPCC7942_RS05145,0.0940047348652481
SYNPCC7942_RS07435,SYNPCC7942_RS02770,0.0939760454032357
SYNPCC7942_RS07940,SYNPCC7942_RS01795,0.0939620566972736
SYNPCC7942_RS07720,SYNPCC7942_RS03310,0.0939584140169253
SYNPCC7942_RS09740,SYNPCC7942_RS13135,0.0939572642576462
SYNPCC7942_RS09740,SYNPCC7942_RS09375,0.0939361627407735
SYNPCC7942_RS12560,SYNPCC7942_RS07095,0.0939322121888571
SYNPCC7942_RS09620,SYNPCC7942_RS03530,0.0939265139747219
SYNPCC7942_RS07185,SYNPCC7942_RS00595,0.093909608068588
SYNPCC7942_RS07185,SYNPCC7942_RS04690,0.0939014343500323
SYNPCC7942_RS03160,SYNPCC7942_RS01520,0.0938750607899145
SYNPCC7942_RS03955,SYNPCC7942_RS07890,0.0938572320112945
SYNPCC7942_RS08820,SYNPCC7942_RS10040,0.0938555958844597
SYNPCC7942_RS03160,SYNPCC7942_RS10175,0.0938338398810071
SYNPCC7942_RS00645,SYNPCC7942_RS01255,0.0938157321642985
SYNPCC7942_RS08780,SYNPCC7942_RS08380,0.0938004229589942
SYNPCC7942_RS09160,SYNPCC7942_RS05045,0.093779980289987
SYNPCC7942_RS09380,SYNPCC7942_RS11725,0.0937618634904903
SYNPCC7942_RS05870,SYNPCC7942_RS09665,0.0937471481824593
SYNPCC7942_RS05870,SYNPCC7942_RS08950,0.0937133916922657
SYNPCC7942_RS03530,SYNPCC7942_RS09620,0.0936507235337647
SYNPCC7942_RS03955,SYNPCC7942_RS00270,0.0936299892968261
SYNPCC7942_RS06370,SYNPCC7942_RS10650,0.0936122978480038
SYNPCC7942_RS05230,SYNPCC7942_RS08415,0.0935780914005177
SYNPCC7942_RS09740,SYNPCC7942_RS02440,0.0935757931342764
SYNPCC7942_RS12275,SYNPCC7942_RS03055,0.0935720562806195
SYNPCC7942_RS07435,SYNPCC7942_RS11875,0.0935619635420896
SYNPCC7942_RS10170,SYNPCC7942_RS06775,0.0935436777622919
SYNPCC7942_RS03160,SYNPCC7942_RS04475,0.0935391363400442
SYNPCC7942_RS03260,SYNPCC7942_RS11325,0.0935276907254501
SYNPCC7942_RS07185,SYNPCC7942_RS09155,0.0934919170878029
SYNPCC7942_RS07435,SYNPCC7942_RS12855,0.093491095081212
SYNPCC7942_RS02895,SYNPCC7942_RS07385,0.0934726748588206
SYNPCC7942_RS03465,SYNPCC7942_RS12115,0.0934623909264557
SYNPCC7942_RS13165,SYNPCC7942_RS11370,0.0934539178525533
SYNPCC7942_RS00645,SYNPCC7942_RS09515,0.0934528263639906
SYNPCC7942_RS03465,SYNPCC7942_RS00790,0.0934434224630365
SYNPCC7942_RS09500,SYNPCC7942_RS09405,0.0934310557873483
SYNPCC7942_RS03160,SYNPCC7942_RS11490,0.09340082802415
SYNPCC7942_RS03075,SYNPCC7942_RS10155,0.0933998108703248
SYNPCC7942_RS12560,SYNPCC7942_RS12205,0.0933985562519564
SYNPCC7942_RS00765,SYNPCC7942_RS10065,0.093396782082676
SYNPCC7942_RS03160,SYNPCC7942_RS05565,0.0933909858386903
SYNPCC7942_RS00455,SYNPCC7942_RS00690,0.0933852972219829
SYNPCC7942_RS10700,SYNPCC7942_RS10315,0.0933840817084578
SYNPCC7942_RS07435,SYNPCC7942_RS10335,0.0933613778466362
SYNPCC7942_RS03075,SYNPCC7942_RS01025,0.0933591274958211
SYNPCC7942_RS11465,SYNPCC7942_RS01195,0.0933568625279055
SYNPCC7942_RS00645,SYNPCC7942_RS12175,0.0933481819777661
SYNPCC7942_RS10340,SYNPCC7942_RS11730,0.0933468768306742
SYNPCC7942_RS09065,SYNPCC7942_RS09875,0.0933336477479248
SYNPCC7942_RS06370,SYNPCC7942_RS05980,0.093332728680005
SYNPCC7942_RS03465,SYNPCC7942_RS04050,0.093303199149003
SYNPCC7942_RS09740,SYNPCC7942_RS02595,0.0932738732834953
SYNPCC7942_RS03325,SYNPCC7942_RS04750,0.0932447602948032
SYNPCC7942_RS08780,SYNPCC7942_RS08640,0.0932440308731452
SYNPCC7942_RS03160,SYNPCC7942_RS12930,0.0932276616029574
SYNPCC7942_RS09740,SYNPCC7942_RS01600,0.0932067012995754
SYNPCC7942_RS03160,SYNPCC7942_RS02475,0.0931980435580727
SYNPCC7942_RS03325,SYNPCC7942_RS00025,0.0931562259800296
SYNPCC7942_RS00645,SYNPCC7942_RS02405,0.0931479608494841
SYNPCC7942_RS09380,SYNPCC7942_RS12965,0.0931160932866305
SYNPCC7942_RS03160,SYNPCC7942_RS09615,0.0930878498723657
SYNPCC7942_RS10700,SYNPCC7942_RS10635,0.0929760403594131
SYNPCC7942_RS11465,SYNPCC7942_RS14140,0.092958498632757
SYNPCC7942_RS07435,SYNPCC7942_RS06710,0.0929101366651576
SYNPCC7942_RS10170,SYNPCC7942_RS03790,0.0929096411631731
SYNPCC7942_RS10700,SYNPCC7942_RS10825,0.0928978405747024
SYNPCC7942_RS13165,SYNPCC7942_RS10865,0.0928838384979341
SYNPCC7942_RS05870,SYNPCC7942_RS02725,0.092862838839868
SYNPCC7942_RS05870,SYNPCC7942_RS02875,0.0928546738111579
SYNPCC7942_RS07435,SYNPCC7942_RS01455,0.0928344737194188
SYNPCC7942_RS00380,SYNPCC7942_RS12930,0.0928247828288087
SYNPCC7942_RS02895,SYNPCC7942_RS01965,0.0928088553159958
SYNPCC7942_RS12285,SYNPCC7942_RS13300,0.0928032009654977
SYNPCC7942_RS03160,SYNPCC7942_RS04255,0.0927829625864598
SYNPCC7942_RS05870,SYNPCC7942_RS09455,0.0927823858262756
SYNPCC7942_RS10700,SYNPCC7942_RS00325,0.092772478672032
SYNPCC7942_RS07185,SYNPCC7942_RS03430,0.0927459920078633
SYNPCC7942_RS10700,SYNPCC7942_RS12195,0.0927318202297803
SYNPCC7942_RS03955,SYNPCC7942_RS00305,0.0927275819782826
SYNPCC7942_RS03160,SYNPCC7942_RS02350,0.092721592711227
SYNPCC7942_RS00455,SYNPCC7942_RS07815,0.0926855897610742
SYNPCC7942_RS12560,SYNPCC7942_RS00595,0.0926756946043097
SYNPCC7942_RS05070,SYNPCC7942_RS10940,0.0926727933835825
SYNPCC7942_RS10700,SYNPCC7942_RS02255,0.092670203870824
SYNPCC7942_RS10700,SYNPCC7942_RS06860,0.0926210672258108
SYNPCC7942_RS03960,SYNPCC7942_RS11955,0.0926109137692911
SYNPCC7942_RS07435,SYNPCC7942_RS00575,0.0926064303718784
SYNPCC7942_RS02830,SYNPCC7942_RS00200,0.0926024735988107
SYNPCC7942_RS09740,SYNPCC7942_RS05660,0.0925829788819626
SYNPCC7942_RS09740,SYNPCC7942_RS06820,0.0925633561841196
SYNPCC7942_RS07435,SYNPCC7942_RS10455,0.0925633068850691
SYNPCC7942_RS03325,SYNPCC7942_RS07645,0.0925583131806641
SYNPCC7942_RS10700,SYNPCC7942_RS04070,0.0925481287896623
SYNPCC7942_RS00645,SYNPCC7942_RS12085,0.0925154166997474
SYNPCC7942_RS03160,SYNPCC7942_RS04905,0.0925036136179886
SYNPCC7942_RS05070,SYNPCC7942_RS13870,0.0925012530580486
SYNPCC7942_RS07185,SYNPCC7942_RS00835,0.0924800808562875
SYNPCC7942_RS09740,SYNPCC7942_RS08260,0.0924760490987742
SYNPCC7942_RS03960,SYNPCC7942_RS13695,0.0924319842854406
SYNPCC7942_RS09935,SYNPCC7942_RS01535,0.0924301250503166
SYNPCC7942_RS12560,SYNPCC7942_RS06725,0.0923958515123491
SYNPCC7942_RS05870,SYNPCC7942_RS02035,0.0923777515538696
SYNPCC7942_RS03160,SYNPCC7942_RS04530,0.0923215012658885
SYNPCC7942_RS10040,SYNPCC7942_RS11135,0.0923003860703274
SYNPCC7942_RS05870,SYNPCC7942_RS10165,0.0922916171980948
SYNPCC7942_RS00455,SYNPCC7942_RS07580,0.0922739560532777
SYNPCC7942_RS03160,SYNPCC7942_RS08130,0.0922530529474125
SYNPCC7942_RS00645,SYNPCC7942_RS03630,0.0922405051651653
SYNPCC7942_RS10700,SYNPCC7942_RS05870,0.092235159185814
SYNPCC7942_RS05870,SYNPCC7942_RS05560,0.092198085529861
SYNPCC7942_RS10700,SYNPCC7942_RS00870,0.0921947155284187
SYNPCC7942_RS10700,SYNPCC7942_RS10205,0.0921870659828904
SYNPCC7942_RS07435,SYNPCC7942_RS00380,0.0921801185978575
SYNPCC7942_RS03465,SYNPCC7942_RS01500,0.0921738631658319
SYNPCC7942_RS07435,SYNPCC7942_RS08455,0.0921365740962019
SYNPCC7942_RS03160,SYNPCC7942_RS09335,0.0921362934123708
SYNPCC7942_RS02830,SYNPCC7942_RS05895,0.0921208049447064
SYNPCC7942_RS08885,SYNPCC7942_RS12200,0.0921203593892668
SYNPCC7942_RS13165,SYNPCC7942_RS02240,0.0921110241598742
SYNPCC7942_RS09760,SYNPCC7942_RS03650,0.0921050109233902
SYNPCC7942_RS07185,SYNPCC7942_RS00630,0.0920790554514186
SYNPCC7942_RS00645,SYNPCC7942_RS01455,0.0920749273148791
SYNPCC7942_RS10350,SYNPCC7942_RS07630,0.092057787721524
SYNPCC7942_RS03160,SYNPCC7942_RS02295,0.092055502128954
SYNPCC7942_RS07435,SYNPCC7942_RS01680,0.0920437243061173
SYNPCC7942_RS10700,SYNPCC7942_RS08130,0.092043697439903
SYNPCC7942_RS03160,SYNPCC7942_RS09265,0.0920430091353193
SYNPCC7942_RS03160,SYNPCC7942_RS10450,0.0920078667454752
SYNPCC7942_RS09740,SYNPCC7942_RS10460,0.0920023275878675
SYNPCC7942_RS00455,SYNPCC7942_RS06905,0.0919932709895969
SYNPCC7942_RS00645,SYNPCC7942_RS03670,0.0919878388581957
SYNPCC7942_RS09160,SYNPCC7942_RS12865,0.0919851701986437
SYNPCC7942_RS11465,SYNPCC7942_RS11420,0.0919732146721881
SYNPCC7942_RS03160,SYNPCC7942_RS00025,0.0919690807222543
SYNPCC7942_RS00380,SYNPCC7942_RS01445,0.0919669089958916
SYNPCC7942_RS03160,SYNPCC7942_RS03325,0.091963364595563
SYNPCC7942_RS07435,SYNPCC7942_RS00850,0.0919245241429449
SYNPCC7942_RS00380,SYNPCC7942_RS07995,0.0919224297123415
SYNPCC7942_RS08580,SYNPCC7942_RS08560,0.0918571843719616
SYNPCC7942_RS00455,SYNPCC7942_RS02140,0.0918232263067812
SYNPCC7942_RS12560,SYNPCC7942_RS12230,0.0918095713291955
SYNPCC7942_RS07435,SYNPCC7942_RS10435,0.0917936230677297
SYNPCC7942_RS00455,SYNPCC7942_RS09970,0.0917768601032818
SYNPCC7942_RS07435,SYNPCC7942_RS12085,0.0917667288760536
SYNPCC7942_RS02895,SYNPCC7942_RS06880,0.0917662331066678
SYNPCC7942_RS08820,SYNPCC7942_RS10790,0.0917643936330942
SYNPCC7942_RS12560,SYNPCC7942_RS04000,0.0917569414536963
SYNPCC7942_RS03160,SYNPCC7942_RS03560,0.0917338325038442
SYNPCC7942_RS05870,SYNPCC7942_RS08125,0.0917061604741884
SYNPCC7942_RS07185,SYNPCC7942_RS11515,0.0916945832915406
SYNPCC7942_RS00455,SYNPCC7942_RS05105,0.0916786284015617
SYNPCC7942_RS09740,SYNPCC7942_RS10285,0.0916776157805674
SYNPCC7942_RS03260,SYNPCC7942_RS11240,0.0916765814249933
SYNPCC7942_RS09760,SYNPCC7942_RS11375,0.0916764233686125
SYNPCC7942_RS03160,SYNPCC7942_RS01055,0.0916384623655182
SYNPCC7942_RS09620,SYNPCC7942_RS12090,0.0916369152250199
SYNPCC7942_RS10700,SYNPCC7942_RS06155,0.0916203279022596
SYNPCC7942_RS02830,SYNPCC7942_RS08040,0.091604407877245
SYNPCC7942_RS08820,SYNPCC7942_RS07165,0.0915989318022568
SYNPCC7942_RS03160,SYNPCC7942_RS03175,0.0915968955158653
SYNPCC7942_RS07435,SYNPCC7942_RS12665,0.0915887263746676
SYNPCC7942_RS02895,SYNPCC7942_RS05390,0.0915841528838344
SYNPCC7942_RS00645,SYNPCC7942_RS09710,0.0915759781425426
SYNPCC7942_RS09380,SYNPCC7942_RS08440,0.0915626572621255
SYNPCC7942_RS03465,SYNPCC7942_RS03930,0.091558733883576
SYNPCC7942_RS00645,SYNPCC7942_RS03100,0.0915482751375176
SYNPCC7942_RS08645,SYNPCC7942_RS06965,0.0915275164984607
SYNPCC7942_RS03160,SYNPCC7942_RS10010,0.0915104727790831
SYNPCC7942_RS09740,SYNPCC7942_RS05335,0.0914933355139409
SYNPCC7942_RS03160,SYNPCC7942_RS04460,0.0914878350792642
SYNPCC7942_RS09380,SYNPCC7942_RS12120,0.0914856427863518
SYNPCC7942_RS05870,SYNPCC7942_RS08360,0.091484537906418
SYNPCC7942_RS03160,SYNPCC7942_RS10730,0.091484373652987
SYNPCC7942_RS10040,SYNPCC7942_RS04155,0.0914837284816592
SYNPCC7942_RS05870,SYNPCC7942_RS11590,0.091476907998227
SYNPCC7942_RS05070,SYNPCC7942_RS10430,0.0914628417883883
SYNPCC7942_RS03075,SYNPCC7942_RS01555,0.0914564411712816
SYNPCC7942_RS07805,SYNPCC7942_RS03210,0.0913600505577201
SYNPCC7942_RS09435,SYNPCC7942_RS02695,0.0913469333356476
SYNPCC7942_RS00455,SYNPCC7942_RS11590,0.091331156424284
SYNPCC7942_RS12275,SYNPCC7942_RS06260,0.0913297582667096
SYNPCC7942_RS10700,SYNPCC7942_RS07445,0.091324547233949
SYNPCC7942_RS03160,SYNPCC7942_RS10080,0.0912883871007141
SYNPCC7942_RS03160,SYNPCC7942_RS09770,0.0912776615990008
SYNPCC7942_RS10700,SYNPCC7942_RS12725,0.09127502978001
SYNPCC7942_RS11465,SYNPCC7942_RS05605,0.0912479952576379
SYNPCC7942_RS02895,SYNPCC7942_RS09705,0.0912456028882957
SYNPCC7942_RS07185,SYNPCC7942_RS08985,0.0912334176172592
SYNPCC7942_RS03160,SYNPCC7942_RS00035,0.091229287193039
SYNPCC7942_RS10700,SYNPCC7942_RS09605,0.0912206134772844
SYNPCC7942_RS05870,SYNPCC7942_RS11475,0.0912202164046775
SYNPCC7942_RS10700,SYNPCC7942_RS09615,0.0912013625635763
SYNPCC7942_RS00455,SYNPCC7942_RS06755,0.0911965498656471
SYNPCC7942_RS05640,SYNPCC7942_RS12060,0.0911879133690577
SYNPCC7942_RS03160,SYNPCC7942_RS10460,0.0911825129235039
SYNPCC7942_RS05870,SYNPCC7942_RS06065,0.0911670729819326
SYNPCC7942_RS05870,SYNPCC7942_RS03140,0.0911666705152617
SYNPCC7942_RS00645,SYNPCC7942_RS04615,0.0911328821964328
SYNPCC7942_RS13165,SYNPCC7942_RS00530,0.0910962615107694
SYNPCC7942_RS03160,SYNPCC7942_RS09375,0.0910879770346372
SYNPCC7942_RS09740,SYNPCC7942_RS08255,0.0910824784712447
SYNPCC7942_RS00645,SYNPCC7942_RS05575,0.0910784944091951
SYNPCC7942_RS12560,SYNPCC7942_RS05185,0.0910716634595215
SYNPCC7942_RS09435,SYNPCC7942_RS12295,0.0910389290055459
SYNPCC7942_RS07185,SYNPCC7942_RS09985,0.0910337137212507
SYNPCC7942_RS05870,SYNPCC7942_RS02760,0.0910336696023717
SYNPCC7942_RS12560,SYNPCC7942_RS04135,0.0910312664811265
SYNPCC7942_RS02895,SYNPCC7942_RS01320,0.0910312224923125
SYNPCC7942_RS10040,SYNPCC7942_RS05050,0.0910256770235006
SYNPCC7942_RS03465,SYNPCC7942_RS12395,0.0910187838770886
SYNPCC7942_RS07185,SYNPCC7942_RS12860,0.091015622880286
SYNPCC7942_RS02830,SYNPCC7942_RS11185,0.0909961733914344
SYNPCC7942_RS09990,SYNPCC7942_RS09655,0.0909939122626854
SYNPCC7942_RS00455,SYNPCC7942_RS12100,0.0909913787363881
SYNPCC7942_RS00455,SYNPCC7942_RS08130,0.0909850233741013
SYNPCC7942_RS05870,SYNPCC7942_RS06790,0.0909315300519534
SYNPCC7942_RS09435,SYNPCC7942_RS06850,0.0909178124974216
SYNPCC7942_RS03160,SYNPCC7942_RS03405,0.0909145988658259
SYNPCC7942_RS09380,SYNPCC7942_RS13250,0.0909077004302741
SYNPCC7942_RS05070,SYNPCC7942_RS06175,0.0909030139916725
SYNPCC7942_RS00645,SYNPCC7942_RS10025,0.0908990545429471
SYNPCC7942_RS03260,SYNPCC7942_RS06540,0.0908976041251069
SYNPCC7942_RS00645,SYNPCC7942_RS05820,0.0908946879120718
SYNPCC7942_RS03075,SYNPCC7942_RS12680,0.0908912959174911
SYNPCC7942_RS09160,SYNPCC7942_RS00820,0.0908483323575608
SYNPCC7942_RS03075,SYNPCC7942_RS09065,0.0908210578716106
SYNPCC7942_RS09435,SYNPCC7942_RS10915,0.0908204404177104
SYNPCC7942_RS00645,SYNPCC7942_RS06905,0.0908156322065626
SYNPCC7942_RS02830,SYNPCC7942_RS08005,0.0907943961367766
SYNPCC7942_RS09160,SYNPCC7942_RS05125,0.0907767077552488
SYNPCC7942_RS00455,SYNPCC7942_RS01820,0.0907680413939801
SYNPCC7942_RS03075,SYNPCC7942_RS07395,0.0907423801209103
SYNPCC7942_RS00645,SYNPCC7942_RS10365,0.0907346423392327
SYNPCC7942_RS03160,SYNPCC7942_RS00335,0.0906918382373555
SYNPCC7942_RS09740,SYNPCC7942_RS09020,0.0906402330200172
SYNPCC7942_RS11970,SYNPCC7942_RS09485,0.0906086817652787
SYNPCC7942_RS12560,SYNPCC7942_RS12270,0.0905993189934287
SYNPCC7942_RS05070,SYNPCC7942_RS04105,0.0905981363020707
SYNPCC7942_RS03160,SYNPCC7942_RS02340,0.0905877437224814
SYNPCC7942_RS03160,SYNPCC7942_RS08165,0.0905870441242534
SYNPCC7942_RS12560,SYNPCC7942_RS03525,0.0905699331311977
SYNPCC7942_RS03160,SYNPCC7942_RS10355,0.0905666102013446
SYNPCC7942_RS00645,SYNPCC7942_RS12180,0.0905574388675909
SYNPCC7942_RS03325,SYNPCC7942_RS06895,0.0905572605105302
SYNPCC7942_RS00645,SYNPCC7942_RS01780,0.0905463150017895
SYNPCC7942_RS09380,SYNPCC7942_RS11520,0.0905435122190485
SYNPCC7942_RS07185,SYNPCC7942_RS10915,0.0905415115875562
SYNPCC7942_RS12560,SYNPCC7942_RS05055,0.090540308278286
SYNPCC7942_RS12285,SYNPCC7942_RS00670,0.0905368305856395
SYNPCC7942_RS09740,SYNPCC7942_RS04475,0.090516079501229
SYNPCC7942_RS09380,SYNPCC7942_RS12350,0.0905033198173728
SYNPCC7942_RS00455,SYNPCC7942_RS12570,0.0904997599637798
SYNPCC7942_RS06370,SYNPCC7942_RS10335,0.0904994277556933
SYNPCC7942_RS00645,SYNPCC7942_RS05015,0.0904891795387364
SYNPCC7942_RS05870,SYNPCC7942_RS08865,0.0904733034860899
SYNPCC7942_RS03260,SYNPCC7942_RS06245,0.0904641230724631
SYNPCC7942_RS03465,SYNPCC7942_RS04555,0.0904548899287181
SYNPCC7942_RS09380,SYNPCC7942_RS02535,0.0904482526008695
SYNPCC7942_RS05870,SYNPCC7942_RS04540,0.0904418656964242
SYNPCC7942_RS09435,SYNPCC7942_RS01790,0.0904344298279419
SYNPCC7942_RS07435,SYNPCC7942_RS05370,0.0904222542462611
SYNPCC7942_RS00455,SYNPCC7942_RS01970,0.0904164310592339
SYNPCC7942_RS07185,SYNPCC7942_RS03625,0.0904151946104466
SYNPCC7942_RS07435,SYNPCC7942_RS07785,0.0903745572713317
SYNPCC7942_RS03160,SYNPCC7942_RS11930,0.0903740143367394
SYNPCC7942_RS10700,SYNPCC7942_RS02865,0.0903538167507262
SYNPCC7942_RS03160,SYNPCC7942_RS11410,0.0903444375229458
SYNPCC7942_RS12560,SYNPCC7942_RS03290,0.0903440339741947
SYNPCC7942_RS10700,SYNPCC7942_RS08150,0.0903426473043469
SYNPCC7942_RS05870,SYNPCC7942_RS02245,0.0903378556752949
SYNPCC7942_RS02895,SYNPCC7942_RS02890,0.0903163753942498
SYNPCC7942_RS09380,SYNPCC7942_RS03615,0.0902847320183974
SYNPCC7942_RS07185,SYNPCC7942_RS04925,0.0902789856880792
SYNPCC7942_RS07435,SYNPCC7942_RS07405,0.0902754670293846
SYNPCC7942_RS03160,SYNPCC7942_RS02220,0.0902266342811821
SYNPCC7942_RS10040,SYNPCC7942_RS12140,0.0901950002142046
SYNPCC7942_RS02830,SYNPCC7942_RS07690,0.0901788306442882
SYNPCC7942_RS00645,SYNPCC7942_RS08735,0.0901687055473397
SYNPCC7942_RS05870,SYNPCC7942_RS04455,0.0901635613998217
SYNPCC7942_RS03160,SYNPCC7942_RS04215,0.0901431459407395
SYNPCC7942_RS07185,SYNPCC7942_RS11845,0.0901232849546382
SYNPCC7942_RS10700,SYNPCC7942_RS01820,0.0901209511027514
SYNPCC7942_RS10700,SYNPCC7942_RS09265,0.0901170408915042
SYNPCC7942_RS09760,SYNPCC7942_RS14065,0.0900975100883763
SYNPCC7942_RS13165,SYNPCC7942_RS03220,0.0900900500381834
SYNPCC7942_RS03075,SYNPCC7942_RS12140,0.0900633298334374
SYNPCC7942_RS13165,SYNPCC7942_RS02230,0.0900609987504977
SYNPCC7942_RS03325,SYNPCC7942_RS00355,0.0900563973306953
SYNPCC7942_RS03075,SYNPCC7942_RS06655,0.0900380022732047
SYNPCC7942_RS11970,SYNPCC7942_RS09840,0.0900280490773054
SYNPCC7942_RS07435,SYNPCC7942_RS02735,0.0900280028573498
SYNPCC7942_RS10700,SYNPCC7942_RS06130,0.0900206792572179
SYNPCC7942_RS09620,SYNPCC7942_RS12370,0.0900203249239558
SYNPCC7942_RS03160,SYNPCC7942_RS01450,0.0900157848928686
SYNPCC7942_RS02830,SYNPCC7942_RS01995,0.0899876611393642
SYNPCC7942_RS11465,SYNPCC7942_RS05205,0.0899809974941041
SYNPCC7942_RS09740,SYNPCC7942_RS01435,0.089977953104533
SYNPCC7942_RS07435,SYNPCC7942_RS06100,0.0899747050171601
SYNPCC7942_RS11050,SYNPCC7942_RS07200,0.0899687247793649
SYNPCC7942_RS07185,SYNPCC7942_RS13000,0.0899453260072357
SYNPCC7942_RS03075,SYNPCC7942_RS00195,0.0899231375545156
SYNPCC7942_RS03160,SYNPCC7942_RS11875,0.0899110616779896
SYNPCC7942_RS03440,SYNPCC7942_RS05330,0.0899089876587212
SYNPCC7942_RS10350,SYNPCC7942_RS13050,0.0899041642500344
SYNPCC7942_RS03160,SYNPCC7942_RS11665,0.0898975853110606
SYNPCC7942_RS09380,SYNPCC7942_RS01420,0.0898948962650383
SYNPCC7942_RS03260,SYNPCC7942_RS11255,0.0898847701080066
SYNPCC7942_RS07805,SYNPCC7942_RS02795,0.0898572536492923
SYNPCC7942_RS03160,SYNPCC7942_RS04935,0.0898536392509879
SYNPCC7942_RS10700,SYNPCC7942_RS09450,0.0898282898097454
SYNPCC7942_RS03160,SYNPCC7942_RS08265,0.0898234272642573
SYNPCC7942_RS12560,SYNPCC7942_RS11375,0.0898100213797517
SYNPCC7942_RS03075,SYNPCC7942_RS03990,0.0898084849366827
SYNPCC7942_RS07185,SYNPCC7942_RS10695,0.0897894730957725
SYNPCC7942_RS09740,SYNPCC7942_RS11500,0.089784929641723
SYNPCC7942_RS10165,SYNPCC7942_RS00385,0.0897723556712843
SYNPCC7942_RS05870,SYNPCC7942_RS13180,0.0897315388815743
SYNPCC7942_RS12560,SYNPCC7942_RS03185,0.0897125927153612
SYNPCC7942_RS10700,SYNPCC7942_RS13230,0.0897080150269653
SYNPCC7942_RS10165,SYNPCC7942_RS07840,0.0896778986522667
SYNPCC7942_RS05640,SYNPCC7942_RS02870,0.0896730821450301
SYNPCC7942_RS09620,SYNPCC7942_RS10585,0.0896587115498526
SYNPCC7942_RS03160,SYNPCC7942_RS07995,0.0896348848595113
SYNPCC7942_RS03160,SYNPCC7942_RS04855,0.08959130365899
SYNPCC7942_RS03160,SYNPCC7942_RS00205,0.0895856241594158
SYNPCC7942_RS00455,SYNPCC7942_RS02465,0.0895843263614626
SYNPCC7942_RS07435,SYNPCC7942_RS02715,0.0895701465546892
SYNPCC7942_RS03160,SYNPCC7942_RS00680,0.0895516503060277
SYNPCC7942_RS05870,SYNPCC7942_RS07930,0.0895512206069514
SYNPCC7942_RS07435,SYNPCC7942_RS06690,0.0895484741343314
SYNPCC7942_RS09740,SYNPCC7942_RS03125,0.0895434698507847
SYNPCC7942_RS05870,SYNPCC7942_RS00725,0.089541519161639
SYNPCC7942_RS07435,SYNPCC7942_RS12460,0.089540837056005
SYNPCC7942_RS03160,SYNPCC7942_RS07340,0.0895075638555388
SYNPCC7942_RS00645,SYNPCC7942_RS01385,0.0895013933493284
SYNPCC7942_RS02830,SYNPCC7942_RS01010,0.0894914058829334
SYNPCC7942_RS03160,SYNPCC7942_RS13225,0.0894580818418642
SYNPCC7942_RS09620,SYNPCC7942_RS02380,0.0894541977422529
SYNPCC7942_RS09500,SYNPCC7942_RS06935,0.0894410585292186
SYNPCC7942_RS00380,SYNPCC7942_RS10470,0.0894318468892322
SYNPCC7942_RS08885,SYNPCC7942_RS06600,0.0894245870671035
SYNPCC7942_RS07435,SYNPCC7942_RS04265,0.0894108366966265
SYNPCC7942_RS09065,SYNPCC7942_RS01590,0.0893981124322561
SYNPCC7942_RS00455,SYNPCC7942_RS05665,0.0893918810660664
SYNPCC7942_RS03160,SYNPCC7942_RS04115,0.0893890900426406
SYNPCC7942_RS02895,SYNPCC7942_RS06760,0.0893885640679271
SYNPCC7942_RS12560,SYNPCC7942_RS02800,0.0893846267359218
SYNPCC7942_RS03160,SYNPCC7942_RS00640,0.0893733066620276
SYNPCC7942_RS05870,SYNPCC7942_RS06715,0.0893585534108677
SYNPCC7942_RS00455,SYNPCC7942_RS04765,0.0893581432423699
SYNPCC7942_RS03160,SYNPCC7942_RS00040,0.0893554587320435
SYNPCC7942_RS03160,SYNPCC7942_RS00940,0.0893375817137367
SYNPCC7942_RS10700,SYNPCC7942_RS01270,0.089336692863535
SYNPCC7942_RS07435,SYNPCC7942_RS14165,0.089288673399433
SYNPCC7942_RS00645,SYNPCC7942_RS04505,0.0892850882030752
SYNPCC7942_RS07435,SYNPCC7942_RS10575,0.0892706314773774
SYNPCC7942_RS03465,SYNPCC7942_RS11210,0.0892639723042995
SYNPCC7942_RS10170,SYNPCC7942_RS12890,0.0892583839339085
SYNPCC7942_RS10700,SYNPCC7942_RS04775,0.0892508812242563
SYNPCC7942_RS07435,SYNPCC7942_RS06580,0.0892476779918243
SYNPCC7942_RS00455,SYNPCC7942_RS12180,0.0892226118558923
SYNPCC7942_RS03160,SYNPCC7942_RS12070,0.0892019669340178
SYNPCC7942_RS05870,SYNPCC7942_RS06690,0.0891992642078399
SYNPCC7942_RS02895,SYNPCC7942_RS02940,0.0891854402083956
SYNPCC7942_RS03955,SYNPCC7942_RS07520,0.089177207504741
SYNPCC7942_RS09620,SYNPCC7942_RS13000,0.0891670754845739
SYNPCC7942_RS09740,SYNPCC7942_RS01475,0.0891554914541765
SYNPCC7942_RS12560,SYNPCC7942_RS12310,0.0891486684955108
SYNPCC7942_RS05870,SYNPCC7942_RS04290,0.0891454086696904
SYNPCC7942_RS03160,SYNPCC7942_RS02605,0.0891307749957848
SYNPCC7942_RS09740,SYNPCC7942_RS08525,0.0891304931532539
SYNPCC7942_RS10700,SYNPCC7942_RS11990,0.089109723105
SYNPCC7942_RS12560,SYNPCC7942_RS12765,0.0891094212111688
SYNPCC7942_RS00455,SYNPCC7942_RS07575,0.0891039912859185
SYNPCC7942_RS07185,SYNPCC7942_RS07885,0.0890915201614902
SYNPCC7942_RS00455,SYNPCC7942_RS07115,0.0890878942098323
SYNPCC7942_RS10700,SYNPCC7942_RS10000,0.0890853212433896
SYNPCC7942_RS12275,SYNPCC7942_RS04600,0.0890728635239175
SYNPCC7942_RS09620,SYNPCC7942_RS05755,0.089067930431295
SYNPCC7942_RS10700,SYNPCC7942_RS11980,0.0890641486742122
SYNPCC7942_RS07185,SYNPCC7942_RS08085,0.0890577921700524
SYNPCC7942_RS03160,SYNPCC7942_RS10470,0.0890529154693452
SYNPCC7942_RS05870,SYNPCC7942_RS08860,0.0890354361137745
SYNPCC7942_RS09740,SYNPCC7942_RS10705,0.0890228863581986
SYNPCC7942_RS10170,SYNPCC7942_RS00240,0.0890172970778021
SYNPCC7942_RS03440,SYNPCC7942_RS08845,0.0890025655364482
SYNPCC7942_RS09740,SYNPCC7942_RS12655,0.0889791335107533
SYNPCC7942_RS10700,SYNPCC7942_RS08140,0.0889453786314615
SYNPCC7942_RS08780,SYNPCC7942_RS08065,0.0889416554625034
SYNPCC7942_RS06700,SYNPCC7942_RS04655,0.0889238567087605
SYNPCC7942_RS03075,SYNPCC7942_RS07400,0.0889135954219339
SYNPCC7942_RS12560,SYNPCC7942_RS07925,0.0888982639294367
SYNPCC7942_RS13165,SYNPCC7942_RS09505,0.0888877012036731
SYNPCC7942_RS03160,SYNPCC7942_RS02810,0.0888703184762184
SYNPCC7942_RS03160,SYNPCC7942_RS01210,0.0888652004139603
SYNPCC7942_RS09740,SYNPCC7942_RS00355,0.0888468787523165
SYNPCC7942_RS00645,SYNPCC7942_RS07735,0.0888444897449141
SYNPCC7942_RS12560,SYNPCC7942_RS07715,0.0888438039327258
SYNPCC7942_RS10700,SYNPCC7942_RS02590,0.0888430716520433
SYNPCC7942_RS02830,SYNPCC7942_RS10535,0.088837451246367
SYNPCC7942_RS08885,SYNPCC7942_RS13020,0.0888245420528847
SYNPCC7942_RS05870,SYNPCC7942_RS03560,0.0888094765964999
SYNPCC7942_RS09760,SYNPCC7942_RS05745,0.0888071465474218
SYNPCC7942_RS03160,SYNPCC7942_RS11355,0.088800238059335
SYNPCC7942_RS05870,SYNPCC7942_RS01750,0.0887975757762774
SYNPCC7942_RS07435,SYNPCC7942_RS01625,0.0887908478165307
SYNPCC7942_RS08780,SYNPCC7942_RS00665,0.0887865254889284
SYNPCC7942_RS00645,SYNPCC7942_RS01680,0.0887777836002658
SYNPCC7942_RS03075,SYNPCC7942_RS11720,0.0887733256256987
SYNPCC7942_RS05870,SYNPCC7942_RS07600,0.0887690603390782
SYNPCC7942_RS10700,SYNPCC7942_RS06905,0.0887642709684886
SYNPCC7942_RS09160,SYNPCC7942_RS12010,0.0887595749351911
SYNPCC7942_RS09740,SYNPCC7942_RS09260,0.0887460058054612
SYNPCC7942_RS07435,SYNPCC7942_RS11985,0.0887303831923217
SYNPCC7942_RS12285,SYNPCC7942_RS04810,0.0886816486165958
SYNPCC7942_RS09740,SYNPCC7942_RS07670,0.088676872398749
SYNPCC7942_RS03160,SYNPCC7942_RS05580,0.0886629473810867
SYNPCC7942_RS07435,SYNPCC7942_RS11420,0.0886547531083292
SYNPCC7942_RS09740,SYNPCC7942_RS10735,0.0886507538819902
SYNPCC7942_RS07185,SYNPCC7942_RS12330,0.0886304486850557
SYNPCC7942_RS00645,SYNPCC7942_RS06365,0.0886284994792145
SYNPCC7942_RS00645,SYNPCC7942_RS07440,0.0886206397234984
SYNPCC7942_RS12560,SYNPCC7942_RS08760,0.0886201521372728
SYNPCC7942_RS03530,SYNPCC7942_RS07505,0.0885882150387725
SYNPCC7942_RS08885,SYNPCC7942_RS02545,0.0885798341069746
SYNPCC7942_RS09065,SYNPCC7942_RS01090,0.0885748729062838
SYNPCC7942_RS12560,SYNPCC7942_RS06975,0.0885646327349855
SYNPCC7942_RS00645,SYNPCC7942_RS10060,0.0885512708619122
SYNPCC7942_RS05870,SYNPCC7942_RS12335,0.0885458687739009
SYNPCC7942_RS07435,SYNPCC7942_RS13145,0.088538331719225
SYNPCC7942_RS03160,SYNPCC7942_RS03230,0.0885343633260047
SYNPCC7942_RS09380,SYNPCC7942_RS01015,0.0885294902478799
SYNPCC7942_RS02895,SYNPCC7942_RS06350,0.0885293564028474
SYNPCC7942_RS03325,SYNPCC7942_RS04625,0.0885246722117281
SYNPCC7942_RS10700,SYNPCC7942_RS10175,0.0885218893443941
SYNPCC7942_RS00645,SYNPCC7942_RS03280,0.0885215878231542
SYNPCC7942_RS03160,SYNPCC7942_RS11475,0.0885111503199924
SYNPCC7942_RS05870,SYNPCC7942_RS12085,0.0884783149012711
SYNPCC7942_RS03160,SYNPCC7942_RS06440,0.0884750648077908
SYNPCC7942_RS09740,SYNPCC7942_RS03130,0.0884660317225161
SYNPCC7942_RS09380,SYNPCC7942_RS01590,0.0884576264233169
SYNPCC7942_RS11465,SYNPCC7942_RS01325,0.0884538566317776
SYNPCC7942_RS07435,SYNPCC7942_RS00620,0.0884416895197361
SYNPCC7942_RS03465,SYNPCC7942_RS06750,0.088415509059181
SYNPCC7942_RS00455,SYNPCC7942_RS09440,0.0884074560479152
SYNPCC7942_RS07435,SYNPCC7942_RS00745,0.0883982581032343
SYNPCC7942_RS10040,SYNPCC7942_RS07410,0.0883951216344205
SYNPCC7942_RS07185,SYNPCC7942_RS09340,0.0883356884582132
SYNPCC7942_RS09740,SYNPCC7942_RS09115,0.0883281780245227
SYNPCC7942_RS09740,SYNPCC7942_RS09690,0.0883143992424237
SYNPCC7942_RS11970,SYNPCC7942_RS12405,0.0882923724281948
SYNPCC7942_RS07435,SYNPCC7942_RS04550,0.0882515360668923
SYNPCC7942_RS02830,SYNPCC7942_RS09890,0.088246173668264
SYNPCC7942_RS10700,SYNPCC7942_RS02580,0.0882251476752186
SYNPCC7942_RS09435,SYNPCC7942_RS02845,0.088193052461776
SYNPCC7942_RS00480,SYNPCC7942_RS10135,0.0881771058537158
SYNPCC7942_RS08885,SYNPCC7942_RS07355,0.0881661654581289
SYNPCC7942_RS09740,SYNPCC7942_RS00840,0.0881491918379074
SYNPCC7942_RS03325,SYNPCC7942_RS07060,0.0881453783999413
SYNPCC7942_RS00645,SYNPCC7942_RS05815,0.0881416694038908
SYNPCC7942_RS03160,SYNPCC7942_RS05410,0.0880867633776432
SYNPCC7942_RS10700,SYNPCC7942_RS09940,0.0880835226112714
SYNPCC7942_RS10165,SYNPCC7942_RS10645,0.0880772104211108
SYNPCC7942_RS03465,SYNPCC7942_RS05020,0.0880587557643217
SYNPCC7942_RS00560,SYNPCC7942_RS00655,0.088058239818638
SYNPCC7942_RS03160,SYNPCC7942_RS00690,0.0880465661652711
SYNPCC7942_RS07185,SYNPCC7942_RS10215,0.0880463510432454
SYNPCC7942_RS08885,SYNPCC7942_RS10095,0.0880158283959224
SYNPCC7942_RS10700,SYNPCC7942_RS08120,0.0880119715221754
SYNPCC7942_RS06700,SYNPCC7942_RS07535,0.0879871991738176
SYNPCC7942_RS03160,SYNPCC7942_RS05150,0.0879827618592905
SYNPCC7942_RS08885,SYNPCC7942_RS11465,0.0879755317020771
SYNPCC7942_RS03075,SYNPCC7942_RS06120,0.0879678563777822
SYNPCC7942_RS10340,SYNPCC7942_RS11725,0.0879392211656504
SYNPCC7942_RS00645,SYNPCC7942_RS11395,0.0879300451979065
SYNPCC7942_RS03160,SYNPCC7942_RS04025,0.0879280719587573
SYNPCC7942_RS00645,SYNPCC7942_RS09605,0.087918876441576
SYNPCC7942_RS05870,SYNPCC7942_RS06105,0.0879119845243846
SYNPCC7942_RS08405,SYNPCC7942_RS10775,0.0879085508766912
SYNPCC7942_RS10700,SYNPCC7942_RS06300,0.0878983942910212
SYNPCC7942_RS09380,SYNPCC7942_RS02370,0.0878974803396898
SYNPCC7942_RS06700,SYNPCC7942_RS07540,0.0878939493322653
SYNPCC7942_RS00455,SYNPCC7942_RS07735,0.0878869759907262
SYNPCC7942_RS08405,SYNPCC7942_RS08400,0.0878836723324894
SYNPCC7942_RS10350,SYNPCC7942_RS10185,0.087879425723885
SYNPCC7942_RS07720,SYNPCC7942_RS01200,0.0878642269388845
SYNPCC7942_RS09435,SYNPCC7942_RS05770,0.087831632505693
SYNPCC7942_RS05070,SYNPCC7942_RS02085,0.0878261236909584
SYNPCC7942_RS09740,SYNPCC7942_RS04795,0.0877842387874267
SYNPCC7942_RS11465,SYNPCC7942_RS09575,0.0877826772144641
SYNPCC7942_RS09740,SYNPCC7942_RS08265,0.0877683434015603
SYNPCC7942_RS03955,SYNPCC7942_RS00910,0.0877559720452403
SYNPCC7942_RS02830,SYNPCC7942_RS01415,0.087746015615758
SYNPCC7942_RS09380,SYNPCC7942_RS00510,0.0877440892382825
SYNPCC7942_RS03160,SYNPCC7942_RS01390,0.0877421733034221
SYNPCC7942_RS07185,SYNPCC7942_RS03595,0.0877392768408105
SYNPCC7942_RS09740,SYNPCC7942_RS01125,0.087736150556244
SYNPCC7942_RS03160,SYNPCC7942_RS09115,0.0877356345467349
SYNPCC7942_RS07185,SYNPCC7942_RS02660,0.0877351586267442
SYNPCC7942_RS07435,SYNPCC7942_RS13185,0.0877186966643392
SYNPCC7942_RS00645,SYNPCC7942_RS07270,0.0877086792438935
SYNPCC7942_RS09740,SYNPCC7942_RS04945,0.0876922867974061
SYNPCC7942_RS09160,SYNPCC7942_RS09755,0.0876902308792985
SYNPCC7942_RS13695,SYNPCC7942_RS06205,0.087683666979242
SYNPCC7942_RS12560,SYNPCC7942_RS07415,0.0876543246618195
SYNPCC7942_RS02895,SYNPCC7942_RS01660,0.0876421032201023
SYNPCC7942_RS09740,SYNPCC7942_RS02225,0.0876286992204361
SYNPCC7942_RS07185,SYNPCC7942_RS12830,0.0876144729878418
SYNPCC7942_RS03075,SYNPCC7942_RS12490,0.0876034481181506
SYNPCC7942_RS03075,SYNPCC7942_RS08660,0.0875996443489873
SYNPCC7942_RS09740,SYNPCC7942_RS08895,0.0875950043863868
SYNPCC7942_RS07435,SYNPCC7942_RS07790,0.0875712166753805
SYNPCC7942_RS07805,SYNPCC7942_RS08635,0.0875689753486684
SYNPCC7942_RS10700,SYNPCC7942_RS00720,0.087567098895002
SYNPCC7942_RS00455,SYNPCC7942_RS10335,0.087538298653533
SYNPCC7942_RS10700,SYNPCC7942_RS08500,0.0875353221768727
SYNPCC7942_RS05870,SYNPCC7942_RS03455,0.0875347214159218
SYNPCC7942_RS08645,SYNPCC7942_RS02720,0.0875081335323351
SYNPCC7942_RS03075,SYNPCC7942_RS08470,0.0875046788127951
SYNPCC7942_RS02830,SYNPCC7942_RS01885,0.0874959057328773
SYNPCC7942_RS07185,SYNPCC7942_RS05260,0.0874780708465445
SYNPCC7942_RS10700,SYNPCC7942_RS03505,0.0874757186837212
SYNPCC7942_RS10700,SYNPCC7942_RS09835,0.0874589245925737
SYNPCC7942_RS09160,SYNPCC7942_RS12095,0.0874543545006513
SYNPCC7942_RS10700,SYNPCC7942_RS00940,0.087452468049692
SYNPCC7942_RS10700,SYNPCC7942_RS06730,0.0874433273584918
SYNPCC7942_RS00645,SYNPCC7942_RS09295,0.0874220062891252
SYNPCC7942_RS10340,SYNPCC7942_RS05930,0.0874083294090417
SYNPCC7942_RS10040,SYNPCC7942_RS07220,0.0873937571811135
SYNPCC7942_RS03160,SYNPCC7942_RS10655,0.0873793448252197
SYNPCC7942_RS03465,SYNPCC7942_RS09545,0.0873469493077691
SYNPCC7942_RS10700,SYNPCC7942_RS09950,0.0873272023764721
SYNPCC7942_RS08885,SYNPCC7942_RS00430,0.0873202140158103
SYNPCC7942_RS00380,SYNPCC7942_RS05285,0.0872798302595836
SYNPCC7942_RS09435,SYNPCC7942_RS04135,0.0872605062332766
SYNPCC7942_RS10170,SYNPCC7942_RS03775,0.0872583469410488
SYNPCC7942_RS07185,SYNPCC7942_RS11090,0.08725198361202
SYNPCC7942_RS05870,SYNPCC7942_RS08120,0.087234731677742
SYNPCC7942_RS02830,SYNPCC7942_RS09270,0.0872253692418219
SYNPCC7942_RS03465,SYNPCC7942_RS09855,0.087221627030115
SYNPCC7942_RS05870,SYNPCC7942_RS00870,0.0872122420798065
SYNPCC7942_RS03325,SYNPCC7942_RS07630,0.0871997913220082
SYNPCC7942_RS05870,SYNPCC7942_RS08555,0.0871975479336934
SYNPCC7942_RS00645,SYNPCC7942_RS01465,0.0871649386769911
SYNPCC7942_RS03075,SYNPCC7942_RS10540,0.087151376923214
SYNPCC7942_RS00645,SYNPCC7942_RS01685,0.0871335615719836
SYNPCC7942_RS08885,SYNPCC7942_RS09955,0.0871210819471757
SYNPCC7942_RS03160,SYNPCC7942_RS09665,0.0871192547649579
SYNPCC7942_RS09065,SYNPCC7942_RS00340,0.0871141596468527
SYNPCC7942_RS00380,SYNPCC7942_RS00045,0.0871067439920923
SYNPCC7942_RS10340,SYNPCC7942_RS03870,0.0871030927053494
SYNPCC7942_RS10700,SYNPCC7942_RS08895,0.0870889418741722
SYNPCC7942_RS07720,SYNPCC7942_RS11120,0.0870763456892432
SYNPCC7942_RS06365,SYNPCC7942_RS09530,0.0870590621298825
SYNPCC7942_RS03260,SYNPCC7942_RS11260,0.0870283578417725
SYNPCC7942_RS09065,SYNPCC7942_RS08105,0.0870210989867557
SYNPCC7942_RS13165,SYNPCC7942_RS02020,0.0870120282483948
SYNPCC7942_RS09740,SYNPCC7942_RS04370,0.086986429913091
SYNPCC7942_RS03440,SYNPCC7942_RS08830,0.0869776102641655
SYNPCC7942_RS10700,SYNPCC7942_RS01520,0.0869756198299405
SYNPCC7942_RS10700,SYNPCC7942_RS02325,0.0869756044487374
SYNPCC7942_RS07805,SYNPCC7942_RS07615,0.0869604139875658
SYNPCC7942_RS00645,SYNPCC7942_RS06685,0.0869567042812325
SYNPCC7942_RS12560,SYNPCC7942_RS02815,0.086950062244117
SYNPCC7942_RS07435,SYNPCC7942_RS06715,0.0869474947978383
SYNPCC7942_RS02830,SYNPCC7942_RS01560,0.0869417724754079
SYNPCC7942_RS08850,SYNPCC7942_RS11295,0.0869365425512337
SYNPCC7942_RS03160,SYNPCC7942_RS09920,0.086936308737544
SYNPCC7942_RS09435,SYNPCC7942_RS00360,0.0869283231473148
SYNPCC7942_RS05870,SYNPCC7942_RS02355,0.0869065774455472
SYNPCC7942_RS00645,SYNPCC7942_RS02940,0.0868910370787485
SYNPCC7942_RS07185,SYNPCC7942_RS10170,0.0868866956505202
SYNPCC7942_RS00645,SYNPCC7942_RS10355,0.086881350634248
SYNPCC7942_RS03160,SYNPCC7942_RS10945,0.0868670615495654
SYNPCC7942_RS10700,SYNPCC7942_RS03060,0.0868622183554742
SYNPCC7942_RS12560,SYNPCC7942_RS02285,0.0868362315317558
SYNPCC7942_RS09160,SYNPCC7942_RS06600,0.0868290818461714
SYNPCC7942_RS12275,SYNPCC7942_RS09040,0.0868108259193406
SYNPCC7942_RS08885,SYNPCC7942_RS10820,0.0868005192982991
SYNPCC7942_RS07435,SYNPCC7942_RS00870,0.0867879433846786
SYNPCC7942_RS00380,SYNPCC7942_RS02245,0.0867794570836043
SYNPCC7942_RS09740,SYNPCC7942_RS01235,0.0867625103003647
SYNPCC7942_RS05870,SYNPCC7942_RS10120,0.086747512422235
SYNPCC7942_RS09620,SYNPCC7942_RS08710,0.08672486161998
SYNPCC7942_RS12560,SYNPCC7942_RS04925,0.086722162135412
SYNPCC7942_RS10350,SYNPCC7942_RS06535,0.0867188333235105
SYNPCC7942_RS03530,SYNPCC7942_RS11835,0.0867110695258984
SYNPCC7942_RS07185,SYNPCC7942_RS08790,0.0866955560964536
SYNPCC7942_RS09760,SYNPCC7942_RS05650,0.0866603165924384
SYNPCC7942_RS09500,SYNPCC7942_RS00260,0.0866455570463652
SYNPCC7942_RS10700,SYNPCC7942_RS04215,0.0866424517023437
SYNPCC7942_RS09620,SYNPCC7942_RS07185,0.0866282895736833
SYNPCC7942_RS07435,SYNPCC7942_RS03010,0.0866052134589865
SYNPCC7942_RS05870,SYNPCC7942_RS13615,0.0865946201164218
SYNPCC7942_RS00645,SYNPCC7942_RS04390,0.0865832252855008
SYNPCC7942_RS03160,SYNPCC7942_RS04620,0.0865343109573488
SYNPCC7942_RS09740,SYNPCC7942_RS05850,0.0865273670801821
SYNPCC7942_RS07805,SYNPCC7942_RS07620,0.0865221284999492
SYNPCC7942_RS09065,SYNPCC7942_RS00510,0.0865011767342874
SYNPCC7942_RS10700,SYNPCC7942_RS11405,0.0864931604958357
SYNPCC7942_RS03160,SYNPCC7942_RS12520,0.0864876029189976
SYNPCC7942_RS07185,SYNPCC7942_RS10905,0.086485775384673
SYNPCC7942_RS00455,SYNPCC7942_RS11430,0.0864692423055276
SYNPCC7942_RS10700,SYNPCC7942_RS04905,0.0864597059812592
SYNPCC7942_RS03160,SYNPCC7942_RS01130,0.0864577469837922
SYNPCC7942_RS03160,SYNPCC7942_RS00110,0.0864437591195478
SYNPCC7942_RS00455,SYNPCC7942_RS02325,0.0864205391263441
SYNPCC7942_RS00455,SYNPCC7942_RS10105,0.0864173820950986
SYNPCC7942_RS00645,SYNPCC7942_RS03090,0.0864011056841722
SYNPCC7942_RS00455,SYNPCC7942_RS02980,0.0864002886849942
SYNPCC7942_RS00455,SYNPCC7942_RS10060,0.0863982743326821
SYNPCC7942_RS08885,SYNPCC7942_RS12325,0.0863809221450054
SYNPCC7942_RS03160,SYNPCC7942_RS04080,0.0863712406633925
SYNPCC7942_RS09160,SYNPCC7942_RS06725,0.0863692273485433
SYNPCC7942_RS10700,SYNPCC7942_RS06460,0.0863589752926343
SYNPCC7942_RS03160,SYNPCC7942_RS09540,0.0863150421892597
SYNPCC7942_RS12560,SYNPCC7942_RS11925,0.0863140103781485
SYNPCC7942_RS03160,SYNPCC7942_RS04440,0.0863134242060058
SYNPCC7942_RS09435,SYNPCC7942_RS08060,0.0863069501413113
SYNPCC7942_RS05640,SYNPCC7942_RS04270,0.086306064260192
SYNPCC7942_RS07435,SYNPCC7942_RS12550,0.086292722552513
SYNPCC7942_RS07185,SYNPCC7942_RS10705,0.0862841470863031
SYNPCC7942_RS00455,SYNPCC7942_RS00115,0.0862751810461675
SYNPCC7942_RS00645,SYNPCC7942_RS06375,0.086274784367952
SYNPCC7942_RS03440,SYNPCC7942_RS09915,0.0862648473466581
SYNPCC7942_RS07805,SYNPCC7942_RS07605,0.0862446514942095
SYNPCC7942_RS10700,SYNPCC7942_RS07640,0.0862193334479429
SYNPCC7942_RS00645,SYNPCC7942_RS09580,0.0862163411789215
SYNPCC7942_RS09740,SYNPCC7942_RS03535,0.0861927026256867
SYNPCC7942_RS07185,SYNPCC7942_RS07835,0.0861921286892773
SYNPCC7942_RS12535,SYNPCC7942_RS01545,0.0861854113421321
SYNPCC7942_RS10700,SYNPCC7942_RS07365,0.086177325372491
SYNPCC7942_RS00645,SYNPCC7942_RS10305,0.0861678452384488
SYNPCC7942_RS07435,SYNPCC7942_RS11905,0.0861627070456347
SYNPCC7942_RS03160,SYNPCC7942_RS12050,0.0861345285188201
SYNPCC7942_RS09740,SYNPCC7942_RS08545,0.0861233593269919
SYNPCC7942_RS03160,SYNPCC7942_RS04265,0.08611969760162
SYNPCC7942_RS10170,SYNPCC7942_RS13010,0.0861071161520115
SYNPCC7942_RS12560,SYNPCC7942_RS01640,0.0861065165394385
SYNPCC7942_RS07435,SYNPCC7942_RS00005,0.0860810592569516
SYNPCC7942_RS10700,SYNPCC7942_RS11665,0.0860705980577505
SYNPCC7942_RS03160,SYNPCC7942_RS10320,0.0860518783086027
SYNPCC7942_RS10165,SYNPCC7942_RS06670,0.0860204997978088
SYNPCC7942_RS09500,SYNPCC7942_RS09645,0.0860125548760445
SYNPCC7942_RS03440,SYNPCC7942_RS05740,0.0859994492186483
SYNPCC7942_RS03160,SYNPCC7942_RS11500,0.0859893224581146
SYNPCC7942_RS05870,SYNPCC7942_RS00640,0.0859891110696893
SYNPCC7942_RS09740,SYNPCC7942_RS05635,0.0859656580826441
SYNPCC7942_RS05070,SYNPCC7942_RS11910,0.085933607190082
SYNPCC7942_RS10700,SYNPCC7942_RS05565,0.0859331970993941
SYNPCC7942_RS11970,SYNPCC7942_RS09815,0.0859092694089052
SYNPCC7942_RS12275,SYNPCC7942_RS06220,0.0859060853598008
SYNPCC7942_RS03955,SYNPCC7942_RS07515,0.0858849084397295
SYNPCC7942_RS09065,SYNPCC7942_RS07265,0.085883452238522
SYNPCC7942_RS09380,SYNPCC7942_RS12115,0.0858762364828625
SYNPCC7942_RS03160,SYNPCC7942_RS01730,0.085832195976184
SYNPCC7942_RS12275,SYNPCC7942_RS03225,0.0858200778933374
SYNPCC7942_RS00645,SYNPCC7942_RS03640,0.0858168277027679
SYNPCC7942_RS08885,SYNPCC7942_RS01170,0.0858066697318185
SYNPCC7942_RS09740,SYNPCC7942_RS04170,0.0858063773207313
SYNPCC7942_RS05870,SYNPCC7942_RS02730,0.0857902604205505
SYNPCC7942_RS03075,SYNPCC7942_RS02955,0.0857889027629492
SYNPCC7942_RS09760,SYNPCC7942_RS09810,0.0857448881222309
SYNPCC7942_RS09740,SYNPCC7942_RS04240,0.0857233915170061
SYNPCC7942_RS03465,SYNPCC7942_RS04315,0.0857171842009852
SYNPCC7942_RS10700,SYNPCC7942_RS07930,0.08571602934607
SYNPCC7942_RS11465,SYNPCC7942_RS02520,0.0857143520061959
SYNPCC7942_RS00380,SYNPCC7942_RS03640,0.0857119908625099
SYNPCC7942_RS10700,SYNPCC7942_RS09540,0.0856985334406663
SYNPCC7942_RS07435,SYNPCC7942_RS01485,0.0856963295592514
SYNPCC7942_RS07435,SYNPCC7942_RS12895,0.0856944598973615
SYNPCC7942_RS07185,SYNPCC7942_RS03395,0.0856936300579684
SYNPCC7942_RS03160,SYNPCC7942_RS02005,0.085660322024119
SYNPCC7942_RS00455,SYNPCC7942_RS13025,0.0856593537660292
SYNPCC7942_RS09740,SYNPCC7942_RS02025,0.0856538132319876
SYNPCC7942_RS07435,SYNPCC7942_RS05725,0.0856527076043666
SYNPCC7942_RS03530,SYNPCC7942_RS09750,0.0856052266662769
SYNPCC7942_RS03160,SYNPCC7942_RS10120,0.0856030413713698
SYNPCC7942_RS07435,SYNPCC7942_RS05690,0.0855951850738283
SYNPCC7942_RS03440,SYNPCC7942_RS09475,0.0855914229056314
SYNPCC7942_RS00380,SYNPCC7942_RS09020,0.0855862618164602
SYNPCC7942_RS03465,SYNPCC7942_RS02655,0.0855859717784388
SYNPCC7942_RS00645,SYNPCC7942_RS01450,0.085578814453085
SYNPCC7942_RS00455,SYNPCC7942_RS07800,0.0855585903756198
SYNPCC7942_RS10700,SYNPCC7942_RS04645,0.0855393023149239
SYNPCC7942_RS10170,SYNPCC7942_RS02145,0.0855326744240705
SYNPCC7942_RS11030,SYNPCC7942_RS13770,0.0855276971457083
SYNPCC7942_RS10700,SYNPCC7942_RS02180,0.0855275113327942
SYNPCC7942_RS09740,SYNPCC7942_RS07680,0.0855230594463487
SYNPCC7942_RS10700,SYNPCC7942_RS00690,0.0855108115219873
SYNPCC7942_RS03160,SYNPCC7942_RS01820,0.0854995008473897
SYNPCC7942_RS09740,SYNPCC7942_RS08425,0.0854939145976255
SYNPCC7942_RS00455,SYNPCC7942_RS03110,0.0854897435280837
SYNPCC7942_RS13165,SYNPCC7942_RS09310,0.0854891901505956
SYNPCC7942_RS10700,SYNPCC7942_RS12570,0.085484259174137
SYNPCC7942_RS00455,SYNPCC7942_RS06435,0.08547945577612
SYNPCC7942_RS05870,SYNPCC7942_RS04440,0.085454306041288
SYNPCC7942_RS03325,SYNPCC7942_RS04460,0.0854440756107555
SYNPCC7942_RS11970,SYNPCC7942_RS08195,0.0854418996114903
SYNPCC7942_RS09740,SYNPCC7942_RS03620,0.0854352672175235
SYNPCC7942_RS05640,SYNPCC7942_RS08595,0.0854283588386372
SYNPCC7942_RS09740,SYNPCC7942_RS07780,0.0854276189788834
SYNPCC7942_RS03160,SYNPCC7942_RS12340,0.0854231378184921
SYNPCC7942_RS07435,SYNPCC7942_RS02895,0.085419228662456
SYNPCC7942_RS00645,SYNPCC7942_RS06615,0.0854138446494435
SYNPCC7942_RS05870,SYNPCC7942_RS06095,0.0854134931051974
SYNPCC7942_RS04835,SYNPCC7942_RS02520,0.0854000847227237
SYNPCC7942_RS07435,SYNPCC7942_RS09425,0.0853721060236771
SYNPCC7942_RS03160,SYNPCC7942_RS01475,0.0853429943083278
SYNPCC7942_RS03160,SYNPCC7942_RS08255,0.0853418124119547
SYNPCC7942_RS00455,SYNPCC7942_RS04185,0.08532797691483
SYNPCC7942_RS03160,SYNPCC7942_RS01930,0.0853276289759945
SYNPCC7942_RS08850,SYNPCC7942_RS11290,0.0853208194220587
SYNPCC7942_RS00560,SYNPCC7942_RS07935,0.0853020823807801
SYNPCC7942_RS07435,SYNPCC7942_RS02465,0.08529480160995
SYNPCC7942_RS03465,SYNPCC7942_RS03075,0.0852895749467542
SYNPCC7942_RS00455,SYNPCC7942_RS12590,0.0852778840894972
SYNPCC7942_RS10700,SYNPCC7942_RS11480,0.0852706580995159
SYNPCC7942_RS09740,SYNPCC7942_RS09735,0.0852652563431631
SYNPCC7942_RS02830,SYNPCC7942_RS05970,0.0852302512574047
SYNPCC7942_RS09935,SYNPCC7942_RS11070,0.0852162254876439
SYNPCC7942_RS03160,SYNPCC7942_RS02025,0.0851985540154541
SYNPCC7942_RS12560,SYNPCC7942_RS07565,0.085189127216666
SYNPCC7942_RS00455,SYNPCC7942_RS00450,0.085188639390505
SYNPCC7942_RS06370,SYNPCC7942_RS12345,0.0851885031353283
SYNPCC7942_RS09380,SYNPCC7942_RS08505,0.0851825320659822
SYNPCC7942_RS10700,SYNPCC7942_RS06955,0.0851719354088531
SYNPCC7942_RS07435,SYNPCC7942_RS04555,0.0851608128606971
SYNPCC7942_RS07185,SYNPCC7942_RS12185,0.0851441074379697
SYNPCC7942_RS07185,SYNPCC7942_RS01075,0.0851257804747809
SYNPCC7942_RS07435,SYNPCC7942_RS03635,0.085120007094074
SYNPCC7942_RS03160,SYNPCC7942_RS05765,0.0851050814720322
SYNPCC7942_RS00480,SYNPCC7942_RS01605,0.0851040420990564
SYNPCC7942_RS00380,SYNPCC7942_RS04025,0.0850800276512406
SYNPCC7942_RS07185,SYNPCC7942_RS09900,0.0850725137693706
SYNPCC7942_RS10700,SYNPCC7942_RS13630,0.0850657417072259
SYNPCC7942_RS10700,SYNPCC7942_RS11435,0.0850653350462176
SYNPCC7942_RS03530,SYNPCC7942_RS10750,0.0850472049021745
SYNPCC7942_RS10700,SYNPCC7942_RS04800,0.085040431605854
SYNPCC7942_RS04225,SYNPCC7942_RS04220,0.0850399571566722
SYNPCC7942_RS12560,SYNPCC7942_RS02690,0.0850398999816705
SYNPCC7942_RS09740,SYNPCC7942_RS01510,0.0850358107398517
SYNPCC7942_RS00645,SYNPCC7942_RS01715,0.0850215862383815
SYNPCC7942_RS09065,SYNPCC7942_RS09935,0.0850214852242853
SYNPCC7942_RS07185,SYNPCC7942_RS08090,0.085017726259602
SYNPCC7942_RS08645,SYNPCC7942_RS06775,0.0850024889687708
SYNPCC7942_RS03160,SYNPCC7942_RS06800,0.0850018626305713
SYNPCC7942_RS03160,SYNPCC7942_RS05180,0.0849994527815802
SYNPCC7942_RS07435,SYNPCC7942_RS01750,0.0849845552540793
SYNPCC7942_RS05870,SYNPCC7942_RS03325,0.0849730506039851
SYNPCC7942_RS02830,SYNPCC7942_RS11110,0.0849714218110602
SYNPCC7942_RS03325,SYNPCC7942_RS00770,0.0849422954892424
SYNPCC7942_RS13165,SYNPCC7942_RS10925,0.0849405033552365
SYNPCC7942_RS12535,SYNPCC7942_RS09090,0.0848814667240055
SYNPCC7942_RS10700,SYNPCC7942_RS06295,0.0848807630968724
SYNPCC7942_RS11030,SYNPCC7942_RS07870,0.0848784803129548
SYNPCC7942_RS09620,SYNPCC7942_RS07250,0.0848778355203
SYNPCC7942_RS07185,SYNPCC7942_RS04885,0.0848600543050674
SYNPCC7942_RS00645,SYNPCC7942_RS09050,0.0848592796603982
SYNPCC7942_RS10700,SYNPCC7942_RS06225,0.0848585139245344
SYNPCC7942_RS10350,SYNPCC7942_RS01190,0.08485415557018
SYNPCC7942_RS00380,SYNPCC7942_RS12480,0.0848373759673971
SYNPCC7942_RS00455,SYNPCC7942_RS09540,0.0848328412621991
SYNPCC7942_RS12560,SYNPCC7942_RS12825,0.0848294833189069
SYNPCC7942_RS12275,SYNPCC7942_RS04805,0.0848226851622289
SYNPCC7942_RS03160,SYNPCC7942_RS04355,0.0848174821059617
SYNPCC7942_RS03955,SYNPCC7942_RS12790,0.0848073168161469
SYNPCC7942_RS05870,SYNPCC7942_RS08630,0.0847875190890018
SYNPCC7942_RS09380,SYNPCC7942_RS13260,0.0847826124690136
SYNPCC7942_RS07435,SYNPCC7942_RS03155,0.0847817295678056
SYNPCC7942_RS02830,SYNPCC7942_RS05025,0.084778311458873
SYNPCC7942_RS00645,SYNPCC7942_RS10955,0.0847781491491366
SYNPCC7942_RS03465,SYNPCC7942_RS00715,0.0847700645218337
SYNPCC7942_RS03325,SYNPCC7942_RS03540,0.0847696179605661
SYNPCC7942_RS07435,SYNPCC7942_RS13060,0.0847513327785238
SYNPCC7942_RS02830,SYNPCC7942_RS08030,0.0847453499743346
SYNPCC7942_RS07805,SYNPCC7942_RS07030,0.0847417545099898
SYNPCC7942_RS03160,SYNPCC7942_RS01785,0.0847359567911614
SYNPCC7942_RS08885,SYNPCC7942_RS06720,0.0847258591989375
SYNPCC7942_RS03465,SYNPCC7942_RS12895,0.0847216899466278
SYNPCC7942_RS03160,SYNPCC7942_RS06670,0.0847150083068043
SYNPCC7942_RS03160,SYNPCC7942_RS02640,0.0847097934958175
SYNPCC7942_RS07435,SYNPCC7942_RS06130,0.0847007162810274
SYNPCC7942_RS03955,SYNPCC7942_RS10865,0.0846800128294365
SYNPCC7942_RS08780,SYNPCC7942_RS05520,0.0846798053198334
SYNPCC7942_RS07435,SYNPCC7942_RS08870,0.0846796283759861
SYNPCC7942_RS05870,SYNPCC7942_RS02360,0.0846674152873326
SYNPCC7942_RS05230,SYNPCC7942_RS06500,0.0846432626759625
SYNPCC7942_RS03160,SYNPCC7942_RS02635,0.0846378967674468
SYNPCC7942_RS00455,SYNPCC7942_RS12655,0.0846336864019066
SYNPCC7942_RS07435,SYNPCC7942_RS09855,0.0846268510974414
SYNPCC7942_RS12560,SYNPCC7942_RS00840,0.084621626543444
SYNPCC7942_RS00645,SYNPCC7942_RS08870,0.0846191796043354
SYNPCC7942_RS03160,SYNPCC7942_RS07815,0.0846132417041781
SYNPCC7942_RS03465,SYNPCC7942_RS06315,0.0845948434375466
SYNPCC7942_RS03955,SYNPCC7942_RS02825,0.0845778730938299
SYNPCC7942_RS10700,SYNPCC7942_RS02645,0.0845769451610138
SYNPCC7942_RS10170,SYNPCC7942_RS07905,0.0845573155135487
SYNPCC7942_RS07435,SYNPCC7942_RS04970,0.0845481806680407
SYNPCC7942_RS03465,SYNPCC7942_RS12120,0.0845480552832019
SYNPCC7942_RS07185,SYNPCC7942_RS12165,0.084539085974999
SYNPCC7942_RS03160,SYNPCC7942_RS02950,0.0845192862113622
SYNPCC7942_RS00455,SYNPCC7942_RS10700,0.0845047361257231
SYNPCC7942_RS13165,SYNPCC7942_RS01595,0.0845013907073084
SYNPCC7942_RS03440,SYNPCC7942_RS03445,0.0844982479198116
SYNPCC7942_RS11030,SYNPCC7942_RS05800,0.0844974556284807
SYNPCC7942_RS00645,SYNPCC7942_RS07275,0.0844787534715614
SYNPCC7942_RS08885,SYNPCC7942_RS14140,0.0844746043053074
SYNPCC7942_RS09620,SYNPCC7942_RS11840,0.08446430609892
SYNPCC7942_RS06370,SYNPCC7942_RS11150,0.0844626172315825
SYNPCC7942_RS10350,SYNPCC7942_RS12795,0.0844359380204457
SYNPCC7942_RS03160,SYNPCC7942_RS09510,0.0844280260583016
SYNPCC7942_RS03160,SYNPCC7942_RS00880,0.084427516805828
SYNPCC7942_RS02895,SYNPCC7942_RS06355,0.084417189168853
SYNPCC7942_RS07435,SYNPCC7942_RS11605,0.0844165506922886
SYNPCC7942_RS00765,SYNPCC7942_RS08750,0.0843991642213455
SYNPCC7942_RS02895,SYNPCC7942_RS12455,0.0843664198734861
SYNPCC7942_RS05870,SYNPCC7942_RS04460,0.0843434278659219
SYNPCC7942_RS10700,SYNPCC7942_RS09260,0.084342832194328
SYNPCC7942_RS00645,SYNPCC7942_RS08625,0.0842965282453874
SYNPCC7942_RS09740,SYNPCC7942_RS11740,0.084289437521091
SYNPCC7942_RS10700,SYNPCC7942_RS12070,0.0842875400004923
SYNPCC7942_RS07435,SYNPCC7942_RS10995,0.0842864758467713
SYNPCC7942_RS03160,SYNPCC7942_RS10115,0.0842600462952634
SYNPCC7942_RS05870,SYNPCC7942_RS05155,0.0842585023670291
SYNPCC7942_RS03465,SYNPCC7942_RS02675,0.0842513836044546
SYNPCC7942_RS07435,SYNPCC7942_RS12730,0.0842471031342751
SYNPCC7942_RS00645,SYNPCC7942_RS07625,0.0842443595288058
SYNPCC7942_RS07435,SYNPCC7942_RS04400,0.0842426711686621
SYNPCC7942_RS03075,SYNPCC7942_RS02045,0.084238424229517
SYNPCC7942_RS08885,SYNPCC7942_RS09090,0.0842347456463812
SYNPCC7942_RS06370,SYNPCC7942_RS00120,0.084225748565199
SYNPCC7942_RS03960,SYNPCC7942_RS00725,0.0842185847293634
SYNPCC7942_RS03465,SYNPCC7942_RS11425,0.0842151834296313
SYNPCC7942_RS03325,SYNPCC7942_RS00105,0.0842129630768979
SYNPCC7942_RS05870,SYNPCC7942_RS04400,0.0841837600587218
SYNPCC7942_RS08820,SYNPCC7942_RS00390,0.0841820332902172
SYNPCC7942_RS07185,SYNPCC7942_RS06415,0.084159175419677
SYNPCC7942_RS09740,SYNPCC7942_RS01430,0.0841531549966288
SYNPCC7942_RS09160,SYNPCC7942_RS10040,0.0841456358246477
SYNPCC7942_RS06365,SYNPCC7942_RS10520,0.0841245625246514
SYNPCC7942_RS00645,SYNPCC7942_RS05785,0.0841225808565218
SYNPCC7942_RS07185,SYNPCC7942_RS06820,0.084113122832105
SYNPCC7942_RS05870,SYNPCC7942_RS08180,0.0841073297883821
SYNPCC7942_RS05870,SYNPCC7942_RS11930,0.0840980850706476
SYNPCC7942_RS12560,SYNPCC7942_RS02060,0.0840814330442197
SYNPCC7942_RS10040,SYNPCC7942_RS08820,0.0840773096207739
SYNPCC7942_RS06370,SYNPCC7942_RS08920,0.0840667077626327
SYNPCC7942_RS07435,SYNPCC7942_RS07240,0.0840502167921259
SYNPCC7942_RS00455,SYNPCC7942_RS09295,0.0840480753498778
SYNPCC7942_RS09740,SYNPCC7942_RS06915,0.0840437967664217
SYNPCC7942_RS08405,SYNPCC7942_RS05035,0.0840417595541831
SYNPCC7942_RS11970,SYNPCC7942_RS01905,0.0840403253786392
SYNPCC7942_RS03465,SYNPCC7942_RS07695,0.084037925852635
SYNPCC7942_RS10700,SYNPCC7942_RS08745,0.0840371609577493
SYNPCC7942_RS00455,SYNPCC7942_RS06145,0.084024322477253
SYNPCC7942_RS09160,SYNPCC7942_RS09140,0.0840220229554522
SYNPCC7942_RS12560,SYNPCC7942_RS00540,0.0840050750641089
SYNPCC7942_RS00455,SYNPCC7942_RS01520,0.0840002783660155
SYNPCC7942_RS03465,SYNPCC7942_RS12260,0.0839883097576444
SYNPCC7942_RS07435,SYNPCC7942_RS05410,0.08398327277291
SYNPCC7942_RS09740,SYNPCC7942_RS08960,0.0839829749139191
SYNPCC7942_RS07435,SYNPCC7942_RS05140,0.0839794750703529
SYNPCC7942_RS12285,SYNPCC7942_RS03840,0.083967497117142
SYNPCC7942_RS00645,SYNPCC7942_RS08655,0.0839634687508403
SYNPCC7942_RS05870,SYNPCC7942_RS07445,0.0839523948695511
SYNPCC7942_RS00380,SYNPCC7942_RS10000,0.0839493794755614
SYNPCC7942_RS07435,SYNPCC7942_RS13610,0.0839442466669027
SYNPCC7942_RS05870,SYNPCC7942_RS04620,0.0839226540985346
SYNPCC7942_RS08885,SYNPCC7942_RS02270,0.0839035834613949
SYNPCC7942_RS03465,SYNPCC7942_RS08340,0.0839003852799599
SYNPCC7942_RS10700,SYNPCC7942_RS10730,0.0838936775685726
SYNPCC7942_RS03075,SYNPCC7942_RS02155,0.083880090134235
SYNPCC7942_RS12275,SYNPCC7942_RS10035,0.0838798419950968
SYNPCC7942_RS03160,SYNPCC7942_RS01425,0.0838758188979174
SYNPCC7942_RS07435,SYNPCC7942_RS01785,0.083869180769131
SYNPCC7942_RS02830,SYNPCC7942_RS12350,0.0838536801620058
SYNPCC7942_RS00560,SYNPCC7942_RS14055,0.083847470266881
SYNPCC7942_RS07185,SYNPCC7942_RS05180,0.0838473931609672
SYNPCC7942_RS03325,SYNPCC7942_RS02965,0.0838299994350261
SYNPCC7942_RS09740,SYNPCC7942_RS05245,0.0838170023594591
SYNPCC7942_RS05870,SYNPCC7942_RS02100,0.0838115742384718
SYNPCC7942_RS00455,SYNPCC7942_RS09555,0.0837848926442239
SYNPCC7942_RS03325,SYNPCC7942_RS12080,0.083778355864563
SYNPCC7942_RS03325,SYNPCC7942_RS07775,0.0837752097671835
SYNPCC7942_RS10340,SYNPCC7942_RS00070,0.0837694089998677
SYNPCC7942_RS00480,SYNPCC7942_RS00475,0.0837613431418564
SYNPCC7942_RS00455,SYNPCC7942_RS08500,0.0837583365093282
SYNPCC7942_RS00455,SYNPCC7942_RS10980,0.0837480145156132
SYNPCC7942_RS09740,SYNPCC7942_RS12565,0.0837337644064905
SYNPCC7942_RS07435,SYNPCC7942_RS12590,0.0837325319748347
SYNPCC7942_RS10700,SYNPCC7942_RS10110,0.0837319766281105
SYNPCC7942_RS00645,SYNPCC7942_RS08055,0.0837255015761674
SYNPCC7942_RS03465,SYNPCC7942_RS00980,0.0837221744839789
SYNPCC7942_RS07435,SYNPCC7942_RS01150,0.0837218002584646
SYNPCC7942_RS02895,SYNPCC7942_RS10030,0.0837145187130824
SYNPCC7942_RS03075,SYNPCC7942_RS11935,0.0836899345955917
SYNPCC7942_RS00765,SYNPCC7942_RS05260,0.0836851602260671
SYNPCC7942_RS09380,SYNPCC7942_RS05895,0.0836822675292447
SYNPCC7942_RS03160,SYNPCC7942_RS06905,0.0836792397029368
SYNPCC7942_RS11465,SYNPCC7942_RS12500,0.0836783726172814
SYNPCC7942_RS07185,SYNPCC7942_RS03030,0.0836693487358061
SYNPCC7942_RS10700,SYNPCC7942_RS01875,0.0836683676718618
SYNPCC7942_RS09160,SYNPCC7942_RS07355,0.0836622103122556
SYNPCC7942_RS12560,SYNPCC7942_RS12065,0.0836320475867615
SYNPCC7942_RS07435,SYNPCC7942_RS10445,0.0836318122800161
SYNPCC7942_RS05870,SYNPCC7942_RS10995,0.0835961302319377
SYNPCC7942_RS10700,SYNPCC7942_RS12520,0.0835853475047603
SYNPCC7942_RS06370,SYNPCC7942_RS01970,0.0835800032056858
SYNPCC7942_RS00645,SYNPCC7942_RS10315,0.083577985363381
SYNPCC7942_RS06700,SYNPCC7942_RS09990,0.0835661566378889
SYNPCC7942_RS09160,SYNPCC7942_RS07570,0.0835616026706224
SYNPCC7942_RS09160,SYNPCC7942_RS00550,0.0835579485301468
SYNPCC7942_RS03530,SYNPCC7942_RS03165,0.0835537950041124
SYNPCC7942_RS02895,SYNPCC7942_RS05395,0.083552945253288
SYNPCC7942_RS03075,SYNPCC7942_RS02905,0.0835400310405659
SYNPCC7942_RS00645,SYNPCC7942_RS05040,0.083537584677375
SYNPCC7942_RS09760,SYNPCC7942_RS02480,0.0835203250126199
SYNPCC7942_RS02830,SYNPCC7942_RS12975,0.0835194227749192
SYNPCC7942_RS03160,SYNPCC7942_RS08810,0.0835186912913538
SYNPCC7942_RS03530,SYNPCC7942_RS00345,0.0834922055758182
SYNPCC7942_RS05640,SYNPCC7942_RS05685,0.0834850916208053
SYNPCC7942_RS02895,SYNPCC7942_RS11080,0.0834825883912694
SYNPCC7942_RS08885,SYNPCC7942_RS02265,0.0834819611853997
SYNPCC7942_RS10170,SYNPCC7942_RS03360,0.0834780000508483
SYNPCC7942_RS10040,SYNPCC7942_RS07805,0.0834674807215067
SYNPCC7942_RS07435,SYNPCC7942_RS06510,0.083459975057603
SYNPCC7942_RS11970,SYNPCC7942_RS00955,0.083428727100543
SYNPCC7942_RS13165,SYNPCC7942_RS08095,0.0834121143334268
SYNPCC7942_RS04225,SYNPCC7942_RS00520,0.0834084155725462
SYNPCC7942_RS07435,SYNPCC7942_RS05765,0.0833909337412886
SYNPCC7942_RS05870,SYNPCC7942_RS12815,0.0833889756067175
SYNPCC7942_RS03955,SYNPCC7942_RS01080,0.0833829128701962
SYNPCC7942_RS09740,SYNPCC7942_RS10745,0.0833593662861337
SYNPCC7942_RS00645,SYNPCC7942_RS05290,0.0833576346192627
SYNPCC7942_RS03160,SYNPCC7942_RS00380,0.0833491357338043
SYNPCC7942_RS09740,SYNPCC7942_RS02845,0.0833488225955721
SYNPCC7942_RS05870,SYNPCC7942_RS09635,0.0833469149539482
SYNPCC7942_RS05870,SYNPCC7942_RS12475,0.0833431893178369
SYNPCC7942_RS00645,SYNPCC7942_RS10970,0.0833235327275211
SYNPCC7942_RS03075,SYNPCC7942_RS11675,0.0832955889824815
SYNPCC7942_RS03075,SYNPCC7942_RS01490,0.0832854676373513
SYNPCC7942_RS00645,SYNPCC7942_RS01380,0.0832848522792536
SYNPCC7942_RS03440,SYNPCC7942_RS08850,0.0832820488742491
SYNPCC7942_RS03160,SYNPCC7942_RS00700,0.083267971945683
SYNPCC7942_RS03160,SYNPCC7942_RS05420,0.0832144332262221
SYNPCC7942_RS03530,SYNPCC7942_RS14060,0.0832138308048758
SYNPCC7942_RS05870,SYNPCC7942_RS07005,0.0832134540067206
SYNPCC7942_RS00455,SYNPCC7942_RS09940,0.0831964595161459
SYNPCC7942_RS00455,SYNPCC7942_RS05405,0.0831922495308582
SYNPCC7942_RS00560,SYNPCC7942_RS01005,0.083192239913541
SYNPCC7942_RS09160,SYNPCC7942_RS04930,0.0831693349718714
SYNPCC7942_RS09435,SYNPCC7942_RS03270,0.0831652833137986
SYNPCC7942_RS05640,SYNPCC7942_RS01130,0.0831403212199404
SYNPCC7942_RS09740,SYNPCC7942_RS06800,0.0831244787505976
SYNPCC7942_RS09065,SYNPCC7942_RS07470,0.0831230116624074
SYNPCC7942_RS10340,SYNPCC7942_RS05945,0.0831149696102078
SYNPCC7942_RS05870,SYNPCC7942_RS02105,0.0830919926693724
SYNPCC7942_RS09740,SYNPCC7942_RS02965,0.0830648269190405
SYNPCC7942_RS03160,SYNPCC7942_RS10005,0.0830436252092057
SYNPCC7942_RS00455,SYNPCC7942_RS00375,0.0830386832683095
SYNPCC7942_RS09760,SYNPCC7942_RS02070,0.0830366133777602
SYNPCC7942_RS03160,SYNPCC7942_RS03455,0.0830255394586787
SYNPCC7942_RS03465,SYNPCC7942_RS11115,0.0830249745851
SYNPCC7942_RS03160,SYNPCC7942_RS07630,0.0830139531201759
SYNPCC7942_RS09380,SYNPCC7942_RS11720,0.0830135303531984
SYNPCC7942_RS03160,SYNPCC7942_RS00965,0.0829912898210003
SYNPCC7942_RS09740,SYNPCC7942_RS12555,0.0829910851942617
SYNPCC7942_RS07185,SYNPCC7942_RS05055,0.0829902360257127
SYNPCC7942_RS02830,SYNPCC7942_RS02510,0.082987980349067
SYNPCC7942_RS07435,SYNPCC7942_RS04780,0.0829685665649364
SYNPCC7942_RS10700,SYNPCC7942_RS04475,0.0829491412757285
SYNPCC7942_RS07185,SYNPCC7942_RS02635,0.0829349617878329
SYNPCC7942_RS07185,SYNPCC7942_RS01210,0.0829203582624477
SYNPCC7942_RS07185,SYNPCC7942_RS00565,0.0828924439232307
SYNPCC7942_RS10700,SYNPCC7942_RS13025,0.0828914209494609
SYNPCC7942_RS00645,SYNPCC7942_RS10445,0.0828854853542641
SYNPCC7942_RS09435,SYNPCC7942_RS04920,0.0828794290016233
SYNPCC7942_RS11970,SYNPCC7942_RS07825,0.0828785028383672
SYNPCC7942_RS08405,SYNPCC7942_RS10220,0.0828727471129436
SYNPCC7942_RS03465,SYNPCC7942_RS12980,0.082870875332031
SYNPCC7942_RS05870,SYNPCC7942_RS05985,0.0828662963408761
SYNPCC7942_RS09160,SYNPCC7942_RS05050,0.082860929677897
SYNPCC7942_RS02830,SYNPCC7942_RS11835,0.0828555767677717
SYNPCC7942_RS10700,SYNPCC7942_RS05175,0.0828330046626604
SYNPCC7942_RS03325,SYNPCC7942_RS01770,0.0828299863607981
SYNPCC7942_RS03160,SYNPCC7942_RS03125,0.0828184762493186
SYNPCC7942_RS03440,SYNPCC7942_RS07555,0.0828086801844124
SYNPCC7942_RS09740,SYNPCC7942_RS10140,0.0828055937483767
SYNPCC7942_RS10340,SYNPCC7942_RS09760,0.0828039525447628
SYNPCC7942_RS03160,SYNPCC7942_RS08180,0.0827957183496343
SYNPCC7942_RS07435,SYNPCC7942_RS02940,0.0827905068242583
SYNPCC7942_RS00455,SYNPCC7942_RS11995,0.0827740414582584
SYNPCC7942_RS02895,SYNPCC7942_RS05840,0.0827600533091992
SYNPCC7942_RS03160,SYNPCC7942_RS07920,0.0827526671270045
SYNPCC7942_RS03440,SYNPCC7942_RS12375,0.0827347347503215
SYNPCC7942_RS00645,SYNPCC7942_RS04405,0.0827280872306421
SYNPCC7942_RS09620,SYNPCC7942_RS11920,0.0827233981901731
SYNPCC7942_RS09740,SYNPCC7942_RS11330,0.0827220775126891
SYNPCC7942_RS03075,SYNPCC7942_RS09325,0.0827171143062752
SYNPCC7942_RS07435,SYNPCC7942_RS05595,0.0827169596473803
SYNPCC7942_RS03465,SYNPCC7942_RS03235,0.0827073462578009
SYNPCC7942_RS03160,SYNPCC7942_RS10710,0.0826962844932902
SYNPCC7942_RS07185,SYNPCC7942_RS12235,0.0826888399041961
SYNPCC7942_RS07940,SYNPCC7942_RS05760,0.0826659875912538
SYNPCC7942_RS09065,SYNPCC7942_RS13255,0.0826614129714713
SYNPCC7942_RS09740,SYNPCC7942_RS02930,0.0826324196326558
SYNPCC7942_RS03160,SYNPCC7942_RS10575,0.0826204090921109
SYNPCC7942_RS05870,SYNPCC7942_RS04705,0.0826046884801729
SYNPCC7942_RS09740,SYNPCC7942_RS03645,0.0826036259697246
SYNPCC7942_RS00480,SYNPCC7942_RS05210,0.0825930041229878
SYNPCC7942_RS00480,SYNPCC7942_RS06620,0.0825820227192702
SYNPCC7942_RS12560,SYNPCC7942_RS02695,0.0825758762988911
SYNPCC7942_RS07435,SYNPCC7942_RS03585,0.082574133399618
SYNPCC7942_RS03160,SYNPCC7942_RS07650,0.0825607212823491
SYNPCC7942_RS13165,SYNPCC7942_RS01915,0.0825504696283404
SYNPCC7942_RS02830,SYNPCC7942_RS06920,0.0825486280831787
SYNPCC7942_RS12535,SYNPCC7942_RS01745,0.0825426095379693
SYNPCC7942_RS03160,SYNPCC7942_RS02410,0.082540071321399
SYNPCC7942_RS11465,SYNPCC7942_RS09955,0.0825320694017369
SYNPCC7942_RS07435,SYNPCC7942_RS06385,0.082529123259462
SYNPCC7942_RS09740,SYNPCC7942_RS12040,0.0825182161645744
SYNPCC7942_RS03160,SYNPCC7942_RS09565,0.0825138084212985
SYNPCC7942_RS00560,SYNPCC7942_RS08510,0.0825078316727786
SYNPCC7942_RS00380,SYNPCC7942_RS10120,0.0825075563851359
SYNPCC7942_RS09380,SYNPCC7942_RS00020,0.0824882956159497
SYNPCC7942_RS00455,SYNPCC7942_RS02405,0.0824809516598562
SYNPCC7942_RS00380,SYNPCC7942_RS04290,0.0824723347276726
SYNPCC7942_RS10350,SYNPCC7942_RS12950,0.0824685982918264
SYNPCC7942_RS07185,SYNPCC7942_RS06810,0.0824530279257191
SYNPCC7942_RS07435,SYNPCC7942_RS04010,0.0824411916760367
SYNPCC7942_RS05070,SYNPCC7942_RS03065,0.0824250567985076
SYNPCC7942_RS07185,SYNPCC7942_RS06010,0.0824239676764456
SYNPCC7942_RS07185,SYNPCC7942_RS13620,0.0824226568938883
SYNPCC7942_RS09500,SYNPCC7942_RS10850,0.0824217722186302
SYNPCC7942_RS05230,SYNPCC7942_RS06140,0.0824154642901795
SYNPCC7942_RS03160,SYNPCC7942_RS05110,0.0824150558161409
SYNPCC7942_RS12560,SYNPCC7942_RS09785,0.0823887416977291
SYNPCC7942_RS00765,SYNPCC7942_RS05250,0.0823886781507375
SYNPCC7942_RS03440,SYNPCC7942_RS04600,0.0823760401017709
SYNPCC7942_RS02830,SYNPCC7942_RS12685,0.0823501351007396
SYNPCC7942_RS07435,SYNPCC7942_RS04360,0.0823494326905544
SYNPCC7942_RS03260,SYNPCC7942_RS05750,0.0823224923679453
SYNPCC7942_RS07805,SYNPCC7942_RS09830,0.0823072123950478
SYNPCC7942_RS11050,SYNPCC7942_RS10495,0.0823068715647217
SYNPCC7942_RS02895,SYNPCC7942_RS08755,0.0822995567262174
SYNPCC7942_RS10165,SYNPCC7942_RS08630,0.0822967498762306
SYNPCC7942_RS12560,SYNPCC7942_RS01565,0.0822712446554071
SYNPCC7942_RS08850,SYNPCC7942_RS14020,0.0822711591664675
SYNPCC7942_RS11465,SYNPCC7942_RS02720,0.0822710259024778
SYNPCC7942_RS07185,SYNPCC7942_RS10585,0.0822692589698468
SYNPCC7942_RS09760,SYNPCC7942_RS10780,0.0822634994867064
SYNPCC7942_RS03160,SYNPCC7942_RS13160,0.0822526292345824
SYNPCC7942_RS06370,SYNPCC7942_RS08695,0.082251008632292
SYNPCC7942_RS08885,SYNPCC7942_RS09145,0.0822289572754199
SYNPCC7942_RS03440,SYNPCC7942_RS00460,0.0822162950764838
SYNPCC7942_RS07435,SYNPCC7942_RS01380,0.0821999112216101
SYNPCC7942_RS10700,SYNPCC7942_RS04080,0.082199774688904
SYNPCC7942_RS07805,SYNPCC7942_RS06625,0.0821887227583243
SYNPCC7942_RS03160,SYNPCC7942_RS11895,0.0821873760259573
SYNPCC7942_RS08885,SYNPCC7942_RS05590,0.0821814312745745
SYNPCC7942_RS00645,SYNPCC7942_RS01155,0.0821650405382584
SYNPCC7942_RS05640,SYNPCC7942_RS07705,0.0821620057794875
SYNPCC7942_RS05870,SYNPCC7942_RS11345,0.0821538794426508
SYNPCC7942_RS02895,SYNPCC7942_RS01145,0.0821527286400805
SYNPCC7942_RS03075,SYNPCC7942_RS05240,0.0821310447461203
SYNPCC7942_RS12560,SYNPCC7942_RS12580,0.0821273948950305
SYNPCC7942_RS05070,SYNPCC7942_RS13675,0.0821225393506996
SYNPCC7942_RS07435,SYNPCC7942_RS06205,0.0821187205938847
SYNPCC7942_RS10350,SYNPCC7942_RS04745,0.0820963930426253
SYNPCC7942_RS09160,SYNPCC7942_RS12535,0.0820933220787679
SYNPCC7942_RS03530,SYNPCC7942_RS07140,0.0820810093194034
SYNPCC7942_RS03325,SYNPCC7942_RS06035,0.0820752764206218
SYNPCC7942_RS03075,SYNPCC7942_RS02370,0.0820677999046049
SYNPCC7942_RS10700,SYNPCC7942_RS06885,0.0820584147727863
SYNPCC7942_RS02895,SYNPCC7942_RS06335,0.0820578592165945
SYNPCC7942_RS10700,SYNPCC7942_RS10450,0.0820527142452705
SYNPCC7942_RS03075,SYNPCC7942_RS07265,0.0820103568786789
SYNPCC7942_RS07435,SYNPCC7942_RS02575,0.0819977188947268
SYNPCC7942_RS02830,SYNPCC7942_RS07935,0.0819401048545886
SYNPCC7942_RS00645,SYNPCC7942_RS12550,0.0819358213954653
SYNPCC7942_RS06370,SYNPCC7942_RS10450,0.0819318685198906
SYNPCC7942_RS09435,SYNPCC7942_RS04520,0.0819219086177823
SYNPCC7942_RS05640,SYNPCC7942_RS10100,0.0819170975184834
SYNPCC7942_RS04225,SYNPCC7942_RS04915,0.0819060961219753
SYNPCC7942_RS07435,SYNPCC7942_RS10420,0.0819040830533639
SYNPCC7942_RS07805,SYNPCC7942_RS11625,0.0818924418486284
SYNPCC7942_RS09380,SYNPCC7942_RS02445,0.0818815350185456
SYNPCC7942_RS00455,SYNPCC7942_RS06685,0.0818774418090211
SYNPCC7942_RS07435,SYNPCC7942_RS13225,0.0818706290178361
SYNPCC7942_RS00645,SYNPCC7942_RS00005,0.0818442892137034
SYNPCC7942_RS10700,SYNPCC7942_RS07330,0.0818391911966948
SYNPCC7942_RS07435,SYNPCC7942_RS11660,0.0818337373367008
SYNPCC7942_RS00455,SYNPCC7942_RS11640,0.0818335235399516
SYNPCC7942_RS10700,SYNPCC7942_RS04995,0.081827541347778
SYNPCC7942_RS03075,SYNPCC7942_RS12970,0.0818228829375893
SYNPCC7942_RS03325,SYNPCC7942_RS01600,0.0818016221523177
SYNPCC7942_RS13165,SYNPCC7942_RS14020,0.0817982404593726
SYNPCC7942_RS11970,SYNPCC7942_RS08375,0.0817932780238195
SYNPCC7942_RS07185,SYNPCC7942_RS00535,0.0817900542259616
SYNPCC7942_RS07435,SYNPCC7942_RS00580,0.0817794944279307
SYNPCC7942_RS08405,SYNPCC7942_RS14185,0.0817772815076716
SYNPCC7942_RS10700,SYNPCC7942_RS00950,0.0817722248167327
SYNPCC7942_RS02830,SYNPCC7942_RS10545,0.0817708731168113
SYNPCC7942_RS09740,SYNPCC7942_RS03325,0.0817679265520008
SYNPCC7942_RS03160,SYNPCC7942_RS07930,0.0817622056130178
SYNPCC7942_RS05870,SYNPCC7942_RS04700,0.081757619107567
SYNPCC7942_RS03465,SYNPCC7942_RS10955,0.0817510422521581
SYNPCC7942_RS03465,SYNPCC7942_RS00510,0.0817279681726941
SYNPCC7942_RS07435,SYNPCC7942_RS07800,0.0817279290167784
SYNPCC7942_RS11030,SYNPCC7942_RS07125,0.0817071655315963
SYNPCC7942_RS03160,SYNPCC7942_RS05560,0.0817003276153851
SYNPCC7942_RS09065,SYNPCC7942_RS10555,0.0816993955241577
SYNPCC7942_RS09740,SYNPCC7942_RS09920,0.0816985415210035
SYNPCC7942_RS08645,SYNPCC7942_RS07325,0.0816972032089741
SYNPCC7942_RS00455,SYNPCC7942_RS10330,0.0816776561941982
SYNPCC7942_RS12275,SYNPCC7942_RS04845,0.0816685707686184
SYNPCC7942_RS09435,SYNPCC7942_RS13135,0.0816470227298731
SYNPCC7942_RS03325,SYNPCC7942_RS03160,0.081646435496559
SYNPCC7942_RS03160,SYNPCC7942_RS10510,0.081612120906301
SYNPCC7942_RS06370,SYNPCC7942_RS13120,0.0815983382322272
SYNPCC7942_RS00645,SYNPCC7942_RS01285,0.0815936097361864
SYNPCC7942_RS00455,SYNPCC7942_RS06560,0.0815852362895801
SYNPCC7942_RS09380,SYNPCC7942_RS03995,0.0815792313658482
SYNPCC7942_RS03160,SYNPCC7942_RS10835,0.0815719323704145
SYNPCC7942_RS03465,SYNPCC7942_RS00990,0.0815642812078007
SYNPCC7942_RS00455,SYNPCC7942_RS08305,0.0815625765901771
SYNPCC7942_RS00380,SYNPCC7942_RS03315,0.0815476507329962
SYNPCC7942_RS09380,SYNPCC7942_RS10725,0.0815368118140555
SYNPCC7942_RS13165,SYNPCC7942_RS07515,0.0815202999882529
SYNPCC7942_RS09740,SYNPCC7942_RS02550,0.081519232820739
SYNPCC7942_RS12560,SYNPCC7942_RS10250,0.0815122667894132
SYNPCC7942_RS05870,SYNPCC7942_RS04615,0.081508057793308
SYNPCC7942_RS09380,SYNPCC7942_RS11365,0.0815078575056531
SYNPCC7942_RS10700,SYNPCC7942_RS01180,0.0814968975850456
SYNPCC7942_RS07435,SYNPCC7942_RS10565,0.0814868254025177
SYNPCC7942_RS12560,SYNPCC7942_RS02585,0.0814715423221849
SYNPCC7942_RS00455,SYNPCC7942_RS00470,0.081469110193615
SYNPCC7942_RS09065,SYNPCC7942_RS08470,0.0814638061261745
SYNPCC7942_RS03160,SYNPCC7942_RS04795,0.0814503748053584
SYNPCC7942_RS05870,SYNPCC7942_RS02295,0.0814350867041736
SYNPCC7942_RS03160,SYNPCC7942_RS05610,0.0814287039052787
SYNPCC7942_RS03160,SYNPCC7942_RS10190,0.0814282268959507
SYNPCC7942_RS00455,SYNPCC7942_RS06295,0.0814040632876259
SYNPCC7942_RS09740,SYNPCC7942_RS07095,0.081387424226578
SYNPCC7942_RS08645,SYNPCC7942_RS06770,0.0813771417745403
SYNPCC7942_RS08405,SYNPCC7942_RS07190,0.0813714716090782
SYNPCC7942_RS09740,SYNPCC7942_RS12520,0.0813268669563735
SYNPCC7942_RS10700,SYNPCC7942_RS07655,0.0813251117827661
SYNPCC7942_RS03260,SYNPCC7942_RS13015,0.0813102087982224
SYNPCC7942_RS00480,SYNPCC7942_RS05370,0.081303251701999
SYNPCC7942_RS10700,SYNPCC7942_RS11495,0.0812910457944413
SYNPCC7942_RS03160,SYNPCC7942_RS07810,0.0812812888002398
SYNPCC7942_RS00455,SYNPCC7942_RS04995,0.0812800145907338
SYNPCC7942_RS00455,SYNPCC7942_RS10715,0.0812543140019609
SYNPCC7942_RS10165,SYNPCC7942_RS05985,0.0812446191687239
SYNPCC7942_RS09620,SYNPCC7942_RS13810,0.0812304676606161
SYNPCC7942_RS05870,SYNPCC7942_RS04475,0.0812224018072357
SYNPCC7942_RS00455,SYNPCC7942_RS05765,0.0812220920587896
SYNPCC7942_RS03955,SYNPCC7942_RS01085,0.081221848014253
SYNPCC7942_RS09065,SYNPCC7942_RS11115,0.0812211422485797
SYNPCC7942_RS00560,SYNPCC7942_RS05710,0.0812061505427311
SYNPCC7942_RS02895,SYNPCC7942_RS01500,0.0811988837327104
SYNPCC7942_RS03465,SYNPCC7942_RS10670,0.0811952611904821
SYNPCC7942_RS10700,SYNPCC7942_RS06715,0.0811845599635413
SYNPCC7942_RS12560,SYNPCC7942_RS09370,0.0811534045662844
SYNPCC7942_RS02830,SYNPCC7942_RS01245,0.0811498161681363
SYNPCC7942_RS04225,SYNPCC7942_RS09500,0.0811448353257778
SYNPCC7942_RS05870,SYNPCC7942_RS05820,0.081144095553823
SYNPCC7942_RS08645,SYNPCC7942_RS00430,0.0811401143584477
SYNPCC7942_RS00455,SYNPCC7942_RS10305,0.0811352603992154
SYNPCC7942_RS13165,SYNPCC7942_RS04220,0.081124566278018
SYNPCC7942_RS10340,SYNPCC7942_RS10225,0.0811231444208315
SYNPCC7942_RS10700,SYNPCC7942_RS11530,0.0811198465407478
SYNPCC7942_RS03160,SYNPCC7942_RS04455,0.081111219154857
SYNPCC7942_RS00645,SYNPCC7942_RS09765,0.0810948695749249
SYNPCC7942_RS00455,SYNPCC7942_RS11405,0.0810933679533505
SYNPCC7942_RS03960,SYNPCC7942_RS05075,0.0810922833367354
SYNPCC7942_RS00455,SYNPCC7942_RS10825,0.0810873740544425
SYNPCC7942_RS11970,SYNPCC7942_RS08200,0.0810810235593154
SYNPCC7942_RS10340,SYNPCC7942_RS07840,0.0810551522642114
SYNPCC7942_RS00645,SYNPCC7942_RS06395,0.0810510949409974
SYNPCC7942_RS03325,SYNPCC7942_RS02035,0.081049851157258
SYNPCC7942_RS08645,SYNPCC7942_RS10070,0.0810378127410414
SYNPCC7942_RS03160,SYNPCC7942_RS00805,0.0810277890413929
SYNPCC7942_RS07805,SYNPCC7942_RS12825,0.0810221295720891
SYNPCC7942_RS00645,SYNPCC7942_RS04090,0.0810122094132212
SYNPCC7942_RS03325,SYNPCC7942_RS04420,0.0809957872349249
SYNPCC7942_RS05870,SYNPCC7942_RS06040,0.0809748257378659
SYNPCC7942_RS03465,SYNPCC7942_RS13035,0.0809518311793487
SYNPCC7942_RS09620,SYNPCC7942_RS08650,0.0809396617344211
SYNPCC7942_RS03160,SYNPCC7942_RS08725,0.0809090145252647
SYNPCC7942_RS07435,SYNPCC7942_RS05405,0.0808941114711286
SYNPCC7942_RS03325,SYNPCC7942_RS09735,0.0808925031141874
SYNPCC7942_RS10700,SYNPCC7942_RS10765,0.0808871275663727
SYNPCC7942_RS07435,SYNPCC7942_RS11400,0.0808807654080122
SYNPCC7942_RS11465,SYNPCC7942_RS02330,0.0808761063925914
SYNPCC7942_RS09740,SYNPCC7942_RS08725,0.0808668084927632
SYNPCC7942_RS07185,SYNPCC7942_RS00230,0.0808606633189409
SYNPCC7942_RS09760,SYNPCC7942_RS13820,0.080843368225768
SYNPCC7942_RS12560,SYNPCC7942_RS12875,0.0808421108199356
SYNPCC7942_RS07435,SYNPCC7942_RS06685,0.0808342282049906
SYNPCC7942_RS04835,SYNPCC7942_RS03650,0.0808313267957835
SYNPCC7942_RS07940,SYNPCC7942_RS00660,0.0808252191368968
SYNPCC7942_RS00645,SYNPCC7942_RS06710,0.080821934282902
SYNPCC7942_RS09740,SYNPCC7942_RS04090,0.0808185463421238
SYNPCC7942_RS00455,SYNPCC7942_RS00410,0.0808164973920018
SYNPCC7942_RS09435,SYNPCC7942_RS05325,0.0808034920140598
SYNPCC7942_RS03160,SYNPCC7942_RS02645,0.0807899666709993
SYNPCC7942_RS00455,SYNPCC7942_RS01505,0.0807896578855381
SYNPCC7942_RS09160,SYNPCC7942_RS06120,0.0807893288616194
SYNPCC7942_RS10340,SYNPCC7942_RS02270,0.0807766495786815
SYNPCC7942_RS09380,SYNPCC7942_RS12125,0.0807738121071222
SYNPCC7942_RS09160,SYNPCC7942_RS07410,0.0807552548516118
SYNPCC7942_RS03075,SYNPCC7942_RS03610,0.0807536910919638
SYNPCC7942_RS09065,SYNPCC7942_RS12685,0.0807307741717856
SYNPCC7942_RS03160,SYNPCC7942_RS02470,0.0807184424390234
SYNPCC7942_RS09740,SYNPCC7942_RS04230,0.0807083345668464
SYNPCC7942_RS07435,SYNPCC7942_RS13905,0.0807080428100479
SYNPCC7942_RS07435,SYNPCC7942_RS13305,0.0806872370702699
SYNPCC7942_RS09500,SYNPCC7942_RS02705,0.0806847119384185
SYNPCC7942_RS00645,SYNPCC7942_RS08715,0.080677393314089
SYNPCC7942_RS12560,SYNPCC7942_RS00740,0.0806770781891735
SYNPCC7942_RS03955,SYNPCC7942_RS00290,0.0806767984881144
SYNPCC7942_RS00455,SYNPCC7942_RS06615,0.0806607663220031
SYNPCC7942_RS03160,SYNPCC7942_RS04890,0.0806445346896889
SYNPCC7942_RS09065,SYNPCC7942_RS11460,0.0806404260381837
SYNPCC7942_RS09065,SYNPCC7942_RS08035,0.0806389192739143
SYNPCC7942_RS00455,SYNPCC7942_RS04935,0.0806007563773336
SYNPCC7942_RS07435,SYNPCC7942_RS04615,0.0805906207605028
SYNPCC7942_RS03955,SYNPCC7942_RS07685,0.0805837769185097
SYNPCC7942_RS00645,SYNPCC7942_RS10335,0.0805698426600615
SYNPCC7942_RS10700,SYNPCC7942_RS09850,0.0805641241839052
SYNPCC7942_RS00645,SYNPCC7942_RS07800,0.0805421662545627
SYNPCC7942_RS08645,SYNPCC7942_RS07170,0.0805356610954791
SYNPCC7942_RS10350,SYNPCC7942_RS10660,0.0805335771540759
SYNPCC7942_RS10700,SYNPCC7942_RS05160,0.0804850194454046
SYNPCC7942_RS00765,SYNPCC7942_RS12865,0.0804811370263348
SYNPCC7942_RS09380,SYNPCC7942_RS10155,0.080479572759509
SYNPCC7942_RS11970,SYNPCC7942_RS09145,0.0804606468000465
SYNPCC7942_RS03160,SYNPCC7942_RS12955,0.0804584724227264
SYNPCC7942_RS09500,SYNPCC7942_RS05775,0.080456610976202
SYNPCC7942_RS07435,SYNPCC7942_RS01290,0.0804308770763232
SYNPCC7942_RS10260,SYNPCC7942_RS11635,0.0804271425375514
SYNPCC7942_RS07185,SYNPCC7942_RS08390,0.0804262896826198
SYNPCC7942_RS13165,SYNPCC7942_RS02090,0.0804250685273745
SYNPCC7942_RS00645,SYNPCC7942_RS04450,0.0804132896284396
SYNPCC7942_RS10165,SYNPCC7942_RS06955,0.0804058945324379
SYNPCC7942_RS09380,SYNPCC7942_RS03305,0.0803980345148071
SYNPCC7942_RS12560,SYNPCC7942_RS11615,0.0803964620585904
SYNPCC7942_RS08885,SYNPCC7942_RS03205,0.0803927128528352
SYNPCC7942_RS00380,SYNPCC7942_RS04730,0.0803916355666595
SYNPCC7942_RS09380,SYNPCC7942_RS01005,0.0803892059918776
SYNPCC7942_RS07185,SYNPCC7942_RS03340,0.080384728146774
SYNPCC7942_RS03160,SYNPCC7942_RS09805,0.0803808427782445
SYNPCC7942_RS03160,SYNPCC7942_RS01530,0.0803372358126726
SYNPCC7942_RS00765,SYNPCC7942_RS08045,0.0803354365829613
SYNPCC7942_RS04225,SYNPCC7942_RS13670,0.0803352502296781
SYNPCC7942_RS09740,SYNPCC7942_RS04530,0.0803290610430547
SYNPCC7942_RS00645,SYNPCC7942_RS01500,0.0803217984616892
SYNPCC7942_RS09740,SYNPCC7942_RS03060,0.0803105455145623
SYNPCC7942_RS08645,SYNPCC7942_RS08495,0.0803018571244419
SYNPCC7942_RS12560,SYNPCC7942_RS08700,0.0802961810642797
SYNPCC7942_RS03955,SYNPCC7942_RS07155,0.0802852963488723
SYNPCC7942_RS09380,SYNPCC7942_RS06325,0.0802722292918552
SYNPCC7942_RS08885,SYNPCC7942_RS11615,0.0802712845539148
SYNPCC7942_RS07185,SYNPCC7942_RS12090,0.0802683373661603
SYNPCC7942_RS06370,SYNPCC7942_RS08655,0.0802353047479731
SYNPCC7942_RS08780,SYNPCC7942_RS05460,0.0802348261616407
SYNPCC7942_RS03160,SYNPCC7942_RS03640,0.080226098315867
SYNPCC7942_RS09740,SYNPCC7942_RS00325,0.0802102701392238
SYNPCC7942_RS03160,SYNPCC7942_RS03060,0.0801899533346788
SYNPCC7942_RS03955,SYNPCC7942_RS02085,0.08018470160206
SYNPCC7942_RS09380,SYNPCC7942_RS08345,0.0801668418578875
SYNPCC7942_RS06370,SYNPCC7942_RS00050,0.0801642013151106
SYNPCC7942_RS03160,SYNPCC7942_RS11485,0.080156726747545
SYNPCC7942_RS07185,SYNPCC7942_RS01350,0.0801385846993401
SYNPCC7942_RS10700,SYNPCC7942_RS12300,0.0801208877781313
SYNPCC7942_RS08885,SYNPCC7942_RS06725,0.0801138206121429
SYNPCC7942_RS07435,SYNPCC7942_RS06490,0.080111706217201
SYNPCC7942_RS12560,SYNPCC7942_RS05535,0.0801113238014665
SYNPCC7942_RS10340,SYNPCC7942_RS07740,0.0800961555110151
SYNPCC7942_RS03465,SYNPCC7942_RS03280,0.0800916630895816
SYNPCC7942_RS03465,SYNPCC7942_RS02155,0.0800915947542617
SYNPCC7942_RS03075,SYNPCC7942_RS09465,0.08008944489604
SYNPCC7942_RS00455,SYNPCC7942_RS02065,0.0800860039092996
SYNPCC7942_RS09380,SYNPCC7942_RS06290,0.0800847965973815
SYNPCC7942_RS03160,SYNPCC7942_RS07635,0.0800830702910903
SYNPCC7942_RS03160,SYNPCC7942_RS06305,0.0800764736983229
SYNPCC7942_RS10700,SYNPCC7942_RS02550,0.0800761753958481
SYNPCC7942_RS05870,SYNPCC7942_RS04525,0.080068933919426
SYNPCC7942_RS09160,SYNPCC7942_RS11945,0.0800686366648186
SYNPCC7942_RS10700,SYNPCC7942_RS02470,0.0800638813644421
SYNPCC7942_RS05870,SYNPCC7942_RS11490,0.0800592714439437
SYNPCC7942_RS03260,SYNPCC7942_RS11230,0.0800566962597098
SYNPCC7942_RS05870,SYNPCC7942_RS00370,0.0800532843301089
SYNPCC7942_RS07435,SYNPCC7942_RS05285,0.0800326459182074
SYNPCC7942_RS07435,SYNPCC7942_RS01675,0.0800287237566889
SYNPCC7942_RS03325,SYNPCC7942_RS05710,0.0800285360657287
SYNPCC7942_RS12285,SYNPCC7942_RS05095,0.0799982066602525
SYNPCC7942_RS05640,SYNPCC7942_RS10755,0.0799767362654816
SYNPCC7942_RS00560,SYNPCC7942_RS04410,0.0799741236175207
SYNPCC7942_RS03160,SYNPCC7942_RS08185,0.0799612316997755
SYNPCC7942_RS07435,SYNPCC7942_RS00980,0.0799605589104996
SYNPCC7942_RS08885,SYNPCC7942_RS08730,0.0799597259440483
SYNPCC7942_RS00645,SYNPCC7942_RS01700,0.0799576859229458
SYNPCC7942_RS00455,SYNPCC7942_RS09725,0.0799547422028401
SYNPCC7942_RS09740,SYNPCC7942_RS09925,0.0799405360273747
SYNPCC7942_RS00455,SYNPCC7942_RS13050,0.0799333884358829
SYNPCC7942_RS10700,SYNPCC7942_RS10760,0.0799084591255587
SYNPCC7942_RS10170,SYNPCC7942_RS09590,0.0799066575703668
SYNPCC7942_RS07435,SYNPCC7942_RS02405,0.0799028242611631
SYNPCC7942_RS03465,SYNPCC7942_RS02735,0.0798991559659319
SYNPCC7942_RS03955,SYNPCC7942_RS13080,0.0798887642037576
SYNPCC7942_RS03955,SYNPCC7942_RS02090,0.0798887583384038
SYNPCC7942_RS03325,SYNPCC7942_RS02630,0.079851213537473
SYNPCC7942_RS00455,SYNPCC7942_RS10595,0.0798311861410364
SYNPCC7942_RS03955,SYNPCC7942_RS13690,0.0798303837448605
SYNPCC7942_RS00645,SYNPCC7942_RS05850,0.0798223575123034
SYNPCC7942_RS07805,SYNPCC7942_RS03165,0.0798177823453055
SYNPCC7942_RS07185,SYNPCC7942_RS00885,0.0798106160857591
SYNPCC7942_RS08850,SYNPCC7942_RS10615,0.079807615800292
SYNPCC7942_RS03160,SYNPCC7942_RS12045,0.0798057472339688
SYNPCC7942_RS07435,SYNPCC7942_RS01255,0.079801182520907
SYNPCC7942_RS09740,SYNPCC7942_RS01390,0.0797926589182773
SYNPCC7942_RS10260,SYNPCC7942_RS11205,0.0797915849891665
SYNPCC7942_RS03325,SYNPCC7942_RS08360,0.0797893792207921
SYNPCC7942_RS07435,SYNPCC7942_RS08555,0.0797819936987806
SYNPCC7942_RS02895,SYNPCC7942_RS10195,0.0797771333744672
SYNPCC7942_RS00380,SYNPCC7942_RS02730,0.0797588969886968
SYNPCC7942_RS09740,SYNPCC7942_RS04470,0.0797449297546685
SYNPCC7942_RS03160,SYNPCC7942_RS09690,0.0797410592496062
SYNPCC7942_RS00645,SYNPCC7942_RS06310,0.0797330126358713
SYNPCC7942_RS10700,SYNPCC7942_RS02970,0.0797256841279892
SYNPCC7942_RS11970,SYNPCC7942_RS08370,0.0797220335826322
SYNPCC7942_RS00380,SYNPCC7942_RS02490,0.0797185674293535
SYNPCC7942_RS03075,SYNPCC7942_RS11185,0.0796936082993861
SYNPCC7942_RS05870,SYNPCC7942_RS04115,0.0796873487413902
SYNPCC7942_RS07435,SYNPCC7942_RS10045,0.0796728375947612
SYNPCC7942_RS00455,SYNPCC7942_RS08310,0.079669618397836
SYNPCC7942_RS08780,SYNPCC7942_RS13800,0.0796682645728097
SYNPCC7942_RS03160,SYNPCC7942_RS09765,0.0796674108208251
SYNPCC7942_RS10700,SYNPCC7942_RS02245,0.0796645897738517
SYNPCC7942_RS03260,SYNPCC7942_RS10750,0.0796555502992329
SYNPCC7942_RS05870,SYNPCC7942_RS01445,0.0796514312026062
SYNPCC7942_RS09740,SYNPCC7942_RS10110,0.0796503387805188
SYNPCC7942_RS00455,SYNPCC7942_RS04380,0.0796500318877976
SYNPCC7942_RS10700,SYNPCC7942_RS06755,0.079638528956648
SYNPCC7942_RS10350,SYNPCC7942_RS10895,0.0796369973474366
SYNPCC7942_RS03160,SYNPCC7942_RS09455,0.0796303741383985
SYNPCC7942_RS13165,SYNPCC7942_RS03955,0.0796295571783433
SYNPCC7942_RS00455,SYNPCC7942_RS10175,0.0796208772556174
SYNPCC7942_RS07435,SYNPCC7942_RS03150,0.0796172472406979
SYNPCC7942_RS06370,SYNPCC7942_RS09885,0.0796123891452994
SYNPCC7942_RS06370,SYNPCC7942_RS09605,0.0796087845822344
SYNPCC7942_RS10700,SYNPCC7942_RS12785,0.0796053460279833
SYNPCC7942_RS07435,SYNPCC7942_RS04640,0.0795778721060084
SYNPCC7942_RS03160,SYNPCC7942_RS10740,0.0795729156862208
SYNPCC7942_RS12275,SYNPCC7942_RS02050,0.0795554584549976
SYNPCC7942_RS07185,SYNPCC7942_RS12945,0.0795485698017634
SYNPCC7942_RS10700,SYNPCC7942_RS06135,0.079546939991506
SYNPCC7942_RS07185,SYNPCC7942_RS12740,0.0795448329490032
SYNPCC7942_RS09740,SYNPCC7942_RS07770,0.0795386523059749
SYNPCC7942_RS07185,SYNPCC7942_RS10405,0.0795355970241959
SYNPCC7942_RS08645,SYNPCC7942_RS04055,0.079518229481381
SYNPCC7942_RS07185,SYNPCC7942_RS03765,0.0795071047950613
SYNPCC7942_RS09620,SYNPCC7942_RS06845,0.079505745176709
SYNPCC7942_RS03075,SYNPCC7942_RS09255,0.0795051863523184
SYNPCC7942_RS11050,SYNPCC7942_RS10490,0.0795034262377618
SYNPCC7942_RS12560,SYNPCC7942_RS05530,0.0794943580181368
SYNPCC7942_RS09740,SYNPCC7942_RS03625,0.0794874003409291
SYNPCC7942_RS07435,SYNPCC7942_RS02100,0.0794852428043002
SYNPCC7942_RS05870,SYNPCC7942_RS04275,0.0794848745850099
SYNPCC7942_RS00645,SYNPCC7942_RS01705,0.0794784862265823
SYNPCC7942_RS10700,SYNPCC7942_RS09725,0.0794371960932909
SYNPCC7942_RS03440,SYNPCC7942_RS11315,0.0794303043902675
SYNPCC7942_RS00380,SYNPCC7942_RS08310,0.0794250517371497
SYNPCC7942_RS03465,SYNPCC7942_RS03305,0.0794196968869891
SYNPCC7942_RS00645,SYNPCC7942_RS11775,0.0794163872154954
SYNPCC7942_RS10700,SYNPCC7942_RS08265,0.0793852065083863
SYNPCC7942_RS02830,SYNPCC7942_RS13240,0.0793823613555848
SYNPCC7942_RS03325,SYNPCC7942_RS12845,0.079381224665087
SYNPCC7942_RS06370,SYNPCC7942_RS00370,0.0793626025968888
SYNPCC7942_RS00645,SYNPCC7942_RS06150,0.0793585909576499
SYNPCC7942_RS03160,SYNPCC7942_RS12305,0.0793544933782164
SYNPCC7942_RS10700,SYNPCC7942_RS04900,0.0793316438457683
SYNPCC7942_RS03160,SYNPCC7942_RS06410,0.0793286412962145
SYNPCC7942_RS00645,SYNPCC7942_RS10455,0.0793255912272526
SYNPCC7942_RS09740,SYNPCC7942_RS11355,0.0793174716684196
SYNPCC7942_RS09435,SYNPCC7942_RS04030,0.0793138301062999
SYNPCC7942_RS07185,SYNPCC7942_RS02010,0.0793043506479012
SYNPCC7942_RS05640,SYNPCC7942_RS12760,0.07930261320259
SYNPCC7942_RS09740,SYNPCC7942_RS09520,0.0793005908361465
SYNPCC7942_RS11465,SYNPCC7942_RS03245,0.0792898732983749
SYNPCC7942_RS07435,SYNPCC7942_RS10060,0.0792664009750002
SYNPCC7942_RS06370,SYNPCC7942_RS09440,0.0792536080774677
SYNPCC7942_RS00380,SYNPCC7942_RS02840,0.0792459711323625
SYNPCC7942_RS03325,SYNPCC7942_RS04620,0.0792436570693728
SYNPCC7942_RS03325,SYNPCC7942_RS11500,0.0792149573432214
SYNPCC7942_RS10700,SYNPCC7942_RS01825,0.0792086302858125
SYNPCC7942_RS04225,SYNPCC7942_RS06925,0.0792001327296528
SYNPCC7942_RS03160,SYNPCC7942_RS08145,0.079198497953283
SYNPCC7942_RS04225,SYNPCC7942_RS00190,0.0791968996779785
SYNPCC7942_RS00645,SYNPCC7942_RS04765,0.0791955175140738
SYNPCC7942_RS00645,SYNPCC7942_RS08315,0.0791916530983953
SYNPCC7942_RS08885,SYNPCC7942_RS07560,0.0791857565840013
SYNPCC7942_RS03160,SYNPCC7942_RS07800,0.0791849010274677
SYNPCC7942_RS08885,SYNPCC7942_RS13935,0.079179700318838
SYNPCC7942_RS07185,SYNPCC7942_RS08800,0.0791756885429956
SYNPCC7942_RS02895,SYNPCC7942_RS01665,0.0791756280506635
SYNPCC7942_RS09065,SYNPCC7942_RS08005,0.0791636456773406
SYNPCC7942_RS10350,SYNPCC7942_RS03500,0.0791482313698849
SYNPCC7942_RS09620,SYNPCC7942_RS01525,0.0791410385276552
SYNPCC7942_RS00380,SYNPCC7942_RS11755,0.079139200565299
SYNPCC7942_RS09740,SYNPCC7942_RS06480,0.079134855852993
SYNPCC7942_RS00645,SYNPCC7942_RS11400,0.0791270672038278
SYNPCC7942_RS10700,SYNPCC7942_RS02640,0.079121990849518
SYNPCC7942_RS03160,SYNPCC7942_RS02175,0.0791219740193398
SYNPCC7942_RS03465,SYNPCC7942_RS12325,0.0791207121467317
SYNPCC7942_RS09740,SYNPCC7942_RS04905,0.0791129474215781
SYNPCC7942_RS03465,SYNPCC7942_RS07400,0.0790981495585405
SYNPCC7942_RS09740,SYNPCC7942_RS01935,0.0790855581095529
SYNPCC7942_RS07185,SYNPCC7942_RS07505,0.0790721582571045
SYNPCC7942_RS07185,SYNPCC7942_RS07165,0.0790514989053858
SYNPCC7942_RS00455,SYNPCC7942_RS05815,0.079049292185172
SYNPCC7942_RS07185,SYNPCC7942_RS06520,0.0790433573912106
SYNPCC7942_RS03325,SYNPCC7942_RS02420,0.0790400296450588
SYNPCC7942_RS09435,SYNPCC7942_RS09000,0.0790358810705861
SYNPCC7942_RS09740,SYNPCC7942_RS10565,0.0790323607141208
SYNPCC7942_RS03160,SYNPCC7942_RS03645,0.0790294483067492
SYNPCC7942_RS07185,SYNPCC7942_RS05655,0.0790191647841346
SYNPCC7942_RS09740,SYNPCC7942_RS12305,0.0789989062774902
SYNPCC7942_RS08405,SYNPCC7942_RS08300,0.078992655983148
SYNPCC7942_RS10700,SYNPCC7942_RS09770,0.0789879791265346
SYNPCC7942_RS09500,SYNPCC7942_RS00915,0.0789769372453789
SYNPCC7942_RS03465,SYNPCC7942_RS12400,0.0789742663217535
SYNPCC7942_RS05870,SYNPCC7942_RS04385,0.078971303360901
SYNPCC7942_RS02830,SYNPCC7942_RS13250,0.0789644311173468
SYNPCC7942_RS05870,SYNPCC7942_RS12480,0.0789589794831934
SYNPCC7942_RS03160,SYNPCC7942_RS07420,0.0789578622628074
SYNPCC7942_RS03160,SYNPCC7942_RS06105,0.0789416363571908
SYNPCC7942_RS07185,SYNPCC7942_RS03600,0.078938279987259
SYNPCC7942_RS12285,SYNPCC7942_RS00675,0.0789374339238516
SYNPCC7942_RS09740,SYNPCC7942_RS14195,0.0789322253901914
SYNPCC7942_RS09160,SYNPCC7942_RS07715,0.0789317573997293
SYNPCC7942_RS10040,SYNPCC7942_RS09140,0.0789310250868794
SYNPCC7942_RS02895,SYNPCC7942_RS12895,0.078927154492912
SYNPCC7942_RS06700,SYNPCC7942_RS11685,0.0789192919733086
SYNPCC7942_RS10170,SYNPCC7942_RS03920,0.0789187099494276
SYNPCC7942_RS00455,SYNPCC7942_RS04760,0.0789071015592968
SYNPCC7942_RS03465,SYNPCC7942_RS03245,0.0789014055201975
SYNPCC7942_RS09620,SYNPCC7942_RS05655,0.0788971710931906
SYNPCC7942_RS03530,SYNPCC7942_RS07430,0.0788850628580738
SYNPCC7942_RS10700,SYNPCC7942_RS06855,0.0788846849325567
SYNPCC7942_RS05870,SYNPCC7942_RS07645,0.0788804336793692
SYNPCC7942_RS09065,SYNPCC7942_RS01245,0.0788791376050165
SYNPCC7942_RS03325,SYNPCC7942_RS03535,0.0788787788952652
SYNPCC7942_RS06370,SYNPCC7942_RS06755,0.0788737424763811
SYNPCC7942_RS09740,SYNPCC7942_RS09365,0.0788733700074469
SYNPCC7942_RS12560,SYNPCC7942_RS10425,0.07887314808244
SYNPCC7942_RS08780,SYNPCC7942_RS13760,0.0788451978064248
SYNPCC7942_RS10340,SYNPCC7942_RS03880,0.0788446290552166
SYNPCC7942_RS03160,SYNPCC7942_RS02725,0.0788380852851336
SYNPCC7942_RS05870,SYNPCC7942_RS06685,0.0788315138700676
SYNPCC7942_RS06370,SYNPCC7942_RS05500,0.07882075357783
SYNPCC7942_RS09435,SYNPCC7942_RS00810,0.0787990773378075
SYNPCC7942_RS07435,SYNPCC7942_RS08125,0.0787986710678302
SYNPCC7942_RS03465,SYNPCC7942_RS11735,0.0787951212635618
SYNPCC7942_RS09435,SYNPCC7942_RS00010,0.0787832419378679
SYNPCC7942_RS05870,SYNPCC7942_RS04080,0.0787777248127248
SYNPCC7942_RS12560,SYNPCC7942_RS03385,0.0787763632027824
SYNPCC7942_RS09935,SYNPCC7942_RS05495,0.0787579023385598
SYNPCC7942_RS07805,SYNPCC7942_RS00010,0.0787556713247236
SYNPCC7942_RS05640,SYNPCC7942_RS02345,0.078755174701606
SYNPCC7942_RS06370,SYNPCC7942_RS05350,0.0787506883167499
SYNPCC7942_RS12560,SYNPCC7942_RS08090,0.0787472375134608
SYNPCC7942_RS03160,SYNPCC7942_RS08860,0.0787453447353963
SYNPCC7942_RS03160,SYNPCC7942_RS12000,0.0787446819102151
SYNPCC7942_RS07435,SYNPCC7942_RS01215,0.0787370414740799
SYNPCC7942_RS08780,SYNPCC7942_RS07520,0.0787342368447413
SYNPCC7942_RS03440,SYNPCC7942_RS13920,0.0787173688766068
SYNPCC7942_RS00645,SYNPCC7942_RS08305,0.0787169323331669
SYNPCC7942_RS00765,SYNPCC7942_RS04325,0.0786797271663793
SYNPCC7942_RS03440,SYNPCC7942_RS04985,0.0786754812671542
SYNPCC7942_RS03160,SYNPCC7942_RS06695,0.0786637708957401
SYNPCC7942_RS09620,SYNPCC7942_RS03425,0.0786573672255778
SYNPCC7942_RS08820,SYNPCC7942_RS12705,0.0786478347457561
SYNPCC7942_RS11715,SYNPCC7942_RS04860,0.0786424879839491
SYNPCC7942_RS00765,SYNPCC7942_RS01565,0.0786420320209163
SYNPCC7942_RS07185,SYNPCC7942_RS06605,0.0786408542718542
SYNPCC7942_RS00455,SYNPCC7942_RS00040,0.0786281683287316
SYNPCC7942_RS07435,SYNPCC7942_RS04505,0.0786110492871186
SYNPCC7942_RS11465,SYNPCC7942_RS10045,0.0786107018580187
SYNPCC7942_RS07435,SYNPCC7942_RS04450,0.0786039658980386
SYNPCC7942_RS03465,SYNPCC7942_RS03320,0.0785986199598113
SYNPCC7942_RS09740,SYNPCC7942_RS12000,0.0785934414399489
SYNPCC7942_RS09380,SYNPCC7942_RS11730,0.0785857330325231
SYNPCC7942_RS03465,SYNPCC7942_RS03240,0.0785768322059442
SYNPCC7942_RS07185,SYNPCC7942_RS01310,0.0785765853064334
SYNPCC7942_RS00455,SYNPCC7942_RS09855,0.078574676292275
SYNPCC7942_RS12535,SYNPCC7942_RS05650,0.0785678163075142
SYNPCC7942_RS09740,SYNPCC7942_RS09730,0.0785620297947968
SYNPCC7942_RS13165,SYNPCC7942_RS05090,0.0785611815322845
SYNPCC7942_RS00455,SYNPCC7942_RS00700,0.0785577844286325
SYNPCC7942_RS03075,SYNPCC7942_RS07500,0.0785537039231933
SYNPCC7942_RS07435,SYNPCC7942_RS02305,0.0785440259132933
SYNPCC7942_RS09500,SYNPCC7942_RS10855,0.0785326165062023
SYNPCC7942_RS05070,SYNPCC7942_RS04705,0.0785321551238011
SYNPCC7942_RS05870,SYNPCC7942_RS06220,0.0785261432025029
SYNPCC7942_RS03160,SYNPCC7942_RS09635,0.0785177929546991
SYNPCC7942_RS13165,SYNPCC7942_RS10560,0.0785173767843964
SYNPCC7942_RS10700,SYNPCC7942_RS01630,0.0785048986071152
SYNPCC7942_RS09740,SYNPCC7942_RS11885,0.078493497697169
SYNPCC7942_RS09160,SYNPCC7942_RS05035,0.078490365091574
SYNPCC7942_RS00645,SYNPCC7942_RS01505,0.0784824308541003
SYNPCC7942_RS03530,SYNPCC7942_RS14050,0.0784734770555857
SYNPCC7942_RS09740,SYNPCC7942_RS10765,0.078469264240001
SYNPCC7942_RS07435,SYNPCC7942_RS04725,0.0784690179860983
SYNPCC7942_RS09740,SYNPCC7942_RS09480,0.07846680529062
SYNPCC7942_RS08645,SYNPCC7942_RS06200,0.0784649954680999
SYNPCC7942_RS09435,SYNPCC7942_RS08135,0.0784567398775966
SYNPCC7942_RS00455,SYNPCC7942_RS06865,0.0784470049897249
SYNPCC7942_RS05870,SYNPCC7942_RS02400,0.0784445187800927
SYNPCC7942_RS09740,SYNPCC7942_RS09225,0.0784377223476032
SYNPCC7942_RS03160,SYNPCC7942_RS08920,0.0784232543072359
SYNPCC7942_RS07435,SYNPCC7942_RS05110,0.0784191088707219
SYNPCC7942_RS05870,SYNPCC7942_RS06000,0.0784022374081162
SYNPCC7942_RS08885,SYNPCC7942_RS08230,0.0784012998593185
SYNPCC7942_RS03160,SYNPCC7942_RS02590,0.0783907130925238
SYNPCC7942_RS00455,SYNPCC7942_RS01385,0.0783881714977182
SYNPCC7942_RS07435,SYNPCC7942_RS05480,0.0783812987061036
SYNPCC7942_RS06370,SYNPCC7942_RS06375,0.0783782407000424
SYNPCC7942_RS07435,SYNPCC7942_RS13975,0.0783565399073497
SYNPCC7942_RS03075,SYNPCC7942_RS13200,0.078340792110218
SYNPCC7942_RS09500,SYNPCC7942_RS13670,0.0783358165360582
SYNPCC7942_RS09435,SYNPCC7942_RS03765,0.0783179319590342
SYNPCC7942_RS00765,SYNPCC7942_RS01835,0.0783136559504022
SYNPCC7942_RS00380,SYNPCC7942_RS06510,0.0782996289594529
SYNPCC7942_RS13165,SYNPCC7942_RS00525,0.078292909080214
SYNPCC7942_RS05230,SYNPCC7942_RS05490,0.0782721032737459
SYNPCC7942_RS07435,SYNPCC7942_RS05850,0.0782654750627873
SYNPCC7942_RS00560,SYNPCC7942_RS08545,0.0782638349358613
SYNPCC7942_RS10700,SYNPCC7942_RS12280,0.0782611166802961
SYNPCC7942_RS09435,SYNPCC7942_RS06280,0.0782380696473983
SYNPCC7942_RS03465,SYNPCC7942_RS11215,0.0782084263511347
SYNPCC7942_RS07435,SYNPCC7942_RS09780,0.0781888175419474
SYNPCC7942_RS02895,SYNPCC7942_RS06870,0.0781705394438564
SYNPCC7942_RS08405,SYNPCC7942_RS03195,0.0781679294622352
SYNPCC7942_RS00645,SYNPCC7942_RS11850,0.0781621071716676
SYNPCC7942_RS03160,SYNPCC7942_RS14200,0.0781593622466503
SYNPCC7942_RS03160,SYNPCC7942_RS12240,0.0781480799310795
SYNPCC7942_RS03160,SYNPCC7942_RS01260,0.0781441321748596
SYNPCC7942_RS00645,SYNPCC7942_RS08555,0.0781435013877424
SYNPCC7942_RS02830,SYNPCC7942_RS12675,0.0781420418755042
SYNPCC7942_RS12560,SYNPCC7942_RS11945,0.0781276442148226
SYNPCC7942_RS02895,SYNPCC7942_RS05015,0.0781217116296897
SYNPCC7942_RS09620,SYNPCC7942_RS12740,0.0781197550181433
SYNPCC7942_RS09380,SYNPCC7942_RS01560,0.0781085140410904
SYNPCC7942_RS00380,SYNPCC7942_RS03010,0.0781018260758757
SYNPCC7942_RS12560,SYNPCC7942_RS07350,0.0780942465553966
SYNPCC7942_RS04225,SYNPCC7942_RS12835,0.0780898433765679
SYNPCC7942_RS07805,SYNPCC7942_RS11185,0.0780879967267274
SYNPCC7942_RS10700,SYNPCC7942_RS00330,0.0780790888504928
SYNPCC7942_RS10700,SYNPCC7942_RS02465,0.0780776733715953
SYNPCC7942_RS03160,SYNPCC7942_RS10595,0.0780758605038168
SYNPCC7942_RS00645,SYNPCC7942_RS01820,0.0780741119200513
SYNPCC7942_RS03260,SYNPCC7942_RS04560,0.0780566342119528
SYNPCC7942_RS09740,SYNPCC7942_RS09870,0.0780546935124101
SYNPCC7942_RS10700,SYNPCC7942_RS11575,0.0780508462962197
SYNPCC7942_RS10700,SYNPCC7942_RS01055,0.0780464086826099
SYNPCC7942_RS09065,SYNPCC7942_RS05340,0.0780391659767535
SYNPCC7942_RS03325,SYNPCC7942_RS09010,0.0779984699572587
SYNPCC7942_RS03530,SYNPCC7942_RS12830,0.0779977966409326
SYNPCC7942_RS05870,SYNPCC7942_RS08500,0.0779940846399256
SYNPCC7942_RS07435,SYNPCC7942_RS08900,0.0779930807437378
SYNPCC7942_RS00645,SYNPCC7942_RS10980,0.0779915105855313
SYNPCC7942_RS00455,SYNPCC7942_RS04610,0.0779900884165483
SYNPCC7942_RS03075,SYNPCC7942_RS02920,0.0779781257614035
SYNPCC7942_RS03160,SYNPCC7942_RS09450,0.0779630303756538
SYNPCC7942_RS02895,SYNPCC7942_RS12700,0.0779596074999801
SYNPCC7942_RS09160,SYNPCC7942_RS03195,0.0779472558085741
SYNPCC7942_RS00455,SYNPCC7942_RS09460,0.0779392744054119
SYNPCC7942_RS12560,SYNPCC7942_RS02195,0.0779233111103461
SYNPCC7942_RS00765,SYNPCC7942_RS05535,0.0779019691029796
SYNPCC7942_RS00765,SYNPCC7942_RS07755,0.0778992239608464
SYNPCC7942_RS09065,SYNPCC7942_RS12260,0.0778955012328702
SYNPCC7942_RS00455,SYNPCC7942_RS13220,0.0778915353453013
SYNPCC7942_RS13165,SYNPCC7942_RS13170,0.0778773149682657
SYNPCC7942_RS13695,SYNPCC7942_RS04660,0.0778733848961851
SYNPCC7942_RS00765,SYNPCC7942_RS01095,0.0778494257498373
SYNPCC7942_RS00645,SYNPCC7942_RS01675,0.077845145153239
SYNPCC7942_RS07435,SYNPCC7942_RS00815,0.0778398860435981
SYNPCC7942_RS03465,SYNPCC7942_RS06310,0.0778274719315999
SYNPCC7942_RS10700,SYNPCC7942_RS07705,0.0778229584724878
SYNPCC7942_RS12560,SYNPCC7942_RS05050,0.0778220410111686
SYNPCC7942_RS00380,SYNPCC7942_RS12070,0.0778168897820025
SYNPCC7942_RS09740,SYNPCC7942_RS00025,0.077811002236444
SYNPCC7942_RS09740,SYNPCC7942_RS08140,0.0778082174226234
SYNPCC7942_RS03325,SYNPCC7942_RS08775,0.0778026972710083
SYNPCC7942_RS00645,SYNPCC7942_RS10670,0.0777849461149573
SYNPCC7942_RS07185,SYNPCC7942_RS09250,0.0777812253228362
SYNPCC7942_RS07435,SYNPCC7942_RS05020,0.077781151744698
SYNPCC7942_RS07435,SYNPCC7942_RS04760,0.0777791902355136
SYNPCC7942_RS03160,SYNPCC7942_RS02630,0.0777784764260568
SYNPCC7942_RS00480,SYNPCC7942_RS01140,0.0777628230669621
SYNPCC7942_RS03440,SYNPCC7942_RS06450,0.0777616673727796
SYNPCC7942_RS09740,SYNPCC7942_RS12410,0.0777484215784039
SYNPCC7942_RS03325,SYNPCC7942_RS11895,0.0777476723829658
SYNPCC7942_RS07185,SYNPCC7942_RS06825,0.0777451424464421
SYNPCC7942_RS09160,SYNPCC7942_RS02665,0.0777441592756585
SYNPCC7942_RS09620,SYNPCC7942_RS02425,0.0777407738543518
SYNPCC7942_RS09740,SYNPCC7942_RS06990,0.0777306883687053
SYNPCC7942_RS06370,SYNPCC7942_RS06015,0.0777299097210785
SYNPCC7942_RS03325,SYNPCC7942_RS12850,0.0777277686346767
SYNPCC7942_RS03160,SYNPCC7942_RS01345,0.0777058338716906
SYNPCC7942_RS10165,SYNPCC7942_RS03875,0.0777035456646235
SYNPCC7942_RS00645,SYNPCC7942_RS03170,0.0776857760199614
SYNPCC7942_RS03160,SYNPCC7942_RS09185,0.077680243633941
SYNPCC7942_RS07185,SYNPCC7942_RS12370,0.0776673895293568
SYNPCC7942_RS11715,SYNPCC7942_RS07910,0.077656591892387
SYNPCC7942_RS07185,SYNPCC7942_RS08385,0.077650307478909
SYNPCC7942_RS07435,SYNPCC7942_RS03950,0.0776429068016625
SYNPCC7942_RS08885,SYNPCC7942_RS02520,0.0776178104905852
SYNPCC7942_RS05870,SYNPCC7942_RS07405,0.0776163767030865
SYNPCC7942_RS00455,SYNPCC7942_RS00645,0.0776147316292665
SYNPCC7942_RS09740,SYNPCC7942_RS05190,0.077611741209556
SYNPCC7942_RS10700,SYNPCC7942_RS02100,0.0776089336551431
SYNPCC7942_RS10700,SYNPCC7942_RS11475,0.077581749033836
SYNPCC7942_RS00645,SYNPCC7942_RS02735,0.0775755442400786
SYNPCC7942_RS05640,SYNPCC7942_RS05670,0.0775720021355787
SYNPCC7942_RS00645,SYNPCC7942_RS01825,0.0775676750499151
SYNPCC7942_RS10700,SYNPCC7942_RS02175,0.0775560441779024
SYNPCC7942_RS10040,SYNPCC7942_RS10480,0.077555401563948
SYNPCC7942_RS00455,SYNPCC7942_RS01825,0.0775504492544409
SYNPCC7942_RS00455,SYNPCC7942_RS09710,0.0775424265375813
SYNPCC7942_RS03160,SYNPCC7942_RS00650,0.077533994683127
SYNPCC7942_RS11465,SYNPCC7942_RS13910,0.0775324810101491
SYNPCC7942_RS06370,SYNPCC7942_RS09775,0.0775310721073916
SYNPCC7942_RS00645,SYNPCC7942_RS09560,0.0775257743507312
SYNPCC7942_RS00645,SYNPCC7942_RS10435,0.0774962063283575
SYNPCC7942_RS00645,SYNPCC7942_RS06485,0.07749027408318
SYNPCC7942_RS09740,SYNPCC7942_RS11485,0.0774735705476751
SYNPCC7942_RS03160,SYNPCC7942_RS12570,0.077472323214768
SYNPCC7942_RS09620,SYNPCC7942_RS09735,0.0774520517207299
SYNPCC7942_RS07940,SYNPCC7942_RS04720,0.0774510011359177
SYNPCC7942_RS03160,SYNPCC7942_RS04705,0.0774486217444073
SYNPCC7942_RS07435,SYNPCC7942_RS13855,0.0774468143536584
SYNPCC7942_RS08405,SYNPCC7942_RS03910,0.0774243959689251
SYNPCC7942_RS05870,SYNPCC7942_RS13160,0.0774156401947042
SYNPCC7942_RS12275,SYNPCC7942_RS01515,0.0774091967146875
SYNPCC7942_RS00455,SYNPCC7942_RS06955,0.0774071233863838
SYNPCC7942_RS03160,SYNPCC7942_RS12515,0.0773890074479629
SYNPCC7942_RS09620,SYNPCC7942_RS03430,0.0773877433744563
SYNPCC7942_RS09160,SYNPCC7942_RS12020,0.0773866140897043
SYNPCC7942_RS09760,SYNPCC7942_RS05495,0.0773842075849094
SYNPCC7942_RS02830,SYNPCC7942_RS11525,0.0773775864018772
SYNPCC7942_RS10700,SYNPCC7942_RS02275,0.0773704172979855
SYNPCC7942_RS10700,SYNPCC7942_RS11410,0.0773660685288348
SYNPCC7942_RS03160,SYNPCC7942_RS01825,0.0773590963016743
SYNPCC7942_RS10700,SYNPCC7942_RS03145,0.0773579151379575
SYNPCC7942_RS12560,SYNPCC7942_RS07230,0.0773570335391332
SYNPCC7942_RS05870,SYNPCC7942_RS09725,0.0773519439521461
SYNPCC7942_RS03160,SYNPCC7942_RS12165,0.0773351033756522
SYNPCC7942_RS03955,SYNPCC7942_RS03940,0.077327114383367
SYNPCC7942_RS10700,SYNPCC7942_RS10510,0.0773072726946554
SYNPCC7942_RS10700,SYNPCC7942_RS01070,0.0773027231049055
SYNPCC7942_RS10700,SYNPCC7942_RS02320,0.0772912979189469
SYNPCC7942_RS03075,SYNPCC7942_RS04045,0.0772893222069461
SYNPCC7942_RS07435,SYNPCC7942_RS05380,0.0772882505916221
SYNPCC7942_RS03160,SYNPCC7942_RS03340,0.077287567867283
SYNPCC7942_RS00645,SYNPCC7942_RS13970,0.0772852235127042
SYNPCC7942_RS03160,SYNPCC7942_RS12175,0.0772833296298468
SYNPCC7942_RS10700,SYNPCC7942_RS05345,0.0772776109114223
SYNPCC7942_RS00560,SYNPCC7942_RS01990,0.0772768648421393
SYNPCC7942_RS00645,SYNPCC7942_RS13055,0.0772389046558693
SYNPCC7942_RS02830,SYNPCC7942_RS02680,0.0772363713881315
SYNPCC7942_RS08780,SYNPCC7942_RS07535,0.0772229339640968
SYNPCC7942_RS04225,SYNPCC7942_RS06835,0.0771937415467465
SYNPCC7942_RS12285,SYNPCC7942_RS05600,0.0771836305466543
SYNPCC7942_RS09065,SYNPCC7942_RS03320,0.077183054480693
SYNPCC7942_RS10700,SYNPCC7942_RS00355,0.0771736700930211
SYNPCC7942_RS10700,SYNPCC7942_RS02095,0.0771673782964508
SYNPCC7942_RS07185,SYNPCC7942_RS12050,0.0771603193118781
SYNPCC7942_RS03465,SYNPCC7942_RS12615,0.0771552359099018
SYNPCC7942_RS03160,SYNPCC7942_RS05480,0.0771398705336313
SYNPCC7942_RS12275,SYNPCC7942_RS10585,0.0771209312937406
SYNPCC7942_RS03160,SYNPCC7942_RS02420,0.0771131223558704
SYNPCC7942_RS10700,SYNPCC7942_RS04265,0.0771112698770045
SYNPCC7942_RS11465,SYNPCC7942_RS08330,0.0771084434015017
SYNPCC7942_RS09740,SYNPCC7942_RS06110,0.0771068771151783
SYNPCC7942_RS07435,SYNPCC7942_RS03505,0.0771040336377772
SYNPCC7942_RS03160,SYNPCC7942_RS00695,0.077101004082034
SYNPCC7942_RS10350,SYNPCC7942_RS13280,0.0770985305646755
SYNPCC7942_RS00455,SYNPCC7942_RS13035,0.0770977689977142
SYNPCC7942_RS03160,SYNPCC7942_RS02600,0.07709404744085
SYNPCC7942_RS09435,SYNPCC7942_RS10690,0.0770910439841297
SYNPCC7942_RS04225,SYNPCC7942_RS13165,0.0770888634608834
SYNPCC7942_RS10700,SYNPCC7942_RS05350,0.077061466628445
SYNPCC7942_RS10700,SYNPCC7942_RS08810,0.0770602079127738
SYNPCC7942_RS09740,SYNPCC7942_RS03290,0.0770596629062183
SYNPCC7942_RS00645,SYNPCC7942_RS10650,0.0770479080250747
SYNPCC7942_RS08645,SYNPCC7942_RS05010,0.0770383597444203
SYNPCC7942_RS03160,SYNPCC7942_RS07775,0.0770221123371202
SYNPCC7942_RS09160,SYNPCC7942_RS09785,0.0770212623029196
SYNPCC7942_RS10700,SYNPCC7942_RS01265,0.0770135152592645
SYNPCC7942_RS03160,SYNPCC7942_RS02840,0.0770001413747805
SYNPCC7942_RS03955,SYNPCC7942_RS00530,0.0769913447496
SYNPCC7942_RS03465,SYNPCC7942_RS02160,0.0769850503729261
SYNPCC7942_RS03260,SYNPCC7942_RS13040,0.076962845317244
SYNPCC7942_RS07435,SYNPCC7942_RS09440,0.0769614215867269
SYNPCC7942_RS07435,SYNPCC7942_RS10625,0.0769607293987164
SYNPCC7942_RS03160,SYNPCC7942_RS03505,0.0769527046155891
SYNPCC7942_RS10700,SYNPCC7942_RS06580,0.0769526149013813
SYNPCC7942_RS07435,SYNPCC7942_RS02720,0.0769523206909082
SYNPCC7942_RS08885,SYNPCC7942_RS05125,0.0769471195578011
SYNPCC7942_RS08780,SYNPCC7942_RS07980,0.0769416764240172
SYNPCC7942_RS07805,SYNPCC7942_RS02690,0.0769366237232817
SYNPCC7942_RS03260,SYNPCC7942_RS12850,0.0769328393430367
SYNPCC7942_RS03465,SYNPCC7942_RS11770,0.0769287599951878
SYNPCC7942_RS11030,SYNPCC7942_RS07475,0.0769237074193917
SYNPCC7942_RS09620,SYNPCC7942_RS05825,0.0769156905663178
SYNPCC7942_RS00380,SYNPCC7942_RS07240,0.0768953974266034
SYNPCC7942_RS03260,SYNPCC7942_RS13275,0.0768941594837751
SYNPCC7942_RS03465,SYNPCC7942_RS01485,0.0768882919488253
SYNPCC7942_RS03160,SYNPCC7942_RS00470,0.0768707482844707
SYNPCC7942_RS03160,SYNPCC7942_RS08150,0.0768695530511133
SYNPCC7942_RS12535,SYNPCC7942_RS05300,0.0768649678449401
SYNPCC7942_RS00645,SYNPCC7942_RS00925,0.0768624539677565
SYNPCC7942_RS09740,SYNPCC7942_RS03495,0.0768622470388834
SYNPCC7942_RS03160,SYNPCC7942_RS04610,0.0768539305988667
SYNPCC7942_RS07185,SYNPCC7942_RS13080,0.0768425378544244
SYNPCC7942_RS09380,SYNPCC7942_RS09065,0.0768302754886687
SYNPCC7942_RS03465,SYNPCC7942_RS07280,0.0768288043953853
SYNPCC7942_RS08885,SYNPCC7942_RS13960,0.0768199243225454
SYNPCC7942_RS08405,SYNPCC7942_RS09790,0.0768183015535838
SYNPCC7942_RS10700,SYNPCC7942_RS02460,0.076811069602788
SYNPCC7942_RS05870,SYNPCC7942_RS08140,0.0768086928051595
SYNPCC7942_RS07435,SYNPCC7942_RS10225,0.0768075369244447
SYNPCC7942_RS03075,SYNPCC7942_RS11175,0.0768006612278999
SYNPCC7942_RS02895,SYNPCC7942_RS00925,0.0767927670616134
SYNPCC7942_RS09435,SYNPCC7942_RS00590,0.0767863055812714
SYNPCC7942_RS09435,SYNPCC7942_RS12205,0.0767844250389539
SYNPCC7942_RS00455,SYNPCC7942_RS10375,0.0767584879633047
SYNPCC7942_RS05870,SYNPCC7942_RS13035,0.0767565102003542
SYNPCC7942_RS06365,SYNPCC7942_RS10370,0.0767486595051265
SYNPCC7942_RS00455,SYNPCC7942_RS00035,0.0767430256934065
SYNPCC7942_RS07185,SYNPCC7942_RS04920,0.0767233384107582
SYNPCC7942_RS05870,SYNPCC7942_RS08185,0.0767036168584951
SYNPCC7942_RS09620,SYNPCC7942_RS10770,0.0767006369758548
SYNPCC7942_RS10170,SYNPCC7942_RS03900,0.0766875176906194
SYNPCC7942_RS03160,SYNPCC7942_RS00105,0.0766865189542193
SYNPCC7942_RS10040,SYNPCC7942_RS08380,0.0766576380603727
SYNPCC7942_RS12560,SYNPCC7942_RS00835,0.076656069459386
SYNPCC7942_RS00455,SYNPCC7942_RS06100,0.0766407551300056
SYNPCC7942_RS07435,SYNPCC7942_RS07315,0.0766382538476379
SYNPCC7942_RS05870,SYNPCC7942_RS12485,0.0766370370781227
SYNPCC7942_RS03960,SYNPCC7942_RS00820,0.07662996422391
SYNPCC7942_RS00560,SYNPCC7942_RS05025,0.0766243937154823
SYNPCC7942_RS09435,SYNPCC7942_RS12310,0.0766163881050927
SYNPCC7942_RS05870,SYNPCC7942_RS11495,0.0766037308948269
SYNPCC7942_RS00380,SYNPCC7942_RS02640,0.0765981677724629
SYNPCC7942_RS00765,SYNPCC7942_RS12025,0.0765954581085676
SYNPCC7942_RS03530,SYNPCC7942_RS09910,0.0765799187683367
SYNPCC7942_RS04225,SYNPCC7942_RS05465,0.0765735779025168
SYNPCC7942_RS03160,SYNPCC7942_RS07655,0.0765708707228648
SYNPCC7942_RS06365,SYNPCC7942_RS12295,0.076521595848294
SYNPCC7942_RS06370,SYNPCC7942_RS07705,0.0765170019716696
SYNPCC7942_RS00560,SYNPCC7942_RS08985,0.0765157958961189
SYNPCC7942_RS03440,SYNPCC7942_RS12000,0.0765069365843687
SYNPCC7942_RS07435,SYNPCC7942_RS12200,0.0764994337606099
SYNPCC7942_RS10700,SYNPCC7942_RS06615,0.076496066176687
SYNPCC7942_RS07435,SYNPCC7942_RS06190,0.0764899112709741
SYNPCC7942_RS09435,SYNPCC7942_RS04850,0.0764772279818687
SYNPCC7942_RS10700,SYNPCC7942_RS06890,0.0764651686766624
SYNPCC7942_RS10700,SYNPCC7942_RS08310,0.0764581203220017
SYNPCC7942_RS08850,SYNPCC7942_RS05330,0.0764571483310738
SYNPCC7942_RS03325,SYNPCC7942_RS11225,0.0764568044930542
SYNPCC7942_RS00645,SYNPCC7942_RS09440,0.076456044573159
SYNPCC7942_RS07185,SYNPCC7942_RS10890,0.0764545355312153
SYNPCC7942_RS06370,SYNPCC7942_RS00405,0.0764476762530517
SYNPCC7942_RS11465,SYNPCC7942_RS11965,0.0764462635796474
SYNPCC7942_RS05070,SYNPCC7942_RS14050,0.0764393196296363
SYNPCC7942_RS07185,SYNPCC7942_RS09210,0.0764361047332741
SYNPCC7942_RS10040,SYNPCC7942_RS12490,0.0764305986705605
SYNPCC7942_RS05870,SYNPCC7942_RS08135,0.0764220450715168
SYNPCC7942_RS09160,SYNPCC7942_RS13820,0.0764198048177989
SYNPCC7942_RS00380,SYNPCC7942_RS05480,0.0763989404063028
SYNPCC7942_RS09740,SYNPCC7942_RS02220,0.076398597736331
SYNPCC7942_RS03075,SYNPCC7942_RS13290,0.0763931799545548
SYNPCC7942_RS12275,SYNPCC7942_RS09300,0.0763909299851457
SYNPCC7942_RS12560,SYNPCC7942_RS03265,0.0763833051537138
SYNPCC7942_RS06370,SYNPCC7942_RS10130,0.0763733784067347
SYNPCC7942_RS10350,SYNPCC7942_RS12925,0.076369363954681
SYNPCC7942_RS00765,SYNPCC7942_RS05185,0.0763638444986482
SYNPCC7942_RS03160,SYNPCC7942_RS13615,0.0763581608833711
SYNPCC7942_RS07435,SYNPCC7942_RS06145,0.076354891132592
SYNPCC7942_RS03440,SYNPCC7942_RS11275,0.0763527221836356
SYNPCC7942_RS10700,SYNPCC7942_RS12575,0.0763423302952997
SYNPCC7942_RS03440,SYNPCC7942_RS12505,0.0763242162553757
SYNPCC7942_RS12560,SYNPCC7942_RS05045,0.076291474703033
SYNPCC7942_RS08780,SYNPCC7942_RS06935,0.0762789042915292
SYNPCC7942_RS03325,SYNPCC7942_RS07305,0.0762763160588088
SYNPCC7942_RS03260,SYNPCC7942_RS07780,0.0762730700782063
SYNPCC7942_RS10700,SYNPCC7942_RS00700,0.0762705730893124
SYNPCC7942_RS03160,SYNPCC7942_RS02980,0.0762633400725408
SYNPCC7942_RS06370,SYNPCC7942_RS06515,0.0762487940052672
SYNPCC7942_RS09740,SYNPCC7942_RS01345,0.0762420144565792
SYNPCC7942_RS09160,SYNPCC7942_RS06835,0.0762400562922596
SYNPCC7942_RS00645,SYNPCC7942_RS01445,0.076239673280729
SYNPCC7942_RS08885,SYNPCC7942_RS00585,0.0762367074547212
SYNPCC7942_RS05870,SYNPCC7942_RS00040,0.0762323865363461
SYNPCC7942_RS02830,SYNPCC7942_RS01610,0.0762182315054472
SYNPCC7942_RS09435,SYNPCC7942_RS10370,0.0762058433048737
SYNPCC7942_RS10170,SYNPCC7942_RS00225,0.0761838738024808
SYNPCC7942_RS00765,SYNPCC7942_RS05960,0.0761790089052651
SYNPCC7942_RS00480,SYNPCC7942_RS05585,0.0761696804882098
SYNPCC7942_RS05870,SYNPCC7942_RS06885,0.0761590792966652
SYNPCC7942_RS04225,SYNPCC7942_RS12250,0.0761513100308216
SYNPCC7942_RS03325,SYNPCC7942_RS12485,0.0761386764648273
SYNPCC7942_RS00455,SYNPCC7942_RS08690,0.0760971641554758
SYNPCC7942_RS00455,SYNPCC7942_RS01690,0.0760941468046193
SYNPCC7942_RS05870,SYNPCC7942_RS10295,0.0760796122949247
SYNPCC7942_RS00455,SYNPCC7942_RS08735,0.0760753725613128
SYNPCC7942_RS00645,SYNPCC7942_RS05145,0.0760713964335743
SYNPCC7942_RS03160,SYNPCC7942_RS13655,0.0760689186979755
SYNPCC7942_RS03465,SYNPCC7942_RS06880,0.076065749178513
SYNPCC7942_RS10700,SYNPCC7942_RS00215,0.0760507739691166
SYNPCC7942_RS00380,SYNPCC7942_RS04455,0.0760491336796268
SYNPCC7942_RS06370,SYNPCC7942_RS12060,0.0760469641118178
SYNPCC7942_RS03160,SYNPCC7942_RS11525,0.0760208482823371
SYNPCC7942_RS03440,SYNPCC7942_RS11260,0.0760105532245633
SYNPCC7942_RS00455,SYNPCC7942_RS09845,0.0760065851053383
SYNPCC7942_RS08885,SYNPCC7942_RS03185,0.0760062581002051
SYNPCC7942_RS00560,SYNPCC7942_RS03810,0.0759920828595768
SYNPCC7942_RS10340,SYNPCC7942_RS02975,0.0759879906612763
SYNPCC7942_RS07185,SYNPCC7942_RS05490,0.0759752903958051
SYNPCC7942_RS09740,SYNPCC7942_RS06070,0.0759746390957613
SYNPCC7942_RS10700,SYNPCC7942_RS11355,0.0759612350513214
SYNPCC7942_RS12560,SYNPCC7942_RS08540,0.0759612149271468
SYNPCC7942_RS00380,SYNPCC7942_RS01750,0.0759574187071651
SYNPCC7942_RS06365,SYNPCC7942_RS06355,0.0759506094827959
SYNPCC7942_RS12560,SYNPCC7942_RS07245,0.0759450974324961
SYNPCC7942_RS07805,SYNPCC7942_RS10415,0.0759436717522696
SYNPCC7942_RS03160,SYNPCC7942_RS10210,0.0759382233488623
SYNPCC7942_RS09740,SYNPCC7942_RS13045,0.0759373307290446
SYNPCC7942_RS06370,SYNPCC7942_RS01330,0.0759258460625176
SYNPCC7942_RS10350,SYNPCC7942_RS14200,0.0759218706488132
SYNPCC7942_RS00480,SYNPCC7942_RS02895,0.075881313471422
SYNPCC7942_RS09740,SYNPCC7942_RS09940,0.0758789138486857
SYNPCC7942_RS03160,SYNPCC7942_RS09950,0.0758650926850785
SYNPCC7942_RS03465,SYNPCC7942_RS11035,0.0758508507071577
SYNPCC7942_RS00765,SYNPCC7942_RS09140,0.0758494258922548
SYNPCC7942_RS03465,SYNPCC7942_RS00875,0.0758451620024147
SYNPCC7942_RS09740,SYNPCC7942_RS04260,0.0758339288105197
SYNPCC7942_RS08850,SYNPCC7942_RS11270,0.0758302799192215
SYNPCC7942_RS05870,SYNPCC7942_RS13040,0.0758275712288897
SYNPCC7942_RS12285,SYNPCC7942_RS00565,0.0758112900572404
SYNPCC7942_RS10700,SYNPCC7942_RS08655,0.0757890124800104
SYNPCC7942_RS10040,SYNPCC7942_RS08535,0.0757868697103516
SYNPCC7942_RS02895,SYNPCC7942_RS05400,0.0757765369482404
SYNPCC7942_RS03325,SYNPCC7942_RS08705,0.075767637837267
SYNPCC7942_RS03075,SYNPCC7942_RS09025,0.0757675162276364
SYNPCC7942_RS00455,SYNPCC7942_RS05505,0.0757628752565745
SYNPCC7942_RS03160,SYNPCC7942_RS13005,0.0757512636001338
SYNPCC7942_RS03160,SYNPCC7942_RS10715,0.0757497316016812
SYNPCC7942_RS08820,SYNPCC7942_RS08815,0.0757492256189646
SYNPCC7942_RS00455,SYNPCC7942_RS10640,0.075746285709193
SYNPCC7942_RS10700,SYNPCC7942_RS10440,0.0757461906272058
SYNPCC7942_RS11465,SYNPCC7942_RS12450,0.0757268578477989
SYNPCC7942_RS03955,SYNPCC7942_RS00525,0.0756830170975703
SYNPCC7942_RS07435,SYNPCC7942_RS12615,0.0756716213805225
SYNPCC7942_RS03465,SYNPCC7942_RS01090,0.0756710434356854
SYNPCC7942_RS03440,SYNPCC7942_RS01240,0.0756678763840307
SYNPCC7942_RS03160,SYNPCC7942_RS04290,0.0756656326806408
SYNPCC7942_RS10165,SYNPCC7942_RS03870,0.0756592101550147
SYNPCC7942_RS08885,SYNPCC7942_RS01195,0.0756497164111417
SYNPCC7942_RS05870,SYNPCC7942_RS07575,0.0756438888441668
SYNPCC7942_RS10700,SYNPCC7942_RS10330,0.0756362735812106
SYNPCC7942_RS09620,SYNPCC7942_RS07105,0.075634530244918
SYNPCC7942_RS08850,SYNPCC7942_RS14025,0.0756325646710904
SYNPCC7942_RS10700,SYNPCC7942_RS01410,0.0756271911447873
SYNPCC7942_RS07805,SYNPCC7942_RS10040,0.0756224646220298
SYNPCC7942_RS05070,SYNPCC7942_RS00520,0.0756164472592608
SYNPCC7942_RS00645,SYNPCC7942_RS10995,0.0756082515584836
SYNPCC7942_RS00765,SYNPCC7942_RS12360,0.0756064563549159
SYNPCC7942_RS08820,SYNPCC7942_RS08535,0.0756062762793026
SYNPCC7942_RS07185,SYNPCC7942_RS00515,0.0755929475000988
SYNPCC7942_RS03955,SYNPCC7942_RS07160,0.0755915185456629
SYNPCC7942_RS00380,SYNPCC7942_RS00375,0.0755762734838133
SYNPCC7942_RS08885,SYNPCC7942_RS00820,0.0755631890143315
SYNPCC7942_RS03160,SYNPCC7942_RS08955,0.075556063543572
SYNPCC7942_RS07185,SYNPCC7942_RS08285,0.075554349484662
SYNPCC7942_RS09380,SYNPCC7942_RS12970,0.0755270618012752
SYNPCC7942_RS05070,SYNPCC7942_RS13685,0.075522721694905
SYNPCC7942_RS03325,SYNPCC7942_RS05150,0.0755213234708128
SYNPCC7942_RS09500,SYNPCC7942_RS07890,0.0755168735700659
SYNPCC7942_RS09740,SYNPCC7942_RS12575,0.0755160538857979
SYNPCC7942_RS07185,SYNPCC7942_RS11840,0.075506642228831
SYNPCC7942_RS09740,SYNPCC7942_RS11405,0.0755061203019366
SYNPCC7942_RS07185,SYNPCC7942_RS06675,0.0755061174617453
SYNPCC7942_RS05870,SYNPCC7942_RS13125,0.0755044242303928
SYNPCC7942_RS06700,SYNPCC7942_RS01100,0.0755030573105201
SYNPCC7942_RS03325,SYNPCC7942_RS07915,0.0755029391873669
SYNPCC7942_RS08405,SYNPCC7942_RS13115,0.0755012274800783
SYNPCC7942_RS12560,SYNPCC7942_RS08705,0.0754924054592485
SYNPCC7942_RS03160,SYNPCC7942_RS02380,0.0754836065299255
SYNPCC7942_RS07185,SYNPCC7942_RS07250,0.0754723851394161
SYNPCC7942_RS07185,SYNPCC7942_RS09220,0.0754647467237973
SYNPCC7942_RS00380,SYNPCC7942_RS09670,0.0754641881409103
SYNPCC7942_RS09740,SYNPCC7942_RS07775,0.075460935302461
SYNPCC7942_RS08850,SYNPCC7942_RS02785,0.0754540034807614
SYNPCC7942_RS03160,SYNPCC7942_RS06435,0.0754536378089131
SYNPCC7942_RS10700,SYNPCC7942_RS00120,0.075452650049224
SYNPCC7942_RS05070,SYNPCC7942_RS03585,0.0754397616656954
SYNPCC7942_RS00455,SYNPCC7942_RS04075,0.0754369034687085
SYNPCC7942_RS03465,SYNPCC7942_RS00920,0.0754338167931153
SYNPCC7942_RS07185,SYNPCC7942_RS13295,0.0754249276843664
SYNPCC7942_RS03160,SYNPCC7942_RS02675,0.0754091937871944
SYNPCC7942_RS00455,SYNPCC7942_RS07130,0.075405464681575
SYNPCC7942_RS05870,SYNPCC7942_RS07450,0.0753911145860019
SYNPCC7942_RS11465,SYNPCC7942_RS10850,0.0753878919221383
SYNPCC7942_RS00380,SYNPCC7942_RS07595,0.0753856543375304
SYNPCC7942_RS10700,SYNPCC7942_RS04195,0.0753302440183537
SYNPCC7942_RS09740,SYNPCC7942_RS03340,0.0753156792734062
SYNPCC7942_RS03440,SYNPCC7942_RS01000,0.0752947307445685
SYNPCC7942_RS10700,SYNPCC7942_RS10145,0.0752874489795189
SYNPCC7942_RS03160,SYNPCC7942_RS12795,0.0752779363908637
SYNPCC7942_RS00645,SYNPCC7942_RS11450,0.0752733254597581
SYNPCC7942_RS07185,SYNPCC7942_RS02800,0.0752728940584878
SYNPCC7942_RS09760,SYNPCC7942_RS02375,0.0752711191018357
SYNPCC7942_RS10700,SYNPCC7942_RS05170,0.0752706435955361
SYNPCC7942_RS09760,SYNPCC7942_RS01295,0.0752623962620807
SYNPCC7942_RS08885,SYNPCC7942_RS10070,0.075255072857505
SYNPCC7942_RS07435,SYNPCC7942_RS02165,0.07525261257969
SYNPCC7942_RS00645,SYNPCC7942_RS07405,0.0752501244843555
SYNPCC7942_RS03465,SYNPCC7942_RS01035,0.0752486993024103
SYNPCC7942_RS07185,SYNPCC7942_RS01365,0.0752476241982096
SYNPCC7942_RS09435,SYNPCC7942_RS08425,0.0752471992517284
SYNPCC7942_RS00455,SYNPCC7942_RS06900,0.0752464815896182
SYNPCC7942_RS10165,SYNPCC7942_RS02875,0.075239515802389
SYNPCC7942_RS03160,SYNPCC7942_RS13175,0.075234607028752
SYNPCC7942_RS11970,SYNPCC7942_RS07480,0.0752289896466147
SYNPCC7942_RS12560,SYNPCC7942_RS10770,0.0752243777005687
SYNPCC7942_RS08820,SYNPCC7942_RS09785,0.0752120837811195
SYNPCC7942_RS00455,SYNPCC7942_RS11005,0.0752002942126282
SYNPCC7942_RS11970,SYNPCC7942_RS09100,0.07519523654858
SYNPCC7942_RS07185,SYNPCC7942_RS07180,0.0751932697952689
SYNPCC7942_RS09160,SYNPCC7942_RS09245,0.0751918642275163
SYNPCC7942_RS09740,SYNPCC7942_RS09215,0.0751902093153996
SYNPCC7942_RS10700,SYNPCC7942_RS07005,0.0751865616431859
SYNPCC7942_RS08885,SYNPCC7942_RS09315,0.0751804489517224
SYNPCC7942_RS05230,SYNPCC7942_RS09870,0.0751790739088156
SYNPCC7942_RS11465,SYNPCC7942_RS06720,0.0751736688862416
SYNPCC7942_RS00455,SYNPCC7942_RS03145,0.0751724666943089
SYNPCC7942_RS10700,SYNPCC7942_RS12955,0.0751588389708445
SYNPCC7942_RS06370,SYNPCC7942_RS08740,0.0751524456999074
SYNPCC7942_RS07185,SYNPCC7942_RS00600,0.0751524306319941
SYNPCC7942_RS00455,SYNPCC7942_RS12785,0.0751522847560476
SYNPCC7942_RS08885,SYNPCC7942_RS12855,0.0751451770817085
SYNPCC7942_RS08885,SYNPCC7942_RS05530,0.0751439886001996
SYNPCC7942_RS07185,SYNPCC7942_RS00420,0.0751384872919622
SYNPCC7942_RS09435,SYNPCC7942_RS10580,0.0751369539032904
SYNPCC7942_RS03325,SYNPCC7942_RS04205,0.0751204241725684
SYNPCC7942_RS12535,SYNPCC7942_RS00860,0.0750997655204482
SYNPCC7942_RS12535,SYNPCC7942_RS00765,0.075088887997259
SYNPCC7942_RS03325,SYNPCC7942_RS04700,0.0750726696471346
SYNPCC7942_RS10700,SYNPCC7942_RS10570,0.0750724454426827
SYNPCC7942_RS09620,SYNPCC7942_RS05960,0.0750700567176852
SYNPCC7942_RS09620,SYNPCC7942_RS11810,0.0750695840531178
SYNPCC7942_RS03160,SYNPCC7942_RS01495,0.0750675417275393
SYNPCC7942_RS09500,SYNPCC7942_RS00265,0.0750675087761036
SYNPCC7942_RS03160,SYNPCC7942_RS00215,0.0750663380373019
SYNPCC7942_RS07185,SYNPCC7942_RS02200,0.0750599331270388
SYNPCC7942_RS12560,SYNPCC7942_RS02540,0.0750551820587506
SYNPCC7942_RS03160,SYNPCC7942_RS07915,0.0750454580664152
SYNPCC7942_RS10700,SYNPCC7942_RS02950,0.0750440201060025
SYNPCC7942_RS00765,SYNPCC7942_RS07070,0.0750405251342137
SYNPCC7942_RS00380,SYNPCC7942_RS00965,0.0750362290263309
SYNPCC7942_RS10700,SYNPCC7942_RS10525,0.0750359164488172
SYNPCC7942_RS00645,SYNPCC7942_RS02190,0.0750354502621737
SYNPCC7942_RS00455,SYNPCC7942_RS10975,0.0750324954991013
SYNPCC7942_RS03960,SYNPCC7942_RS06665,0.0750309994628496
SYNPCC7942_RS10700,SYNPCC7942_RS03645,0.0750292102382668
SYNPCC7942_RS08645,SYNPCC7942_RS07570,0.0750287816200405
SYNPCC7942_RS03075,SYNPCC7942_RS11365,0.0750136493584658
SYNPCC7942_RS00455,SYNPCC7942_RS04140,0.0749905846763565
SYNPCC7942_RS00455,SYNPCC7942_RS03090,0.0749780409867793
SYNPCC7942_RS03160,SYNPCC7942_RS05665,0.0749749204224772
SYNPCC7942_RS10700,SYNPCC7942_RS07340,0.07497400705582
SYNPCC7942_RS09160,SYNPCC7942_RS00430,0.0749725153597522
SYNPCC7942_RS00380,SYNPCC7942_RS13715,0.0749662176997696
SYNPCC7942_RS05870,SYNPCC7942_RS08625,0.0749630915651509
SYNPCC7942_RS09740,SYNPCC7942_RS04625,0.0749614084204825
SYNPCC7942_RS03160,SYNPCC7942_RS12335,0.0749594497812375
SYNPCC7942_RS08885,SYNPCC7942_RS03200,0.0749494726688328
SYNPCC7942_RS03160,SYNPCC7942_RS08500,0.074946587835455
SYNPCC7942_RS12275,SYNPCC7942_RS11645,0.074944687960145
SYNPCC7942_RS02830,SYNPCC7942_RS11720,0.0749366355548292
SYNPCC7942_RS00645,SYNPCC7942_RS06780,0.0749342763095683
SYNPCC7942_RS08405,SYNPCC7942_RS07350,0.0749143971571034
SYNPCC7942_RS03440,SYNPCC7942_RS05730,0.0749141774146592
SYNPCC7942_RS08885,SYNPCC7942_RS06400,0.0749117443148155
SYNPCC7942_RS10700,SYNPCC7942_RS09225,0.0749116084475118
SYNPCC7942_RS00645,SYNPCC7942_RS06370,0.0748901010053328
SYNPCC7942_RS00645,SYNPCC7942_RS03495,0.0748889727801143
SYNPCC7942_RS05640,SYNPCC7942_RS06500,0.0748852197045535
SYNPCC7942_RS05640,SYNPCC7942_RS05005,0.0748771806818294
SYNPCC7942_RS10700,SYNPCC7942_RS01210,0.0748681814043567
SYNPCC7942_RS07185,SYNPCC7942_RS11895,0.0748677446551681
SYNPCC7942_RS02830,SYNPCC7942_RS02780,0.0748657274072008
SYNPCC7942_RS03440,SYNPCC7942_RS12415,0.0748533922703131
SYNPCC7942_RS08885,SYNPCC7942_RS00490,0.0748499333665621
SYNPCC7942_RS10700,SYNPCC7942_RS11490,0.0748468757689026
SYNPCC7942_RS09935,SYNPCC7942_RS07470,0.074834792979379
SYNPCC7942_RS09740,SYNPCC7942_RS01845,0.0748319830153749
SYNPCC7942_RS07435,SYNPCC7942_RS00370,0.0748210394209699
SYNPCC7942_RS07185,SYNPCC7942_RS09525,0.0748191695376081
SYNPCC7942_RS09620,SYNPCC7942_RS10240,0.0748187884618673
SYNPCC7942_RS09500,SYNPCC7942_RS09410,0.0747711546923493
SYNPCC7942_RS08885,SYNPCC7942_RS13855,0.0747665061354378
SYNPCC7942_RS00455,SYNPCC7942_RS01285,0.0747590176258434
SYNPCC7942_RS10700,SYNPCC7942_RS00375,0.0747570254961964
SYNPCC7942_RS03160,SYNPCC7942_RS00560,0.0747535960487912
SYNPCC7942_RS10700,SYNPCC7942_RS09685,0.074736010199641
SYNPCC7942_RS10700,SYNPCC7942_RS13225,0.0747277380174475
SYNPCC7942_RS08645,SYNPCC7942_RS04310,0.0747237267621369
SYNPCC7942_RS05870,SYNPCC7942_RS10570,0.0747131869303932
SYNPCC7942_RS06230,SYNPCC7942_RS00475,0.0747038267278641
SYNPCC7942_RS08820,SYNPCC7942_RS08825,0.0746855260563511
SYNPCC7942_RS07435,SYNPCC7942_RS04260,0.0746759602253143
SYNPCC7942_RS06370,SYNPCC7942_RS10105,0.0746757034345777
SYNPCC7942_RS03160,SYNPCC7942_RS07445,0.0746713551695455
SYNPCC7942_RS02895,SYNPCC7942_RS01950,0.0746680437438438
SYNPCC7942_RS10700,SYNPCC7942_RS06145,0.0746658949212623
SYNPCC7942_RS07435,SYNPCC7942_RS06300,0.0746634046478148
SYNPCC7942_RS03955,SYNPCC7942_RS00310,0.0746494405865091
SYNPCC7942_RS05640,SYNPCC7942_RS06755,0.0746421182708613
SYNPCC7942_RS09065,SYNPCC7942_RS08030,0.07464185838496
SYNPCC7942_RS03160,SYNPCC7942_RS10830,0.0746410060225953
SYNPCC7942_RS05870,SYNPCC7942_RS04730,0.0746122053852813
SYNPCC7942_RS09740,SYNPCC7942_RS06780,0.0746040218465447
SYNPCC7942_RS09065,SYNPCC7942_RS07400,0.0745881716830555
SYNPCC7942_RS06370,SYNPCC7942_RS08690,0.0745871781278306
SYNPCC7942_RS09740,SYNPCC7942_RS12475,0.0745868999450738
SYNPCC7942_RS03325,SYNPCC7942_RS11230,0.0745838151963711
SYNPCC7942_RS10165,SYNPCC7942_RS07965,0.0745833862920481
SYNPCC7942_RS00380,SYNPCC7942_RS08305,0.0745813555911078
SYNPCC7942_RS12275,SYNPCC7942_RS09480,0.07457577395242
SYNPCC7942_RS07185,SYNPCC7942_RS12105,0.0745756929478599
SYNPCC7942_RS08405,SYNPCC7942_RS06215,0.0745692663481496
SYNPCC7942_RS03160,SYNPCC7942_RS11000,0.0745578649177947
SYNPCC7942_RS09435,SYNPCC7942_RS08760,0.0745521863301719
SYNPCC7942_RS05070,SYNPCC7942_RS03315,0.074547497448039
SYNPCC7942_RS00765,SYNPCC7942_RS10405,0.0745089245800247
SYNPCC7942_RS00645,SYNPCC7942_RS02565,0.0745015831980464
SYNPCC7942_RS03160,SYNPCC7942_RS08155,0.0744780701084682
SYNPCC7942_RS03260,SYNPCC7942_RS12880,0.0744721452011934
SYNPCC7942_RS10165,SYNPCC7942_RS03795,0.0744693576865863
SYNPCC7942_RS07185,SYNPCC7942_RS04250,0.0744671388474338
SYNPCC7942_RS00455,SYNPCC7942_RS06060,0.0744660893640414
SYNPCC7942_RS09160,SYNPCC7942_RS07215,0.0744591421629785
SYNPCC7942_RS03160,SYNPCC7942_RS11640,0.074456810788842
SYNPCC7942_RS00645,SYNPCC7942_RS01260,0.0744479763523948
SYNPCC7942_RS12285,SYNPCC7942_RS09045,0.0744432545062254
SYNPCC7942_RS00645,SYNPCC7942_RS05560,0.0744401197564699
SYNPCC7942_RS08405,SYNPCC7942_RS10530,0.0744377554075549
SYNPCC7942_RS10700,SYNPCC7942_RS04700,0.0744313962267226
SYNPCC7942_RS09620,SYNPCC7942_RS01275,0.0744302066675163
SYNPCC7942_RS05640,SYNPCC7942_RS09405,0.0744284664043138
SYNPCC7942_RS02895,SYNPCC7942_RS06345,0.0744182888436639
SYNPCC7942_RS09620,SYNPCC7942_RS08705,0.0744181039555292
SYNPCC7942_RS09620,SYNPCC7942_RS01175,0.0744116322735451
SYNPCC7942_RS07435,SYNPCC7942_RS05115,0.0744061131366879
SYNPCC7942_RS12560,SYNPCC7942_RS04350,0.0744047838880798
SYNPCC7942_RS03160,SYNPCC7942_RS08710,0.0744032690771979
SYNPCC7942_RS09500,SYNPCC7942_RS07525,0.0743913822964955
SYNPCC7942_RS03465,SYNPCC7942_RS03575,0.0743802506130277
SYNPCC7942_RS03465,SYNPCC7942_RS07465,0.0743793942227426
SYNPCC7942_RS08885,SYNPCC7942_RS06750,0.0743649089431011
SYNPCC7942_RS12560,SYNPCC7942_RS01790,0.074363496903442
SYNPCC7942_RS09380,SYNPCC7942_RS01020,0.0743623467727141
SYNPCC7942_RS05870,SYNPCC7942_RS07440,0.0743543192681396
SYNPCC7942_RS03325,SYNPCC7942_RS06525,0.0743465100240722
SYNPCC7942_RS12560,SYNPCC7942_RS10550,0.0743408476644279
SYNPCC7942_RS00765,SYNPCC7942_RS03525,0.0743264191951427
SYNPCC7942_RS00455,SYNPCC7942_RS07845,0.0743151722433789
SYNPCC7942_RS10700,SYNPCC7942_RS11755,0.0743142403973073
SYNPCC7942_RS00455,SYNPCC7942_RS05980,0.0743074302049272
SYNPCC7942_RS00380,SYNPCC7942_RS10080,0.074299573254278
SYNPCC7942_RS09435,SYNPCC7942_RS04210,0.0742814368960921
SYNPCC7942_RS03465,SYNPCC7942_RS12355,0.0742785638631095
SYNPCC7942_RS08405,SYNPCC7942_RS02900,0.0742773443237418
SYNPCC7942_RS00645,SYNPCC7942_RS05215,0.0742511390701809
SYNPCC7942_RS10350,SYNPCC7942_RS02005,0.0742475235882878
SYNPCC7942_RS09740,SYNPCC7942_RS01925,0.0742344108488197
SYNPCC7942_RS10700,SYNPCC7942_RS00110,0.0742119794722836
SYNPCC7942_RS00645,SYNPCC7942_RS12470,0.0742086151996385
SYNPCC7942_RS03465,SYNPCC7942_RS06640,0.074202930611812
SYNPCC7942_RS03440,SYNPCC7942_RS03580,0.0742024141221702
SYNPCC7942_RS03160,SYNPCC7942_RS12785,0.0742010264839695
SYNPCC7942_RS11970,SYNPCC7942_RS07475,0.0741848305935552
SYNPCC7942_RS10700,SYNPCC7942_RS04780,0.0741780587230241
SYNPCC7942_RS11465,SYNPCC7942_RS01655,0.0741738507467571
SYNPCC7942_RS09760,SYNPCC7942_RS00905,0.0741509356455431
SYNPCC7942_RS10700,SYNPCC7942_RS04455,0.0741210598079341
SYNPCC7942_RS09740,SYNPCC7942_RS05735,0.0741207358373678
SYNPCC7942_RS10040,SYNPCC7942_RS11140,0.074116529530934
SYNPCC7942_RS02830,SYNPCC7942_RS10155,0.0741131489027517
SYNPCC7942_RS10040,SYNPCC7942_RS12355,0.0741063292005372
SYNPCC7942_RS07185,SYNPCC7942_RS13235,0.074106235753782
SYNPCC7942_RS09620,SYNPCC7942_RS06940,0.0741037686161931
SYNPCC7942_RS09160,SYNPCC7942_RS08825,0.0740950068216349
SYNPCC7942_RS12275,SYNPCC7942_RS05730,0.0740884393501886
SYNPCC7942_RS10700,SYNPCC7942_RS06385,0.0740755637822651
SYNPCC7942_RS10700,SYNPCC7942_RS00805,0.074057755391451
SYNPCC7942_RS11465,SYNPCC7942_RS10780,0.0740482060939403
SYNPCC7942_RS03955,SYNPCC7942_RS13685,0.074042230088011
SYNPCC7942_RS03440,SYNPCC7942_RS02785,0.0740371121381008
SYNPCC7942_RS07185,SYNPCC7942_RS11835,0.0740316035391281
SYNPCC7942_RS00645,SYNPCC7942_RS08865,0.07402888030488
SYNPCC7942_RS10700,SYNPCC7942_RS07635,0.0740185755236931
SYNPCC7942_RS05870,SYNPCC7942_RS02570,0.0740179366201164
SYNPCC7942_RS03465,SYNPCC7942_RS01720,0.0740175603264089
SYNPCC7942_RS09435,SYNPCC7942_RS09990,0.074016703773953
SYNPCC7942_RS07185,SYNPCC7942_RS04005,0.074003474729047
SYNPCC7942_RS09740,SYNPCC7942_RS11530,0.0740026951784987
SYNPCC7942_RS03075,SYNPCC7942_RS09895,0.0739846071767657
SYNPCC7942_RS13165,SYNPCC7942_RS07230,0.0739812563245303
SYNPCC7942_RS03530,SYNPCC7942_RS12090,0.0739775385380858
SYNPCC7942_RS03955,SYNPCC7942_RS04670,0.0739707048286342
SYNPCC7942_RS10170,SYNPCC7942_RS03035,0.0739706323197996
SYNPCC7942_RS08780,SYNPCC7942_RS07530,0.0739428853381039
SYNPCC7942_RS07940,SYNPCC7942_RS08520,0.0739414471918145
SYNPCC7942_RS08780,SYNPCC7942_RS09495,0.073941140745288
SYNPCC7942_RS07185,SYNPCC7942_RS03530,0.0739389802121241
SYNPCC7942_RS02895,SYNPCC7942_RS10395,0.0739377895824751
SYNPCC7942_RS00455,SYNPCC7942_RS01455,0.0739375260768261
SYNPCC7942_RS07435,SYNPCC7942_RS05785,0.073937473208263
SYNPCC7942_RS03160,SYNPCC7942_RS04695,0.0739371961727543
SYNPCC7942_RS00455,SYNPCC7942_RS01730,0.0739051657976454
SYNPCC7942_RS07435,SYNPCC7942_RS05980,0.0739007334513086
SYNPCC7942_RS03160,SYNPCC7942_RS00325,0.0738999894191057
SYNPCC7942_RS09740,SYNPCC7942_RS11895,0.0738790692099639
SYNPCC7942_RS03160,SYNPCC7942_RS06065,0.0738775477789211
SYNPCC7942_RS00645,SYNPCC7942_RS08210,0.0738757857033265
SYNPCC7942_RS08885,SYNPCC7942_RS14145,0.073834063819078
SYNPCC7942_RS10700,SYNPCC7942_RS06095,0.0738269667986532
SYNPCC7942_RS09935,SYNPCC7942_RS11675,0.0738210148288509
SYNPCC7942_RS00380,SYNPCC7942_RS03140,0.0738106420233254
SYNPCC7942_RS08580,SYNPCC7942_RS14045,0.0738073497533839
SYNPCC7942_RS02895,SYNPCC7942_RS05585,0.0737992754464845
SYNPCC7942_RS09740,SYNPCC7942_RS04750,0.0737934201173575
SYNPCC7942_RS09380,SYNPCC7942_RS01885,0.0737907027475518
SYNPCC7942_RS00380,SYNPCC7942_RS07640,0.0737881614156708
SYNPCC7942_RS13695,SYNPCC7942_RS07260,0.0737852328412871
SYNPCC7942_RS11970,SYNPCC7942_RS03910,0.0737701386076149
SYNPCC7942_RS00380,SYNPCC7942_RS11875,0.0737669965710924
SYNPCC7942_RS13165,SYNPCC7942_RS00220,0.0737633534783077
SYNPCC7942_RS03160,SYNPCC7942_RS02275,0.0737594191706583
SYNPCC7942_RS00645,SYNPCC7942_RS11660,0.0737506309043557
SYNPCC7942_RS00765,SYNPCC7942_RS06940,0.0737474680751277
SYNPCC7942_RS02895,SYNPCC7942_RS07735,0.0737300163891739
SYNPCC7942_RS07435,SYNPCC7942_RS08735,0.0737247222883332
SYNPCC7942_RS05870,SYNPCC7942_RS04765,0.0737086548843776
SYNPCC7942_RS09935,SYNPCC7942_RS11295,0.0737076349283896
SYNPCC7942_RS10340,SYNPCC7942_RS04500,0.0736989769605748
SYNPCC7942_RS08885,SYNPCC7942_RS03950,0.073695416153794
SYNPCC7942_RS05640,SYNPCC7942_RS07635,0.0736768971619095
SYNPCC7942_RS03160,SYNPCC7942_RS12225,0.0736750939599255
SYNPCC7942_RS00645,SYNPCC7942_RS14015,0.0736742558675092
SYNPCC7942_RS03160,SYNPCC7942_RS09900,0.0736667342309118
SYNPCC7942_RS12285,SYNPCC7942_RS11705,0.0736534318475734
SYNPCC7942_RS10340,SYNPCC7942_RS04105,0.0736387075084148
SYNPCC7942_RS03465,SYNPCC7942_RS13615,0.0736354662744403
SYNPCC7942_RS08405,SYNPCC7942_RS06965,0.0736349414697633
SYNPCC7942_RS09740,SYNPCC7942_RS06815,0.0736225545777
SYNPCC7942_RS03075,SYNPCC7942_RS08930,0.0736215079246157
SYNPCC7942_RS08820,SYNPCC7942_RS05050,0.0736123222736728
SYNPCC7942_RS08405,SYNPCC7942_RS11615,0.0736094078471481
SYNPCC7942_RS10165,SYNPCC7942_RS04705,0.0736041452927138
SYNPCC7942_RS00380,SYNPCC7942_RS05760,0.0736002855902972
SYNPCC7942_RS09740,SYNPCC7942_RS00015,0.0735997626055352
SYNPCC7942_RS09160,SYNPCC7942_RS02525,0.0735991100607648
SYNPCC7942_RS05230,SYNPCC7942_RS01830,0.0735808319219458
SYNPCC7942_RS08780,SYNPCC7942_RS08770,0.0735804416803833
SYNPCC7942_RS07435,SYNPCC7942_RS06015,0.0735746398768883
SYNPCC7942_RS00455,SYNPCC7942_RS03405,0.073573292228832
SYNPCC7942_RS06370,SYNPCC7942_RS08925,0.0735655235577426
SYNPCC7942_RS07435,SYNPCC7942_RS12585,0.0735617098772288
SYNPCC7942_RS10700,SYNPCC7942_RS09475,0.0735591456674064
SYNPCC7942_RS00645,SYNPCC7942_RS07445,0.0735551059292042
SYNPCC7942_RS03530,SYNPCC7942_RS02825,0.0735319625013557
SYNPCC7942_RS05870,SYNPCC7942_RS09055,0.0735303353711932
SYNPCC7942_RS11970,SYNPCC7942_RS01115,0.0735263975008084
SYNPCC7942_RS09500,SYNPCC7942_RS10085,0.0735092413429331
SYNPCC7942_RS10700,SYNPCC7942_RS12930,0.0735000792267791
SYNPCC7942_RS07940,SYNPCC7942_RS05690,0.0734965320466125
