regulatoryGene,targetGene,weight
SYNPCC7942_RS11050,SYNPCC7942_RS11040,0.245657690484122
SYNPCC7942_RS06230,SYNPCC7942_RS06235,0.237030491178062
SYNPCC7942_RS11050,SYNPCC7942_RS11045,0.230330630330857
SYNPCC7942_RS03260,SYNPCC7942_RS03255,0.210790236513223
SYNPCC7942_RS09760,SYNPCC7942_RS02975,0.198940042286965
SYNPCC7942_RS08580,SYNPCC7942_RS08575,0.198930480269766
SYNPCC7942_RS02830,SYNPCC7942_RS11870,0.198382003551731
SYNPCC7942_RS09760,SYNPCC7942_RS01905,0.196449079798706
SYNPCC7942_RS09760,SYNPCC7942_RS02270,0.19515056583259
SYNPCC7942_RS09760,SYNPCC7942_RS09085,0.194372696460391
SYNPCC7942_RS09760,SYNPCC7942_RS06455,0.193431148697846
SYNPCC7942_RS09760,SYNPCC7942_RS09485,0.192387817615914
SYNPCC7942_RS09760,SYNPCC7942_RS09490,0.191194020399086
SYNPCC7942_RS03075,SYNPCC7942_RS01415,0.191140823603785
SYNPCC7942_RS09760,SYNPCC7942_RS02265,0.190207994728263
SYNPCC7942_RS02830,SYNPCC7942_RS07120,0.188494891508361
SYNPCC7942_RS09760,SYNPCC7942_RS01165,0.187748594529682
SYNPCC7942_RS00560,SYNPCC7942_RS00555,0.187438653792881
SYNPCC7942_RS09760,SYNPCC7942_RS09145,0.180004178402739
SYNPCC7942_RS02830,SYNPCC7942_RS14100,0.178332405924808
SYNPCC7942_RS08885,SYNPCC7942_RS08880,0.178137641715929
SYNPCC7942_RS11970,SYNPCC7942_RS12420,0.176470400670632
SYNPCC7942_RS03075,SYNPCC7942_RS11460,0.176219785365875
SYNPCC7942_RS12560,SYNPCC7942_RS12745,0.172390813502875
SYNPCC7942_RS03075,SYNPCC7942_RS12995,0.172025111901988
SYNPCC7942_RS02830,SYNPCC7942_RS11825,0.171840961062531
SYNPCC7942_RS02830,SYNPCC7942_RS12995,0.171322369863948
SYNPCC7942_RS09380,SYNPCC7942_RS11865,0.169844504286423
SYNPCC7942_RS02830,SYNPCC7942_RS11865,0.168452317351299
SYNPCC7942_RS02830,SYNPCC7942_RS01550,0.168057054922983
SYNPCC7942_RS00645,SYNPCC7942_RS06355,0.168001004210785
SYNPCC7942_RS09760,SYNPCC7942_RS08230,0.167292797650089
SYNPCC7942_RS02830,SYNPCC7942_RS09380,0.166282430791492
SYNPCC7942_RS03075,SYNPCC7942_RS08215,0.165932884369424
SYNPCC7942_RS02830,SYNPCC7942_RS00795,0.1650825037595
SYNPCC7942_RS03075,SYNPCC7942_RS12980,0.165069153702306
SYNPCC7942_RS06365,SYNPCC7942_RS06360,0.164491733063042
SYNPCC7942_RS03075,SYNPCC7942_RS09380,0.164245934690929
SYNPCC7942_RS09380,SYNPCC7942_RS08035,0.163586721024538
SYNPCC7942_RS09380,SYNPCC7942_RS14100,0.163219923502702
SYNPCC7942_RS00480,SYNPCC7942_RS06235,0.162567216171772
SYNPCC7942_RS09380,SYNPCC7942_RS02830,0.161042920035062
SYNPCC7942_RS02830,SYNPCC7942_RS03485,0.160805042780066
SYNPCC7942_RS12560,SYNPCC7942_RS02015,0.160361033944455
SYNPCC7942_RS02830,SYNPCC7942_RS11860,0.159528036471026
SYNPCC7942_RS08580,SYNPCC7942_RS08570,0.159357831200389
SYNPCC7942_RS11970,SYNPCC7942_RS12425,0.15879457594874
SYNPCC7942_RS09760,SYNPCC7942_RS02815,0.158566302513929
SYNPCC7942_RS02830,SYNPCC7942_RS08225,0.158155250809817
SYNPCC7942_RS09380,SYNPCC7942_RS08030,0.158090149715104
SYNPCC7942_RS09380,SYNPCC7942_RS08005,0.158072978818572
SYNPCC7942_RS03260,SYNPCC7942_RS03265,0.156529640201074
SYNPCC7942_RS09380,SYNPCC7942_RS08225,0.155702859452372
SYNPCC7942_RS03075,SYNPCC7942_RS01420,0.155646147699508
SYNPCC7942_RS02830,SYNPCC7942_RS12990,0.15483059330972
SYNPCC7942_RS03075,SYNPCC7942_RS08225,0.153703784035449
SYNPCC7942_RS02830,SYNPCC7942_RS01880,0.153502353350454
SYNPCC7942_RS03075,SYNPCC7942_RS11825,0.152765933829618
SYNPCC7942_RS09380,SYNPCC7942_RS11825,0.152709938028288
SYNPCC7942_RS09380,SYNPCC7942_RS11860,0.152709920899083
SYNPCC7942_RS12275,SYNPCC7942_RS01855,0.152659112871282
SYNPCC7942_RS03075,SYNPCC7942_RS01885,0.152103701508333
SYNPCC7942_RS08580,SYNPCC7942_RS08565,0.151921171340307
SYNPCC7942_RS03075,SYNPCC7942_RS01995,0.151557478986925
SYNPCC7942_RS09380,SYNPCC7942_RS11870,0.151535083298529
SYNPCC7942_RS09380,SYNPCC7942_RS01250,0.151416025547887
SYNPCC7942_RS09380,SYNPCC7942_RS03075,0.151354144248066
SYNPCC7942_RS09760,SYNPCC7942_RS01170,0.150597785848961
SYNPCC7942_RS11970,SYNPCC7942_RS11975,0.150543258705005
SYNPCC7942_RS03075,SYNPCC7942_RS05895,0.150222384382821
SYNPCC7942_RS02895,SYNPCC7942_RS05140,0.149807296140851
SYNPCC7942_RS12560,SYNPCC7942_RS11510,0.149407310168762
SYNPCC7942_RS03075,SYNPCC7942_RS01250,0.149328762806512
SYNPCC7942_RS03075,SYNPCC7942_RS03305,0.149233929605395
SYNPCC7942_RS02830,SYNPCC7942_RS11520,0.149233714598941
SYNPCC7942_RS09380,SYNPCC7942_RS01550,0.14916150640971
SYNPCC7942_RS07435,SYNPCC7942_RS10965,0.149090640855247
SYNPCC7942_RS07435,SYNPCC7942_RS08315,0.148057424376496
SYNPCC7942_RS03075,SYNPCC7942_RS07120,0.14784347225971
SYNPCC7942_RS09380,SYNPCC7942_RS01245,0.147744342159244
SYNPCC7942_RS10340,SYNPCC7942_RS05920,0.147618587895304
SYNPCC7942_RS09380,SYNPCC7942_RS10555,0.147278447092232
SYNPCC7942_RS08885,SYNPCC7942_RS01325,0.146981122176203
SYNPCC7942_RS03075,SYNPCC7942_RS12990,0.146784210139102
SYNPCC7942_RS09065,SYNPCC7942_RS09070,0.146758723710636
SYNPCC7942_RS09380,SYNPCC7942_RS08040,0.146603011420192
SYNPCC7942_RS09380,SYNPCC7942_RS00195,0.146594464215091
SYNPCC7942_RS03075,SYNPCC7942_RS12985,0.146147363273128
SYNPCC7942_RS12560,SYNPCC7942_RS04100,0.14605539834852
SYNPCC7942_RS12560,SYNPCC7942_RS05845,0.145417470195052
SYNPCC7942_RS03075,SYNPCC7942_RS08005,0.145364376657294
SYNPCC7942_RS12275,SYNPCC7942_RS01100,0.145216310525135
SYNPCC7942_RS05195,SYNPCC7942_RS05190,0.144996258298034
SYNPCC7942_RS06700,SYNPCC7942_RS07545,0.144109916926309
SYNPCC7942_RS02830,SYNPCC7942_RS11105,0.143947638882418
SYNPCC7942_RS08580,SYNPCC7942_RS08605,0.143378782578112
SYNPCC7942_RS00645,SYNPCC7942_RS10680,0.143182177689609
SYNPCC7942_RS12560,SYNPCC7942_RS03285,0.143142497748737
SYNPCC7942_RS12560,SYNPCC7942_RS07765,0.143035823728166
SYNPCC7942_RS09380,SYNPCC7942_RS07120,0.14279387763222
SYNPCC7942_RS09760,SYNPCC7942_RS09815,0.142778676102444
SYNPCC7942_RS12560,SYNPCC7942_RS11890,0.142616462577954
SYNPCC7942_RS03160,SYNPCC7942_RS10110,0.142452567476426
SYNPCC7942_RS02830,SYNPCC7942_RS07010,0.141771568152911
SYNPCC7942_RS02830,SYNPCC7942_RS08215,0.141762319853059
SYNPCC7942_RS07435,SYNPCC7942_RS04390,0.141740549505405
SYNPCC7942_RS03465,SYNPCC7942_RS13955,0.141710978498992
SYNPCC7942_RS12560,SYNPCC7942_RS12820,0.141692335831837
SYNPCC7942_RS09380,SYNPCC7942_RS10540,0.140363997894841
SYNPCC7942_RS03465,SYNPCC7942_RS09325,0.140341385864255
SYNPCC7942_RS07435,SYNPCC7942_RS01965,0.140217648549375
SYNPCC7942_RS03075,SYNPCC7942_RS00175,0.139891352759741
SYNPCC7942_RS03075,SYNPCC7942_RS14100,0.139819042889597
SYNPCC7942_RS07435,SYNPCC7942_RS10050,0.139721530081564
SYNPCC7942_RS09065,SYNPCC7942_RS07695,0.139587017805034
SYNPCC7942_RS09380,SYNPCC7942_RS08220,0.139469388330335
SYNPCC7942_RS07435,SYNPCC7942_RS01695,0.13911898535487
SYNPCC7942_RS03465,SYNPCC7942_RS08470,0.138918798073257
SYNPCC7942_RS07435,SYNPCC7942_RS00925,0.13838850442808
SYNPCC7942_RS09380,SYNPCC7942_RS08215,0.138267605260085
SYNPCC7942_RS07435,SYNPCC7942_RS01465,0.138241559131294
SYNPCC7942_RS03075,SYNPCC7942_RS13190,0.138237683256649
SYNPCC7942_RS03075,SYNPCC7942_RS02535,0.138188604209198
SYNPCC7942_RS02830,SYNPCC7942_RS12965,0.138143935068142
SYNPCC7942_RS09760,SYNPCC7942_RS07190,0.138054451717406
SYNPCC7942_RS00455,SYNPCC7942_RS10410,0.137494661508011
SYNPCC7942_RS02895,SYNPCC7942_RS10965,0.137475275358427
SYNPCC7942_RS03075,SYNPCC7942_RS12135,0.137355389586005
SYNPCC7942_RS11050,SYNPCC7942_RS11055,0.137224681546304
SYNPCC7942_RS07435,SYNPCC7942_RS05720,0.137048978320897
SYNPCC7942_RS10260,SYNPCC7942_RS10255,0.136901375875067
SYNPCC7942_RS12275,SYNPCC7942_RS01000,0.136881608090529
SYNPCC7942_RS09380,SYNPCC7942_RS12985,0.136635850030434
SYNPCC7942_RS03260,SYNPCC7942_RS06545,0.136633112920341
SYNPCC7942_RS09380,SYNPCC7942_RS08930,0.136524076451344
SYNPCC7942_RS12560,SYNPCC7942_RS12430,0.136327136660832
SYNPCC7942_RS08850,SYNPCC7942_RS08845,0.13630807248305
SYNPCC7942_RS07435,SYNPCC7942_RS01700,0.136042318387179
SYNPCC7942_RS03160,SYNPCC7942_RS13215,0.136035361744005
SYNPCC7942_RS08885,SYNPCC7942_RS12440,0.135878576771444
SYNPCC7942_RS08580,SYNPCC7942_RS08585,0.135835620573548
SYNPCC7942_RS09500,SYNPCC7942_RS09495,0.135774458590572
SYNPCC7942_RS09380,SYNPCC7942_RS00170,0.135730906523189
SYNPCC7942_RS08885,SYNPCC7942_RS03295,0.135712804313829
SYNPCC7942_RS00645,SYNPCC7942_RS06350,0.135518686489856
SYNPCC7942_RS12560,SYNPCC7942_RS04295,0.13506685017906
SYNPCC7942_RS03075,SYNPCC7942_RS09070,0.135016042949949
SYNPCC7942_RS03465,SYNPCC7942_RS11695,0.134863338065458
SYNPCC7942_RS03955,SYNPCC7942_RS10925,0.134658100380683
SYNPCC7942_RS03075,SYNPCC7942_RS04315,0.134586527343414
SYNPCC7942_RS08885,SYNPCC7942_RS07570,0.134410065316272
SYNPCC7942_RS12275,SYNPCC7942_RS12265,0.134199242918602
SYNPCC7942_RS02830,SYNPCC7942_RS12985,0.134019327172048
SYNPCC7942_RS03260,SYNPCC7942_RS11310,0.134007942142936
SYNPCC7942_RS03075,SYNPCC7942_RS02830,0.133781960218661
SYNPCC7942_RS03465,SYNPCC7942_RS11700,0.133730554460724
SYNPCC7942_RS03960,SYNPCC7942_RS03955,0.133718274681973
SYNPCC7942_RS09760,SYNPCC7942_RS01900,0.133711143584021
SYNPCC7942_RS03075,SYNPCC7942_RS08220,0.133470908669425
SYNPCC7942_RS09740,SYNPCC7942_RS07665,0.133191367245549
SYNPCC7942_RS03160,SYNPCC7942_RS01600,0.133129731241083
SYNPCC7942_RS09065,SYNPCC7942_RS11675,0.133016173330377
SYNPCC7942_RS10700,SYNPCC7942_RS11595,0.132599212153907
SYNPCC7942_RS02830,SYNPCC7942_RS02835,0.132508941696143
SYNPCC7942_RS07435,SYNPCC7942_RS01285,0.132417208002419
SYNPCC7942_RS12560,SYNPCC7942_RS03270,0.13237977181684
SYNPCC7942_RS03465,SYNPCC7942_RS13905,0.132229138431093
SYNPCC7942_RS07435,SYNPCC7942_RS05820,0.132103657175933
SYNPCC7942_RS02830,SYNPCC7942_RS08505,0.132006594213578
SYNPCC7942_RS02830,SYNPCC7942_RS08930,0.131703641376945
SYNPCC7942_RS03075,SYNPCC7942_RS12125,0.131576945621536
SYNPCC7942_RS12275,SYNPCC7942_RS00460,0.13155517916302
SYNPCC7942_RS09065,SYNPCC7942_RS08395,0.131215501031818
SYNPCC7942_RS02830,SYNPCC7942_RS08220,0.131167180479193
SYNPCC7942_RS03075,SYNPCC7942_RS13195,0.131099345403911
SYNPCC7942_RS11050,SYNPCC7942_RS07480,0.130959023046452
SYNPCC7942_RS00645,SYNPCC7942_RS08685,0.130908163780427
SYNPCC7942_RS07185,SYNPCC7942_RS02695,0.130731022220918
SYNPCC7942_RS00455,SYNPCC7942_RS08740,0.130658552074167
SYNPCC7942_RS12560,SYNPCC7942_RS12885,0.130654511191235
SYNPCC7942_RS09760,SYNPCC7942_RS09100,0.130339022312345
SYNPCC7942_RS03075,SYNPCC7942_RS01245,0.130261749889625
SYNPCC7942_RS03160,SYNPCC7942_RS08490,0.130235232567317
SYNPCC7942_RS00455,SYNPCC7942_RS00760,0.129798441375715
SYNPCC7942_RS02830,SYNPCC7942_RS02445,0.129715427386955
SYNPCC7942_RS09760,SYNPCC7942_RS08195,0.129688462080083
SYNPCC7942_RS08885,SYNPCC7942_RS10780,0.129352386056199
SYNPCC7942_RS03075,SYNPCC7942_RS12510,0.129309230048983
SYNPCC7942_RS12560,SYNPCC7942_RS00395,0.129148427081277
SYNPCC7942_RS03465,SYNPCC7942_RS11460,0.129117473934051
SYNPCC7942_RS03160,SYNPCC7942_RS02570,0.129026791595942
SYNPCC7942_RS03955,SYNPCC7942_RS00280,0.129023143882566
SYNPCC7942_RS07435,SYNPCC7942_RS06795,0.128852324017917
SYNPCC7942_RS10700,SYNPCC7942_RS10320,0.128769976563535
SYNPCC7942_RS09760,SYNPCC7942_RS03180,0.128744418824183
SYNPCC7942_RS12560,SYNPCC7942_RS12015,0.128622140903151
SYNPCC7942_RS03325,SYNPCC7942_RS03560,0.128586197688203
SYNPCC7942_RS09065,SYNPCC7942_RS09325,0.128542103305873
SYNPCC7942_RS03260,SYNPCC7942_RS03250,0.128490919577742
SYNPCC7942_RS03075,SYNPCC7942_RS10725,0.128479041314531
SYNPCC7942_RS03465,SYNPCC7942_RS07470,0.128349936658878
SYNPCC7942_RS03260,SYNPCC7942_RS11290,0.128282871765395
SYNPCC7942_RS12535,SYNPCC7942_RS09130,0.128222162935254
SYNPCC7942_RS03160,SYNPCC7942_RS13150,0.128118460674827
SYNPCC7942_RS08885,SYNPCC7942_RS05645,0.127776949529569
SYNPCC7942_RS03075,SYNPCC7942_RS09890,0.127731850362279
SYNPCC7942_RS03075,SYNPCC7942_RS08030,0.127726767515737
SYNPCC7942_RS03955,SYNPCC7942_RS07525,0.127452676762555
SYNPCC7942_RS07435,SYNPCC7942_RS10970,0.127433214274906
SYNPCC7942_RS05870,SYNPCC7942_RS10115,0.127355855789045
SYNPCC7942_RS12560,SYNPCC7942_RS00905,0.127203392221277
SYNPCC7942_RS12560,SYNPCC7942_RS12690,0.127195962112818
SYNPCC7942_RS07435,SYNPCC7942_RS02565,0.127024098538785
SYNPCC7942_RS03260,SYNPCC7942_RS11275,0.126895445963557
SYNPCC7942_RS08885,SYNPCC7942_RS12715,0.126820276326431
SYNPCC7942_RS07435,SYNPCC7942_RS05015,0.126759135968232
SYNPCC7942_RS00455,SYNPCC7942_RS06370,0.126628387344353
SYNPCC7942_RS03260,SYNPCC7942_RS11320,0.126527486903082
SYNPCC7942_RS03260,SYNPCC7942_RS11335,0.126439583545512
SYNPCC7942_RS00645,SYNPCC7942_RS04640,0.126425525344992
SYNPCC7942_RS09380,SYNPCC7942_RS12510,0.126390290351167
SYNPCC7942_RS09380,SYNPCC7942_RS12990,0.12637950218422
SYNPCC7942_RS09160,SYNPCC7942_RS07725,0.126319423350932
SYNPCC7942_RS09935,SYNPCC7942_RS12435,0.126316528036561
SYNPCC7942_RS03260,SYNPCC7942_RS11300,0.126183630940692
SYNPCC7942_RS09380,SYNPCC7942_RS12995,0.126047587358298
SYNPCC7942_RS08885,SYNPCC7942_RS08300,0.126016587373391
SYNPCC7942_RS07435,SYNPCC7942_RS01710,0.126015277840879
SYNPCC7942_RS10170,SYNPCC7942_RS09585,0.125967481636847
SYNPCC7942_RS03160,SYNPCC7942_RS08360,0.125858556875923
SYNPCC7942_RS12560,SYNPCC7942_RS00590,0.125811734511414
SYNPCC7942_RS03075,SYNPCC7942_RS10555,0.125776190628895
SYNPCC7942_RS08885,SYNPCC7942_RS05430,0.125658287730308
SYNPCC7942_RS03160,SYNPCC7942_RS07640,0.125589184418199
SYNPCC7942_RS02830,SYNPCC7942_RS10555,0.125562452546372
SYNPCC7942_RS12560,SYNPCC7942_RS09790,0.125550303969279
SYNPCC7942_RS03160,SYNPCC7942_RS10570,0.125491420115446
SYNPCC7942_RS12275,SYNPCC7942_RS11000,0.125407059683484
SYNPCC7942_RS07435,SYNPCC7942_RS07735,0.125387144312375
SYNPCC7942_RS03465,SYNPCC7942_RS08430,0.125194975340403
SYNPCC7942_RS00455,SYNPCC7942_RS01260,0.124865422344539
SYNPCC7942_RS07435,SYNPCC7942_RS03630,0.124807124283886
SYNPCC7942_RS10700,SYNPCC7942_RS08185,0.124762370349842
SYNPCC7942_RS03465,SYNPCC7942_RS12870,0.124737775157813
SYNPCC7942_RS03465,SYNPCC7942_RS11175,0.124675426370294
SYNPCC7942_RS02830,SYNPCC7942_RS00195,0.12461327481987
SYNPCC7942_RS09065,SYNPCC7942_RS09715,0.124552095874111
SYNPCC7942_RS03465,SYNPCC7942_RS05340,0.124542401646797
SYNPCC7942_RS10700,SYNPCC7942_RS10815,0.124535729175682
SYNPCC7942_RS03260,SYNPCC7942_RS11315,0.12449730925982
SYNPCC7942_RS00455,SYNPCC7942_RS00405,0.124479277408572
SYNPCC7942_RS03325,SYNPCC7942_RS13040,0.124395633324682
SYNPCC7942_RS02830,SYNPCC7942_RS03075,0.124362465631391
SYNPCC7942_RS09760,SYNPCC7942_RS07085,0.124207644849423
SYNPCC7942_RS10170,SYNPCC7942_RS12610,0.124183709846899
SYNPCC7942_RS03160,SYNPCC7942_RS02925,0.124098483851348
SYNPCC7942_RS12275,SYNPCC7942_RS04985,0.1240732407971
SYNPCC7942_RS08885,SYNPCC7942_RS08495,0.124039465762259
SYNPCC7942_RS09160,SYNPCC7942_RS04365,0.123788040725668
SYNPCC7942_RS09065,SYNPCC7942_RS11415,0.123756811095844
SYNPCC7942_RS03465,SYNPCC7942_RS03985,0.123725936331608
SYNPCC7942_RS12275,SYNPCC7942_RS12320,0.123708397014272
SYNPCC7942_RS03160,SYNPCC7942_RS02180,0.123610055024738
SYNPCC7942_RS09380,SYNPCC7942_RS10015,0.123565726862061
SYNPCC7942_RS03075,SYNPCC7942_RS06290,0.12340931463272
SYNPCC7942_RS02895,SYNPCC7942_RS10445,0.123335984626969
SYNPCC7942_RS10170,SYNPCC7942_RS00230,0.123198747346856
SYNPCC7942_RS07435,SYNPCC7942_RS11775,0.123156793036907
SYNPCC7942_RS12560,SYNPCC7942_RS01765,0.122913610494815
SYNPCC7942_RS07435,SYNPCC7942_RS08320,0.122912306403871
SYNPCC7942_RS09740,SYNPCC7942_RS00205,0.122786097239242
SYNPCC7942_RS03075,SYNPCC7942_RS08035,0.122759645750799
SYNPCC7942_RS07435,SYNPCC7942_RS01670,0.122691122325549
SYNPCC7942_RS12535,SYNPCC7942_RS04590,0.122672913136567
SYNPCC7942_RS03955,SYNPCC7942_RS07045,0.12264246010815
SYNPCC7942_RS12560,SYNPCC7942_RS02385,0.122425825419183
SYNPCC7942_RS00645,SYNPCC7942_RS12840,0.122153294150766
SYNPCC7942_RS03260,SYNPCC7942_RS11235,0.12206918321651
SYNPCC7942_RS07435,SYNPCC7942_RS10195,0.122068905303635
SYNPCC7942_RS03465,SYNPCC7942_RS07490,0.12188345564405
SYNPCC7942_RS03160,SYNPCC7942_RS10950,0.121852462434096
SYNPCC7942_RS02830,SYNPCC7942_RS08510,0.121796133620416
SYNPCC7942_RS03075,SYNPCC7942_RS05080,0.121690733130292
SYNPCC7942_RS09380,SYNPCC7942_RS00795,0.12141387063993
SYNPCC7942_RS07435,SYNPCC7942_RS06405,0.121370662536309
SYNPCC7942_RS03260,SYNPCC7942_RS12845,0.121351377247876
SYNPCC7942_RS03075,SYNPCC7942_RS01550,0.121302124471109
SYNPCC7942_RS03075,SYNPCC7942_RS11105,0.121172134629421
SYNPCC7942_RS07805,SYNPCC7942_RS09190,0.121164235561628
SYNPCC7942_RS02895,SYNPCC7942_RS05380,0.121065327606845
SYNPCC7942_RS03160,SYNPCC7942_RS04750,0.12095110336267
SYNPCC7942_RS07185,SYNPCC7942_RS05825,0.120862066532657
SYNPCC7942_RS02830,SYNPCC7942_RS12510,0.120853905324804
SYNPCC7942_RS02895,SYNPCC7942_RS10300,0.120773568284589
SYNPCC7942_RS03465,SYNPCC7942_RS01360,0.120771018824396
SYNPCC7942_RS08885,SYNPCC7942_RS11420,0.120752651494216
SYNPCC7942_RS12560,SYNPCC7942_RS08650,0.120611181417257
SYNPCC7942_RS02830,SYNPCC7942_RS00170,0.120474181103162
SYNPCC7942_RS11050,SYNPCC7942_RS07475,0.120368371029318
SYNPCC7942_RS09380,SYNPCC7942_RS10535,0.120356452962169
SYNPCC7942_RS12560,SYNPCC7942_RS10915,0.120262649740726
SYNPCC7942_RS02895,SYNPCC7942_RS06275,0.120233606474472
SYNPCC7942_RS08885,SYNPCC7942_RS01295,0.120208274849274
SYNPCC7942_RS03260,SYNPCC7942_RS11285,0.120132566349965
SYNPCC7942_RS07435,SYNPCC7942_RS03280,0.120066989108314
SYNPCC7942_RS09380,SYNPCC7942_RS01880,0.120042944358169
SYNPCC7942_RS07720,SYNPCC7942_RS01090,0.119984662927043
SYNPCC7942_RS03955,SYNPCC7942_RS07530,0.119716414577873
SYNPCC7942_RS09160,SYNPCC7942_RS05255,0.119620307060055
SYNPCC7942_RS00645,SYNPCC7942_RS06345,0.11956183556746
SYNPCC7942_RS12560,SYNPCC7942_RS11610,0.119555547201463
SYNPCC7942_RS03955,SYNPCC7942_RS09200,0.119523865118341
SYNPCC7942_RS12560,SYNPCC7942_RS05855,0.11951840082222
SYNPCC7942_RS03075,SYNPCC7942_RS08040,0.119159253113744
SYNPCC7942_RS09740,SYNPCC7942_RS01425,0.119111956759601
SYNPCC7942_RS02895,SYNPCC7942_RS01670,0.119104688483471
SYNPCC7942_RS02830,SYNPCC7942_RS02955,0.118975465127642
SYNPCC7942_RS09620,SYNPCC7942_RS10215,0.11894912612571
SYNPCC7942_RS05870,SYNPCC7942_RS02725,0.118813560895345
SYNPCC7942_RS02895,SYNPCC7942_RS02075,0.118662554165656
SYNPCC7942_RS02830,SYNPCC7942_RS07175,0.118522981697802
SYNPCC7942_RS03440,SYNPCC7942_RS08835,0.118522426814795
SYNPCC7942_RS03160,SYNPCC7942_RS10735,0.118467686953994
SYNPCC7942_RS09500,SYNPCC7942_RS06925,0.118434286140032
SYNPCC7942_RS03160,SYNPCC7942_RS06885,0.118394390696985
SYNPCC7942_RS07435,SYNPCC7942_RS01705,0.118320884643679
SYNPCC7942_RS12560,SYNPCC7942_RS03205,0.118261345259155
SYNPCC7942_RS08885,SYNPCC7942_RS04660,0.118256490794584
SYNPCC7942_RS03075,SYNPCC7942_RS03390,0.11822587674371
SYNPCC7942_RS08885,SYNPCC7942_RS02290,0.118203833936296
SYNPCC7942_RS02830,SYNPCC7942_RS07015,0.11813277146051
SYNPCC7942_RS07435,SYNPCC7942_RS13675,0.118083528646708
SYNPCC7942_RS10340,SYNPCC7942_RS02210,0.118029097066219
SYNPCC7942_RS03260,SYNPCC7942_RS11280,0.11798332388609
SYNPCC7942_RS07435,SYNPCC7942_RS06310,0.117907110864967
SYNPCC7942_RS08405,SYNPCC7942_RS08410,0.117822998041365
SYNPCC7942_RS07435,SYNPCC7942_RS05135,0.117807605410232
SYNPCC7942_RS07435,SYNPCC7942_RS01500,0.117801891176901
SYNPCC7942_RS07435,SYNPCC7942_RS11950,0.117801081655573
SYNPCC7942_RS08885,SYNPCC7942_RS12010,0.117695207803086
SYNPCC7942_RS11050,SYNPCC7942_RS11025,0.117566414382518
SYNPCC7942_RS10700,SYNPCC7942_RS06100,0.117470872886145
SYNPCC7942_RS00455,SYNPCC7942_RS01380,0.117454251003711
SYNPCC7942_RS03160,SYNPCC7942_RS01180,0.117379963424397
SYNPCC7942_RS03160,SYNPCC7942_RS02580,0.117346734033029
SYNPCC7942_RS03260,SYNPCC7942_RS12900,0.117330696151795
SYNPCC7942_RS00645,SYNPCC7942_RS07435,0.117330566131401
SYNPCC7942_RS10340,SYNPCC7942_RS10345,0.117189317490035
SYNPCC7942_RS02895,SYNPCC7942_RS09175,0.117184921849626
SYNPCC7942_RS10260,SYNPCC7942_RS11195,0.117152221754151
SYNPCC7942_RS03465,SYNPCC7942_RS06565,0.117112251588975
SYNPCC7942_RS00480,SYNPCC7942_RS08270,0.116929839556289
SYNPCC7942_RS03465,SYNPCC7942_RS08730,0.11692302240045
SYNPCC7942_RS03075,SYNPCC7942_RS11870,0.116798074711345
SYNPCC7942_RS02830,SYNPCC7942_RS01025,0.116716949848403
SYNPCC7942_RS09740,SYNPCC7942_RS06525,0.116702813232277
SYNPCC7942_RS09065,SYNPCC7942_RS10020,0.116506168516232
SYNPCC7942_RS03075,SYNPCC7942_RS11860,0.116478997250045
SYNPCC7942_RS08885,SYNPCC7942_RS13730,0.116476235565912
SYNPCC7942_RS03160,SYNPCC7942_RS04235,0.116425148830715
SYNPCC7942_RS03160,SYNPCC7942_RS07365,0.116414116114132
SYNPCC7942_RS07435,SYNPCC7942_RS07275,0.116347045629207
SYNPCC7942_RS12560,SYNPCC7942_RS06470,0.116229793405654
SYNPCC7942_RS02830,SYNPCC7942_RS11155,0.11621753223295
SYNPCC7942_RS05640,SYNPCC7942_RS02670,0.116149252318188
SYNPCC7942_RS03160,SYNPCC7942_RS11740,0.116109828444472
SYNPCC7942_RS03160,SYNPCC7942_RS06415,0.116090170446935
SYNPCC7942_RS03465,SYNPCC7942_RS04045,0.116088402233528
SYNPCC7942_RS03260,SYNPCC7942_RS11270,0.115964112805404
SYNPCC7942_RS07435,SYNPCC7942_RS10025,0.115928218445144
SYNPCC7942_RS09160,SYNPCC7942_RS08400,0.115877343732997
SYNPCC7942_RS07435,SYNPCC7942_RS02470,0.115873972567495
SYNPCC7942_RS07435,SYNPCC7942_RS07285,0.11585881938212
SYNPCC7942_RS10700,SYNPCC7942_RS05560,0.115734184618673
SYNPCC7942_RS10700,SYNPCC7942_RS00030,0.115714281237632
SYNPCC7942_RS10170,SYNPCC7942_RS10630,0.115697103383655
SYNPCC7942_RS12285,SYNPCC7942_RS01070,0.115668286718483
SYNPCC7942_RS05870,SYNPCC7942_RS06950,0.115652655082861
SYNPCC7942_RS10700,SYNPCC7942_RS06995,0.115591129626583
SYNPCC7942_RS00455,SYNPCC7942_RS00850,0.115537125300281
SYNPCC7942_RS12560,SYNPCC7942_RS03770,0.115496984280764
SYNPCC7942_RS03075,SYNPCC7942_RS12130,0.115494751098108
SYNPCC7942_RS00455,SYNPCC7942_RS00120,0.115427233055165
SYNPCC7942_RS00480,SYNPCC7942_RS06230,0.115424970983754
SYNPCC7942_RS03160,SYNPCC7942_RS01270,0.11541832945171
SYNPCC7942_RS12275,SYNPCC7942_RS10125,0.115402570976483
SYNPCC7942_RS07435,SYNPCC7942_RS05575,0.115393045936676
SYNPCC7942_RS07435,SYNPCC7942_RS01505,0.115359651944324
SYNPCC7942_RS07435,SYNPCC7942_RS09295,0.115345648093144
SYNPCC7942_RS09065,SYNPCC7942_RS03985,0.115323045622894
SYNPCC7942_RS09380,SYNPCC7942_RS12135,0.115314969326884
SYNPCC7942_RS02895,SYNPCC7942_RS05370,0.11519796922519
SYNPCC7942_RS05870,SYNPCC7942_RS09110,0.115181261409313
SYNPCC7942_RS09380,SYNPCC7942_RS01415,0.115149840575242
SYNPCC7942_RS07435,SYNPCC7942_RS13680,0.115127033110499
SYNPCC7942_RS09380,SYNPCC7942_RS01995,0.11506897032882
SYNPCC7942_RS03160,SYNPCC7942_RS07455,0.114955230586009
SYNPCC7942_RS08645,SYNPCC7942_RS08300,0.114892724130516
SYNPCC7942_RS08885,SYNPCC7942_RS11120,0.114822727568936
SYNPCC7942_RS12275,SYNPCC7942_RS05740,0.114816380797386
SYNPCC7942_RS03160,SYNPCC7942_RS06890,0.114778428146533
SYNPCC7942_RS03260,SYNPCC7942_RS11305,0.114773488224477
SYNPCC7942_RS09740,SYNPCC7942_RS10740,0.114752077565738
SYNPCC7942_RS09380,SYNPCC7942_RS12130,0.114706318580993
SYNPCC7942_RS03075,SYNPCC7942_RS06920,0.114690609685541
SYNPCC7942_RS03160,SYNPCC7942_RS03015,0.114669922713167
SYNPCC7942_RS07435,SYNPCC7942_RS14105,0.114585718065278
SYNPCC7942_RS09760,SYNPCC7942_RS04580,0.114516313008281
SYNPCC7942_RS09740,SYNPCC7942_RS02280,0.114499778130356
SYNPCC7942_RS09065,SYNPCC7942_RS03075,0.114469714737312
SYNPCC7942_RS05870,SYNPCC7942_RS00805,0.114466437354431
SYNPCC7942_RS00455,SYNPCC7942_RS09605,0.114452138716336
SYNPCC7942_RS13165,SYNPCC7942_RS08295,0.114451553828258
SYNPCC7942_RS03955,SYNPCC7942_RS07980,0.114389353202075
SYNPCC7942_RS00765,SYNPCC7942_RS03435,0.114364267814764
SYNPCC7942_RS07435,SYNPCC7942_RS09050,0.11431873638869
SYNPCC7942_RS09380,SYNPCC7942_RS12675,0.1143052288305
SYNPCC7942_RS00455,SYNPCC7942_RS07705,0.11422004572913
SYNPCC7942_RS00455,SYNPCC7942_RS06495,0.114170411673416
SYNPCC7942_RS00455,SYNPCC7942_RS05235,0.114147218216666
SYNPCC7942_RS07435,SYNPCC7942_RS01665,0.114121306475336
SYNPCC7942_RS00455,SYNPCC7942_RS01760,0.114079480730129
SYNPCC7942_RS07435,SYNPCC7942_RS06135,0.114009340725622
SYNPCC7942_RS09740,SYNPCC7942_RS09745,0.113949949369277
SYNPCC7942_RS06700,SYNPCC7942_RS10615,0.113924461205328
SYNPCC7942_RS00455,SYNPCC7942_RS11095,0.113795617769809
SYNPCC7942_RS00455,SYNPCC7942_RS05810,0.113742169965039
SYNPCC7942_RS07435,SYNPCC7942_RS01320,0.113720553050099
SYNPCC7942_RS09065,SYNPCC7942_RS04315,0.113697400073652
SYNPCC7942_RS09500,SYNPCC7942_RS12155,0.113639892069246
SYNPCC7942_RS07435,SYNPCC7942_RS11770,0.113538118590633
SYNPCC7942_RS00455,SYNPCC7942_RS10130,0.113535478043887
SYNPCC7942_RS05870,SYNPCC7942_RS00870,0.11344277124073
SYNPCC7942_RS10700,SYNPCC7942_RS04610,0.113385859559549
SYNPCC7942_RS00455,SYNPCC7942_RS06375,0.113379519823578
SYNPCC7942_RS03075,SYNPCC7942_RS00340,0.113337915526373
SYNPCC7942_RS07435,SYNPCC7942_RS02725,0.113312834056569
SYNPCC7942_RS02895,SYNPCC7942_RS13675,0.113284375637599
SYNPCC7942_RS07435,SYNPCC7942_RS00640,0.113262703982011
SYNPCC7942_RS02830,SYNPCC7942_RS01250,0.113090990302896
SYNPCC7942_RS13165,SYNPCC7942_RS08290,0.113082709000534
SYNPCC7942_RS06365,SYNPCC7942_RS02455,0.113078031685842
SYNPCC7942_RS03160,SYNPCC7942_RS10815,0.11306670015255
SYNPCC7942_RS03160,SYNPCC7942_RS01850,0.113023101157525
SYNPCC7942_RS03160,SYNPCC7942_RS07450,0.113014443704249
SYNPCC7942_RS03440,SYNPCC7942_RS12275,0.112994505336333
SYNPCC7942_RS05870,SYNPCC7942_RS00055,0.11290321612947
SYNPCC7942_RS03465,SYNPCC7942_RS02970,0.112859223851385
SYNPCC7942_RS00645,SYNPCC7942_RS06330,0.112850214831603
SYNPCC7942_RS09065,SYNPCC7942_RS10075,0.11280999198013
SYNPCC7942_RS12560,SYNPCC7942_RS00595,0.112804481921084
SYNPCC7942_RS07435,SYNPCC7942_RS00990,0.112743711313578
SYNPCC7942_RS10700,SYNPCC7942_RS08165,0.11267459008019
SYNPCC7942_RS10700,SYNPCC7942_RS02810,0.112600925956743
SYNPCC7942_RS12275,SYNPCC7942_RS03440,0.112595529742052
SYNPCC7942_RS03465,SYNPCC7942_RS11415,0.112593011763125
SYNPCC7942_RS04225,SYNPCC7942_RS08780,0.11258678865033
SYNPCC7942_RS00455,SYNPCC7942_RS08925,0.112514484723761
SYNPCC7942_RS12560,SYNPCC7942_RS12235,0.112457414699251
SYNPCC7942_RS03465,SYNPCC7942_RS05080,0.11241182314756
SYNPCC7942_RS11465,SYNPCC7942_RS04500,0.112109898449187
SYNPCC7942_RS03465,SYNPCC7942_RS03460,0.112027481183386
SYNPCC7942_RS09740,SYNPCC7942_RS08250,0.111895937679754
SYNPCC7942_RS05870,SYNPCC7942_RS09560,0.111880082493935
SYNPCC7942_RS05870,SYNPCC7942_RS06890,0.111843300119825
SYNPCC7942_RS07435,SYNPCC7942_RS01445,0.111775829560889
SYNPCC7942_RS10700,SYNPCC7942_RS08180,0.111772999925262
SYNPCC7942_RS03160,SYNPCC7942_RS06225,0.111744864765612
SYNPCC7942_RS07435,SYNPCC7942_RS09560,0.111739397963524
SYNPCC7942_RS02830,SYNPCC7942_RS11830,0.111675172515951
SYNPCC7942_RS12275,SYNPCC7942_RS09475,0.111609282068472
SYNPCC7942_RS03160,SYNPCC7942_RS05660,0.111587731056735
SYNPCC7942_RS10700,SYNPCC7942_RS01475,0.111517873586478
SYNPCC7942_RS07435,SYNPCC7942_RS01715,0.111469969507967
SYNPCC7942_RS08885,SYNPCC7942_RS12095,0.111468079120372
SYNPCC7942_RS07185,SYNPCC7942_RS04745,0.111464873749459
SYNPCC7942_RS07435,SYNPCC7942_RS03090,0.111449598963596
SYNPCC7942_RS09740,SYNPCC7942_RS06410,0.111447376044608
SYNPCC7942_RS12560,SYNPCC7942_RS10465,0.11141636824204
SYNPCC7942_RS09065,SYNPCC7942_RS03605,0.111330398164506
SYNPCC7942_RS05870,SYNPCC7942_RS07810,0.111248517041309
SYNPCC7942_RS12560,SYNPCC7942_RS12555,0.111243916643212
SYNPCC7942_RS08850,SYNPCC7942_RS11200,0.111225412050504
SYNPCC7942_RS09380,SYNPCC7942_RS10545,0.111210442368347
SYNPCC7942_RS03160,SYNPCC7942_RS02035,0.111095645470737
SYNPCC7942_RS12275,SYNPCC7942_RS03580,0.111056852544955
SYNPCC7942_RS12275,SYNPCC7942_RS04980,0.111050933177955
SYNPCC7942_RS07185,SYNPCC7942_RS06645,0.111039087392314
SYNPCC7942_RS12535,SYNPCC7942_RS05320,0.111030561998558
SYNPCC7942_RS03260,SYNPCC7942_RS07770,0.110995583839582
SYNPCC7942_RS03260,SYNPCC7942_RS04570,0.110986414922838
SYNPCC7942_RS03075,SYNPCC7942_RS11865,0.110963117272766
SYNPCC7942_RS09500,SYNPCC7942_RS13660,0.110892989744422
SYNPCC7942_RS02830,SYNPCC7942_RS02450,0.110762640164498
SYNPCC7942_RS08885,SYNPCC7942_RS02300,0.110740070547294
SYNPCC7942_RS07435,SYNPCC7942_RS03645,0.110715306846829
SYNPCC7942_RS03160,SYNPCC7942_RS13145,0.110685481232618
SYNPCC7942_RS00455,SYNPCC7942_RS01265,0.110663646061595
SYNPCC7942_RS03160,SYNPCC7942_RS06480,0.110657010574793
SYNPCC7942_RS10700,SYNPCC7942_RS02715,0.110589294575821
SYNPCC7942_RS07435,SYNPCC7942_RS13970,0.110585797537108
SYNPCC7942_RS07940,SYNPCC7942_RS03050,0.110508100739459
SYNPCC7942_RS03465,SYNPCC7942_RS10625,0.110488987335439
SYNPCC7942_RS03160,SYNPCC7942_RS04540,0.110479627799544
SYNPCC7942_RS03160,SYNPCC7942_RS04785,0.110455297544603
SYNPCC7942_RS07435,SYNPCC7942_RS09710,0.110453765675546
SYNPCC7942_RS00455,SYNPCC7942_RS00370,0.110416595214594
SYNPCC7942_RS03440,SYNPCC7942_RS12265,0.11041249798605
SYNPCC7942_RS08885,SYNPCC7942_RS06965,0.110350754498318
SYNPCC7942_RS12560,SYNPCC7942_RS06850,0.11034896834077
SYNPCC7942_RS12560,SYNPCC7942_RS07325,0.110339264651245
SYNPCC7942_RS09740,SYNPCC7942_RS02340,0.11026782118533
SYNPCC7942_RS08405,SYNPCC7942_RS00550,0.110242789589079
SYNPCC7942_RS10700,SYNPCC7942_RS04790,0.110217860516422
SYNPCC7942_RS03160,SYNPCC7942_RS04700,0.110153490503704
SYNPCC7942_RS09740,SYNPCC7942_RS01840,0.110147773897586
SYNPCC7942_RS03160,SYNPCC7942_RS09685,0.110105200401094
SYNPCC7942_RS08405,SYNPCC7942_RS12710,0.110102782172058
SYNPCC7942_RS09065,SYNPCC7942_RS12980,0.110053616000422
SYNPCC7942_RS09065,SYNPCC7942_RS13195,0.109968012048892
SYNPCC7942_RS02895,SYNPCC7942_RS10955,0.109958802256712
SYNPCC7942_RS02895,SYNPCC7942_RS03095,0.109917508936868
SYNPCC7942_RS09065,SYNPCC7942_RS13955,0.109825396710966
SYNPCC7942_RS08885,SYNPCC7942_RS09760,0.109799393153928
SYNPCC7942_RS09740,SYNPCC7942_RS03490,0.109743110205896
SYNPCC7942_RS09380,SYNPCC7942_RS10020,0.109728006665067
SYNPCC7942_RS09760,SYNPCC7942_RS10550,0.109694776042038
SYNPCC7942_RS09380,SYNPCC7942_RS03610,0.109692853487051
SYNPCC7942_RS05870,SYNPCC7942_RS07650,0.109690533980765
SYNPCC7942_RS09620,SYNPCC7942_RS04925,0.109688496717837
SYNPCC7942_RS12560,SYNPCC7942_RS09880,0.109686161427225
SYNPCC7942_RS03160,SYNPCC7942_RS11755,0.109647217134149
SYNPCC7942_RS03465,SYNPCC7942_RS13855,0.109643725627295
SYNPCC7942_RS02830,SYNPCC7942_RS09255,0.109620149334898
SYNPCC7942_RS03160,SYNPCC7942_RS10000,0.109603353956047
SYNPCC7942_RS10700,SYNPCC7942_RS06105,0.109543620560292
SYNPCC7942_RS00480,SYNPCC7942_RS02190,0.109507508593658
SYNPCC7942_RS10700,SYNPCC7942_RS09805,0.109398589116614
SYNPCC7942_RS09160,SYNPCC7942_RS12365,0.109383341126267
SYNPCC7942_RS08885,SYNPCC7942_RS08875,0.109380115871243
SYNPCC7942_RS07435,SYNPCC7942_RS01450,0.109376685187971
SYNPCC7942_RS03955,SYNPCC7942_RS13760,0.109373677740584
SYNPCC7942_RS11050,SYNPCC7942_RS07485,0.109325007940651
SYNPCC7942_RS07435,SYNPCC7942_RS08865,0.10928191883767
SYNPCC7942_RS07435,SYNPCC7942_RS04140,0.109253229842898
SYNPCC7942_RS07185,SYNPCC7942_RS03385,0.109217595405991
SYNPCC7942_RS07435,SYNPCC7942_RS12665,0.109214751422546
SYNPCC7942_RS09740,SYNPCC7942_RS05060,0.109207262812459
SYNPCC7942_RS09740,SYNPCC7942_RS04235,0.10919929328665
SYNPCC7942_RS03160,SYNPCC7942_RS04370,0.109143922335303
SYNPCC7942_RS03325,SYNPCC7942_RS08140,0.10911040417966
SYNPCC7942_RS07185,SYNPCC7942_RS12765,0.109102335333275
SYNPCC7942_RS03160,SYNPCC7942_RS06525,0.109082885942396
SYNPCC7942_RS05870,SYNPCC7942_RS06955,0.109060548681238
SYNPCC7942_RS11050,SYNPCC7942_RS08200,0.109033705974869
SYNPCC7942_RS03160,SYNPCC7942_RS00385,0.108976288763112
SYNPCC7942_RS06370,SYNPCC7942_RS10375,0.10893376350888
SYNPCC7942_RS10700,SYNPCC7942_RS05660,0.108928051430142
SYNPCC7942_RS07435,SYNPCC7942_RS03100,0.108895667959513
SYNPCC7942_RS10340,SYNPCC7942_RS11720,0.108867948947193
SYNPCC7942_RS06700,SYNPCC7942_RS10610,0.108815081356659
SYNPCC7942_RS03465,SYNPCC7942_RS09065,0.10875704482534
SYNPCC7942_RS09760,SYNPCC7942_RS11975,0.108715711618429
SYNPCC7942_RS03440,SYNPCC7942_RS10125,0.108708123128693
SYNPCC7942_RS12560,SYNPCC7942_RS05125,0.108664260068896
SYNPCC7942_RS00455,SYNPCC7942_RS13055,0.108656610795567
SYNPCC7942_RS09380,SYNPCC7942_RS11105,0.108635827282571
SYNPCC7942_RS10700,SYNPCC7942_RS06155,0.108631628708567
SYNPCC7942_RS03465,SYNPCC7942_RS03020,0.108627112702731
SYNPCC7942_RS03160,SYNPCC7942_RS02355,0.108558585082919
SYNPCC7942_RS02830,SYNPCC7942_RS12130,0.108553074245408
SYNPCC7942_RS00645,SYNPCC7942_RS00850,0.108514851385357
SYNPCC7942_RS07435,SYNPCC7942_RS06315,0.108508256374271
SYNPCC7942_RS07435,SYNPCC7942_RS02730,0.108492893585779
SYNPCC7942_RS07435,SYNPCC7942_RS06150,0.108489667263214
SYNPCC7942_RS00455,SYNPCC7942_RS08695,0.108474970183958
SYNPCC7942_RS10700,SYNPCC7942_RS08960,0.108422693971051
SYNPCC7942_RS09380,SYNPCC7942_RS12680,0.108394946165985
SYNPCC7942_RS10700,SYNPCC7942_RS04855,0.108333363649299
SYNPCC7942_RS07435,SYNPCC7942_RS10135,0.108329899509248
SYNPCC7942_RS03160,SYNPCC7942_RS11405,0.108279139729011
SYNPCC7942_RS03160,SYNPCC7942_RS02965,0.108270611883756
SYNPCC7942_RS09760,SYNPCC7942_RS02685,0.108218972027253
SYNPCC7942_RS00455,SYNPCC7942_RS01330,0.108181410130047
SYNPCC7942_RS03465,SYNPCC7942_RS11990,0.108176718345806
SYNPCC7942_RS03160,SYNPCC7942_RS07460,0.108166455143879
SYNPCC7942_RS05870,SYNPCC7942_RS02490,0.108117410779501
SYNPCC7942_RS09740,SYNPCC7942_RS12650,0.108069348126488
SYNPCC7942_RS07185,SYNPCC7942_RS00630,0.108065745298196
SYNPCC7942_RS08820,SYNPCC7942_RS02660,0.108008655592489
SYNPCC7942_RS00455,SYNPCC7942_RS05350,0.10797955385957
SYNPCC7942_RS09065,SYNPCC7942_RS03390,0.107979277477154
SYNPCC7942_RS12560,SYNPCC7942_RS09795,0.107911229663464
SYNPCC7942_RS00455,SYNPCC7942_RS06115,0.107904192611326
SYNPCC7942_RS03160,SYNPCC7942_RS12480,0.107882823482756
SYNPCC7942_RS03160,SYNPCC7942_RS12575,0.10785983907183
SYNPCC7942_RS07435,SYNPCC7942_RS01155,0.107777251038882
SYNPCC7942_RS00560,SYNPCC7942_RS11525,0.107762202808142
SYNPCC7942_RS06700,SYNPCC7942_RS10600,0.107756403822153
SYNPCC7942_RS09740,SYNPCC7942_RS05695,0.107752943564258
SYNPCC7942_RS03465,SYNPCC7942_RS02565,0.107752073953443
SYNPCC7942_RS02830,SYNPCC7942_RS12135,0.107722209180501
SYNPCC7942_RS00455,SYNPCC7942_RS10335,0.107698565325198
SYNPCC7942_RS03075,SYNPCC7942_RS06325,0.107697917891332
SYNPCC7942_RS10700,SYNPCC7942_RS05665,0.107650800252522
SYNPCC7942_RS10700,SYNPCC7942_RS08490,0.107637928815271
SYNPCC7942_RS10700,SYNPCC7942_RS13030,0.107524982320393
SYNPCC7942_RS06700,SYNPCC7942_RS10605,0.107518363408466
SYNPCC7942_RS07435,SYNPCC7942_RS10975,0.10751769426663
SYNPCC7942_RS05870,SYNPCC7942_RS08485,0.10750910162954
SYNPCC7942_RS05870,SYNPCC7942_RS07915,0.107458460150591
SYNPCC7942_RS10340,SYNPCC7942_RS13965,0.10745625247958
SYNPCC7942_RS08820,SYNPCC7942_RS08830,0.107451625875595
SYNPCC7942_RS10170,SYNPCC7942_RS06665,0.107439339132891
SYNPCC7942_RS00455,SYNPCC7942_RS08655,0.107437555214728
SYNPCC7942_RS07435,SYNPCC7942_RS08625,0.107395109662917
SYNPCC7942_RS12560,SYNPCC7942_RS06600,0.107394830159725
SYNPCC7942_RS03160,SYNPCC7942_RS00095,0.107357773878599
SYNPCC7942_RS00455,SYNPCC7942_RS13060,0.107334286664086
SYNPCC7942_RS07435,SYNPCC7942_RS04385,0.107323299987372
SYNPCC7942_RS09740,SYNPCC7942_RS05280,0.107282658212107
SYNPCC7942_RS03160,SYNPCC7942_RS03495,0.107268582483385
SYNPCC7942_RS05870,SYNPCC7942_RS06385,0.107266926364675
SYNPCC7942_RS00455,SYNPCC7942_RS10650,0.107235251882758
SYNPCC7942_RS10700,SYNPCC7942_RS04795,0.10718092404227
SYNPCC7942_RS07435,SYNPCC7942_RS07440,0.107152593151044
SYNPCC7942_RS03465,SYNPCC7942_RS02775,0.10712117819559
SYNPCC7942_RS09935,SYNPCC7942_RS02130,0.107015930490326
SYNPCC7942_RS07185,SYNPCC7942_RS03625,0.107013575510322
SYNPCC7942_RS03160,SYNPCC7942_RS03535,0.106971630606802
SYNPCC7942_RS08850,SYNPCC7942_RS11280,0.106889843178744
SYNPCC7942_RS08885,SYNPCC7942_RS09245,0.106889019689998
SYNPCC7942_RS03465,SYNPCC7942_RS01685,0.106883919284354
SYNPCC7942_RS12535,SYNPCC7942_RS07355,0.10683605132381
SYNPCC7942_RS03465,SYNPCC7942_RS06770,0.106818056963409
SYNPCC7942_RS08885,SYNPCC7942_RS09755,0.106797917767276
SYNPCC7942_RS03075,SYNPCC7942_RS03605,0.10677494080352
SYNPCC7942_RS00480,SYNPCC7942_RS09105,0.10677373812343
SYNPCC7942_RS03160,SYNPCC7942_RS09420,0.106736925726841
SYNPCC7942_RS09740,SYNPCC7942_RS09685,0.106719867436666
SYNPCC7942_RS10260,SYNPCC7942_RS10265,0.106708431691818
SYNPCC7942_RS05870,SYNPCC7942_RS02875,0.106605133280616
SYNPCC7942_RS09160,SYNPCC7942_RS03200,0.1065843006439
SYNPCC7942_RS03160,SYNPCC7942_RS08895,0.106561309071195
SYNPCC7942_RS09435,SYNPCC7942_RS01305,0.106530385004414
SYNPCC7942_RS03160,SYNPCC7942_RS13045,0.106443398382459
SYNPCC7942_RS09620,SYNPCC7942_RS03220,0.106434797614535
SYNPCC7942_RS07435,SYNPCC7942_RS07280,0.106395609999617
SYNPCC7942_RS08885,SYNPCC7942_RS01290,0.106347664683664
SYNPCC7942_RS03260,SYNPCC7942_RS11915,0.10629902479587
SYNPCC7942_RS00645,SYNPCC7942_RS05335,0.106237417751163
SYNPCC7942_RS05070,SYNPCC7942_RS11805,0.106201571830365
SYNPCC7942_RS02830,SYNPCC7942_RS05925,0.106190778138594
SYNPCC7942_RS03160,SYNPCC7942_RS10440,0.106182653898815
SYNPCC7942_RS00480,SYNPCC7942_RS00425,0.106164410093627
SYNPCC7942_RS07185,SYNPCC7942_RS02880,0.106158019628365
SYNPCC7942_RS00645,SYNPCC7942_RS06490,0.106136973240096
SYNPCC7942_RS11465,SYNPCC7942_RS08325,0.106128398323124
SYNPCC7942_RS02830,SYNPCC7942_RS01555,0.106105927073863
SYNPCC7942_RS08820,SYNPCC7942_RS09250,0.106096077845261
SYNPCC7942_RS07435,SYNPCC7942_RS05145,0.106092009360386
SYNPCC7942_RS03160,SYNPCC7942_RS04455,0.106081872636909
SYNPCC7942_RS03325,SYNPCC7942_RS09665,0.106024835675489
SYNPCC7942_RS03465,SYNPCC7942_RS02365,0.106023539123025
SYNPCC7942_RS10700,SYNPCC7942_RS11995,0.106017602371712
SYNPCC7942_RS03160,SYNPCC7942_RS02760,0.106012093395183
SYNPCC7942_RS03160,SYNPCC7942_RS07995,0.105979788240657
SYNPCC7942_RS03160,SYNPCC7942_RS04615,0.105972368049209
SYNPCC7942_RS00765,SYNPCC7942_RS00930,0.105834586689359
SYNPCC7942_RS00455,SYNPCC7942_RS12175,0.105779123446842
SYNPCC7942_RS00645,SYNPCC7942_RS10410,0.105736735587569
SYNPCC7942_RS13695,SYNPCC7942_RS03960,0.105731474310478
SYNPCC7942_RS10700,SYNPCC7942_RS10595,0.105705639414278
SYNPCC7942_RS06365,SYNPCC7942_RS00860,0.105705063545303
SYNPCC7942_RS09380,SYNPCC7942_RS12685,0.105632917380875
SYNPCC7942_RS03160,SYNPCC7942_RS06075,0.105617051725205
SYNPCC7942_RS07435,SYNPCC7942_RS11160,0.105607111741164
SYNPCC7942_RS12560,SYNPCC7942_RS04095,0.105606711304214
SYNPCC7942_RS03160,SYNPCC7942_RS07060,0.105603760762537
SYNPCC7942_RS02830,SYNPCC7942_RS07940,0.105579363788838
SYNPCC7942_RS09065,SYNPCC7942_RS13190,0.10557180970652
SYNPCC7942_RS08885,SYNPCC7942_RS11925,0.105537175008216
SYNPCC7942_RS09065,SYNPCC7942_RS03465,0.105503310011169
SYNPCC7942_RS10700,SYNPCC7942_RS07625,0.105496702599379
SYNPCC7942_RS09760,SYNPCC7942_RS08235,0.105402281177472
SYNPCC7942_RS12560,SYNPCC7942_RS09075,0.105400462164652
SYNPCC7942_RS03160,SYNPCC7942_RS11515,0.105366832706172
SYNPCC7942_RS07185,SYNPCC7942_RS04205,0.105351333344501
SYNPCC7942_RS02830,SYNPCC7942_RS03520,0.105314181920063
SYNPCC7942_RS00455,SYNPCC7942_RS10310,0.105305927594038
SYNPCC7942_RS07435,SYNPCC7942_RS12385,0.105296873208472
SYNPCC7942_RS02830,SYNPCC7942_RS10540,0.105280952481418
SYNPCC7942_RS07185,SYNPCC7942_RS05960,0.105272812855973
SYNPCC7942_RS09740,SYNPCC7942_RS08165,0.105269659103472
SYNPCC7942_RS07435,SYNPCC7942_RS03495,0.105236678922835
SYNPCC7942_RS03465,SYNPCC7942_RS02920,0.10516665719699
SYNPCC7942_RS03160,SYNPCC7942_RS03490,0.105078570747554
SYNPCC7942_RS09065,SYNPCC7942_RS12680,0.105072301330064
SYNPCC7942_RS09740,SYNPCC7942_RS11410,0.10502333728831
SYNPCC7942_RS03160,SYNPCC7942_RS12475,0.10501885335823
SYNPCC7942_RS09740,SYNPCC7942_RS04150,0.104980056805218
SYNPCC7942_RS07435,SYNPCC7942_RS01825,0.104974715094765
SYNPCC7942_RS12535,SYNPCC7942_RS09700,0.104971075704343
SYNPCC7942_RS10340,SYNPCC7942_RS03795,0.104939898186499
SYNPCC7942_RS07435,SYNPCC7942_RS03175,0.104924104477424
SYNPCC7942_RS07435,SYNPCC7942_RS09515,0.104923135130922
SYNPCC7942_RS03465,SYNPCC7942_RS02575,0.104895506032657
SYNPCC7942_RS03160,SYNPCC7942_RS01845,0.104894418568818
SYNPCC7942_RS09380,SYNPCC7942_RS04315,0.104893960555777
SYNPCC7942_RS07435,SYNPCC7942_RS01660,0.104866888371371
SYNPCC7942_RS03160,SYNPCC7942_RS06460,0.104861240392714
SYNPCC7942_RS03160,SYNPCC7942_RS00330,0.10486068423481
SYNPCC7942_RS03160,SYNPCC7942_RS02095,0.104857653318772
SYNPCC7942_RS00455,SYNPCC7942_RS09850,0.104839320367295
SYNPCC7942_RS07185,SYNPCC7942_RS10200,0.10482994799449
SYNPCC7942_RS03160,SYNPCC7942_RS01630,0.104761865706034
SYNPCC7942_RS03160,SYNPCC7942_RS08160,0.104643056576371
SYNPCC7942_RS03075,SYNPCC7942_RS11415,0.104633525647194
SYNPCC7942_RS00645,SYNPCC7942_RS03100,0.104605040991512
SYNPCC7942_RS03075,SYNPCC7942_RS08505,0.104597150223035
SYNPCC7942_RS00455,SYNPCC7942_RS05785,0.104558360093425
SYNPCC7942_RS00455,SYNPCC7942_RS12180,0.104525573122118
SYNPCC7942_RS05870,SYNPCC7942_RS06130,0.10449709839099
SYNPCC7942_RS03075,SYNPCC7942_RS01590,0.104495201585091
SYNPCC7942_RS03160,SYNPCC7942_RS01935,0.104466941838476
SYNPCC7942_RS07435,SYNPCC7942_RS06615,0.104456192318145
SYNPCC7942_RS02830,SYNPCC7942_RS01015,0.104440739962393
SYNPCC7942_RS03160,SYNPCC7942_RS06070,0.104434971483223
SYNPCC7942_RS03260,SYNPCC7942_RS11265,0.104425850880643
SYNPCC7942_RS02830,SYNPCC7942_RS05930,0.104422608852982
SYNPCC7942_RS03160,SYNPCC7942_RS00355,0.104418781249603
SYNPCC7942_RS07435,SYNPCC7942_RS01455,0.104389347769567
SYNPCC7942_RS03440,SYNPCC7942_RS04845,0.10438533342173
SYNPCC7942_RS03075,SYNPCC7942_RS05340,0.104376392716359
SYNPCC7942_RS03075,SYNPCC7942_RS01880,0.104347955009577
SYNPCC7942_RS12285,SYNPCC7942_RS09385,0.104320964486238
SYNPCC7942_RS00455,SYNPCC7942_RS04405,0.104297169550617
SYNPCC7942_RS09065,SYNPCC7942_RS08445,0.104292798236586
SYNPCC7942_RS00455,SYNPCC7942_RS09885,0.104287579790353
SYNPCC7942_RS00380,SYNPCC7942_RS04770,0.104272172339598
SYNPCC7942_RS03160,SYNPCC7942_RS04470,0.104250059775305
SYNPCC7942_RS10700,SYNPCC7942_RS02820,0.104212284123473
SYNPCC7942_RS10700,SYNPCC7942_RS12335,0.104095909805147
SYNPCC7942_RS09740,SYNPCC7942_RS08260,0.104091573589539
SYNPCC7942_RS10340,SYNPCC7942_RS03875,0.104090050188657
SYNPCC7942_RS11465,SYNPCC7942_RS10940,0.10408495680137
SYNPCC7942_RS02830,SYNPCC7942_RS12315,0.104046974080714
SYNPCC7942_RS00455,SYNPCC7942_RS10435,0.104027588010556
SYNPCC7942_RS02895,SYNPCC7942_RS11905,0.104018820293134
SYNPCC7942_RS07435,SYNPCC7942_RS06690,0.104011237884332
SYNPCC7942_RS00455,SYNPCC7942_RS01215,0.103991391686836
SYNPCC7942_RS02895,SYNPCC7942_RS05385,0.103951319565198
SYNPCC7942_RS03465,SYNPCC7942_RS12715,0.103933409056663
SYNPCC7942_RS02830,SYNPCC7942_RS08005,0.10392127993323
SYNPCC7942_RS03160,SYNPCC7942_RS06810,0.103915265530647
SYNPCC7942_RS10700,SYNPCC7942_RS01845,0.103911522822532
SYNPCC7942_RS05870,SYNPCC7942_RS10420,0.103906363314425
SYNPCC7942_RS03160,SYNPCC7942_RS10760,0.103874321431647
SYNPCC7942_RS03075,SYNPCC7942_RS01560,0.103871997779035
SYNPCC7942_RS00765,SYNPCC7942_RS13690,0.103856517158259
SYNPCC7942_RS09740,SYNPCC7942_RS10525,0.103819164862301
SYNPCC7942_RS03465,SYNPCC7942_RS06655,0.103766779476312
SYNPCC7942_RS03325,SYNPCC7942_RS07650,0.1037209414977
SYNPCC7942_RS08885,SYNPCC7942_RS00825,0.103719187818162
SYNPCC7942_RS10700,SYNPCC7942_RS06080,0.103676355449542
SYNPCC7942_RS12560,SYNPCC7942_RS04930,0.103653570592902
SYNPCC7942_RS10170,SYNPCC7942_RS00245,0.103635297196259
SYNPCC7942_RS09740,SYNPCC7942_RS08160,0.103632064411159
SYNPCC7942_RS09740,SYNPCC7942_RS05195,0.103624175255701
SYNPCC7942_RS09065,SYNPCC7942_RS11175,0.103599876361114
SYNPCC7942_RS03160,SYNPCC7942_RS02295,0.103560056943915
SYNPCC7942_RS03465,SYNPCC7942_RS01715,0.103528076508257
SYNPCC7942_RS03160,SYNPCC7942_RS04230,0.103504157787651
SYNPCC7942_RS02895,SYNPCC7942_RS12210,0.103492808619674
SYNPCC7942_RS07435,SYNPCC7942_RS10330,0.10348970789487
SYNPCC7942_RS03160,SYNPCC7942_RS06485,0.103479440830031
SYNPCC7942_RS07435,SYNPCC7942_RS01145,0.103421179412009
SYNPCC7942_RS03160,SYNPCC7942_RS04685,0.103411592541372
SYNPCC7942_RS00455,SYNPCC7942_RS01255,0.103402837851645
SYNPCC7942_RS03465,SYNPCC7942_RS05880,0.10338592613741
SYNPCC7942_RS10170,SYNPCC7942_RS10490,0.103297333895633
SYNPCC7942_RS00455,SYNPCC7942_RS09860,0.103294533061564
SYNPCC7942_RS02830,SYNPCC7942_RS01020,0.103267833752
SYNPCC7942_RS06370,SYNPCC7942_RS05810,0.103257276556283
SYNPCC7942_RS09500,SYNPCC7942_RS07075,0.103236149688514
SYNPCC7942_RS12560,SYNPCC7942_RS12565,0.103231274875915
SYNPCC7942_RS10700,SYNPCC7942_RS00350,0.103229830208903
SYNPCC7942_RS03160,SYNPCC7942_RS04900,0.103150383184533
SYNPCC7942_RS10700,SYNPCC7942_RS00880,0.103125581000524
SYNPCC7942_RS03465,SYNPCC7942_RS03415,0.103119009046684
SYNPCC7942_RS03160,SYNPCC7942_RS03500,0.103117460077868
SYNPCC7942_RS03465,SYNPCC7942_RS10675,0.103114270644185
SYNPCC7942_RS00645,SYNPCC7942_RS04390,0.103073938511924
SYNPCC7942_RS03325,SYNPCC7942_RS08155,0.103073880840147
SYNPCC7942_RS05870,SYNPCC7942_RS09005,0.102985041773149
SYNPCC7942_RS09380,SYNPCC7942_RS12980,0.102973868028321
SYNPCC7942_RS07435,SYNPCC7942_RS09015,0.102968344132699
SYNPCC7942_RS12560,SYNPCC7942_RS12185,0.10296520394081
SYNPCC7942_RS07435,SYNPCC7942_RS10030,0.102958757850015
SYNPCC7942_RS04225,SYNPCC7942_RS08095,0.102871559161303
SYNPCC7942_RS00645,SYNPCC7942_RS11585,0.102861661365294
SYNPCC7942_RS10700,SYNPCC7942_RS03125,0.102769419082752
SYNPCC7942_RS12560,SYNPCC7942_RS02020,0.102726357161908
SYNPCC7942_RS00480,SYNPCC7942_RS09165,0.102689419150253
SYNPCC7942_RS00455,SYNPCC7942_RS10270,0.102638599918626
SYNPCC7942_RS07185,SYNPCC7942_RS11620,0.102635011313742
SYNPCC7942_RS03160,SYNPCC7942_RS09740,0.102622206836895
SYNPCC7942_RS00455,SYNPCC7942_RS10805,0.102618199027721
SYNPCC7942_RS09065,SYNPCC7942_RS09025,0.102591915823007
SYNPCC7942_RS00455,SYNPCC7942_RS12660,0.102554776751847
SYNPCC7942_RS00455,SYNPCC7942_RS05500,0.102527263331782
SYNPCC7942_RS11465,SYNPCC7942_RS03240,0.102492999074937
SYNPCC7942_RS00455,SYNPCC7942_RS00055,0.102488943611308
SYNPCC7942_RS09760,SYNPCC7942_RS11880,0.102484458146269
SYNPCC7942_RS09065,SYNPCC7942_RS12115,0.102473421978405
SYNPCC7942_RS07435,SYNPCC7942_RS11425,0.102433635693906
SYNPCC7942_RS09160,SYNPCC7942_RS12710,0.102422152544357
SYNPCC7942_RS12275,SYNPCC7942_RS09035,0.102408910998227
SYNPCC7942_RS03260,SYNPCC7942_RS11225,0.102389845799065
SYNPCC7942_RS07435,SYNPCC7942_RS04050,0.102356497428718
SYNPCC7942_RS08885,SYNPCC7942_RS05255,0.10233549954774
SYNPCC7942_RS03440,SYNPCC7942_RS05795,0.102304499667457
SYNPCC7942_RS03075,SYNPCC7942_RS03320,0.102299737797205
SYNPCC7942_RS00455,SYNPCC7942_RS06395,0.10229410799077
SYNPCC7942_RS05870,SYNPCC7942_RS02760,0.102290109986008
SYNPCC7942_RS07435,SYNPCC7942_RS00745,0.102282378582717
SYNPCC7942_RS06370,SYNPCC7942_RS01265,0.102257486808034
SYNPCC7942_RS10700,SYNPCC7942_RS00455,0.102245590163563
SYNPCC7942_RS07435,SYNPCC7942_RS07270,0.102221621180446
SYNPCC7942_RS07435,SYNPCC7942_RS06715,0.102211480321303
SYNPCC7942_RS09500,SYNPCC7942_RS00255,0.102208366796399
SYNPCC7942_RS07435,SYNPCC7942_RS01655,0.102174499948486
SYNPCC7942_RS00455,SYNPCC7942_RS03670,0.102165839321577
SYNPCC7942_RS00455,SYNPCC7942_RS09290,0.102104384099167
SYNPCC7942_RS11465,SYNPCC7942_RS00185,0.102090838551293
SYNPCC7942_RS08850,SYNPCC7942_RS08835,0.102065381216496
SYNPCC7942_RS02830,SYNPCC7942_RS01005,0.102053308451078
SYNPCC7942_RS08405,SYNPCC7942_RS10770,0.102043543410172
SYNPCC7942_RS03325,SYNPCC7942_RS00025,0.102019077957207
SYNPCC7942_RS05870,SYNPCC7942_RS06065,0.102012193518238
SYNPCC7942_RS07435,SYNPCC7942_RS04770,0.102010334613128
SYNPCC7942_RS00455,SYNPCC7942_RS06155,0.101989626243426
SYNPCC7942_RS00645,SYNPCC7942_RS11160,0.101944310347089
SYNPCC7942_RS07435,SYNPCC7942_RS01360,0.101939086440806
SYNPCC7942_RS09160,SYNPCC7942_RS09140,0.101806763684152
SYNPCC7942_RS07435,SYNPCC7942_RS11900,0.101805775641277
SYNPCC7942_RS06370,SYNPCC7942_RS05415,0.101790385498816
SYNPCC7942_RS03160,SYNPCC7942_RS01785,0.101778834706504
SYNPCC7942_RS13165,SYNPCC7942_RS07045,0.101750513523141
SYNPCC7942_RS03160,SYNPCC7942_RS11435,0.101743360129013
SYNPCC7942_RS00645,SYNPCC7942_RS10050,0.101742599320828
SYNPCC7942_RS09160,SYNPCC7942_RS01085,0.101738163615704
SYNPCC7942_RS09380,SYNPCC7942_RS02955,0.101724857153437
SYNPCC7942_RS03160,SYNPCC7942_RS09615,0.101689174512827
SYNPCC7942_RS13165,SYNPCC7942_RS09915,0.10168861644184
SYNPCC7942_RS09380,SYNPCC7942_RS12120,0.101642445669923
SYNPCC7942_RS03465,SYNPCC7942_RS00340,0.10164082549688
SYNPCC7942_RS11970,SYNPCC7942_RS01900,0.101603205345911
SYNPCC7942_RS10700,SYNPCC7942_RS12105,0.10156361063971
SYNPCC7942_RS03160,SYNPCC7942_RS12485,0.101550638995127
SYNPCC7942_RS02895,SYNPCC7942_RS05375,0.10153504378997
SYNPCC7942_RS09990,SYNPCC7942_RS06700,0.101497078662244
SYNPCC7942_RS05870,SYNPCC7942_RS02350,0.101475841866101
SYNPCC7942_RS02830,SYNPCC7942_RS08515,0.101452315584131
SYNPCC7942_RS08885,SYNPCC7942_RS10775,0.101398480032151
SYNPCC7942_RS03160,SYNPCC7942_RS12520,0.101377081017653
SYNPCC7942_RS05870,SYNPCC7942_RS04455,0.101373501156028
SYNPCC7942_RS03260,SYNPCC7942_RS06540,0.101345816900297
SYNPCC7942_RS00645,SYNPCC7942_RS09360,0.101328996926576
SYNPCC7942_RS09160,SYNPCC7942_RS09315,0.101315687418573
SYNPCC7942_RS03160,SYNPCC7942_RS08265,0.101309619519078
SYNPCC7942_RS05870,SYNPCC7942_RS04060,0.101281982385711
SYNPCC7942_RS00645,SYNPCC7942_RS02465,0.101251245203516
SYNPCC7942_RS09065,SYNPCC7942_RS05080,0.101219107984389
SYNPCC7942_RS00455,SYNPCC7942_RS10090,0.101157789149594
SYNPCC7942_RS02895,SYNPCC7942_RS11900,0.101119772373831
SYNPCC7942_RS07185,SYNPCC7942_RS10285,0.101116427774131
SYNPCC7942_RS03160,SYNPCC7942_RS13230,0.10111438533278
SYNPCC7942_RS03465,SYNPCC7942_RS11985,0.101111115178686
SYNPCC7942_RS03160,SYNPCC7942_RS08205,0.101103122218576
SYNPCC7942_RS03160,SYNPCC7942_RS10010,0.101078298132311
SYNPCC7942_RS11465,SYNPCC7942_RS06400,0.101047314669956
SYNPCC7942_RS07435,SYNPCC7942_RS13930,0.101042746547719
SYNPCC7942_RS03440,SYNPCC7942_RS01100,0.10102185926201
SYNPCC7942_RS07185,SYNPCC7942_RS09600,0.101006069239438
SYNPCC7942_RS00455,SYNPCC7942_RS07730,0.100987122892317
SYNPCC7942_RS03440,SYNPCC7942_RS09035,0.100977070585433
SYNPCC7942_RS09160,SYNPCC7942_RS00830,0.100918442352654
SYNPCC7942_RS07435,SYNPCC7942_RS00380,0.100901269141364
SYNPCC7942_RS09500,SYNPCC7942_RS06320,0.100881402517799
SYNPCC7942_RS03160,SYNPCC7942_RS04790,0.100865600747213
SYNPCC7942_RS10700,SYNPCC7942_RS09265,0.100864645621683
SYNPCC7942_RS00645,SYNPCC7942_RS02895,0.100835290265935
SYNPCC7942_RS05640,SYNPCC7942_RS08670,0.100830330310303
SYNPCC7942_RS03075,SYNPCC7942_RS07175,0.100732376945215
SYNPCC7942_RS07185,SYNPCC7942_RS07750,0.100732122517296
SYNPCC7942_RS09160,SYNPCC7942_RS04130,0.100729089251156
SYNPCC7942_RS03160,SYNPCC7942_RS08140,0.100725186205534
SYNPCC7942_RS09435,SYNPCC7942_RS02040,0.100694332999048
SYNPCC7942_RS09500,SYNPCC7942_RS06930,0.10068251756102
SYNPCC7942_RS07435,SYNPCC7942_RS01280,0.100673393672577
SYNPCC7942_RS09620,SYNPCC7942_RS00345,0.100658065070986
SYNPCC7942_RS07435,SYNPCC7942_RS03640,0.100645598152024
SYNPCC7942_RS03075,SYNPCC7942_RS12120,0.10062709064213
SYNPCC7942_RS09620,SYNPCC7942_RS02285,0.100589188567007
SYNPCC7942_RS12275,SYNPCC7942_RS12000,0.100576740271895
SYNPCC7942_RS05870,SYNPCC7942_RS05160,0.100565908245703
SYNPCC7942_RS09620,SYNPCC7942_RS12830,0.100508902555797
SYNPCC7942_RS03160,SYNPCC7942_RS04625,0.10049552457068
SYNPCC7942_RS07435,SYNPCC7942_RS03670,0.100460988237249
SYNPCC7942_RS03160,SYNPCC7942_RS05900,0.100438846698358
SYNPCC7942_RS10700,SYNPCC7942_RS11640,0.100428772662416
SYNPCC7942_RS09380,SYNPCC7942_RS09890,0.10041512526802
SYNPCC7942_RS05870,SYNPCC7942_RS04540,0.100388961477311
SYNPCC7942_RS07185,SYNPCC7942_RS11535,0.100383729436306
SYNPCC7942_RS12560,SYNPCC7942_RS03185,0.100383162565338
SYNPCC7942_RS06370,SYNPCC7942_RS05235,0.100361100683042
SYNPCC7942_RS03955,SYNPCC7942_RS00270,0.100358879460358
SYNPCC7942_RS03160,SYNPCC7942_RS11350,0.100335869591923
SYNPCC7942_RS12535,SYNPCC7942_RS13065,0.100318173339078
SYNPCC7942_RS03440,SYNPCC7942_RS03055,0.100230578653139
SYNPCC7942_RS03465,SYNPCC7942_RS13925,0.100226001551452
SYNPCC7942_RS03160,SYNPCC7942_RS08170,0.100225729424925
SYNPCC7942_RS02830,SYNPCC7942_RS02370,0.10014232977985
SYNPCC7942_RS13165,SYNPCC7942_RS09910,0.100138821467748
SYNPCC7942_RS08885,SYNPCC7942_RS11965,0.100137730283162
SYNPCC7942_RS03160,SYNPCC7942_RS01625,0.100116004621205
SYNPCC7942_RS03160,SYNPCC7942_RS01520,0.100113472663183
SYNPCC7942_RS07185,SYNPCC7942_RS03550,0.100055127141099
SYNPCC7942_RS09380,SYNPCC7942_RS09070,0.10001102228056
SYNPCC7942_RS03160,SYNPCC7942_RS06915,0.0999968942864691
SYNPCC7942_RS09740,SYNPCC7942_RS00890,0.0999749801444323
SYNPCC7942_RS03465,SYNPCC7942_RS04050,0.0999355781525292
SYNPCC7942_RS03160,SYNPCC7942_RS04460,0.0998927866897246
SYNPCC7942_RS05070,SYNPCC7942_RS09955,0.0998892422162759
SYNPCC7942_RS03160,SYNPCC7942_RS02005,0.0998838686921108
SYNPCC7942_RS03465,SYNPCC7942_RS08495,0.0998832550497567
SYNPCC7942_RS10700,SYNPCC7942_RS10355,0.0998710261346315
SYNPCC7942_RS03465,SYNPCC7942_RS03990,0.0998703563029664
SYNPCC7942_RS07435,SYNPCC7942_RS03170,0.0998686101407955
SYNPCC7942_RS08820,SYNPCC7942_RS07165,0.0998622545405977
SYNPCC7942_RS07185,SYNPCC7942_RS12805,0.0998245702506068
SYNPCC7942_RS11050,SYNPCC7942_RS07865,0.0997657430968055
SYNPCC7942_RS03160,SYNPCC7942_RS04795,0.0997413658804841
SYNPCC7942_RS00455,SYNPCC7942_RS09440,0.0997316883925675
SYNPCC7942_RS00645,SYNPCC7942_RS03175,0.0997238840714728
SYNPCC7942_RS09740,SYNPCC7942_RS03535,0.0997093566059103
SYNPCC7942_RS05870,SYNPCC7942_RS02245,0.0997050876719123
SYNPCC7942_RS05070,SYNPCC7942_RS10430,0.0996895856124937
SYNPCC7942_RS03465,SYNPCC7942_RS00790,0.0996635691184856
SYNPCC7942_RS00765,SYNPCC7942_RS04015,0.0996605893803674
SYNPCC7942_RS13165,SYNPCC7942_RS02080,0.0996272043911438
SYNPCC7942_RS10340,SYNPCC7942_RS02495,0.0996198048178493
SYNPCC7942_RS10700,SYNPCC7942_RS06860,0.0996017657248492
SYNPCC7942_RS00645,SYNPCC7942_RS01465,0.0995979583463414
SYNPCC7942_RS10700,SYNPCC7942_RS09615,0.099587212406223
SYNPCC7942_RS02830,SYNPCC7942_RS08035,0.0995228487087306
SYNPCC7942_RS10700,SYNPCC7942_RS10000,0.0994633908791875
SYNPCC7942_RS09435,SYNPCC7942_RS05230,0.0994630956866392
SYNPCC7942_RS09380,SYNPCC7942_RS06920,0.0994510647861223
SYNPCC7942_RS09935,SYNPCC7942_RS02125,0.0994508949655325
SYNPCC7942_RS03160,SYNPCC7942_RS01160,0.0994121117965297
SYNPCC7942_RS11465,SYNPCC7942_RS01195,0.0993780404827179
SYNPCC7942_RS07435,SYNPCC7942_RS04785,0.0993777516707056
SYNPCC7942_RS03160,SYNPCC7942_RS00110,0.0993741528219042
SYNPCC7942_RS00645,SYNPCC7942_RS03670,0.0993537707492442
SYNPCC7942_RS00455,SYNPCC7942_RS09980,0.0993337113286055
SYNPCC7942_RS07185,SYNPCC7942_RS00610,0.0993035051527764
SYNPCC7942_RS04225,SYNPCC7942_RS10800,0.0992750558448875
SYNPCC7942_RS03465,SYNPCC7942_RS11935,0.0992503502551798
SYNPCC7942_RS03955,SYNPCC7942_RS00285,0.0991881091062734
SYNPCC7942_RS12560,SYNPCC7942_RS05055,0.099166953367191
SYNPCC7942_RS07185,SYNPCC7942_RS12540,0.0991659447266039
SYNPCC7942_RS03075,SYNPCC7942_RS11135,0.0991260675025516
SYNPCC7942_RS08405,SYNPCC7942_RS09150,0.0991138627878651
SYNPCC7942_RS09760,SYNPCC7942_RS08370,0.099089767969491
SYNPCC7942_RS05070,SYNPCC7942_RS06175,0.0990488874117247
SYNPCC7942_RS03075,SYNPCC7942_RS06120,0.099047420198282
SYNPCC7942_RS09740,SYNPCC7942_RS00680,0.0989833954849908
SYNPCC7942_RS07435,SYNPCC7942_RS08860,0.0989433152180562
SYNPCC7942_RS00645,SYNPCC7942_RS01375,0.0989282312069509
SYNPCC7942_RS10170,SYNPCC7942_RS06775,0.0989088932523066
SYNPCC7942_RS08885,SYNPCC7942_RS12585,0.098908370495148
SYNPCC7942_RS07435,SYNPCC7942_RS00850,0.0988970472690189
SYNPCC7942_RS00645,SYNPCC7942_RS07440,0.0988952825017895
SYNPCC7942_RS10350,SYNPCC7942_RS13050,0.098862677611409
SYNPCC7942_RS09740,SYNPCC7942_RS01180,0.0988221975932565
SYNPCC7942_RS10700,SYNPCC7942_RS02475,0.0987977040965578
SYNPCC7942_RS03160,SYNPCC7942_RS09780,0.098796869696725
SYNPCC7942_RS07435,SYNPCC7942_RS03095,0.0987934153838429
SYNPCC7942_RS00380,SYNPCC7942_RS05285,0.0986866150984406
SYNPCC7942_RS03325,SYNPCC7942_RS01430,0.0986754462194716
SYNPCC7942_RS00455,SYNPCC7942_RS11590,0.098636228907436
SYNPCC7942_RS09740,SYNPCC7942_RS09260,0.0986349551525235
SYNPCC7942_RS03465,SYNPCC7942_RS07080,0.0986243415291709
SYNPCC7942_RS03530,SYNPCC7942_RS01080,0.0985979178222272
SYNPCC7942_RS07435,SYNPCC7942_RS02735,0.0985970768399967
SYNPCC7942_RS10700,SYNPCC7942_RS07450,0.0985875803808597
SYNPCC7942_RS10700,SYNPCC7942_RS11885,0.0985850864366025
SYNPCC7942_RS05870,SYNPCC7942_RS04285,0.0985785436248602
SYNPCC7942_RS09065,SYNPCC7942_RS09380,0.0985345549507412
SYNPCC7942_RS05870,SYNPCC7942_RS00725,0.0985128433174783
SYNPCC7942_RS05870,SYNPCC7942_RS07600,0.0985095046137351
SYNPCC7942_RS05870,SYNPCC7942_RS08555,0.0984838654292961
SYNPCC7942_RS03075,SYNPCC7942_RS00510,0.0984635043964187
SYNPCC7942_RS09380,SYNPCC7942_RS03485,0.0984442603924596
SYNPCC7942_RS00455,SYNPCC7942_RS08210,0.0984382325123288
SYNPCC7942_RS03960,SYNPCC7942_RS13725,0.0984140183317639
SYNPCC7942_RS00645,SYNPCC7942_RS07735,0.0984115272820994
SYNPCC7942_RS09435,SYNPCC7942_RS01335,0.0984088399234717
SYNPCC7942_RS10700,SYNPCC7942_RS00570,0.0983992881782327
SYNPCC7942_RS07435,SYNPCC7942_RS03680,0.0983946025062217
SYNPCC7942_RS00455,SYNPCC7942_RS08205,0.0983909883765119
SYNPCC7942_RS00560,SYNPCC7942_RS00655,0.098359655416633
SYNPCC7942_RS04835,SYNPCC7942_RS13020,0.0983298256566968
SYNPCC7942_RS03260,SYNPCC7942_RS11330,0.0983105741305139
SYNPCC7942_RS03160,SYNPCC7942_RS09080,0.0982567398663139
SYNPCC7942_RS07435,SYNPCC7942_RS06800,0.0982450216555728
SYNPCC7942_RS10700,SYNPCC7942_RS10190,0.0982411195612418
SYNPCC7942_RS07185,SYNPCC7942_RS10275,0.0982016642233788
SYNPCC7942_RS10040,SYNPCC7942_RS11135,0.0981992560371403
SYNPCC7942_RS09740,SYNPCC7942_RS04475,0.0981948453721232
SYNPCC7942_RS10700,SYNPCC7942_RS02035,0.0981870348319726
SYNPCC7942_RS09065,SYNPCC7942_RS01250,0.0981776797941693
SYNPCC7942_RS02895,SYNPCC7942_RS09705,0.0981641832664342
SYNPCC7942_RS07185,SYNPCC7942_RS04690,0.0981599005256331
SYNPCC7942_RS03075,SYNPCC7942_RS01025,0.098159007484107
SYNPCC7942_RS00645,SYNPCC7942_RS10975,0.0981506456594079
SYNPCC7942_RS07185,SYNPCC7942_RS12875,0.0981468863523002
SYNPCC7942_RS10340,SYNPCC7942_RS08230,0.0981434444429001
SYNPCC7942_RS05870,SYNPCC7942_RS10120,0.0981384732663463
SYNPCC7942_RS03075,SYNPCC7942_RS07225,0.0981075516664279
SYNPCC7942_RS05870,SYNPCC7942_RS01750,0.0980964788577235
SYNPCC7942_RS08405,SYNPCC7942_RS01640,0.0980654647033049
SYNPCC7942_RS03160,SYNPCC7942_RS10700,0.0980601049684856
SYNPCC7942_RS11465,SYNPCC7942_RS11420,0.0980532186524444
SYNPCC7942_RS11465,SYNPCC7942_RS14145,0.0980397477540958
SYNPCC7942_RS00455,SYNPCC7942_RS14085,0.0980301807018403
SYNPCC7942_RS12285,SYNPCC7942_RS04065,0.0980133552925615
SYNPCC7942_RS03160,SYNPCC7942_RS04035,0.097997242483924
SYNPCC7942_RS07720,SYNPCC7942_RS12025,0.0979884894587792
SYNPCC7942_RS03260,SYNPCC7942_RS11295,0.0979858829169746
SYNPCC7942_RS09740,SYNPCC7942_RS10460,0.0979682032589189
SYNPCC7942_RS08885,SYNPCC7942_RS07660,0.0978595573607105
SYNPCC7942_RS00455,SYNPCC7942_RS05665,0.0978566024186875
SYNPCC7942_RS03160,SYNPCC7942_RS00025,0.0978245762912668
SYNPCC7942_RS08885,SYNPCC7942_RS08405,0.097812402200199
SYNPCC7942_RS00480,SYNPCC7942_RS00470,0.0978040826214541
SYNPCC7942_RS08780,SYNPCC7942_RS08380,0.0977833158212646
SYNPCC7942_RS07435,SYNPCC7942_RS01685,0.0977512673781242
SYNPCC7942_RS03260,SYNPCC7942_RS12815,0.0977467434381772
SYNPCC7942_RS10700,SYNPCC7942_RS11435,0.0977437473203377
SYNPCC7942_RS09740,SYNPCC7942_RS09375,0.0977112434820745
SYNPCC7942_RS10700,SYNPCC7942_RS07455,0.0977028285561197
SYNPCC7942_RS12560,SYNPCC7942_RS02900,0.0976627096498347
SYNPCC7942_RS12560,SYNPCC7942_RS07725,0.0976266041315198
SYNPCC7942_RS03325,SYNPCC7942_RS01435,0.0975724535559389
SYNPCC7942_RS07435,SYNPCC7942_RS12550,0.0975704710760401
SYNPCC7942_RS09740,SYNPCC7942_RS10760,0.0975427316676959
SYNPCC7942_RS00455,SYNPCC7942_RS10145,0.0975386087473715
SYNPCC7942_RS07435,SYNPCC7942_RS04735,0.0975348468027232
SYNPCC7942_RS03075,SYNPCC7942_RS11730,0.0975298348888549
SYNPCC7942_RS02895,SYNPCC7942_RS06405,0.0974769000257188
SYNPCC7942_RS12560,SYNPCC7942_RS09120,0.0974639664084227
SYNPCC7942_RS09740,SYNPCC7942_RS05705,0.0974408837646366
SYNPCC7942_RS09620,SYNPCC7942_RS10210,0.0974387553935459
SYNPCC7942_RS03160,SYNPCC7942_RS08525,0.0974364418528404
SYNPCC7942_RS09740,SYNPCC7942_RS08265,0.0974299038098267
SYNPCC7942_RS07435,SYNPCC7942_RS04400,0.0974250083219021
SYNPCC7942_RS10700,SYNPCC7942_RS13150,0.0974198030802147
SYNPCC7942_RS10700,SYNPCC7942_RS09455,0.0974139060242631
SYNPCC7942_RS05870,SYNPCC7942_RS00135,0.0974114003768
SYNPCC7942_RS03160,SYNPCC7942_RS00735,0.0973951180216694
SYNPCC7942_RS07185,SYNPCC7942_RS08085,0.0973837415755694
SYNPCC7942_RS03160,SYNPCC7942_RS00030,0.0973421624662179
SYNPCC7942_RS03160,SYNPCC7942_RS10525,0.0973140894204386
SYNPCC7942_RS13165,SYNPCC7942_RS02085,0.0973111569574075
SYNPCC7942_RS09760,SYNPCC7942_RS14065,0.0973003226341703
SYNPCC7942_RS09760,SYNPCC7942_RS09810,0.0972895786094999
SYNPCC7942_RS00455,SYNPCC7942_RS06580,0.0972497422855361
SYNPCC7942_RS12560,SYNPCC7942_RS07415,0.0972380261546059
SYNPCC7942_RS07940,SYNPCC7942_RS07945,0.0972336395064966
SYNPCC7942_RS13165,SYNPCC7942_RS11370,0.0972206544349383
SYNPCC7942_RS07435,SYNPCC7942_RS06710,0.0972177708238741
SYNPCC7942_RS00645,SYNPCC7942_RS06685,0.0972152998572946
SYNPCC7942_RS10340,SYNPCC7942_RS01165,0.0971773199448061
SYNPCC7942_RS12560,SYNPCC7942_RS00775,0.0971714024685279
SYNPCC7942_RS12560,SYNPCC7942_RS12205,0.0971711321451001
SYNPCC7942_RS07435,SYNPCC7942_RS02770,0.0971473122350968
SYNPCC7942_RS09380,SYNPCC7942_RS01555,0.0971418246366037
SYNPCC7942_RS03160,SYNPCC7942_RS11480,0.0971160079932641
SYNPCC7942_RS12560,SYNPCC7942_RS02595,0.0970943998786604
SYNPCC7942_RS12275,SYNPCC7942_RS06505,0.0970837938069226
SYNPCC7942_RS00455,SYNPCC7942_RS02465,0.0970775486715615
SYNPCC7942_RS03160,SYNPCC7942_RS02475,0.0970644956159044
SYNPCC7942_RS09160,SYNPCC7942_RS10795,0.0970612531086686
SYNPCC7942_RS10340,SYNPCC7942_RS11725,0.0970585506749669
SYNPCC7942_RS09620,SYNPCC7942_RS02380,0.0970364989874335
SYNPCC7942_RS00455,SYNPCC7942_RS09970,0.0970345267938267
SYNPCC7942_RS08405,SYNPCC7942_RS08400,0.0970328973693712
SYNPCC7942_RS03955,SYNPCC7942_RS06185,0.096975934912237
SYNPCC7942_RS08885,SYNPCC7942_RS03585,0.0969644805177225
SYNPCC7942_RS07185,SYNPCC7942_RS10695,0.0969401405523202
SYNPCC7942_RS03160,SYNPCC7942_RS09020,0.0969396447649443
SYNPCC7942_RS10700,SYNPCC7942_RS09440,0.0969117287166323
SYNPCC7942_RS09620,SYNPCC7942_RS03530,0.0969101241491113
SYNPCC7942_RS03530,SYNPCC7942_RS07505,0.096903553231273
SYNPCC7942_RS10700,SYNPCC7942_RS07340,0.0968553761604021
SYNPCC7942_RS00455,SYNPCC7942_RS04800,0.0968280956176696
SYNPCC7942_RS12560,SYNPCC7942_RS04000,0.0968216940420187
SYNPCC7942_RS05870,SYNPCC7942_RS04770,0.0968216085940898
SYNPCC7942_RS07435,SYNPCC7942_RS11395,0.0967642388130404
SYNPCC7942_RS10700,SYNPCC7942_RS04935,0.0967447450898656
SYNPCC7942_RS09740,SYNPCC7942_RS01435,0.0967388176753334
SYNPCC7942_RS05870,SYNPCC7942_RS05570,0.0967305297907644
SYNPCC7942_RS05640,SYNPCC7942_RS09300,0.0967182075352233
SYNPCC7942_RS06370,SYNPCC7942_RS10335,0.0966816770976849
SYNPCC7942_RS03075,SYNPCC7942_RS12115,0.0966809102292787
SYNPCC7942_RS07435,SYNPCC7942_RS10455,0.0966521134775361
SYNPCC7942_RS03160,SYNPCC7942_RS00205,0.0966382260633792
SYNPCC7942_RS10700,SYNPCC7942_RS01530,0.0966316370956974
SYNPCC7942_RS09065,SYNPCC7942_RS07260,0.0966313839013886
SYNPCC7942_RS03465,SYNPCC7942_RS03390,0.0966226523478346
SYNPCC7942_RS12275,SYNPCC7942_RS06450,0.0966192494608112
SYNPCC7942_RS00480,SYNPCC7942_RS09675,0.0966160259869059
SYNPCC7942_RS03465,SYNPCC7942_RS02030,0.096610000103158
SYNPCC7942_RS10700,SYNPCC7942_RS04800,0.0965769156234776
SYNPCC7942_RS03325,SYNPCC7942_RS12815,0.0965656861738643
SYNPCC7942_RS00645,SYNPCC7942_RS09865,0.0965597859331842
SYNPCC7942_RS12560,SYNPCC7942_RS07235,0.0965537720815791
SYNPCC7942_RS09380,SYNPCC7942_RS03605,0.0965405077475809
SYNPCC7942_RS09435,SYNPCC7942_RS10475,0.0965310238544561
SYNPCC7942_RS07435,SYNPCC7942_RS02570,0.0965170143885224
SYNPCC7942_RS00455,SYNPCC7942_RS10315,0.0965165981928433
SYNPCC7942_RS00560,SYNPCC7942_RS00200,0.0964930908967737
SYNPCC7942_RS00645,SYNPCC7942_RS06335,0.0964635148270288
SYNPCC7942_RS03530,SYNPCC7942_RS11840,0.0964632951617009
SYNPCC7942_RS03960,SYNPCC7942_RS13695,0.0964588625755635
SYNPCC7942_RS05870,SYNPCC7942_RS00640,0.096454702328462
SYNPCC7942_RS03160,SYNPCC7942_RS04905,0.096450859462409
SYNPCC7942_RS03160,SYNPCC7942_RS08855,0.0964360926644345
SYNPCC7942_RS10700,SYNPCC7942_RS10450,0.0964259448521296
SYNPCC7942_RS03955,SYNPCC7942_RS07510,0.0964189871341058
SYNPCC7942_RS09065,SYNPCC7942_RS05895,0.0964181590404136
SYNPCC7942_RS10700,SYNPCC7942_RS10315,0.0964160528015662
SYNPCC7942_RS03160,SYNPCC7942_RS02615,0.096407112426511
SYNPCC7942_RS09380,SYNPCC7942_RS00175,0.0963993262152448
SYNPCC7942_RS00645,SYNPCC7942_RS01690,0.0963712233241301
SYNPCC7942_RS11050,SYNPCC7942_RS07870,0.096361310338479
SYNPCC7942_RS03160,SYNPCC7942_RS09335,0.0963403199651807
SYNPCC7942_RS10170,SYNPCC7942_RS06640,0.0963381001671907
SYNPCC7942_RS12560,SYNPCC7942_RS04055,0.0963378419779259
SYNPCC7942_RS05230,SYNPCC7942_RS08415,0.0962949726374271
SYNPCC7942_RS05870,SYNPCC7942_RS03405,0.0962311027418229
SYNPCC7942_RS03160,SYNPCC7942_RS04215,0.0962274165728298
SYNPCC7942_RS08405,SYNPCC7942_RS08890,0.0962010556127252
SYNPCC7942_RS03440,SYNPCC7942_RS08840,0.0961979467583812
SYNPCC7942_RS09160,SYNPCC7942_RS08535,0.0961689856800641
SYNPCC7942_RS07185,SYNPCC7942_RS11815,0.096167156421049
SYNPCC7942_RS07435,SYNPCC7942_RS11905,0.0961563153494292
SYNPCC7942_RS00765,SYNPCC7942_RS09800,0.0961548537008942
SYNPCC7942_RS03160,SYNPCC7942_RS12930,0.0961481862392572
SYNPCC7942_RS07185,SYNPCC7942_RS13000,0.0961460470689476
SYNPCC7942_RS03325,SYNPCC7942_RS00100,0.0961428263370925
SYNPCC7942_RS05870,SYNPCC7942_RS06805,0.0960827625170146
SYNPCC7942_RS03955,SYNPCC7942_RS07860,0.0960634633335988
SYNPCC7942_RS09760,SYNPCC7942_RS06700,0.0960498233324321
SYNPCC7942_RS12560,SYNPCC7942_RS11375,0.0960324416077787
SYNPCC7942_RS10700,SYNPCC7942_RS08130,0.0959890886366352
SYNPCC7942_RS05070,SYNPCC7942_RS12775,0.0959841690709537
SYNPCC7942_RS06700,SYNPCC7942_RS09990,0.0959682538928694
SYNPCC7942_RS09935,SYNPCC7942_RS02135,0.0959640613908
SYNPCC7942_RS10700,SYNPCC7942_RS11665,0.0959496776509121
SYNPCC7942_RS05070,SYNPCC7942_RS00525,0.095932685866141
SYNPCC7942_RS12560,SYNPCC7942_RS03200,0.095920954599695
SYNPCC7942_RS03440,SYNPCC7942_RS01855,0.0959199295333198
SYNPCC7942_RS09760,SYNPCC7942_RS09150,0.0959068753703492
SYNPCC7942_RS07435,SYNPCC7942_RS10300,0.0958993544010019
SYNPCC7942_RS03160,SYNPCC7942_RS02100,0.0958667418009107
SYNPCC7942_RS12560,SYNPCC7942_RS06725,0.0958644767075034
SYNPCC7942_RS03160,SYNPCC7942_RS05580,0.0958564118473366
SYNPCC7942_RS10700,SYNPCC7942_RS09605,0.0958332978059469
SYNPCC7942_RS03325,SYNPCC7942_RS04275,0.0957897311372616
SYNPCC7942_RS08885,SYNPCC7942_RS02545,0.095787553474279
SYNPCC7942_RS08885,SYNPCC7942_RS12190,0.0957707013334811
SYNPCC7942_RS07185,SYNPCC7942_RS10215,0.095748865789852
SYNPCC7942_RS02830,SYNPCC7942_RS00660,0.0957256349515745
SYNPCC7942_RS03465,SYNPCC7942_RS12395,0.0957254173140624
SYNPCC7942_RS10700,SYNPCC7942_RS04070,0.0957097183338264
SYNPCC7942_RS07435,SYNPCC7942_RS12180,0.0956731077070949
SYNPCC7942_RS03465,SYNPCC7942_RS12895,0.0956670706384248
SYNPCC7942_RS10170,SYNPCC7942_RS10495,0.0956568284711577
SYNPCC7942_RS00455,SYNPCC7942_RS00690,0.0956510210001495
SYNPCC7942_RS09760,SYNPCC7942_RS06840,0.0956269795748357
SYNPCC7942_RS00455,SYNPCC7942_RS11595,0.0956020392708515
SYNPCC7942_RS00645,SYNPCC7942_RS06340,0.0955793734325012
SYNPCC7942_RS07185,SYNPCC7942_RS06160,0.0955602829983731
SYNPCC7942_RS08885,SYNPCC7942_RS02265,0.0955421453000218
SYNPCC7942_RS05870,SYNPCC7942_RS08865,0.0955365290865124
SYNPCC7942_RS09620,SYNPCC7942_RS09350,0.0955183227054202
SYNPCC7942_RS09380,SYNPCC7942_RS05970,0.0955091522909305
SYNPCC7942_RS05870,SYNPCC7942_RS12245,0.0954998497316984
SYNPCC7942_RS09380,SYNPCC7942_RS08440,0.0954993618555309
SYNPCC7942_RS10700,SYNPCC7942_RS01580,0.0954924490576844
SYNPCC7942_RS02830,SYNPCC7942_RS10535,0.095481303344703
SYNPCC7942_RS03075,SYNPCC7942_RS12965,0.0954808478979832
SYNPCC7942_RS08645,SYNPCC7942_RS04000,0.095477150746222
SYNPCC7942_RS13165,SYNPCC7942_RS09095,0.0954589608249165
SYNPCC7942_RS00645,SYNPCC7942_RS05015,0.0954350884526071
SYNPCC7942_RS08850,SYNPCC7942_RS12625,0.0954028008707411
SYNPCC7942_RS00455,SYNPCC7942_RS00950,0.0953899877212919
SYNPCC7942_RS07435,SYNPCC7942_RS12670,0.0953119196101268
SYNPCC7942_RS07435,SYNPCC7942_RS04775,0.0953104316281083
SYNPCC7942_RS10700,SYNPCC7942_RS00720,0.0953083605098483
SYNPCC7942_RS07185,SYNPCC7942_RS02885,0.0952721980965356
SYNPCC7942_RS00765,SYNPCC7942_RS10065,0.0952674959282363
SYNPCC7942_RS00380,SYNPCC7942_RS13150,0.095266532683083
SYNPCC7942_RS03160,SYNPCC7942_RS11355,0.0952598392408009
SYNPCC7942_RS00455,SYNPCC7942_RS10305,0.0952539421192147
SYNPCC7942_RS11465,SYNPCC7942_RS07560,0.0952428883388533
SYNPCC7942_RS11970,SYNPCC7942_RS06425,0.0952402259500272
SYNPCC7942_RS03325,SYNPCC7942_RS07775,0.0952279303859594
SYNPCC7942_RS09500,SYNPCC7942_RS05800,0.0952180158206666
SYNPCC7942_RS09935,SYNPCC7942_RS01535,0.0951822902423003
SYNPCC7942_RS02830,SYNPCC7942_RS00175,0.0951819186270656
SYNPCC7942_RS10700,SYNPCC7942_RS06905,0.0951690240604039
SYNPCC7942_RS00560,SYNPCC7942_RS07935,0.0951222121458487
SYNPCC7942_RS02895,SYNPCC7942_RS10195,0.0951056733431673
SYNPCC7942_RS07435,SYNPCC7942_RS00645,0.0950924171608251
SYNPCC7942_RS03160,SYNPCC7942_RS11995,0.0950916586414463
SYNPCC7942_RS09740,SYNPCC7942_RS01430,0.0950822133365023
SYNPCC7942_RS05070,SYNPCC7942_RS10940,0.095058766742682
SYNPCC7942_RS08885,SYNPCC7942_RS10250,0.0950339797404988
SYNPCC7942_RS03160,SYNPCC7942_RS09770,0.0950013777752332
SYNPCC7942_RS03160,SYNPCC7942_RS10005,0.094973942809859
SYNPCC7942_RS03160,SYNPCC7942_RS06300,0.0949684186247763
SYNPCC7942_RS10700,SYNPCC7942_RS00690,0.0949594663752374
SYNPCC7942_RS00645,SYNPCC7942_RS05135,0.0949496845534962
SYNPCC7942_RS09740,SYNPCC7942_RS10730,0.0949236415847536
SYNPCC7942_RS07435,SYNPCC7942_RS02365,0.094915275606209
SYNPCC7942_RS02895,SYNPCC7942_RS05390,0.0949111355715505
SYNPCC7942_RS00455,SYNPCC7942_RS05040,0.0949036191219308
SYNPCC7942_RS03325,SYNPCC7942_RS10735,0.0949027143319908
SYNPCC7942_RS03075,SYNPCC7942_RS10540,0.0948958022536525
SYNPCC7942_RS03160,SYNPCC7942_RS14195,0.0948820024586956
SYNPCC7942_RS12560,SYNPCC7942_RS03290,0.0948468927636778
SYNPCC7942_RS09380,SYNPCC7942_RS08345,0.0948460234155221
SYNPCC7942_RS05640,SYNPCC7942_RS12060,0.094844138950741
SYNPCC7942_RS00455,SYNPCC7942_RS06905,0.0948395440641844
SYNPCC7942_RS02830,SYNPCC7942_RS02825,0.0948200350172586
SYNPCC7942_RS07185,SYNPCC7942_RS11515,0.0948158513925049
SYNPCC7942_RS03160,SYNPCC7942_RS00655,0.0947967007966594
SYNPCC7942_RS02895,SYNPCC7942_RS12895,0.0947773489481311
SYNPCC7942_RS08780,SYNPCC7942_RS04225,0.0947494094822409
SYNPCC7942_RS03160,SYNPCC7942_RS10695,0.0947466116001315
SYNPCC7942_RS10700,SYNPCC7942_RS04025,0.0947418768847175
SYNPCC7942_RS09740,SYNPCC7942_RS09920,0.0947267162626819
SYNPCC7942_RS09620,SYNPCC7942_RS01365,0.0947043745192668
SYNPCC7942_RS00645,SYNPCC7942_RS05235,0.0946850517205548
SYNPCC7942_RS03260,SYNPCC7942_RS11245,0.0946691793619771
SYNPCC7942_RS09160,SYNPCC7942_RS05045,0.0946658943235232
SYNPCC7942_RS09065,SYNPCC7942_RS00510,0.0946619335213468
SYNPCC7942_RS07185,SYNPCC7942_RS04925,0.0946100195360104
SYNPCC7942_RS03075,SYNPCC7942_RS12680,0.094586191983577
SYNPCC7942_RS03160,SYNPCC7942_RS04935,0.0945796105081389
SYNPCC7942_RS00455,SYNPCC7942_RS11430,0.0945774663207098
SYNPCC7942_RS11970,SYNPCC7942_RS08375,0.0945753395159466
SYNPCC7942_RS03160,SYNPCC7942_RS10115,0.0945711685020793
SYNPCC7942_RS03075,SYNPCC7942_RS11935,0.0945674069112546
SYNPCC7942_RS00455,SYNPCC7942_RS10060,0.0945547284341041
SYNPCC7942_RS07435,SYNPCC7942_RS02715,0.0945243714321633
SYNPCC7942_RS03160,SYNPCC7942_RS03620,0.0945103523990638
SYNPCC7942_RS10700,SYNPCC7942_RS01730,0.0945001108971835
SYNPCC7942_RS03160,SYNPCC7942_RS10460,0.094485421042888
SYNPCC7942_RS00380,SYNPCC7942_RS05790,0.0944711434903974
SYNPCC7942_RS00455,SYNPCC7942_RS06710,0.094445162934644
SYNPCC7942_RS03160,SYNPCC7942_RS09510,0.0944121003721625
SYNPCC7942_RS10165,SYNPCC7942_RS07970,0.0944117431016554
SYNPCC7942_RS07435,SYNPCC7942_RS10305,0.0944058600949302
SYNPCC7942_RS09740,SYNPCC7942_RS09115,0.0943872215848476
SYNPCC7942_RS07435,SYNPCC7942_RS01690,0.0943832754854609
SYNPCC7942_RS10700,SYNPCC7942_RS11590,0.0943809976983243
SYNPCC7942_RS03465,SYNPCC7942_RS12115,0.0943789481072804
SYNPCC7942_RS03075,SYNPCC7942_RS00170,0.0943732742888939
SYNPCC7942_RS03160,SYNPCC7942_RS08260,0.0943697253235647
SYNPCC7942_RS10170,SYNPCC7942_RS04250,0.0943631289955963
SYNPCC7942_RS07185,SYNPCC7942_RS03430,0.0943603058747066
SYNPCC7942_RS02830,SYNPCC7942_RS08030,0.0943470301525924
SYNPCC7942_RS09065,SYNPCC7942_RS03515,0.094302820216489
SYNPCC7942_RS07435,SYNPCC7942_RS00980,0.0943023494849426
SYNPCC7942_RS02895,SYNPCC7942_RS00855,0.094295513680594
SYNPCC7942_RS09740,SYNPCC7942_RS07305,0.0942924396483635
SYNPCC7942_RS00645,SYNPCC7942_RS03090,0.0942916719863812
SYNPCC7942_RS05640,SYNPCC7942_RS11710,0.0942866646424162
SYNPCC7942_RS00765,SYNPCC7942_RS04160,0.0942779265705722
SYNPCC7942_RS09435,SYNPCC7942_RS09870,0.0942655106259838
SYNPCC7942_RS10040,SYNPCC7942_RS07220,0.0942647952354638
SYNPCC7942_RS02830,SYNPCC7942_RS05025,0.0942490617884257
SYNPCC7942_RS00455,SYNPCC7942_RS09540,0.0942462088234694
SYNPCC7942_RS07185,SYNPCC7942_RS13620,0.094236103239182
SYNPCC7942_RS00380,SYNPCC7942_RS10120,0.0942354717047251
SYNPCC7942_RS03530,SYNPCC7942_RS09620,0.0942299026157134
SYNPCC7942_RS05870,SYNPCC7942_RS13185,0.0942125356286584
SYNPCC7942_RS09380,SYNPCC7942_RS03615,0.094211129579923
SYNPCC7942_RS03955,SYNPCC7942_RS00620,0.0942067860852817
SYNPCC7942_RS07185,SYNPCC7942_RS09155,0.0942055217267825
SYNPCC7942_RS03160,SYNPCC7942_RS00685,0.0941906286914957
SYNPCC7942_RS03465,SYNPCC7942_RS09025,0.094182206397278
SYNPCC7942_RS08885,SYNPCC7942_RS12545,0.0941713243367657
SYNPCC7942_RS00455,SYNPCC7942_RS07580,0.0941670241502761
SYNPCC7942_RS00645,SYNPCC7942_RS03095,0.0941531088975372
SYNPCC7942_RS03160,SYNPCC7942_RS11490,0.0941338094744975
SYNPCC7942_RS00645,SYNPCC7942_RS01455,0.0941051911926836
SYNPCC7942_RS03260,SYNPCC7942_RS11240,0.0940806207662851
SYNPCC7942_RS03160,SYNPCC7942_RS13025,0.0940737380565796
SYNPCC7942_RS03160,SYNPCC7942_RS09010,0.0940515792281798
SYNPCC7942_RS06370,SYNPCC7942_RS01970,0.0939961440011256
SYNPCC7942_RS03465,SYNPCC7942_RS05020,0.0939591457202663
SYNPCC7942_RS03160,SYNPCC7942_RS12080,0.0939414968348755
SYNPCC7942_RS10700,SYNPCC7942_RS10105,0.093925543234783
SYNPCC7942_RS09740,SYNPCC7942_RS08145,0.0939068735389369
SYNPCC7942_RS03075,SYNPCC7942_RS01555,0.0939017063224015
SYNPCC7942_RS00455,SYNPCC7942_RS07625,0.0938941931744376
SYNPCC7942_RS08885,SYNPCC7942_RS12590,0.093886227146293
SYNPCC7942_RS07185,SYNPCC7942_RS06810,0.0938378405942718
SYNPCC7942_RS10700,SYNPCC7942_RS01875,0.0937932573299856
SYNPCC7942_RS03160,SYNPCC7942_RS02200,0.0937882080928572
SYNPCC7942_RS00645,SYNPCC7942_RS01255,0.0937744315082739
SYNPCC7942_RS07435,SYNPCC7942_RS06130,0.093761230812257
SYNPCC7942_RS03160,SYNPCC7942_RS08255,0.0937289127791739
SYNPCC7942_RS12560,SYNPCC7942_RS04040,0.0937249302415725
SYNPCC7942_RS03075,SYNPCC7942_RS05970,0.0937192974354262
SYNPCC7942_RS12560,SYNPCC7942_RS06465,0.0936921007210766
SYNPCC7942_RS03465,SYNPCC7942_RS01500,0.0936849866093842
SYNPCC7942_RS00455,SYNPCC7942_RS01690,0.0936830609889495
SYNPCC7942_RS08850,SYNPCC7942_RS09650,0.0936814162589231
SYNPCC7942_RS03160,SYNPCC7942_RS06035,0.093664825969619
SYNPCC7942_RS07185,SYNPCC7942_RS11845,0.0936561445730671
SYNPCC7942_RS02830,SYNPCC7942_RS11185,0.0936559611004003
SYNPCC7942_RS03075,SYNPCC7942_RS12685,0.093639418679667
SYNPCC7942_RS00645,SYNPCC7942_RS05820,0.0936325467028531
SYNPCC7942_RS10700,SYNPCC7942_RS06115,0.0935738473163634
SYNPCC7942_RS03160,SYNPCC7942_RS00770,0.0935496477473954
SYNPCC7942_RS08885,SYNPCC7942_RS12200,0.0935373657014377
SYNPCC7942_RS09740,SYNPCC7942_RS08895,0.093530497824964
SYNPCC7942_RS03160,SYNPCC7942_RS01275,0.093489719419949
SYNPCC7942_RS03160,SYNPCC7942_RS09540,0.0934477883706582
SYNPCC7942_RS10170,SYNPCC7942_RS03775,0.0934474375300721
SYNPCC7942_RS03160,SYNPCC7942_RS06860,0.0934464455218699
SYNPCC7942_RS09380,SYNPCC7942_RS07175,0.0934418522166318
SYNPCC7942_RS02895,SYNPCC7942_RS09425,0.0934413489578668
SYNPCC7942_RS07435,SYNPCC7942_RS01375,0.0933702335030239
SYNPCC7942_RS09500,SYNPCC7942_RS00250,0.093367412925801
SYNPCC7942_RS05070,SYNPCC7942_RS04200,0.0933542992731311
SYNPCC7942_RS05870,SYNPCC7942_RS09455,0.0933537026752103
SYNPCC7942_RS13165,SYNPCC7942_RS02230,0.093348369671053
SYNPCC7942_RS07185,SYNPCC7942_RS08790,0.0933365863133277
SYNPCC7942_RS07185,SYNPCC7942_RS07885,0.0933248072006437
SYNPCC7942_RS08820,SYNPCC7942_RS10040,0.0933231641292556
SYNPCC7942_RS00455,SYNPCC7942_RS07575,0.0933038901403593
SYNPCC7942_RS10700,SYNPCC7942_RS04080,0.0932766284803691
SYNPCC7942_RS03465,SYNPCC7942_RS03930,0.0932665157526472
SYNPCC7942_RS07940,SYNPCC7942_RS01795,0.0932484924872496
SYNPCC7942_RS00645,SYNPCC7942_RS01155,0.0932169391595588
SYNPCC7942_RS10340,SYNPCC7942_RS02265,0.09320160329786
SYNPCC7942_RS03260,SYNPCC7942_RS11250,0.0932002555012171
SYNPCC7942_RS07805,SYNPCC7942_RS10425,0.0931961631309175
SYNPCC7942_RS00645,SYNPCC7942_RS10330,0.0931956649748433
SYNPCC7942_RS09740,SYNPCC7942_RS04230,0.093189566025625
SYNPCC7942_RS12560,SYNPCC7942_RS10870,0.0931865785102335
SYNPCC7942_RS03160,SYNPCC7942_RS12280,0.0931759098013113
SYNPCC7942_RS10700,SYNPCC7942_RS10825,0.0931720658933044
SYNPCC7942_RS06370,SYNPCC7942_RS11095,0.0931667222904938
SYNPCC7942_RS08645,SYNPCC7942_RS00430,0.0931336664517982
SYNPCC7942_RS09740,SYNPCC7942_RS04260,0.0931062590095187
SYNPCC7942_RS03160,SYNPCC7942_RS09265,0.0930945641779881
SYNPCC7942_RS00455,SYNPCC7942_RS04765,0.0930810272831467
SYNPCC7942_RS03160,SYNPCC7942_RS04475,0.0930559900104646
SYNPCC7942_RS05870,SYNPCC7942_RS11590,0.0930548334192969
SYNPCC7942_RS09740,SYNPCC7942_RS10285,0.0930478784048076
SYNPCC7942_RS00645,SYNPCC7942_RS05040,0.0930406841533684
SYNPCC7942_RS12560,SYNPCC7942_RS12765,0.0930379004254842
SYNPCC7942_RS00645,SYNPCC7942_RS00370,0.0930300963323412
SYNPCC7942_RS07435,SYNPCC7942_RS12460,0.0930282789385324
SYNPCC7942_RS03465,SYNPCC7942_RS00715,0.0930240315114844
SYNPCC7942_RS13165,SYNPCC7942_RS04220,0.0930158970539304
SYNPCC7942_RS12285,SYNPCC7942_RS13300,0.0930144293591055
SYNPCC7942_RS03160,SYNPCC7942_RS05485,0.0929980585503869
SYNPCC7942_RS03160,SYNPCC7942_RS08960,0.0929823518387685
SYNPCC7942_RS07185,SYNPCC7942_RS00565,0.092937887161911
SYNPCC7942_RS03160,SYNPCC7942_RS05560,0.0929336498009502
SYNPCC7942_RS00645,SYNPCC7942_RS07270,0.092925480035822
SYNPCC7942_RS10700,SYNPCC7942_RS01270,0.0929100559246233
SYNPCC7942_RS09740,SYNPCC7942_RS11820,0.0928993281599539
SYNPCC7942_RS00455,SYNPCC7942_RS08955,0.0928979032837029
SYNPCC7942_RS10700,SYNPCC7942_RS10005,0.092865239585083
SYNPCC7942_RS06370,SYNPCC7942_RS10650,0.0928246171784858
SYNPCC7942_RS10165,SYNPCC7942_RS07840,0.0928125524831967
SYNPCC7942_RS07185,SYNPCC7942_RS09340,0.0928045809338517
SYNPCC7942_RS12275,SYNPCC7942_RS13715,0.0927876862687372
SYNPCC7942_RS00480,SYNPCC7942_RS06620,0.0927867669093485
SYNPCC7942_RS05870,SYNPCC7942_RS10165,0.092784573544536
SYNPCC7942_RS03160,SYNPCC7942_RS06895,0.0927742161544634
SYNPCC7942_RS08405,SYNPCC7942_RS11960,0.0927526799272911
SYNPCC7942_RS05870,SYNPCC7942_RS08120,0.0927440221197837
SYNPCC7942_RS03075,SYNPCC7942_RS12675,0.0927404728913455
SYNPCC7942_RS00455,SYNPCC7942_RS04185,0.0927272224810845
SYNPCC7942_RS03325,SYNPCC7942_RS07645,0.092694089964021
SYNPCC7942_RS09065,SYNPCC7942_RS09875,0.0926903495097776
SYNPCC7942_RS03160,SYNPCC7942_RS07745,0.0926615854505504
SYNPCC7942_RS07435,SYNPCC7942_RS04780,0.0926114033020641
SYNPCC7942_RS09380,SYNPCC7942_RS02370,0.0925976399716399
SYNPCC7942_RS03160,SYNPCC7942_RS10470,0.0925766515218888
SYNPCC7942_RS02895,SYNPCC7942_RS06350,0.092561221566724
SYNPCC7942_RS05870,SYNPCC7942_RS02105,0.0925550483712861
SYNPCC7942_RS03160,SYNPCC7942_RS02335,0.0925505174574317
SYNPCC7942_RS10700,SYNPCC7942_RS11530,0.0925339886264094
SYNPCC7942_RS13165,SYNPCC7942_RS02240,0.0925040009771644
SYNPCC7942_RS03260,SYNPCC7942_RS11255,0.0924854901202817
SYNPCC7942_RS08780,SYNPCC7942_RS13660,0.092469318563709
SYNPCC7942_RS03260,SYNPCC7942_RS06245,0.0924514868827519
SYNPCC7942_RS07805,SYNPCC7942_RS12825,0.0924495399681093
SYNPCC7942_RS11465,SYNPCC7942_RS14140,0.0924486520548233
SYNPCC7942_RS12560,SYNPCC7942_RS02795,0.0924458991951623
SYNPCC7942_RS03075,SYNPCC7942_RS12140,0.0924097877463016
SYNPCC7942_RS03160,SYNPCC7942_RS10765,0.0924076077007332
SYNPCC7942_RS10700,SYNPCC7942_RS01260,0.0923755091396903
SYNPCC7942_RS09380,SYNPCC7942_RS11720,0.0923267870047625
SYNPCC7942_RS05070,SYNPCC7942_RS06180,0.0923047644671191
SYNPCC7942_RS06370,SYNPCC7942_RS00455,0.0922993332505149
SYNPCC7942_RS00645,SYNPCC7942_RS01385,0.0922779242433354
SYNPCC7942_RS04225,SYNPCC7942_RS04915,0.092251892557961
SYNPCC7942_RS03465,SYNPCC7942_RS00990,0.0922409681268967
SYNPCC7942_RS03955,SYNPCC7942_RS13980,0.092223720663234
SYNPCC7942_RS10700,SYNPCC7942_RS09450,0.0921894866276634
SYNPCC7942_RS07720,SYNPCC7942_RS01200,0.0921647940826653
SYNPCC7942_RS00455,SYNPCC7942_RS06660,0.092144728609968
SYNPCC7942_RS03465,SYNPCC7942_RS09715,0.0921047536833816
SYNPCC7942_RS05870,SYNPCC7942_RS03560,0.0920829199020225
SYNPCC7942_RS10700,SYNPCC7942_RS07815,0.0920747210853251
SYNPCC7942_RS09740,SYNPCC7942_RS05335,0.0920645177055105
SYNPCC7942_RS03325,SYNPCC7942_RS04750,0.0920512939728895
SYNPCC7942_RS08820,SYNPCC7942_RS10790,0.0920484728658354
SYNPCC7942_RS00455,SYNPCC7942_RS08115,0.0920484322078444
SYNPCC7942_RS03260,SYNPCC7942_RS10745,0.0920054430013352
SYNPCC7942_RS03160,SYNPCC7942_RS01820,0.0919962694980863
SYNPCC7942_RS05195,SYNPCC7942_RS00955,0.0919873360706625
SYNPCC7942_RS07720,SYNPCC7942_RS01775,0.0919855908467044
SYNPCC7942_RS12560,SYNPCC7942_RS07095,0.0919842343444016
SYNPCC7942_RS07435,SYNPCC7942_RS13145,0.0919650473937869
SYNPCC7942_RS03465,SYNPCC7942_RS06190,0.091964796160973
SYNPCC7942_RS09740,SYNPCC7942_RS03130,0.0919624285175139
SYNPCC7942_RS10700,SYNPCC7942_RS03160,0.091958717035009
SYNPCC7942_RS07435,SYNPCC7942_RS05725,0.0919428335208577
SYNPCC7942_RS03530,SYNPCC7942_RS00345,0.0919334758411358
SYNPCC7942_RS07435,SYNPCC7942_RS10060,0.0919148115928996
SYNPCC7942_RS00645,SYNPCC7942_RS09980,0.0919043355607436
SYNPCC7942_RS05870,SYNPCC7942_RS05560,0.091897827081572
SYNPCC7942_RS10040,SYNPCC7942_RS12140,0.0918919664190128
SYNPCC7942_RS10700,SYNPCC7942_RS04645,0.0918852697905695
SYNPCC7942_RS08780,SYNPCC7942_RS00665,0.0918811434735555
SYNPCC7942_RS03075,SYNPCC7942_RS02045,0.0918737247192126
SYNPCC7942_RS09740,SYNPCC7942_RS08255,0.0918473490401691
SYNPCC7942_RS07185,SYNPCC7942_RS05260,0.0918306225378686
SYNPCC7942_RS00455,SYNPCC7942_RS00335,0.0918281780898445
SYNPCC7942_RS03160,SYNPCC7942_RS01730,0.091807620645155
SYNPCC7942_RS07435,SYNPCC7942_RS01385,0.0918057159607109
SYNPCC7942_RS07185,SYNPCC7942_RS08090,0.0917909875019146
SYNPCC7942_RS10170,SYNPCC7942_RS09330,0.0917903019376838
SYNPCC7942_RS10700,SYNPCC7942_RS04905,0.0917871004052547
SYNPCC7942_RS00455,SYNPCC7942_RS10105,0.0917575476440414
SYNPCC7942_RS10700,SYNPCC7942_RS02255,0.0917399775091847
SYNPCC7942_RS10700,SYNPCC7942_RS06130,0.0917396736792914
SYNPCC7942_RS00645,SYNPCC7942_RS06365,0.0917346007959267
SYNPCC7942_RS00645,SYNPCC7942_RS10060,0.091731621344685
SYNPCC7942_RS03160,SYNPCC7942_RS08165,0.0917271332309878
SYNPCC7942_RS10700,SYNPCC7942_RS10640,0.0917220667746278
SYNPCC7942_RS03160,SYNPCC7942_RS04255,0.0917089047143256
SYNPCC7942_RS09380,SYNPCC7942_RS08045,0.0917051323966749
SYNPCC7942_RS09740,SYNPCC7942_RS12655,0.0917047195054919
SYNPCC7942_RS09740,SYNPCC7942_RS02025,0.0916641483390167
SYNPCC7942_RS10700,SYNPCC7942_RS05480,0.0916556035669822
SYNPCC7942_RS05870,SYNPCC7942_RS06040,0.0916543637044206
SYNPCC7942_RS00455,SYNPCC7942_RS06015,0.0916510788951328
SYNPCC7942_RS00455,SYNPCC7942_RS13050,0.0916468814117792
SYNPCC7942_RS10700,SYNPCC7942_RS10510,0.0916292590477092
SYNPCC7942_RS03160,SYNPCC7942_RS09260,0.091575363887866
SYNPCC7942_RS00455,SYNPCC7942_RS07735,0.0915730503482831
SYNPCC7942_RS03160,SYNPCC7942_RS07800,0.0915627450098338
SYNPCC7942_RS03465,SYNPCC7942_RS12615,0.0915577844555039
SYNPCC7942_RS03260,SYNPCC7942_RS11260,0.0915520792536784
SYNPCC7942_RS11050,SYNPCC7942_RS10495,0.0915033741400083
SYNPCC7942_RS00455,SYNPCC7942_RS01820,0.0914870979880388
SYNPCC7942_RS03160,SYNPCC7942_RS00680,0.091453889581568
SYNPCC7942_RS00645,SYNPCC7942_RS02260,0.0914432509032997
SYNPCC7942_RS08885,SYNPCC7942_RS09535,0.0914370407976668
SYNPCC7942_RS09160,SYNPCC7942_RS07325,0.0914236587153671
SYNPCC7942_RS09435,SYNPCC7942_RS02845,0.0913992843760262
SYNPCC7942_RS07185,SYNPCC7942_RS09620,0.0913718347053236
SYNPCC7942_RS07435,SYNPCC7942_RS10335,0.0913705759121759
SYNPCC7942_RS08885,SYNPCC7942_RS07355,0.0912963548375796
SYNPCC7942_RS09740,SYNPCC7942_RS04170,0.0912929349236685
SYNPCC7942_RS10700,SYNPCC7942_RS04540,0.0912845967396574
SYNPCC7942_RS10700,SYNPCC7942_RS10805,0.0912711586576469
SYNPCC7942_RS03160,SYNPCC7942_RS02350,0.0912619757981374
SYNPCC7942_RS02895,SYNPCC7942_RS01320,0.0912134862574023
SYNPCC7942_RS09435,SYNPCC7942_RS08060,0.0912089725440215
SYNPCC7942_RS09160,SYNPCC7942_RS07465,0.0911947002458031
SYNPCC7942_RS09740,SYNPCC7942_RS08155,0.0911927529287871
SYNPCC7942_RS03260,SYNPCC7942_RS11325,0.0911574926053177
SYNPCC7942_RS07435,SYNPCC7942_RS13610,0.0911520458497652
SYNPCC7942_RS03160,SYNPCC7942_RS06440,0.0911317160136409
SYNPCC7942_RS02895,SYNPCC7942_RS11400,0.0911292839342935
SYNPCC7942_RS11465,SYNPCC7942_RS05205,0.0911258746352456
SYNPCC7942_RS00455,SYNPCC7942_RS07340,0.091118995946857
SYNPCC7942_RS12560,SYNPCC7942_RS04965,0.0911044863398262
SYNPCC7942_RS09740,SYNPCC7942_RS08725,0.0910860496602164
SYNPCC7942_RS10350,SYNPCC7942_RS00755,0.0910485054096841
SYNPCC7942_RS10700,SYNPCC7942_RS02590,0.0910385456636222
SYNPCC7942_RS09160,SYNPCC7942_RS09755,0.0910164229845576
SYNPCC7942_RS09740,SYNPCC7942_RS06820,0.0910136808965887
SYNPCC7942_RS00455,SYNPCC7942_RS12730,0.0910063059842881
SYNPCC7942_RS03465,SYNPCC7942_RS02655,0.0910049161556366
SYNPCC7942_RS00455,SYNPCC7942_RS07815,0.0909950718655178
SYNPCC7942_RS00645,SYNPCC7942_RS11400,0.0909892813337245
SYNPCC7942_RS08885,SYNPCC7942_RS09145,0.0909821036476086
SYNPCC7942_RS10350,SYNPCC7942_RS10895,0.0909729294083946
SYNPCC7942_RS09380,SYNPCC7942_RS12350,0.0909628187211998
SYNPCC7942_RS10170,SYNPCC7942_RS03790,0.0909595963772681
SYNPCC7942_RS07805,SYNPCC7942_RS07605,0.0909193130593012
SYNPCC7942_RS07435,SYNPCC7942_RS06510,0.0909153093643804
SYNPCC7942_RS06700,SYNPCC7942_RS07540,0.0909111305677831
SYNPCC7942_RS07185,SYNPCC7942_RS12185,0.0909082576149466
SYNPCC7942_RS10700,SYNPCC7942_RS08150,0.0908988739025312
SYNPCC7942_RS00645,SYNPCC7942_RS05850,0.0908967568355514
SYNPCC7942_RS03075,SYNPCC7942_RS08660,0.0908959776418283
SYNPCC7942_RS09620,SYNPCC7942_RS14170,0.0908831977296659
SYNPCC7942_RS09435,SYNPCC7942_RS01790,0.0908817124940824
SYNPCC7942_RS03160,SYNPCC7942_RS04170,0.0908639943322096
SYNPCC7942_RS12560,SYNPCC7942_RS12230,0.0908478435186364
SYNPCC7942_RS10700,SYNPCC7942_RS01215,0.0908459205554594
SYNPCC7942_RS05870,SYNPCC7942_RS07655,0.09083423715443
SYNPCC7942_RS10700,SYNPCC7942_RS02645,0.0908292236753373
SYNPCC7942_RS05870,SYNPCC7942_RS02730,0.0908244403217529
SYNPCC7942_RS03160,SYNPCC7942_RS07340,0.0908192362052546
SYNPCC7942_RS07435,SYNPCC7942_RS04450,0.0907935830020686
SYNPCC7942_RS03160,SYNPCC7942_RS04195,0.0907706869171931
SYNPCC7942_RS00645,SYNPCC7942_RS09860,0.0907635747093649
SYNPCC7942_RS10340,SYNPCC7942_RS03870,0.090753702613755
SYNPCC7942_RS03160,SYNPCC7942_RS10355,0.0907198569443237
SYNPCC7942_RS06370,SYNPCC7942_RS06375,0.0907168921217301
SYNPCC7942_RS08850,SYNPCC7942_RS08840,0.0907081120844298
SYNPCC7942_RS07185,SYNPCC7942_RS02635,0.0907078124527238
SYNPCC7942_RS00380,SYNPCC7942_RS12930,0.0906994286254291
SYNPCC7942_RS12560,SYNPCC7942_RS07925,0.0906767819992992
SYNPCC7942_RS03160,SYNPCC7942_RS11530,0.0906512577630138
SYNPCC7942_RS07805,SYNPCC7942_RS11920,0.0906430507011955
SYNPCC7942_RS03075,SYNPCC7942_RS10155,0.0906382527104434
SYNPCC7942_RS00380,SYNPCC7942_RS12480,0.0906289749814673
SYNPCC7942_RS08885,SYNPCC7942_RS09955,0.0906005705342263
SYNPCC7942_RS07435,SYNPCC7942_RS09425,0.0905850931382282
SYNPCC7942_RS10700,SYNPCC7942_RS10765,0.0905795716019154
SYNPCC7942_RS09620,SYNPCC7942_RS11840,0.0905759596804523
SYNPCC7942_RS07435,SYNPCC7942_RS11985,0.0905690682436904
SYNPCC7942_RS00645,SYNPCC7942_RS10995,0.0905629752467277
SYNPCC7942_RS03955,SYNPCC7942_RS07890,0.0905450903155236
SYNPCC7942_RS03160,SYNPCC7942_RS02605,0.0905363653245247
SYNPCC7942_RS03075,SYNPCC7942_RS02155,0.0905031583789441
SYNPCC7942_RS08645,SYNPCC7942_RS06965,0.0905007182115273
SYNPCC7942_RS03465,SYNPCC7942_RS01090,0.0904983469104784
SYNPCC7942_RS10040,SYNPCC7942_RS05050,0.0904917302884027
SYNPCC7942_RS02830,SYNPCC7942_RS01010,0.0904799853440544
SYNPCC7942_RS03325,SYNPCC7942_RS07630,0.0904734034867772
SYNPCC7942_RS08405,SYNPCC7942_RS10530,0.0904678048632393
SYNPCC7942_RS03160,SYNPCC7942_RS12470,0.090466022674944
SYNPCC7942_RS05070,SYNPCC7942_RS13870,0.0904466987968279
SYNPCC7942_RS00645,SYNPCC7942_RS10315,0.0904383491023551
SYNPCC7942_RS07435,SYNPCC7942_RS08305,0.0904290178968923
SYNPCC7942_RS07185,SYNPCC7942_RS11090,0.0904286445027254
SYNPCC7942_RS00645,SYNPCC7942_RS12175,0.0904272267972036
SYNPCC7942_RS03160,SYNPCC7942_RS01055,0.090417620681532
SYNPCC7942_RS07435,SYNPCC7942_RS10575,0.0904018397389664
SYNPCC7942_RS08885,SYNPCC7942_RS12325,0.0903447106126648
SYNPCC7942_RS09740,SYNPCC7942_RS05850,0.0903065907542488
SYNPCC7942_RS00645,SYNPCC7942_RS08625,0.0902736849417319
SYNPCC7942_RS00645,SYNPCC7942_RS09050,0.0902471620959101
SYNPCC7942_RS09160,SYNPCC7942_RS00820,0.0902409996642693
SYNPCC7942_RS00455,SYNPCC7942_RS00450,0.0902237309884882
SYNPCC7942_RS03075,SYNPCC7942_RS02955,0.0902046776401172
SYNPCC7942_RS08885,SYNPCC7942_RS10220,0.0901899824396359
SYNPCC7942_RS12560,SYNPCC7942_RS09785,0.0901857193716041
SYNPCC7942_RS00455,SYNPCC7942_RS02890,0.0901466361353374
SYNPCC7942_RS09380,SYNPCC7942_RS01590,0.09011725211928
SYNPCC7942_RS03440,SYNPCC7942_RS05330,0.0901138228705082
SYNPCC7942_RS11030,SYNPCC7942_RS05800,0.0901089595986332
SYNPCC7942_RS12560,SYNPCC7942_RS10425,0.090095250301982
SYNPCC7942_RS02895,SYNPCC7942_RS01660,0.0900882003467152
SYNPCC7942_RS03465,SYNPCC7942_RS06750,0.0900871927905765
SYNPCC7942_RS00455,SYNPCC7942_RS00470,0.0900719623982376
SYNPCC7942_RS00645,SYNPCC7942_RS09295,0.0900699474621145
SYNPCC7942_RS10170,SYNPCC7942_RS13010,0.0900623423198014
SYNPCC7942_RS03075,SYNPCC7942_RS00195,0.0900609032803234
SYNPCC7942_RS07435,SYNPCC7942_RS12895,0.0900548545739083
SYNPCC7942_RS03160,SYNPCC7942_RS10450,0.0900537393806043
SYNPCC7942_RS10040,SYNPCC7942_RS04155,0.090038196467223
SYNPCC7942_RS03160,SYNPCC7942_RS00940,0.0900270015635317
SYNPCC7942_RS09740,SYNPCC7942_RS01600,0.0900236121445477
SYNPCC7942_RS06370,SYNPCC7942_RS09605,0.0900203798767805
SYNPCC7942_RS03160,SYNPCC7942_RS05565,0.0900088132324256
SYNPCC7942_RS09500,SYNPCC7942_RS03925,0.0899953137404236
SYNPCC7942_RS00645,SYNPCC7942_RS12085,0.0899555976151481
SYNPCC7942_RS02830,SYNPCC7942_RS12685,0.0899429050543184
SYNPCC7942_RS03440,SYNPCC7942_RS05740,0.0899340309503397
SYNPCC7942_RS02830,SYNPCC7942_RS01415,0.0899241901423221
SYNPCC7942_RS10700,SYNPCC7942_RS09260,0.0899206458609919
SYNPCC7942_RS00455,SYNPCC7942_RS06615,0.0899193718019539
SYNPCC7942_RS05870,SYNPCC7942_RS07930,0.0898934009004693
SYNPCC7942_RS07185,SYNPCC7942_RS03760,0.0898920553904884
SYNPCC7942_RS09740,SYNPCC7942_RS09220,0.0898737355025952
SYNPCC7942_RS00455,SYNPCC7942_RS02325,0.0898617229231653
SYNPCC7942_RS03160,SYNPCC7942_RS07635,0.0898343017673709
SYNPCC7942_RS07435,SYNPCC7942_RS01625,0.0898203171451625
SYNPCC7942_RS06365,SYNPCC7942_RS09530,0.0898197008394634
SYNPCC7942_RS00455,SYNPCC7942_RS06515,0.0898154206278152
SYNPCC7942_RS00455,SYNPCC7942_RS01375,0.0898129712965609
SYNPCC7942_RS10165,SYNPCC7942_RS00385,0.089809332968701
SYNPCC7942_RS09065,SYNPCC7942_RS00340,0.089791194891595
SYNPCC7942_RS07185,SYNPCC7942_RS00885,0.089781779488966
SYNPCC7942_RS00455,SYNPCC7942_RS00115,0.0897539357903376
SYNPCC7942_RS09380,SYNPCC7942_RS08505,0.0897451443645372
SYNPCC7942_RS03075,SYNPCC7942_RS01490,0.089700611316098
SYNPCC7942_RS02830,SYNPCC7942_RS12350,0.089686459330383
SYNPCC7942_RS07435,SYNPCC7942_RS00920,0.0896563728620179
SYNPCC7942_RS09740,SYNPCC7942_RS13135,0.0896304150526859
SYNPCC7942_RS12560,SYNPCC7942_RS08275,0.0896058130227946
SYNPCC7942_RS00455,SYNPCC7942_RS05105,0.0895911634449009
SYNPCC7942_RS03465,SYNPCC7942_RS14105,0.0895718318897612
SYNPCC7942_RS03960,SYNPCC7942_RS00725,0.0895697819088094
SYNPCC7942_RS09435,SYNPCC7942_RS04920,0.0895611967816478
SYNPCC7942_RS10700,SYNPCC7942_RS05565,0.0895126031427585
SYNPCC7942_RS03160,SYNPCC7942_RS01475,0.0895019258986005
SYNPCC7942_RS09380,SYNPCC7942_RS11520,0.0894905207952193
SYNPCC7942_RS03160,SYNPCC7942_RS12000,0.0894887819865158
SYNPCC7942_RS10040,SYNPCC7942_RS02690,0.0894775519089477
SYNPCC7942_RS09740,SYNPCC7942_RS07770,0.0894742049430216
SYNPCC7942_RS07435,SYNPCC7942_RS09855,0.0894631459935896
SYNPCC7942_RS03955,SYNPCC7942_RS00305,0.0894242188199055
SYNPCC7942_RS07435,SYNPCC7942_RS07405,0.0893906712458756
SYNPCC7942_RS10700,SYNPCC7942_RS12195,0.0893873311289384
SYNPCC7942_RS09380,SYNPCC7942_RS11725,0.0893786986387625
SYNPCC7942_RS08885,SYNPCC7942_RS06600,0.0893688841851113
SYNPCC7942_RS07185,SYNPCC7942_RS07050,0.08936652744376
SYNPCC7942_RS11465,SYNPCC7942_RS00210,0.0893630873847003
SYNPCC7942_RS07435,SYNPCC7942_RS07785,0.0893495057806259
SYNPCC7942_RS05870,SYNPCC7942_RS09665,0.0893466205914053
SYNPCC7942_RS03160,SYNPCC7942_RS03455,0.0893387901141747
SYNPCC7942_RS03465,SYNPCC7942_RS04315,0.0893257060161682
SYNPCC7942_RS12560,SYNPCC7942_RS05185,0.0893090952778143
SYNPCC7942_RS00455,SYNPCC7942_RS06435,0.0892962160996678
SYNPCC7942_RS09160,SYNPCC7942_RS12095,0.089289213581829
SYNPCC7942_RS05070,SYNPCC7942_RS13675,0.0892811171913365
SYNPCC7942_RS09620,SYNPCC7942_RS08710,0.0892596210912129
SYNPCC7942_RS09500,SYNPCC7942_RS00280,0.0892323216472392
SYNPCC7942_RS03465,SYNPCC7942_RS12325,0.0891968532405955
SYNPCC7942_RS07435,SYNPCC7942_RS05115,0.0891710070581464
SYNPCC7942_RS09760,SYNPCC7942_RS05650,0.089114333387178
SYNPCC7942_RS00455,SYNPCC7942_RS01520,0.0891100430968713
SYNPCC7942_RS10700,SYNPCC7942_RS11980,0.0890853323520282
SYNPCC7942_RS03160,SYNPCC7942_RS04830,0.0890716708945729
SYNPCC7942_RS09620,SYNPCC7942_RS13000,0.0890616412988078
SYNPCC7942_RS12560,SYNPCC7942_RS12580,0.0890462150544583
SYNPCC7942_RS09740,SYNPCC7942_RS03125,0.0890412279763999
SYNPCC7942_RS03160,SYNPCC7942_RS11410,0.089024719471161
SYNPCC7942_RS05870,SYNPCC7942_RS08630,0.0889931447994197
SYNPCC7942_RS08780,SYNPCC7942_RS08640,0.0889906137156052
SYNPCC7942_RS12560,SYNPCC7942_RS07105,0.0889648733343837
SYNPCC7942_RS03160,SYNPCC7942_RS06530,0.0889485582713836
SYNPCC7942_RS09620,SYNPCC7942_RS09790,0.0889470003287998
SYNPCC7942_RS03160,SYNPCC7942_RS06800,0.0889410869549725
SYNPCC7942_RS09740,SYNPCC7942_RS05700,0.0889255745355602
SYNPCC7942_RS03160,SYNPCC7942_RS09115,0.0889080541596229
SYNPCC7942_RS09380,SYNPCC7942_RS01420,0.0889037890519147
SYNPCC7942_RS10700,SYNPCC7942_RS09730,0.0888982452106551
SYNPCC7942_RS03160,SYNPCC7942_RS10175,0.0888934080772276
SYNPCC7942_RS00455,SYNPCC7942_RS00645,0.0888770918743836
SYNPCC7942_RS13165,SYNPCC7942_RS03220,0.0888752880195242
SYNPCC7942_RS10700,SYNPCC7942_RS12300,0.0888646275627608
SYNPCC7942_RS00455,SYNPCC7942_RS12100,0.0888638890488706
SYNPCC7942_RS00455,SYNPCC7942_RS11995,0.0888558212584038
SYNPCC7942_RS03075,SYNPCC7942_RS12490,0.0888539121386805
SYNPCC7942_RS00380,SYNPCC7942_RS09020,0.0888523170441455
SYNPCC7942_RS09740,SYNPCC7942_RS09735,0.0888442163465397
SYNPCC7942_RS09160,SYNPCC7942_RS11945,0.0888370991477637
SYNPCC7942_RS09740,SYNPCC7942_RS08525,0.0888248121890717
SYNPCC7942_RS09740,SYNPCC7942_RS04905,0.0888204141999722
SYNPCC7942_RS03075,SYNPCC7942_RS06655,0.0888067275861381
SYNPCC7942_RS07435,SYNPCC7942_RS05110,0.0888038877401182
SYNPCC7942_RS11970,SYNPCC7942_RS00955,0.088788541459114
SYNPCC7942_RS03160,SYNPCC7942_RS05180,0.088780033322542
SYNPCC7942_RS07435,SYNPCC7942_RS03015,0.088760746569234
SYNPCC7942_RS12275,SYNPCC7942_RS04600,0.0887500770440854
SYNPCC7942_RS07805,SYNPCC7942_RS07030,0.0887232943431258
SYNPCC7942_RS10700,SYNPCC7942_RS06300,0.0886712724085452
SYNPCC7942_RS03465,SYNPCC7942_RS06315,0.0886577568818733
SYNPCC7942_RS03160,SYNPCC7942_RS06105,0.0886466643886417
SYNPCC7942_RS09740,SYNPCC7942_RS12645,0.0886383941962336
SYNPCC7942_RS07185,SYNPCC7942_RS00835,0.088617329357334
SYNPCC7942_RS10700,SYNPCC7942_RS04945,0.0886144026330563
SYNPCC7942_RS02895,SYNPCC7942_RS01965,0.0885973838887944
SYNPCC7942_RS09620,SYNPCC7942_RS08650,0.0885953924693747
SYNPCC7942_RS05870,SYNPCC7942_RS11475,0.0885663652479934
SYNPCC7942_RS10700,SYNPCC7942_RS07445,0.0885647734877792
SYNPCC7942_RS09740,SYNPCC7942_RS05245,0.0885109106355669
SYNPCC7942_RS03160,SYNPCC7942_RS04620,0.0885019294437134
SYNPCC7942_RS00455,SYNPCC7942_RS08130,0.0884998069885224
SYNPCC7942_RS07185,SYNPCC7942_RS10905,0.0884961997538267
SYNPCC7942_RS07435,SYNPCC7942_RS03010,0.0884920616949551
SYNPCC7942_RS07185,SYNPCC7942_RS00595,0.0884845958567415
SYNPCC7942_RS03160,SYNPCC7942_RS09920,0.0884761750176538
SYNPCC7942_RS10340,SYNPCC7942_RS05945,0.0884658822731491
SYNPCC7942_RS03465,SYNPCC7942_RS11210,0.0884635292462602
SYNPCC7942_RS06370,SYNPCC7942_RS11150,0.088451230604379
SYNPCC7942_RS02895,SYNPCC7942_RS10225,0.088450280127798
SYNPCC7942_RS13165,SYNPCC7942_RS10925,0.0884501132687689
SYNPCC7942_RS10350,SYNPCC7942_RS04355,0.0884477129973698
SYNPCC7942_RS00645,SYNPCC7942_RS05815,0.0884254376421931
SYNPCC7942_RS07435,SYNPCC7942_RS04550,0.0884202604059078
SYNPCC7942_RS07435,SYNPCC7942_RS05765,0.0884096636607964
SYNPCC7942_RS10170,SYNPCC7942_RS00240,0.0883906051447965
SYNPCC7942_RS07435,SYNPCC7942_RS10435,0.0883891071827922
SYNPCC7942_RS02830,SYNPCC7942_RS09270,0.0883876124408635
SYNPCC7942_RS03160,SYNPCC7942_RS04530,0.0883564404081529
SYNPCC7942_RS00455,SYNPCC7942_RS06295,0.0883509129405245
SYNPCC7942_RS07805,SYNPCC7942_RS11625,0.0883453163183785
SYNPCC7942_RS10700,SYNPCC7942_RS13230,0.0883376091898797
SYNPCC7942_RS00455,SYNPCC7942_RS01970,0.0883352144646704
SYNPCC7942_RS10340,SYNPCC7942_RS05930,0.0883317441716485
SYNPCC7942_RS11970,SYNPCC7942_RS08195,0.0883302338776563
SYNPCC7942_RS12275,SYNPCC7942_RS03055,0.0883259774197226
SYNPCC7942_RS03160,SYNPCC7942_RS00690,0.0883240809316213
SYNPCC7942_RS03955,SYNPCC7942_RS03960,0.0883234385760173
SYNPCC7942_RS07435,SYNPCC7942_RS10045,0.0882918439338568
SYNPCC7942_RS03160,SYNPCC7942_RS04855,0.0882818284379503
SYNPCC7942_RS09760,SYNPCC7942_RS03650,0.0882734491285338
SYNPCC7942_RS03160,SYNPCC7942_RS12515,0.0882648045120116
SYNPCC7942_RS03260,SYNPCC7942_RS04565,0.0882563823717317
SYNPCC7942_RS10700,SYNPCC7942_RS05580,0.0882543581419366
SYNPCC7942_RS03075,SYNPCC7942_RS07395,0.0882454500495864
SYNPCC7942_RS09380,SYNPCC7942_RS02535,0.0882370480669838
SYNPCC7942_RS05070,SYNPCC7942_RS03065,0.0882361300110516
SYNPCC7942_RS07435,SYNPCC7942_RS07790,0.0882339400397774
SYNPCC7942_RS05070,SYNPCC7942_RS02085,0.0882328038085533
SYNPCC7942_RS05870,SYNPCC7942_RS06790,0.0882235693423505
SYNPCC7942_RS09740,SYNPCC7942_RS10735,0.0882105434156787
SYNPCC7942_RS12560,SYNPCC7942_RS10820,0.0882040778072413
SYNPCC7942_RS00455,SYNPCC7942_RS02140,0.0881998165958907
SYNPCC7942_RS00455,SYNPCC7942_RS06755,0.088199070816997
SYNPCC7942_RS06365,SYNPCC7942_RS10520,0.088185646572322
SYNPCC7942_RS07805,SYNPCC7942_RS07615,0.0881627463348891
SYNPCC7942_RS09740,SYNPCC7942_RS05660,0.0881576909200045
SYNPCC7942_RS00645,SYNPCC7942_RS10365,0.088157321843716
SYNPCC7942_RS08780,SYNPCC7942_RS07535,0.0881460600815346
SYNPCC7942_RS10700,SYNPCC7942_RS10205,0.0881401395928343
SYNPCC7942_RS05870,SYNPCC7942_RS09635,0.0881333113551853
SYNPCC7942_RS10700,SYNPCC7942_RS10110,0.0881192296772092
SYNPCC7942_RS05870,SYNPCC7942_RS04620,0.0880644124170808
SYNPCC7942_RS02830,SYNPCC7942_RS13250,0.0880553580105655
SYNPCC7942_RS07435,SYNPCC7942_RS04265,0.088045586565599
SYNPCC7942_RS00380,SYNPCC7942_RS04025,0.0880452694202763
SYNPCC7942_RS00455,SYNPCC7942_RS10700,0.0880331625142827
SYNPCC7942_RS08405,SYNPCC7942_RS09790,0.0880199962670856
SYNPCC7942_RS11050,SYNPCC7942_RS07200,0.0880105138496921
SYNPCC7942_RS00380,SYNPCC7942_RS10470,0.0880033415838543
SYNPCC7942_RS03160,SYNPCC7942_RS04265,0.0879905150146157
SYNPCC7942_RS03160,SYNPCC7942_RS01130,0.0879777254129807
SYNPCC7942_RS00455,SYNPCC7942_RS08055,0.0879693233347944
SYNPCC7942_RS03075,SYNPCC7942_RS11185,0.0879303324430371
SYNPCC7942_RS10340,SYNPCC7942_RS11730,0.0879224742604662
SYNPCC7942_RS09740,SYNPCC7942_RS07095,0.0879221660980889
SYNPCC7942_RS10700,SYNPCC7942_RS09940,0.087910678609992
SYNPCC7942_RS10700,SYNPCC7942_RS09540,0.0879077975917854
SYNPCC7942_RS10170,SYNPCC7942_RS12890,0.0879074243631222
SYNPCC7942_RS02895,SYNPCC7942_RS06355,0.0879070320399652
SYNPCC7942_RS03440,SYNPCC7942_RS03445,0.087905073393187
SYNPCC7942_RS03955,SYNPCC7942_RS01085,0.0878958274290332
SYNPCC7942_RS05870,SYNPCC7942_RS02035,0.0878858329786897
SYNPCC7942_RS00645,SYNPCC7942_RS09710,0.0878601534281272
SYNPCC7942_RS07435,SYNPCC7942_RS10225,0.0878375951185286
SYNPCC7942_RS03160,SYNPCC7942_RS04465,0.0878366434484986
SYNPCC7942_RS09160,SYNPCC7942_RS12865,0.0878344019173509
SYNPCC7942_RS03075,SYNPCC7942_RS03990,0.0878136946400944
SYNPCC7942_RS09500,SYNPCC7942_RS09405,0.0878110821252953
SYNPCC7942_RS09740,SYNPCC7942_RS04795,0.0878083311727175
SYNPCC7942_RS07185,SYNPCC7942_RS08545,0.0878024270375905
SYNPCC7942_RS11970,SYNPCC7942_RS12405,0.0877868976761725
SYNPCC7942_RS03160,SYNPCC7942_RS03230,0.0877734740598808
SYNPCC7942_RS09160,SYNPCC7942_RS05125,0.0877131561732501
SYNPCC7942_RS07185,SYNPCC7942_RS12110,0.0877118216580196
SYNPCC7942_RS09990,SYNPCC7942_RS09655,0.0877033502087965
SYNPCC7942_RS10700,SYNPCC7942_RS00780,0.0876982076051823
SYNPCC7942_RS05870,SYNPCC7942_RS04440,0.0876706951716915
SYNPCC7942_RS09380,SYNPCC7942_RS05895,0.0876699417062581
SYNPCC7942_RS10700,SYNPCC7942_RS01820,0.0876512003185536
SYNPCC7942_RS10700,SYNPCC7942_RS09950,0.0876328158355434
SYNPCC7942_RS09065,SYNPCC7942_RS01090,0.0876278568997699
SYNPCC7942_RS12560,SYNPCC7942_RS04135,0.0876226618494102
SYNPCC7942_RS12560,SYNPCC7942_RS12875,0.0876206201135666
SYNPCC7942_RS03530,SYNPCC7942_RS11835,0.0875940293955556
SYNPCC7942_RS09500,SYNPCC7942_RS06935,0.0875754049191675
SYNPCC7942_RS12275,SYNPCC7942_RS06220,0.087552166381535
SYNPCC7942_RS11465,SYNPCC7942_RS09575,0.0875481424573103
SYNPCC7942_RS13165,SYNPCC7942_RS12735,0.0875479600757819
SYNPCC7942_RS03160,SYNPCC7942_RS12070,0.0875432403301857
SYNPCC7942_RS03160,SYNPCC7942_RS01210,0.0875423309424109
SYNPCC7942_RS03160,SYNPCC7942_RS10730,0.0875376612707581
SYNPCC7942_RS03160,SYNPCC7942_RS11875,0.0875360815069239
SYNPCC7942_RS03465,SYNPCC7942_RS11770,0.0875289188096114
SYNPCC7942_RS09620,SYNPCC7942_RS12370,0.0875278941524738
SYNPCC7942_RS03075,SYNPCC7942_RS08345,0.0875095401178109
SYNPCC7942_RS07185,SYNPCC7942_RS10705,0.0874963475569692
SYNPCC7942_RS07435,SYNPCC7942_RS04970,0.0874903136370933
SYNPCC7942_RS02895,SYNPCC7942_RS05395,0.0874877740126666
SYNPCC7942_RS12560,SYNPCC7942_RS07565,0.0874816997526632
SYNPCC7942_RS03160,SYNPCC7942_RS10190,0.0874606926937688
SYNPCC7942_RS03955,SYNPCC7942_RS00290,0.0874429750629247
SYNPCC7942_RS00645,SYNPCC7942_RS08555,0.0874267311656655
SYNPCC7942_RS05870,SYNPCC7942_RS08950,0.0874195395014934
SYNPCC7942_RS09740,SYNPCC7942_RS05635,0.0874182433914109
SYNPCC7942_RS08885,SYNPCC7942_RS13070,0.0874124892992997
SYNPCC7942_RS07435,SYNPCC7942_RS01785,0.087403455495273
SYNPCC7942_RS07435,SYNPCC7942_RS00575,0.0873961185875372
SYNPCC7942_RS03160,SYNPCC7942_RS04890,0.0873673143563888
SYNPCC7942_RS09760,SYNPCC7942_RS05745,0.0873605581134856
SYNPCC7942_RS03160,SYNPCC7942_RS07665,0.0873545839268236
SYNPCC7942_RS07805,SYNPCC7942_RS02795,0.0873327654063083
SYNPCC7942_RS09740,SYNPCC7942_RS02440,0.087325300995415
SYNPCC7942_RS11050,SYNPCC7942_RS10490,0.0873141012152967
SYNPCC7942_RS10700,SYNPCC7942_RS11990,0.0872856399600057
SYNPCC7942_RS12560,SYNPCC7942_RS12310,0.0872639111689908
SYNPCC7942_RS03440,SYNPCC7942_RS07555,0.0872532065221616
SYNPCC7942_RS10700,SYNPCC7942_RS06095,0.0872487883077638
SYNPCC7942_RS05870,SYNPCC7942_RS02355,0.0872397890196022
SYNPCC7942_RS07435,SYNPCC7942_RS02895,0.0872315200658809
SYNPCC7942_RS09740,SYNPCC7942_RS01510,0.087219371507068
SYNPCC7942_RS05870,SYNPCC7942_RS02100,0.0872108185411431
SYNPCC7942_RS03955,SYNPCC7942_RS07520,0.0871777264971117
SYNPCC7942_RS05870,SYNPCC7942_RS06685,0.0871697241391041
SYNPCC7942_RS11465,SYNPCC7942_RS08330,0.0871468327773206
SYNPCC7942_RS09380,SYNPCC7942_RS13260,0.0871337463856522
SYNPCC7942_RS00480,SYNPCC7942_RS10135,0.0871185732372022
SYNPCC7942_RS08405,SYNPCC7942_RS03195,0.0870996112406504
SYNPCC7942_RS07435,SYNPCC7942_RS11400,0.0870768146428556
SYNPCC7942_RS10700,SYNPCC7942_RS03235,0.0870593938757421
SYNPCC7942_RS10700,SYNPCC7942_RS10730,0.0870544582894969
SYNPCC7942_RS03160,SYNPCC7942_RS11500,0.0870515132691694
SYNPCC7942_RS03160,SYNPCC7942_RS04080,0.0870442815522201
SYNPCC7942_RS10700,SYNPCC7942_RS00940,0.0870176418779328
SYNPCC7942_RS10700,SYNPCC7942_RS11405,0.0870048295099802
SYNPCC7942_RS03160,SYNPCC7942_RS12050,0.0870014048326025
SYNPCC7942_RS11465,SYNPCC7942_RS05605,0.0869913210248513
SYNPCC7942_RS09065,SYNPCC7942_RS08105,0.0869878932177178
SYNPCC7942_RS00645,SYNPCC7942_RS03640,0.0869619833780814
SYNPCC7942_RS03325,SYNPCC7942_RS12845,0.086939796293978
SYNPCC7942_RS00455,SYNPCC7942_RS12785,0.0869356489271512
SYNPCC7942_RS02830,SYNPCC7942_RS00200,0.0869202756114325
SYNPCC7942_RS07185,SYNPCC7942_RS12830,0.08689138625479
SYNPCC7942_RS13165,SYNPCC7942_RS10865,0.0868774323216384
SYNPCC7942_RS07805,SYNPCC7942_RS03210,0.0868727773015227
SYNPCC7942_RS03465,SYNPCC7942_RS07695,0.086853734262808
SYNPCC7942_RS09380,SYNPCC7942_RS13250,0.0868425167439322
SYNPCC7942_RS07435,SYNPCC7942_RS01290,0.0868420049710883
SYNPCC7942_RS09740,SYNPCC7942_RS01390,0.0868401868635199
SYNPCC7942_RS07435,SYNPCC7942_RS01215,0.0868146473341428
SYNPCC7942_RS10700,SYNPCC7942_RS12725,0.0868119261257835
SYNPCC7942_RS09380,SYNPCC7942_RS12965,0.086810388597035
SYNPCC7942_RS10700,SYNPCC7942_RS11480,0.0868102219226788
SYNPCC7942_RS09620,SYNPCC7942_RS07105,0.0867968400190606
SYNPCC7942_RS12560,SYNPCC7942_RS12065,0.0867762467357164
SYNPCC7942_RS00645,SYNPCC7942_RS10305,0.0867655057675659
SYNPCC7942_RS07435,SYNPCC7942_RS13060,0.0867610677741519
SYNPCC7942_RS07185,SYNPCC7942_RS10170,0.0867403771447111
SYNPCC7942_RS10700,SYNPCC7942_RS03060,0.0866732405976087
SYNPCC7942_RS03160,SYNPCC7942_RS09665,0.0866699156833518
SYNPCC7942_RS07435,SYNPCC7942_RS10565,0.0866443889902052
SYNPCC7942_RS10340,SYNPCC7942_RS09760,0.0866313996929079
SYNPCC7942_RS10700,SYNPCC7942_RS09725,0.0866299025493074
SYNPCC7942_RS12560,SYNPCC7942_RS08760,0.0866207425223608
SYNPCC7942_RS12535,SYNPCC7942_RS01545,0.0866016100919672
SYNPCC7942_RS12560,SYNPCC7942_RS02690,0.0865682961154531
SYNPCC7942_RS08405,SYNPCC7942_RS08300,0.0865525815233277
SYNPCC7942_RS06370,SYNPCC7942_RS10310,0.0865506683924521
SYNPCC7942_RS09380,SYNPCC7942_RS13255,0.0865413464957433
SYNPCC7942_RS07185,SYNPCC7942_RS07835,0.0865306196715917
SYNPCC7942_RS09740,SYNPCC7942_RS04625,0.0865266910091605
SYNPCC7942_RS07435,SYNPCC7942_RS12855,0.0865226017279605
SYNPCC7942_RS08405,SYNPCC7942_RS02900,0.086483174793679
SYNPCC7942_RS09160,SYNPCC7942_RS06600,0.0864717448534982
SYNPCC7942_RS10700,SYNPCC7942_RS02325,0.0864685640884097
SYNPCC7942_RS03160,SYNPCC7942_RS11475,0.0864625438551324
SYNPCC7942_RS06370,SYNPCC7942_RS00760,0.0864432400331493
SYNPCC7942_RS03075,SYNPCC7942_RS09465,0.0864425108309439
SYNPCC7942_RS00455,SYNPCC7942_RS05765,0.0864366933910644
SYNPCC7942_RS09380,SYNPCC7942_RS11365,0.0864246221223946
SYNPCC7942_RS07435,SYNPCC7942_RS02405,0.08642434210377
SYNPCC7942_RS03160,SYNPCC7942_RS11485,0.0863936148897418
SYNPCC7942_RS00455,SYNPCC7942_RS08735,0.08638805834907
SYNPCC7942_RS00645,SYNPCC7942_RS08305,0.086386410053394
SYNPCC7942_RS03325,SYNPCC7942_RS09010,0.0863770745149468
SYNPCC7942_RS05870,SYNPCC7942_RS06885,0.0863738846768919
SYNPCC7942_RS05870,SYNPCC7942_RS13180,0.0863662315485755
SYNPCC7942_RS03530,SYNPCC7942_RS03165,0.0863620176653848
SYNPCC7942_RS07435,SYNPCC7942_RS02100,0.0863583164928645
SYNPCC7942_RS10350,SYNPCC7942_RS01190,0.0863443330178877
SYNPCC7942_RS00455,SYNPCC7942_RS10595,0.0863430630759659
SYNPCC7942_RS09065,SYNPCC7942_RS13255,0.0863277095213737
SYNPCC7942_RS07435,SYNPCC7942_RS00620,0.0863202542570165
SYNPCC7942_RS09435,SYNPCC7942_RS00360,0.0863169985976169
SYNPCC7942_RS10700,SYNPCC7942_RS01850,0.0863121758929829
SYNPCC7942_RS10700,SYNPCC7942_RS10175,0.0862829890618368
SYNPCC7942_RS03160,SYNPCC7942_RS03340,0.0862816589532293
SYNPCC7942_RS07720,SYNPCC7942_RS03310,0.0862667153217254
SYNPCC7942_RS00765,SYNPCC7942_RS12865,0.0862623669161087
SYNPCC7942_RS02895,SYNPCC7942_RS05840,0.0862500376027564
SYNPCC7942_RS03160,SYNPCC7942_RS00335,0.0862244958699553
SYNPCC7942_RS06700,SYNPCC7942_RS04655,0.0862205360517971
SYNPCC7942_RS12560,SYNPCC7942_RS07245,0.0861861174829892
SYNPCC7942_RS05070,SYNPCC7942_RS04105,0.0861847231588817
SYNPCC7942_RS12285,SYNPCC7942_RS04810,0.0861829917297624
SYNPCC7942_RS00645,SYNPCC7942_RS01710,0.0861796216237569
SYNPCC7942_RS03075,SYNPCC7942_RS09255,0.0861703702220706
SYNPCC7942_RS03075,SYNPCC7942_RS11720,0.0861600891750793
SYNPCC7942_RS12560,SYNPCC7942_RS11615,0.0861448302026872
SYNPCC7942_RS03325,SYNPCC7942_RS00770,0.0861430297109549
SYNPCC7942_RS07435,SYNPCC7942_RS10445,0.0861385956280354
SYNPCC7942_RS00645,SYNPCC7942_RS01700,0.086134383557282
SYNPCC7942_RS07185,SYNPCC7942_RS03595,0.0861168844693791
SYNPCC7942_RS10700,SYNPCC7942_RS02245,0.0861052554757309
SYNPCC7942_RS09435,SYNPCC7942_RS13135,0.0861041453838785
SYNPCC7942_RS10165,SYNPCC7942_RS08630,0.0861037742769713
SYNPCC7942_RS04835,SYNPCC7942_RS03650,0.0860970965607474
SYNPCC7942_RS07185,SYNPCC7942_RS01075,0.0860955029833736
SYNPCC7942_RS00645,SYNPCC7942_RS01705,0.0860793601972622
SYNPCC7942_RS12560,SYNPCC7942_RS02815,0.0860781338387802
SYNPCC7942_RS03160,SYNPCC7942_RS00035,0.0860767946282133
SYNPCC7942_RS03440,SYNPCC7942_RS08845,0.0860750665260328
SYNPCC7942_RS11970,SYNPCC7942_RS07825,0.0860657997389927
SYNPCC7942_RS10040,SYNPCC7942_RS07805,0.0860255274754226
SYNPCC7942_RS07185,SYNPCC7942_RS12860,0.0860047104829016
SYNPCC7942_RS06370,SYNPCC7942_RS08695,0.0859921077080156
SYNPCC7942_RS05870,SYNPCC7942_RS04705,0.0859833534709507
SYNPCC7942_RS03260,SYNPCC7942_RS11230,0.085967177140454
SYNPCC7942_RS10700,SYNPCC7942_RS07920,0.0859669065635515
SYNPCC7942_RS09740,SYNPCC7942_RS08425,0.085962824352946
SYNPCC7942_RS03325,SYNPCC7942_RS00105,0.0859462701708426
SYNPCC7942_RS08885,SYNPCC7942_RS08645,0.0859358746275944
SYNPCC7942_RS09740,SYNPCC7942_RS10710,0.085914272191096
SYNPCC7942_RS03160,SYNPCC7942_RS00380,0.0859135670138147
SYNPCC7942_RS05870,SYNPCC7942_RS04080,0.0859073238401959
SYNPCC7942_RS11970,SYNPCC7942_RS09485,0.0859040920739501
SYNPCC7942_RS02830,SYNPCC7942_RS12975,0.0858828663497351
SYNPCC7942_RS08885,SYNPCC7942_RS05530,0.0858817827578148
SYNPCC7942_RS00645,SYNPCC7942_RS07625,0.0858775475795315
SYNPCC7942_RS09740,SYNPCC7942_RS10010,0.0858607243323846
SYNPCC7942_RS02895,SYNPCC7942_RS02940,0.0858587642744247
SYNPCC7942_RS12560,SYNPCC7942_RS07715,0.0858371039972239
SYNPCC7942_RS00455,SYNPCC7942_RS10645,0.085809040927544
SYNPCC7942_RS07185,SYNPCC7942_RS12055,0.0858076938570193
SYNPCC7942_RS07435,SYNPCC7942_RS05405,0.0857909989632793
SYNPCC7942_RS09935,SYNPCC7942_RS05495,0.0857869551741557
SYNPCC7942_RS03075,SYNPCC7942_RS09065,0.0857491747892725
SYNPCC7942_RS03160,SYNPCC7942_RS02635,0.0857433422243693
SYNPCC7942_RS03465,SYNPCC7942_RS04555,0.0857233212115495
SYNPCC7942_RS07185,SYNPCC7942_RS12330,0.0857046207128633
SYNPCC7942_RS10700,SYNPCC7942_RS09835,0.0856957964089492
SYNPCC7942_RS03075,SYNPCC7942_RS07400,0.0856857712744813
SYNPCC7942_RS02830,SYNPCC7942_RS13240,0.0856557682133863
SYNPCC7942_RS00455,SYNPCC7942_RS10825,0.0856532721460372
SYNPCC7942_RS00645,SYNPCC7942_RS01445,0.085646355780177
SYNPCC7942_RS09740,SYNPCC7942_RS01125,0.0856289453190432
SYNPCC7942_RS05870,SYNPCC7942_RS06105,0.0855973102484508
SYNPCC7942_RS10040,SYNPCC7942_RS07410,0.0855897010695104
SYNPCC7942_RS12560,SYNPCC7942_RS04925,0.0855877181110485
SYNPCC7942_RS06370,SYNPCC7942_RS08920,0.085569626158622
SYNPCC7942_RS00455,SYNPCC7942_RS01385,0.0855628925385896
SYNPCC7942_RS03160,SYNPCC7942_RS00040,0.0855581431914719
SYNPCC7942_RS03160,SYNPCC7942_RS07630,0.0855490964706142
SYNPCC7942_RS09740,SYNPCC7942_RS12555,0.0855180917343638
SYNPCC7942_RS00380,SYNPCC7942_RS05760,0.0855149291141578
SYNPCC7942_RS12560,SYNPCC7942_RS12270,0.0854925370414682
SYNPCC7942_RS03160,SYNPCC7942_RS07815,0.0854784984586984
SYNPCC7942_RS09435,SYNPCC7942_RS04135,0.0854521884521915
SYNPCC7942_RS05870,SYNPCC7942_RS08125,0.0854424911545778
SYNPCC7942_RS10700,SYNPCC7942_RS02865,0.0854275803483434
SYNPCC7942_RS10700,SYNPCC7942_RS11475,0.0854237479662784
SYNPCC7942_RS00455,SYNPCC7942_RS11405,0.085420300767083
SYNPCC7942_RS10700,SYNPCC7942_RS02275,0.0854054683986202
SYNPCC7942_RS11465,SYNPCC7942_RS13910,0.0854024789022016
SYNPCC7942_RS10700,SYNPCC7942_RS07640,0.0853988696200151
SYNPCC7942_RS11465,SYNPCC7942_RS02520,0.0853988005711503
SYNPCC7942_RS00455,SYNPCC7942_RS09180,0.0853752955696698
SYNPCC7942_RS03465,SYNPCC7942_RS12260,0.0853739568317421
SYNPCC7942_RS00455,SYNPCC7942_RS10330,0.0853633978876148
SYNPCC7942_RS00765,SYNPCC7942_RS03525,0.0853611453526108
SYNPCC7942_RS05870,SYNPCC7942_RS05155,0.0853569971780169
SYNPCC7942_RS07435,SYNPCC7942_RS11875,0.0853539435723261
SYNPCC7942_RS05870,SYNPCC7942_RS03140,0.0853526177894754
SYNPCC7942_RS08885,SYNPCC7942_RS11465,0.0853508941068816
SYNPCC7942_RS09620,SYNPCC7942_RS05755,0.0853434628417016
SYNPCC7942_RS09620,SYNPCC7942_RS09735,0.0853395329623826
SYNPCC7942_RS00455,SYNPCC7942_RS10175,0.0853298443737599
SYNPCC7942_RS03075,SYNPCC7942_RS12975,0.0853108079688426
SYNPCC7942_RS10350,SYNPCC7942_RS07630,0.085304874877753
SYNPCC7942_RS00455,SYNPCC7942_RS06145,0.0852975456757412
SYNPCC7942_RS07185,SYNPCC7942_RS01210,0.0852935717381147
SYNPCC7942_RS03160,SYNPCC7942_RS05410,0.0852869084156949
SYNPCC7942_RS00645,SYNPCC7942_RS06615,0.0852842109479005
SYNPCC7942_RS00645,SYNPCC7942_RS11395,0.0852802116096325
SYNPCC7942_RS02895,SYNPCC7942_RS07385,0.0852712451508624
SYNPCC7942_RS11465,SYNPCC7942_RS11965,0.0852656672592178
SYNPCC7942_RS03325,SYNPCC7942_RS02965,0.085263734958611
SYNPCC7942_RS00645,SYNPCC7942_RS03630,0.0852570855928425
SYNPCC7942_RS09740,SYNPCC7942_RS00770,0.0852462359965186
SYNPCC7942_RS12285,SYNPCC7942_RS00670,0.0852441318469901
SYNPCC7942_RS05870,SYNPCC7942_RS06715,0.0852414329479978
SYNPCC7942_RS03160,SYNPCC7942_RS13655,0.0852211055063634
SYNPCC7942_RS05870,SYNPCC7942_RS06135,0.0852124130496456
SYNPCC7942_RS10700,SYNPCC7942_RS07930,0.0852087117550017
SYNPCC7942_RS03160,SYNPCC7942_RS02340,0.0852045710133231
SYNPCC7942_RS12275,SYNPCC7942_RS06260,0.0851601118149575
SYNPCC7942_RS09380,SYNPCC7942_RS01015,0.0851597312356004
SYNPCC7942_RS00645,SYNPCC7942_RS01715,0.085150092479901
SYNPCC7942_RS03075,SYNPCC7942_RS09325,0.0851437218787251
SYNPCC7942_RS00455,SYNPCC7942_RS05405,0.0851436184773301
SYNPCC7942_RS05870,SYNPCC7942_RS10995,0.0851374736548157
SYNPCC7942_RS09500,SYNPCC7942_RS09645,0.0851298768118359
SYNPCC7942_RS11465,SYNPCC7942_RS02330,0.0851263238416523
SYNPCC7942_RS10700,SYNPCC7942_RS13025,0.0851189272116654
SYNPCC7942_RS07185,SYNPCC7942_RS04885,0.0851172939159342
SYNPCC7942_RS02830,SYNPCC7942_RS05895,0.085115047827818
SYNPCC7942_RS11970,SYNPCC7942_RS01905,0.0851097998360564
SYNPCC7942_RS09740,SYNPCC7942_RS04370,0.0850914346893189
SYNPCC7942_RS03160,SYNPCC7942_RS04115,0.0850879406505052
SYNPCC7942_RS03260,SYNPCC7942_RS13040,0.0850767925241745
SYNPCC7942_RS07435,SYNPCC7942_RS01150,0.0850669059327721
SYNPCC7942_RS08780,SYNPCC7942_RS13760,0.0850654264907847
SYNPCC7942_RS09380,SYNPCC7942_RS09065,0.0850620956004014
SYNPCC7942_RS03160,SYNPCC7942_RS00350,0.0850487675635381
SYNPCC7942_RS03160,SYNPCC7942_RS12550,0.085040221762039
SYNPCC7942_RS10700,SYNPCC7942_RS00325,0.085036609966061
SYNPCC7942_RS09740,SYNPCC7942_RS01235,0.0849962404250348
SYNPCC7942_RS03160,SYNPCC7942_RS09690,0.0849892166745991
SYNPCC7942_RS05870,SYNPCC7942_RS11930,0.0849795152694138
SYNPCC7942_RS09740,SYNPCC7942_RS09225,0.0849747384517627
SYNPCC7942_RS03465,SYNPCC7942_RS03235,0.0849705372383909
SYNPCC7942_RS10350,SYNPCC7942_RS14200,0.0849528372317687
SYNPCC7942_RS00645,SYNPCC7942_RS04140,0.0849476689401442
SYNPCC7942_RS00480,SYNPCC7942_RS09945,0.084934710152802
SYNPCC7942_RS09380,SYNPCC7942_RS02445,0.0849252329811054
SYNPCC7942_RS03160,SYNPCC7942_RS11930,0.0849194236715432
SYNPCC7942_RS03260,SYNPCC7942_RS13275,0.0849176717224715
SYNPCC7942_RS03960,SYNPCC7942_RS11955,0.0849133844926134
SYNPCC7942_RS10700,SYNPCC7942_RS07365,0.0849031396934353
SYNPCC7942_RS00645,SYNPCC7942_RS04615,0.0848961131916481
SYNPCC7942_RS09620,SYNPCC7942_RS06940,0.084889317080159
SYNPCC7942_RS02895,SYNPCC7942_RS06880,0.0848857903353622
SYNPCC7942_RS11465,SYNPCC7942_RS12500,0.0848630334744508
SYNPCC7942_RS10700,SYNPCC7942_RS02580,0.084862324728284
SYNPCC7942_RS00455,SYNPCC7942_RS13025,0.0848610113264754
SYNPCC7942_RS00455,SYNPCC7942_RS09940,0.084842021115774
SYNPCC7942_RS03325,SYNPCC7942_RS12080,0.0848392736929376
SYNPCC7942_RS03530,SYNPCC7942_RS10750,0.0848298777578878
SYNPCC7942_RS10700,SYNPCC7942_RS12070,0.0848044799280558
SYNPCC7942_RS03955,SYNPCC7942_RS12790,0.0847976448005973
SYNPCC7942_RS03440,SYNPCC7942_RS09475,0.084786359580402
SYNPCC7942_RS03160,SYNPCC7942_RS08155,0.0847722143909038
SYNPCC7942_RS00645,SYNPCC7942_RS06375,0.0847487273508422
SYNPCC7942_RS08885,SYNPCC7942_RS05125,0.0847448185924951
SYNPCC7942_RS02895,SYNPCC7942_RS02890,0.0847145611993687
SYNPCC7942_RS00645,SYNPCC7942_RS02405,0.0847141699445565
SYNPCC7942_RS10350,SYNPCC7942_RS06535,0.0846954024029884
SYNPCC7942_RS08885,SYNPCC7942_RS13020,0.0846770876676411
SYNPCC7942_RS10700,SYNPCC7942_RS01210,0.0846646543862836
SYNPCC7942_RS00765,SYNPCC7942_RS04325,0.084663617806585
SYNPCC7942_RS03160,SYNPCC7942_RS14015,0.0846604736825768
SYNPCC7942_RS09740,SYNPCC7942_RS03135,0.084659918752783
SYNPCC7942_RS03160,SYNPCC7942_RS02810,0.0846543465674179
SYNPCC7942_RS03160,SYNPCC7942_RS02730,0.084652645931757
SYNPCC7942_RS00765,SYNPCC7942_RS08750,0.0846505482765876
SYNPCC7942_RS07435,SYNPCC7942_RS12570,0.084627256246036
SYNPCC7942_RS08885,SYNPCC7942_RS06720,0.0846184651869808
SYNPCC7942_RS03465,SYNPCC7942_RS12450,0.0846053079373068
SYNPCC7942_RS09760,SYNPCC7942_RS02480,0.0845915118306285
SYNPCC7942_RS03075,SYNPCC7942_RS11675,0.0845904176255812
SYNPCC7942_RS09500,SYNPCC7942_RS00260,0.0845756180257337
SYNPCC7942_RS09065,SYNPCC7942_RS01590,0.084564671072583
SYNPCC7942_RS05640,SYNPCC7942_RS05685,0.0845281752257274
SYNPCC7942_RS02830,SYNPCC7942_RS06325,0.0845220863676804
SYNPCC7942_RS03325,SYNPCC7942_RS02760,0.0845112605610491
SYNPCC7942_RS00560,SYNPCC7942_RS01005,0.0845109946212858
SYNPCC7942_RS02830,SYNPCC7942_RS01560,0.0844908775323013
SYNPCC7942_RS03160,SYNPCC7942_RS10080,0.0844789548075267
SYNPCC7942_RS05870,SYNPCC7942_RS06690,0.0844758106462719
SYNPCC7942_RS09740,SYNPCC7942_RS04240,0.0844329880329234
SYNPCC7942_RS00645,SYNPCC7942_RS08210,0.0844327508612587
SYNPCC7942_RS13165,SYNPCC7942_RS01915,0.0844206936365079
SYNPCC7942_RS00455,SYNPCC7942_RS10355,0.084407147279405
SYNPCC7942_RS09740,SYNPCC7942_RS11740,0.0844035172821098
SYNPCC7942_RS05870,SYNPCC7942_RS12815,0.0843748086295054
SYNPCC7942_RS09740,SYNPCC7942_RS10765,0.0843611220605051
SYNPCC7942_RS03465,SYNPCC7942_RS05620,0.0843595022173619
SYNPCC7942_RS03160,SYNPCC7942_RS10145,0.084348907258031
SYNPCC7942_RS10700,SYNPCC7942_RS01520,0.0843478121704663
SYNPCC7942_RS03465,SYNPCC7942_RS10670,0.0843391180125293
SYNPCC7942_RS09760,SYNPCC7942_RS13820,0.0843278959415537
SYNPCC7942_RS08885,SYNPCC7942_RS10095,0.0843108740146353
SYNPCC7942_RS05640,SYNPCC7942_RS05005,0.0843030828757795
SYNPCC7942_RS00645,SYNPCC7942_RS11775,0.0842928085142013
SYNPCC7942_RS09435,SYNPCC7942_RS03270,0.0842832808402005
SYNPCC7942_RS09065,SYNPCC7942_RS07470,0.0842410109379835
SYNPCC7942_RS07435,SYNPCC7942_RS03635,0.084233690011923
SYNPCC7942_RS07435,SYNPCC7942_RS03155,0.0842323926257837
SYNPCC7942_RS07435,SYNPCC7942_RS06580,0.0842214682687905
SYNPCC7942_RS07435,SYNPCC7942_RS13185,0.0842153139045594
SYNPCC7942_RS09740,SYNPCC7942_RS02965,0.0842146512019213
SYNPCC7942_RS12560,SYNPCC7942_RS07350,0.0842079122101597
SYNPCC7942_RS00455,SYNPCC7942_RS01780,0.0842042971842156
SYNPCC7942_RS07185,SYNPCC7942_RS03030,0.0841939165181775
SYNPCC7942_RS03465,SYNPCC7942_RS08340,0.0841793885144251
SYNPCC7942_RS06370,SYNPCC7942_RS06515,0.0841754323887331
SYNPCC7942_RS09065,SYNPCC7942_RS13905,0.0841699114364547
SYNPCC7942_RS06370,SYNPCC7942_RS01795,0.0841507421423229
SYNPCC7942_RS12560,SYNPCC7942_RS01565,0.0841266408984246
SYNPCC7942_RS11970,SYNPCC7942_RS09840,0.0841154832263922
SYNPCC7942_RS05870,SYNPCC7942_RS06460,0.0841043091541908
SYNPCC7942_RS07435,SYNPCC7942_RS04290,0.084100862944905
SYNPCC7942_RS09740,SYNPCC7942_RS08960,0.0840813902132749
SYNPCC7942_RS10040,SYNPCC7942_RS08820,0.0840670469109794
SYNPCC7942_RS09740,SYNPCC7942_RS02930,0.0840444321164656
SYNPCC7942_RS12275,SYNPCC7942_RS04805,0.0840431790805168
SYNPCC7942_RS03160,SYNPCC7942_RS03560,0.0840414942898329
SYNPCC7942_RS09160,SYNPCC7942_RS07410,0.0840355576351925
SYNPCC7942_RS03440,SYNPCC7942_RS09915,0.0840237301930912
SYNPCC7942_RS09620,SYNPCC7942_RS10585,0.0840213122044682
SYNPCC7942_RS10700,SYNPCC7942_RS02950,0.0840178806829032
SYNPCC7942_RS10700,SYNPCC7942_RS06715,0.0840169377922142
SYNPCC7942_RS03160,SYNPCC7942_RS12570,0.0839869104623628
SYNPCC7942_RS05870,SYNPCC7942_RS12475,0.0839796667993336
SYNPCC7942_RS08820,SYNPCC7942_RS00390,0.0839738059097394
SYNPCC7942_RS10165,SYNPCC7942_RS06670,0.0839665612625185
SYNPCC7942_RS07720,SYNPCC7942_RS11120,0.0839416795644178
SYNPCC7942_RS07185,SYNPCC7942_RS04250,0.0839409827480238
SYNPCC7942_RS00645,SYNPCC7942_RS06395,0.083937825066134
SYNPCC7942_RS00765,SYNPCC7942_RS07755,0.083931802851656
SYNPCC7942_RS05070,SYNPCC7942_RS11910,0.0839275965838312
SYNPCC7942_RS12535,SYNPCC7942_RS09090,0.0839248763322549
SYNPCC7942_RS00645,SYNPCC7942_RS05110,0.0839144873463783
SYNPCC7942_RS07435,SYNPCC7942_RS04615,0.0839138091294549
SYNPCC7942_RS00645,SYNPCC7942_RS06780,0.0839091477649086
SYNPCC7942_RS02830,SYNPCC7942_RS01885,0.0839087587261689
SYNPCC7942_RS00645,SYNPCC7942_RS08735,0.0839028071598788
SYNPCC7942_RS08780,SYNPCC7942_RS13800,0.0838983996450679
SYNPCC7942_RS09160,SYNPCC7942_RS10040,0.0838971027560369
SYNPCC7942_RS07185,SYNPCC7942_RS06520,0.0838969781481841
SYNPCC7942_RS00645,SYNPCC7942_RS11985,0.0838910924089375
SYNPCC7942_RS03465,SYNPCC7942_RS03320,0.0838904267539732
SYNPCC7942_RS05870,SYNPCC7942_RS13035,0.0838857835513508
SYNPCC7942_RS03260,SYNPCC7942_RS13015,0.0838849677450456
SYNPCC7942_RS07435,SYNPCC7942_RS05140,0.0838775335057685
SYNPCC7942_RS05870,SYNPCC7942_RS12485,0.0838678805312678
SYNPCC7942_RS00455,SYNPCC7942_RS10325,0.0838628294377892
SYNPCC7942_RS10350,SYNPCC7942_RS12925,0.0838480066929601
SYNPCC7942_RS00455,SYNPCC7942_RS00410,0.0838299097691245
SYNPCC7942_RS12560,SYNPCC7942_RS00840,0.0838275150046964
SYNPCC7942_RS02830,SYNPCC7942_RS07690,0.0838175850853131
SYNPCC7942_RS09740,SYNPCC7942_RS00840,0.0837887604179507
SYNPCC7942_RS07185,SYNPCC7942_RS06820,0.0837786284533936
SYNPCC7942_RS03530,SYNPCC7942_RS12830,0.0837598746391603
SYNPCC7942_RS02895,SYNPCC7942_RS06870,0.0837403974056335
SYNPCC7942_RS10700,SYNPCC7942_RS05345,0.0837345028202784
SYNPCC7942_RS10700,SYNPCC7942_RS04995,0.0837282301197465
SYNPCC7942_RS09740,SYNPCC7942_RS09020,0.0837276100978351
SYNPCC7942_RS00455,SYNPCC7942_RS13120,0.083711224426265
SYNPCC7942_RS13165,SYNPCC7942_RS10560,0.083707371700681
SYNPCC7942_RS07185,SYNPCC7942_RS09220,0.0837053854158807
SYNPCC7942_RS00480,SYNPCC7942_RS00475,0.0837004130989696
SYNPCC7942_RS03325,SYNPCC7942_RS11225,0.083693102421601
SYNPCC7942_RS09740,SYNPCC7942_RS02225,0.0836915544613795
SYNPCC7942_RS11030,SYNPCC7942_RS13770,0.0836824812958835
SYNPCC7942_RS04225,SYNPCC7942_RS00520,0.0836647993934718
SYNPCC7942_RS05870,SYNPCC7942_RS02400,0.0836617172850027
SYNPCC7942_RS09740,SYNPCC7942_RS02595,0.0836503045701437
SYNPCC7942_RS13165,SYNPCC7942_RS00530,0.0836471848287335
SYNPCC7942_RS03465,SYNPCC7942_RS03305,0.0836172306899896
SYNPCC7942_RS09620,SYNPCC7942_RS12090,0.0836167420107183
SYNPCC7942_RS03160,SYNPCC7942_RS11895,0.0836051503092522
SYNPCC7942_RS00645,SYNPCC7942_RS09560,0.0835975783689803
SYNPCC7942_RS00455,SYNPCC7942_RS07115,0.0835607600785223
SYNPCC7942_RS03160,SYNPCC7942_RS10945,0.0835564808815554
SYNPCC7942_RS09740,SYNPCC7942_RS04195,0.0835557240223993
SYNPCC7942_RS00380,SYNPCC7942_RS07995,0.0835470116410142
SYNPCC7942_RS09160,SYNPCC7942_RS06725,0.08354220649675
SYNPCC7942_RS03160,SYNPCC7942_RS01930,0.0835217567897514
SYNPCC7942_RS09435,SYNPCC7942_RS05325,0.0835032098724078
SYNPCC7942_RS08885,SYNPCC7942_RS10820,0.0835015505553732
SYNPCC7942_RS04225,SYNPCC7942_RS10795,0.0834973562977577
SYNPCC7942_RS00645,SYNPCC7942_RS10445,0.0834946144881327
SYNPCC7942_RS07185,SYNPCC7942_RS09985,0.0834908489643065
SYNPCC7942_RS07435,SYNPCC7942_RS01380,0.0834869998499277
SYNPCC7942_RS00645,SYNPCC7942_RS12180,0.0834776968588051
SYNPCC7942_RS00645,SYNPCC7942_RS04505,0.0834654293861121
SYNPCC7942_RS13165,SYNPCC7942_RS07515,0.0834620032881931
SYNPCC7942_RS00380,SYNPCC7942_RS04290,0.083458202465519
SYNPCC7942_RS00455,SYNPCC7942_RS02405,0.0834501828444812
SYNPCC7942_RS10040,SYNPCC7942_RS08535,0.0834436766509437
SYNPCC7942_RS02830,SYNPCC7942_RS05970,0.0834342414981253
SYNPCC7942_RS10700,SYNPCC7942_RS06885,0.0834222627843949
SYNPCC7942_RS03465,SYNPCC7942_RS01705,0.0833911511316934
SYNPCC7942_RS10700,SYNPCC7942_RS08140,0.0833767272083721
SYNPCC7942_RS11465,SYNPCC7942_RS01325,0.0833706082931085
SYNPCC7942_RS00455,SYNPCC7942_RS00720,0.0833658773554628
SYNPCC7942_RS03160,SYNPCC7942_RS12075,0.0833601653131863
SYNPCC7942_RS00645,SYNPCC7942_RS02735,0.0833557702265622
SYNPCC7942_RS05870,SYNPCC7942_RS00040,0.0833528294555862
SYNPCC7942_RS06370,SYNPCC7942_RS05500,0.083340455896697
SYNPCC7942_RS03160,SYNPCC7942_RS00325,0.0833345766069579
SYNPCC7942_RS07435,SYNPCC7942_RS11420,0.0833218896046171
SYNPCC7942_RS08885,SYNPCC7942_RS02270,0.0833182163532586
SYNPCC7942_RS12560,SYNPCC7942_RS02060,0.0833154541343867
SYNPCC7942_RS07185,SYNPCC7942_RS02010,0.083301194110476
SYNPCC7942_RS10340,SYNPCC7942_RS07740,0.0832734190837342
SYNPCC7942_RS07185,SYNPCC7942_RS06940,0.0832640980597591
SYNPCC7942_RS07185,SYNPCC7942_RS10915,0.083253656879067
SYNPCC7942_RS05870,SYNPCC7942_RS07445,0.0832449758798072
SYNPCC7942_RS03260,SYNPCC7942_RS10750,0.0832176908818253
SYNPCC7942_RS08885,SYNPCC7942_RS05915,0.0832134289914832
SYNPCC7942_RS07435,SYNPCC7942_RS00005,0.0832056839981559
SYNPCC7942_RS03465,SYNPCC7942_RS11425,0.0831962917312013
SYNPCC7942_RS09740,SYNPCC7942_RS00325,0.0831867549499573
SYNPCC7942_RS03955,SYNPCC7942_RS02825,0.0831824536664218
SYNPCC7942_RS09435,SYNPCC7942_RS02695,0.0831718711842644
SYNPCC7942_RS11970,SYNPCC7942_RS08200,0.0831665371388439
SYNPCC7942_RS09620,SYNPCC7942_RS10240,0.0831614498138718
SYNPCC7942_RS09160,SYNPCC7942_RS12010,0.0831612910977456
SYNPCC7942_RS07805,SYNPCC7942_RS08635,0.0831611817040193
SYNPCC7942_RS07185,SYNPCC7942_RS09525,0.0831545767191369
SYNPCC7942_RS02895,SYNPCC7942_RS01665,0.0831333634614497
SYNPCC7942_RS00480,SYNPCC7942_RS01605,0.0831153030725926
SYNPCC7942_RS02895,SYNPCC7942_RS06760,0.0831064507837474
SYNPCC7942_RS05230,SYNPCC7942_RS09435,0.0831037252953192
SYNPCC7942_RS06700,SYNPCC7942_RS07535,0.083092653842667
SYNPCC7942_RS02895,SYNPCC7942_RS01620,0.0830863420752148
SYNPCC7942_RS11030,SYNPCC7942_RS07870,0.0830807567299421
SYNPCC7942_RS05070,SYNPCC7942_RS04705,0.0830572699855297
SYNPCC7942_RS12560,SYNPCC7942_RS11945,0.083054867759282
SYNPCC7942_RS07185,SYNPCC7942_RS02200,0.0830332804508111
SYNPCC7942_RS00645,SYNPCC7942_RS07800,0.0830074857948393
SYNPCC7942_RS07185,SYNPCC7942_RS08385,0.0830062577707224
SYNPCC7942_RS02895,SYNPCC7942_RS06335,0.0830006029808353
SYNPCC7942_RS10700,SYNPCC7942_RS06955,0.0829921261044774
SYNPCC7942_RS09740,SYNPCC7942_RS12565,0.0829916499128004
SYNPCC7942_RS00645,SYNPCC7942_RS08865,0.0829748155579422
SYNPCC7942_RS11030,SYNPCC7942_RS07475,0.0829714788677682
SYNPCC7942_RS07435,SYNPCC7942_RS06490,0.0829689570776252
SYNPCC7942_RS00645,SYNPCC7942_RS04450,0.082964643728333
SYNPCC7942_RS02895,SYNPCC7942_RS10395,0.0829607327456671
SYNPCC7942_RS06370,SYNPCC7942_RS09440,0.0829492702865985
SYNPCC7942_RS00645,SYNPCC7942_RS06150,0.0829395692045744
SYNPCC7942_RS12560,SYNPCC7942_RS08700,0.0829382583289874
SYNPCC7942_RS00380,SYNPCC7942_RS01445,0.082932630322337
SYNPCC7942_RS00560,SYNPCC7942_RS08545,0.0829207688302209
SYNPCC7942_RS02830,SYNPCC7942_RS01995,0.0829199674756047
SYNPCC7942_RS07435,SYNPCC7942_RS08455,0.0829161760673141
SYNPCC7942_RS03075,SYNPCC7942_RS12970,0.0829134918788646
SYNPCC7942_RS10700,SYNPCC7942_RS06435,0.0829134229812653
SYNPCC7942_RS10260,SYNPCC7942_RS11635,0.0829091512685826
SYNPCC7942_RS10700,SYNPCC7942_RS10525,0.0829089932196672
SYNPCC7942_RS03160,SYNPCC7942_RS02420,0.0829077084915123
SYNPCC7942_RS03465,SYNPCC7942_RS03605,0.0829042040964805
SYNPCC7942_RS10700,SYNPCC7942_RS07655,0.08287277690738
SYNPCC7942_RS00645,SYNPCC7942_RS02940,0.0828667002174649
SYNPCC7942_RS09740,SYNPCC7942_RS09940,0.0828656328311617
SYNPCC7942_RS00765,SYNPCC7942_RS05250,0.0828587776469749
SYNPCC7942_RS10700,SYNPCC7942_RS06615,0.0828467386149824
SYNPCC7942_RS04225,SYNPCC7942_RS13165,0.082831227004193
SYNPCC7942_RS04835,SYNPCC7942_RS02520,0.082822102156898
SYNPCC7942_RS08885,SYNPCC7942_RS05590,0.0828202334723782
SYNPCC7942_RS03160,SYNPCC7942_RS10710,0.0828188083243556
SYNPCC7942_RS12560,SYNPCC7942_RS00835,0.082816346181613
SYNPCC7942_RS00455,SYNPCC7942_RS10715,0.0828138985748627
SYNPCC7942_RS06370,SYNPCC7942_RS06015,0.0828120739333696
SYNPCC7942_RS00455,SYNPCC7942_RS05850,0.0828064916738774
SYNPCC7942_RS12285,SYNPCC7942_RS05600,0.08279418298998
SYNPCC7942_RS08645,SYNPCC7942_RS07170,0.0827811241679658
SYNPCC7942_RS07435,SYNPCC7942_RS07240,0.0827766528798902
SYNPCC7942_RS05870,SYNPCC7942_RS04545,0.0827510704947245
SYNPCC7942_RS00645,SYNPCC7942_RS06710,0.0827501819272194
SYNPCC7942_RS07185,SYNPCC7942_RS05490,0.0827496594553154
SYNPCC7942_RS00380,SYNPCC7942_RS04760,0.0826971130153873
SYNPCC7942_RS03160,SYNPCC7942_RS12955,0.0826780598894023
SYNPCC7942_RS12560,SYNPCC7942_RS10250,0.0826686285630359
SYNPCC7942_RS12560,SYNPCC7942_RS00740,0.0826566485723416
SYNPCC7942_RS13165,SYNPCC7942_RS09505,0.0826443051481156
SYNPCC7942_RS09740,SYNPCC7942_RS07680,0.0826202969177913
SYNPCC7942_RS03160,SYNPCC7942_RS09450,0.0825837621057933
SYNPCC7942_RS00645,SYNPCC7942_RS01450,0.0825698644812904
SYNPCC7942_RS07185,SYNPCC7942_RS07430,0.0825512191399794
SYNPCC7942_RS07185,SYNPCC7942_RS10890,0.0825356545710172
SYNPCC7942_RS00645,SYNPCC7942_RS00005,0.0825298962599497
SYNPCC7942_RS10700,SYNPCC7942_RS01825,0.082515983129821
SYNPCC7942_RS05870,SYNPCC7942_RS13160,0.0825124552358329
SYNPCC7942_RS00455,SYNPCC7942_RS12640,0.0825086359429014
SYNPCC7942_RS00645,SYNPCC7942_RS08055,0.0825073298612771
SYNPCC7942_RS10165,SYNPCC7942_RS10645,0.0825064421825533
SYNPCC7942_RS10700,SYNPCC7942_RS04475,0.0825001643601499
SYNPCC7942_RS00645,SYNPCC7942_RS01695,0.0824944021237295
SYNPCC7942_RS10170,SYNPCC7942_RS07905,0.082483340411295
SYNPCC7942_RS03160,SYNPCC7942_RS08130,0.0824681416021952
SYNPCC7942_RS09740,SYNPCC7942_RS08545,0.082467751077811
SYNPCC7942_RS09380,SYNPCC7942_RS01005,0.0824612543872796
SYNPCC7942_RS00380,SYNPCC7942_RS10000,0.0824596463439071
SYNPCC7942_RS12560,SYNPCC7942_RS03525,0.0824506861003578
SYNPCC7942_RS05870,SYNPCC7942_RS12335,0.0824504125661686
SYNPCC7942_RS08780,SYNPCC7942_RS05520,0.0824138622086999
SYNPCC7942_RS10700,SYNPCC7942_RS07575,0.0824017749148451
SYNPCC7942_RS03160,SYNPCC7942_RS03060,0.0824005520227244
SYNPCC7942_RS07435,SYNPCC7942_RS13615,0.0823825376025139
SYNPCC7942_RS00380,SYNPCC7942_RS00965,0.0823721575271167
SYNPCC7942_RS07435,SYNPCC7942_RS03505,0.0823717444609716
SYNPCC7942_RS10700,SYNPCC7942_RS12085,0.0823668039562148
SYNPCC7942_RS12275,SYNPCC7942_RS09040,0.0823588262294292
SYNPCC7942_RS03325,SYNPCC7942_RS11500,0.0823580603457582
SYNPCC7942_RS02830,SYNPCC7942_RS01420,0.0823432424869985
SYNPCC7942_RS05640,SYNPCC7942_RS08595,0.0823296896662702
SYNPCC7942_RS09380,SYNPCC7942_RS00510,0.0823059299790781
SYNPCC7942_RS05870,SYNPCC7942_RS03455,0.0822899362049895
SYNPCC7942_RS09620,SYNPCC7942_RS07185,0.082284469213153
SYNPCC7942_RS03160,SYNPCC7942_RS00965,0.0822833347004407
SYNPCC7942_RS10700,SYNPCC7942_RS09850,0.0822755598702318
SYNPCC7942_RS07185,SYNPCC7942_RS05360,0.0822594769416382
SYNPCC7942_RS10700,SYNPCC7942_RS09225,0.0822591364829274
SYNPCC7942_RS12275,SYNPCC7942_RS04845,0.0822583234978619
SYNPCC7942_RS09740,SYNPCC7942_RS13235,0.0822553000566378
SYNPCC7942_RS03955,SYNPCC7942_RS02085,0.0822465789180031
SYNPCC7942_RS09740,SYNPCC7942_RS07455,0.0822264671310524
SYNPCC7942_RS10700,SYNPCC7942_RS01070,0.0822240384025593
SYNPCC7942_RS07435,SYNPCC7942_RS05815,0.0822141396137359
SYNPCC7942_RS03160,SYNPCC7942_RS01985,0.0821967214838981
SYNPCC7942_RS10700,SYNPCC7942_RS08745,0.0821944664823133
SYNPCC7942_RS13165,SYNPCC7942_RS00525,0.082192767004891
SYNPCC7942_RS07435,SYNPCC7942_RS11660,0.082190345130262
SYNPCC7942_RS10700,SYNPCC7942_RS02000,0.0821841002536122
SYNPCC7942_RS09435,SYNPCC7942_RS10915,0.0821825209236614
SYNPCC7942_RS03160,SYNPCC7942_RS08725,0.082168498763003
SYNPCC7942_RS12275,SYNPCC7942_RS10035,0.082167190787682
SYNPCC7942_RS09740,SYNPCC7942_RS10565,0.0821662553589659
SYNPCC7942_RS00645,SYNPCC7942_RS10310,0.0821628897117064
SYNPCC7942_RS00455,SYNPCC7942_RS01505,0.0821359598008725
SYNPCC7942_RS09740,SYNPCC7942_RS07670,0.082135422469108
SYNPCC7942_RS08580,SYNPCC7942_RS08560,0.0821227927315734
SYNPCC7942_RS10040,SYNPCC7942_RS09140,0.0821151170409573
SYNPCC7942_RS10700,SYNPCC7942_RS08120,0.082109116892706
SYNPCC7942_RS00455,SYNPCC7942_RS06490,0.0820914391487943
SYNPCC7942_RS09435,SYNPCC7942_RS06850,0.082091166345777
SYNPCC7942_RS10350,SYNPCC7942_RS12950,0.0820888909894714
SYNPCC7942_RS09500,SYNPCC7942_RS00265,0.0820674358493475
SYNPCC7942_RS03160,SYNPCC7942_RS11000,0.0820585237409476
SYNPCC7942_RS09065,SYNPCC7942_RS10555,0.0820561749219712
SYNPCC7942_RS07805,SYNPCC7942_RS00010,0.0820344583804471
SYNPCC7942_RS09065,SYNPCC7942_RS05340,0.0820273422749815
SYNPCC7942_RS09740,SYNPCC7942_RS00355,0.0820135752544154
SYNPCC7942_RS03160,SYNPCC7942_RS11665,0.0820090643894593
SYNPCC7942_RS13165,SYNPCC7942_RS07980,0.0820021128845457
SYNPCC7942_RS00455,SYNPCC7942_RS03110,0.0819945416148382
SYNPCC7942_RS07185,SYNPCC7942_RS01345,0.0819936692292363
SYNPCC7942_RS09065,SYNPCC7942_RS11460,0.081988601052832
SYNPCC7942_RS00645,SYNPCC7942_RS06905,0.0819831353137462
SYNPCC7942_RS03465,SYNPCC7942_RS02155,0.0819717718225281
SYNPCC7942_RS03160,SYNPCC7942_RS10835,0.0819690924705887
SYNPCC7942_RS03955,SYNPCC7942_RS07515,0.0819612550109709
SYNPCC7942_RS05230,SYNPCC7942_RS06500,0.0819522853406738
SYNPCC7942_RS03440,SYNPCC7942_RS12415,0.0819491019478375
SYNPCC7942_RS10700,SYNPCC7942_RS04775,0.0819436752722002
SYNPCC7942_RS09500,SYNPCC7942_RS02705,0.0819217508300392
SYNPCC7942_RS10700,SYNPCC7942_RS06295,0.0818579955336416
SYNPCC7942_RS05870,SYNPCC7942_RS08360,0.0818540748363795
SYNPCC7942_RS03160,SYNPCC7942_RS12045,0.0818500517497734
SYNPCC7942_RS02830,SYNPCC7942_RS10545,0.0818468627718417
SYNPCC7942_RS03160,SYNPCC7942_RS02640,0.0818457670709568
SYNPCC7942_RS07185,SYNPCC7942_RS00535,0.0818431554509848
SYNPCC7942_RS05640,SYNPCC7942_RS02870,0.0818427410689483
SYNPCC7942_RS10700,SYNPCC7942_RS11875,0.0818354819187492
SYNPCC7942_RS09740,SYNPCC7942_RS06070,0.0818164280432958
SYNPCC7942_RS05870,SYNPCC7942_RS04400,0.0818069223690247
SYNPCC7942_RS00645,SYNPCC7942_RS09780,0.0818039616918896
SYNPCC7942_RS03325,SYNPCC7942_RS11895,0.0818003369674613
SYNPCC7942_RS00560,SYNPCC7942_RS13215,0.0817951500489988
SYNPCC7942_RS03440,SYNPCC7942_RS06450,0.081787900553864
SYNPCC7942_RS10700,SYNPCC7942_RS00375,0.0817834606512195
SYNPCC7942_RS09065,SYNPCC7942_RS01245,0.0817657142268201
SYNPCC7942_RS08405,SYNPCC7942_RS10220,0.0817616520187986
SYNPCC7942_RS03325,SYNPCC7942_RS02420,0.0817508172981449
SYNPCC7942_RS05870,SYNPCC7942_RS03170,0.0817362055343566
SYNPCC7942_RS05870,SYNPCC7942_RS08500,0.0817308200382541
SYNPCC7942_RS00645,SYNPCC7942_RS06135,0.08172978890431
SYNPCC7942_RS00645,SYNPCC7942_RS06015,0.0817285140886278
SYNPCC7942_RS00455,SYNPCC7942_RS04995,0.0817166438931304
SYNPCC7942_RS07185,SYNPCC7942_RS06075,0.0817152027491211
SYNPCC7942_RS06370,SYNPCC7942_RS13120,0.0817101609622368
SYNPCC7942_RS03160,SYNPCC7942_RS10320,0.0817076904757402
SYNPCC7942_RS07185,SYNPCC7942_RS09900,0.0816812892365573
SYNPCC7942_RS09380,SYNPCC7942_RS03305,0.0816653818191217
SYNPCC7942_RS09380,SYNPCC7942_RS03995,0.0816563782544711
SYNPCC7942_RS02895,SYNPCC7942_RS01500,0.0816440700064478
SYNPCC7942_RS05870,SYNPCC7942_RS13215,0.0816318902252868
SYNPCC7942_RS10700,SYNPCC7942_RS08265,0.081625450460032
SYNPCC7942_RS10700,SYNPCC7942_RS06270,0.0816161245581155
SYNPCC7942_RS12560,SYNPCC7942_RS12825,0.0815986035002613
SYNPCC7942_RS03160,SYNPCC7942_RS10510,0.0815962025418902
SYNPCC7942_RS03440,SYNPCC7942_RS04600,0.0815945454004883
SYNPCC7942_RS03160,SYNPCC7942_RS05480,0.0815924415570078
SYNPCC7942_RS10700,SYNPCC7942_RS11690,0.0815905303240793
SYNPCC7942_RS05870,SYNPCC7942_RS09055,0.0815806727338423
SYNPCC7942_RS08850,SYNPCC7942_RS11270,0.0815761180165525
SYNPCC7942_RS12285,SYNPCC7942_RS00565,0.0815731653522105
SYNPCC7942_RS00455,SYNPCC7942_RS04390,0.0815730703778053
SYNPCC7942_RS10350,SYNPCC7942_RS10185,0.0815572249891009
SYNPCC7942_RS06370,SYNPCC7942_RS00405,0.0815346142381085
SYNPCC7942_RS08885,SYNPCC7942_RS06400,0.0814948684238294
SYNPCC7942_RS07435,SYNPCC7942_RS00580,0.0814841967528886
SYNPCC7942_RS00455,SYNPCC7942_RS12655,0.081475724314342
SYNPCC7942_RS03075,SYNPCC7942_RS02905,0.0814517679383243
SYNPCC7942_RS10340,SYNPCC7942_RS04500,0.0814226088851012
SYNPCC7942_RS10700,SYNPCC7942_RS02640,0.0814225579935498
SYNPCC7942_RS12560,SYNPCC7942_RS10530,0.0814146340296476
SYNPCC7942_RS03440,SYNPCC7942_RS08850,0.0814088301294354
SYNPCC7942_RS08645,SYNPCC7942_RS05010,0.0813969791996003
SYNPCC7942_RS10700,SYNPCC7942_RS05870,0.0813950397202474
SYNPCC7942_RS09380,SYNPCC7942_RS12115,0.0813685093142947
SYNPCC7942_RS12560,SYNPCC7942_RS05530,0.0813676383611742
SYNPCC7942_RS05870,SYNPCC7942_RS11345,0.0813631646456272
SYNPCC7942_RS10700,SYNPCC7942_RS03505,0.0813506286579813
SYNPCC7942_RS05870,SYNPCC7942_RS08860,0.0813457235697187
SYNPCC7942_RS09760,SYNPCC7942_RS11375,0.0813331438425757
SYNPCC7942_RS09740,SYNPCC7942_RS10745,0.0813283738876224
SYNPCC7942_RS02830,SYNPCC7942_RS09890,0.0813272700610564
SYNPCC7942_RS05870,SYNPCC7942_RS04290,0.0813130992254098
SYNPCC7942_RS07185,SYNPCC7942_RS06605,0.081313002749776
SYNPCC7942_RS03160,SYNPCC7942_RS03635,0.0813100777482959
SYNPCC7942_RS10340,SYNPCC7942_RS00070,0.0813027356364022
SYNPCC7942_RS09160,SYNPCC7942_RS02665,0.0812938992959326
SYNPCC7942_RS09740,SYNPCC7942_RS03340,0.0812848114685454
SYNPCC7942_RS00455,SYNPCC7942_RS10980,0.0812754578953766
SYNPCC7942_RS00645,SYNPCC7942_RS12385,0.0812470019189963
SYNPCC7942_RS00455,SYNPCC7942_RS05980,0.0812369886557941
SYNPCC7942_RS05640,SYNPCC7942_RS07705,0.0812346167259686
SYNPCC7942_RS12275,SYNPCC7942_RS10585,0.0812338076339072
SYNPCC7942_RS11465,SYNPCC7942_RS09955,0.081233231899822
SYNPCC7942_RS07435,SYNPCC7942_RS06205,0.0812242683375526
SYNPCC7942_RS00645,SYNPCC7942_RS01780,0.081219088484209
SYNPCC7942_RS09380,SYNPCC7942_RS01885,0.0812048748686954
SYNPCC7942_RS00560,SYNPCC7942_RS14055,0.0811855447171018
SYNPCC7942_RS03160,SYNPCC7942_RS03125,0.0811854336067182
SYNPCC7942_RS03530,SYNPCC7942_RS14050,0.0811802570779119
SYNPCC7942_RS03440,SYNPCC7942_RS08830,0.0811724139159996
SYNPCC7942_RS10700,SYNPCC7942_RS07005,0.0811615596527235
SYNPCC7942_RS07185,SYNPCC7942_RS02660,0.0811578040520669
SYNPCC7942_RS03465,SYNPCC7942_RS07400,0.0811519533727169
SYNPCC7942_RS05870,SYNPCC7942_RS12085,0.0811223200748465
SYNPCC7942_RS09740,SYNPCC7942_RS09690,0.0811213816493296
SYNPCC7942_RS10700,SYNPCC7942_RS02775,0.081120295621939
SYNPCC7942_RS10700,SYNPCC7942_RS06145,0.0811156888908226
SYNPCC7942_RS03955,SYNPCC7942_RS00250,0.0811148137619032
SYNPCC7942_RS08885,SYNPCC7942_RS08730,0.0811120233867823
SYNPCC7942_RS00560,SYNPCC7942_RS05710,0.0810966712501744
SYNPCC7942_RS03075,SYNPCC7942_RS08470,0.0810964836503694
SYNPCC7942_RS09620,SYNPCC7942_RS05825,0.0810867880826679
SYNPCC7942_RS04225,SYNPCC7942_RS12250,0.081050843364988
SYNPCC7942_RS02895,SYNPCC7942_RS10030,0.0810500990333296
SYNPCC7942_RS00645,SYNPCC7942_RS09765,0.0810241224325843
SYNPCC7942_RS03160,SYNPCC7942_RS02645,0.0810114076240813
SYNPCC7942_RS09065,SYNPCC7942_RS07265,0.0810112333715779
SYNPCC7942_RS07185,SYNPCC7942_RS06825,0.0809979858695958
SYNPCC7942_RS03955,SYNPCC7942_RS07155,0.0809674879324003
SYNPCC7942_RS10700,SYNPCC7942_RS05350,0.0809556104864861
SYNPCC7942_RS00455,SYNPCC7942_RS12570,0.0809519710124253
SYNPCC7942_RS03160,SYNPCC7942_RS08145,0.0809513466165339
SYNPCC7942_RS09160,SYNPCC7942_RS00550,0.080943954202437
SYNPCC7942_RS07185,SYNPCC7942_RS10210,0.0809411364139309
SYNPCC7942_RS07805,SYNPCC7942_RS06625,0.0809301146742746
SYNPCC7942_RS03440,SYNPCC7942_RS04985,0.0809277515601059
SYNPCC7942_RS03325,SYNPCC7942_RS08705,0.0809234620843354
SYNPCC7942_RS10700,SYNPCC7942_RS02550,0.0809156132624435
SYNPCC7942_RS00645,SYNPCC7942_RS07275,0.0809051385615162
SYNPCC7942_RS07435,SYNPCC7942_RS01780,0.0809051067475928
SYNPCC7942_RS03325,SYNPCC7942_RS00355,0.0809032085575345
SYNPCC7942_RS07435,SYNPCC7942_RS02775,0.0809023068642598
SYNPCC7942_RS10700,SYNPCC7942_RS08895,0.0808924042727696
SYNPCC7942_RS07435,SYNPCC7942_RS02720,0.0808818669666181
SYNPCC7942_RS10340,SYNPCC7942_RS07840,0.0808795868891747
SYNPCC7942_RS03160,SYNPCC7942_RS10740,0.0808737394338283
SYNPCC7942_RS03160,SYNPCC7942_RS10210,0.0808643720967398
SYNPCC7942_RS00455,SYNPCC7942_RS00985,0.0808559269849007
SYNPCC7942_RS03160,SYNPCC7942_RS06410,0.0808414060732587
SYNPCC7942_RS00380,SYNPCC7942_RS00045,0.0808321948834803
SYNPCC7942_RS03160,SYNPCC7942_RS01155,0.0808306436371155
SYNPCC7942_RS05640,SYNPCC7942_RS12760,0.0808297608936829
SYNPCC7942_RS10170,SYNPCC7942_RS03360,0.0808111875650927
SYNPCC7942_RS10700,SYNPCC7942_RS06225,0.0807953148267219
SYNPCC7942_RS09380,SYNPCC7942_RS10155,0.0807918850528779
SYNPCC7942_RS03325,SYNPCC7942_RS08360,0.0807914855497784
SYNPCC7942_RS03160,SYNPCC7942_RS13175,0.0807851587446709
SYNPCC7942_RS09620,SYNPCC7942_RS10770,0.0807851497314227
SYNPCC7942_RS09740,SYNPCC7942_RS06915,0.0807621658304545
SYNPCC7942_RS09435,SYNPCC7942_RS02185,0.0807614651828196
SYNPCC7942_RS09740,SYNPCC7942_RS00150,0.0807611681224267
SYNPCC7942_RS09740,SYNPCC7942_RS08140,0.0807526635220133
SYNPCC7942_RS07435,SYNPCC7942_RS13905,0.0807303119249517
SYNPCC7942_RS10700,SYNPCC7942_RS12485,0.0807280854711117
SYNPCC7942_RS03465,SYNPCC7942_RS02735,0.0807232637532839
SYNPCC7942_RS10700,SYNPCC7942_RS03145,0.0807074930645912
SYNPCC7942_RS08885,SYNPCC7942_RS13935,0.0806955261407723
SYNPCC7942_RS00380,SYNPCC7942_RS10835,0.0806910141623093
SYNPCC7942_RS09435,SYNPCC7942_RS04210,0.0806681613302308
SYNPCC7942_RS09435,SYNPCC7942_RS12145,0.0806507103978978
SYNPCC7942_RS12275,SYNPCC7942_RS03225,0.0806480317285925
SYNPCC7942_RS00645,SYNPCC7942_RS14105,0.0806422151038033
SYNPCC7942_RS09740,SYNPCC7942_RS06780,0.0806383931432644
SYNPCC7942_RS00645,SYNPCC7942_RS00455,0.080619949199929
SYNPCC7942_RS03160,SYNPCC7942_RS08545,0.0806171446187334
SYNPCC7942_RS07435,SYNPCC7942_RS02465,0.0806122925991868
SYNPCC7942_RS10700,SYNPCC7942_RS06915,0.0806004146467053
SYNPCC7942_RS06370,SYNPCC7942_RS00050,0.080588784671265
SYNPCC7942_RS03260,SYNPCC7942_RS04560,0.0805743716060406
SYNPCC7942_RS05070,SYNPCC7942_RS00520,0.0805717574811053
SYNPCC7942_RS03160,SYNPCC7942_RS09805,0.0805689004688215
SYNPCC7942_RS08820,SYNPCC7942_RS05050,0.0805630459903935
SYNPCC7942_RS03160,SYNPCC7942_RS04440,0.0805562873887565
SYNPCC7942_RS09160,SYNPCC7942_RS05050,0.0805501751685093
SYNPCC7942_RS00455,SYNPCC7942_RS01825,0.0805407189024481
SYNPCC7942_RS07435,SYNPCC7942_RS01485,0.0805400914402246
SYNPCC7942_RS07435,SYNPCC7942_RS03950,0.0805385644086247
SYNPCC7942_RS09740,SYNPCC7942_RS06480,0.0805384830794172
SYNPCC7942_RS07435,SYNPCC7942_RS07315,0.0805354578200275
SYNPCC7942_RS11465,SYNPCC7942_RS02720,0.0805313441824612
SYNPCC7942_RS05870,SYNPCC7942_RS09765,0.0805307423600874
SYNPCC7942_RS10700,SYNPCC7942_RS00040,0.0805072198203402
SYNPCC7942_RS10165,SYNPCC7942_RS03875,0.0804934402284919
SYNPCC7942_RS05870,SYNPCC7942_RS00800,0.0804922708734056
SYNPCC7942_RS07805,SYNPCC7942_RS10040,0.0804767796751546
SYNPCC7942_RS09740,SYNPCC7942_RS11330,0.080470557970878
SYNPCC7942_RS04225,SYNPCC7942_RS12835,0.0804627247913228
SYNPCC7942_RS04225,SYNPCC7942_RS04220,0.0804496645428184
SYNPCC7942_RS07435,SYNPCC7942_RS10420,0.080448591861631
SYNPCC7942_RS03160,SYNPCC7942_RS05835,0.0804474444436115
SYNPCC7942_RS05230,SYNPCC7942_RS09870,0.0804443607939874
SYNPCC7942_RS09435,SYNPCC7942_RS08135,0.0804439907485503
SYNPCC7942_RS03260,SYNPCC7942_RS05750,0.0804431427546686
SYNPCC7942_RS10700,SYNPCC7942_RS12570,0.0804413130134069
SYNPCC7942_RS07435,SYNPCC7942_RS12590,0.0804346921673872
SYNPCC7942_RS10700,SYNPCC7942_RS08160,0.0804274587058273
SYNPCC7942_RS08885,SYNPCC7942_RS00745,0.0804271619018055
SYNPCC7942_RS09620,SYNPCC7942_RS01275,0.0804165391876862
SYNPCC7942_RS03160,SYNPCC7942_RS05695,0.0804081445048592
SYNPCC7942_RS07185,SYNPCC7942_RS14195,0.0804047727238974
SYNPCC7942_RS11715,SYNPCC7942_RS07910,0.0804019384396502
SYNPCC7942_RS03160,SYNPCC7942_RS08500,0.0803944849652523
SYNPCC7942_RS12285,SYNPCC7942_RS00675,0.0803775594757538
SYNPCC7942_RS11465,SYNPCC7942_RS11715,0.0803744261154437
SYNPCC7942_RS10700,SYNPCC7942_RS00120,0.0803703159835141
SYNPCC7942_RS09160,SYNPCC7942_RS08825,0.0803680184377653
SYNPCC7942_RS10700,SYNPCC7942_RS11495,0.0803536427742206
SYNPCC7942_RS10165,SYNPCC7942_RS05985,0.0803532396086849
SYNPCC7942_RS09160,SYNPCC7942_RS10425,0.0803523331979508
SYNPCC7942_RS03325,SYNPCC7942_RS09110,0.0803415509468096
SYNPCC7942_RS03465,SYNPCC7942_RS07280,0.0803405002770177
SYNPCC7942_RS04225,SYNPCC7942_RS00190,0.0803274912401453
SYNPCC7942_RS07435,SYNPCC7942_RS06385,0.080326051593231
SYNPCC7942_RS10340,SYNPCC7942_RS01170,0.0802999461251432
SYNPCC7942_RS09500,SYNPCC7942_RS07890,0.0802933705327843
SYNPCC7942_RS07185,SYNPCC7942_RS00600,0.0802918735231082
SYNPCC7942_RS13165,SYNPCC7942_RS02090,0.0802817313095913
SYNPCC7942_RS10700,SYNPCC7942_RS06480,0.0802810420135003
SYNPCC7942_RS12560,SYNPCC7942_RS02800,0.0802708220449371
SYNPCC7942_RS00455,SYNPCC7942_RS12725,0.0802574413334685
SYNPCC7942_RS13165,SYNPCC7942_RS00315,0.080256200118538
SYNPCC7942_RS06370,SYNPCC7942_RS10105,0.0802479627207798
SYNPCC7942_RS03160,SYNPCC7942_RS00695,0.0802445607629057
SYNPCC7942_RS10700,SYNPCC7942_RS02470,0.0802282556523355
SYNPCC7942_RS10700,SYNPCC7942_RS05160,0.0801996240092406
SYNPCC7942_RS07185,SYNPCC7942_RS08670,0.0801910576449836
SYNPCC7942_RS03325,SYNPCC7942_RS07060,0.080178352491205
SYNPCC7942_RS00645,SYNPCC7942_RS01380,0.0801767055952156
SYNPCC7942_RS03160,SYNPCC7942_RS09565,0.0801621994433682
SYNPCC7942_RS02830,SYNPCC7942_RS01245,0.0801521012821642
SYNPCC7942_RS08850,SYNPCC7942_RS11295,0.0801414453591339
SYNPCC7942_RS03160,SYNPCC7942_RS00560,0.0801293864607532
SYNPCC7942_RS00380,SYNPCC7942_RS08310,0.0801292178246667
SYNPCC7942_RS03160,SYNPCC7942_RS02950,0.0801208303916663
SYNPCC7942_RS03160,SYNPCC7942_RS02410,0.0801160107086605
SYNPCC7942_RS12560,SYNPCC7942_RS11925,0.0801056341698634
SYNPCC7942_RS00645,SYNPCC7942_RS02565,0.0800941833963107
SYNPCC7942_RS03465,SYNPCC7942_RS09545,0.0800918708100738
SYNPCC7942_RS09740,SYNPCC7942_RS09480,0.0800709586446253
SYNPCC7942_RS13165,SYNPCC7942_RS02020,0.0800650434174424
SYNPCC7942_RS10700,SYNPCC7942_RS06580,0.0800649059067346
SYNPCC7942_RS09740,SYNPCC7942_RS12040,0.0800623850351638
SYNPCC7942_RS11465,SYNPCC7942_RS10045,0.0800600704676562
SYNPCC7942_RS03325,SYNPCC7942_RS08135,0.0800572873015464
SYNPCC7942_RS03530,SYNPCC7942_RS07430,0.0800484189861696
SYNPCC7942_RS09740,SYNPCC7942_RS10945,0.0800461723190125
SYNPCC7942_RS02830,SYNPCC7942_RS11525,0.0800354033663124
SYNPCC7942_RS00455,SYNPCC7942_RS11640,0.0800267603948404
SYNPCC7942_RS03465,SYNPCC7942_RS03240,0.0800243713517771
SYNPCC7942_RS03960,SYNPCC7942_RS05075,0.0800104659832263
SYNPCC7942_RS08850,SYNPCC7942_RS11290,0.0799744570363313
SYNPCC7942_RS09620,SYNPCC7942_RS05655,0.0799586097084354
SYNPCC7942_RS03465,SYNPCC7942_RS04550,0.079937048590821
SYNPCC7942_RS03075,SYNPCC7942_RS02370,0.0799252491115761
SYNPCC7942_RS03160,SYNPCC7942_RS06305,0.0799248120246251
SYNPCC7942_RS03465,SYNPCC7942_RS04140,0.0799242552952239
SYNPCC7942_RS03160,SYNPCC7942_RS08955,0.0799133932843187
SYNPCC7942_RS02830,SYNPCC7942_RS12675,0.0799116373604378
SYNPCC7942_RS05230,SYNPCC7942_RS01830,0.0799039860582666
SYNPCC7942_RS07435,SYNPCC7942_RS11605,0.07989913866736
SYNPCC7942_RS07435,SYNPCC7942_RS01680,0.0798974579785925
SYNPCC7942_RS07435,SYNPCC7942_RS12730,0.079881356580719
SYNPCC7942_RS00380,SYNPCC7942_RS03140,0.0798586184020957
SYNPCC7942_RS00645,SYNPCC7942_RS11850,0.0798482401896908
SYNPCC7942_RS03960,SYNPCC7942_RS12255,0.0798379736882076
SYNPCC7942_RS06370,SYNPCC7942_RS06555,0.0798345203106626
SYNPCC7942_RS03440,SYNPCC7942_RS00495,0.07981006769981
SYNPCC7942_RS10700,SYNPCC7942_RS02180,0.0798036394972903
SYNPCC7942_RS07435,SYNPCC7942_RS04360,0.079779404569833
SYNPCC7942_RS00455,SYNPCC7942_RS02980,0.0797707361989834
SYNPCC7942_RS00645,SYNPCC7942_RS09515,0.079769168627217
SYNPCC7942_RS09740,SYNPCC7942_RS05180,0.0797686764454599
SYNPCC7942_RS02830,SYNPCC7942_RS02510,0.0797600797565419
SYNPCC7942_RS09740,SYNPCC7942_RS12000,0.0797503950603752
SYNPCC7942_RS09380,SYNPCC7942_RS01560,0.0797346639234499
SYNPCC7942_RS03465,SYNPCC7942_RS09855,0.0797195872479034
SYNPCC7942_RS00645,SYNPCC7942_RS03495,0.0797168877184972
SYNPCC7942_RS09435,SYNPCC7942_RS05770,0.079716403434805
SYNPCC7942_RS00455,SYNPCC7942_RS01410,0.0797113801399418
SYNPCC7942_RS07435,SYNPCC7942_RS02165,0.0797047165706808
SYNPCC7942_RS10700,SYNPCC7942_RS08810,0.0796962881038232
SYNPCC7942_RS03160,SYNPCC7942_RS11525,0.0796705344360084
SYNPCC7942_RS00645,SYNPCC7942_RS03010,0.0796683815977984
SYNPCC7942_RS09760,SYNPCC7942_RS02070,0.0796634770212158
SYNPCC7942_RS05870,SYNPCC7942_RS05985,0.0796414684112685
SYNPCC7942_RS05870,SYNPCC7942_RS07645,0.0796364323770614
SYNPCC7942_RS07435,SYNPCC7942_RS01255,0.0796360724594567
SYNPCC7942_RS10700,SYNPCC7942_RS05175,0.079624253048337
SYNPCC7942_RS00455,SYNPCC7942_RS10975,0.0796177930753785
SYNPCC7942_RS09935,SYNPCC7942_RS09065,0.0796109902888095
SYNPCC7942_RS12560,SYNPCC7942_RS01640,0.0796011004843203
SYNPCC7942_RS07435,SYNPCC7942_RS08870,0.0795953344832142
SYNPCC7942_RS00645,SYNPCC7942_RS09605,0.0795834010244323
SYNPCC7942_RS03325,SYNPCC7942_RS08775,0.0795803227875542
SYNPCC7942_RS09065,SYNPCC7942_RS03990,0.079568021256873
SYNPCC7942_RS07185,SYNPCC7942_RS07180,0.0795549262670479
SYNPCC7942_RS09740,SYNPCC7942_RS04470,0.0795419320090376
SYNPCC7942_RS09740,SYNPCC7942_RS01845,0.0795119113621199
SYNPCC7942_RS03955,SYNPCC7942_RS03940,0.0795111216543719
SYNPCC7942_RS08850,SYNPCC7942_RS14020,0.0795046622026474
SYNPCC7942_RS08885,SYNPCC7942_RS00430,0.0795038923881414
SYNPCC7942_RS03160,SYNPCC7942_RS12225,0.0794892720886095
SYNPCC7942_RS00765,SYNPCC7942_RS06940,0.0794775869645991
SYNPCC7942_RS05070,SYNPCC7942_RS03585,0.0794754456076911
SYNPCC7942_RS00455,SYNPCC7942_RS13035,0.0794744125893943
SYNPCC7942_RS03160,SYNPCC7942_RS03325,0.0794643366900441
SYNPCC7942_RS03325,SYNPCC7942_RS04460,0.0794642601781793
SYNPCC7942_RS10350,SYNPCC7942_RS04255,0.0794576397760272
SYNPCC7942_RS03160,SYNPCC7942_RS07810,0.0794399770859636
SYNPCC7942_RS10700,SYNPCC7942_RS07330,0.0794388757094719
SYNPCC7942_RS00645,SYNPCC7942_RS10335,0.0794382316117974
SYNPCC7942_RS03325,SYNPCC7942_RS04475,0.079432339335768
SYNPCC7942_RS12285,SYNPCC7942_RS03335,0.0794305676521883
SYNPCC7942_RS10700,SYNPCC7942_RS02295,0.0794158974536626
SYNPCC7942_RS12560,SYNPCC7942_RS06975,0.0794135985229376
SYNPCC7942_RS08645,SYNPCC7942_RS07570,0.0794093221181135
SYNPCC7942_RS03160,SYNPCC7942_RS09185,0.0794029458773674
SYNPCC7942_RS03160,SYNPCC7942_RS04260,0.0793992282098587
SYNPCC7942_RS10700,SYNPCC7942_RS11355,0.0793956373562647
SYNPCC7942_RS09740,SYNPCC7942_RS11355,0.0793935181003047
SYNPCC7942_RS03160,SYNPCC7942_RS08860,0.0793880318975702
SYNPCC7942_RS10700,SYNPCC7942_RS04265,0.0793860850640206
SYNPCC7942_RS03325,SYNPCC7942_RS12485,0.0793831379858103
SYNPCC7942_RS09160,SYNPCC7942_RS12430,0.0793790889258874
SYNPCC7942_RS07435,SYNPCC7942_RS12585,0.0793766099214273
SYNPCC7942_RS00455,SYNPCC7942_RS06955,0.0793671808304539
SYNPCC7942_RS00645,SYNPCC7942_RS10025,0.0793534167043881
SYNPCC7942_RS05870,SYNPCC7942_RS04460,0.0793482087134194
SYNPCC7942_RS07435,SYNPCC7942_RS04555,0.0793437179512544
SYNPCC7942_RS12560,SYNPCC7942_RS02285,0.0793333152839015
SYNPCC7942_RS05870,SYNPCC7942_RS10575,0.0793186417143729
SYNPCC7942_RS00455,SYNPCC7942_RS01055,0.0793155413069195
SYNPCC7942_RS02830,SYNPCC7942_RS11835,0.0793105892370497
SYNPCC7942_RS00645,SYNPCC7942_RS10455,0.0792981699151735
SYNPCC7942_RS07185,SYNPCC7942_RS12050,0.079292442930453
SYNPCC7942_RS11715,SYNPCC7942_RS04860,0.0792916463604278
SYNPCC7942_RS09740,SYNPCC7942_RS09925,0.0792600098668049
SYNPCC7942_RS07435,SYNPCC7942_RS00870,0.0792562753990306
SYNPCC7942_RS09740,SYNPCC7942_RS04360,0.0792386254915093
SYNPCC7942_RS12560,SYNPCC7942_RS09370,0.0792364863123638
SYNPCC7942_RS07435,SYNPCC7942_RS05690,0.0792342550351499
SYNPCC7942_RS07435,SYNPCC7942_RS14165,0.0792308514273818
SYNPCC7942_RS06370,SYNPCC7942_RS09885,0.0792222546803963
SYNPCC7942_RS03465,SYNPCC7942_RS03075,0.0792219713795586
SYNPCC7942_RS09435,SYNPCC7942_RS10370,0.0792153080989423
SYNPCC7942_RS07435,SYNPCC7942_RS05370,0.0792087161349757
SYNPCC7942_RS03325,SYNPCC7942_RS06895,0.0792046282146417
SYNPCC7942_RS03160,SYNPCC7942_RS10895,0.0791990086527073
SYNPCC7942_RS03160,SYNPCC7942_RS08920,0.0791960049899074
SYNPCC7942_RS10700,SYNPCC7942_RS05170,0.079183771755191
SYNPCC7942_RS13695,SYNPCC7942_RS06660,0.0791767293925487
SYNPCC7942_RS03160,SYNPCC7942_RS00880,0.0791730344213168
SYNPCC7942_RS08645,SYNPCC7942_RS02720,0.0791671469332651
SYNPCC7942_RS08885,SYNPCC7942_RS07465,0.0791342590187955
SYNPCC7942_RS02895,SYNPCC7942_RS01145,0.079133454548093
SYNPCC7942_RS02830,SYNPCC7942_RS07935,0.079126168761207
SYNPCC7942_RS09160,SYNPCC7942_RS04930,0.0791177389584426
SYNPCC7942_RS09065,SYNPCC7942_RS02160,0.0791102964931876
SYNPCC7942_RS09620,SYNPCC7942_RS08705,0.0791019976830874
SYNPCC7942_RS10170,SYNPCC7942_RS09590,0.0790984748594183
SYNPCC7942_RS05870,SYNPCC7942_RS12480,0.0790839778038844
SYNPCC7942_RS03160,SYNPCC7942_RS06435,0.0790786657607425
SYNPCC7942_RS03160,SYNPCC7942_RS02175,0.079066053094196
SYNPCC7942_RS03160,SYNPCC7942_RS03405,0.0790652138236601
SYNPCC7942_RS10700,SYNPCC7942_RS08805,0.079058391941498
SYNPCC7942_RS00455,SYNPCC7942_RS09845,0.0790563398301834
SYNPCC7942_RS00645,SYNPCC7942_RS02730,0.0790523886043113
SYNPCC7942_RS05870,SYNPCC7942_RS13305,0.0790521746714327
SYNPCC7942_RS08885,SYNPCC7942_RS02520,0.0790501178013449
SYNPCC7942_RS03160,SYNPCC7942_RS05610,0.0790467646361628
SYNPCC7942_RS09435,SYNPCC7942_RS09000,0.0790428356159718
SYNPCC7942_RS03325,SYNPCC7942_RS06035,0.0790292543184765
SYNPCC7942_RS07435,SYNPCC7942_RS12085,0.0790243797816987
SYNPCC7942_RS09620,SYNPCC7942_RS03425,0.0790172863938315
SYNPCC7942_RS10350,SYNPCC7942_RS13280,0.0790071465140783
SYNPCC7942_RS03465,SYNPCC7942_RS11735,0.078989784558356
SYNPCC7942_RS11970,SYNPCC7942_RS08370,0.078980551594882
SYNPCC7942_RS00380,SYNPCC7942_RS03315,0.0789703844817624
SYNPCC7942_RS09740,SYNPCC7942_RS12520,0.0789644099664381
SYNPCC7942_RS00455,SYNPCC7942_RS04025,0.078955198224921
SYNPCC7942_RS10700,SYNPCC7942_RS04215,0.0789529305215501
SYNPCC7942_RS12560,SYNPCC7942_RS05630,0.0789434451815773
SYNPCC7942_RS06370,SYNPCC7942_RS06755,0.0789424172932562
SYNPCC7942_RS10340,SYNPCC7942_RS02270,0.0789416820156046
SYNPCC7942_RS00645,SYNPCC7942_RS03280,0.0789394981041245
SYNPCC7942_RS13165,SYNPCC7942_RS08095,0.0789348334002129
SYNPCC7942_RS06370,SYNPCC7942_RS12060,0.0789275719330797
SYNPCC7942_RS00560,SYNPCC7942_RS08510,0.0789190323585682
SYNPCC7942_RS07185,SYNPCC7942_RS05700,0.0789168419934038
SYNPCC7942_RS09065,SYNPCC7942_RS11115,0.0789139960910246
SYNPCC7942_RS05870,SYNPCC7942_RS03230,0.0788782018113486
SYNPCC7942_RS09740,SYNPCC7942_RS12575,0.0788752956840587
SYNPCC7942_RS12560,SYNPCC7942_RS12740,0.0788609396631074
SYNPCC7942_RS10340,SYNPCC7942_RS03880,0.0788562986432775
SYNPCC7942_RS07435,SYNPCC7942_RS04725,0.078843649688232
SYNPCC7942_RS07435,SYNPCC7942_RS04440,0.0788416080918962
SYNPCC7942_RS08885,SYNPCC7942_RS01195,0.0788292494236738
SYNPCC7942_RS07185,SYNPCC7942_RS12235,0.0788285706732904
SYNPCC7942_RS03160,SYNPCC7942_RS03640,0.0788246996014203
SYNPCC7942_RS09160,SYNPCC7942_RS12535,0.0788111489952713
SYNPCC7942_RS09740,SYNPCC7942_RS09550,0.0788075705813178
SYNPCC7942_RS03075,SYNPCC7942_RS07265,0.0788055706112271
SYNPCC7942_RS03075,SYNPCC7942_RS03610,0.0788019833269433
SYNPCC7942_RS07185,SYNPCC7942_RS10585,0.0788006552046399
SYNPCC7942_RS03465,SYNPCC7942_RS02675,0.0787841731208381
SYNPCC7942_RS00645,SYNPCC7942_RS05290,0.0787749395661987
SYNPCC7942_RS07435,SYNPCC7942_RS10995,0.0787730943232741
SYNPCC7942_RS06370,SYNPCC7942_RS08740,0.0787701230335949
SYNPCC7942_RS09740,SYNPCC7942_RS05735,0.0787684699700174
SYNPCC7942_RS10700,SYNPCC7942_RS01055,0.0787565885642279
SYNPCC7942_RS07185,SYNPCC7942_RS12945,0.078754968292904
SYNPCC7942_RS03465,SYNPCC7942_RS01485,0.0787499024638158
SYNPCC7942_RS02895,SYNPCC7942_RS06345,0.0787488764645533
SYNPCC7942_RS09160,SYNPCC7942_RS05035,0.0787398072287681
SYNPCC7942_RS03160,SYNPCC7942_RS07405,0.0787332524525012
SYNPCC7942_RS02895,SYNPCC7942_RS05015,0.0787300653557216
SYNPCC7942_RS09620,SYNPCC7942_RS09095,0.0787246896156093
SYNPCC7942_RS00645,SYNPCC7942_RS00375,0.078695204253121
SYNPCC7942_RS00645,SYNPCC7942_RS05575,0.078671498400292
SYNPCC7942_RS00765,SYNPCC7942_RS05260,0.0786644796110106
SYNPCC7942_RS00455,SYNPCC7942_RS10290,0.0786433834851888
SYNPCC7942_RS10165,SYNPCC7942_RS08320,0.0786350569836505
SYNPCC7942_RS07435,SYNPCC7942_RS02575,0.0786256540350528
SYNPCC7942_RS03465,SYNPCC7942_RS12980,0.0786219834211854
SYNPCC7942_RS00645,SYNPCC7942_RS10955,0.0786134972681248
SYNPCC7942_RS05640,SYNPCC7942_RS06500,0.0786064928162753
SYNPCC7942_RS08820,SYNPCC7942_RS10340,0.078592161390746
SYNPCC7942_RS09065,SYNPCC7942_RS13270,0.0785874097447167
SYNPCC7942_RS09620,SYNPCC7942_RS01175,0.0785864624165054
SYNPCC7942_RS03160,SYNPCC7942_RS13160,0.0785733174605607
SYNPCC7942_RS09935,SYNPCC7942_RS10020,0.0785597498274216
SYNPCC7942_RS03160,SYNPCC7942_RS00805,0.0785545980652777
SYNPCC7942_RS08405,SYNPCC7942_RS11615,0.0785492892180407
SYNPCC7942_RS05640,SYNPCC7942_RS04010,0.0785321074006184
SYNPCC7942_RS03160,SYNPCC7942_RS10655,0.0785223837905607
SYNPCC7942_RS11970,SYNPCC7942_RS14065,0.0785178968380079
SYNPCC7942_RS03160,SYNPCC7942_RS09375,0.0784937888707819
SYNPCC7942_RS10700,SYNPCC7942_RS12955,0.0784588974223674
SYNPCC7942_RS00645,SYNPCC7942_RS10970,0.0784534381766383
SYNPCC7942_RS05870,SYNPCC7942_RS05835,0.0784369579042212
SYNPCC7942_RS00455,SYNPCC7942_RS09040,0.0784256090691604
SYNPCC7942_RS09500,SYNPCC7942_RS13670,0.0784214396649056
SYNPCC7942_RS09740,SYNPCC7942_RS09520,0.0784037306283738
SYNPCC7942_RS05870,SYNPCC7942_RS01845,0.0784013364869164
SYNPCC7942_RS07435,SYNPCC7942_RS08555,0.0783949465208322
SYNPCC7942_RS08645,SYNPCC7942_RS08495,0.0783734183918572
SYNPCC7942_RS12560,SYNPCC7942_RS02540,0.0783694921743437
SYNPCC7942_RS07435,SYNPCC7942_RS08900,0.0783612649003851
SYNPCC7942_RS07435,SYNPCC7942_RS09860,0.078358892123009
SYNPCC7942_RS12560,SYNPCC7942_RS02195,0.0783580902055807
SYNPCC7942_RS00455,SYNPCC7942_RS01285,0.0783438154248051
SYNPCC7942_RS09500,SYNPCC7942_RS10850,0.078343545607854
SYNPCC7942_RS03440,SYNPCC7942_RS12375,0.0783427026963077
SYNPCC7942_RS00645,SYNPCC7942_RS04090,0.07834215920411
SYNPCC7942_RS00645,SYNPCC7942_RS10435,0.0783197639322018
SYNPCC7942_RS07185,SYNPCC7942_RS07165,0.0783107964731184
SYNPCC7942_RS00380,SYNPCC7942_RS02640,0.0783015885970367
SYNPCC7942_RS03160,SYNPCC7942_RS08150,0.0782998781553281
SYNPCC7942_RS03160,SYNPCC7942_RS09215,0.0782973210430579
SYNPCC7942_RS00380,SYNPCC7942_RS02245,0.0782962517464662
SYNPCC7942_RS03465,SYNPCC7942_RS12120,0.0782940545888217
SYNPCC7942_RS03160,SYNPCC7942_RS02980,0.0782868703844364
SYNPCC7942_RS09740,SYNPCC7942_RS06815,0.0782581200188367
SYNPCC7942_RS08885,SYNPCC7942_RS13855,0.0782524072055431
SYNPCC7942_RS07435,SYNPCC7942_RS12930,0.0782495657876253
SYNPCC7942_RS07805,SYNPCC7942_RS09830,0.0782311062419816
SYNPCC7942_RS11465,SYNPCC7942_RS03245,0.0782309420168315
SYNPCC7942_RS06370,SYNPCC7942_RS00120,0.078229197086385
SYNPCC7942_RS12285,SYNPCC7942_RS05095,0.0782182491105151
SYNPCC7942_RS02830,SYNPCC7942_RS08040,0.0782176959285896
SYNPCC7942_RS10700,SYNPCC7942_RS11490,0.0782127672238815
SYNPCC7942_RS09435,SYNPCC7942_RS12295,0.0782077824997124
SYNPCC7942_RS03955,SYNPCC7942_RS02090,0.0782065181591525
SYNPCC7942_RS10700,SYNPCC7942_RS07370,0.078200668471494
SYNPCC7942_RS07185,SYNPCC7942_RS07755,0.0781957670443014
SYNPCC7942_RS03465,SYNPCC7942_RS00875,0.0781869789761606
SYNPCC7942_RS08405,SYNPCC7942_RS09240,0.0781857401322965
SYNPCC7942_RS09740,SYNPCC7942_RS11480,0.078179834089491
SYNPCC7942_RS03160,SYNPCC7942_RS10595,0.078178921047468
SYNPCC7942_RS10700,SYNPCC7942_RS02095,0.0781672362286471
SYNPCC7942_RS11970,SYNPCC7942_RS09145,0.0781555727506044
SYNPCC7942_RS07185,SYNPCC7942_RS08985,0.078149503046371
SYNPCC7942_RS00380,SYNPCC7942_RS00375,0.0781338636961185
SYNPCC7942_RS11970,SYNPCC7942_RS07475,0.0781277814237231
SYNPCC7942_RS09740,SYNPCC7942_RS01475,0.0781234921690576
SYNPCC7942_RS03160,SYNPCC7942_RS05420,0.0781128790100241
SYNPCC7942_RS05640,SYNPCC7942_RS05220,0.078109758155968
SYNPCC7942_RS10350,SYNPCC7942_RS03500,0.078105149131219
SYNPCC7942_RS00455,SYNPCC7942_RS01680,0.0781036103989659
SYNPCC7942_RS00645,SYNPCC7942_RS00925,0.078102402985311
SYNPCC7942_RS13165,SYNPCC7942_RS13170,0.0781003694825534
SYNPCC7942_RS13165,SYNPCC7942_RS14020,0.0780976170686822
SYNPCC7942_RS09380,SYNPCC7942_RS00020,0.0780818515686537
SYNPCC7942_RS10700,SYNPCC7942_RS12785,0.0780572219976971
SYNPCC7942_RS08850,SYNPCC7942_RS10615,0.078056015743788
SYNPCC7942_RS00480,SYNPCC7942_RS05210,0.0780528159634953
SYNPCC7942_RS03160,SYNPCC7942_RS00640,0.0780332450447199
SYNPCC7942_RS12560,SYNPCC7942_RS12010,0.0780235453448229
SYNPCC7942_RS10700,SYNPCC7942_RS13630,0.078010545673381
SYNPCC7942_RS08885,SYNPCC7942_RS14140,0.0779994772949489
SYNPCC7942_RS09620,SYNPCC7942_RS07250,0.0779953217132747
SYNPCC7942_RS10700,SYNPCC7942_RS08170,0.0779792975933934
SYNPCC7942_RS08885,SYNPCC7942_RS14145,0.0779788131427076
SYNPCC7942_RS03160,SYNPCC7942_RS04695,0.077952975861863
SYNPCC7942_RS12560,SYNPCC7942_RS11815,0.0779497311559957
SYNPCC7942_RS05870,SYNPCC7942_RS04275,0.0779481243467393
SYNPCC7942_RS03160,SYNPCC7942_RS07420,0.0779441007919784
SYNPCC7942_RS07435,SYNPCC7942_RS05480,0.0779410330136971
SYNPCC7942_RS07435,SYNPCC7942_RS13975,0.0779371629593439
SYNPCC7942_RS00380,SYNPCC7942_RS03010,0.0779358348740539
SYNPCC7942_RS03075,SYNPCC7942_RS05240,0.0779349486318439
SYNPCC7942_RS03325,SYNPCC7942_RS03160,0.0779278084556398
SYNPCC7942_RS03325,SYNPCC7942_RS04700,0.0779270861848277
SYNPCC7942_RS05640,SYNPCC7942_RS02345,0.0779256370005484
SYNPCC7942_RS03440,SYNPCC7942_RS03580,0.077908233783968
SYNPCC7942_RS10700,SYNPCC7942_RS03645,0.0778978460179717
SYNPCC7942_RS10700,SYNPCC7942_RS08500,0.0778841622366651
SYNPCC7942_RS03160,SYNPCC7942_RS06270,0.0778757389523896
SYNPCC7942_RS03160,SYNPCC7942_RS14200,0.0778750765143807
SYNPCC7942_RS09740,SYNPCC7942_RS11885,0.0778615400895521
SYNPCC7942_RS09740,SYNPCC7942_RS11500,0.0778553516484548
SYNPCC7942_RS10170,SYNPCC7942_RS02145,0.0778423580817776
SYNPCC7942_RS00645,SYNPCC7942_RS09580,0.0778369488681241
SYNPCC7942_RS03160,SYNPCC7942_RS00570,0.0778259814405752
SYNPCC7942_RS05070,SYNPCC7942_RS00270,0.0778238111241922
SYNPCC7942_RS08780,SYNPCC7942_RS05460,0.0778121616499915
SYNPCC7942_RS10700,SYNPCC7942_RS06460,0.0778101291223516
SYNPCC7942_RS09500,SYNPCC7942_RS10085,0.0778063147852153
SYNPCC7942_RS03160,SYNPCC7942_RS07050,0.0778032026657085
SYNPCC7942_RS03160,SYNPCC7942_RS09550,0.0777972691430116
SYNPCC7942_RS09740,SYNPCC7942_RS03290,0.0777967207775791
SYNPCC7942_RS04225,SYNPCC7942_RS06835,0.0777905411556332
SYNPCC7942_RS00380,SYNPCC7942_RS07595,0.0777763747181406
SYNPCC7942_RS03160,SYNPCC7942_RS00470,0.0777627849604332
SYNPCC7942_RS03955,SYNPCC7942_RS00910,0.0777518892084998
SYNPCC7942_RS03160,SYNPCC7942_RS10830,0.0777499543661997
SYNPCC7942_RS09740,SYNPCC7942_RS02925,0.0777443284663598
SYNPCC7942_RS07185,SYNPCC7942_RS07105,0.0777382479869896
SYNPCC7942_RS03465,SYNPCC7942_RS00920,0.0777369913157786
SYNPCC7942_RS08850,SYNPCC7942_RS14025,0.0777323987196985
SYNPCC7942_RS07185,SYNPCC7942_RS03395,0.0777298720377295
SYNPCC7942_RS06230,SYNPCC7942_RS00475,0.0777156415599151
SYNPCC7942_RS00455,SYNPCC7942_RS09295,0.0776987398347486
SYNPCC7942_RS07435,SYNPCC7942_RS14085,0.0776920571058178
SYNPCC7942_RS12560,SYNPCC7942_RS12365,0.077682092695267
SYNPCC7942_RS03325,SYNPCC7942_RS05755,0.0776661661854721
SYNPCC7942_RS10700,SYNPCC7942_RS10635,0.0776575082752504
SYNPCC7942_RS00645,SYNPCC7942_RS13970,0.077654349758237
SYNPCC7942_RS07805,SYNPCC7942_RS07620,0.0776514968629624
SYNPCC7942_RS03160,SYNPCC7942_RS10715,0.0776497485708613
SYNPCC7942_RS00380,SYNPCC7942_RS09660,0.0776290006867703
SYNPCC7942_RS03075,SYNPCC7942_RS04045,0.0776258561877209
SYNPCC7942_RS08405,SYNPCC7942_RS10775,0.0776147383097768
SYNPCC7942_RS13165,SYNPCC7942_RS09310,0.0776105106607615
SYNPCC7942_RS12560,SYNPCC7942_RS05050,0.0776100691292591
SYNPCC7942_RS08405,SYNPCC7942_RS07190,0.0775979184847448
SYNPCC7942_RS05870,SYNPCC7942_RS04115,0.0775908506503628
SYNPCC7942_RS05870,SYNPCC7942_RS09805,0.0775845199311706
SYNPCC7942_RS09740,SYNPCC7942_RS00035,0.0775792992709812
SYNPCC7942_RS03160,SYNPCC7942_RS01390,0.0775666319900699
SYNPCC7942_RS07435,SYNPCC7942_RS13225,0.077554898663957
SYNPCC7942_RS09065,SYNPCC7942_RS09935,0.07754662453995
SYNPCC7942_RS09435,SYNPCC7942_RS11085,0.0775465603028168
SYNPCC7942_RS07185,SYNPCC7942_RS06010,0.0775273682374972
SYNPCC7942_RS07805,SYNPCC7942_RS02690,0.0775186637723262
SYNPCC7942_RS07435,SYNPCC7942_RS09440,0.0775175920740979
SYNPCC7942_RS10700,SYNPCC7942_RS09770,0.0775123440554651
SYNPCC7942_RS09740,SYNPCC7942_RS10705,0.0775103781455031
SYNPCC7942_RS09380,SYNPCC7942_RS12125,0.0775096759297105
SYNPCC7942_RS00455,SYNPCC7942_RS04935,0.0775080136052209
SYNPCC7942_RS13695,SYNPCC7942_RS07260,0.0775013508427622
SYNPCC7942_RS09740,SYNPCC7942_RS06800,0.0774978547698674
SYNPCC7942_RS05870,SYNPCC7942_RS08135,0.0774927024267897
SYNPCC7942_RS08820,SYNPCC7942_RS08535,0.0774917993042212
SYNPCC7942_RS07940,SYNPCC7942_RS00660,0.077482629313274
SYNPCC7942_RS00765,SYNPCC7942_RS10405,0.0774793393469282
SYNPCC7942_RS10040,SYNPCC7942_RS08660,0.0774780383728139
SYNPCC7942_RS00380,SYNPCC7942_RS05670,0.0774686892340351
SYNPCC7942_RS03325,SYNPCC7942_RS06075,0.077467882422378
SYNPCC7942_RS02830,SYNPCC7942_RS11110,0.0774647297461328
SYNPCC7942_RS03530,SYNPCC7942_RS09750,0.0774630296766538
SYNPCC7942_RS03530,SYNPCC7942_RS14060,0.0774587005828289
SYNPCC7942_RS06700,SYNPCC7942_RS07110,0.0774559957095162
SYNPCC7942_RS05195,SYNPCC7942_RS01865,0.0774554775758708
SYNPCC7942_RS02895,SYNPCC7942_RS13930,0.0774342771083188
SYNPCC7942_RS00645,SYNPCC7942_RS06370,0.0774216631110751
SYNPCC7942_RS09740,SYNPCC7942_RS02220,0.0774094059958012
SYNPCC7942_RS00765,SYNPCC7942_RS05185,0.0774029081513494
SYNPCC7942_RS07185,SYNPCC7942_RS07250,0.0773995802323986
SYNPCC7942_RS00380,SYNPCC7942_RS13715,0.07735903199874
SYNPCC7942_RS00480,SYNPCC7942_RS05585,0.077351748034316
SYNPCC7942_RS12560,SYNPCC7942_RS02695,0.0773356546105565
SYNPCC7942_RS09160,SYNPCC7942_RS06835,0.0773312717636554
SYNPCC7942_RS03325,SYNPCC7942_RS09735,0.0773174246210033
SYNPCC7942_RS09500,SYNPCC7942_RS10855,0.0773003127802864
SYNPCC7942_RS09935,SYNPCC7942_RS07470,0.0772997668722489
SYNPCC7942_RS00645,SYNPCC7942_RS04440,0.0772713849917522
SYNPCC7942_RS09740,SYNPCC7942_RS06990,0.0772685767296129
SYNPCC7942_RS03160,SYNPCC7942_RS02890,0.0772651749953544
SYNPCC7942_RS00455,SYNPCC7942_RS13220,0.077261020623021
SYNPCC7942_RS10040,SYNPCC7942_RS08385,0.0772526436454611
SYNPCC7942_RS03160,SYNPCC7942_RS10805,0.077247959968903
SYNPCC7942_RS09740,SYNPCC7942_RS02645,0.0772379879651062
SYNPCC7942_RS02895,SYNPCC7942_RS05400,0.0772292801331014
SYNPCC7942_RS00645,SYNPCC7942_RS08315,0.0772177469629047
SYNPCC7942_RS03325,SYNPCC7942_RS03620,0.0772101984143526
SYNPCC7942_RS03160,SYNPCC7942_RS11345,0.077200447816242
SYNPCC7942_RS00455,SYNPCC7942_RS12590,0.0771865469441874
SYNPCC7942_RS03160,SYNPCC7942_RS11640,0.07718244387542
SYNPCC7942_RS08885,SYNPCC7942_RS00395,0.0771748034458287
SYNPCC7942_RS03160,SYNPCC7942_RS00115,0.0771612026385475
SYNPCC7942_RS00380,SYNPCC7942_RS11755,0.0771515014413911
SYNPCC7942_RS09435,SYNPCC7942_RS04520,0.0771502265866732
SYNPCC7942_RS12535,SYNPCC7942_RS05300,0.0771481685929636
SYNPCC7942_RS03160,SYNPCC7942_RS02220,0.0771448480648781
SYNPCC7942_RS00645,SYNPCC7942_RS12470,0.0771394254943227
SYNPCC7942_RS00455,SYNPCC7942_RS00350,0.0771344710384583
SYNPCC7942_RS07940,SYNPCC7942_RS04720,0.0771018156915647
SYNPCC7942_RS05870,SYNPCC7942_RS04385,0.0770684333503613
SYNPCC7942_RS08885,SYNPCC7942_RS09090,0.0770646433593386
SYNPCC7942_RS03160,SYNPCC7942_RS09595,0.0770617575770741
SYNPCC7942_RS02830,SYNPCC7942_RS06920,0.0770436214868756
SYNPCC7942_RS00645,SYNPCC7942_RS01685,0.0770419541964371
SYNPCC7942_RS11465,SYNPCC7942_RS10985,0.0770369237175831
SYNPCC7942_RS03160,SYNPCC7942_RS11595,0.0770290757883536
SYNPCC7942_RS07185,SYNPCC7942_RS06415,0.0770046199041126
SYNPCC7942_RS10350,SYNPCC7942_RS10660,0.0769966365199865
SYNPCC7942_RS04225,SYNPCC7942_RS06925,0.0769844663230956
SYNPCC7942_RS03325,SYNPCC7942_RS03540,0.076973605651375
SYNPCC7942_RS03160,SYNPCC7942_RS05705,0.0769729124708488
SYNPCC7942_RS07185,SYNPCC7942_RS02425,0.0769655289168743
SYNPCC7942_RS05870,SYNPCC7942_RS05820,0.0769634315567961
SYNPCC7942_RS00645,SYNPCC7942_RS01785,0.0769474427226093
SYNPCC7942_RS00455,SYNPCC7942_RS04510,0.0769334819895479
SYNPCC7942_RS03160,SYNPCC7942_RS05110,0.0769180296032785
SYNPCC7942_RS00645,SYNPCC7942_RS12550,0.0769102941485896
SYNPCC7942_RS03160,SYNPCC7942_RS01825,0.0768876798132014
SYNPCC7942_RS00645,SYNPCC7942_RS01505,0.0768849037876755
SYNPCC7942_RS09740,SYNPCC7942_RS12305,0.0768843843006276
SYNPCC7942_RS03440,SYNPCC7942_RS01240,0.0768751704229393
SYNPCC7942_RS10700,SYNPCC7942_RS08950,0.0768701904374276
SYNPCC7942_RS04225,SYNPCC7942_RS13670,0.0768642876548132
SYNPCC7942_RS07435,SYNPCC7942_RS05285,0.0768593935527357
SYNPCC7942_RS09620,SYNPCC7942_RS02425,0.0768558666842408
SYNPCC7942_RS02895,SYNPCC7942_RS12700,0.0768476333876217
SYNPCC7942_RS07185,SYNPCC7942_RS12165,0.0768365351375804
SYNPCC7942_RS03530,SYNPCC7942_RS11670,0.0768117007280429
SYNPCC7942_RS00645,SYNPCC7942_RS05785,0.0768081468527747
SYNPCC7942_RS03075,SYNPCC7942_RS13200,0.0767980129432022
SYNPCC7942_RS03160,SYNPCC7942_RS04355,0.0767968776811675
SYNPCC7942_RS09160,SYNPCC7942_RS09245,0.0767925304608436
SYNPCC7942_RS00645,SYNPCC7942_RS08805,0.0767899440495473
SYNPCC7942_RS09620,SYNPCC7942_RS12235,0.0767845589903557
SYNPCC7942_RS06370,SYNPCC7942_RS05350,0.0767745546947575
SYNPCC7942_RS02895,SYNPCC7942_RS08755,0.0767745130820228
SYNPCC7942_RS00455,SYNPCC7942_RS05575,0.0767673040218679
SYNPCC7942_RS07185,SYNPCC7942_RS12105,0.0767660793289102
SYNPCC7942_RS02895,SYNPCC7942_RS00925,0.0767506604512289
SYNPCC7942_RS03440,SYNPCC7942_RS01515,0.0767486601623391
SYNPCC7942_RS00645,SYNPCC7942_RS05215,0.076736863168389
SYNPCC7942_RS03530,SYNPCC7942_RS02800,0.0767314401240322
SYNPCC7942_RS05870,SYNPCC7942_RS04700,0.0767267174859272
SYNPCC7942_RS07435,SYNPCC7942_RS08755,0.0767223366912623
SYNPCC7942_RS09500,SYNPCC7942_RS00915,0.0767223355289849
SYNPCC7942_RS07435,SYNPCC7942_RS05380,0.0767113026107683
SYNPCC7942_RS05195,SYNPCC7942_RS11020,0.0767012831315583
SYNPCC7942_RS03465,SYNPCC7942_RS05450,0.0766965169127441
SYNPCC7942_RS03325,SYNPCC7942_RS09595,0.0766853621182911
SYNPCC7942_RS00455,SYNPCC7942_RS03145,0.0766820611918788
SYNPCC7942_RS03160,SYNPCC7942_RS06670,0.0766806764605347
SYNPCC7942_RS00765,SYNPCC7942_RS05535,0.0766680858223582
SYNPCC7942_RS05070,SYNPCC7942_RS03315,0.0766637901537041
SYNPCC7942_RS07185,SYNPCC7942_RS00515,0.076661008074334
SYNPCC7942_RS00455,SYNPCC7942_RS06900,0.0766550471200736
SYNPCC7942_RS08405,SYNPCC7942_RS10870,0.076631267127359
SYNPCC7942_RS05870,SYNPCC7942_RS04730,0.0766186000041102
SYNPCC7942_RS00455,SYNPCC7942_RS09855,0.0766182882295713
SYNPCC7942_RS00380,SYNPCC7942_RS05160,0.0766179826693498
SYNPCC7942_RS12535,SYNPCC7942_RS01745,0.0766064201256272
SYNPCC7942_RS03325,SYNPCC7942_RS04625,0.0766044727186893
SYNPCC7942_RS03955,SYNPCC7942_RS11830,0.0766042510849576
SYNPCC7942_RS03465,SYNPCC7942_RS03245,0.0765849825476719
SYNPCC7942_RS00765,SYNPCC7942_RS01565,0.0765783523942953
SYNPCC7942_RS10165,SYNPCC7942_RS07965,0.0765756677283223
SYNPCC7942_RS07435,SYNPCC7942_RS00370,0.0765736378380905
SYNPCC7942_RS07940,SYNPCC7942_RS05760,0.0765687374353136
SYNPCC7942_RS05870,SYNPCC7942_RS01445,0.0765649626741849
SYNPCC7942_RS03160,SYNPCC7942_RS01425,0.0765550745918774
SYNPCC7942_RS03955,SYNPCC7942_RS13690,0.076538868474615
SYNPCC7942_RS03160,SYNPCC7942_RS13615,0.0765267217316864
SYNPCC7942_RS09740,SYNPCC7942_RS12410,0.0765247436818262
SYNPCC7942_RS03160,SYNPCC7942_RS06795,0.0765219942265112
SYNPCC7942_RS02830,SYNPCC7942_RS02680,0.0765180412313358
SYNPCC7942_RS07185,SYNPCC7942_RS03600,0.0765055781664679
SYNPCC7942_RS11465,SYNPCC7942_RS05750,0.0764993188002372
SYNPCC7942_RS05870,SYNPCC7942_RS13125,0.0764991807488079
SYNPCC7942_RS09740,SYNPCC7942_RS11325,0.0764979140508863
SYNPCC7942_RS11970,SYNPCC7942_RS09815,0.0764833514499495
SYNPCC7942_RS00455,SYNPCC7942_RS08500,0.076467570041214
SYNPCC7942_RS07185,SYNPCC7942_RS03425,0.0764621628905801
SYNPCC7942_RS03160,SYNPCC7942_RS07920,0.0764572675978731
SYNPCC7942_RS03325,SYNPCC7942_RS02335,0.0764559161805933
SYNPCC7942_RS08850,SYNPCC7942_RS11265,0.0764539810787077
SYNPCC7942_RS09740,SYNPCC7942_RS10830,0.0764433288047477
SYNPCC7942_RS03960,SYNPCC7942_RS00820,0.0764400516965346
SYNPCC7942_RS05640,SYNPCC7942_RS10755,0.0764177513907165
SYNPCC7942_RS07435,SYNPCC7942_RS00375,0.0764117824222353
SYNPCC7942_RS12560,SYNPCC7942_RS05535,0.076410401394584
SYNPCC7942_RS06370,SYNPCC7942_RS00040,0.0764080310712814
SYNPCC7942_RS05870,SYNPCC7942_RS06220,0.0764053278950282
SYNPCC7942_RS00380,SYNPCC7942_RS03640,0.0764010071058655
SYNPCC7942_RS00645,SYNPCC7942_RS11770,0.0763994863048782
SYNPCC7942_RS09435,SYNPCC7942_RS10690,0.0763945992563765
SYNPCC7942_RS10165,SYNPCC7942_RS03795,0.0763864764012825
SYNPCC7942_RS11030,SYNPCC7942_RS07125,0.0763750724629027
SYNPCC7942_RS03465,SYNPCC7942_RS13035,0.0763624695459999
SYNPCC7942_RS03160,SYNPCC7942_RS12795,0.0763545315270207
SYNPCC7942_RS09740,SYNPCC7942_RS03325,0.0763513428897565
SYNPCC7942_RS05870,SYNPCC7942_RS11495,0.0763465066789217
SYNPCC7942_RS06370,SYNPCC7942_RS10410,0.0763428678338385
SYNPCC7942_RS10700,SYNPCC7942_RS12575,0.0763414363320014
SYNPCC7942_RS10700,SYNPCC7942_RS12520,0.0763362303094288
SYNPCC7942_RS00380,SYNPCC7942_RS10080,0.0763195226296177
SYNPCC7942_RS03955,SYNPCC7942_RS00525,0.0763140145141841
SYNPCC7942_RS07185,SYNPCC7942_RS01310,0.0762937248921644
SYNPCC7942_RS08885,SYNPCC7942_RS11615,0.0762912085572675
SYNPCC7942_RS00455,SYNPCC7942_RS12085,0.0762901547788617
SYNPCC7942_RS10700,SYNPCC7942_RS10145,0.0762688275280453
SYNPCC7942_RS04225,SYNPCC7942_RS04180,0.0762687932846185
SYNPCC7942_RS09935,SYNPCC7942_RS11675,0.0762544076082129
SYNPCC7942_RS08885,SYNPCC7942_RS03205,0.0762522647571416
SYNPCC7942_RS00765,SYNPCC7942_RS05975,0.0762522183046874
SYNPCC7942_RS03160,SYNPCC7942_RS02025,0.0762468700986612
SYNPCC7942_RS00455,SYNPCC7942_RS09775,0.0762426883910658
SYNPCC7942_RS00480,SYNPCC7942_RS01140,0.0762390211167863
SYNPCC7942_RS13165,SYNPCC7942_RS05090,0.0762239344255096
SYNPCC7942_RS03960,SYNPCC7942_RS06665,0.0762200556626399
SYNPCC7942_RS09160,SYNPCC7942_RS06030,0.0762061888983554
SYNPCC7942_RS08645,SYNPCC7942_RS10070,0.0761985929848222
SYNPCC7942_RS09160,SYNPCC7942_RS12355,0.0761922065108599
SYNPCC7942_RS03465,SYNPCC7942_RS05895,0.0761720348814869
SYNPCC7942_RS09740,SYNPCC7942_RS09730,0.0761685701424468
SYNPCC7942_RS00380,SYNPCC7942_RS08305,0.0761557536515418
SYNPCC7942_RS00455,SYNPCC7942_RS04610,0.0761473648457604
SYNPCC7942_RS00645,SYNPCC7942_RS04935,0.0761433859281442
SYNPCC7942_RS00380,SYNPCC7942_RS06950,0.0761302357841638
SYNPCC7942_RS09065,SYNPCC7942_RS03320,0.0761184290695447
SYNPCC7942_RS03075,SYNPCC7942_RS11175,0.0761087225945709
SYNPCC7942_RS11465,SYNPCC7942_RS13920,0.0761022081682815
SYNPCC7942_RS09740,SYNPCC7942_RS09080,0.0760972362506875
SYNPCC7942_RS07435,SYNPCC7942_RS08120,0.0760878616566547
SYNPCC7942_RS12275,SYNPCC7942_RS01515,0.076087363256116
SYNPCC7942_RS00380,SYNPCC7942_RS05480,0.0760852120939511
SYNPCC7942_RS05870,SYNPCC7942_RS03325,0.0760731014130016
SYNPCC7942_RS06700,SYNPCC7942_RS11685,0.0760692591469402
SYNPCC7942_RS03160,SYNPCC7942_RS13225,0.0760649632658474
SYNPCC7942_RS10700,SYNPCC7942_RS04115,0.076061235927899
SYNPCC7942_RS00560,SYNPCC7942_RS03810,0.0760574123013477
SYNPCC7942_RS03465,SYNPCC7942_RS00510,0.0760487753051498
SYNPCC7942_RS05870,SYNPCC7942_RS07005,0.0760418798676904
SYNPCC7942_RS10260,SYNPCC7942_RS11205,0.0760317617755597
SYNPCC7942_RS10700,SYNPCC7942_RS06755,0.0760279307781227
SYNPCC7942_RS08405,SYNPCC7942_RS05035,0.0760263140970214
SYNPCC7942_RS09935,SYNPCC7942_RS11070,0.0760107042973652
SYNPCC7942_RS09160,SYNPCC7942_RS02525,0.0760025815850169
SYNPCC7942_RS09740,SYNPCC7942_RS07780,0.0759998999807005
SYNPCC7942_RS00455,SYNPCC7942_RS03405,0.0759887278522014
SYNPCC7942_RS02895,SYNPCC7942_RS01950,0.0759885116466893
SYNPCC7942_RS03075,SYNPCC7942_RS09025,0.0759863467302616
SYNPCC7942_RS12285,SYNPCC7942_RS03840,0.0759861998209987
SYNPCC7942_RS12275,SYNPCC7942_RS09300,0.0759840479561085
SYNPCC7942_RS03465,SYNPCC7942_RS11115,0.0759832163300175
SYNPCC7942_RS00645,SYNPCC7942_RS02890,0.0759804062586804
SYNPCC7942_RS03955,SYNPCC7942_RS01080,0.0759772284766817
SYNPCC7942_RS11465,SYNPCC7942_RS10850,0.0759708975906672
SYNPCC7942_RS08645,SYNPCC7942_RS04310,0.0759581587099038
SYNPCC7942_RS10700,SYNPCC7942_RS04380,0.0759531715994139
SYNPCC7942_RS03955,SYNPCC7942_RS06180,0.0759393188336013
SYNPCC7942_RS03075,SYNPCC7942_RS07500,0.0759226609570361
SYNPCC7942_RS03160,SYNPCC7942_RS07775,0.0758836252041621
SYNPCC7942_RS05640,SYNPCC7942_RS10100,0.0758830878467116
SYNPCC7942_RS12560,SYNPCC7942_RS10550,0.0758746081539817
SYNPCC7942_RS09435,SYNPCC7942_RS08760,0.0758624857117058
SYNPCC7942_RS10700,SYNPCC7942_RS03110,0.0758491794391858
SYNPCC7942_RS09740,SYNPCC7942_RS04135,0.0758325138919171
SYNPCC7942_RS09435,SYNPCC7942_RS12820,0.075825697816354
SYNPCC7942_RS10700,SYNPCC7942_RS01630,0.075809927416036
SYNPCC7942_RS00380,SYNPCC7942_RS09670,0.0758098559529404
SYNPCC7942_RS03955,SYNPCC7942_RS00310,0.075808021578916
SYNPCC7942_RS07435,SYNPCC7942_RS12200,0.0758034746605983
SYNPCC7942_RS06370,SYNPCC7942_RS00370,0.0757943093720217
SYNPCC7942_RS07185,SYNPCC7942_RS02025,0.0757877407739075
SYNPCC7942_RS05640,SYNPCC7942_RS06710,0.07578498365581
SYNPCC7942_RS00480,SYNPCC7942_RS10445,0.0757845441443025
SYNPCC7942_RS00380,SYNPCC7942_RS02840,0.0757820576232757
SYNPCC7942_RS00645,SYNPCC7942_RS13915,0.0757812267657673
SYNPCC7942_RS07435,SYNPCC7942_RS05040,0.0757658851155884
SYNPCC7942_RS03160,SYNPCC7942_RS09455,0.0757606655162536
SYNPCC7942_RS06365,SYNPCC7942_RS10370,0.0757592819388989
SYNPCC7942_RS09740,SYNPCC7942_RS02845,0.0757550022703499
SYNPCC7942_RS00455,SYNPCC7942_RS06685,0.0757456622604183
SYNPCC7942_RS08780,SYNPCC7942_RS07530,0.0757398857145713
SYNPCC7942_RS09620,SYNPCC7942_RS12950,0.0757276478388914
SYNPCC7942_RS03955,SYNPCC7942_RS07685,0.0757199524246967
SYNPCC7942_RS07435,SYNPCC7942_RS10005,0.0757194696994147
SYNPCC7942_RS07435,SYNPCC7942_RS01675,0.0757191521080081
SYNPCC7942_RS00455,SYNPCC7942_RS06100,0.0757155583150899
SYNPCC7942_RS09740,SYNPCC7942_RS03150,0.075699042575718
SYNPCC7942_RS10700,SYNPCC7942_RS05115,0.0756940055767186
SYNPCC7942_RS03160,SYNPCC7942_RS00105,0.0756814922385554
SYNPCC7942_RS09065,SYNPCC7942_RS07400,0.075670996338684
SYNPCC7942_RS07435,SYNPCC7942_RS13855,0.0756675750295013
SYNPCC7942_RS08780,SYNPCC7942_RS13665,0.0756307417744084
SYNPCC7942_RS09740,SYNPCC7942_RS01130,0.0756274554643446
SYNPCC7942_RS05870,SYNPCC7942_RS03540,0.0756249761099594
SYNPCC7942_RS08885,SYNPCC7942_RS00585,0.0755989456470909
SYNPCC7942_RS03160,SYNPCC7942_RS11750,0.0755870574555347
SYNPCC7942_RS05870,SYNPCC7942_RS07405,0.0755819922644647
SYNPCC7942_RS07435,SYNPCC7942_RS05595,0.0755792496604115
SYNPCC7942_RS00455,SYNPCC7942_RS10320,0.0755619708748117
SYNPCC7942_RS03160,SYNPCC7942_RS06650,0.0755588461203728
SYNPCC7942_RS05870,SYNPCC7942_RS04465,0.0755477531920714
SYNPCC7942_RS11970,SYNPCC7942_RS09100,0.0755447870982002
SYNPCC7942_RS07185,SYNPCC7942_RS06680,0.0755371966083674
SYNPCC7942_RS03530,SYNPCC7942_RS11110,0.0755213141137108
SYNPCC7942_RS12560,SYNPCC7942_RS07250,0.0755210585880072
SYNPCC7942_RS10700,SYNPCC7942_RS00950,0.0755198633089175
SYNPCC7942_RS07805,SYNPCC7942_RS09320,0.0755177335341685
SYNPCC7942_RS10700,SYNPCC7942_RS00870,0.0755093425601878
SYNPCC7942_RS10700,SYNPCC7942_RS06135,0.0755091152957081
SYNPCC7942_RS09760,SYNPCC7942_RS03910,0.0755069542599979
SYNPCC7942_RS08885,SYNPCC7942_RS06725,0.0755028891152804
SYNPCC7942_RS10700,SYNPCC7942_RS06855,0.0754839721385313
SYNPCC7942_RS07185,SYNPCC7942_RS13235,0.0754673337929836
SYNPCC7942_RS08405,SYNPCC7942_RS14185,0.0754669224314967
SYNPCC7942_RS10700,SYNPCC7942_RS06730,0.0754669047850783
SYNPCC7942_RS03160,SYNPCC7942_RS08810,0.0754609945028649
SYNPCC7942_RS03160,SYNPCC7942_RS02630,0.0754477281916825
SYNPCC7942_RS03160,SYNPCC7942_RS04705,0.0754395398251425
SYNPCC7942_RS00645,SYNPCC7942_RS08205,0.0754244653324773
SYNPCC7942_RS03325,SYNPCC7942_RS07305,0.0754227098930778
SYNPCC7942_RS03325,SYNPCC7942_RS01600,0.0754153820158009
SYNPCC7942_RS05230,SYNPCC7942_RS06140,0.0754140984973378
SYNPCC7942_RS09620,SYNPCC7942_RS13810,0.0753972468667243
SYNPCC7942_RS12560,SYNPCC7942_RS02660,0.0753957257391348
SYNPCC7942_RS03325,SYNPCC7942_RS13045,0.0753836055806219
SYNPCC7942_RS05640,SYNPCC7942_RS01130,0.0753810353894687
SYNPCC7942_RS03465,SYNPCC7942_RS01680,0.0753696781377913
SYNPCC7942_RS07435,SYNPCC7942_RS12615,0.0753342763156137
SYNPCC7942_RS02830,SYNPCC7942_RS11720,0.0753328134595545
SYNPCC7942_RS03260,SYNPCC7942_RS12800,0.075326528284224
SYNPCC7942_RS03325,SYNPCC7942_RS04620,0.0753231783977154
SYNPCC7942_RS05870,SYNPCC7942_RS00370,0.0753213007693287
SYNPCC7942_RS03465,SYNPCC7942_RS10025,0.0752971383940284
SYNPCC7942_RS09380,SYNPCC7942_RS02510,0.075297097925165
SYNPCC7942_RS09740,SYNPCC7942_RS03625,0.0752937477379251
SYNPCC7942_RS08885,SYNPCC7942_RS02815,0.0752919068228753
SYNPCC7942_RS10700,SYNPCC7942_RS04700,0.075282282319858
SYNPCC7942_RS00645,SYNPCC7942_RS06485,0.0752808883503544
SYNPCC7942_RS00455,SYNPCC7942_RS07130,0.0752731424587822
SYNPCC7942_RS09380,SYNPCC7942_RS01025,0.0752705754634596
SYNPCC7942_RS02895,SYNPCC7942_RS11395,0.0752681644447153
SYNPCC7942_RS05870,SYNPCC7942_RS08140,0.0752646316904818
SYNPCC7942_RS03160,SYNPCC7942_RS12165,0.0752641251757573
SYNPCC7942_RS07435,SYNPCC7942_RS00915,0.0752639126554869
SYNPCC7942_RS07435,SYNPCC7942_RS06685,0.0752631252179029
SYNPCC7942_RS08820,SYNPCC7942_RS12705,0.0752566389890903
SYNPCC7942_RS08645,SYNPCC7942_RS06775,0.0752329878544183
SYNPCC7942_RS03260,SYNPCC7942_RS12850,0.0752254937225387
SYNPCC7942_RS09740,SYNPCC7942_RS04945,0.0752204805799755
SYNPCC7942_RS05870,SYNPCC7942_RS02810,0.0752161707715906
SYNPCC7942_RS06370,SYNPCC7942_RS06560,0.0752137660558156
SYNPCC7942_RS03465,SYNPCC7942_RS02360,0.0752077248478665
SYNPCC7942_RS05870,SYNPCC7942_RS02360,0.0752009577863198
SYNPCC7942_RS03160,SYNPCC7942_RS05150,0.0751852497402714
SYNPCC7942_RS03465,SYNPCC7942_RS10205,0.0751841408630006
SYNPCC7942_RS09740,SYNPCC7942_RS11450,0.0751819293646638
SYNPCC7942_RS05870,SYNPCC7942_RS04615,0.0751803137218797
SYNPCC7942_RS03465,SYNPCC7942_RS10075,0.0751649180227324
SYNPCC7942_RS09740,SYNPCC7942_RS01345,0.0751580277242992
SYNPCC7942_RS00645,SYNPCC7942_RS14165,0.0751572815413754
SYNPCC7942_RS12275,SYNPCC7942_RS02050,0.0751431801394431
SYNPCC7942_RS00645,SYNPCC7942_RS12730,0.0751352230873857
SYNPCC7942_RS09620,SYNPCC7942_RS11920,0.0751328827554365
SYNPCC7942_RS07435,SYNPCC7942_RS07815,0.075130447655002
SYNPCC7942_RS09740,SYNPCC7942_RS09450,0.0751293530645701
SYNPCC7942_RS03325,SYNPCC7942_RS09365,0.075127360115888
SYNPCC7942_RS08780,SYNPCC7942_RS08770,0.0751239854260449
SYNPCC7942_RS11465,SYNPCC7942_RS12450,0.0751215164592258
SYNPCC7942_RS00645,SYNPCC7942_RS05720,0.0751178812401842
SYNPCC7942_RS06700,SYNPCC7942_RS01100,0.075091425726215
SYNPCC7942_RS05870,SYNPCC7942_RS04935,0.0750881907583907
SYNPCC7942_RS00455,SYNPCC7942_RS08305,0.075087708992748
SYNPCC7942_RS05640,SYNPCC7942_RS04270,0.0750824485281655
SYNPCC7942_RS00765,SYNPCC7942_RS12025,0.0750750773348913
SYNPCC7942_RS12560,SYNPCC7942_RS04350,0.0750743607593996
SYNPCC7942_RS00645,SYNPCC7942_RS08655,0.0750734537424775
SYNPCC7942_RS05195,SYNPCC7942_RS08275,0.0750669040107965
SYNPCC7942_RS09740,SYNPCC7942_RS03060,0.0750214422482629
SYNPCC7942_RS06370,SYNPCC7942_RS05980,0.0750133224085275
SYNPCC7942_RS09380,SYNPCC7942_RS11730,0.0750092412220455
SYNPCC7942_RS10700,SYNPCC7942_RS09685,0.0750026669369906
SYNPCC7942_RS03465,SYNPCC7942_RS13730,0.0750005156765778
SYNPCC7942_RS03325,SYNPCC7942_RS02630,0.0749806958438647
SYNPCC7942_RS03440,SYNPCC7942_RS00460,0.0749786910479307
SYNPCC7942_RS03160,SYNPCC7942_RS05175,0.0749759966086013
SYNPCC7942_RS10700,SYNPCC7942_RS05100,0.0749551281723454
SYNPCC7942_RS09160,SYNPCC7942_RS03195,0.0749544845867104
SYNPCC7942_RS07185,SYNPCC7942_RS11455,0.074952037314933
SYNPCC7942_RS03075,SYNPCC7942_RS13290,0.07494536543575
SYNPCC7942_RS10350,SYNPCC7942_RS06720,0.0749439396492592
SYNPCC7942_RS10700,SYNPCC7942_RS11485,0.0749398482848604
SYNPCC7942_RS06370,SYNPCC7942_RS01780,0.0749338976556686
SYNPCC7942_RS10700,SYNPCC7942_RS09740,0.0749269810592723
SYNPCC7942_RS10350,SYNPCC7942_RS02630,0.0749268961585993
SYNPCC7942_RS03955,SYNPCC7942_RS13080,0.0749237659180319
SYNPCC7942_RS06370,SYNPCC7942_RS07705,0.0749098698193188
SYNPCC7942_RS09160,SYNPCC7942_RS08405,0.0748984686312316
SYNPCC7942_RS03160,SYNPCC7942_RS12340,0.0748977842682141
SYNPCC7942_RS10170,SYNPCC7942_RS00225,0.0748742817919194
SYNPCC7942_RS03160,SYNPCC7942_RS01450,0.0748463422808004
SYNPCC7942_RS05870,SYNPCC7942_RS10570,0.0748425215990487
SYNPCC7942_RS12560,SYNPCC7942_RS10770,0.0748307859461804
SYNPCC7942_RS05640,SYNPCC7942_RS05670,0.0748267754550451
SYNPCC7942_RS03325,SYNPCC7942_RS01180,0.0748185625638701
SYNPCC7942_RS09160,SYNPCC7942_RS00430,0.0748117369730504
SYNPCC7942_RS03325,SYNPCC7942_RS05150,0.0748068751663243
SYNPCC7942_RS03530,SYNPCC7942_RS01085,0.0748014330142548
SYNPCC7942_RS10165,SYNPCC7942_RS04705,0.0747560230167236
SYNPCC7942_RS07720,SYNPCC7942_RS01650,0.0747520370592609
SYNPCC7942_RS00455,SYNPCC7942_RS02950,0.0747518222555415
SYNPCC7942_RS07185,SYNPCC7942_RS09250,0.0747487439702544
SYNPCC7942_RS12285,SYNPCC7942_RS01065,0.0747486023310841
SYNPCC7942_RS10700,SYNPCC7942_RS13225,0.0747461637808336
SYNPCC7942_RS03075,SYNPCC7942_RS09895,0.0747434914807906
SYNPCC7942_RS00765,SYNPCC7942_RS10890,0.0747352503892578
SYNPCC7942_RS03465,SYNPCC7942_RS01035,0.0747325336756419
SYNPCC7942_RS00455,SYNPCC7942_RS02715,0.0747210270127966
SYNPCC7942_RS04225,SYNPCC7942_RS09880,0.0747144737452617
SYNPCC7942_RS03160,SYNPCC7942_RS08325,0.0747107586139743
SYNPCC7942_RS10040,SYNPCC7942_RS11140,0.074701329989636
SYNPCC7942_RS03075,SYNPCC7942_RS08385,0.0747012863885732
SYNPCC7942_RS09760,SYNPCC7942_RS10780,0.0746987765635638
SYNPCC7942_RS09740,SYNPCC7942_RS02550,0.0746934239824909
SYNPCC7942_RS00455,SYNPCC7942_RS05505,0.0746850703085954
SYNPCC7942_RS03160,SYNPCC7942_RS00700,0.0746836587528243
SYNPCC7942_RS08645,SYNPCC7942_RS08730,0.0746715071849229
SYNPCC7942_RS00455,SYNPCC7942_RS13305,0.0746492259766263
SYNPCC7942_RS07435,SYNPCC7942_RS12455,0.0746320928598632
SYNPCC7942_RS00380,SYNPCC7942_RS01750,0.074623320841125
SYNPCC7942_RS09740,SYNPCC7942_RS10110,0.0746081219422336
SYNPCC7942_RS03325,SYNPCC7942_RS12850,0.0746051625176269
SYNPCC7942_RS02895,SYNPCC7942_RS12455,0.0746037127537866
SYNPCC7942_RS00455,SYNPCC7942_RS00700,0.074578729549482
SYNPCC7942_RS03160,SYNPCC7942_RS02725,0.0745765880627133
SYNPCC7942_RS10165,SYNPCC7942_RS06955,0.074575313978267
SYNPCC7942_RS08885,SYNPCC7942_RS01725,0.0745739526157966
SYNPCC7942_RS09620,SYNPCC7942_RS01525,0.0745561531372471
SYNPCC7942_RS03160,SYNPCC7942_RS12785,0.0745535745290443
SYNPCC7942_RS05870,SYNPCC7942_RS04900,0.0745528349643454
SYNPCC7942_RS05870,SYNPCC7942_RS10950,0.0745493915915595
SYNPCC7942_RS00560,SYNPCC7942_RS10660,0.0745276551214961
SYNPCC7942_RS13695,SYNPCC7942_RS04660,0.0745266545649705
SYNPCC7942_RS09160,SYNPCC7942_RS09785,0.0744997793698366
SYNPCC7942_RS00455,SYNPCC7942_RS00745,0.0744990070477116
SYNPCC7942_RS10165,SYNPCC7942_RS03870,0.0744927053511688
SYNPCC7942_RS00455,SYNPCC7942_RS06630,0.0744734957956825
SYNPCC7942_RS07185,SYNPCC7942_RS09350,0.074464378389813
SYNPCC7942_RS02830,SYNPCC7942_RS10155,0.0744613761677106
SYNPCC7942_RS00765,SYNPCC7942_RS01800,0.0744587284703417
SYNPCC7942_RS07185,SYNPCC7942_RS05055,0.0744562373145075
SYNPCC7942_RS09620,SYNPCC7942_RS03430,0.0744500905179739
SYNPCC7942_RS00765,SYNPCC7942_RS08045,0.0744431581088796
SYNPCC7942_RS03160,SYNPCC7942_RS03645,0.0744354107579239
SYNPCC7942_RS07435,SYNPCC7942_RS03585,0.0744300300580682
SYNPCC7942_RS09620,SYNPCC7942_RS00460,0.0744290373411751
SYNPCC7942_RS12560,SYNPCC7942_RS01095,0.0744286738161807
SYNPCC7942_RS07185,SYNPCC7942_RS03765,0.074426151384641
SYNPCC7942_RS09990,SYNPCC7942_RS01335,0.0744221708164457
SYNPCC7942_RS03160,SYNPCC7942_RS00045,0.0744208751770577
SYNPCC7942_RS13165,SYNPCC7942_RS08190,0.0744199619966881
SYNPCC7942_RS08885,SYNPCC7942_RS01745,0.0744146090108563
SYNPCC7942_RS10700,SYNPCC7942_RS08250,0.0744075720037777
SYNPCC7942_RS09160,SYNPCC7942_RS00235,0.0744050567185473
SYNPCC7942_RS03465,SYNPCC7942_RS02770,0.0743990209642311
SYNPCC7942_RS03160,SYNPCC7942_RS04290,0.0743979049316304
SYNPCC7942_RS05870,SYNPCC7942_RS13615,0.0743964028319172
SYNPCC7942_RS10700,SYNPCC7942_RS11575,0.0743955262277802
SYNPCC7942_RS13165,SYNPCC7942_RS00495,0.0743908117289344
SYNPCC7942_RS08820,SYNPCC7942_RS05635,0.074372412584619
SYNPCC7942_RS03160,SYNPCC7942_RS06065,0.0743722677680986
SYNPCC7942_RS09740,SYNPCC7942_RS10140,0.0743709119103698
SYNPCC7942_RS07435,SYNPCC7942_RS10710,0.0743689635628808
SYNPCC7942_RS13695,SYNPCC7942_RS06205,0.0743676765900501
SYNPCC7942_RS09500,SYNPCC7942_RS09410,0.0743653558064954
SYNPCC7942_RS12560,SYNPCC7942_RS10880,0.0743633688761822
SYNPCC7942_RS07185,SYNPCC7942_RS05180,0.0743624851016317
SYNPCC7942_RS05230,SYNPCC7942_RS09355,0.0743575448287675
SYNPCC7942_RS08885,SYNPCC7942_RS09315,0.0743503871550799
SYNPCC7942_RS00645,SYNPCC7942_RS13055,0.0743457223270257
SYNPCC7942_RS09740,SYNPCC7942_RS06075,0.0743384387214721
SYNPCC7942_RS00645,SYNPCC7942_RS04235,0.0743379721913734
SYNPCC7942_RS00455,SYNPCC7942_RS07845,0.0743270921671068
SYNPCC7942_RS11970,SYNPCC7942_RS01115,0.0743269383568959
SYNPCC7942_RS03530,SYNPCC7942_RS02825,0.0743063695744464
SYNPCC7942_RS07435,SYNPCC7942_RS04830,0.0743001747311251
SYNPCC7942_RS08645,SYNPCC7942_RS04055,0.0742975084988219
SYNPCC7942_RS06370,SYNPCC7942_RS12345,0.074291808427418
SYNPCC7942_RS09740,SYNPCC7942_RS08285,0.0742831590112445
SYNPCC7942_RS00645,SYNPCC7942_RS06060,0.0742750685314665
SYNPCC7942_RS07185,SYNPCC7942_RS11500,0.0742735356990923
SYNPCC7942_RS03955,SYNPCC7942_RS07160,0.0742732091924123
SYNPCC7942_RS03465,SYNPCC7942_RS11215,0.0742650743967509
SYNPCC7942_RS10700,SYNPCC7942_RS13045,0.0742553344212137
SYNPCC7942_RS07435,SYNPCC7942_RS06145,0.0742438836057802
SYNPCC7942_RS10040,SYNPCC7942_RS12355,0.0742184238479931
SYNPCC7942_RS10170,SYNPCC7942_RS07165,0.0742150958984872
SYNPCC7942_RS00560,SYNPCC7942_RS08985,0.0742148205033248
SYNPCC7942_RS03160,SYNPCC7942_RS08310,0.074200562430496
SYNPCC7942_RS03160,SYNPCC7942_RS02840,0.0741961775851077
SYNPCC7942_RS03160,SYNPCC7942_RS09765,0.0741954910356909
SYNPCC7942_RS00455,SYNPCC7942_RS09555,0.0741880499560626
SYNPCC7942_RS10700,SYNPCC7942_RS06385,0.0741798786679364
SYNPCC7942_RS08820,SYNPCC7942_RS09255,0.0741758415870897
SYNPCC7942_RS03530,SYNPCC7942_RS07140,0.0741657151375617
SYNPCC7942_RS06370,SYNPCC7942_RS10130,0.0741561070953204
SYNPCC7942_RS13165,SYNPCC7942_RS07550,0.0741498849140116
SYNPCC7942_RS05230,SYNPCC7942_RS05490,0.0741366062590121
SYNPCC7942_RS07435,SYNPCC7942_RS02305,0.0741357516383498
SYNPCC7942_RS00380,SYNPCC7942_RS12070,0.0741329714226917
SYNPCC7942_RS08405,SYNPCC7942_RS05940,0.0741329085675801
SYNPCC7942_RS00380,SYNPCC7942_RS00800,0.0741225447151568
SYNPCC7942_RS07435,SYNPCC7942_RS04505,0.0741160848482226
SYNPCC7942_RS07435,SYNPCC7942_RS05980,0.0741082786061379
SYNPCC7942_RS09160,SYNPCC7942_RS08820,0.0741059040518943
SYNPCC7942_RS03160,SYNPCC7942_RS10140,0.0740892191308677
SYNPCC7942_RS03465,SYNPCC7942_RS09875,0.074082549477999
SYNPCC7942_RS09160,SYNPCC7942_RS03655,0.0740817515590318
SYNPCC7942_RS12560,SYNPCC7942_RS02585,0.0740736682836651
SYNPCC7942_RS07435,SYNPCC7942_RS04730,0.074070479145696
SYNPCC7942_RS10700,SYNPCC7942_RS02465,0.0740645246865889
SYNPCC7942_RS06365,SYNPCC7942_RS02790,0.0740554513107609
SYNPCC7942_RS07185,SYNPCC7942_RS04920,0.0740461214781846
SYNPCC7942_RS00645,SYNPCC7942_RS06310,0.0740405563328292
SYNPCC7942_RS07435,SYNPCC7942_RS04760,0.0740376282665183
SYNPCC7942_RS12560,SYNPCC7942_RS00540,0.0740259801870483
SYNPCC7942_RS00765,SYNPCC7942_RS01835,0.0740245283248588
SYNPCC7942_RS07435,SYNPCC7942_RS05410,0.0740230778733359
SYNPCC7942_RS13165,SYNPCC7942_RS00605,0.074014980670707
SYNPCC7942_RS00380,SYNPCC7942_RS04455,0.0740113754375962
SYNPCC7942_RS00455,SYNPCC7942_RS10640,0.0740112140077026
SYNPCC7942_RS10170,SYNPCC7942_RS00995,0.074002002302345
SYNPCC7942_RS00480,SYNPCC7942_RS05690,0.0739716053333114
SYNPCC7942_RS13695,SYNPCC7942_RS06190,0.0739712276521099
SYNPCC7942_RS07805,SYNPCC7942_RS09060,0.073970588036268
SYNPCC7942_RS10700,SYNPCC7942_RS03455,0.0739559763154313
SYNPCC7942_RS09065,SYNPCC7942_RS09895,0.0739451159047509
SYNPCC7942_RS09740,SYNPCC7942_RS12160,0.0739408432047458
SYNPCC7942_RS10700,SYNPCC7942_RS00790,0.0739356848905321
SYNPCC7942_RS03440,SYNPCC7942_RS11315,0.0739335704843133
SYNPCC7942_RS00455,SYNPCC7942_RS06865,0.0739292816970479
SYNPCC7942_RS09065,SYNPCC7942_RS01415,0.0739194171957934
SYNPCC7942_RS03530,SYNPCC7942_RS09910,0.0739136433472576
SYNPCC7942_RS12560,SYNPCC7942_RS03265,0.0739127744492422
SYNPCC7942_RS00380,SYNPCC7942_RS10115,0.0739057050995838
SYNPCC7942_RS10700,SYNPCC7942_RS06670,0.0739002645046716
SYNPCC7942_RS07185,SYNPCC7942_RS09210,0.0738865437621064
SYNPCC7942_RS12560,SYNPCC7942_RS03260,0.0738814737434648
SYNPCC7942_RS03325,SYNPCC7942_RS05710,0.0738724496178435
SYNPCC7942_RS00645,SYNPCC7942_RS01215,0.0738707753751667
SYNPCC7942_RS04225,SYNPCC7942_RS05465,0.0738645057049476
SYNPCC7942_RS03440,SYNPCC7942_RS09335,0.073856967077363
SYNPCC7942_RS03955,SYNPCC7942_RS13075,0.0738548808035274
SYNPCC7942_RS10700,SYNPCC7942_RS02320,0.0738488695037068
SYNPCC7942_RS03160,SYNPCC7942_RS05665,0.0738274064736009
SYNPCC7942_RS12560,SYNPCC7942_RS11880,0.0738252783359813
SYNPCC7942_RS08405,SYNPCC7942_RS06965,0.0738225168640309
SYNPCC7942_RS09160,SYNPCC7942_RS07215,0.0738219861373781
SYNPCC7942_RS03160,SYNPCC7942_RS05710,0.0738204040509059
SYNPCC7942_RS08645,SYNPCC7942_RS05675,0.073816680939261
SYNPCC7942_RS06365,SYNPCC7942_RS06280,0.073816331771418
SYNPCC7942_RS13165,SYNPCC7942_RS01175,0.0737747702713441
SYNPCC7942_RS12535,SYNPCC7942_RS05650,0.0737583084142842
SYNPCC7942_RS03325,SYNPCC7942_RS04420,0.0737516833598835
SYNPCC7942_RS09620,SYNPCC7942_RS05960,0.0737426453991289
SYNPCC7942_RS03160,SYNPCC7942_RS09635,0.0737398333154524
SYNPCC7942_RS09380,SYNPCC7942_RS13265,0.0737392861853512
SYNPCC7942_RS13165,SYNPCC7942_RS00220,0.0737372892435141
SYNPCC7942_RS00455,SYNPCC7942_RS09725,0.0737360426311984
SYNPCC7942_RS09160,SYNPCC7942_RS13820,0.0737121164266985
SYNPCC7942_RS08885,SYNPCC7942_RS04930,0.0737083204727561
SYNPCC7942_RS09380,SYNPCC7942_RS06290,0.0737069505936463
SYNPCC7942_RS07940,SYNPCC7942_RS02400,0.0736948123558792
SYNPCC7942_RS00455,SYNPCC7942_RS06060,0.0736902079809558
SYNPCC7942_RS06370,SYNPCC7942_RS09775,0.0736753036681706
SYNPCC7942_RS08780,SYNPCC7942_RS07520,0.0736717644629477
SYNPCC7942_RS11970,SYNPCC7942_RS03910,0.073670254570795
SYNPCC7942_RS03075,SYNPCC7942_RS05625,0.0736646434581151
SYNPCC7942_RS07185,SYNPCC7942_RS08800,0.0736636227229957
SYNPCC7942_RS10260,SYNPCC7942_RS12005,0.0736631063905247
SYNPCC7942_RS10700,SYNPCC7942_RS08310,0.0736372764701332
SYNPCC7942_RS03465,SYNPCC7942_RS12400,0.073633637508385
SYNPCC7942_RS03160,SYNPCC7942_RS03175,0.0736227508048134
SYNPCC7942_RS05870,SYNPCC7942_RS04775,0.0736200751595247
SYNPCC7942_RS00645,SYNPCC7942_RS08870,0.0736192291960958
SYNPCC7942_RS00645,SYNPCC7942_RS01675,0.0736028111303352
SYNPCC7942_RS07435,SYNPCC7942_RS07490,0.0736010730158247
SYNPCC7942_RS00455,SYNPCC7942_RS11495,0.0736005916833188
SYNPCC7942_RS09620,SYNPCC7942_RS12740,0.0735994879335085
SYNPCC7942_RS09160,SYNPCC7942_RS07355,0.0735858318095365
SYNPCC7942_RS09760,SYNPCC7942_RS02375,0.0735786594516539
SYNPCC7942_RS05870,SYNPCC7942_RS11490,0.0735669467310124
SYNPCC7942_RS08645,SYNPCC7942_RS06200,0.0735650415282382
SYNPCC7942_RS00380,SYNPCC7942_RS09635,0.0735557092570864
SYNPCC7942_RS05870,SYNPCC7942_RS04450,0.0735504889325401
SYNPCC7942_RS05640,SYNPCC7942_RS08415,0.073541796206619
SYNPCC7942_RS03160,SYNPCC7942_RS03375,0.0735401133892443
SYNPCC7942_RS09160,SYNPCC7942_RS07715,0.0735352763144784
SYNPCC7942_RS03465,SYNPCC7942_RS07315,0.0735331440189946
SYNPCC7942_RS00455,SYNPCC7942_RS07445,0.0735324714614546
SYNPCC7942_RS00380,SYNPCC7942_RS02715,0.0735298433406502
SYNPCC7942_RS00480,SYNPCC7942_RS02895,0.0735198523581962
SYNPCC7942_RS11465,SYNPCC7942_RS09640,0.0735178724944189
SYNPCC7942_RS08820,SYNPCC7942_RS09785,0.0735155788138116
SYNPCC7942_RS12535,SYNPCC7942_RS00860,0.0735150249858064
SYNPCC7942_RS03325,SYNPCC7942_RS03535,0.073511355882999
SYNPCC7942_RS07940,SYNPCC7942_RS01015,0.0735001286549375
SYNPCC7942_RS12285,SYNPCC7942_RS00955,0.073495834733809
SYNPCC7942_RS03465,SYNPCC7942_RS08455,0.073492330167593
SYNPCC7942_RS03955,SYNPCC7942_RS05075,0.0734829011332239
SYNPCC7942_RS00455,SYNPCC7942_RS00080,0.0734702370783723
SYNPCC7942_RS09065,SYNPCC7942_RS08470,0.0734669477463896
SYNPCC7942_RS00455,SYNPCC7942_RS07850,0.0734640444705787
SYNPCC7942_RS03160,SYNPCC7942_RS13005,0.0734634601307628
SYNPCC7942_RS09500,SYNPCC7942_RS05775,0.073450463391258
SYNPCC7942_RS10700,SYNPCC7942_RS00700,0.0734485649906409
