regulatoryGene,targetGene,weight
SGL_RS12540,SGL_RS04040,0.177499894458559
SGL_RS06410,SGL_RS14825,0.176905821776849
SGL_RS15585,SGL_RS03830,0.16542475651612
SGL_RS01980,SGL_RS01985,0.165053591479477
SGL_RS12540,SGL_RS08225,0.16211835971955
SGL_RS08165,SGL_RS08155,0.158362681001117
SGL_RS06410,SGL_RS05240,0.157816766086602
SGL_RS06410,SGL_RS12135,0.153610158206226
SGL_RS06410,SGL_RS12130,0.152958708002435
SGL_RS06410,SGL_RS09810,0.15288434573181
SGL_RS15585,SGL_RS08395,0.149752122431697
SGL_RS00320,SGL_RS14150,0.14801518712468
SGL_RS08165,SGL_RS08160,0.14668461155717
SGL_RS15585,SGL_RS14190,0.14622191368857
SGL_RS06410,SGL_RS09745,0.144914632603496
SGL_RS12540,SGL_RS10760,0.144464524096166
SGL_RS00400,SGL_RS00370,0.143988684845513
SGL_RS00400,SGL_RS00475,0.143969838816546
SGL_RS00400,SGL_RS00275,0.143750405046076
SGL_RS00515,SGL_RS16495,0.143096307214885
SGL_RS07740,SGL_RS03235,0.142041979762054
SGL_RS02020,SGL_RS02010,0.141806336573019
SGL_RS12430,SGL_RS11780,0.141690105344535
SGL_RS00320,SGL_RS00350,0.140939838018746
SGL_RS14610,SGL_RS10460,0.140877744313611
SGL_RS00515,SGL_RS00535,0.140359362716326
SGL_RS06410,SGL_RS05250,0.140350803252989
SGL_RS06480,SGL_RS04665,0.140317891113548
SGL_RS15210,SGL_RS07415,0.14013334473046
SGL_RS06410,SGL_RS08525,0.139888850393291
SGL_RS06410,SGL_RS07375,0.139666006273276
SGL_RS00075,SGL_RS07460,0.139388011148879
SGL_RS06215,SGL_RS14010,0.138880410763824
SGL_RS02470,SGL_RS02465,0.138787275077635
SGL_RS02020,SGL_RS17815,0.138643617274139
SGL_RS15965,SGL_RS04945,0.138398497244109
SGL_RS07730,SGL_RS07735,0.138333208790468
SGL_RS15585,SGL_RS08390,0.138210061940345
SGL_RS00515,SGL_RS00330,0.138178447368
SGL_RS02020,SGL_RS01990,0.137578211191965
SGL_RS15210,SGL_RS02880,0.137133008546393
SGL_RS00075,SGL_RS00065,0.136929614738305
SGL_RS00400,SGL_RS00660,0.136809533833745
SGL_RS00400,SGL_RS00075,0.136575377270265
SGL_RS06410,SGL_RS06480,0.136470267254539
SGL_RS00075,SGL_RS00530,0.136442548718663
SGL_RS06410,SGL_RS11935,0.136030616072507
SGL_RS18290,SGL_RS06665,0.135519910768397
SGL_RS16495,SGL_RS18320,0.135286350309224
SGL_RS00455,SGL_RS00940,0.135279613355101
SGL_RS15585,SGL_RS08400,0.135142877393328
SGL_RS02020,SGL_RS01980,0.13503985630512
SGL_RS14165,SGL_RS14170,0.134573708348708
SGL_RS00400,SGL_RS00345,0.134490843027209
SGL_RS16080,SGL_RS16085,0.134414952100515
SGL_RS06410,SGL_RS07395,0.134226639408726
SGL_RS16495,SGL_RS00515,0.134176687760599
SGL_RS13820,SGL_RS02375,0.134150538461699
SGL_RS15585,SGL_RS17790,0.134005190410883
SGL_RS06215,SGL_RS06220,0.1338664988683
SGL_RS12430,SGL_RS07175,0.133841432707138
SGL_RS02020,SGL_RS02015,0.133688970613314
SGL_RS06410,SGL_RS08565,0.1336732216043
SGL_RS06480,SGL_RS12125,0.133217564057848
SGL_RS12430,SGL_RS06555,0.133174150299832
SGL_RS00515,SGL_RS10135,0.133029219837849
SGL_RS00400,SGL_RS15685,0.132998623888823
SGL_RS07740,SGL_RS11470,0.132965173241618
SGL_RS15805,SGL_RS15280,0.132884620472051
SGL_RS00400,SGL_RS00210,0.132866183125269
SGL_RS00320,SGL_RS11705,0.132773564871274
SGL_RS00400,SGL_RS00085,0.132525676436527
SGL_RS01980,SGL_RS04130,0.132458634247649
SGL_RS06410,SGL_RS12650,0.132381986279878
SGL_RS00075,SGL_RS11185,0.132051097006241
SGL_RS16165,SGL_RS16150,0.132001952026532
SGL_RS00400,SGL_RS00265,0.131983315209197
SGL_RS00455,SGL_RS00920,0.131810178704406
SGL_RS06410,SGL_RS08580,0.131738696219204
SGL_RS15805,SGL_RS07820,0.131724210146451
SGL_RS06410,SGL_RS08205,0.13164699326759
SGL_RS06410,SGL_RS08200,0.131294699270577
SGL_RS02470,SGL_RS05735,0.131010160438206
SGL_RS17395,SGL_RS15295,0.130685649617049
SGL_RS00455,SGL_RS01700,0.130636868483498
SGL_RS17245,SGL_RS13835,0.130628512087858
SGL_RS00515,SGL_RS02085,0.130478176251757
SGL_RS12540,SGL_RS15050,0.130419758338898
SGL_RS13820,SGL_RS07490,0.13032440498332
SGL_RS17760,SGL_RS07365,0.130323363045429
SGL_RS00455,SGL_RS09750,0.130109387222805
SGL_RS01980,SGL_RS02320,0.129823552561979
SGL_RS15210,SGL_RS04530,0.129752374179033
SGL_RS06215,SGL_RS06210,0.129582614340198
SGL_RS12005,SGL_RS11940,0.129467290195545
SGL_RS00320,SGL_RS19550,0.129273674503765
SGL_RS00075,SGL_RS00115,0.129150302479281
SGL_RS02020,SGL_RS01985,0.129072575114947
SGL_RS08080,SGL_RS08085,0.128908907234857
SGL_RS12430,SGL_RS18090,0.128801093251387
SGL_RS16495,SGL_RS09025,0.128775749973733
SGL_RS00320,SGL_RS11030,0.12860680184096
SGL_RS02020,SGL_RS01995,0.128436748294037
SGL_RS00400,SGL_RS00410,0.128411196162712
SGL_RS06410,SGL_RS13460,0.12818013392817
SGL_RS12540,SGL_RS11615,0.128141957279545
SGL_RS00455,SGL_RS01040,0.128099553240814
SGL_RS12430,SGL_RS02250,0.127980679269272
SGL_RS15805,SGL_RS03975,0.127850426744538
SGL_RS18290,SGL_RS12810,0.12782866837541
SGL_RS00455,SGL_RS00945,0.127797243485659
SGL_RS06410,SGL_RS06840,0.12768416931976
SGL_RS06480,SGL_RS06305,0.127670449137624
SGL_RS07975,SGL_RS05545,0.127596031989377
SGL_RS00515,SGL_RS19060,0.127427394952306
SGL_RS06410,SGL_RS05235,0.127342893578562
SGL_RS06410,SGL_RS06780,0.127122849640736
SGL_RS00320,SGL_RS09065,0.127095891562648
SGL_RS12005,SGL_RS02435,0.12698212903802
SGL_RS04055,SGL_RS04985,0.126939518667352
SGL_RS04725,SGL_RS05185,0.126689865520461
SGL_RS06410,SGL_RS15635,0.126553707476986
SGL_RS06410,SGL_RS06485,0.126518518601041
SGL_RS12430,SGL_RS12175,0.126499107036881
SGL_RS00455,SGL_RS01025,0.126417546860007
SGL_RS15805,SGL_RS08230,0.126344695059135
SGL_RS01980,SGL_RS09520,0.126240567093929
SGL_RS02470,SGL_RS17225,0.126057662142525
SGL_RS06410,SGL_RS09760,0.125969151646295
SGL_RS00515,SGL_RS07500,0.125840250843865
SGL_RS01215,SGL_RS01335,0.125829503960855
SGL_RS17760,SGL_RS16590,0.125722218086367
SGL_RS00455,SGL_RS00935,0.125608568282899
SGL_RS01625,SGL_RS01610,0.12557182691241
SGL_RS00455,SGL_RS15930,0.125556216565923
SGL_RS17395,SGL_RS02475,0.125375904046176
SGL_RS02470,SGL_RS05740,0.12537391051035
SGL_RS07975,SGL_RS14350,0.125321860281219
SGL_RS12005,SGL_RS14455,0.125258095894607
SGL_RS10820,SGL_RS02845,0.125222604962622
SGL_RS00320,SGL_RS14230,0.125131501899536
SGL_RS00455,SGL_RS01050,0.125050686240706
SGL_RS06410,SGL_RS03080,0.125035594759148
SGL_RS01980,SGL_RS09510,0.125024957452469
SGL_RS06480,SGL_RS17080,0.125009939554488
SGL_RS00320,SGL_RS10815,0.124929003609334
SGL_RS06410,SGL_RS08585,0.124922065000976
SGL_RS16495,SGL_RS06930,0.12484746164721
SGL_RS01980,SGL_RS09485,0.124746420784377
SGL_RS06480,SGL_RS12140,0.124693279962592
SGL_RS00400,SGL_RS00110,0.124630038203334
SGL_RS16495,SGL_RS11725,0.124629536458213
SGL_RS18290,SGL_RS12455,0.124605195041003
SGL_RS00515,SGL_RS00590,0.124443041950443
SGL_RS00455,SGL_RS01695,0.124404999785755
SGL_RS09285,SGL_RS12425,0.124401060726568
SGL_RS04725,SGL_RS11495,0.12424204073786
SGL_RS06215,SGL_RS10935,0.124193109250395
SGL_RS12430,SGL_RS02245,0.124168204975473
SGL_RS06215,SGL_RS03440,0.124124449550981
SGL_RS01215,SGL_RS19705,0.124105404343683
SGL_RS12430,SGL_RS04580,0.123891305251092
SGL_RS04055,SGL_RS18805,0.123799070608296
SGL_RS00320,SGL_RS00975,0.12378938703429
SGL_RS00400,SGL_RS00120,0.123760073349477
SGL_RS15210,SGL_RS06775,0.123734241177574
SGL_RS07975,SGL_RS07215,0.123726844425525
SGL_RS10605,SGL_RS16650,0.123651706919957
SGL_RS00400,SGL_RS04635,0.123310596309308
SGL_RS15805,SGL_RS10955,0.123248721110419
SGL_RS05150,SGL_RS13030,0.123203581964366
SGL_RS02470,SGL_RS05725,0.123156630796196
SGL_RS16495,SGL_RS03725,0.123142799910032
SGL_RS12430,SGL_RS08755,0.123137494012813
SGL_RS08210,SGL_RS09875,0.123063682759412
SGL_RS08210,SGL_RS09040,0.123057658561656
SGL_RS06480,SGL_RS06410,0.123037821651024
SGL_RS09285,SGL_RS10015,0.123000470301713
SGL_RS06410,SGL_RS07400,0.122970545156733
SGL_RS16165,SGL_RS16160,0.122733141062636
SGL_RS04820,SGL_RS13975,0.122712377245402
SGL_RS12430,SGL_RS02445,0.1227037261444
SGL_RS17440,SGL_RS06895,0.122646298833042
SGL_RS12430,SGL_RS02725,0.122639531193715
SGL_RS15210,SGL_RS02695,0.122589337376777
SGL_RS15805,SGL_RS15775,0.122549402715157
SGL_RS06410,SGL_RS12620,0.122485205431431
SGL_RS16495,SGL_RS11695,0.122461201787988
SGL_RS16495,SGL_RS17940,0.122446936547906
SGL_RS12430,SGL_RS16980,0.122348517467467
SGL_RS09285,SGL_RS11220,0.122315805244088
SGL_RS12430,SGL_RS12975,0.122271835386754
SGL_RS00320,SGL_RS03580,0.122037185651217
SGL_RS00400,SGL_RS00480,0.121984577097574
SGL_RS00320,SGL_RS15185,0.121931896583109
SGL_RS00075,SGL_RS05530,0.121926940167965
SGL_RS15805,SGL_RS11390,0.121855550810773
SGL_RS15805,SGL_RS08410,0.12181081908122
SGL_RS10820,SGL_RS13590,0.121700576352207
SGL_RS02020,SGL_RS02000,0.12167011106415
SGL_RS11985,SGL_RS11970,0.121645190977187
SGL_RS02510,SGL_RS02515,0.12163776659506
SGL_RS04055,SGL_RS15220,0.121583793218169
SGL_RS11285,SGL_RS04210,0.121571814828256
SGL_RS17760,SGL_RS04920,0.121495793544125
SGL_RS15210,SGL_RS02670,0.121488421151152
SGL_RS08845,SGL_RS18840,0.121399858764068
SGL_RS15805,SGL_RS20085,0.121394138600683
SGL_RS10755,SGL_RS20160,0.121342796671622
SGL_RS17440,SGL_RS11545,0.121339782499029
SGL_RS01955,SGL_RS15500,0.121323559448984
SGL_RS15805,SGL_RS01625,0.121289015669901
SGL_RS00075,SGL_RS09515,0.121190206155065
SGL_RS01980,SGL_RS11010,0.121162550199988
SGL_RS00320,SGL_RS11895,0.121099168311788
SGL_RS04725,SGL_RS10805,0.121006929127518
SGL_RS02470,SGL_RS07245,0.12072964561893
SGL_RS13820,SGL_RS13815,0.120663399875496
SGL_RS00320,SGL_RS18475,0.120630819874326
SGL_RS01255,SGL_RS01215,0.120625154244701
SGL_RS12430,SGL_RS06070,0.12049159390591
SGL_RS16495,SGL_RS04235,0.120408753087412
SGL_RS09285,SGL_RS06235,0.120372791884199
SGL_RS09285,SGL_RS10985,0.120302024002947
SGL_RS04055,SGL_RS18285,0.12028099793269
SGL_RS15805,SGL_RS15150,0.120248314598485
SGL_RS12430,SGL_RS07710,0.120168578524117
SGL_RS12430,SGL_RS04650,0.120094060960314
SGL_RS06215,SGL_RS10500,0.120089762758062
SGL_RS00400,SGL_RS00770,0.120051504188362
SGL_RS06410,SGL_RS08590,0.119861725780938
SGL_RS12430,SGL_RS14360,0.11983084504762
SGL_RS08165,SGL_RS05260,0.11979622761315
SGL_RS00400,SGL_RS00355,0.119789208968774
SGL_RS12595,SGL_RS12290,0.119785451823726
SGL_RS01980,SGL_RS02015,0.119784165744767
SGL_RS15805,SGL_RS16620,0.119730793059592
SGL_RS00320,SGL_RS17350,0.119704804947073
SGL_RS00400,SGL_RS18510,0.119677431414385
SGL_RS00515,SGL_RS11695,0.119580133128133
SGL_RS17245,SGL_RS17715,0.119533094213697
SGL_RS06410,SGL_RS02675,0.119503851258239
SGL_RS00320,SGL_RS16385,0.119234969073962
SGL_RS00320,SGL_RS13125,0.119208575887687
SGL_RS15210,SGL_RS02690,0.119189273512538
SGL_RS12430,SGL_RS06545,0.119125468367153
SGL_RS00400,SGL_RS00340,0.119108617188381
SGL_RS15210,SGL_RS07420,0.119068199207815
SGL_RS12430,SGL_RS06345,0.118992060236663
SGL_RS05150,SGL_RS06855,0.11886275662791
SGL_RS15805,SGL_RS18120,0.118828274112777
SGL_RS17760,SGL_RS12190,0.11880819287526
SGL_RS15805,SGL_RS08790,0.118788558214025
SGL_RS00400,SGL_RS00280,0.118709251774359
SGL_RS00455,SGL_RS12790,0.118703626071553
SGL_RS06215,SGL_RS05845,0.118677433519341
SGL_RS12005,SGL_RS10395,0.118669824999208
SGL_RS12430,SGL_RS08175,0.118647873321228
SGL_RS01980,SGL_RS08320,0.118629560689608
SGL_RS16495,SGL_RS07610,0.118561350175058
SGL_RS00320,SGL_RS17385,0.118558163565169
SGL_RS01980,SGL_RS09515,0.118544938206669
SGL_RS12430,SGL_RS06560,0.11851926450009
SGL_RS04450,SGL_RS05110,0.118508429783606
SGL_RS06410,SGL_RS04670,0.118504433760109
SGL_RS08835,SGL_RS17845,0.118477223702074
SGL_RS00400,SGL_RS04155,0.118420716040043
SGL_RS06340,SGL_RS06940,0.11837653951304
SGL_RS15210,SGL_RS11435,0.118331779225233
SGL_RS01980,SGL_RS08830,0.118298278916773
SGL_RS00400,SGL_RS00305,0.118270894734047
SGL_RS12595,SGL_RS07670,0.118241132487959
SGL_RS12540,SGL_RS16955,0.118207443580353
SGL_RS17120,SGL_RS06010,0.118201735746953
SGL_RS13820,SGL_RS16795,0.118198054125654
SGL_RS00320,SGL_RS14740,0.118163116504057
SGL_RS12430,SGL_RS09325,0.118136542979307
SGL_RS17395,SGL_RS02300,0.118065581145041
SGL_RS06410,SGL_RS05345,0.117927752471043
SGL_RS00400,SGL_RS00015,0.117873284275433
SGL_RS06410,SGL_RS04660,0.117871529151028
SGL_RS15585,SGL_RS14195,0.117811371346667
SGL_RS01980,SGL_RS01990,0.117747606065217
SGL_RS10820,SGL_RS05590,0.117746357298604
SGL_RS04725,SGL_RS07350,0.117727972101855
SGL_RS15965,SGL_RS00440,0.117720422838787
SGL_RS10820,SGL_RS09295,0.117714861533216
SGL_RS05150,SGL_RS05200,0.117709777712086
SGL_RS08835,SGL_RS09525,0.11767616736754
SGL_RS02470,SGL_RS10640,0.117625395967197
SGL_RS00515,SGL_RS08245,0.117526987925671
SGL_RS12430,SGL_RS11500,0.117463107798214
SGL_RS02990,SGL_RS19950,0.117450471054378
SGL_RS06480,SGL_RS12110,0.117423688997762
SGL_RS06340,SGL_RS17125,0.117383748112891
SGL_RS04450,SGL_RS10620,0.11732472941652
SGL_RS00515,SGL_RS04500,0.117246741515877
SGL_RS08835,SGL_RS05565,0.117212136370686
SGL_RS17245,SGL_RS17065,0.117199591102932
SGL_RS06480,SGL_RS06310,0.117151800255278
SGL_RS06480,SGL_RS12135,0.117116948487285
SGL_RS00400,SGL_RS06395,0.117093759346842
SGL_RS17245,SGL_RS04115,0.1170479532617
SGL_RS08835,SGL_RS10705,0.117016610606627
SGL_RS02510,SGL_RS04900,0.116999159626586
SGL_RS12595,SGL_RS07665,0.116997961149901
SGL_RS00320,SGL_RS03610,0.1169539398629
SGL_RS15210,SGL_RS17600,0.116927764894439
SGL_RS06410,SGL_RS02670,0.116880520405635
SGL_RS15805,SGL_RS10610,0.11682269816392
SGL_RS00400,SGL_RS00245,0.116809598137784
SGL_RS00320,SGL_RS17025,0.11679419011645
SGL_RS12430,SGL_RS09795,0.116760161561731
SGL_RS00400,SGL_RS00335,0.116727883559128
SGL_RS00400,SGL_RS00615,0.116697076709299
SGL_RS15965,SGL_RS01060,0.116686666137079
SGL_RS16495,SGL_RS02370,0.11666757319249
SGL_RS00400,SGL_RS00010,0.116646747098421
SGL_RS00400,SGL_RS00225,0.116588796346114
SGL_RS15805,SGL_RS10085,0.116586840381291
SGL_RS17760,SGL_RS17755,0.116585140272087
SGL_RS02990,SGL_RS09330,0.116510288656939
SGL_RS15805,SGL_RS04245,0.116477664458732
SGL_RS00400,SGL_RS16320,0.116476165920618
SGL_RS00455,SGL_RS00925,0.116458229813497
SGL_RS15210,SGL_RS02700,0.116408063278571
SGL_RS12430,SGL_RS13560,0.116395330195955
SGL_RS00515,SGL_RS09025,0.116346774472463
SGL_RS10605,SGL_RS06370,0.116304703756078
SGL_RS15965,SGL_RS00020,0.116188875517889
SGL_RS17395,SGL_RS07775,0.116154971137583
SGL_RS12430,SGL_RS17520,0.116112714883809
SGL_RS15805,SGL_RS06980,0.116057625065726
SGL_RS02470,SGL_RS06210,0.116018481308554
SGL_RS12430,SGL_RS11485,0.115963895585499
SGL_RS00400,SGL_RS01725,0.115955767576393
SGL_RS16495,SGL_RS05805,0.115943666218619
SGL_RS11370,SGL_RS17200,0.115921529397038
SGL_RS17760,SGL_RS09555,0.115835369384597
SGL_RS12430,SGL_RS14090,0.115810821624393
SGL_RS00455,SGL_RS16190,0.115721086437759
SGL_RS10755,SGL_RS10750,0.115719924962818
SGL_RS10820,SGL_RS05365,0.115672879389098
SGL_RS00320,SGL_RS02165,0.11566847653791
SGL_RS08835,SGL_RS11270,0.115647561776673
SGL_RS15805,SGL_RS14465,0.115634157868985
SGL_RS06410,SGL_RS05230,0.115627186598708
SGL_RS15210,SGL_RS06210,0.115594727962508
SGL_RS15805,SGL_RS11490,0.115540636311346
SGL_RS06340,SGL_RS06620,0.11553615339559
SGL_RS10605,SGL_RS06415,0.11549935902847
SGL_RS12430,SGL_RS10140,0.11548488175365
SGL_RS00400,SGL_RS00600,0.115464986060198
SGL_RS05150,SGL_RS10180,0.115459294676385
SGL_RS00400,SGL_RS00575,0.115459040851605
SGL_RS04450,SGL_RS11420,0.115444443238732
SGL_RS12430,SGL_RS02615,0.115346408635454
SGL_RS00455,SGL_RS01425,0.115273224278531
SGL_RS15210,SGL_RS09710,0.115191342569264
SGL_RS00515,SGL_RS18635,0.115122427843762
SGL_RS12430,SGL_RS15125,0.115035462431195
SGL_RS15805,SGL_RS18200,0.114918760228613
SGL_RS06215,SGL_RS07590,0.114913560156027
SGL_RS00455,SGL_RS00930,0.114847239829677
SGL_RS10820,SGL_RS10975,0.114831441156767
SGL_RS00320,SGL_RS18430,0.114816431351203
SGL_RS07535,SGL_RS07640,0.114747355945678
SGL_RS06480,SGL_RS04660,0.114729644775586
SGL_RS06410,SGL_RS17820,0.114659640575542
SGL_RS15805,SGL_RS08765,0.114647897477159
SGL_RS01980,SGL_RS06065,0.114611539476308
SGL_RS17395,SGL_RS10630,0.114571418893886
SGL_RS02990,SGL_RS04820,0.114562649372401
SGL_RS00455,SGL_RS01430,0.114486531977649
SGL_RS10605,SGL_RS13435,0.114345968620204
SGL_RS16165,SGL_RS09505,0.114324485666171
SGL_RS17760,SGL_RS17645,0.114251803052673
SGL_RS04450,SGL_RS18185,0.114222808962205
SGL_RS15805,SGL_RS13995,0.114183426571871
SGL_RS06215,SGL_RS05740,0.114178120854773
SGL_RS16495,SGL_RS03720,0.114145754377402
SGL_RS00075,SGL_RS00385,0.114140982847734
SGL_RS06080,SGL_RS03525,0.114110666587978
SGL_RS08210,SGL_RS07200,0.1140561404558
SGL_RS08835,SGL_RS08680,0.113990339725964
SGL_RS10820,SGL_RS11070,0.113985161370588
SGL_RS12430,SGL_RS08975,0.113940105892828
SGL_RS11370,SGL_RS02100,0.113842523168466
SGL_RS05150,SGL_RS06890,0.113820096182578
SGL_RS00320,SGL_RS08830,0.113815518343353
SGL_RS00400,SGL_RS01690,0.113811643762466
SGL_RS12430,SGL_RS07645,0.113810183853926
SGL_RS13820,SGL_RS15810,0.11379098393085
SGL_RS15805,SGL_RS05620,0.113788102591828
SGL_RS15585,SGL_RS03825,0.113699708071912
SGL_RS00455,SGL_RS08295,0.113593318440762
SGL_RS12430,SGL_RS16850,0.113549819149593
SGL_RS12430,SGL_RS13565,0.113546221106385
SGL_RS12430,SGL_RS16690,0.113535809039386
SGL_RS15805,SGL_RS14140,0.11349558109068
SGL_RS01980,SGL_RS04280,0.113445860384673
SGL_RS02470,SGL_RS10935,0.113439874303142
SGL_RS11985,SGL_RS20190,0.113397098583307
SGL_RS10605,SGL_RS08630,0.113396626189478
SGL_RS01980,SGL_RS01845,0.113351758554678
SGL_RS16080,SGL_RS19855,0.113345462569638
SGL_RS12430,SGL_RS15130,0.113313999563031
SGL_RS06410,SGL_RS13200,0.11327785579921
SGL_RS01980,SGL_RS04930,0.11324849537995
SGL_RS06215,SGL_RS07595,0.113234497582539
SGL_RS12430,SGL_RS12450,0.113214078006065
SGL_RS00400,SGL_RS00285,0.113150502390161
SGL_RS15805,SGL_RS04845,0.113141653135714
SGL_RS06410,SGL_RS12125,0.113127090621307
SGL_RS06215,SGL_RS16605,0.113100425539058
SGL_RS00515,SGL_RS19145,0.113097530292192
SGL_RS12430,SGL_RS13735,0.113069201726244
SGL_RS00320,SGL_RS00595,0.112903186690149
SGL_RS15805,SGL_RS15570,0.112879208781768
SGL_RS10605,SGL_RS02255,0.11283233931934
SGL_RS03065,SGL_RS06760,0.112823412160594
SGL_RS12430,SGL_RS03260,0.112806139230632
SGL_RS03065,SGL_RS08260,0.112774358282305
SGL_RS17395,SGL_RS13120,0.112719023583792
SGL_RS12430,SGL_RS06460,0.112716841491117
SGL_RS15805,SGL_RS14080,0.112712715653026
SGL_RS15210,SGL_RS08585,0.11267568365339
SGL_RS17395,SGL_RS15335,0.11266977627535
SGL_RS09285,SGL_RS08920,0.112658635405351
SGL_RS15210,SGL_RS07405,0.112656331088135
SGL_RS08835,SGL_RS05525,0.112651728971462
SGL_RS16495,SGL_RS14890,0.112633952240071
SGL_RS06410,SGL_RS13450,0.112592677512748
SGL_RS02020,SGL_RS01945,0.112573504033701
SGL_RS16080,SGL_RS09240,0.112513401582839
SGL_RS00455,SGL_RS03630,0.112440745552852
SGL_RS12430,SGL_RS03450,0.112420956943085
SGL_RS06410,SGL_RS02600,0.112409677374622
SGL_RS10605,SGL_RS08455,0.112378519658419
SGL_RS07740,SGL_RS11215,0.112358798101111
SGL_RS03065,SGL_RS02225,0.112343404474881
SGL_RS17440,SGL_RS06720,0.112306295710337
SGL_RS10605,SGL_RS08505,0.112305284620981
SGL_RS04055,SGL_RS15375,0.112276997237983
SGL_RS15805,SGL_RS12345,0.112236147180849
SGL_RS08165,SGL_RS01825,0.112229148772132
SGL_RS12540,SGL_RS08815,0.112210289797293
SGL_RS00320,SGL_RS00100,0.112198990796541
SGL_RS12430,SGL_RS07140,0.112158618010583
SGL_RS08835,SGL_RS12195,0.112090585176683
SGL_RS17395,SGL_RS12770,0.112064610281229
SGL_RS13130,SGL_RS03490,0.112059757949645
SGL_RS15210,SGL_RS11735,0.112018383057065
SGL_RS15210,SGL_RS11675,0.111984172442498
SGL_RS00320,SGL_RS09840,0.111969578302103
SGL_RS03065,SGL_RS11035,0.111953047036496
SGL_RS08500,SGL_RS07125,0.111950280659161
SGL_RS08210,SGL_RS06920,0.111948552218287
SGL_RS15965,SGL_RS00400,0.111947749523296
SGL_RS12430,SGL_RS10425,0.11192137661511
SGL_RS04055,SGL_RS12835,0.111843748771534
SGL_RS16495,SGL_RS07785,0.1118032134978
SGL_RS06215,SGL_RS10145,0.111774872317954
SGL_RS16495,SGL_RS14670,0.111771503647022
SGL_RS00400,SGL_RS00385,0.111766065236428
SGL_RS12430,SGL_RS10220,0.111758228208294
SGL_RS04055,SGL_RS07885,0.111703124080323
SGL_RS16495,SGL_RS03695,0.111696453608907
SGL_RS15805,SGL_RS14860,0.111648061033478
SGL_RS12430,SGL_RS07845,0.111644844877872
SGL_RS15805,SGL_RS11650,0.111630026210231
SGL_RS11370,SGL_RS15190,0.111628346254651
SGL_RS15805,SGL_RS09775,0.111592748462665
SGL_RS08210,SGL_RS02565,0.111528453981601
SGL_RS08845,SGL_RS06295,0.111461331956424
SGL_RS10605,SGL_RS04315,0.111432702637436
SGL_RS09285,SGL_RS12760,0.111404703199104
SGL_RS04820,SGL_RS12845,0.111341461770195
SGL_RS00320,SGL_RS13570,0.11128895881642
SGL_RS04055,SGL_RS19765,0.111186646361259
SGL_RS00400,SGL_RS00540,0.111142202908893
SGL_RS09285,SGL_RS05140,0.111125098683847
SGL_RS15805,SGL_RS13445,0.111089087394178
SGL_RS10605,SGL_RS05220,0.111087274895479
SGL_RS00455,SGL_RS01600,0.111051030355733
SGL_RS15805,SGL_RS03125,0.111011389241663
SGL_RS10820,SGL_RS19625,0.110995357057472
SGL_RS00320,SGL_RS00900,0.110970993134776
SGL_RS00400,SGL_RS00725,0.110941134196089
SGL_RS00400,SGL_RS03640,0.110916368279795
SGL_RS12430,SGL_RS05555,0.110914547257282
SGL_RS12430,SGL_RS01905,0.110908072311275
SGL_RS15210,SGL_RS09490,0.110872029574461
SGL_RS17395,SGL_RS13850,0.11081454054626
SGL_RS10820,SGL_RS05585,0.110812549861877
SGL_RS10605,SGL_RS08620,0.110811159654903
SGL_RS09285,SGL_RS05870,0.110782785722533
SGL_RS04055,SGL_RS10260,0.110781253991624
SGL_RS00455,SGL_RS00525,0.110708859858356
SGL_RS12595,SGL_RS06745,0.110665819754073
SGL_RS12595,SGL_RS13885,0.110632509060732
SGL_RS17395,SGL_RS07825,0.110597006901538
SGL_RS15805,SGL_RS07060,0.110594604527152
SGL_RS00320,SGL_RS13675,0.110566723067419
SGL_RS00515,SGL_RS18320,0.110492647028455
SGL_RS04725,SGL_RS04250,0.110491077136708
SGL_RS06215,SGL_RS19460,0.110459274120599
SGL_RS12430,SGL_RS03130,0.11043795557818
SGL_RS06410,SGL_RS03350,0.110437542195758
SGL_RS00400,SGL_RS15960,0.110431457370584
SGL_RS17245,SGL_RS08030,0.110345878343266
SGL_RS02990,SGL_RS16920,0.11033442246525
SGL_RS01955,SGL_RS13525,0.110331703330385
SGL_RS16080,SGL_RS13075,0.110326166698696
SGL_RS00320,SGL_RS10040,0.110302250470776
SGL_RS12430,SGL_RS04370,0.110267026748326
SGL_RS08080,SGL_RS08075,0.110231346666182
SGL_RS09285,SGL_RS11080,0.110222365667446
SGL_RS00455,SGL_RS01015,0.110218015815616
SGL_RS04055,SGL_RS10480,0.110202474748347
SGL_RS12430,SGL_RS11510,0.110200933833619
SGL_RS12430,SGL_RS03395,0.11019696136201
SGL_RS15805,SGL_RS13150,0.110182581087764
SGL_RS15805,SGL_RS14905,0.110167696622114
SGL_RS01625,SGL_RS13150,0.11013975263836
SGL_RS15965,SGL_RS16210,0.110137245713827
SGL_RS06080,SGL_RS10755,0.110134222528701
SGL_RS06410,SGL_RS11340,0.110114631956319
SGL_RS06410,SGL_RS06805,0.110100682167758
SGL_RS15805,SGL_RS10430,0.11002747390132
SGL_RS01980,SGL_RS00115,0.109994906192929
SGL_RS12430,SGL_RS15390,0.109988067397337
SGL_RS01980,SGL_RS00385,0.109985510470372
SGL_RS00075,SGL_RS00635,0.109971206350503
SGL_RS10820,SGL_RS04850,0.109942827043493
SGL_RS15210,SGL_RS13430,0.109935244789513
SGL_RS12430,SGL_RS04725,0.109930239789575
SGL_RS15805,SGL_RS07805,0.109928709664
SGL_RS01215,SGL_RS01235,0.109904092402541
SGL_RS11370,SGL_RS08745,0.109879154691596
SGL_RS00515,SGL_RS12075,0.109852411793642
SGL_RS10605,SGL_RS14110,0.109828550461252
SGL_RS12430,SGL_RS03840,0.109801752876125
SGL_RS01980,SGL_RS03650,0.10976063174956
SGL_RS06410,SGL_RS13415,0.109730487538008
SGL_RS12430,SGL_RS13380,0.10972305562855
SGL_RS06340,SGL_RS08250,0.109700874023691
SGL_RS11985,SGL_RS07460,0.109695402414319
SGL_RS12430,SGL_RS07580,0.109691261170246
SGL_RS04725,SGL_RS10665,0.109667104042598
SGL_RS10605,SGL_RS13660,0.109619278313673
SGL_RS16495,SGL_RS13615,0.109605867189571
SGL_RS06410,SGL_RS07380,0.109600067706281
SGL_RS06215,SGL_RS03990,0.109555050686358
SGL_RS00320,SGL_RS03700,0.109519995197487
SGL_RS15805,SGL_RS08600,0.109473818865175
SGL_RS17760,SGL_RS05560,0.109449972564303
SGL_RS00320,SGL_RS10405,0.109341920690024
SGL_RS04725,SGL_RS11020,0.109334584819271
SGL_RS15805,SGL_RS15530,0.109331617000674
SGL_RS12595,SGL_RS10575,0.10931747816148
SGL_RS00455,SGL_RS15730,0.109285119454187
SGL_RS18290,SGL_RS13490,0.109273651699455
SGL_RS00400,SGL_RS00270,0.109230879337383
SGL_RS15210,SGL_RS07410,0.109172342706119
SGL_RS06410,SGL_RS07945,0.109157503261307
SGL_RS16495,SGL_RS04890,0.109132593839141
SGL_RS12430,SGL_RS18240,0.10913058130303
SGL_RS08835,SGL_RS11595,0.109117534270249
SGL_RS08080,SGL_RS15370,0.109093261323425
SGL_RS03065,SGL_RS02740,0.109069818255921
SGL_RS14385,SGL_RS15640,0.109068827100982
SGL_RS01215,SGL_RS01650,0.109067696245412
SGL_RS00075,SGL_RS00395,0.109058329275896
SGL_RS00515,SGL_RS16425,0.109045066728446
SGL_RS00515,SGL_RS11725,0.109039943513626
SGL_RS04055,SGL_RS18965,0.109020879381428
SGL_RS10820,SGL_RS05030,0.108976736197284
SGL_RS06480,SGL_RS19915,0.108939957210001
SGL_RS17760,SGL_RS14795,0.10893111165069
SGL_RS12430,SGL_RS06550,0.108920131909935
SGL_RS05150,SGL_RS15650,0.108919583030086
SGL_RS00455,SGL_RS16410,0.108900625397321
SGL_RS12430,SGL_RS15205,0.108896997941805
SGL_RS07740,SGL_RS06475,0.108869964022394
SGL_RS07535,SGL_RS06240,0.10883782434502
SGL_RS15210,SGL_RS08580,0.108832501582518
SGL_RS17395,SGL_RS12550,0.10882671382562
SGL_RS10820,SGL_RS01535,0.108804277431929
SGL_RS12595,SGL_RS12585,0.108803045301642
SGL_RS03065,SGL_RS06560,0.108788696222577
SGL_RS02020,SGL_RS08955,0.108781881784266
SGL_RS06215,SGL_RS13135,0.108765763252218
SGL_RS13130,SGL_RS11285,0.108759796150224
SGL_RS16080,SGL_RS09905,0.108683326526531
SGL_RS02990,SGL_RS15170,0.108658033940535
SGL_RS00075,SGL_RS17585,0.108647181975887
SGL_RS00455,SGL_RS00990,0.108643571911367
SGL_RS07740,SGL_RS05130,0.108637450261832
SGL_RS11370,SGL_RS07900,0.108608793304801
SGL_RS04450,SGL_RS11645,0.108603270393732
SGL_RS13820,SGL_RS17900,0.10859153411972
SGL_RS15210,SGL_RS08565,0.108578398579021
SGL_RS00455,SGL_RS01020,0.108546953686486
SGL_RS06480,SGL_RS13450,0.108536312775423
SGL_RS17395,SGL_RS02805,0.108483992617124
SGL_RS15805,SGL_RS08180,0.108476194631485
SGL_RS09285,SGL_RS16505,0.108473429827492
SGL_RS15210,SGL_RS01800,0.108445133401761
SGL_RS10605,SGL_RS08065,0.108427604686257
SGL_RS10605,SGL_RS08445,0.108417277279347
SGL_RS15805,SGL_RS14385,0.108409391460227
SGL_RS15965,SGL_RS16005,0.108388565521817
SGL_RS06215,SGL_RS12000,0.108366167477614
SGL_RS10605,SGL_RS04595,0.108340597979233
SGL_RS09285,SGL_RS08925,0.108325332100719
SGL_RS06410,SGL_RS04265,0.108263619874193
SGL_RS12430,SGL_RS07055,0.108248255793828
SGL_RS01980,SGL_RS00335,0.108243063563207
SGL_RS17760,SGL_RS02930,0.108217069117306
SGL_RS00670,SGL_RS00775,0.108186320131189
SGL_RS12430,SGL_RS11275,0.10816810027979
SGL_RS03065,SGL_RS07730,0.108143183019867
SGL_RS17760,SGL_RS09245,0.108132502618088
SGL_RS09285,SGL_RS08220,0.108129034262696
SGL_RS15805,SGL_RS06260,0.108121697230386
SGL_RS06340,SGL_RS00805,0.10810998472858
SGL_RS00320,SGL_RS11875,0.108072017318744
SGL_RS08210,SGL_RS11845,0.108062153390275
SGL_RS06480,SGL_RS12210,0.108056706318898
SGL_RS04615,SGL_RS05645,0.108018127350715
SGL_RS10820,SGL_RS06445,0.108006304501097
SGL_RS15965,SGL_RS00365,0.108005001856975
SGL_RS16165,SGL_RS16145,0.1079627659395
SGL_RS08165,SGL_RS07525,0.107931431841226
SGL_RS12430,SGL_RS18310,0.107883919537781
SGL_RS04725,SGL_RS16295,0.107839424293758
SGL_RS04725,SGL_RS14285,0.107806653816606
SGL_RS12430,SGL_RS09320,0.107800125049126
SGL_RS01980,SGL_RS02385,0.107796038600076
SGL_RS15210,SGL_RS19575,0.10773728507583
SGL_RS08835,SGL_RS11160,0.107733764238762
SGL_RS06410,SGL_RS20030,0.107718004899198
SGL_RS15805,SGL_RS06215,0.107702216667993
SGL_RS01980,SGL_RS02020,0.107696672303669
SGL_RS15805,SGL_RS13895,0.107696653753024
SGL_RS12430,SGL_RS06450,0.107691181075204
SGL_RS12430,SGL_RS15105,0.107685537085515
SGL_RS00400,SGL_RS17885,0.10768240255398
SGL_RS06480,SGL_RS18205,0.10767979084831
SGL_RS00400,SGL_RS07075,0.107645287884258
SGL_RS06215,SGL_RS05940,0.107643165874904
SGL_RS16495,SGL_RS12225,0.107615449203386
SGL_RS15805,SGL_RS12590,0.10755354602367
SGL_RS08835,SGL_RS02935,0.107537571056068
SGL_RS04725,SGL_RS15840,0.107530505460187
SGL_RS15805,SGL_RS06040,0.107523534982005
SGL_RS05150,SGL_RS09755,0.10750508429766
SGL_RS12430,SGL_RS10575,0.107484230473619
SGL_RS17245,SGL_RS05715,0.10746943642449
SGL_RS15210,SGL_RS04095,0.107464044977827
SGL_RS07975,SGL_RS05010,0.107439653779321
SGL_RS02470,SGL_RS11200,0.107417207854278
SGL_RS00515,SGL_RS17940,0.107390958532843
SGL_RS12430,SGL_RS05615,0.107370146031964
SGL_RS10605,SGL_RS15145,0.107365276042101
SGL_RS10820,SGL_RS14370,0.107363552298616
SGL_RS15805,SGL_RS18280,0.10734464423613
SGL_RS15805,SGL_RS16940,0.107325761098311
SGL_RS13130,SGL_RS16905,0.107303251028765
SGL_RS16495,SGL_RS07115,0.107299027639274
SGL_RS10820,SGL_RS04855,0.107297229988285
SGL_RS15805,SGL_RS14135,0.107292070737957
SGL_RS12430,SGL_RS11610,0.107278200558551
SGL_RS11985,SGL_RS13655,0.107251231487658
SGL_RS06215,SGL_RS18275,0.107247474574566
SGL_RS17245,SGL_RS10505,0.107229012490484
SGL_RS12430,SGL_RS12675,0.107190279834275
SGL_RS04450,SGL_RS12850,0.107169429291639
SGL_RS00075,SGL_RS00005,0.107148761650736
SGL_RS12005,SGL_RS15195,0.107140661551807
SGL_RS04450,SGL_RS10800,0.107140639868553
SGL_RS12430,SGL_RS02330,0.107120278972155
SGL_RS12430,SGL_RS12465,0.107104904917128
SGL_RS15805,SGL_RS15785,0.107085503807652
SGL_RS09285,SGL_RS06985,0.107060415701978
SGL_RS10605,SGL_RS02530,0.107025801294114
SGL_RS06480,SGL_RS12130,0.106975830997559
SGL_RS17245,SGL_RS10510,0.10696459882664
SGL_RS15805,SGL_RS16875,0.106958089306426
SGL_RS17760,SGL_RS11885,0.106946062391112
SGL_RS01980,SGL_RS00080,0.106944720987908
SGL_RS14385,SGL_RS14250,0.106944564637926
SGL_RS08210,SGL_RS10775,0.106926948378913
SGL_RS15805,SGL_RS02615,0.106916794354297
SGL_RS16495,SGL_RS06820,0.106892326220611
SGL_RS08835,SGL_RS14835,0.10687809569235
SGL_RS17245,SGL_RS12605,0.106857440788677
SGL_RS15805,SGL_RS09985,0.106853787351475
SGL_RS12540,SGL_RS08090,0.106839749787323
SGL_RS15210,SGL_RS06770,0.106833611512359
SGL_RS00075,SGL_RS00475,0.106830308398753
SGL_RS08210,SGL_RS14300,0.106772871968732
SGL_RS00400,SGL_RS10045,0.106756276724997
SGL_RS00320,SGL_RS01830,0.106755236901093
SGL_RS15210,SGL_RS09705,0.106748939933245
SGL_RS06480,SGL_RS12105,0.106740946748623
SGL_RS00515,SGL_RS09970,0.106736315127923
SGL_RS00400,SGL_RS00470,0.106727499194108
SGL_RS00400,SGL_RS01320,0.106716700128254
SGL_RS00455,SGL_RS08290,0.106706451546982
SGL_RS00400,SGL_RS00330,0.10669884522257
SGL_RS16080,SGL_RS19715,0.106682824724867
SGL_RS17395,SGL_RS14025,0.106682221217954
SGL_RS02020,SGL_RS02005,0.106679855490224
SGL_RS04055,SGL_RS05040,0.106673355862346
SGL_RS08835,SGL_RS14685,0.106666614733052
SGL_RS06480,SGL_RS12120,0.106622473156365
SGL_RS12430,SGL_RS02780,0.106612532951191
SGL_RS01955,SGL_RS18245,0.106610586117822
SGL_RS01625,SGL_RS09870,0.106542184881184
SGL_RS00320,SGL_RS17370,0.106541704126514
SGL_RS14610,SGL_RS07700,0.106507465413256
SGL_RS00400,SGL_RS01715,0.106500916616623
SGL_RS04725,SGL_RS09715,0.106488171646414
SGL_RS12005,SGL_RS04355,0.106467565927726
SGL_RS12430,SGL_RS13180,0.106400857823474
SGL_RS00400,SGL_RS01840,0.106389898114409
SGL_RS12595,SGL_RS10140,0.106379667702157
SGL_RS15210,SGL_RS05670,0.106306979824163
SGL_RS00400,SGL_RS00005,0.106289677776135
SGL_RS04725,SGL_RS04340,0.10626330032644
SGL_RS15965,SGL_RS00280,0.10624157155095
SGL_RS15965,SGL_RS04640,0.106234242700258
SGL_RS10820,SGL_RS05515,0.106223682332949
SGL_RS11370,SGL_RS13785,0.106208342046609
SGL_RS12595,SGL_RS08915,0.106200938127006
SGL_RS15805,SGL_RS10795,0.106199313634122
SGL_RS10820,SGL_RS10695,0.10618898608342
SGL_RS12005,SGL_RS04660,0.106178376068325
SGL_RS15805,SGL_RS07065,0.106158846869128
SGL_RS15805,SGL_RS16430,0.106150439012413
SGL_RS12430,SGL_RS05440,0.106109784549626
SGL_RS01625,SGL_RS13895,0.106050786247412
SGL_RS12430,SGL_RS13190,0.106046384266731
SGL_RS00400,SGL_RS07465,0.106044466334508
SGL_RS01625,SGL_RS08885,0.106015886909857
SGL_RS00670,SGL_RS01815,0.105997782565997
SGL_RS08835,SGL_RS10790,0.105984953155367
SGL_RS09285,SGL_RS08750,0.105973408019782
SGL_RS07975,SGL_RS17530,0.105950027969502
SGL_RS15805,SGL_RS03075,0.105916105337616
SGL_RS07740,SGL_RS07555,0.105879381146271
SGL_RS17760,SGL_RS09080,0.10586562009094
SGL_RS02470,SGL_RS07560,0.105859920617479
SGL_RS01980,SGL_RS16385,0.105853606218375
SGL_RS04725,SGL_RS05080,0.105851229999555
SGL_RS00075,SGL_RS04930,0.105836661339083
SGL_RS00320,SGL_RS00040,0.10583447650403
SGL_RS12430,SGL_RS06970,0.105827277017489
SGL_RS01215,SGL_RS01355,0.105796535769479
SGL_RS15805,SGL_RS05175,0.105794975514438
SGL_RS07730,SGL_RS13325,0.105786138071053
SGL_RS08835,SGL_RS02955,0.105758103759537
SGL_RS14610,SGL_RS15055,0.105709873306537
SGL_RS10820,SGL_RS05310,0.105704380395915
SGL_RS12430,SGL_RS10610,0.105691178842642
SGL_RS15805,SGL_RS04075,0.105669916451823
SGL_RS16080,SGL_RS19865,0.105653759959611
SGL_RS04725,SGL_RS04915,0.105640968607927
SGL_RS17395,SGL_RS13975,0.105623789700069
SGL_RS10605,SGL_RS06795,0.105623154898826
SGL_RS10820,SGL_RS16950,0.105617781144843
SGL_RS01980,SGL_RS04150,0.105606519247374
SGL_RS12430,SGL_RS07815,0.105602324473508
SGL_RS17760,SGL_RS17675,0.105549419328104
SGL_RS10820,SGL_RS13040,0.10550600433347
SGL_RS15805,SGL_RS07250,0.105502078175923
SGL_RS15805,SGL_RS16775,0.105498642744081
SGL_RS12595,SGL_RS13900,0.105446357509124
SGL_RS04055,SGL_RS15245,0.105428139739603
SGL_RS17760,SGL_RS04290,0.105423405508799
SGL_RS13130,SGL_RS07300,0.105412023163183
SGL_RS12430,SGL_RS10400,0.105398987194793
SGL_RS00455,SGL_RS00450,0.105389327882916
SGL_RS06410,SGL_RS15005,0.105388980629259
SGL_RS18290,SGL_RS08105,0.105378505227456
SGL_RS07740,SGL_RS04830,0.105358230552199
SGL_RS15805,SGL_RS15870,0.105347628213228
SGL_RS15805,SGL_RS03115,0.105340060466103
SGL_RS10605,SGL_RS09985,0.105337046332245
SGL_RS01980,SGL_RS16245,0.105305425542841
SGL_RS15965,SGL_RS15675,0.105298137601791
SGL_RS00400,SGL_RS08730,0.105297724701971
SGL_RS00320,SGL_RS02605,0.105268289427094
SGL_RS15805,SGL_RS09375,0.105245629887417
SGL_RS12005,SGL_RS00445,0.105243167436578
SGL_RS04055,SGL_RS05880,0.105240743709478
SGL_RS12430,SGL_RS16590,0.105234800171457
SGL_RS00400,SGL_RS16235,0.105231037197501
SGL_RS00400,SGL_RS00570,0.105204928332294
SGL_RS00075,SGL_RS01855,0.105201073028648
SGL_RS04725,SGL_RS17740,0.105195132680382
SGL_RS04450,SGL_RS05730,0.105156324939037
SGL_RS01625,SGL_RS06565,0.105154240251113
SGL_RS04055,SGL_RS10455,0.105150841910416
SGL_RS16495,SGL_RS11765,0.105124736687232
SGL_RS17760,SGL_RS18235,0.105055059410469
SGL_RS06410,SGL_RS07385,0.105042601163887
SGL_RS07740,SGL_RS03225,0.105040735473476
SGL_RS04450,SGL_RS10005,0.105035501294152
SGL_RS12430,SGL_RS07350,0.104992585931542
SGL_RS12595,SGL_RS06605,0.10498634244211
SGL_RS18290,SGL_RS02415,0.104981758386131
SGL_RS09285,SGL_RS17130,0.104971548375438
SGL_RS12430,SGL_RS15110,0.104969356356597
SGL_RS11370,SGL_RS11980,0.104961998874522
SGL_RS09285,SGL_RS06640,0.104956267963549
SGL_RS17395,SGL_RS12775,0.104929865057015
SGL_RS10820,SGL_RS15025,0.104928867004071
SGL_RS15805,SGL_RS06355,0.104915941441694
SGL_RS06410,SGL_RS11735,0.104910096761293
SGL_RS10820,SGL_RS14695,0.104873495484516
SGL_RS00400,SGL_RS18485,0.104853304070181
SGL_RS15965,SGL_RS19195,0.104852612223283
SGL_RS07730,SGL_RS03895,0.104848965707974
SGL_RS15805,SGL_RS10020,0.104838516123425
SGL_RS15805,SGL_RS11385,0.10480540934876
SGL_RS01980,SGL_RS03645,0.104783223178775
SGL_RS12430,SGL_RS10445,0.104781095294006
SGL_RS02990,SGL_RS09350,0.10472878167161
SGL_RS15210,SGL_RS06445,0.104712013407728
SGL_RS13130,SGL_RS15560,0.104710612066227
SGL_RS15210,SGL_RS05240,0.104708457154925
SGL_RS16165,SGL_RS04560,0.10467299454513
SGL_RS16495,SGL_RS14935,0.104614798045538
SGL_RS17760,SGL_RS15405,0.104600555145055
SGL_RS17395,SGL_RS10625,0.104591917787139
SGL_RS09285,SGL_RS17415,0.104589051257782
SGL_RS12430,SGL_RS06675,0.10455633475262
SGL_RS17395,SGL_RS14950,0.104551763747608
SGL_RS14385,SGL_RS08620,0.104541160220406
SGL_RS11985,SGL_RS04560,0.104540268382161
SGL_RS00320,SGL_RS07275,0.104536826351337
SGL_RS06410,SGL_RS07390,0.104528921706996
SGL_RS17760,SGL_RS17995,0.104520423985697
SGL_RS14385,SGL_RS16645,0.104517145450769
SGL_RS12005,SGL_RS11170,0.104516753935511
SGL_RS04055,SGL_RS01270,0.104512345033494
SGL_RS06340,SGL_RS04820,0.104491260215466
SGL_RS15805,SGL_RS13530,0.104485648104318
SGL_RS15805,SGL_RS16615,0.104452055358879
SGL_RS06080,SGL_RS19425,0.104439958013208
SGL_RS12430,SGL_RS18095,0.104428828195378
SGL_RS09285,SGL_RS05440,0.104428153918093
SGL_RS15965,SGL_RS00235,0.104426008571329
SGL_RS06410,SGL_RS04540,0.104420812978943
SGL_RS18290,SGL_RS17835,0.10442072325533
SGL_RS17120,SGL_RS14775,0.104390673260987
SGL_RS15805,SGL_RS05220,0.104376413233747
SGL_RS02470,SGL_RS05845,0.104318577945382
SGL_RS17440,SGL_RS02175,0.104293856654335
SGL_RS17395,SGL_RS14560,0.104288122351748
SGL_RS09285,SGL_RS18160,0.104283471413095
SGL_RS08835,SGL_RS04140,0.10427727327507
SGL_RS15805,SGL_RS08505,0.104244267300152
SGL_RS12430,SGL_RS04435,0.104227501332434
SGL_RS06410,SGL_RS05540,0.104219272494126
SGL_RS17245,SGL_RS13555,0.104209931702594
SGL_RS15805,SGL_RS09320,0.104189253632018
SGL_RS17395,SGL_RS11835,0.104188701898147
SGL_RS09285,SGL_RS06035,0.104147462700201
SGL_RS00670,SGL_RS18470,0.10414743689551
SGL_RS15805,SGL_RS11660,0.104133898124347
SGL_RS15805,SGL_RS17405,0.104126360468388
SGL_RS04725,SGL_RS09075,0.104113138947859
SGL_RS10820,SGL_RS03120,0.104099610278796
SGL_RS14610,SGL_RS04040,0.104065349881824
SGL_RS17440,SGL_RS02815,0.104058986155825
SGL_RS13820,SGL_RS13265,0.104036726637576
SGL_RS08835,SGL_RS19530,0.104033355488657
SGL_RS12430,SGL_RS11635,0.104029891942492
SGL_RS07730,SGL_RS13090,0.104011717260668
SGL_RS17440,SGL_RS10335,0.103978251816444
SGL_RS12430,SGL_RS03115,0.103962403154746
SGL_RS01980,SGL_RS13810,0.103952174493624
SGL_RS06340,SGL_RS13970,0.103930808955451
SGL_RS10605,SGL_RS10660,0.103913166821178
SGL_RS10605,SGL_RS14570,0.103907374206297
SGL_RS13130,SGL_RS17190,0.103903149950099
SGL_RS00455,SGL_RS00720,0.103891359010929
SGL_RS08500,SGL_RS04865,0.103869176812692
SGL_RS12540,SGL_RS12750,0.103863684104396
SGL_RS12430,SGL_RS10340,0.103835085194047
SGL_RS08835,SGL_RS17775,0.103832224739831
SGL_RS06480,SGL_RS06805,0.103821515874048
SGL_RS06410,SGL_RS05775,0.103803245106664
SGL_RS12430,SGL_RS02430,0.103787658862183
SGL_RS10820,SGL_RS15900,0.103771386201451
SGL_RS17395,SGL_RS17125,0.103769075199295
SGL_RS15245,SGL_RS13855,0.103753086526669
SGL_RS17760,SGL_RS09780,0.103747438387907
SGL_RS10605,SGL_RS01955,0.10374439321727
SGL_RS11285,SGL_RS14655,0.103744017410844
SGL_RS12430,SGL_RS08980,0.103721778095512
SGL_RS06080,SGL_RS07210,0.103717707798466
SGL_RS16495,SGL_RS03165,0.10369962291524
SGL_RS03065,SGL_RS15355,0.103688896246829
SGL_RS09285,SGL_RS02450,0.103681128833242
SGL_RS14540,SGL_RS03515,0.103619991940805
SGL_RS17120,SGL_RS10200,0.103604855920185
SGL_RS08165,SGL_RS20095,0.103597441232773
SGL_RS06215,SGL_RS19170,0.103569964432874
SGL_RS00075,SGL_RS02050,0.103567137314943
SGL_RS04820,SGL_RS03770,0.103566778136049
SGL_RS10820,SGL_RS16270,0.103555207601909
SGL_RS17395,SGL_RS11025,0.103542562064068
SGL_RS10605,SGL_RS02310,0.103526932148512
SGL_RS15965,SGL_RS06075,0.103521671395295
SGL_RS12430,SGL_RS07160,0.103521449655716
SGL_RS17760,SGL_RS08850,0.103515088469867
SGL_RS10820,SGL_RS10685,0.103508128130615
SGL_RS12430,SGL_RS15340,0.103507887621431
SGL_RS15805,SGL_RS10985,0.103483752265654
SGL_RS08500,SGL_RS12945,0.103462797168559
SGL_RS17395,SGL_RS13870,0.103447929441986
SGL_RS00320,SGL_RS07095,0.103437928881375
SGL_RS03065,SGL_RS15760,0.103432193134156
SGL_RS04820,SGL_RS09225,0.103415817180318
SGL_RS15965,SGL_RS07930,0.103402923427274
SGL_RS06410,SGL_RS07405,0.103401504227362
SGL_RS04725,SGL_RS13990,0.103400196136051
SGL_RS01980,SGL_RS12630,0.103394716603986
SGL_RS11285,SGL_RS02850,0.103393361071422
SGL_RS12430,SGL_RS11755,0.103387311168191
SGL_RS01980,SGL_RS02010,0.103355437152191
SGL_RS06340,SGL_RS16530,0.103347557058319
SGL_RS12430,SGL_RS04100,0.103337744109642
SGL_RS15805,SGL_RS16610,0.103333185002331
SGL_RS06215,SGL_RS12880,0.103333116156231
SGL_RS08500,SGL_RS17050,0.103316902361483
SGL_RS07730,SGL_RS13840,0.103314460750721
SGL_RS00400,SGL_RS00025,0.103312249293878
SGL_RS11370,SGL_RS04785,0.103302391633479
SGL_RS09285,SGL_RS04845,0.103301057590472
SGL_RS12540,SGL_RS15055,0.103278612978541
SGL_RS06410,SGL_RS15000,0.103274141544661
SGL_RS04055,SGL_RS12470,0.103257024621873
SGL_RS08835,SGL_RS12565,0.103252787022927
SGL_RS00075,SGL_RS13595,0.103241361273114
SGL_RS12430,SGL_RS06105,0.103217632617785
SGL_RS06410,SGL_RS05925,0.103193783505128
SGL_RS08835,SGL_RS02215,0.103157023384155
SGL_RS17245,SGL_RS14600,0.1031534661427
SGL_RS02020,SGL_RS00430,0.103146694653297
SGL_RS00400,SGL_RS01445,0.103137248109876
SGL_RS15805,SGL_RS04370,0.103126480799531
SGL_RS17395,SGL_RS17620,0.103119913386809
SGL_RS18290,SGL_RS10110,0.103115673871383
SGL_RS15965,SGL_RS03625,0.103115205707907
SGL_RS16495,SGL_RS06000,0.103087614796003
SGL_RS01215,SGL_RS01255,0.103084353852542
SGL_RS17760,SGL_RS19535,0.103074125792541
SGL_RS06080,SGL_RS19375,0.103072147349089
SGL_RS12595,SGL_RS13880,0.103032103288437
SGL_RS08165,SGL_RS15065,0.103019073141902
SGL_RS12430,SGL_RS07585,0.103011662180501
SGL_RS13130,SGL_RS09825,0.102975080314495
SGL_RS15965,SGL_RS16380,0.102959287770332
SGL_RS10605,SGL_RS13230,0.102952661089335
SGL_RS04055,SGL_RS17345,0.102946913164221
SGL_RS10820,SGL_RS15670,0.102927624924045
SGL_RS08210,SGL_RS10105,0.102921461962324
SGL_RS13130,SGL_RS18290,0.102896843152703
SGL_RS08835,SGL_RS02525,0.102896522966658
SGL_RS06080,SGL_RS06910,0.102891952376478
SGL_RS15215,SGL_RS13260,0.102881501592189
SGL_RS16165,SGL_RS11985,0.102875445870454
SGL_RS14540,SGL_RS00810,0.102867653102744
SGL_RS00515,SGL_RS00565,0.102837962527614
SGL_RS17760,SGL_RS04680,0.102815708544994
SGL_RS00400,SGL_RS14845,0.102813225584871
SGL_RS08835,SGL_RS11135,0.102801088107943
SGL_RS13820,SGL_RS16840,0.102797386624974
SGL_RS09285,SGL_RS15330,0.102794459275968
SGL_RS00075,SGL_RS09510,0.102790524622308
SGL_RS06340,SGL_RS08235,0.102790166395981
SGL_RS04725,SGL_RS05670,0.102785722075039
SGL_RS11370,SGL_RS07980,0.102763959663391
SGL_RS00400,SGL_RS16225,0.102753209177121
SGL_RS09285,SGL_RS17420,0.102753022649821
SGL_RS06410,SGL_RS04510,0.102738755736268
SGL_RS12430,SGL_RS12345,0.102727227903854
SGL_RS15805,SGL_RS04685,0.102723266540678
SGL_RS16495,SGL_RS10290,0.102697640950957
SGL_RS00400,SGL_RS00135,0.102683281639242
SGL_RS00320,SGL_RS08690,0.102682314882018
SGL_RS15805,SGL_RS07810,0.102672991250804
SGL_RS12430,SGL_RS07145,0.102645004643073
SGL_RS00075,SGL_RS00305,0.102632331459674
SGL_RS15805,SGL_RS07040,0.102624799461039
SGL_RS10820,SGL_RS06865,0.102590477256218
SGL_RS01255,SGL_RS01290,0.102586660687999
SGL_RS02470,SGL_RS05835,0.102586013151594
SGL_RS17760,SGL_RS04805,0.102569353667299
SGL_RS04450,SGL_RS09160,0.102565874907721
SGL_RS16495,SGL_RS02085,0.10255055329015
SGL_RS02990,SGL_RS02510,0.102544581349416
SGL_RS06215,SGL_RS04455,0.102505957201502
SGL_RS09285,SGL_RS02155,0.10250383974387
SGL_RS06410,SGL_RS14355,0.102503786788843
SGL_RS00515,SGL_RS00655,0.102498293898135
SGL_RS15965,SGL_RS15725,0.102495100987948
SGL_RS12430,SGL_RS02705,0.102478329571378
SGL_RS16495,SGL_RS17580,0.102458481389823
SGL_RS17760,SGL_RS00750,0.102454195030075
SGL_RS00455,SGL_RS00900,0.102453670541308
SGL_RS15805,SGL_RS18275,0.102449788921813
SGL_RS15965,SGL_RS15960,0.102427808262216
SGL_RS12430,SGL_RS10650,0.102422760044383
SGL_RS00455,SGL_RS01155,0.102418225779983
SGL_RS00455,SGL_RS01710,0.102371457528915
SGL_RS17760,SGL_RS10250,0.102342618257326
SGL_RS07740,SGL_RS17545,0.102330015340842
SGL_RS15210,SGL_RS11625,0.102313191538371
SGL_RS14610,SGL_RS10760,0.102273939901795
SGL_RS09285,SGL_RS14755,0.102266736871402
SGL_RS17760,SGL_RS15670,0.10225913129308
SGL_RS15210,SGL_RS07390,0.102255575882588
SGL_RS15805,SGL_RS12175,0.10225166050217
SGL_RS15805,SGL_RS19440,0.102241312171228
SGL_RS15965,SGL_RS05160,0.102238627168121
SGL_RS01625,SGL_RS19440,0.102235553624695
SGL_RS15805,SGL_RS12705,0.102231770474019
SGL_RS04450,SGL_RS02265,0.102212283358592
SGL_RS03065,SGL_RS17015,0.102212186958544
SGL_RS06410,SGL_RS04665,0.102196515259758
SGL_RS05150,SGL_RS17980,0.102158485337274
SGL_RS15245,SGL_RS16030,0.10215770082234
SGL_RS04450,SGL_RS13725,0.102156552071387
SGL_RS04450,SGL_RS14545,0.102156049588818
SGL_RS17245,SGL_RS04995,0.102155197059007
SGL_RS04450,SGL_RS06115,0.102149618900681
SGL_RS04725,SGL_RS19055,0.102146085309445
SGL_RS17395,SGL_RS13370,0.102138120892769
SGL_RS10820,SGL_RS04400,0.10213805280313
SGL_RS08835,SGL_RS19000,0.102127680118015
SGL_RS14540,SGL_RS13730,0.102109100744455
SGL_RS00515,SGL_RS00230,0.102108285207596
SGL_RS00320,SGL_RS19525,0.102107804466706
SGL_RS15805,SGL_RS13290,0.102104504068235
SGL_RS10605,SGL_RS04260,0.102101049590428
SGL_RS12430,SGL_RS12680,0.102100501004382
SGL_RS01625,SGL_RS12285,0.102095272843718
SGL_RS00400,SGL_RS01865,0.102088234848342
SGL_RS12430,SGL_RS08180,0.102048538081255
SGL_RS02020,SGL_RS00910,0.102033232233838
SGL_RS01215,SGL_RS19695,0.102012978868731
SGL_RS15805,SGL_RS03495,0.102011951936201
SGL_RS10820,SGL_RS09080,0.102003421453969
SGL_RS15805,SGL_RS10145,0.101998086022398
SGL_RS14540,SGL_RS09290,0.101926552911574
SGL_RS17245,SGL_RS02655,0.1019147063865
SGL_RS15805,SGL_RS11515,0.10189540075601
SGL_RS01255,SGL_RS16145,0.101873910589199
SGL_RS11985,SGL_RS00500,0.10184723661224
SGL_RS17395,SGL_RS04985,0.10184148935516
SGL_RS18290,SGL_RS08025,0.101797380209147
SGL_RS13130,SGL_RS14290,0.10178875614265
SGL_RS17245,SGL_RS17115,0.10175957723257
SGL_RS16495,SGL_RS09675,0.10174176281623
SGL_RS09285,SGL_RS15300,0.101738955934953
SGL_RS15965,SGL_RS16695,0.101732887511232
SGL_RS10820,SGL_RS15665,0.101726079115393
SGL_RS10605,SGL_RS01655,0.101720322139136
SGL_RS06215,SGL_RS14235,0.10171920355885
SGL_RS06215,SGL_RS16515,0.101702197606801
SGL_RS00515,SGL_RS00050,0.101697627615922
SGL_RS04055,SGL_RS15520,0.101695862844912
SGL_RS01980,SGL_RS03675,0.101692677362743
SGL_RS08500,SGL_RS06105,0.101687066401252
SGL_RS15965,SGL_RS08805,0.101680641701923
SGL_RS12430,SGL_RS16600,0.10167573213836
SGL_RS00400,SGL_RS00390,0.101670416248298
SGL_RS15965,SGL_RS18485,0.101663800104115
SGL_RS04450,SGL_RS10570,0.101654641669845
SGL_RS10820,SGL_RS02930,0.101654139229381
SGL_RS01980,SGL_RS01600,0.101647546365123
SGL_RS06410,SGL_RS12120,0.10164120459096
SGL_RS15805,SGL_RS16630,0.101619384118635
SGL_RS01980,SGL_RS07445,0.101606827590274
SGL_RS12430,SGL_RS17090,0.101596896288887
SGL_RS15965,SGL_RS00270,0.101589560793987
SGL_RS12430,SGL_RS14000,0.101587186016253
SGL_RS16495,SGL_RS09970,0.10157753972634
SGL_RS04055,SGL_RS04505,0.101572662209535
SGL_RS17245,SGL_RS11920,0.101562755832677
SGL_RS12540,SGL_RS04110,0.101551432743877
SGL_RS11370,SGL_RS12205,0.101519463297246
SGL_RS12430,SGL_RS04550,0.101516068963746
SGL_RS09285,SGL_RS16830,0.101513837041819
SGL_RS15805,SGL_RS08755,0.101501397859751
SGL_RS10820,SGL_RS12625,0.101500833961659
SGL_RS12430,SGL_RS16440,0.101499615501845
SGL_RS01980,SGL_RS00480,0.101488353729885
SGL_RS11985,SGL_RS14745,0.101474217799192
SGL_RS00515,SGL_RS04770,0.101441284566703
SGL_RS09285,SGL_RS13390,0.101435337402264
SGL_RS15965,SGL_RS14365,0.10142549646055
SGL_RS17760,SGL_RS01370,0.101407989346082
SGL_RS15805,SGL_RS06035,0.101399995636898
SGL_RS09285,SGL_RS12850,0.101380700647023
SGL_RS04725,SGL_RS17535,0.101363227264869
SGL_RS15245,SGL_RS15250,0.101347709868887
SGL_RS09285,SGL_RS06800,0.101345151724839
SGL_RS11370,SGL_RS17380,0.101336520915478
SGL_RS10820,SGL_RS00150,0.101310170630074
SGL_RS17395,SGL_RS06535,0.101269092976158
SGL_RS15965,SGL_RS04230,0.101267821278482
SGL_RS07975,SGL_RS10690,0.10126273882076
SGL_RS15965,SGL_RS03020,0.101237069304464
SGL_RS15245,SGL_RS04990,0.101220272336825
SGL_RS08040,SGL_RS01545,0.101191803901168
SGL_RS09285,SGL_RS04080,0.101190539257163
SGL_RS09285,SGL_RS17230,0.101177734088245
SGL_RS06410,SGL_RS04410,0.101176019277587
SGL_RS15805,SGL_RS17290,0.101172034126854
SGL_RS12430,SGL_RS07170,0.101163578859643
SGL_RS12595,SGL_RS14065,0.101154102702484
SGL_RS12430,SGL_RS07575,0.101151969263529
SGL_RS17440,SGL_RS10520,0.101114230446858
SGL_RS00455,SGL_RS00995,0.101107408891152
SGL_RS12430,SGL_RS07790,0.101074130394635
SGL_RS17395,SGL_RS09350,0.101071622465176
SGL_RS15965,SGL_RS08405,0.101053022765454
SGL_RS12430,SGL_RS07810,0.101044426381536
SGL_RS03065,SGL_RS16375,0.101022024577188
SGL_RS15805,SGL_RS17230,0.101020547752199
SGL_RS01980,SGL_RS17695,0.101010800926998
SGL_RS17395,SGL_RS14770,0.101007981653052
SGL_RS11370,SGL_RS13790,0.100986787744425
SGL_RS06080,SGL_RS01260,0.1009653062024
SGL_RS03065,SGL_RS04810,0.100936107266671
SGL_RS11985,SGL_RS15120,0.100933388191606
SGL_RS13820,SGL_RS11600,0.100931577480984
SGL_RS15805,SGL_RS04295,0.100916804975202
SGL_RS00400,SGL_RS19095,0.100912236185477
SGL_RS04615,SGL_RS03505,0.100897384953108
SGL_RS07535,SGL_RS15275,0.100895935471679
SGL_RS00400,SGL_RS09580,0.100885370774639
SGL_RS04725,SGL_RS15030,0.100868442638251
SGL_RS06410,SGL_RS02435,0.100867951934409
SGL_RS18290,SGL_RS03490,0.10085429181417
SGL_RS04725,SGL_RS03120,0.100853393253067
SGL_RS07730,SGL_RS19470,0.100837265302912
SGL_RS10605,SGL_RS06845,0.100835706517815
SGL_RS11285,SGL_RS03435,0.100808729579983
SGL_RS15210,SGL_RS14355,0.100806682662451
SGL_RS04725,SGL_RS07320,0.10079991850954
SGL_RS11285,SGL_RS07300,0.100796753670476
SGL_RS04450,SGL_RS10940,0.100795102482268
SGL_RS11285,SGL_RS18045,0.100790563973202
SGL_RS12430,SGL_RS14400,0.100772695179451
SGL_RS04725,SGL_RS05300,0.100746340562474
SGL_RS00515,SGL_RS04235,0.100742309907866
SGL_RS00400,SGL_RS15935,0.100719472266946
SGL_RS09285,SGL_RS16610,0.100681881132194
SGL_RS04450,SGL_RS10565,0.100654696157166
SGL_RS15805,SGL_RS03310,0.100646847868991
SGL_RS03065,SGL_RS02665,0.10062746347017
SGL_RS00670,SGL_RS05205,0.10061683976389
SGL_RS18290,SGL_RS07755,0.100602917593754
SGL_RS06410,SGL_RS05370,0.100561868394516
SGL_RS07730,SGL_RS17905,0.10055067588516
SGL_RS00455,SGL_RS09735,0.100534838490146
SGL_RS12430,SGL_RS11605,0.100531382317243
SGL_RS00670,SGL_RS18620,0.100511047127006
SGL_RS08835,SGL_RS04475,0.100507887234379
SGL_RS01980,SGL_RS01975,0.100468078717038
SGL_RS02510,SGL_RS02130,0.100454362894697
SGL_RS08210,SGL_RS14060,0.100439948567759
SGL_RS15210,SGL_RS07395,0.100430983403197
SGL_RS15805,SGL_RS20175,0.10042386468309
SGL_RS10820,SGL_RS08270,0.100389691092993
SGL_RS18290,SGL_RS17850,0.100366240653778
SGL_RS12430,SGL_RS18235,0.100359073199363
SGL_RS08520,SGL_RS03015,0.100355779018028
SGL_RS03065,SGL_RS13545,0.10034272627742
SGL_RS00400,SGL_RS01645,0.100341718875307
SGL_RS01980,SGL_RS13570,0.100325181385223
SGL_RS12430,SGL_RS03460,0.100317432711374
SGL_RS10605,SGL_RS08595,0.100315420162464
SGL_RS01625,SGL_RS07155,0.100312306695829
SGL_RS00400,SGL_RS00635,0.100312281742769
SGL_RS17760,SGL_RS06705,0.100309225322539
SGL_RS08500,SGL_RS06695,0.100298912885595
SGL_RS15965,SGL_RS01820,0.100297863918823
SGL_RS15210,SGL_RS05250,0.10029053426415
SGL_RS00400,SGL_RS15965,0.100256433355993
SGL_RS04055,SGL_RS02800,0.100254121751904
SGL_RS15805,SGL_RS18175,0.100247035670737
SGL_RS01625,SGL_RS01620,0.100245216362523
SGL_RS09285,SGL_RS16630,0.100232148677553
SGL_RS15805,SGL_RS09895,0.100228030980123
SGL_RS15805,SGL_RS03085,0.100202488080006
SGL_RS12595,SGL_RS06970,0.100190838760265
SGL_RS00320,SGL_RS16855,0.100187317044918
SGL_RS00515,SGL_RS00125,0.100176362655044
SGL_RS15805,SGL_RS08055,0.10016782407079
SGL_RS15805,SGL_RS06985,0.100162750412877
SGL_RS13130,SGL_RS04485,0.100155550188781
SGL_RS15210,SGL_RS08590,0.10014832055334
SGL_RS08210,SGL_RS16895,0.100122353127357
SGL_RS15965,SGL_RS03620,0.100120147787248
SGL_RS16080,SGL_RS10770,0.100102005557815
SGL_RS12595,SGL_RS09640,0.100081825204952
SGL_RS06410,SGL_RS02880,0.100068372665425
SGL_RS08210,SGL_RS15345,0.10002199087176
SGL_RS17395,SGL_RS15220,0.100012754272858
SGL_RS17760,SGL_RS15125,0.099987311337855
SGL_RS14610,SGL_RS08815,0.0999860809534236
SGL_RS10820,SGL_RS09310,0.0999580368356917
SGL_RS12430,SGL_RS13530,0.0998954719852747
SGL_RS17760,SGL_RS07235,0.0998925487163271
SGL_RS12430,SGL_RS16540,0.0998921083422212
SGL_RS15805,SGL_RS17630,0.0998850482221583
SGL_RS12430,SGL_RS15810,0.0998666367218608
SGL_RS10820,SGL_RS16395,0.0998663588893593
SGL_RS16165,SGL_RS16140,0.0998650063093574
SGL_RS11370,SGL_RS09635,0.0998586580601602
SGL_RS15805,SGL_RS15865,0.0998533265263202
SGL_RS06215,SGL_RS15070,0.0998484548221184
SGL_RS15805,SGL_RS15330,0.0998476853319745
SGL_RS15805,SGL_RS02250,0.0998466701006387
SGL_RS10605,SGL_RS07895,0.0998457220878953
SGL_RS14385,SGL_RS10615,0.0998428339156106
SGL_RS16165,SGL_RS11565,0.0998318180726064
SGL_RS01215,SGL_RS00035,0.099829260297305
SGL_RS14540,SGL_RS06230,0.0998037456307225
SGL_RS11285,SGL_RS16905,0.0997999626197387
SGL_RS04450,SGL_RS05295,0.0997574271204003
SGL_RS15965,SGL_RS00360,0.0997537372605615
SGL_RS06080,SGL_RS16240,0.0997479820535288
SGL_RS04725,SGL_RS07150,0.0997398307561797
SGL_RS10820,SGL_RS07950,0.0997323958047016
SGL_RS00455,SGL_RS08305,0.0997276019342668
SGL_RS06410,SGL_RS01140,0.0997257297184772
SGL_RS06410,SGL_RS12210,0.0997061583798415
SGL_RS14385,SGL_RS13640,0.099695441364419
SGL_RS15805,SGL_RS15680,0.0996945723798
SGL_RS00455,SGL_RS08300,0.0996830466924957
SGL_RS01980,SGL_RS03615,0.0996799416727941
SGL_RS09285,SGL_RS06350,0.099676317972185
SGL_RS05150,SGL_RS15195,0.0996624870808176
SGL_RS00400,SGL_RS16275,0.0996391321320299
SGL_RS07975,SGL_RS05080,0.0996275997149101
SGL_RS12430,SGL_RS07600,0.0996070715921235
SGL_RS13820,SGL_RS05425,0.099592262867385
SGL_RS00400,SGL_RS11905,0.0995868575028591
SGL_RS15310,SGL_RS07700,0.0995686023993067
SGL_RS15210,SGL_RS04405,0.0995685761246399
SGL_RS12005,SGL_RS17820,0.0995663092265716
SGL_RS17245,SGL_RS11125,0.0995235144922782
SGL_RS12595,SGL_RS03175,0.099522046398844
SGL_RS15210,SGL_RS10980,0.0995031662451355
SGL_RS08210,SGL_RS10270,0.0994925009242637
SGL_RS10820,SGL_RS03330,0.0994732708815948
SGL_RS18290,SGL_RS13130,0.0994508784385184
SGL_RS15210,SGL_RS02675,0.0994342055452244
SGL_RS01980,SGL_RS14475,0.0994335254611487
SGL_RS15805,SGL_RS00825,0.0994261659708779
SGL_RS11370,SGL_RS17360,0.0994144564521385
SGL_RS06410,SGL_RS04530,0.0994139178862588
SGL_RS17245,SGL_RS17535,0.0993960998838623
SGL_RS17395,SGL_RS06340,0.0993449458689758
SGL_RS15210,SGL_RS02685,0.0993433944866289
SGL_RS15805,SGL_RS14010,0.0993390598204813
SGL_RS15805,SGL_RS08185,0.0993386630582502
SGL_RS01955,SGL_RS13985,0.0993275648707423
SGL_RS17440,SGL_RS14490,0.0993129065003499
SGL_RS14385,SGL_RS03105,0.0993113698988121
SGL_RS06340,SGL_RS17430,0.099311276406668
SGL_RS04450,SGL_RS03845,0.0992936215294482
SGL_RS17245,SGL_RS13385,0.0992872940095911
SGL_RS17395,SGL_RS13970,0.0992808944553337
SGL_RS11285,SGL_RS15920,0.0992792968216534
SGL_RS15245,SGL_RS12310,0.0992709530285456
SGL_RS10605,SGL_RS17310,0.0992702931711551
SGL_RS08835,SGL_RS08335,0.0992652340939368
SGL_RS08210,SGL_RS18195,0.0992639110664822
SGL_RS04725,SGL_RS03345,0.09926042403704
SGL_RS04055,SGL_RS18725,0.0992561137151935
SGL_RS12430,SGL_RS11825,0.0992440467520965
SGL_RS05150,SGL_RS06835,0.0992347679527679
SGL_RS18290,SGL_RS16640,0.0992340152765541
SGL_RS09285,SGL_RS10165,0.09922551665502
SGL_RS15965,SGL_RS14265,0.0992157495142932
SGL_RS06215,SGL_RS17210,0.0992143073807675
SGL_RS02510,SGL_RS02275,0.0992102043680789
SGL_RS16165,SGL_RS01735,0.0991921197427246
SGL_RS12430,SGL_RS08735,0.0991784126663454
SGL_RS12540,SGL_RS09000,0.099167047505799
SGL_RS04725,SGL_RS07355,0.0991646141210298
SGL_RS10820,SGL_RS02195,0.0991540605759493
SGL_RS10605,SGL_RS04680,0.0991438715776147
SGL_RS02990,SGL_RS17395,0.0991394397066137
SGL_RS06410,SGL_RS02680,0.0991354552801205
SGL_RS03065,SGL_RS09850,0.0991332311644145
SGL_RS04055,SGL_RS11750,0.0991247393614484
SGL_RS01980,SGL_RS17370,0.099099047555623
SGL_RS02470,SGL_RS05830,0.0990810580210753
SGL_RS12430,SGL_RS05560,0.0990493732065898
SGL_RS00400,SGL_RS00530,0.0990478252766455
SGL_RS09285,SGL_RS11800,0.099046502413263
SGL_RS15210,SGL_RS06405,0.0990250112642654
SGL_RS04055,SGL_RS10300,0.0990197761441674
SGL_RS00400,SGL_RS11250,0.0990185584624465
SGL_RS17760,SGL_RS16770,0.0990177608496492
SGL_RS02020,SGL_RS01960,0.0990163280452274
SGL_RS18290,SGL_RS03425,0.0990162133755237
SGL_RS01980,SGL_RS02325,0.0990058201309309
SGL_RS12595,SGL_RS08000,0.0989795596583631
SGL_RS09285,SGL_RS11655,0.0989629536946622
SGL_RS06340,SGL_RS07760,0.0989473086551985
SGL_RS15805,SGL_RS11850,0.0989423005423815
SGL_RS04450,SGL_RS08430,0.0989370447071449
SGL_RS12430,SGL_RS17640,0.098935137030095
SGL_RS02470,SGL_RS15505,0.0989320487651547
SGL_RS12430,SGL_RS13730,0.0989204715170163
SGL_RS01215,SGL_RS01315,0.0989097455062217
SGL_RS09285,SGL_RS14210,0.0988802548000587
SGL_RS08500,SGL_RS08120,0.0988795219788441
SGL_RS17760,SGL_RS14785,0.0988758786030148
SGL_RS01625,SGL_RS15460,0.0988725293467166
SGL_RS03065,SGL_RS03060,0.0988711733115243
SGL_RS12430,SGL_RS17465,0.0988681840929412
SGL_RS15585,SGL_RS19500,0.098852186382558
SGL_RS00075,SGL_RS16320,0.0987836371378024
SGL_RS02990,SGL_RS03800,0.0987757779389073
SGL_RS15805,SGL_RS05440,0.098774053821541
SGL_RS00400,SGL_RS09535,0.0987721615266082
SGL_RS17120,SGL_RS14350,0.0987623134172886
SGL_RS09285,SGL_RS09640,0.0987497478748856
SGL_RS00400,SGL_RS04280,0.0987432093553271
SGL_RS17395,SGL_RS02480,0.098741614152453
SGL_RS02470,SGL_RS05820,0.0987010977007326
SGL_RS16165,SGL_RS17920,0.0986934450783186
SGL_RS09285,SGL_RS15805,0.0986813685137929
SGL_RS02020,SGL_RS01940,0.0986778567447636
SGL_RS00320,SGL_RS20055,0.0986294158965571
SGL_RS12595,SGL_RS10155,0.0986206759104941
SGL_RS12430,SGL_RS06595,0.09860462677161
SGL_RS08835,SGL_RS11590,0.0986013614468824
SGL_RS15805,SGL_RS10605,0.0985881209963355
SGL_RS17760,SGL_RS11595,0.0985865803312978
SGL_RS01625,SGL_RS00550,0.098557544612119
SGL_RS10605,SGL_RS09320,0.0985478200942389
SGL_RS15965,SGL_RS00315,0.0985471013626421
SGL_RS11835,SGL_RS14750,0.0985454400519103
SGL_RS12430,SGL_RS16945,0.0985370930161979
SGL_RS07975,SGL_RS08855,0.0985362436560513
SGL_RS12595,SGL_RS08170,0.0984722342639414
SGL_RS01980,SGL_RS07450,0.0984686641448625
SGL_RS12430,SGL_RS15075,0.0984663010635066
SGL_RS06080,SGL_RS13535,0.0984653244434946
SGL_RS10820,SGL_RS17990,0.0984538507214917
SGL_RS16495,SGL_RS15550,0.0984507323312271
SGL_RS15245,SGL_RS15045,0.098426263666882
SGL_RS14610,SGL_RS03955,0.0984255321022605
SGL_RS12595,SGL_RS05885,0.0984216580138962
SGL_RS15965,SGL_RS02035,0.0983770538466123
SGL_RS12430,SGL_RS08780,0.0983569788385607
SGL_RS12430,SGL_RS10995,0.098349851831451
SGL_RS02470,SGL_RS04320,0.0983313705406216
SGL_RS17395,SGL_RS14320,0.0983311616386455
SGL_RS00075,SGL_RS18470,0.0983226955215515
SGL_RS14610,SGL_RS08090,0.0983225882317404
SGL_RS17760,SGL_RS14155,0.0983187123772105
SGL_RS12430,SGL_RS10655,0.0983176779910394
SGL_RS17395,SGL_RS13495,0.0983167738358002
SGL_RS11370,SGL_RS05730,0.0983166089349573
SGL_RS11985,SGL_RS15850,0.0983104687930813
SGL_RS16495,SGL_RS15875,0.098310174386601
SGL_RS04450,SGL_RS05765,0.0983088973835455
SGL_RS01255,SGL_RS00980,0.0983071120173547
SGL_RS18290,SGL_RS03420,0.0983061772400467
SGL_RS17760,SGL_RS11605,0.0982855294742628
SGL_RS00400,SGL_RS19655,0.0982849826073519
SGL_RS14385,SGL_RS17630,0.09828157516763
SGL_RS00400,SGL_RS01815,0.098276027805405
SGL_RS00515,SGL_RS06930,0.0982737370394483
SGL_RS15210,SGL_RS02885,0.0982680210702421
SGL_RS15805,SGL_RS11075,0.098261692224459
SGL_RS12430,SGL_RS16675,0.098257830663924
SGL_RS08210,SGL_RS03425,0.0982524438712736
SGL_RS08835,SGL_RS07450,0.098235785830923
SGL_RS12430,SGL_RS12685,0.0982280899438254
SGL_RS03065,SGL_RS02405,0.0982275371416965
SGL_RS15805,SGL_RS09820,0.0982188770227182
SGL_RS00455,SGL_RS00970,0.0982186281987807
SGL_RS13130,SGL_RS18295,0.0982170442902606
SGL_RS10820,SGL_RS05340,0.0982009295156515
SGL_RS15965,SGL_RS04155,0.0981758573711128
SGL_RS12430,SGL_RS09235,0.0981642708621413
SGL_RS01625,SGL_RS00795,0.0981609396638423
SGL_RS10605,SGL_RS11225,0.0981580884673663
SGL_RS18290,SGL_RS02775,0.0981538937209439
SGL_RS15805,SGL_RS04365,0.0981474793906005
SGL_RS12595,SGL_RS03390,0.0981339592471649
SGL_RS00320,SGL_RS14720,0.0981285835974431
SGL_RS16080,SGL_RS00100,0.0981192184291548
SGL_RS00400,SGL_RS00235,0.0980964923094269
SGL_RS02990,SGL_RS06440,0.098093916141848
SGL_RS00515,SGL_RS19760,0.0980920975170611
SGL_RS12430,SGL_RS06380,0.098089269812483
SGL_RS13820,SGL_RS17450,0.0980653908157397
SGL_RS09285,SGL_RS12910,0.0980550689938213
SGL_RS17245,SGL_RS05300,0.0980549418303669
SGL_RS06410,SGL_RS06310,0.0980273689487657
SGL_RS01955,SGL_RS16465,0.0980177408854555
SGL_RS08500,SGL_RS08125,0.0980098554795944
SGL_RS12430,SGL_RS10070,0.0980082049149769
SGL_RS05150,SGL_RS06815,0.0980026972933833
SGL_RS12430,SGL_RS11600,0.0979870473993479
SGL_RS06410,SGL_RS07410,0.0979631441496822
SGL_RS00400,SGL_RS06180,0.0979614518842896
SGL_RS09285,SGL_RS07645,0.0979609042283161
SGL_RS04450,SGL_RS02105,0.0979501018454364
SGL_RS03065,SGL_RS11950,0.0979079856502447
SGL_RS12430,SGL_RS15445,0.0978848866373685
SGL_RS12430,SGL_RS09375,0.0978766492041089
SGL_RS01955,SGL_RS10370,0.0978738369135242
SGL_RS10820,SGL_RS00910,0.0978677870393337
SGL_RS00400,SGL_RS03620,0.0978451087711316
SGL_RS15965,SGL_RS00680,0.0978158897764874
SGL_RS00455,SGL_RS09565,0.0978074748550498
SGL_RS00400,SGL_RS09550,0.0978068968167935
SGL_RS11370,SGL_RS04510,0.097786182946097
SGL_RS15245,SGL_RS13105,0.097782519267681
SGL_RS01980,SGL_RS02055,0.0977785704522393
SGL_RS16165,SGL_RS19355,0.0977771024194122
SGL_RS01980,SGL_RS00075,0.0977504072284043
SGL_RS06340,SGL_RS09105,0.0977380789005977
SGL_RS15210,SGL_RS05550,0.09772936581061
SGL_RS15805,SGL_RS12970,0.0977232033621203
SGL_RS15965,SGL_RS12085,0.0977220688613863
SGL_RS08500,SGL_RS04605,0.0977095429685134
SGL_RS16165,SGL_RS01410,0.0977093773867139
SGL_RS10820,SGL_RS03335,0.0976977847280584
SGL_RS00455,SGL_RS01585,0.0976885225019663
SGL_RS11985,SGL_RS13260,0.0976874392361836
SGL_RS06410,SGL_RS05770,0.0976854609970801
SGL_RS00075,SGL_RS00120,0.0976756303436141
SGL_RS01255,SGL_RS01335,0.0976727512547204
SGL_RS06340,SGL_RS15155,0.0976635179895395
SGL_RS08835,SGL_RS11930,0.0976485415943699
SGL_RS15805,SGL_RS02620,0.0976469756621843
SGL_RS00455,SGL_RS15605,0.0976464577806321
SGL_RS16495,SGL_RS01030,0.0976463870363157
SGL_RS08835,SGL_RS15910,0.0976325919529507
SGL_RS16495,SGL_RS04980,0.0976112449817164
SGL_RS02510,SGL_RS11060,0.0976034127558795
SGL_RS00400,SGL_RS00180,0.0975983281412517
SGL_RS01955,SGL_RS01940,0.0975868840001192
SGL_RS05150,SGL_RS17605,0.0975773340782924
SGL_RS07740,SGL_RS06050,0.0975627767369404
SGL_RS15805,SGL_RS03455,0.0975566896362727
SGL_RS00400,SGL_RS01845,0.097556479035792
SGL_RS08835,SGL_RS11165,0.0975553744191382
SGL_RS00670,SGL_RS00735,0.0975495202591628
SGL_RS10605,SGL_RS05180,0.097545215002447
SGL_RS12595,SGL_RS02455,0.0975443986580372
SGL_RS01215,SGL_RS00880,0.0975408232769752
SGL_RS01955,SGL_RS02025,0.0975372290594555
SGL_RS00400,SGL_RS19735,0.0975303057644442
SGL_RS02990,SGL_RS19945,0.0974965274376564
SGL_RS17395,SGL_RS16710,0.0974617778661412
SGL_RS10820,SGL_RS06585,0.0974587403632754
SGL_RS12005,SGL_RS16170,0.0974576244578949
SGL_RS11985,SGL_RS10825,0.0974392101697134
SGL_RS17760,SGL_RS14835,0.0974346494145366
SGL_RS01980,SGL_RS07935,0.0974281609153478
SGL_RS11370,SGL_RS13385,0.0974197934759857
SGL_RS06480,SGL_RS17655,0.0974133302970973
SGL_RS15965,SGL_RS08325,0.0974108446676221
SGL_RS08845,SGL_RS05350,0.0974031337836161
SGL_RS15805,SGL_RS15225,0.0973822334357141
SGL_RS10820,SGL_RS15830,0.0973769727889728
SGL_RS08520,SGL_RS17385,0.0973692085221145
SGL_RS08835,SGL_RS14850,0.0973612317974819
SGL_RS12430,SGL_RS06455,0.097346348378617
SGL_RS01255,SGL_RS01650,0.0973444073663035
SGL_RS15210,SGL_RS14825,0.0973379733407463
SGL_RS12430,SGL_RS07890,0.0973075148912397
SGL_RS17395,SGL_RS17455,0.0973067231133888
SGL_RS11370,SGL_RS07185,0.0972963185732398
SGL_RS04450,SGL_RS09635,0.0972867811915916
SGL_RS12595,SGL_RS14665,0.0972847602153009
SGL_RS04450,SGL_RS14540,0.0972770614443122
SGL_RS16165,SGL_RS19380,0.0972752310736261
SGL_RS14385,SGL_RS05675,0.097267280270377
SGL_RS03065,SGL_RS13905,0.097262037987967
SGL_RS08835,SGL_RS16770,0.0972611753820834
SGL_RS07730,SGL_RS04885,0.0972515482923918
SGL_RS12595,SGL_RS10960,0.0972287697936939
SGL_RS15965,SGL_RS14830,0.0972210675180722
SGL_RS17395,SGL_RS08120,0.097201340774106
SGL_RS17245,SGL_RS05430,0.0971898521471644
SGL_RS10605,SGL_RS02220,0.0971816164608381
SGL_RS15805,SGL_RS12265,0.0971805329894837
SGL_RS15805,SGL_RS17705,0.0971734723123592
SGL_RS02020,SGL_RS10035,0.0971688548794304
SGL_RS04055,SGL_RS19620,0.0971485804458807
SGL_RS04615,SGL_RS07205,0.0971461222869344
SGL_RS00515,SGL_RS00355,0.0971408594725626
SGL_RS17245,SGL_RS13065,0.0971372942563856
SGL_RS08210,SGL_RS08975,0.0971338366321259
SGL_RS14540,SGL_RS06610,0.0971310704166994
SGL_RS09285,SGL_RS05955,0.0971140050481789
SGL_RS08210,SGL_RS14280,0.0971060459045264
SGL_RS06215,SGL_RS03245,0.0971013679232922
SGL_RS08500,SGL_RS10665,0.0970942100874435
SGL_RS12430,SGL_RS09825,0.097063472268097
SGL_RS09285,SGL_RS14565,0.0970611411837965
SGL_RS15210,SGL_RS07245,0.0970526419666974
SGL_RS12005,SGL_RS04410,0.0970403119942916
SGL_RS15965,SGL_RS14850,0.0970305986946081
SGL_RS04725,SGL_RS07880,0.0970151252656275
SGL_RS15245,SGL_RS08440,0.09701297642522
SGL_RS12430,SGL_RS12525,0.0970114067581663
SGL_RS16495,SGL_RS07500,0.0970095172384836
SGL_RS12430,SGL_RS12400,0.0969627935489578
SGL_RS12430,SGL_RS18120,0.0969503535616454
SGL_RS17760,SGL_RS10195,0.0969486368390195
SGL_RS15805,SGL_RS17100,0.0969434006973
SGL_RS00455,SGL_RS03675,0.096936934336125
SGL_RS16080,SGL_RS05995,0.0969291403958021
SGL_RS08210,SGL_RS16075,0.0969287607866569
SGL_RS03065,SGL_RS11510,0.0969053753860112
SGL_RS06340,SGL_RS04195,0.0968907159304174
SGL_RS10820,SGL_RS06145,0.0968731186584155
SGL_RS02510,SGL_RS05690,0.0968628752846414
SGL_RS08835,SGL_RS17780,0.0968548056175561
SGL_RS08210,SGL_RS05100,0.0968516416360494
SGL_RS15965,SGL_RS19555,0.096840320488524
SGL_RS12430,SGL_RS08740,0.096834032871802
SGL_RS15210,SGL_RS09980,0.0968280574828547
SGL_RS18290,SGL_RS05100,0.0968207104596898
SGL_RS03065,SGL_RS13930,0.0968162245662383
SGL_RS12595,SGL_RS15435,0.0968074756079073
SGL_RS13130,SGL_RS02430,0.0968074046100104
SGL_RS17395,SGL_RS12050,0.0968069477563839
SGL_RS08210,SGL_RS15180,0.0967945997871995
SGL_RS06080,SGL_RS10835,0.0967854985212512
SGL_RS13130,SGL_RS01005,0.0967703322324449
SGL_RS04055,SGL_RS00170,0.0967557952639985
SGL_RS18290,SGL_RS17195,0.0967465638791227
SGL_RS17760,SGL_RS07435,0.0967457454690531
SGL_RS10820,SGL_RS16990,0.0967344137515918
SGL_RS15965,SGL_RS01135,0.0967279636780296
SGL_RS10605,SGL_RS16620,0.0967174708170215
SGL_RS04450,SGL_RS05895,0.096705282544114
SGL_RS12430,SGL_RS07755,0.0967023853003667
SGL_RS01255,SGL_RS00950,0.0966962960777068
SGL_RS10605,SGL_RS16625,0.096692331517853
SGL_RS01955,SGL_RS06735,0.0966877239954748
SGL_RS16495,SGL_RS15880,0.096664318091032
SGL_RS11370,SGL_RS10880,0.0966428364963193
SGL_RS16165,SGL_RS16135,0.0966284237311171
SGL_RS14540,SGL_RS14760,0.0966238772517626
SGL_RS15805,SGL_RS08455,0.0966164220444872
SGL_RS00075,SGL_RS17785,0.0966134838225636
SGL_RS10605,SGL_RS05675,0.09660861145849
SGL_RS09285,SGL_RS15870,0.0966060526229484
SGL_RS10820,SGL_RS06590,0.0965933003819974
SGL_RS09285,SGL_RS15290,0.0965825619757365
SGL_RS09285,SGL_RS10150,0.096563774717511
SGL_RS08165,SGL_RS15050,0.0965582303414446
SGL_RS08835,SGL_RS02945,0.0965563505532138
SGL_RS16495,SGL_RS02980,0.0965552301754393
SGL_RS01955,SGL_RS15970,0.0965545362760942
SGL_RS06215,SGL_RS17240,0.0965507589600467
SGL_RS13130,SGL_RS15285,0.0965397175938733
SGL_RS17760,SGL_RS04085,0.0965233888098232
SGL_RS15965,SGL_RS15165,0.0965232677374716
SGL_RS15805,SGL_RS11655,0.0965075327736194
SGL_RS00455,SGL_RS16195,0.0964979975276704
SGL_RS15805,SGL_RS03275,0.0964892218763349
SGL_RS04725,SGL_RS05075,0.0964887301619076
SGL_RS17395,SGL_RS10455,0.0964853105018449
SGL_RS18290,SGL_RS12235,0.0964818775784451
SGL_RS00455,SGL_RS00975,0.0964777955211907
SGL_RS15805,SGL_RS06765,0.0964673887123836
SGL_RS09285,SGL_RS09375,0.0964575412241152
SGL_RS10605,SGL_RS17470,0.0964562880431731
SGL_RS15805,SGL_RS05975,0.0964521686714187
SGL_RS16495,SGL_RS13855,0.0964452361233033
SGL_RS10605,SGL_RS15160,0.0964419722525721
SGL_RS00400,SGL_RS00175,0.0964137195774175
SGL_RS13820,SGL_RS03970,0.0964066061521904
SGL_RS04450,SGL_RS04515,0.0964020351492408
SGL_RS11835,SGL_RS02380,0.0963734696341152
SGL_RS12430,SGL_RS08570,0.0963703343532603
SGL_RS03065,SGL_RS07735,0.096364803124193
SGL_RS01955,SGL_RS17635,0.0963615571592625
SGL_RS17760,SGL_RS09310,0.0963573204778227
SGL_RS00670,SGL_RS00010,0.0963409498964548
SGL_RS17395,SGL_RS09225,0.0963336167920378
SGL_RS14385,SGL_RS10670,0.0963276786036896
SGL_RS06410,SGL_RS04160,0.0963212883026952
SGL_RS06410,SGL_RS13205,0.0963142681815754
SGL_RS06410,SGL_RS03545,0.0963122676411439
SGL_RS10820,SGL_RS07100,0.0963029217420367
SGL_RS00400,SGL_RS18635,0.0963023077801522
SGL_RS17395,SGL_RS11840,0.0963009256100562
SGL_RS10605,SGL_RS07630,0.0962992706808813
SGL_RS04725,SGL_RS12070,0.096297826332506
SGL_RS15805,SGL_RS18425,0.0962959084944114
SGL_RS06410,SGL_RS16480,0.0962886622332267
SGL_RS01980,SGL_RS00695,0.0962780859893278
SGL_RS00400,SGL_RS17750,0.0962707388483871
SGL_RS10820,SGL_RS04205,0.0962461500845102
SGL_RS15805,SGL_RS16850,0.0962400478492215
SGL_RS06080,SGL_RS02025,0.0962336026715107
SGL_RS11370,SGL_RS13555,0.0962317587560032
SGL_RS15805,SGL_RS16805,0.0962309705155602
SGL_RS04450,SGL_RS04050,0.0962278263069764
SGL_RS01215,SGL_RS01065,0.0962274260772541
SGL_RS10820,SGL_RS04020,0.0962133595246421
SGL_RS12430,SGL_RS13165,0.0962116544928234
SGL_RS15805,SGL_RS06020,0.09620158097923
SGL_RS06215,SGL_RS05710,0.0961944141653305
SGL_RS12430,SGL_RS18365,0.0961917408150855
SGL_RS12005,SGL_RS00925,0.0961852645659168
SGL_RS17395,SGL_RS02280,0.0961785726795002
SGL_RS00515,SGL_RS03565,0.096175625133609
SGL_RS16165,SGL_RS15995,0.0961708532196184
SGL_RS07730,SGL_RS10315,0.0961659553988044
SGL_RS01980,SGL_RS05530,0.0961654135341036
SGL_RS11285,SGL_RS04860,0.0961579515125892
SGL_RS00400,SGL_RS04300,0.0961448502685615
SGL_RS01625,SGL_RS17705,0.0961402703776184
SGL_RS10605,SGL_RS13995,0.0961349868944106
SGL_RS00455,SGL_RS00470,0.0961339531558508
SGL_RS11985,SGL_RS13595,0.0961322651516266
SGL_RS17395,SGL_RS14700,0.0961175236769068
SGL_RS00515,SGL_RS16110,0.096110505774884
SGL_RS15805,SGL_RS13320,0.0960922573365589
SGL_RS02990,SGL_RS02545,0.0960909717775302
SGL_RS17395,SGL_RS02990,0.0960892615407933
SGL_RS15210,SGL_RS04385,0.096086399516191
SGL_RS04055,SGL_RS17095,0.0960783637294964
SGL_RS16495,SGL_RS12295,0.096066488859299
SGL_RS14610,SGL_RS11105,0.0960636529505845
SGL_RS06215,SGL_RS15595,0.0960585860521425
SGL_RS06340,SGL_RS13115,0.0960578388695265
SGL_RS00400,SGL_RS19675,0.0960467848568254
SGL_RS06215,SGL_RS05830,0.0960439211604199
SGL_RS15805,SGL_RS05455,0.0960381443193046
SGL_RS06340,SGL_RS17390,0.0960292210625965
SGL_RS05150,SGL_RS05195,0.0960185696170059
SGL_RS08500,SGL_RS15170,0.0960066319499928
SGL_RS06080,SGL_RS17325,0.0960007523853815
SGL_RS15245,SGL_RS06160,0.0959980440938166
SGL_RS08835,SGL_RS03885,0.0959915275779838
SGL_RS12430,SGL_RS08765,0.095987226516323
SGL_RS18290,SGL_RS16765,0.0959840284858044
SGL_RS00075,SGL_RS00695,0.0959811104483358
SGL_RS15210,SGL_RS04410,0.0959479512665006
SGL_RS04055,SGL_RS04050,0.0959455708117122
SGL_RS15805,SGL_RS13690,0.0959433642621201
SGL_RS01980,SGL_RS02060,0.0958761224305505
SGL_RS00515,SGL_RS07720,0.095869061823469
SGL_RS12430,SGL_RS11005,0.0958490315102162
SGL_RS04450,SGL_RS15430,0.0958475287392111
SGL_RS04055,SGL_RS11125,0.0958363752300161
SGL_RS15805,SGL_RS08750,0.0958361403743528
SGL_RS12430,SGL_RS11845,0.0958314579858928
SGL_RS18290,SGL_RS16735,0.0958272108005718
SGL_RS00320,SGL_RS00375,0.0957968213995926
SGL_RS06215,SGL_RS06230,0.0957885927602978
SGL_RS15805,SGL_RS07170,0.0957869062694921
SGL_RS00670,SGL_RS00475,0.0957633323199941
SGL_RS15805,SGL_RS11910,0.095753091273197
SGL_RS13820,SGL_RS11005,0.0957341243334911
SGL_RS15210,SGL_RS18115,0.0957330077424839
SGL_RS00400,SGL_RS14735,0.0957315464580454
SGL_RS06215,SGL_RS09165,0.0957260625906648
SGL_RS13820,SGL_RS08265,0.0957186981077501
SGL_RS04820,SGL_RS08895,0.0956982998831069
SGL_RS02020,SGL_RS08960,0.0956981722312539
SGL_RS00400,SGL_RS00080,0.0956955589553696
SGL_RS01980,SGL_RS09050,0.0956714029215471
SGL_RS12430,SGL_RS13155,0.0956593909441498
SGL_RS00320,SGL_RS03915,0.0956592100430759
SGL_RS01955,SGL_RS00610,0.0956572693321286
SGL_RS15210,SGL_RS15900,0.0956558568939108
SGL_RS04450,SGL_RS05660,0.0956513261625003
SGL_RS10820,SGL_RS17645,0.0956442258148874
SGL_RS15965,SGL_RS10060,0.0956411751776336
SGL_RS16495,SGL_RS17355,0.0956357747537072
SGL_RS12430,SGL_RS02790,0.0956214757727482
SGL_RS00400,SGL_RS01630,0.0955932297300537
SGL_RS10820,SGL_RS10730,0.0955804184237234
SGL_RS07535,SGL_RS16790,0.0955767301604962
SGL_RS12595,SGL_RS12975,0.0955731388817059
SGL_RS12430,SGL_RS02685,0.0955601446552849
SGL_RS15805,SGL_RS16370,0.0955544147188369
SGL_RS00515,SGL_RS04960,0.0955530704930909
SGL_RS01980,SGL_RS00975,0.0955511492767063
SGL_RS01955,SGL_RS17735,0.0955487286460762
SGL_RS17120,SGL_RS07975,0.0955444810708939
SGL_RS00400,SGL_RS00125,0.0955423930156535
SGL_RS11285,SGL_RS17185,0.0955191932620807
SGL_RS12430,SGL_RS13060,0.0955106272558564
SGL_RS00320,SGL_RS09050,0.0955051699827847
SGL_RS17760,SGL_RS05085,0.0955042008446818
SGL_RS17760,SGL_RS15865,0.09549424586644
SGL_RS00400,SGL_RS00435,0.0954793223237605
SGL_RS04055,SGL_RS12335,0.0954772015132303
SGL_RS10605,SGL_RS05600,0.095476824410714
SGL_RS04055,SGL_RS16960,0.0954188048944359
SGL_RS13130,SGL_RS14535,0.0954146641521909
SGL_RS00670,SGL_RS00110,0.0954093916511361
SGL_RS04055,SGL_RS07570,0.0953981861522267
SGL_RS15805,SGL_RS08595,0.0953936544013248
SGL_RS04725,SGL_RS15655,0.0953853146715701
SGL_RS09285,SGL_RS11090,0.0953852529701921
SGL_RS06215,SGL_RS12365,0.0953765471298557
SGL_RS08165,SGL_RS20100,0.0953628159635533
SGL_RS07730,SGL_RS07860,0.0953605273906188
SGL_RS00400,SGL_RS00105,0.0953588831786163
SGL_RS12430,SGL_RS16370,0.0953522989948691
SGL_RS11370,SGL_RS11810,0.0953446556610964
SGL_RS02470,SGL_RS04740,0.0953388347115944
SGL_RS04725,SGL_RS04875,0.0953215999087919
SGL_RS17760,SGL_RS16155,0.0952896205648563
SGL_RS15805,SGL_RS14630,0.0952502404012388
SGL_RS01955,SGL_RS02020,0.0952452685833614
SGL_RS04725,SGL_RS02200,0.0952350780573321
SGL_RS17760,SGL_RS10830,0.0952185673075614
SGL_RS17760,SGL_RS08710,0.0952177396045821
SGL_RS00455,SGL_RS01035,0.0951877815771156
SGL_RS10820,SGL_RS15210,0.0951799979583075
SGL_RS01215,SGL_RS01680,0.0951778743061626
SGL_RS12430,SGL_RS07285,0.0951410597467752
SGL_RS00320,SGL_RS05070,0.0951395233952606
SGL_RS15965,SGL_RS14845,0.095130799205297
SGL_RS15805,SGL_RS09870,0.0951294521247302
SGL_RS14540,SGL_RS10990,0.0951258561837789
SGL_RS12430,SGL_RS13885,0.0951104148895159
SGL_RS00515,SGL_RS03720,0.0951080985022317
SGL_RS01255,SGL_RS00855,0.0951054947927842
SGL_RS10605,SGL_RS03275,0.0951042247157592
SGL_RS11285,SGL_RS13955,0.0950980520231228
SGL_RS04055,SGL_RS08470,0.0950786249161881
SGL_RS02470,SGL_RS05800,0.0950781011480801
SGL_RS00400,SGL_RS04925,0.0950731821308386
SGL_RS03065,SGL_RS02330,0.0950730315669509
SGL_RS11285,SGL_RS01915,0.0950675386446897
SGL_RS01980,SGL_RS10040,0.0950517316220509
SGL_RS00320,SGL_RS15255,0.0950489974309308
SGL_RS13130,SGL_RS11555,0.0950283634955736
SGL_RS01625,SGL_RS13070,0.0950249413230169
SGL_RS02470,SGL_RS13625,0.0950114823310595
SGL_RS08500,SGL_RS02625,0.0950104296372643
SGL_RS15965,SGL_RS16175,0.0950055456437401
SGL_RS02510,SGL_RS04895,0.0950021391085582
SGL_RS16165,SGL_RS17975,0.0950015228635722
SGL_RS17760,SGL_RS16220,0.0950000723283898
SGL_RS12430,SGL_RS12595,0.0949911088681486
SGL_RS08835,SGL_RS00435,0.0949890135592516
SGL_RS12005,SGL_RS12160,0.0949667211697888
SGL_RS11985,SGL_RS17585,0.0949662597757854
SGL_RS12005,SGL_RS13420,0.094926360162733
SGL_RS00515,SGL_RS18830,0.0949206531600866
SGL_RS11285,SGL_RS10865,0.094912637430617
SGL_RS02990,SGL_RS16535,0.0949084308893288
SGL_RS15805,SGL_RS15070,0.0949075122780275
SGL_RS06080,SGL_RS04180,0.0948934077318626
SGL_RS12430,SGL_RS02665,0.0948786299041855
SGL_RS07535,SGL_RS07650,0.0948693984226266
SGL_RS18290,SGL_RS02755,0.0948565716401114
SGL_RS12430,SGL_RS14155,0.0948485564284316
SGL_RS15585,SGL_RS14200,0.0948442401835362
SGL_RS01980,SGL_RS20055,0.0948335219009345
SGL_RS17760,SGL_RS15860,0.0948313908505271
SGL_RS12005,SGL_RS12070,0.0948215181848085
SGL_RS00320,SGL_RS09735,0.0948042666542209
SGL_RS02990,SGL_RS09105,0.0948036014564577
SGL_RS00320,SGL_RS19005,0.0947769554602736
SGL_RS17395,SGL_RS16910,0.0947701666238751
SGL_RS12430,SGL_RS04285,0.0947593734569784
SGL_RS08210,SGL_RS07535,0.0947559529790514
SGL_RS17395,SGL_RS10505,0.0947484329427662
SGL_RS16495,SGL_RS11865,0.0947388828671665
SGL_RS03065,SGL_RS04025,0.0947331882545011
SGL_RS08520,SGL_RS19435,0.0947171302674219
SGL_RS08500,SGL_RS10995,0.0947116632125647
SGL_RS00400,SGL_RS19370,0.0947090917924578
SGL_RS14385,SGL_RS15360,0.0946994278141118
SGL_RS17760,SGL_RS08835,0.0946854939757783
SGL_RS15210,SGL_RS10925,0.094680216964312
SGL_RS09285,SGL_RS06600,0.094678459339731
SGL_RS15805,SGL_RS02095,0.0946663177777459
SGL_RS08165,SGL_RS01480,0.0946491625382087
SGL_RS12430,SGL_RS14550,0.094641800308075
SGL_RS17760,SGL_RS13235,0.0946349100807698
SGL_RS01980,SGL_RS11900,0.0946293858898058
SGL_RS10605,SGL_RS17055,0.0946226163236995
SGL_RS07975,SGL_RS10310,0.0946214338296452
SGL_RS10605,SGL_RS20085,0.094596500562628
SGL_RS10605,SGL_RS12815,0.0945906493183077
SGL_RS18290,SGL_RS01470,0.0945833492357061
SGL_RS17395,SGL_RS19985,0.0945781224854583
SGL_RS15805,SGL_RS12685,0.0945737877936062
SGL_RS17395,SGL_RS02855,0.0945667470359668
SGL_RS10820,SGL_RS04415,0.0945616601548344
SGL_RS12430,SGL_RS06190,0.0945606379719183
SGL_RS15805,SGL_RS06010,0.0945578067366551
SGL_RS02510,SGL_RS02125,0.094537042780548
SGL_RS12005,SGL_RS00680,0.0945313792273572
SGL_RS12595,SGL_RS14315,0.0945227408523963
SGL_RS17395,SGL_RS11095,0.0945210119025351
SGL_RS12005,SGL_RS14810,0.094513716491416
SGL_RS10605,SGL_RS03310,0.0945083208898037
SGL_RS13130,SGL_RS01915,0.0944959598607805
SGL_RS00400,SGL_RS00090,0.0944949885340805
SGL_RS12430,SGL_RS04085,0.0944935681238688
SGL_RS15805,SGL_RS14420,0.0944211346306165
SGL_RS01955,SGL_RS14465,0.094417970850873
SGL_RS07730,SGL_RS02595,0.0944083476155602
SGL_RS08835,SGL_RS14840,0.0944033992137682
SGL_RS08500,SGL_RS04310,0.0944012683213187
SGL_RS12005,SGL_RS11935,0.0943917749589767
SGL_RS10820,SGL_RS00915,0.0943847941632374
SGL_RS00400,SGL_RS00115,0.0943818800185732
SGL_RS17760,SGL_RS09590,0.0943730675356778
SGL_RS12430,SGL_RS11815,0.0943693431366119
SGL_RS00400,SGL_RS09570,0.0943604800670008
SGL_RS04055,SGL_RS09905,0.0943580216764779
SGL_RS16165,SGL_RS17960,0.0943572265794622
SGL_RS04450,SGL_RS12475,0.0943460913796988
SGL_RS00400,SGL_RS00020,0.0943300876054285
SGL_RS04055,SGL_RS16970,0.0943158154505005
SGL_RS12595,SGL_RS06510,0.0943137013647773
SGL_RS06215,SGL_RS11525,0.0943136646118757
SGL_RS12595,SGL_RS13190,0.0943092106795592
SGL_RS04820,SGL_RS03190,0.0943001377042852
SGL_RS02470,SGL_RS10500,0.0942852591282528
SGL_RS14385,SGL_RS10345,0.0942818294567838
SGL_RS12430,SGL_RS02405,0.0942783687990589
SGL_RS17395,SGL_RS09275,0.094271206279467
SGL_RS12005,SGL_RS05230,0.0942644676087407
SGL_RS13820,SGL_RS16745,0.0942607647915454
SGL_RS15210,SGL_RS10065,0.0942484008846801
SGL_RS12595,SGL_RS11795,0.0942411202175271
SGL_RS06215,SGL_RS13035,0.0942400406736237
SGL_RS15805,SGL_RS03175,0.0942343851670832
SGL_RS02470,SGL_RS14855,0.0942162290016704
SGL_RS04450,SGL_RS17095,0.0942148197807762
SGL_RS04450,SGL_RS14075,0.0942110897786296
SGL_RS01955,SGL_RS00825,0.0942094915657185
SGL_RS17760,SGL_RS11270,0.0942066758364113
SGL_RS17245,SGL_RS10625,0.0942030028084115
SGL_RS08500,SGL_RS05980,0.0941911797380676
SGL_RS06340,SGL_RS16670,0.0941906440297017
SGL_RS15805,SGL_RS17130,0.094184765334858
SGL_RS12430,SGL_RS10645,0.0941795604954708
SGL_RS07730,SGL_RS01120,0.0941762275076131
SGL_RS00075,SGL_RS09570,0.0941366407469222
SGL_RS04055,SGL_RS10410,0.0941255209933987
SGL_RS09285,SGL_RS15570,0.0941246568336607
SGL_RS00515,SGL_RS04980,0.0940930662171853
SGL_RS08500,SGL_RS06730,0.0940926847767741
SGL_RS09285,SGL_RS17100,0.0940900047487499
SGL_RS10605,SGL_RS10670,0.0940886687768885
SGL_RS08500,SGL_RS14390,0.0940838631537872
SGL_RS15805,SGL_RS13390,0.0940703163747035
SGL_RS14385,SGL_RS02490,0.0940560755987711
SGL_RS17760,SGL_RS00745,0.0940503712615173
SGL_RS14385,SGL_RS07065,0.0940503488801762
SGL_RS01215,SGL_RS01285,0.0940448956143904
SGL_RS01625,SGL_RS16875,0.0940347217977216
SGL_RS15805,SGL_RS02560,0.0940343828037847
SGL_RS12430,SGL_RS10955,0.0940161326512865
SGL_RS06080,SGL_RS04630,0.0940120335520916
SGL_RS17395,SGL_RS09105,0.0940004898889206
SGL_RS08500,SGL_RS04190,0.0939945283150494
SGL_RS15805,SGL_RS11995,0.0939904964463554
SGL_RS08500,SGL_RS04610,0.093990469376209
SGL_RS17395,SGL_RS18325,0.0939863960309881
SGL_RS18290,SGL_RS12330,0.0939854394975843
SGL_RS13130,SGL_RS15770,0.093981874572987
SGL_RS17440,SGL_RS11140,0.0939810940482173
SGL_RS10605,SGL_RS19715,0.0939759848271732
SGL_RS05150,SGL_RS14710,0.0939720702652235
SGL_RS03065,SGL_RS07890,0.0939694752116672
SGL_RS14540,SGL_RS11855,0.0939686706373386
SGL_RS06410,SGL_RS05575,0.0939642174268099
SGL_RS10820,SGL_RS18380,0.0939476896386486
SGL_RS08165,SGL_RS14170,0.0939322680522322
SGL_RS12595,SGL_RS09110,0.0938977268203996
SGL_RS04450,SGL_RS12765,0.0938921251619864
SGL_RS00400,SGL_RS05160,0.0938905461688747
SGL_RS04450,SGL_RS15190,0.0938851145328259
SGL_RS00400,SGL_RS03670,0.0938784311183094
SGL_RS08080,SGL_RS04995,0.0938659510591422
SGL_RS16165,SGL_RS11180,0.093861942955254
SGL_RS17760,SGL_RS14840,0.0938615798305623
SGL_RS16495,SGL_RS02815,0.0938532634140304
SGL_RS00320,SGL_RS00560,0.0938468952709431
SGL_RS04055,SGL_RS02900,0.0938323963030394
SGL_RS00400,SGL_RS17795,0.09383196299903
SGL_RS12430,SGL_RS05870,0.0938271477966921
SGL_RS00515,SGL_RS15885,0.0938150692781912
SGL_RS00075,SGL_RS18875,0.0938136508450847
SGL_RS04055,SGL_RS03480,0.0938050683261338
SGL_RS00075,SGL_RS17375,0.0937857537462533
SGL_RS14385,SGL_RS01935,0.0937856564232307
SGL_RS16495,SGL_RS02130,0.0937815289907983
SGL_RS15210,SGL_RS07315,0.0937765741004449
SGL_RS15245,SGL_RS11750,0.0937763200189789
SGL_RS11370,SGL_RS04450,0.0937733107372704
SGL_RS12430,SGL_RS13890,0.0937716039063172
SGL_RS17395,SGL_RS14750,0.093768367136768
SGL_RS04725,SGL_RS13360,0.0937537118909024
SGL_RS17760,SGL_RS05600,0.0937483325240101
SGL_RS06480,SGL_RS05245,0.0937446118754075
SGL_RS05150,SGL_RS10700,0.0937394038638459
SGL_RS06340,SGL_RS02910,0.0937349289189567
SGL_RS00400,SGL_RS00670,0.0937195506587987
SGL_RS04450,SGL_RS07120,0.0937182655569222
SGL_RS08500,SGL_RS02960,0.0937158191976002
SGL_RS11370,SGL_RS06045,0.0937123633177828
SGL_RS11285,SGL_RS13130,0.0937024948356969
SGL_RS08500,SGL_RS08770,0.0936915203370959
SGL_RS12430,SGL_RS04290,0.093687304588911
SGL_RS12430,SGL_RS16890,0.0936862129949648
SGL_RS00455,SGL_RS01055,0.093683157787799
SGL_RS15210,SGL_RS05520,0.0936700354538058
SGL_RS09285,SGL_RS14870,0.0936642377194851
SGL_RS07730,SGL_RS18270,0.0936640688704275
SGL_RS04055,SGL_RS05855,0.0936573903706389
SGL_RS17395,SGL_RS06785,0.0936331833380865
SGL_RS01215,SGL_RS19310,0.0936281702252761
SGL_RS07730,SGL_RS12610,0.0936277525004853
SGL_RS08210,SGL_RS16840,0.0936201669015557
SGL_RS12430,SGL_RS02620,0.0936143108947511
SGL_RS01955,SGL_RS04220,0.0936142476431004
SGL_RS02470,SGL_RS05770,0.0936008747931753
SGL_RS04725,SGL_RS02875,0.0935997487717767
SGL_RS04450,SGL_RS11840,0.0935952147378705
SGL_RS07730,SGL_RS11395,0.0935806828509226
SGL_RS12430,SGL_RS04620,0.0935612322023489
SGL_RS00075,SGL_RS00110,0.0935603890828638
SGL_RS08210,SGL_RS09420,0.0935581744284019
SGL_RS16495,SGL_RS19845,0.0935572209297094
SGL_RS04450,SGL_RS17085,0.0935559311097161
SGL_RS01980,SGL_RS00570,0.093549672046764
SGL_RS06215,SGL_RS10640,0.093543877738041
SGL_RS10820,SGL_RS09555,0.0935417500007135
SGL_RS12005,SGL_RS13205,0.0935409969966084
SGL_RS10605,SGL_RS09215,0.0935327579578143
SGL_RS00400,SGL_RS15615,0.0935279431752852
SGL_RS15805,SGL_RS18180,0.0935253537080987
SGL_RS10605,SGL_RS17515,0.0935090919448037
SGL_RS07975,SGL_RS05015,0.0935049507414769
SGL_RS03065,SGL_RS16790,0.0935024887285369
SGL_RS10820,SGL_RS14795,0.0934941585204516
SGL_RS04615,SGL_RS18710,0.0934932597193464
SGL_RS12430,SGL_RS16835,0.0934900114718869
SGL_RS06215,SGL_RS16665,0.0934857676792756
SGL_RS01980,SGL_RS00730,0.0934837091589452
SGL_RS06410,SGL_RS13425,0.0934716954379013
SGL_RS10820,SGL_RS07330,0.0934608926398474
SGL_RS17760,SGL_RS19625,0.0934548106877403
SGL_RS17245,SGL_RS13100,0.0934496814583229
SGL_RS10605,SGL_RS08535,0.0934492327644853
SGL_RS01215,SGL_RS00865,0.0934483045596482
SGL_RS17760,SGL_RS15910,0.0934365651598379
SGL_RS00320,SGL_RS17210,0.0934347590477172
SGL_RS09285,SGL_RS06750,0.0934253421713581
SGL_RS02990,SGL_RS06700,0.093423646835295
SGL_RS06410,SGL_RS03865,0.0934220857013233
SGL_RS03065,SGL_RS14765,0.0934171651971509
SGL_RS08520,SGL_RS14690,0.0934116747566501
SGL_RS04725,SGL_RS11915,0.0934114409455448
SGL_RS01980,SGL_RS00435,0.0934075286961767
SGL_RS08500,SGL_RS12490,0.0934059312163925
SGL_RS16080,SGL_RS11300,0.093402493897773
SGL_RS11370,SGL_RS04200,0.0933923122896572
SGL_RS08835,SGL_RS05225,0.0933911297592206
SGL_RS12430,SGL_RS15230,0.0933838403196826
SGL_RS15805,SGL_RS07180,0.0933721750773
SGL_RS09285,SGL_RS02360,0.0933491794846986
SGL_RS15805,SGL_RS00820,0.0933483821632397
SGL_RS15805,SGL_RS12030,0.093336076608785
SGL_RS06480,SGL_RS04275,0.0933305735826837
SGL_RS10820,SGL_RS10700,0.0933093495780813
SGL_RS03065,SGL_RS06430,0.0932977841541913
SGL_RS14385,SGL_RS07105,0.093296078114236
SGL_RS01215,SGL_RS01230,0.093293556058257
SGL_RS15215,SGL_RS03415,0.0932893179148802
SGL_RS11370,SGL_RS07995,0.0932796194612494
SGL_RS07730,SGL_RS04880,0.093277874093741
SGL_RS17120,SGL_RS01675,0.0932634508071001
SGL_RS08835,SGL_RS15465,0.0932626496793983
SGL_RS16165,SGL_RS15115,0.0932609981128988
SGL_RS10820,SGL_RS06375,0.0932607898275563
SGL_RS15805,SGL_RS04455,0.0932595433681854
SGL_RS15210,SGL_RS06780,0.0932559089481038
SGL_RS12430,SGL_RS07250,0.0932531373706168
SGL_RS04055,SGL_RS08435,0.0932476201109064
SGL_RS10820,SGL_RS08850,0.093247088478744
SGL_RS08210,SGL_RS14550,0.0932363047819412
SGL_RS08500,SGL_RS08745,0.0932246641111089
SGL_RS08210,SGL_RS08640,0.093220628765022
SGL_RS10820,SGL_RS07135,0.0932162292454945
SGL_RS17440,SGL_RS12295,0.0931999280033056
SGL_RS02990,SGL_RS07775,0.0931761485765747
SGL_RS01980,SGL_RS05070,0.0931572396013741
SGL_RS06410,SGL_RS09805,0.0931484916113657
SGL_RS17395,SGL_RS16670,0.0931415764508131
SGL_RS08500,SGL_RS10910,0.0931344382698625
SGL_RS14385,SGL_RS14335,0.093132046333775
SGL_RS07535,SGL_RS13745,0.0931243170656218
SGL_RS12430,SGL_RS12360,0.093118094418108
SGL_RS04450,SGL_RS13790,0.0931180164519576
SGL_RS15965,SGL_RS12160,0.0931118960324461
SGL_RS00455,SGL_RS00955,0.0931098220408006
SGL_RS14385,SGL_RS08790,0.0931076061259634
SGL_RS01980,SGL_RS01865,0.0931074646209827
SGL_RS15805,SGL_RS12805,0.0930894067883771
SGL_RS14385,SGL_RS11425,0.0930840443097111
SGL_RS15965,SGL_RS11250,0.0930819637013937
SGL_RS15805,SGL_RS07195,0.0930797120520076
SGL_RS09285,SGL_RS20175,0.0930777443267259
SGL_RS15965,SGL_RS01220,0.0930706433789629
SGL_RS15965,SGL_RS04635,0.0930548806466124
SGL_RS09285,SGL_RS17800,0.0930424398949575
SGL_RS04450,SGL_RS05955,0.0930398100358115
SGL_RS13820,SGL_RS14505,0.093031878896492
SGL_RS16495,SGL_RS19775,0.0930280476930796
SGL_RS18290,SGL_RS15575,0.093019637770593
SGL_RS04725,SGL_RS17875,0.0930100322408068
SGL_RS17760,SGL_RS05020,0.0929961945657529
SGL_RS08500,SGL_RS14285,0.0929866539319448
SGL_RS10820,SGL_RS08675,0.0929847420727218
SGL_RS15805,SGL_RS02530,0.0929795891632206
SGL_RS07730,SGL_RS17015,0.0929607151514318
SGL_RS14385,SGL_RS04455,0.0929591300206526
SGL_RS10820,SGL_RS05190,0.0929539248294595
SGL_RS13820,SGL_RS11685,0.0929450575972324
SGL_RS14385,SGL_RS12955,0.0929308066349653
SGL_RS12430,SGL_RS08970,0.0929268351857008
SGL_RS06410,SGL_RS09740,0.0929240397015721
SGL_RS14385,SGL_RS02095,0.0929234710029219
SGL_RS10820,SGL_RS12740,0.0929096415463927
SGL_RS17395,SGL_RS05050,0.0929083134345908
SGL_RS14540,SGL_RS02705,0.0929050974983925
SGL_RS12430,SGL_RS18300,0.092902234907681
SGL_RS00320,SGL_RS01570,0.0928961261249823
SGL_RS15965,SGL_RS07450,0.0928855928969159
SGL_RS00320,SGL_RS20180,0.0928632458948715
SGL_RS11985,SGL_RS05065,0.092838370604413
SGL_RS00400,SGL_RS08325,0.0928368767775947
SGL_RS11985,SGL_RS20140,0.0928360676806512
SGL_RS12430,SGL_RS02550,0.0928315590646149
SGL_RS01980,SGL_RS06060,0.0928296105042189
SGL_RS00320,SGL_RS02170,0.0928252233929174
SGL_RS08835,SGL_RS07235,0.0928131664946214
SGL_RS14385,SGL_RS09110,0.0928075028775301
SGL_RS09285,SGL_RS06425,0.0928036058081583
SGL_RS17760,SGL_RS09990,0.0927799838582221
SGL_RS15210,SGL_RS15670,0.0927792010953888
SGL_RS12430,SGL_RS16950,0.0927778053882494
SGL_RS00455,SGL_RS03645,0.0927729934516545
SGL_RS08835,SGL_RS13210,0.0927673194098104
SGL_RS08500,SGL_RS02630,0.0927668303687164
SGL_RS15965,SGL_RS15935,0.0927624651608575
SGL_RS15210,SGL_RS10915,0.0927548837568098
SGL_RS14165,SGL_RS14175,0.0927499144511175
SGL_RS01980,SGL_RS14730,0.092736934153784
SGL_RS15805,SGL_RS12940,0.0927203364652986
SGL_RS01955,SGL_RS14685,0.0927073017709609
SGL_RS10605,SGL_RS15235,0.0927060445258365
SGL_RS15965,SGL_RS16000,0.0926799542702486
SGL_RS15805,SGL_RS11740,0.0926716872382794
SGL_RS14385,SGL_RS03125,0.0926645055245812
SGL_RS01980,SGL_RS09065,0.0926600853808238
SGL_RS07535,SGL_RS11355,0.0926594331940545
SGL_RS17760,SGL_RS08270,0.0926563538572725
SGL_RS00400,SGL_RS08015,0.092653948362987
SGL_RS17395,SGL_RS10510,0.0926516318584773
SGL_RS08165,SGL_RS18960,0.0926512009541934
SGL_RS15805,SGL_RS16645,0.0926383229757414
SGL_RS15245,SGL_RS01185,0.0926229544015005
SGL_RS15965,SGL_RS11270,0.0926102129126979
SGL_RS15965,SGL_RS00545,0.0926095773348592
SGL_RS11370,SGL_RS11125,0.092606892953155
SGL_RS12005,SGL_RS13215,0.092601469419689
SGL_RS03065,SGL_RS10225,0.0925922483793593
SGL_RS03065,SGL_RS13630,0.0925916419767471
SGL_RS06340,SGL_RS07850,0.0925903549993839
SGL_RS12430,SGL_RS08515,0.0925745945331648
SGL_RS15965,SGL_RS00660,0.0925744055891879
SGL_RS07975,SGL_RS04790,0.09256315306702
SGL_RS17760,SGL_RS10070,0.0925570855413761
SGL_RS17760,SGL_RS16390,0.0925504313473726
SGL_RS17120,SGL_RS06015,0.092545133300786
SGL_RS15805,SGL_RS03105,0.0925435758742461
SGL_RS17760,SGL_RS04405,0.0925357776948321
SGL_RS02020,SGL_RS10815,0.0925295953297166
SGL_RS15965,SGL_RS14970,0.0925197421860776
SGL_RS15210,SGL_RS12170,0.0924985363629935
SGL_RS00455,SGL_RS03580,0.0924976204340013
SGL_RS00455,SGL_RS02325,0.0924915659651296
SGL_RS03065,SGL_RS03145,0.0924831975502935
SGL_RS15805,SGL_RS16650,0.092480868015442
SGL_RS12005,SGL_RS01130,0.0924800727368684
SGL_RS17760,SGL_RS11925,0.0924719450850768
SGL_RS12430,SGL_RS06540,0.0924699447558638
SGL_RS01625,SGL_RS17720,0.0924607423611041
SGL_RS15965,SGL_RS01125,0.0924571169239757
SGL_RS01980,SGL_RS00085,0.0924145016083471
SGL_RS05150,SGL_RS04160,0.0924130485920836
SGL_RS16080,SGL_RS20150,0.0924119360690012
SGL_RS06480,SGL_RS02125,0.0924017284999514
SGL_RS17760,SGL_RS14405,0.0924007619123699
SGL_RS01980,SGL_RS01995,0.0924003812835151
SGL_RS15245,SGL_RS08385,0.0923960165250264
SGL_RS15805,SGL_RS09290,0.0923942185351293
SGL_RS03065,SGL_RS18030,0.0923841112764704
SGL_RS08835,SGL_RS05205,0.0923783163783498
SGL_RS12430,SGL_RS02315,0.0923725002961777
SGL_RS15805,SGL_RS09860,0.0923714654795912
SGL_RS15965,SGL_RS07510,0.0923591608717952
SGL_RS03065,SGL_RS19965,0.0923549139667327
SGL_RS01980,SGL_RS10375,0.0923524953367658
SGL_RS17760,SGL_RS04285,0.0923235746274628
SGL_RS17245,SGL_RS05720,0.092322073694048
SGL_RS08500,SGL_RS08670,0.09231751903868
SGL_RS10820,SGL_RS07315,0.0923174808824091
SGL_RS04055,SGL_RS07530,0.092309613065865
SGL_RS15210,SGL_RS11810,0.0923090811110549
SGL_RS00400,SGL_RS07070,0.0923073722864724
SGL_RS01625,SGL_RS00425,0.0922968884990169
SGL_RS09285,SGL_RS00815,0.0922922622973263
SGL_RS14610,SGL_RS15065,0.0922387068113119
SGL_RS15805,SGL_RS17635,0.0922383215629697
SGL_RS03065,SGL_RS03260,0.0922255336114866
SGL_RS14540,SGL_RS06265,0.0922207002510152
SGL_RS11370,SGL_RS11445,0.0922153134286704
SGL_RS15805,SGL_RS12975,0.0922098035353608
SGL_RS10820,SGL_RS03340,0.0922055035337709
SGL_RS16495,SGL_RS19060,0.0922029355325058
SGL_RS12430,SGL_RS04250,0.0921680757619872
SGL_RS00670,SGL_RS06175,0.0921597083335739
SGL_RS06410,SGL_RS06305,0.0921478359950162
SGL_RS07535,SGL_RS09875,0.0921404464404844
SGL_RS08210,SGL_RS03355,0.0921399767611543
SGL_RS12430,SGL_RS07050,0.0921341448068298
SGL_RS06215,SGL_RS01885,0.0921262777808573
SGL_RS04725,SGL_RS18090,0.0921251920599851
SGL_RS09285,SGL_RS14920,0.092123286326469
SGL_RS15805,SGL_RS16835,0.0921151412298761
SGL_RS04450,SGL_RS05970,0.0921077684669482
SGL_RS15965,SGL_RS03595,0.0920901163043736
SGL_RS04615,SGL_RS12410,0.0920880444187047
SGL_RS17760,SGL_RS08660,0.0920834877546277
SGL_RS12005,SGL_RS12650,0.0920770664304073
SGL_RS04055,SGL_RS12540,0.0920515385060604
SGL_RS12595,SGL_RS09775,0.0920478910841135
SGL_RS08845,SGL_RS06285,0.092044270073275
SGL_RS04725,SGL_RS09705,0.0920304685905625
SGL_RS15805,SGL_RS14460,0.0920232499114218
SGL_RS07730,SGL_RS12310,0.0920198743162604
SGL_RS03065,SGL_RS07175,0.0920182663490393
SGL_RS12540,SGL_RS04770,0.0920062651192083
SGL_RS09285,SGL_RS02285,0.0920019182537376
SGL_RS12430,SGL_RS14660,0.0920009541079218
SGL_RS10605,SGL_RS07250,0.0920002654122119
SGL_RS17440,SGL_RS11685,0.0919998848542079
SGL_RS12595,SGL_RS14915,0.0919979015099225
SGL_RS12595,SGL_RS02395,0.0919739501410534
SGL_RS04055,SGL_RS04585,0.0919711170683614
SGL_RS00400,SGL_RS03595,0.0919609412538398
SGL_RS15805,SGL_RS13660,0.0919504643217668
SGL_RS00400,SGL_RS01415,0.0919477854020001
SGL_RS17760,SGL_RS05525,0.091931877106095
SGL_RS15210,SGL_RS07545,0.0919205313865086
SGL_RS01980,SGL_RS14715,0.0919195917091269
SGL_RS17760,SGL_RS00915,0.0919145757772385
SGL_RS15965,SGL_RS02135,0.0919127754099024
SGL_RS15805,SGL_RS12690,0.0918926437219366
SGL_RS12540,SGL_RS12920,0.0918813369677739
SGL_RS10605,SGL_RS13505,0.091860904987902
SGL_RS00455,SGL_RS00985,0.0918471114855003
SGL_RS00400,SGL_RS07080,0.0918429266521086
SGL_RS15310,SGL_RS04445,0.091828095586393
SGL_RS14385,SGL_RS07970,0.0918105774020214
SGL_RS13820,SGL_RS07485,0.0918048004858151
SGL_RS08835,SGL_RS07445,0.0918038418682806
SGL_RS14385,SGL_RS11225,0.091801638249414
SGL_RS01980,SGL_RS20180,0.0917927719328289
SGL_RS10820,SGL_RS17520,0.0917732469522995
SGL_RS07535,SGL_RS17505,0.0917727067233264
SGL_RS08165,SGL_RS20110,0.0917473748434462
SGL_RS11370,SGL_RS05385,0.091742306577158
SGL_RS10820,SGL_RS08665,0.0917373096909514
SGL_RS00515,SGL_RS14670,0.0917194867152738
SGL_RS01980,SGL_RS03590,0.0917193415717872
SGL_RS01980,SGL_RS01370,0.0917117492715933
SGL_RS12595,SGL_RS03450,0.0917012661067731
SGL_RS17440,SGL_RS13030,0.0916715101781398
SGL_RS15805,SGL_RS05630,0.0916668788576553
SGL_RS17395,SGL_RS08840,0.0916662444386374
SGL_RS12430,SGL_RS13490,0.0916627710025819
SGL_RS18290,SGL_RS02225,0.0916541666768291
SGL_RS17760,SGL_RS10065,0.0916527799658324
SGL_RS00400,SGL_RS16180,0.0916523511518342
SGL_RS06340,SGL_RS06135,0.0916510417168
SGL_RS03065,SGL_RS17550,0.0916200918033819
SGL_RS16495,SGL_RS11830,0.0916045234455628
SGL_RS00075,SGL_RS08320,0.09159664629576
SGL_RS00320,SGL_RS09935,0.0915868208387605
SGL_RS06215,SGL_RS12060,0.0915850051872571
SGL_RS14385,SGL_RS15805,0.0915820689674246
SGL_RS00400,SGL_RS04230,0.0915779086833041
SGL_RS04450,SGL_RS05725,0.0915333469957141
SGL_RS00670,SGL_RS01840,0.0915199806633029
SGL_RS07975,SGL_RS05550,0.091512734558399
SGL_RS12595,SGL_RS05860,0.0915106668361366
SGL_RS07730,SGL_RS08545,0.091509235672271
SGL_RS12430,SGL_RS16695,0.0915085168951432
SGL_RS06215,SGL_RS17215,0.0915045452154411
SGL_RS15805,SGL_RS19970,0.0914919677589065
SGL_RS08500,SGL_RS02570,0.0914909244004553
SGL_RS04820,SGL_RS13400,0.0914891960728294
SGL_RS12430,SGL_RS13230,0.0914694324386843
SGL_RS16495,SGL_RS04960,0.0914622562477374
SGL_RS18290,SGL_RS03135,0.0914590690354574
SGL_RS10605,SGL_RS17000,0.0914572178903223
SGL_RS12430,SGL_RS15425,0.0914562888546827
SGL_RS08210,SGL_RS15700,0.0914558727898532
SGL_RS10605,SGL_RS02155,0.0914488172826289
SGL_RS04055,SGL_RS09260,0.0914468856529629
SGL_RS15965,SGL_RS15615,0.0914456951711802
SGL_RS04820,SGL_RS13865,0.0914439865597996
SGL_RS11370,SGL_RS13725,0.091426723828475
SGL_RS06480,SGL_RS12225,0.0914209407426721
SGL_RS04055,SGL_RS14885,0.091401745474605
SGL_RS17760,SGL_RS16595,0.0914012877477976
SGL_RS15965,SGL_RS16180,0.0913986757028395
SGL_RS00455,SGL_RS03715,0.0913907555402512
SGL_RS15805,SGL_RS03395,0.0913845361538426
SGL_RS07740,SGL_RS14315,0.0913823410526433
SGL_RS12430,SGL_RS01920,0.0913769135461708
SGL_RS15965,SGL_RS07075,0.0913748576491142
SGL_RS00515,SGL_RS03715,0.0913730626687319
SGL_RS12430,SGL_RS03175,0.0913681752603081
SGL_RS06215,SGL_RS19410,0.0913676394985858
SGL_RS04055,SGL_RS17830,0.0913663305603692
SGL_RS01255,SGL_RS04345,0.091360443872455
SGL_RS15805,SGL_RS06425,0.0913599268151817
SGL_RS09285,SGL_RS17680,0.0913568581703311
SGL_RS12430,SGL_RS17050,0.0913538611059913
SGL_RS03065,SGL_RS08715,0.0913419169568717
SGL_RS11370,SGL_RS12005,0.091320811973888
SGL_RS12430,SGL_RS06740,0.0913083164059652
SGL_RS12595,SGL_RS11655,0.0913080153656398
SGL_RS04450,SGL_RS18890,0.091306003722552
SGL_RS02510,SGL_RS03185,0.0913029740401369
SGL_RS07730,SGL_RS03320,0.0912980917465493
SGL_RS14385,SGL_RS18050,0.0912969571074505
SGL_RS02510,SGL_RS11055,0.0912931374495716
SGL_RS06215,SGL_RS18315,0.0912745805521285
SGL_RS00320,SGL_RS00470,0.0912700532897052
SGL_RS01625,SGL_RS12590,0.0912660609765161
SGL_RS17760,SGL_RS14480,0.0912594775019636
SGL_RS06215,SGL_RS08055,0.0912526525355539
SGL_RS10820,SGL_RS01570,0.0912524518010439
SGL_RS00400,SGL_RS05530,0.0912490987555831
SGL_RS03065,SGL_RS11500,0.0912439253388255
SGL_RS15805,SGL_RS14160,0.0912418584962669
SGL_RS15965,SGL_RS18250,0.0912383002822329
SGL_RS15805,SGL_RS04750,0.0912372703369373
SGL_RS08210,SGL_RS08970,0.0912328021180376
SGL_RS16080,SGL_RS20120,0.0912271374873621
SGL_RS15805,SGL_RS15235,0.0912235773744229
SGL_RS10820,SGL_RS16325,0.0912077533328508
SGL_RS15805,SGL_RS09890,0.0912016119123853
SGL_RS01955,SGL_RS10705,0.091199274989998
SGL_RS17245,SGL_RS16550,0.0911990061928991
SGL_RS18290,SGL_RS05105,0.0911969880175637
SGL_RS17245,SGL_RS10885,0.0911929079741601
SGL_RS13130,SGL_RS16340,0.091180326951865
SGL_RS06340,SGL_RS03960,0.091171709242888
SGL_RS04615,SGL_RS14225,0.0911676991709409
SGL_RS15805,SGL_RS07535,0.091167571020638
SGL_RS00515,SGL_RS07115,0.091147799162504
SGL_RS03065,SGL_RS02660,0.0911394376219111
SGL_RS16165,SGL_RS16175,0.0911271444375893
SGL_RS15965,SGL_RS07370,0.0911192535912069
SGL_RS18290,SGL_RS18310,0.091118919319971
SGL_RS17395,SGL_RS15545,0.0911148296861938
SGL_RS15210,SGL_RS02890,0.091108876654285
SGL_RS13130,SGL_RS06875,0.0911069849087423
SGL_RS09285,SGL_RS15150,0.091102325604247
SGL_RS09285,SGL_RS16515,0.091097883657966
SGL_RS12430,SGL_RS07770,0.0910908799269857
SGL_RS07730,SGL_RS02405,0.0910874938327942
SGL_RS10820,SGL_RS01915,0.0910738058510612
SGL_RS15965,SGL_RS00355,0.0910716865957679
SGL_RS09285,SGL_RS11355,0.0910677710533498
SGL_RS15965,SGL_RS01685,0.0910656566027811
SGL_RS04055,SGL_RS07525,0.091057651034676
SGL_RS15210,SGL_RS06410,0.0910530259037935
SGL_RS15805,SGL_RS07630,0.0910441879548916
SGL_RS16495,SGL_RS10060,0.0910331493566595
SGL_RS11370,SGL_RS18040,0.0910331220030358
SGL_RS02020,SGL_RS11730,0.0910190515498662
SGL_RS10605,SGL_RS16845,0.0910132018419712
SGL_RS10820,SGL_RS12735,0.0910120526474649
SGL_RS15805,SGL_RS06555,0.0910113875181777
SGL_RS10605,SGL_RS13640,0.0910013747600483
SGL_RS06080,SGL_RS19565,0.0909995545027237
SGL_RS17760,SGL_RS12860,0.090998729314964
SGL_RS03065,SGL_RS01920,0.090995032902229
SGL_RS00400,SGL_RS10205,0.0909935488407354
SGL_RS10820,SGL_RS17650,0.0909923499137239
SGL_RS12430,SGL_RS15785,0.090979669271746
SGL_RS14385,SGL_RS13195,0.0909792551487853
SGL_RS13130,SGL_RS15400,0.0909757983853981
SGL_RS17760,SGL_RS06865,0.090972623757342
SGL_RS09285,SGL_RS02560,0.0909582414562118
SGL_RS17760,SGL_RS19530,0.09094326673977
SGL_RS15805,SGL_RS11570,0.0909296726251916
SGL_RS15210,SGL_RS07595,0.0909267222327905
SGL_RS15805,SGL_RS17735,0.090924338333965
SGL_RS01955,SGL_RS04370,0.0909124919060017
SGL_RS15805,SGL_RS02285,0.0909067241485925
SGL_RS17245,SGL_RS07320,0.0909054044481371
SGL_RS15805,SGL_RS15460,0.0909040762129323
SGL_RS00400,SGL_RS07475,0.0908999839725852
SGL_RS17245,SGL_RS03445,0.0908975879981654
SGL_RS10820,SGL_RS02905,0.0908894652322593
SGL_RS00400,SGL_RS13585,0.090888708742973
SGL_RS15805,SGL_RS10960,0.090872851293887
SGL_RS05150,SGL_RS02185,0.0908726299434834
SGL_RS00400,SGL_RS04145,0.090870519200069
SGL_RS04055,SGL_RS07765,0.0908700239326006
SGL_RS10605,SGL_RS08045,0.0908666588414159
SGL_RS03065,SGL_RS08735,0.0908602947604732
SGL_RS06080,SGL_RS00555,0.0908473825173609
SGL_RS15210,SGL_RS05540,0.0908411617799819
SGL_RS07535,SGL_RS08210,0.0908409044483582
SGL_RS10820,SGL_RS05335,0.0908364373206018
SGL_RS04450,SGL_RS11785,0.0908246147436357
SGL_RS03065,SGL_RS04880,0.0908232567134295
SGL_RS17760,SGL_RS14830,0.0908231866118133
SGL_RS12430,SGL_RS09430,0.0908162707615219
SGL_RS14385,SGL_RS03250,0.0908161089560646
SGL_RS15805,SGL_RS12355,0.0908098518282364
SGL_RS15805,SGL_RS10320,0.0908079028864828
SGL_RS04055,SGL_RS07225,0.090802072979424
SGL_RS15965,SGL_RS16215,0.0907953130341488
SGL_RS06215,SGL_RS15255,0.090790862971887
SGL_RS06410,SGL_RS17955,0.0907869296869607
SGL_RS17760,SGL_RS04295,0.090784828634443
SGL_RS15805,SGL_RS04060,0.0907842485540493
SGL_RS12430,SGL_RS06530,0.090782132452292
SGL_RS12430,SGL_RS13265,0.0907820916967846
SGL_RS12430,SGL_RS07690,0.0907741793012815
SGL_RS08835,SGL_RS19195,0.0907673540674784
SGL_RS08210,SGL_RS13340,0.090753601065751
SGL_RS08520,SGL_RS03535,0.0907509164146829
SGL_RS01980,SGL_RS02165,0.0907493276962516
SGL_RS15210,SGL_RS12180,0.0907407143286707
SGL_RS15965,SGL_RS01130,0.0907256987925184
SGL_RS16080,SGL_RS18970,0.0907088351487544
SGL_RS12005,SGL_RS09975,0.0906913233581439
SGL_RS08080,SGL_RS05120,0.090690786972597
SGL_RS15210,SGL_RS12815,0.0906873948399655
SGL_RS04055,SGL_RS18040,0.0906869844945729
SGL_RS12595,SGL_RS17085,0.090682120551143
SGL_RS11985,SGL_RS07830,0.0906729278540858
SGL_RS15805,SGL_RS05675,0.0906528989317169
SGL_RS06215,SGL_RS03495,0.0906376466838086
SGL_RS06215,SGL_RS02830,0.0906353519526503
SGL_RS09285,SGL_RS10320,0.0906335559201512
SGL_RS10605,SGL_RS03455,0.0906291409400599
SGL_RS09285,SGL_RS07120,0.0906270077800605
SGL_RS06410,SGL_RS04740,0.0906220854839054
SGL_RS09285,SGL_RS10720,0.0906216595365372
SGL_RS12430,SGL_RS11490,0.0906207151555381
SGL_RS15210,SGL_RS03350,0.0906097478666285
SGL_RS17760,SGL_RS05550,0.0906039622113497
SGL_RS04725,SGL_RS15440,0.090592284075738
SGL_RS08210,SGL_RS10945,0.0905908674297172
SGL_RS08520,SGL_RS10815,0.0905870345863671
SGL_RS15965,SGL_RS15415,0.0905865695497676
SGL_RS16495,SGL_RS13920,0.0905825665062374
SGL_RS08835,SGL_RS04920,0.0905677804981084
SGL_RS08500,SGL_RS12465,0.090566690970587
SGL_RS10605,SGL_RS04765,0.090559100918289
SGL_RS00320,SGL_RS11465,0.0905549759538923
SGL_RS16495,SGL_RS18960,0.0905531074069993
SGL_RS07975,SGL_RS11440,0.0905493682307053
SGL_RS15210,SGL_RS20175,0.0905456084687978
SGL_RS00400,SGL_RS19770,0.0905446929390738
SGL_RS05150,SGL_RS05335,0.0905443974938049
SGL_RS06480,SGL_RS17930,0.0905159975038824
SGL_RS01980,SGL_RS13480,0.090514217168116
SGL_RS12430,SGL_RS17460,0.0905135057847756
SGL_RS03065,SGL_RS06110,0.0905003912097575
SGL_RS04055,SGL_RS08165,0.0904981843568572
SGL_RS16495,SGL_RS10135,0.0904979500666054
SGL_RS11370,SGL_RS18020,0.0904926325976808
SGL_RS00670,SGL_RS00275,0.0904837473442517
SGL_RS02020,SGL_RS00340,0.0904704386961077
SGL_RS10605,SGL_RS12885,0.0904701689539455
SGL_RS02470,SGL_RS15100,0.0904601716095079
SGL_RS17760,SGL_RS09985,0.0904556892769888
SGL_RS14610,SGL_RS08095,0.0904548696792119
SGL_RS03065,SGL_RS06380,0.0904389142806381
SGL_RS06215,SGL_RS06125,0.090438407926671
SGL_RS12005,SGL_RS03575,0.0904307459524732
SGL_RS00400,SGL_RS01970,0.0904276087957777
SGL_RS15965,SGL_RS07070,0.0904167281236791
SGL_RS07730,SGL_RS04135,0.0904149212688917
SGL_RS14385,SGL_RS15645,0.0904039021220181
SGL_RS12430,SGL_RS08510,0.090399028520898
SGL_RS14540,SGL_RS11095,0.0903978750811174
SGL_RS12430,SGL_RS13465,0.0903952217135288
SGL_RS04055,SGL_RS15490,0.0903932282245598
SGL_RS00455,SGL_RS15005,0.0903896399066206
SGL_RS17760,SGL_RS06405,0.0903885576430047
SGL_RS10820,SGL_RS13240,0.0903849287739806
SGL_RS01625,SGL_RS01615,0.0903821643191717
SGL_RS00455,SGL_RS06825,0.0903788619902334
SGL_RS06215,SGL_RS19560,0.0903784799077642
SGL_RS00400,SGL_RS11930,0.0903734435677934
SGL_RS12430,SGL_RS09600,0.0903554615686157
SGL_RS15805,SGL_RS03805,0.0903500638138549
SGL_RS16495,SGL_RS16755,0.0903455406904156
SGL_RS12005,SGL_RS04160,0.0903376892733134
SGL_RS08500,SGL_RS17440,0.0903328433676453
SGL_RS04725,SGL_RS04480,0.0903308813157402
SGL_RS15805,SGL_RS13705,0.0903210102162891
SGL_RS04450,SGL_RS07995,0.0903202859831169
SGL_RS04055,SGL_RS19595,0.0903046556078199
SGL_RS17760,SGL_RS07890,0.0903043599388359
SGL_RS00075,SGL_RS00700,0.0902952691957053
SGL_RS10820,SGL_RS04410,0.0902852821384587
SGL_RS10605,SGL_RS06375,0.0902841521972307
SGL_RS04055,SGL_RS05650,0.0902791387671282
SGL_RS00455,SGL_RS03635,0.0902755497095719
SGL_RS17395,SGL_RS03985,0.0902698011603262
SGL_RS12005,SGL_RS12010,0.0902683402285647
SGL_RS03065,SGL_RS10190,0.0902665828122857
SGL_RS06215,SGL_RS06990,0.0902611747493168
SGL_RS18290,SGL_RS13455,0.09025952366465
SGL_RS10820,SGL_RS14185,0.0902510437250383
SGL_RS02470,SGL_RS05665,0.0902418408259185
SGL_RS01980,SGL_RS07440,0.0902412997937752
SGL_RS06410,SGL_RS07415,0.0902291210384432
SGL_RS08210,SGL_RS10155,0.0902270785547914
SGL_RS09285,SGL_RS15740,0.0902068149552945
SGL_RS08210,SGL_RS11795,0.090187231155875
SGL_RS15245,SGL_RS10530,0.0901831720264433
SGL_RS10820,SGL_RS02600,0.0901707905305701
SGL_RS08210,SGL_RS07815,0.0901639290355087
SGL_RS08835,SGL_RS07475,0.0901573950367841
SGL_RS15965,SGL_RS19770,0.090153027731862
SGL_RS16080,SGL_RS18670,0.0901375301155445
SGL_RS13820,SGL_RS05015,0.0901326357017229
SGL_RS03065,SGL_RS16680,0.090128590212248
SGL_RS10820,SGL_RS11675,0.0901212961548758
SGL_RS02470,SGL_RS07010,0.090113682431031
SGL_RS08080,SGL_RS20095,0.0901117477551983
SGL_RS15965,SGL_RS00010,0.0901002776722389
SGL_RS07730,SGL_RS12725,0.0901001682670991
SGL_RS18290,SGL_RS11330,0.0900931624698716
SGL_RS08165,SGL_RS11065,0.0900923363996792
SGL_RS15965,SGL_RS16400,0.0900854248655825
SGL_RS13820,SGL_RS15435,0.0900717741448315
SGL_RS16495,SGL_RS13610,0.0900679836187901
SGL_RS00075,SGL_RS16275,0.0900630804379805
SGL_RS12430,SGL_RS04730,0.0900622793877809
SGL_RS06480,SGL_RS12650,0.0900571941400177
SGL_RS15805,SGL_RS03450,0.0900550568643501
SGL_RS12595,SGL_RS08605,0.0900446257985968
SGL_RS15805,SGL_RS11755,0.0900342692447282
SGL_RS18290,SGL_RS09680,0.0900324132193362
SGL_RS08835,SGL_RS06575,0.0900303494417773
SGL_RS11370,SGL_RS09160,0.0900287927154906
SGL_RS10755,SGL_RS09505,0.0900205393764118
SGL_RS06215,SGL_RS12640,0.0900189264335911
SGL_RS15805,SGL_RS11500,0.090009632735983
SGL_RS10605,SGL_RS19725,0.0900092449775533
SGL_RS04055,SGL_RS02585,0.0899980832024403
SGL_RS16495,SGL_RS07525,0.0899972261218792
SGL_RS03065,SGL_RS17460,0.0899943487415466
SGL_RS12005,SGL_RS17175,0.0899860218663045
SGL_RS01980,SGL_RS11905,0.0899788655766678
SGL_RS08835,SGL_RS04230,0.0899672332399531
SGL_RS04055,SGL_RS02805,0.0899649488728289
SGL_RS09285,SGL_RS11625,0.0899538673845095
SGL_RS10605,SGL_RS08600,0.0899506323173837
SGL_RS16080,SGL_RS03195,0.0899445929885474
SGL_RS15245,SGL_RS07725,0.0899443513641125
SGL_RS03065,SGL_RS08465,0.0899433993701348
SGL_RS09285,SGL_RS07810,0.0899355818858637
SGL_RS00400,SGL_RS00195,0.089933017030187
SGL_RS17395,SGL_RS10870,0.0899306225610427
SGL_RS02470,SGL_RS07545,0.0899284451731036
SGL_RS15805,SGL_RS17240,0.0899185547256836
SGL_RS07740,SGL_RS06470,0.0899150634509868
SGL_RS11370,SGL_RS08430,0.0899064479846037
SGL_RS08520,SGL_RS16205,0.0898994046091889
SGL_RS15805,SGL_RS16845,0.0898986955069737
SGL_RS11985,SGL_RS00240,0.0898986558213116
SGL_RS03065,SGL_RS12610,0.089890340783537
SGL_RS15805,SGL_RS17495,0.0898805664917612
SGL_RS14610,SGL_RS12540,0.0898690758545312
SGL_RS06340,SGL_RS04505,0.0898566220393382
SGL_RS13130,SGL_RS11290,0.0898371801785318
SGL_RS00320,SGL_RS00585,0.0898355422711399
SGL_RS13130,SGL_RS06430,0.0898305102454184
SGL_RS16165,SGL_RS12795,0.0898281288651629
SGL_RS12595,SGL_RS02315,0.089826984695648
SGL_RS15965,SGL_RS04280,0.0898003481332143
SGL_RS12430,SGL_RS08710,0.089775935481507
SGL_RS00320,SGL_RS00970,0.0897700237078298
SGL_RS11285,SGL_RS14290,0.0897679301640757
SGL_RS04725,SGL_RS07485,0.089765098436511
SGL_RS17760,SGL_RS11135,0.089762809037856
SGL_RS09285,SGL_RS00760,0.0897618459520246
SGL_RS12430,SGL_RS18195,0.089756483127571
SGL_RS17395,SGL_RS08575,0.089750879826603
SGL_RS15965,SGL_RS19675,0.0897390391550287
SGL_RS08500,SGL_RS18100,0.0897260316726145
SGL_RS12430,SGL_RS11650,0.0897108978103295
SGL_RS15965,SGL_RS11865,0.0897078609207611
SGL_RS04055,SGL_RS18350,0.0897052072324766
SGL_RS12430,SGL_RS14830,0.0896906452545627
SGL_RS13130,SGL_RS15575,0.0896906196317204
SGL_RS14385,SGL_RS15280,0.0896876383850094
SGL_RS01625,SGL_RS16020,0.0896866934958964
SGL_RS00670,SGL_RS01700,0.0896767966228234
SGL_RS17395,SGL_RS14555,0.0896759096832504
SGL_RS00320,SGL_RS14690,0.0896739339785011
SGL_RS13130,SGL_RS05395,0.0896652000897222
SGL_RS00455,SGL_RS09730,0.089663515309771
SGL_RS17760,SGL_RS13210,0.0896611028448599
SGL_RS16495,SGL_RS16570,0.0896364642839432
SGL_RS04450,SGL_RS06205,0.0896320711898509
SGL_RS08210,SGL_RS12290,0.0896163706826638
SGL_RS04820,SGL_RS03755,0.089607568752219
SGL_RS04725,SGL_RS09790,0.0896070389977109
SGL_RS15805,SGL_RS10660,0.089603644285727
SGL_RS01980,SGL_RS00725,0.0895986754423453
SGL_RS08835,SGL_RS13480,0.0895958767271982
SGL_RS10605,SGL_RS10830,0.0895868077697688
SGL_RS00400,SGL_RS06175,0.089586223525101
SGL_RS01980,SGL_RS15540,0.0895621452261358
SGL_RS01980,SGL_RS01965,0.0895578567316874
SGL_RS17760,SGL_RS06375,0.089556379638905
SGL_RS14385,SGL_RS17705,0.089553735672926
SGL_RS15805,SGL_RS07590,0.0895519213065983
SGL_RS01255,SGL_RS00965,0.0895489661611583
SGL_RS13820,SGL_RS15445,0.0895480359331451
SGL_RS02990,SGL_RS03770,0.0895414872407576
SGL_RS15805,SGL_RS07660,0.0895345544953993
SGL_RS00670,SGL_RS00105,0.089531314151105
SGL_RS17760,SGL_RS09235,0.0895234024619081
SGL_RS06410,SGL_RS02890,0.0895110131561414
SGL_RS04615,SGL_RS16455,0.0895026472913316
SGL_RS06480,SGL_RS16170,0.0894916185513026
SGL_RS15245,SGL_RS14890,0.0894618452109798
SGL_RS15585,SGL_RS14855,0.0894527239688309
SGL_RS04450,SGL_RS09205,0.0894347111462492
SGL_RS00400,SGL_RS02920,0.0894292038425805
SGL_RS04450,SGL_RS05390,0.0894191444594693
SGL_RS17760,SGL_RS03585,0.089414407123117
SGL_RS12595,SGL_RS13705,0.0894112688681341
SGL_RS12005,SGL_RS14075,0.0894074103933234
SGL_RS12430,SGL_RS17515,0.0893995980618751
SGL_RS00670,SGL_RS01445,0.0893953023581397
SGL_RS03065,SGL_RS10425,0.0893936050454017
SGL_RS08500,SGL_RS15135,0.0893923920938889
SGL_RS16165,SGL_RS17970,0.0893887038745761
SGL_RS17395,SGL_RS13100,0.0893792612675907
SGL_RS02990,SGL_RS16760,0.0893727212726333
SGL_RS10605,SGL_RS06615,0.0893631995613715
SGL_RS17395,SGL_RS13145,0.089361246852372
SGL_RS10820,SGL_RS13940,0.0893518114859962
SGL_RS18290,SGL_RS06300,0.0893484050654205
SGL_RS07535,SGL_RS15365,0.0893483340099724
SGL_RS17395,SGL_RS14930,0.0893481126086223
SGL_RS17760,SGL_RS17635,0.0893372889198754
SGL_RS10820,SGL_RS07355,0.0893359516098219
SGL_RS15805,SGL_RS05665,0.0893318462642579
SGL_RS08210,SGL_RS04590,0.0893252946655414
SGL_RS11370,SGL_RS06275,0.0893243013762094
SGL_RS10820,SGL_RS02360,0.0893194605959
SGL_RS05150,SGL_RS07930,0.0893088297357326
SGL_RS08500,SGL_RS14635,0.0893050193387703
SGL_RS02470,SGL_RS05775,0.0892955849744785
SGL_RS10820,SGL_RS09210,0.0892854112405798
SGL_RS11985,SGL_RS02410,0.089280996115045
SGL_RS02990,SGL_RS10725,0.0892799255828593
SGL_RS15965,SGL_RS00025,0.0892778895474139
SGL_RS14385,SGL_RS03495,0.0892617225031688
SGL_RS17395,SGL_RS06525,0.0892608687193808
SGL_RS00455,SGL_RS07265,0.0892607914250129
SGL_RS07730,SGL_RS03065,0.0892604424177905
SGL_RS03065,SGL_RS06070,0.0892585525177431
SGL_RS07730,SGL_RS16745,0.0892447269085746
SGL_RS10605,SGL_RS02260,0.0892257596706785
SGL_RS04055,SGL_RS18335,0.0892216980703393
SGL_RS13130,SGL_RS13765,0.0892199935194618
SGL_RS06215,SGL_RS02590,0.0892166119158606
SGL_RS11985,SGL_RS16165,0.0892083969653364
SGL_RS10820,SGL_RS12700,0.0891940427962481
SGL_RS08835,SGL_RS07405,0.089188185222678
SGL_RS00320,SGL_RS00580,0.0891821844227906
SGL_RS01625,SGL_RS14905,0.0891767764986725
SGL_RS17395,SGL_RS05970,0.0891739656417334
SGL_RS12430,SGL_RS17060,0.089166819263772
SGL_RS04055,SGL_RS06045,0.0891657379277363
SGL_RS13130,SGL_RS10570,0.0891517620808049
SGL_RS08500,SGL_RS12665,0.0891441530177123
SGL_RS04450,SGL_RS11630,0.089141822102131
SGL_RS05150,SGL_RS06895,0.0891298926205325
SGL_RS06340,SGL_RS17400,0.0891120283245725
SGL_RS14385,SGL_RS09835,0.0890985929988403
SGL_RS01625,SGL_RS08760,0.0890842886935133
SGL_RS12430,SGL_RS04335,0.0890821827504986
SGL_RS15210,SGL_RS11240,0.0890701351748367
SGL_RS07975,SGL_RS07425,0.0890663062028845
SGL_RS07730,SGL_RS07985,0.0890642275993046
SGL_RS15210,SGL_RS11430,0.0890532839611431
SGL_RS13820,SGL_RS02550,0.08905028840428
SGL_RS00670,SGL_RS00270,0.0890482104413186
SGL_RS00515,SGL_RS18960,0.0890470471430514
SGL_RS06080,SGL_RS14005,0.089046509228576
SGL_RS18290,SGL_RS10080,0.0890351815356056
SGL_RS17760,SGL_RS17630,0.0890284968993911
SGL_RS14385,SGL_RS18355,0.0890283208102308
SGL_RS13820,SGL_RS07540,0.0890271431503903
SGL_RS03065,SGL_RS19905,0.0890270752874736
SGL_RS00320,SGL_RS03220,0.0890223448975518
SGL_RS10820,SGL_RS03905,0.0890198239069739
SGL_RS04450,SGL_RS03760,0.0890081043877218
SGL_RS15805,SGL_RS15565,0.0889952739534536
SGL_RS12430,SGL_RS04805,0.088986637381635
SGL_RS15805,SGL_RS02450,0.0889812421665855
SGL_RS10605,SGL_RS17290,0.0889771642124041
SGL_RS01955,SGL_RS04375,0.0889742720626235
SGL_RS12430,SGL_RS07880,0.0889741068524698
SGL_RS07975,SGL_RS07430,0.088972981665313
SGL_RS00670,SGL_RS19735,0.0889642631786375
SGL_RS00400,SGL_RS00730,0.0889627918211478
SGL_RS04055,SGL_RS03960,0.0889601540947327
SGL_RS15805,SGL_RS16890,0.0889551664234533
SGL_RS13820,SGL_RS11050,0.0889521346759448
SGL_RS13130,SGL_RS13500,0.088944249404834
SGL_RS06340,SGL_RS09275,0.0889404777771677
SGL_RS10820,SGL_RS04385,0.0889330080000646
SGL_RS01955,SGL_RS00060,0.0889315994489336
SGL_RS09285,SGL_RS17235,0.0889240020662311
SGL_RS00400,SGL_RS06960,0.0889068255185929
SGL_RS04450,SGL_RS17420,0.0889027210788516
SGL_RS08165,SGL_RS09005,0.0888977668535755
SGL_RS08040,SGL_RS16115,0.0888967663832938
SGL_RS17395,SGL_RS06515,0.088880845730441
SGL_RS13820,SGL_RS09800,0.0888781955961185
SGL_RS12005,SGL_RS05360,0.0888721071445325
SGL_RS06080,SGL_RS04075,0.0888644467486534
SGL_RS17245,SGL_RS16710,0.0888518518194766
SGL_RS01980,SGL_RS19655,0.088848283256917
SGL_RS09285,SGL_RS16050,0.0888396960162164
SGL_RS07730,SGL_RS19935,0.0888324230588651
SGL_RS15805,SGL_RS16705,0.0888257483700514
SGL_RS15805,SGL_RS09045,0.0888243504994698
SGL_RS17395,SGL_RS12900,0.0888223452724694
SGL_RS02020,SGL_RS00080,0.0888195411157347
SGL_RS14540,SGL_RS07120,0.0888160042856213
SGL_RS15805,SGL_RS11360,0.0888131074831962
SGL_RS08835,SGL_RS17640,0.0888071124362811
SGL_RS13130,SGL_RS13695,0.088806783474856
SGL_RS16080,SGL_RS00850,0.0888016677352416
SGL_RS15805,SGL_RS01880,0.0888011742332338
SGL_RS04055,SGL_RS08635,0.0888004067498317
SGL_RS10820,SGL_RS02610,0.0887964502870048
SGL_RS01625,SGL_RS16430,0.0887947633588622
SGL_RS05150,SGL_RS15140,0.0887867293310086
SGL_RS15965,SGL_RS17950,0.0887790160620649
SGL_RS08835,SGL_RS04125,0.0887747571188871
SGL_RS08210,SGL_RS04000,0.0887705275302428
SGL_RS10820,SGL_RS06885,0.0887689547503722
SGL_RS16495,SGL_RS07720,0.0887644859969541
SGL_RS15805,SGL_RS14685,0.0887628474214747
SGL_RS01955,SGL_RS06565,0.0887534546494148
SGL_RS12430,SGL_RS04460,0.0887301067954303
SGL_RS15245,SGL_RS11860,0.0887225649323293
SGL_RS15245,SGL_RS11505,0.0887148754101797
SGL_RS12430,SGL_RS06430,0.088710867417258
SGL_RS17760,SGL_RS18225,0.0887028633784165
SGL_RS10755,SGL_RS19900,0.0887015485575821
SGL_RS17440,SGL_RS18960,0.0886959442028795
SGL_RS15965,SGL_RS08730,0.0886858625954974
SGL_RS15965,SGL_RS14840,0.0886844216279672
SGL_RS01625,SGL_RS10185,0.0886808547154145
SGL_RS09285,SGL_RS07055,0.0886791331422647
SGL_RS07730,SGL_RS19490,0.0886764501231198
SGL_RS01980,SGL_RS14150,0.0886748355173758
SGL_RS12430,SGL_RS09925,0.0886702822486229
SGL_RS09285,SGL_RS12615,0.0886616242605775
SGL_RS16495,SGL_RS03240,0.0886564399734586
SGL_RS17760,SGL_RS15210,0.0886536275651256
SGL_RS01980,SGL_RS00410,0.0886443490011402
SGL_RS12595,SGL_RS20080,0.088636281746768
SGL_RS10605,SGL_RS14630,0.0886260762237552
SGL_RS07975,SGL_RS16995,0.088625223521567
SGL_RS04450,SGL_RS11520,0.0886242989392224
SGL_RS00515,SGL_RS14275,0.0886197872464097
SGL_RS06410,SGL_RS12110,0.0886165377868235
SGL_RS15965,SGL_RS17885,0.0886097703663029
SGL_RS06340,SGL_RS13120,0.0886073061241457
SGL_RS08210,SGL_RS10960,0.0885965536264255
SGL_RS07535,SGL_RS05175,0.088591482288856
SGL_RS15805,SGL_RS18355,0.0885897408012088
SGL_RS17760,SGL_RS12690,0.088587474772764
SGL_RS00455,SGL_RS01095,0.0885750348783009
SGL_RS12430,SGL_RS05105,0.0885537913432847
SGL_RS01955,SGL_RS14525,0.0885508323972112
SGL_RS04055,SGL_RS02770,0.0885414411479024
SGL_RS17760,SGL_RS06575,0.0885391646753315
SGL_RS06410,SGL_RS16415,0.0885376106823379
SGL_RS02990,SGL_RS03180,0.0885329117636497
SGL_RS00400,SGL_RS19430,0.0884996358455902
SGL_RS12595,SGL_RS15740,0.0884872736826046
SGL_RS08210,SGL_RS03135,0.0884863693729018
SGL_RS16495,SGL_RS14990,0.0884851554914153
SGL_RS15805,SGL_RS12285,0.0884733375816244
SGL_RS14385,SGL_RS09895,0.0884701944847962
SGL_RS16165,SGL_RS09015,0.0884687989635662
SGL_RS15245,SGL_RS18805,0.0884634124899978
SGL_RS11985,SGL_RS18645,0.0884558536804289
SGL_RS10605,SGL_RS10610,0.0884533651109687
SGL_RS00400,SGL_RS01090,0.0884525598172678
SGL_RS12430,SGL_RS08700,0.0884512508447893
SGL_RS15965,SGL_RS08835,0.0884502242765526
SGL_RS12595,SGL_RS02660,0.0884435153851651
SGL_RS15965,SGL_RS18510,0.088441742182248
SGL_RS00670,SGL_RS10840,0.0884400280969962
SGL_RS04450,SGL_RS10150,0.0884375208837756
SGL_RS15965,SGL_RS16290,0.0884338712304273
SGL_RS17760,SGL_RS16395,0.0884308692989658
SGL_RS17395,SGL_RS14910,0.0884254479463581
SGL_RS08210,SGL_RS10575,0.0884246022981456
SGL_RS17760,SGL_RS05365,0.0884233139996845
SGL_RS06410,SGL_RS03605,0.0884142726195669
SGL_RS09285,SGL_RS00820,0.0884099629505584
SGL_RS04450,SGL_RS04520,0.0884094793371362
SGL_RS02990,SGL_RS13975,0.0884065135453205
SGL_RS13130,SGL_RS17835,0.0884004229191929
SGL_RS02990,SGL_RS09090,0.0883993305103707
SGL_RS16080,SGL_RS08140,0.0883975904549087
SGL_RS13130,SGL_RS05190,0.0883912013373072
SGL_RS09285,SGL_RS06040,0.0883896387742121
SGL_RS09285,SGL_RS10430,0.0883816445225534
SGL_RS15805,SGL_RS01000,0.0883792650075444
SGL_RS00400,SGL_RS00655,0.0883730261952737
SGL_RS00400,SGL_RS03625,0.0883615692690646
SGL_RS03065,SGL_RS16745,0.0883590096226654
SGL_RS17760,SGL_RS08445,0.0883580995573625
SGL_RS06410,SGL_RS02700,0.0883518764808053
SGL_RS06340,SGL_RS05470,0.0883369173212108
SGL_RS04055,SGL_RS05435,0.0883368390678374
SGL_RS12430,SGL_RS02680,0.0883120074131749
SGL_RS00455,SGL_RS02170,0.0883059426372868
SGL_RS00320,SGL_RS06255,0.0883008684432421
SGL_RS06410,SGL_RS05685,0.0882915600050283
SGL_RS08835,SGL_RS10415,0.088290379579389
SGL_RS07730,SGL_RS16715,0.088290240663313
SGL_RS12595,SGL_RS14015,0.0882883275723287
SGL_RS11370,SGL_RS09380,0.0882813419633708
SGL_RS02990,SGL_RS12490,0.0882785730185683
SGL_RS02990,SGL_RS03965,0.0882768276584258
SGL_RS12430,SGL_RS13430,0.0882758674944487
SGL_RS09285,SGL_RS18425,0.0882739434801955
SGL_RS13130,SGL_RS08845,0.0882724813005696
SGL_RS12430,SGL_RS04760,0.0882624183668704
SGL_RS15210,SGL_RS09170,0.0882609210305216
SGL_RS00320,SGL_RS03530,0.0882584118663961
SGL_RS12430,SGL_RS08170,0.0882507565547773
SGL_RS10820,SGL_RS05095,0.0882437256057521
SGL_RS09285,SGL_RS13000,0.0882383080168594
SGL_RS00320,SGL_RS01720,0.0882267103135419
SGL_RS06480,SGL_RS13200,0.0882251283623606
SGL_RS12595,SGL_RS05870,0.0882133105478038
SGL_RS02990,SGL_RS14320,0.0881993140017209
SGL_RS10820,SGL_RS15905,0.0881938039277782
SGL_RS15245,SGL_RS10490,0.088191979066027
SGL_RS12430,SGL_RS13220,0.0881850673816765
SGL_RS00515,SGL_RS00040,0.0881689751734818
SGL_RS15805,SGL_RS15215,0.08816546440713
SGL_RS01980,SGL_RS03595,0.0881574346808826
SGL_RS12430,SGL_RS10155,0.0881456974750151
SGL_RS18290,SGL_RS19580,0.0881389123038148
SGL_RS03065,SGL_RS07650,0.0881379511478857
SGL_RS16495,SGL_RS08245,0.0881180583243528
SGL_RS14385,SGL_RS19955,0.0881157898395792
SGL_RS00400,SGL_RS10840,0.0881065687110932
SGL_RS05150,SGL_RS14455,0.0881027456701787
SGL_RS17245,SGL_RS02365,0.088096933548958
SGL_RS08520,SGL_RS16040,0.0880946902488015
SGL_RS06340,SGL_RS12830,0.0880883660444607
SGL_RS12595,SGL_RS02460,0.0880850118818662
SGL_RS15965,SGL_RS13485,0.0880846497657187
SGL_RS15805,SGL_RS15360,0.0880759449510804
SGL_RS10605,SGL_RS11775,0.0880739549252602
SGL_RS07730,SGL_RS14070,0.0880579704928035
SGL_RS04725,SGL_RS01280,0.088049318363977
SGL_RS02990,SGL_RS12155,0.0880032958089857
SGL_RS15310,SGL_RS18025,0.0879997852622793
SGL_RS04055,SGL_RS12055,0.0879992763281682
SGL_RS15805,SGL_RS16820,0.0879973762671943
SGL_RS11985,SGL_RS11960,0.0879967795442065
SGL_RS08835,SGL_RS17885,0.0879908823786553
SGL_RS15805,SGL_RS13435,0.0879852271338308
SGL_RS00455,SGL_RS03655,0.0879823702254737
SGL_RS12595,SGL_RS03170,0.0879718385577195
SGL_RS17760,SGL_RS17740,0.0879714820970343
SGL_RS16165,SGL_RS01680,0.0879679364965013
SGL_RS11370,SGL_RS10260,0.0879566436523628
SGL_RS00400,SGL_RS18905,0.0879441987445913
SGL_RS10605,SGL_RS11335,0.0879355844892227
SGL_RS06215,SGL_RS02730,0.0879310899619778
SGL_RS04725,SGL_RS13265,0.0879287994002154
SGL_RS04450,SGL_RS18040,0.0879281027980004
SGL_RS15210,SGL_RS09725,0.0879263956567705
SGL_RS00400,SGL_RS11665,0.0879224599338586
SGL_RS06215,SGL_RS05725,0.0879149688355884
SGL_RS17395,SGL_RS04820,0.0879120639406365
SGL_RS15210,SGL_RS02600,0.0879092018133035
SGL_RS08835,SGL_RS11350,0.0878999805375434
SGL_RS04450,SGL_RS06915,0.0878993817581483
SGL_RS12430,SGL_RS13455,0.0878878088223866
SGL_RS01255,SGL_RS01395,0.0878873490977925
SGL_RS10820,SGL_RS13990,0.087885039178468
SGL_RS03065,SGL_RS04015,0.087884053569682
SGL_RS09285,SGL_RS13330,0.0878802909376345
SGL_RS15245,SGL_RS03925,0.0878775069103619
SGL_RS00320,SGL_RS07955,0.0878668316202596
SGL_RS17760,SGL_RS04400,0.0878623828774786
SGL_RS15805,SGL_RS07625,0.0878537320234636
SGL_RS12430,SGL_RS07485,0.087842103840765
SGL_RS15805,SGL_RS13505,0.0878334870777067
SGL_RS06480,SGL_RS03780,0.0878310131921678
SGL_RS15210,SGL_RS05235,0.0878180853584819
SGL_RS00400,SGL_RS08350,0.0878031586354889
SGL_RS00455,SGL_RS18545,0.0878008053050366
SGL_RS09285,SGL_RS13320,0.0877933402557208
SGL_RS04450,SGL_RS08575,0.0877834412242235
SGL_RS15965,SGL_RS11930,0.0877781328100662
SGL_RS00400,SGL_RS11180,0.0877654681223907
SGL_RS15245,SGL_RS16660,0.0877578042047505
SGL_RS17245,SGL_RS05790,0.0877553902423737
SGL_RS14385,SGL_RS14375,0.08775005410769
SGL_RS00320,SGL_RS08730,0.0877427284577046
SGL_RS10820,SGL_RS14705,0.0877389100853486
SGL_RS02990,SGL_RS11000,0.0877324287370728
SGL_RS08835,SGL_RS00060,0.0877237262181762
SGL_RS07730,SGL_RS03260,0.0877215512304422
SGL_RS07730,SGL_RS15525,0.0877050584426752
SGL_RS12595,SGL_RS14920,0.0876988610032531
SGL_RS04450,SGL_RS17880,0.0876982164468376
SGL_RS11370,SGL_RS03920,0.0876921690702396
SGL_RS03065,SGL_RS11610,0.0876887440164832
SGL_RS15210,SGL_RS02440,0.0876832204040467
SGL_RS15965,SGL_RS00605,0.0876720901832064
SGL_RS09285,SGL_RS06260,0.0876704456306436
SGL_RS14385,SGL_RS03230,0.0876674308090557
SGL_RS06340,SGL_RS09645,0.0876640075301292
SGL_RS13130,SGL_RS12255,0.0876577736236286
SGL_RS11370,SGL_RS10930,0.0876470026719067
SGL_RS06480,SGL_RS09810,0.0876416192346607
SGL_RS03065,SGL_RS14500,0.0876412751968429
SGL_RS15210,SGL_RS04670,0.0876378906845548
SGL_RS15805,SGL_RS08425,0.0876317873344264
SGL_RS00400,SGL_RS15735,0.0876301960054643
SGL_RS15245,SGL_RS00170,0.0876221446865901
SGL_RS15805,SGL_RS09285,0.0876196771953108
SGL_RS15965,SGL_RS04325,0.0876169874530545
SGL_RS06215,SGL_RS12735,0.0876161484770787
SGL_RS08210,SGL_RS19805,0.0876126714322751
SGL_RS17395,SGL_RS16735,0.0876026644142634
SGL_RS04615,SGL_RS10450,0.0875837811771584
SGL_RS01625,SGL_RS05455,0.087583336945704
SGL_RS00400,SGL_RS08340,0.087572561638706
SGL_RS15805,SGL_RS01885,0.0875671473945404
SGL_RS12430,SGL_RS14140,0.0875636773807903
SGL_RS12540,SGL_RS08820,0.0875630640776376
SGL_RS15965,SGL_RS12090,0.0875549650000357
SGL_RS03065,SGL_RS02230,0.0875512313019575
SGL_RS04615,SGL_RS09270,0.0875473440608824
SGL_RS17760,SGL_RS09315,0.0875404678953387
SGL_RS15805,SGL_RS15365,0.0875306650473627
SGL_RS00400,SGL_RS12185,0.0875251012290906
SGL_RS17760,SGL_RS10695,0.0875131857275288
SGL_RS03065,SGL_RS10365,0.0875112686749934
SGL_RS06215,SGL_RS05290,0.0875103634446016
SGL_RS12430,SGL_RS07310,0.0875074436728847
SGL_RS00455,SGL_RS03595,0.087505699972966
SGL_RS07535,SGL_RS11415,0.0875017052213634
SGL_RS00515,SGL_RS12305,0.0874967419200206
SGL_RS02990,SGL_RS05450,0.0874939336373364
SGL_RS12430,SGL_RS07470,0.0874893380324101
SGL_RS12595,SGL_RS12945,0.0874784245510176
SGL_RS17395,SGL_RS10355,0.0874721312973105
SGL_RS04615,SGL_RS06095,0.0874718842923306
SGL_RS12430,SGL_RS12415,0.0874684141356912
SGL_RS06410,SGL_RS07425,0.0874608415864685
SGL_RS10605,SGL_RS11850,0.087453364357293
SGL_RS00400,SGL_RS09020,0.087444464941971
SGL_RS11285,SGL_RS06535,0.0874255021632711
SGL_RS09285,SGL_RS09360,0.0874220772568167
SGL_RS15805,SGL_RS13055,0.0874083577207769
SGL_RS06410,SGL_RS05800,0.0874017820124552
SGL_RS11985,SGL_RS01435,0.0873893829252187
SGL_RS06340,SGL_RS00800,0.0873875240280664
SGL_RS10605,SGL_RS04760,0.0873844887457974
SGL_RS15805,SGL_RS19495,0.0873776303688956
SGL_RS12430,SGL_RS09170,0.0873771175996582
SGL_RS12595,SGL_RS07750,0.0873628771533987
SGL_RS00320,SGL_RS00455,0.0873575327686179
SGL_RS15805,SGL_RS11415,0.0873563373064562
SGL_RS17760,SGL_RS09710,0.0873482043759333
SGL_RS10605,SGL_RS19970,0.087338769066705
SGL_RS14385,SGL_RS14080,0.0873374834477047
SGL_RS07535,SGL_RS08940,0.0873335909216797
SGL_RS09285,SGL_RS10990,0.0873247542649929
SGL_RS00320,SGL_RS00175,0.0873206148808577
SGL_RS15245,SGL_RS03280,0.0873170259439547
SGL_RS07535,SGL_RS02595,0.0873128449569387
SGL_RS10605,SGL_RS01660,0.0873043250768644
SGL_RS17760,SGL_RS05590,0.087294281561942
SGL_RS04055,SGL_RS01875,0.0872843741351419
SGL_RS10820,SGL_RS10285,0.0872733123726662
SGL_RS17440,SGL_RS10180,0.0872669783716692
SGL_RS14385,SGL_RS01940,0.0872476631091816
SGL_RS09285,SGL_RS08420,0.0872369649182013
SGL_RS02020,SGL_RS01320,0.0872364421179425
SGL_RS13130,SGL_RS03065,0.0872291102971173
SGL_RS15965,SGL_RS17365,0.0872273340743483
SGL_RS15210,SGL_RS16595,0.0872269928855784
SGL_RS01625,SGL_RS19465,0.0872262964567436
SGL_RS16495,SGL_RS15885,0.0872254688136333
SGL_RS16495,SGL_RS19760,0.0872184909975221
SGL_RS00455,SGL_RS13350,0.0872083915834554
SGL_RS16165,SGL_RS01465,0.087208228640636
SGL_RS12430,SGL_RS17045,0.0872063689473352
SGL_RS07535,SGL_RS03375,0.0872054952619018
SGL_RS13130,SGL_RS01920,0.087205461077032
SGL_RS00400,SGL_RS01060,0.0872036221339281
SGL_RS18290,SGL_RS18755,0.0872016497866285
SGL_RS11370,SGL_RS09265,0.0872004992919511
SGL_RS08210,SGL_RS02260,0.087196338539309
SGL_RS13820,SGL_RS07790,0.0871903014883572
SGL_RS11285,SGL_RS13040,0.0871850680125267
SGL_RS15245,SGL_RS19385,0.0871748412378934
SGL_RS13130,SGL_RS16880,0.0871713450557831
SGL_RS12595,SGL_RS10220,0.0871677223948728
SGL_RS00455,SGL_RS02135,0.0871667774037924
SGL_RS10820,SGL_RS05085,0.0871661897075966
SGL_RS17440,SGL_RS12210,0.0871548919611579
SGL_RS02990,SGL_RS07125,0.0871523079327833
SGL_RS04450,SGL_RS16975,0.0871486059305171
SGL_RS00320,SGL_RS01365,0.0871474576584438
SGL_RS17760,SGL_RS19540,0.08714689768739
SGL_RS04450,SGL_RS02295,0.0871421873022707
SGL_RS14385,SGL_RS12590,0.0871378010896107
SGL_RS04055,SGL_RS08240,0.0871341116666248
SGL_RS12430,SGL_RS10960,0.0871306399453219
SGL_RS04615,SGL_RS14545,0.0871220823034165
SGL_RS16080,SGL_RS01270,0.0871144062403727
SGL_RS17245,SGL_RS03380,0.0871065323409037
SGL_RS00320,SGL_RS14880,0.0871051200417162
SGL_RS00455,SGL_RS10040,0.0870983174036004
SGL_RS07535,SGL_RS15355,0.0870959858604372
SGL_RS01980,SGL_RS14740,0.0870950637311767
SGL_RS11285,SGL_RS11640,0.0870860815785102
SGL_RS14540,SGL_RS15835,0.0870830221584363
SGL_RS03065,SGL_RS08175,0.0870806967984261
SGL_RS01625,SGL_RS17205,0.0870719688236446
SGL_RS12430,SGL_RS16845,0.0870716823756339
SGL_RS08500,SGL_RS07690,0.0870702481360368
SGL_RS04450,SGL_RS12200,0.087068696121935
SGL_RS00400,SGL_RS00590,0.0870680185968807
SGL_RS06215,SGL_RS13635,0.0870634453372985
SGL_RS09285,SGL_RS03090,0.0870609640617482
SGL_RS00455,SGL_RS00725,0.0870606847019966
SGL_RS06410,SGL_RS15715,0.0870580654219276
SGL_RS17760,SGL_RS00215,0.0870574975190275
SGL_RS17760,SGL_RS10705,0.0870543361983046
SGL_RS11285,SGL_RS17620,0.0870523746207553
SGL_RS12005,SGL_RS03865,0.0870440383268806
SGL_RS00400,SGL_RS00190,0.0870406936738159
SGL_RS00400,SGL_RS09855,0.0870317631465884
SGL_RS04055,SGL_RS08140,0.0870294283510683
SGL_RS00320,SGL_RS01575,0.0870209700343881
SGL_RS12595,SGL_RS11320,0.0870193644521472
SGL_RS04055,SGL_RS16660,0.0870129400380888
SGL_RS15805,SGL_RS06990,0.0870113689964423
SGL_RS15805,SGL_RS15855,0.0870108169649139
SGL_RS08210,SGL_RS05460,0.087002133587123
SGL_RS16495,SGL_RS14275,0.0869962243976541
SGL_RS17760,SGL_RS13465,0.0869881882806832
SGL_RS11370,SGL_RS09990,0.0869712779677879
SGL_RS09285,SGL_RS12060,0.0869704983336993
SGL_RS09285,SGL_RS03305,0.0869616539502669
SGL_RS08835,SGL_RS17760,0.0869610628897825
SGL_RS00515,SGL_RS04495,0.0869566338813885
SGL_RS02510,SGL_RS12005,0.0869549065459408
SGL_RS16495,SGL_RS03690,0.0869527557730933
SGL_RS04055,SGL_RS05970,0.0869482143295813
SGL_RS17395,SGL_RS17335,0.0869329579870605
SGL_RS08835,SGL_RS10055,0.0869210320854378
SGL_RS04055,SGL_RS01265,0.0869022399559229
SGL_RS08835,SGL_RS13825,0.0868861629042844
SGL_RS03065,SGL_RS10350,0.0868831143289635
SGL_RS02470,SGL_RS02590,0.0868797929548289
SGL_RS01255,SGL_RS04600,0.086854882580926
SGL_RS14540,SGL_RS03230,0.0868445457117679
SGL_RS15805,SGL_RS11335,0.0868359514768267
SGL_RS15805,SGL_RS04650,0.0868330000821993
SGL_RS01955,SGL_RS09530,0.0868276362383675
SGL_RS00320,SGL_RS15010,0.0868223042421484
SGL_RS14610,SGL_RS04110,0.086808132180563
SGL_RS06410,SGL_RS15825,0.0867998309701568
SGL_RS04725,SGL_RS08125,0.086796742050549
SGL_RS13130,SGL_RS11560,0.0867952593999478
SGL_RS08835,SGL_RS10840,0.0867931826629346
SGL_RS12430,SGL_RS03470,0.0867874175155289
SGL_RS00075,SGL_RS00620,0.0867869611733032
SGL_RS00075,SGL_RS00355,0.0867835680088649
SGL_RS15805,SGL_RS15790,0.0867637414457828
SGL_RS12430,SGL_RS07820,0.0867601872667201
SGL_RS09285,SGL_RS15305,0.086752837933658
SGL_RS04725,SGL_RS13520,0.0867422557976874
SGL_RS12430,SGL_RS11495,0.08672284235277
SGL_RS01625,SGL_RS17375,0.0867217504794499
SGL_RS17395,SGL_RS12765,0.086713333811294
SGL_RS10755,SGL_RS15385,0.0867033462424467
SGL_RS14540,SGL_RS07225,0.0866944619883363
SGL_RS17760,SGL_RS14790,0.0866806445869559
SGL_RS15805,SGL_RS17470,0.0866799593426062
SGL_RS15805,SGL_RS14020,0.0866759544639648
SGL_RS01955,SGL_RS18115,0.0866682414147677
SGL_RS17395,SGL_RS11280,0.0866641625124635
SGL_RS03065,SGL_RS12430,0.0866420203864309
SGL_RS00400,SGL_RS14840,0.0866393785103525
SGL_RS17395,SGL_RS02810,0.0866371611531357
SGL_RS12430,SGL_RS07290,0.0866361965967727
SGL_RS03065,SGL_RS10555,0.0866273183972491
SGL_RS07535,SGL_RS06975,0.0866159066849187
SGL_RS15965,SGL_RS04880,0.0866158215228033
SGL_RS15805,SGL_RS18215,0.0866137815975462
SGL_RS10820,SGL_RS09950,0.086613559228758
SGL_RS15965,SGL_RS10045,0.086606702135074
SGL_RS15965,SGL_RS03665,0.0866059263268406
SGL_RS03065,SGL_RS18270,0.0865867604910238
SGL_RS03065,SGL_RS11560,0.0865750773349607
SGL_RS17245,SGL_RS05815,0.0865714905084452
SGL_RS17395,SGL_RS12490,0.0865709819323437
SGL_RS15805,SGL_RS13330,0.0865677853647352
SGL_RS06215,SGL_RS06755,0.0865671458114029
SGL_RS12595,SGL_RS02595,0.0865645290502352
SGL_RS08210,SGL_RS10075,0.086560487970246
SGL_RS04725,SGL_RS11485,0.0865577314578445
SGL_RS12430,SGL_RS15600,0.0865491086823035
SGL_RS10820,SGL_RS17000,0.0865393945614085
SGL_RS00320,SGL_RS12635,0.0865383375100571
SGL_RS15585,SGL_RS17890,0.0865356728901467
SGL_RS18290,SGL_RS14310,0.0865350932239013
SGL_RS17760,SGL_RS04675,0.0865209731108521
SGL_RS10605,SGL_RS07055,0.0865133795777157
SGL_RS08500,SGL_RS02720,0.0865133715797993
SGL_RS07730,SGL_RS04795,0.0865132492749031
SGL_RS14385,SGL_RS16630,0.0865061501743167
SGL_RS07730,SGL_RS00830,0.0865030401184503
SGL_RS08835,SGL_RS02970,0.0864992356355489
SGL_RS04450,SGL_RS02585,0.0864988694828198
SGL_RS04450,SGL_RS12045,0.0864857757158477
SGL_RS00075,SGL_RS00265,0.086485344229952
SGL_RS17760,SGL_RS11675,0.086479683714377
SGL_RS00075,SGL_RS09530,0.086468895187175
SGL_RS02020,SGL_RS04570,0.0864595790104539
SGL_RS04450,SGL_RS11445,0.0864589682279103
SGL_RS12430,SGL_RS08775,0.0864551986893989
SGL_RS12005,SGL_RS00685,0.0864536908646892
SGL_RS10820,SGL_RS04675,0.0864524281222983
SGL_RS08835,SGL_RS14790,0.0864523383453594
SGL_RS06340,SGL_RS05465,0.0864400894789654
SGL_RS12005,SGL_RS02070,0.0864388093575718
SGL_RS12430,SGL_RS10125,0.0864361319014917
SGL_RS15805,SGL_RS07105,0.0864277477816211
SGL_RS02510,SGL_RS12140,0.0864266542595647
SGL_RS15210,SGL_RS18230,0.0864231276420933
SGL_RS15965,SGL_RS10710,0.0864092803671593
SGL_RS15805,SGL_RS02795,0.0864085814331831
SGL_RS13820,SGL_RS08020,0.0864061272977407
SGL_RS11370,SGL_RS12055,0.0863997381080248
SGL_RS10820,SGL_RS10395,0.0863985207006795
SGL_RS12430,SGL_RS11330,0.0863806709800628
SGL_RS04450,SGL_RS10000,0.0863747421018708
SGL_RS02990,SGL_RS03960,0.0863552048227965
SGL_RS00400,SGL_RS01455,0.0863519573965043
SGL_RS16165,SGL_RS08640,0.0863456523133903
SGL_RS06480,SGL_RS09760,0.0863427936173228
SGL_RS06480,SGL_RS08200,0.086327858187082
SGL_RS04055,SGL_RS14890,0.0863227786048353
SGL_RS10605,SGL_RS17315,0.0863174059996485
SGL_RS15965,SGL_RS02950,0.0863029834545667
SGL_RS15965,SGL_RS14455,0.0862989007250415
SGL_RS00670,SGL_RS00715,0.0862943328109994
SGL_RS15965,SGL_RS09550,0.086292552361731
SGL_RS09285,SGL_RS12065,0.0862842473850283
SGL_RS10605,SGL_RS19925,0.0862768652755477
SGL_RS15965,SGL_RS01110,0.0862756831438084
SGL_RS02510,SGL_RS19610,0.0862728253125208
SGL_RS01625,SGL_RS05170,0.0862692696237712
SGL_RS05150,SGL_RS08900,0.0862682158150325
SGL_RS10605,SGL_RS16615,0.0862669429793518
SGL_RS13820,SGL_RS11135,0.0862649640042309
SGL_RS00515,SGL_RS01830,0.0862549162061797
SGL_RS17120,SGL_RS12860,0.0862503379020373
SGL_RS15210,SGL_RS04365,0.0862482653690339
SGL_RS06480,SGL_RS02435,0.0862479131548112
SGL_RS00320,SGL_RS16970,0.0862392180138076
SGL_RS17245,SGL_RS09380,0.0862345436626808
SGL_RS00670,SGL_RS15735,0.0862343469382192
SGL_RS08520,SGL_RS06255,0.0862210471092276
SGL_RS04055,SGL_RS04870,0.086215178346018
SGL_RS08500,SGL_RS16690,0.0862015883111101
SGL_RS17760,SGL_RS12165,0.08618990652537
SGL_RS11985,SGL_RS09845,0.0861895950391578
SGL_RS17440,SGL_RS04890,0.0861845937435749
SGL_RS12005,SGL_RS05685,0.0861840056607308
SGL_RS11370,SGL_RS08120,0.0861817595725466
SGL_RS10605,SGL_RS01405,0.086179532367812
SGL_RS10605,SGL_RS06420,0.0861784793807526
SGL_RS01980,SGL_RS17365,0.086178183935506
SGL_RS08500,SGL_RS16555,0.0861781695175815
SGL_RS15805,SGL_RS04595,0.0861709501393942
SGL_RS08500,SGL_RS13840,0.0861694954598166
SGL_RS17395,SGL_RS14940,0.0861671215616295
SGL_RS04615,SGL_RS12480,0.0861666133095688
SGL_RS12430,SGL_RS03345,0.0861576321765248
SGL_RS15245,SGL_RS00805,0.086156867808262
SGL_RS12430,SGL_RS16595,0.0861540612834565
SGL_RS12430,SGL_RS16435,0.0861374185636531
SGL_RS18290,SGL_RS10495,0.0861308058663787
SGL_RS00455,SGL_RS19655,0.0861259398856424
SGL_RS12430,SGL_RS03135,0.086125439191058
SGL_RS17245,SGL_RS12465,0.0861194941526876
SGL_RS12430,SGL_RS12025,0.0861193201504316
SGL_RS09285,SGL_RS04465,0.0861182874473599
SGL_RS15805,SGL_RS11800,0.0861037334083115
SGL_RS13820,SGL_RS16475,0.0861018993016636
SGL_RS01980,SGL_RS08955,0.0860979414377569
SGL_RS10820,SGL_RS10810,0.0860838046502436
SGL_RS06410,SGL_RS08040,0.086075195885997
SGL_RS11985,SGL_RS14525,0.0860676052352196
SGL_RS04450,SGL_RS02555,0.0860674797444957
SGL_RS04450,SGL_RS12910,0.0860673522685336
SGL_RS03065,SGL_RS16095,0.0860664595565317
SGL_RS12430,SGL_RS04705,0.0860637415606704
SGL_RS09285,SGL_RS11635,0.0860627842510649
SGL_RS07730,SGL_RS09625,0.0860578908480139
SGL_RS06480,SGL_RS02540,0.0860559799002194
SGL_RS15310,SGL_RS10850,0.0860547370555419
SGL_RS00400,SGL_RS01685,0.0860476794141526
SGL_RS09285,SGL_RS10650,0.0860438745842942
SGL_RS12430,SGL_RS14765,0.0860365454168922
SGL_RS12430,SGL_RS13825,0.0860251302695245
SGL_RS10605,SGL_RS08710,0.0860184290026568
SGL_RS10820,SGL_RS04640,0.0860016712982299
SGL_RS10605,SGL_RS18165,0.0859898643771546
SGL_RS00400,SGL_RS01135,0.085983329305527
SGL_RS18290,SGL_RS15760,0.0859819908954409
SGL_RS06080,SGL_RS16145,0.0859818466879876
SGL_RS17760,SGL_RS14295,0.0859746270090959
SGL_RS17440,SGL_RS07110,0.0859734052587766
SGL_RS04615,SGL_RS12350,0.0859727172480748
SGL_RS12005,SGL_RS05090,0.0859640914267429
SGL_RS15805,SGL_RS19800,0.0859546527138224
SGL_RS12430,SGL_RS12165,0.0859525044655618
SGL_RS06080,SGL_RS09930,0.0859469045501442
SGL_RS15805,SGL_RS07675,0.0859352432169373
SGL_RS02020,SGL_RS18340,0.0859332387996016
SGL_RS15310,SGL_RS15140,0.0859310261771415
SGL_RS09285,SGL_RS03075,0.0859270809994831
SGL_RS12430,SGL_RS02955,0.0859257518205538
SGL_RS03065,SGL_RS10420,0.0859202797936609
SGL_RS06215,SGL_RS14445,0.0859198027468765
SGL_RS17440,SGL_RS06860,0.0859108892523625
SGL_RS06215,SGL_RS06355,0.0859055480209503
SGL_RS00670,SGL_RS00400,0.0858935587338153
SGL_RS10820,SGL_RS16830,0.0858898939601804
SGL_RS07740,SGL_RS12205,0.0858835187378572
SGL_RS04725,SGL_RS14115,0.0858760263293833
SGL_RS18290,SGL_RS13905,0.0858728615243259
SGL_RS16165,SGL_RS00510,0.0858672392309557
SGL_RS15210,SGL_RS06585,0.0858664481233819
SGL_RS11370,SGL_RS17485,0.0858659331142153
SGL_RS11370,SGL_RS05765,0.0858561868184621
SGL_RS02470,SGL_RS06230,0.085836487478232
SGL_RS12430,SGL_RS08605,0.0858322800723525
SGL_RS11370,SGL_RS16350,0.0858214882948404
SGL_RS06215,SGL_RS16815,0.085819921719721
SGL_RS10820,SGL_RS05020,0.0858196980213733
SGL_RS15245,SGL_RS09035,0.0858085264147878
SGL_RS15805,SGL_RS05495,0.0858069740398033
SGL_RS05150,SGL_RS10895,0.0857998241457662
SGL_RS17760,SGL_RS04340,0.0857984112811518
SGL_RS16495,SGL_RS16215,0.0857963317444134
SGL_RS15805,SGL_RS06190,0.0857904441728294
SGL_RS18290,SGL_RS09430,0.0857852028393105
SGL_RS15965,SGL_RS08705,0.085781684598461
SGL_RS10605,SGL_RS08105,0.0857750191329636
SGL_RS00455,SGL_RS04300,0.0857739905537227
SGL_RS02020,SGL_RS00755,0.0857722378256416
SGL_RS10820,SGL_RS04430,0.0857708660552295
SGL_RS06480,SGL_RS15715,0.085770127765467
SGL_RS15965,SGL_RS15390,0.085763727484663
SGL_RS10820,SGL_RS11735,0.0857581761495935
SGL_RS07730,SGL_RS06390,0.0857578866780104
SGL_RS06340,SGL_RS18325,0.0857537658324828
SGL_RS15965,SGL_RS00245,0.0857506961697284
SGL_RS09285,SGL_RS13890,0.0857394648112646
SGL_RS09285,SGL_RS04450,0.0857387625181256
SGL_RS02990,SGL_RS02855,0.0857252767448638
SGL_RS03065,SGL_RS06550,0.0857180136272188
SGL_RS03065,SGL_RS03950,0.0857168226329417
SGL_RS03065,SGL_RS19935,0.0857084117405322
SGL_RS05150,SGL_RS17175,0.0856978948988781
SGL_RS10605,SGL_RS10615,0.085697417421738
SGL_RS00400,SGL_RS05060,0.0856910225761218
SGL_RS04055,SGL_RS16750,0.0856909948793098
SGL_RS17395,SGL_RS02900,0.0856896681698034
SGL_RS12430,SGL_RS04625,0.085685671253798
SGL_RS15805,SGL_RS10615,0.0856835562125503
SGL_RS15245,SGL_RS17275,0.0856821754358466
SGL_RS15805,SGL_RS03940,0.0856649234016717
SGL_RS04725,SGL_RS13565,0.0856382671176707
SGL_RS01955,SGL_RS01360,0.0856373668364209
SGL_RS12595,SGL_RS11845,0.085609979442634
SGL_RS14385,SGL_RS04685,0.0856029725190312
SGL_RS04450,SGL_RS09950,0.085602947400403
SGL_RS15210,SGL_RS04920,0.0856018978109383
SGL_RS06410,SGL_RS17655,0.0855999487895695
SGL_RS09285,SGL_RS04745,0.0855990042862908
SGL_RS16165,SGL_RS12090,0.0855970154106659
SGL_RS01255,SGL_RS16035,0.085596704001093
SGL_RS08835,SGL_RS14715,0.085595051013858
SGL_RS00515,SGL_RS11715,0.0855945300996542
SGL_RS15965,SGL_RS14710,0.0855912263029274
SGL_RS04725,SGL_RS17895,0.0855853784691842
SGL_RS15210,SGL_RS10810,0.0855851646723597
SGL_RS04055,SGL_RS10880,0.0855851565392359
SGL_RS04055,SGL_RS19085,0.0855829033597293
SGL_RS09285,SGL_RS10565,0.0855813552790012
SGL_RS04055,SGL_RS07695,0.0855794851822052
SGL_RS10755,SGL_RS20150,0.0855767767533819
SGL_RS18290,SGL_RS13165,0.0855754556557123
SGL_RS17760,SGL_RS02195,0.0855736258059346
SGL_RS03065,SGL_RS17735,0.0855706409935627
SGL_RS15965,SGL_RS07080,0.0855684252163716
SGL_RS06340,SGL_RS07765,0.0855674824490527
SGL_RS16080,SGL_RS16050,0.085565049082795
SGL_RS06080,SGL_RS13345,0.0855629327633818
SGL_RS00400,SGL_RS00485,0.0855585892654322
SGL_RS03065,SGL_RS13705,0.0855526407243434
SGL_RS02510,SGL_RS09090,0.0855453756936001
SGL_RS01955,SGL_RS00755,0.085543591956471
SGL_RS15805,SGL_RS10830,0.0855351262036145
SGL_RS17760,SGL_RS06845,0.0855276685904295
SGL_RS09285,SGL_RS02235,0.0855187315783191
SGL_RS04450,SGL_RS13110,0.0855162094865867
SGL_RS01625,SGL_RS00825,0.0854904796450056
SGL_RS17395,SGL_RS11290,0.085483924889874
SGL_RS15805,SGL_RS13580,0.0854768199890323
SGL_RS10605,SGL_RS07105,0.085473325575081
SGL_RS01255,SGL_RS01285,0.0854661357244519
SGL_RS16495,SGL_RS11700,0.085463654747931
SGL_RS06215,SGL_RS16865,0.0854626064193144
SGL_RS04725,SGL_RS17050,0.0854575475780791
SGL_RS16495,SGL_RS18340,0.0854562810003999
SGL_RS08210,SGL_RS06645,0.0854444364953697
SGL_RS10755,SGL_RS18970,0.0854366651863863
SGL_RS01980,SGL_RS00305,0.0854328019779626
SGL_RS12595,SGL_RS17090,0.0854313118971359
SGL_RS16080,SGL_RS03525,0.0854243980087936
SGL_RS09285,SGL_RS17330,0.0854234673608448
SGL_RS06080,SGL_RS09815,0.0854208971839821
SGL_RS08835,SGL_RS00600,0.0854078913210977
SGL_RS08835,SGL_RS17755,0.0854009944608191
SGL_RS00670,SGL_RS07075,0.0853971544140591
SGL_RS18290,SGL_RS13715,0.0853924576406527
SGL_RS09285,SGL_RS07180,0.0853822661101813
SGL_RS08500,SGL_RS10905,0.0853807510880365
SGL_RS17760,SGL_RS02955,0.0853747366583524
SGL_RS01980,SGL_RS16320,0.0853744588328016
SGL_RS10605,SGL_RS12030,0.0853662927565982
SGL_RS04615,SGL_RS05970,0.0853655375264771
SGL_RS15965,SGL_RS01585,0.0853654401720292
SGL_RS17395,SGL_RS16930,0.0853462841785948
SGL_RS01215,SGL_RS00860,0.0853431657965204
SGL_RS17245,SGL_RS14560,0.0853399050643062
SGL_RS00515,SGL_RS18085,0.085336347649124
SGL_RS03065,SGL_RS04070,0.0853306629977661
SGL_RS14385,SGL_RS02865,0.0853248615696691
SGL_RS08210,SGL_RS13330,0.0853039537514301
SGL_RS10605,SGL_RS13050,0.0852990829130697
SGL_RS04450,SGL_RS12445,0.0852986032250737
SGL_RS13130,SGL_RS03025,0.0852950409748576
SGL_RS14385,SGL_RS15330,0.085289595854783
SGL_RS00400,SGL_RS16245,0.0852823654985834
SGL_RS00320,SGL_RS07910,0.0852716126820995
SGL_RS15245,SGL_RS15420,0.0852607593719419
SGL_RS04450,SGL_RS02450,0.0852581600933055
SGL_RS10820,SGL_RS13215,0.0852435729835693
SGL_RS10820,SGL_RS09960,0.0852417621211492
SGL_RS12430,SGL_RS17180,0.0852407563403958
SGL_RS01980,SGL_RS03655,0.0852395258054198
SGL_RS12430,SGL_RS17450,0.0852394265011317
SGL_RS08500,SGL_RS08495,0.0852367442671684
SGL_RS15965,SGL_RS00600,0.08521911883966
SGL_RS16165,SGL_RS00465,0.0852156845233747
SGL_RS10820,SGL_RS03520,0.0852093895046614
SGL_RS15805,SGL_RS17490,0.0851950145601392
SGL_RS04055,SGL_RS06340,0.0851933786728724
SGL_RS09285,SGL_RS04185,0.0851897387216521
SGL_RS08210,SGL_RS06675,0.0851891982558486
SGL_RS16495,SGL_RS16500,0.0851889569278128
SGL_RS01625,SGL_RS11515,0.0851843186711272
SGL_RS15210,SGL_RS02680,0.0851842937942401
SGL_RS12430,SGL_RS08715,0.0851795581450148
SGL_RS17440,SGL_RS05150,0.0851715766552426
SGL_RS15245,SGL_RS03355,0.0851622609566015
SGL_RS12430,SGL_RS08905,0.0851611225301538
SGL_RS10605,SGL_RS07625,0.0851608926201211
SGL_RS11370,SGL_RS06365,0.0851548804224582
SGL_RS12005,SGL_RS16335,0.0851510269554986
SGL_RS02020,SGL_RS01965,0.0851493348707468
SGL_RS15585,SGL_RS08530,0.0851445788387484
SGL_RS10755,SGL_RS06080,0.0851439963456507
SGL_RS14385,SGL_RS06660,0.085140527280823
SGL_RS00400,SGL_RS15165,0.0851348494850874
SGL_RS08835,SGL_RS01965,0.0851344487423856
SGL_RS17395,SGL_RS17485,0.0851339651403534
SGL_RS16080,SGL_RS01580,0.0851313671169248
SGL_RS05150,SGL_RS10175,0.0851259961590124
SGL_RS09285,SGL_RS17475,0.085123941865051
SGL_RS02020,SGL_RS01375,0.085123830841566
SGL_RS08500,SGL_RS15840,0.0851200816635169
SGL_RS06215,SGL_RS05315,0.0851189883321504
SGL_RS15965,SGL_RS09560,0.0851155315446512
SGL_RS06340,SGL_RS09085,0.0851084559955842
SGL_RS01215,SGL_RS01290,0.085099653495054
SGL_RS12595,SGL_RS12400,0.0850932485148835
SGL_RS09285,SGL_RS07600,0.0850884439315679
SGL_RS17245,SGL_RS16930,0.0850784650641795
SGL_RS09285,SGL_RS15595,0.0850737621523674
SGL_RS10605,SGL_RS19450,0.0850720596524809
SGL_RS06410,SGL_RS17175,0.0850681368414325
SGL_RS10820,SGL_RS11885,0.0850663786518695
SGL_RS11835,SGL_RS11820,0.0850593982015396
SGL_RS15805,SGL_RS07575,0.0850477443759599
SGL_RS06340,SGL_RS17575,0.0850465419790271
SGL_RS04055,SGL_RS16030,0.0850333768120001
SGL_RS03065,SGL_RS16340,0.0850330633337006
SGL_RS14385,SGL_RS08455,0.0850280023171332
SGL_RS12430,SGL_RS10665,0.0850236895101109
SGL_RS14540,SGL_RS17215,0.0850152192490684
SGL_RS10820,SGL_RS10735,0.0850151344392368
SGL_RS01215,SGL_RS00885,0.0850040974659566
SGL_RS09285,SGL_RS07710,0.0849936145457134
SGL_RS12430,SGL_RS18655,0.0849815404405442
SGL_RS01625,SGL_RS07335,0.0849810025906072
SGL_RS17760,SGL_RS09215,0.0849796641942027
SGL_RS07730,SGL_RS16375,0.0849748119865773
SGL_RS04055,SGL_RS04350,0.0849665147088447
SGL_RS07975,SGL_RS07415,0.0849637664401317
SGL_RS15805,SGL_RS13550,0.084959427399549
SGL_RS15805,SGL_RS13535,0.0849578343012331
SGL_RS15805,SGL_RS06370,0.0849547775768229
SGL_RS17395,SGL_RS09330,0.0849447369792514
SGL_RS01955,SGL_RS10605,0.0849389912246724
SGL_RS08520,SGL_RS09885,0.0849386636330865
SGL_RS01215,SGL_RS00890,0.0849320636970511
SGL_RS15210,SGL_RS13055,0.0849274089330107
SGL_RS13130,SGL_RS12455,0.0849242859248695
SGL_RS04450,SGL_RS11085,0.0849212432938228
SGL_RS12595,SGL_RS17850,0.0849149650823326
SGL_RS01955,SGL_RS00005,0.084905552865752
SGL_RS15245,SGL_RS05860,0.0849011784206668
SGL_RS12430,SGL_RS15835,0.0848973767396837
SGL_RS04450,SGL_RS16910,0.0848945598202045
SGL_RS17395,SGL_RS13245,0.0848784786737274
SGL_RS06410,SGL_RS14575,0.0848776923665216
SGL_RS15805,SGL_RS12575,0.0848750340791734
SGL_RS12430,SGL_RS16915,0.0848732532790781
SGL_RS15805,SGL_RS03840,0.0848710974569865
SGL_RS03065,SGL_RS13935,0.0848702817870154
SGL_RS17760,SGL_RS15630,0.0848683164923065
SGL_RS01255,SGL_RS02205,0.0848594348830082
SGL_RS08520,SGL_RS06960,0.0848591992134741
SGL_RS00400,SGL_RS10060,0.0848572471483578
SGL_RS02990,SGL_RS16335,0.0848503595536847
SGL_RS16495,SGL_RS15040,0.0848440875723236
SGL_RS01980,SGL_RS03640,0.0848397719060914
SGL_RS15245,SGL_RS17940,0.0848366343880906
SGL_RS15805,SGL_RS03440,0.0848302378811138
SGL_RS07975,SGL_RS15440,0.0848213984848411
SGL_RS12430,SGL_RS07870,0.0848203248848366
SGL_RS10820,SGL_RS15265,0.0848151029025708
SGL_RS01980,SGL_RS15010,0.0848134281977442
SGL_RS09285,SGL_RS10655,0.0848102345093988
SGL_RS12485,SGL_RS19495,0.0848067296274717
SGL_RS11285,SGL_RS17530,0.0848020823122306
SGL_RS04725,SGL_RS11000,0.0848009572914518
SGL_RS06340,SGL_RS04755,0.084798190151222
SGL_RS02990,SGL_RS03365,0.0847926043183009
SGL_RS05150,SGL_RS13240,0.084785312975455
SGL_RS17395,SGL_RS02365,0.0847812475988095
SGL_RS12595,SGL_RS02620,0.0847810746227893
SGL_RS18290,SGL_RS17625,0.084770072926543
SGL_RS13820,SGL_RS07290,0.0847688798746403
SGL_RS05150,SGL_RS02540,0.0847658652880773
SGL_RS00515,SGL_RS07615,0.0847481423066199
SGL_RS07730,SGL_RS19110,0.0847477573982532
SGL_RS15210,SGL_RS07400,0.0847461881247076
SGL_RS18290,SGL_RS06540,0.0847425185461107
SGL_RS03065,SGL_RS05990,0.0847382920337943
SGL_RS13820,SGL_RS13965,0.084732887800278
SGL_RS08500,SGL_RS14340,0.084730979713403
SGL_RS15805,SGL_RS13890,0.0847303721788548
SGL_RS18290,SGL_RS13765,0.0847250124275118
SGL_RS12595,SGL_RS06920,0.0847215428500736
SGL_RS12595,SGL_RS12705,0.0847172889392484
SGL_RS01255,SGL_RS00795,0.0847052923044077
SGL_RS01980,SGL_RS03580,0.0846950529509208
SGL_RS04450,SGL_RS12895,0.0846890990298221
SGL_RS00400,SGL_RS02950,0.0846865701106491
SGL_RS12430,SGL_RS04190,0.084685389577055
SGL_RS14385,SGL_RS11800,0.0846817654497853
SGL_RS18290,SGL_RS00805,0.0846813888458735
SGL_RS13130,SGL_RS13925,0.0846717417274645
SGL_RS14385,SGL_RS14570,0.084663169221977
SGL_RS08835,SGL_RS13355,0.0846588017818904
SGL_RS12430,SGL_RS10110,0.0846514701259132
SGL_RS12430,SGL_RS14135,0.084650939578606
SGL_RS00455,SGL_RS19445,0.084638545528261
SGL_RS10820,SGL_RS04340,0.0846323145587838
SGL_RS08835,SGL_RS13645,0.0846262810504469
SGL_RS15805,SGL_RS12860,0.0846250766382729
SGL_RS08210,SGL_RS03420,0.0846083665198926
SGL_RS15585,SGL_RS02690,0.0846075857332868
SGL_RS06215,SGL_RS03385,0.0846061643063314
SGL_RS15805,SGL_RS09110,0.0845996291484162
SGL_RS13820,SGL_RS10130,0.0845992004342581
SGL_RS00320,SGL_RS15520,0.0845982571099067
SGL_RS13820,SGL_RS04875,0.0845873578969862
SGL_RS12430,SGL_RS17110,0.0845777329844028
SGL_RS10820,SGL_RS11375,0.0845729667063277
SGL_RS12005,SGL_RS05245,0.0845726046692085
SGL_RS01980,SGL_RS14720,0.0845723341732365
SGL_RS11370,SGL_RS12065,0.0845685451055739
SGL_RS17245,SGL_RS05840,0.0845677857443676
SGL_RS04055,SGL_RS14950,0.0845663262092303
SGL_RS01980,SGL_RS14525,0.0845660698032612
SGL_RS03065,SGL_RS09200,0.0845641322420235
SGL_RS14385,SGL_RS16610,0.0845539838942274
SGL_RS08165,SGL_RS19525,0.0845531643385178
SGL_RS12430,SGL_RS04800,0.0845492317734192
SGL_RS12430,SGL_RS19470,0.0845433504583322
SGL_RS10605,SGL_RS08425,0.0845415708556686
SGL_RS08210,SGL_RS07540,0.0845329336520711
SGL_RS15585,SGL_RS13015,0.0845295797209299
SGL_RS06340,SGL_RS12770,0.0845274840263946
SGL_RS04615,SGL_RS14100,0.0845267119078129
SGL_RS02510,SGL_RS02190,0.0845195940490127
