regulatoryGene,targetGene,weight
SGL_RS12540,SGL_RS04040,0.191749415294955
SGL_RS06410,SGL_RS05240,0.172941732124314
SGL_RS06410,SGL_RS07395,0.16955102038241
SGL_RS06410,SGL_RS12135,0.167314508848486
SGL_RS06410,SGL_RS14825,0.165058755154087
SGL_RS01980,SGL_RS01985,0.164646397309243
SGL_RS15585,SGL_RS03830,0.164079384066708
SGL_RS12540,SGL_RS08225,0.163433285933637
SGL_RS06410,SGL_RS09810,0.158802722987195
SGL_RS06410,SGL_RS07375,0.1553530997422
SGL_RS15585,SGL_RS08395,0.152178054210875
SGL_RS02020,SGL_RS02010,0.149261902005146
SGL_RS06410,SGL_RS12130,0.148898786090387
SGL_RS08165,SGL_RS08160,0.147703424562048
SGL_RS00400,SGL_RS00335,0.147670855906271
SGL_RS08165,SGL_RS08155,0.14750858251237
SGL_RS00320,SGL_RS14150,0.147424851829696
SGL_RS00515,SGL_RS16495,0.14637819968563
SGL_RS00400,SGL_RS00275,0.146321828016012
SGL_RS02020,SGL_RS02015,0.144784882584177
SGL_RS02020,SGL_RS01980,0.144431866726082
SGL_RS00320,SGL_RS11030,0.144326768686724
SGL_RS07730,SGL_RS07735,0.144040770005634
SGL_RS00515,SGL_RS02085,0.143264978355245
SGL_RS02020,SGL_RS01990,0.142719949198466
SGL_RS16080,SGL_RS16085,0.142394989763453
SGL_RS01215,SGL_RS01335,0.142250956290944
SGL_RS15585,SGL_RS14190,0.142108129409459
SGL_RS15585,SGL_RS08390,0.141929622055832
SGL_RS06410,SGL_RS06480,0.141874188057716
SGL_RS00320,SGL_RS16385,0.141289411693975
SGL_RS06480,SGL_RS12125,0.141174381685058
SGL_RS06480,SGL_RS04665,0.140438437046996
SGL_RS12540,SGL_RS10760,0.140186124160655
SGL_RS00320,SGL_RS14740,0.139973928025768
SGL_RS14610,SGL_RS10460,0.139770746298516
SGL_RS06410,SGL_RS11935,0.139302194073513
SGL_RS00515,SGL_RS10135,0.138793457239485
SGL_RS00515,SGL_RS00330,0.138711917230019
SGL_RS00455,SGL_RS01040,0.138215344698661
SGL_RS00320,SGL_RS00350,0.138113744255792
SGL_RS06410,SGL_RS07400,0.138011458968521
SGL_RS06410,SGL_RS06485,0.137514764362381
SGL_RS00320,SGL_RS11705,0.137095036145544
SGL_RS15805,SGL_RS14905,0.136992406078821
SGL_RS02470,SGL_RS05740,0.136990314391895
SGL_RS00075,SGL_RS00530,0.136770931547673
SGL_RS01625,SGL_RS01610,0.136700133386554
SGL_RS00400,SGL_RS15685,0.136584801665466
SGL_RS00400,SGL_RS00355,0.136417160032136
SGL_RS06410,SGL_RS08205,0.136388142397109
SGL_RS00515,SGL_RS00535,0.136321657748491
SGL_RS02020,SGL_RS17815,0.136169859452102
SGL_RS00515,SGL_RS00590,0.135858222929509
SGL_RS00400,SGL_RS00075,0.135794102275941
SGL_RS00400,SGL_RS00370,0.135396989102254
SGL_RS00400,SGL_RS06395,0.135196199057186
SGL_RS06410,SGL_RS04660,0.135154654112845
SGL_RS12540,SGL_RS11615,0.135102351594729
SGL_RS00455,SGL_RS12790,0.134912723019037
SGL_RS02470,SGL_RS07245,0.134376565674784
SGL_RS15805,SGL_RS08790,0.134270117890177
SGL_RS00455,SGL_RS01430,0.133968239439534
SGL_RS16495,SGL_RS00515,0.133930599506113
SGL_RS00400,SGL_RS04635,0.133911648713909
SGL_RS00075,SGL_RS07460,0.133761676058258
SGL_RS00400,SGL_RS00475,0.133719034686236
SGL_RS02470,SGL_RS06210,0.133663265970028
SGL_RS09285,SGL_RS12425,0.133491295375514
SGL_RS08080,SGL_RS08085,0.133476080455697
SGL_RS16495,SGL_RS03725,0.133322419384948
SGL_RS02470,SGL_RS02465,0.133007948077006
SGL_RS15585,SGL_RS08400,0.132923397836603
SGL_RS07740,SGL_RS11470,0.132710472082628
SGL_RS06410,SGL_RS08200,0.132598800397403
SGL_RS00320,SGL_RS00975,0.132530095777498
SGL_RS12430,SGL_RS02250,0.13245770488563
SGL_RS15805,SGL_RS08230,0.132413628867584
SGL_RS15210,SGL_RS02695,0.1324077620909
SGL_RS15210,SGL_RS07415,0.132294116318462
SGL_RS00400,SGL_RS00265,0.132133437140202
SGL_RS15805,SGL_RS12590,0.132005084120048
SGL_RS00455,SGL_RS00920,0.131814565697049
SGL_RS00455,SGL_RS00945,0.131776508175199
SGL_RS08210,SGL_RS10105,0.131481726358897
SGL_RS15965,SGL_RS05160,0.130879626048094
SGL_RS15805,SGL_RS08410,0.130705937073093
SGL_RS01215,SGL_RS19705,0.130700413296189
SGL_RS06080,SGL_RS03525,0.130463782736234
SGL_RS04055,SGL_RS18805,0.130393768994505
SGL_RS12430,SGL_RS09795,0.130238760515139
SGL_RS16165,SGL_RS16160,0.130094397672305
SGL_RS08165,SGL_RS01825,0.130031456350001
SGL_RS12430,SGL_RS10140,0.129946986954387
SGL_RS00400,SGL_RS00660,0.129945229569754
SGL_RS00075,SGL_RS11185,0.129751037845611
SGL_RS00455,SGL_RS00940,0.129655020808268
SGL_RS00400,SGL_RS00345,0.129584978092714
SGL_RS12540,SGL_RS15050,0.129462318138946
SGL_RS06410,SGL_RS04670,0.129416338889056
SGL_RS06410,SGL_RS05235,0.129351240638108
SGL_RS07975,SGL_RS05545,0.129300448406644
SGL_RS12430,SGL_RS02615,0.129282463625013
SGL_RS01980,SGL_RS08320,0.128995931795413
SGL_RS12430,SGL_RS11780,0.128991333588865
SGL_RS12430,SGL_RS10070,0.128990137226189
SGL_RS09285,SGL_RS06235,0.128794461986498
SGL_RS16495,SGL_RS18320,0.128788516665674
SGL_RS16495,SGL_RS06930,0.128736285899784
SGL_RS00400,SGL_RS00575,0.128714752880458
SGL_RS15805,SGL_RS07820,0.12871268332238
SGL_RS01980,SGL_RS02320,0.128613860290589
SGL_RS00075,SGL_RS00065,0.128562810730983
SGL_RS15210,SGL_RS02700,0.128544189677597
SGL_RS15210,SGL_RS11435,0.128506642318166
SGL_RS00320,SGL_RS18430,0.128467410592587
SGL_RS00455,SGL_RS00450,0.128432864191675
SGL_RS12430,SGL_RS06345,0.128296169452123
SGL_RS12430,SGL_RS02725,0.12829013490805
SGL_RS02020,SGL_RS01985,0.128179125597341
SGL_RS11285,SGL_RS04210,0.128094904809438
SGL_RS06410,SGL_RS08525,0.127986185793947
SGL_RS13820,SGL_RS02375,0.12795857365575
SGL_RS06410,SGL_RS08580,0.127847733578547
SGL_RS05150,SGL_RS13030,0.127713130668095
SGL_RS06410,SGL_RS12650,0.127242297338119
SGL_RS02470,SGL_RS05725,0.127201796471169
SGL_RS00400,SGL_RS00305,0.127172997338355
SGL_RS12430,SGL_RS06555,0.127023926992404
SGL_RS15805,SGL_RS06260,0.126974210152641
SGL_RS16495,SGL_RS11725,0.126644968353213
SGL_RS00400,SGL_RS00480,0.126572746914539
SGL_RS06215,SGL_RS03440,0.126496277343401
SGL_RS01980,SGL_RS04130,0.126493268780214
SGL_RS00455,SGL_RS00525,0.126456870377803
SGL_RS17760,SGL_RS04920,0.126396546969455
SGL_RS00400,SGL_RS00410,0.126333624232578
SGL_RS00515,SGL_RS19145,0.126178377169964
SGL_RS15805,SGL_RS10955,0.126149781832097
SGL_RS00400,SGL_RS00120,0.126109993111469
SGL_RS06215,SGL_RS05845,0.125968821904122
SGL_RS10820,SGL_RS03335,0.125886126346992
SGL_RS17395,SGL_RS15295,0.125757949164876
SGL_RS02470,SGL_RS17225,0.125739481868128
SGL_RS12430,SGL_RS02705,0.125717803589696
SGL_RS06410,SGL_RS05250,0.12559200414631
SGL_RS18290,SGL_RS06665,0.12544947732091
SGL_RS12430,SGL_RS02245,0.125296910067666
SGL_RS15805,SGL_RS07040,0.125269816941957
SGL_RS12430,SGL_RS14360,0.125245146907125
SGL_RS08835,SGL_RS19530,0.125182875187141
SGL_RS07740,SGL_RS03235,0.125115147773664
SGL_RS06410,SGL_RS09760,0.125105153291829
SGL_RS00075,SGL_RS05530,0.124994058188844
SGL_RS00400,SGL_RS00280,0.124940296929945
SGL_RS06215,SGL_RS07595,0.124787097173866
SGL_RS00455,SGL_RS01025,0.124775061053078
SGL_RS17395,SGL_RS12550,0.124736319469333
SGL_RS01980,SGL_RS09510,0.124713630283636
SGL_RS16495,SGL_RS09025,0.1246827526315
SGL_RS15210,SGL_RS02880,0.124452997332615
SGL_RS15805,SGL_RS03125,0.124375896083285
SGL_RS00320,SGL_RS13570,0.12432064399646
SGL_RS16165,SGL_RS16150,0.12421586519562
SGL_RS01980,SGL_RS09520,0.124166578401641
SGL_RS01215,SGL_RS01235,0.124030351797542
SGL_RS02470,SGL_RS05735,0.1240080258508
SGL_RS06410,SGL_RS02675,0.124001512509503
SGL_RS00320,SGL_RS10815,0.123804418951593
SGL_RS04450,SGL_RS11420,0.1238024170413
SGL_RS16495,SGL_RS03695,0.123764256495623
SGL_RS12430,SGL_RS08755,0.123733360622343
SGL_RS10605,SGL_RS06415,0.123644235494402
SGL_RS07975,SGL_RS14350,0.123506675227039
SGL_RS00455,SGL_RS00930,0.123461425443283
SGL_RS06410,SGL_RS02670,0.123433201977983
SGL_RS06410,SGL_RS13415,0.123392480438513
SGL_RS08210,SGL_RS07200,0.12334464211257
SGL_RS17245,SGL_RS13835,0.123239738791133
SGL_RS12430,SGL_RS07285,0.123132084677385
SGL_RS06410,SGL_RS17820,0.123087691634869
SGL_RS00320,SGL_RS13125,0.123075867048177
SGL_RS00400,SGL_RS00085,0.123072841868734
SGL_RS00515,SGL_RS08245,0.122934420752625
SGL_RS00320,SGL_RS15185,0.122871072798245
SGL_RS08500,SGL_RS07125,0.122833067216886
SGL_RS00320,SGL_RS11895,0.122828687415943
SGL_RS01980,SGL_RS00385,0.122790680123763
SGL_RS15805,SGL_RS15150,0.12276380205486
SGL_RS00075,SGL_RS09515,0.122725684474452
SGL_RS02020,SGL_RS01995,0.122719236592951
SGL_RS06410,SGL_RS06780,0.122660436300343
SGL_RS06215,SGL_RS06220,0.1226318016786
SGL_RS15805,SGL_RS01625,0.122581086662184
SGL_RS15805,SGL_RS10610,0.122464034700914
SGL_RS06410,SGL_RS13200,0.122401258758463
SGL_RS10755,SGL_RS10750,0.122399995189512
SGL_RS00320,SGL_RS03580,0.122300512702295
SGL_RS06480,SGL_RS06410,0.122290017843893
SGL_RS12430,SGL_RS11500,0.122155762896352
SGL_RS02470,SGL_RS11200,0.122027676117893
SGL_RS12540,SGL_RS15055,0.121982068196457
SGL_RS12430,SGL_RS02445,0.121933564750279
SGL_RS04055,SGL_RS12835,0.121592588496928
SGL_RS00515,SGL_RS18320,0.121500807136962
SGL_RS06410,SGL_RS08565,0.121491738684096
SGL_RS00075,SGL_RS00115,0.12149036345109
SGL_RS00400,SGL_RS01725,0.121484551958945
SGL_RS15965,SGL_RS04945,0.121480488146676
SGL_RS15210,SGL_RS11735,0.121398577243282
SGL_RS00455,SGL_RS01015,0.121338445093918
SGL_RS06215,SGL_RS05740,0.12118810528127
SGL_RS05150,SGL_RS06890,0.121122226573996
SGL_RS00320,SGL_RS03610,0.121080533492277
SGL_RS15210,SGL_RS07420,0.121045908596804
SGL_RS17440,SGL_RS06895,0.121000696125197
SGL_RS15585,SGL_RS03825,0.120878893272179
SGL_RS16495,SGL_RS09970,0.120876416857613
SGL_RS12430,SGL_RS11485,0.120859808900827
SGL_RS12430,SGL_RS09325,0.120791731032359
SGL_RS12430,SGL_RS13565,0.120788637871016
SGL_RS15210,SGL_RS13430,0.120755562641451
SGL_RS06480,SGL_RS06305,0.120743431823078
SGL_RS12430,SGL_RS08175,0.120687867839765
SGL_RS00515,SGL_RS04500,0.120617171178545
SGL_RS12005,SGL_RS02435,0.120530855728035
SGL_RS00320,SGL_RS09065,0.120514033204193
SGL_RS15210,SGL_RS07390,0.120491979716109
SGL_RS08835,SGL_RS05565,0.120381970501017
SGL_RS06410,SGL_RS09745,0.120298084061423
SGL_RS10820,SGL_RS10685,0.12028776756772
SGL_RS01980,SGL_RS14475,0.120233604322931
SGL_RS01980,SGL_RS03650,0.120147710817436
SGL_RS15805,SGL_RS10085,0.120009593490649
SGL_RS16495,SGL_RS04235,0.119956515598804
SGL_RS10820,SGL_RS16270,0.11994227209307
SGL_RS12430,SGL_RS05615,0.119896953680447
SGL_RS15805,SGL_RS15775,0.119892668050433
SGL_RS04450,SGL_RS08430,0.119876627455062
SGL_RS06410,SGL_RS06840,0.119868556995144
SGL_RS12005,SGL_RS14455,0.119862791551573
SGL_RS17245,SGL_RS17115,0.119849771398593
SGL_RS12430,SGL_RS03260,0.119784388825641
SGL_RS06410,SGL_RS15635,0.119777421559253
SGL_RS00400,SGL_RS00110,0.119763786062338
SGL_RS16495,SGL_RS11695,0.119762485803689
SGL_RS00455,SGL_RS01020,0.119716535007776
SGL_RS08210,SGL_RS09875,0.119696907949355
SGL_RS12430,SGL_RS12175,0.119678516648301
SGL_RS15965,SGL_RS00020,0.119660048975273
SGL_RS01255,SGL_RS01215,0.119579609766895
SGL_RS01980,SGL_RS04930,0.119527236518605
SGL_RS00515,SGL_RS19060,0.119439366482915
SGL_RS14165,SGL_RS14170,0.119436149342907
SGL_RS17245,SGL_RS17715,0.119419950133932
SGL_RS12430,SGL_RS07160,0.119412078025603
SGL_RS03065,SGL_RS07730,0.119410915963535
SGL_RS02990,SGL_RS09330,0.119407285600374
SGL_RS12430,SGL_RS06545,0.119369025407263
SGL_RS15805,SGL_RS11515,0.119280396421024
SGL_RS12430,SGL_RS07645,0.119227962430318
SGL_RS17245,SGL_RS05715,0.119223539339714
SGL_RS15585,SGL_RS17790,0.119215754009612
SGL_RS02020,SGL_RS01945,0.119215446768939
SGL_RS15805,SGL_RS15280,0.119212389183209
SGL_RS12430,SGL_RS07175,0.119188382258031
SGL_RS00400,SGL_RS00010,0.119176516154473
SGL_RS01980,SGL_RS01990,0.119146136465068
SGL_RS10820,SGL_RS09295,0.119134369801563
SGL_RS05150,SGL_RS10180,0.119002506653061
SGL_RS00515,SGL_RS07500,0.118938872710127
SGL_RS10605,SGL_RS08620,0.118722489138326
SGL_RS12430,SGL_RS04580,0.118684322858249
SGL_RS15805,SGL_RS13150,0.1186665667746
SGL_RS06410,SGL_RS13460,0.118607922299019
SGL_RS11370,SGL_RS11980,0.118600641597307
SGL_RS15805,SGL_RS14140,0.118589987703339
SGL_RS10605,SGL_RS16650,0.118547178494862
SGL_RS06410,SGL_RS12210,0.118544864953843
SGL_RS15210,SGL_RS06775,0.11850183534709
SGL_RS04820,SGL_RS12845,0.118463197403774
SGL_RS15965,SGL_RS07510,0.118385498021346
SGL_RS12430,SGL_RS07790,0.118298476842385
SGL_RS17245,SGL_RS10510,0.118296974666744
SGL_RS01980,SGL_RS09515,0.118287190293859
SGL_RS06480,SGL_RS12140,0.118275143625534
SGL_RS17760,SGL_RS14795,0.118266177054432
SGL_RS15585,SGL_RS14195,0.118177337186726
SGL_RS00320,SGL_RS17025,0.118119730248821
SGL_RS08835,SGL_RS12195,0.118115721267511
SGL_RS01980,SGL_RS04280,0.118099344771259
SGL_RS00400,SGL_RS00385,0.118082295483274
SGL_RS01625,SGL_RS19440,0.118074521881567
SGL_RS12430,SGL_RS12680,0.118029903814252
SGL_RS08210,SGL_RS09040,0.117933643226404
SGL_RS04725,SGL_RS10665,0.117849461668941
SGL_RS06215,SGL_RS10935,0.117836872299566
SGL_RS12430,SGL_RS03130,0.117669290033025
SGL_RS00455,SGL_RS01695,0.117550614414848
SGL_RS15805,SGL_RS16775,0.117522576590178
SGL_RS16495,SGL_RS02370,0.117521408677803
SGL_RS08210,SGL_RS06920,0.117513981233096
SGL_RS17760,SGL_RS13235,0.117470522312866
SGL_RS17760,SGL_RS09555,0.117424082473326
SGL_RS00400,SGL_RS00570,0.117394928497781
SGL_RS15805,SGL_RS11390,0.117381458492097
SGL_RS00320,SGL_RS17350,0.117376886432467
SGL_RS00320,SGL_RS20055,0.117344336609479
SGL_RS07975,SGL_RS10690,0.117203916625612
SGL_RS06215,SGL_RS14010,0.117191377587969
SGL_RS12430,SGL_RS08975,0.117099958205682
SGL_RS17395,SGL_RS12770,0.117082198434031
SGL_RS02990,SGL_RS17395,0.117031714430646
SGL_RS06410,SGL_RS06805,0.11702957687666
SGL_RS00320,SGL_RS18475,0.117016758019494
SGL_RS06215,SGL_RS16605,0.116957418973149
SGL_RS17245,SGL_RS02655,0.116876232729074
SGL_RS06480,SGL_RS06310,0.11687225452378
SGL_RS10820,SGL_RS14370,0.116849633550256
SGL_RS10820,SGL_RS05590,0.116733644601452
SGL_RS00400,SGL_RS10045,0.116712014946956
SGL_RS00075,SGL_RS01855,0.116662527569091
SGL_RS12430,SGL_RS16980,0.116568048350925
SGL_RS15965,SGL_RS07370,0.116540005118071
SGL_RS08500,SGL_RS12945,0.116514501998681
SGL_RS00455,SGL_RS01050,0.116428668574435
SGL_RS08845,SGL_RS06295,0.116428082832925
SGL_RS00455,SGL_RS01425,0.116412613982467
SGL_RS00455,SGL_RS16190,0.116397673177383
SGL_RS02990,SGL_RS15170,0.116369709874846
SGL_RS00320,SGL_RS08830,0.116363188014098
SGL_RS15210,SGL_RS08565,0.116278715012094
SGL_RS12430,SGL_RS12675,0.116236364094816
SGL_RS00455,SGL_RS00935,0.116211017144229
SGL_RS08165,SGL_RS05260,0.116207760801152
SGL_RS10820,SGL_RS05365,0.11619868601574
SGL_RS00400,SGL_RS00285,0.116184071761473
SGL_RS15210,SGL_RS05250,0.116154491045326
SGL_RS01955,SGL_RS15500,0.116113980368805
SGL_RS04725,SGL_RS05185,0.116086242881162
SGL_RS10820,SGL_RS16990,0.115920137952904
SGL_RS01980,SGL_RS09485,0.115860554912708
SGL_RS16495,SGL_RS17940,0.115815622748002
SGL_RS16495,SGL_RS07115,0.115809539261171
SGL_RS02990,SGL_RS19950,0.11580486140551
SGL_RS12595,SGL_RS12290,0.115799593102362
SGL_RS11285,SGL_RS03435,0.115756960655072
SGL_RS06410,SGL_RS05230,0.115709450472013
SGL_RS15805,SGL_RS05620,0.115672580406382
SGL_RS04450,SGL_RS13725,0.115609593273932
SGL_RS17760,SGL_RS05560,0.115515776196659
SGL_RS16495,SGL_RS07785,0.115483264109546
SGL_RS05150,SGL_RS05200,0.115473334557329
SGL_RS06410,SGL_RS04510,0.115428480173777
SGL_RS11370,SGL_RS17200,0.115384943979512
SGL_RS12005,SGL_RS11940,0.115343075580756
SGL_RS17760,SGL_RS17645,0.115302263581538
SGL_RS12430,SGL_RS11275,0.11526510584619
SGL_RS12005,SGL_RS10395,0.115260005534334
SGL_RS05150,SGL_RS06815,0.115236751761539
SGL_RS11985,SGL_RS04560,0.11519258508651
SGL_RS00400,SGL_RS04155,0.115157404448153
SGL_RS04725,SGL_RS16295,0.115151126140886
SGL_RS03065,SGL_RS03260,0.115141219027388
SGL_RS13820,SGL_RS07490,0.115118467113792
SGL_RS17245,SGL_RS05300,0.115087669432356
SGL_RS15805,SGL_RS07065,0.115046954467771
SGL_RS00400,SGL_RS07465,0.114983670547813
SGL_RS16495,SGL_RS03720,0.114982348959263
SGL_RS15805,SGL_RS15785,0.114900298210898
SGL_RS16080,SGL_RS19715,0.114892089770876
SGL_RS00455,SGL_RS00925,0.114872814555809
SGL_RS16495,SGL_RS14890,0.114863582398173
SGL_RS12430,SGL_RS16690,0.11485557927088
SGL_RS10820,SGL_RS05310,0.1148010795612
SGL_RS00455,SGL_RS01155,0.114793451968767
SGL_RS09285,SGL_RS10015,0.114760656550905
SGL_RS06340,SGL_RS06620,0.11475753204876
SGL_RS02990,SGL_RS04820,0.114755190115439
SGL_RS09285,SGL_RS17130,0.114735023153655
SGL_RS09285,SGL_RS16830,0.114727570683041
SGL_RS10820,SGL_RS06585,0.114650405260813
SGL_RS02510,SGL_RS02515,0.114589066868144
SGL_RS07975,SGL_RS07215,0.114574643649809
SGL_RS15805,SGL_RS16620,0.11455430733705
SGL_RS04820,SGL_RS13975,0.114539084122208
SGL_RS06215,SGL_RS10500,0.114521197338715
SGL_RS06410,SGL_RS07380,0.114465065861532
SGL_RS08080,SGL_RS15370,0.114459678197058
SGL_RS04725,SGL_RS10805,0.114433081791255
SGL_RS06410,SGL_RS05345,0.11439089140941
SGL_RS17395,SGL_RS15220,0.114385647394504
SGL_RS07975,SGL_RS17530,0.114293060001037
SGL_RS12430,SGL_RS15125,0.114289936603573
SGL_RS15210,SGL_RS11675,0.11419195470464
SGL_RS00320,SGL_RS02165,0.114191378501228
SGL_RS15210,SGL_RS09710,0.114170358261567
SGL_RS10605,SGL_RS14110,0.114166095750766
SGL_RS11370,SGL_RS02100,0.114102289297931
SGL_RS15805,SGL_RS07060,0.114092951081504
SGL_RS00400,SGL_RS00615,0.114059127671594
SGL_RS15805,SGL_RS15570,0.114029876083721
SGL_RS12430,SGL_RS14400,0.114007199641705
SGL_RS09285,SGL_RS15330,0.113998568872325
SGL_RS12430,SGL_RS13180,0.113998340251356
SGL_RS12430,SGL_RS01905,0.113991495070252
SGL_RS00400,SGL_RS03640,0.113948532903541
SGL_RS10605,SGL_RS10660,0.113927038364707
SGL_RS00400,SGL_RS08730,0.113873646594884
SGL_RS00670,SGL_RS18470,0.113791062969525
SGL_RS01980,SGL_RS13570,0.113738390814129
SGL_RS15805,SGL_RS13705,0.113693524796947
SGL_RS17760,SGL_RS04680,0.113687806053683
SGL_RS12540,SGL_RS08815,0.113680206881987
SGL_RS15965,SGL_RS16210,0.113654314724873
SGL_RS15805,SGL_RS15870,0.113633543107619
SGL_RS01980,SGL_RS00115,0.113627961297912
SGL_RS09285,SGL_RS17420,0.113608140506751
SGL_RS15805,SGL_RS03075,0.113604504501837
SGL_RS11985,SGL_RS11970,0.113561096864493
SGL_RS08845,SGL_RS18840,0.113461616465881
SGL_RS17760,SGL_RS07365,0.113460110859046
SGL_RS03065,SGL_RS02665,0.113453806052175
SGL_RS12430,SGL_RS13165,0.113397290941179
SGL_RS17440,SGL_RS11545,0.11338703143311
SGL_RS01980,SGL_RS04150,0.113366771436007
SGL_RS15805,SGL_RS07250,0.113360356260197
SGL_RS14385,SGL_RS10670,0.113352375205359
SGL_RS10820,SGL_RS05515,0.113336921803235
SGL_RS17395,SGL_RS02475,0.113283060687337
SGL_RS17760,SGL_RS19535,0.113261902773951
SGL_RS18290,SGL_RS12810,0.113239241717784
SGL_RS12430,SGL_RS07580,0.113220939825784
SGL_RS01980,SGL_RS00695,0.113116502879395
SGL_RS15805,SGL_RS18200,0.11311371170262
SGL_RS15210,SGL_RS02690,0.113056224745596
SGL_RS10820,SGL_RS10695,0.112981638886617
SGL_RS06410,SGL_RS15005,0.112962684208492
SGL_RS00320,SGL_RS00900,0.112950799459329
SGL_RS16495,SGL_RS04890,0.112943455553145
SGL_RS00320,SGL_RS14230,0.112938873547669
SGL_RS00400,SGL_RS08015,0.112922848633318
SGL_RS17395,SGL_RS10630,0.112893271312526
SGL_RS12430,SGL_RS03840,0.112857585690814
SGL_RS15805,SGL_RS08765,0.112824765801592
SGL_RS15965,SGL_RS04640,0.112820290620209
SGL_RS12595,SGL_RS06745,0.112797822481628
SGL_RS15805,SGL_RS06980,0.112793618850396
SGL_RS04450,SGL_RS05110,0.112781371050137
SGL_RS00320,SGL_RS03700,0.112773967512291
SGL_RS12430,SGL_RS16850,0.112662995800968
SGL_RS04725,SGL_RS08125,0.112653721803176
SGL_RS17395,SGL_RS02300,0.112639681034844
SGL_RS01980,SGL_RS02015,0.112621841065366
SGL_RS15245,SGL_RS07725,0.112615124114749
SGL_RS01980,SGL_RS17370,0.112569630694445
SGL_RS17245,SGL_RS12605,0.112538043212434
SGL_RS00455,SGL_RS01700,0.112525150125979
SGL_RS00400,SGL_RS00770,0.112517160650717
SGL_RS00400,SGL_RS00210,0.112506585513138
SGL_RS08835,SGL_RS10790,0.112492556461662
SGL_RS12540,SGL_RS16955,0.112449198595107
SGL_RS08835,SGL_RS02935,0.112432848833983
SGL_RS12430,SGL_RS12345,0.112416733217335
SGL_RS15805,SGL_RS06215,0.112358117635587
SGL_RS06410,SGL_RS04410,0.112286940130925
SGL_RS04820,SGL_RS03770,0.112274372847057
SGL_RS04450,SGL_RS18185,0.112249568420259
SGL_RS17245,SGL_RS04115,0.112196721707113
SGL_RS04055,SGL_RS18285,0.112152356310524
SGL_RS00515,SGL_RS03565,0.11214484749346
SGL_RS00400,SGL_RS01690,0.11209702470385
SGL_RS17245,SGL_RS17065,0.112064188196034
SGL_RS12430,SGL_RS16590,0.112049160297211
SGL_RS15210,SGL_RS08590,0.111973252365566
SGL_RS13820,SGL_RS15810,0.111911510332191
SGL_RS15210,SGL_RS04095,0.111907046825498
SGL_RS17760,SGL_RS15405,0.111875276418759
SGL_RS00075,SGL_RS04930,0.111869534449201
SGL_RS00400,SGL_RS16320,0.11186149124739
SGL_RS18290,SGL_RS10110,0.111794524261006
SGL_RS15805,SGL_RS04370,0.111783777045513
SGL_RS04725,SGL_RS07320,0.11178193187422
SGL_RS00075,SGL_RS00635,0.111771847067742
SGL_RS15805,SGL_RS05455,0.11173795106189
SGL_RS02470,SGL_RS10640,0.111681775251837
SGL_RS15805,SGL_RS03975,0.111679516515946
SGL_RS15245,SGL_RS04990,0.111678526164152
SGL_RS08500,SGL_RS10995,0.111652856634397
SGL_RS10820,SGL_RS15025,0.111649796247496
SGL_RS16495,SGL_RS05805,0.111638929204015
SGL_RS12430,SGL_RS09825,0.111628154354617
SGL_RS06480,SGL_RS19915,0.111589594263004
SGL_RS06410,SGL_RS12620,0.11152303960187
SGL_RS11370,SGL_RS09635,0.111498647638482
SGL_RS06480,SGL_RS17080,0.111481551609433
SGL_RS15805,SGL_RS13290,0.111479281012074
SGL_RS12430,SGL_RS10445,0.11131454390017
SGL_RS07535,SGL_RS07640,0.111282771121294
SGL_RS00455,SGL_RS08305,0.111277863440156
SGL_RS12430,SGL_RS07710,0.111266049445547
SGL_RS08210,SGL_RS14060,0.111260061201671
SGL_RS17395,SGL_RS02480,0.111253047135624
SGL_RS09285,SGL_RS05955,0.111229385585532
SGL_RS12430,SGL_RS15340,0.111221981295059
SGL_RS10755,SGL_RS20160,0.111218086403831
SGL_RS12595,SGL_RS05870,0.111206228783388
SGL_RS00455,SGL_RS01710,0.111205615223654
SGL_RS08835,SGL_RS11270,0.111204834627004
SGL_RS06410,SGL_RS08590,0.111201002088273
SGL_RS10820,SGL_RS19625,0.111188665539624
SGL_RS15805,SGL_RS08180,0.111185398405528
SGL_RS00400,SGL_RS00115,0.111184004449836
SGL_RS10820,SGL_RS07950,0.111172536970718
SGL_RS00515,SGL_RS11695,0.111150097538586
SGL_RS00515,SGL_RS16425,0.111112700469859
SGL_RS00320,SGL_RS13675,0.111107070858509
SGL_RS15805,SGL_RS19440,0.111069171776472
SGL_RS15805,SGL_RS08600,0.111032442513623
SGL_RS12430,SGL_RS11600,0.11102615717272
SGL_RS00075,SGL_RS00475,0.111021975009849
SGL_RS16495,SGL_RS06820,0.111002456012057
SGL_RS15805,SGL_RS06425,0.111000615645027
SGL_RS00320,SGL_RS11875,0.110959726396011
SGL_RS10820,SGL_RS02195,0.110942343922184
SGL_RS04725,SGL_RS07350,0.110909990589183
SGL_RS10820,SGL_RS05585,0.11089265788133
SGL_RS04450,SGL_RS10620,0.110876181925069
SGL_RS01980,SGL_RS08830,0.110830950098965
SGL_RS12430,SGL_RS18120,0.110814539094056
SGL_RS17760,SGL_RS06705,0.110811860125219
SGL_RS00320,SGL_RS19550,0.110803895886337
SGL_RS06215,SGL_RS02730,0.110788285714534
SGL_RS16495,SGL_RS13615,0.110784846832912
SGL_RS00320,SGL_RS10040,0.110771258827652
SGL_RS00400,SGL_RS00015,0.11076792297966
SGL_RS15805,SGL_RS11910,0.110754525352389
SGL_RS15805,SGL_RS09775,0.110723829031902
SGL_RS06215,SGL_RS03990,0.110696583446041
SGL_RS15210,SGL_RS11625,0.11069631479161
SGL_RS08835,SGL_RS19000,0.110695725918208
SGL_RS16495,SGL_RS15550,0.110659963174838
SGL_RS01980,SGL_RS01845,0.110649598788621
SGL_RS06410,SGL_RS03080,0.110624476861535
SGL_RS16495,SGL_RS07610,0.110590590440196
SGL_RS16165,SGL_RS09505,0.110556054565931
SGL_RS03065,SGL_RS11510,0.110535989829003
SGL_RS17440,SGL_RS02815,0.110504325640638
SGL_RS17760,SGL_RS16770,0.11049245649492
SGL_RS09285,SGL_RS10320,0.110491281659597
SGL_RS09285,SGL_RS16610,0.11048045316341
SGL_RS00400,SGL_RS18510,0.110451669543837
SGL_RS00515,SGL_RS09025,0.110445201088179
SGL_RS06480,SGL_RS05245,0.110404084194779
SGL_RS15210,SGL_RS09705,0.110384891796506
SGL_RS12430,SGL_RS16440,0.110383273526837
SGL_RS01215,SGL_RS00035,0.11037007775613
SGL_RS15805,SGL_RS02620,0.110310439991729
SGL_RS17760,SGL_RS09245,0.110309319081555
SGL_RS02470,SGL_RS10935,0.110295676949541
SGL_RS06215,SGL_RS04455,0.110277687515319
SGL_RS08835,SGL_RS17845,0.110259700325504
SGL_RS12430,SGL_RS13560,0.110212134031208
SGL_RS03065,SGL_RS06560,0.110210282491282
SGL_RS04725,SGL_RS11495,0.110204123632702
SGL_RS10605,SGL_RS17470,0.110182683198591
SGL_RS15210,SGL_RS07410,0.11016128218845
SGL_RS06215,SGL_RS13035,0.110124658553033
SGL_RS12430,SGL_RS13265,0.110101385175901
SGL_RS12595,SGL_RS12585,0.1101011508467
SGL_RS02020,SGL_RS08955,0.110048879086685
SGL_RS15585,SGL_RS19500,0.110039933401686
SGL_RS12430,SGL_RS11610,0.110025682847299
SGL_RS13820,SGL_RS17900,0.110008667009704
SGL_RS18290,SGL_RS12455,0.109993887082715
SGL_RS17395,SGL_RS07825,0.109992792690878
SGL_RS12430,SGL_RS13735,0.1099618033142
SGL_RS06215,SGL_RS18275,0.109941098090214
SGL_RS12430,SGL_RS03115,0.109924168687875
SGL_RS06215,SGL_RS19170,0.109923234225616
SGL_RS12430,SGL_RS04370,0.109918059095203
SGL_RS17245,SGL_RS08030,0.109910618304495
SGL_RS15210,SGL_RS17600,0.109889096786497
SGL_RS16080,SGL_RS10770,0.109875017888584
SGL_RS00400,SGL_RS17885,0.109827097362878
SGL_RS04055,SGL_RS10480,0.109807837925441
SGL_RS02020,SGL_RS01940,0.109759119364785
SGL_RS04450,SGL_RS10940,0.10975315432678
SGL_RS18290,SGL_RS07755,0.109705177016874
SGL_RS17245,SGL_RS04995,0.109659778961962
SGL_RS04055,SGL_RS15375,0.109636655459918
SGL_RS17395,SGL_RS13120,0.109632345324555
SGL_RS00400,SGL_RS18485,0.109629911643905
SGL_RS15805,SGL_RS04845,0.109628756507621
SGL_RS00455,SGL_RS16410,0.10962152626597
SGL_RS08835,SGL_RS14850,0.109608535189052
SGL_RS06215,SGL_RS07590,0.109600635795196
SGL_RS15805,SGL_RS10985,0.109528837625012
SGL_RS00515,SGL_RS11725,0.109523658873931
SGL_RS01980,SGL_RS00080,0.109512033935395
SGL_RS06480,SGL_RS12135,0.109496509017902
SGL_RS09285,SGL_RS13390,0.109472723491841
SGL_RS06215,SGL_RS06990,0.109472605537114
SGL_RS14385,SGL_RS05675,0.109296793208448
SGL_RS17395,SGL_RS13370,0.109271139401744
SGL_RS12430,SGL_RS08180,0.109269418460968
SGL_RS16165,SGL_RS01735,0.109182096311448
SGL_RS17760,SGL_RS09315,0.109163789367348
SGL_RS16495,SGL_RS01030,0.109121639389725
SGL_RS06480,SGL_RS12110,0.109116948023176
SGL_RS07740,SGL_RS03225,0.10909218168993
SGL_RS00320,SGL_RS00595,0.109060258902324
SGL_RS00455,SGL_RS08295,0.109040497402117
SGL_RS00320,SGL_RS07275,0.109030090845544
SGL_RS09285,SGL_RS08925,0.109026206329559
SGL_RS03065,SGL_RS06760,0.108956883566354
SGL_RS17395,SGL_RS06785,0.108922927228727
SGL_RS01980,SGL_RS06065,0.108917507659213
SGL_RS12595,SGL_RS03390,0.108902161727436
SGL_RS12430,SGL_RS06070,0.108894932753106
SGL_RS15805,SGL_RS18120,0.108889586347256
SGL_RS12430,SGL_RS15205,0.108786001553793
SGL_RS12430,SGL_RS13730,0.108775008512425
SGL_RS15805,SGL_RS13995,0.108773354762943
SGL_RS16495,SGL_RS10290,0.108742149063554
SGL_RS12005,SGL_RS11935,0.108717398387713
SGL_RS15245,SGL_RS16660,0.108704731812306
SGL_RS08835,SGL_RS16770,0.108690732247799
SGL_RS00455,SGL_RS15930,0.108670295378574
SGL_RS01980,SGL_RS09065,0.108614322979458
SGL_RS17760,SGL_RS16595,0.108596211839541
SGL_RS12430,SGL_RS13155,0.108513753759281
SGL_RS12595,SGL_RS07670,0.10849592413689
SGL_RS00400,SGL_RS00245,0.108487517257078
SGL_RS15805,SGL_RS13895,0.10848001183835
SGL_RS03065,SGL_RS13545,0.108459910499714
SGL_RS00400,SGL_RS11905,0.108445883912573
SGL_RS08165,SGL_RS07525,0.108425223911174
SGL_RS02470,SGL_RS05845,0.10841693405143
SGL_RS12430,SGL_RS11605,0.108406715313838
SGL_RS14385,SGL_RS03105,0.108384373832888
SGL_RS15210,SGL_RS05550,0.108374407236183
SGL_RS15805,SGL_RS15225,0.108307242094797
SGL_RS16495,SGL_RS04980,0.108303413190151
SGL_RS06340,SGL_RS00805,0.108279023818575
SGL_RS17395,SGL_RS18325,0.108269037607969
SGL_RS12430,SGL_RS14090,0.108261993884769
SGL_RS10605,SGL_RS06845,0.108226167901812
SGL_RS15805,SGL_RS17630,0.108218876526604
SGL_RS00455,SGL_RS09750,0.108217832222551
SGL_RS17760,SGL_RS17755,0.108213208770779
SGL_RS12430,SGL_RS09320,0.108187641377648
SGL_RS06410,SGL_RS04265,0.108173943067533
SGL_RS00400,SGL_RS00435,0.10807220790986
SGL_RS01625,SGL_RS15460,0.108043813875501
SGL_RS12005,SGL_RS00445,0.108022469146608
SGL_RS05150,SGL_RS15140,0.1080030769335
SGL_RS15210,SGL_RS06210,0.108002511102325
SGL_RS05150,SGL_RS15650,0.107991484464859
SGL_RS08835,SGL_RS02525,0.107973506483983
SGL_RS08500,SGL_RS06105,0.107960624064796
SGL_RS12430,SGL_RS06675,0.107940636291103
SGL_RS13130,SGL_RS08025,0.107934071332333
SGL_RS00400,SGL_RS01815,0.107878241697451
SGL_RS15805,SGL_RS09320,0.107849441584447
SGL_RS03065,SGL_RS13935,0.107840996386962
SGL_RS12430,SGL_RS06740,0.10777576950299
SGL_RS12430,SGL_RS04085,0.107758181246185
SGL_RS00515,SGL_RS17940,0.107723117587158
SGL_RS06410,SGL_RS12125,0.107722516076274
SGL_RS07740,SGL_RS06475,0.10767859888243
SGL_RS14385,SGL_RS15640,0.107657197268684
SGL_RS02020,SGL_RS02005,0.10765369819033
SGL_RS17440,SGL_RS14490,0.107652475620853
SGL_RS12430,SGL_RS16370,0.107636288575736
SGL_RS04725,SGL_RS04340,0.107624597295422
SGL_RS17760,SGL_RS18235,0.107616834815639
SGL_RS07975,SGL_RS05010,0.107606720769153
SGL_RS10820,SGL_RS06445,0.107584017370391
SGL_RS17395,SGL_RS16910,0.107517427100311
SGL_RS15210,SGL_RS05520,0.107499559985775
SGL_RS10820,SGL_RS01535,0.1074622721345
SGL_RS08835,SGL_RS14840,0.107450611663941
SGL_RS06480,SGL_RS12130,0.10744417963125
SGL_RS00455,SGL_RS15730,0.107428282673396
SGL_RS15805,SGL_RS05220,0.107423251951364
SGL_RS10605,SGL_RS08065,0.107416155032432
SGL_RS06215,SGL_RS10145,0.107411695383917
SGL_RS12540,SGL_RS09000,0.107405174733144
SGL_RS00075,SGL_RS00395,0.107404462112845
SGL_RS01980,SGL_RS16245,0.107391524508864
SGL_RS15805,SGL_RS04295,0.107389673438548
SGL_RS08500,SGL_RS08125,0.107367992116162
SGL_RS10820,SGL_RS15900,0.107357623243426
SGL_RS07740,SGL_RS05130,0.107341811587982
SGL_RS12430,SGL_RS18090,0.107319822578713
SGL_RS15805,SGL_RS08750,0.107312832496785
SGL_RS07730,SGL_RS02405,0.107305541198616
SGL_RS06410,SGL_RS05540,0.107265268408777
SGL_RS06410,SGL_RS20030,0.107203619276215
SGL_RS16495,SGL_RS04960,0.10720066084114
SGL_RS17440,SGL_RS10335,0.107196542766727
SGL_RS14385,SGL_RS16630,0.107196149595204
SGL_RS09285,SGL_RS10985,0.107153283844735
SGL_RS09285,SGL_RS11080,0.10710176528769
SGL_RS09285,SGL_RS08920,0.107080683876544
SGL_RS12430,SGL_RS08765,0.107057921366417
SGL_RS00400,SGL_RS00670,0.107039261065111
SGL_RS15805,SGL_RS12345,0.107028149638874
SGL_RS17760,SGL_RS09080,0.10702435318542
SGL_RS12430,SGL_RS02430,0.107023457185888
SGL_RS12430,SGL_RS06430,0.107019058324135
SGL_RS09285,SGL_RS05870,0.106979812987579
SGL_RS17395,SGL_RS10355,0.106950828582293
SGL_RS06410,SGL_RS02435,0.106942883914657
SGL_RS00515,SGL_RS18635,0.106925977663239
SGL_RS01980,SGL_RS02060,0.106915928778513
SGL_RS00400,SGL_RS00725,0.106915831104064
SGL_RS08165,SGL_RS15065,0.106903720280986
SGL_RS12430,SGL_RS10995,0.106899641031456
SGL_RS17395,SGL_RS14560,0.106889727588878
SGL_RS12430,SGL_RS10340,0.106878708407508
SGL_RS17395,SGL_RS14025,0.106867583699411
SGL_RS12430,SGL_RS18240,0.106862027095704
SGL_RS06410,SGL_RS07945,0.106804187265376
SGL_RS17760,SGL_RS11605,0.106793750362178
SGL_RS17395,SGL_RS09350,0.106778378666895
SGL_RS00515,SGL_RS18830,0.106773015389879
SGL_RS00320,SGL_RS14720,0.106765572587155
SGL_RS12430,SGL_RS06560,0.106755580940805
SGL_RS15805,SGL_RS16875,0.106748208836731
SGL_RS12430,SGL_RS06550,0.106728771898597
SGL_RS14385,SGL_RS15280,0.1066426655575
SGL_RS15210,SGL_RS09490,0.106642493935001
SGL_RS12595,SGL_RS13885,0.106638569607206
SGL_RS10820,SGL_RS10975,0.106638320739162
SGL_RS00320,SGL_RS07095,0.106601494963656
SGL_RS12430,SGL_RS17520,0.106582515572107
SGL_RS12430,SGL_RS08735,0.1065804261092
SGL_RS02510,SGL_RS04900,0.10654854094139
SGL_RS06480,SGL_RS12210,0.10654394381227
SGL_RS04450,SGL_RS02450,0.106540813425512
SGL_RS16165,SGL_RS15995,0.106486970380949
SGL_RS08835,SGL_RS11135,0.106482009108476
SGL_RS05150,SGL_RS15195,0.106467072559194
SGL_RS15805,SGL_RS06035,0.106462678416564
SGL_RS11370,SGL_RS17360,0.106436567817366
SGL_RS15805,SGL_RS17705,0.106433918407342
SGL_RS05150,SGL_RS06855,0.106433410330316
SGL_RS15965,SGL_RS00605,0.106431013287341
SGL_RS04450,SGL_RS07995,0.106428550856798
SGL_RS10820,SGL_RS04400,0.106420724306448
SGL_RS12595,SGL_RS14665,0.106406132822697
SGL_RS00400,SGL_RS15615,0.106394798125377
SGL_RS12430,SGL_RS10220,0.106387308036552
SGL_RS00455,SGL_RS00995,0.106355452572558
SGL_RS11370,SGL_RS15190,0.106322847225062
SGL_RS04055,SGL_RS17095,0.106320972651526
SGL_RS14610,SGL_RS10760,0.106320592397989
SGL_RS10820,SGL_RS04850,0.106299119318189
SGL_RS06410,SGL_RS13205,0.106246982202929
SGL_RS12430,SGL_RS10425,0.106237925488903
SGL_RS12430,SGL_RS13190,0.106222988163729
SGL_RS15805,SGL_RS16430,0.106221190649421
SGL_RS10605,SGL_RS02255,0.106214702865492
SGL_RS11370,SGL_RS07900,0.106212654064754
SGL_RS04450,SGL_RS12765,0.106175637463626
SGL_RS00455,SGL_RS00990,0.106173466295366
SGL_RS15805,SGL_RS02250,0.106145684362486
SGL_RS17760,SGL_RS00745,0.106141869369327
SGL_RS12430,SGL_RS07350,0.106117501972088
SGL_RS15245,SGL_RS08385,0.106101039846365
SGL_RS12430,SGL_RS08740,0.106093937883294
SGL_RS10605,SGL_RS08455,0.106086714518895
SGL_RS04055,SGL_RS18725,0.106075205498702
SGL_RS08835,SGL_RS00600,0.106064988930267
SGL_RS06410,SGL_RS08585,0.106018040709011
SGL_RS04725,SGL_RS17740,0.105990231500553
SGL_RS01955,SGL_RS02025,0.10598529966576
SGL_RS08210,SGL_RS15180,0.10595842224098
SGL_RS06480,SGL_RS17655,0.105939013701956
SGL_RS13130,SGL_RS11285,0.105937567600708
SGL_RS10820,SGL_RS07135,0.105937475351053
SGL_RS12595,SGL_RS13880,0.105927934120714
SGL_RS00400,SGL_RS00390,0.105893484349802
SGL_RS06215,SGL_RS06210,0.105871941896992
SGL_RS01255,SGL_RS01290,0.105867661890006
SGL_RS04055,SGL_RS10260,0.105866652983219
SGL_RS12430,SGL_RS04620,0.105854757409197
SGL_RS17760,SGL_RS09310,0.105819169103737
SGL_RS15965,SGL_RS09535,0.105816307759213
SGL_RS06480,SGL_RS12105,0.105801527313667
SGL_RS00400,SGL_RS00540,0.105800410895696
SGL_RS12595,SGL_RS06970,0.10576538135539
SGL_RS00400,SGL_RS15960,0.105764999174635
SGL_RS15210,SGL_RS06445,0.105759019108595
SGL_RS15210,SGL_RS06410,0.105755124395031
SGL_RS00400,SGL_RS00005,0.105737671876084
SGL_RS10605,SGL_RS05600,0.105734690302573
SGL_RS12430,SGL_RS07140,0.105699174536895
SGL_RS04725,SGL_RS04915,0.105684121205534
SGL_RS09285,SGL_RS09640,0.105678395243194
SGL_RS12430,SGL_RS15130,0.10566603764975
SGL_RS12595,SGL_RS10140,0.105664806005812
SGL_RS12430,SGL_RS12690,0.105634197985606
SGL_RS15215,SGL_RS03415,0.105613683052845
SGL_RS12430,SGL_RS16845,0.105589655967575
SGL_RS15965,SGL_RS00315,0.105546128085159
SGL_RS06215,SGL_RS17215,0.105523155726156
SGL_RS15805,SGL_RS11490,0.105510531735725
SGL_RS12430,SGL_RS12465,0.105485941409742
SGL_RS13820,SGL_RS16795,0.105458758506019
SGL_RS02510,SGL_RS04895,0.105452355523364
SGL_RS04055,SGL_RS18965,0.105451656990108
SGL_RS08210,SGL_RS02565,0.1054402978949
SGL_RS06340,SGL_RS08235,0.105428413719594
SGL_RS12430,SGL_RS14000,0.105400809346564
SGL_RS12540,SGL_RS08090,0.105362083082165
SGL_RS12430,SGL_RS06460,0.105341093071887
SGL_RS17760,SGL_RS10065,0.105328316097662
SGL_RS01980,SGL_RS01975,0.105325709960329
SGL_RS14610,SGL_RS15055,0.105325392938922
SGL_RS17120,SGL_RS06010,0.10530419965497
SGL_RS04055,SGL_RS15220,0.105303622092765
SGL_RS06480,SGL_RS04660,0.105291392841905
SGL_RS04055,SGL_RS04985,0.105283435182584
SGL_RS12430,SGL_RS07250,0.105267489571397
SGL_RS06340,SGL_RS06940,0.105250223026702
SGL_RS16495,SGL_RS17580,0.105231888412536
SGL_RS17760,SGL_RS16590,0.105225133933071
SGL_RS16165,SGL_RS04560,0.105176353754539
SGL_RS15965,SGL_RS08705,0.105155103060262
SGL_RS04055,SGL_RS18335,0.105137265491663
SGL_RS06340,SGL_RS03815,0.105116962125078
SGL_RS16495,SGL_RS14990,0.105110994362678
SGL_RS08835,SGL_RS00435,0.105096824132284
SGL_RS15965,SGL_RS01135,0.105091706934596
SGL_RS06410,SGL_RS13425,0.105072816355733
SGL_RS11285,SGL_RS07300,0.105067358015044
SGL_RS01215,SGL_RS01315,0.105044748091207
SGL_RS17395,SGL_RS17125,0.105014820805378
SGL_RS00320,SGL_RS10405,0.105002425859396
SGL_RS10820,SGL_RS06865,0.104997881132199
SGL_RS15805,SGL_RS14385,0.104984774909387
SGL_RS10605,SGL_RS05220,0.104945887568469
SGL_RS11985,SGL_RS20190,0.104935719864429
SGL_RS09285,SGL_RS08750,0.104926745099947
SGL_RS11985,SGL_RS15120,0.104893054065063
SGL_RS04725,SGL_RS09715,0.104864729596832
SGL_RS02020,SGL_RS00430,0.104852848483518
SGL_RS16080,SGL_RS09905,0.104834710539289
SGL_RS00455,SGL_RS00720,0.104795726846174
SGL_RS12430,SGL_RS07845,0.104781899577
SGL_RS12430,SGL_RS12400,0.104763621616142
SGL_RS12430,SGL_RS08980,0.104728104514783
SGL_RS01955,SGL_RS00610,0.104690886741078
SGL_RS15805,SGL_RS16850,0.10469048263251
SGL_RS00400,SGL_RS16225,0.104683354011217
SGL_RS17245,SGL_RS17535,0.104679055160662
SGL_RS12430,SGL_RS06595,0.104674136550459
SGL_RS11285,SGL_RS14655,0.104645826872572
SGL_RS08165,SGL_RS20095,0.104643224440592
SGL_RS15210,SGL_RS12815,0.104629579976826
SGL_RS06215,SGL_RS19460,0.104629570587572
SGL_RS12430,SGL_RS13890,0.104623066489903
SGL_RS18290,SGL_RS16735,0.104609168855746
SGL_RS01980,SGL_RS02020,0.104595451957833
SGL_RS17120,SGL_RS14775,0.10458734271474
SGL_RS17395,SGL_RS02990,0.104584832660046
SGL_RS17120,SGL_RS10200,0.1045615338878
SGL_RS15245,SGL_RS15250,0.104555515734051
SGL_RS15210,SGL_RS19575,0.104546224565063
SGL_RS07740,SGL_RS11215,0.104536895833695
SGL_RS02020,SGL_RS02000,0.104516283453359
SGL_RS08210,SGL_RS10775,0.104511884150792
SGL_RS03065,SGL_RS08260,0.104510162654889
SGL_RS16080,SGL_RS19855,0.104507003121138
SGL_RS08835,SGL_RS09525,0.10449649971022
SGL_RS07730,SGL_RS11395,0.104494115071697
SGL_RS12430,SGL_RS18310,0.104482396389619
SGL_RS04450,SGL_RS09205,0.104476908854954
SGL_RS04725,SGL_RS05670,0.104470050347365
SGL_RS10820,SGL_RS17645,0.104465879856093
SGL_RS00320,SGL_RS00100,0.104410668445591
SGL_RS15805,SGL_RS15530,0.104397790261879
SGL_RS15210,SGL_RS07405,0.104395698395003
SGL_RS10605,SGL_RS04595,0.104393564146871
SGL_RS12430,SGL_RS10400,0.10438352911349
SGL_RS17760,SGL_RS17675,0.10437099604999
SGL_RS04055,SGL_RS05040,0.104315065551617
SGL_RS01625,SGL_RS12285,0.104305850330438
SGL_RS04450,SGL_RS11840,0.104296738800273
SGL_RS07730,SGL_RS17905,0.104293368635343
SGL_RS00515,SGL_RS00125,0.104279396683041
SGL_RS01980,SGL_RS00335,0.10427708238662
SGL_RS10820,SGL_RS11070,0.104263260008789
SGL_RS04055,SGL_RS16960,0.104191951202416
SGL_RS09285,SGL_RS12450,0.104188086777872
SGL_RS15805,SGL_RS17405,0.104180873057296
SGL_RS03065,SGL_RS02740,0.104178240493743
SGL_RS15805,SGL_RS16940,0.104137151086929
SGL_RS04725,SGL_RS04875,0.104105608927107
SGL_RS15805,SGL_RS14135,0.104105263591309
SGL_RS04820,SGL_RS09225,0.104087680371719
SGL_RS18290,SGL_RS13490,0.104080476702873
SGL_RS15805,SGL_RS08505,0.104057576335407
SGL_RS04820,SGL_RS03750,0.104043474885214
SGL_RS17440,SGL_RS10520,0.104039878693072
SGL_RS06410,SGL_RS04530,0.104006613628347
SGL_RS08040,SGL_RS01545,0.10399608256267
SGL_RS03065,SGL_RS17550,0.103992488066241
SGL_RS18290,SGL_RS02415,0.103895803417858
SGL_RS15805,SGL_RS10020,0.10388667640087
SGL_RS06080,SGL_RS07210,0.103871721018419
SGL_RS04725,SGL_RS02200,0.103864554135125
SGL_RS02990,SGL_RS06440,0.103846180827522
SGL_RS17245,SGL_RS13065,0.10380670319071
SGL_RS10605,SGL_RS01660,0.1037979759331
SGL_RS17440,SGL_RS02175,0.103795288423652
SGL_RS08500,SGL_RS04605,0.103768283462643
SGL_RS08080,SGL_RS08075,0.103766289350397
SGL_RS15965,SGL_RS10710,0.103755031750139
SGL_RS06410,SGL_RS02600,0.103733408014284
SGL_RS15965,SGL_RS00280,0.103728933597847
SGL_RS12005,SGL_RS09810,0.103718264409273
SGL_RS17395,SGL_RS08120,0.103714528329169
SGL_RS08835,SGL_RS14685,0.103712361070567
SGL_RS04450,SGL_RS11445,0.10370523139133
SGL_RS13130,SGL_RS03160,0.103682709252933
SGL_RS17395,SGL_RS13870,0.10368151478787
SGL_RS13130,SGL_RS03490,0.103671086891566
SGL_RS10820,SGL_RS07100,0.103629853581862
SGL_RS00400,SGL_RS00600,0.103624572329806
SGL_RS15805,SGL_RS15300,0.103611307095929
SGL_RS17395,SGL_RS17620,0.103579947305889
SGL_RS04725,SGL_RS13990,0.103566554189288
SGL_RS16495,SGL_RS14670,0.103566388447254
SGL_RS17120,SGL_RS14350,0.103533389019007
SGL_RS04450,SGL_RS04050,0.103532537267745
SGL_RS11370,SGL_RS05730,0.103532169474974
SGL_RS06410,SGL_RS07415,0.103530705825021
SGL_RS06410,SGL_RS03350,0.103527983536013
SGL_RS03065,SGL_RS06430,0.103514961750281
SGL_RS15965,SGL_RS17885,0.103493419227771
SGL_RS07730,SGL_RS04885,0.1034880754265
SGL_RS00075,SGL_RS09510,0.103461419894847
SGL_RS06480,SGL_RS17930,0.103440633505715
SGL_RS15805,SGL_RS03105,0.10343050502578
SGL_RS00400,SGL_RS00330,0.103414929982458
SGL_RS06215,SGL_RS15070,0.103397083918364
SGL_RS17760,SGL_RS14155,0.103342274760153
SGL_RS15965,SGL_RS19195,0.103340425989416
SGL_RS12430,SGL_RS15230,0.103335144072856
SGL_RS04055,SGL_RS01270,0.103332325394738
SGL_RS00400,SGL_RS14845,0.103325728061862
SGL_RS00320,SGL_RS09050,0.103319242045667
SGL_RS09285,SGL_RS02450,0.103305166101502
SGL_RS00075,SGL_RS18470,0.103291588002297
SGL_RS06340,SGL_RS17125,0.103282277731216
SGL_RS10820,SGL_RS12735,0.103278574404587
SGL_RS17760,SGL_RS07435,0.10326666703325
SGL_RS10605,SGL_RS03455,0.103254583217957
SGL_RS15210,SGL_RS15900,0.103245929469416
SGL_RS13820,SGL_RS13815,0.103245426272609
SGL_RS16495,SGL_RS07500,0.103231508068593
SGL_RS10605,SGL_RS11075,0.103199130655857
SGL_RS04055,SGL_RS08635,0.103187457349968
SGL_RS15805,SGL_RS12705,0.103186950819688
SGL_RS11370,SGL_RS13785,0.103173293551411
SGL_RS00515,SGL_RS07115,0.10317105169119
SGL_RS08210,SGL_RS10575,0.10316026996905
SGL_RS00670,SGL_RS01815,0.103159136469012
SGL_RS11370,SGL_RS13555,0.103139325164391
SGL_RS15805,SGL_RS10795,0.103127739227812
SGL_RS12595,SGL_RS10575,0.103100113832874
SGL_RS12005,SGL_RS14810,0.103085720116554
SGL_RS08210,SGL_RS14300,0.103079392172256
SGL_RS08210,SGL_RS10075,0.103052035067727
SGL_RS02990,SGL_RS19945,0.103024602130638
SGL_RS10605,SGL_RS04260,0.102977855829859
SGL_RS15805,SGL_RS08185,0.10297237568024
SGL_RS07730,SGL_RS14070,0.102945244421729
SGL_RS12430,SGL_RS03210,0.102943942278533
SGL_RS00515,SGL_RS00565,0.102886870540179
SGL_RS15805,SGL_RS11850,0.102869315380082
SGL_RS15965,SGL_RS14365,0.10286657037344
SGL_RS00400,SGL_RS11930,0.102862749094813
SGL_RS14610,SGL_RS04040,0.10282376148844
SGL_RS15805,SGL_RS14080,0.102791968302202
SGL_RS00670,SGL_RS05205,0.102762353825624
SGL_RS06215,SGL_RS15595,0.102761766972038
SGL_RS08500,SGL_RS06695,0.102754207648359
SGL_RS12430,SGL_RS12525,0.102750018925328
SGL_RS08835,SGL_RS04475,0.102748187669472
SGL_RS00320,SGL_RS03915,0.102726816003747
SGL_RS12430,SGL_RS11755,0.102700537982879
SGL_RS06410,SGL_RS04160,0.102682687629137
SGL_RS02990,SGL_RS02510,0.102681270421264
SGL_RS17760,SGL_RS12190,0.10267827328699
SGL_RS15805,SGL_RS18280,0.102674898718759
SGL_RS11985,SGL_RS15850,0.102659700741649
SGL_RS17760,SGL_RS00750,0.102650789538555
SGL_RS15805,SGL_RS18355,0.10263677899546
SGL_RS01955,SGL_RS04220,0.102630484061097
SGL_RS00400,SGL_RS18635,0.102581784008811
SGL_RS12430,SGL_RS07055,0.102575838458245
SGL_RS12430,SGL_RS12975,0.102567754577358
SGL_RS15805,SGL_RS16630,0.102548040461747
SGL_RS15965,SGL_RS08325,0.102536297545133
SGL_RS04055,SGL_RS19620,0.102528342671191
SGL_RS03065,SGL_RS04810,0.1025262504795
SGL_RS12540,SGL_RS12750,0.10251694482775
SGL_RS00400,SGL_RS01320,0.102515035263739
SGL_RS12430,SGL_RS10955,0.102446468594136
SGL_RS06215,SGL_RS04850,0.102443828774689
SGL_RS04055,SGL_RS07570,0.102421417936487
SGL_RS15805,SGL_RS08755,0.102420045094617
SGL_RS01955,SGL_RS00485,0.102413441410053
SGL_RS00075,SGL_RS00695,0.102402737273916
SGL_RS04450,SGL_RS04200,0.102383865080322
SGL_RS13820,SGL_RS05425,0.102332147114391
SGL_RS01980,SGL_RS03645,0.102303236182822
SGL_RS17760,SGL_RS02930,0.102285289846759
SGL_RS13130,SGL_RS13925,0.102274956494977
SGL_RS14540,SGL_RS03515,0.102272547831612
SGL_RS06340,SGL_RS17270,0.102269576222831
SGL_RS16495,SGL_RS16570,0.102220769150786
SGL_RS02470,SGL_RS07560,0.102219666162352
SGL_RS15245,SGL_RS10490,0.10221166067547
SGL_RS06215,SGL_RS01885,0.102198837810353
SGL_RS10820,SGL_RS04205,0.10218442215296
SGL_RS00515,SGL_RS00050,0.102175076619013
SGL_RS01980,SGL_RS07445,0.10217011497953
SGL_RS00400,SGL_RS00175,0.102124280109466
SGL_RS17395,SGL_RS11025,0.102104961049812
SGL_RS12430,SGL_RS01920,0.102101183786469
SGL_RS04450,SGL_RS05660,0.102098441636775
SGL_RS12430,SGL_RS03460,0.102092088982774
SGL_RS01980,SGL_RS00320,0.102083075826835
SGL_RS17245,SGL_RS14600,0.102068643115793
SGL_RS10820,SGL_RS05335,0.102068514339461
SGL_RS06410,SGL_RS07385,0.102064966994517
SGL_RS00400,SGL_RS11180,0.102060894868691
SGL_RS15805,SGL_RS07535,0.102057523838891
SGL_RS00400,SGL_RS04280,0.102057143001088
SGL_RS16165,SGL_RS01410,0.10205001826395
SGL_RS07535,SGL_RS06240,0.102041079426564
SGL_RS12005,SGL_RS12160,0.102040394363473
SGL_RS04055,SGL_RS04505,0.102027794809672
SGL_RS04725,SGL_RS09075,0.102016048605161
SGL_RS06410,SGL_RS11340,0.102000951613788
SGL_RS17395,SGL_RS17455,0.101981948761575
SGL_RS08500,SGL_RS04865,0.101957045934219
SGL_RS01255,SGL_RS02030,0.101945519621142
SGL_RS14540,SGL_RS09290,0.101921881335512
SGL_RS00400,SGL_RS00235,0.101911227415264
SGL_RS15245,SGL_RS16030,0.101909195362068
SGL_RS06410,SGL_RS05925,0.101897596240832
SGL_RS00075,SGL_RS17585,0.101894497023463
SGL_RS15210,SGL_RS02890,0.101873309739604
SGL_RS00400,SGL_RS00270,0.10184968896628
SGL_RS15210,SGL_RS04385,0.101834093945316
SGL_RS12430,SGL_RS11495,0.101816810319444
SGL_RS06480,SGL_RS18205,0.101807654035577
SGL_RS10605,SGL_RS02530,0.101807237869283
SGL_RS17395,SGL_RS02805,0.101807021017028
SGL_RS15805,SGL_RS11655,0.101798574836959
SGL_RS15210,SGL_RS04530,0.101791501555288
SGL_RS15805,SGL_RS02530,0.10176187479126
SGL_RS02470,SGL_RS10500,0.101754424776314
SGL_RS00320,SGL_RS00375,0.101751427655266
SGL_RS12595,SGL_RS03175,0.101739289450492
SGL_RS06215,SGL_RS12000,0.101723584925206
SGL_RS15805,SGL_RS12030,0.101722246141179
SGL_RS15210,SGL_RS18115,0.101707315624765
SGL_RS10820,SGL_RS03120,0.101693567231189
SGL_RS12430,SGL_RS10155,0.10169136967436
SGL_RS12430,SGL_RS15445,0.101684434150885
SGL_RS00455,SGL_RS01095,0.101679887081272
SGL_RS00400,SGL_RS03040,0.101663681588399
SGL_RS04450,SGL_RS07120,0.101661794882411
SGL_RS00320,SGL_RS08690,0.101658553441111
SGL_RS04055,SGL_RS02800,0.101650162282407
SGL_RS09285,SGL_RS17230,0.101639412507041
SGL_RS15805,SGL_RS10145,0.101626221498608
SGL_RS04450,SGL_RS05730,0.101621441835358
SGL_RS13820,SGL_RS07290,0.10161291117223
SGL_RS10820,SGL_RS13590,0.101595034830029
SGL_RS18290,SGL_RS17850,0.101586637406205
SGL_RS17760,SGL_RS16390,0.101585933115171
SGL_RS04055,SGL_RS02805,0.101551373281003
SGL_RS15805,SGL_RS03450,0.101548223229047
SGL_RS06340,SGL_RS13970,0.101538649931558
SGL_RS12430,SGL_RS07145,0.101525827485567
SGL_RS15210,SGL_RS07595,0.10150843540749
SGL_RS15805,SGL_RS05175,0.10149170733895
SGL_RS17760,SGL_RS11595,0.101455010970745
SGL_RS04725,SGL_RS14285,0.101453721444725
SGL_RS15805,SGL_RS14465,0.101439585384439
SGL_RS14540,SGL_RS13730,0.101424095421022
SGL_RS00455,SGL_RS03635,0.101419008647742
SGL_RS09285,SGL_RS11220,0.101414977672335
SGL_RS06410,SGL_RS09805,0.101414912914433
SGL_RS01955,SGL_RS10370,0.101411215126852
SGL_RS10605,SGL_RS19715,0.10140451551773
SGL_RS00075,SGL_RS00305,0.101397240673595
SGL_RS04055,SGL_RS14950,0.101388475478651
SGL_RS07740,SGL_RS07555,0.101383247492524
SGL_RS01955,SGL_RS18115,0.101380086360555
SGL_RS00075,SGL_RS09570,0.101373519167345
SGL_RS17760,SGL_RS08270,0.101363916180255
SGL_RS12005,SGL_RS15195,0.101359297053839
SGL_RS08500,SGL_RS02630,0.101357925205501
SGL_RS10820,SGL_RS09310,0.101315344665536
SGL_RS15805,SGL_RS13445,0.101299594127664
SGL_RS06480,SGL_RS12120,0.101296535391329
SGL_RS08835,SGL_RS11930,0.101294826418144
SGL_RS16165,SGL_RS16135,0.101289484407017
SGL_RS01625,SGL_RS01620,0.1012789803075
SGL_RS10820,SGL_RS10735,0.101268290652899
SGL_RS15805,SGL_RS02095,0.101248215555303
SGL_RS09285,SGL_RS17415,0.101248023704102
SGL_RS16495,SGL_RS11765,0.101246698920183
SGL_RS13130,SGL_RS05395,0.10124310756133
SGL_RS00075,SGL_RS00385,0.101229046777956
SGL_RS15210,SGL_RS08585,0.101215698804719
SGL_RS15805,SGL_RS13435,0.101209129501998
SGL_RS09285,SGL_RS16505,0.101204986653184
SGL_RS15805,SGL_RS16805,0.101196863655916
SGL_RS11370,SGL_RS07185,0.101195664194855
SGL_RS00455,SGL_RS01585,0.10119428954677
SGL_RS10820,SGL_RS02845,0.101190969265404
SGL_RS00320,SGL_RS20180,0.101184523332069
SGL_RS15965,SGL_RS11250,0.101180093277685
SGL_RS15965,SGL_RS07075,0.10117391921241
SGL_RS07740,SGL_RS06050,0.10115667089265
SGL_RS12430,SGL_RS05440,0.101114744395251
SGL_RS00515,SGL_RS03720,0.101112248606743
SGL_RS11370,SGL_RS13385,0.101099881479424
SGL_RS17245,SGL_RS10505,0.101099040920099
SGL_RS12595,SGL_RS06605,0.101094986770415
SGL_RS09285,SGL_RS15305,0.101085904569152
SGL_RS15965,SGL_RS16180,0.101084632817738
SGL_RS12595,SGL_RS07665,0.101046875818506
SGL_RS14385,SGL_RS15805,0.10102400881967
SGL_RS12430,SGL_RS04550,0.101017410134467
SGL_RS10605,SGL_RS08505,0.100999320795948
SGL_RS12595,SGL_RS02455,0.100985613748784
SGL_RS10820,SGL_RS00150,0.100982944397271
SGL_RS12430,SGL_RS07810,0.100963138542162
SGL_RS00400,SGL_RS01630,0.100948209016623
SGL_RS12430,SGL_RS12165,0.100945202983309
SGL_RS15965,SGL_RS00360,0.100942844054611
SGL_RS00455,SGL_RS09565,0.100915180195843
SGL_RS09285,SGL_RS15300,0.100900200626246
SGL_RS15805,SGL_RS17130,0.100862787609176
SGL_RS12595,SGL_RS14065,0.100861127416186
SGL_RS12430,SGL_RS10610,0.100860495576776
SGL_RS09285,SGL_RS18160,0.100854678032368
SGL_RS08210,SGL_RS10270,0.100844573566916
SGL_RS09285,SGL_RS16630,0.100840469452324
SGL_RS10820,SGL_RS04415,0.100818718749197
SGL_RS16080,SGL_RS20150,0.100815737344978
SGL_RS10820,SGL_RS09080,0.100806782724847
SGL_RS15805,SGL_RS09375,0.100804797289638
SGL_RS12430,SGL_RS13455,0.100800058564748
SGL_RS08210,SGL_RS16895,0.10078050453522
SGL_RS15805,SGL_RS09870,0.100774395753521
SGL_RS12595,SGL_RS12975,0.100765011065146
SGL_RS12005,SGL_RS13215,0.100757515348223
SGL_RS13130,SGL_RS09825,0.100752614946111
SGL_RS00320,SGL_RS03220,0.100732872323619
SGL_RS07975,SGL_RS07430,0.10072272306521
SGL_RS15805,SGL_RS03115,0.100716973320589
SGL_RS16080,SGL_RS00100,0.100706258501717
SGL_RS15805,SGL_RS19970,0.100689723406427
SGL_RS10605,SGL_RS13230,0.100685503474767
SGL_RS01980,SGL_RS05070,0.100685208292419
SGL_RS12430,SGL_RS12450,0.100683485724601
SGL_RS00455,SGL_RS08290,0.100671832987235
SGL_RS00515,SGL_RS06930,0.100663089356189
SGL_RS06215,SGL_RS05710,0.100653679616439
SGL_RS10820,SGL_RS02600,0.100652401401029
SGL_RS01980,SGL_RS02140,0.100640308544657
SGL_RS09285,SGL_RS12760,0.100627945704028
SGL_RS17760,SGL_RS00915,0.100616860474768
SGL_RS12430,SGL_RS14550,0.100591266455029
SGL_RS14610,SGL_RS07700,0.100586385978149
SGL_RS17395,SGL_RS11840,0.100585869392713
SGL_RS08835,SGL_RS05525,0.100577383142575
SGL_RS15805,SGL_RS09820,0.100563960653861
SGL_RS02990,SGL_RS11000,0.100551761833095
SGL_RS12595,SGL_RS13190,0.100551248780575
SGL_RS00400,SGL_RS00655,0.100542436377875
SGL_RS12430,SGL_RS15075,0.10054143148889
SGL_RS15805,SGL_RS10430,0.100540532313809
SGL_RS10605,SGL_RS14570,0.100535510851051
SGL_RS09285,SGL_RS05140,0.100525522211547
SGL_RS00515,SGL_RS09970,0.100506627130561
SGL_RS17395,SGL_RS06525,0.100502252065498
SGL_RS10820,SGL_RS08675,0.100502163074681
SGL_RS14540,SGL_RS02705,0.100498360902126
SGL_RS06340,SGL_RS07760,0.100495272847948
SGL_RS12430,SGL_RS09250,0.100493681640505
SGL_RS12540,SGL_RS04110,0.100485735082661
SGL_RS01215,SGL_RS19695,0.100480565356409
SGL_RS15210,SGL_RS02885,0.10046698131596
SGL_RS15805,SGL_RS17735,0.100464010954501
SGL_RS01625,SGL_RS08885,0.100459878178748
SGL_RS10605,SGL_RS06370,0.100453881100517
SGL_RS10820,SGL_RS00910,0.100452286322201
SGL_RS08210,SGL_RS11845,0.100450916101584
SGL_RS07730,SGL_RS01120,0.100440072482728
SGL_RS07730,SGL_RS16715,0.10042366014428
SGL_RS13130,SGL_RS14290,0.100421394626956
SGL_RS00670,SGL_RS00775,0.100402807975367
SGL_RS08835,SGL_RS10705,0.100401880978894
SGL_RS17395,SGL_RS05450,0.100401294784709
SGL_RS15965,SGL_RS14845,0.100385312336305
SGL_RS09285,SGL_RS02360,0.100381015548482
SGL_RS10820,SGL_RS10730,0.100373258356361
SGL_RS04055,SGL_RS07530,0.100355751615921
SGL_RS08835,SGL_RS02945,0.100347457418523
SGL_RS01980,SGL_RS00975,0.10033585290174
SGL_RS12005,SGL_RS11170,0.100335779001248
SGL_RS06410,SGL_RS04540,0.100317944918056
SGL_RS00400,SGL_RS00340,0.100309182163997
SGL_RS15210,SGL_RS14355,0.10030272107454
SGL_RS10820,SGL_RS13040,0.100301159865873
SGL_RS05150,SGL_RS14455,0.10028120726571
SGL_RS08520,SGL_RS19435,0.10025730088637
SGL_RS10820,SGL_RS02930,0.100247537049231
SGL_RS17395,SGL_RS11835,0.100242931431324
SGL_RS08210,SGL_RS15345,0.100240409962868
SGL_RS15805,SGL_RS10605,0.100239265152995
SGL_RS12595,SGL_RS10155,0.100221277630798
SGL_RS02990,SGL_RS12490,0.100204137912344
SGL_RS15805,SGL_RS13320,0.100182420260753
SGL_RS08210,SGL_RS09420,0.100162241188409
SGL_RS17440,SGL_RS06720,0.100162225037066
SGL_RS00400,SGL_RS16235,0.10014541419902
SGL_RS00515,SGL_RS19760,0.100127898438656
SGL_RS15965,SGL_RS06075,0.100119867056854
SGL_RS11985,SGL_RS13260,0.100107189454626
SGL_RS10820,SGL_RS06145,0.100043428474297
SGL_RS14540,SGL_RS06265,0.100024726649501
SGL_RS00670,SGL_RS00735,0.100013386723438
SGL_RS00400,SGL_RS01840,0.100007280112365
SGL_RS15965,SGL_RS15725,0.0999997882535587
SGL_RS12430,SGL_RS15390,0.0999938889383907
SGL_RS01215,SGL_RS01355,0.0999881166982528
SGL_RS02470,SGL_RS07010,0.0999813448615597
SGL_RS01955,SGL_RS10705,0.0999729882747032
SGL_RS15805,SGL_RS17290,0.0999530513905375
SGL_RS10605,SGL_RS13660,0.099937752642303
SGL_RS15805,SGL_RS10650,0.0999375640836403
SGL_RS12595,SGL_RS11795,0.0999322469892492
SGL_RS06410,SGL_RS13990,0.0999294316490056
SGL_RS12430,SGL_RS13380,0.0999272192715027
SGL_RS01980,SGL_RS00075,0.0999157632880714
SGL_RS03065,SGL_RS17015,0.0998796247248509
SGL_RS12595,SGL_RS08915,0.0998154630447512
SGL_RS15805,SGL_RS04245,0.099807144187725
SGL_RS14385,SGL_RS11425,0.0998060243191596
SGL_RS15805,SGL_RS14860,0.0998052996751288
SGL_RS08500,SGL_RS05980,0.0998005703696598
SGL_RS14610,SGL_RS15065,0.0997821502857579
SGL_RS01980,SGL_RS11010,0.0997805161661251
SGL_RS01255,SGL_RS00980,0.0997542277633874
SGL_RS15965,SGL_RS04155,0.0997387567082034
SGL_RS08210,SGL_RS14550,0.0997209887092216
SGL_RS12595,SGL_RS14315,0.0997147821896343
SGL_RS17395,SGL_RS10510,0.0996964393076123
SGL_RS00400,SGL_RS01865,0.0996923378747729
SGL_RS00320,SGL_RS17210,0.0996884311805249
SGL_RS16165,SGL_RS19380,0.0996882116412142
SGL_RS12430,SGL_RS08780,0.0996869531655163
SGL_RS00075,SGL_RS00355,0.0996561129859639
SGL_RS17395,SGL_RS13100,0.099652377107193
SGL_RS18290,SGL_RS03490,0.0996493580625737
SGL_RS12430,SGL_RS04015,0.0996170852912629
SGL_RS11370,SGL_RS12205,0.0996085359388073
SGL_RS01980,SGL_RS03675,0.0996056736452298
SGL_RS00075,SGL_RS00110,0.0996021409999701
SGL_RS01955,SGL_RS16465,0.0996018590208579
SGL_RS00670,SGL_RS01060,0.0995984029932569
SGL_RS15805,SGL_RS08055,0.0995882690325653
SGL_RS15805,SGL_RS13890,0.0995859965663189
SGL_RS01980,SGL_RS02325,0.0995823939137874
SGL_RS00670,SGL_RS00475,0.0995776212854824
SGL_RS17760,SGL_RS14830,0.0995714966833114
SGL_RS01625,SGL_RS09870,0.0995701322850485
SGL_RS00320,SGL_RS16855,0.0995655920547538
SGL_RS16080,SGL_RS13075,0.0995486045492357
SGL_RS08210,SGL_RS07535,0.0995392925665768
SGL_RS02990,SGL_RS12155,0.0995381817812074
SGL_RS12430,SGL_RS11510,0.099528858360626
SGL_RS11985,SGL_RS13655,0.0995146115678287
SGL_RS01955,SGL_RS13525,0.099510763258172
SGL_RS00455,SGL_RS03715,0.0994899155044459
SGL_RS00400,SGL_RS00180,0.0994765755182157
SGL_RS00400,SGL_RS03670,0.0994692107038516
SGL_RS00455,SGL_RS08300,0.099465888345052
SGL_RS12430,SGL_RS10650,0.0994480001360499
SGL_RS15805,SGL_RS07810,0.0994472145147773
SGL_RS12430,SGL_RS04100,0.099385468449429
SGL_RS06215,SGL_RS05940,0.0993780112448876
SGL_RS00400,SGL_RS09550,0.0993777677080916
SGL_RS11370,SGL_RS16925,0.0993758084617817
SGL_RS12430,SGL_RS16600,0.0993740817548622
SGL_RS17395,SGL_RS10625,0.0993706946616746
SGL_RS10605,SGL_RS18060,0.0993658188211015
SGL_RS14385,SGL_RS03125,0.0993602392520666
SGL_RS00400,SGL_RS08350,0.099358633801159
SGL_RS16080,SGL_RS09240,0.099357423145529
SGL_RS08835,SGL_RS17775,0.0993409852143056
SGL_RS15805,SGL_RS03805,0.0993398249549815
SGL_RS12430,SGL_RS03450,0.0993241218164969
SGL_RS12430,SGL_RS06540,0.0993187666115301
SGL_RS12430,SGL_RS06690,0.09931747147045
SGL_RS07740,SGL_RS04830,0.0992957135614454
SGL_RS12430,SGL_RS05555,0.0992884763997627
SGL_RS12005,SGL_RS13205,0.0992851467139712
SGL_RS08500,SGL_RS18100,0.0992827587415048
SGL_RS04725,SGL_RS15030,0.099269862270267
SGL_RS01980,SGL_RS09050,0.0992606613090301
SGL_RS15805,SGL_RS10615,0.0992603239836052
SGL_RS17395,SGL_RS13850,0.0992340895790138
SGL_RS13130,SGL_RS16905,0.0992287248719216
SGL_RS11370,SGL_RS17380,0.0992123673449799
SGL_RS16165,SGL_RS16140,0.0992116988982782
SGL_RS12430,SGL_RS12595,0.0991942574254182
SGL_RS10605,SGL_RS04765,0.0991925388544633
SGL_RS15210,SGL_RS08525,0.0991882863685788
SGL_RS06080,SGL_RS19565,0.0991866534123199
SGL_RS14540,SGL_RS16355,0.0991792144354278
SGL_RS04450,SGL_RS10565,0.099177629030601
SGL_RS16165,SGL_RS11180,0.0991634314573228
SGL_RS08500,SGL_RS17050,0.0991591043251542
SGL_RS15805,SGL_RS12175,0.0991572636590918
SGL_RS04055,SGL_RS12470,0.0991269211771723
SGL_RS00075,SGL_RS13595,0.0991253132187574
SGL_RS03065,SGL_RS07650,0.0991170543007307
SGL_RS15210,SGL_RS02670,0.0991163534058112
SGL_RS04055,SGL_RS12335,0.0991115988671206
SGL_RS15805,SGL_RS05440,0.0990984372366614
SGL_RS04055,SGL_RS17345,0.0990949401551525
SGL_RS01255,SGL_RS00950,0.0990847267817441
SGL_RS16495,SGL_RS09675,0.0990665364575858
SGL_RS12430,SGL_RS02665,0.0990660996083642
SGL_RS00400,SGL_RS01715,0.0990634365051297
SGL_RS00075,SGL_RS18875,0.0990455640212597
SGL_RS00320,SGL_RS17385,0.0990149551794067
SGL_RS06080,SGL_RS16195,0.0990052949274008
SGL_RS17760,SGL_RS01370,0.0989861410033064
SGL_RS02020,SGL_RS18340,0.0989851825623184
SGL_RS01980,SGL_RS12630,0.0989774836502529
SGL_RS10605,SGL_RS13435,0.0989484235418694
SGL_RS00400,SGL_RS16275,0.0989438257760446
SGL_RS12595,SGL_RS10960,0.0989432116260857
SGL_RS16080,SGL_RS19865,0.0989415336216858
SGL_RS06080,SGL_RS06910,0.0989230505829675
SGL_RS09285,SGL_RS10165,0.0989166564019049
SGL_RS06215,SGL_RS11525,0.0989122665546899
SGL_RS12430,SGL_RS10655,0.098910536544163
SGL_RS06215,SGL_RS02830,0.0989090277636146
SGL_RS04725,SGL_RS17535,0.098906647797609
SGL_RS15210,SGL_RS10980,0.0988947879183969
SGL_RS18290,SGL_RS05100,0.0988753520841378
SGL_RS10605,SGL_RS20085,0.0988695346863661
SGL_RS15805,SGL_RS14460,0.0988599359786787
SGL_RS04055,SGL_RS03480,0.0988469565431653
SGL_RS15805,SGL_RS11995,0.0988358801808313
SGL_RS10820,SGL_RS05030,0.0988350179919946
SGL_RS15805,SGL_RS09860,0.0988238168111654
SGL_RS12430,SGL_RS13390,0.0988049812199602
SGL_RS00670,SGL_RS00105,0.098804248663433
SGL_RS16165,SGL_RS00510,0.0987991106510829
SGL_RS06480,SGL_RS13450,0.0987798409354107
SGL_RS13820,SGL_RS11005,0.0987793385566394
SGL_RS14385,SGL_RS17630,0.0987587757967693
SGL_RS12005,SGL_RS03865,0.098751515185776
SGL_RS16495,SGL_RS15880,0.0987487394748671
SGL_RS06410,SGL_RS04740,0.0987345809399052
SGL_RS06410,SGL_RS14355,0.0987341435919004
SGL_RS12430,SGL_RS02780,0.0987318086716169
SGL_RS08835,SGL_RS15910,0.0987121619851642
SGL_RS15245,SGL_RS13105,0.0987115351702075
SGL_RS04450,SGL_RS09665,0.0987097008769387
SGL_RS11285,SGL_RS15920,0.0987002886268651
SGL_RS00455,SGL_RS03630,0.0986829723863296
SGL_RS04725,SGL_RS18090,0.0986657940805597
SGL_RS14540,SGL_RS07180,0.0986525704731173
SGL_RS10605,SGL_RS03310,0.0986437647483512
SGL_RS01255,SGL_RS00795,0.098615788912101
SGL_RS06080,SGL_RS04630,0.098607327591548
SGL_RS00400,SGL_RS02950,0.0985980435551593
SGL_RS12430,SGL_RS13530,0.0985943032820342
SGL_RS17245,SGL_RS16710,0.0985906178537038
SGL_RS08080,SGL_RS04995,0.0985845037008439
SGL_RS09285,SGL_RS18425,0.0985831880644143
SGL_RS08165,SGL_RS08245,0.0985432003189555
SGL_RS15805,SGL_RS12970,0.0985418968936678
SGL_RS08500,SGL_RS14115,0.0985345053147689
SGL_RS09285,SGL_RS16515,0.0985298771994658
SGL_RS00075,SGL_RS17785,0.098513781632921
SGL_RS12430,SGL_RS11330,0.0985065439158753
SGL_RS00400,SGL_RS19675,0.098496310726192
SGL_RS12430,SGL_RS04625,0.0984955053139622
SGL_RS15805,SGL_RS12265,0.098486394206814
SGL_RS14385,SGL_RS19955,0.0984782929018172
SGL_RS17245,SGL_RS03380,0.0984725526658578
SGL_RS16165,SGL_RS17975,0.0984701578848593
SGL_RS00320,SGL_RS14690,0.0984601393944135
SGL_RS09285,SGL_RS04845,0.0984556848036415
SGL_RS17395,SGL_RS09660,0.0984505151546277
SGL_RS15805,SGL_RS06355,0.0984476175477644
SGL_RS00515,SGL_RS16110,0.0984448294216092
SGL_RS11285,SGL_RS18045,0.0984271999073777
SGL_RS15965,SGL_RS12160,0.0984227603782194
SGL_RS12005,SGL_RS04355,0.0984045718376298
SGL_RS16495,SGL_RS15885,0.0983996497033613
SGL_RS12005,SGL_RS00365,0.0983977111701012
SGL_RS06410,SGL_RS07405,0.0983969649900059
SGL_RS15805,SGL_RS12285,0.0983849556222023
SGL_RS13820,SGL_RS17450,0.0983837664442619
SGL_RS08835,SGL_RS14835,0.0983703022312218
SGL_RS10820,SGL_RS05340,0.0983649704343453
SGL_RS15805,SGL_RS04365,0.0983539978294344
SGL_RS01625,SGL_RS07155,0.0983509287554535
SGL_RS12430,SGL_RS07585,0.0983231220446722
SGL_RS00400,SGL_RS17750,0.0983203527093431
SGL_RS04450,SGL_RS15430,0.0983116638973123
SGL_RS00515,SGL_RS00355,0.0982981159860521
SGL_RS10605,SGL_RS15160,0.0982935877856752
SGL_RS15805,SGL_RS20085,0.098283780970858
SGL_RS14385,SGL_RS02095,0.0982702499849162
SGL_RS15805,SGL_RS03175,0.0982663515585384
SGL_RS02020,SGL_RS01960,0.0982504882140165
SGL_RS07535,SGL_RS11415,0.0982307988777738
SGL_RS14385,SGL_RS10615,0.0982304150334954
SGL_RS09285,SGL_RS06035,0.0982094988722167
SGL_RS04055,SGL_RS08240,0.0982093886307043
SGL_RS01980,SGL_RS17695,0.098189085991483
SGL_RS06410,SGL_RS12120,0.0981811712598843
SGL_RS15965,SGL_RS00270,0.0981709338792512
SGL_RS04450,SGL_RS12910,0.0981686647554908
SGL_RS17245,SGL_RS16550,0.0981674601045822
SGL_RS14540,SGL_RS11855,0.0981631172017261
SGL_RS18290,SGL_RS17195,0.0981575323880119
SGL_RS07730,SGL_RS07860,0.0981470348544398
SGL_RS06410,SGL_RS16480,0.098135430855707
SGL_RS00075,SGL_RS02050,0.0981314518692489
SGL_RS01625,SGL_RS05170,0.098104746961727
SGL_RS15210,SGL_RS06770,0.0980784006326085
SGL_RS15965,SGL_RS01060,0.0980764193073379
SGL_RS04725,SGL_RS09790,0.098065786818934
SGL_RS15805,SGL_RS16835,0.0980340080738514
SGL_RS06410,SGL_RS05770,0.0980304750431171
SGL_RS00320,SGL_RS02605,0.098026465694161
SGL_RS10820,SGL_RS11885,0.0980101790699651
SGL_RS17760,SGL_RS05525,0.0980075917250233
SGL_RS00400,SGL_RS19095,0.0979987780134186
SGL_RS12430,SGL_RS02315,0.09799589866594
SGL_RS02990,SGL_RS03800,0.0979838698032911
SGL_RS10605,SGL_RS08630,0.0979828298974544
SGL_RS16495,SGL_RS07720,0.0979773823999682
SGL_RS14385,SGL_RS13640,0.0979703131792332
SGL_RS11985,SGL_RS10825,0.0979686220269709
SGL_RS09285,SGL_RS14565,0.0979665515213785
SGL_RS10820,SGL_RS08270,0.0979572349481026
SGL_RS12430,SGL_RS17465,0.0979567736726474
SGL_RS09285,SGL_RS11090,0.0979478436262282
SGL_RS15805,SGL_RS06020,0.0979430670628025
SGL_RS07730,SGL_RS03895,0.0979353864264805
SGL_RS10605,SGL_RS01655,0.0979301572247731
SGL_RS12595,SGL_RS09110,0.0979297639040641
SGL_RS09285,SGL_RS14870,0.097909043064989
SGL_RS03065,SGL_RS15355,0.0979058559524183
SGL_RS10820,SGL_RS17650,0.0979027278546349
SGL_RS06340,SGL_RS04505,0.0978810486596485
SGL_RS17760,SGL_RS17995,0.0978786702226412
SGL_RS02020,SGL_RS10815,0.0978772611774
SGL_RS15805,SGL_RS20175,0.0978734948195201
SGL_RS12430,SGL_RS11635,0.0978624427468269
SGL_RS00455,SGL_RS01600,0.0978505921565268
SGL_RS08835,SGL_RS07445,0.0978437383487129
SGL_RS11285,SGL_RS13955,0.0978411663945727
SGL_RS04725,SGL_RS02875,0.0978124738591657
SGL_RS00320,SGL_RS09840,0.097798197261656
SGL_RS07740,SGL_RS17545,0.0977970924191529
SGL_RS11370,SGL_RS10930,0.0977941398819662
SGL_RS12430,SGL_RS14660,0.0977930101665348
SGL_RS01980,SGL_RS05530,0.097778782324637
SGL_RS08500,SGL_RS08770,0.0977746513846208
SGL_RS04055,SGL_RS05855,0.0977550338027475
SGL_RS04725,SGL_RS04250,0.0977474371267647
SGL_RS13820,SGL_RS10600,0.0977148777264894
SGL_RS17760,SGL_RS17640,0.0976997222567357
SGL_RS06215,SGL_RS16665,0.0976996804165355
SGL_RS10820,SGL_RS12740,0.0976914152852732
SGL_RS17760,SGL_RS11270,0.0976888987966051
SGL_RS01955,SGL_RS06565,0.0976729716797072
SGL_RS01980,SGL_RS00400,0.0976694256435939
SGL_RS00400,SGL_RS00105,0.0976645722540652
SGL_RS04725,SGL_RS05075,0.0976597376501866
SGL_RS12430,SGL_RS10575,0.0976484244299868
SGL_RS10820,SGL_RS15210,0.09763933933129
SGL_RS08835,SGL_RS14790,0.0976023170580114
SGL_RS06215,SGL_RS06125,0.0975883458703394
SGL_RS04450,SGL_RS11645,0.0975858275423214
SGL_RS04450,SGL_RS10160,0.0975848886269403
SGL_RS00400,SGL_RS00080,0.0975704150289991
SGL_RS04055,SGL_RS15245,0.0975627192989314
SGL_RS10605,SGL_RS07895,0.0975540119104947
SGL_RS15210,SGL_RS05240,0.0975473317349221
SGL_RS06080,SGL_RS16240,0.0975430693859999
SGL_RS07730,SGL_RS04135,0.0975418253717163
SGL_RS15805,SGL_RS04685,0.0975214400249218
SGL_RS04055,SGL_RS07885,0.0975193114011118
SGL_RS15210,SGL_RS08580,0.0975169592935603
SGL_RS12005,SGL_RS00680,0.0975139477796815
SGL_RS01625,SGL_RS13150,0.0975131765448296
SGL_RS07730,SGL_RS09625,0.0974870194057627
SGL_RS00075,SGL_RS00005,0.097474168063406
SGL_RS17245,SGL_RS03445,0.0974691050231083
SGL_RS03065,SGL_RS01920,0.0974626503353853
SGL_RS00320,SGL_RS16970,0.0974598408213471
SGL_RS15805,SGL_RS12355,0.0974518761746015
SGL_RS01625,SGL_RS06565,0.0974450262036339
SGL_RS17395,SGL_RS13970,0.0974356934872144
SGL_RS09285,SGL_RS06800,0.0974207825923084
SGL_RS16495,SGL_RS12225,0.0974204388870082
SGL_RS10605,SGL_RS04680,0.0974168079921346
SGL_RS12430,SGL_RS06450,0.0974081517239023
SGL_RS15965,SGL_RS00440,0.0973994783434167
SGL_RS08165,SGL_RS15050,0.0973994594802782
SGL_RS11285,SGL_RS16905,0.0973984365571157
SGL_RS12595,SGL_RS14920,0.097398280572267
SGL_RS15805,SGL_RS12940,0.0973943299703533
SGL_RS00455,SGL_RS00900,0.0973923226257806
SGL_RS00400,SGL_RS17795,0.0973827628112784
SGL_RS07535,SGL_RS17505,0.0973812290664363
SGL_RS12430,SGL_RS04730,0.0973539578474896
SGL_RS15965,SGL_RS00365,0.0973531986625258
SGL_RS08835,SGL_RS18370,0.0973420305155803
SGL_RS06410,SGL_RS01140,0.0973133107708379
SGL_RS01980,SGL_RS02010,0.0973112515011012
SGL_RS17245,SGL_RS05815,0.0972975819581746
SGL_RS10605,SGL_RS12885,0.0972934088015773
SGL_RS08835,SGL_RS11165,0.0972807183898664
SGL_RS02510,SGL_RS02130,0.0972806623749825
SGL_RS12005,SGL_RS13200,0.0972575702405055
SGL_RS10605,SGL_RS17310,0.0972490955318785
SGL_RS06410,SGL_RS05775,0.0972437575251931
SGL_RS15805,SGL_RS03310,0.0972409500783203
SGL_RS00320,SGL_RS14880,0.0972180363814288
SGL_RS18290,SGL_RS03425,0.0972007716914722
SGL_RS01955,SGL_RS14685,0.0971647062625895
SGL_RS01255,SGL_RS01335,0.0971353840077949
SGL_RS10820,SGL_RS03340,0.0971326089995208
SGL_RS14385,SGL_RS09835,0.0971308579162737
SGL_RS06480,SGL_RS02540,0.0971300101306973
SGL_RS15965,SGL_RS00275,0.097126039435308
SGL_RS01255,SGL_RS04345,0.0971004780012364
SGL_RS12595,SGL_RS12400,0.0970930152727724
SGL_RS15805,SGL_RS13640,0.0970851643769792
SGL_RS04450,SGL_RS05295,0.0970841218882645
SGL_RS17245,SGL_RS13385,0.0970839997814769
SGL_RS12430,SGL_RS06970,0.097083402824318
SGL_RS15210,SGL_RS05670,0.0970668929921634
SGL_RS15965,SGL_RS08405,0.0970474794888095
SGL_RS17245,SGL_RS11920,0.0970368504408363
SGL_RS18290,SGL_RS13715,0.0970293057797872
SGL_RS17760,SGL_RS15860,0.0970120990126243
SGL_RS04820,SGL_RS08895,0.096993156172873
SGL_RS13130,SGL_RS01915,0.0969830778859019
SGL_RS16495,SGL_RS17355,0.0969801420756726
SGL_RS08500,SGL_RS15135,0.0969740159996194
SGL_RS00400,SGL_RS15965,0.096966952424866
SGL_RS15245,SGL_RS01185,0.0969608924284757
SGL_RS15965,SGL_RS02035,0.0969572804097892
SGL_RS00670,SGL_RS06175,0.0969444824322889
SGL_RS02020,SGL_RS10035,0.0969369066398827
SGL_RS12430,SGL_RS07485,0.0969320781766793
SGL_RS06340,SGL_RS17400,0.0969264864762559
SGL_RS12430,SGL_RS05105,0.0969232572520932
SGL_RS00400,SGL_RS00225,0.0969061824838243
SGL_RS10820,SGL_RS16395,0.0969037419302384
SGL_RS12005,SGL_RS05230,0.0968950129072222
SGL_RS15310,SGL_RS07700,0.0968830911921523
SGL_RS06410,SGL_RS15000,0.0968656352667828
SGL_RS07730,SGL_RS16695,0.0968590642566361
SGL_RS04055,SGL_RS10455,0.0968570611503651
SGL_RS08835,SGL_RS08335,0.096852222837066
SGL_RS08500,SGL_RS04875,0.0968415222502232
SGL_RS00400,SGL_RS19370,0.0968372598437481
SGL_RS15965,SGL_RS15165,0.0968249202535193
SGL_RS02470,SGL_RS04320,0.096824073511074
SGL_RS11985,SGL_RS00240,0.0968226091532218
SGL_RS06480,SGL_RS12225,0.0968198163293151
SGL_RS01980,SGL_RS01965,0.0968144663309352
SGL_RS09285,SGL_RS15570,0.0968135342524527
SGL_RS02990,SGL_RS07775,0.0968035791214219
SGL_RS12430,SGL_RS17090,0.0967783653017416
SGL_RS08835,SGL_RS04920,0.0967482303295305
SGL_RS16495,SGL_RS03165,0.0967416742984526
SGL_RS01625,SGL_RS00795,0.0967373976797291
SGL_RS15805,SGL_RS16615,0.0967261824216804
SGL_RS15210,SGL_RS14825,0.0967258601582671
SGL_RS12430,SGL_RS04435,0.0967200055304511
SGL_RS09285,SGL_RS06640,0.0967128645751591
SGL_RS02470,SGL_RS05770,0.0967111748927412
SGL_RS04725,SGL_RS05080,0.0967008749075513
SGL_RS07535,SGL_RS15275,0.0966895071839922
SGL_RS08835,SGL_RS17780,0.0966883775058781
SGL_RS17760,SGL_RS13465,0.0966748408107449
SGL_RS00670,SGL_RS01840,0.0966737604529697
SGL_RS01980,SGL_RS02055,0.0966667445378463
SGL_RS00515,SGL_RS04235,0.096644833541879
SGL_RS10605,SGL_RS15235,0.0966351009905991
SGL_RS15805,SGL_RS06985,0.0966334515945591
SGL_RS06410,SGL_RS14575,0.0966135197545671
SGL_RS15210,SGL_RS02675,0.0966065495127578
SGL_RS17395,SGL_RS09270,0.096597622335407
SGL_RS16495,SGL_RS19060,0.0965936612209839
SGL_RS07730,SGL_RS12310,0.0965930523625197
SGL_RS09285,SGL_RS15290,0.0965780750155931
SGL_RS10820,SGL_RS03905,0.0965585633728638
SGL_RS15805,SGL_RS15855,0.0965534307413635
SGL_RS04450,SGL_RS12850,0.0965339557240791
SGL_RS11370,SGL_RS18020,0.0965309834539763
SGL_RS15210,SGL_RS04405,0.0965263526212677
SGL_RS04055,SGL_RS19765,0.096524595926593
SGL_RS00320,SGL_RS01830,0.0965048151126741
SGL_RS15805,SGL_RS09895,0.096504668952295
SGL_RS12430,SGL_RS15785,0.0964934327108017
SGL_RS06340,SGL_RS17430,0.0964932981847755
SGL_RS16165,SGL_RS17970,0.0964911221195103
SGL_RS06215,SGL_RS05140,0.0964736518852917
SGL_RS07730,SGL_RS07985,0.0964633699333331
SGL_RS11370,SGL_RS07980,0.096459470181506
SGL_RS07730,SGL_RS10315,0.0964564527785569
SGL_RS15210,SGL_RS07245,0.0964409609539995
SGL_RS03065,SGL_RS18030,0.0964355758051328
SGL_RS06215,SGL_RS13135,0.0964268177144616
SGL_RS15965,SGL_RS15935,0.0964199142806216
SGL_RS05150,SGL_RS07930,0.0964083830530874
SGL_RS12430,SGL_RS08170,0.0964048545544496
SGL_RS12595,SGL_RS11845,0.0963918181322146
SGL_RS08835,SGL_RS07450,0.0963844251264194
SGL_RS04450,SGL_RS10930,0.0963798477777095
SGL_RS16495,SGL_RS11865,0.0963769128512954
SGL_RS08500,SGL_RS02960,0.0963649220494754
SGL_RS02990,SGL_RS03850,0.0963559320362407
SGL_RS00400,SGL_RS14735,0.0963550209069019
SGL_RS00455,SGL_RS06825,0.0963460695593254
SGL_RS05150,SGL_RS02185,0.0963452410000406
SGL_RS01980,SGL_RS06060,0.0963328229191508
SGL_RS03065,SGL_RS09850,0.0963204201825047
SGL_RS04450,SGL_RS03760,0.0963144981362093
SGL_RS12430,SGL_RS04285,0.0963032547310011
SGL_RS04055,SGL_RS16970,0.0962946961361198
SGL_RS16495,SGL_RS02085,0.096285857147328
SGL_RS13130,SGL_RS13695,0.0962617847551525
SGL_RS10605,SGL_RS17515,0.0962604512897176
SGL_RS03065,SGL_RS10350,0.0962549118826161
SGL_RS10605,SGL_RS13995,0.096249496742779
SGL_RS09285,SGL_RS20175,0.0962484951003511
SGL_RS17760,SGL_RS15910,0.0962432001372013
SGL_RS15210,SGL_RS13435,0.0962426550691565
SGL_RS08835,SGL_RS17755,0.0962367014260484
SGL_RS15805,SGL_RS17445,0.0962139011041141
SGL_RS01255,SGL_RS16145,0.0962128770143578
SGL_RS12595,SGL_RS13705,0.0962083681450415
SGL_RS15965,SGL_RS15095,0.0961898177296529
SGL_RS01255,SGL_RS00965,0.0961699546838391
SGL_RS06080,SGL_RS19375,0.0961676396741308
SGL_RS15805,SGL_RS14010,0.0961628810237328
SGL_RS00515,SGL_RS00655,0.0961577350577296
SGL_RS16080,SGL_RS03525,0.0961415176800239
SGL_RS15965,SGL_RS00400,0.0961373298980365
SGL_RS03065,SGL_RS06550,0.0961280057263234
SGL_RS14540,SGL_RS15835,0.09612372999892
SGL_RS08210,SGL_RS07025,0.0961111150430133
SGL_RS11370,SGL_RS08745,0.0961110342249157
SGL_RS01215,SGL_RS19310,0.0960869316069799
SGL_RS10605,SGL_RS16625,0.0960838567029613
SGL_RS15210,SGL_RS15670,0.0960794428934785
SGL_RS12430,SGL_RS13885,0.0960732638103943
SGL_RS00455,SGL_RS00350,0.0960572779562287
SGL_RS07975,SGL_RS05550,0.0960318537495155
SGL_RS14385,SGL_RS14335,0.0960237003406526
SGL_RS15805,SGL_RS15070,0.0960133891412997
SGL_RS15965,SGL_RS03620,0.0960110688854791
SGL_RS12005,SGL_RS12070,0.0960104788390902
SGL_RS01980,SGL_RS00480,0.0960088732410296
SGL_RS00515,SGL_RS00230,0.096001869193751
SGL_RS17760,SGL_RS15670,0.0959922305081179
SGL_RS10605,SGL_RS10830,0.0959898748021767
SGL_RS10820,SGL_RS06375,0.0959796091731916
SGL_RS00400,SGL_RS04145,0.0959784385713496
SGL_RS12540,SGL_RS04770,0.0959779577359635
SGL_RS10755,SGL_RS06080,0.0959749532010526
SGL_RS12595,SGL_RS02595,0.0959725095825059
SGL_RS12430,SGL_RS07880,0.0959626248655725
SGL_RS08835,SGL_RS13210,0.0959619393859037
SGL_RS06080,SGL_RS10755,0.0959575472160686
SGL_RS15965,SGL_RS12085,0.0959542440529065
SGL_RS15805,SGL_RS15235,0.0959414201772459
SGL_RS17395,SGL_RS12050,0.0959243736467892
SGL_RS01215,SGL_RS01255,0.0959114107662161
SGL_RS02470,SGL_RS15100,0.0958728294577505
SGL_RS04450,SGL_RS09160,0.0958710537284186
SGL_RS11285,SGL_RS13130,0.0958528426288573
SGL_RS08500,SGL_RS14285,0.095850968149888
SGL_RS13820,SGL_RS07485,0.0958493413946616
SGL_RS10820,SGL_RS10700,0.0958105578938622
SGL_RS15965,SGL_RS03625,0.0957879658106026
SGL_RS09285,SGL_RS08755,0.0957857432170598
SGL_RS03065,SGL_RS11560,0.0957723038566915
SGL_RS16495,SGL_RS06000,0.0957637384967263
SGL_RS03065,SGL_RS08465,0.0957593114210262
SGL_RS08835,SGL_RS12565,0.0957564050674588
SGL_RS05150,SGL_RS17980,0.0957538956253171
SGL_RS01215,SGL_RS01285,0.0956961111398734
SGL_RS00455,SGL_RS01055,0.0956847344986038
SGL_RS00400,SGL_RS06175,0.0956586272728815
SGL_RS17760,SGL_RS11675,0.0956569356156776
SGL_RS08835,SGL_RS13825,0.095633208945219
SGL_RS04615,SGL_RS03325,0.0956303945956546
SGL_RS15805,SGL_RS11075,0.095625036483462
SGL_RS01980,SGL_RS07450,0.0956181279233269
SGL_RS12595,SGL_RS13900,0.0956177969378128
SGL_RS17245,SGL_RS11125,0.0956132121319856
SGL_RS08520,SGL_RS14690,0.0956057051075656
SGL_RS15245,SGL_RS08440,0.095576692255164
SGL_RS03065,SGL_RS04710,0.0955743563973778
SGL_RS15965,SGL_RS04325,0.0955707249481293
SGL_RS01955,SGL_RS13985,0.0955626913758309
SGL_RS02470,SGL_RS05775,0.0955492016621772
SGL_RS15245,SGL_RS17075,0.0955419578761601
SGL_RS04820,SGL_RS07775,0.0955390198476763
SGL_RS04725,SGL_RS03120,0.0955381942710068
SGL_RS06215,SGL_RS12735,0.0955337295497277
SGL_RS12595,SGL_RS08170,0.0955232550576338
SGL_RS08835,SGL_RS15465,0.0955220171760503
SGL_RS09285,SGL_RS15805,0.0955133890775501
SGL_RS15965,SGL_RS04925,0.0955080364599537
SGL_RS06215,SGL_RS18315,0.0955043229482332
SGL_RS12595,SGL_RS15350,0.0954972969922731
SGL_RS17395,SGL_RS05970,0.0954935446190921
SGL_RS10605,SGL_RS19725,0.0954899729330575
SGL_RS17760,SGL_RS04290,0.0954875121302367
SGL_RS15965,SGL_RS00390,0.0954798934295902
SGL_RS15805,SGL_RS05665,0.0954773305312627
SGL_RS04055,SGL_RS02900,0.095454068370678
SGL_RS17760,SGL_RS04285,0.0954206913873949
SGL_RS15210,SGL_RS01800,0.0954152609810614
SGL_RS01980,SGL_RS00085,0.0953940720331774
SGL_RS14610,SGL_RS11105,0.0953910886604177
SGL_RS04725,SGL_RS15655,0.0953851506870213
SGL_RS15965,SGL_RS03020,0.095383974939338
SGL_RS00515,SGL_RS04960,0.0953720355691298
SGL_RS17760,SGL_RS16155,0.0953591998598109
SGL_RS01625,SGL_RS14005,0.095350413025285
SGL_RS06340,SGL_RS18325,0.0953451887717671
SGL_RS08500,SGL_RS15170,0.0953307950383129
SGL_RS00400,SGL_RS19430,0.0953303994484907
SGL_RS01215,SGL_RS00880,0.0953283871990753
SGL_RS15965,SGL_RS18250,0.0953271721482008
SGL_RS15245,SGL_RS11505,0.0953128132057732
SGL_RS02470,SGL_RS05830,0.0953082247694371
SGL_RS00455,SGL_RS03655,0.0952984602365185
SGL_RS14385,SGL_RS14250,0.0952939888757137
SGL_RS15805,SGL_RS03395,0.0952913572307727
SGL_RS12005,SGL_RS01130,0.095275160095652
SGL_RS06215,SGL_RS02590,0.0952532464106448
SGL_RS15965,SGL_RS00680,0.0952381681791585
SGL_RS11285,SGL_RS04860,0.0952191715212148
SGL_RS15965,SGL_RS11865,0.095214384768169
SGL_RS00400,SGL_RS00135,0.0951854415120164
SGL_RS00400,SGL_RS00730,0.0951831521238349
SGL_RS04725,SGL_RS17045,0.0951671930653748
SGL_RS07730,SGL_RS19470,0.095146750880735
SGL_RS04615,SGL_RS07205,0.0951467145633124
SGL_RS07975,SGL_RS05080,0.0951297692537752
SGL_RS01980,SGL_RS07935,0.0951002275096624
SGL_RS10820,SGL_RS07330,0.095086459589919
SGL_RS13130,SGL_RS16880,0.0950837135057584
SGL_RS15805,SGL_RS07195,0.0950775534515567
SGL_RS15805,SGL_RS07805,0.0950309450923768
SGL_RS02990,SGL_RS09350,0.0950233740485736
SGL_RS15245,SGL_RS12310,0.0950149634237648
SGL_RS03065,SGL_RS10555,0.0950119564011645
SGL_RS17395,SGL_RS19985,0.0950108370222205
SGL_RS10820,SGL_RS08850,0.0950006222509654
SGL_RS11985,SGL_RS13595,0.0949984762241129
SGL_RS12430,SGL_RS04650,0.0949972751065913
SGL_RS09285,SGL_RS10430,0.0949961037189674
SGL_RS15805,SGL_RS13250,0.0949928174248627
SGL_RS10820,SGL_RS01915,0.0949890660454534
SGL_RS15965,SGL_RS16005,0.0949885018584093
SGL_RS15805,SGL_RS15565,0.0949863420323486
SGL_RS17760,SGL_RS04675,0.0949746584429548
SGL_RS10605,SGL_RS09985,0.0949709067458403
SGL_RS10605,SGL_RS02155,0.094962377680355
SGL_RS00320,SGL_RS00040,0.094960412476158
SGL_RS01980,SGL_RS16385,0.0949572196470271
SGL_RS10820,SGL_RS14695,0.0949511626735267
SGL_RS13130,SGL_RS18290,0.0949481488217606
SGL_RS15210,SGL_RS07395,0.0949420907824259
SGL_RS15245,SGL_RS11295,0.0949095843243655
SGL_RS04450,SGL_RS11520,0.0949085569254376
SGL_RS17760,SGL_RS18225,0.0949069509738702
SGL_RS12430,SGL_RS08515,0.0948942695176962
SGL_RS08500,SGL_RS02570,0.0948921960645016
SGL_RS14385,SGL_RS07065,0.0948876868693722
SGL_RS15965,SGL_RS00235,0.0948867825017578
SGL_RS00515,SGL_RS04980,0.0948803732007709
SGL_RS04055,SGL_RS10410,0.0948707090643418
SGL_RS04450,SGL_RS18890,0.0948687157030989
SGL_RS11370,SGL_RS04450,0.0948607491433891
SGL_RS17760,SGL_RS16395,0.0948524862874515
SGL_RS16165,SGL_RS16145,0.0948466383510164
SGL_RS08500,SGL_RS14390,0.0948372839587419
SGL_RS12430,SGL_RS02955,0.0948350256739358
SGL_RS13130,SGL_RS10570,0.0948211978304662
SGL_RS18290,SGL_RS02225,0.0947964208128371
SGL_RS15965,SGL_RS02950,0.094788698772441
SGL_RS06340,SGL_RS17390,0.0947869727684808
SGL_RS10820,SGL_RS01570,0.0947570077276916
SGL_RS10605,SGL_RS07630,0.0947550208116475
SGL_RS07730,SGL_RS06945,0.09475179499844
SGL_RS01980,SGL_RS01600,0.0947416857371256
SGL_RS15245,SGL_RS06160,0.0947320259511478
SGL_RS12430,SGL_RS03175,0.0947261615701633
SGL_RS15965,SGL_RS15960,0.0947204140998545
SGL_RS15965,SGL_RS00010,0.0947160919130481
SGL_RS00400,SGL_RS08340,0.0947119645386625
SGL_RS06215,SGL_RS05315,0.094705113794507
SGL_RS15805,SGL_RS06040,0.0947002994485974
SGL_RS08835,SGL_RS05205,0.094695227186075
SGL_RS00455,SGL_RS00470,0.0946919761878241
SGL_RS03065,SGL_RS03060,0.0946918454624877
SGL_RS15805,SGL_RS11650,0.0946917521012244
SGL_RS11285,SGL_RS09720,0.094684962999108
SGL_RS04725,SGL_RS11485,0.0946818099149561
SGL_RS06410,SGL_RS05685,0.0946766955543826
SGL_RS10605,SGL_RS08445,0.0946680246566817
SGL_RS12430,SGL_RS18365,0.0946585417211572
SGL_RS14385,SGL_RS18355,0.0946491954021197
SGL_RS09285,SGL_RS14630,0.0946392223228518
SGL_RS06340,SGL_RS11235,0.0946237763310484
SGL_RS15805,SGL_RS05900,0.0946205027464831
SGL_RS00515,SGL_RS14670,0.0946202816966619
SGL_RS17760,SGL_RS10250,0.0946197680585889
SGL_RS14385,SGL_RS11850,0.0946183096625647
SGL_RS08165,SGL_RS14170,0.0946113295275398
SGL_RS08500,SGL_RS12680,0.0946010917840126
SGL_RS12595,SGL_RS04650,0.0945990880791375
SGL_RS01980,SGL_RS02385,0.0945954608226628
SGL_RS08210,SGL_RS04590,0.0945931671084488
SGL_RS11370,SGL_RS06275,0.0945670361458988
SGL_RS10605,SGL_RS16620,0.0945511494889713
SGL_RS09285,SGL_RS06040,0.0945483051727854
SGL_RS06215,SGL_RS06230,0.0945406216320288
SGL_RS15965,SGL_RS04300,0.0945378511275561
SGL_RS18290,SGL_RS10080,0.0945266798328716
SGL_RS08210,SGL_RS05100,0.0945183088375054
SGL_RS15805,SGL_RS12685,0.0945160253924158
SGL_RS00670,SGL_RS00700,0.0945139507078326
SGL_RS12430,SGL_RS11005,0.0944819831737936
SGL_RS15965,SGL_RS04230,0.0944728531539884
SGL_RS03065,SGL_RS13905,0.0944704464925459
SGL_RS04055,SGL_RS05880,0.094464692483505
SGL_RS10755,SGL_RS01650,0.0944641301730076
SGL_RS14385,SGL_RS14375,0.0944600125500955
SGL_RS06340,SGL_RS19985,0.0944419229443734
SGL_RS12005,SGL_RS04660,0.094432987448536
SGL_RS04450,SGL_RS10990,0.0944105991182156
SGL_RS15965,SGL_RS04225,0.09439034587075
SGL_RS04615,SGL_RS06095,0.0943894193886443
SGL_RS04820,SGL_RS04900,0.0943809997597824
SGL_RS06410,SGL_RS06310,0.0943706490126006
SGL_RS04450,SGL_RS11085,0.0943584373093191
SGL_RS16495,SGL_RS02980,0.0943540408997166
SGL_RS00400,SGL_RS14640,0.0943533006889283
SGL_RS03065,SGL_RS16790,0.0943341325043541
SGL_RS10605,SGL_RS15145,0.0943200351413472
SGL_RS16165,SGL_RS11985,0.0943191629652029
SGL_RS15805,SGL_RS16890,0.0943038342898884
SGL_RS08165,SGL_RS20110,0.0943006126299586
SGL_RS00400,SGL_RS01645,0.094281009198021
SGL_RS12430,SGL_RS06105,0.0942799440027837
SGL_RS00320,SGL_RS00970,0.0942704604949153
SGL_RS13820,SGL_RS04790,0.0942646573985481
SGL_RS08500,SGL_RS04610,0.0942574876636134
SGL_RS00320,SGL_RS05070,0.094255237885729
SGL_RS17760,SGL_RS16370,0.0942303877780996
SGL_RS11370,SGL_RS09380,0.0942128653828955
SGL_RS15245,SGL_RS03280,0.0942127445262856
SGL_RS15805,SGL_RS02795,0.094210360011075
SGL_RS12430,SGL_RS17180,0.0942050917001823
SGL_RS10820,SGL_RS02040,0.0941956481395807
SGL_RS11285,SGL_RS02850,0.0941891796225018
SGL_RS01980,SGL_RS14715,0.0941834276807781
SGL_RS06410,SGL_RS09740,0.0941622207267138
SGL_RS01255,SGL_RS01650,0.0941510880237475
SGL_RS00320,SGL_RS00470,0.0941428083594121
SGL_RS15805,SGL_RS12975,0.0941401086337355
SGL_RS10820,SGL_RS05055,0.0941195347894408
SGL_RS17395,SGL_RS14700,0.0941194496823794
SGL_RS01955,SGL_RS18245,0.0941173007573312
SGL_RS04450,SGL_RS17345,0.0941156045777306
SGL_RS12430,SGL_RS17055,0.0941085837103108
SGL_RS18290,SGL_RS03135,0.0940988686853018
SGL_RS04820,SGL_RS13865,0.0940844576349765
SGL_RS01955,SGL_RS17635,0.0940806646705441
SGL_RS14385,SGL_RS16775,0.0940751037654993
SGL_RS08845,SGL_RS05350,0.0940651787194123
SGL_RS00400,SGL_RS01415,0.0940611322663983
SGL_RS17245,SGL_RS10885,0.0940492216825076
SGL_RS11370,SGL_RS04785,0.0940483121909779
SGL_RS04725,SGL_RS07880,0.0940481968423432
SGL_RS15805,SGL_RS04075,0.0940460202912601
SGL_RS06080,SGL_RS10835,0.0940400921701743
SGL_RS17760,SGL_RS04400,0.094026254738332
SGL_RS15805,SGL_RS03495,0.0940182183133303
SGL_RS00670,SGL_RS00110,0.0940118617120072
SGL_RS13130,SGL_RS02430,0.0940022939556478
SGL_RS08835,SGL_RS02215,0.0939949684697752
SGL_RS15805,SGL_RS18180,0.0939934306906696
SGL_RS15805,SGL_RS16610,0.0939854534413722
SGL_RS06480,SGL_RS13200,0.0939704138111088
SGL_RS10605,SGL_RS02220,0.0939486939451463
SGL_RS13130,SGL_RS15285,0.0939353162742934
SGL_RS15965,SGL_RS00245,0.0939350875178213
SGL_RS16495,SGL_RS00535,0.0939336705176869
SGL_RS00455,SGL_RS09730,0.0939161986389542
SGL_RS06410,SGL_RS02680,0.0938965726095749
SGL_RS08210,SGL_RS09280,0.0938965185380747
SGL_RS15805,SGL_RS09285,0.0938962509304501
SGL_RS04725,SGL_RS05300,0.0938896250474213
SGL_RS07975,SGL_RS16995,0.0938856361896283
SGL_RS17245,SGL_RS12465,0.0938738223671344
SGL_RS03065,SGL_RS12610,0.0938713429673402
SGL_RS10605,SGL_RS08595,0.0938680518596939
SGL_RS13130,SGL_RS11555,0.0938645783059615
SGL_RS08210,SGL_RS12290,0.0938588288670791
SGL_RS13820,SGL_RS03970,0.0938388151558284
SGL_RS00075,SGL_RS17375,0.0938360453752871
SGL_RS01980,SGL_RS03590,0.0938351280228706
SGL_RS15805,SGL_RS13580,0.0938289817321673
SGL_RS12430,SGL_RS15810,0.093821114230866
SGL_RS14385,SGL_RS07105,0.0938201719132833
SGL_RS10605,SGL_RS11225,0.0938157971111005
SGL_RS15805,SGL_RS05675,0.0938058001629794
SGL_RS10820,SGL_RS17990,0.0937802406742119
SGL_RS04450,SGL_RS17420,0.0937705317176005
SGL_RS10820,SGL_RS15665,0.0937491564721315
SGL_RS11985,SGL_RS02410,0.0937488930132495
SGL_RS06340,SGL_RS16535,0.0937447715012358
SGL_RS09285,SGL_RS18280,0.0937323999336172
SGL_RS12430,SGL_RS18235,0.0937136248865794
SGL_RS17395,SGL_RS11290,0.0937115696909046
SGL_RS15805,SGL_RS07170,0.0937061238852309
SGL_RS15805,SGL_RS06765,0.0937003314090891
SGL_RS06480,SGL_RS18255,0.0936880146428774
SGL_RS08835,SGL_RS14715,0.0936862317450477
SGL_RS17395,SGL_RS10505,0.093665991236654
SGL_RS00075,SGL_RS00120,0.0936595314604366
SGL_RS03065,SGL_RS19805,0.0936486570616378
SGL_RS12595,SGL_RS06510,0.0936365306383556
SGL_RS09285,SGL_RS10720,0.0936348655646858
SGL_RS15805,SGL_RS03940,0.0936274336737608
SGL_RS06340,SGL_RS08150,0.0936267566325534
SGL_RS15805,SGL_RS12595,0.0936147568531875
SGL_RS17760,SGL_RS07235,0.0936080117074991
SGL_RS06215,SGL_RS14235,0.0935730473628318
SGL_RS17395,SGL_RS09275,0.093572531778268
SGL_RS17395,SGL_RS09105,0.0935706995216389
SGL_RS13130,SGL_RS17190,0.0935639932643842
SGL_RS10605,SGL_RS09365,0.0935635518539443
SGL_RS06340,SGL_RS12655,0.0935479115119561
SGL_RS15805,SGL_RS17495,0.093533887341016
SGL_RS15210,SGL_RS09980,0.0935224725270617
SGL_RS04450,SGL_RS08575,0.0935221349603249
SGL_RS15965,SGL_RS15925,0.0935211093368781
SGL_RS04055,SGL_RS11645,0.0935086544767707
SGL_RS01625,SGL_RS13070,0.0935060323120316
SGL_RS07730,SGL_RS13090,0.0934903541513327
SGL_RS08080,SGL_RS12605,0.0934806672598328
SGL_RS12595,SGL_RS12705,0.0934739808210206
SGL_RS04055,SGL_RS04050,0.0934673055618083
SGL_RS06340,SGL_RS07715,0.0934635280778266
SGL_RS17120,SGL_RS06015,0.0934561503001384
SGL_RS00320,SGL_RS04770,0.0934510381321009
SGL_RS00400,SGL_RS05530,0.0934408562961395
SGL_RS05150,SGL_RS05195,0.0934372927831542
SGL_RS10820,SGL_RS16950,0.0934315986938954
SGL_RS18290,SGL_RS02775,0.0934263263684666
SGL_RS02510,SGL_RS11060,0.0934199905713564
SGL_RS00515,SGL_RS04770,0.0934049405431474
SGL_RS00400,SGL_RS00020,0.0934015346488839
SGL_RS13820,SGL_RS08265,0.0933998516387435
SGL_RS01980,SGL_RS03615,0.093391101022329
SGL_RS00320,SGL_RS01570,0.0933858809479505
SGL_RS13820,SGL_RS13265,0.0933743507513571
SGL_RS12430,SGL_RS10645,0.0933739298202681
SGL_RS00455,SGL_RS02135,0.0933620237560698
SGL_RS10605,SGL_RS07840,0.0933369384722324
SGL_RS17760,SGL_RS06575,0.0933361897881578
SGL_RS07535,SGL_RS06870,0.0933329085626962
SGL_RS08835,SGL_RS11160,0.0933283556412461
SGL_RS00400,SGL_RS18855,0.0933233212690175
SGL_RS00400,SGL_RS00125,0.0933027972906767
SGL_RS17760,SGL_RS05365,0.0932844747253611
SGL_RS13820,SGL_RS16475,0.0932800019701726
SGL_RS02510,SGL_RS16475,0.0932782424140626
SGL_RS01215,SGL_RS01650,0.0932456367245204
SGL_RS04725,SGL_RS03010,0.093236801681462
SGL_RS00400,SGL_RS08325,0.0932350409733766
SGL_RS04055,SGL_RS10300,0.0932312878422144
SGL_RS10820,SGL_RS18380,0.0932139072694111
SGL_RS01625,SGL_RS00550,0.0932112434058556
SGL_RS02990,SGL_RS09105,0.0932035927610071
SGL_RS02510,SGL_RS09090,0.0931911935037141
SGL_RS16165,SGL_RS16175,0.0931812445045272
SGL_RS17245,SGL_RS07320,0.0931713749861085
SGL_RS15805,SGL_RS13330,0.0931574381825973
SGL_RS00400,SGL_RS03035,0.093151508366147
SGL_RS08835,SGL_RS05225,0.0931495949649364
SGL_RS01955,SGL_RS02385,0.093142195097201
SGL_RS12540,SGL_RS08820,0.0931388643850673
SGL_RS10820,SGL_RS05095,0.0931297660593198
SGL_RS18290,SGL_RS13455,0.0931225010298539
SGL_RS08835,SGL_RS07390,0.0931203809007356
SGL_RS04055,SGL_RS12775,0.0931134977784873
SGL_RS15210,SGL_RS02685,0.093108359511806
SGL_RS17245,SGL_RS13555,0.0931083048206925
SGL_RS04450,SGL_RS05725,0.0931029515198643
SGL_RS10820,SGL_RS04855,0.093096706150105
SGL_RS04450,SGL_RS05880,0.093096604151129
SGL_RS00400,SGL_RS00440,0.0930871596599922
SGL_RS14385,SGL_RS18050,0.0930758415668143
SGL_RS09285,SGL_RS14210,0.0930711314013688
SGL_RS16495,SGL_RS14935,0.0930693211765926
SGL_RS01980,SGL_RS00290,0.0930493393469662
SGL_RS09285,SGL_RS00815,0.0930398660048195
SGL_RS15210,SGL_RS06405,0.0930286214816475
SGL_RS08520,SGL_RS03015,0.0930267282939041
SGL_RS15805,SGL_RS18425,0.0930210541927106
SGL_RS01215,SGL_RS01680,0.0930141233671216
SGL_RS06410,SGL_RS03605,0.0930138052746907
SGL_RS17760,SGL_RS11925,0.0929873923590901
SGL_RS08500,SGL_RS04190,0.0929838322140038
SGL_RS15965,SGL_RS16380,0.0929794405145832
SGL_RS09285,SGL_RS11635,0.0929723835645254
SGL_RS04725,SGL_RS07150,0.0929685017750378
SGL_RS12430,SGL_RS03395,0.0929657534488427
SGL_RS01980,SGL_RS00410,0.0929629950730098
SGL_RS15310,SGL_RS04445,0.092958558786048
SGL_RS00400,SGL_RS19655,0.0929531427605726
SGL_RS04450,SGL_RS10570,0.0929480586014425
SGL_RS00075,SGL_RS00700,0.0929425932036454
SGL_RS15245,SGL_RS08250,0.0929419556840241
SGL_RS10605,SGL_RS04315,0.0929328371100172
SGL_RS17760,SGL_RS02925,0.0929205950263624
SGL_RS04450,SGL_RS16975,0.0929202904391415
SGL_RS14385,SGL_RS14590,0.0929090799065006
SGL_RS04055,SGL_RS09905,0.0929084527615036
SGL_RS15245,SGL_RS00170,0.09290076628745
SGL_RS00455,SGL_RS16195,0.0928949626271306
SGL_RS12430,SGL_RS12360,0.0928782431536232
SGL_RS15805,SGL_RS08425,0.0928645102088895
SGL_RS13130,SGL_RS01005,0.0928642938162375
SGL_RS00455,SGL_RS02170,0.092854738704687
SGL_RS03065,SGL_RS16375,0.0928460799005979
SGL_RS15805,SGL_RS16370,0.0928435478889654
SGL_RS17440,SGL_RS07110,0.0928384026007834
SGL_RS15805,SGL_RS11570,0.0928344014374377
SGL_RS08165,SGL_RS18960,0.0928279237153445
SGL_RS03065,SGL_RS07735,0.0928274596280848
SGL_RS12430,SGL_RS09235,0.0928264497225539
SGL_RS17395,SGL_RS14910,0.0928180178639241
SGL_RS17395,SGL_RS12490,0.0928125695078045
SGL_RS06340,SGL_RS16670,0.0928116992572118
SGL_RS04055,SGL_RS14885,0.0927995585604459
SGL_RS01980,SGL_RS14150,0.092787734727068
SGL_RS17395,SGL_RS10450,0.0927697075260513
SGL_RS08500,SGL_RS10910,0.0927645713184533
SGL_RS01625,SGL_RS16875,0.0927641503009183
SGL_RS18290,SGL_RS10270,0.0927596841496394
SGL_RS00670,SGL_RS00010,0.0927494760886721
SGL_RS17395,SGL_RS02855,0.0927444430443642
SGL_RS12430,SGL_RS03170,0.0927382522257052
SGL_RS00400,SGL_RS00025,0.0927355568148027
SGL_RS10605,SGL_RS08535,0.092681036750267
SGL_RS00400,SGL_RS00515,0.0926806049037021
SGL_RS08210,SGL_RS07540,0.0926747457591646
SGL_RS17395,SGL_RS02100,0.0926615115336291
SGL_RS04615,SGL_RS16455,0.0926515531968873
SGL_RS17395,SGL_RS16710,0.0926501581170325
SGL_RS17760,SGL_RS19540,0.0926402666764703
SGL_RS07740,SGL_RS06470,0.0926389840842773
SGL_RS00075,SGL_RS16275,0.0926364708459118
SGL_RS06080,SGL_RS04075,0.0926322905560814
SGL_RS10605,SGL_RS04760,0.0926288019127998
SGL_RS14385,SGL_RS12955,0.0926217024180118
SGL_RS00455,SGL_RS09735,0.0926103224529093
SGL_RS06410,SGL_RS19775,0.0926058210980536
SGL_RS01955,SGL_RS01940,0.0926035048639699
SGL_RS11370,SGL_RS06205,0.0926005522586207
SGL_RS08165,SGL_RS01480,0.0925977885153089
SGL_RS11370,SGL_RS04510,0.0925871650459942
SGL_RS00400,SGL_RS03595,0.0925808279992094
SGL_RS15965,SGL_RS17365,0.0925681122133246
SGL_RS12595,SGL_RS14915,0.0925668523895551
SGL_RS10820,SGL_RS03520,0.092560936059733
SGL_RS10820,SGL_RS00915,0.0925593287941049
SGL_RS01980,SGL_RS10040,0.0925541821989035
SGL_RS12430,SGL_RS09430,0.0925510604196179
SGL_RS00400,SGL_RS01970,0.0925459955759993
SGL_RS02470,SGL_RS05835,0.0925430342962366
SGL_RS15965,SGL_RS15675,0.09254081066446
SGL_RS09285,SGL_RS10145,0.0925353488861794
SGL_RS12005,SGL_RS05360,0.092510483685161
SGL_RS15965,SGL_RS00225,0.0925103469813968
SGL_RS14540,SGL_RS06230,0.0925032651048698
SGL_RS02470,SGL_RS15585,0.0924966009635128
SGL_RS10605,SGL_RS16900,0.0924732338678304
SGL_RS16165,SGL_RS17960,0.0924720830792295
SGL_RS08835,SGL_RS02955,0.0924632667580804
SGL_RS00400,SGL_RS00530,0.0924616296671082
SGL_RS10820,SGL_RS09950,0.0924588290615719
SGL_RS00320,SGL_RS18680,0.09245882586799
SGL_RS11370,SGL_RS08440,0.0924309709690155
SGL_RS10820,SGL_RS11170,0.0924297028239195
SGL_RS15805,SGL_RS11360,0.0924216063638216
SGL_RS00455,SGL_RS15005,0.0924134840400452
SGL_RS15805,SGL_RS15680,0.0924114556128007
SGL_RS15245,SGL_RS07130,0.0924040891165903
SGL_RS17395,SGL_RS09330,0.0924040891069156
SGL_RS01980,SGL_RS01865,0.0924037604788561
SGL_RS08210,SGL_RS08630,0.0924010543395558
SGL_RS11370,SGL_RS06045,0.0923958424419487
SGL_RS18290,SGL_RS15575,0.092394687072818
SGL_RS08500,SGL_RS10905,0.0923880249407837
SGL_RS15245,SGL_RS12515,0.092370760757479
SGL_RS01980,SGL_RS20055,0.0923603527564024
SGL_RS09285,SGL_RS10655,0.0923591865077295
SGL_RS10820,SGL_RS04385,0.0923429236144322
SGL_RS01980,SGL_RS14720,0.0923428030863619
SGL_RS02020,SGL_RS00910,0.0923352606363443
SGL_RS01980,SGL_RS00730,0.0923305008506691
SGL_RS06340,SGL_RS16530,0.092328415524814
SGL_RS10820,SGL_RS05345,0.0923234598534473
SGL_RS15210,SGL_RS13240,0.0923213614989656
SGL_RS01955,SGL_RS01360,0.0923166966949331
SGL_RS10605,SGL_RS08105,0.0923115327871135
SGL_RS06080,SGL_RS14005,0.0922939694183047
SGL_RS12595,SGL_RS07580,0.0922905142217648
SGL_RS12430,SGL_RS18095,0.092283964671491
SGL_RS06080,SGL_RS01260,0.0922795119844617
SGL_RS15245,SGL_RS03925,0.0922776462744345
SGL_RS11285,SGL_RS06955,0.0922742921687392
SGL_RS15210,SGL_RS07385,0.0922742615939854
SGL_RS13820,SGL_RS07540,0.0922718029227433
SGL_RS00400,SGL_RS10840,0.0922527765022259
SGL_RS07975,SGL_RS13355,0.0922402507972187
SGL_RS09285,SGL_RS02560,0.092235202805899
SGL_RS12430,SGL_RS07690,0.0922288510590843
SGL_RS12430,SGL_RS17670,0.0922272588252043
SGL_RS17760,SGL_RS16290,0.0922226694337886
SGL_RS00515,SGL_RS14275,0.0922220995203727
SGL_RS11985,SGL_RS17585,0.0922214293514909
SGL_RS02990,SGL_RS13975,0.0922151056842138
SGL_RS14385,SGL_RS10085,0.0922065306839913
SGL_RS15210,SGL_RS15505,0.0921881762413508
SGL_RS17395,SGL_RS07775,0.0921795501651542
SGL_RS15805,SGL_RS09890,0.0921742174114485
SGL_RS17395,SGL_RS12055,0.0921725154229113
SGL_RS09285,SGL_RS14920,0.0921560719411534
SGL_RS14385,SGL_RS10345,0.0921487335046596
SGL_RS00515,SGL_RS15885,0.0921440908255807
SGL_RS04450,SGL_RS03305,0.0921352962111717
SGL_RS17760,SGL_RS09960,0.0921237279610581
SGL_RS06410,SGL_RS05575,0.0921230287582428
SGL_RS01625,SGL_RS13895,0.0921226685404766
SGL_RS17760,SGL_RS15125,0.0921148256008575
SGL_RS08080,SGL_RS20095,0.0921074918176788
SGL_RS17395,SGL_RS02900,0.0921067206209144
SGL_RS12595,SGL_RS05885,0.0920687471953207
SGL_RS03065,SGL_RS02225,0.0920684482584906
SGL_RS01625,SGL_RS19990,0.0920658034511836
SGL_RS12430,SGL_RS15425,0.092061448124788
SGL_RS12430,SGL_RS11815,0.0920611336710698
SGL_RS01980,SGL_RS01995,0.092044617027023
SGL_RS01955,SGL_RS11590,0.0920242177282852
SGL_RS15965,SGL_RS08805,0.0920114792564165
SGL_RS12430,SGL_RS03135,0.091995146889679
SGL_RS04055,SGL_RS00850,0.0919903299106933
SGL_RS18290,SGL_RS01470,0.0919899416001739
SGL_RS06340,SGL_RS08250,0.0919849836247802
SGL_RS14385,SGL_RS14620,0.0919817211140361
SGL_RS15965,SGL_RS16400,0.0919799086963859
SGL_RS03065,SGL_RS06380,0.091974725719496
SGL_RS15245,SGL_RS06945,0.0919657274517359
SGL_RS14385,SGL_RS10605,0.0919619380208858
SGL_RS18290,SGL_RS12235,0.0919617280712394
SGL_RS12430,SGL_RS14530,0.0919575506282241
SGL_RS02990,SGL_RS03180,0.0919487970467607
SGL_RS12595,SGL_RS11320,0.0919463954842518
SGL_RS11370,SGL_RS05435,0.0919341372465666
SGL_RS15805,SGL_RS13135,0.0919281060192765
SGL_RS07730,SGL_RS06760,0.0919228204500047
SGL_RS06480,SGL_RS03780,0.0919213549569449
SGL_RS00400,SGL_RS03620,0.0919133868587705
SGL_RS16165,SGL_RS00465,0.0919075179039679
SGL_RS09285,SGL_RS12910,0.0919053548002846
SGL_RS09285,SGL_RS12850,0.0919018226305854
SGL_RS08835,SGL_RS08680,0.0918975794279845
SGL_RS12485,SGL_RS19495,0.0918885740286793
SGL_RS12430,SGL_RS18195,0.0918763133539567
SGL_RS06340,SGL_RS05465,0.0918720513880185
SGL_RS04450,SGL_RS02305,0.0918553281223125
SGL_RS04820,SGL_RS03755,0.0918491407525196
SGL_RS13130,SGL_RS12010,0.0918475875805039
SGL_RS17395,SGL_RS05385,0.0918434994334612
SGL_RS15805,SGL_RS14420,0.0918414713151445
SGL_RS07730,SGL_RS02595,0.0918408675063936
SGL_RS16165,SGL_RS01680,0.0918408454305559
SGL_RS15310,SGL_RS18025,0.091837576594621
SGL_RS17760,SGL_RS15025,0.0918303458236821
SGL_RS10820,SGL_RS07355,0.0918153357565428
SGL_RS06410,SGL_RS13450,0.0918072090946029
SGL_RS12430,SGL_RS06455,0.0917956703604937
SGL_RS08210,SGL_RS16840,0.091792135857571
SGL_RS09285,SGL_RS07810,0.0917896140622105
SGL_RS17395,SGL_RS12915,0.091783019300616
SGL_RS08835,SGL_RS11595,0.091775657390449
SGL_RS12430,SGL_RS13860,0.091771354507458
SGL_RS17395,SGL_RS05000,0.0917663947155997
SGL_RS00320,SGL_RS02170,0.091762732497136
SGL_RS04820,SGL_RS03765,0.0917627139884779
SGL_RS12430,SGL_RS04725,0.0917424711370005
SGL_RS03065,SGL_RS02330,0.0917422421016438
SGL_RS08165,SGL_RS20100,0.0917327540714587
SGL_RS06410,SGL_RS04665,0.0917318820670594
SGL_RS00670,SGL_RS18595,0.0917215860765804
SGL_RS00455,SGL_RS03645,0.0917201364016085
SGL_RS10605,SGL_RS16940,0.0917171787390164
SGL_RS08500,SGL_RS04310,0.0916640800518157
SGL_RS06215,SGL_RS07660,0.0916629472790713
SGL_RS06340,SGL_RS02120,0.0916616568329112
SGL_RS06410,SGL_RS07430,0.0916577617979132
SGL_RS12430,SGL_RS04290,0.0916526728005842
SGL_RS12595,SGL_RS09775,0.0916490659676112
SGL_RS13820,SGL_RS02550,0.0916472080751473
SGL_RS17245,SGL_RS05720,0.0916466605795827
SGL_RS18290,SGL_RS14255,0.0916438614434741
SGL_RS00455,SGL_RS02325,0.0916299003737892
SGL_RS12595,SGL_RS17090,0.0916215971466901
SGL_RS06080,SGL_RS16165,0.0916188005423025
SGL_RS14385,SGL_RS14080,0.0916164928199844
SGL_RS08520,SGL_RS04910,0.0916068271010143
SGL_RS03065,SGL_RS15465,0.0916049114832339
SGL_RS06080,SGL_RS17325,0.0915980627476024
SGL_RS17760,SGL_RS14480,0.0915937997964739
SGL_RS04450,SGL_RS16910,0.0915937941775987
SGL_RS06410,SGL_RS02880,0.0915931224001362
SGL_RS15805,SGL_RS11660,0.0915726368438697
SGL_RS10605,SGL_RS16845,0.0915684819193047
SGL_RS04725,SGL_RS09235,0.0915678100811617
SGL_RS09285,SGL_RS05440,0.0915648287820729
SGL_RS12595,SGL_RS06920,0.0915608966807994
SGL_RS04615,SGL_RS05970,0.0915603365731145
SGL_RS04450,SGL_RS10800,0.0915598305727191
SGL_RS10820,SGL_RS12700,0.0915578470705687
SGL_RS09285,SGL_RS17220,0.0915479446159781
SGL_RS04450,SGL_RS03845,0.0915402288665974
SGL_RS17440,SGL_RS11140,0.0915354352097803
SGL_RS13130,SGL_RS16340,0.0915319089809223
SGL_RS10820,SGL_RS11240,0.09150602511145
SGL_RS13130,SGL_RS06700,0.0914983159642396
SGL_RS04055,SGL_RS16660,0.0914952736536155
SGL_RS18290,SGL_RS03160,0.0914904972147749
SGL_RS00400,SGL_RS09535,0.0914877853509612
SGL_RS14385,SGL_RS11945,0.0914833992988425
SGL_RS07975,SGL_RS04790,0.0914793908337501
SGL_RS15215,SGL_RS13260,0.0914787827333556
SGL_RS04725,SGL_RS07355,0.091474555103293
SGL_RS04725,SGL_RS03345,0.0914722046882705
SGL_RS08210,SGL_RS04000,0.091467879747308
SGL_RS17440,SGL_RS06860,0.0914652842819649
SGL_RS00320,SGL_RS15520,0.0914583368422555
SGL_RS15210,SGL_RS07400,0.0914491091050881
SGL_RS17760,SGL_RS13210,0.091442496471878
SGL_RS15965,SGL_RS04395,0.091431107096691
SGL_RS07730,SGL_RS16745,0.0914252628385538
SGL_RS08210,SGL_RS03425,0.0914234220463382
SGL_RS07975,SGL_RS08855,0.0914040625605076
SGL_RS11370,SGL_RS09990,0.091401514695942
SGL_RS09285,SGL_RS15150,0.0914000169439463
SGL_RS02020,SGL_RS01975,0.0913804356372057
SGL_RS15965,SGL_RS00355,0.0913789542951905
SGL_RS00400,SGL_RS11865,0.091357135557854
SGL_RS06410,SGL_RS12110,0.0913512759703784
SGL_RS01980,SGL_RS07440,0.0913458879331691
SGL_RS00455,SGL_RS13350,0.0913233090933346
SGL_RS04055,SGL_RS04615,0.0913134772891253
SGL_RS12430,SGL_RS10665,0.0913060725638418
SGL_RS15805,SGL_RS16650,0.0912983170483066
SGL_RS17760,SGL_RS07360,0.0912839908581887
SGL_RS00400,SGL_RS01455,0.0912800722450664
SGL_RS00075,SGL_RS16320,0.0912759782323028
SGL_RS06410,SGL_RS05800,0.0912602101456332
SGL_RS15965,SGL_RS04635,0.0912569250502289
SGL_RS08210,SGL_RS08970,0.0912490079344413
SGL_RS15805,SGL_RS12805,0.0912489213234328
SGL_RS14610,SGL_RS09150,0.0912409404213119
SGL_RS14610,SGL_RS12540,0.0912368836163277
SGL_RS15965,SGL_RS04880,0.0912347620571602
SGL_RS13820,SGL_RS08855,0.0912248721976443
SGL_RS12595,SGL_RS20080,0.091220503123151
SGL_RS00320,SGL_RS19005,0.0912153199733099
SGL_RS01980,SGL_RS00120,0.0912099720338748
SGL_RS00320,SGL_RS03530,0.0912086888861895
SGL_RS15965,SGL_RS13485,0.091207458969521
SGL_RS17760,SGL_RS19530,0.091204064762229
SGL_RS17395,SGL_RS04820,0.0911925770313122
SGL_RS08835,SGL_RS10370,0.0911908522819498
SGL_RS17395,SGL_RS02280,0.0911900744515598
SGL_RS17760,SGL_RS18200,0.0911893648277748
SGL_RS17245,SGL_RS05430,0.0911785069452844
SGL_RS08835,SGL_RS07235,0.0911728985027065
SGL_RS01625,SGL_RS08230,0.0911728455278153
SGL_RS13130,SGL_RS17550,0.0911726647073628
SGL_RS15805,SGL_RS15360,0.0911725134727616
SGL_RS18290,SGL_RS17835,0.0911703027213551
SGL_RS15805,SGL_RS13505,0.0911650558188424
SGL_RS04055,SGL_RS18185,0.0911590202263564
SGL_RS11370,SGL_RS02985,0.0911589742353295
SGL_RS08080,SGL_RS05120,0.0911519199264627
SGL_RS14540,SGL_RS06610,0.0911377603223866
SGL_RS12595,SGL_RS02660,0.091116729528996
SGL_RS10820,SGL_RS04530,0.091112247649479
SGL_RS06340,SGL_RS10240,0.0911069217104416
SGL_RS04450,SGL_RS05435,0.0911031577923079
SGL_RS12430,SGL_RS10960,0.0910979020408509
SGL_RS16080,SGL_RS03195,0.0910872748880124
SGL_RS03065,SGL_RS11950,0.0910729592816543
SGL_RS15965,SGL_RS16215,0.0910688027179565
SGL_RS05150,SGL_RS05335,0.0910654675670646
SGL_RS15245,SGL_RS11860,0.091061515309467
SGL_RS08210,SGL_RS06645,0.0910614431132187
SGL_RS04820,SGL_RS09350,0.0910413551313655
SGL_RS11985,SGL_RS07460,0.0910391632246926
SGL_RS15805,SGL_RS02440,0.091037633231177
SGL_RS10820,SGL_RS15670,0.0910252592754636
SGL_RS06410,SGL_RS05370,0.0910186829975131
SGL_RS15965,SGL_RS09020,0.091011124764215
SGL_RS07730,SGL_RS12610,0.0910099440969209
SGL_RS05150,SGL_RS04160,0.0910005784232159
SGL_RS17440,SGL_RS18960,0.0909807538205232
SGL_RS04450,SGL_RS09635,0.0909806283964736
SGL_RS03065,SGL_RS10400,0.0909794078256342
SGL_RS06410,SGL_RS11735,0.0909733567668103
SGL_RS06080,SGL_RS17920,0.0909732505707911
SGL_RS12595,SGL_RS11825,0.0909726471488355
SGL_RS02020,SGL_RS08545,0.0909689066599127
SGL_RS10820,SGL_RS06590,0.0909678314301298
SGL_RS08210,SGL_RS15700,0.090967332480792
SGL_RS10820,SGL_RS05190,0.0909659679970107
SGL_RS12430,SGL_RS16835,0.0909607495826385
SGL_RS15805,SGL_RS11755,0.0909520760605511
SGL_RS10605,SGL_RS12940,0.0909363921019282
SGL_RS08500,SGL_RS15840,0.0909352266836393
SGL_RS04450,SGL_RS10150,0.0909301208970103
SGL_RS00455,SGL_RS00985,0.0909257007305231
SGL_RS17760,SGL_RS05590,0.0909215047067023
SGL_RS11835,SGL_RS02380,0.0909172173403452
SGL_RS12430,SGL_RS08970,0.0909136844438241
SGL_RS08210,SGL_RS02595,0.0909088118835985
SGL_RS06215,SGL_RS03385,0.0909021250385688
SGL_RS00515,SGL_RS07720,0.0908917817367391
SGL_RS02470,SGL_RS13625,0.0908882809338537
SGL_RS00400,SGL_RS01845,0.09088373883227
SGL_RS01980,SGL_RS02355,0.090881009770887
SGL_RS14385,SGL_RS01940,0.0908802401798031
SGL_RS08835,SGL_RS04140,0.0908580066168286
SGL_RS01980,SGL_RS03640,0.0908503321046115
SGL_RS14385,SGL_RS08790,0.0908477316957746
SGL_RS15805,SGL_RS00820,0.0908409399375923
SGL_RS06480,SGL_RS06805,0.0908384054515145
SGL_RS07730,SGL_RS11510,0.0908343794387967
SGL_RS09285,SGL_RS06750,0.090827961952789
SGL_RS00455,SGL_RS03675,0.0908157530044149
SGL_RS17395,SGL_RS07530,0.0907921083007325
SGL_RS13130,SGL_RS05190,0.090791667779265
SGL_RS15805,SGL_RS16845,0.090790132384502
SGL_RS04725,SGL_RS19055,0.0907801061355694
SGL_RS12595,SGL_RS08605,0.0907792798733724
SGL_RS15965,SGL_RS07070,0.0907787872488491
SGL_RS00400,SGL_RS11250,0.0907776222917447
SGL_RS06480,SGL_RS04275,0.0907768303277505
SGL_RS13130,SGL_RS02850,0.0907721968333557
SGL_RS06080,SGL_RS19425,0.0907704369012322
SGL_RS06410,SGL_RS07420,0.0907660148476859
SGL_RS02510,SGL_RS09955,0.090763858835483
SGL_RS04450,SGL_RS11855,0.0907588538764678
SGL_RS17760,SGL_RS03005,0.0907537306208571
SGL_RS00400,SGL_RS12185,0.0907522732517307
SGL_RS07730,SGL_RS13025,0.0907484406140365
SGL_RS07730,SGL_RS19490,0.0907425417543377
SGL_RS08500,SGL_RS15230,0.0907411927024948
SGL_RS12430,SGL_RS02405,0.0907399872406986
SGL_RS15805,SGL_RS14160,0.0907389957332584
SGL_RS02510,SGL_RS02125,0.0907358425310865
SGL_RS01215,SGL_RS01230,0.0907278498322706
SGL_RS17440,SGL_RS10180,0.0907256874227895
SGL_RS15965,SGL_RS00265,0.0907198163950853
SGL_RS07975,SGL_RS05015,0.0907077269211421
SGL_RS03065,SGL_RS18270,0.0907037220645854
SGL_RS04055,SGL_RS02770,0.0906924279843931
SGL_RS11285,SGL_RS13945,0.0906814013417002
SGL_RS12430,SGL_RS08510,0.0906754340627517
SGL_RS04055,SGL_RS06045,0.0906551041235563
SGL_RS08835,SGL_RS08330,0.0906454336318444
SGL_RS17760,SGL_RS09985,0.090612445902314
SGL_RS15965,SGL_RS19770,0.0906055748495314
SGL_RS08500,SGL_RS17440,0.0905917915530051
SGL_RS12430,SGL_RS13490,0.0905911102238569
SGL_RS11985,SGL_RS11960,0.0905897386909654
SGL_RS16080,SGL_RS05995,0.0905831138395619
SGL_RS10820,SGL_RS13355,0.0905724005405148
SGL_RS12430,SGL_RS11650,0.0905612568444558
SGL_RS17760,SGL_RS08710,0.0905528671664036
SGL_RS03065,SGL_RS13630,0.0905401318557564
SGL_RS14385,SGL_RS11660,0.090522995052401
SGL_RS12430,SGL_RS04460,0.0905196969967285
SGL_RS15210,SGL_RS09170,0.0905170053442339
SGL_RS12005,SGL_RS12650,0.0905106357171419
SGL_RS07740,SGL_RS14315,0.0905044107159942
SGL_RS09285,SGL_RS00760,0.0905020113207964
SGL_RS06215,SGL_RS10640,0.0905018190652658
SGL_RS15965,SGL_RS14840,0.0905013653358207
SGL_RS12595,SGL_RS07750,0.0904957119317547
SGL_RS16495,SGL_RS13855,0.0904956107658095
SGL_RS05150,SGL_RS16330,0.0904945416932341
SGL_RS00400,SGL_RS07075,0.0904926745282576
SGL_RS06340,SGL_RS09105,0.0904788705439563
SGL_RS12430,SGL_RS11845,0.090464807055271
SGL_RS10605,SGL_RS12815,0.0904621348027
SGL_RS01980,SGL_RS00005,0.090461000479404
SGL_RS09285,SGL_RS10565,0.0904583617977901
SGL_RS17760,SGL_RS17630,0.0904581403477591
SGL_RS18290,SGL_RS09390,0.0904551424400415
SGL_RS00400,SGL_RS09570,0.0904533773340909
SGL_RS06215,SGL_RS17210,0.0904384275367103
SGL_RS08500,SGL_RS08670,0.0904359082074152
SGL_RS07535,SGL_RS08940,0.0904329306593083
SGL_RS11370,SGL_RS17485,0.0904317249411299
SGL_RS15585,SGL_RS02685,0.0904262164243295
SGL_RS10820,SGL_RS04340,0.0904111816194043
SGL_RS07730,SGL_RS07785,0.0904098564315587
SGL_RS00455,SGL_RS18510,0.0903948081388452
SGL_RS06340,SGL_RS03960,0.0903810551741996
SGL_RS15805,SGL_RS14570,0.0903723506907969
SGL_RS06340,SGL_RS02475,0.0903710119844011
SGL_RS15210,SGL_RS02600,0.0903596146243788
SGL_RS06080,SGL_RS07780,0.0903586870166185
SGL_RS15210,SGL_RS20175,0.0903571838732347
SGL_RS10605,SGL_RS11335,0.0903505124646511
SGL_RS00515,SGL_RS17580,0.0903493843420353
SGL_RS04055,SGL_RS00170,0.0903363046303674
SGL_RS00320,SGL_RS18335,0.0903289044218652
SGL_RS01625,SGL_RS17730,0.0903282811862087
SGL_RS03065,SGL_RS20145,0.0903254284461155
SGL_RS07730,SGL_RS03320,0.0903231944551644
SGL_RS16495,SGL_RS16500,0.0903176145611696
SGL_RS11285,SGL_RS17185,0.0903166251898198
SGL_RS17440,SGL_RS12295,0.0903147377843918
SGL_RS00400,SGL_RS03625,0.0903103947606343
SGL_RS11370,SGL_RS11125,0.0903009657036251
SGL_RS00320,SGL_RS19525,0.0902904640405167
SGL_RS08835,SGL_RS08020,0.0902902106665593
SGL_RS12430,SGL_RS06670,0.0902800616202864
SGL_RS10605,SGL_RS13505,0.0902575071940928
SGL_RS01625,SGL_RS17725,0.0902537293206042
SGL_RS06215,SGL_RS10780,0.0902479700191627
SGL_RS18290,SGL_RS08105,0.0902359634450754
SGL_RS08835,SGL_RS11900,0.0902240506685642
SGL_RS06410,SGL_RS10925,0.0902180117177282
SGL_RS08500,SGL_RS15455,0.0902140813091038
SGL_RS12430,SGL_RS11490,0.0902124798213142
SGL_RS06340,SGL_RS09645,0.0901961539764665
SGL_RS04450,SGL_RS17085,0.0901941401890578
SGL_RS01255,SGL_RS01285,0.0901893936918441
SGL_RS09285,SGL_RS15870,0.0901866210287233
SGL_RS00515,SGL_RS03725,0.0901817484232275
SGL_RS12430,SGL_RS17640,0.0901733880574674
SGL_RS10820,SGL_RS00685,0.0901700616999514
SGL_RS10605,SGL_RS05675,0.0901647724204684
SGL_RS00400,SGL_RS07080,0.0901614785511854
SGL_RS08210,SGL_RS08975,0.0901518440599946
SGL_RS10820,SGL_RS12560,0.0901514572338092
SGL_RS09285,SGL_RS07645,0.0901490973112881
SGL_RS16165,SGL_RS15945,0.090141751615266
SGL_RS06215,SGL_RS18280,0.0901376171558907
SGL_RS03065,SGL_RS09200,0.0901368080249413
SGL_RS12430,SGL_RS13465,0.0901246718813008
SGL_RS17760,SGL_RS14835,0.0901141855711024
SGL_RS14610,SGL_RS08090,0.0901116117117202
SGL_RS00400,SGL_RS10205,0.0901078963307986
SGL_RS05150,SGL_RS01565,0.0901000978202383
SGL_RS14610,SGL_RS03955,0.090082359465956
SGL_RS00320,SGL_RS17370,0.0900813538570066
SGL_RS12430,SGL_RS02680,0.0900770725823615
SGL_RS16495,SGL_RS15040,0.090074253914946
SGL_RS14385,SGL_RS07970,0.0900740712782575
SGL_RS16165,SGL_RS17920,0.0900700726117873
SGL_RS15805,SGL_RS12690,0.0900658119223829
SGL_RS08835,SGL_RS17760,0.0900623308945157
SGL_RS15805,SGL_RS02285,0.0900621992226748
SGL_RS00400,SGL_RS00775,0.0900585635107784
SGL_RS09285,SGL_RS17290,0.0900459072698176
SGL_RS16495,SGL_RS04490,0.0900443676074882
SGL_RS07730,SGL_RS18270,0.0900305053358252
SGL_RS14610,SGL_RS05255,0.0900280195652471
SGL_RS15215,SGL_RS07835,0.0900226874997529
SGL_RS13820,SGL_RS16745,0.090002729601672
SGL_RS12430,SGL_RS07575,0.0899820244691976
SGL_RS15805,SGL_RS00825,0.0899804728283854
SGL_RS17395,SGL_RS16555,0.0899774686449163
SGL_RS10605,SGL_RS01955,0.0899732921861673
SGL_RS17760,SGL_RS09600,0.0899688439458186
SGL_RS11370,SGL_RS07995,0.089963319652381
SGL_RS03065,SGL_RS02230,0.0899565843569119
SGL_RS15805,SGL_RS13660,0.0899565191971904
SGL_RS08500,SGL_RS07815,0.0899437879049166
SGL_RS15965,SGL_RS14265,0.0899432922074564
SGL_RS13130,SGL_RS12255,0.0899425321334335
SGL_RS04055,SGL_RS03270,0.0899388947266918
SGL_RS12430,SGL_RS02790,0.0899365271955529
SGL_RS06215,SGL_RS19410,0.0899312479316212
SGL_RS10605,SGL_RS19865,0.0899250202160882
SGL_RS15805,SGL_RS19495,0.0899193785865459
SGL_RS07730,SGL_RS13325,0.0899085691594404
SGL_RS17760,SGL_RS15865,0.0898997724846254
SGL_RS08500,SGL_RS06620,0.0898990327754336
SGL_RS10820,SGL_RS16830,0.0898868544888567
SGL_RS01980,SGL_RS00725,0.0898765120697502
SGL_RS06480,SGL_RS08200,0.0898742763005925
SGL_RS15965,SGL_RS01820,0.089873683724616
SGL_RS16080,SGL_RS08140,0.0898731539837365
SGL_RS00320,SGL_RS15010,0.089866686769763
SGL_RS04055,SGL_RS02585,0.0898658049749094
SGL_RS14385,SGL_RS16645,0.0898657234795005
SGL_RS12430,SGL_RS18300,0.089844805266778
SGL_RS10605,SGL_RS07625,0.0898439233861685
SGL_RS15805,SGL_RS15215,0.0898326581895862
SGL_RS07730,SGL_RS00830,0.0898208682930115
SGL_RS08210,SGL_RS11795,0.0898091483996243
SGL_RS10820,SGL_RS10980,0.0898069010609393
SGL_RS08835,SGL_RS02210,0.0898063610005711
SGL_RS18290,SGL_RS19595,0.0897971620669727
SGL_RS12430,SGL_RS08700,0.0897859187468335
SGL_RS10820,SGL_RS15830,0.0897835434765778
SGL_RS10820,SGL_RS04020,0.089782758082197
SGL_RS00400,SGL_RS00470,0.0897773255349764
SGL_RS08835,SGL_RS11590,0.0897733799174007
SGL_RS12005,SGL_RS04410,0.089772439951138
SGL_RS04450,SGL_RS04615,0.0897652310374557
SGL_RS07730,SGL_RS12510,0.0897549955392257
SGL_RS07730,SGL_RS03065,0.0897342311495503
SGL_RS00455,SGL_RS18545,0.0897294924960173
SGL_RS10820,SGL_RS05020,0.0897293060483514
SGL_RS04820,SGL_RS05280,0.0897196304716183
SGL_RS03065,SGL_RS14500,0.0896950045746163
SGL_RS00400,SGL_RS16425,0.0896911696156004
SGL_RS12430,SGL_RS17050,0.089689953058158
SGL_RS04055,SGL_RS15520,0.0896877783971716
SGL_RS15965,SGL_RS00025,0.0896874652265725
SGL_RS17760,SGL_RS12690,0.0896783822450378
SGL_RS17760,SGL_RS05550,0.0896735630311385
SGL_RS01980,SGL_RS15010,0.0896570449667636
SGL_RS04055,SGL_RS19085,0.0896567671644519
SGL_RS01955,SGL_RS06735,0.08965403524846
SGL_RS12595,SGL_RS08000,0.0896443552865239
SGL_RS15805,SGL_RS07590,0.0896418486968648
SGL_RS00515,SGL_RS12075,0.0896357628651804
SGL_RS13820,SGL_RS18240,0.0896279267294034
SGL_RS02510,SGL_RS05690,0.0896264546982493
SGL_RS10820,SGL_RS18375,0.0896248512768334
SGL_RS03065,SGL_RS02405,0.0896227391314392
SGL_RS08835,SGL_RS10415,0.0896064902300566
SGL_RS02470,SGL_RS11430,0.0895890372010877
SGL_RS04450,SGL_RS10305,0.0895886143987952
SGL_RS00320,SGL_RS06255,0.0895861881437463
SGL_RS12430,SGL_RS09375,0.0895841652653292
SGL_RS04725,SGL_RS11020,0.0895812875089836
SGL_RS04450,SGL_RS12475,0.0895808155842303
SGL_RS02470,SGL_RS05800,0.0895805640129686
SGL_RS17395,SGL_RS04985,0.089573520315699
SGL_RS07730,SGL_RS03155,0.0895723774036006
SGL_RS03065,SGL_RS03945,0.0895616584605478
SGL_RS01955,SGL_RS17735,0.0895553915618721
SGL_RS16080,SGL_RS18670,0.0895530618927317
SGL_RS14385,SGL_RS08620,0.0895484579241494
SGL_RS06340,SGL_RS04195,0.0895437097798174
SGL_RS10820,SGL_RS08665,0.089532062187226
SGL_RS10755,SGL_RS19900,0.0895118240365144
SGL_RS12430,SGL_RS17110,0.0895015744223906
SGL_RS00670,SGL_RS01585,0.0894897919347532
SGL_RS09285,SGL_RS06350,0.0894869766976937
SGL_RS10820,SGL_RS07315,0.0894797485809309
SGL_RS17760,SGL_RS06845,0.089466255688619
SGL_RS06215,SGL_RS19955,0.089460672168677
SGL_RS16495,SGL_RS06925,0.0894553894370676
SGL_RS10605,SGL_RS14420,0.0894498457065878
SGL_RS08080,SGL_RS01480,0.089446813093635
SGL_RS07975,SGL_RS07420,0.0894459681396678
SGL_RS15210,SGL_RS10925,0.0894430857764406
SGL_RS10605,SGL_RS08600,0.0894392079583437
SGL_RS15965,SGL_RS00660,0.0894345008352975
SGL_RS14385,SGL_RS11800,0.0894325107280868
SGL_RS13130,SGL_RS15560,0.0894230878038754
SGL_RS15805,SGL_RS11385,0.0894210082917488
SGL_RS17760,SGL_RS18370,0.0894178315471587
SGL_RS00670,SGL_RS15735,0.0894169587983742
SGL_RS17760,SGL_RS04405,0.0894071694915729
SGL_RS09285,SGL_RS02155,0.0894064037159793
SGL_RS15965,SGL_RS15415,0.0894042817477756
SGL_RS07730,SGL_RS16790,0.0894006186468058
SGL_RS12430,SGL_RS14680,0.089395833276718
SGL_RS00515,SGL_RS00280,0.0893886132386773
SGL_RS06080,SGL_RS12805,0.0893854245328641
SGL_RS10820,SGL_RS16325,0.0893853945697995
SGL_RS15805,SGL_RS09110,0.0893836585214552
SGL_RS08500,SGL_RS02720,0.0893695931542804
SGL_RS13130,SGL_RS15400,0.0893614702864741
SGL_RS10820,SGL_RS06775,0.089343828938277
SGL_RS18290,SGL_RS10485,0.089337687593299
SGL_RS14385,SGL_RS15645,0.0893313372340202
SGL_RS03065,SGL_RS06070,0.0893163581782584
SGL_RS18290,SGL_RS02755,0.0893157949652622
SGL_RS07535,SGL_RS09875,0.0892941195667626
SGL_RS04615,SGL_RS12480,0.0892892888560053
SGL_RS16495,SGL_RS02800,0.089285514219529
SGL_RS06340,SGL_RS02990,0.0892789852743924
SGL_RS07535,SGL_RS03375,0.0892731057007738
SGL_RS15965,SGL_RS12090,0.0892675332445898
SGL_RS12595,SGL_RS03170,0.0892643479227997
SGL_RS18290,SGL_RS04105,0.0892458842646015
SGL_RS15965,SGL_RS11930,0.0892420768867582
SGL_RS15805,SGL_RS06600,0.08922994556483
SGL_RS02990,SGL_RS10295,0.0892292635153017
SGL_RS12595,SGL_RS14550,0.0892231529201047
SGL_RS14540,SGL_RS00810,0.0892193832134593
SGL_RS15805,SGL_RS13530,0.0892047212491182
SGL_RS08500,SGL_RS16540,0.089198706595591
SGL_RS04725,SGL_RS10910,0.089187977241663
SGL_RS01980,SGL_RS19005,0.0891771755901147
SGL_RS09285,SGL_RS09360,0.0891732661895192
SGL_RS17760,SGL_RS07890,0.0891692802275704
SGL_RS01625,SGL_RS08410,0.0891607919366725
SGL_RS07730,SGL_RS16375,0.0891596821459856
SGL_RS03065,SGL_RS15380,0.0891539164230586
SGL_RS04055,SGL_RS12540,0.0891519552852876
SGL_RS04450,SGL_RS02555,0.0891479785427085
SGL_RS13820,SGL_RS11685,0.0891398250875036
SGL_RS15805,SGL_RS15330,0.0891382921543947
SGL_RS10605,SGL_RS07105,0.0891226790449103
SGL_RS17395,SGL_RS08840,0.0891216644969563
SGL_RS12430,SGL_RS15180,0.0891151937898569
SGL_RS15805,SGL_RS17280,0.0891060056252849
SGL_RS06340,SGL_RS12770,0.0890895476169009
SGL_RS04615,SGL_RS16520,0.089086103106677
SGL_RS11835,SGL_RS14750,0.0890768304508714
SGL_RS16165,SGL_RS12795,0.0890680039108029
SGL_RS13130,SGL_RS07300,0.0890631622043419
SGL_RS10605,SGL_RS03275,0.0890599606191447
SGL_RS15805,SGL_RS10660,0.0890328566270154
SGL_RS04450,SGL_RS17200,0.0890315601122774
SGL_RS12595,SGL_RS16935,0.0890222105820013
SGL_RS15965,SGL_RS01685,0.0890214730443665
SGL_RS12430,SGL_RS06705,0.0890187191772809
SGL_RS00455,SGL_RS19445,0.0890174887350741
SGL_RS05150,SGL_RS10175,0.0890171686207964
SGL_RS00670,SGL_RS00650,0.089015889184833
SGL_RS15805,SGL_RS07675,0.0890137761876013
SGL_RS04450,SGL_RS14755,0.0890129327965552
SGL_RS07730,SGL_RS15525,0.0889960758282404
SGL_RS17395,SGL_RS17185,0.0889808022303669
SGL_RS01625,SGL_RS17705,0.0889801364394309
SGL_RS18290,SGL_RS13130,0.0889790222967906
SGL_RS09285,SGL_RS10150,0.0889732511996548
SGL_RS12430,SGL_RS17895,0.088972605875191
SGL_RS01980,SGL_RS15540,0.0889625048364723
SGL_RS12430,SGL_RS16945,0.0889610700699593
SGL_RS17760,SGL_RS04330,0.088954791267404
SGL_RS13130,SGL_RS00945,0.088952807241333
SGL_RS12430,SGL_RS16675,0.0889525916459886
SGL_RS15805,SGL_RS10595,0.0889477174995753
SGL_RS16080,SGL_RS00560,0.0889475165970664
SGL_RS17760,SGL_RS04215,0.0889466896880844
SGL_RS06215,SGL_RS05830,0.0889421213861407
SGL_RS09285,SGL_RS06985,0.0889220557693473
SGL_RS08500,SGL_RS16690,0.088919920975634
SGL_RS03065,SGL_RS03950,0.0889164486757602
SGL_RS04450,SGL_RS06205,0.0889132673923657
SGL_RS03065,SGL_RS08175,0.0889072135332358
SGL_RS04450,SGL_RS09100,0.0889056297577009
SGL_RS12430,SGL_RS16540,0.0888820589163686
SGL_RS12595,SGL_RS07815,0.0888813128279606
SGL_RS09285,SGL_RS17005,0.0888789334329974
SGL_RS00320,SGL_RS08730,0.0888776896621543
SGL_RS17440,SGL_RS14035,0.0888740104114292
SGL_RS02470,SGL_RS06230,0.0888733262663571
SGL_RS07730,SGL_RS06790,0.0888724889155117
SGL_RS15805,SGL_RS15865,0.0888723811752215
SGL_RS13130,SGL_RS12910,0.0888556259995889
SGL_RS15965,SGL_RS01125,0.0888508400356478
SGL_RS07975,SGL_RS15440,0.0888360739058118
SGL_RS06215,SGL_RS16515,0.0888354740718659
SGL_RS04055,SGL_RS05650,0.0888338610548783
SGL_RS04055,SGL_RS13790,0.0888326888605837
SGL_RS04725,SGL_RS09230,0.0888296752775057
SGL_RS15210,SGL_RS06585,0.0888238799440621
SGL_RS12430,SGL_RS11880,0.0888205283616625
SGL_RS15585,SGL_RS14200,0.0888163603409113
SGL_RS10605,SGL_RS17290,0.0888135216635641
SGL_RS01980,SGL_RS13810,0.0888088787997347
SGL_RS14610,SGL_RS08095,0.0888050958167397
SGL_RS10820,SGL_RS03080,0.0887997921128867
SGL_RS15965,SGL_RS03670,0.0887896770576146
SGL_RS13130,SGL_RS13500,0.0887895035768242
SGL_RS07535,SGL_RS05175,0.0887879017647674
SGL_RS00400,SGL_RS01450,0.0887818498390726
SGL_RS00320,SGL_RS18790,0.0887758760343433
SGL_RS17760,SGL_RS07415,0.0887719733588214
SGL_RS00320,SGL_RS00455,0.0887664963708574
SGL_RS09285,SGL_RS10990,0.08875062702099
SGL_RS00320,SGL_RS11665,0.0887503107756025
SGL_RS06480,SGL_RS15715,0.0887442668828287
SGL_RS00670,SGL_RS01700,0.088733489933981
SGL_RS10605,SGL_RS14385,0.0887274620170575
SGL_RS00455,SGL_RS00970,0.0887243460877501
SGL_RS16495,SGL_RS03690,0.0887227657276277
SGL_RS03065,SGL_RS08715,0.0887184333167061
SGL_RS12430,SGL_RS13060,0.0887183432295362
SGL_RS16495,SGL_RS03240,0.0887153790526009
SGL_RS06215,SGL_RS12880,0.0887126533017634
SGL_RS10820,SGL_RS03330,0.0887123233530109
SGL_RS04725,SGL_RS17875,0.088702703923125
SGL_RS18290,SGL_RS01740,0.0886886962160977
SGL_RS17760,SGL_RS09215,0.0886867149019456
SGL_RS03065,SGL_RS11035,0.088681443615457
SGL_RS07730,SGL_RS11250,0.0886806981432453
SGL_RS13130,SGL_RS12340,0.0886799062526039
SGL_RS17760,SGL_RS09590,0.0886762918688664
SGL_RS08500,SGL_RS16550,0.0886724967997933
SGL_RS00075,SGL_RS01845,0.0886644529645827
SGL_RS12430,SGL_RS02785,0.0886610605462506
SGL_RS15965,SGL_RS00540,0.0886600573178849
SGL_RS15805,SGL_RS02560,0.0886573415069319
SGL_RS12430,SGL_RS13230,0.0886462106693458
SGL_RS10820,SGL_RS14185,0.08863857718877
SGL_RS13130,SGL_RS13765,0.0886325229921183
SGL_RS12430,SGL_RS04250,0.0886285618493593
SGL_RS10820,SGL_RS15265,0.088614721498359
SGL_RS15805,SGL_RS07335,0.0886071248669141
SGL_RS03065,SGL_RS03145,0.0886019483522883
SGL_RS15245,SGL_RS05215,0.088600243924404
SGL_RS00455,SGL_RS03595,0.0885947830199427
SGL_RS04615,SGL_RS09270,0.0885935901933205
SGL_RS08835,SGL_RS13480,0.0885878349161649
SGL_RS15805,SGL_RS07840,0.088579010986847
SGL_RS17440,SGL_RS14030,0.0885648382371072
SGL_RS18290,SGL_RS03420,0.0885584208440378
SGL_RS00400,SGL_RS00195,0.0885571269381842
SGL_RS13130,SGL_RS14535,0.0885547293018869
SGL_RS03065,SGL_RS16340,0.088542282319022
SGL_RS04615,SGL_RS05645,0.0885403827257863
SGL_RS01955,SGL_RS02495,0.0885387718572933
SGL_RS10755,SGL_RS20150,0.08853262989786
SGL_RS04820,SGL_RS03705,0.0885175721520142
SGL_RS12430,SGL_RS03470,0.0885072054977391
SGL_RS06410,SGL_RS08040,0.0884901632821515
SGL_RS17760,SGL_RS14775,0.0884847497765987
SGL_RS00455,SGL_RS00675,0.0884824800289042
SGL_RS13130,SGL_RS07160,0.088481470699107
SGL_RS10820,SGL_RS10285,0.0884801624997064
SGL_RS11370,SGL_RS07150,0.0884760971576817
SGL_RS00400,SGL_RS01960,0.0884758447059496
SGL_RS08210,SGL_RS08640,0.088470824766432
SGL_RS15805,SGL_RS06015,0.0884704812621449
SGL_RS16495,SGL_RS15875,0.0884687381795526
SGL_RS00400,SGL_RS19735,0.0884629086814535
SGL_RS10605,SGL_RS12030,0.0884596254118623
SGL_RS08210,SGL_RS18195,0.0884577154942807
SGL_RS08520,SGL_RS00625,0.0884483164684377
SGL_RS09285,SGL_RS12060,0.0884477470123245
SGL_RS16495,SGL_RS02130,0.0884446338878809
SGL_RS10820,SGL_RS11735,0.0884408735800274
SGL_RS15965,SGL_RS02135,0.088439278671403
SGL_RS09285,SGL_RS20165,0.0884207736748282
SGL_RS04450,SGL_RS05765,0.088420655822887
SGL_RS17245,SGL_RS13015,0.0884205100495696
SGL_RS04820,SGL_RS13845,0.0884195400938314
SGL_RS14385,SGL_RS08045,0.0884186851615422
SGL_RS15805,SGL_RS09290,0.0884131382441875
SGL_RS00455,SGL_RS15605,0.088403256423998
SGL_RS15805,SGL_RS15365,0.0883972487013631
SGL_RS17395,SGL_RS17485,0.0883947139129153
SGL_RS15805,SGL_RS07165,0.0883916351700193
SGL_RS10820,SGL_RS08680,0.088382456582997
SGL_RS17760,SGL_RS11135,0.0883819973712825
SGL_RS17395,SGL_RS15310,0.0883717830549038
SGL_RS15965,SGL_RS14710,0.0883546952283111
SGL_RS12430,SGL_RS05445,0.0883542439884675
SGL_RS00400,SGL_RS01060,0.0883417826122815
SGL_RS12430,SGL_RS18655,0.0883371268073897
SGL_RS04055,SGL_RS05435,0.0883264130250932
SGL_RS17760,SGL_RS04255,0.0883195235565637
SGL_RS01980,SGL_RS14730,0.088315494644852
SGL_RS00670,SGL_RS19675,0.0883126097034584
SGL_RS04725,SGL_RS01280,0.0883027133760202
SGL_RS16495,SGL_RS02815,0.0883026732034877
SGL_RS12005,SGL_RS14975,0.088298248373491
SGL_RS07730,SGL_RS13905,0.0882972802290373
SGL_RS08835,SGL_RS10055,0.08829082833334
SGL_RS15805,SGL_RS18230,0.0882867752530847
SGL_RS07730,SGL_RS12725,0.0882843618381509
SGL_RS06480,SGL_RS16170,0.0882807301463433
SGL_RS09285,SGL_RS11625,0.0882771103577867
SGL_RS14385,SGL_RS18060,0.0882746065337227
SGL_RS01215,SGL_RS00965,0.0882467450800919
SGL_RS06215,SGL_RS04080,0.0882380039955747
SGL_RS07730,SGL_RS07725,0.088234510425185
SGL_RS09285,SGL_RS12615,0.0882241902712303
SGL_RS02990,SGL_RS06005,0.0882186500894617
SGL_RS15805,SGL_RS01885,0.0882070139307874
SGL_RS12430,SGL_RS08715,0.088203211847594
SGL_RS15965,SGL_RS10415,0.0882021811242324
SGL_RS09285,SGL_RS11655,0.0882004592458194
SGL_RS12430,SGL_RS08605,0.0881803405145856
SGL_RS03065,SGL_RS10225,0.0881765735191035
SGL_RS13130,SGL_RS08845,0.0881640806619982
SGL_RS06080,SGL_RS13535,0.0881587874977321
SGL_RS06340,SGL_RS13120,0.0881563266869408
SGL_RS14165,SGL_RS14175,0.0881384177880915
SGL_RS07730,SGL_RS03410,0.0881342254703135
SGL_RS14610,SGL_RS08820,0.0881242317247527
SGL_RS15805,SGL_RS01000,0.0881205101302428
SGL_RS17760,SGL_RS03030,0.0881175834989677
SGL_RS12430,SGL_RS17540,0.0881072577253492
SGL_RS09285,SGL_RS11800,0.0881050464912277
SGL_RS18290,SGL_RS18755,0.0881013395978357
SGL_RS12430,SGL_RS12415,0.0880921887863195
SGL_RS03065,SGL_RS04470,0.0880900133442695
SGL_RS15965,SGL_RS18485,0.0880735466444484
SGL_RS07730,SGL_RS14055,0.0880660874306538
SGL_RS10605,SGL_RS14630,0.0880639088888037
SGL_RS02470,SGL_RS07545,0.0880611019485868
SGL_RS15805,SGL_RS13730,0.0880554538958945
SGL_RS17760,SGL_RS09060,0.0880531163375293
SGL_RS00400,SGL_RS00635,0.0880482200065505
SGL_RS17760,SGL_RS17695,0.0880436985355518
SGL_RS00075,SGL_RS00265,0.0880278382297321
SGL_RS06340,SGL_RS05470,0.0880277140476589
SGL_RS12595,SGL_RS11655,0.0880272674552008
SGL_RS12430,SGL_RS17060,0.0880166573702205
SGL_RS14385,SGL_RS04315,0.0880121008864652
SGL_RS12430,SGL_RS13995,0.0880022945656876
SGL_RS15210,SGL_RS15205,0.0879937094329157
SGL_RS11985,SGL_RS14745,0.0879932531593826
SGL_RS07535,SGL_RS06600,0.0879918462007876
SGL_RS16495,SGL_RS14275,0.087989014535505
SGL_RS11370,SGL_RS04200,0.0879701525370353
SGL_RS15210,SGL_RS06780,0.0879650510989311
SGL_RS01980,SGL_RS02165,0.0879646426707396
SGL_RS13820,SGL_RS11050,0.087962183673529
SGL_RS12430,SGL_RS01900,0.0879604481503559
SGL_RS11985,SGL_RS05065,0.0879602662227217
SGL_RS09285,SGL_RS14140,0.087958299704656
SGL_RS08835,SGL_RS16290,0.0879493420005221
SGL_RS00320,SGL_RS00560,0.0879470475723847
SGL_RS07535,SGL_RS02595,0.0879449913338028
SGL_RS01625,SGL_RS17720,0.0879423834747566
SGL_RS06410,SGL_RS07390,0.0879419136481541
SGL_RS06080,SGL_RS02025,0.0879384792766496
SGL_RS09285,SGL_RS03105,0.0879312008633842
SGL_RS08520,SGL_RS01055,0.087925033261375
SGL_RS00320,SGL_RS01575,0.087921628561348
SGL_RS00400,SGL_RS02920,0.0879194893280147
SGL_RS10820,SGL_RS13635,0.0879120876144343
SGL_RS13130,SGL_RS17835,0.0879094824639883
SGL_RS12005,SGL_RS14075,0.0878986461159556
SGL_RS04450,SGL_RS09950,0.0878986251507427
SGL_RS12595,SGL_RS12945,0.0878961506062572
SGL_RS17760,SGL_RS06405,0.0878949418124615
SGL_RS12430,SGL_RS06760,0.0878886335454397
SGL_RS03065,SGL_RS15745,0.0878884640604979
SGL_RS04725,SGL_RS14115,0.0878850986377549
SGL_RS12430,SGL_RS14155,0.0878756537923773
SGL_RS01955,SGL_RS11165,0.0878503990344504
SGL_RS00400,SGL_RS01090,0.0878455044231384
SGL_RS15805,SGL_RS09345,0.0878415939783295
SGL_RS06340,SGL_RS13115,0.0878324349441181
SGL_RS08835,SGL_RS14845,0.0878313704484433
SGL_RS05150,SGL_RS17660,0.0878286625533938
SGL_RS13130,SGL_RS07795,0.0878212803949848
SGL_RS12430,SGL_RS07200,0.0878138903025597
SGL_RS09285,SGL_RS13735,0.0878104006821671
SGL_RS17760,SGL_RS15210,0.0878053110071806
SGL_RS16165,SGL_RS11565,0.0877967159961716
SGL_RS02990,SGL_RS16670,0.0877958590312318
SGL_RS01955,SGL_RS02020,0.0877885242784444
SGL_RS15965,SGL_RS11155,0.0877794510416182
SGL_RS11370,SGL_RS13790,0.087772662877246
SGL_RS02510,SGL_RS02190,0.0877652001954295
SGL_RS00400,SGL_RS01135,0.0877585386517175
SGL_RS17245,SGL_RS13100,0.0877562912722015
SGL_RS07975,SGL_RS17535,0.0877551826016205
SGL_RS02470,SGL_RS05850,0.0877461973840464
SGL_RS01955,SGL_RS04375,0.0877422889038387
SGL_RS04055,SGL_RS03870,0.0877390822022671
SGL_RS01980,SGL_RS00690,0.0877369482541374
SGL_RS05150,SGL_RS17605,0.0877329095457538
SGL_RS06215,SGL_RS15255,0.0877291520565711
SGL_RS09285,SGL_RS06765,0.0877112264506181
SGL_RS07535,SGL_RS11355,0.0877069655495787
SGL_RS11370,SGL_RS08120,0.0877045586393929
SGL_RS01980,SGL_RS01365,0.0876985960547885
SGL_RS10820,SGL_RS09780,0.0876789456079507
SGL_RS06410,SGL_RS02890,0.0876677767329902
SGL_RS15965,SGL_RS01220,0.0876613147531907
SGL_RS04615,SGL_RS10450,0.0876577699425438
SGL_RS11285,SGL_RS12810,0.0876442039037287
SGL_RS02990,SGL_RS07125,0.0876426226162994
SGL_RS09285,SGL_RS10650,0.0876419891769354
SGL_RS13820,SGL_RS16840,0.0876375817688003
SGL_RS04055,SGL_RS01875,0.087621655396527
SGL_RS16495,SGL_RS16755,0.0876031824509013
SGL_RS12005,SGL_RS05245,0.087595590275086
SGL_RS00400,SGL_RS00405,0.0875936638936721
SGL_RS06215,SGL_RS06985,0.0875924730966677
SGL_RS04450,SGL_RS15190,0.0875776311157495
SGL_RS15210,SGL_RS04805,0.0875765268782157
SGL_RS18290,SGL_RS16880,0.0875733361560646
SGL_RS15245,SGL_RS19385,0.0875722219608691
SGL_RS02990,SGL_RS11450,0.0875691740857743
SGL_RS12430,SGL_RS15305,0.0875575075514175
SGL_RS17760,SGL_RS16220,0.0875507423820492
SGL_RS04615,SGL_RS17865,0.0875195771430658
SGL_RS04055,SGL_RS18040,0.0875121894342532
SGL_RS06410,SGL_RS03865,0.0875100938426916
SGL_RS16495,SGL_RS03925,0.0875018854097816
SGL_RS14610,SGL_RS08815,0.0874899094060733
SGL_RS08520,SGL_RS10815,0.0874716865052293
SGL_RS17395,SGL_RS15710,0.087463626218161
SGL_RS17760,SGL_RS19625,0.0874626015167198
SGL_RS01955,SGL_RS14525,0.0874611817532555
SGL_RS18290,SGL_RS18310,0.0874607071966778
SGL_RS00455,SGL_RS00120,0.0874568651468214
SGL_RS17395,SGL_RS16925,0.0874564264483756
SGL_RS16495,SGL_RS18960,0.0874404195224876
SGL_RS00670,SGL_RS00275,0.0874388794415862
SGL_RS12005,SGL_RS04440,0.0874311088291621
SGL_RS04055,SGL_RS09155,0.087428228651978
SGL_RS17395,SGL_RS11095,0.0874238903261366
SGL_RS17760,SGL_RS06865,0.0874151680221633
SGL_RS16080,SGL_RS01270,0.0874128073876928
SGL_RS00515,SGL_RS01830,0.0874101201386183
SGL_RS15805,SGL_RS17635,0.0874066206719912
SGL_RS08500,SGL_RS02625,0.0874018821547806
SGL_RS12595,SGL_RS12950,0.0874006411934271
SGL_RS06080,SGL_RS09930,0.0873993941163273
SGL_RS05150,SGL_RS06860,0.0873971938589563
SGL_RS08835,SGL_RS10840,0.0873961695982306
SGL_RS00400,SGL_RS00090,0.0873915674304905
SGL_RS02990,SGL_RS17270,0.087382273794559
SGL_RS17245,SGL_RS05840,0.0873650648217721
SGL_RS18290,SGL_RS00805,0.0873535710917781
SGL_RS17760,SGL_RS14790,0.0873184281049193
SGL_RS00400,SGL_RS06385,0.0873183459165823
SGL_RS15805,SGL_RS17100,0.0873146377771827
SGL_RS10820,SGL_RS12170,0.0873065523403052
SGL_RS11370,SGL_RS03820,0.0873059051375428
SGL_RS18290,SGL_RS09645,0.0873025935782067
SGL_RS14610,SGL_RS18675,0.0873023427862183
SGL_RS00400,SGL_RS01445,0.0873016688242738
SGL_RS17395,SGL_RS06535,0.087291208367919
SGL_RS10820,SGL_RS10690,0.0872769383837271
SGL_RS11370,SGL_RS18040,0.0872747018247839
SGL_RS10820,SGL_RS06885,0.087269456062745
SGL_RS12430,SGL_RS16890,0.0872662410179126
SGL_RS11370,SGL_RS11420,0.0872581250323338
SGL_RS08500,SGL_RS12490,0.087245741076403
SGL_RS00455,SGL_RS00660,0.0872418094737371
SGL_RS10605,SGL_RS10615,0.0872372799913776
SGL_RS06410,SGL_RS03330,0.0872210756946075
SGL_RS15805,SGL_RS12575,0.0872183927628211
SGL_RS04450,SGL_RS12445,0.0872143149461022
SGL_RS04615,SGL_RS18170,0.0872073900520536
SGL_RS18290,SGL_RS09680,0.0872011287850992
SGL_RS02020,SGL_RS01320,0.0872004518357159
SGL_RS12005,SGL_RS05370,0.0871967889515317
SGL_RS02020,SGL_RS00080,0.0871961994433165
SGL_RS09285,SGL_RS12365,0.0871945756925856
SGL_RS17760,SGL_RS00300,0.0871918965799865
SGL_RS15805,SGL_RS08760,0.087184950565638
SGL_RS12430,SGL_RS07600,0.0871792584139896
SGL_RS02020,SGL_RS00340,0.0871721352782464
SGL_RS13130,SGL_RS12395,0.0871712508476521
SGL_RS17395,SGL_RS12855,0.0871708453381535
SGL_RS02510,SGL_RS16420,0.0871690704332248
SGL_RS12430,SGL_RS04800,0.0871608274094922
SGL_RS17395,SGL_RS17335,0.087153710366808
SGL_RS09285,SGL_RS09595,0.0871498129855145
SGL_RS07975,SGL_RS07425,0.0871497885958639
SGL_RS15965,SGL_RS00600,0.0871437788496083
SGL_RS04450,SGL_RS14075,0.087141158320913
SGL_RS00455,SGL_RS01575,0.0871370808008223
SGL_RS06340,SGL_RS12830,0.0871341875381828
SGL_RS02470,SGL_RS19495,0.0871317759481468
SGL_RS04055,SGL_RS12390,0.0871314674748122
SGL_RS10820,SGL_RS04675,0.0871307168293043
SGL_RS15965,SGL_RS01130,0.0871303360696621
SGL_RS07730,SGL_RS19935,0.0871289416923285
SGL_RS12430,SGL_RS05885,0.0871276652222173
SGL_RS13130,SGL_RS08800,0.0871240440371029
SGL_RS00400,SGL_RS11665,0.0871232607967889
SGL_RS11370,SGL_RS13215,0.0871157006429422
SGL_RS18290,SGL_RS13765,0.0871119456056823
SGL_RS01980,SGL_RS09530,0.0871030063898607
SGL_RS15805,SGL_RS12645,0.0870974782580555
SGL_RS09285,SGL_RS08220,0.08709613960281
SGL_RS08080,SGL_RS03400,0.0870925922130015
SGL_RS10820,SGL_RS05375,0.0870894585076176
SGL_RS09285,SGL_RS13890,0.0870864946638355
SGL_RS00670,SGL_RS01445,0.0870827043427992
SGL_RS08835,SGL_RS03885,0.0870740319392981
SGL_RS12005,SGL_RS07380,0.0870680749383908
SGL_RS11370,SGL_RS11345,0.0870649001618768
SGL_RS16165,SGL_RS12090,0.0870433869607065
SGL_RS09285,SGL_RS13060,0.0870403897530823
SGL_RS13130,SGL_RS06875,0.0870344322606414
SGL_RS10820,SGL_RS14795,0.0870334143545163
SGL_RS06410,SGL_RS02690,0.0870309460685719
SGL_RS17760,SGL_RS08850,0.0870261036328852
SGL_RS08210,SGL_RS06530,0.0870005879857325
SGL_RS03065,SGL_RS12430,0.0869997092361535
SGL_RS10605,SGL_RS13940,0.0869805245393039
SGL_RS10820,SGL_RS12625,0.0869719203011706
SGL_RS15245,SGL_RS11750,0.086971286936806
SGL_RS04725,SGL_RS18305,0.0869495273408119
SGL_RS04055,SGL_RS10265,0.0869430655419658
SGL_RS06480,SGL_RS08205,0.0869393844962272
SGL_RS06215,SGL_RS17240,0.0869344524970121
SGL_RS10820,SGL_RS02935,0.0869257215888072
SGL_RS15805,SGL_RS11740,0.0869238286359672
SGL_RS14540,SGL_RS07565,0.086922913868131
SGL_RS17760,SGL_RS05020,0.0869214749409153
SGL_RS12595,SGL_RS09640,0.0869192711462878
SGL_RS06215,SGL_RS06355,0.0869187479456438
SGL_RS00400,SGL_RS01585,0.0869161499289994
SGL_RS17760,SGL_RS17635,0.0869091796796818
SGL_RS11285,SGL_RS10865,0.0869036321529648
SGL_RS04725,SGL_RS15840,0.0868571149016153
SGL_RS09285,SGL_RS11415,0.0868560123573906
SGL_RS00400,SGL_RS16180,0.0868473295381496
SGL_RS00455,SGL_RS01035,0.086846554117978
SGL_RS15805,SGL_RS03085,0.0868353273284555
SGL_RS06340,SGL_RS08935,0.0868300885334937
SGL_RS15245,SGL_RS00805,0.086827661135299
SGL_RS02510,SGL_RS03185,0.0868276411093586
SGL_RS09285,SGL_RS05620,0.0868173767353062
SGL_RS04820,SGL_RS13400,0.0868093958134054
SGL_RS04055,SGL_RS01265,0.0868022347849338
SGL_RS15965,SGL_RS14830,0.0867906426336804
SGL_RS06080,SGL_RS00890,0.0867858692209566
SGL_RS17395,SGL_RS14320,0.086776860169154
SGL_RS05150,SGL_RS13240,0.0867699514565741
SGL_RS13820,SGL_RS11600,0.0867665370442351
SGL_RS04725,SGL_RS06145,0.0867635607897398
SGL_RS15965,SGL_RS10060,0.08676119993584
SGL_RS17760,SGL_RS02955,0.0867533501082543
SGL_RS16495,SGL_RS05470,0.086746736688607
SGL_RS00515,SGL_RS18960,0.0867321243136532
SGL_RS11835,SGL_RS06525,0.086729963616206
SGL_RS01955,SGL_RS08835,0.0867276903589684
SGL_RS09285,SGL_RS07590,0.0867237721964043
SGL_RS12005,SGL_RS14045,0.0867199748962226
SGL_RS08500,SGL_RS10665,0.0867158993508929
SGL_RS15965,SGL_RS09570,0.0867083990995028
SGL_RS00075,SGL_RS08320,0.0867055593431443
SGL_RS02990,SGL_RS07655,0.0867019836656521
SGL_RS04615,SGL_RS05295,0.0867002464955032
SGL_RS07535,SGL_RS15355,0.0866870496113319
SGL_RS15210,SGL_RS03350,0.0866839146194059
SGL_RS11370,SGL_RS02105,0.0866811881781206
SGL_RS04725,SGL_RS17520,0.086677600630058
SGL_RS15965,SGL_RS03535,0.0866739273923368
SGL_RS01215,SGL_RS19355,0.0866720650802991
SGL_RS11285,SGL_RS02870,0.0866679817547507
SGL_RS09285,SGL_RS04185,0.0866605646535625
SGL_RS03065,SGL_RS15500,0.0866555773926044
SGL_RS06340,SGL_RS07875,0.0866510175308855
SGL_RS07740,SGL_RS01470,0.0866491668404583
SGL_RS15210,SGL_RS10065,0.0866455945685444
SGL_RS06215,SGL_RS12640,0.0866407790323489
SGL_RS06410,SGL_RS03545,0.0866397143391363
SGL_RS13130,SGL_RS09200,0.0866276113370657
SGL_RS17245,SGL_RS10800,0.0866245132171085
SGL_RS07730,SGL_RS13775,0.0866194140264499
SGL_RS06410,SGL_RS17175,0.0866139425828072
SGL_RS12430,SGL_RS17460,0.0866043180138187
SGL_RS01980,SGL_RS11900,0.0865980242213655
SGL_RS15245,SGL_RS14890,0.0865971876732977
SGL_RS15245,SGL_RS13855,0.0865968518197636
SGL_RS00320,SGL_RS15255,0.0865929073785569
SGL_RS03065,SGL_RS19935,0.086579658553272
SGL_RS17395,SGL_RS06340,0.0865770270343362
SGL_RS15805,SGL_RS04750,0.0865586445538233
SGL_RS12430,SGL_RS09800,0.0865409693543297
SGL_RS06480,SGL_RS09810,0.0865395236591494
SGL_RS01980,SGL_RS01370,0.0865315624342718
SGL_RS16165,SGL_RS19355,0.086527995376897
SGL_RS12430,SGL_RS17515,0.0865267527047263
SGL_RS08210,SGL_RS10155,0.0865219954492565
SGL_RS17760,SGL_RS12165,0.0865215863857493
SGL_RS12430,SGL_RS07820,0.0865212107420005
SGL_RS13130,SGL_RS06955,0.0865187484663032
SGL_RS12430,SGL_RS07815,0.0865143889493576
SGL_RS01980,SGL_RS00435,0.0865104772333923
SGL_RS17395,SGL_RS12775,0.0865093353804099
SGL_RS03065,SGL_RS05155,0.0865071451929445
SGL_RS00455,SGL_RS03640,0.0865062868653388
SGL_RS18290,SGL_RS16640,0.0865059223048804
SGL_RS03065,SGL_RS18055,0.0864967672276613
SGL_RS10605,SGL_RS19450,0.0864913048738933
SGL_RS12485,SGL_RS02790,0.0864845093812177
SGL_RS09285,SGL_RS03090,0.086483313457607
SGL_RS03065,SGL_RS07030,0.0864627460691465
SGL_RS02990,SGL_RS15455,0.0864599649317352
SGL_RS17395,SGL_RS13975,0.08645544187836
SGL_RS04055,SGL_RS08140,0.0864538447381749
SGL_RS18290,SGL_RS06300,0.0864412509793166
SGL_RS04450,SGL_RS07240,0.0864251503598719
SGL_RS15965,SGL_RS03595,0.0864240932391735
SGL_RS06410,SGL_RS15825,0.0864225159305846
SGL_RS02990,SGL_RS05450,0.0864208770392448
SGL_RS02510,SGL_RS19610,0.0864162624784844
SGL_RS15805,SGL_RS06990,0.0864050508773438
SGL_RS15965,SGL_RS15930,0.0863981189491789
SGL_RS06080,SGL_RS16160,0.0863883037195106
SGL_RS15965,SGL_RS14970,0.08638485605698
SGL_RS09285,SGL_RS14755,0.0863846886826932
SGL_RS15310,SGL_RS10850,0.0863790811688567
SGL_RS11370,SGL_RS08430,0.0863718870720579
SGL_RS13130,SGL_RS10820,0.0863709860873762
SGL_RS09285,SGL_RS03305,0.0863675912533346
SGL_RS12430,SGL_RS18035,0.0863652937508523
SGL_RS17245,SGL_RS05930,0.0863643688215457
SGL_RS12430,SGL_RS15110,0.0863629268883017
SGL_RS08835,SGL_RS01965,0.0863319844629249
SGL_RS09285,SGL_RS11230,0.0863303477823155
SGL_RS10820,SGL_RS17520,0.0863281168384592
SGL_RS04450,SGL_RS14540,0.0863271100788115
SGL_RS18290,SGL_RS15285,0.0863251338875102
SGL_RS15245,SGL_RS03935,0.086325074326068
SGL_RS17760,SGL_RS14805,0.0863220944560228
SGL_RS18290,SGL_RS15700,0.0863186598208944
SGL_RS15965,SGL_RS01110,0.086316771782229
SGL_RS14385,SGL_RS09110,0.0863163775640826
SGL_RS08040,SGL_RS16115,0.0863162491520643
SGL_RS04450,SGL_RS11630,0.0863119966491522
SGL_RS07730,SGL_RS12185,0.0863112162109555
SGL_RS07730,SGL_RS13220,0.0863111056789009
SGL_RS09285,SGL_RS08570,0.0863094081315394
SGL_RS17395,SGL_RS05465,0.0863043229165237
SGL_RS14385,SGL_RS04455,0.0863033906902176
SGL_RS04615,SGL_RS12410,0.0862981700461655
SGL_RS13820,SGL_RS08020,0.0862959313315516
SGL_RS15805,SGL_RS05495,0.086294894278765
SGL_RS06080,SGL_RS09815,0.0862931409183247
SGL_RS13130,SGL_RS14620,0.0862889307051282
SGL_RS12430,SGL_RS11885,0.0862872411077603
SGL_RS04055,SGL_RS06340,0.0862867153147782
SGL_RS01625,SGL_RS10185,0.0862863116423025
SGL_RS11370,SGL_RS04115,0.0862723882302654
SGL_RS07730,SGL_RS00415,0.0862663733240712
SGL_RS02470,SGL_RS14855,0.0862619022807649
SGL_RS13820,SGL_RS17905,0.0862603468768604
SGL_RS14540,SGL_RS13800,0.0862567854208603
SGL_RS04615,SGL_RS11760,0.0862545884705162
SGL_RS11370,SGL_RS12065,0.0862403085455642
SGL_RS06340,SGL_RS09085,0.0862375390367714
SGL_RS15805,SGL_RS08710,0.086233773183857
SGL_RS15805,SGL_RS08455,0.0862230784435228
SGL_RS04450,SGL_RS15240,0.0862035332796105
SGL_RS08165,SGL_RS11065,0.0862024651346978
SGL_RS10820,SGL_RS11400,0.086200726096519
SGL_RS09285,SGL_RS12065,0.0861911852154994
SGL_RS06340,SGL_RS03365,0.0861903330772628
SGL_RS08520,SGL_RS06960,0.0861789480993389
SGL_RS11285,SGL_RS12100,0.0861781417869836
SGL_RS00515,SGL_RS03715,0.0861763255090071
SGL_RS15210,SGL_RS11430,0.0861483501774108
SGL_RS11370,SGL_RS10580,0.0861461526958978
SGL_RS12430,SGL_RS19470,0.0861419176401428
SGL_RS17395,SGL_RS15545,0.0861415897872592
SGL_RS09285,SGL_RS06600,0.086136955791373
SGL_RS01980,SGL_RS08955,0.0861321138102439
SGL_RS09285,SGL_RS15645,0.0861251745512942
SGL_RS02020,SGL_RS11730,0.0861216463639216
SGL_RS17760,SGL_RS02195,0.0861098417598116
SGL_RS15805,SGL_RS16665,0.0861060743418981
SGL_RS05150,SGL_RS10700,0.0860957996006862
SGL_RS11370,SGL_RS02555,0.0860923186894208
SGL_RS17395,SGL_RS16735,0.0860888152142091
SGL_RS18290,SGL_RS03110,0.0860859755038627
SGL_RS12430,SGL_RS07770,0.0860708286329423
SGL_RS17760,SGL_RS15630,0.0860689378293292
SGL_RS17760,SGL_RS10915,0.0860658840511302
SGL_RS08500,SGL_RS08745,0.0860652652548502
SGL_RS15210,SGL_RS07545,0.0860614720082763
SGL_RS04055,SGL_RS05165,0.0860558390030017
SGL_RS13130,SGL_RS12235,0.0860542054167587
SGL_RS01255,SGL_RS00885,0.086049931808179
SGL_RS06340,SGL_RS07850,0.0860409824091129
SGL_RS17395,SGL_RS03985,0.0860276997317397
SGL_RS15965,SGL_RS14800,0.0860087043548386
SGL_RS04615,SGL_RS03505,0.086003095589501
SGL_RS10605,SGL_RS06420,0.0860019042759726
SGL_RS10820,SGL_RS09725,0.0859976591667512
SGL_RS18290,SGL_RS05105,0.0859888749389091
SGL_RS04725,SGL_RS17050,0.0859866398540755
SGL_RS00670,SGL_RS01690,0.0859831986925573
SGL_RS00400,SGL_RS03635,0.0859818805470065
SGL_RS00400,SGL_RS19770,0.0859741918181975
SGL_RS06340,SGL_RS04055,0.0859721312983513
SGL_RS00455,SGL_RS19655,0.0859628135700217
SGL_RS13820,SGL_RS13965,0.0859622793330666
SGL_RS08210,SGL_RS03420,0.0859537957385829
SGL_RS02020,SGL_RS01375,0.085951913322272
SGL_RS15805,SGL_RS13055,0.0859327364037045
SGL_RS14385,SGL_RS10320,0.0859289491639421
SGL_RS06080,SGL_RS16145,0.0859216091492931
SGL_RS17395,SGL_RS14120,0.0859193618328432
SGL_RS17395,SGL_RS14770,0.0859187033285104
SGL_RS17395,SGL_RS13495,0.0859127182658675
SGL_RS10605,SGL_RS11775,0.0859111595744723
SGL_RS15805,SGL_RS10065,0.0859061347887885
SGL_RS08210,SGL_RS14105,0.0859057044631123
SGL_RS12430,SGL_RS07170,0.0858983672624114
SGL_RS00455,SGL_RS19770,0.0858981719324555
SGL_RS15805,SGL_RS10320,0.0858971660843366
SGL_RS15805,SGL_RS14685,0.0858964848552387
SGL_RS03065,SGL_RS10435,0.0858941836428003
SGL_RS16495,SGL_RS03735,0.0858902700658486
SGL_RS02990,SGL_RS02855,0.0858894527831185
SGL_RS00400,SGL_RS14840,0.0858892732719661
SGL_RS11285,SGL_RS13465,0.085878365686201
SGL_RS06080,SGL_RS04180,0.0858673148684027
SGL_RS09285,SGL_RS13320,0.0858666011366328
SGL_RS17395,SGL_RS02190,0.0858642108592264
SGL_RS10605,SGL_RS15280,0.0858638300725795
SGL_RS08210,SGL_RS05460,0.085860956133321
SGL_RS10605,SGL_RS02310,0.0858605618906001
SGL_RS00400,SGL_RS09580,0.0858522043208401
SGL_RS12595,SGL_RS15740,0.0858513814562231
SGL_RS00400,SGL_RS05160,0.0858429351150273
SGL_RS17245,SGL_RS10625,0.0858405178122155
SGL_RS15965,SGL_RS14645,0.0858345621634978
SGL_RS08835,SGL_RS13645,0.0858296402527766
SGL_RS04450,SGL_RS09185,0.0858266299693051
SGL_RS10820,SGL_RS11675,0.0858236165479284
SGL_RS17120,SGL_RS07975,0.085820310470352
SGL_RS03065,SGL_RS13930,0.085819909581063
SGL_RS15965,SGL_RS16695,0.0858190982304891
SGL_RS08210,SGL_RS10945,0.0858091819198461
SGL_RS12430,SGL_RS02395,0.0858075602833373
SGL_RS15805,SGL_RS16645,0.0858052497597574
SGL_RS10605,SGL_RS16615,0.0858013272145092
SGL_RS12430,SGL_RS10420,0.0857900432408143
SGL_RS12430,SGL_RS09170,0.0857869340303976
SGL_RS00320,SGL_RS03590,0.0857864297218181
SGL_RS12430,SGL_RS17120,0.085786088927106
SGL_RS02990,SGL_RS02545,0.0857840718167067
SGL_RS16165,SGL_RS01465,0.0857840428770046
SGL_RS14540,SGL_RS17475,0.0857836599405532
SGL_RS00455,SGL_RS01045,0.0857829653833723
SGL_RS03065,SGL_RS15760,0.085781604665451
SGL_RS13820,SGL_RS13980,0.08577940942804
SGL_RS15805,SGL_RS16705,0.0857791507574864
SGL_RS00320,SGL_RS09935,0.0857702802640743
SGL_RS06480,SGL_RS09760,0.0857604280256372
SGL_RS15805,SGL_RS07665,0.0857590185006907
SGL_RS17245,SGL_RS05745,0.0857585247307656
SGL_RS15210,SGL_RS02440,0.0857584539503993
SGL_RS14540,SGL_RS18890,0.0857558875209737
SGL_RS02470,SGL_RS17215,0.0857523217745245
SGL_RS07730,SGL_RS17150,0.0857396007297819
SGL_RS17760,SGL_RS09710,0.0857380310385199
SGL_RS17760,SGL_RS10195,0.085737898062336
SGL_RS15965,SGL_RS01415,0.0857352430017892
SGL_RS15805,SGL_RS05535,0.0857301412136589
SGL_RS04055,SGL_RS07225,0.0857279890305143
SGL_RS08500,SGL_RS08495,0.0857276035186616
SGL_RS11985,SGL_RS00500,0.0857267077334786
SGL_RS00320,SGL_RS00135,0.0857264254827138
SGL_RS07975,SGL_RS13760,0.0857256308882799
SGL_RS09285,SGL_RS13445,0.0857190049719303
SGL_RS11370,SGL_RS09160,0.0857190030625205
SGL_RS15965,SGL_RS06090,0.0857106111169145
SGL_RS10820,SGL_RS10395,0.0857071234337604
SGL_RS15965,SGL_RS18825,0.085702081766978
SGL_RS03065,SGL_RS06240,0.0857020325426919
SGL_RS04725,SGL_RS18095,0.0856994436932048
SGL_RS15805,SGL_RS03840,0.0856867127015792
SGL_RS04725,SGL_RS11915,0.0856820166850314
SGL_RS18290,SGL_RS04710,0.0856766708637458
SGL_RS11285,SGL_RS09210,0.0856691038555824
SGL_RS14540,SGL_RS11095,0.0856646324584852
SGL_RS11370,SGL_RS09980,0.0856622425112934
SGL_RS12430,SGL_RS14140,0.0856550566587102
SGL_RS00320,SGL_RS11465,0.0856548186459062
SGL_RS12540,SGL_RS11720,0.0856542417091147
SGL_RS10755,SGL_RS09505,0.085649691830219
SGL_RS04725,SGL_RS09325,0.0856490613878284
SGL_RS07535,SGL_RS08210,0.0856475144449689
SGL_RS12430,SGL_RS07755,0.0856446817867431
SGL_RS16165,SGL_RS16185,0.0856291152994668
SGL_RS09285,SGL_RS18035,0.0856282702888836
SGL_RS08500,SGL_RS08120,0.0856269780734831
SGL_RS04450,SGL_RS02585,0.0856266287331378
SGL_RS04615,SGL_RS14545,0.0856193907589438
SGL_RS12595,SGL_RS02460,0.0856070719688877
SGL_RS15805,SGL_RS17240,0.0856059468823025
SGL_RS01980,SGL_RS10375,0.085600498422542
SGL_RS12430,SGL_RS15790,0.0856000269583407
SGL_RS08210,SGL_RS09695,0.0855988065131598
SGL_RS13130,SGL_RS06535,0.085592138645362
SGL_RS12430,SGL_RS04190,0.0855754560318027
SGL_RS14540,SGL_RS07145,0.0855654296332493
SGL_RS15210,SGL_RS05235,0.0855460628298455
SGL_RS00320,SGL_RS00720,0.0855425446807009
SGL_RS10605,SGL_RS17305,0.0855366481831635
SGL_RS00400,SGL_RS00230,0.0855332137911509
SGL_RS15805,SGL_RS06690,0.0855274313360037
SGL_RS12430,SGL_RS15500,0.0855253271413284
SGL_RS17760,SGL_RS14785,0.0855192078674037
SGL_RS15245,SGL_RS16530,0.0855174979769324
SGL_RS00455,SGL_RS01065,0.085517046844288
SGL_RS08835,SGL_RS19195,0.0855151370092355
SGL_RS15805,SGL_RS11805,0.0855121484196641
SGL_RS00400,SGL_RS04225,0.0855013679685925
SGL_RS15805,SGL_RS13690,0.085497443170602
SGL_RS12595,SGL_RS15435,0.0854957990547307
SGL_RS16165,SGL_RS01685,0.0854819071686966
SGL_RS04725,SGL_RS14780,0.0854749300719033
SGL_RS15805,SGL_RS17315,0.0854728264753749
SGL_RS04055,SGL_RS08435,0.0854702056849152
SGL_RS12430,SGL_RS15835,0.0854655267197778
SGL_RS15805,SGL_RS13860,0.0854571061378469
SGL_RS09285,SGL_RS17475,0.0854543107922826
SGL_RS08835,SGL_RS13235,0.0854362926743441
SGL_RS00400,SGL_RS01835,0.0854307859753331
SGL_RS12005,SGL_RS09975,0.0854182991962454
SGL_RS06340,SGL_RS16655,0.0854175147317807
SGL_RS14540,SGL_RS14210,0.0854048578847971
SGL_RS01955,SGL_RS02045,0.0853858078288102
SGL_RS11285,SGL_RS11310,0.0853849603304784
SGL_RS12430,SGL_RS15105,0.0853805466741686
SGL_RS07730,SGL_RS13840,0.0853703274187543
SGL_RS04055,SGL_RS14230,0.0853562382060328
SGL_RS08520,SGL_RS17385,0.0853534752697182
SGL_RS02510,SGL_RS02275,0.0853471788344397
SGL_RS08835,SGL_RS07475,0.085339656357725
SGL_RS11370,SGL_RS16350,0.0853387423746402
SGL_RS00670,SGL_RS07075,0.08533696273129
SGL_RS11370,SGL_RS12055,0.0853347853170937
SGL_RS02470,SGL_RS05820,0.0853335589737257
SGL_RS18290,SGL_RS13905,0.0853299468578625
SGL_RS15210,SGL_RS18230,0.08531938783994
SGL_RS15210,SGL_RS12170,0.0853180812838657
SGL_RS11985,SGL_RS19630,0.0853150633391916
SGL_RS12595,SGL_RS12360,0.0853119550597995
SGL_RS15805,SGL_RS09985,0.085307211151057
SGL_RS08835,SGL_RS13930,0.0853029248407326
SGL_RS04615,SGL_RS11535,0.0852990375431138
SGL_RS16080,SGL_RS20120,0.0852889933647723
SGL_RS12430,SGL_RS05560,0.0852815284524306
SGL_RS11985,SGL_RS18645,0.0852815010911606
SGL_RS18290,SGL_RS11480,0.0852787137348464
SGL_RS15805,SGL_RS06610,0.0852776368950029
SGL_RS08210,SGL_RS16360,0.085277175030872
SGL_RS15805,SGL_RS18275,0.0852764078358639
SGL_RS11370,SGL_RS05765,0.0852750926377179
SGL_RS17395,SGL_RS09400,0.085270257451997
SGL_RS15965,SGL_RS16290,0.0852700399222294
SGL_RS10820,SGL_RS09555,0.085269650261089
SGL_RS10605,SGL_RS14080,0.0852661089833029
SGL_RS01255,SGL_RS00855,0.0852493170534781
SGL_RS04725,SGL_RS04655,0.0852420858589406
SGL_RS12430,SGL_RS09600,0.0852349863895766
SGL_RS17760,SGL_RS10070,0.0852268990517617
SGL_RS01625,SGL_RS00845,0.0852250980775798
SGL_RS15805,SGL_RS07155,0.0852171441364402
SGL_RS08835,SGL_RS00060,0.0852154677552029
SGL_RS14385,SGL_RS07180,0.0852149277358607
SGL_RS16080,SGL_RS06685,0.0852120567650189
SGL_RS14385,SGL_RS17705,0.085204996219268
SGL_RS16080,SGL_RS11300,0.0851977713965311
SGL_RS03065,SGL_RS08255,0.0851946302802797
SGL_RS17395,SGL_RS10870,0.0851938486486451
SGL_RS10605,SGL_RS06795,0.0851898664328338
SGL_RS00455,SGL_RS03580,0.0851864158545943
SGL_RS12430,SGL_RS12840,0.0851861974152337
SGL_RS18290,SGL_RS16730,0.0851801955889578
SGL_RS00400,SGL_RS05410,0.085179205762509
SGL_RS16495,SGL_RS17160,0.0851771722136952
SGL_RS13130,SGL_RS03030,0.0851767777851917
SGL_RS16495,SGL_RS13920,0.0851613846465823
SGL_RS09285,SGL_RS03130,0.0851557071032987
SGL_RS15965,SGL_RS05330,0.085146126914703
SGL_RS15965,SGL_RS04910,0.0851373163313375
SGL_RS15805,SGL_RS07625,0.0851298604715329
SGL_RS00400,SGL_RS13585,0.0851293324559082
SGL_RS07740,SGL_RS12205,0.0851261772184444
SGL_RS02470,SGL_RS05810,0.0851095247383798
SGL_RS04725,SGL_RS12070,0.0851094525912494
SGL_RS04615,SGL_RS06755,0.0851081999034496
SGL_RS12430,SGL_RS14060,0.0851014611886285
SGL_RS02990,SGL_RS05285,0.0850973960231579
SGL_RS12430,SGL_RS02560,0.0850973309473883
SGL_RS05150,SGL_RS09755,0.0850886924201742
SGL_RS15210,SGL_RS05445,0.0850845306379751
SGL_RS03065,SGL_RS04885,0.0850841909465797
SGL_RS12430,SGL_RS03890,0.0850836314347366
SGL_RS00515,SGL_RS11715,0.0850757247500094
SGL_RS08835,SGL_RS06575,0.0850709677516204
SGL_RS11370,SGL_RS09265,0.0850690019291872
SGL_RS11370,SGL_RS12005,0.0850664838171011
SGL_RS00400,SGL_RS01155,0.0850646936600239
SGL_RS14540,SGL_RS09205,0.0850633111863637
SGL_RS01955,SGL_RS00500,0.0850616566598791
SGL_RS08500,SGL_RS08775,0.0850497228038287
SGL_RS15965,SGL_RS02820,0.0850472271814444
SGL_RS15805,SGL_RS03455,0.0850433834693075
SGL_RS16495,SGL_RS12295,0.0850426146680621
SGL_RS04725,SGL_RS06055,0.0850424597326644
SGL_RS06340,SGL_RS11280,0.0850280524497467
SGL_RS12430,SGL_RS09715,0.0850225985637642
SGL_RS10605,SGL_RS08045,0.0850207725116773
SGL_RS15965,SGL_RS01595,0.0850190007259507
SGL_RS01980,SGL_RS02945,0.0850184465424528
SGL_RS00515,SGL_RS11865,0.0850165936195222
SGL_RS06215,SGL_RS06420,0.085016408425241
SGL_RS04450,SGL_RS12865,0.085004889672419
SGL_RS16165,SGL_RS15115,0.0849998995349099
SGL_RS10605,SGL_RS02260,0.0849974213198891
SGL_RS16495,SGL_RS10060,0.0849941193886187
SGL_RS15805,SGL_RS05630,0.0849939704201233
SGL_RS10820,SGL_RS17000,0.0849904186060828
SGL_RS15805,SGL_RS06415,0.0849825977262901
SGL_RS00320,SGL_RS07955,0.0849794122457788
SGL_RS14385,SGL_RS03230,0.0849741352222043
SGL_RS14385,SGL_RS08455,0.0849603824569489
SGL_RS15965,SGL_RS17950,0.0849574689218184
SGL_RS12430,SGL_RS06190,0.0849514810388384
SGL_RS17395,SGL_RS17075,0.0849452947452503
SGL_RS13130,SGL_RS18310,0.0849387172566697
SGL_RS14385,SGL_RS14570,0.0849281504723612
SGL_RS17395,SGL_RS06440,0.0849254667631548
SGL_RS10820,SGL_RS00955,0.0849153111681239
SGL_RS04725,SGL_RS17040,0.0849131091988315
SGL_RS08520,SGL_RS03535,0.0848566129559435
SGL_RS12430,SGL_RS02550,0.0848461451927079
SGL_RS17440,SGL_RS05150,0.0848352178865689
SGL_RS11285,SGL_RS17530,0.0848301704394942
SGL_RS12005,SGL_RS07325,0.0848267620954299
SGL_RS15965,SGL_RS17960,0.0848097224880128
SGL_RS00400,SGL_RS00065,0.0848080822300268
SGL_RS12430,SGL_RS16705,0.0848079216335935
SGL_RS17760,SGL_RS11885,0.084793483974062
SGL_RS01980,SGL_RS14525,0.0847848494391448
SGL_RS04055,SGL_RS14890,0.0847780466284263
SGL_RS04725,SGL_RS08660,0.0847738285539943
SGL_RS12430,SGL_RS18305,0.0847655549963109
SGL_RS11285,SGL_RS13040,0.0847551720859242
SGL_RS07535,SGL_RS04185,0.0847447868892109
SGL_RS00670,SGL_RS18620,0.084744156352358
SGL_RS10605,SGL_RS10670,0.0847395484615549
SGL_RS12430,SGL_RS05870,0.0847337307653072
