regulatoryGene,targetGene,weight
SGL_RS12540,SGL_RS04040,0.181708813798763
SGL_RS06410,SGL_RS05240,0.170708403056308
SGL_RS01980,SGL_RS01985,0.170630470825466
SGL_RS06410,SGL_RS14825,0.169977597584039
SGL_RS06410,SGL_RS09810,0.167678744909541
SGL_RS12540,SGL_RS08225,0.165233427526348
SGL_RS08165,SGL_RS08155,0.160281293245394
SGL_RS06410,SGL_RS12135,0.156605848670487
SGL_RS06410,SGL_RS08580,0.156484483589778
SGL_RS06410,SGL_RS07375,0.155507870468499
SGL_RS06410,SGL_RS12130,0.155360700336801
SGL_RS08165,SGL_RS08160,0.153681386642429
SGL_RS15585,SGL_RS03830,0.153622801315296
SGL_RS06410,SGL_RS05235,0.150749622521457
SGL_RS12540,SGL_RS10760,0.148376992054788
SGL_RS15585,SGL_RS08395,0.148359101676873
SGL_RS06410,SGL_RS07395,0.146686641673686
SGL_RS07740,SGL_RS11470,0.145079393815904
SGL_RS00515,SGL_RS16495,0.144902708992838
SGL_RS02020,SGL_RS02010,0.144669448053214
SGL_RS00320,SGL_RS00350,0.144656242177497
SGL_RS15585,SGL_RS08390,0.142778280556433
SGL_RS00455,SGL_RS00920,0.141959016336893
SGL_RS01215,SGL_RS01335,0.141733830736943
SGL_RS16495,SGL_RS00515,0.141553280052787
SGL_RS15585,SGL_RS08400,0.141500670483442
SGL_RS00320,SGL_RS14150,0.141492127052411
SGL_RS00515,SGL_RS00330,0.141446720380469
SGL_RS16495,SGL_RS18320,0.140501451247301
SGL_RS16080,SGL_RS16085,0.140407803769561
SGL_RS02470,SGL_RS05735,0.140065124393649
SGL_RS00515,SGL_RS10135,0.140027163721858
SGL_RS00075,SGL_RS07460,0.139828980286195
SGL_RS00455,SGL_RS15930,0.139779382467298
SGL_RS00400,SGL_RS00370,0.139501290017694
SGL_RS00400,SGL_RS00335,0.138896099764778
SGL_RS02020,SGL_RS02015,0.138834432838086
SGL_RS00320,SGL_RS16385,0.138741195813044
SGL_RS00455,SGL_RS01040,0.138713301976607
SGL_RS00075,SGL_RS00530,0.138543447695217
SGL_RS02020,SGL_RS01990,0.138514212861583
SGL_RS00455,SGL_RS00945,0.138457808540967
SGL_RS00400,SGL_RS00355,0.138103342406138
SGL_RS16495,SGL_RS03725,0.13809305224307
SGL_RS06410,SGL_RS09745,0.13785010608037
SGL_RS00320,SGL_RS09065,0.137719214138522
SGL_RS15585,SGL_RS14190,0.137243691110777
SGL_RS06410,SGL_RS06485,0.13699499930219
SGL_RS00400,SGL_RS00305,0.136884868359341
SGL_RS06480,SGL_RS04665,0.136291868019353
SGL_RS00515,SGL_RS00535,0.136047175360086
SGL_RS15210,SGL_RS07415,0.135962185942221
SGL_RS17760,SGL_RS04920,0.135938206114617
SGL_RS00400,SGL_RS00275,0.135690879556387
SGL_RS00400,SGL_RS00475,0.135483962442397
SGL_RS15210,SGL_RS02880,0.135318615235099
SGL_RS15805,SGL_RS15280,0.135271704591369
SGL_RS00400,SGL_RS15685,0.135136223130287
SGL_RS14610,SGL_RS10460,0.135035210957867
SGL_RS07975,SGL_RS14350,0.134907892969894
SGL_RS11370,SGL_RS02100,0.134602956905057
SGL_RS00400,SGL_RS00280,0.13457363191585
SGL_RS01980,SGL_RS02320,0.13448238201334
SGL_RS00400,SGL_RS00575,0.134172949591366
SGL_RS06215,SGL_RS06220,0.1338650383607
SGL_RS12430,SGL_RS06555,0.133669937759061
SGL_RS12540,SGL_RS11615,0.133295442294373
SGL_RS00400,SGL_RS00120,0.133192059575656
SGL_RS02510,SGL_RS02515,0.13314013410252
SGL_RS00515,SGL_RS00590,0.132921281353227
SGL_RS05150,SGL_RS05200,0.132916332748623
SGL_RS00515,SGL_RS02085,0.132834552560674
SGL_RS00075,SGL_RS00065,0.132792028996445
SGL_RS00320,SGL_RS11705,0.132727954276384
SGL_RS00320,SGL_RS00975,0.13265562590873
SGL_RS12540,SGL_RS15050,0.132273719197471
SGL_RS08080,SGL_RS08085,0.132073134270303
SGL_RS00455,SGL_RS00930,0.132040285567269
SGL_RS06410,SGL_RS05250,0.132029348553369
SGL_RS06410,SGL_RS06780,0.13155159926511
SGL_RS12430,SGL_RS11780,0.131520132023748
SGL_RS16165,SGL_RS16160,0.131390002716578
SGL_RS00455,SGL_RS00940,0.131357185225186
SGL_RS12430,SGL_RS02245,0.131313275458836
SGL_RS06410,SGL_RS09760,0.131244645846201
SGL_RS00320,SGL_RS03580,0.131114614001457
SGL_RS00320,SGL_RS14740,0.130922473746176
SGL_RS06480,SGL_RS06305,0.130834597893222
SGL_RS02470,SGL_RS17225,0.13068093212126
SGL_RS06410,SGL_RS08205,0.130577723568906
SGL_RS15805,SGL_RS03975,0.130533521399558
SGL_RS00075,SGL_RS01855,0.130412013548765
SGL_RS09285,SGL_RS10015,0.130322514198065
SGL_RS06480,SGL_RS12125,0.130188694469113
SGL_RS12430,SGL_RS02445,0.129822939689552
SGL_RS07740,SGL_RS03235,0.129750709771598
SGL_RS00320,SGL_RS18430,0.129747961622313
SGL_RS06215,SGL_RS03440,0.129537610397568
SGL_RS12430,SGL_RS10445,0.129373478561324
SGL_RS06480,SGL_RS06410,0.129221752460287
SGL_RS16495,SGL_RS11725,0.129017855229717
SGL_RS12430,SGL_RS10140,0.128544752858842
SGL_RS00320,SGL_RS15185,0.128244804226182
SGL_RS15805,SGL_RS15150,0.128180220372748
SGL_RS00400,SGL_RS04635,0.128142500294998
SGL_RS06410,SGL_RS08565,0.128015453850568
SGL_RS15805,SGL_RS08180,0.127977840530444
SGL_RS18290,SGL_RS12455,0.127818274755088
SGL_RS00400,SGL_RS00075,0.127748881775513
SGL_RS05150,SGL_RS06890,0.127473536391914
SGL_RS15805,SGL_RS08600,0.12745629571163
SGL_RS01980,SGL_RS09520,0.127243544351789
SGL_RS10605,SGL_RS08620,0.12719075868504
SGL_RS15210,SGL_RS11735,0.127157779762137
SGL_RS06410,SGL_RS04670,0.127105687410485
SGL_RS06410,SGL_RS06480,0.126987459819042
SGL_RS04725,SGL_RS05185,0.12697124052921
SGL_RS02470,SGL_RS05740,0.126750010094704
SGL_RS12430,SGL_RS09795,0.126711980235815
SGL_RS06410,SGL_RS13460,0.126554632738069
SGL_RS17245,SGL_RS13835,0.12637917394079
SGL_RS15805,SGL_RS07820,0.126309209864967
SGL_RS02020,SGL_RS17815,0.126280039045341
SGL_RS00400,SGL_RS00085,0.126229666227505
SGL_RS15805,SGL_RS01625,0.126179587935348
SGL_RS06215,SGL_RS10935,0.126064346460126
SGL_RS13820,SGL_RS07490,0.125746922113624
SGL_RS02020,SGL_RS01995,0.125619149316831
SGL_RS15585,SGL_RS17790,0.12550057306801
SGL_RS15210,SGL_RS13430,0.125487207102723
SGL_RS09285,SGL_RS12425,0.125456844639721
SGL_RS17395,SGL_RS13370,0.125265093567306
SGL_RS06410,SGL_RS15635,0.125147804215496
SGL_RS00075,SGL_RS05530,0.125032202145304
SGL_RS12430,SGL_RS07175,0.125030384199056
SGL_RS12430,SGL_RS02250,0.124956799779464
SGL_RS00400,SGL_RS00770,0.12477874828581
SGL_RS16495,SGL_RS04890,0.124739063171712
SGL_RS07730,SGL_RS07735,0.124589664940938
SGL_RS01625,SGL_RS13150,0.124432882238639
SGL_RS04450,SGL_RS18185,0.124416458550938
SGL_RS06410,SGL_RS11935,0.124399618142405
SGL_RS06215,SGL_RS14010,0.124387288028753
SGL_RS15805,SGL_RS05620,0.124370348601479
SGL_RS00400,SGL_RS00480,0.124356303132817
SGL_RS02020,SGL_RS01980,0.124309875561106
SGL_RS04055,SGL_RS18805,0.124261460892086
SGL_RS06410,SGL_RS08525,0.124213344118654
SGL_RS01980,SGL_RS08830,0.124004871525604
SGL_RS07975,SGL_RS05545,0.123937116871171
SGL_RS12430,SGL_RS15125,0.123929048037137
SGL_RS00320,SGL_RS03610,0.123864357984391
SGL_RS00400,SGL_RS04155,0.12384989641107
SGL_RS00075,SGL_RS11185,0.123783042129038
SGL_RS12430,SGL_RS13180,0.123628704327452
SGL_RS10820,SGL_RS02845,0.123532340477852
SGL_RS00075,SGL_RS00115,0.12351603193381
SGL_RS00400,SGL_RS00110,0.123465749463033
SGL_RS08210,SGL_RS09875,0.123429574133432
SGL_RS12430,SGL_RS16690,0.123384774460717
SGL_RS00400,SGL_RS00010,0.123347267297829
SGL_RS12540,SGL_RS16955,0.123340071938655
SGL_RS06410,SGL_RS13200,0.123229812250525
SGL_RS10820,SGL_RS09295,0.123171415670604
SGL_RS15805,SGL_RS14140,0.123039732237367
SGL_RS02470,SGL_RS07245,0.123003289929593
SGL_RS06480,SGL_RS17080,0.122961437497991
SGL_RS15210,SGL_RS02700,0.122942973705743
SGL_RS15805,SGL_RS06040,0.12293616812442
SGL_RS05150,SGL_RS15650,0.12288031760229
SGL_RS13820,SGL_RS02375,0.12286564286713
SGL_RS06480,SGL_RS12135,0.12271564470263
SGL_RS16165,SGL_RS16150,0.122699814982957
SGL_RS04820,SGL_RS03770,0.122675886133735
SGL_RS01980,SGL_RS01990,0.122671859229476
SGL_RS16495,SGL_RS11695,0.122662663121193
SGL_RS00320,SGL_RS19550,0.122638009653229
SGL_RS00400,SGL_RS00210,0.122630341469217
SGL_RS01625,SGL_RS01610,0.122607409754776
SGL_RS01980,SGL_RS00115,0.122591625281843
SGL_RS01215,SGL_RS19705,0.122535084764006
SGL_RS00515,SGL_RS04500,0.122520018450469
SGL_RS17760,SGL_RS14795,0.122483539924693
SGL_RS12430,SGL_RS06560,0.122384986422655
SGL_RS15210,SGL_RS02695,0.122274970774438
SGL_RS01980,SGL_RS09485,0.122257360265654
SGL_RS12430,SGL_RS04650,0.122251653770049
SGL_RS00455,SGL_RS01430,0.12210928660453
SGL_RS15210,SGL_RS02670,0.122103144991161
SGL_RS02470,SGL_RS02465,0.122087419523837
SGL_RS00455,SGL_RS09750,0.121907741919801
SGL_RS11985,SGL_RS04560,0.121852150556152
SGL_RS01215,SGL_RS00035,0.121761751584433
SGL_RS15965,SGL_RS04945,0.121754027402603
SGL_RS00515,SGL_RS19060,0.121721299400643
SGL_RS00515,SGL_RS08245,0.121717032498306
SGL_RS12430,SGL_RS08975,0.12152017997721
SGL_RS15805,SGL_RS12590,0.121514446413001
SGL_RS00455,SGL_RS01425,0.121451606191584
SGL_RS15805,SGL_RS14905,0.121448380885085
SGL_RS12430,SGL_RS05615,0.121439212824769
SGL_RS16495,SGL_RS17940,0.12139145728822
SGL_RS10755,SGL_RS20160,0.121359424290127
SGL_RS01955,SGL_RS02025,0.121358579983179
SGL_RS12430,SGL_RS16440,0.121218027060047
SGL_RS06480,SGL_RS12140,0.121196525882696
SGL_RS09285,SGL_RS06235,0.121179478656667
SGL_RS16495,SGL_RS10290,0.121144968676546
SGL_RS15805,SGL_RS08410,0.1211354396003
SGL_RS12430,SGL_RS06540,0.121121120320634
SGL_RS00320,SGL_RS11030,0.121106936606176
SGL_RS16495,SGL_RS09025,0.121096230040409
SGL_RS06410,SGL_RS17820,0.121036110149043
SGL_RS12005,SGL_RS02435,0.120956347718559
SGL_RS12430,SGL_RS11485,0.120932248264571
SGL_RS00320,SGL_RS02165,0.12086894595942
SGL_RS15210,SGL_RS11675,0.120866246177699
SGL_RS00455,SGL_RS12790,0.120823283676403
SGL_RS18290,SGL_RS06665,0.120715959112858
SGL_RS03065,SGL_RS07730,0.120707049609576
SGL_RS12430,SGL_RS06345,0.120664458631691
SGL_RS12430,SGL_RS02615,0.120589301253106
SGL_RS15805,SGL_RS07060,0.120419439989753
SGL_RS08500,SGL_RS07125,0.12034336606833
SGL_RS00455,SGL_RS15730,0.120326675289255
SGL_RS02470,SGL_RS05725,0.120271862905025
SGL_RS17395,SGL_RS02300,0.120224793316161
SGL_RS06480,SGL_RS04660,0.120183090754744
SGL_RS01980,SGL_RS09510,0.120149753286052
SGL_RS10820,SGL_RS06445,0.120126140228496
SGL_RS15210,SGL_RS11435,0.120024017621195
SGL_RS15805,SGL_RS06260,0.120020412711955
SGL_RS08210,SGL_RS10105,0.120014727925573
SGL_RS15805,SGL_RS12345,0.119762524168001
SGL_RS10605,SGL_RS06415,0.119721609463033
SGL_RS16495,SGL_RS04980,0.119708884144971
SGL_RS00400,SGL_RS06395,0.119692899862976
SGL_RS17395,SGL_RS12770,0.119606719813821
SGL_RS01980,SGL_RS04930,0.119598589058164
SGL_RS15210,SGL_RS07405,0.119576285925724
SGL_RS04055,SGL_RS18285,0.119555588890169
SGL_RS00400,SGL_RS00345,0.119312768517396
SGL_RS11985,SGL_RS11970,0.119294605865899
SGL_RS00455,SGL_RS00450,0.119288243712699
SGL_RS14165,SGL_RS14170,0.119239299800507
SGL_RS00320,SGL_RS18475,0.119199453371283
SGL_RS00400,SGL_RS00660,0.119168286547452
SGL_RS15805,SGL_RS06020,0.119156717936951
SGL_RS04725,SGL_RS17740,0.119139588080138
SGL_RS00320,SGL_RS14230,0.11909526881942
SGL_RS08210,SGL_RS09040,0.119040081361397
SGL_RS08210,SGL_RS10775,0.11900667765989
SGL_RS15805,SGL_RS10430,0.118890284335068
SGL_RS01980,SGL_RS09515,0.118797395292231
SGL_RS04725,SGL_RS14285,0.118769109306852
SGL_RS15210,SGL_RS06210,0.118636939356206
SGL_RS12430,SGL_RS05555,0.118630745001239
SGL_RS02020,SGL_RS01985,0.118576793211696
SGL_RS15805,SGL_RS11910,0.118483648496355
SGL_RS12430,SGL_RS09325,0.118473790704368
SGL_RS06410,SGL_RS07400,0.118439878997603
SGL_RS15585,SGL_RS03825,0.118373454793577
SGL_RS06410,SGL_RS04660,0.11837244463028
SGL_RS17120,SGL_RS06010,0.118364328818367
SGL_RS17395,SGL_RS13120,0.118335490707881
SGL_RS10820,SGL_RS05585,0.118259047560126
SGL_RS00320,SGL_RS13125,0.118134775717667
SGL_RS17245,SGL_RS17715,0.11813454242328
SGL_RS12540,SGL_RS08815,0.118123829445936
SGL_RS02020,SGL_RS01945,0.118120638136503
SGL_RS17395,SGL_RS06785,0.118112100153211
SGL_RS06215,SGL_RS05845,0.118091094079115
SGL_RS06410,SGL_RS13415,0.118010189658194
SGL_RS10820,SGL_RS13590,0.117999982868627
SGL_RS07730,SGL_RS02405,0.117982175429245
SGL_RS15805,SGL_RS03125,0.117942796061374
SGL_RS06410,SGL_RS06840,0.11790478059391
SGL_RS15965,SGL_RS16210,0.117884749710074
SGL_RS06410,SGL_RS02670,0.117813992383239
SGL_RS17440,SGL_RS06895,0.117759489701856
SGL_RS12430,SGL_RS11610,0.117724366066107
SGL_RS01980,SGL_RS04130,0.117652560772217
SGL_RS00400,SGL_RS01865,0.117586678611321
SGL_RS12005,SGL_RS11940,0.117551278786573
SGL_RS03065,SGL_RS08260,0.117527428376357
SGL_RS06340,SGL_RS06620,0.117507980282154
SGL_RS05150,SGL_RS13030,0.11746530779341
SGL_RS02470,SGL_RS11200,0.117318385104476
SGL_RS17395,SGL_RS10630,0.117260747577457
SGL_RS17760,SGL_RS15670,0.117209963329042
SGL_RS06480,SGL_RS06310,0.117118797664439
SGL_RS15805,SGL_RS09985,0.117100227466556
SGL_RS14385,SGL_RS15640,0.116998020142323
SGL_RS15805,SGL_RS11490,0.116906348549815
SGL_RS00455,SGL_RS16190,0.116902168813999
SGL_RS06215,SGL_RS18275,0.116889759423498
SGL_RS08835,SGL_RS11930,0.1168780556167
SGL_RS09285,SGL_RS12760,0.116868717456066
SGL_RS16080,SGL_RS19715,0.116834068188284
SGL_RS09285,SGL_RS13390,0.116773295734246
SGL_RS15585,SGL_RS14195,0.116757175157149
SGL_RS12430,SGL_RS06970,0.116716069857463
SGL_RS00455,SGL_RS01025,0.116711643231106
SGL_RS17120,SGL_RS10200,0.116685097464711
SGL_RS00075,SGL_RS09515,0.116665547713475
SGL_RS06410,SGL_RS12620,0.116601959700861
SGL_RS15805,SGL_RS07810,0.116600328090276
SGL_RS16495,SGL_RS03720,0.11658306257416
SGL_RS00455,SGL_RS00925,0.11649513257822
SGL_RS09285,SGL_RS05140,0.116463294183982
SGL_RS11370,SGL_RS17200,0.116455898824625
SGL_RS06410,SGL_RS08585,0.116437908431231
SGL_RS12430,SGL_RS06550,0.116404162333177
SGL_RS01955,SGL_RS15500,0.116366104557622
SGL_RS02470,SGL_RS10935,0.116327806903236
SGL_RS12430,SGL_RS12175,0.116322143295926
SGL_RS00515,SGL_RS09025,0.11627263374759
SGL_RS08835,SGL_RS08680,0.11626521587187
SGL_RS15805,SGL_RS17705,0.116245852067934
SGL_RS00400,SGL_RS15960,0.116208836622136
SGL_RS00400,SGL_RS00265,0.11612658238463
SGL_RS00400,SGL_RS07465,0.116110900569015
SGL_RS15805,SGL_RS08230,0.116108341812419
SGL_RS01955,SGL_RS04220,0.116107606210156
SGL_RS02990,SGL_RS09330,0.116000800592714
SGL_RS12430,SGL_RS14360,0.115932004905702
SGL_RS12430,SGL_RS02725,0.115925796662694
SGL_RS08845,SGL_RS18840,0.11592363984828
SGL_RS08165,SGL_RS05260,0.11588001155002
SGL_RS10820,SGL_RS04850,0.115852814987664
SGL_RS16495,SGL_RS07785,0.115820867540403
SGL_RS09285,SGL_RS09640,0.115810064921262
SGL_RS01215,SGL_RS01650,0.115804758248855
SGL_RS01980,SGL_RS08320,0.115781251360177
SGL_RS17245,SGL_RS10510,0.115776399817671
SGL_RS00455,SGL_RS01020,0.115735489511644
SGL_RS00400,SGL_RS18510,0.115724724340202
SGL_RS01980,SGL_RS11010,0.115722282086973
SGL_RS15805,SGL_RS18280,0.115701205507204
SGL_RS10820,SGL_RS11070,0.115514713617134
SGL_RS01255,SGL_RS01215,0.115499898791907
SGL_RS12595,SGL_RS12290,0.115466787157116
SGL_RS01980,SGL_RS02015,0.115391310981455
SGL_RS09285,SGL_RS11080,0.115384801020477
SGL_RS15805,SGL_RS18200,0.115371080286787
SGL_RS06480,SGL_RS12120,0.115285331864347
SGL_RS04725,SGL_RS07350,0.115249664158489
SGL_RS01980,SGL_RS00335,0.115223844620059
SGL_RS15805,SGL_RS04245,0.115217671264803
SGL_RS10820,SGL_RS15900,0.115137218431845
SGL_RS06080,SGL_RS03525,0.115134384782726
SGL_RS06410,SGL_RS03080,0.11511718879766
SGL_RS04450,SGL_RS15430,0.115045378027133
SGL_RS00320,SGL_RS10815,0.115020021494102
SGL_RS12005,SGL_RS14455,0.115001068167177
SGL_RS12430,SGL_RS08170,0.114876858577194
SGL_RS09285,SGL_RS15330,0.114875056978517
SGL_RS11985,SGL_RS20190,0.114871755505258
SGL_RS06410,SGL_RS05345,0.114829349396376
SGL_RS15965,SGL_RS07510,0.114827849921967
SGL_RS01955,SGL_RS18245,0.11477768775879
SGL_RS15805,SGL_RS14135,0.114630642459234
SGL_RS00075,SGL_RS00305,0.114603053108277
SGL_RS15210,SGL_RS04530,0.114601082704488
SGL_RS00515,SGL_RS18635,0.114535254766098
SGL_RS12430,SGL_RS07645,0.114511487588522
SGL_RS02470,SGL_RS06210,0.114493510235857
SGL_RS02990,SGL_RS17395,0.114426091040053
SGL_RS03065,SGL_RS02740,0.114404846210628
SGL_RS12430,SGL_RS13190,0.114382901452572
SGL_RS06215,SGL_RS16605,0.114374304517575
SGL_RS10820,SGL_RS05590,0.114344593111121
SGL_RS12430,SGL_RS18240,0.114343599783454
SGL_RS15210,SGL_RS06775,0.114322056075952
SGL_RS16165,SGL_RS09505,0.11431510589892
SGL_RS06410,SGL_RS02675,0.114301778312217
SGL_RS06410,SGL_RS15005,0.114285025507017
SGL_RS12595,SGL_RS06745,0.114253225517414
SGL_RS17395,SGL_RS02805,0.114244106616767
SGL_RS11370,SGL_RS07900,0.114139350458309
SGL_RS15805,SGL_RS13445,0.114105071241371
SGL_RS00515,SGL_RS19145,0.114035902957094
SGL_RS10820,SGL_RS16270,0.114031597809787
SGL_RS02990,SGL_RS19950,0.113993870768252
SGL_RS17760,SGL_RS16590,0.1139846200929
SGL_RS00320,SGL_RS17385,0.113984247694044
SGL_RS02990,SGL_RS04820,0.113981557829528
SGL_RS16495,SGL_RS04235,0.11396808858007
SGL_RS12595,SGL_RS07670,0.113928353991777
SGL_RS12430,SGL_RS07580,0.113919630734345
SGL_RS17120,SGL_RS14775,0.113914704980484
SGL_RS01980,SGL_RS00080,0.113895111729751
SGL_RS12430,SGL_RS16590,0.113893501111739
SGL_RS15805,SGL_RS10955,0.113847114079277
SGL_RS02020,SGL_RS08955,0.113839758850792
SGL_RS15805,SGL_RS13290,0.113823208041881
SGL_RS17760,SGL_RS07365,0.113794306128218
SGL_RS13130,SGL_RS11285,0.113772969154578
SGL_RS06480,SGL_RS19915,0.113752150046134
SGL_RS12430,SGL_RS06460,0.113719591627558
SGL_RS07740,SGL_RS11215,0.113702242552277
SGL_RS16495,SGL_RS07610,0.113683801399374
SGL_RS17760,SGL_RS17755,0.113674597560224
SGL_RS00455,SGL_RS08295,0.113668117825937
SGL_RS12430,SGL_RS09320,0.113613648015475
SGL_RS01980,SGL_RS03650,0.113612389473943
SGL_RS06410,SGL_RS07405,0.113562479018171
SGL_RS12430,SGL_RS06430,0.113501255593563
SGL_RS00400,SGL_RS00285,0.113468891931017
SGL_RS10820,SGL_RS19625,0.113464448661115
SGL_RS12430,SGL_RS12675,0.11342523432289
SGL_RS12430,SGL_RS11600,0.113387647809053
SGL_RS12430,SGL_RS07140,0.113355483698305
SGL_RS04450,SGL_RS12850,0.113334606291472
SGL_RS14385,SGL_RS16630,0.113324617570112
SGL_RS14610,SGL_RS07700,0.113300903702709
SGL_RS17245,SGL_RS08030,0.113267205099463
SGL_RS12595,SGL_RS13880,0.113265233648909
SGL_RS05150,SGL_RS10180,0.113247431360429
SGL_RS06480,SGL_RS12110,0.11324561744347
SGL_RS15805,SGL_RS11515,0.113237349857074
SGL_RS09285,SGL_RS12910,0.113215901503845
SGL_RS01980,SGL_RS13570,0.113202391636302
SGL_RS08210,SGL_RS14060,0.113155460453258
SGL_RS16080,SGL_RS13075,0.11314588447126
SGL_RS15805,SGL_RS09775,0.113116568892614
SGL_RS12430,SGL_RS08765,0.113100506419553
SGL_RS00320,SGL_RS10040,0.113093709482094
SGL_RS04450,SGL_RS02450,0.113065285987426
SGL_RS17395,SGL_RS02475,0.113064342443007
SGL_RS12430,SGL_RS08755,0.113009572101314
SGL_RS15805,SGL_RS08790,0.112990288195538
SGL_RS06410,SGL_RS12650,0.112986864445837
SGL_RS06410,SGL_RS04410,0.112928432894064
SGL_RS17245,SGL_RS17065,0.112895631351074
SGL_RS12430,SGL_RS01905,0.112870034624965
SGL_RS12430,SGL_RS17520,0.112869159391835
SGL_RS12430,SGL_RS18090,0.112801243095625
SGL_RS00400,SGL_RS00385,0.11275386015894
SGL_RS15805,SGL_RS16835,0.112740955999038
SGL_RS18290,SGL_RS17850,0.112668086918785
SGL_RS17760,SGL_RS04290,0.112638112822135
SGL_RS10605,SGL_RS02255,0.112626911337774
SGL_RS03065,SGL_RS03260,0.112626332330213
SGL_RS12430,SGL_RS08180,0.112586888020438
SGL_RS13130,SGL_RS03490,0.112578794830032
SGL_RS15210,SGL_RS07420,0.112537093723625
SGL_RS00515,SGL_RS11695,0.112536463492385
SGL_RS08080,SGL_RS08075,0.112471634987907
SGL_RS16495,SGL_RS02370,0.112413821978345
SGL_RS10605,SGL_RS13435,0.112412565775315
SGL_RS06410,SGL_RS07380,0.112378252970362
SGL_RS15210,SGL_RS09490,0.112373042528426
SGL_RS06410,SGL_RS04510,0.112350803201585
SGL_RS12430,SGL_RS12450,0.112300733114268
SGL_RS06340,SGL_RS17125,0.112291073090933
SGL_RS17245,SGL_RS17115,0.112283422249034
SGL_RS00075,SGL_RS02050,0.112237263149439
SGL_RS16495,SGL_RS03695,0.112230545254335
SGL_RS04055,SGL_RS18965,0.112179383323784
SGL_RS04725,SGL_RS16295,0.112104560462852
SGL_RS01980,SGL_RS04280,0.11210080654213
SGL_RS00515,SGL_RS11725,0.112085394848822
SGL_RS00455,SGL_RS01015,0.112082094482668
SGL_RS17440,SGL_RS02815,0.112076716191323
SGL_RS08845,SGL_RS06295,0.112056617948556
SGL_RS08835,SGL_RS04140,0.112039929310571
SGL_RS06215,SGL_RS05740,0.112032085387769
SGL_RS00320,SGL_RS17025,0.111950435078221
SGL_RS15210,SGL_RS17600,0.111916224537753
SGL_RS02020,SGL_RS02000,0.111887393094807
SGL_RS01980,SGL_RS14475,0.111870322090556
SGL_RS06215,SGL_RS06210,0.111865933911915
SGL_RS08165,SGL_RS01825,0.111862947362588
SGL_RS00455,SGL_RS00935,0.111858369736356
SGL_RS11370,SGL_RS09635,0.111830899285746
SGL_RS00455,SGL_RS01695,0.11182344774003
SGL_RS00515,SGL_RS03565,0.11181237388828
SGL_RS00455,SGL_RS01050,0.111773598314194
SGL_RS10605,SGL_RS06370,0.111754946414618
SGL_RS04055,SGL_RS12835,0.111746425974214
SGL_RS10605,SGL_RS19715,0.111712492118011
SGL_RS16495,SGL_RS05805,0.111709113323489
SGL_RS12430,SGL_RS06450,0.111701038746976
SGL_RS00400,SGL_RS03640,0.111648071389312
SGL_RS15805,SGL_RS15570,0.111609395718823
SGL_RS04055,SGL_RS08635,0.111540549667545
SGL_RS16495,SGL_RS07500,0.111537079594558
SGL_RS12430,SGL_RS06675,0.111529015036971
SGL_RS15805,SGL_RS11650,0.111467576641286
SGL_RS17245,SGL_RS05300,0.111410517598972
SGL_RS17395,SGL_RS13870,0.111409547270399
SGL_RS04820,SGL_RS13975,0.111396526457246
SGL_RS15210,SGL_RS09705,0.111380651928644
SGL_RS04055,SGL_RS17345,0.111340175435646
SGL_RS06410,SGL_RS05540,0.111326152754766
SGL_RS09285,SGL_RS08925,0.111295456596023
SGL_RS15210,SGL_RS08590,0.111265755138568
SGL_RS12430,SGL_RS16980,0.111249369883566
SGL_RS10605,SGL_RS14110,0.111244078103876
SGL_RS00075,SGL_RS04930,0.111238201569669
SGL_RS06410,SGL_RS08590,0.111226986521791
SGL_RS15805,SGL_RS14385,0.111210682282231
SGL_RS12430,SGL_RS07710,0.111197995675684
SGL_RS15805,SGL_RS07040,0.111187685001456
SGL_RS10820,SGL_RS02930,0.111157398593656
SGL_RS17760,SGL_RS17995,0.111155522888636
SGL_RS15805,SGL_RS16620,0.111117393165871
SGL_RS15805,SGL_RS07065,0.111114346919326
SGL_RS01980,SGL_RS09050,0.111083269934762
SGL_RS17395,SGL_RS15295,0.111043294739891
SGL_RS17760,SGL_RS10070,0.111018292260059
SGL_RS06340,SGL_RS00805,0.110988075904944
SGL_RS00320,SGL_RS07275,0.110958232908211
SGL_RS17760,SGL_RS05560,0.110880876529945
SGL_RS18290,SGL_RS08105,0.11078899545824
SGL_RS03065,SGL_RS06430,0.110770966600389
SGL_RS04450,SGL_RS10620,0.110763067182416
SGL_RS11370,SGL_RS12205,0.110674685552838
SGL_RS07535,SGL_RS08940,0.110650213981269
SGL_RS06410,SGL_RS05770,0.110638986335141
SGL_RS04450,SGL_RS11420,0.110632531764341
SGL_RS04725,SGL_RS11495,0.110624384434366
SGL_RS08210,SGL_RS02565,0.110607297729847
SGL_RS09285,SGL_RS18160,0.110570307071872
SGL_RS09285,SGL_RS17415,0.110517264897496
SGL_RS10820,SGL_RS04415,0.110515505781133
SGL_RS12430,SGL_RS04580,0.110512238255272
SGL_RS08500,SGL_RS08125,0.110429411896445
SGL_RS00400,SGL_RS16320,0.110417697698726
SGL_RS12430,SGL_RS02330,0.110384690044527
SGL_RS12430,SGL_RS03840,0.110360201453645
SGL_RS15805,SGL_RS04845,0.110334804222682
SGL_RS10820,SGL_RS06585,0.11031310166139
SGL_RS17245,SGL_RS11920,0.110288214725269
SGL_RS10820,SGL_RS05310,0.110269639904934
SGL_RS16495,SGL_RS14890,0.11026787064938
SGL_RS10605,SGL_RS10660,0.110243124335806
SGL_RS00320,SGL_RS11895,0.110229000834501
SGL_RS18290,SGL_RS07755,0.110224400542708
SGL_RS09285,SGL_RS11220,0.110216085388623
SGL_RS12430,SGL_RS07815,0.110213663215474
SGL_RS04725,SGL_RS15840,0.110163509872365
SGL_RS00670,SGL_RS00775,0.110157848223196
SGL_RS10820,SGL_RS16950,0.110104154629395
SGL_RS01955,SGL_RS00485,0.110100296444317
SGL_RS06410,SGL_RS06805,0.110070578908823
SGL_RS10820,SGL_RS05365,0.110032347490349
SGL_RS17395,SGL_RS14950,0.110001634559215
SGL_RS17395,SGL_RS07775,0.10998969462098
SGL_RS17760,SGL_RS04680,0.109957019032639
SGL_RS15805,SGL_RS07805,0.109947344168929
SGL_RS01980,SGL_RS03645,0.109934034474282
SGL_RS15210,SGL_RS09710,0.109906046937022
SGL_RS04055,SGL_RS04985,0.109887703669466
SGL_RS12430,SGL_RS15075,0.109873796550128
SGL_RS11370,SGL_RS11980,0.109868512784905
SGL_RS12430,SGL_RS08735,0.109845304360454
SGL_RS12430,SGL_RS10220,0.109841100821824
SGL_RS01980,SGL_RS02060,0.109839675382516
SGL_RS17440,SGL_RS11545,0.109836452296031
SGL_RS12430,SGL_RS11500,0.109820610454305
SGL_RS15805,SGL_RS16430,0.109819317718515
SGL_RS06215,SGL_RS18315,0.109802740718382
SGL_RS07740,SGL_RS07555,0.10979685810877
SGL_RS04725,SGL_RS05080,0.109794478196088
SGL_RS00400,SGL_RS00615,0.109793595791989
SGL_RS00455,SGL_RS01700,0.109783175969335
SGL_RS06215,SGL_RS07595,0.109748235002341
SGL_RS17440,SGL_RS02175,0.109747235997837
SGL_RS00320,SGL_RS00595,0.109669179676631
SGL_RS04055,SGL_RS05040,0.10966158404857
SGL_RS13130,SGL_RS15560,0.109654119102774
SGL_RS12430,SGL_RS15390,0.109652954441398
SGL_RS06410,SGL_RS08200,0.10959613953518
SGL_RS12595,SGL_RS11845,0.109587955529764
SGL_RS04055,SGL_RS10260,0.109576109664726
SGL_RS15805,SGL_RS10085,0.109512530191312
SGL_RS15805,SGL_RS09820,0.109480058152842
SGL_RS15805,SGL_RS14465,0.109394709400942
SGL_RS16080,SGL_RS09905,0.109381521569759
SGL_RS09285,SGL_RS02450,0.109358395139006
SGL_RS15805,SGL_RS06215,0.109352532069217
SGL_RS15805,SGL_RS03075,0.109340640164935
SGL_RS00400,SGL_RS00015,0.109326097614027
SGL_RS12430,SGL_RS13165,0.109301238775578
SGL_RS14610,SGL_RS15055,0.109299025005025
SGL_RS15805,SGL_RS13150,0.109217591707733
SGL_RS16080,SGL_RS19855,0.109208027805254
SGL_RS16495,SGL_RS13615,0.109200935013445
SGL_RS12595,SGL_RS07665,0.109158500469383
SGL_RS15210,SGL_RS04095,0.10915308766827
SGL_RS00400,SGL_RS09550,0.109132341872131
SGL_RS07740,SGL_RS06475,0.109131414369587
SGL_RS15805,SGL_RS12970,0.109124536598208
SGL_RS09285,SGL_RS06350,0.109091777657861
SGL_RS10820,SGL_RS13040,0.10906614287186
SGL_RS17760,SGL_RS15405,0.109047478388161
SGL_RS15805,SGL_RS06035,0.109041521017935
SGL_RS04450,SGL_RS07995,0.109031510187468
SGL_RS15805,SGL_RS15775,0.109021152622603
SGL_RS12430,SGL_RS16850,0.109000579952852
SGL_RS05150,SGL_RS06815,0.108994631613301
SGL_RS00400,SGL_RS00410,0.10899326404728
SGL_RS00455,SGL_RS09735,0.108965496635248
SGL_RS12430,SGL_RS06545,0.108951720960689
SGL_RS17760,SGL_RS17645,0.108922283511809
SGL_RS11285,SGL_RS16905,0.108888109899157
SGL_RS01980,SGL_RS02020,0.108878538850745
SGL_RS00320,SGL_RS20180,0.108815381706803
SGL_RS01215,SGL_RS01255,0.10881191492797
SGL_RS07975,SGL_RS05010,0.10880771776476
SGL_RS12595,SGL_RS12585,0.108797388853646
SGL_RS00320,SGL_RS10405,0.108727966109998
SGL_RS17760,SGL_RS10250,0.108721909676884
SGL_RS11285,SGL_RS03435,0.108693976644021
SGL_RS17245,SGL_RS13385,0.108689955519607
SGL_RS00455,SGL_RS01155,0.108688354082126
SGL_RS17760,SGL_RS19535,0.108653346174946
SGL_RS15805,SGL_RS15785,0.108635917355054
SGL_RS06215,SGL_RS13135,0.108631404603142
SGL_RS12430,SGL_RS08980,0.108613447325289
SGL_RS12430,SGL_RS13565,0.108603194981115
SGL_RS00515,SGL_RS16425,0.108602200257241
SGL_RS07740,SGL_RS04830,0.108549536692727
SGL_RS06410,SGL_RS14355,0.10854602306448
SGL_RS08835,SGL_RS19530,0.108545930298555
SGL_RS00400,SGL_RS01725,0.108534259158088
SGL_RS08080,SGL_RS15370,0.108530048347136
SGL_RS12430,SGL_RS07790,0.108514633898458
SGL_RS17760,SGL_RS16770,0.108510242536926
SGL_RS15965,SGL_RS01060,0.108491076376683
SGL_RS10605,SGL_RS08630,0.108469125603335
SGL_RS16495,SGL_RS07115,0.108464232169785
SGL_RS10605,SGL_RS17470,0.108434741917353
SGL_RS17760,SGL_RS09555,0.108408237357396
SGL_RS01215,SGL_RS01355,0.108392924230756
SGL_RS17395,SGL_RS11835,0.108385603914868
SGL_RS15805,SGL_RS04685,0.108368254387193
SGL_RS12430,SGL_RS07160,0.108361163173594
SGL_RS07975,SGL_RS10690,0.108354123995226
SGL_RS15805,SGL_RS02620,0.108286273294634
SGL_RS12005,SGL_RS12160,0.108280347078171
SGL_RS15805,SGL_RS10985,0.108279987287612
SGL_RS15805,SGL_RS16940,0.108260372842278
SGL_RS12430,SGL_RS03115,0.108219635885522
SGL_RS15965,SGL_RS00280,0.108198321987926
SGL_RS10820,SGL_RS07950,0.108190561861782
SGL_RS04725,SGL_RS04875,0.108138243282332
SGL_RS15805,SGL_RS13895,0.108136487231097
SGL_RS15805,SGL_RS08765,0.10809668073555
SGL_RS00320,SGL_RS07095,0.10807761218454
SGL_RS12430,SGL_RS17465,0.10807086337928
SGL_RS17395,SGL_RS12050,0.108068302456738
SGL_RS18290,SGL_RS12810,0.108043787947309
SGL_RS13130,SGL_RS09825,0.10802138631754
SGL_RS04055,SGL_RS10480,0.107987791535711
SGL_RS04055,SGL_RS05855,0.107987054515262
SGL_RS00320,SGL_RS01830,0.107980465719262
SGL_RS05150,SGL_RS06855,0.107974211923749
SGL_RS12430,SGL_RS05440,0.107945745177899
SGL_RS11285,SGL_RS04210,0.107919040469071
SGL_RS06410,SGL_RS11340,0.107864881326367
SGL_RS06410,SGL_RS05925,0.107855032551643
SGL_RS16165,SGL_RS19355,0.107844694099516
SGL_RS06215,SGL_RS10500,0.107782409494046
SGL_RS15210,SGL_RS02690,0.107722952205641
SGL_RS01980,SGL_RS06065,0.10771782376804
SGL_RS00075,SGL_RS13595,0.10769984599538
SGL_RS16495,SGL_RS06930,0.107669533478449
SGL_RS00515,SGL_RS07115,0.10763704900102
SGL_RS17245,SGL_RS14600,0.107608551863778
SGL_RS15805,SGL_RS13705,0.107600420188401
SGL_RS10820,SGL_RS10975,0.107595196909813
SGL_RS02470,SGL_RS04320,0.107592007340871
SGL_RS00400,SGL_RS08730,0.107583867692648
SGL_RS00320,SGL_RS03915,0.107548454519853
SGL_RS15965,SGL_RS15725,0.107513103339452
SGL_RS00320,SGL_RS03700,0.107497193140088
SGL_RS06340,SGL_RS17270,0.107496484670608
SGL_RS10820,SGL_RS10695,0.107495755278257
SGL_RS09285,SGL_RS14755,0.107488030647425
SGL_RS06215,SGL_RS03990,0.107471094834353
SGL_RS12430,SGL_RS15130,0.10743043733637
SGL_RS09285,SGL_RS08220,0.107336400900197
SGL_RS17760,SGL_RS14155,0.107316878821355
SGL_RS15965,SGL_RS17885,0.107303005221646
SGL_RS15965,SGL_RS00020,0.107284593503609
SGL_RS15805,SGL_RS09285,0.107235388994108
SGL_RS04450,SGL_RS05110,0.107228138447599
SGL_RS04820,SGL_RS13865,0.107215688893285
SGL_RS01215,SGL_RS01235,0.107191549639261
SGL_RS00400,SGL_RS01645,0.107124241638639
SGL_RS10820,SGL_RS06590,0.107124043020236
SGL_RS04450,SGL_RS05730,0.107105941227052
SGL_RS10605,SGL_RS08455,0.107102852150085
SGL_RS00400,SGL_RS14845,0.107090597024764
SGL_RS12430,SGL_RS09375,0.107016602696202
SGL_RS15805,SGL_RS10795,0.107003051010642
SGL_RS15805,SGL_RS15870,0.106994522374527
SGL_RS10820,SGL_RS02195,0.106985652030885
SGL_RS02020,SGL_RS00430,0.106918214565571
SGL_RS00400,SGL_RS04280,0.106906816613085
SGL_RS07740,SGL_RS05130,0.106893887498515
SGL_RS06410,SGL_RS05775,0.106886909708648
SGL_RS06215,SGL_RS04455,0.106850716351614
SGL_RS07740,SGL_RS03225,0.106794012512055
SGL_RS12430,SGL_RS08515,0.106771264325977
SGL_RS17760,SGL_RS00750,0.106770239008444
SGL_RS09285,SGL_RS16830,0.106758131392635
SGL_RS17395,SGL_RS12550,0.106754397566396
SGL_RS00400,SGL_RS17885,0.106751198392146
SGL_RS06410,SGL_RS12210,0.106721528269027
SGL_RS00320,SGL_RS03220,0.106715506086396
SGL_RS04055,SGL_RS05880,0.106714056811898
SGL_RS00320,SGL_RS17350,0.106706715891737
SGL_RS16495,SGL_RS11765,0.106687590394428
SGL_RS12540,SGL_RS08090,0.106675481722126
SGL_RS06215,SGL_RS19460,0.106661918973061
SGL_RS10820,SGL_RS01915,0.106653254279261
SGL_RS12005,SGL_RS14810,0.106652329578658
SGL_RS15805,SGL_RS16805,0.106651728153637
SGL_RS12595,SGL_RS17090,0.106641988710158
SGL_RS12430,SGL_RS10610,0.106576725388913
SGL_RS00400,SGL_RS18485,0.106561929831313
SGL_RS14385,SGL_RS07065,0.106559426847572
SGL_RS15805,SGL_RS07250,0.106553850598073
SGL_RS10820,SGL_RS09080,0.106528101618246
SGL_RS00075,SGL_RS00005,0.106464347165597
SGL_RS16495,SGL_RS14990,0.106461061910011
SGL_RS00515,SGL_RS04235,0.106459041074488
SGL_RS17245,SGL_RS05745,0.106451897643285
SGL_RS02470,SGL_RS10640,0.10643994837945
SGL_RS10820,SGL_RS06865,0.106426096768336
SGL_RS12595,SGL_RS05870,0.106425608730057
SGL_RS17395,SGL_RS07825,0.106420462310887
SGL_RS12005,SGL_RS13205,0.106395537129379
SGL_RS12595,SGL_RS02455,0.106382367960768
SGL_RS04450,SGL_RS13725,0.106357737871222
SGL_RS15210,SGL_RS11625,0.106333993730376
SGL_RS15805,SGL_RS09320,0.106293015589986
SGL_RS15805,SGL_RS06425,0.106272250725024
SGL_RS00075,SGL_RS17585,0.106272210042411
SGL_RS12005,SGL_RS05230,0.106264018844731
SGL_RS06480,SGL_RS12210,0.106235811899521
SGL_RS15805,SGL_RS20175,0.106174701345235
SGL_RS04725,SGL_RS17875,0.106158476032635
SGL_RS15805,SGL_RS05455,0.106091653051263
SGL_RS12430,SGL_RS08175,0.106086636726214
SGL_RS15805,SGL_RS04370,0.106043548961374
SGL_RS14385,SGL_RS17630,0.106032574456837
SGL_RS10820,SGL_RS14695,0.106016488511815
SGL_RS15210,SGL_RS08565,0.10598578348575
SGL_RS00400,SGL_RS00135,0.105977589738473
SGL_RS15965,SGL_RS15165,0.105968731964557
SGL_RS10820,SGL_RS08675,0.105951524493821
SGL_RS07730,SGL_RS10315,0.105950234439348
SGL_RS01955,SGL_RS13525,0.105947298531248
SGL_RS06080,SGL_RS07210,0.105933344028902
SGL_RS15965,SGL_RS05160,0.105887212329874
SGL_RS00455,SGL_RS01585,0.105862567046682
SGL_RS04725,SGL_RS04250,0.105857737013806
SGL_RS00400,SGL_RS01840,0.105839687141374
SGL_RS17245,SGL_RS02655,0.10582818654535
SGL_RS04725,SGL_RS03345,0.105811688641923
SGL_RS17760,SGL_RS09245,0.105800875901756
SGL_RS13820,SGL_RS13815,0.105793521832022
SGL_RS13820,SGL_RS08265,0.105779568711935
SGL_RS12430,SGL_RS18310,0.105742754964955
SGL_RS10820,SGL_RS14370,0.105707745926449
SGL_RS11285,SGL_RS13955,0.105691904413438
SGL_RS00400,SGL_RS00225,0.10565195793063
SGL_RS15210,SGL_RS08585,0.105650150833077
SGL_RS06410,SGL_RS02600,0.105635774585669
SGL_RS00320,SGL_RS09840,0.105618817594059
SGL_RS04725,SGL_RS07150,0.105592072614989
SGL_RS17440,SGL_RS10335,0.105568174707397
SGL_RS06480,SGL_RS12130,0.105562962233158
SGL_RS15805,SGL_RS17130,0.105536284521335
SGL_RS10820,SGL_RS03905,0.105535713635467
SGL_RS06080,SGL_RS10755,0.105515267740457
SGL_RS00400,SGL_RS00330,0.105514950365329
SGL_RS04450,SGL_RS08430,0.105441169435665
SGL_RS00075,SGL_RS00635,0.10541632868266
SGL_RS03065,SGL_RS13545,0.10540181291673
SGL_RS15805,SGL_RS15530,0.10540150952941
SGL_RS00075,SGL_RS00475,0.105392764209323
SGL_RS04055,SGL_RS18725,0.105381043068822
SGL_RS00455,SGL_RS08305,0.105367857756104
SGL_RS14385,SGL_RS07105,0.105351797168496
SGL_RS12430,SGL_RS07845,0.105342086249405
SGL_RS06215,SGL_RS06990,0.105322479239715
SGL_RS08835,SGL_RS12195,0.105295892687031
SGL_RS02020,SGL_RS02005,0.105269558051575
SGL_RS10820,SGL_RS16990,0.105250538801039
SGL_RS00075,SGL_RS00395,0.105208306062291
SGL_RS04055,SGL_RS19620,0.105195769158845
SGL_RS06410,SGL_RS12120,0.105192601098281
SGL_RS04725,SGL_RS03120,0.105178411707412
SGL_RS18290,SGL_RS12235,0.105177859613423
SGL_RS06215,SGL_RS07590,0.105165464328335
SGL_RS15210,SGL_RS02890,0.10515157241737
SGL_RS10820,SGL_RS09950,0.105145293461608
SGL_RS12540,SGL_RS15055,0.105144724448708
SGL_RS10755,SGL_RS10750,0.105133938865775
SGL_RS15805,SGL_RS05175,0.105111268986384
SGL_RS12430,SGL_RS16835,0.105099659746105
SGL_RS12540,SGL_RS04110,0.105090626198518
SGL_RS17245,SGL_RS12605,0.105089369177916
SGL_RS17760,SGL_RS19540,0.105073742006874
SGL_RS12430,SGL_RS08970,0.105072321358427
SGL_RS00515,SGL_RS06930,0.105052647754349
SGL_RS09285,SGL_RS05955,0.105051688794757
SGL_RS08835,SGL_RS05565,0.105050084123548
SGL_RS14385,SGL_RS05675,0.105015667620346
SGL_RS15805,SGL_RS08755,0.105003984245196
SGL_RS04725,SGL_RS05300,0.104999943039773
SGL_RS17760,SGL_RS09080,0.104989507817176
SGL_RS00670,SGL_RS06175,0.104985011974588
SGL_RS10605,SGL_RS02530,0.104983848360906
SGL_RS08835,SGL_RS10705,0.104959429122049
SGL_RS08165,SGL_RS14170,0.104944368705359
SGL_RS15805,SGL_RS08505,0.104940164278274
SGL_RS01980,SGL_RS01965,0.104937092437069
SGL_RS15965,SGL_RS06075,0.104921264953363
SGL_RS15805,SGL_RS20085,0.104909259897403
SGL_RS00455,SGL_RS03630,0.104873592287285
SGL_RS15210,SGL_RS06410,0.104843045416474
SGL_RS09285,SGL_RS17420,0.10483550008473
SGL_RS16165,SGL_RS17970,0.10483077563764
SGL_RS00400,SGL_RS00270,0.104830269426786
SGL_RS01255,SGL_RS01290,0.104825927428349
SGL_RS15805,SGL_RS18275,0.104805436773241
SGL_RS01980,SGL_RS03675,0.104803260417976
SGL_RS00400,SGL_RS00175,0.104802032632847
SGL_RS08835,SGL_RS19000,0.104798570471831
SGL_RS15965,SGL_RS00235,0.104796034444729
SGL_RS17760,SGL_RS02930,0.10476443073273
SGL_RS12430,SGL_RS13560,0.104760221038996
SGL_RS15805,SGL_RS05220,0.104732943496327
SGL_RS10820,SGL_RS05515,0.104718781532588
SGL_RS12430,SGL_RS16675,0.104668607800209
SGL_RS00075,SGL_RS09510,0.104667573823169
SGL_RS17395,SGL_RS05110,0.104663724046172
SGL_RS03065,SGL_RS17550,0.104630618918736
SGL_RS12430,SGL_RS12975,0.104613178020535
SGL_RS15805,SGL_RS14010,0.104597005456705
SGL_RS15805,SGL_RS12705,0.104578125065943
SGL_RS00400,SGL_RS19095,0.104576773714504
SGL_RS15210,SGL_RS07390,0.10455199099648
SGL_RS12430,SGL_RS03260,0.104550210298362
SGL_RS08210,SGL_RS07200,0.104520785042582
SGL_RS08835,SGL_RS14835,0.104508112726026
SGL_RS09285,SGL_RS11800,0.104506527812856
SGL_RS04725,SGL_RS10805,0.104498331953627
SGL_RS15805,SGL_RS16610,0.104466172830165
SGL_RS15210,SGL_RS18115,0.104425175585714
SGL_RS04725,SGL_RS10665,0.10442064339311
SGL_RS11985,SGL_RS11960,0.104393524971961
SGL_RS07730,SGL_RS17905,0.104391085945119
SGL_RS04055,SGL_RS17095,0.104386642190825
SGL_RS06410,SGL_RS12125,0.104386233198322
SGL_RS10820,SGL_RS01535,0.104360607578683
SGL_RS01980,SGL_RS00075,0.104348515850173
SGL_RS17440,SGL_RS10520,0.104326348023366
SGL_RS06410,SGL_RS03350,0.104325536746616
SGL_RS12430,SGL_RS12165,0.104324933456755
SGL_RS17395,SGL_RS18325,0.104324454945236
SGL_RS08835,SGL_RS15465,0.104306060118872
SGL_RS12430,SGL_RS12680,0.104300993180865
SGL_RS15210,SGL_RS19575,0.104295868649434
SGL_RS09285,SGL_RS17130,0.104292656590258
SGL_RS15805,SGL_RS12265,0.10428747016968
SGL_RS00455,SGL_RS06825,0.104284433044656
SGL_RS15215,SGL_RS13260,0.104281365966744
SGL_RS03065,SGL_RS06560,0.104277090621868
SGL_RS12430,SGL_RS07055,0.104274836333416
SGL_RS09285,SGL_RS11090,0.104269437560728
SGL_RS15805,SGL_RS10610,0.104258085061969
SGL_RS03065,SGL_RS17015,0.10425204834192
SGL_RS12430,SGL_RS09800,0.104250658182582
SGL_RS13130,SGL_RS14535,0.104201259789867
SGL_RS01980,SGL_RS14730,0.10419103740276
SGL_RS12430,SGL_RS18365,0.104185794586083
SGL_RS01955,SGL_RS10370,0.104174774968398
SGL_RS15805,SGL_RS06980,0.104167339533318
SGL_RS06410,SGL_RS04265,0.104132905137428
SGL_RS15805,SGL_RS18120,0.104125683080557
SGL_RS00515,SGL_RS00125,0.104113083782484
SGL_RS15965,SGL_RS16400,0.104111079807577
SGL_RS15805,SGL_RS16875,0.104106878248384
SGL_RS15805,SGL_RS09870,0.104105845340089
SGL_RS07740,SGL_RS06050,0.104103407233682
SGL_RS08500,SGL_RS18100,0.104099559746465
SGL_RS00400,SGL_RS00725,0.104097486417176
SGL_RS12430,SGL_RS13735,0.104082934702082
SGL_RS10820,SGL_RS08665,0.104082532472887
SGL_RS17760,SGL_RS04285,0.104076973732466
SGL_RS00455,SGL_RS00525,0.104065421545263
SGL_RS15210,SGL_RS07410,0.10404806071929
SGL_RS11985,SGL_RS10825,0.103979615230811
SGL_RS01955,SGL_RS16465,0.10397037271376
SGL_RS15965,SGL_RS16180,0.103953309861334
SGL_RS15805,SGL_RS07195,0.103951742823187
SGL_RS13820,SGL_RS13265,0.103939294678492
SGL_RS04450,SGL_RS10000,0.10393830727182
SGL_RS08210,SGL_RS06920,0.10393373571462
SGL_RS06480,SGL_RS13450,0.103927874022691
SGL_RS12430,SGL_RS14000,0.103851835203562
SGL_RS12430,SGL_RS15340,0.103849207718752
SGL_RS15805,SGL_RS10020,0.103822488132698
SGL_RS12005,SGL_RS16170,0.10381591841632
SGL_RS00400,SGL_RS00245,0.103809125708771
SGL_RS04615,SGL_RS05645,0.103777513029997
SGL_RS00400,SGL_RS03620,0.103774358618015
SGL_RS15210,SGL_RS08525,0.103762185649632
SGL_RS11285,SGL_RS14655,0.103750977390103
SGL_RS04055,SGL_RS15375,0.10373360656324
SGL_RS06410,SGL_RS13425,0.103720322388328
SGL_RS07730,SGL_RS03320,0.103659978007076
SGL_RS15965,SGL_RS03625,0.103655928101064
SGL_RS15805,SGL_RS15460,0.103617976281862
SGL_RS00515,SGL_RS07500,0.10359240225132
SGL_RS12430,SGL_RS11845,0.103589776952889
SGL_RS15965,SGL_RS01135,0.103581984948328
SGL_RS16165,SGL_RS01410,0.103578384940066
SGL_RS08835,SGL_RS17775,0.10357526740359
SGL_RS00400,SGL_RS17750,0.103567379566074
SGL_RS16165,SGL_RS04560,0.103556630292532
SGL_RS07975,SGL_RS17530,0.103551087846993
SGL_RS06410,SGL_RS16480,0.103545239571394
SGL_RS00400,SGL_RS14735,0.10352508417121
SGL_RS03065,SGL_RS06550,0.103487620678208
SGL_RS01980,SGL_RS00480,0.103486512479885
SGL_RS12595,SGL_RS06970,0.103479224475196
SGL_RS12430,SGL_RS11605,0.103473866457335
SGL_RS04055,SGL_RS07885,0.103468244298655
SGL_RS01625,SGL_RS15460,0.103463158508131
SGL_RS17395,SGL_RS13850,0.103452229690178
SGL_RS15965,SGL_RS10710,0.103447096280489
SGL_RS17395,SGL_RS10510,0.103437910515557
SGL_RS04055,SGL_RS10410,0.103437559236046
SGL_RS00400,SGL_RS00340,0.103436956810921
SGL_RS08835,SGL_RS02525,0.103410210572318
SGL_RS17245,SGL_RS17535,0.103409631487104
SGL_RS01625,SGL_RS17720,0.103391290444966
SGL_RS04450,SGL_RS11645,0.103380482749721
SGL_RS12005,SGL_RS11170,0.103356901652614
SGL_RS01625,SGL_RS08885,0.103355952987885
SGL_RS15245,SGL_RS15250,0.103341973339341
SGL_RS11370,SGL_RS17380,0.103329030985608
SGL_RS04450,SGL_RS05765,0.103309457035478
SGL_RS15210,SGL_RS07245,0.103304726866731
SGL_RS08210,SGL_RS15180,0.10325234972024
SGL_RS06410,SGL_RS07415,0.103249885749171
SGL_RS00400,SGL_RS01320,0.103210005559228
SGL_RS06410,SGL_RS06310,0.103206756406436
SGL_RS16495,SGL_RS09970,0.103193886843933
SGL_RS06215,SGL_RS12000,0.103180130197053
SGL_RS02470,SGL_RS05820,0.103166194719939
SGL_RS13820,SGL_RS16795,0.10315256669623
SGL_RS03065,SGL_RS08465,0.103126821961564
SGL_RS15210,SGL_RS05250,0.103122184588105
SGL_RS17760,SGL_RS01370,0.103086433476984
SGL_RS12430,SGL_RS06070,0.103084783755235
SGL_RS08845,SGL_RS05350,0.103081412855802
SGL_RS08835,SGL_RS07445,0.103071181665611
SGL_RS06410,SGL_RS07945,0.103051719447283
SGL_RS03065,SGL_RS13905,0.103042350217937
SGL_RS00320,SGL_RS20055,0.103030890513525
SGL_RS15210,SGL_RS07595,0.103028462678245
SGL_RS15805,SGL_RS08185,0.103023446920214
SGL_RS12430,SGL_RS15785,0.103018704173844
SGL_RS15210,SGL_RS07395,0.103010610314467
SGL_RS06215,SGL_RS14235,0.103008757350728
SGL_RS00400,SGL_RS15965,0.103006582150117
SGL_RS00670,SGL_RS18470,0.103006182649992
SGL_RS17760,SGL_RS11595,0.103002125520276
SGL_RS12430,SGL_RS01920,0.102993943843327
SGL_RS12430,SGL_RS15205,0.102987450329949
SGL_RS17395,SGL_RS17620,0.102955922852875
SGL_RS01980,SGL_RS02385,0.102930344253317
SGL_RS15805,SGL_RS16615,0.102929772061031
SGL_RS15210,SGL_RS05520,0.102914608122175
SGL_RS00455,SGL_RS00720,0.102913562235666
SGL_RS05150,SGL_RS05335,0.102908312622114
SGL_RS00400,SGL_RS01690,0.102879231904694
SGL_RS12430,SGL_RS02430,0.10287653426404
SGL_RS00515,SGL_RS00565,0.102836007863365
SGL_RS06480,SGL_RS17655,0.102827197251682
SGL_RS00320,SGL_RS13675,0.102826513145083
SGL_RS00400,SGL_RS16225,0.102793994022667
SGL_RS17245,SGL_RS04995,0.102786057417115
SGL_RS00400,SGL_RS07075,0.102784052370267
SGL_RS15805,SGL_RS03450,0.102783897336372
SGL_RS12430,SGL_RS10400,0.102774665398817
SGL_RS15805,SGL_RS16775,0.102759983873818
SGL_RS00320,SGL_RS13570,0.102753522732493
SGL_RS11370,SGL_RS07980,0.102748409270176
SGL_RS08835,SGL_RS16770,0.102742409764577
SGL_RS00455,SGL_RS15605,0.102731797959367
SGL_RS00515,SGL_RS04770,0.102715446793446
SGL_RS12430,SGL_RS04370,0.102693938236945
SGL_RS02990,SGL_RS09350,0.10268602071979
SGL_RS15965,SGL_RS12085,0.102645488070428
SGL_RS12430,SGL_RS07285,0.102616922535973
SGL_RS10605,SGL_RS16650,0.102593150902993
SGL_RS08835,SGL_RS14850,0.102590143511281
SGL_RS09285,SGL_RS10720,0.102577140505551
SGL_RS15585,SGL_RS14200,0.102572823452448
SGL_RS05150,SGL_RS17980,0.102555159821374
SGL_RS00455,SGL_RS01095,0.102549385713147
SGL_RS15805,SGL_RS16890,0.102548279131012
SGL_RS01980,SGL_RS00695,0.102538729081004
SGL_RS01980,SGL_RS17370,0.102484880214829
SGL_RS00455,SGL_RS08290,0.10247814219232
SGL_RS12430,SGL_RS04620,0.102455400098517
SGL_RS12595,SGL_RS03390,0.102448781491775
SGL_RS07740,SGL_RS14315,0.102448271585627
SGL_RS15245,SGL_RS13855,0.102443974973933
SGL_RS15210,SGL_RS05550,0.102441327380863
SGL_RS02990,SGL_RS19945,0.102425548177901
SGL_RS10820,SGL_RS06375,0.102399716917557
SGL_RS00515,SGL_RS17940,0.102399543226097
SGL_RS12595,SGL_RS09110,0.10239950601373
SGL_RS12430,SGL_RS07810,0.102395012914677
SGL_RS00320,SGL_RS16855,0.102393814891611
SGL_RS17245,SGL_RS03380,0.102392302561527
SGL_RS15805,SGL_RS10145,0.102383988594534
SGL_RS12430,SGL_RS16370,0.102380747064533
SGL_RS09285,SGL_RS15805,0.102373029721779
SGL_RS06410,SGL_RS04540,0.102371452991469
SGL_RS17760,SGL_RS11885,0.102360836856081
SGL_RS10820,SGL_RS03330,0.102349447375833
SGL_RS18290,SGL_RS17195,0.102342617162652
SGL_RS15805,SGL_RS17735,0.102308200398611
SGL_RS04055,SGL_RS16970,0.102306436491375
SGL_RS08165,SGL_RS20095,0.102301668147831
SGL_RS06410,SGL_RS04530,0.102291125026769
SGL_RS16495,SGL_RS16755,0.102290660297162
SGL_RS17760,SGL_RS00745,0.102287275658054
SGL_RS12430,SGL_RS18120,0.102249987364416
SGL_RS15965,SGL_RS15675,0.102244893709186
SGL_RS01980,SGL_RS16385,0.10223855211447
SGL_RS07975,SGL_RS05015,0.10223816214694
SGL_RS08835,SGL_RS17845,0.102234581126565
SGL_RS00075,SGL_RS00385,0.102233602489005
SGL_RS11370,SGL_RS15190,0.102214705758467
SGL_RS17760,SGL_RS05525,0.102197664483526
SGL_RS17760,SGL_RS12190,0.102192367589333
SGL_RS12430,SGL_RS06760,0.102188584850775
SGL_RS15805,SGL_RS11385,0.102187359689097
SGL_RS17395,SGL_RS02280,0.102178262838985
SGL_RS00400,SGL_RS01715,0.102171134084003
SGL_RS15805,SGL_RS17495,0.102164628748895
SGL_RS03065,SGL_RS02225,0.102160255996596
SGL_RS00320,SGL_RS00100,0.102143136527033
SGL_RS17760,SGL_RS16390,0.102132633485571
SGL_RS00400,SGL_RS00540,0.102131266904667
SGL_RS18290,SGL_RS10110,0.102131068411375
SGL_RS04055,SGL_RS01270,0.102126413169045
SGL_RS06340,SGL_RS08250,0.102120306491104
SGL_RS13130,SGL_RS17835,0.102117470943415
SGL_RS16495,SGL_RS15880,0.102085173080151
SGL_RS08210,SGL_RS07535,0.102074966839564
SGL_RS08835,SGL_RS11595,0.102068871114751
SGL_RS04450,SGL_RS05295,0.102053505453178
SGL_RS00455,SGL_RS00900,0.102039293020801
SGL_RS12595,SGL_RS08170,0.102036860456326
SGL_RS12430,SGL_RS10645,0.102028765298185
SGL_RS01625,SGL_RS13895,0.101999005787611
SGL_RS12005,SGL_RS15195,0.101997723296032
SGL_RS15805,SGL_RS12355,0.101993005651925
SGL_RS15805,SGL_RS10605,0.101974467028102
SGL_RS08500,SGL_RS14115,0.101924932486879
SGL_RS12430,SGL_RS04250,0.10189024095471
SGL_RS12595,SGL_RS13900,0.101879825609214
SGL_RS15245,SGL_RS11505,0.101852236593683
SGL_RS12540,SGL_RS09000,0.10184107388037
SGL_RS08835,SGL_RS07370,0.101835972093156
SGL_RS17760,SGL_RS05020,0.101829411879238
SGL_RS12430,SGL_RS16540,0.101788346580242
SGL_RS07975,SGL_RS07215,0.10176128028958
SGL_RS04055,SGL_RS08240,0.101759462556646
SGL_RS00400,SGL_RS00570,0.101758232196139
SGL_RS01980,SGL_RS17695,0.101723241699512
SGL_RS16495,SGL_RS12225,0.101715203385952
SGL_RS11370,SGL_RS13785,0.101703276982404
SGL_RS04450,SGL_RS14545,0.101693704178399
SGL_RS15805,SGL_RS16630,0.101679345134657
SGL_RS00455,SGL_RS01600,0.101671888846806
SGL_RS00400,SGL_RS00020,0.101662180116121
SGL_RS15805,SGL_RS07630,0.101659019313197
SGL_RS12005,SGL_RS04355,0.101643584876211
SGL_RS12430,SGL_RS02665,0.10164015499873
SGL_RS02470,SGL_RS05830,0.101625633296211
SGL_RS12430,SGL_RS10650,0.101609906021994
SGL_RS07535,SGL_RS07640,0.101599720361611
SGL_RS10605,SGL_RS16625,0.101576911981475
SGL_RS08500,SGL_RS05980,0.10156174192602
SGL_RS00400,SGL_RS00115,0.101521304272611
SGL_RS16165,SGL_RS16135,0.101515459538703
SGL_RS04055,SGL_RS12470,0.10150710536187
SGL_RS10820,SGL_RS10700,0.101488551060408
SGL_RS00515,SGL_RS15885,0.101443690598555
SGL_RS17395,SGL_RS14700,0.101431733676745
SGL_RS11370,SGL_RS13555,0.101413666642145
SGL_RS09285,SGL_RS10320,0.10140072848104
SGL_RS02990,SGL_RS15170,0.101357103479335
SGL_RS15965,SGL_RS00270,0.101349079498873
SGL_RS09285,SGL_RS05870,0.101341468343281
SGL_RS06340,SGL_RS06940,0.101336328966298
SGL_RS12430,SGL_RS12525,0.101324179276641
SGL_RS10820,SGL_RS05030,0.101299754466342
SGL_RS15210,SGL_RS09170,0.101288431110067
SGL_RS02470,SGL_RS07560,0.101273654298395
SGL_RS18290,SGL_RS05100,0.101268291933092
SGL_RS01980,SGL_RS01975,0.101264748742977
SGL_RS00455,SGL_RS03715,0.101258732329464
SGL_RS14540,SGL_RS11855,0.101250942561601
SGL_RS09285,SGL_RS15305,0.101230531155273
SGL_RS15210,SGL_RS08580,0.101226361319808
SGL_RS10605,SGL_RS03310,0.101223101787871
SGL_RS10605,SGL_RS03275,0.101219280965992
SGL_RS04055,SGL_RS11750,0.101196055198114
SGL_RS00455,SGL_RS01710,0.101188636213498
SGL_RS17245,SGL_RS10505,0.10118855980287
SGL_RS10820,SGL_RS12625,0.101186690935004
SGL_RS00400,SGL_RS00600,0.101115826392446
SGL_RS15965,SGL_RS14365,0.101115713475131
SGL_RS04725,SGL_RS13990,0.101114229944688
SGL_RS15805,SGL_RS09375,0.101109063201058
SGL_RS08500,SGL_RS04605,0.1011007562566
SGL_RS01980,SGL_RS00975,0.101098280641507
SGL_RS17760,SGL_RS10065,0.101098151019604
SGL_RS17395,SGL_RS14025,0.101084398082273
SGL_RS06410,SGL_RS05230,0.101082465235482
SGL_RS06410,SGL_RS02435,0.101076358535764
SGL_RS15805,SGL_RS13330,0.101072050701155
SGL_RS13130,SGL_RS16905,0.101071954864789
SGL_RS08210,SGL_RS03355,0.101069425427126
SGL_RS15245,SGL_RS16030,0.101051659073443
SGL_RS01980,SGL_RS04150,0.101042104717561
SGL_RS10820,SGL_RS12740,0.101031565106878
SGL_RS08165,SGL_RS07525,0.101021764922328
SGL_RS08835,SGL_RS15910,0.101004240444669
SGL_RS09285,SGL_RS06750,0.100990113898342
SGL_RS01980,SGL_RS15010,0.100980990972031
SGL_RS10820,SGL_RS07100,0.100977214655501
SGL_RS09285,SGL_RS10985,0.100956814215086
SGL_RS04450,SGL_RS09635,0.100939351449856
SGL_RS16495,SGL_RS17355,0.100933195649544
SGL_RS08835,SGL_RS05525,0.100894781165155
SGL_RS15965,SGL_RS09535,0.100875130982155
SGL_RS10605,SGL_RS04260,0.100871711579552
SGL_RS08835,SGL_RS13210,0.100870432901488
SGL_RS12595,SGL_RS08915,0.100862251799916
SGL_RS15965,SGL_RS00315,0.100848070703765
SGL_RS01980,SGL_RS05070,0.100842756662128
SGL_RS02470,SGL_RS05835,0.100842238485401
SGL_RS17760,SGL_RS17630,0.100831468780884
SGL_RS08835,SGL_RS17780,0.100824419291679
SGL_RS18290,SGL_RS03490,0.10080387589674
SGL_RS15805,SGL_RS15855,0.100786178056406
SGL_RS16080,SGL_RS10770,0.10075124839831
SGL_RS15245,SGL_RS12310,0.100742527754318
SGL_RS15310,SGL_RS04445,0.100711459237822
SGL_RS10605,SGL_RS13230,0.100697289945378
SGL_RS12430,SGL_RS02955,0.100694567245166
SGL_RS04055,SGL_RS14885,0.100651019583639
SGL_RS17440,SGL_RS14490,0.100592075709759
SGL_RS04055,SGL_RS12335,0.100565005453526
SGL_RS13130,SGL_RS13500,0.100561842449228
SGL_RS00320,SGL_RS00900,0.10055464317105
SGL_RS12430,SGL_RS07350,0.100524344232323
SGL_RS12430,SGL_RS10340,0.10051347637116
SGL_RS10605,SGL_RS05220,0.100513202374655
SGL_RS06215,SGL_RS13035,0.100501965193141
SGL_RS15805,SGL_RS08750,0.100487554842212
SGL_RS01255,SGL_RS00950,0.100484892159515
SGL_RS14540,SGL_RS07180,0.10047611021882
SGL_RS10820,SGL_RS15025,0.100460588568068
SGL_RS09285,SGL_RS08920,0.100455427668714
SGL_RS01980,SGL_RS00385,0.100454283953428
SGL_RS00400,SGL_RS00235,0.10043896397892
SGL_RS07535,SGL_RS15365,0.1004389518494
SGL_RS06410,SGL_RS05370,0.100432150751584
SGL_RS14385,SGL_RS07970,0.100418046861204
SGL_RS17760,SGL_RS04400,0.100415415820642
SGL_RS12595,SGL_RS03175,0.100405703813109
SGL_RS12430,SGL_RS12400,0.100385296973512
SGL_RS02510,SGL_RS02130,0.100375874936129
SGL_RS00515,SGL_RS03720,0.100368141176947
SGL_RS16495,SGL_RS15550,0.100348288081462
SGL_RS16495,SGL_RS10060,0.100323976273014
SGL_RS01980,SGL_RS01600,0.100323711590905
SGL_RS04725,SGL_RS09325,0.10028095557799
SGL_RS05150,SGL_RS09755,0.100275640240149
SGL_RS17395,SGL_RS17455,0.100254987093425
SGL_RS04725,SGL_RS17535,0.100249537789648
SGL_RS01980,SGL_RS02010,0.100241653635068
SGL_RS12430,SGL_RS07250,0.100219940330563
SGL_RS12430,SGL_RS04100,0.100216520703673
SGL_RS03065,SGL_RS06760,0.100205862869972
SGL_RS15585,SGL_RS19500,0.100205837786886
SGL_RS17760,SGL_RS13235,0.100199112256552
SGL_RS12430,SGL_RS04190,0.100198092017876
SGL_RS02990,SGL_RS09105,0.100195458694324
SGL_RS16080,SGL_RS19865,0.100161381557468
SGL_RS08835,SGL_RS14840,0.100147758457933
SGL_RS16495,SGL_RS06820,0.100145693815965
SGL_RS10820,SGL_RS15830,0.100134413237346
SGL_RS12430,SGL_RS18235,0.100103177480859
SGL_RS04450,SGL_RS05660,0.100099330800414
SGL_RS06340,SGL_RS02990,0.100099330017531
SGL_RS09285,SGL_RS15300,0.100080857248742
SGL_RS00075,SGL_RS00695,0.100074856309615
SGL_RS15805,SGL_RS08425,0.10006347362256
SGL_RS07730,SGL_RS14070,0.100053406909145
SGL_RS13820,SGL_RS16745,0.100040662347805
SGL_RS08835,SGL_RS11135,0.100037295470074
SGL_RS02020,SGL_RS04570,0.100033390703043
SGL_RS17245,SGL_RS05715,0.100010343723375
SGL_RS04615,SGL_RS10450,0.100003201730492
SGL_RS06215,SGL_RS12880,0.0999874401693993
SGL_RS06080,SGL_RS16240,0.0999851027681816
SGL_RS06215,SGL_RS02730,0.0999723428355516
SGL_RS10605,SGL_RS20085,0.0999700224985306
SGL_RS12430,SGL_RS11275,0.0999603239563681
SGL_RS15965,SGL_RS00440,0.0999585418534898
SGL_RS00400,SGL_RS11180,0.0999431729423696
SGL_RS04055,SGL_RS19595,0.0998919177392645
SGL_RS12005,SGL_RS13200,0.0998773414086694
SGL_RS12430,SGL_RS04365,0.099865917190151
SGL_RS15805,SGL_RS03310,0.0998493527012757
SGL_RS08835,SGL_RS03885,0.0998408811464306
SGL_RS06080,SGL_RS04075,0.0998307831351397
SGL_RS12430,SGL_RS13380,0.0997956849462955
SGL_RS15210,SGL_RS05240,0.0997773615955465
SGL_RS10820,SGL_RS04020,0.0997747673929821
SGL_RS09285,SGL_RS14870,0.0997708430254612
SGL_RS15805,SGL_RS17100,0.0997682865457933
SGL_RS18290,SGL_RS16735,0.0997662705275652
SGL_RS16165,SGL_RS01735,0.0997548082962173
SGL_RS12430,SGL_RS10995,0.0997523570883304
SGL_RS00320,SGL_RS09050,0.0997361554751987
SGL_RS10820,SGL_RS03335,0.0997077962740701
SGL_RS10820,SGL_RS12170,0.09969631186242
SGL_RS13130,SGL_RS01915,0.0996955739704343
SGL_RS05150,SGL_RS04160,0.0996804591894634
SGL_RS17245,SGL_RS11125,0.0996751582196062
SGL_RS15245,SGL_RS14890,0.0996633881197369
SGL_RS14165,SGL_RS14175,0.0996543290125426
SGL_RS08080,SGL_RS04995,0.0996418027266898
SGL_RS06340,SGL_RS17430,0.0996268873010736
SGL_RS00455,SGL_RS16410,0.0996199863166582
SGL_RS07730,SGL_RS00830,0.099590956751894
SGL_RS12430,SGL_RS18195,0.0995783765779578
SGL_RS10820,SGL_RS08270,0.0995755905115628
SGL_RS01215,SGL_RS01315,0.0995696492142984
SGL_RS10605,SGL_RS11075,0.0995587891903948
SGL_RS00515,SGL_RS18830,0.0995583771107801
SGL_RS04055,SGL_RS14950,0.0995468177481986
SGL_RS13130,SGL_RS11555,0.099546787181378
SGL_RS15965,SGL_RS00400,0.0995329904416876
SGL_RS04725,SGL_RS04480,0.09951345812362
SGL_RS12005,SGL_RS10395,0.0994980975777941
SGL_RS00320,SGL_RS11875,0.0994821746837484
SGL_RS00320,SGL_RS04770,0.0994803486998975
SGL_RS02470,SGL_RS14855,0.0994582046093338
SGL_RS04725,SGL_RS07320,0.099453949390798
SGL_RS15805,SGL_RS17290,0.0994478121031507
SGL_RS07730,SGL_RS13090,0.0994461318584309
SGL_RS08500,SGL_RS16690,0.0994450068764605
SGL_RS00400,SGL_RS19370,0.0994308181584858
SGL_RS00670,SGL_RS05205,0.0994308067494016
SGL_RS00400,SGL_RS00435,0.0994298074652138
SGL_RS14385,SGL_RS13195,0.0994218419244513
SGL_RS15805,SGL_RS13995,0.0994163819099876
SGL_RS18290,SGL_RS11480,0.0994024691643424
SGL_RS17395,SGL_RS14320,0.0993956709946
SGL_RS00515,SGL_RS16110,0.0993950902240651
SGL_RS08040,SGL_RS01545,0.0993690819765002
SGL_RS17395,SGL_RS02990,0.0993614323483814
SGL_RS16165,SGL_RS16145,0.0993592540648824
SGL_RS00400,SGL_RS00670,0.0993526691278336
SGL_RS04725,SGL_RS12070,0.0993127944593727
SGL_RS12540,SGL_RS12750,0.0993028253158932
SGL_RS11370,SGL_RS04450,0.0992992490099472
SGL_RS16495,SGL_RS04960,0.0992754866340232
SGL_RS16165,SGL_RS19380,0.0992745832418407
SGL_RS10605,SGL_RS09985,0.0992558837871673
SGL_RS02990,SGL_RS07775,0.0992498528950557
SGL_RS00400,SGL_RS11905,0.0992497834342025
SGL_RS04055,SGL_RS02900,0.0992459599452073
SGL_RS11285,SGL_RS18045,0.0992351249470673
SGL_RS12595,SGL_RS14065,0.0992310102384288
SGL_RS15805,SGL_RS04750,0.0992024515170466
SGL_RS07535,SGL_RS09875,0.0991947293341774
SGL_RS04725,SGL_RS08125,0.099180282115978
SGL_RS12430,SGL_RS07690,0.0991562983856579
SGL_RS03065,SGL_RS10425,0.0991518860943529
SGL_RS02020,SGL_RS00340,0.0991238876176468
SGL_RS00455,SGL_RS15005,0.0990854263061676
SGL_RS15210,SGL_RS10980,0.0990708055941148
SGL_RS04055,SGL_RS10455,0.0990693210689572
SGL_RS00320,SGL_RS14720,0.0990645576308567
SGL_RS07730,SGL_RS06945,0.0990545323214726
SGL_RS01980,SGL_RS02325,0.0990507143363841
SGL_RS12430,SGL_RS08780,0.0990489733473997
SGL_RS18290,SGL_RS10270,0.099046934440615
SGL_RS04055,SGL_RS19085,0.0990392832756071
SGL_RS07730,SGL_RS07985,0.0990309078664761
SGL_RS06080,SGL_RS13535,0.0990268675948062
SGL_RS14385,SGL_RS02095,0.0990243247565854
SGL_RS12595,SGL_RS06605,0.0990239863746184
SGL_RS00400,SGL_RS09580,0.0990073825140321
SGL_RS07730,SGL_RS12725,0.0990073355989582
SGL_RS00075,SGL_RS18470,0.0989996689179188
SGL_RS09285,SGL_RS16610,0.0989983169722637
SGL_RS09285,SGL_RS16505,0.0989977278574654
SGL_RS01625,SGL_RS19440,0.0989842383062305
SGL_RS08210,SGL_RS14300,0.0989738716691625
SGL_RS06410,SGL_RS07390,0.0989733498999808
SGL_RS12430,SGL_RS03395,0.0989728239397478
SGL_RS00400,SGL_RS00390,0.0989571781700387
SGL_RS12430,SGL_RS17090,0.0989095661180424
SGL_RS09285,SGL_RS15570,0.0988928097054363
SGL_RS12430,SGL_RS03135,0.0988641685483344
SGL_RS14385,SGL_RS16645,0.0988523485581656
SGL_RS16080,SGL_RS09240,0.0988470399647374
SGL_RS06340,SGL_RS12770,0.0988229463118857
SGL_RS11985,SGL_RS13655,0.0988173531224511
SGL_RS10605,SGL_RS04765,0.0988136269407722
SGL_RS17395,SGL_RS08120,0.0987871548402014
SGL_RS14610,SGL_RS04040,0.0987765021853722
SGL_RS00075,SGL_RS17785,0.0987258810401386
SGL_RS12595,SGL_RS10575,0.098720202036047
SGL_RS17245,SGL_RS13065,0.0987185116210338
SGL_RS12430,SGL_RS13265,0.0987089597414443
SGL_RS12005,SGL_RS00445,0.0986918065708473
SGL_RS12595,SGL_RS04650,0.0986852739801025
SGL_RS16495,SGL_RS06000,0.0986847293020155
SGL_RS06080,SGL_RS14005,0.0986819451886704
SGL_RS17760,SGL_RS09315,0.09867157454352
SGL_RS14540,SGL_RS03515,0.0986709509024568
SGL_RS00670,SGL_RS00475,0.0986584281797146
SGL_RS18290,SGL_RS02775,0.0986486896051144
SGL_RS16495,SGL_RS03165,0.0986383636782047
SGL_RS17395,SGL_RS14560,0.098637712058389
SGL_RS16495,SGL_RS14670,0.0986205442987973
SGL_RS15965,SGL_RS04155,0.0986154737653825
SGL_RS15805,SGL_RS13580,0.0986047055348529
SGL_RS15210,SGL_RS10915,0.098602934298032
SGL_RS11370,SGL_RS13725,0.0985960011910703
SGL_RS10820,SGL_RS15210,0.098593671544894
SGL_RS13820,SGL_RS05425,0.098584734112112
SGL_RS15965,SGL_RS15960,0.0985838177173577
SGL_RS07730,SGL_RS18270,0.0985805116974681
SGL_RS04450,SGL_RS11445,0.098573508998155
SGL_RS12430,SGL_RS08510,0.0985702818881113
SGL_RS04450,SGL_RS11520,0.0985589578870783
SGL_RS00400,SGL_RS10840,0.0985589382502115
SGL_RS17760,SGL_RS17635,0.0985570811101619
SGL_RS12430,SGL_RS06740,0.0985486562822559
SGL_RS04055,SGL_RS15245,0.0985471159111168
SGL_RS02510,SGL_RS04900,0.0985445731441055
SGL_RS15805,SGL_RS03175,0.0985340895246922
SGL_RS14385,SGL_RS14080,0.0985339778545764
SGL_RS00400,SGL_RS00005,0.098524622492151
SGL_RS17395,SGL_RS10625,0.0985203206274423
SGL_RS15245,SGL_RS16660,0.0985125637041812
SGL_RS12430,SGL_RS04725,0.0985118013995891
SGL_RS08835,SGL_RS11590,0.098510825200342
SGL_RS00670,SGL_RS18620,0.0985066043658314
SGL_RS00075,SGL_RS09570,0.0985005552526913
SGL_RS15805,SGL_RS14860,0.0985002427484483
SGL_RS12430,SGL_RS05105,0.0984813542670775
SGL_RS08210,SGL_RS10945,0.0984486343432306
SGL_RS15805,SGL_RS16850,0.0984448735694672
SGL_RS17395,SGL_RS09330,0.0984255794033804
SGL_RS04055,SGL_RS15520,0.0984196775188171
SGL_RS00400,SGL_RS19430,0.0984144933701231
SGL_RS01215,SGL_RS01285,0.0984072062738279
SGL_RS01980,SGL_RS02055,0.0983955566154902
SGL_RS14610,SGL_RS11105,0.098392303747767
SGL_RS07740,SGL_RS17545,0.0983880645528438
SGL_RS16165,SGL_RS11180,0.0983776022749963
SGL_RS15805,SGL_RS19440,0.0983730371829547
SGL_RS18290,SGL_RS03160,0.0983664336247407
SGL_RS12430,SGL_RS06455,0.0983643040748648
SGL_RS10820,SGL_RS04400,0.098358929088037
SGL_RS15210,SGL_RS15900,0.0983562701388305
SGL_RS14540,SGL_RS13730,0.0983497515682368
SGL_RS02510,SGL_RS16475,0.0983446247740916
SGL_RS15805,SGL_RS11390,0.0983316282697861
SGL_RS00320,SGL_RS05070,0.0983312671076794
SGL_RS08520,SGL_RS19435,0.0983161934025378
SGL_RS02020,SGL_RS00910,0.0983050800934622
SGL_RS06410,SGL_RS03605,0.0983013105417784
SGL_RS18290,SGL_RS13490,0.098289901955793
SGL_RS11370,SGL_RS18020,0.0982610915747543
SGL_RS04725,SGL_RS05075,0.0982588235975689
SGL_RS08835,SGL_RS02935,0.0982542079473382
SGL_RS03065,SGL_RS13935,0.0982393308551232
SGL_RS02020,SGL_RS18340,0.0982356409522739
SGL_RS12005,SGL_RS11935,0.0982336655179694
SGL_RS17760,SGL_RS11270,0.0982152749562731
SGL_RS15210,SGL_RS15205,0.098192800464186
SGL_RS10605,SGL_RS18060,0.0981694234583123
SGL_RS08500,SGL_RS14390,0.0981665229728483
SGL_RS12430,SGL_RS17460,0.098165783899163
SGL_RS15805,SGL_RS02095,0.0981608812680709
SGL_RS08210,SGL_RS15700,0.0981358188784326
SGL_RS15210,SGL_RS10925,0.0981305084163971
SGL_RS10820,SGL_RS04385,0.0981123535202999
SGL_RS15805,SGL_RS13550,0.0981098042430242
SGL_RS00515,SGL_RS00050,0.0981018208636764
SGL_RS08500,SGL_RS12680,0.0980863885332388
SGL_RS15210,SGL_RS05670,0.0980858640302138
SGL_RS17760,SGL_RS00915,0.0980848776355876
SGL_RS15965,SGL_RS02035,0.0980842908823111
SGL_RS14385,SGL_RS15570,0.0980592412240609
SGL_RS17760,SGL_RS14835,0.0980589426652002
SGL_RS12430,SGL_RS18095,0.0980463458384303
SGL_RS05150,SGL_RS15140,0.0980390334029021
SGL_RS12430,SGL_RS14090,0.0980384720834791
SGL_RS00320,SGL_RS08830,0.0980313598449156
SGL_RS06410,SGL_RS03865,0.0980231171557554
SGL_RS12595,SGL_RS16935,0.0980228299135776
SGL_RS12005,SGL_RS12070,0.0980149341808539
SGL_RS04055,SGL_RS02800,0.098006965993548
SGL_RS07975,SGL_RS07430,0.0979906645898764
SGL_RS17760,SGL_RS10830,0.097981915629715
SGL_RS12430,SGL_RS16945,0.0979707068598398
SGL_RS00400,SGL_RS01815,0.0979543359007593
SGL_RS11285,SGL_RS15920,0.0979448645598766
SGL_RS04725,SGL_RS09715,0.0979366644211577
SGL_RS15965,SGL_RS04640,0.0979331881232292
SGL_RS12595,SGL_RS17850,0.0979208876000274
SGL_RS15965,SGL_RS00365,0.0979095253168559
SGL_RS10820,SGL_RS04205,0.0978957391953
SGL_RS00670,SGL_RS00105,0.0978803548903595
SGL_RS14385,SGL_RS10615,0.0978782453730839
SGL_RS04450,SGL_RS10160,0.0978561330512306
SGL_RS17245,SGL_RS04115,0.097847757978615
SGL_RS00400,SGL_RS16275,0.0978414477923088
SGL_RS08835,SGL_RS02215,0.0978277761940818
SGL_RS12430,SGL_RS16600,0.0978262869488452
SGL_RS00455,SGL_RS00995,0.0978258071734352
SGL_RS15965,SGL_RS11250,0.0978254172170446
SGL_RS16495,SGL_RS01030,0.0978178701127606
SGL_RS17760,SGL_RS14480,0.0977941051037144
SGL_RS15805,SGL_RS09895,0.0977725343343326
SGL_RS06410,SGL_RS07385,0.0977676450814831
SGL_RS06080,SGL_RS10835,0.0977542198417105
SGL_RS17395,SGL_RS15220,0.0977536033401358
SGL_RS06080,SGL_RS13345,0.0977532855823173
SGL_RS06215,SGL_RS10145,0.0977514655247398
SGL_RS17395,SGL_RS17125,0.0977450012316377
SGL_RS10605,SGL_RS07055,0.0977414095331003
SGL_RS04450,SGL_RS14540,0.0977330828424628
SGL_RS00400,SGL_RS00530,0.0977136930589059
SGL_RS04450,SGL_RS10940,0.0977009944243799
SGL_RS07730,SGL_RS13325,0.0977002743661928
SGL_RS01980,SGL_RS07440,0.0976870933397925
SGL_RS11985,SGL_RS15850,0.0976850539080014
SGL_RS12430,SGL_RS10950,0.0976682034485374
SGL_RS17760,SGL_RS16595,0.0976650366602806
SGL_RS16165,SGL_RS15995,0.0976589203056933
SGL_RS03065,SGL_RS02665,0.0976571815476707
SGL_RS11985,SGL_RS15120,0.0976547335199962
SGL_RS06340,SGL_RS13970,0.0976443220932119
SGL_RS05150,SGL_RS15195,0.0976412813513681
SGL_RS00670,SGL_RS01815,0.0976254774846571
SGL_RS11285,SGL_RS07300,0.0976109342989654
SGL_RS04450,SGL_RS03845,0.0976076262307907
SGL_RS18290,SGL_RS13455,0.0975826286653816
SGL_RS08210,SGL_RS10270,0.0975825398476878
SGL_RS15805,SGL_RS07170,0.0975637934190891
SGL_RS12430,SGL_RS10425,0.0975607715543554
SGL_RS12430,SGL_RS10155,0.0975462307417776
SGL_RS12005,SGL_RS00680,0.0975392164709968
SGL_RS04725,SGL_RS01280,0.0975387664915841
SGL_RS01625,SGL_RS12285,0.0975336048135278
SGL_RS00400,SGL_RS00470,0.0975260701944276
SGL_RS04450,SGL_RS16975,0.0975233683429899
SGL_RS01625,SGL_RS01620,0.0975095511866946
SGL_RS12430,SGL_RS07575,0.097499603072912
SGL_RS02470,SGL_RS05845,0.0974981072078458
SGL_RS12540,SGL_RS12920,0.0974876147878651
SGL_RS02510,SGL_RS04895,0.0974856508849238
SGL_RS15805,SGL_RS12030,0.0974809050672322
SGL_RS15805,SGL_RS03395,0.0974805337477439
SGL_RS07730,SGL_RS16375,0.0974761461256388
SGL_RS12430,SGL_RS04730,0.0974743928248282
SGL_RS12430,SGL_RS13530,0.0974726300693195
SGL_RS10820,SGL_RS00910,0.0974626873231239
SGL_RS15245,SGL_RS11860,0.0974291202996475
SGL_RS00515,SGL_RS18320,0.0974214894364486
SGL_RS01980,SGL_RS00085,0.0974189386432101
SGL_RS00400,SGL_RS09535,0.0974180298182791
SGL_RS04725,SGL_RS04915,0.097413679497747
SGL_RS08210,SGL_RS16895,0.0974006870520283
SGL_RS10605,SGL_RS08505,0.0973966664155878
SGL_RS10605,SGL_RS04315,0.0973751278552883
SGL_RS17760,SGL_RS09985,0.097353874131789
SGL_RS15210,SGL_RS06770,0.0973534224537258
SGL_RS06410,SGL_RS20030,0.0973324757135031
SGL_RS06080,SGL_RS04630,0.097329220556127
SGL_RS15965,SGL_RS08705,0.0973265696888203
SGL_RS12430,SGL_RS17045,0.0973111496817973
SGL_RS18290,SGL_RS03135,0.0972954326166162
SGL_RS00320,SGL_RS17210,0.0972829129343406
SGL_RS11370,SGL_RS10930,0.0972828311700303
SGL_RS06410,SGL_RS13450,0.0972814840656182
SGL_RS10605,SGL_RS14530,0.0972803563375483
SGL_RS15805,SGL_RS08055,0.0972802050889522
SGL_RS04055,SGL_RS07570,0.0972769992392905
SGL_RS15965,SGL_RS12160,0.0972720912686484
SGL_RS04450,SGL_RS11085,0.0972600159296176
SGL_RS00515,SGL_RS00655,0.0972510911094837
SGL_RS18290,SGL_RS16640,0.0972434435967997
SGL_RS08080,SGL_RS20095,0.0972414386042125
SGL_RS07730,SGL_RS11395,0.0972404668032883
SGL_RS12430,SGL_RS11755,0.0972386139770113
SGL_RS15805,SGL_RS12690,0.097234058399797
SGL_RS04055,SGL_RS07530,0.0972332785904829
SGL_RS15805,SGL_RS02250,0.0972329637668504
SGL_RS01980,SGL_RS00435,0.0972321425071065
SGL_RS12430,SGL_RS07145,0.097225383576274
SGL_RS00670,SGL_RS01060,0.097224608088794
SGL_RS15210,SGL_RS01800,0.0972220627524668
SGL_RS10605,SGL_RS13580,0.0971993708861122
SGL_RS06340,SGL_RS05890,0.097191640908173
SGL_RS15805,SGL_RS13890,0.0971840623469409
SGL_RS15805,SGL_RS05440,0.0971605104021792
SGL_RS11370,SGL_RS02105,0.0971572648487454
SGL_RS15805,SGL_RS04075,0.0971529221756991
SGL_RS08210,SGL_RS10575,0.0971126602289762
SGL_RS12430,SGL_RS11510,0.0971083260780598
SGL_RS12595,SGL_RS07815,0.0971048985910446
SGL_RS15965,SGL_RS00545,0.0971020689394674
SGL_RS15805,SGL_RS03495,0.09709097937218
SGL_RS17395,SGL_RS06525,0.0970600050974782
SGL_RS00320,SGL_RS00375,0.0970351444557567
SGL_RS14610,SGL_RS08815,0.0970347347046695
SGL_RS01955,SGL_RS01360,0.0970303002437289
SGL_RS00320,SGL_RS01570,0.0970299280655994
SGL_RS10820,SGL_RS17645,0.0970123901780075
SGL_RS03065,SGL_RS11510,0.0970049651444385
SGL_RS06410,SGL_RS02880,0.0970023428760772
SGL_RS14610,SGL_RS05255,0.096992622251053
SGL_RS03065,SGL_RS16790,0.0969911446994195
SGL_RS00320,SGL_RS02605,0.0969859746757847
SGL_RS17120,SGL_RS06015,0.096967761253275
SGL_RS16495,SGL_RS02815,0.0969507406016818
SGL_RS12430,SGL_RS03890,0.0969465027053016
SGL_RS17760,SGL_RS09780,0.0969414967363249
SGL_RS10820,SGL_RS15265,0.0969372852171923
SGL_RS12430,SGL_RS14400,0.0969234059778953
SGL_RS06480,SGL_RS12105,0.0969114167930256
SGL_RS09285,SGL_RS05440,0.0969088678953463
SGL_RS15805,SGL_RS15235,0.0969086526565733
SGL_RS04450,SGL_RS13790,0.0969021180645882
SGL_RS01255,SGL_RS02030,0.0969016375789454
SGL_RS00400,SGL_RS00105,0.0969011554494811
SGL_RS15965,SGL_RS14970,0.0968909077997283
SGL_RS12430,SGL_RS07170,0.0968831915974654
SGL_RS04450,SGL_RS05725,0.0968721022776434
SGL_RS10820,SGL_RS15670,0.0968594561493832
SGL_RS09285,SGL_RS17220,0.0968561219542785
SGL_RS08835,SGL_RS09525,0.0968515465745766
SGL_RS15805,SGL_RS08455,0.0968439618619773
SGL_RS06340,SGL_RS08235,0.0968323407502268
SGL_RS12005,SGL_RS05245,0.0968259946744573
SGL_RS16495,SGL_RS18250,0.096818263298574
SGL_RS06410,SGL_RS02680,0.0968174086735271
SGL_RS15210,SGL_RS10065,0.0968138617838488
SGL_RS01255,SGL_RS00855,0.0968082218670773
SGL_RS17760,SGL_RS10195,0.0968080312917115
SGL_RS15805,SGL_RS08710,0.0967999971996499
SGL_RS15805,SGL_RS11655,0.096793023124799
SGL_RS08835,SGL_RS04920,0.0967878855821723
SGL_RS06215,SGL_RS02830,0.0967699303625683
SGL_RS04725,SGL_RS02875,0.0967495271954908
SGL_RS15805,SGL_RS05495,0.0967397354364741
SGL_RS00455,SGL_RS01035,0.0967244784617095
SGL_RS12595,SGL_RS14920,0.0967239251614703
SGL_RS00400,SGL_RS02920,0.0967221027712059
SGL_RS11370,SGL_RS06045,0.0967129979115114
SGL_RS10605,SGL_RS01655,0.0967113184944005
SGL_RS00075,SGL_RS17375,0.0966849524024885
SGL_RS15965,SGL_RS15615,0.0966845553532394
SGL_RS15210,SGL_RS14825,0.0966843059264222
SGL_RS02470,SGL_RS15505,0.0966744756504223
SGL_RS15805,SGL_RS17230,0.0966701044286491
SGL_RS15965,SGL_RS07075,0.0966698768480695
SGL_RS15805,SGL_RS09110,0.0966547626539897
SGL_RS17760,SGL_RS04675,0.0966356330752036
SGL_RS01980,SGL_RS00730,0.0966324291975006
SGL_RS16495,SGL_RS11830,0.0966294856982099
SGL_RS14385,SGL_RS10345,0.096617562029725
SGL_RS09285,SGL_RS07710,0.0966154106513491
SGL_RS08210,SGL_RS09420,0.0966151975938379
SGL_RS02470,SGL_RS05800,0.0966047768034477
SGL_RS14540,SGL_RS07145,0.0965882986816234
SGL_RS12430,SGL_RS04460,0.0965872697262376
SGL_RS15805,SGL_RS05675,0.0965752000395554
SGL_RS11370,SGL_RS05730,0.0965605190726491
SGL_RS17760,SGL_RS15865,0.0965563277673847
SGL_RS13820,SGL_RS11050,0.0965545841224788
SGL_RS16495,SGL_RS14935,0.0965538382131581
SGL_RS10605,SGL_RS13660,0.0965358356832954
SGL_RS12430,SGL_RS06105,0.0965346088120535
SGL_RS08210,SGL_RS04590,0.0965249667696394
SGL_RS12430,SGL_RS15105,0.0965240842694041
SGL_RS03065,SGL_RS06380,0.0965183753556351
SGL_RS11835,SGL_RS14940,0.0965156381607114
SGL_RS00455,SGL_RS03655,0.0964799020258837
SGL_RS14385,SGL_RS14250,0.0964783197398301
SGL_RS17395,SGL_RS11840,0.0964763525203845
SGL_RS10820,SGL_RS16395,0.0964694515670578
SGL_RS00320,SGL_RS11465,0.0964565667782779
SGL_RS17760,SGL_RS16220,0.0964511107504163
SGL_RS12430,SGL_RS17055,0.0964496924994113
SGL_RS03065,SGL_RS11610,0.0964492195428461
SGL_RS15245,SGL_RS05860,0.0964463899695168
SGL_RS17760,SGL_RS18235,0.0964417238307732
SGL_RS06480,SGL_RS18205,0.0964295598378381
SGL_RS18290,SGL_RS02755,0.0964205372326238
SGL_RS15965,SGL_RS00245,0.0964054270370659
SGL_RS08835,SGL_RS04475,0.096403786943793
SGL_RS11370,SGL_RS16925,0.0963998275866072
SGL_RS15965,SGL_RS04230,0.0963982292115794
SGL_RS03065,SGL_RS19805,0.096397094145384
SGL_RS10820,SGL_RS05085,0.0963923430719619
SGL_RS01215,SGL_RS19310,0.0963863152897509
SGL_RS04450,SGL_RS18890,0.096383493065305
SGL_RS11835,SGL_RS06535,0.0963280314814907
SGL_RS06215,SGL_RS05940,0.0963200870082341
SGL_RS15805,SGL_RS15070,0.0963193633903583
SGL_RS00320,SGL_RS02170,0.0963107286794215
SGL_RS08835,SGL_RS00435,0.096308887694043
SGL_RS07730,SGL_RS01120,0.0962998066572117
SGL_RS09285,SGL_RS14565,0.0962764744618702
SGL_RS06215,SGL_RS05710,0.0962749811034961
SGL_RS15805,SGL_RS03455,0.0962675151262442
SGL_RS01255,SGL_RS00980,0.0962608468346208
SGL_RS00320,SGL_RS00970,0.0962595955444497
SGL_RS11370,SGL_RS07185,0.0962479798528746
SGL_RS06215,SGL_RS06985,0.096245938521653
SGL_RS15805,SGL_RS02530,0.0962436026737319
SGL_RS16495,SGL_RS16215,0.0962423981807171
SGL_RS04725,SGL_RS11915,0.0962329205868272
SGL_RS06215,SGL_RS09165,0.0962209110568215
SGL_RS08080,SGL_RS12605,0.0962003404330897
SGL_RS04450,SGL_RS07120,0.0961982868101182
SGL_RS09285,SGL_RS02155,0.0961268586818669
SGL_RS00320,SGL_RS01720,0.0961196674250378
SGL_RS04055,SGL_RS00170,0.0960962353924086
SGL_RS01955,SGL_RS02020,0.0960937634690505
SGL_RS12430,SGL_RS13730,0.0960753244779684
SGL_RS09285,SGL_RS10565,0.0960632823226485
SGL_RS06410,SGL_RS09805,0.0960488925709509
SGL_RS12430,SGL_RS07820,0.0960447060292586
SGL_RS04055,SGL_RS16960,0.0960325155996015
SGL_RS10605,SGL_RS07820,0.0960312726758398
SGL_RS11285,SGL_RS13130,0.0960281536284105
SGL_RS10820,SGL_RS00150,0.0960280649357544
SGL_RS08835,SGL_RS11270,0.0960201777979142
SGL_RS04615,SGL_RS03505,0.096013400990212
SGL_RS17440,SGL_RS06720,0.0960101264634883
SGL_RS17395,SGL_RS04985,0.0960032451026836
SGL_RS17395,SGL_RS16910,0.0959961453202946
SGL_RS11985,SGL_RS07460,0.0959705734440704
SGL_RS04725,SGL_RS04340,0.0959631146983454
SGL_RS10605,SGL_RS17055,0.0959627436883749
SGL_RS01980,SGL_RS12630,0.0959602261101454
SGL_RS16495,SGL_RS07720,0.095946523188673
SGL_RS16495,SGL_RS02085,0.095881986877736
SGL_RS04450,SGL_RS12765,0.0958757391289971
SGL_RS09285,SGL_RS04845,0.0958501299465774
SGL_RS09285,SGL_RS00815,0.0958376809720274
SGL_RS12430,SGL_RS03130,0.0958343389789846
SGL_RS12430,SGL_RS16845,0.0958288149232371
SGL_RS00455,SGL_RS00990,0.0958214371711957
SGL_RS15805,SGL_RS15680,0.095789899957097
SGL_RS17120,SGL_RS12860,0.09578899445488
SGL_RS02990,SGL_RS03850,0.0957735012727465
SGL_RS00320,SGL_RS11665,0.0957698359762299
SGL_RS06480,SGL_RS12225,0.0957573477545279
SGL_RS09285,SGL_RS06640,0.0957527190705468
SGL_RS06480,SGL_RS06805,0.0957342236085171
SGL_RS15965,SGL_RS08805,0.0957318498642111
SGL_RS08835,SGL_RS05225,0.0957286413242206
SGL_RS04450,SGL_RS15190,0.0957132974947591
SGL_RS12430,SGL_RS07585,0.0956975047409621
SGL_RS10820,SGL_RS04855,0.0956875016550208
SGL_RS15805,SGL_RS07660,0.095687117811865
SGL_RS13820,SGL_RS17900,0.0956794555167131
SGL_RS12430,SGL_RS04085,0.0956785611488746
SGL_RS03065,SGL_RS06240,0.0956771704478072
SGL_RS15310,SGL_RS07700,0.0956685142632693
SGL_RS13820,SGL_RS15810,0.0956593786383808
SGL_RS03065,SGL_RS12610,0.0956339087068799
SGL_RS12595,SGL_RS02315,0.0956301215711593
SGL_RS18290,SGL_RS09390,0.0956040675482559
SGL_RS10605,SGL_RS08535,0.0955858259530289
SGL_RS12430,SGL_RS04625,0.0955853211184405
SGL_RS02020,SGL_RS01960,0.09557611792023
SGL_RS12595,SGL_RS14915,0.0955760931511546
SGL_RS08500,SGL_RS10910,0.0955517139568589
SGL_RS17760,SGL_RS13210,0.0955425029706527
SGL_RS00400,SGL_RS18690,0.0955419922644454
SGL_RS00455,SGL_RS16195,0.0955323037161563
SGL_RS13820,SGL_RS14505,0.0955277587966164
SGL_RS06080,SGL_RS19565,0.0955134105928142
SGL_RS15965,SGL_RS08325,0.0955100066619526
SGL_RS11370,SGL_RS08745,0.0955042040264033
SGL_RS01215,SGL_RS00880,0.0954999337910526
SGL_RS06340,SGL_RS13115,0.0954938258426574
SGL_RS02990,SGL_RS11000,0.0954925992993863
SGL_RS06080,SGL_RS04180,0.0954680681684043
SGL_RS01255,SGL_RS04345,0.0954648237684494
SGL_RS16495,SGL_RS02130,0.0954554190004265
SGL_RS12430,SGL_RS02780,0.0954532787905977
SGL_RS00400,SGL_RS19735,0.095439315001434
SGL_RS16165,SGL_RS16140,0.0954320331483121
SGL_RS10605,SGL_RS12885,0.0954318688829274
SGL_RS06215,SGL_RS12640,0.095411855699864
SGL_RS06480,SGL_RS09810,0.0954073242242972
SGL_RS00400,SGL_RS03040,0.0953986602626036
SGL_RS04055,SGL_RS15220,0.095396019250207
SGL_RS06215,SGL_RS15070,0.0953828373642465
SGL_RS08835,SGL_RS00090,0.0953766518710358
SGL_RS08165,SGL_RS20100,0.0953744722929928
SGL_RS06340,SGL_RS17400,0.0953694649964493
SGL_RS09285,SGL_RS06600,0.0953690533947315
SGL_RS12430,SGL_RS14550,0.0953627627295184
SGL_RS00400,SGL_RS10045,0.0953521944594331
SGL_RS08165,SGL_RS11065,0.0953504792337441
SGL_RS03065,SGL_RS15355,0.0953428692204693
SGL_RS15805,SGL_RS12285,0.0953325687570182
SGL_RS01955,SGL_RS14685,0.0953269191629041
SGL_RS14540,SGL_RS09290,0.0953156184977189
SGL_RS11370,SGL_RS11345,0.0953150033645663
SGL_RS00075,SGL_RS18875,0.0952702209663621
SGL_RS15965,SGL_RS02340,0.0952566719786948
SGL_RS15805,SGL_RS04365,0.0952514066368429
SGL_RS15965,SGL_RS00025,0.0952264976201196
SGL_RS15210,SGL_RS06445,0.0952228651940148
SGL_RS12430,SGL_RS09925,0.0952215888062623
SGL_RS15215,SGL_RS03415,0.0952212188696248
SGL_RS11985,SGL_RS00240,0.095218554103519
SGL_RS00400,SGL_RS17795,0.0951960655154363
SGL_RS16165,SGL_RS11565,0.0951920079097957
SGL_RS00075,SGL_RS16320,0.0951676012032629
SGL_RS15245,SGL_RS07725,0.0951628721176353
SGL_RS04450,SGL_RS11840,0.0951351982049584
SGL_RS15210,SGL_RS02680,0.0951328345286166
SGL_RS17440,SGL_RS12295,0.0951323797126591
SGL_RS15965,SGL_RS00680,0.0951312563424535
SGL_RS01980,SGL_RS14715,0.0951252271047708
SGL_RS07535,SGL_RS11355,0.095119253572724
SGL_RS03065,SGL_RS17905,0.0951072991971091
SGL_RS04450,SGL_RS10005,0.0951024942762271
SGL_RS06080,SGL_RS17325,0.0951008157669407
SGL_RS06215,SGL_RS16665,0.0950976479306621
SGL_RS12430,SGL_RS13885,0.0950878970881569
SGL_RS00455,SGL_RS00985,0.0950731180187912
SGL_RS10820,SGL_RS18380,0.0950448598362039
SGL_RS08520,SGL_RS03015,0.0950290894360038
SGL_RS00320,SGL_RS19005,0.0950262658046022
SGL_RS03065,SGL_RS02330,0.0950095534236655
SGL_RS14610,SGL_RS12540,0.0949829832282467
SGL_RS12430,SGL_RS13060,0.094964963663486
SGL_RS14385,SGL_RS10605,0.0949372059767108
SGL_RS06410,SGL_RS19775,0.0949355614519263
SGL_RS04725,SGL_RS11485,0.0949312557231971
SGL_RS12430,SGL_RS12360,0.094928359247527
SGL_RS09285,SGL_RS06985,0.0949206786529849
SGL_RS13130,SGL_RS14290,0.0949070319157859
SGL_RS15805,SGL_RS09045,0.0948809486083057
SGL_RS00515,SGL_RS14275,0.0948756466713115
SGL_RS01215,SGL_RS19695,0.0948685098666704
SGL_RS04725,SGL_RS04255,0.0948555912373899
SGL_RS04450,SGL_RS15240,0.0948471580186788
SGL_RS15210,SGL_RS12815,0.0948380224119422
SGL_RS15965,SGL_RS00265,0.0948360110894897
SGL_RS01955,SGL_RS00825,0.094816646424006
SGL_RS06215,SGL_RS19170,0.0948127658769285
SGL_RS17760,SGL_RS17675,0.094808885623924
SGL_RS06410,SGL_RS07410,0.094797631588715
SGL_RS10820,SGL_RS12735,0.0947880647985169
SGL_RS15210,SGL_RS06780,0.0947737698289947
SGL_RS17395,SGL_RS13975,0.0947667393878396
SGL_RS15245,SGL_RS04990,0.0947574919475367
SGL_RS16080,SGL_RS18670,0.0947534618564199
SGL_RS10820,SGL_RS01570,0.0947491908913883
SGL_RS15965,SGL_RS19195,0.094735495595056
SGL_RS10605,SGL_RS12030,0.0947162167766561
SGL_RS08210,SGL_RS03425,0.0947129946827259
SGL_RS11370,SGL_RS04510,0.0947100196797255
SGL_RS01215,SGL_RS01680,0.094704533806813
SGL_RS00670,SGL_RS00715,0.0947035873174306
SGL_RS01980,SGL_RS05530,0.0947021043176765
SGL_RS08165,SGL_RS18960,0.0946754620248312
SGL_RS09285,SGL_RS08755,0.0946697497217968
SGL_RS00320,SGL_RS00470,0.0946604325328484
SGL_RS10820,SGL_RS02600,0.0946429200911891
SGL_RS15805,SGL_RS14160,0.0946371417376893
SGL_RS09285,SGL_RS10990,0.0946316754918311
SGL_RS12430,SGL_RS15425,0.0946228278843964
SGL_RS15245,SGL_RS00170,0.0946159404464322
SGL_RS13130,SGL_RS18290,0.0946152685105998
SGL_RS15805,SGL_RS10650,0.0945975706481745
SGL_RS01955,SGL_RS02385,0.0945771705724253
SGL_RS02020,SGL_RS10815,0.0945523986035648
SGL_RS03065,SGL_RS08175,0.0945298393473393
SGL_RS08835,SGL_RS18370,0.0945262293219869
SGL_RS12430,SGL_RS07485,0.0945217725608478
SGL_RS02020,SGL_RS01940,0.0945163841848562
SGL_RS03065,SGL_RS17460,0.0945098068901916
SGL_RS15805,SGL_RS06985,0.0945093036339669
SGL_RS04725,SGL_RS11020,0.0945026809752654
SGL_RS08835,SGL_RS12565,0.0944995250261465
SGL_RS17760,SGL_RS16395,0.0944987647389575
SGL_RS04725,SGL_RS07355,0.0944908705321126
SGL_RS08500,SGL_RS15455,0.0944886765729196
SGL_RS04055,SGL_RS04615,0.0944809703827083
SGL_RS07535,SGL_RS06240,0.0944741157428965
SGL_RS10605,SGL_RS04595,0.0944728102164314
SGL_RS08500,SGL_RS10995,0.0944708182489341
SGL_RS01980,SGL_RS07445,0.094463326217493
SGL_RS15965,SGL_RS16000,0.0944453992655455
SGL_RS12005,SGL_RS00605,0.0944436127372956
SGL_RS17395,SGL_RS09350,0.0944343406357292
SGL_RS17395,SGL_RS19985,0.0944017208200279
SGL_RS17395,SGL_RS16710,0.0943884038782737
SGL_RS04725,SGL_RS07880,0.0943811993577655
SGL_RS12595,SGL_RS05885,0.0943810422290948
SGL_RS08835,SGL_RS10370,0.0943561696032055
SGL_RS09285,SGL_RS17230,0.0943553826711591
SGL_RS11835,SGL_RS02380,0.0943461779324056
SGL_RS10820,SGL_RS14705,0.0943354100403889
SGL_RS10820,SGL_RS17650,0.0943234045599053
SGL_RS10605,SGL_RS01955,0.0943136823872465
SGL_RS01955,SGL_RS11590,0.0943096916227011
SGL_RS06080,SGL_RS06910,0.0942874013230426
SGL_RS12595,SGL_RS12975,0.0942839483502285
SGL_RS14385,SGL_RS11425,0.0942829726770023
SGL_RS17395,SGL_RS17485,0.0942686974029439
SGL_RS08835,SGL_RS11160,0.0942512683543443
SGL_RS02470,SGL_RS07545,0.0942461719747691
SGL_RS02510,SGL_RS11055,0.0942426441348529
SGL_RS12430,SGL_RS11825,0.0942374523651979
SGL_RS15805,SGL_RS15225,0.0942175109642323
SGL_RS17395,SGL_RS02295,0.094208812320379
SGL_RS15805,SGL_RS08595,0.0942055923132889
SGL_RS10820,SGL_RS07135,0.0942023310417232
SGL_RS08210,SGL_RS09280,0.0942013782367812
SGL_RS01980,SGL_RS02140,0.0941857839152231
SGL_RS16495,SGL_RS03925,0.094175514062154
SGL_RS04450,SGL_RS05895,0.0941622254384184
SGL_RS12430,SGL_RS11635,0.0941547590117436
SGL_RS01980,SGL_RS14720,0.0941510775704838
SGL_RS09285,SGL_RS02235,0.094146446492842
SGL_RS12005,SGL_RS04660,0.0941446752944176
SGL_RS14540,SGL_RS15835,0.0941409605610093
SGL_RS10605,SGL_RS08445,0.094128495653039
SGL_RS06410,SGL_RS11735,0.0941268974525367
SGL_RS04725,SGL_RS09075,0.0941226095947209
SGL_RS15245,SGL_RS18805,0.0941191816540406
SGL_RS17395,SGL_RS05950,0.0941166604761094
SGL_RS10605,SGL_RS12815,0.0941136701139181
SGL_RS00515,SGL_RS19760,0.0940950370749236
SGL_RS08165,SGL_RS01480,0.0940922610131374
SGL_RS04055,SGL_RS05650,0.0940882898527864
SGL_RS13130,SGL_RS11560,0.0940842911380095
SGL_RS15805,SGL_RS06765,0.0940704938517694
SGL_RS12430,SGL_RS10070,0.0940676133103456
SGL_RS03065,SGL_RS10555,0.0940639571359134
SGL_RS10605,SGL_RS14080,0.0940565854224952
SGL_RS03065,SGL_RS04810,0.094053891129967
SGL_RS00515,SGL_RS18960,0.0940518249516625
SGL_RS04820,SGL_RS12845,0.0940476484741571
SGL_RS15805,SGL_RS03805,0.0940442171878692
SGL_RS15805,SGL_RS03105,0.0940437017393167
SGL_RS00515,SGL_RS12075,0.0940394265969415
SGL_RS17395,SGL_RS14910,0.0940109719548611
SGL_RS07730,SGL_RS07860,0.0940097322056601
SGL_RS09285,SGL_RS10650,0.0939967584957524
SGL_RS15805,SGL_RS06500,0.0939916794053293
SGL_RS12430,SGL_RS17050,0.0939915104194731
SGL_RS16165,SGL_RS17960,0.0939901498627281
SGL_RS12005,SGL_RS01130,0.0939870114400704
SGL_RS09285,SGL_RS08750,0.093980784952557
SGL_RS04615,SGL_RS07205,0.0939642995376481
SGL_RS15965,SGL_RS00355,0.0939559025842079
SGL_RS08500,SGL_RS12945,0.0939556127633197
SGL_RS02990,SGL_RS03800,0.0939476959015639
SGL_RS08835,SGL_RS08020,0.0939473532543304
SGL_RS14610,SGL_RS10760,0.0939357779960396
SGL_RS04725,SGL_RS09235,0.093934459880614
SGL_RS06340,SGL_RS05215,0.0939329989844481
SGL_RS01980,SGL_RS07450,0.0939167057164302
SGL_RS03065,SGL_RS03060,0.0939137469681888
SGL_RS17760,SGL_RS09310,0.0938948575482737
SGL_RS04450,SGL_RS10570,0.0938797871601839
SGL_RS00455,SGL_RS00350,0.0938766061939215
SGL_RS16495,SGL_RS02980,0.093862163983217
SGL_RS04055,SGL_RS09260,0.0938608251115905
SGL_RS01955,SGL_RS04475,0.0938590555201366
SGL_RS00320,SGL_RS19525,0.0938559994669127
SGL_RS17245,SGL_RS16710,0.0938470072197243
SGL_RS18290,SGL_RS17835,0.0938447932013077
SGL_RS04055,SGL_RS10300,0.0938382106759394
SGL_RS15805,SGL_RS13080,0.0938361206243819
SGL_RS17760,SGL_RS07235,0.0938343722413331
SGL_RS14610,SGL_RS15065,0.0938290629403717
SGL_RS15805,SGL_RS07180,0.0938230496141089
SGL_RS15245,SGL_RS07130,0.0938146308814833
SGL_RS17760,SGL_RS19530,0.0938063560841029
SGL_RS08500,SGL_RS08670,0.0937851348735455
SGL_RS15805,SGL_RS17405,0.0937834422627732
SGL_RS15805,SGL_RS18230,0.0937792930189238
SGL_RS10820,SGL_RS07330,0.0937678082508823
SGL_RS06215,SGL_RS11525,0.0937676746522753
SGL_RS12430,SGL_RS09850,0.0937623884754413
SGL_RS17395,SGL_RS03985,0.0937515270877541
SGL_RS12595,SGL_RS15435,0.0937514192117775
SGL_RS00400,SGL_RS01845,0.0937487953203025
SGL_RS14385,SGL_RS15580,0.0937474914120678
SGL_RS11370,SGL_RS04785,0.0937261586003672
SGL_RS06215,SGL_RS02590,0.0937200359390792
SGL_RS08500,SGL_RS04310,0.0937189841897355
SGL_RS16080,SGL_RS08140,0.0937120243996337
SGL_RS12430,SGL_RS03210,0.0936908694253076
SGL_RS10820,SGL_RS05095,0.0936903561910915
SGL_RS01955,SGL_RS17635,0.0936836270487061
SGL_RS03065,SGL_RS20145,0.0936773168619114
SGL_RS01255,SGL_RS01650,0.093676881768989
SGL_RS05150,SGL_RS17175,0.0936702751395332
SGL_RS17760,SGL_RS15910,0.093663433776638
SGL_RS02470,SGL_RS05770,0.0936565823640764
SGL_RS09285,SGL_RS04745,0.0936421604652414
SGL_RS10820,SGL_RS15665,0.0936367777515887
SGL_RS15805,SGL_RS03115,0.0936355496104364
SGL_RS12430,SGL_RS02315,0.093617908042228
SGL_RS04450,SGL_RS10150,0.0936123251059847
SGL_RS15805,SGL_RS03840,0.0935984213989266
SGL_RS10605,SGL_RS15235,0.0935960967629615
SGL_RS08500,SGL_RS04610,0.0935936216322372
SGL_RS08835,SGL_RS08335,0.0935912355410847
SGL_RS12430,SGL_RS04435,0.0935825647182941
SGL_RS15965,SGL_RS03665,0.0935811018997846
SGL_RS15210,SGL_RS02675,0.0935733881010222
SGL_RS12595,SGL_RS07750,0.0935717675305315
SGL_RS12595,SGL_RS09775,0.0935693135237656
SGL_RS06480,SGL_RS05245,0.093558648739541
SGL_RS00075,SGL_RS00700,0.0935586317920215
SGL_RS07535,SGL_RS13745,0.093544163003627
SGL_RS00455,SGL_RS00980,0.0935427142995241
SGL_RS04055,SGL_RS06045,0.0935385736667794
SGL_RS02990,SGL_RS12490,0.093533071269823
SGL_RS15805,SGL_RS17635,0.0935304891258584
SGL_RS11985,SGL_RS13260,0.093520329001032
SGL_RS02470,SGL_RS05775,0.0935176149352022
SGL_RS15805,SGL_RS12975,0.0935157710482473
SGL_RS04450,SGL_RS15555,0.0935147068375095
SGL_RS12430,SGL_RS08905,0.0935012007693379
SGL_RS00515,SGL_RS09970,0.0934952877166166
SGL_RS16165,SGL_RS16175,0.0934855304017122
SGL_RS04450,SGL_RS04520,0.0934822286769683
SGL_RS15805,SGL_RS00820,0.0934770291885134
SGL_RS15805,SGL_RS14630,0.0934758080420257
SGL_RS11285,SGL_RS04860,0.0934730222908349
SGL_RS10820,SGL_RS10735,0.0934672760005036
SGL_RS10820,SGL_RS16830,0.0934643060193422
SGL_RS10820,SGL_RS06145,0.0934626778808389
SGL_RS10605,SGL_RS16620,0.0934575344479876
SGL_RS15805,SGL_RS16845,0.0934537842793797
SGL_RS04450,SGL_RS02555,0.0934444527852729
SGL_RS10605,SGL_RS08045,0.0934258397653944
SGL_RS10820,SGL_RS13940,0.0934157194035947
SGL_RS00400,SGL_RS11930,0.0934134578285236
SGL_RS13820,SGL_RS10600,0.093403045141553
SGL_RS08500,SGL_RS06695,0.0933998229541858
SGL_RS06080,SGL_RS07780,0.0933991853297805
SGL_RS13130,SGL_RS15400,0.093369285508373
SGL_RS15965,SGL_RS01595,0.0933666865170055
SGL_RS04820,SGL_RS09225,0.0933657202990146
SGL_RS10605,SGL_RS06845,0.0933576028042919
SGL_RS12430,SGL_RS07600,0.0933484157869134
SGL_RS15965,SGL_RS00275,0.093344343093273
SGL_RS15805,SGL_RS12685,0.0933344510323796
SGL_RS07975,SGL_RS07425,0.0933337231725173
SGL_RS14385,SGL_RS15360,0.0933278050767764
SGL_RS14540,SGL_RS06230,0.0933252536801698
SGL_RS17760,SGL_RS11925,0.0933216055895182
SGL_RS10820,SGL_RS04675,0.0933196862077644
SGL_RS10605,SGL_RS14385,0.0933047343496375
SGL_RS11370,SGL_RS04200,0.0933023263044593
SGL_RS00455,SGL_RS08300,0.0932884636656141
SGL_RS12430,SGL_RS15445,0.0932880073074056
SGL_RS10605,SGL_RS16900,0.0932852123198348
SGL_RS00400,SGL_RS00635,0.0932805445945879
SGL_RS12430,SGL_RS06190,0.0932715281883363
SGL_RS10605,SGL_RS10085,0.0932710496919046
SGL_RS15805,SGL_RS13505,0.0932702780712368
SGL_RS15805,SGL_RS09890,0.0932469995078837
SGL_RS00400,SGL_RS00440,0.09324521421498
SGL_RS10820,SGL_RS07315,0.0932389668094886
SGL_RS00320,SGL_RS08690,0.0932387812657723
SGL_RS13130,SGL_RS12810,0.0932365126338132
SGL_RS15965,SGL_RS00360,0.0932133646898679
SGL_RS11370,SGL_RS17485,0.0932097484840586
SGL_RS03065,SGL_RS11500,0.0931847908613524
SGL_RS00455,SGL_RS01055,0.093183645449981
SGL_RS12430,SGL_RS02705,0.0931697900157576
SGL_RS15965,SGL_RS00225,0.0931640234228747
SGL_RS07975,SGL_RS16985,0.0931567476008023
SGL_RS12430,SGL_RS06705,0.0931566885219192
SGL_RS12430,SGL_RS18200,0.0931540303052142
SGL_RS00515,SGL_RS00355,0.0931406876675354
SGL_RS10820,SGL_RS05335,0.0931365091879017
SGL_RS08500,SGL_RS04865,0.0931349108227178
SGL_RS17395,SGL_RS09275,0.0931335060672421
SGL_RS08500,SGL_RS08770,0.0931323965167696
SGL_RS06215,SGL_RS10640,0.0931310138068342
SGL_RS04820,SGL_RS08895,0.0931271431082088
SGL_RS04055,SGL_RS04050,0.0931198149201888
SGL_RS00400,SGL_RS01630,0.0931180458896757
SGL_RS10820,SGL_RS02040,0.0931073419653631
SGL_RS12595,SGL_RS12705,0.0930946464020756
SGL_RS15210,SGL_RS04385,0.0930656358432147
SGL_RS08210,SGL_RS10075,0.0930616827170047
SGL_RS06215,SGL_RS12735,0.0930582279326887
SGL_RS10820,SGL_RS05340,0.0930525241127051
SGL_RS08835,SGL_RS08330,0.0930523718312678
SGL_RS17760,SGL_RS06705,0.093033231579055
SGL_RS18290,SGL_RS10495,0.0930289558989971
SGL_RS09285,SGL_RS08420,0.0930257170901693
SGL_RS05150,SGL_RS14455,0.0930216739563015
SGL_RS04615,SGL_RS16455,0.0929919446888335
SGL_RS06410,SGL_RS15000,0.0929901446828744
SGL_RS17760,SGL_RS17695,0.0929900380832008
SGL_RS14610,SGL_RS08090,0.0929818734550239
SGL_RS17760,SGL_RS04805,0.0929689165788736
SGL_RS00400,SGL_RS01060,0.0929608790618058
SGL_RS13130,SGL_RS03145,0.092941443711388
SGL_RS14610,SGL_RS09150,0.0929283643960733
SGL_RS17395,SGL_RS13100,0.0929196891216049
SGL_RS08500,SGL_RS08775,0.0929073665445126
SGL_RS06080,SGL_RS12805,0.092897245822169
SGL_RS00400,SGL_RS04135,0.0928613595487688
SGL_RS01955,SGL_RS06735,0.0928366417950058
SGL_RS08835,SGL_RS07390,0.0928000302045579
SGL_RS00075,SGL_RS00110,0.0927965282708201
SGL_RS12005,SGL_RS17820,0.0927832322266655
SGL_RS04725,SGL_RS10910,0.092778790459741
SGL_RS12430,SGL_RS16695,0.092777527447142
SGL_RS00455,SGL_RS02325,0.0927684825726398
SGL_RS17395,SGL_RS02480,0.0927311735947396
SGL_RS09285,SGL_RS17330,0.0927149374066965
SGL_RS17245,SGL_RS03445,0.0927050018150331
SGL_RS15965,SGL_RS04925,0.092699504274792
SGL_RS04055,SGL_RS03960,0.0926985977080608
SGL_RS10820,SGL_RS11735,0.092696241436884
SGL_RS09285,SGL_RS12850,0.0926852704187203
SGL_RS03065,SGL_RS07735,0.0926510161856737
SGL_RS01980,SGL_RS01995,0.0926405011253073
SGL_RS10605,SGL_RS17305,0.0926383173190763
SGL_RS07730,SGL_RS04885,0.0926162181958434
SGL_RS04055,SGL_RS03480,0.0926053539620036
SGL_RS00400,SGL_RS04300,0.0926015608707697
SGL_RS00320,SGL_RS03530,0.0925996758354653
SGL_RS09285,SGL_RS03305,0.0925986800217093
SGL_RS16495,SGL_RS03240,0.0925792000951479
SGL_RS08835,SGL_RS02055,0.0925653414072291
SGL_RS16165,SGL_RS17975,0.0925504325331139
SGL_RS17760,SGL_RS12165,0.0925481273670298
SGL_RS15965,SGL_RS01820,0.0925481080957439
SGL_RS15210,SGL_RS02885,0.0925445063286518
SGL_RS13130,SGL_RS06700,0.0925270626146436
SGL_RS04450,SGL_RS04515,0.0925263221522259
SGL_RS12430,SGL_RS10575,0.0925186610699746
SGL_RS12595,SGL_RS03450,0.0925140901386658
SGL_RS01980,SGL_RS16245,0.0925080764586969
SGL_RS08500,SGL_RS14285,0.0925021927226876
SGL_RS10820,SGL_RS03340,0.0924971927214903
SGL_RS15965,SGL_RS14830,0.0924885885141721
SGL_RS12430,SGL_RS13155,0.0924767650963929
SGL_RS01980,SGL_RS00005,0.0924651121018196
SGL_RS07730,SGL_RS13840,0.09246321084548
SGL_RS06215,SGL_RS06230,0.0924606386338256
SGL_RS11370,SGL_RS08430,0.0924560477160666
SGL_RS00400,SGL_RS01135,0.0924551949547712
SGL_RS06410,SGL_RS04160,0.0924429738580945
SGL_RS10820,SGL_RS09210,0.092432420604495
SGL_RS17395,SGL_RS16930,0.0924283315158583
SGL_RS17395,SGL_RS11095,0.0924257415993747
SGL_RS12430,SGL_RS03450,0.0924226866562526
SGL_RS12430,SGL_RS14660,0.0924223500131603
SGL_RS06215,SGL_RS04080,0.0923883477164015
SGL_RS04055,SGL_RS13790,0.0923847749110893
SGL_RS11370,SGL_RS09265,0.0923561921585014
SGL_RS08835,SGL_RS19195,0.0923490316964071
SGL_RS10820,SGL_RS09555,0.0923402706547694
SGL_RS01625,SGL_RS17205,0.0923258987331048
SGL_RS03065,SGL_RS13930,0.0923251737663354
SGL_RS10605,SGL_RS04760,0.0923196842653244
SGL_RS11370,SGL_RS13385,0.0922969680730358
SGL_RS17760,SGL_RS04085,0.0922968977805651
SGL_RS12595,SGL_RS10140,0.0922859403398862
SGL_RS03065,SGL_RS15760,0.092279191724273
SGL_RS04450,SGL_RS10800,0.0922786301428919
SGL_RS07730,SGL_RS13025,0.0922762583751311
SGL_RS12430,SGL_RS18215,0.0922744767783947
SGL_RS10605,SGL_RS05600,0.0922669248392537
SGL_RS12430,SGL_RS04285,0.0922638858281524
SGL_RS15965,SGL_RS16380,0.0922586134631512
SGL_RS02470,SGL_RS13625,0.092253727590293
SGL_RS11370,SGL_RS15245,0.092250121800921
SGL_RS08210,SGL_RS14280,0.0922394058013443
SGL_RS13820,SGL_RS07485,0.0922308244506924
SGL_RS17760,SGL_RS12860,0.0922306656339199
SGL_RS08210,SGL_RS10960,0.0922153782739082
SGL_RS17120,SGL_RS14350,0.0922104849638666
SGL_RS13130,SGL_RS01105,0.092210114312238
SGL_RS01980,SGL_RS03590,0.0922020136523167
SGL_RS12005,SGL_RS16335,0.0921959161284916
SGL_RS01625,SGL_RS16430,0.0921731108603989
SGL_RS10605,SGL_RS02220,0.0921637017737004
SGL_RS14385,SGL_RS13640,0.0921593371085207
SGL_RS17760,SGL_RS02955,0.092157843560057
SGL_RS17760,SGL_RS14295,0.0921488080531743
SGL_RS10605,SGL_RS13960,0.0921482375593494
SGL_RS12430,SGL_RS09250,0.0921467112046904
SGL_RS09285,SGL_RS15150,0.0921444629371003
SGL_RS17760,SGL_RS00215,0.0921398368377705
SGL_RS06080,SGL_RS03000,0.0921342167305728
SGL_RS17760,SGL_RS06845,0.0921308425859093
SGL_RS14385,SGL_RS14590,0.092111616016027
SGL_RS00400,SGL_RS02950,0.0921106150605516
SGL_RS15965,SGL_RS08730,0.0921096730914098
SGL_RS03065,SGL_RS16375,0.0921040957908653
SGL_RS15965,SGL_RS14800,0.0921021885855023
SGL_RS00670,SGL_RS01840,0.0921018688987347
SGL_RS17760,SGL_RS04330,0.0920760024171904
SGL_RS00400,SGL_RS05530,0.0920522981880347
SGL_RS16080,SGL_RS03195,0.0920468417216519
SGL_RS00400,SGL_RS01110,0.0920348019140905
SGL_RS07535,SGL_RS06870,0.0920345175258034
SGL_RS04725,SGL_RS15030,0.0920232326546711
SGL_RS03065,SGL_RS11690,0.0920201888099555
SGL_RS11370,SGL_RS04115,0.0920160108575976
SGL_RS11285,SGL_RS02850,0.0920145224068294
SGL_RS17760,SGL_RS15125,0.092014047559686
SGL_RS04725,SGL_RS18090,0.0920139324539457
SGL_RS14385,SGL_RS10670,0.0920025131052053
SGL_RS18290,SGL_RS02225,0.0920012355586706
SGL_RS07740,SGL_RS06470,0.0919773348297833
SGL_RS17760,SGL_RS05365,0.0919743138564228
SGL_RS10605,SGL_RS05180,0.0919710557820875
SGL_RS08500,SGL_RS17540,0.0919702328892875
SGL_RS14385,SGL_RS12955,0.0919632959516539
SGL_RS12005,SGL_RS07325,0.0919632640988832
SGL_RS15245,SGL_RS08385,0.0919273145383986
SGL_RS15210,SGL_RS18230,0.0919230183561151
SGL_RS06080,SGL_RS19425,0.0919206208333284
SGL_RS13130,SGL_RS04105,0.0919088050332966
SGL_RS07730,SGL_RS09625,0.0918976377110893
SGL_RS00400,SGL_RS00125,0.0918922709443644
SGL_RS08210,SGL_RS03135,0.0918846288565151
SGL_RS12430,SGL_RS07890,0.0918809986292707
SGL_RS16495,SGL_RS03690,0.091878538405834
SGL_RS11285,SGL_RS13945,0.091863455152808
SGL_RS12430,SGL_RS03065,0.0918621742264162
SGL_RS17760,SGL_RS06575,0.0918585111207385
SGL_RS15805,SGL_RS09290,0.091851964164384
SGL_RS00670,SGL_RS00110,0.0918490370108302
SGL_RS00400,SGL_RS01155,0.0918393417662097
SGL_RS15805,SGL_RS17630,0.0918139731454073
SGL_RS00400,SGL_RS00655,0.091787316227122
SGL_RS12430,SGL_RS06595,0.0917838324727072
SGL_RS07730,SGL_RS17015,0.0917784288837956
SGL_RS17760,SGL_RS10705,0.091776131731561
SGL_RS03065,SGL_RS04025,0.091761033526307
SGL_RS00320,SGL_RS00455,0.0917567492169869
SGL_RS04055,SGL_RS16660,0.0917464815170687
SGL_RS08210,SGL_RS07540,0.0917336203031834
SGL_RS10605,SGL_RS13505,0.0917299353497977
SGL_RS16495,SGL_RS16570,0.0917298688037009
SGL_RS01980,SGL_RS11905,0.0917215676639487
SGL_RS04450,SGL_RS09160,0.0917114403765077
SGL_RS12485,SGL_RS02790,0.0917063245080415
SGL_RS10605,SGL_RS06420,0.0916770602878244
SGL_RS00455,SGL_RS19655,0.0916758969069262
SGL_RS15965,SGL_RS01110,0.0916627051234685
SGL_RS12430,SGL_RS12690,0.0916528678335434
SGL_RS08500,SGL_RS12465,0.0916520906015833
SGL_RS12005,SGL_RS12650,0.0916445979110285
SGL_RS06410,SGL_RS04740,0.0916441696680075
SGL_RS15805,SGL_RS15790,0.0916364031176942
SGL_RS12430,SGL_RS09170,0.0916317839293134
SGL_RS10605,SGL_RS11335,0.0916281791234959
SGL_RS12430,SGL_RS02570,0.0916247650639008
SGL_RS12430,SGL_RS12345,0.0916208881186259
SGL_RS06410,SGL_RS05685,0.091607464190534
SGL_RS01215,SGL_RS00890,0.0916074312507592
SGL_RS16495,SGL_RS19060,0.0916072697959475
SGL_RS04450,SGL_RS10990,0.0916057638797968
SGL_RS15965,SGL_RS16215,0.0916033581163559
SGL_RS08500,SGL_RS08120,0.0916000509716095
SGL_RS06480,SGL_RS02540,0.0915716564746458
SGL_RS04725,SGL_RS15655,0.0915527269466437
SGL_RS06340,SGL_RS09085,0.0915491303155175
SGL_RS10820,SGL_RS09075,0.0915386446763915
SGL_RS01980,SGL_RS14150,0.0915376522393502
SGL_RS15805,SGL_RS10595,0.0915198830168022
SGL_RS15965,SGL_RS17950,0.0915192754475689
SGL_RS17395,SGL_RS09225,0.0915162913007782
SGL_RS10820,SGL_RS05190,0.0915149205261508
SGL_RS01980,SGL_RS13810,0.091508639021981
SGL_RS00320,SGL_RS07935,0.0915057533407027
SGL_RS15805,SGL_RS02440,0.0915020653201947
SGL_RS17245,SGL_RS13555,0.0914785926729084
SGL_RS08210,SGL_RS08930,0.0914723904065418
SGL_RS00400,SGL_RS00080,0.0914710532633242
SGL_RS08835,SGL_RS10790,0.0914703416383863
SGL_RS12430,SGL_RS08715,0.0914652897161214
SGL_RS04615,SGL_RS11535,0.0914615539683526
SGL_RS02990,SGL_RS16920,0.0914563274270816
SGL_RS06340,SGL_RS04195,0.0914537252564098
SGL_RS12430,SGL_RS16915,0.0914519076012415
SGL_RS15210,SGL_RS02600,0.0914357163675675
SGL_RS02990,SGL_RS08500,0.0914342191261592
SGL_RS12005,SGL_RS04410,0.0914319143454739
SGL_RS12595,SGL_RS14100,0.0914137177674495
SGL_RS04450,SGL_RS04050,0.0914010582098606
SGL_RS07975,SGL_RS16995,0.0913881170290463
SGL_RS03065,SGL_RS02405,0.0913843718744687
SGL_RS06080,SGL_RS17920,0.0913817817644241
SGL_RS01980,SGL_RS20180,0.0913690559729816
SGL_RS15805,SGL_RS17010,0.0913584527825144
SGL_RS10820,SGL_RS00915,0.0913556522616275
SGL_RS04450,SGL_RS18040,0.0913485280426185
SGL_RS04450,SGL_RS03305,0.0913388614747718
SGL_RS06215,SGL_RS16815,0.0913247648248538
SGL_RS04450,SGL_RS09185,0.0913171709204287
SGL_RS10820,SGL_RS03585,0.0913112440251839
SGL_RS07730,SGL_RS03895,0.091307997249993
SGL_RS11370,SGL_RS09160,0.0913029326091245
SGL_RS00400,SGL_RS08015,0.0912954722442731
SGL_RS09285,SGL_RS05700,0.0912848186452583
SGL_RS12430,SGL_RS06380,0.0912749640489769
SGL_RS16080,SGL_RS03525,0.0912676923729335
SGL_RS17760,SGL_RS14785,0.0912670225814599
SGL_RS10820,SGL_RS16325,0.0912649852861918
SGL_RS07730,SGL_RS02595,0.091251607453483
SGL_RS15245,SGL_RS03480,0.0912479881711812
SGL_RS09285,SGL_RS05885,0.0912343558191544
SGL_RS13130,SGL_RS13925,0.0912335131712205
SGL_RS11985,SGL_RS14745,0.0912327510375267
SGL_RS01625,SGL_RS14005,0.091226585646519
SGL_RS15965,SGL_RS15095,0.0912158139517672
SGL_RS06410,SGL_RS09740,0.0912097593041045
SGL_RS00400,SGL_RS19675,0.091206489991158
SGL_RS00400,SGL_RS01960,0.0911996001162967
SGL_RS02470,SGL_RS07010,0.0911921326713537
SGL_RS12595,SGL_RS08605,0.0911790933973948
SGL_RS15210,SGL_RS11430,0.0911789756044486
SGL_RS06215,SGL_RS05830,0.0911765881792837
SGL_RS17245,SGL_RS16550,0.0911729256319736
SGL_RS00400,SGL_RS04230,0.0911667303362945
SGL_RS17440,SGL_RS11685,0.0911664804730778
SGL_RS09285,SGL_RS06035,0.0911519265388286
SGL_RS01980,SGL_RS01845,0.0911439082169413
SGL_RS17245,SGL_RS05430,0.091135439260197
SGL_RS04055,SGL_RS07765,0.0911323238298697
SGL_RS14385,SGL_RS03250,0.0911290528953299
SGL_RS17395,SGL_RS06340,0.091128967489087
SGL_RS01255,SGL_RS01285,0.0911163054676599
SGL_RS08835,SGL_RS14845,0.0911051115831103
SGL_RS00400,SGL_RS07070,0.0910994251531617
SGL_RS00455,SGL_RS00955,0.0910916860309462
SGL_RS08835,SGL_RS05205,0.0910801909564689
SGL_RS15965,SGL_RS07070,0.091072026041931
SGL_RS15210,SGL_RS07315,0.0910710716046497
SGL_RS06080,SGL_RS02025,0.0910692489024355
SGL_RS12430,SGL_RS17895,0.0910581851248715
SGL_RS00400,SGL_RS15935,0.0910327911015016
SGL_RS00515,SGL_RS12305,0.0910205739783408
SGL_RS08835,SGL_RS11165,0.0910115508513464
SGL_RS10605,SGL_RS08065,0.0909944707664926
SGL_RS09285,SGL_RS07645,0.0909937340506258
SGL_RS06340,SGL_RS02910,0.0909889696672345
SGL_RS12595,SGL_RS07580,0.0909879894677981
SGL_RS06410,SGL_RS06305,0.0909837598638425
SGL_RS04725,SGL_RS05090,0.0909817281894718
SGL_RS00400,SGL_RS08325,0.0909799329647574
SGL_RS10820,SGL_RS10685,0.09096573451792
SGL_RS09285,SGL_RS18425,0.0909615423844387
SGL_RS15805,SGL_RS07590,0.0909538063081952
SGL_RS06340,SGL_RS09105,0.0909530561082306
SGL_RS14385,SGL_RS03495,0.0909464143687137
SGL_RS06340,SGL_RS08935,0.0909431933143741
SGL_RS15245,SGL_RS08440,0.0909403456003787
SGL_RS14385,SGL_RS14375,0.0909391178745621
SGL_RS15210,SGL_RS12170,0.0909357803064381
SGL_RS09285,SGL_RS11625,0.0909251326209211
SGL_RS00400,SGL_RS06180,0.0909217013039931
SGL_RS15210,SGL_RS04405,0.0909173795243077
SGL_RS07730,SGL_RS12610,0.0909057526245592
SGL_RS01955,SGL_RS19800,0.0909027520479232
SGL_RS07730,SGL_RS03065,0.0908991455388969
SGL_RS01625,SGL_RS13070,0.090895026961739
SGL_RS14385,SGL_RS09725,0.0908925879743205
SGL_RS07730,SGL_RS13220,0.0908898476306302
SGL_RS04055,SGL_RS03195,0.0908878701635119
SGL_RS03065,SGL_RS07650,0.0908866724254566
SGL_RS15805,SGL_RS13320,0.0908678061170946
SGL_RS13130,SGL_RS08845,0.0908648488637836
SGL_RS15805,SGL_RS04295,0.0908515928013191
SGL_RS01980,SGL_RS10040,0.090848649432093
SGL_RS15965,SGL_RS14265,0.0908431279494156
SGL_RS00400,SGL_RS15615,0.0908422077907704
SGL_RS12005,SGL_RS05360,0.0908397657840388
SGL_RS04055,SGL_RS15335,0.0908294966566214
SGL_RS15805,SGL_RS02560,0.0908279462838126
SGL_RS17760,SGL_RS04340,0.0908253498060513
SGL_RS16495,SGL_RS06925,0.0908181061420469
SGL_RS01980,SGL_RS00120,0.0908167160616001
SGL_RS12005,SGL_RS09810,0.0907875751547469
SGL_RS00400,SGL_RS03595,0.0907791091145418
SGL_RS17395,SGL_RS13970,0.0907658549096753
SGL_RS15805,SGL_RS00825,0.0907588582793407
SGL_RS14385,SGL_RS04245,0.0907522946512501
SGL_RS15805,SGL_RS05665,0.0907479836347537
SGL_RS01255,SGL_RS01335,0.0907239286286747
SGL_RS16495,SGL_RS19775,0.090720483124007
SGL_RS06410,SGL_RS13990,0.0907067870621462
SGL_RS07975,SGL_RS05080,0.0907004739756351
SGL_RS15805,SGL_RS18180,0.0906961920575569
SGL_RS08835,SGL_RS04135,0.090696037951166
SGL_RS17760,SGL_RS18225,0.090681166493755
SGL_RS12430,SGL_RS10955,0.0906739462544787
SGL_RS00515,SGL_RS14670,0.0906708972706758
SGL_RS15210,SGL_RS20175,0.0906690199841988
SGL_RS17760,SGL_RS14830,0.0906683212987127
SGL_RS10820,SGL_RS09725,0.0906612093018069
SGL_RS13820,SGL_RS11685,0.0906597582703152
SGL_RS04450,SGL_RS03760,0.0906449834399306
SGL_RS15965,SGL_RS04880,0.0906418662287087
SGL_RS12595,SGL_RS02230,0.0906391212327067
SGL_RS06215,SGL_RS14445,0.0906328665611506
SGL_RS08210,SGL_RS14530,0.0906258918897972
SGL_RS00400,SGL_RS19655,0.0906244421869285
SGL_RS08500,SGL_RS06105,0.0906166800152907
SGL_RS17760,SGL_RS15025,0.0906058187309687
SGL_RS00670,SGL_RS18595,0.0906032310508256
SGL_RS15805,SGL_RS13055,0.0905977357342559
SGL_RS12430,SGL_RS00490,0.0905902700319215
SGL_RS00075,SGL_RS16275,0.0905668304487759
SGL_RS14540,SGL_RS00810,0.0905636506383911
SGL_RS00400,SGL_RS03625,0.0905523746818931
SGL_RS13130,SGL_RS12010,0.0905467155727322
SGL_RS15805,SGL_RS03230,0.0905422282052176
SGL_RS17760,SGL_RS13580,0.0905244593093891
SGL_RS18290,SGL_RS08025,0.0905228039553133
SGL_RS12430,SGL_RS05445,0.0905194501956066
SGL_RS15245,SGL_RS03355,0.0905132341816323
SGL_RS10605,SGL_RS05675,0.0905076569333502
SGL_RS00455,SGL_RS09565,0.090505788870796
SGL_RS12430,SGL_RS07880,0.0904893658378926
SGL_RS06215,SGL_RS07155,0.0904815483703941
SGL_RS03065,SGL_RS07175,0.0904811401606579
SGL_RS15805,SGL_RS06660,0.0904751985364319
SGL_RS06215,SGL_RS17210,0.0904664013031325
SGL_RS17440,SGL_RS18960,0.0904641805909464
SGL_RS14385,SGL_RS09835,0.090454336299579
SGL_RS18290,SGL_RS13715,0.0904518313246309
SGL_RS16080,SGL_RS01270,0.0904510537552816
SGL_RS15210,SGL_RS09980,0.0904501998998138
SGL_RS00455,SGL_RS03580,0.090446789661235
SGL_RS17245,SGL_RS13145,0.090444529524813
SGL_RS06340,SGL_RS12830,0.0904405030858187
SGL_RS02990,SGL_RS02545,0.0904404891388872
SGL_RS18290,SGL_RS10115,0.0904395978860075
SGL_RS08500,SGL_RS15135,0.0904276827555769
SGL_RS09285,SGL_RS07810,0.0904197204644051
SGL_RS13820,SGL_RS02550,0.0904196259797766
SGL_RS15805,SGL_RS07840,0.0904180475896543
SGL_RS18290,SGL_RS19580,0.0904170242102913
SGL_RS17760,SGL_RS05550,0.090403541905169
SGL_RS12430,SGL_RS11495,0.0904019649186178
SGL_RS17760,SGL_RS00300,0.0903918223546425
SGL_RS10605,SGL_RS07105,0.090381325499771
SGL_RS15805,SGL_RS11570,0.0903715568002116
SGL_RS13820,SGL_RS08855,0.0903701933470781
SGL_RS08520,SGL_RS04910,0.090357270667166
SGL_RS08210,SGL_RS15345,0.0903505491501058
SGL_RS15805,SGL_RS02795,0.0903480350170835
SGL_RS10820,SGL_RS18375,0.0903297035640367
SGL_RS04725,SGL_RS02200,0.0903285670024665
SGL_RS15805,SGL_RS11075,0.0903257892735069
SGL_RS04450,SGL_RS16505,0.090324822738716
SGL_RS14385,SGL_RS01625,0.0903212355549554
SGL_RS14385,SGL_RS09895,0.090318340185405
SGL_RS16080,SGL_RS00100,0.0903103856621451
SGL_RS15805,SGL_RS11805,0.0903028440169655
SGL_RS00455,SGL_RS02170,0.090297744913831
SGL_RS08500,SGL_RS17510,0.0902964864508734
SGL_RS17395,SGL_RS12490,0.090292314878035
SGL_RS08165,SGL_RS20110,0.0902908898498018
SGL_RS10605,SGL_RS09215,0.0902651663621414
SGL_RS10605,SGL_RS09365,0.0902634140482724
SGL_RS18290,SGL_RS00805,0.0902626277748224
SGL_RS10605,SGL_RS10610,0.0902490793618035
SGL_RS09285,SGL_RS09375,0.0902347152825972
SGL_RS06480,SGL_RS03780,0.0902310187070171
SGL_RS16495,SGL_RS14275,0.0902129691830448
SGL_RS15210,SGL_RS09080,0.0901972718302593
SGL_RS16165,SGL_RS17920,0.0901879214720707
SGL_RS15805,SGL_RS18355,0.090187740637672
SGL_RS12430,SGL_RS12415,0.0901749530759662
SGL_RS14540,SGL_RS09205,0.0901746539772796
SGL_RS13820,SGL_RS04875,0.090174144999768
SGL_RS15805,SGL_RS04060,0.0901715540175039
SGL_RS04725,SGL_RS05670,0.0901600930123523
SGL_RS17760,SGL_RS09590,0.0901579595573206
SGL_RS03065,SGL_RS07890,0.0901547978873129
SGL_RS15805,SGL_RS15330,0.0901509005090942
SGL_RS00670,SGL_RS00735,0.0901346772303525
SGL_RS01215,SGL_RS16145,0.0901214588548721
SGL_RS12430,SGL_RS14530,0.0901210569940118
SGL_RS01955,SGL_RS01940,0.0901129576856227
SGL_RS08210,SGL_RS11845,0.090112828768411
SGL_RS18290,SGL_RS14620,0.0900956037378706
SGL_RS09285,SGL_RS06800,0.0900863690755611
SGL_RS00515,SGL_RS00040,0.0900687994967089
SGL_RS00515,SGL_RS17580,0.0900630930675154
SGL_RS08500,SGL_RS02625,0.0900584798758057
SGL_RS09285,SGL_RS17005,0.0900547693959359
SGL_RS17395,SGL_RS02940,0.0900546387650669
SGL_RS00400,SGL_RS11665,0.0900544647495001
SGL_RS16495,SGL_RS10135,0.0900447662371184
SGL_RS08500,SGL_RS02960,0.0900416292369221
SGL_RS15805,SGL_RS01000,0.0900407164208717
SGL_RS08500,SGL_RS02630,0.0900405996299667
SGL_RS16165,SGL_RS11985,0.0900375613663695
SGL_RS08165,SGL_RS08245,0.0900346925724006
SGL_RS12430,SGL_RS15230,0.0900346469691547
SGL_RS17760,SGL_RS02245,0.0900165372614432
SGL_RS14385,SGL_RS10320,0.0900149193950252
SGL_RS02990,SGL_RS12280,0.0900148640666931
SGL_RS17760,SGL_RS07435,0.09001250675787
SGL_RS15965,SGL_RS14840,0.089988339506444
SGL_RS15585,SGL_RS02690,0.0899863153665378
SGL_RS11985,SGL_RS17585,0.0899818352826635
SGL_RS17760,SGL_RS15860,0.0899742426506344
SGL_RS12430,SGL_RS14915,0.0899691494522967
SGL_RS08500,SGL_RS03255,0.0899691305510856
SGL_RS06215,SGL_RS06355,0.0899528615345298
SGL_RS06080,SGL_RS06565,0.0899510869490033
SGL_RS15210,SGL_RS02685,0.0899448260686625
SGL_RS08165,SGL_RS15065,0.0899304004899101
SGL_RS16080,SGL_RS05995,0.0899145810053505
SGL_RS12595,SGL_RS10960,0.0899004730115755
SGL_RS11285,SGL_RS11640,0.0898938126120781
SGL_RS07975,SGL_RS13355,0.0898885886012914
SGL_RS04820,SGL_RS02990,0.0898769599625017
SGL_RS00670,SGL_RS01700,0.0898745498892958
SGL_RS12430,SGL_RS10105,0.0898708008107655
SGL_RS04450,SGL_RS16910,0.0898698528183382
SGL_RS12430,SGL_RS09825,0.0898506377237667
SGL_RS12430,SGL_RS05560,0.089845755132921
SGL_RS00400,SGL_RS00025,0.0898444848695621
SGL_RS06215,SGL_RS05315,0.089839163170755
SGL_RS00670,SGL_RS00400,0.0898390391651455
SGL_RS12430,SGL_RS03460,0.0898362588980356
SGL_RS15245,SGL_RS15045,0.0898331941877271
SGL_RS00455,SGL_RS00975,0.0898310513202386
SGL_RS11370,SGL_RS16350,0.0898309445034975
SGL_RS06215,SGL_RS03385,0.0898301948416513
SGL_RS11985,SGL_RS07270,0.0898154264917231
SGL_RS18290,SGL_RS12330,0.0898141463567196
SGL_RS02990,SGL_RS15455,0.0898096006109978
SGL_RS00075,SGL_RS09530,0.089804699234928
SGL_RS16165,SGL_RS12795,0.089803827664916
SGL_RS08210,SGL_RS12290,0.0897993379908209
SGL_RS01215,SGL_RS00965,0.0897834768812146
SGL_RS14385,SGL_RS18050,0.0897832169141845
SGL_RS04450,SGL_RS16350,0.0897816227828068
SGL_RS13130,SGL_RS11315,0.0897810657155708
SGL_RS00320,SGL_RS00720,0.0897610644484918
SGL_RS04725,SGL_RS15440,0.0897572352193115
SGL_RS00515,SGL_RS20195,0.089755208213061
SGL_RS17395,SGL_RS17335,0.0897454235696576
SGL_RS03065,SGL_RS16340,0.0897426538978228
SGL_RS01980,SGL_RS04220,0.089735683572611
SGL_RS06480,SGL_RS02435,0.0897308595896376
SGL_RS08210,SGL_RS07025,0.0897134673347947
SGL_RS01625,SGL_RS07155,0.0897125577447566
SGL_RS10820,SGL_RS10730,0.0896978702487515
SGL_RS08835,SGL_RS07235,0.0896906595121554
SGL_RS09285,SGL_RS06765,0.0896840703058537
SGL_RS08210,SGL_RS03420,0.0896731635158479
SGL_RS08210,SGL_RS08975,0.089659796709366
SGL_RS06410,SGL_RS13205,0.089656709423063
SGL_RS05150,SGL_RS05195,0.0896531104630848
SGL_RS15965,SGL_RS01220,0.0896491702286989
SGL_RS00400,SGL_RS05160,0.089645245072104
SGL_RS03065,SGL_RS01920,0.0896430116366339
SGL_RS14385,SGL_RS03105,0.0896369788366621
SGL_RS15965,SGL_RS03620,0.0896351572872889
SGL_RS15210,SGL_RS15450,0.0896330226216325
SGL_RS12430,SGL_RS17515,0.0896284283602298
SGL_RS00075,SGL_RS08320,0.0896220670115712
SGL_RS14385,SGL_RS11385,0.0896179096250866
SGL_RS15805,SGL_RS02285,0.0896139021519917
SGL_RS12430,SGL_RS04015,0.0896131215313654
SGL_RS15805,SGL_RS11995,0.0895942758491908
SGL_RS11370,SGL_RS17360,0.0895918065760235
SGL_RS04725,SGL_RS07485,0.0895913384184424
SGL_RS17395,SGL_RS02855,0.0895870590116561
SGL_RS04055,SGL_RS00850,0.089581108594466
SGL_RS01980,SGL_RS16320,0.0895801465984817
SGL_RS16495,SGL_RS00535,0.0895789966434803
SGL_RS00400,SGL_RS10415,0.0895786983633476
SGL_RS07730,SGL_RS11510,0.0895722404415897
SGL_RS00455,SGL_RS19445,0.0895654641337454
SGL_RS10820,SGL_RS08850,0.0895599778708167
SGL_RS08835,SGL_RS07450,0.0895569973917139
SGL_RS04055,SGL_RS07525,0.0895565118188287
SGL_RS15965,SGL_RS15935,0.0895458426352677
SGL_RS15805,SGL_RS06600,0.0895449209891662
SGL_RS13130,SGL_RS01005,0.0895352374664245
SGL_RS05150,SGL_RS14710,0.0895339478788113
SGL_RS17760,SGL_RS17990,0.0895296977406307
SGL_RS15965,SGL_RS04635,0.0895263619466243
SGL_RS01980,SGL_RS06060,0.0895183078808845
SGL_RS13130,SGL_RS05100,0.0895159346231971
SGL_RS01980,SGL_RS10375,0.0895146579657985
SGL_RS09285,SGL_RS08410,0.0895063819459522
SGL_RS10820,SGL_RS02935,0.0894978120224181
SGL_RS10605,SGL_RS14630,0.089493970507748
SGL_RS12595,SGL_RS11320,0.0894895760787285
SGL_RS04725,SGL_RS19055,0.0894868167781303
SGL_RS17760,SGL_RS08850,0.0894865375129081
SGL_RS14385,SGL_RS08600,0.0894817242069048
SGL_RS04055,SGL_RS17395,0.0894725459972346
SGL_RS15965,SGL_RS07930,0.0894711564724751
SGL_RS15245,SGL_RS17075,0.0894699057335033
SGL_RS15805,SGL_RS19970,0.089466336335373
SGL_RS01625,SGL_RS12805,0.0894593746396849
SGL_RS04055,SGL_RS07695,0.0894502941024822
SGL_RS12430,SGL_RS07050,0.0894296735520007
SGL_RS01980,SGL_RS00400,0.0894275898656601
SGL_RS16495,SGL_RS11700,0.0894168590925128
SGL_RS15965,SGL_RS15925,0.0894122225241679
SGL_RS17395,SGL_RS10505,0.0894060049642774
SGL_RS10605,SGL_RS07630,0.0894051722822645
SGL_RS17395,SGL_RS09230,0.0894037409538642
SGL_RS14540,SGL_RS02705,0.0893946100632633
SGL_RS01955,SGL_RS13985,0.0893914157450172
SGL_RS14610,SGL_RS08095,0.0893744969232871
SGL_RS17760,SGL_RS08270,0.0893722794268396
SGL_RS15210,SGL_RS14355,0.0893721707574889
SGL_RS07730,SGL_RS12310,0.0893666007793257
SGL_RS06340,SGL_RS02120,0.0893662879923982
SGL_RS13820,SGL_RS09560,0.0893662024454605
SGL_RS05150,SGL_RS02185,0.0893653756851801
SGL_RS10820,SGL_RS13355,0.0893605599913677
SGL_RS08210,SGL_RS08630,0.0893583911844103
SGL_RS14610,SGL_RS03955,0.0893500205667291
SGL_RS13130,SGL_RS05190,0.089347542264408
SGL_RS06340,SGL_RS05470,0.0893407932047088
SGL_RS09285,SGL_RS10165,0.089332364173157
SGL_RS00400,SGL_RS16235,0.0893284146190232
SGL_RS08210,SGL_RS09850,0.0893250714098063
SGL_RS13130,SGL_RS02225,0.0893114465070382
SGL_RS05150,SGL_RS10175,0.0893075496962899
SGL_RS17760,SGL_RS09800,0.0893036057033863
SGL_RS02470,SGL_RS15100,0.0892926250449027
SGL_RS15965,SGL_RS03670,0.0892907654649022
SGL_RS12005,SGL_RS05335,0.0892759203914718
SGL_RS04725,SGL_RS04325,0.0892726149036848
SGL_RS06080,SGL_RS08140,0.0892535790813261
SGL_RS14540,SGL_RS17215,0.0892531033685408
SGL_RS11285,SGL_RS09720,0.0892508365440494
SGL_RS00455,SGL_RS09730,0.0892420897410321
SGL_RS17245,SGL_RS12465,0.0892341495093079
SGL_RS14385,SGL_RS02865,0.0892222625023237
SGL_RS00455,SGL_RS00470,0.0892195945182216
SGL_RS09285,SGL_RS16630,0.0892182043889892
SGL_RS15245,SGL_RS01185,0.0892118284640453
SGL_RS01625,SGL_RS17705,0.0892116903062115
SGL_RS04725,SGL_RS09790,0.0892045339645361
SGL_RS03065,SGL_RS06460,0.0891937731608475
SGL_RS08210,SGL_RS04000,0.0891933843842053
SGL_RS08500,SGL_RS04875,0.0891511742141468
SGL_RS02990,SGL_RS10725,0.0891464196915617
SGL_RS06480,SGL_RS15715,0.08914510537441
SGL_RS18290,SGL_RS11330,0.0891405861632076
SGL_RS00320,SGL_RS00525,0.0891375320263841
SGL_RS17760,SGL_RS11605,0.0891349539933414
SGL_RS13130,SGL_RS16340,0.0891336832865085
SGL_RS07730,SGL_RS07785,0.0891301358465375
SGL_RS01980,SGL_RS01370,0.0891217249842889
SGL_RS14540,SGL_RS13800,0.0891166343563853
SGL_RS15805,SGL_RS14570,0.0891117898605773
SGL_RS17760,SGL_RS13465,0.0891031589772908
SGL_RS00670,SGL_RS15735,0.0891026287240054
SGL_RS04055,SGL_RS05645,0.0890998855695657
SGL_RS10820,SGL_RS02360,0.0890920734068705
SGL_RS02470,SGL_RS10500,0.0890919860027623
SGL_RS10820,SGL_RS03120,0.0890850787284526
SGL_RS12430,SGL_RS17670,0.0890780162744197
SGL_RS06215,SGL_RS05140,0.0890734226807676
SGL_RS15805,SGL_RS12430,0.0890696802314718
SGL_RS02510,SGL_RS02275,0.0890632343291219
SGL_RS01625,SGL_RS08230,0.0890594790598516
SGL_RS18290,SGL_RS16880,0.0890592234536045
SGL_RS15245,SGL_RS11295,0.0890585140942662
SGL_RS09285,SGL_RS07120,0.0890511589324174
SGL_RS00670,SGL_RS19735,0.0890493535190339
SGL_RS08835,SGL_RS14790,0.0890478831429629
SGL_RS06340,SGL_RS14320,0.0890476480782878
SGL_RS04450,SGL_RS12910,0.0890419000820352
SGL_RS10605,SGL_RS13640,0.0890368258592128
SGL_RS15965,SGL_RS17365,0.0890328129625167
SGL_RS03065,SGL_RS04015,0.0890272190066856
SGL_RS06410,SGL_RS03330,0.0890257201504749
SGL_RS01215,SGL_RS01180,0.089024008842918
SGL_RS17395,SGL_RS11025,0.0890207149442477
SGL_RS00455,SGL_RS03635,0.0890181329692933
SGL_RS08165,SGL_RS15050,0.089010043080741
SGL_RS01955,SGL_RS00300,0.0890032539243457
SGL_RS10605,SGL_RS07895,0.0890013186526604
SGL_RS01980,SGL_RS03615,0.0889984080150056
SGL_RS07730,SGL_RS06760,0.0889955782879729
SGL_RS10605,SGL_RS14570,0.0889919106548941
SGL_RS00515,SGL_RS04960,0.0889874966309079
SGL_RS15805,SGL_RS12175,0.0889842700424502
SGL_RS12595,SGL_RS06510,0.0889811544278178
SGL_RS04450,SGL_RS09100,0.0889746553264083
SGL_RS15805,SGL_RS10660,0.0889696145164681
SGL_RS06080,SGL_RS00890,0.0889600400933017
SGL_RS11370,SGL_RS04515,0.0889582039936428
SGL_RS08500,SGL_RS17050,0.088957738241162
SGL_RS08520,SGL_RS01055,0.0889519233417161
SGL_RS03065,SGL_RS16680,0.0889506973793062
SGL_RS08165,SGL_RS12920,0.0889482810551607
SGL_RS09285,SGL_RS02560,0.0889361449794464
SGL_RS10605,SGL_RS16850,0.0889328151935504
SGL_RS17760,SGL_RS17900,0.0889312519880477
SGL_RS02990,SGL_RS08895,0.0889299113287712
SGL_RS14385,SGL_RS03230,0.0889276807245489
SGL_RS12430,SGL_RS17060,0.0889262535045617
SGL_RS12595,SGL_RS08000,0.0889224932621642
SGL_RS18290,SGL_RS03420,0.0888886252305129
SGL_RS12430,SGL_RS12255,0.0888871871077534
SGL_RS01255,SGL_RS02205,0.0888870025881722
SGL_RS04725,SGL_RS15075,0.088877174686872
SGL_RS09285,SGL_RS12675,0.0888681455906392
SGL_RS10820,SGL_RS13990,0.0888640322556515
SGL_RS12430,SGL_RS02310,0.0888592081700414
SGL_RS06215,SGL_RS14220,0.0888558597704946
SGL_RS12430,SGL_RS13465,0.088851522324797
SGL_RS12430,SGL_RS17180,0.0888501532916676
SGL_RS16495,SGL_RS09675,0.0888499530282091
SGL_RS03065,SGL_RS11560,0.0888472058674107
SGL_RS01625,SGL_RS07780,0.0888471191943529
SGL_RS15805,SGL_RS14685,0.0888470696853635
SGL_RS15245,SGL_RS12515,0.0888421168440899
SGL_RS00400,SGL_RS18905,0.0888376310637957
SGL_RS03065,SGL_RS08740,0.0888292109897066
SGL_RS13820,SGL_RS03970,0.0888133262462311
SGL_RS06215,SGL_RS15595,0.0888119057280352
SGL_RS11835,SGL_RS14750,0.0888069824779185
SGL_RS14385,SGL_RS06250,0.0888048358734254
SGL_RS14385,SGL_RS17705,0.088804620590636
SGL_RS18290,SGL_RS01740,0.0887922103328192
SGL_RS08835,SGL_RS02320,0.0887868074427004
SGL_RS09285,SGL_RS19540,0.0887775387027599
SGL_RS03065,SGL_RS18270,0.0887719682563471
SGL_RS04055,SGL_RS16750,0.0887680123813405
SGL_RS00400,SGL_RS06385,0.0887639066527594
SGL_RS11370,SGL_RS02555,0.088751765905272
SGL_RS16495,SGL_RS06390,0.0887507536337139
SGL_RS04820,SGL_RS13400,0.0887491353770244
SGL_RS09285,SGL_RS06425,0.0887416826101624
SGL_RS15210,SGL_RS13055,0.0887375775165598
SGL_RS12430,SGL_RS12595,0.0887209002013753
SGL_RS14385,SGL_RS10085,0.088704496709873
SGL_RS17760,SGL_RS11135,0.0887003249193194
SGL_RS02020,SGL_RS10035,0.088693823253938
SGL_RS11370,SGL_RS12005,0.0886883819225928
SGL_RS03065,SGL_RS12430,0.0886812135346646
SGL_RS02470,SGL_RS11430,0.0886731153363152
SGL_RS03065,SGL_RS10225,0.0886687582325184
SGL_RS17395,SGL_RS10355,0.088662950326391
SGL_RS16165,SGL_RS00510,0.0885925028000635
SGL_RS10605,SGL_RS19450,0.0885747883028389
SGL_RS04725,SGL_RS06055,0.0885664311271558
SGL_RS17245,SGL_RS05840,0.088540050367217
SGL_RS14385,SGL_RS18355,0.0885381070445423
SGL_RS15245,SGL_RS10530,0.0885343952003
SGL_RS15805,SGL_RS09860,0.088529513995858
SGL_RS13820,SGL_RS15445,0.0885255833001366
SGL_RS01955,SGL_RS04375,0.0885255332374753
SGL_RS04055,SGL_RS11420,0.0885240509621595
SGL_RS04725,SGL_RS09230,0.0885236730694855
SGL_RS08210,SGL_RS14125,0.0885195329236462
SGL_RS18290,SGL_RS16765,0.088513975700258
SGL_RS15965,SGL_RS11865,0.0885131675913323
SGL_RS06215,SGL_RS03340,0.0885128146935271
SGL_RS15965,SGL_RS02950,0.0885097030647438
SGL_RS10755,SGL_RS18970,0.0885068206108432
SGL_RS12430,SGL_RS14765,0.0884980471725963
SGL_RS01955,SGL_RS06565,0.0884913065640782
SGL_RS10605,SGL_RS03810,0.0884889290957316
SGL_RS06410,SGL_RS05575,0.088487731636856
SGL_RS02510,SGL_RS05690,0.0884824019228463
SGL_RS06410,SGL_RS14575,0.0884737115198323
SGL_RS17395,SGL_RS02380,0.0884536984072793
SGL_RS14385,SGL_RS04455,0.0884479925517256
SGL_RS15965,SGL_RS13585,0.0884315458591726
SGL_RS04450,SGL_RS09950,0.0884166128924507
SGL_RS12595,SGL_RS10155,0.0884135181233014
SGL_RS01625,SGL_RS06565,0.0884115835360573
SGL_RS15805,SGL_RS08535,0.0884113067765237
SGL_RS04450,SGL_RS08575,0.0884086389152746
SGL_RS11285,SGL_RS17530,0.0884033525001354
SGL_RS02510,SGL_RS03185,0.0884003184487417
SGL_RS04450,SGL_RS04200,0.0883992331921037
SGL_RS01980,SGL_RS09065,0.0883845919528156
SGL_RS16495,SGL_RS15875,0.088377683895422
SGL_RS17395,SGL_RS16550,0.0883680079515247
SGL_RS15965,SGL_RS00010,0.0883646178125806
SGL_RS07535,SGL_RS02595,0.0883628951657087
SGL_RS15805,SGL_RS13660,0.0883511223781161
SGL_RS02020,SGL_RS01970,0.0883466423907132
SGL_RS09285,SGL_RS10655,0.0883383051306621
SGL_RS09285,SGL_RS13445,0.0883266293663429
SGL_RS04820,SGL_RS03190,0.0883008334601838
SGL_RS17395,SGL_RS15545,0.0882789152168734
SGL_RS00455,SGL_RS03640,0.0882749835138251
SGL_RS14540,SGL_RS06265,0.088260292018087
SGL_RS06410,SGL_RS03545,0.0882515601551147
SGL_RS10820,SGL_RS04530,0.088222765284916
SGL_RS02020,SGL_RS08960,0.0882178391886855
SGL_RS04615,SGL_RS17865,0.088215511083879
SGL_RS06410,SGL_RS01140,0.0882124097565646
SGL_RS00670,SGL_RS07075,0.0882122310069265
SGL_RS11370,SGL_RS05435,0.0882047796178348
SGL_RS17395,SGL_RS09635,0.0882016556739074
SGL_RS09285,SGL_RS16805,0.0881904088937968
SGL_RS15805,SGL_RS16705,0.0881862653216949
SGL_RS00455,SGL_RS00970,0.0881848498623625
SGL_RS04615,SGL_RS18710,0.0881834180812656
SGL_RS14385,SGL_RS16620,0.0881674721076803
SGL_RS07535,SGL_RS15470,0.0881603699776638
SGL_RS08835,SGL_RS04230,0.0881591181244159
SGL_RS08500,SGL_RS15170,0.0881545280802094
SGL_RS00320,SGL_RS00120,0.0881501870534284
SGL_RS18290,SGL_RS06620,0.0881431172616361
SGL_RS00400,SGL_RS11250,0.0881400580324164
SGL_RS09285,SGL_RS20175,0.0881384591010666
SGL_RS10820,SGL_RS11240,0.0881265156947715
SGL_RS15805,SGL_RS12940,0.0881145438599283
SGL_RS04055,SGL_RS10880,0.0881097961371246
SGL_RS15965,SGL_RS11270,0.088107126284849
SGL_RS01980,SGL_RS00570,0.0881054171403791
SGL_RS15965,SGL_RS00415,0.0880970172748402
SGL_RS02990,SGL_RS02855,0.0880851678035736
SGL_RS16495,SGL_RS12755,0.0880698275410897
SGL_RS00400,SGL_RS06960,0.0880648646139059
SGL_RS15805,SGL_RS10960,0.0880644391891522
SGL_RS03065,SGL_RS16095,0.0880441442974497
SGL_RS10605,SGL_RS17495,0.088038807854683
SGL_RS12430,SGL_RS13230,0.0880150898571012
SGL_RS14385,SGL_RS08620,0.0880144721130074
SGL_RS05150,SGL_RS06860,0.0880142050149346
SGL_RS11985,SGL_RS18645,0.0880088267648107
SGL_RS07535,SGL_RS15275,0.0879859558076821
SGL_RS07730,SGL_RS14595,0.0879727198756549
SGL_RS10820,SGL_RS04640,0.0879681206301345
SGL_RS00670,SGL_RS01605,0.0879644898971047
SGL_RS01980,SGL_RS02945,0.0879520637023869
SGL_RS00515,SGL_RS19845,0.0879498555041047
SGL_RS10820,SGL_RS05680,0.0879465489269545
SGL_RS00320,SGL_RS09445,0.087938488940681
SGL_RS15245,SGL_RS13105,0.0879329566324966
SGL_RS17760,SGL_RS14790,0.0879301071933469
SGL_RS07535,SGL_RS10020,0.0879297469088249
SGL_RS15965,SGL_RS07450,0.0879237264879492
SGL_RS12595,SGL_RS11755,0.0879219300240916
SGL_RS06340,SGL_RS07850,0.0879204639842986
SGL_RS00400,SGL_RS12185,0.0879087069527389
SGL_RS15965,SGL_RS05305,0.0879022872699616
SGL_RS12005,SGL_RS05685,0.0878987700049445
SGL_RS17395,SGL_RS05970,0.0878964090004558
SGL_RS10605,SGL_RS08070,0.0878942844065489
SGL_RS12430,SGL_RS12465,0.0878911076579971
SGL_RS00455,SGL_RS01715,0.0878889009212793
SGL_RS17395,SGL_RS14770,0.0878785932324522
SGL_RS09285,SGL_RS15740,0.0878702788139923
SGL_RS12595,SGL_RS13885,0.0878646623640527
SGL_RS11370,SGL_RS08440,0.0878628578047583
SGL_RS11985,SGL_RS04090,0.0878599208721915
SGL_RS06410,SGL_RS02690,0.08785008762534
SGL_RS01215,SGL_RS19355,0.087834385433539
SGL_RS15965,SGL_RS03020,0.0878342225582578
SGL_RS01980,SGL_RS02170,0.0878186894482771
SGL_RS09285,SGL_RS15645,0.0878132799501248
SGL_RS04055,SGL_RS08435,0.0878068696089981
SGL_RS03065,SGL_RS06070,0.0878041102648962
SGL_RS08500,SGL_RS12490,0.0878015848132915
SGL_RS04615,SGL_RS13910,0.0877993640942043
SGL_RS17760,SGL_RS17640,0.0877963591911827
SGL_RS12430,SGL_RS04335,0.0877925863570863
SGL_RS04725,SGL_RS14115,0.0877892227241526
SGL_RS02510,SGL_RS02125,0.0877871173321796
SGL_RS12430,SGL_RS04290,0.087780874926559
SGL_RS04055,SGL_RS09270,0.0877806065121661
SGL_RS09285,SGL_RS11635,0.0877721632049585
SGL_RS04055,SGL_RS02585,0.087770585917414
SGL_RS06410,SGL_RS04665,0.0877684936139937
SGL_RS08210,SGL_RS11890,0.0877614520782836
SGL_RS04615,SGL_RS14395,0.0877605391077333
SGL_RS02020,SGL_RS11900,0.0877557769104154
SGL_RS11370,SGL_RS18040,0.0877517142509908
SGL_RS08845,SGL_RS06285,0.0877450108519722
SGL_RS15965,SGL_RS01685,0.0877418609287917
SGL_RS15965,SGL_RS01145,0.087739409698481
SGL_RS18290,SGL_RS13905,0.0877324413099373
SGL_RS06340,SGL_RS16530,0.0877237557051938
SGL_RS18290,SGL_RS02415,0.0877216370392781
SGL_RS00670,SGL_RS00700,0.0877175018436417
SGL_RS14385,SGL_RS14620,0.0877173335669748
SGL_RS10820,SGL_RS05375,0.0877110999128883
SGL_RS16495,SGL_RS12295,0.0877073818929674
SGL_RS15805,SGL_RS11755,0.0877029490159329
SGL_RS14385,SGL_RS15280,0.0876985746741977
SGL_RS12005,SGL_RS05370,0.0876940160578442
SGL_RS08210,SGL_RS14090,0.0876916453333242
SGL_RS00455,SGL_RS01065,0.0876869668588209
SGL_RS12430,SGL_RS04915,0.0876867796318973
SGL_RS06340,SGL_RS16670,0.0876819758642045
SGL_RS00400,SGL_RS08340,0.0876711175925583
SGL_RS09285,SGL_RS03090,0.0876694904526098
SGL_RS00400,SGL_RS11190,0.0876687402346863
SGL_RS00320,SGL_RS04930,0.0876657600863629
SGL_RS11370,SGL_RS06365,0.0876580235799104
SGL_RS01980,SGL_RS00725,0.0876454161530667
SGL_RS12430,SGL_RS08605,0.0876446352136382
SGL_RS15805,SGL_RS15365,0.0876436248593783
SGL_RS12430,SGL_RS13455,0.0876341549863326
SGL_RS08210,SGL_RS16980,0.0876293633690676
SGL_RS18290,SGL_RS15285,0.087628021910191
SGL_RS15965,SGL_RS04225,0.0876214738785083
SGL_RS17245,SGL_RS15320,0.0876209970171906
SGL_RS17395,SGL_RS12915,0.0876174830643552
SGL_RS08835,SGL_RS00600,0.0876141929836897
SGL_RS01955,SGL_RS00755,0.0876125801625745
SGL_RS08210,SGL_RS18240,0.0876117340460047
SGL_RS15965,SGL_RS13220,0.0876109490701608
SGL_RS12430,SGL_RS11650,0.0875979381403078
SGL_RS08835,SGL_RS10415,0.0875728770684586
SGL_RS13130,SGL_RS13765,0.087563294670456
SGL_RS00515,SGL_RS00230,0.0875627193392359
SGL_RS11370,SGL_RS02985,0.0875603027855911
SGL_RS17395,SGL_RS10870,0.0875560717348804
SGL_RS12430,SGL_RS04760,0.0875368759912077
SGL_RS17395,SGL_RS13495,0.0875330846060275
SGL_RS06480,SGL_RS17930,0.0875260962564003
SGL_RS12595,SGL_RS03170,0.087518405788094
SGL_RS09285,SGL_RS07200,0.0875169810020758
SGL_RS11285,SGL_RS15840,0.0875143255689726
SGL_RS09285,SGL_RS09385,0.0875140947134696
SGL_RS04450,SGL_RS02105,0.0875072186062327
SGL_RS00455,SGL_RS02135,0.0875063052738271
SGL_RS00400,SGL_RS09730,0.087504839251693
SGL_RS17395,SGL_RS11280,0.0875042796063181
SGL_RS12595,SGL_RS14665,0.0874874655257024
SGL_RS17440,SGL_RS06860,0.0874871609597674
SGL_RS08835,SGL_RS16290,0.0874825272043704
SGL_RS06215,SGL_RS07165,0.0874732744323785
SGL_RS13130,SGL_RS06875,0.0874673238217464
SGL_RS15210,SGL_RS07545,0.0874601203920135
SGL_RS03065,SGL_RS05175,0.0874600885979866
SGL_RS06215,SGL_RS17215,0.0874529482593702
SGL_RS00455,SGL_RS03595,0.0874520138029616
SGL_RS03065,SGL_RS03145,0.0874460284885726
SGL_RS03065,SGL_RS15465,0.0874433875078356
SGL_RS02020,SGL_RS01375,0.0874239525337825
SGL_RS09285,SGL_RS09595,0.0874208448079228
SGL_RS01215,SGL_RS16160,0.0874120133731954
SGL_RS12430,SGL_RS17640,0.0874025809556572
SGL_RS08500,SGL_RS10905,0.0873973556566954
SGL_RS15965,SGL_RS17780,0.0873942115577426
SGL_RS12430,SGL_RS13475,0.0873844945144185
SGL_RS08500,SGL_RS14635,0.0873657273137179
SGL_RS12595,SGL_RS07550,0.0873592986297024
SGL_RS11985,SGL_RS20140,0.0873552675331654
SGL_RS07535,SGL_RS11415,0.0873551790449704
SGL_RS15805,SGL_RS08060,0.0873509193680793
SGL_RS03065,SGL_RS10420,0.0873476064546141
SGL_RS04450,SGL_RS12445,0.0873451735066231
SGL_RS01955,SGL_RS10825,0.0873366954553496
SGL_RS00320,SGL_RS17370,0.0873261935925782
SGL_RS16495,SGL_RS18085,0.0873197837345156
SGL_RS00455,SGL_RS18545,0.0873070247416251
SGL_RS15805,SGL_RS06190,0.0872980600073391
SGL_RS09285,SGL_RS17800,0.0872917738917752
SGL_RS12430,SGL_RS04550,0.0872727012012424
SGL_RS09285,SGL_RS07135,0.0872672599519239
SGL_RS17395,SGL_RS17185,0.0872508506647561
SGL_RS00320,SGL_RS00560,0.0872496428273259
SGL_RS04055,SGL_RS07225,0.0872349989600694
SGL_RS15245,SGL_RS12845,0.0872328331294875
SGL_RS05150,SGL_RS02540,0.087232234640188
SGL_RS10605,SGL_RS12940,0.0872316619020019
SGL_RS08500,SGL_RS16555,0.0872261555317446
SGL_RS00400,SGL_RS14640,0.087208998625416
SGL_RS11285,SGL_RS01915,0.0872072940353274
SGL_RS10605,SGL_RS15160,0.0871997398282791
SGL_RS16495,SGL_RS00045,0.0871996569897823
SGL_RS16080,SGL_RS06685,0.0871919123673109
SGL_RS17395,SGL_RS16555,0.0871910292568498
SGL_RS08165,SGL_RS09005,0.0871880651053996
SGL_RS12430,SGL_RS17995,0.0871813788065833
SGL_RS00320,SGL_RS18790,0.0871733699786539
SGL_RS00400,SGL_RS04225,0.0871693323663968
SGL_RS10820,SGL_RS09310,0.0871417285054912
SGL_RS12005,SGL_RS05345,0.0871371713179228
SGL_RS12430,SGL_RS13430,0.0871332648103165
SGL_RS02020,SGL_RS00370,0.0871311927063157
SGL_RS15210,SGL_RS05235,0.0871298335848351
SGL_RS12595,SGL_RS09640,0.0871286798915661
SGL_RS04725,SGL_RS13520,0.0871206534359363
SGL_RS06340,SGL_RS03365,0.0871156777022003
SGL_RS12595,SGL_RS11655,0.087115186761707
SGL_RS04615,SGL_RS14225,0.0871100837940362
SGL_RS15210,SGL_RS11245,0.0871040128874804
SGL_RS18290,SGL_RS18310,0.0871035726454673
SGL_RS17760,SGL_RS08445,0.0871026467521076
SGL_RS13820,SGL_RS13965,0.0870974454649634
SGL_RS10820,SGL_RS17990,0.0870935966250835
SGL_RS04450,SGL_RS17880,0.087092716884391
SGL_RS16495,SGL_RS06725,0.0870787550438638
SGL_RS10820,SGL_RS09205,0.087068178763514
SGL_RS15245,SGL_RS03925,0.0870598686777798
SGL_RS01955,SGL_RS11165,0.0870588710309386
SGL_RS01980,SGL_RS03640,0.0870383669837134
SGL_RS02510,SGL_RS11170,0.0870325151634342
SGL_RS08500,SGL_RS08745,0.087030192110363
SGL_RS04055,SGL_RS03325,0.08702873982149
SGL_RS13130,SGL_RS16735,0.0870112063546876
SGL_RS09285,SGL_RS12065,0.0870085857284566
SGL_RS12595,SGL_RS13530,0.0870046002422275
SGL_RS04615,SGL_RS12410,0.0870031650706141
SGL_RS14385,SGL_RS01935,0.087001154047888
SGL_RS12430,SGL_RS06530,0.0869976857754301
SGL_RS07730,SGL_RS14510,0.0869901545655482
SGL_RS12430,SGL_RS02970,0.0869892579385641
SGL_RS10755,SGL_RS09505,0.0869872575501437
SGL_RS01625,SGL_RS01670,0.0869864842958398
SGL_RS04725,SGL_RS18095,0.0869857971878037
SGL_RS00320,SGL_RS00040,0.086985228151935
SGL_RS01955,SGL_RS00060,0.0869768811967841
SGL_RS15965,SGL_RS00605,0.0869692831377115
SGL_RS11285,SGL_RS07205,0.0869668159075781
SGL_RS00400,SGL_RS00090,0.0869603820384071
SGL_RS06215,SGL_RS03495,0.0869549458484881
SGL_RS15215,SGL_RS07835,0.0869534413876739
SGL_RS12005,SGL_RS14710,0.086939425454984
SGL_RS15310,SGL_RS18025,0.0869362172528598
SGL_RS12595,SGL_RS11795,0.0869310726905236
SGL_RS12430,SGL_RS11005,0.0869255068677793
SGL_RS13130,SGL_RS15285,0.0869096265886628
SGL_RS15805,SGL_RS12645,0.0869056939952372
SGL_RS15805,SGL_RS12575,0.0869045266896029
SGL_RS00400,SGL_RS07475,0.0869036926729009
SGL_RS14540,SGL_RS04450,0.0869013475871904
SGL_RS04725,SGL_RS16710,0.0868886861602075
SGL_RS04055,SGL_RS04505,0.0868824845927587
SGL_RS09285,SGL_RS18050,0.0868729183426914
SGL_RS12430,SGL_RS12685,0.0868724925294237
SGL_RS15805,SGL_RS19120,0.0868705819165152
SGL_RS01980,SGL_RS15540,0.0868620170132161
SGL_RS08835,SGL_RS13480,0.0868516760122944
SGL_RS16165,SGL_RS00715,0.0868504952624638
SGL_RS01625,SGL_RS01615,0.0868372307773922
SGL_RS09285,SGL_RS17475,0.0868268090288038
SGL_RS00400,SGL_RS18855,0.0868221295915185
SGL_RS15210,SGL_RS04920,0.0868205042498981
SGL_RS00400,SGL_RS13585,0.0868192058072594
SGL_RS07730,SGL_RS19935,0.0868189550276703
SGL_RS15965,SGL_RS13775,0.0868173984652051
SGL_RS12430,SGL_RS08775,0.0868127325438287
SGL_RS10605,SGL_RS17515,0.0868085821555591
SGL_RS06340,SGL_RS04755,0.0867946139466169
SGL_RS08835,SGL_RS02410,0.0867864576682464
SGL_RS14540,SGL_RS16355,0.0867835906643782
SGL_RS11370,SGL_RS15270,0.086771510862228
SGL_RS00320,SGL_RS07620,0.0867644701216782
SGL_RS08835,SGL_RS14685,0.0867638376088025
SGL_RS11285,SGL_RS14290,0.0867622282332522
SGL_RS15805,SGL_RS08700,0.0867620603923718
SGL_RS06215,SGL_RS11130,0.0867493393912172
SGL_RS01625,SGL_RS19465,0.0867465278502775
SGL_RS04725,SGL_RS13360,0.0867376083870497
SGL_RS00400,SGL_RS19770,0.0867344792804215
SGL_RS12430,SGL_RS02790,0.0867325966953931
SGL_RS12430,SGL_RS07755,0.086720855399508
SGL_RS02510,SGL_RS02185,0.0867171531446679
SGL_RS15805,SGL_RS18175,0.0867125835287293
SGL_RS03065,SGL_RS10350,0.0867095037225514
SGL_RS04615,SGL_RS12480,0.0867085726431767
SGL_RS12430,SGL_RS11815,0.0867082287122246
SGL_RS14385,SGL_RS11850,0.0867076126681716
SGL_RS03065,SGL_RS16840,0.0867073397984804
SGL_RS10605,SGL_RS09320,0.0867032562002769
SGL_RS15965,SGL_RS18250,0.0867025518561773
SGL_RS08080,SGL_RS20100,0.0867023895919695
SGL_RS01625,SGL_RS17730,0.0867020916878678
SGL_RS17440,SGL_RS07110,0.0867018512079743
SGL_RS11370,SGL_RS08385,0.0867012904084188
SGL_RS03065,SGL_RS18030,0.0867003196572916
SGL_RS17760,SGL_RS06405,0.0866951925238935
SGL_RS12595,SGL_RS12360,0.0866880774678889
SGL_RS07730,SGL_RS16745,0.0866842787106136
SGL_RS15805,SGL_RS13640,0.086683765947082
SGL_RS09285,SGL_RS12660,0.0866739404249969
SGL_RS10755,SGL_RS01650,0.0866731372546658
SGL_RS04725,SGL_RS17985,0.0866646634110293
SGL_RS15965,SGL_RS03630,0.0866641567475931
SGL_RS17245,SGL_RS05720,0.0866613949433785
SGL_RS14385,SGL_RS11945,0.0866569409901185
SGL_RS15965,SGL_RS03570,0.0866522065679795
SGL_RS06080,SGL_RS01260,0.0866440824416367
SGL_RS13820,SGL_RS11600,0.0866412091011858
SGL_RS00400,SGL_RS06175,0.0866370105329448
SGL_RS08500,SGL_RS10665,0.0866306726508784
SGL_RS04615,SGL_RS16520,0.0866305994883306
SGL_RS15310,SGL_RS06625,0.0866276631845679
SGL_RS07975,SGL_RS01895,0.0866221306388233
SGL_RS16495,SGL_RS18220,0.086612106863644
SGL_RS02470,SGL_RS08610,0.0866069725558319
SGL_RS12430,SGL_RS18300,0.0866017726710966
SGL_RS04055,SGL_RS02770,0.0865985875368967
SGL_RS07730,SGL_RS13645,0.0865934188783059
SGL_RS12595,SGL_RS14550,0.0865906816227197
SGL_RS04615,SGL_RS13950,0.086583739051965
SGL_RS06340,SGL_RS18325,0.0865682841477932
SGL_RS00670,SGL_RS00275,0.086566003985208
SGL_RS08210,SGL_RS09365,0.086565275837088
SGL_RS00320,SGL_RS00175,0.0865545911056028
SGL_RS14385,SGL_RS04685,0.0865475722485323
SGL_RS06410,SGL_RS16415,0.0865384973802985
SGL_RS14540,SGL_RS14210,0.0865369609666005
SGL_RS07535,SGL_RS14280,0.0865336741122657
SGL_RS15965,SGL_RS16695,0.0865329385809316
SGL_RS15805,SGL_RS10090,0.0865264661529522
SGL_RS13130,SGL_RS02090,0.086516541509867
SGL_RS17395,SGL_RS08575,0.086510347264183
SGL_RS15805,SGL_RS12805,0.0865073475727368
SGL_RS17760,SGL_RS07360,0.0864983619791886
SGL_RS00320,SGL_RS09735,0.0864972630470909
SGL_RS01980,SGL_RS02050,0.0864855208387473
SGL_RS07730,SGL_RS16695,0.0864732087685604
SGL_RS00515,SGL_RS06820,0.086465417070514
SGL_RS15805,SGL_RS15360,0.0864550972206019
SGL_RS14385,SGL_RS14335,0.0864533685683564
SGL_RS00320,SGL_RS15520,0.086452699696506
SGL_RS05150,SGL_RS13240,0.0864516575418123
SGL_RS01955,SGL_RS04290,0.0864463217437045
SGL_RS13130,SGL_RS17190,0.0864249069975312
SGL_RS06215,SGL_RS15255,0.0864193809655189
SGL_RS17440,SGL_RS05150,0.0864135137202456
SGL_RS10605,SGL_RS10250,0.0864111908814566
SGL_RS03065,SGL_RS15435,0.0864104801653019
SGL_RS17760,SGL_RS06375,0.0864066371783771
SGL_RS15805,SGL_RS13690,0.0864050532655636
SGL_RS15965,SGL_RS03595,0.086392858891188
SGL_RS12595,SGL_RS14300,0.0863927296409793
SGL_RS04725,SGL_RS17040,0.0863910495948043
SGL_RS00400,SGL_RS18635,0.08638997056642
SGL_RS12595,SGL_RS02660,0.0863843037629545
SGL_RS16495,SGL_RS19845,0.086383468221034
SGL_RS09285,SGL_RS12060,0.0863811121575752
SGL_RS05150,SGL_RS17660,0.086374262881905
SGL_RS18290,SGL_RS18755,0.0863721430902444
SGL_RS15805,SGL_RS05975,0.0863569564367912
SGL_RS15805,SGL_RS13435,0.0863563912298961
SGL_RS14385,SGL_RS07180,0.0863544850642204
SGL_RS13130,SGL_RS02755,0.0863524854344609
SGL_RS15805,SGL_RS13530,0.0863486638241546
SGL_RS05150,SGL_RS08900,0.0863477831127158
SGL_RS15965,SGL_RS07370,0.0863442403986934
SGL_RS08835,SGL_RS00060,0.0863385625129049
SGL_RS16080,SGL_RS20000,0.0863286961942002
SGL_RS15805,SGL_RS19495,0.086325602433434
SGL_RS18290,SGL_RS10080,0.0863230453385581
SGL_RS01255,SGL_RS00795,0.0863222428313692
SGL_RS16165,SGL_RS01680,0.0863058353227646
SGL_RS10605,SGL_RS19725,0.0863023825999443
SGL_RS00455,SGL_RS00660,0.0862978391826831
SGL_RS16165,SGL_RS01465,0.0862937223276923
SGL_RS12595,SGL_RS12945,0.0862883204084905
SGL_RS15805,SGL_RS10830,0.0862881376460235
SGL_RS17760,SGL_RS09990,0.0862829548581393
SGL_RS09285,SGL_RS10430,0.0862783034146449
SGL_RS15805,SGL_RS10615,0.0862782454559963
SGL_RS18290,SGL_RS01890,0.0862764502850057
SGL_RS10605,SGL_RS11795,0.0862693787481607
SGL_RS08080,SGL_RS01480,0.0862628590695925
SGL_RS12485,SGL_RS19495,0.0862590633463114
SGL_RS02020,SGL_RS11580,0.0862582343711176
SGL_RS11285,SGL_RS10865,0.0862533266181195
SGL_RS06215,SGL_RS12365,0.0862472423089988
SGL_RS00320,SGL_RS07955,0.0862445803977727
SGL_RS00400,SGL_RS00730,0.0862390764025877
SGL_RS18290,SGL_RS15760,0.086238657934686
SGL_RS15965,SGL_RS18485,0.0862374548280813
SGL_RS11370,SGL_RS06265,0.0862271267805317
SGL_RS06410,SGL_RS12110,0.0862198778328781
SGL_RS04055,SGL_RS01265,0.0862178829249633
SGL_RS04450,SGL_RS06150,0.0862176250688046
SGL_RS16495,SGL_RS16500,0.0861970787052003
SGL_RS12430,SGL_RS15810,0.0861945639617921
SGL_RS09285,SGL_RS14140,0.086192218615632
SGL_RS09285,SGL_RS12450,0.0861857457387648
SGL_RS15805,SGL_RS10105,0.0861800396822461
SGL_RS04615,SGL_RS05970,0.0861782635612758
SGL_RS11985,SGL_RS00500,0.0861737260558941
SGL_RS04615,SGL_RS07960,0.0861691821258836
SGL_RS09285,SGL_RS15290,0.0861642761746612
SGL_RS01255,SGL_RS16035,0.0861614887759927
SGL_RS13130,SGL_RS10545,0.0861595046448219
SGL_RS09285,SGL_RS03845,0.0861543780768306
SGL_RS01215,SGL_RS01230,0.0861528592280859
SGL_RS12430,SGL_RS17990,0.086147118739
SGL_RS16495,SGL_RS08245,0.0861308787905081
SGL_RS00400,SGL_RS09460,0.0861292613089774
SGL_RS01955,SGL_RS09530,0.0861236508612511
SGL_RS02510,SGL_RS06860,0.0861199543063196
SGL_RS11285,SGL_RS06955,0.0861105356045801
SGL_RS17395,SGL_RS05325,0.0861084025601739
SGL_RS06215,SGL_RS06420,0.0861062763313567
SGL_RS06215,SGL_RS06125,0.0861054386523206
SGL_RS00400,SGL_RS00580,0.0861004007648932
SGL_RS00075,SGL_RS16235,0.0860973151147704
SGL_RS04725,SGL_RS10125,0.0860973082969224
SGL_RS10605,SGL_RS02230,0.0860952613631161
SGL_RS04055,SGL_RS16490,0.0860807579651171
SGL_RS14540,SGL_RS08950,0.086071990637996
SGL_RS01255,SGL_RS00885,0.086070348184604
SGL_RS17395,SGL_RS10550,0.0860659906770896
SGL_RS15965,SGL_RS10180,0.086058813427445
SGL_RS13130,SGL_RS11330,0.0860475703752312
SGL_RS15965,SGL_RS15390,0.0860448787363739
SGL_RS07975,SGL_RS12985,0.0860440430831623
SGL_RS08210,SGL_RS05460,0.0860412643977416
SGL_RS02470,SGL_RS05665,0.0860412250065719
SGL_RS04055,SGL_RS02270,0.0860349278508593
SGL_RS14385,SGL_RS12015,0.0860345018547156
SGL_RS12595,SGL_RS06920,0.0860335678234763
SGL_RS09285,SGL_RS14210,0.0860296898639512
SGL_RS12430,SGL_RS02685,0.0860280119429912
SGL_RS11370,SGL_RS09990,0.0860279973665875
SGL_RS15210,SGL_RS07400,0.0860271213676811
SGL_RS06215,SGL_RS05865,0.0860239246700303
SGL_RS08835,SGL_RS10840,0.0860216641980866
SGL_RS15805,SGL_RS16650,0.0860206199096323
SGL_RS04820,SGL_RS03750,0.0860168583399181
SGL_RS00320,SGL_RS14690,0.0860140011466467
SGL_RS04450,SGL_RS04615,0.0860127556039104
SGL_RS00400,SGL_RS01835,0.0860059239802921
SGL_RS13130,SGL_RS06955,0.0860052317258677
SGL_RS17245,SGL_RS10885,0.0860014908156603
SGL_RS03065,SGL_RS16640,0.0860012236686194
SGL_RS17395,SGL_RS03850,0.0859827654328112
SGL_RS14385,SGL_RS09110,0.0859675772369043
SGL_RS02020,SGL_RS01965,0.0859671646086314
SGL_RS08165,SGL_RS19525,0.0859656190460423
SGL_RS04055,SGL_RS02805,0.0859545197805525
SGL_RS17760,SGL_RS16155,0.0859513279474964
SGL_RS08835,SGL_RS02945,0.0859506949427446
SGL_RS14385,SGL_RS15805,0.0859440293446923
SGL_RS13820,SGL_RS11005,0.0859405735383037
SGL_RS13820,SGL_RS17450,0.0859395218450188
SGL_RS09285,SGL_RS02795,0.0859147996713776
SGL_RS12595,SGL_RS09040,0.0859138762363808
SGL_RS10605,SGL_RS08710,0.085913165072791
SGL_RS17760,SGL_RS04295,0.085911687606444
SGL_RS02990,SGL_RS02510,0.0859111462892181
SGL_RS01955,SGL_RS10705,0.0859100903174107
SGL_RS03065,SGL_RS14060,0.0859032127853813
SGL_RS15965,SGL_RS12090,0.0859024657054615
SGL_RS14385,SGL_RS11225,0.0858903659049709
SGL_RS06410,SGL_RS07245,0.0858854275467024
SGL_RS01625,SGL_RS09870,0.0858839271767033
SGL_RS12430,SGL_RS10655,0.085882253312877
SGL_RS08835,SGL_RS17760,0.0858747669841868
SGL_RS01980,SGL_RS00320,0.0858736431787124
SGL_RS07730,SGL_RS07725,0.0858730867534824
SGL_RS12430,SGL_RS04470,0.0858688767553973
SGL_RS16495,SGL_RS04490,0.0858657296130084
SGL_RS17440,SGL_RS02540,0.0858619024846071
SGL_RS15965,SGL_RS16005,0.0858469199940685
SGL_RS08835,SGL_RS13930,0.0858450101273616
SGL_RS09285,SGL_RS11530,0.0858424865532995
SGL_RS10605,SGL_RS06375,0.0858397670614023
SGL_RS08500,SGL_RS03765,0.0858318445819478
SGL_RS02510,SGL_RS09090,0.0858292050926606
SGL_RS00320,SGL_RS01575,0.0858263303797741
SGL_RS04055,SGL_RS19765,0.085824221436564
SGL_RS03065,SGL_RS07640,0.085815515901161
SGL_RS14540,SGL_RS06610,0.0858067736834726
SGL_RS01255,SGL_RS09815,0.0858033518963321
SGL_RS17395,SGL_RS16670,0.0858006336549219
SGL_RS00400,SGL_RS11865,0.0857955111521304
SGL_RS18290,SGL_RS07045,0.0857871942557152
SGL_RS01215,SGL_RS08355,0.0857734672048752
SGL_RS08210,SGL_RS02455,0.0857723837061512
SGL_RS10820,SGL_RS11375,0.0857723414176946
SGL_RS16165,SGL_RS12090,0.085769039545249
SGL_RS12595,SGL_RS02395,0.0857670200346596
SGL_RS13820,SGL_RS07540,0.0857647054359363
SGL_RS18290,SGL_RS04965,0.0857625872060762
SGL_RS06340,SGL_RS02475,0.0857577848855298
SGL_RS15805,SGL_RS10875,0.085746066389077
SGL_RS14610,SGL_RS08820,0.0857383383706318
SGL_RS06215,SGL_RS19955,0.0857308558324743
SGL_RS12005,SGL_RS06000,0.0857295698126499
SGL_RS08210,SGL_RS16075,0.0857266178091851
SGL_RS13130,SGL_RS05395,0.085724815912093
SGL_RS06215,SGL_RS16865,0.0857223542555411
SGL_RS00075,SGL_RS00620,0.0857143209802348
SGL_RS12430,SGL_RS03345,0.085712150641579
SGL_RS08165,SGL_RS16970,0.0857057164309833
SGL_RS04725,SGL_RS13265,0.0856904312178614
SGL_RS04450,SGL_RS14415,0.0856759314579639
SGL_RS04055,SGL_RS17830,0.0856700443569473
SGL_RS04450,SGL_RS05955,0.0856613968720837
SGL_RS01980,SGL_RS05375,0.0856608040296121
SGL_RS01625,SGL_RS00795,0.0856603742987112
SGL_RS17245,SGL_RS17510,0.0856561917424681
SGL_RS07730,SGL_RS17460,0.085649500082805
SGL_RS07730,SGL_RS14055,0.0856494107765557
SGL_RS15965,SGL_RS13185,0.0856474439158829
SGL_RS00400,SGL_RS01445,0.0856354336344776
SGL_RS00515,SGL_RS07615,0.0856245194636048
SGL_RS08210,SGL_RS08640,0.0856210244804296
SGL_RS00320,SGL_RS01265,0.0856179465707721
SGL_RS14385,SGL_RS02490,0.0856148408557728
SGL_RS11370,SGL_RS11810,0.0856131981266315
SGL_RS12005,SGL_RS13420,0.0856087780930699
SGL_RS07975,SGL_RS15440,0.0856064583984701
SGL_RS01955,SGL_RS00610,0.0856053932229115
SGL_RS03065,SGL_RS12185,0.0855988843743197
SGL_RS11985,SGL_RS16165,0.0855803331691743
SGL_RS01980,SGL_RS01365,0.085579212671863
SGL_RS15805,SGL_RS03060,0.0855629591070811
SGL_RS13130,SGL_RS10865,0.0855620559144595
SGL_RS01980,SGL_RS09445,0.085544078521747
SGL_RS11835,SGL_RS15310,0.0855410971080628
SGL_RS12595,SGL_RS12400,0.0855239356127748
SGL_RS12595,SGL_RS10340,0.0855197881106528
SGL_RS02510,SGL_RS11060,0.085512638053654
SGL_RS02020,SGL_RS01320,0.0855115268699287
SGL_RS15805,SGL_RS03440,0.0855100387190299
SGL_RS12595,SGL_RS08795,0.085507813189217
SGL_RS17245,SGL_RS07320,0.0854933622015386
SGL_RS12430,SGL_RS09715,0.0854909534298639
SGL_RS08520,SGL_RS10815,0.085489242800012
SGL_RS18290,SGL_RS09645,0.0854886850211158
SGL_RS17395,SGL_RS05385,0.0854869928372672
SGL_RS10820,SGL_RS02785,0.0854824894677044
SGL_RS06410,SGL_RS07430,0.0854799629199883
SGL_RS06340,SGL_RS09275,0.0854769021566404
SGL_RS05150,SGL_RS14370,0.0854621529003101
SGL_RS10605,SGL_RS02155,0.0854597877182069
SGL_RS04615,SGL_RS18170,0.0854591815592475
SGL_RS03065,SGL_RS02660,0.085451497092478
SGL_RS17245,SGL_RS13100,0.0854513214694796
SGL_RS08500,SGL_RS13840,0.0854217841441307
SGL_RS04450,SGL_RS14755,0.0854176316117709
SGL_RS07730,SGL_RS06560,0.0854167302386242
SGL_RS12430,SGL_RS14295,0.0854103596124563
SGL_RS01980,SGL_RS20055,0.0854059622342953
SGL_RS15805,SGL_RS14420,0.0853985490278386
SGL_RS08835,SGL_RS13355,0.0853893243488172
SGL_RS15805,SGL_RS14080,0.0853873456141681
SGL_RS07975,SGL_RS08855,0.0853865020102016
SGL_RS04450,SGL_RS17420,0.0853779348659774
SGL_RS08500,SGL_RS15840,0.0853624658210688
SGL_RS10605,SGL_RS01660,0.0853597206661986
SGL_RS04615,SGL_RS05320,0.0853442620633344
SGL_RS09285,SGL_RS02360,0.0853334679963499
SGL_RS08040,SGL_RS16115,0.0853312087820392
SGL_RS10820,SGL_RS13240,0.0853265106419387
SGL_RS01255,SGL_RS16080,0.085322534496765
SGL_RS08500,SGL_RS15230,0.0853167715898195
SGL_RS00515,SGL_RS04980,0.0853166607357023
SGL_RS08835,SGL_RS17755,0.0853049481829753
SGL_RS10820,SGL_RS00685,0.0853005381164018
SGL_RS08835,SGL_RS02915,0.0852928043409448
SGL_RS03065,SGL_RS07290,0.0852785303014967
SGL_RS07535,SGL_RS04185,0.0852763421305939
SGL_RS04725,SGL_RS08660,0.0852761212339951
SGL_RS00400,SGL_RS16425,0.0852704833626867
SGL_RS10820,SGL_RS11885,0.0852688005712888
SGL_RS13130,SGL_RS01920,0.0852564546101647
SGL_RS15805,SGL_RS06015,0.0852439657128189
SGL_RS01955,SGL_RS15970,0.0852397983430693
SGL_RS15965,SGL_RS14850,0.085235705193221
SGL_RS08835,SGL_RS04125,0.0852243973850557
SGL_RS01255,SGL_RS16145,0.0852230020022499
SGL_RS00670,SGL_RS16045,0.0852210561171755
SGL_RS15805,SGL_RS10320,0.0852150848252305
SGL_RS17760,SGL_RS04215,0.085214759448284
SGL_RS10820,SGL_RS02820,0.0852143418394394
SGL_RS14540,SGL_RS07225,0.0852130565929562
SGL_RS15965,SGL_RS08405,0.0852123806300773
SGL_RS10605,SGL_RS16075,0.0852062201009691
SGL_RS08500,SGL_RS17440,0.0851998234447315
SGL_RS14540,SGL_RS12365,0.0851945334736033
SGL_RS04820,SGL_RS07775,0.0851877027859205
SGL_RS18290,SGL_RS18110,0.0851844470377209
SGL_RS04055,SGL_RS03215,0.0851833381707723
SGL_RS15210,SGL_RS06405,0.0851756125073301
SGL_RS06340,SGL_RS04820,0.0851714065434178
SGL_RS04055,SGL_RS09155,0.0851565906717269
SGL_RS08520,SGL_RS13770,0.0851518183303798
SGL_RS03065,SGL_RS04710,0.0851450701237798
SGL_RS08835,SGL_RS01815,0.0851440686445019
SGL_RS02470,SGL_RS02590,0.0851317000853677
SGL_RS04450,SGL_RS15665,0.0851284692214349
SGL_RS01955,SGL_RS14465,0.0851275639510113
SGL_RS12005,SGL_RS00930,0.085114973043202
SGL_RS17760,SGL_RS14775,0.0851127656402459
SGL_RS03065,SGL_RS04885,0.0851042807642491
SGL_RS13130,SGL_RS02430,0.0850977085840537
SGL_RS12005,SGL_RS14975,0.0850948221172971
SGL_RS02990,SGL_RS03180,0.0850914784492774
SGL_RS00400,SGL_RS19300,0.0850903074297208
SGL_RS10820,SGL_RS10690,0.0850902113153673
SGL_RS07975,SGL_RS04790,0.0850895764991264
SGL_RS15805,SGL_RS15865,0.0850719078894067
SGL_RS15965,SGL_RS17160,0.0850578412781536
SGL_RS10820,SGL_RS04085,0.085047970635377
SGL_RS04055,SGL_RS04870,0.0850379750631598
SGL_RS06480,SGL_RS08205,0.0850354410153
SGL_RS01955,SGL_RS01980,0.0850325958177295
SGL_RS06410,SGL_RS19915,0.0850315193047157
SGL_RS00320,SGL_RS19390,0.085030046611247
SGL_RS10820,SGL_RS12570,0.0850293921727898
SGL_RS09285,SGL_RS11415,0.085015792083005
SGL_RS12430,SGL_RS07770,0.0850157384376026
SGL_RS04055,SGL_RS08470,0.0850146840295463
SGL_RS00670,SGL_RS08325,0.0850054284927755
SGL_RS10820,SGL_RS03605,0.0850028772356503
SGL_RS14540,SGL_RS10620,0.0849999370164757
SGL_RS12430,SGL_RS12485,0.0849932278097435
SGL_RS18290,SGL_RS14085,0.0849829989327005
SGL_RS04450,SGL_RS04715,0.0849698754461532
SGL_RS06480,SGL_RS16170,0.0849667661422223
SGL_RS08500,SGL_RS18310,0.0849657192967299
SGL_RS08500,SGL_RS06715,0.0849655694069755
SGL_RS00515,SGL_RS04495,0.0849536997153815
SGL_RS18290,SGL_RS08915,0.0849534543810842
SGL_RS15965,SGL_RS11940,0.0849463468562675
SGL_RS15805,SGL_RS11660,0.0849427008045563
SGL_RS17440,SGL_RS11140,0.0849308445477693
SGL_RS06410,SGL_RS10925,0.0849261067702821
SGL_RS04725,SGL_RS17050,0.0849258941369078
SGL_RS04450,SGL_RS05680,0.0849199854837111
SGL_RS14385,SGL_RS03125,0.0849009346052651
SGL_RS00075,SGL_RS09770,0.0848969138921302
SGL_RS12005,SGL_RS00685,0.0848959851442979
SGL_RS04055,SGL_RS11785,0.0848942857451097
SGL_RS08835,SGL_RS07475,0.0848939021183786
SGL_RS08520,SGL_RS06960,0.0848908865304033
SGL_RS12595,SGL_RS20080,0.084887751612827
SGL_RS06340,SGL_RS13370,0.0848869860041468
SGL_RS13820,SGL_RS13825,0.0848866011687082
SGL_RS18290,SGL_RS13130,0.0848863751945799
SGL_RS01955,SGL_RS18115,0.084880019144742
SGL_RS10820,SGL_RS11255,0.0848794379177013
SGL_RS00320,SGL_RS01365,0.08487719542637
SGL_RS17395,SGL_RS05000,0.0848748916990623
SGL_RS08520,SGL_RS09885,0.0848735584446788
SGL_RS12430,SGL_RS18655,0.0848698072127091
SGL_RS00455,SGL_RS03675,0.0848650113969232
SGL_RS01255,SGL_RS00965,0.0848630604528278
SGL_RS01980,SGL_RS01865,0.084862643241898
SGL_RS09285,SGL_RS11230,0.0848614492767091
SGL_RS02990,SGL_RS14320,0.0848595948705833
SGL_RS01215,SGL_RS00865,0.0848590498670107
SGL_RS00400,SGL_RS00190,0.0848477501254792
SGL_RS12005,SGL_RS00925,0.0848389488422975
SGL_RS05150,SGL_RS17655,0.0848369494284061
SGL_RS07730,SGL_RS11950,0.084835592776065
SGL_RS18290,SGL_RS15700,0.0848300835381745
SGL_RS00515,SGL_RS13615,0.0848213129799475
SGL_RS13820,SGL_RS07290,0.0848105421552508
SGL_RS00515,SGL_RS07720,0.0848028367004825
SGL_RS15805,SGL_RS17280,0.0847919236903762
SGL_RS06080,SGL_RS19375,0.0847865214110215
SGL_RS02470,SGL_RS19690,0.0847850999621975
SGL_RS04450,SGL_RS02585,0.0847812023214916
SGL_RS15805,SGL_RS07535,0.0847798584480294
SGL_RS17760,SGL_RS10695,0.084776885033009
SGL_RS06480,SGL_RS09760,0.0847742023772708
SGL_RS13130,SGL_RS08800,0.0847731496991216
SGL_RS09285,SGL_RS08790,0.0847722339199871
SGL_RS17760,SGL_RS15210,0.0847701647339164
SGL_RS01980,SGL_RS11900,0.084760492658095
SGL_RS08520,SGL_RS01440,0.0847593557702078
SGL_RS15585,SGL_RS20115,0.0847553191952235
SGL_RS15805,SGL_RS06605,0.0847538493348867
SGL_RS18290,SGL_RS05990,0.0847451365706114
SGL_RS12430,SGL_RS07310,0.084737777375339
SGL_RS00515,SGL_RS04890,0.0847350949128974
SGL_RS12430,SGL_RS09295,0.0847340029625964
SGL_RS09285,SGL_RS11200,0.0847213142942921
SGL_RS17395,SGL_RS14120,0.0847069003867353
SGL_RS11370,SGL_RS11125,0.0847000544970597
SGL_RS09285,SGL_RS02095,0.08469918480887
SGL_RS15805,SGL_RS06690,0.0846812139162241
SGL_RS07730,SGL_RS16715,0.0846666080836499
SGL_RS04615,SGL_RS16860,0.0846627938404462
SGL_RS17760,SGL_RS05600,0.0846592565866315
SGL_RS04055,SGL_RS05435,0.0846577489948049
SGL_RS01625,SGL_RS16875,0.0846511241374559
SGL_RS06215,SGL_RS03245,0.0846479206694917
SGL_RS06215,SGL_RS01885,0.0846466831274346
SGL_RS08835,SGL_RS15615,0.0846386802100901
SGL_RS09285,SGL_RS05290,0.0846355509321766
SGL_RS06215,SGL_RS02765,0.0846351302856261
SGL_RS02990,SGL_RS05450,0.0846325636116208
SGL_RS17760,SGL_RS07890,0.0846255652233688
SGL_RS14385,SGL_RS15145,0.0846197439538221
SGL_RS15805,SGL_RS19410,0.0846103059242356
SGL_RS12595,SGL_RS10655,0.0846056508007322
SGL_RS02990,SGL_RS10630,0.0845996402381631
SGL_RS04725,SGL_RS04655,0.0845930874524729
SGL_RS01955,SGL_RS14525,0.0845874434252732
SGL_RS04450,SGL_RS02265,0.0845758860706884
SGL_RS04450,SGL_RS02305,0.0845677611884797
SGL_RS09285,SGL_RS13735,0.0845578785494547
SGL_RS09285,SGL_RS12015,0.0845527232373605
SGL_RS14540,SGL_RS10150,0.0845526288102958
SGL_RS00455,SGL_RS00355,0.0845492432005954
SGL_RS13820,SGL_RS10130,0.0845468199637333
SGL_RS08500,SGL_RS02720,0.0845372330498277
SGL_RS17245,SGL_RS05930,0.0845370467583956
SGL_RS01980,SGL_RS14525,0.0845306889828827
SGL_RS14385,SGL_RS19955,0.0845298964658732
SGL_RS00400,SGL_RS02050,0.0845216019014241
SGL_RS11985,SGL_RS19630,0.0845214741109776
SGL_RS04055,SGL_RS05970,0.0845178591306443
SGL_RS08210,SGL_RS08970,0.0845047740801423
SGL_RS00320,SGL_RS01195,0.0844934545227388
SGL_RS02020,SGL_RS11730,0.0844923850300433
SGL_RS06215,SGL_RS08055,0.0844907342908782
SGL_RS16495,SGL_RS03865,0.0844842449912913
SGL_RS15965,SGL_RS06395,0.0844839271868308
SGL_RS06215,SGL_RS02470,0.0844799645550476
SGL_RS12005,SGL_RS17175,0.0844723539881786
SGL_RS03065,SGL_RS11035,0.0844687756010587
SGL_RS04055,SGL_RS14230,0.084467951935295
SGL_RS10820,SGL_RS03080,0.0844673238931336
SGL_RS15210,SGL_RS05445,0.0844665465296394
SGL_RS00075,SGL_RS11905,0.0844636291141013
SGL_RS10820,SGL_RS17000,0.0844623835702742
SGL_RS15215,SGL_RS00785,0.0844602839907973
SGL_RS10605,SGL_RS07840,0.0844556751798779
SGL_RS17760,SGL_RS04405,0.0844552492853655
SGL_RS06080,SGL_RS05995,0.0844534786107338
SGL_RS10755,SGL_RS19900,0.0844533937586623
SGL_RS04450,SGL_RS10930,0.0844419699084609
SGL_RS12595,SGL_RS08885,0.0844317314194628
SGL_RS11370,SGL_RS08120,0.0844230742654863
SGL_RS16495,SGL_RS07525,0.0844180959247192
SGL_RS04055,SGL_RS15490,0.0844165187660657
SGL_RS10605,SGL_RS10830,0.0844120495906985
SGL_RS00400,SGL_RS04145,0.0844095213549993
SGL_RS14540,SGL_RS06690,0.0844039705883122
SGL_RS11985,SGL_RS13525,0.0844021695417524
SGL_RS15965,SGL_RS03635,0.084401055197512
SGL_RS12005,SGL_RS02065,0.0843973116561089
SGL_RS09285,SGL_RS03210,0.0843972382835439
