regulatoryGene,targetGene,weight
SGL_RS12540,SGL_RS04040,0.172841346827535
SGL_RS06410,SGL_RS14825,0.167707077058479
SGL_RS12540,SGL_RS08225,0.165193690814512
SGL_RS06410,SGL_RS05240,0.162543999012393
SGL_RS06410,SGL_RS12135,0.162200329752393
SGL_RS15585,SGL_RS03830,0.160991495830476
SGL_RS01980,SGL_RS01985,0.160816224307713
SGL_RS06410,SGL_RS09810,0.1575645908226
SGL_RS00515,SGL_RS16495,0.151189477975209
SGL_RS07730,SGL_RS07735,0.150769005983863
SGL_RS00320,SGL_RS11030,0.14997391195871
SGL_RS08165,SGL_RS08160,0.148573813524384
SGL_RS12430,SGL_RS02250,0.147441392690593
SGL_RS08165,SGL_RS08155,0.147242757415223
SGL_RS06480,SGL_RS04665,0.147177387394617
SGL_RS02020,SGL_RS02015,0.146966588906805
SGL_RS14610,SGL_RS10460,0.146297570968558
SGL_RS00515,SGL_RS10135,0.145238223876207
SGL_RS06410,SGL_RS12130,0.145031552259579
SGL_RS06410,SGL_RS07395,0.144650245657195
SGL_RS00320,SGL_RS00350,0.144442816376129
SGL_RS02020,SGL_RS01990,0.143995497720723
SGL_RS06480,SGL_RS12125,0.143341142224481
SGL_RS15585,SGL_RS08395,0.143110172143504
SGL_RS16495,SGL_RS00515,0.142974799394983
SGL_RS15585,SGL_RS08400,0.142748348032469
SGL_RS00400,SGL_RS00280,0.142682581422016
SGL_RS00455,SGL_RS00940,0.142506749490424
SGL_RS02020,SGL_RS17815,0.142187275549657
SGL_RS00515,SGL_RS00590,0.142166418967814
SGL_RS00400,SGL_RS00085,0.141686669538828
SGL_RS00455,SGL_RS00920,0.14166368217365
SGL_RS01215,SGL_RS01335,0.141577554932686
SGL_RS06410,SGL_RS06480,0.141081915961697
SGL_RS06410,SGL_RS07375,0.14091506502403
SGL_RS12430,SGL_RS02245,0.140222478764718
SGL_RS15805,SGL_RS08230,0.139876267419234
SGL_RS00320,SGL_RS14150,0.139767581564244
SGL_RS00400,SGL_RS00345,0.139633302199342
SGL_RS00320,SGL_RS09065,0.13963250724872
SGL_RS00075,SGL_RS07460,0.139495338868524
SGL_RS00400,SGL_RS00475,0.138676078481259
SGL_RS06410,SGL_RS08580,0.138435454364848
SGL_RS12430,SGL_RS08755,0.138250828179981
SGL_RS14165,SGL_RS14170,0.138250018327873
SGL_RS00075,SGL_RS00065,0.137916847000695
SGL_RS06410,SGL_RS08205,0.13773561324889
SGL_RS06410,SGL_RS09745,0.137575082486595
SGL_RS12540,SGL_RS10760,0.137435213781214
SGL_RS06410,SGL_RS05235,0.137350988647925
SGL_RS02470,SGL_RS05740,0.137220257550523
SGL_RS15585,SGL_RS14190,0.136744699910881
SGL_RS12430,SGL_RS14360,0.136416916949364
SGL_RS01980,SGL_RS02320,0.13589534448103
SGL_RS00400,SGL_RS00075,0.135539317380985
SGL_RS06410,SGL_RS11935,0.135457650459404
SGL_RS00515,SGL_RS00535,0.135418671295044
SGL_RS16495,SGL_RS18320,0.135288455616433
SGL_RS00515,SGL_RS02085,0.135285301324017
SGL_RS00075,SGL_RS11185,0.135271294299281
SGL_RS10820,SGL_RS09295,0.135022514886368
SGL_RS00400,SGL_RS00110,0.134751973543169
SGL_RS09285,SGL_RS06235,0.134450886502273
SGL_RS06410,SGL_RS04670,0.134447773977906
SGL_RS00515,SGL_RS00330,0.13442609061192
SGL_RS02020,SGL_RS01985,0.134374913307342
SGL_RS16080,SGL_RS16085,0.13406171643089
SGL_RS00400,SGL_RS00575,0.134025910260989
SGL_RS06410,SGL_RS02670,0.133942932501903
SGL_RS07740,SGL_RS11470,0.133897243712767
SGL_RS06410,SGL_RS05250,0.13378226720983
SGL_RS08080,SGL_RS08085,0.133750453360413
SGL_RS06410,SGL_RS04660,0.133610673933397
SGL_RS12540,SGL_RS15050,0.133330298176576
SGL_RS02470,SGL_RS02465,0.133219777265109
SGL_RS16165,SGL_RS16160,0.133139619308378
SGL_RS00400,SGL_RS00355,0.132903725752026
SGL_RS00455,SGL_RS00945,0.132863695061184
SGL_RS15210,SGL_RS07415,0.132522983475745
SGL_RS15965,SGL_RS04945,0.13246516538854
SGL_RS16495,SGL_RS11695,0.132400218326717
SGL_RS16495,SGL_RS11725,0.132358837540575
SGL_RS13820,SGL_RS07490,0.132275212388523
SGL_RS00075,SGL_RS00530,0.132134243714931
SGL_RS00320,SGL_RS16385,0.132109922851151
SGL_RS06410,SGL_RS15635,0.132084236194346
SGL_RS15805,SGL_RS14905,0.13202448572591
SGL_RS06410,SGL_RS03080,0.131754786252673
SGL_RS06410,SGL_RS08525,0.131725480525753
SGL_RS15805,SGL_RS16775,0.131057979179956
SGL_RS07740,SGL_RS03235,0.131055830040121
SGL_RS15585,SGL_RS08390,0.13072291594934
SGL_RS06410,SGL_RS13460,0.130694823776641
SGL_RS06410,SGL_RS08200,0.130466647682507
SGL_RS00400,SGL_RS00335,0.130113850770861
SGL_RS02020,SGL_RS02010,0.130108651962282
SGL_RS02470,SGL_RS17225,0.130049503357784
SGL_RS02020,SGL_RS01980,0.12989916787358
SGL_RS00400,SGL_RS00660,0.129764828195858
SGL_RS04725,SGL_RS05185,0.129620534531972
SGL_RS16495,SGL_RS14890,0.129600791455064
SGL_RS00400,SGL_RS00370,0.12959580200659
SGL_RS00400,SGL_RS04635,0.129470233064771
SGL_RS00320,SGL_RS03580,0.129192847359871
SGL_RS12430,SGL_RS10140,0.129144234951974
SGL_RS00455,SGL_RS01040,0.129130436503038
SGL_RS06480,SGL_RS06305,0.129076945603971
SGL_RS15805,SGL_RS03125,0.129044563821827
SGL_RS12430,SGL_RS07175,0.129040732242931
SGL_RS00400,SGL_RS00275,0.128966727130131
SGL_RS00455,SGL_RS12790,0.128884613264244
SGL_RS06215,SGL_RS05740,0.128793100129613
SGL_RS15210,SGL_RS13430,0.128620124467371
SGL_RS02470,SGL_RS07245,0.128581388598905
SGL_RS06410,SGL_RS07400,0.128534713884029
SGL_RS17395,SGL_RS10630,0.128496499248963
SGL_RS15585,SGL_RS17790,0.128403162717671
SGL_RS06215,SGL_RS10935,0.128328224723549
SGL_RS05150,SGL_RS13030,0.128198367030417
SGL_RS01980,SGL_RS08830,0.128017164431733
SGL_RS06215,SGL_RS16605,0.127919358264349
SGL_RS15805,SGL_RS01625,0.127843831342751
SGL_RS00320,SGL_RS11705,0.127516366172923
SGL_RS01625,SGL_RS19440,0.127078130105586
SGL_RS16495,SGL_RS07610,0.126870807227197
SGL_RS01980,SGL_RS09520,0.126799483307005
SGL_RS06480,SGL_RS06410,0.126611045006148
SGL_RS00320,SGL_RS10815,0.126465836408368
SGL_RS01980,SGL_RS04930,0.126250367577225
SGL_RS08845,SGL_RS18840,0.12612659233843
SGL_RS16495,SGL_RS09025,0.125940687280973
SGL_RS06410,SGL_RS12650,0.125869567864848
SGL_RS00455,SGL_RS01430,0.125866592974388
SGL_RS15210,SGL_RS11735,0.125843409513846
SGL_RS06410,SGL_RS09760,0.125841908063422
SGL_RS16495,SGL_RS03725,0.125836763132483
SGL_RS00455,SGL_RS01425,0.125759436760289
SGL_RS06410,SGL_RS02675,0.125736096551586
SGL_RS01980,SGL_RS09510,0.125684822851316
SGL_RS01215,SGL_RS19705,0.125683200634015
SGL_RS16495,SGL_RS04235,0.125565571393535
SGL_RS17760,SGL_RS15670,0.125385798131149
SGL_RS15210,SGL_RS06775,0.125152720502679
SGL_RS10605,SGL_RS06415,0.125119293699005
SGL_RS12595,SGL_RS06745,0.12476801780149
SGL_RS06410,SGL_RS06485,0.124719063326334
SGL_RS01980,SGL_RS09485,0.124703300553884
SGL_RS00400,SGL_RS00120,0.124699250873281
SGL_RS00455,SGL_RS00930,0.124578338599883
SGL_RS06215,SGL_RS06210,0.124526380511793
SGL_RS00455,SGL_RS16190,0.12446279842096
SGL_RS06480,SGL_RS17080,0.12435878439166
SGL_RS00320,SGL_RS14740,0.124245229331657
SGL_RS00320,SGL_RS10405,0.124238783180707
SGL_RS12430,SGL_RS06555,0.124191254539917
SGL_RS00320,SGL_RS13570,0.124177279071357
SGL_RS00320,SGL_RS11895,0.124139532741857
SGL_RS12430,SGL_RS06560,0.124009442166127
SGL_RS00320,SGL_RS00975,0.1240048343914
SGL_RS11370,SGL_RS11980,0.123959326297086
SGL_RS15805,SGL_RS10985,0.123834363231278
SGL_RS15210,SGL_RS06445,0.123696928879203
SGL_RS10605,SGL_RS08620,0.123447477059685
SGL_RS02470,SGL_RS05735,0.123408056385313
SGL_RS10605,SGL_RS10660,0.123306542316856
SGL_RS15805,SGL_RS03975,0.12322803132533
SGL_RS01955,SGL_RS15500,0.12313601177854
SGL_RS10820,SGL_RS09080,0.123046332975828
SGL_RS02020,SGL_RS01945,0.123014716520473
SGL_RS15805,SGL_RS15150,0.123010641079639
SGL_RS12540,SGL_RS11615,0.122937926657402
SGL_RS16165,SGL_RS16150,0.122862064449091
SGL_RS02510,SGL_RS04900,0.122846035594541
SGL_RS15805,SGL_RS15280,0.122827191677723
SGL_RS12595,SGL_RS07670,0.122687868793974
SGL_RS17245,SGL_RS10510,0.122653212621676
SGL_RS12430,SGL_RS08170,0.122573450184775
SGL_RS06410,SGL_RS06780,0.122453794698858
SGL_RS00320,SGL_RS19550,0.12238816033218
SGL_RS04820,SGL_RS13975,0.122313495565839
SGL_RS00400,SGL_RS15685,0.122223778690873
SGL_RS00075,SGL_RS05530,0.122209017064141
SGL_RS17245,SGL_RS13835,0.122117337219463
SGL_RS09285,SGL_RS10015,0.121948144618009
SGL_RS06480,SGL_RS12120,0.12182474911199
SGL_RS15805,SGL_RS07820,0.121642156173631
SGL_RS01215,SGL_RS01235,0.121629530325624
SGL_RS15210,SGL_RS11625,0.121627623971417
SGL_RS17245,SGL_RS17065,0.121582996752314
SGL_RS00320,SGL_RS02165,0.121556129966413
SGL_RS09285,SGL_RS08925,0.121548070932718
SGL_RS04450,SGL_RS12850,0.121485397547335
SGL_RS15805,SGL_RS13895,0.121470998950995
SGL_RS06480,SGL_RS12135,0.121338079920724
SGL_RS07975,SGL_RS07215,0.121255901476304
SGL_RS06215,SGL_RS06220,0.121208738412574
SGL_RS06215,SGL_RS14010,0.121191920609341
SGL_RS06410,SGL_RS05230,0.121167005550135
SGL_RS12430,SGL_RS06460,0.121138789171846
SGL_RS02470,SGL_RS10935,0.121138503459899
SGL_RS04450,SGL_RS11645,0.120992929926389
SGL_RS17245,SGL_RS14600,0.120983458392835
SGL_RS13820,SGL_RS02375,0.120971759137694
SGL_RS04725,SGL_RS10665,0.120959532463798
SGL_RS15210,SGL_RS02880,0.120938407514045
SGL_RS18290,SGL_RS06665,0.12092204341396
SGL_RS17760,SGL_RS17755,0.120884754562576
SGL_RS00455,SGL_RS00935,0.120879817391169
SGL_RS00515,SGL_RS07500,0.120863285919364
SGL_RS17760,SGL_RS04920,0.120806632033145
SGL_RS01980,SGL_RS08320,0.120732546197362
SGL_RS02020,SGL_RS01995,0.12068005747826
SGL_RS12430,SGL_RS15125,0.120563867451862
SGL_RS12430,SGL_RS12675,0.120547620566794
SGL_RS15210,SGL_RS11435,0.120502265005275
SGL_RS10755,SGL_RS10750,0.120442671172045
SGL_RS00400,SGL_RS00305,0.120437870399344
SGL_RS09285,SGL_RS12425,0.120408343672851
SGL_RS15805,SGL_RS11755,0.120392073021327
SGL_RS08835,SGL_RS19000,0.120374102060128
SGL_RS01980,SGL_RS03650,0.120364613841057
SGL_RS15805,SGL_RS08600,0.120362002293872
SGL_RS10605,SGL_RS08455,0.120323566706793
SGL_RS00515,SGL_RS11695,0.120257713395637
SGL_RS15805,SGL_RS16835,0.12018467923089
SGL_RS02470,SGL_RS05725,0.119974922613785
SGL_RS12005,SGL_RS02435,0.119800841918548
SGL_RS00400,SGL_RS00245,0.119797085540122
SGL_RS00400,SGL_RS06395,0.119715775987732
SGL_RS00320,SGL_RS03610,0.119708162394854
SGL_RS16495,SGL_RS03695,0.119635166699684
SGL_RS07975,SGL_RS14350,0.119574652689818
SGL_RS00400,SGL_RS00010,0.119569509846883
SGL_RS01980,SGL_RS01990,0.11953588226997
SGL_RS09285,SGL_RS17130,0.11946832417459
SGL_RS06215,SGL_RS03440,0.119429599224299
SGL_RS01215,SGL_RS00035,0.119366580961105
SGL_RS10820,SGL_RS15025,0.119274711563577
SGL_RS00320,SGL_RS17025,0.119184167168041
SGL_RS06410,SGL_RS07380,0.119140903797795
SGL_RS01980,SGL_RS09515,0.119140880760193
SGL_RS08165,SGL_RS05260,0.119122262166775
SGL_RS15210,SGL_RS07420,0.119101637642158
SGL_RS00075,SGL_RS01855,0.119093883158797
SGL_RS00320,SGL_RS17385,0.11909089654081
SGL_RS12430,SGL_RS18090,0.119086292509906
SGL_RS08210,SGL_RS10105,0.119080363240314
SGL_RS07730,SGL_RS02405,0.119043175947815
SGL_RS00400,SGL_RS18510,0.119024185188527
SGL_RS06410,SGL_RS12620,0.119003532226397
SGL_RS12005,SGL_RS14810,0.118949922748081
SGL_RS00455,SGL_RS01695,0.118900582668197
SGL_RS06410,SGL_RS06805,0.118899648252452
SGL_RS15805,SGL_RS07805,0.11889697932853
SGL_RS00320,SGL_RS13125,0.11887842650562
SGL_RS06410,SGL_RS13200,0.118822127976183
SGL_RS02990,SGL_RS19950,0.118795111866252
SGL_RS17395,SGL_RS14025,0.118707667275394
SGL_RS15585,SGL_RS14195,0.118696399809851
SGL_RS16495,SGL_RS06930,0.118663422115455
SGL_RS17760,SGL_RS17645,0.118650242309698
SGL_RS00455,SGL_RS01020,0.118622733897711
SGL_RS12430,SGL_RS16980,0.118586901199602
SGL_RS15805,SGL_RS10955,0.118553054589996
SGL_RS10820,SGL_RS05590,0.1185437025075
SGL_RS12430,SGL_RS04370,0.118534985579553
SGL_RS06410,SGL_RS17820,0.118513502304668
SGL_RS15585,SGL_RS03825,0.118502425604369
SGL_RS04055,SGL_RS18285,0.118500181305655
SGL_RS07975,SGL_RS05545,0.118475555680557
SGL_RS00515,SGL_RS19060,0.118368357988876
SGL_RS02470,SGL_RS07560,0.118356635476321
SGL_RS15805,SGL_RS16430,0.118335203084414
SGL_RS17395,SGL_RS02805,0.118332289098071
SGL_RS08835,SGL_RS02935,0.118274009299392
SGL_RS12430,SGL_RS12175,0.118259551151439
SGL_RS00400,SGL_RS00570,0.11825328849118
SGL_RS08845,SGL_RS06295,0.118138175000308
SGL_RS15805,SGL_RS07060,0.118126084252862
SGL_RS12430,SGL_RS05615,0.118016863478806
SGL_RS00400,SGL_RS00210,0.117963721485248
SGL_RS01625,SGL_RS01610,0.117919534259879
SGL_RS06410,SGL_RS08565,0.117883699899201
SGL_RS00400,SGL_RS00225,0.117817179850904
SGL_RS11985,SGL_RS11970,0.117790553312561
SGL_RS12430,SGL_RS12680,0.117788607732884
SGL_RS15210,SGL_RS09710,0.117787978705272
SGL_RS00400,SGL_RS00410,0.11774784771203
SGL_RS17395,SGL_RS12550,0.117724193660731
SGL_RS00400,SGL_RS11905,0.117638305545512
SGL_RS12430,SGL_RS09795,0.117637567053517
SGL_RS00455,SGL_RS01050,0.117571523308048
SGL_RS01980,SGL_RS00115,0.117568023539033
SGL_RS00400,SGL_RS01725,0.117538342302042
SGL_RS12430,SGL_RS15130,0.117532582098388
SGL_RS15805,SGL_RS10430,0.117464020517544
SGL_RS05150,SGL_RS05200,0.117430852961513
SGL_RS00075,SGL_RS00115,0.117362478729258
SGL_RS12540,SGL_RS16955,0.117351540829022
SGL_RS01980,SGL_RS02015,0.117338683864083
SGL_RS00400,SGL_RS15960,0.117282655811556
SGL_RS06410,SGL_RS12210,0.117275840244454
SGL_RS12540,SGL_RS08815,0.117268941561036
SGL_RS04450,SGL_RS11420,0.117264624124597
SGL_RS15805,SGL_RS04245,0.117215200201643
SGL_RS08835,SGL_RS10705,0.117195522087257
SGL_RS15805,SGL_RS08180,0.117150941063348
SGL_RS15805,SGL_RS17405,0.117128300109283
SGL_RS06215,SGL_RS10145,0.117053378881229
SGL_RS12430,SGL_RS07710,0.117026645484062
SGL_RS12430,SGL_RS03260,0.116983672725268
SGL_RS04055,SGL_RS04985,0.116922546997902
SGL_RS00455,SGL_RS01700,0.116917412491657
SGL_RS06410,SGL_RS06840,0.116906407845892
SGL_RS18290,SGL_RS12455,0.116852881419462
SGL_RS15805,SGL_RS18120,0.116775590969651
SGL_RS01980,SGL_RS11010,0.116715872560377
SGL_RS15805,SGL_RS14140,0.116710471259357
SGL_RS02470,SGL_RS11200,0.116691524372164
SGL_RS00455,SGL_RS00450,0.116634557143565
SGL_RS04725,SGL_RS17535,0.116612207305751
SGL_RS10605,SGL_RS14110,0.116573274953998
SGL_RS04055,SGL_RS18805,0.116557977182927
SGL_RS13130,SGL_RS09825,0.116557480981477
SGL_RS08165,SGL_RS01825,0.116532210376665
SGL_RS15210,SGL_RS04530,0.116531422904714
SGL_RS12430,SGL_RS15205,0.116519363558543
SGL_RS11370,SGL_RS09635,0.116511882489126
SGL_RS04055,SGL_RS05040,0.116457054275745
SGL_RS15805,SGL_RS06040,0.116393815326273
SGL_RS00320,SGL_RS13675,0.11638498850263
SGL_RS15805,SGL_RS07810,0.116366237709093
SGL_RS06340,SGL_RS06940,0.116363371518222
SGL_RS12430,SGL_RS07285,0.116270232828583
SGL_RS00075,SGL_RS00305,0.116250692613273
SGL_RS12430,SGL_RS16370,0.116228751001053
SGL_RS00075,SGL_RS09515,0.116213070617547
SGL_RS15805,SGL_RS12705,0.116212603169292
SGL_RS10820,SGL_RS11070,0.116189721974117
SGL_RS00515,SGL_RS09025,0.116039175117319
SGL_RS18290,SGL_RS10110,0.116007135249745
SGL_RS06480,SGL_RS06310,0.11598127364709
SGL_RS01955,SGL_RS00610,0.1159602433913
SGL_RS15805,SGL_RS08410,0.115959234654066
SGL_RS11285,SGL_RS04210,0.115928745516766
SGL_RS00320,SGL_RS18475,0.115919198872322
SGL_RS15210,SGL_RS11675,0.115918016712429
SGL_RS16165,SGL_RS09505,0.115879128303791
SGL_RS16495,SGL_RS15550,0.115835081662264
SGL_RS08835,SGL_RS12195,0.115823680246275
SGL_RS07535,SGL_RS07640,0.115823492303963
SGL_RS12430,SGL_RS02445,0.115779828721932
SGL_RS11985,SGL_RS04560,0.115720099819463
SGL_RS00400,SGL_RS00615,0.115633652659765
SGL_RS15210,SGL_RS08585,0.115554837973232
SGL_RS15805,SGL_RS08790,0.115491328506535
SGL_RS17760,SGL_RS19535,0.115479147273354
SGL_RS01980,SGL_RS17370,0.115384402627729
SGL_RS12430,SGL_RS02725,0.11538360750233
SGL_RS01955,SGL_RS13985,0.115347994763139
SGL_RS10820,SGL_RS05585,0.115310212158109
SGL_RS16495,SGL_RS11765,0.115303765421627
SGL_RS01215,SGL_RS01650,0.115301092867134
SGL_RS15965,SGL_RS00020,0.115270020386811
SGL_RS16495,SGL_RS17940,0.115257781405873
SGL_RS15805,SGL_RS11390,0.115226816240096
SGL_RS00455,SGL_RS01155,0.115169995326818
SGL_RS12005,SGL_RS04355,0.115155627425962
SGL_RS06410,SGL_RS05345,0.115141313324804
SGL_RS00455,SGL_RS01015,0.115057086268284
SGL_RS03065,SGL_RS03260,0.115052754050154
SGL_RS04725,SGL_RS07350,0.115042269647253
SGL_RS10820,SGL_RS06585,0.114933465206848
SGL_RS11985,SGL_RS20190,0.114910917954178
SGL_RS15210,SGL_RS02670,0.11487508808822
SGL_RS12430,SGL_RS11500,0.114851604353147
SGL_RS00400,SGL_RS00480,0.114806099867389
SGL_RS15965,SGL_RS16210,0.114779285156065
SGL_RS17760,SGL_RS16595,0.114767542158329
SGL_RS12540,SGL_RS12750,0.114762712779717
SGL_RS15210,SGL_RS02695,0.114680583192746
SGL_RS03065,SGL_RS02225,0.114606417609495
SGL_RS00320,SGL_RS15185,0.114530566708695
SGL_RS04725,SGL_RS07320,0.114520863655867
SGL_RS15805,SGL_RS13150,0.114485691009672
SGL_RS03065,SGL_RS07730,0.114472965664378
SGL_RS01980,SGL_RS14475,0.11444545858065
SGL_RS06410,SGL_RS04410,0.114443073121766
SGL_RS00455,SGL_RS15730,0.114394206973979
SGL_RS15965,SGL_RS00440,0.114357813295964
SGL_RS12430,SGL_RS15075,0.114342880890484
SGL_RS13130,SGL_RS14290,0.114319938152012
SGL_RS16495,SGL_RS14990,0.114276707010377
SGL_RS15805,SGL_RS04750,0.11425185569137
SGL_RS15210,SGL_RS14355,0.114237995942464
SGL_RS06410,SGL_RS13415,0.114218798676231
SGL_RS17440,SGL_RS06895,0.114128350842123
SGL_RS16495,SGL_RS14670,0.114123322795883
SGL_RS01625,SGL_RS13150,0.114116153577773
SGL_RS12430,SGL_RS06345,0.114113661805163
SGL_RS00400,SGL_RS18485,0.114108872912877
SGL_RS11370,SGL_RS17200,0.114021732272405
SGL_RS17245,SGL_RS17715,0.113980023182685
SGL_RS06480,SGL_RS19915,0.113909443517295
SGL_RS04450,SGL_RS10620,0.113711274245107
SGL_RS00320,SGL_RS11875,0.113691263517147
SGL_RS06480,SGL_RS04660,0.113650200999762
SGL_RS17395,SGL_RS15295,0.113624479492234
SGL_RS12430,SGL_RS10070,0.113603651383092
SGL_RS17245,SGL_RS04995,0.113506782781381
SGL_RS06215,SGL_RS03990,0.113498303608461
SGL_RS06215,SGL_RS13135,0.113394111463032
SGL_RS00400,SGL_RS04155,0.113354476540117
SGL_RS00455,SGL_RS01025,0.11334734339136
SGL_RS01980,SGL_RS04130,0.113340170626773
SGL_RS01625,SGL_RS15460,0.113316651052345
SGL_RS10605,SGL_RS17470,0.113312124723536
SGL_RS00400,SGL_RS00385,0.113310794621655
SGL_RS12595,SGL_RS12290,0.113305212752656
SGL_RS15805,SGL_RS04845,0.113244537067265
SGL_RS04725,SGL_RS11495,0.113241027119002
SGL_RS09285,SGL_RS18160,0.113188526616904
SGL_RS17395,SGL_RS02475,0.113183209353583
SGL_RS01215,SGL_RS01255,0.113112689906574
SGL_RS06340,SGL_RS17125,0.113102912968862
SGL_RS00455,SGL_RS15930,0.11309874913021
SGL_RS09285,SGL_RS15330,0.113054496395282
SGL_RS15210,SGL_RS06210,0.113053094216914
SGL_RS00515,SGL_RS00050,0.113033558003729
SGL_RS12430,SGL_RS02705,0.113011569662749
SGL_RS17760,SGL_RS01370,0.112996706800236
SGL_RS15805,SGL_RS09870,0.112926411166977
SGL_RS15805,SGL_RS13995,0.112919371248474
SGL_RS09285,SGL_RS09640,0.112916453969173
SGL_RS16495,SGL_RS07785,0.112896189827333
SGL_RS08500,SGL_RS08125,0.112841794395756
SGL_RS12430,SGL_RS06550,0.112829683155978
SGL_RS15805,SGL_RS06690,0.112809374447011
SGL_RS15805,SGL_RS05220,0.112790111950604
SGL_RS01980,SGL_RS04280,0.112786851933034
SGL_RS06480,SGL_RS12210,0.11278552948974
SGL_RS08165,SGL_RS20095,0.11277378434472
SGL_RS00320,SGL_RS20055,0.112759170433227
SGL_RS01255,SGL_RS01215,0.112750308765167
SGL_RS02470,SGL_RS06210,0.11273913270862
SGL_RS12430,SGL_RS06545,0.112724822985256
SGL_RS15805,SGL_RS10085,0.112721246476097
SGL_RS09285,SGL_RS13390,0.112670205171989
SGL_RS12430,SGL_RS08175,0.112653199482855
SGL_RS17245,SGL_RS05715,0.112640261678338
SGL_RS14385,SGL_RS07105,0.11253844567957
SGL_RS12430,SGL_RS10995,0.112457660266659
SGL_RS00515,SGL_RS08245,0.112440503649932
SGL_RS06410,SGL_RS08590,0.112375765140585
SGL_RS17395,SGL_RS07775,0.112292188304622
SGL_RS05150,SGL_RS10180,0.112282712547809
SGL_RS00320,SGL_RS09050,0.112225104377292
SGL_RS15805,SGL_RS16620,0.112221131340653
SGL_RS00400,SGL_RS00285,0.112198971068329
SGL_RS10820,SGL_RS10975,0.112142671768773
SGL_RS08835,SGL_RS11930,0.112117663559282
SGL_RS00400,SGL_RS00725,0.112092119436006
SGL_RS00400,SGL_RS00265,0.112064699597562
SGL_RS15245,SGL_RS15250,0.11204492924856
SGL_RS12430,SGL_RS10955,0.112040882330857
SGL_RS15805,SGL_RS09820,0.11197758179812
SGL_RS15805,SGL_RS14465,0.11197530004908
SGL_RS07975,SGL_RS05010,0.11196670559805
SGL_RS03065,SGL_RS06430,0.111962998741966
SGL_RS12430,SGL_RS13560,0.111939195890404
SGL_RS15210,SGL_RS05250,0.111874191042601
SGL_RS00515,SGL_RS19145,0.111855038165269
SGL_RS10820,SGL_RS07100,0.111817873505269
SGL_RS17120,SGL_RS06010,0.111735651729928
SGL_RS01980,SGL_RS17695,0.111730218697245
SGL_RS02510,SGL_RS02515,0.111701868012389
SGL_RS12430,SGL_RS12975,0.111669400781419
SGL_RS13820,SGL_RS13815,0.111666473396126
SGL_RS15210,SGL_RS02690,0.111632631676255
SGL_RS15965,SGL_RS01060,0.111629917649113
SGL_RS04725,SGL_RS15840,0.111583606870265
SGL_RS06215,SGL_RS05845,0.111533951909878
SGL_RS15805,SGL_RS10020,0.111523079536031
SGL_RS12430,SGL_RS16850,0.111438628703928
SGL_RS16080,SGL_RS13075,0.111434765998839
SGL_RS10820,SGL_RS04400,0.111397215526761
SGL_RS06215,SGL_RS18275,0.111358501930606
SGL_RS14610,SGL_RS15055,0.111338621386371
SGL_RS15965,SGL_RS04640,0.111300223213296
SGL_RS12005,SGL_RS10395,0.111289964378829
SGL_RS17760,SGL_RS14805,0.111277166688877
SGL_RS08210,SGL_RS10775,0.111275779843973
SGL_RS17760,SGL_RS02930,0.111272877229244
SGL_RS00515,SGL_RS04500,0.111238943729861
SGL_RS00515,SGL_RS16425,0.111210846776841
SGL_RS00455,SGL_RS09750,0.111204738323389
SGL_RS16080,SGL_RS09905,0.111169732842765
SGL_RS00400,SGL_RS00340,0.111165399081536
SGL_RS02020,SGL_RS02000,0.111164757575498
SGL_RS12430,SGL_RS03460,0.111138535075127
SGL_RS00400,SGL_RS17885,0.111104123582624
SGL_RS08080,SGL_RS08075,0.111056765715794
SGL_RS04725,SGL_RS10805,0.111050439886101
SGL_RS00320,SGL_RS18430,0.111007024097642
SGL_RS16495,SGL_RS04980,0.111000556612404
SGL_RS10605,SGL_RS08630,0.110953221288639
SGL_RS12430,SGL_RS08975,0.1109513589735
SGL_RS12430,SGL_RS03840,0.110921912720199
SGL_RS06410,SGL_RS13205,0.110876112411557
SGL_RS10820,SGL_RS05365,0.110861026182242
SGL_RS04725,SGL_RS14285,0.110852860545892
SGL_RS01980,SGL_RS13570,0.110844229208035
SGL_RS00400,SGL_RS08730,0.110843402738671
SGL_RS06480,SGL_RS12140,0.110714322940801
SGL_RS17760,SGL_RS10065,0.110688414390539
SGL_RS15805,SGL_RS18280,0.110687415266598
SGL_RS08835,SGL_RS05565,0.110681391016562
SGL_RS15805,SGL_RS17630,0.110662308927515
SGL_RS08835,SGL_RS02525,0.110561048713987
SGL_RS00670,SGL_RS00775,0.110525879675734
SGL_RS04055,SGL_RS17095,0.110492740989118
SGL_RS05150,SGL_RS06855,0.110467247867312
SGL_RS03065,SGL_RS06760,0.110451090351529
SGL_RS17395,SGL_RS02300,0.110376761844023
SGL_RS10820,SGL_RS10695,0.11029354964312
SGL_RS12430,SGL_RS11485,0.110248174760578
SGL_RS01980,SGL_RS00435,0.110242044658392
SGL_RS10605,SGL_RS16650,0.110185834829354
SGL_RS16495,SGL_RS04890,0.110157287566844
SGL_RS00075,SGL_RS00635,0.110150661521805
SGL_RS17760,SGL_RS07365,0.110131808493467
SGL_RS00400,SGL_RS00235,0.110101753070336
SGL_RS17395,SGL_RS15220,0.110085052804962
SGL_RS14385,SGL_RS18355,0.1100747359253
SGL_RS17395,SGL_RS16910,0.110058169639268
SGL_RS08835,SGL_RS05525,0.110056507333163
SGL_RS00400,SGL_RS01630,0.110050418629263
SGL_RS04055,SGL_RS05855,0.110022000723995
SGL_RS01980,SGL_RS00335,0.110012063747027
SGL_RS17760,SGL_RS12190,0.110000870782547
SGL_RS18290,SGL_RS12810,0.109967300009035
SGL_RS15805,SGL_RS05620,0.109941878131786
SGL_RS00400,SGL_RS00135,0.10988693125629
SGL_RS12430,SGL_RS03115,0.109864986742384
SGL_RS00515,SGL_RS18320,0.109861966385625
SGL_RS02470,SGL_RS05845,0.109856300361837
SGL_RS15245,SGL_RS12310,0.10984702904905
SGL_RS06410,SGL_RS07945,0.109796094002501
SGL_RS00455,SGL_RS00525,0.109695810959389
SGL_RS10605,SGL_RS08505,0.109667467991112
SGL_RS08210,SGL_RS14060,0.109658307227952
SGL_RS03065,SGL_RS02740,0.109640847371759
SGL_RS01955,SGL_RS00485,0.109604658047914
SGL_RS08835,SGL_RS17845,0.109591663358555
SGL_RS12430,SGL_RS02615,0.109569382070965
SGL_RS10755,SGL_RS20160,0.109566304879803
SGL_RS06410,SGL_RS05925,0.109555270471243
SGL_RS12595,SGL_RS06970,0.109532120770296
SGL_RS06410,SGL_RS04510,0.109514003300901
SGL_RS17395,SGL_RS05950,0.10951174194598
SGL_RS00075,SGL_RS00395,0.109511077100815
SGL_RS15965,SGL_RS00360,0.109473178229745
SGL_RS15210,SGL_RS02885,0.109465543144712
SGL_RS16080,SGL_RS10770,0.10946273519813
SGL_RS12430,SGL_RS13735,0.109460440865918
SGL_RS07730,SGL_RS03895,0.109456985396067
SGL_RS12430,SGL_RS03450,0.10945504410305
SGL_RS05150,SGL_RS06890,0.109451248186043
SGL_RS09285,SGL_RS16610,0.109443937218883
SGL_RS09285,SGL_RS12760,0.109439027903973
SGL_RS04725,SGL_RS17740,0.109438906463196
SGL_RS02990,SGL_RS19945,0.109435332624025
SGL_RS10605,SGL_RS06370,0.10939812033975
SGL_RS14385,SGL_RS05675,0.109382382069794
SGL_RS10820,SGL_RS16270,0.109351345701801
SGL_RS00400,SGL_RS00015,0.109302329835839
SGL_RS16495,SGL_RS09970,0.10928041331609
SGL_RS15210,SGL_RS07390,0.109278164793412
SGL_RS06410,SGL_RS05775,0.109266308204624
SGL_RS17245,SGL_RS10505,0.109259957108652
SGL_RS17760,SGL_RS04680,0.109246667220274
SGL_RS15965,SGL_RS05160,0.109220922977755
SGL_RS15805,SGL_RS16805,0.109179628015004
SGL_RS13130,SGL_RS16905,0.10915030341899
SGL_RS17760,SGL_RS14795,0.109147141373652
SGL_RS17245,SGL_RS08030,0.109103264483499
SGL_RS11370,SGL_RS18020,0.10909809007084
SGL_RS00670,SGL_RS18470,0.109084198250285
SGL_RS17395,SGL_RS06785,0.109072176149209
SGL_RS12430,SGL_RS06540,0.109039465095115
SGL_RS08835,SGL_RS08680,0.108983457332599
SGL_RS15805,SGL_RS16615,0.108944536666736
SGL_RS12595,SGL_RS13900,0.108913137635376
SGL_RS00400,SGL_RS14845,0.10890481421366
SGL_RS10820,SGL_RS00910,0.108880063090936
SGL_RS02020,SGL_RS08955,0.108862137935587
SGL_RS12430,SGL_RS17520,0.108858868785515
SGL_RS08835,SGL_RS09525,0.108858363875002
SGL_RS04450,SGL_RS18890,0.108854087016427
SGL_RS06080,SGL_RS07210,0.10881909271952
SGL_RS08835,SGL_RS15910,0.108798466485906
SGL_RS00320,SGL_RS00900,0.108781803288273
SGL_RS00400,SGL_RS15615,0.108771116369508
SGL_RS12430,SGL_RS07755,0.108700164084136
SGL_RS00320,SGL_RS00040,0.108663151762154
SGL_RS06215,SGL_RS04850,0.108644145105081
SGL_RS15805,SGL_RS05455,0.108620688420343
SGL_RS04055,SGL_RS15375,0.108612524365837
SGL_RS15805,SGL_RS07065,0.108611858751572
SGL_RS11285,SGL_RS14655,0.10859960363363
SGL_RS04820,SGL_RS12845,0.108584536231813
SGL_RS13820,SGL_RS16795,0.108582898839898
SGL_RS12430,SGL_RS04650,0.108573072898222
SGL_RS06410,SGL_RS07405,0.108565005041004
SGL_RS12430,SGL_RS07645,0.108557801665964
SGL_RS02470,SGL_RS05835,0.108543524046887
SGL_RS07730,SGL_RS11395,0.108537781348936
SGL_RS09285,SGL_RS16630,0.108530624104449
SGL_RS06410,SGL_RS11340,0.108477768015239
SGL_RS12430,SGL_RS11605,0.108468529013195
SGL_RS08210,SGL_RS11845,0.108466906469073
SGL_RS01980,SGL_RS00385,0.108463401706951
SGL_RS09285,SGL_RS17420,0.108349680678992
SGL_RS14610,SGL_RS10760,0.108334004336529
SGL_RS00320,SGL_RS08830,0.108293654645195
SGL_RS10605,SGL_RS04260,0.108288507459358
SGL_RS10605,SGL_RS08065,0.108264832645566
SGL_RS06410,SGL_RS04265,0.108257088008656
SGL_RS12430,SGL_RS07170,0.10824171504364
SGL_RS12430,SGL_RS02430,0.108233502019261
SGL_RS17440,SGL_RS11545,0.108219852636293
SGL_RS17760,SGL_RS05020,0.108215075906702
SGL_RS01215,SGL_RS01285,0.108212829846388
SGL_RS01980,SGL_RS00695,0.108200464213309
SGL_RS10820,SGL_RS16395,0.108200426186863
SGL_RS00400,SGL_RS00005,0.108187995196494
SGL_RS06410,SGL_RS15005,0.108173965436255
SGL_RS12430,SGL_RS12450,0.108156845826787
SGL_RS12430,SGL_RS03130,0.108138256864969
SGL_RS10820,SGL_RS19625,0.108099954337092
SGL_RS06215,SGL_RS05940,0.108002752211126
SGL_RS10820,SGL_RS03120,0.107992422881224
SGL_RS08835,SGL_RS19530,0.107899835208927
SGL_RS12595,SGL_RS13880,0.107863501164107
SGL_RS15805,SGL_RS20085,0.107860456433365
SGL_RS06215,SGL_RS07595,0.107842394500737
SGL_RS17395,SGL_RS17455,0.107830603498833
SGL_RS08210,SGL_RS09040,0.107826895687281
SGL_RS07975,SGL_RS17530,0.107805059484817
SGL_RS06410,SGL_RS08585,0.107726748956518
SGL_RS00455,SGL_RS08290,0.107720360037303
SGL_RS15805,SGL_RS12590,0.10770721238232
SGL_RS07740,SGL_RS06475,0.107691067753103
SGL_RS15805,SGL_RS14385,0.107667772109459
SGL_RS11370,SGL_RS02100,0.107654164083888
SGL_RS00320,SGL_RS01830,0.107652509453892
SGL_RS12430,SGL_RS06675,0.107635892337977
SGL_RS16080,SGL_RS19865,0.107629644020883
SGL_RS12430,SGL_RS12400,0.107601555893961
SGL_RS07740,SGL_RS05130,0.107594912124114
SGL_RS12430,SGL_RS07160,0.107587097948111
SGL_RS12430,SGL_RS10220,0.107582929776191
SGL_RS17245,SGL_RS02655,0.107580150634364
SGL_RS13820,SGL_RS13265,0.107567060667332
SGL_RS10605,SGL_RS04765,0.107567024181974
SGL_RS00515,SGL_RS18635,0.107564550856507
SGL_RS15210,SGL_RS08565,0.107552565899293
SGL_RS00320,SGL_RS00595,0.107542131989827
SGL_RS12430,SGL_RS09325,0.107500718041499
SGL_RS16165,SGL_RS04560,0.107474353887074
SGL_RS16495,SGL_RS10290,0.107463368470979
SGL_RS09285,SGL_RS08220,0.107462816692906
SGL_RS12430,SGL_RS13730,0.107446123781178
SGL_RS17760,SGL_RS15860,0.10739093339767
SGL_RS00320,SGL_RS14230,0.107386929118962
SGL_RS08835,SGL_RS11160,0.107382110051759
SGL_RS15210,SGL_RS02700,0.107370415042696
SGL_RS06480,SGL_RS18205,0.107356693630972
SGL_RS00400,SGL_RS00270,0.1073274795361
SGL_RS01215,SGL_RS01355,0.107305968662535
SGL_RS01980,SGL_RS02020,0.107290353074763
SGL_RS15805,SGL_RS07040,0.107278290391727
SGL_RS06410,SGL_RS12125,0.107267334727516
SGL_RS12005,SGL_RS11940,0.107230282277731
SGL_RS00400,SGL_RS04280,0.107218624218069
SGL_RS16495,SGL_RS06820,0.107214408612064
SGL_RS00455,SGL_RS02325,0.107193113328617
SGL_RS15585,SGL_RS19500,0.107181458131324
SGL_RS15965,SGL_RS00365,0.107154264697992
SGL_RS08835,SGL_RS14840,0.107137763360146
SGL_RS00075,SGL_RS17585,0.107131791977799
SGL_RS00455,SGL_RS16410,0.107126334034599
SGL_RS15805,SGL_RS16940,0.107095243622049
SGL_RS09285,SGL_RS15300,0.107084643548602
SGL_RS12595,SGL_RS03175,0.107074233728945
SGL_RS15210,SGL_RS17600,0.10702667523076
SGL_RS12430,SGL_RS18310,0.107026458164297
SGL_RS00400,SGL_RS16225,0.106985714893741
SGL_RS09285,SGL_RS18425,0.106981632292697
SGL_RS17760,SGL_RS06705,0.106980393636006
SGL_RS01955,SGL_RS04220,0.106978143835651
SGL_RS12430,SGL_RS06740,0.106973180423524
SGL_RS00400,SGL_RS16320,0.106973135329567
SGL_RS11370,SGL_RS07900,0.106956052032497
SGL_RS17245,SGL_RS17115,0.106948271898795
SGL_RS15805,SGL_RS08055,0.106902853411786
SGL_RS07740,SGL_RS11215,0.106892314242707
SGL_RS08835,SGL_RS11270,0.106892224639701
SGL_RS00075,SGL_RS02050,0.106877047001199
SGL_RS14385,SGL_RS15640,0.106869574439089
SGL_RS00075,SGL_RS09510,0.106862057231758
SGL_RS01980,SGL_RS02010,0.106814261121687
SGL_RS06410,SGL_RS05540,0.106787931158017
SGL_RS15805,SGL_RS15570,0.106765076593312
SGL_RS15965,SGL_RS07510,0.106758397828507
SGL_RS01980,SGL_RS06065,0.106741753894101
SGL_RS00400,SGL_RS00770,0.106735409362615
SGL_RS09285,SGL_RS15290,0.106703231302973
SGL_RS12430,SGL_RS18120,0.10668593719386
SGL_RS12430,SGL_RS07600,0.106657713009478
SGL_RS12430,SGL_RS16835,0.106643367929546
SGL_RS12430,SGL_RS11780,0.106632880028804
SGL_RS00670,SGL_RS06175,0.106608583319304
SGL_RS06215,SGL_RS18315,0.106512475485398
SGL_RS10820,SGL_RS01535,0.106504461845135
SGL_RS16495,SGL_RS17355,0.106494212312963
SGL_RS17760,SGL_RS16590,0.106484131617862
SGL_RS12430,SGL_RS06070,0.106458812319127
SGL_RS12430,SGL_RS10445,0.106456674730833
SGL_RS10605,SGL_RS09985,0.106447138219351
SGL_RS09285,SGL_RS05140,0.106421119418544
SGL_RS12540,SGL_RS15055,0.106411029859169
SGL_RS04055,SGL_RS12835,0.106360378476617
SGL_RS12595,SGL_RS10155,0.106356311904086
SGL_RS11370,SGL_RS15190,0.106351899753595
SGL_RS08210,SGL_RS09875,0.106330690720087
SGL_RS14385,SGL_RS14250,0.106312419878825
SGL_RS06080,SGL_RS01260,0.106293699730976
SGL_RS06410,SGL_RS02880,0.10628777990511
SGL_RS12430,SGL_RS16440,0.106272728526545
SGL_RS10605,SGL_RS01955,0.106264952708218
SGL_RS15965,SGL_RS15725,0.106262125193047
SGL_RS17760,SGL_RS18235,0.106253697530735
SGL_RS04820,SGL_RS03770,0.106226028673574
SGL_RS17760,SGL_RS11605,0.106211207299714
SGL_RS15805,SGL_RS08755,0.106204614988741
SGL_RS00400,SGL_RS00540,0.106189978166149
SGL_RS17440,SGL_RS14490,0.106181756970103
SGL_RS15805,SGL_RS09775,0.106162311714134
SGL_RS12430,SGL_RS11600,0.106137795067335
SGL_RS15210,SGL_RS05670,0.106136366497876
SGL_RS08500,SGL_RS07125,0.106135020277983
SGL_RS12430,SGL_RS17465,0.106085949007703
SGL_RS02470,SGL_RS10640,0.105977432942702
SGL_RS09285,SGL_RS11220,0.105976243422239
SGL_RS00455,SGL_RS00720,0.105935981201872
SGL_RS17760,SGL_RS09080,0.10593329450969
SGL_RS17760,SGL_RS13235,0.105916082601134
SGL_RS07730,SGL_RS18270,0.105850339395084
SGL_RS00320,SGL_RS10040,0.105849742245926
SGL_RS15805,SGL_RS09320,0.105826209496858
SGL_RS15210,SGL_RS02675,0.105808326573373
SGL_RS07740,SGL_RS03225,0.105791050171513
SGL_RS01980,SGL_RS13810,0.105774575151993
SGL_RS06410,SGL_RS16480,0.105754532083493
SGL_RS00400,SGL_RS00390,0.105743246049611
SGL_RS10820,SGL_RS03335,0.105732642856618
SGL_RS06080,SGL_RS10755,0.105724604976723
SGL_RS02510,SGL_RS04895,0.105693736690768
SGL_RS04055,SGL_RS02900,0.105689601508284
SGL_RS15805,SGL_RS09285,0.105668724663557
SGL_RS16080,SGL_RS19715,0.105649338050377
SGL_RS12005,SGL_RS15195,0.105637794012248
SGL_RS12430,SGL_RS04580,0.105633725741635
SGL_RS06215,SGL_RS05315,0.105584633054545
SGL_RS12595,SGL_RS02455,0.105582689392719
SGL_RS15805,SGL_RS16370,0.105561620909431
SGL_RS11285,SGL_RS10865,0.105559498942894
SGL_RS09285,SGL_RS02450,0.105526934223535
SGL_RS08835,SGL_RS11135,0.105522429153737
SGL_RS01625,SGL_RS08230,0.105510314203763
SGL_RS00455,SGL_RS01600,0.105495746639727
SGL_RS00075,SGL_RS04930,0.105491821927122
SGL_RS06215,SGL_RS04455,0.105487531831819
SGL_RS00515,SGL_RS11725,0.105451910049999
SGL_RS10820,SGL_RS06445,0.105440246064986
SGL_RS08520,SGL_RS17385,0.1054077937823
SGL_RS12430,SGL_RS04015,0.105405804192655
SGL_RS06480,SGL_RS12130,0.105372541986786
SGL_RS12430,SGL_RS13190,0.105366201323084
SGL_RS15805,SGL_RS04075,0.105354270584988
SGL_RS12430,SGL_RS18095,0.105346408891772
SGL_RS08500,SGL_RS16690,0.105341785714009
SGL_RS15805,SGL_RS16875,0.105332972258935
SGL_RS15805,SGL_RS02620,0.105332005627278
SGL_RS13130,SGL_RS11285,0.105327462767792
SGL_RS01980,SGL_RS03645,0.105321712934558
SGL_RS17760,SGL_RS09245,0.105305316843899
SGL_RS06480,SGL_RS13450,0.105297212963239
SGL_RS16495,SGL_RS03720,0.105265365331151
SGL_RS10820,SGL_RS07330,0.105259101557371
SGL_RS04055,SGL_RS18965,0.10522003864947
SGL_RS12430,SGL_RS07140,0.105183614844248
SGL_RS12540,SGL_RS09000,0.105174216001937
SGL_RS15805,SGL_RS16850,0.105167872721775
SGL_RS16495,SGL_RS13615,0.105156215901332
SGL_RS08040,SGL_RS01545,0.105138538870376
SGL_RS17245,SGL_RS12605,0.105063593228263
SGL_RS00320,SGL_RS17350,0.105037483073131
SGL_RS17395,SGL_RS11840,0.105022785247442
SGL_RS15965,SGL_RS07370,0.105020691467397
SGL_RS13820,SGL_RS15810,0.104993040405547
SGL_RS03065,SGL_RS12610,0.104986767060139
SGL_RS17395,SGL_RS07825,0.104986658140647
SGL_RS18290,SGL_RS13490,0.104986404681455
SGL_RS12430,SGL_RS09375,0.104969411776374
SGL_RS16165,SGL_RS16135,0.104969346970144
SGL_RS05150,SGL_RS15195,0.104924829743147
SGL_RS06215,SGL_RS07590,0.104912398723822
SGL_RS12005,SGL_RS04660,0.104884225521438
SGL_RS10820,SGL_RS13590,0.104872134656839
SGL_RS04615,SGL_RS05645,0.104872096444434
SGL_RS12430,SGL_RS16600,0.104862379211265
SGL_RS10820,SGL_RS05515,0.104858641162314
SGL_RS17245,SGL_RS05300,0.104836485599559
SGL_RS01625,SGL_RS09870,0.104807964282178
SGL_RS15805,SGL_RS15775,0.104777531195472
SGL_RS01980,SGL_RS04150,0.104751458530858
SGL_RS00455,SGL_RS00925,0.104745489959912
SGL_RS12430,SGL_RS15390,0.104738718748923
SGL_RS17245,SGL_RS10800,0.104730151358578
SGL_RS17760,SGL_RS09780,0.104705173775252
SGL_RS14385,SGL_RS10615,0.104702282119191
SGL_RS04725,SGL_RS02875,0.104697232985313
SGL_RS17395,SGL_RS17620,0.104690016400866
SGL_RS08835,SGL_RS04920,0.104689306311504
SGL_RS17120,SGL_RS10200,0.104663555502418
SGL_RS00400,SGL_RS19370,0.104637509107504
SGL_RS04725,SGL_RS04250,0.104636311243573
SGL_RS12430,SGL_RS07790,0.104618821756398
SGL_RS15210,SGL_RS08590,0.104611615210776
SGL_RS12430,SGL_RS04725,0.104610273204792
SGL_RS15245,SGL_RS18805,0.104560943525309
SGL_RS15805,SGL_RS16890,0.10455918341447
SGL_RS12430,SGL_RS06105,0.1045383039384
SGL_RS08835,SGL_RS16770,0.104525909994312
SGL_RS17760,SGL_RS17995,0.104496878110751
SGL_RS15805,SGL_RS12940,0.10447484810136
SGL_RS06410,SGL_RS20030,0.104460593514238
SGL_RS16165,SGL_RS00465,0.104455901186267
SGL_RS01955,SGL_RS16465,0.104436178638075
SGL_RS00320,SGL_RS08690,0.10443351695084
SGL_RS14385,SGL_RS10670,0.104426504399386
SGL_RS14610,SGL_RS07700,0.104405982974865
SGL_RS10820,SGL_RS04855,0.104403747870963
SGL_RS06410,SGL_RS01140,0.10439212557506
SGL_RS17395,SGL_RS02480,0.104370032239848
SGL_RS08835,SGL_RS15465,0.104362140539467
SGL_RS15805,SGL_RS11385,0.104359750906036
SGL_RS12005,SGL_RS13205,0.104347155206593
SGL_RS01215,SGL_RS01315,0.104331953841497
SGL_RS07740,SGL_RS07555,0.104325431749708
SGL_RS08165,SGL_RS07525,0.104297462742917
SGL_RS17440,SGL_RS06720,0.104294103299284
SGL_RS15210,SGL_RS07405,0.104263654413881
SGL_RS10605,SGL_RS08445,0.104261296640214
SGL_RS02990,SGL_RS09350,0.104260781423803
SGL_RS17760,SGL_RS05560,0.104257291517803
SGL_RS12005,SGL_RS17820,0.104245871805098
SGL_RS14385,SGL_RS03105,0.104223901303424
SGL_RS17395,SGL_RS13850,0.104222405597076
SGL_RS12005,SGL_RS14455,0.104214820884459
SGL_RS10820,SGL_RS15210,0.104177156028712
SGL_RS10605,SGL_RS02530,0.1041766000608
SGL_RS10605,SGL_RS16620,0.104173959184325
SGL_RS08210,SGL_RS08640,0.104162572745147
SGL_RS15805,SGL_RS15235,0.104151527004668
SGL_RS10820,SGL_RS17645,0.10413312851643
SGL_RS12430,SGL_RS12465,0.1041050689756
SGL_RS08500,SGL_RS14390,0.104085459122059
SGL_RS15805,SGL_RS18200,0.104072179168644
SGL_RS18290,SGL_RS17850,0.104067846824975
SGL_RS04725,SGL_RS16295,0.104062420152544
SGL_RS00400,SGL_RS01320,0.104054973743086
SGL_RS16080,SGL_RS00100,0.104054787670591
SGL_RS17760,SGL_RS16390,0.104052283005339
SGL_RS17760,SGL_RS16770,0.104047872739723
SGL_RS12430,SGL_RS12345,0.104003969780157
SGL_RS10820,SGL_RS08675,0.103994904361114
SGL_RS12430,SGL_RS02330,0.103989521698396
SGL_RS06340,SGL_RS10240,0.103972749340557
SGL_RS15805,SGL_RS06215,0.103960178875794
SGL_RS04725,SGL_RS04915,0.103943962794591
SGL_RS10820,SGL_RS02845,0.103930236736676
SGL_RS01980,SGL_RS03675,0.103897527307216
SGL_RS12430,SGL_RS13885,0.103896375526345
SGL_RS12430,SGL_RS16915,0.103841523328122
SGL_RS10820,SGL_RS15665,0.10383687619223
SGL_RS15805,SGL_RS15785,0.103806168386451
SGL_RS09285,SGL_RS11080,0.103794544348381
SGL_RS16080,SGL_RS19855,0.103787739987791
SGL_RS17395,SGL_RS12770,0.103769046765012
SGL_RS10820,SGL_RS05310,0.103767135835082
SGL_RS15965,SGL_RS11250,0.10374056763916
SGL_RS13130,SGL_RS01915,0.103734561172364
SGL_RS15805,SGL_RS13445,0.103707189581673
SGL_RS02470,SGL_RS04320,0.103697940656107
SGL_RS11370,SGL_RS13385,0.103691472976306
SGL_RS16495,SGL_RS03165,0.103689854763571
SGL_RS09285,SGL_RS08920,0.103678289335739
SGL_RS04450,SGL_RS08430,0.103673289962978
SGL_RS00400,SGL_RS01690,0.103672807935376
SGL_RS00455,SGL_RS03595,0.103649256802601
SGL_RS18290,SGL_RS15575,0.103647576104669
SGL_RS12430,SGL_RS08765,0.103625265564216
SGL_RS17440,SGL_RS02175,0.103624182386586
SGL_RS06215,SGL_RS16665,0.103615905992469
SGL_RS09285,SGL_RS05870,0.103603499686829
SGL_RS00670,SGL_RS01840,0.103559823286736
SGL_RS01980,SGL_RS07440,0.103557033125661
SGL_RS08500,SGL_RS10995,0.103533456636078
SGL_RS17245,SGL_RS13100,0.103515248314555
SGL_RS04055,SGL_RS18725,0.103503599808145
SGL_RS16165,SGL_RS01410,0.103464355319124
SGL_RS17760,SGL_RS05520,0.103456507692162
SGL_RS03065,SGL_RS15355,0.103444693982042
SGL_RS08210,SGL_RS15345,0.103444342868372
SGL_RS12430,SGL_RS11610,0.103432832993022
SGL_RS03065,SGL_RS02665,0.10340649709389
SGL_RS15805,SGL_RS10605,0.103399463071428
SGL_RS16495,SGL_RS02370,0.103381975046912
SGL_RS15805,SGL_RS15530,0.103379864772489
SGL_RS00400,SGL_RS19675,0.103364901410904
SGL_RS00515,SGL_RS07115,0.103364563450154
SGL_RS02990,SGL_RS09330,0.103325617787373
SGL_RS12595,SGL_RS10575,0.103324524157849
SGL_RS09285,SGL_RS11090,0.103324087403445
SGL_RS00400,SGL_RS03620,0.103304645578181
SGL_RS10820,SGL_RS10685,0.103302937198678
SGL_RS01255,SGL_RS01290,0.10329888660692
SGL_RS01980,SGL_RS01975,0.103293012895379
SGL_RS01955,SGL_RS18245,0.103290688307636
SGL_RS17760,SGL_RS19540,0.103257226884509
SGL_RS17760,SGL_RS08270,0.103250377233735
SGL_RS15965,SGL_RS14365,0.103245915461466
SGL_RS12430,SGL_RS07055,0.103199494039439
SGL_RS04725,SGL_RS05080,0.103172784145288
SGL_RS12430,SGL_RS02665,0.103167881107932
SGL_RS18290,SGL_RS08025,0.103166841645601
SGL_RS17760,SGL_RS00745,0.103155041340263
SGL_RS08080,SGL_RS15370,0.103154895804956
SGL_RS15805,SGL_RS15870,0.1031361451092
SGL_RS02990,SGL_RS15170,0.103131504742123
SGL_RS16165,SGL_RS11180,0.103125798005582
SGL_RS04725,SGL_RS09075,0.103117893452826
SGL_RS17395,SGL_RS09350,0.10310424783217
SGL_RS01980,SGL_RS12630,0.103102569313502
SGL_RS04450,SGL_RS15190,0.103099514115978
SGL_RS04055,SGL_RS12470,0.103099172874159
SGL_RS14385,SGL_RS04455,0.103096585685182
SGL_RS04055,SGL_RS14885,0.103096127836065
SGL_RS00400,SGL_RS03040,0.103094798534954
SGL_RS15805,SGL_RS05440,0.103084284674046
SGL_RS14385,SGL_RS16645,0.103084072743618
SGL_RS15805,SGL_RS19970,0.103053043749765
SGL_RS06340,SGL_RS17390,0.103037312344148
SGL_RS06215,SGL_RS11525,0.103000964335193
SGL_RS12430,SGL_RS07845,0.10299947829232
SGL_RS02990,SGL_RS03800,0.102985559249977
SGL_RS06215,SGL_RS19460,0.102956686778973
SGL_RS15210,SGL_RS02890,0.102951664718657
SGL_RS12430,SGL_RS17670,0.102931775490323
SGL_RS12540,SGL_RS12920,0.102919958427852
SGL_RS00075,SGL_RS00385,0.10291953905382
SGL_RS12430,SGL_RS18235,0.102910745084297
SGL_RS08835,SGL_RS14835,0.102885092900175
SGL_RS17760,SGL_RS00915,0.102872981737469
SGL_RS17245,SGL_RS04115,0.102843369171102
SGL_RS09285,SGL_RS07645,0.102815547344713
SGL_RS05150,SGL_RS15650,0.102803785605804
SGL_RS15585,SGL_RS14200,0.102789385721504
SGL_RS08500,SGL_RS08670,0.102789145716101
SGL_RS16495,SGL_RS02085,0.102787435021118
SGL_RS11285,SGL_RS07300,0.102781634752447
SGL_RS15805,SGL_RS11650,0.102778421232759
SGL_RS06340,SGL_RS06620,0.102749097798264
SGL_RS08210,SGL_RS07200,0.102744242153261
SGL_RS15805,SGL_RS07250,0.102734292975628
SGL_RS11285,SGL_RS03435,0.102731945764102
SGL_RS15805,SGL_RS10610,0.102730518823346
SGL_RS00075,SGL_RS13595,0.102724025989173
SGL_RS04055,SGL_RS16970,0.102719159313766
SGL_RS00075,SGL_RS09570,0.102704896751868
SGL_RS12430,SGL_RS02780,0.102703215071721
SGL_RS04055,SGL_RS19620,0.102702834623456
SGL_RS15310,SGL_RS07700,0.102691097768901
SGL_RS12430,SGL_RS06430,0.102682530845337
SGL_RS12430,SGL_RS11650,0.102664206784742
SGL_RS16165,SGL_RS01735,0.102648457804004
SGL_RS12595,SGL_RS12585,0.102648290168851
SGL_RS12430,SGL_RS04460,0.102636111226995
SGL_RS00515,SGL_RS04770,0.102635254330693
SGL_RS05150,SGL_RS06815,0.102611131843864
SGL_RS13820,SGL_RS16745,0.102592216451759
SGL_RS12430,SGL_RS07250,0.102582457004054
SGL_RS15965,SGL_RS16180,0.102576455593218
SGL_RS00455,SGL_RS01095,0.102568503465699
SGL_RS00400,SGL_RS10045,0.102565172490907
SGL_RS17440,SGL_RS10335,0.102563072168542
SGL_RS09285,SGL_RS04845,0.102552207410769
SGL_RS00455,SGL_RS00900,0.102544167168419
SGL_RS04055,SGL_RS15220,0.102543157864905
SGL_RS13820,SGL_RS07485,0.102534316072543
SGL_RS11985,SGL_RS00240,0.102491436087256
SGL_RS06215,SGL_RS10500,0.102460946971317
SGL_RS04450,SGL_RS05660,0.102452662030506
SGL_RS00075,SGL_RS00475,0.102448275801722
SGL_RS04055,SGL_RS10260,0.102440849069783
SGL_RS06340,SGL_RS13115,0.102425364805419
SGL_RS03065,SGL_RS03145,0.10239692172247
SGL_RS17760,SGL_RS05550,0.102382605194483
SGL_RS13130,SGL_RS03160,0.102376019859623
SGL_RS15965,SGL_RS01135,0.102333502608854
SGL_RS04725,SGL_RS07880,0.102318405906104
SGL_RS13820,SGL_RS17900,0.102313275177288
SGL_RS00400,SGL_RS00080,0.102304141264095
SGL_RS12430,SGL_RS01920,0.1022897891048
SGL_RS12430,SGL_RS13465,0.102224925460651
SGL_RS17395,SGL_RS13970,0.102204760676708
SGL_RS15805,SGL_RS02285,0.102198170117284
SGL_RS12430,SGL_RS04085,0.102185813313572
SGL_RS00515,SGL_RS17940,0.102156409047641
SGL_RS06480,SGL_RS12225,0.102144628190171
SGL_RS15965,SGL_RS04925,0.102143166768892
SGL_RS10605,SGL_RS13580,0.102139479187525
SGL_RS06080,SGL_RS16240,0.102131686679617
SGL_RS15210,SGL_RS07410,0.102125793420789
SGL_RS17760,SGL_RS15125,0.102121310585841
SGL_RS10605,SGL_RS07895,0.102113431533384
SGL_RS13820,SGL_RS11600,0.102106859207941
SGL_RS09285,SGL_RS17230,0.102091936843345
SGL_RS12595,SGL_RS09775,0.102071404348478
SGL_RS17760,SGL_RS08850,0.102063086446459
SGL_RS00515,SGL_RS09970,0.102054021805626
SGL_RS17395,SGL_RS10625,0.102053436353762
SGL_RS12430,SGL_RS03395,0.10204160048949
SGL_RS01955,SGL_RS02025,0.102039553201257
SGL_RS00400,SGL_RS01715,0.102039025302069
SGL_RS09285,SGL_RS06260,0.102028409267381
SGL_RS17760,SGL_RS16395,0.10200909021508
SGL_RS15245,SGL_RS11505,0.101997191081801
SGL_RS00320,SGL_RS02605,0.101995913322412
SGL_RS10820,SGL_RS13040,0.101991538131874
SGL_RS06215,SGL_RS13035,0.101989614817964
SGL_RS12430,SGL_RS08735,0.101986430186009
SGL_RS14610,SGL_RS08815,0.101983617323385
SGL_RS01980,SGL_RS00080,0.101979684468135
SGL_RS06215,SGL_RS15595,0.101965009372029
SGL_RS15805,SGL_RS04685,0.101949197646209
SGL_RS12430,SGL_RS02315,0.101941219198196
SGL_RS06480,SGL_RS12105,0.10191362911859
SGL_RS08835,SGL_RS17775,0.101909283798813
SGL_RS12430,SGL_RS12525,0.101907601553761
SGL_RS00400,SGL_RS17750,0.101898964654097
SGL_RS00455,SGL_RS08295,0.101894614915445
SGL_RS12430,SGL_RS14090,0.101846713212774
SGL_RS00455,SGL_RS00995,0.10184306835635
SGL_RS04055,SGL_RS10480,0.101836136080291
SGL_RS09285,SGL_RS14870,0.101822797481071
SGL_RS08835,SGL_RS10790,0.101821547590146
SGL_RS11370,SGL_RS08745,0.101807181797029
SGL_RS08210,SGL_RS02565,0.101807107738692
SGL_RS12430,SGL_RS01905,0.101792290003524
SGL_RS11285,SGL_RS04860,0.101791453232949
SGL_RS00455,SGL_RS00990,0.101761660425841
SGL_RS17245,SGL_RS11920,0.101759299657659
SGL_RS00320,SGL_RS20180,0.101752190083446
SGL_RS00320,SGL_RS03700,0.101742095243071
SGL_RS12430,SGL_RS08740,0.101734119591424
SGL_RS08500,SGL_RS10910,0.101732382270378
SGL_RS15805,SGL_RS06020,0.101729357216147
SGL_RS10820,SGL_RS04020,0.101720649578646
SGL_RS18290,SGL_RS17195,0.101720044939288
SGL_RS12540,SGL_RS08090,0.101701017572674
SGL_RS08835,SGL_RS04140,0.101686486033671
SGL_RS00670,SGL_RS00735,0.101676611050868
SGL_RS07730,SGL_RS19470,0.101660914474861
SGL_RS17395,SGL_RS13370,0.101658268392627
SGL_RS06480,SGL_RS17655,0.101652575827628
SGL_RS09285,SGL_RS05955,0.101641501422896
SGL_RS16495,SGL_RS02130,0.101640762627418
SGL_RS15805,SGL_RS04370,0.101638666328906
SGL_RS12595,SGL_RS06605,0.101628530061553
SGL_RS17395,SGL_RS11025,0.10161746093935
SGL_RS15965,SGL_RS04230,0.101614659088778
SGL_RS08210,SGL_RS11795,0.10160915704607
SGL_RS00320,SGL_RS09840,0.101601011324307
SGL_RS10605,SGL_RS04315,0.101594333035037
SGL_RS15210,SGL_RS05520,0.101592610056667
SGL_RS03065,SGL_RS13905,0.1015888317276
SGL_RS00320,SGL_RS03915,0.101588319389542
SGL_RS10820,SGL_RS16990,0.101580843046497
SGL_RS00320,SGL_RS07095,0.101570651152842
SGL_RS02020,SGL_RS02005,0.10155563094561
SGL_RS06215,SGL_RS05710,0.101554149064178
SGL_RS15965,SGL_RS08805,0.101529965074163
SGL_RS02020,SGL_RS01940,0.101517647601507
SGL_RS09285,SGL_RS12065,0.10150315955331
SGL_RS08500,SGL_RS06105,0.101501099287189
SGL_RS08500,SGL_RS16550,0.101485224239077
SGL_RS00400,SGL_RS05530,0.10147530764512
SGL_RS16495,SGL_RS07115,0.101462798512965
SGL_RS11285,SGL_RS02850,0.101450197420765
SGL_RS07730,SGL_RS04885,0.101448116653659
SGL_RS12430,SGL_RS07350,0.101436068753915
SGL_RS15965,SGL_RS15675,0.10142512202358
SGL_RS04725,SGL_RS13990,0.101403304168666
SGL_RS15210,SGL_RS01800,0.101399699102632
SGL_RS12595,SGL_RS03390,0.101399656205935
SGL_RS16495,SGL_RS07500,0.101387453762839
SGL_RS17760,SGL_RS17675,0.101381884517034
SGL_RS10605,SGL_RS04595,0.101373531139036
SGL_RS14385,SGL_RS17630,0.101373487735318
SGL_RS00320,SGL_RS07275,0.10137051218658
SGL_RS15805,SGL_RS03495,0.101356945128833
SGL_RS17760,SGL_RS06845,0.10134399263001
SGL_RS12430,SGL_RS04620,0.101333503761355
SGL_RS05150,SGL_RS04160,0.101326916059991
SGL_RS03065,SGL_RS11610,0.101319776208137
SGL_RS00400,SGL_RS00635,0.101278394406307
SGL_RS00515,SGL_RS04235,0.10126073385007
SGL_RS01980,SGL_RS00975,0.101248637788582
SGL_RS15965,SGL_RS12160,0.101206216526259
SGL_RS10605,SGL_RS16850,0.10120597536852
SGL_RS14610,SGL_RS03955,0.101180425743082
SGL_RS17760,SGL_RS09555,0.101175076545433
SGL_RS17395,SGL_RS06525,0.101171126102514
SGL_RS15210,SGL_RS07545,0.101165622266169
SGL_RS02990,SGL_RS17395,0.101144540691374
SGL_RS01255,SGL_RS00950,0.101122723853631
SGL_RS15965,SGL_RS01820,0.101118404315642
SGL_RS01980,SGL_RS02140,0.101102768097532
SGL_RS18290,SGL_RS17835,0.10110153217568
SGL_RS16495,SGL_RS02815,0.101101381372942
SGL_RS10605,SGL_RS13230,0.10109538923645
SGL_RS08500,SGL_RS05980,0.10108000482218
SGL_RS12430,SGL_RS18240,0.101079442805229
SGL_RS12430,SGL_RS02790,0.101060771725674
SGL_RS12430,SGL_RS08980,0.101051181400619
SGL_RS09285,SGL_RS14210,0.101043157543642
SGL_RS02470,SGL_RS10500,0.101037317560841
SGL_RS09285,SGL_RS06035,0.101030340959438
SGL_RS02020,SGL_RS00430,0.100997689595938
SGL_RS07730,SGL_RS17905,0.100996011452805
SGL_RS07975,SGL_RS05015,0.100995867921657
SGL_RS00455,SGL_RS01710,0.100980132998748
SGL_RS01980,SGL_RS01845,0.100972274555238
SGL_RS17395,SGL_RS09635,0.100960965617666
SGL_RS07740,SGL_RS06050,0.100956152116275
SGL_RS15805,SGL_RS17495,0.10095045261831
SGL_RS00400,SGL_RS01840,0.100938951135383
SGL_RS15210,SGL_RS08580,0.100937510218926
SGL_RS17760,SGL_RS07435,0.100933642478426
SGL_RS12430,SGL_RS09320,0.100924753826188
SGL_RS15805,SGL_RS19495,0.100908821205995
SGL_RS04450,SGL_RS18185,0.10089455944372
SGL_RS07535,SGL_RS07650,0.100875998555638
SGL_RS18290,SGL_RS12235,0.100833434066484
SGL_RS00455,SGL_RS00975,0.100828105701463
SGL_RS06080,SGL_RS03525,0.100783334774743
SGL_RS15210,SGL_RS07395,0.100771189627268
SGL_RS12430,SGL_RS08570,0.10076766846239
SGL_RS00075,SGL_RS17785,0.100757194480319
SGL_RS00515,SGL_RS03565,0.100756500703112
SGL_RS04615,SGL_RS03505,0.100738322346487
SGL_RS09285,SGL_RS10145,0.100736056718105
SGL_RS04055,SGL_RS12335,0.10071480321066
SGL_RS04055,SGL_RS08240,0.100713893858603
SGL_RS15805,SGL_RS06425,0.100704885090052
SGL_RS00515,SGL_RS03720,0.100691721201979
SGL_RS12430,SGL_RS08780,0.100673113455156
SGL_RS10605,SGL_RS03310,0.100654394294475
SGL_RS15210,SGL_RS04405,0.100647234876418
SGL_RS15805,SGL_RS11490,0.100646242860005
SGL_RS10605,SGL_RS19715,0.100642731427819
SGL_RS04450,SGL_RS02555,0.100635456348685
SGL_RS00670,SGL_RS05205,0.100634061138745
SGL_RS04055,SGL_RS19765,0.100626258440964
SGL_RS06215,SGL_RS12000,0.100621646346488
SGL_RS06215,SGL_RS02590,0.100614494054127
SGL_RS16165,SGL_RS15945,0.100614318665948
SGL_RS05150,SGL_RS09755,0.1006017933046
SGL_RS15245,SGL_RS13855,0.100595825962592
SGL_RS12595,SGL_RS13885,0.100593080416389
SGL_RS04450,SGL_RS03760,0.10056585556346
SGL_RS17760,SGL_RS10250,0.100565178272412
SGL_RS00400,SGL_RS09580,0.100515853479807
SGL_RS15965,SGL_RS12085,0.100489880487544
SGL_RS00400,SGL_RS15965,0.100484322915759
SGL_RS10820,SGL_RS02195,0.100482053698345
SGL_RS09285,SGL_RS06765,0.100473806952252
SGL_RS08210,SGL_RS07815,0.100437997407062
SGL_RS15210,SGL_RS09490,0.100426899681487
SGL_RS10820,SGL_RS03330,0.100418885515733
SGL_RS04725,SGL_RS15655,0.100410126370588
SGL_RS12430,SGL_RS13165,0.100406017297327
SGL_RS00400,SGL_RS03640,0.100400455939843
SGL_RS02020,SGL_RS18340,0.10039718990294
SGL_RS01980,SGL_RS07450,0.10038085288143
SGL_RS00455,SGL_RS08305,0.100363862009612
SGL_RS10820,SGL_RS16950,0.100351446963055
SGL_RS12430,SGL_RS10340,0.100341050832286
SGL_RS00400,SGL_RS19735,0.100332817587515
SGL_RS16165,SGL_RS16140,0.10032182561128
SGL_RS12430,SGL_RS07310,0.10032104299431
SGL_RS10820,SGL_RS08270,0.10030473673749
SGL_RS04450,SGL_RS07995,0.100297750519205
SGL_RS15805,SGL_RS15070,0.10028970622289
SGL_RS15245,SGL_RS16030,0.100287677914224
SGL_RS15965,SGL_RS17950,0.100267532381047
SGL_RS11370,SGL_RS12205,0.100254258258919
SGL_RS10605,SGL_RS05600,0.100246407869775
SGL_RS12430,SGL_RS13180,0.100243615326348
SGL_RS12430,SGL_RS12165,0.100243543501417
SGL_RS15805,SGL_RS12345,0.100230142964629
SGL_RS16165,SGL_RS15995,0.100221629279313
SGL_RS00400,SGL_RS06180,0.100199949652378
SGL_RS15210,SGL_RS15900,0.100184113244582
SGL_RS15805,SGL_RS14570,0.100176403926583
SGL_RS01255,SGL_RS00980,0.10017563204058
SGL_RS12005,SGL_RS13215,0.100166597511642
SGL_RS06410,SGL_RS13450,0.100161226504404
SGL_RS12005,SGL_RS12160,0.100136950375515
SGL_RS15210,SGL_RS04095,0.100121073576919
SGL_RS02020,SGL_RS01970,0.100085295179707
SGL_RS12430,SGL_RS14660,0.100081860297597
SGL_RS12430,SGL_RS04250,0.10007720613782
SGL_RS17395,SGL_RS02990,0.100070138877672
SGL_RS07535,SGL_RS15275,0.100062199950717
SGL_RS12430,SGL_RS11490,0.100051947200846
SGL_RS04820,SGL_RS08895,0.100043849526171
SGL_RS06215,SGL_RS03245,0.100026439450731
SGL_RS00400,SGL_RS01090,0.100002511048216
SGL_RS10605,SGL_RS17515,0.0999884108408019
SGL_RS12595,SGL_RS14665,0.0999819681660142
SGL_RS10820,SGL_RS13240,0.0999746424884511
SGL_RS01625,SGL_RS12285,0.0999709969232425
SGL_RS15805,SGL_RS07195,0.0999685102626586
SGL_RS12430,SGL_RS02405,0.0999582244890345
SGL_RS11370,SGL_RS13785,0.0999359315600937
SGL_RS17760,SGL_RS14155,0.0999037412858918
SGL_RS17760,SGL_RS15910,0.0998942214037868
SGL_RS04450,SGL_RS05895,0.0998599742821244
SGL_RS12005,SGL_RS05230,0.0998565856032268
SGL_RS10820,SGL_RS11735,0.0998518109416667
SGL_RS15245,SGL_RS07725,0.0998356999932835
SGL_RS12005,SGL_RS12070,0.0998323384969339
SGL_RS17245,SGL_RS13555,0.0998320977326014
SGL_RS04055,SGL_RS19085,0.0998099051104163
SGL_RS15805,SGL_RS10795,0.099801066987603
SGL_RS08500,SGL_RS17440,0.0997963767584936
SGL_RS15965,SGL_RS09535,0.0997929480954961
SGL_RS04450,SGL_RS15430,0.0997867431835823
SGL_RS00400,SGL_RS01865,0.0997520630516041
SGL_RS02470,SGL_RS05830,0.0997501199821735
SGL_RS17440,SGL_RS10520,0.0997431696779175
SGL_RS01215,SGL_RS01680,0.0997356451541629
SGL_RS15965,SGL_RS02950,0.0997142619352414
SGL_RS12430,SGL_RS05560,0.0997116583294807
SGL_RS16495,SGL_RS07720,0.0996960109497032
SGL_RS00400,SGL_RS01815,0.0996815802983914
SGL_RS04450,SGL_RS10940,0.099675440931979
SGL_RS10820,SGL_RS07950,0.0996720713180326
SGL_RS01980,SGL_RS07935,0.0996607298299906
SGL_RS00515,SGL_RS06930,0.0996585345266311
SGL_RS00400,SGL_RS00115,0.0996456653026211
SGL_RS08500,SGL_RS10665,0.0996419693637775
SGL_RS12005,SGL_RS03865,0.0996376739906637
SGL_RS10820,SGL_RS08850,0.0996369951411198
SGL_RS06080,SGL_RS14005,0.0996107442629627
SGL_RS07975,SGL_RS07430,0.0996084656586586
SGL_RS03065,SGL_RS08465,0.0996028421631939
SGL_RS05150,SGL_RS15140,0.0995893029706974
SGL_RS00455,SGL_RS16195,0.0995798777803433
SGL_RS15245,SGL_RS04990,0.0995727178154505
SGL_RS00670,SGL_RS00105,0.099563142169375
SGL_RS11835,SGL_RS02380,0.099543566941414
SGL_RS07740,SGL_RS17545,0.0995411656798952
SGL_RS07730,SGL_RS09625,0.0995284900415746
SGL_RS08845,SGL_RS05350,0.0995196555337705
SGL_RS00400,SGL_RS01645,0.099518321893854
SGL_RS12540,SGL_RS04110,0.099512846917687
SGL_RS17395,SGL_RS02280,0.0995045208961231
SGL_RS10820,SGL_RS18375,0.0994868780504139
SGL_RS12430,SGL_RS10650,0.0994846383628519
SGL_RS01980,SGL_RS03615,0.0994842687752516
SGL_RS14540,SGL_RS13730,0.0994759702251157
SGL_RS04055,SGL_RS07570,0.0994726033540685
SGL_RS17760,SGL_RS11135,0.0994671065151318
SGL_RS00400,SGL_RS02950,0.099466844363574
SGL_RS17120,SGL_RS06015,0.0994593109596506
SGL_RS09285,SGL_RS10985,0.0994562125100304
SGL_RS14540,SGL_RS02705,0.0994544028377921
SGL_RS10755,SGL_RS20150,0.0994478389552858
SGL_RS16495,SGL_RS15885,0.0994474497650678
SGL_RS04615,SGL_RS07205,0.0994123303383092
SGL_RS15805,SGL_RS09290,0.0994027957414891
SGL_RS15210,SGL_RS06780,0.0994027599955248
SGL_RS15210,SGL_RS09705,0.0993854159893676
SGL_RS10605,SGL_RS11335,0.0993650923374689
SGL_RS00320,SGL_RS17210,0.099357891123182
SGL_RS11370,SGL_RS04200,0.099354957535096
SGL_RS15805,SGL_RS13705,0.0993541963608263
SGL_RS13130,SGL_RS13765,0.0993267894295237
SGL_RS14385,SGL_RS19955,0.0993136952412223
SGL_RS08835,SGL_RS11590,0.0993046353857568
SGL_RS14385,SGL_RS18050,0.0992969789031287
SGL_RS00320,SGL_RS00470,0.0992931577161361
SGL_RS09285,SGL_RS06640,0.0992893176462769
SGL_RS01625,SGL_RS13895,0.0992674558570871
SGL_RS15210,SGL_RS06410,0.0992614776672242
SGL_RS15805,SGL_RS15790,0.0992599178826435
SGL_RS04055,SGL_RS00170,0.099258791389028
SGL_RS15965,SGL_RS00270,0.0992398024436259
SGL_RS16165,SGL_RS19355,0.0992387195328952
SGL_RS15965,SGL_RS08325,0.0992340658261287
SGL_RS17440,SGL_RS02815,0.0992191216773413
SGL_RS00515,SGL_RS00565,0.0992077373321708
SGL_RS03065,SGL_RS07890,0.099206437517078
SGL_RS15805,SGL_RS06765,0.0991992181323403
SGL_RS12430,SGL_RS18300,0.0991503171739424
SGL_RS08500,SGL_RS15135,0.0991332890908745
SGL_RS15805,SGL_RS15565,0.099129065687512
SGL_RS00075,SGL_RS00695,0.0991281554188384
SGL_RS06410,SGL_RS14355,0.0991236054731273
SGL_RS03065,SGL_RS18030,0.0991139899590103
SGL_RS10820,SGL_RS15900,0.0991052490014949
SGL_RS01955,SGL_RS02385,0.0991036993304141
SGL_RS08210,SGL_RS10270,0.0991009150192448
SGL_RS04450,SGL_RS12765,0.0990893045015801
SGL_RS14385,SGL_RS10605,0.09908713835474
SGL_RS00320,SGL_RS00375,0.099071484375615
SGL_RS11985,SGL_RS07460,0.0990623147952173
SGL_RS15965,SGL_RS13585,0.0990605390287347
SGL_RS04055,SGL_RS04505,0.0990369384454277
SGL_RS10820,SGL_RS14370,0.0990362042684137
SGL_RS15805,SGL_RS08505,0.0990263250696289
SGL_RS06410,SGL_RS02690,0.0990227226114581
SGL_RS17395,SGL_RS17125,0.099013426563217
SGL_RS15210,SGL_RS05240,0.0990064434298034
SGL_RS06410,SGL_RS02435,0.0989927394778406
SGL_RS17395,SGL_RS13100,0.0989828970108008
SGL_RS17395,SGL_RS13120,0.0989708778838447
SGL_RS15805,SGL_RS10145,0.0989680736630748
SGL_RS10820,SGL_RS09950,0.0989660082930396
SGL_RS06410,SGL_RS03350,0.0989585774200115
SGL_RS10820,SGL_RS11885,0.0989437974594281
SGL_RS06410,SGL_RS03605,0.0989169384029517
SGL_RS06480,SGL_RS12110,0.0989023831156026
SGL_RS10820,SGL_RS08665,0.0988948682073913
SGL_RS04450,SGL_RS05730,0.0988856623878198
SGL_RS17245,SGL_RS11125,0.0988809389486801
SGL_RS00400,SGL_RS16235,0.0988795727617448
SGL_RS06410,SGL_RS13425,0.0988710109104616
SGL_RS09285,SGL_RS14755,0.098855632896559
SGL_RS10605,SGL_RS15235,0.0988524353853002
SGL_RS00320,SGL_RS05070,0.0988523259527546
SGL_RS10605,SGL_RS11775,0.0988368384242855
SGL_RS01980,SGL_RS10040,0.0988348278227264
SGL_RS06340,SGL_RS00805,0.0988347383072433
SGL_RS04725,SGL_RS13360,0.0988301401343636
SGL_RS17760,SGL_RS04290,0.098806286482792
SGL_RS10820,SGL_RS05030,0.0987941218591757
SGL_RS16165,SGL_RS11985,0.098781909453577
SGL_RS15210,SGL_RS15670,0.0987795833980167
SGL_RS12430,SGL_RS11495,0.0987697887691115
SGL_RS12430,SGL_RS07580,0.0987457705565032
SGL_RS17245,SGL_RS05745,0.0987250733539803
SGL_RS13130,SGL_RS16880,0.0987223987748906
SGL_RS15805,SGL_RS06260,0.0987109871703561
SGL_RS06215,SGL_RS15070,0.0987010088379275
SGL_RS15965,SGL_RS16405,0.0986992871005326
SGL_RS18290,SGL_RS08105,0.0986928480211526
SGL_RS10605,SGL_RS03275,0.0986856104886671
SGL_RS10820,SGL_RS04850,0.0986766608521542
SGL_RS08210,SGL_RS09420,0.0986755451014245
SGL_RS18290,SGL_RS03425,0.0986688704108955
SGL_RS12430,SGL_RS15105,0.0986396602528813
SGL_RS15805,SGL_RS06980,0.0986347191145732
SGL_RS00400,SGL_RS00600,0.0986295916042565
SGL_RS12595,SGL_RS02315,0.0986244800599198
SGL_RS04450,SGL_RS05765,0.0986116375047273
SGL_RS00320,SGL_RS19005,0.0986101028800682
SGL_RS17760,SGL_RS11595,0.0986068102031367
SGL_RS04055,SGL_RS15245,0.0986053116790802
SGL_RS15805,SGL_RS09110,0.0985914128629018
SGL_RS02990,SGL_RS13975,0.0985779374573744
SGL_RS08500,SGL_RS12680,0.09857183961459
SGL_RS03065,SGL_RS08260,0.0985692084479341
SGL_RS04450,SGL_RS03305,0.0985639682351987
SGL_RS12430,SGL_RS14680,0.0985625774440019
SGL_RS08210,SGL_RS12290,0.0985533839906171
SGL_RS00515,SGL_RS07720,0.0985427043650104
SGL_RS15965,SGL_RS09020,0.0985305191177852
SGL_RS15805,SGL_RS12975,0.0985285783816703
SGL_RS10605,SGL_RS13435,0.0985148882686555
SGL_RS06215,SGL_RS02830,0.0985032872252901
SGL_RS04725,SGL_RS12070,0.0984943404154521
SGL_RS04725,SGL_RS15030,0.0984879882810327
SGL_RS16165,SGL_RS08360,0.0984704063224354
SGL_RS00400,SGL_RS08015,0.098445625265006
SGL_RS10820,SGL_RS01570,0.09843285912232
SGL_RS07730,SGL_RS07860,0.0984256531177059
SGL_RS12430,SGL_RS16690,0.0984012483079218
SGL_RS08835,SGL_RS00435,0.0983789259834332
SGL_RS00455,SGL_RS00970,0.0983719509158767
SGL_RS09285,SGL_RS12675,0.0983522240977158
SGL_RS00670,SGL_RS01815,0.0983408581782111
SGL_RS15805,SGL_RS02095,0.0983164493921644
SGL_RS09285,SGL_RS15150,0.0982986990377402
SGL_RS00515,SGL_RS19760,0.098292466434769
SGL_RS12430,SGL_RS07485,0.0982917681781009
SGL_RS12430,SGL_RS08180,0.0982804940620927
SGL_RS02020,SGL_RS01960,0.0982795435070697
SGL_RS14385,SGL_RS16630,0.0982758911965804
SGL_RS03065,SGL_RS11035,0.0982651411410721
SGL_RS15965,SGL_RS04155,0.0982584619722801
SGL_RS15805,SGL_RS17235,0.0982517841590293
SGL_RS07730,SGL_RS10315,0.0982272136235813
SGL_RS15805,SGL_RS11515,0.0981853348551062
SGL_RS12430,SGL_RS11755,0.0981834165183887
SGL_RS10605,SGL_RS17310,0.0981804663770208
SGL_RS08835,SGL_RS04230,0.0981743759465055
SGL_RS00455,SGL_RS09565,0.0981638769551371
SGL_RS09285,SGL_RS05440,0.098162984086446
SGL_RS17395,SGL_RS10510,0.0981615766991329
SGL_RS09285,SGL_RS17415,0.0981369252663115
SGL_RS07740,SGL_RS04830,0.09811678001988
SGL_RS15805,SGL_RS19440,0.0981081029447714
SGL_RS17395,SGL_RS11835,0.0980780526081388
SGL_RS14385,SGL_RS02095,0.0980652073895716
SGL_RS10820,SGL_RS07135,0.0980539339511886
SGL_RS06410,SGL_RS05770,0.0980442937759163
SGL_RS12430,SGL_RS17090,0.098044031391838
SGL_RS15805,SGL_RS11850,0.0980209780714834
SGL_RS06340,SGL_RS08250,0.0980026224332798
SGL_RS17760,SGL_RS09990,0.0980004818676436
SGL_RS00400,SGL_RS19770,0.0979986579804032
SGL_RS15245,SGL_RS08385,0.0979872107309374
SGL_RS00320,SGL_RS14720,0.0979853021819676
SGL_RS10820,SGL_RS11240,0.0979816108569104
SGL_RS04725,SGL_RS04340,0.0979685037900671
SGL_RS15805,SGL_RS12265,0.0979655822957788
SGL_RS15805,SGL_RS15460,0.0979643763025918
SGL_RS06215,SGL_RS16815,0.0979442063335044
SGL_RS17120,SGL_RS14775,0.0979425738329828
SGL_RS16165,SGL_RS19380,0.097937848617949
SGL_RS10605,SGL_RS02255,0.0978990215835152
SGL_RS01625,SGL_RS12590,0.0978840967533817
SGL_RS06480,SGL_RS05245,0.0978828885034633
SGL_RS00515,SGL_RS18830,0.0978815677864334
SGL_RS08835,SGL_RS04475,0.0978717712279595
SGL_RS08835,SGL_RS10055,0.0978701288156776
SGL_RS07535,SGL_RS09875,0.0978601101388808
SGL_RS15805,SGL_RS12595,0.0978309619265609
SGL_RS09285,SGL_RS08750,0.097814618890807
SGL_RS12430,SGL_RS10610,0.0978035800432229
SGL_RS06080,SGL_RS13535,0.0977973113832683
SGL_RS06410,SGL_RS05370,0.0977856550718086
SGL_RS00400,SGL_RS00330,0.0977756932665696
SGL_RS15210,SGL_RS11430,0.0977702526860391
SGL_RS02990,SGL_RS08235,0.0977635532266423
SGL_RS12595,SGL_RS08915,0.0977515568303832
SGL_RS00455,SGL_RS03655,0.0977497513722739
SGL_RS07730,SGL_RS01120,0.0977473455540709
SGL_RS04450,SGL_RS09160,0.0977464948621644
SGL_RS08500,SGL_RS04605,0.0977303526233045
SGL_RS17760,SGL_RS14830,0.0977110779663035
SGL_RS14385,SGL_RS15805,0.0977083795512361
SGL_RS00400,SGL_RS17795,0.0977053534781458
SGL_RS00400,SGL_RS09535,0.0977022814158912
SGL_RS03065,SGL_RS04810,0.09769764356325
SGL_RS16080,SGL_RS09240,0.0976757933665797
SGL_RS09285,SGL_RS16505,0.0976654084165973
SGL_RS00400,SGL_RS00125,0.097664165822322
SGL_RS10820,SGL_RS10735,0.097663593777779
SGL_RS15965,SGL_RS00245,0.097653433996576
SGL_RS00400,SGL_RS07075,0.0976525386989574
SGL_RS15805,SGL_RS13640,0.0976368738371943
SGL_RS09285,SGL_RS06750,0.0976333130582198
SGL_RS06215,SGL_RS06990,0.0976305463856607
SGL_RS17760,SGL_RS11925,0.0976299470560514
SGL_RS07975,SGL_RS10690,0.0976273913670926
SGL_RS16495,SGL_RS17580,0.0976217800055609
SGL_RS18290,SGL_RS10485,0.0976186618485555
SGL_RS03065,SGL_RS17015,0.0976173286134202
SGL_RS17395,SGL_RS16710,0.0976022250348394
SGL_RS07975,SGL_RS05080,0.0976012694790016
SGL_RS00320,SGL_RS17370,0.0975937730535598
SGL_RS01955,SGL_RS14465,0.097588518687143
SGL_RS13130,SGL_RS14535,0.0975868265481788
SGL_RS15805,SGL_RS02250,0.0975693879212543
SGL_RS04450,SGL_RS03845,0.0975559320014597
SGL_RS13820,SGL_RS04790,0.0975545239032434
SGL_RS06215,SGL_RS17240,0.097553472298617
SGL_RS12430,SGL_RS13455,0.0975521518457024
SGL_RS03065,SGL_RS16790,0.0975492785619163
SGL_RS15805,SGL_RS11995,0.0975464489916882
SGL_RS11985,SGL_RS14745,0.0975437753014766
SGL_RS00400,SGL_RS05160,0.0975337167001132
SGL_RS10605,SGL_RS08045,0.0975325309564859
SGL_RS15805,SGL_RS09985,0.0975234165465853
SGL_RS06410,SGL_RS05685,0.0975119231993153
SGL_RS03065,SGL_RS17460,0.0975092023528261
SGL_RS06410,SGL_RS02600,0.0975045901929709
SGL_RS12005,SGL_RS00445,0.0974919217165718
SGL_RS04055,SGL_RS07530,0.0974865615618605
SGL_RS10605,SGL_RS09320,0.0974799411970733
SGL_RS15805,SGL_RS11075,0.0974683472651991
SGL_RS01955,SGL_RS06735,0.0974588577269382
SGL_RS08210,SGL_RS09280,0.0974552459976362
SGL_RS04055,SGL_RS17395,0.0974497700836481
SGL_RS17395,SGL_RS17805,0.0974470069751924
SGL_RS18290,SGL_RS05100,0.0974314754315815
SGL_RS16495,SGL_RS03240,0.0974167091290171
SGL_RS11370,SGL_RS07980,0.0974147831534569
SGL_RS15210,SGL_RS05550,0.0974008858346621
SGL_RS00515,SGL_RS14275,0.0973809364797182
SGL_RS12430,SGL_RS13530,0.0973748831623632
SGL_RS12430,SGL_RS11510,0.0973576600042447
SGL_RS01980,SGL_RS01995,0.097350310629427
SGL_RS01255,SGL_RS16145,0.0973283930302951
SGL_RS00455,SGL_RS09730,0.0973273534535024
SGL_RS00075,SGL_RS17375,0.0973257044330201
SGL_RS00400,SGL_RS04145,0.0973192394047799
SGL_RS09285,SGL_RS15870,0.0973113698869378
SGL_RS15805,SGL_RS03075,0.0973108306176463
SGL_RS15805,SGL_RS14860,0.0972757687100909
SGL_RS06080,SGL_RS04180,0.0972725347098505
SGL_RS01980,SGL_RS05070,0.0972640229331986
SGL_RS00455,SGL_RS03635,0.0972616705578432
SGL_RS04450,SGL_RS05110,0.0972506008861834
SGL_RS11370,SGL_RS04785,0.0972497751573827
SGL_RS15965,SGL_RS00280,0.0972362776360095
SGL_RS00400,SGL_RS07465,0.0972239144580238
SGL_RS17760,SGL_RS05600,0.0972219203471639
SGL_RS06410,SGL_RS04530,0.0972215292053182
SGL_RS12430,SGL_RS07810,0.0972103344172221
SGL_RS00400,SGL_RS00470,0.0972084225952445
SGL_RS15210,SGL_RS19575,0.0972034510082238
SGL_RS03065,SGL_RS13545,0.0971975528483635
SGL_RS12430,SGL_RS17460,0.0971926746807274
SGL_RS00400,SGL_RS09550,0.0971914267124855
SGL_RS15965,SGL_RS00400,0.0971586118491771
SGL_RS17395,SGL_RS14560,0.0971524703175769
SGL_RS07535,SGL_RS15365,0.0971462275819783
SGL_RS10820,SGL_RS02610,0.0971168366869227
SGL_RS00320,SGL_RS19525,0.0971020399676489
SGL_RS15965,SGL_RS19555,0.0970611852405333
SGL_RS00455,SGL_RS09735,0.097031782624258
SGL_RS12430,SGL_RS16845,0.0970224250791753
SGL_RS15805,SGL_RS11805,0.0970169180197398
SGL_RS01625,SGL_RS01620,0.0970155607723401
SGL_RS07730,SGL_RS14595,0.0969937129350238
SGL_RS15805,SGL_RS12030,0.0969688752151428
SGL_RS06080,SGL_RS02025,0.0969633474702057
SGL_RS15210,SGL_RS15205,0.0969490784223523
SGL_RS12430,SGL_RS16590,0.0969352243656882
SGL_RS10820,SGL_RS14695,0.0969273521405383
SGL_RS16495,SGL_RS02980,0.0969255614307513
SGL_RS18290,SGL_RS03420,0.0969216560827978
SGL_RS10605,SGL_RS11075,0.0969192624363778
SGL_RS00400,SGL_RS01445,0.0969063567472646
SGL_RS12430,SGL_RS02955,0.0968808783970947
SGL_RS01955,SGL_RS10370,0.0968795427462913
SGL_RS04055,SGL_RS01270,0.0968727162000676
SGL_RS08210,SGL_RS04000,0.0968687748387379
SGL_RS06410,SGL_RS07415,0.0968635476643169
SGL_RS12430,SGL_RS04760,0.0968580302843051
SGL_RS00075,SGL_RS16320,0.0968538434340669
SGL_RS11285,SGL_RS16905,0.096853538074841
SGL_RS00515,SGL_RS04980,0.0968514160162526
SGL_RS16495,SGL_RS05805,0.0968180112486687
SGL_RS12430,SGL_RS07820,0.0967992462516249
SGL_RS10755,SGL_RS15385,0.0967983912958265
SGL_RS12430,SGL_RS17050,0.096789498060215
SGL_RS17245,SGL_RS17535,0.0967865440473305
SGL_RS18290,SGL_RS13715,0.0967863652722065
SGL_RS00320,SGL_RS00100,0.0967516745854909
SGL_RS12430,SGL_RS10420,0.0967452602707112
SGL_RS17760,SGL_RS02925,0.0967326376696024
SGL_RS00320,SGL_RS14880,0.0967316369595159
SGL_RS01980,SGL_RS15010,0.0967302226313889
SGL_RS00400,SGL_RS00530,0.0967087364334887
SGL_RS00320,SGL_RS03220,0.096699393098476
SGL_RS18290,SGL_RS16765,0.0966960860194078
SGL_RS15965,SGL_RS16400,0.0966628910407693
SGL_RS15965,SGL_RS10060,0.0966627392063688
SGL_RS17395,SGL_RS08120,0.0966283831952522
SGL_RS12430,SGL_RS05440,0.0965663364104058
SGL_RS03065,SGL_RS10555,0.0965510348413798
SGL_RS00400,SGL_RS08350,0.0965494914608381
SGL_RS17395,SGL_RS10355,0.0965449152946255
SGL_RS17760,SGL_RS15405,0.0965448336334063
SGL_RS06080,SGL_RS07780,0.0965424324997212
SGL_RS10820,SGL_RS03905,0.0965382313971591
SGL_RS03065,SGL_RS17550,0.0965312803288668
SGL_RS13130,SGL_RS18290,0.09651819559259
SGL_RS15805,SGL_RS08765,0.0965004622807398
SGL_RS15805,SGL_RS14135,0.096496850187879
SGL_RS00455,SGL_RS01035,0.0964894234147912
SGL_RS12430,SGL_RS07145,0.0964819200072172
SGL_RS12005,SGL_RS13420,0.0964784237076377
SGL_RS00400,SGL_RS00435,0.0964709011831013
SGL_RS08835,SGL_RS08335,0.0964674993215552
SGL_RS15585,SGL_RS13015,0.0964649840736116
SGL_RS16165,SGL_RS01680,0.0964543812062604
SGL_RS07535,SGL_RS06240,0.0964372001609162
SGL_RS14385,SGL_RS17705,0.0964371172823765
SGL_RS06410,SGL_RS04540,0.0964365219547443
SGL_RS04450,SGL_RS14545,0.0964216535948948
SGL_RS01215,SGL_RS19695,0.0964106572180806
SGL_RS04055,SGL_RS04050,0.0964104503953856
SGL_RS14610,SGL_RS12540,0.0963993472401038
SGL_RS00400,SGL_RS19095,0.0963991816635571
SGL_RS15805,SGL_RS15680,0.0963964623636552
SGL_RS06215,SGL_RS14235,0.0963878663743117
SGL_RS12430,SGL_RS16540,0.0963875352349589
SGL_RS00400,SGL_RS00020,0.0963810352590881
SGL_RS16495,SGL_RS10135,0.0963739550412095
SGL_RS10605,SGL_RS15145,0.0963675664875172
SGL_RS14540,SGL_RS07145,0.0963666499748324
SGL_RS09285,SGL_RS15305,0.0963489059196357
SGL_RS10755,SGL_RS19900,0.0963488326323414
SGL_RS15805,SGL_RS11910,0.0963464554918665
SGL_RS00515,SGL_RS00125,0.0963347817304507
SGL_RS04450,SGL_RS14540,0.0963267390504635
SGL_RS16495,SGL_RS15880,0.0963141733396433
SGL_RS15805,SGL_RS04295,0.0962943930381124
SGL_RS03065,SGL_RS16375,0.0962778569575353
SGL_RS15965,SGL_RS00680,0.0962696947059043
SGL_RS16165,SGL_RS16145,0.0962478590839778
SGL_RS08165,SGL_RS11065,0.0962438734068546
SGL_RS12430,SGL_RS12025,0.096234959618873
SGL_RS04725,SGL_RS09790,0.0962307022041155
SGL_RS15965,SGL_RS03665,0.0962262650731928
SGL_RS12430,SGL_RS04550,0.0962152252881005
SGL_RS07730,SGL_RS13325,0.0961905025831526
SGL_RS14385,SGL_RS08790,0.0961882568637155
SGL_RS09285,SGL_RS04745,0.0961878755827825
SGL_RS15210,SGL_RS18115,0.0961873808243292
SGL_RS05150,SGL_RS17980,0.0961855766825378
SGL_RS01980,SGL_RS05530,0.0961797917238041
SGL_RS04725,SGL_RS05300,0.096177924947183
SGL_RS08500,SGL_RS14285,0.0961757867545637
SGL_RS14610,SGL_RS08090,0.0961754451562246
SGL_RS00400,SGL_RS00175,0.0961727847306865
SGL_RS10820,SGL_RS04415,0.0961684121269563
SGL_RS17395,SGL_RS17185,0.0961635378023534
SGL_RS10605,SGL_RS20085,0.0961557803524963
SGL_RS08210,SGL_RS10945,0.0961544784516946
SGL_RS15965,SGL_RS00025,0.096146382111244
SGL_RS17395,SGL_RS12775,0.0961458061868292
SGL_RS15805,SGL_RS17290,0.0961295533309267
SGL_RS07730,SGL_RS13090,0.0961283461220599
SGL_RS11985,SGL_RS11960,0.0961219747670535
SGL_RS04725,SGL_RS08125,0.0961098154571574
SGL_RS12005,SGL_RS17175,0.0961091851459829
SGL_RS15210,SGL_RS10065,0.0960995055253118
SGL_RS01980,SGL_RS00005,0.0960933836306692
SGL_RS16495,SGL_RS10060,0.0960932718833513
SGL_RS10820,SGL_RS05335,0.0960891671388584
SGL_RS18290,SGL_RS02775,0.0960842458039625
SGL_RS06410,SGL_RS07385,0.0960798906690091
SGL_RS15245,SGL_RS03280,0.096069708955386
SGL_RS08835,SGL_RS07445,0.0960680863459977
SGL_RS08835,SGL_RS11595,0.0960615365219905
SGL_RS12430,SGL_RS03470,0.0960439242936556
SGL_RS10820,SGL_RS18380,0.096014739879612
SGL_RS08835,SGL_RS02215,0.0960122731533732
SGL_RS09285,SGL_RS16830,0.0959955104863501
SGL_RS12430,SGL_RS17110,0.0959906916951254
SGL_RS04055,SGL_RS16750,0.0959877284066341
SGL_RS15210,SGL_RS13435,0.095977371543425
SGL_RS08210,SGL_RS06920,0.0959425826361775
SGL_RS01955,SGL_RS01940,0.0959114979750415
SGL_RS12430,SGL_RS15785,0.0959093344184496
SGL_RS12595,SGL_RS15435,0.0959044720158673
SGL_RS01255,SGL_RS01335,0.0959020776925942
SGL_RS18290,SGL_RS16640,0.0958894235630292
SGL_RS00455,SGL_RS03715,0.0958750522184628
SGL_RS15210,SGL_RS02600,0.0958481329673384
SGL_RS11370,SGL_RS07185,0.095844877530853
SGL_RS00515,SGL_RS04960,0.0958385639848463
SGL_RS15805,SGL_RS14160,0.0958239907990794
SGL_RS01980,SGL_RS02385,0.0958175904854136
SGL_RS00075,SGL_RS00005,0.0958042084484456
SGL_RS12430,SGL_RS06450,0.0957896571434974
SGL_RS15805,SGL_RS13390,0.0957866333922372
SGL_RS02510,SGL_RS16475,0.0957844617507153
SGL_RS08210,SGL_RS07535,0.0957809631434897
SGL_RS11985,SGL_RS15120,0.0957771639640018
SGL_RS12430,SGL_RS10575,0.0957619920380948
SGL_RS08500,SGL_RS10905,0.0957600332102079
SGL_RS15210,SGL_RS06770,0.0957591756386723
SGL_RS12595,SGL_RS12360,0.0957546208724081
SGL_RS08835,SGL_RS02945,0.0957450080498959
SGL_RS15210,SGL_RS14825,0.0957274108751546
SGL_RS04725,SGL_RS03345,0.0957245727833042
SGL_RS15805,SGL_RS16610,0.0957118786123448
SGL_RS12430,SGL_RS13565,0.0956957447417514
SGL_RS15805,SGL_RS09045,0.0956920662870894
SGL_RS11370,SGL_RS17360,0.095690942582148
SGL_RS12430,SGL_RS04435,0.0956849298223302
SGL_RS12595,SGL_RS20080,0.0956803964703774
SGL_RS13820,SGL_RS05425,0.0956562208256657
SGL_RS16495,SGL_RS04960,0.0956314644117333
SGL_RS15965,SGL_RS16380,0.0956262264299353
SGL_RS12430,SGL_RS14000,0.0956211700031974
SGL_RS15805,SGL_RS18180,0.0956187627401334
SGL_RS17395,SGL_RS10505,0.0956108959291609
SGL_RS16495,SGL_RS14935,0.0955902905716083
SGL_RS11985,SGL_RS10825,0.0955834011240513
SGL_RS06340,SGL_RS09275,0.0955827977999279
SGL_RS08520,SGL_RS03535,0.0955827047530897
SGL_RS00320,SGL_RS11045,0.0955755161670187
SGL_RS13130,SGL_RS15400,0.0955662141673979
SGL_RS12005,SGL_RS00685,0.0955628651781694
SGL_RS17760,SGL_RS02970,0.0955524653091168
SGL_RS15805,SGL_RS10595,0.0955453173214948
SGL_RS18290,SGL_RS16735,0.0955370927275398
SGL_RS07730,SGL_RS02595,0.0955316487171084
SGL_RS08835,SGL_RS10370,0.0955274509799807
SGL_RS15965,SGL_RS15960,0.0955227198072179
SGL_RS10605,SGL_RS07840,0.0955100896413066
SGL_RS12430,SGL_RS08970,0.0954965199525533
SGL_RS13820,SGL_RS13980,0.0954896141407709
SGL_RS02470,SGL_RS15505,0.0954874224990063
SGL_RS08500,SGL_RS04610,0.0954871673920742
SGL_RS14610,SGL_RS04040,0.0954826902195622
SGL_RS16080,SGL_RS18970,0.0954706641158769
SGL_RS12005,SGL_RS11170,0.0954474260425043
SGL_RS00400,SGL_RS07080,0.0954394938188008
SGL_RS12430,SGL_RS17995,0.0954303097609389
SGL_RS15245,SGL_RS11860,0.0954279093822648
SGL_RS17760,SGL_RS08710,0.0954270250588063
SGL_RS05150,SGL_RS17660,0.095424049470527
SGL_RS00075,SGL_RS16275,0.0954180247109611
SGL_RS15965,SGL_RS00660,0.0954177739854922
SGL_RS01955,SGL_RS02020,0.0954099627751887
SGL_RS10820,SGL_RS06865,0.0953954933792499
SGL_RS00670,SGL_RS00400,0.0953919990627765
SGL_RS08835,SGL_RS13825,0.095379272024456
SGL_RS09285,SGL_RS12910,0.0953734889100697
SGL_RS12595,SGL_RS14065,0.095372412806111
SGL_RS06215,SGL_RS12735,0.0953438243924739
SGL_RS02470,SGL_RS05775,0.0953421286894058
SGL_RS04055,SGL_RS07885,0.0953219743103089
SGL_RS08210,SGL_RS08630,0.0953181815229056
SGL_RS04055,SGL_RS04585,0.0953098580134233
SGL_RS17395,SGL_RS04985,0.095308360232008
SGL_RS10820,SGL_RS17520,0.0953017577609721
SGL_RS03065,SGL_RS07650,0.0952979527215737
SGL_RS15805,SGL_RS11655,0.0952884361298318
SGL_RS15310,SGL_RS04445,0.0952861327116531
SGL_RS12430,SGL_RS17060,0.0952818133920839
SGL_RS00400,SGL_RS00655,0.0952801503191328
SGL_RS10605,SGL_RS13995,0.0952790076381787
SGL_RS15805,SGL_RS07630,0.095278250595185
SGL_RS01215,SGL_RS00890,0.0952741958877327
SGL_RS12595,SGL_RS14920,0.0952730582052802
SGL_RS11370,SGL_RS17380,0.0952635654016949
SGL_RS11985,SGL_RS13655,0.0952591251171765
SGL_RS14540,SGL_RS10990,0.0952447055036151
SGL_RS08500,SGL_RS12465,0.09524393705812
SGL_RS15805,SGL_RS10830,0.0952426540392003
SGL_RS12430,SGL_RS09430,0.0952313839295065
SGL_RS15805,SGL_RS03840,0.0952305170116861
SGL_RS07730,SGL_RS11510,0.0952162232709822
SGL_RS01980,SGL_RS07445,0.0951989398747215
SGL_RS12595,SGL_RS05870,0.095191446355178
SGL_RS15805,SGL_RS04060,0.0951723275085102
SGL_RS11370,SGL_RS08430,0.0951693436213369
SGL_RS09285,SGL_RS03210,0.0951674005833049
SGL_RS08210,SGL_RS14550,0.0951527707746109
SGL_RS00400,SGL_RS14735,0.095147165496939
SGL_RS04450,SGL_RS10570,0.095138618326779
SGL_RS13820,SGL_RS10600,0.0951346038558685
SGL_RS00320,SGL_RS01575,0.095131166223925
SGL_RS06080,SGL_RS10835,0.0951267789110823
SGL_RS00670,SGL_RS00475,0.0951170964269978
SGL_RS15965,SGL_RS15415,0.0951039910065509
SGL_RS06340,SGL_RS12830,0.0950820153981905
SGL_RS13130,SGL_RS07160,0.0950692819448322
SGL_RS12595,SGL_RS08170,0.09505925905793
SGL_RS17760,SGL_RS04285,0.095048010599367
SGL_RS06340,SGL_RS17430,0.0950460703603645
SGL_RS09285,SGL_RS08755,0.095040887160039
SGL_RS15965,SGL_RS04635,0.0950266795043749
SGL_RS01980,SGL_RS00320,0.0950208675005556
SGL_RS15805,SGL_RS07575,0.0950197853301806
SGL_RS00400,SGL_RS11930,0.095018404779564
SGL_RS18290,SGL_RS02415,0.0950034546710792
SGL_RS09285,SGL_RS14565,0.0950002052107657
SGL_RS18290,SGL_RS18310,0.0949781038016902
SGL_RS17440,SGL_RS12295,0.0949769520768359
SGL_RS01980,SGL_RS16385,0.0949767613117878
SGL_RS16495,SGL_RS19060,0.0949643784339766
SGL_RS10605,SGL_RS10670,0.09495374940905
SGL_RS01980,SGL_RS02325,0.0949506689630499
SGL_RS14540,SGL_RS06230,0.0949497609172223
SGL_RS00455,SGL_RS15005,0.0949371223694912
SGL_RS03065,SGL_RS11510,0.0949292423911205
SGL_RS08520,SGL_RS13770,0.0949276265655734
SGL_RS14385,SGL_RS10085,0.0949173545138018
SGL_RS12430,SGL_RS02720,0.0949131325311663
SGL_RS11370,SGL_RS04515,0.0949102847031071
SGL_RS08835,SGL_RS13210,0.0949004997192756
SGL_RS15805,SGL_RS09860,0.0948928593979828
SGL_RS11285,SGL_RS13130,0.0948914324177824
SGL_RS17760,SGL_RS06375,0.0948905894763656
SGL_RS00075,SGL_RS18875,0.0948804635672302
SGL_RS08835,SGL_RS04955,0.0948798992170199
SGL_RS17395,SGL_RS14950,0.0948792332465138
SGL_RS02470,SGL_RS05800,0.0948770652676059
SGL_RS04615,SGL_RS17865,0.0948745802830502
SGL_RS15805,SGL_RS12285,0.0948703649021351
SGL_RS01255,SGL_RS01650,0.0948650846309236
SGL_RS00320,SGL_RS00560,0.0948647609604598
SGL_RS00670,SGL_RS07075,0.0948637374395993
SGL_RS04450,SGL_RS16975,0.0948520633989086
SGL_RS08210,SGL_RS15180,0.0948497467152281
SGL_RS15965,SGL_RS18485,0.094826166484729
SGL_RS06410,SGL_RS04160,0.0948259075293431
SGL_RS03065,SGL_RS13935,0.0948254984497546
SGL_RS09285,SGL_RS00815,0.094812110638212
SGL_RS02990,SGL_RS04820,0.0947984387434911
SGL_RS10820,SGL_RS12740,0.0947785734314013
SGL_RS12595,SGL_RS14100,0.0947731060544953
SGL_RS04725,SGL_RS04480,0.0947722865605306
SGL_RS02020,SGL_RS08545,0.0947720596219289
SGL_RS12430,SGL_RS13380,0.0947683624252807
SGL_RS04725,SGL_RS18090,0.094762943889748
SGL_RS17395,SGL_RS16735,0.094759182049399
SGL_RS08210,SGL_RS08930,0.0947495208715153
SGL_RS15805,SGL_RS17315,0.0947362279114677
SGL_RS08835,SGL_RS00090,0.0947318095677923
SGL_RS06080,SGL_RS17920,0.0947308760234099
SGL_RS08520,SGL_RS16205,0.0947185495867515
SGL_RS02990,SGL_RS14700,0.0947174813012573
SGL_RS17760,SGL_RS09590,0.0946974587744186
SGL_RS06410,SGL_RS15000,0.0946917539561126
SGL_RS12595,SGL_RS07665,0.0946696348871757
SGL_RS15965,SGL_RS00010,0.0946604166802867
SGL_RS10820,SGL_RS10285,0.0946517624060524
SGL_RS17760,SGL_RS07890,0.0946151216195254
SGL_RS09285,SGL_RS17475,0.0946146170230133
SGL_RS04820,SGL_RS03190,0.0946044236869884
SGL_RS00400,SGL_RS00025,0.0946005244432188
SGL_RS12005,SGL_RS16170,0.0945972384669261
SGL_RS17760,SGL_RS07085,0.0945715053340785
SGL_RS01255,SGL_RS00855,0.0945635657904508
SGL_RS11285,SGL_RS18045,0.094556918028234
SGL_RS01980,SGL_RS14150,0.0945481452532821
SGL_RS15805,SGL_RS13290,0.0945406781357882
SGL_RS02470,SGL_RS05820,0.0945226373846058
SGL_RS17395,SGL_RS12490,0.094514655032017
SGL_RS13820,SGL_RS14505,0.0945118093950926
SGL_RS06340,SGL_RS03815,0.0945092271581671
SGL_RS12430,SGL_RS18195,0.0944869985677828
SGL_RS11285,SGL_RS12100,0.0944800412495731
SGL_RS13130,SGL_RS07300,0.0944793373404575
SGL_RS17760,SGL_RS14835,0.0944666600732057
SGL_RS00515,SGL_RS00230,0.0944466036483231
SGL_RS12430,SGL_RS02680,0.0944423067020475
SGL_RS04725,SGL_RS04655,0.0944415007551952
SGL_RS15805,SGL_RS06190,0.0944390468831581
SGL_RS13820,SGL_RS08265,0.0944184371263399
SGL_RS00075,SGL_RS00265,0.0944106190560828
SGL_RS06215,SGL_RS01885,0.0943959598437349
SGL_RS00670,SGL_RS00715,0.0943847376305307
SGL_RS12430,SGL_RS05445,0.0943825498696518
SGL_RS15965,SGL_RS16695,0.0943800972903012
SGL_RS16165,SGL_RS00510,0.0943626883977493
SGL_RS15805,SGL_RS15330,0.0943555499082829
SGL_RS17760,SGL_RS14775,0.0943508544469487
SGL_RS15805,SGL_RS12355,0.0943334627429579
SGL_RS00320,SGL_RS03530,0.0943292169361244
SGL_RS08165,SGL_RS15065,0.0943188088899446
SGL_RS06410,SGL_RS05800,0.0943016735722034
SGL_RS00320,SGL_RS06255,0.0942848169574977
SGL_RS10605,SGL_RS12815,0.0942468447299112
SGL_RS08210,SGL_RS14300,0.094236331975908
SGL_RS17440,SGL_RS11140,0.0942189795850823
SGL_RS17760,SGL_RS02955,0.0942095532433529
SGL_RS00455,SGL_RS08300,0.0941871159222877
SGL_RS10820,SGL_RS06775,0.0941863715799395
SGL_RS06410,SGL_RS02680,0.0941829600745398
SGL_RS04450,SGL_RS05435,0.0941771998738852
SGL_RS15210,SGL_RS07245,0.0941703843858018
SGL_RS09285,SGL_RS06600,0.0941703121088939
SGL_RS08500,SGL_RS14635,0.0941630745121681
SGL_RS06340,SGL_RS07850,0.094156523877988
SGL_RS07730,SGL_RS06760,0.0941474352930442
SGL_RS15245,SGL_RS00805,0.0941469335148729
SGL_RS13130,SGL_RS02430,0.0941131506805746
SGL_RS06340,SGL_RS13970,0.094108971447447
SGL_RS04820,SGL_RS09225,0.0941006419606668
SGL_RS14610,SGL_RS15065,0.0940935341023358
SGL_RS08210,SGL_RS14280,0.0940929174757338
SGL_RS01980,SGL_RS00730,0.0940834541087965
SGL_RS02990,SGL_RS07775,0.094024655332684
SGL_RS12430,SGL_RS02570,0.094022461628683
SGL_RS15965,SGL_RS00605,0.0940163389340111
SGL_RS12430,SGL_RS03135,0.0940007641479868
SGL_RS15805,SGL_RS04365,0.0939944958729892
SGL_RS12430,SGL_RS06595,0.0939859910277612
SGL_RS04450,SGL_RS09635,0.0939828483658772
SGL_RS04725,SGL_RS04875,0.09397485443836
SGL_RS08500,SGL_RS04865,0.0939699120396041
SGL_RS00075,SGL_RS00355,0.093966049737217
SGL_RS12595,SGL_RS06920,0.0939632208321764
SGL_RS07730,SGL_RS03065,0.0939610549704347
SGL_RS12430,SGL_RS04190,0.0939556213780329
SGL_RS02510,SGL_RS02125,0.0939384539877484
SGL_RS15805,SGL_RS09345,0.0939376678722565
SGL_RS12430,SGL_RS06190,0.0939315171758321
SGL_RS04055,SGL_RS05880,0.0939046420011603
SGL_RS15245,SGL_RS03815,0.0939041406529925
SGL_RS00515,SGL_RS18960,0.0938992704811548
SGL_RS11370,SGL_RS09990,0.0938837159499649
SGL_RS02470,SGL_RS15585,0.0938772164964547
SGL_RS08210,SGL_RS04590,0.0938692272248303
SGL_RS10605,SGL_RS08535,0.0938686601057351
SGL_RS04450,SGL_RS08575,0.0938654028886085
SGL_RS09285,SGL_RS06350,0.0938622973257283
SGL_RS15805,SGL_RS05495,0.0938581162958258
SGL_RS01955,SGL_RS11165,0.093852969182024
SGL_RS18290,SGL_RS05105,0.0938303434061469
SGL_RS08165,SGL_RS08245,0.0938298828560642
SGL_RS06215,SGL_RS06230,0.0938259385954677
SGL_RS01980,SGL_RS16245,0.0938234911451772
SGL_RS17760,SGL_RS17965,0.0938072826307828
SGL_RS15965,SGL_RS04300,0.0938068742375123
SGL_RS12430,SGL_RS14830,0.093799723908222
SGL_RS06480,SGL_RS09760,0.0937887337909648
SGL_RS02470,SGL_RS15100,0.0937837416782872
SGL_RS11985,SGL_RS05065,0.0937654599050987
SGL_RS11370,SGL_RS07995,0.0937599216431351
SGL_RS04450,SGL_RS10160,0.0937576090429412
SGL_RS12430,SGL_RS15425,0.0937494205053195
SGL_RS10820,SGL_RS02360,0.0937415679887629
SGL_RS17760,SGL_RS16270,0.0937378791229344
SGL_RS01955,SGL_RS18115,0.0937318213097092
SGL_RS14540,SGL_RS03515,0.0937266601851213
SGL_RS15215,SGL_RS03415,0.0937144269892864
SGL_RS15245,SGL_RS17075,0.0937093079113773
SGL_RS10605,SGL_RS12590,0.0937063462133934
SGL_RS06340,SGL_RS02755,0.0936919002663607
SGL_RS00400,SGL_RS10060,0.0936818778196966
SGL_RS15805,SGL_RS05975,0.0936650666232101
SGL_RS13820,SGL_RS11005,0.0936583555578446
SGL_RS17395,SGL_RS08240,0.0936562677974815
SGL_RS06480,SGL_RS04275,0.093653411869193
SGL_RS18290,SGL_RS03135,0.0936269401161963
SGL_RS16165,SGL_RS17960,0.0936038067103395
SGL_RS00400,SGL_RS15935,0.0935897998393694
SGL_RS15805,SGL_RS12690,0.0935830869559105
SGL_RS04450,SGL_RS05930,0.0935819859420855
SGL_RS15210,SGL_RS09980,0.0935767182987942
SGL_RS01955,SGL_RS01360,0.0935736998259048
SGL_RS02990,SGL_RS12490,0.0935705609768879
SGL_RS10820,SGL_RS12735,0.0935697289500665
SGL_RS02510,SGL_RS11055,0.0935667763434737
SGL_RS11985,SGL_RS15850,0.0935643534389674
SGL_RS12430,SGL_RS03890,0.0935524757278441
SGL_RS14540,SGL_RS09290,0.0935488897630411
SGL_RS17760,SGL_RS18225,0.0935418400265516
SGL_RS10820,SGL_RS04675,0.0935340928129695
SGL_RS13130,SGL_RS15285,0.093525716584459
SGL_RS01955,SGL_RS16365,0.0935250406799207
SGL_RS15805,SGL_RS15300,0.0935213675111386
SGL_RS15965,SGL_RS14845,0.0935209156774817
SGL_RS12005,SGL_RS05360,0.0935125508539912
SGL_RS13820,SGL_RS05015,0.0935028304423114
SGL_RS00400,SGL_RS14640,0.0934906969890064
SGL_RS06340,SGL_RS04195,0.0934906731665812
SGL_RS15965,SGL_RS16215,0.0934867402025457
SGL_RS01980,SGL_RS02055,0.093486418334203
SGL_RS12430,SGL_RS13230,0.0934784515433625
SGL_RS02990,SGL_RS12155,0.0934683554257083
SGL_RS12595,SGL_RS02595,0.0934637897919191
SGL_RS07740,SGL_RS06470,0.0934618245863451
SGL_RS16495,SGL_RS12225,0.0934537707059184
SGL_RS17760,SGL_RS11885,0.0934436095817459
SGL_RS17395,SGL_RS14940,0.0934392975108485
SGL_RS07730,SGL_RS12310,0.0934391572663738
SGL_RS08500,SGL_RS07655,0.0934260662214618
SGL_RS04450,SGL_RS10005,0.0934173454757902
SGL_RS06340,SGL_RS12770,0.0933827514589067
SGL_RS17760,SGL_RS10070,0.0933788243198022
SGL_RS18290,SGL_RS14255,0.0933733499624729
SGL_RS04725,SGL_RS02200,0.0933665549082533
SGL_RS10820,SGL_RS05095,0.0933446161635509
SGL_RS12430,SGL_RS09170,0.0933393512077601
SGL_RS00670,SGL_RS00010,0.093338539937246
SGL_RS04725,SGL_RS17050,0.0933358333775175
SGL_RS15210,SGL_RS05540,0.0933344922372871
SGL_RS10605,SGL_RS08710,0.0933060192153778
SGL_RS01625,SGL_RS06565,0.0932985977890772
SGL_RS09285,SGL_RS04080,0.0932964602757958
SGL_RS16165,SGL_RS17975,0.0932926130853967
SGL_RS09285,SGL_RS13320,0.0932902847048158
SGL_RS12430,SGL_RS15445,0.0932821883871305
SGL_RS15965,SGL_RS17160,0.0932642180134736
SGL_RS11370,SGL_RS10260,0.0932534068276112
SGL_RS11370,SGL_RS13555,0.0932443568553734
SGL_RS12595,SGL_RS14315,0.0932418106040115
SGL_RS03065,SGL_RS06560,0.0932405532924631
SGL_RS00400,SGL_RS18635,0.0932360652325515
SGL_RS16495,SGL_RS11830,0.0932348968983929
SGL_RS00400,SGL_RS08325,0.0932228999550601
SGL_RS04055,SGL_RS02805,0.0932210423511838
SGL_RS09285,SGL_RS03085,0.0932163849318345
SGL_RS00400,SGL_RS00180,0.093215775201015
SGL_RS15965,SGL_RS16005,0.0932100804116686
SGL_RS04450,SGL_RS09205,0.0932051754341275
SGL_RS15805,SGL_RS03440,0.093196991101805
SGL_RS12595,SGL_RS09640,0.0931901577149185
SGL_RS01980,SGL_RS00085,0.0931818585413178
SGL_RS17395,SGL_RS06440,0.0931577721703683
SGL_RS15805,SGL_RS08455,0.09315532681905
SGL_RS00455,SGL_RS03675,0.0931401954167946
SGL_RS06480,SGL_RS02435,0.0931234700671561
SGL_RS12430,SGL_RS13155,0.0931175991445528
SGL_RS06215,SGL_RS16865,0.0931164196702026
SGL_RS18290,SGL_RS08915,0.0931020464502947
SGL_RS16495,SGL_RS18085,0.0931012281588007
SGL_RS06080,SGL_RS13345,0.093096990116832
SGL_RS03065,SGL_RS15760,0.0930806819776864
SGL_RS01625,SGL_RS08885,0.0930777216478019
SGL_RS02990,SGL_RS02545,0.0930662032632189
SGL_RS02470,SGL_RS07010,0.0930581981711703
SGL_RS12430,SGL_RS07815,0.0930566800056568
SGL_RS12430,SGL_RS09250,0.0930315053486037
SGL_RS00320,SGL_RS02170,0.0930290889583463
SGL_RS17760,SGL_RS04405,0.0930242604662966
SGL_RS09285,SGL_RS10990,0.0930214268451078
SGL_RS01980,SGL_RS06060,0.0930116973062287
SGL_RS08835,SGL_RS17760,0.0930054942217275
SGL_RS15805,SGL_RS03105,0.0930037943092059
SGL_RS00320,SGL_RS07955,0.0930030871609567
SGL_RS04820,SGL_RS13865,0.0929899572374587
SGL_RS08835,SGL_RS17780,0.0929892947523888
SGL_RS04450,SGL_RS16505,0.0929844420692614
SGL_RS04450,SGL_RS02450,0.0929658413037787
SGL_RS00400,SGL_RS01110,0.0929647168993856
SGL_RS12430,SGL_RS06970,0.0929625874489468
SGL_RS00400,SGL_RS04225,0.0929503384826523
SGL_RS15245,SGL_RS08440,0.0929479715420775
SGL_RS04450,SGL_RS04050,0.0929434610902569
SGL_RS05150,SGL_RS14455,0.0929405303067947
SGL_RS08500,SGL_RS15170,0.0929304298618191
SGL_RS17760,SGL_RS10830,0.0929237645895327
SGL_RS14385,SGL_RS16620,0.0929189657901093
SGL_RS15965,SGL_RS00235,0.0929124258719371
SGL_RS00075,SGL_RS01845,0.0929081851291533
SGL_RS12430,SGL_RS17640,0.0929077278647886
SGL_RS16495,SGL_RS01030,0.0929067924198578
SGL_RS14385,SGL_RS07970,0.092904414794592
SGL_RS01255,SGL_RS09815,0.0929018559832722
SGL_RS12430,SGL_RS04625,0.0928993091879954
SGL_RS12430,SGL_RS15810,0.0928978405328279
SGL_RS15210,SGL_RS07315,0.0928846290261733
SGL_RS12005,SGL_RS12650,0.0928808910235943
SGL_RS01955,SGL_RS13525,0.0928805548670862
SGL_RS01955,SGL_RS10705,0.0928768188238057
SGL_RS02510,SGL_RS05690,0.0928746709895348
SGL_RS18290,SGL_RS09430,0.0928507974594438
SGL_RS06410,SGL_RS06305,0.0928479065144086
SGL_RS01955,SGL_RS17635,0.0928442990991384
SGL_RS15965,SGL_RS03630,0.0928314398439514
SGL_RS12005,SGL_RS01130,0.0928303631575032
SGL_RS15805,SGL_RS16845,0.092824618762222
SGL_RS06080,SGL_RS19565,0.0928215488843391
SGL_RS10820,SGL_RS10805,0.0928200246043673
SGL_RS15805,SGL_RS13330,0.0928185860886016
SGL_RS17760,SGL_RS13465,0.0928044055551587
SGL_RS15965,SGL_RS17885,0.0927979159411629
SGL_RS16495,SGL_RS02800,0.0927977452989337
SGL_RS08210,SGL_RS16840,0.0927953027097876
SGL_RS11985,SGL_RS00190,0.0927951631835559
SGL_RS17440,SGL_RS11685,0.0927877762689334
SGL_RS13130,SGL_RS17505,0.09277618342395
SGL_RS13130,SGL_RS10445,0.0927698509275759
SGL_RS17245,SGL_RS05430,0.0927633179098429
SGL_RS00320,SGL_RS16855,0.0927382295025335
SGL_RS15965,SGL_RS15615,0.0927306459414779
SGL_RS13130,SGL_RS11560,0.0927264128192708
SGL_RS01215,SGL_RS00880,0.092724234966738
SGL_RS01980,SGL_RS14720,0.0927128655100708
SGL_RS06340,SGL_RS09085,0.0927105323244276
SGL_RS03065,SGL_RS11950,0.092706348685188
SGL_RS00400,SGL_RS00105,0.0927057744229925
SGL_RS13130,SGL_RS03030,0.0926863347004687
SGL_RS04615,SGL_RS05295,0.09267915882539
SGL_RS02990,SGL_RS09105,0.0926782750438151
SGL_RS12430,SGL_RS07880,0.0926716716799608
SGL_RS08835,SGL_RS14685,0.0926673097392888
SGL_RS06215,SGL_RS05140,0.0926604149541509
SGL_RS14165,SGL_RS14175,0.0926587773895409
SGL_RS09285,SGL_RS02560,0.0926443844083459
SGL_RS00455,SGL_RS02135,0.0926331086052379
SGL_RS04725,SGL_RS11020,0.0926206524830128
SGL_RS04450,SGL_RS09950,0.0926167105866559
SGL_RS04450,SGL_RS12910,0.0926161187613849
SGL_RS08210,SGL_RS08970,0.0926155498287179
SGL_RS15965,SGL_RS00600,0.0926060318305578
SGL_RS06410,SGL_RS12110,0.0926040865249372
SGL_RS00075,SGL_RS00110,0.0926033726516785
SGL_RS04725,SGL_RS09715,0.0925869528246376
SGL_RS18290,SGL_RS02755,0.0925851396023366
SGL_RS00400,SGL_RS01455,0.092571890782146
SGL_RS15805,SGL_RS17100,0.092567040355228
SGL_RS02020,SGL_RS10815,0.0925603448616567
SGL_RS15965,SGL_RS06075,0.0925527482736824
SGL_RS02470,SGL_RS14855,0.0925421325843527
SGL_RS14385,SGL_RS03230,0.0925359053993271
SGL_RS12430,SGL_RS05105,0.092535349024697
SGL_RS15965,SGL_RS17365,0.0925229429235737
SGL_RS17760,SGL_RS04255,0.0925074171952506
SGL_RS13130,SGL_RS15575,0.0925069452193814
SGL_RS15805,SGL_RS03115,0.0925057116008036
SGL_RS06410,SGL_RS05575,0.0924898586370374
SGL_RS08500,SGL_RS17540,0.0924870642101788
SGL_RS01980,SGL_RS20055,0.0924845168975726
SGL_RS00075,SGL_RS18470,0.092477434011787
SGL_RS16080,SGL_RS11300,0.0924695730306425
SGL_RS06215,SGL_RS19170,0.0924614120698836
SGL_RS12430,SGL_RS04290,0.0924579112744586
SGL_RS08165,SGL_RS20100,0.0924545727595029
SGL_RS12430,SGL_RS15340,0.0924514046157234
SGL_RS01980,SGL_RS00075,0.0924513411173166
SGL_RS15805,SGL_RS11500,0.092449198061014
SGL_RS12485,SGL_RS02790,0.0924442501439433
SGL_RS12430,SGL_RS07585,0.0924295364532866
SGL_RS11370,SGL_RS04450,0.0924266488891851
SGL_RS12430,SGL_RS11275,0.0924218572539281
SGL_RS14385,SGL_RS18385,0.0924142302146145
SGL_RS15965,SGL_RS08705,0.0924120214738101
SGL_RS10820,SGL_RS04205,0.0924106350440381
SGL_RS15965,SGL_RS16290,0.0924090910744704
SGL_RS14385,SGL_RS13195,0.092404986088645
SGL_RS00515,SGL_RS00040,0.0923977361086167
SGL_RS12430,SGL_RS11005,0.0923717853116063
SGL_RS17395,SGL_RS09275,0.0923509875515134
SGL_RS02020,SGL_RS00910,0.0923419665934839
SGL_RS15965,SGL_RS10710,0.0923410810097121
SGL_RS10820,SGL_RS03080,0.0923322898460267
SGL_RS12595,SGL_RS10960,0.0923248673714269
SGL_RS07730,SGL_RS13220,0.0923167501786566
SGL_RS05150,SGL_RS05335,0.0923147143911808
SGL_RS02020,SGL_RS01375,0.0923119179028015
SGL_RS04055,SGL_RS10455,0.0923061591252523
SGL_RS12430,SGL_RS16625,0.0923031875352042
SGL_RS15805,SGL_RS13055,0.0922988868326222
SGL_RS08500,SGL_RS08745,0.0922939601604575
SGL_RS08500,SGL_RS08120,0.0922896471300748
SGL_RS08835,SGL_RS02955,0.0922881587413045
SGL_RS08500,SGL_RS17050,0.0922804900390929
SGL_RS14385,SGL_RS07180,0.0922791402289996
SGL_RS00670,SGL_RS15735,0.0922753156259926
SGL_RS06340,SGL_RS08935,0.0922682716938212
SGL_RS01955,SGL_RS00500,0.0922661490313083
SGL_RS07740,SGL_RS14315,0.0922616737331129
SGL_RS02990,SGL_RS06440,0.092258233160489
SGL_RS17395,SGL_RS16930,0.0922461107193239
SGL_RS17245,SGL_RS03445,0.0922339124193992
SGL_RS11370,SGL_RS09265,0.0922305117839939
SGL_RS12430,SGL_RS09800,0.0922160077721958
SGL_RS04725,SGL_RS07150,0.0922147600149661
SGL_RS06340,SGL_RS08235,0.0922135577898808
SGL_RS09285,SGL_RS16515,0.0921886041317661
SGL_RS15965,SGL_RS16175,0.0921870790954307
SGL_RS14385,SGL_RS14620,0.0921820017476513
SGL_RS00400,SGL_RS01845,0.0921700971399228
SGL_RS01255,SGL_RS00965,0.0921569056334139
SGL_RS16495,SGL_RS15875,0.0921550549509042
SGL_RS15210,SGL_RS08525,0.092149830320873
SGL_RS01980,SGL_RS14730,0.0921448772765094
SGL_RS17245,SGL_RS16930,0.0921372563809244
SGL_RS17760,SGL_RS02195,0.0921371379211253
SGL_RS15805,SGL_RS17735,0.0921359310147656
SGL_RS17395,SGL_RS02940,0.0921315362014827
SGL_RS13820,SGL_RS17905,0.0921114119178953
SGL_RS06410,SGL_RS03330,0.0921110612926268
SGL_RS06410,SGL_RS13420,0.0921054830654859
SGL_RS00455,SGL_RS01055,0.0921048480944078
SGL_RS06215,SGL_RS17210,0.0921016567754839
SGL_RS02020,SGL_RS15975,0.0920907830828044
SGL_RS00455,SGL_RS15605,0.0920863313290147
SGL_RS17760,SGL_RS14480,0.0920858653785696
SGL_RS10820,SGL_RS06145,0.0920694792491627
SGL_RS10605,SGL_RS01655,0.0920652471796452
SGL_RS15245,SGL_RS07130,0.0920499484496059
SGL_RS14385,SGL_RS11850,0.0920386952395958
SGL_RS10820,SGL_RS03520,0.0920183712396405
SGL_RS06410,SGL_RS13990,0.0920103622496844
SGL_RS12595,SGL_RS06510,0.0920065104335791
SGL_RS01625,SGL_RS14005,0.0920040433411426
SGL_RS12430,SGL_RS16675,0.0920030843303292
SGL_RS04450,SGL_RS11085,0.0920016088126204
SGL_RS15965,SGL_RS00225,0.0919953607390577
SGL_RS13130,SGL_RS03065,0.091991569678523
SGL_RS03065,SGL_RS06070,0.0919879491176484
SGL_RS15965,SGL_RS15095,0.0919677024603042
SGL_RS17395,SGL_RS12050,0.091950174180719
SGL_RS15805,SGL_RS10650,0.0919387769816715
SGL_RS13820,SGL_RS03970,0.0919356813000986
SGL_RS03065,SGL_RS03060,0.0919050884384175
SGL_RS00515,SGL_RS12075,0.0919029040966938
SGL_RS10820,SGL_RS03340,0.0918909391354273
SGL_RS15965,SGL_RS02035,0.091890627000162
SGL_RS06215,SGL_RS17215,0.0918819319621362
SGL_RS15805,SGL_RS03175,0.0918801517760367
SGL_RS13130,SGL_RS13925,0.0918777462225747
SGL_RS18290,SGL_RS01740,0.0918556506884761
SGL_RS04055,SGL_RS13790,0.0918539249793427
SGL_RS15310,SGL_RS18025,0.0918443921728823
SGL_RS17760,SGL_RS09600,0.0918328884694184
SGL_RS04615,SGL_RS12480,0.0918321809159116
SGL_RS14385,SGL_RS10345,0.0918278081693381
SGL_RS01625,SGL_RS13070,0.0918257049440634
SGL_RS15805,SGL_RS13505,0.0918256084797144
SGL_RS10605,SGL_RS03455,0.0918158608369093
SGL_RS06080,SGL_RS00550,0.0918135440345958
SGL_RS06215,SGL_RS03385,0.0917969665046064
SGL_RS17245,SGL_RS13065,0.0917822657671867
SGL_RS04615,SGL_RS16455,0.091773358307904
SGL_RS15805,SGL_RS04650,0.0917528798139711
SGL_RS10605,SGL_RS04680,0.091742338060803
SGL_RS00400,SGL_RS11180,0.0917373189405915
SGL_RS08080,SGL_RS04995,0.0917369826391183
SGL_RS10820,SGL_RS13940,0.0917288863859235
SGL_RS17760,SGL_RS13240,0.0917280372752319
SGL_RS15210,SGL_RS04385,0.0917146405129543
SGL_RS11370,SGL_RS05730,0.0917120460371375
SGL_RS15805,SGL_RS08595,0.091701856314216
SGL_RS15210,SGL_RS07595,0.0916944353953311
SGL_RS09285,SGL_RS15570,0.0916859170320295
SGL_RS10605,SGL_RS11225,0.0916572079637881
SGL_RS02470,SGL_RS13625,0.0916513600297596
SGL_RS14540,SGL_RS06610,0.0916426271139704
SGL_RS17395,SGL_RS10455,0.0916361541405443
SGL_RS10820,SGL_RS04340,0.0916353310729814
SGL_RS12430,SGL_RS07470,0.091628337067355
SGL_RS17760,SGL_RS08835,0.0916177957392739
SGL_RS10605,SGL_RS05675,0.0916076443318102
SGL_RS16495,SGL_RS16570,0.09158918351192
SGL_RS17760,SGL_RS10705,0.0915891235642798
SGL_RS12430,SGL_RS07050,0.0915852784170397
SGL_RS11285,SGL_RS15920,0.0915796826303474
SGL_RS15805,SGL_RS08185,0.0915783579209965
SGL_RS15245,SGL_RS03925,0.091572471400421
SGL_RS07535,SGL_RS11355,0.0915719246772543
SGL_RS00515,SGL_RS03715,0.0915669679457369
SGL_RS06410,SGL_RS19915,0.0915485425584253
SGL_RS15965,SGL_RS00275,0.0915404710414469
SGL_RS15965,SGL_RS04710,0.0915397577742118
SGL_RS12430,SGL_RS15230,0.0915344652745866
SGL_RS04725,SGL_RS07355,0.0915323682032079
SGL_RS07975,SGL_RS04790,0.0915271552800949
SGL_RS14385,SGL_RS11425,0.0915264173482907
SGL_RS10820,SGL_RS00915,0.091519776204634
SGL_RS06215,SGL_RS07660,0.0915146565156195
SGL_RS17760,SGL_RS04085,0.0915081536431777
SGL_RS17245,SGL_RS05720,0.0915053388396613
SGL_RS15310,SGL_RS10850,0.0915022644023027
SGL_RS14385,SGL_RS13640,0.0915020941100005
SGL_RS06480,SGL_RS06805,0.091497100957949
SGL_RS15805,SGL_RS13135,0.0914932646907059
SGL_RS08210,SGL_RS10575,0.09148741827915
SGL_RS00400,SGL_RS04300,0.0914742779825202
SGL_RS15805,SGL_RS20175,0.0914718507988483
SGL_RS12005,SGL_RS13200,0.0914692361736423
SGL_RS03065,SGL_RS04470,0.0914664192739831
SGL_RS00455,SGL_RS00120,0.0914652471592343
SGL_RS10605,SGL_RS10250,0.0914610529195179
SGL_RS15210,SGL_RS03350,0.0914609046646053
SGL_RS11370,SGL_RS09380,0.091440884376978
SGL_RS16165,SGL_RS11565,0.0914323622162399
SGL_RS15805,SGL_RS09895,0.0914295836457702
SGL_RS00320,SGL_RS08730,0.0914234952449979
SGL_RS08080,SGL_RS01480,0.0914113434091475
SGL_RS15965,SGL_RS04880,0.0914112479788067
SGL_RS10820,SGL_RS02930,0.0914042474947832
SGL_RS07730,SGL_RS17015,0.0914018789925107
SGL_RS11285,SGL_RS14290,0.09139575493306
SGL_RS05150,SGL_RS17605,0.0913892289891925
SGL_RS15965,SGL_RS00315,0.0913818687275752
SGL_RS18290,SGL_RS15285,0.0913777025899593
SGL_RS01980,SGL_RS11905,0.0913730832280983
SGL_RS15245,SGL_RS09035,0.0913682618589054
SGL_RS13820,SGL_RS07290,0.0913680867013753
SGL_RS00455,SGL_RS01585,0.0913677594191242
SGL_RS15805,SGL_RS13435,0.0913673762771619
SGL_RS00400,SGL_RS10840,0.0913593830109454
SGL_RS14385,SGL_RS08620,0.0913586283785535
SGL_RS06410,SGL_RS12120,0.0913568645352401
SGL_RS12430,SGL_RS07575,0.091356662919381
SGL_RS16495,SGL_RS20195,0.0913561154832643
SGL_RS15965,SGL_RS00265,0.0913532269478353
SGL_RS17395,SGL_RS11280,0.0913506679530573
SGL_RS06340,SGL_RS16530,0.0913499257277815
SGL_RS09285,SGL_RS09360,0.0913438428541627
SGL_RS07535,SGL_RS06870,0.0913347992370935
SGL_RS00320,SGL_RS14690,0.0913317916344657
SGL_RS01625,SGL_RS17725,0.09132742955625
SGL_RS00515,SGL_RS00355,0.091322316112563
SGL_RS15965,SGL_RS00540,0.0913160341411597
SGL_RS04055,SGL_RS11125,0.0913152938708543
SGL_RS14385,SGL_RS01935,0.0913119312046503
SGL_RS15805,SGL_RS03450,0.0913059590048202
SGL_RS12430,SGL_RS04730,0.0913007038102262
SGL_RS00670,SGL_RS01060,0.0912963967439898
SGL_RS04055,SGL_RS08635,0.0912961260589619
SGL_RS06080,SGL_RS19425,0.0912906742873977
SGL_RS02990,SGL_RS07125,0.091287578649905
SGL_RS08520,SGL_RS19435,0.0912853386973835
SGL_RS00400,SGL_RS00590,0.0912802544046132
SGL_RS15805,SGL_RS17230,0.0912782046791491
SGL_RS00320,SGL_RS01720,0.091266452364279
SGL_RS14385,SGL_RS02865,0.0912642132617726
SGL_RS06215,SGL_RS03340,0.0912586132719279
SGL_RS00400,SGL_RS01960,0.091249988558132
SGL_RS10605,SGL_RS01660,0.091247553396653
SGL_RS12430,SGL_RS05555,0.0912398939915543
SGL_RS08500,SGL_RS16540,0.0912321590570023
SGL_RS06410,SGL_RS04275,0.091223037231479
SGL_RS15965,SGL_RS03020,0.0912226877855051
SGL_RS04055,SGL_RS18040,0.0912223798518522
SGL_RS04450,SGL_RS11445,0.0912217981770491
SGL_RS08835,SGL_RS16290,0.0912205553791215
SGL_RS04450,SGL_RS05970,0.0912125399020162
SGL_RS09285,SGL_RS15805,0.0912071754441917
SGL_RS08500,SGL_RS02625,0.0912052255489811
SGL_RS11370,SGL_RS08120,0.0911976326025821
SGL_RS00400,SGL_RS09530,0.0911778549452073
SGL_RS12595,SGL_RS12400,0.0911468526760847
SGL_RS15965,SGL_RS14970,0.0911421718027813
SGL_RS18290,SGL_RS03490,0.0911219991585154
SGL_RS09285,SGL_RS06800,0.0911204470983782
SGL_RS14385,SGL_RS14420,0.091109726280894
SGL_RS04725,SGL_RS17045,0.091091756290812
SGL_RS08500,SGL_RS02960,0.0910833827097024
SGL_RS08835,SGL_RS03885,0.0910808275955006
SGL_RS13130,SGL_RS11555,0.0910783995497916
SGL_RS01625,SGL_RS00795,0.0910741647954079
SGL_RS17760,SGL_RS14790,0.0910740606492356
SGL_RS17395,SGL_RS13975,0.0910667579789798
SGL_RS06410,SGL_RS07410,0.0910647944622408
SGL_RS12430,SGL_RS04100,0.0910629508180958
SGL_RS00320,SGL_RS01570,0.0910581486326642
SGL_RS12430,SGL_RS13390,0.0910406231124232
SGL_RS00670,SGL_RS18620,0.0910326726232472
SGL_RS04450,SGL_RS11840,0.0910206851269638
SGL_RS07730,SGL_RS04135,0.0910041638425528
SGL_RS17395,SGL_RS18325,0.0910024086997463
SGL_RS12430,SGL_RS17055,0.091001942128128
SGL_RS12005,SGL_RS04410,0.0909955705394923
SGL_RS09285,SGL_RS07810,0.0909947753927582
SGL_RS04450,SGL_RS12475,0.090975184122784
SGL_RS04450,SGL_RS11475,0.0909682692687578
SGL_RS09285,SGL_RS09375,0.0909598085084485
SGL_RS17395,SGL_RS14555,0.0909531902496306
SGL_RS15805,SGL_RS07180,0.0909516029556608
SGL_RS00400,SGL_RS01450,0.0909482885169855
SGL_RS12430,SGL_RS10425,0.0909381413733506
SGL_RS17395,SGL_RS03985,0.0909293623694548
SGL_RS01625,SGL_RS05170,0.0909257744001874
SGL_RS17395,SGL_RS09660,0.0909156660167365
SGL_RS16495,SGL_RS19845,0.0909103239751149
SGL_RS06480,SGL_RS17930,0.0909087748065034
SGL_RS11285,SGL_RS15740,0.0908932604128523
SGL_RS12595,SGL_RS04650,0.0908850411281522
SGL_RS16080,SGL_RS16050,0.0908574904467692
SGL_RS00400,SGL_RS00670,0.0908492084816632
SGL_RS15965,SGL_RS07450,0.0908325455892375
SGL_RS15805,SGL_RS13890,0.0908296614441316
SGL_RS14385,SGL_RS09045,0.0908190189092731
SGL_RS14385,SGL_RS18170,0.0908044637300041
SGL_RS10755,SGL_RS17020,0.0907915808394071
SGL_RS17760,SGL_RS04340,0.0907827749172411
SGL_RS11370,SGL_RS12200,0.0907774946462531
SGL_RS01980,SGL_RS09050,0.090738993584396
SGL_RS00400,SGL_RS19430,0.0907384291206272
SGL_RS04450,SGL_RS15240,0.090738299601255
SGL_RS17395,SGL_RS14750,0.0907051083271406
SGL_RS08210,SGL_RS13165,0.0907037597760681
SGL_RS06080,SGL_RS17325,0.0906955493549384
SGL_RS09285,SGL_RS07710,0.0906885063635012
SGL_RS17395,SGL_RS02810,0.0906845917654471
SGL_RS10605,SGL_RS06845,0.0906825697920518
SGL_RS15805,SGL_RS17445,0.0906775896922292
SGL_RS12430,SGL_RS17450,0.0906720621751976
SGL_RS17760,SGL_RS15210,0.0906441877353857
SGL_RS01955,SGL_RS00755,0.09063864587163
SGL_RS10820,SGL_RS06590,0.0906295679690632
SGL_RS12595,SGL_RS16935,0.0906290067055812
SGL_RS09285,SGL_RS10150,0.0906119028194642
SGL_RS04055,SGL_RS02800,0.0906040446206485
SGL_RS17760,SGL_RS19625,0.0906006891818143
SGL_RS10820,SGL_RS09075,0.090596668173712
SGL_RS15805,SGL_RS03805,0.0905899145580616
SGL_RS12005,SGL_RS00680,0.0905846877913175
SGL_RS10820,SGL_RS17990,0.0905821629387731
SGL_RS15965,SGL_RS01110,0.0905768852202391
SGL_RS18290,SGL_RS14085,0.0905712274393743
SGL_RS00320,SGL_RS11665,0.0905652581939322
SGL_RS10820,SGL_RS09555,0.0905513377488805
SGL_RS00400,SGL_RS03595,0.0905371916814322
SGL_RS17395,SGL_RS02855,0.0905347634453606
SGL_RS14610,SGL_RS05255,0.0905323778460467
SGL_RS06340,SGL_RS02475,0.0905040236855482
SGL_RS12430,SGL_RS03065,0.0905026309133023
SGL_RS11285,SGL_RS17530,0.090495410682346
SGL_RS08835,SGL_RS07235,0.0904939797255659
SGL_RS14610,SGL_RS09150,0.0904898572399434
SGL_RS15805,SGL_RS00825,0.0904871810810281
SGL_RS01980,SGL_RS00120,0.0904840308299286
SGL_RS13130,SGL_RS15430,0.0904804990649767
SGL_RS12430,SGL_RS04470,0.0904719281504354
SGL_RS02020,SGL_RS00370,0.0904686031761639
SGL_RS14385,SGL_RS09835,0.0904677066026923
SGL_RS17395,SGL_RS10870,0.0904670143443796
SGL_RS15805,SGL_RS06985,0.0904603130388815
SGL_RS12430,SGL_RS10400,0.0904584545069296
SGL_RS01215,SGL_RS00965,0.0904385023582895
SGL_RS16080,SGL_RS05995,0.0904345458118673
SGL_RS12005,SGL_RS09810,0.0904321465096551
SGL_RS15215,SGL_RS13260,0.0904252744138466
SGL_RS18290,SGL_RS13130,0.0904145339350587
SGL_RS14385,SGL_RS13505,0.0904144554976114
SGL_RS10820,SGL_RS15670,0.0904081076167164
SGL_RS08210,SGL_RS03420,0.0904075123474656
SGL_RS04055,SGL_RS11750,0.0903968340957849
SGL_RS16495,SGL_RS19775,0.0903916092860786
SGL_RS10820,SGL_RS16595,0.0903904533036627
SGL_RS14385,SGL_RS06425,0.090387948906268
SGL_RS11985,SGL_RS02410,0.0903812177550576
SGL_RS16165,SGL_RS17920,0.090372961021391
SGL_RS14610,SGL_RS11105,0.0903674432394885
SGL_RS17760,SGL_RS18370,0.0903628379692335
SGL_RS05150,SGL_RS05195,0.0903556244112663
SGL_RS17760,SGL_RS14785,0.0903527837929831
SGL_RS02990,SGL_RS08500,0.090351882457002
SGL_RS07535,SGL_RS02595,0.0903450997207421
SGL_RS10605,SGL_RS06420,0.0903259598859927
SGL_RS00320,SGL_RS09735,0.0903243108212735
SGL_RS15210,SGL_RS10980,0.0903129034220499
SGL_RS09285,SGL_RS06040,0.0903124613594641
SGL_RS04450,SGL_RS13790,0.0902968220798177
SGL_RS12430,SGL_RS08715,0.0902769632256436
SGL_RS01980,SGL_RS03640,0.0902709122138764
SGL_RS11285,SGL_RS11640,0.0902632681688397
SGL_RS15805,SGL_RS05175,0.0902577678552157
SGL_RS00515,SGL_RS11715,0.090254556575955
SGL_RS07535,SGL_RS11415,0.0902545007952827
SGL_RS11370,SGL_RS18185,0.0902511892314441
SGL_RS00515,SGL_RS00655,0.0902510702034413
SGL_RS12430,SGL_RS13060,0.0902473503165292
SGL_RS15210,SGL_RS07385,0.090247182983366
SGL_RS01215,SGL_RS00885,0.0902465846580393
SGL_RS12005,SGL_RS12140,0.0902409560990013
SGL_RS02470,SGL_RS05770,0.0902371597193306
SGL_RS12430,SGL_RS06380,0.0902259526369287
SGL_RS00455,SGL_RS00350,0.090223668302193
SGL_RS01215,SGL_RS00865,0.0902185160913386
SGL_RS13130,SGL_RS17835,0.0902136279508403
SGL_RS13130,SGL_RS12150,0.0902023979924827
SGL_RS11985,SGL_RS00500,0.0901985700317582
SGL_RS12430,SGL_RS14400,0.0901889711193003
SGL_RS13820,SGL_RS13965,0.0901812741051694
SGL_RS15805,SGL_RS14080,0.0901546112600336
SGL_RS01980,SGL_RS00290,0.0901518210987912
SGL_RS01980,SGL_RS15895,0.0901501470045302
SGL_RS12430,SGL_RS09850,0.0901240421248896
SGL_RS01255,SGL_RS02030,0.0901214823933462
SGL_RS13820,SGL_RS15445,0.0901197242683578
SGL_RS15805,SGL_RS03940,0.0901019198353602
SGL_RS08210,SGL_RS18240,0.0901010443556308
SGL_RS10605,SGL_RS11795,0.0900886358702983
SGL_RS11285,SGL_RS12820,0.0900871759073267
SGL_RS15805,SGL_RS17705,0.0900779877596063
SGL_RS04450,SGL_RS18040,0.0900646481102232
SGL_RS00400,SGL_RS00405,0.0900632757043967
SGL_RS00400,SGL_RS02920,0.0900631276041809
SGL_RS17395,SGL_RS13870,0.0900617081397374
SGL_RS10820,SGL_RS05085,0.090054908795785
SGL_RS07730,SGL_RS12725,0.0900526023358763
SGL_RS18290,SGL_RS14240,0.0900427456515548
SGL_RS07730,SGL_RS06380,0.0900373343005957
SGL_RS10820,SGL_RS12170,0.0900364843358209
SGL_RS16495,SGL_RS13920,0.0900363717693021
SGL_RS11985,SGL_RS13260,0.0900347879080071
SGL_RS15965,SGL_RS03570,0.0900331406437328
SGL_RS06080,SGL_RS16165,0.0900302971148443
SGL_RS00455,SGL_RS13350,0.0900285304108671
SGL_RS04615,SGL_RS08635,0.0900251310705041
SGL_RS00515,SGL_RS04495,0.0900238484489759
SGL_RS12005,SGL_RS11935,0.0900204738106452
SGL_RS13130,SGL_RS08260,0.0900188725273008
SGL_RS15210,SGL_RS07400,0.0900128790292324
SGL_RS00455,SGL_RS00955,0.0900074376812539
SGL_RS11285,SGL_RS15840,0.0900042562536246
SGL_RS07730,SGL_RS00830,0.0900014800515286
SGL_RS04820,SGL_RS13400,0.0899965370579253
SGL_RS10820,SGL_RS11375,0.0899939242118617
SGL_RS15805,SGL_RS02530,0.089990537389486
SGL_RS06080,SGL_RS09930,0.0899869954998931
SGL_RS08835,SGL_RS00600,0.0899760982259932
SGL_RS15805,SGL_RS02795,0.0899680214438734
SGL_RS15805,SGL_RS03395,0.0899664834714588
SGL_RS01980,SGL_RS01965,0.089957008805858
SGL_RS13820,SGL_RS15435,0.0899565877727097
SGL_RS04055,SGL_RS13845,0.0899558807187367
SGL_RS15965,SGL_RS19195,0.0899452227321865
SGL_RS17395,SGL_RS14770,0.0899272362355984
SGL_RS04055,SGL_RS02270,0.0899258122379479
SGL_RS17760,SGL_RS06405,0.0899239625892667
SGL_RS04725,SGL_RS09325,0.0899175544986788
SGL_RS00400,SGL_RS16425,0.0899146218908888
SGL_RS12430,SGL_RS18200,0.0899134502767913
SGL_RS09285,SGL_RS15645,0.0899071872587564
SGL_RS04450,SGL_RS10800,0.0899010484771606
SGL_RS17760,SGL_RS12815,0.0899003856590595
SGL_RS10820,SGL_RS05340,0.0898977208691178
SGL_RS08080,SGL_RS05120,0.089897011930118
SGL_RS08835,SGL_RS12565,0.0898935062929178
SGL_RS15805,SGL_RS15225,0.0898826497779964
SGL_RS15215,SGL_RS07835,0.0898776689032145
SGL_RS16495,SGL_RS11865,0.0898725873798478
SGL_RS11370,SGL_RS06270,0.0898695645220781
SGL_RS04055,SGL_RS08140,0.0898651113033372
SGL_RS17395,SGL_RS16330,0.0898433868430246
SGL_RS09285,SGL_RS11800,0.0898418085817368
SGL_RS04055,SGL_RS10880,0.0898267294191322
SGL_RS09285,SGL_RS02620,0.0898215415223477
SGL_RS09285,SGL_RS11625,0.0898103346146741
SGL_RS17395,SGL_RS09700,0.0897954975203162
SGL_RS08500,SGL_RS06695,0.0897954228093162
SGL_RS13130,SGL_RS10570,0.0897928955318815
SGL_RS10605,SGL_RS15160,0.0897924880977634
SGL_RS18290,SGL_RS03300,0.0897756748883868
SGL_RS10605,SGL_RS12030,0.0897717645503303
SGL_RS06340,SGL_RS02120,0.089762442543436
SGL_RS16495,SGL_RS00045,0.0897606632180314
SGL_RS12595,SGL_RS06455,0.0897441312797383
SGL_RS00670,SGL_RS01525,0.0897398124014506
SGL_RS02990,SGL_RS17270,0.0897382477967346
SGL_RS03065,SGL_RS10425,0.0897326217118514
SGL_RS08500,SGL_RS15455,0.0897286515602822
SGL_RS17440,SGL_RS06860,0.0897189119872482
SGL_RS02020,SGL_RS19720,0.0896978498685415
SGL_RS17245,SGL_RS13385,0.0896965422410634
SGL_RS15965,SGL_RS07930,0.0896906455764355
SGL_RS08165,SGL_RS15050,0.0896699713065275
SGL_RS15805,SGL_RS06355,0.0896604890915361
SGL_RS17760,SGL_RS07415,0.0896597638945977
SGL_RS08835,SGL_RS13645,0.089650509309201
SGL_RS15965,SGL_RS15935,0.0896406862751504
SGL_RS11835,SGL_RS06525,0.0896375209981708
SGL_RS08080,SGL_RS20095,0.0896214122052468
SGL_RS17395,SGL_RS13115,0.0896188069090621
SGL_RS10820,SGL_RS05020,0.0896080692010932
SGL_RS12430,SGL_RS06455,0.0896009117485774
SGL_RS16495,SGL_RS06000,0.0895871757731542
SGL_RS10820,SGL_RS14795,0.089583254733189
SGL_RS10820,SGL_RS13215,0.0895742662355608
SGL_RS06410,SGL_RS09740,0.0895481141684091
SGL_RS01980,SGL_RS02050,0.0895431723711477
SGL_RS02510,SGL_RS09090,0.0895401065351227
SGL_RS12005,SGL_RS02185,0.0895366924453235
SGL_RS15965,SGL_RS00355,0.0895360320270281
SGL_RS15805,SGL_RS13080,0.0895350199386105
SGL_RS11370,SGL_RS10800,0.0895327961395782
SGL_RS17760,SGL_RS04400,0.089524458161914
SGL_RS09285,SGL_RS11635,0.0895203741114151
SGL_RS15965,SGL_RS15925,0.0895203143840114
SGL_RS17120,SGL_RS07975,0.0895165123697859
SGL_RS13130,SGL_RS12255,0.0895141809224414
SGL_RS12595,SGL_RS10140,0.0895134421645853
SGL_RS08500,SGL_RS04875,0.0895132318278883
SGL_RS10605,SGL_RS05220,0.0895080842636397
SGL_RS06340,SGL_RS04755,0.0895065947960448
SGL_RS10605,SGL_RS07630,0.089502527197892
SGL_RS13820,SGL_RS08020,0.0894871834838013
SGL_RS15245,SGL_RS14890,0.0894432201311447
SGL_RS14385,SGL_RS03125,0.089439482039924
SGL_RS12430,SGL_RS18655,0.089437957622519
SGL_RS05150,SGL_RS02185,0.089423721594311
SGL_RS07730,SGL_RS13840,0.0894143599406641
SGL_RS15805,SGL_RS18060,0.0894080862945512
SGL_RS12595,SGL_RS08000,0.089398951158727
SGL_RS01980,SGL_RS00410,0.0893858447195715
SGL_RS15805,SGL_RS13730,0.0893839399463733
SGL_RS17760,SGL_RS18200,0.089377894348606
SGL_RS07535,SGL_RS08210,0.0893771318626082
SGL_RS08835,SGL_RS06575,0.0893709692981936
SGL_RS15965,SGL_RS08730,0.0893635384658292
SGL_RS18290,SGL_RS15760,0.0893506683959232
SGL_RS04055,SGL_RS14950,0.0893403283811023
SGL_RS07730,SGL_RS06945,0.0893367059362592
SGL_RS01980,SGL_RS15540,0.0893318483460402
SGL_RS06340,SGL_RS17400,0.0893307640213907
SGL_RS02510,SGL_RS02275,0.0893243976323653
SGL_RS14385,SGL_RS10320,0.0893211388561832
SGL_RS03065,SGL_RS04880,0.0893132642986643
SGL_RS11370,SGL_RS02105,0.0893087571067738
SGL_RS15965,SGL_RS00545,0.0893073056375842
SGL_RS08500,SGL_RS13840,0.0893053993452823
SGL_RS08835,SGL_RS05570,0.0893036584574566
SGL_RS04615,SGL_RS03325,0.0893028040927561
SGL_RS09285,SGL_RS02155,0.0893014779215407
SGL_RS12430,SGL_RS14550,0.0892938204110226
SGL_RS16080,SGL_RS20120,0.0892930710207094
SGL_RS15805,SGL_RS11740,0.0892912426119144
SGL_RS10605,SGL_RS13660,0.0892808619174286
SGL_RS10820,SGL_RS04410,0.0892783347963346
SGL_RS14385,SGL_RS02490,0.0892657410555435
SGL_RS17760,SGL_RS05365,0.0892653681127346
SGL_RS04450,SGL_RS14075,0.0892443298387604
SGL_RS08835,SGL_RS14850,0.0892421206071166
SGL_RS08165,SGL_RS20110,0.0892372912178542
SGL_RS00455,SGL_RS01745,0.0892335101215869
SGL_RS17760,SGL_RS10195,0.0892298847258771
SGL_RS12430,SGL_RS10155,0.0892280128351787
SGL_RS06215,SGL_RS06985,0.0892241882378304
SGL_RS01955,SGL_RS17735,0.0892227057389435
SGL_RS10605,SGL_RS05180,0.0892166005432539
SGL_RS15245,SGL_RS15705,0.0891978338883399
SGL_RS00400,SGL_RS09730,0.0891923586872442
SGL_RS02470,SGL_RS05665,0.0891904980573574
SGL_RS15585,SGL_RS02690,0.0891812799543839
SGL_RS15245,SGL_RS13870,0.0891812698448291
SGL_RS01980,SGL_RS05375,0.0891772786603784
SGL_RS04615,SGL_RS13910,0.0891729232700292
SGL_RS03065,SGL_RS10225,0.0891613726435883
SGL_RS04450,SGL_RS10880,0.0891580092652784
SGL_RS03065,SGL_RS02415,0.0891563458677985
SGL_RS06215,SGL_RS19560,0.0891549971095146
SGL_RS18290,SGL_RS18755,0.0891475053967917
SGL_RS04725,SGL_RS11485,0.0891454027321548
SGL_RS00400,SGL_RS06385,0.0891447717898093
SGL_RS10820,SGL_RS03350,0.0891365264214266
SGL_RS06340,SGL_RS07715,0.0891308564332671
SGL_RS00320,SGL_RS09445,0.0891268981277503
SGL_RS14540,SGL_RS04450,0.0891260359353915
SGL_RS12595,SGL_RS11795,0.0891243334966648
SGL_RS15965,SGL_RS07075,0.0891157031773266
SGL_RS15245,SGL_RS12835,0.0891129908677601
SGL_RS18290,SGL_RS12550,0.0891021909754944
SGL_RS06410,SGL_RS07390,0.0890985841785362
SGL_RS08210,SGL_RS05100,0.0890955386819185
SGL_RS10605,SGL_RS10615,0.0890887517014043
SGL_RS06215,SGL_RS16515,0.0890859575443515
SGL_RS00320,SGL_RS04770,0.0890762885938013
SGL_RS17395,SGL_RS09330,0.0890760949592714
SGL_RS04055,SGL_RS03325,0.089075778576657
SGL_RS10820,SGL_RS11255,0.0890561961474122
SGL_RS00320,SGL_RS16415,0.0890545925089758
SGL_RS07730,SGL_RS16715,0.0890407711318742
SGL_RS13820,SGL_RS04875,0.0890216561853902
SGL_RS08080,SGL_RS12605,0.0890200448334429
SGL_RS17120,SGL_RS01675,0.0890176487123018
SGL_RS01625,SGL_RS17205,0.0890155158471521
SGL_RS08500,SGL_RS13155,0.0890145779678709
SGL_RS09285,SGL_RS13735,0.0890078746341995
SGL_RS17440,SGL_RS04890,0.089005999312084
SGL_RS04055,SGL_RS17345,0.0890013117561629
SGL_RS15805,SGL_RS12685,0.0889998441625313
SGL_RS00515,SGL_RS16110,0.0889696959839503
SGL_RS17440,SGL_RS10680,0.088959221102268
SGL_RS17760,SGL_RS16290,0.0889552196658989
SGL_RS02020,SGL_RS10035,0.0889485107700109
SGL_RS17760,SGL_RS09310,0.0889393048553157
SGL_RS15805,SGL_RS01880,0.0889287905097552
SGL_RS10820,SGL_RS16830,0.08892226746836
SGL_RS13130,SGL_RS03490,0.0889152557948462
SGL_RS08835,SGL_RS02210,0.0889124633978395
SGL_RS11285,SGL_RS07205,0.0889059645884478
SGL_RS12430,SGL_RS17735,0.0888944791807281
SGL_RS15805,SGL_RS12970,0.088888467046992
SGL_RS00515,SGL_RS07615,0.0888764117598514
SGL_RS12430,SGL_RS14155,0.0888702803600122
SGL_RS15805,SGL_RS13250,0.0888624864491699
SGL_RS10605,SGL_RS17305,0.0888600266783612
SGL_RS00455,SGL_RS06835,0.088859506147549
SGL_RS15965,SGL_RS08405,0.0888489381153805
SGL_RS04055,SGL_RS16960,0.0888486429556553
SGL_RS09285,SGL_RS02360,0.0888382825455844
SGL_RS00400,SGL_RS16275,0.0888243513763365
SGL_RS07730,SGL_RS03320,0.0888242892783038
SGL_RS12005,SGL_RS14710,0.088823469476533
SGL_RS15965,SGL_RS16000,0.0888170801442999
SGL_RS12595,SGL_RS15835,0.088805042196306
SGL_RS13130,SGL_RS03145,0.0888045900255496
SGL_RS15805,SGL_RS13690,0.0888006720937931
SGL_RS03065,SGL_RS13930,0.088792710580618
SGL_RS06215,SGL_RS12365,0.0887782749612448
SGL_RS06340,SGL_RS02480,0.0887566060844716
SGL_RS10820,SGL_RS13990,0.0887467875443516
SGL_RS04450,SGL_RS10150,0.0887361839096038
SGL_RS17760,SGL_RS06575,0.0887303806613398
SGL_RS04615,SGL_RS03985,0.0887287051756323
SGL_RS15805,SGL_RS09385,0.0887106458715137
SGL_RS14540,SGL_RS11855,0.088710225621165
SGL_RS07730,SGL_RS12905,0.0887078910300678
SGL_RS00515,SGL_RS05165,0.0887065712906775
SGL_RS17760,SGL_RS16155,0.0887065161589653
SGL_RS12430,SGL_RS08700,0.0886943805964169
SGL_RS06340,SGL_RS09645,0.0886943553440315
SGL_RS07975,SGL_RS15440,0.0886856002441393
SGL_RS00400,SGL_RS14840,0.0886593560576724
SGL_RS15965,SGL_RS07435,0.0886561935175619
SGL_RS15805,SGL_RS14010,0.0886536060693689
SGL_RS01215,SGL_RS19310,0.0886424493375953
SGL_RS06080,SGL_RS19375,0.0886377296967837
SGL_RS14540,SGL_RS00810,0.0886344707537938
SGL_RS17760,SGL_RS04805,0.0886336601046442
SGL_RS15245,SGL_RS00170,0.0886241506172733
SGL_RS15965,SGL_RS10045,0.0886195348899551
SGL_RS03065,SGL_RS18270,0.0886067166927975
SGL_RS09285,SGL_RS10140,0.088604076472439
SGL_RS00400,SGL_RS18905,0.0886002702656753
SGL_RS17395,SGL_RS06535,0.0886001760175401
SGL_RS08500,SGL_RS02570,0.0885989560772006
SGL_RS15965,SGL_RS03625,0.0885970281785366
SGL_RS12595,SGL_RS13190,0.0885873978669981
SGL_RS16080,SGL_RS08140,0.088576132914558
SGL_RS00515,SGL_RS16570,0.0885759829951716
SGL_RS11370,SGL_RS15245,0.0885721645973271
SGL_RS10820,SGL_RS10395,0.0885709840284958
SGL_RS15585,SGL_RS04740,0.0885697044687308
SGL_RS00400,SGL_RS03670,0.0885582706203147
SGL_RS10820,SGL_RS09310,0.0885524940373125
SGL_RS16495,SGL_RS13610,0.0885499541435523
SGL_RS08210,SGL_RS16895,0.0885475141802575
SGL_RS17245,SGL_RS15260,0.0885445007213807
SGL_RS08520,SGL_RS16040,0.0885436999628763
SGL_RS00400,SGL_RS15165,0.088540680681411
SGL_RS17245,SGL_RS16710,0.0885335016518869
SGL_RS15965,SGL_RS04910,0.0885151374027133
SGL_RS11285,SGL_RS13955,0.0885088644752594
SGL_RS15245,SGL_RS10490,0.088506155829233
SGL_RS12430,SGL_RS02550,0.0885044212229948
SGL_RS04450,SGL_RS02265,0.0884930060717389
SGL_RS15310,SGL_RS06625,0.0884883821173966
SGL_RS12595,SGL_RS12945,0.0884853860833038
SGL_RS10820,SGL_RS10730,0.0884778759201921
SGL_RS07535,SGL_RS08940,0.0884710401355614
SGL_RS00670,SGL_RS08325,0.0884674100061586
SGL_RS15805,SGL_RS14630,0.0884658391280712
SGL_RS12430,SGL_RS02310,0.0884636884198004
SGL_RS10605,SGL_RS14080,0.0884628738613726
SGL_RS02990,SGL_RS10725,0.0884558351992478
SGL_RS04725,SGL_RS09705,0.0884421127283612
SGL_RS12595,SGL_RS12840,0.0884410306632316
SGL_RS01980,SGL_RS00570,0.088437219604004
SGL_RS11370,SGL_RS03920,0.0884342121129454
SGL_RS17760,SGL_RS09315,0.0884299006559007
SGL_RS04055,SGL_RS15520,0.0884273946585029
SGL_RS15965,SGL_RS04395,0.088423692987897
SGL_RS12430,SGL_RS09825,0.0884099180833088
SGL_RS02470,SGL_RS19690,0.0884093109692665
SGL_RS01955,SGL_RS00825,0.088402712156084
SGL_RS06410,SGL_RS03865,0.0883965008409711
SGL_RS03065,SGL_RS14500,0.0883928802787549
SGL_RS06080,SGL_RS00710,0.0883803996000605
SGL_RS08835,SGL_RS19195,0.0883788013217536
SGL_RS12430,SGL_RS04915,0.0883780741381063
SGL_RS00670,SGL_RS01445,0.088376031732054
SGL_RS10820,SGL_RS05190,0.0883721356898318
SGL_RS15210,SGL_RS12815,0.088371184721283
SGL_RS17760,SGL_RS17635,0.088368750507192
SGL_RS15805,SGL_RS16255,0.0883603908459323
SGL_RS00320,SGL_RS00970,0.0883579485544546
SGL_RS11835,SGL_RS15310,0.0883456312424606
SGL_RS04450,SGL_RS17420,0.0883398969600787
SGL_RS17760,SGL_RS00215,0.0883370501885723
SGL_RS03065,SGL_RS17170,0.0883350393042588
SGL_RS09285,SGL_RS18035,0.0883326814913677
SGL_RS02990,SGL_RS11000,0.0883299842321045
SGL_RS08210,SGL_RS15700,0.0883274715417304
SGL_RS13820,SGL_RS17450,0.0883193511128995
SGL_RS17395,SGL_RS13245,0.0883090012515566
SGL_RS17395,SGL_RS09105,0.0883080319147196
SGL_RS04450,SGL_RS02585,0.0883050418270935
SGL_RS01625,SGL_RS10185,0.0883044700378849
SGL_RS07730,SGL_RS14585,0.0882984049327636
SGL_RS04450,SGL_RS05295,0.0882903676242575
SGL_RS12005,SGL_RS14975,0.0882811081874477
SGL_RS09285,SGL_RS07210,0.0882753287539298
SGL_RS01980,SGL_RS01725,0.088267261094505
SGL_RS09285,SGL_RS17800,0.0882655816344147
SGL_RS15805,SGL_RS03085,0.0882621094012056
SGL_RS15805,SGL_RS11360,0.0882615413241898
SGL_RS09285,SGL_RS20175,0.0882588077699883
SGL_RS12595,SGL_RS08605,0.0882532175535742
SGL_RS04055,SGL_RS19595,0.0882491197593572
SGL_RS01980,SGL_RS02060,0.0882442431687581
SGL_RS14385,SGL_RS07155,0.088234087930944
SGL_RS08210,SGL_RS18195,0.0882322222129665
SGL_RS08835,SGL_RS02055,0.0882233011070726
SGL_RS15805,SGL_RS13660,0.0882225452066217
SGL_RS12430,SGL_RS12360,0.0882198094133526
SGL_RS14385,SGL_RS12955,0.0882166902813513
SGL_RS12430,SGL_RS14060,0.0882091096477893
SGL_RS17760,SGL_RS06865,0.0881968867143835
SGL_RS16165,SGL_RS15115,0.0881934813535212
SGL_RS15965,SGL_RS11865,0.0881873451599515
SGL_RS17395,SGL_RS13845,0.0881856718960445
SGL_RS17760,SGL_RS15865,0.0881774637778246
SGL_RS02990,SGL_RS14320,0.0881770274373165
SGL_RS10820,SGL_RS15830,0.0881741341322179
SGL_RS09285,SGL_RS11655,0.0881631563225867
SGL_RS08210,SGL_RS13340,0.0881589495584984
SGL_RS05150,SGL_RS17655,0.088157011957044
SGL_RS10605,SGL_RS16900,0.0881390109508217
SGL_RS06340,SGL_RS16535,0.0881383392980029
SGL_RS05150,SGL_RS06895,0.0881319147847957
SGL_RS04725,SGL_RS11915,0.0881308019956918
SGL_RS16495,SGL_RS14275,0.0881288284513844
SGL_RS13820,SGL_RS16475,0.0881154121178018
SGL_RS12005,SGL_RS05685,0.0881080631995634
SGL_RS10605,SGL_RS02220,0.0881075749120295
SGL_RS15245,SGL_RS16660,0.088100520207592
SGL_RS10605,SGL_RS13505,0.0880917499380409
SGL_RS17760,SGL_RS14295,0.0880542084811652
SGL_RS10820,SGL_RS07315,0.088048200852147
SGL_RS15805,SGL_RS03310,0.0880399968401094
SGL_RS04725,SGL_RS05670,0.0880393621318906
SGL_RS15805,SGL_RS16650,0.0880354619566755
SGL_RS15805,SGL_RS00550,0.0880337800916497
SGL_RS08210,SGL_RS10960,0.0880308337911187
SGL_RS01980,SGL_RS01600,0.0880281838464377
SGL_RS15965,SGL_RS11610,0.0880007800571266
SGL_RS15210,SGL_RS10915,0.087993682625771
SGL_RS16495,SGL_RS12755,0.0879717158587941
SGL_RS04450,SGL_RS10015,0.0879681381420757
SGL_RS08040,SGL_RS16115,0.0879649389719728
SGL_RS15805,SGL_RS16630,0.0879589870581193
SGL_RS00320,SGL_RS01365,0.087954209454701
SGL_RS12430,SGL_RS11255,0.0879520518112397
SGL_RS15805,SGL_RS07535,0.0879487812130959
SGL_RS04450,SGL_RS17345,0.0879481591290278
SGL_RS03065,SGL_RS07175,0.0879478256017802
SGL_RS11985,SGL_RS20140,0.0879435475905312
SGL_RS00075,SGL_RS08320,0.0879303137414768
SGL_RS04450,SGL_RS11520,0.0879276171454798
SGL_RS08210,SGL_RS02595,0.0879240769930428
SGL_RS12430,SGL_RS02685,0.0879132092759801
SGL_RS08500,SGL_RS05465,0.0879116178819103
SGL_RS01980,SGL_RS09530,0.0879078929174595
SGL_RS00515,SGL_RS14670,0.0878868707158318
SGL_RS07730,SGL_RS07725,0.08788018147333
SGL_RS16495,SGL_RS11700,0.0878788640690914
SGL_RS17245,SGL_RS14175,0.0878682687883796
SGL_RS15805,SGL_RS03230,0.0878674118907055
SGL_RS11370,SGL_RS06045,0.0878658628305573
SGL_RS02510,SGL_RS14955,0.0878626184951942
SGL_RS07730,SGL_RS13775,0.0878605662416659
SGL_RS06410,SGL_RS04665,0.0878434484830738
SGL_RS15210,SGL_RS16595,0.087837736199176
SGL_RS11370,SGL_RS12005,0.0878359879941863
SGL_RS08165,SGL_RS14170,0.087818746719971
SGL_RS12595,SGL_RS11425,0.0878182716354624
SGL_RS12005,SGL_RS16335,0.0878096207101493
SGL_RS15245,SGL_RS11750,0.0877988851314746
SGL_RS03065,SGL_RS09850,0.0877963645092681
SGL_RS11985,SGL_RS18645,0.0877958168050323
SGL_RS00320,SGL_RS00405,0.0877838964532744
SGL_RS07730,SGL_RS07785,0.0877774619961976
SGL_RS08520,SGL_RS00625,0.0877752122210306
SGL_RS04055,SGL_RS07695,0.0877747805178496
SGL_RS06340,SGL_RS05215,0.0877650475988168
SGL_RS15805,SGL_RS18230,0.0877555663198443
SGL_RS00400,SGL_RS10415,0.0877416468711529
SGL_RS06215,SGL_RS04080,0.0877397018294468
SGL_RS06215,SGL_RS11555,0.0877334749723342
SGL_RS13820,SGL_RS09800,0.0877236988824282
SGL_RS04450,SGL_RS11630,0.0877220321321894
SGL_RS15965,SGL_RS18250,0.0877127205696362
SGL_RS09285,SGL_RS10655,0.0877100506425954
SGL_RS15965,SGL_RS01220,0.0877086421563788
SGL_RS15805,SGL_RS00820,0.0877049059776698
SGL_RS14385,SGL_RS15360,0.0877014316235188
SGL_RS12005,SGL_RS14075,0.0876945884501637
SGL_RS10605,SGL_RS12885,0.0876942516653817
SGL_RS13820,SGL_RS11135,0.0876941779518366
SGL_RS02990,SGL_RS09090,0.087692506130175
SGL_RS09285,SGL_RS07180,0.0876881363418217
SGL_RS03065,SGL_RS06550,0.0876826346525263
SGL_RS01980,SGL_RS16320,0.0876824653616488
SGL_RS08835,SGL_RS13930,0.0876812234737108
SGL_RS04450,SGL_RS04715,0.0876764670310896
SGL_RS11285,SGL_RS13500,0.0876692377908042
SGL_RS13820,SGL_RS16840,0.0876662375570574
SGL_RS02990,SGL_RS16670,0.0876577515687015
SGL_RS04055,SGL_RS03195,0.0876512534502789
SGL_RS17760,SGL_RS09250,0.0876468296879816
SGL_RS13820,SGL_RS13825,0.0876461308287419
SGL_RS01980,SGL_RS03580,0.0876412068456587
SGL_RS06410,SGL_RS12045,0.087628217780712
SGL_RS17395,SGL_RS08575,0.0876263742603562
SGL_RS15215,SGL_RS00785,0.0876253623491799
SGL_RS12430,SGL_RS13050,0.0876249380448845
SGL_RS06215,SGL_RS05725,0.0876242775221984
SGL_RS12430,SGL_RS10960,0.0876204728760135
SGL_RS04450,SGL_RS05390,0.0876128007405296
SGL_RS04615,SGL_RS11535,0.0876093938514805
SGL_RS01955,SGL_RS15855,0.0875936840281779
SGL_RS00400,SGL_RS19655,0.0875829610852485
SGL_RS15245,SGL_RS06945,0.0875761656020172
SGL_RS17440,SGL_RS07110,0.0875704873363866
SGL_RS00455,SGL_RS00725,0.0875640993902194
SGL_RS08520,SGL_RS04910,0.08755229789444
SGL_RS09285,SGL_RS10565,0.087549291910273
SGL_RS17760,SGL_RS11675,0.0875487425402232
SGL_RS15805,SGL_RS07590,0.087548057972999
SGL_RS04820,SGL_RS02990,0.0875425239519342
SGL_RS12430,SGL_RS06510,0.0875389501166437
SGL_RS06340,SGL_RS05465,0.0875340215262437
SGL_RS10605,SGL_RS08600,0.0875295372508827
SGL_RS07975,SGL_RS07425,0.0875286472289847
SGL_RS17760,SGL_RS04215,0.0875237061068515
SGL_RS15965,SGL_RS03670,0.0875229920957491
SGL_RS10820,SGL_RS05195,0.0875209708547307
SGL_RS09285,SGL_RS08785,0.087517644199719
SGL_RS04055,SGL_RS10410,0.0875170249136809
SGL_RS12005,SGL_RS04160,0.0875112348763308
SGL_RS06080,SGL_RS16160,0.0875090057651776
SGL_RS04450,SGL_RS17085,0.0875089848333468
SGL_RS10820,SGL_RS06885,0.0874965215669746
SGL_RS15245,SGL_RS03240,0.0874952231145929
SGL_RS17245,SGL_RS12465,0.0874937025712665
SGL_RS15965,SGL_RS04325,0.0874832418294331
SGL_RS15245,SGL_RS15200,0.0874628416003859
SGL_RS15805,SGL_RS09375,0.0874553985957705
SGL_RS16495,SGL_RS13855,0.0874501769912114
SGL_RS04725,SGL_RS10910,0.0874440209774432
SGL_RS04725,SGL_RS19055,0.0874429204993444
SGL_RS17440,SGL_RS05150,0.0874400597101067
SGL_RS10820,SGL_RS07325,0.0874399733886148
SGL_RS16495,SGL_RS16500,0.0874255697963126
SGL_RS08520,SGL_RS04940,0.0874248683768391
SGL_RS10820,SGL_RS08680,0.0874181121472334
SGL_RS12430,SGL_RS16945,0.0873993294381789
SGL_RS10605,SGL_RS08425,0.0873952838437995
SGL_RS16495,SGL_RS18340,0.0873873051959846
SGL_RS00455,SGL_RS19655,0.0873843361077057
SGL_RS12005,SGL_RS05345,0.0873797662576129
SGL_RS04055,SGL_RS16030,0.0873688155732123
SGL_RS01980,SGL_RS14715,0.0873666323081334
SGL_RS15965,SGL_RS01130,0.0873629198707148
SGL_RS02990,SGL_RS12280,0.0873624366517559
SGL_RS12595,SGL_RS12975,0.0873608666984006
SGL_RS08500,SGL_RS04190,0.0873550178013155
SGL_RS12595,SGL_RS03170,0.0873541147028786
SGL_RS00320,SGL_RS18790,0.087353464089759
SGL_RS03065,SGL_RS08735,0.0873327404004864
SGL_RS01625,SGL_RS19465,0.0873110031557642
SGL_RS08835,SGL_RS11165,0.0873098535785029
SGL_RS17395,SGL_RS11095,0.0873096601420011
SGL_RS08835,SGL_RS06065,0.087301864747167
SGL_RS17245,SGL_RS05815,0.087300385626981
SGL_RS14385,SGL_RS11225,0.0872958497496617
SGL_RS04055,SGL_RS09160,0.0872929436665322
SGL_RS16080,SGL_RS20150,0.0872874444550452
SGL_RS13130,SGL_RS08025,0.087274629355077
SGL_RS15210,SGL_RS10925,0.0872742877258087
SGL_RS13820,SGL_RS11050,0.0872695862509804
SGL_RS04055,SGL_RS06045,0.0872645783246757
SGL_RS14385,SGL_RS17005,0.0872624471612244
SGL_RS15805,SGL_RS14420,0.0872590766900404
SGL_RS02990,SGL_RS06340,0.087248947560044
SGL_RS00400,SGL_RS08340,0.0872476212457977
SGL_RS04450,SGL_RS10930,0.08724568775399
SGL_RS10820,SGL_RS01915,0.0872312335816606
SGL_RS06080,SGL_RS04630,0.0872287510935638
SGL_RS03065,SGL_RS02745,0.0872199178459695
SGL_RS15805,SGL_RS08750,0.0872143091768328
SGL_RS18290,SGL_RS00805,0.087205566536546
SGL_RS04055,SGL_RS09260,0.0871997880297558
SGL_RS15210,SGL_RS13235,0.0871976383477129
SGL_RS00320,SGL_RS10035,0.0871948003490079
SGL_RS15965,SGL_RS00720,0.0871905223314025
SGL_RS01955,SGL_RS14685,0.0871899064770174
SGL_RS04615,SGL_RS14225,0.0871897971838871
SGL_RS01980,SGL_RS10375,0.0871871832659781
SGL_RS00670,SGL_RS16045,0.0871867539976412
SGL_RS17245,SGL_RS10625,0.0871826408023888
SGL_RS10820,SGL_RS07365,0.0871795419114938
SGL_RS00400,SGL_RS00440,0.0871728813879624
SGL_RS15965,SGL_RS11155,0.0871721881521509
SGL_RS15245,SGL_RS03480,0.0871694712719447
SGL_RS04615,SGL_RS10450,0.0871668220087201
SGL_RS15805,SGL_RS16705,0.0871635441926318
SGL_RS00400,SGL_RS07070,0.087159865147414
SGL_RS04055,SGL_RS05650,0.0871492252329864
SGL_RS15805,SGL_RS08425,0.0871451837102993
SGL_RS06410,SGL_RS08040,0.0871376229229149
SGL_RS09285,SGL_RS10005,0.087129810192081
SGL_RS10605,SGL_RS14385,0.0871275128046042
SGL_RS11370,SGL_RS17485,0.0871036395230847
SGL_RS03065,SGL_RS16095,0.0870993468220105
SGL_RS12430,SGL_RS02395,0.0870852623481698
SGL_RS16080,SGL_RS00560,0.0870852027685794
SGL_RS18290,SGL_RS06300,0.0870795280763647
SGL_RS07975,SGL_RS08855,0.0870778852108853
SGL_RS06215,SGL_RS09165,0.0870763315060904
SGL_RS00320,SGL_RS00455,0.0870705581678528
SGL_RS12430,SGL_RS12595,0.0870656294562868
SGL_RS09285,SGL_RS07200,0.0870617152289776
SGL_RS01980,SGL_RS02520,0.087049687611846
SGL_RS12430,SGL_RS16360,0.0870471880374791
SGL_RS08210,SGL_RS03355,0.0870424913094793
SGL_RS02020,SGL_RS00080,0.0870403424199981
SGL_RS11985,SGL_RS04090,0.0870390393571202
SGL_RS12005,SGL_RS17985,0.0870369850505773
SGL_RS09285,SGL_RS10320,0.0870225355158758
SGL_RS04055,SGL_RS05645,0.0870191454906204
SGL_RS07730,SGL_RS12610,0.0870127333557146
SGL_RS10820,SGL_RS09725,0.0870121154864185
SGL_RS00400,SGL_RS05060,0.0870110688465458
SGL_RS04055,SGL_RS19525,0.087009214703815
SGL_RS01625,SGL_RS16875,0.0870062851036
SGL_RS12595,SGL_RS02665,0.0869995787121506
SGL_RS13130,SGL_RS05100,0.0869986146586529
SGL_RS04450,SGL_RS13725,0.0869912511266647
SGL_RS01980,SGL_RS08955,0.0869848482514492
SGL_RS13130,SGL_RS08800,0.0869698563934381
SGL_RS04450,SGL_RS09100,0.0869696097887757
SGL_RS10605,SGL_RS02865,0.0869691304047522
SGL_RS12595,SGL_RS14915,0.0869655624623147
SGL_RS10755,SGL_RS16135,0.0869598814584424
SGL_RS12005,SGL_RS09975,0.0869560757864214
SGL_RS03065,SGL_RS13630,0.086953344788629
SGL_RS11985,SGL_RS17585,0.0869525543946229
SGL_RS08835,SGL_RS07450,0.0869460219163185
SGL_RS06340,SGL_RS03960,0.0869376631057172
SGL_RS10820,SGL_RS06375,0.0869364700299893
SGL_RS10820,SGL_RS13635,0.0869333981311011
SGL_RS06410,SGL_RS07425,0.0869232417300489
SGL_RS15805,SGL_RS10960,0.0869102192490839
SGL_RS04725,SGL_RS04255,0.086891874447767
SGL_RS14540,SGL_RS12345,0.0868878653211558
SGL_RS07535,SGL_RS04185,0.086882855827679
SGL_RS04055,SGL_RS07225,0.0868751365737502
SGL_RS18290,SGL_RS11330,0.0868697888254298
SGL_RS12595,SGL_RS12705,0.0868668830186816
SGL_RS00455,SGL_RS03630,0.0868591192009909
SGL_RS10820,SGL_RS04095,0.0868549232357549
SGL_RS01255,SGL_RS01395,0.0868541853406854
SGL_RS12430,SGL_RS07870,0.0868534935046043
SGL_RS00320,SGL_RS00585,0.0868451503797695
SGL_RS15805,SGL_RS14685,0.0868409019388565
SGL_RS01625,SGL_RS11515,0.0868407322271157
SGL_RS06340,SGL_RS19605,0.0868382299857077
SGL_RS08835,SGL_RS17640,0.0868331246537539
SGL_RS12430,SGL_RS13265,0.0868116694372673
SGL_RS15215,SGL_RS17325,0.0868063138261049
SGL_RS09285,SGL_RS05700,0.0868010961615386
SGL_RS17395,SGL_RS17485,0.0867926123024239
SGL_RS16080,SGL_RS18670,0.0867919381441938
SGL_RS04725,SGL_RS07425,0.0867871700225897
SGL_RS16080,SGL_RS01270,0.0867825504573764
SGL_RS10605,SGL_RS07050,0.0867803417028371
SGL_RS13130,SGL_RS01105,0.0867801971507514
SGL_RS00455,SGL_RS18545,0.0867710309531803
SGL_RS06340,SGL_RS15155,0.0867699543022182
SGL_RS08500,SGL_RS02630,0.0867613732718532
SGL_RS00320,SGL_RS18680,0.0867537222259864
SGL_RS01980,SGL_RS02355,0.0867529666431003
SGL_RS02020,SGL_RS08960,0.0867433091210013
SGL_RS14540,SGL_RS07180,0.0867414827071325
SGL_RS12005,SGL_RS06000,0.086739864994583
SGL_RS12005,SGL_RS08040,0.0867248562177627
SGL_RS15210,SGL_RS09170,0.0867238731905914
SGL_RS08835,SGL_RS14475,0.0867184464212452
SGL_RS15805,SGL_RS06035,0.0867103780516773
SGL_RS07730,SGL_RS17150,0.0867092520840063
SGL_RS15805,SGL_RS17415,0.086686796563688
SGL_RS08835,SGL_RS13480,0.0866695703417071
SGL_RS09285,SGL_RS00760,0.086657901956726
SGL_RS15210,SGL_RS02680,0.0866546401033776
SGL_RS15805,SGL_RS06950,0.0866527441523327
SGL_RS01215,SGL_RS08355,0.0866410970739078
SGL_RS04055,SGL_RS00850,0.0866370760687079
SGL_RS08500,SGL_RS08495,0.086632863935511
SGL_RS13130,SGL_RS13695,0.0866320365047202
SGL_RS12595,SGL_RS17090,0.0866300324338252
SGL_RS04450,SGL_RS12200,0.0866281992147648
SGL_RS06215,SGL_RS13635,0.086623201228751
SGL_RS08210,SGL_RS10075,0.0866201669256113
SGL_RS03065,SGL_RS20145,0.0866160036536972
SGL_RS18290,SGL_RS12585,0.0866074035677212
SGL_RS15805,SGL_RS11660,0.0865913741063138
SGL_RS12430,SGL_RS09880,0.0865909803608247
SGL_RS08835,SGL_RS18370,0.0865901081676647
SGL_RS06410,SGL_RS07420,0.0865743545211184
SGL_RS13130,SGL_RS15770,0.0865737942200777
SGL_RS00455,SGL_RS14995,0.0865729331505051
SGL_RS00455,SGL_RS06825,0.086566663340357
SGL_RS11285,SGL_RS01915,0.0865629444989464
SGL_RS17760,SGL_RS04330,0.0865590938036469
SGL_RS00400,SGL_RS09570,0.0865580532491492
SGL_RS14385,SGL_RS09110,0.0865578446039575
SGL_RS06410,SGL_RS04740,0.0865459558008867
SGL_RS11370,SGL_RS16350,0.0865420836953314
SGL_RS00455,SGL_RS00985,0.0865404458592519
SGL_RS12595,SGL_RS05885,0.0865340526236196
SGL_RS16165,SGL_RS16175,0.0865291385288608
SGL_RS08210,SGL_RS08975,0.0865288726284183
SGL_RS08845,SGL_RS06285,0.0865252877268785
SGL_RS06340,SGL_RS03855,0.0865188914631057
SGL_RS16495,SGL_RS07715,0.086518470146142
SGL_RS10605,SGL_RS14530,0.0865152523078688
SGL_RS15805,SGL_RS02560,0.0865014473544378
SGL_RS03065,SGL_RS15390,0.0864984834821814
SGL_RS00320,SGL_RS06910,0.0864885155313124
SGL_RS09285,SGL_RS10720,0.0864676093822268
SGL_RS05150,SGL_RS10895,0.0864547463652715
SGL_RS12430,SGL_RS04285,0.0864545053840285
SGL_RS10820,SGL_RS17650,0.0864528628863257
SGL_RS18290,SGL_RS10495,0.0864470093662603
SGL_RS12430,SGL_RS03345,0.0864426977362334
SGL_RS15245,SGL_RS06160,0.0864349338078888
SGL_RS01980,SGL_RS02945,0.0864320164746633
SGL_RS04725,SGL_RS17040,0.0864315849509575
SGL_RS03065,SGL_RS10350,0.0864299371348376
SGL_RS03065,SGL_RS16745,0.0864293038972247
SGL_RS15805,SGL_RS19365,0.0864244884724213
SGL_RS03065,SGL_RS04710,0.0864216034806248
SGL_RS04055,SGL_RS03215,0.0864209127057649
SGL_RS04055,SGL_RS02585,0.0864201047837276
SGL_RS07975,SGL_RS13760,0.0864193487048093
SGL_RS13130,SGL_RS16340,0.0864065103669292
SGL_RS12430,SGL_RS03210,0.0864000550920759
SGL_RS15805,SGL_RS18215,0.086386083739866
SGL_RS06410,SGL_RS07430,0.086385796514394
SGL_RS13130,SGL_RS10495,0.0863849231178257
SGL_RS00075,SGL_RS00120,0.0863821755290295
SGL_RS00670,SGL_RS01605,0.086375499587212
SGL_RS17760,SGL_RS11270,0.0863738546220499
SGL_RS12430,SGL_RS02620,0.0863722923256339
SGL_RS16165,SGL_RS12795,0.0863706075699275
SGL_RS10605,SGL_RS04645,0.0863699509786163
SGL_RS13130,SGL_RS02090,0.0863689667393506
SGL_RS01625,SGL_RS07780,0.086367048725771
SGL_RS06480,SGL_RS15715,0.0863581565715666
SGL_RS04450,SGL_RS04515,0.0863570095741212
SGL_RS01255,SGL_RS00795,0.0863538784007122
SGL_RS16495,SGL_RS03690,0.0863524766855156
SGL_RS00670,SGL_RS01585,0.08635138322957
SGL_RS10820,SGL_RS14705,0.0863440191451448
SGL_RS09285,SGL_RS09595,0.0863227841553217
SGL_RS04450,SGL_RS10990,0.0863212192647025
SGL_RS10820,SGL_RS17000,0.0863172541901659
SGL_RS04725,SGL_RS13265,0.086307125750098
SGL_RS17245,SGL_RS08080,0.0862899709928817
SGL_RS04055,SGL_RS12540,0.0862837038598837
SGL_RS10605,SGL_RS15280,0.0862823224710092
SGL_RS08835,SGL_RS04125,0.086256816103777
SGL_RS16495,SGL_RS18220,0.086253762042163
SGL_RS09285,SGL_RS20165,0.0862532102655101
SGL_RS12430,SGL_RS13220,0.0862526818232884
SGL_RS03065,SGL_RS07735,0.0862481023193741
SGL_RS15805,SGL_RS17130,0.0862446061945141
SGL_RS08165,SGL_RS07095,0.0862387140144521
SGL_RS03065,SGL_RS03375,0.086213265445743
SGL_RS16080,SGL_RS17710,0.0862094271125318
SGL_RS14540,SGL_RS14760,0.0861827095140695
SGL_RS06410,SGL_RS17655,0.0861822718436785
SGL_RS11370,SGL_RS17510,0.0861820857752452
SGL_RS17760,SGL_RS04005,0.0861762562210604
SGL_RS09285,SGL_RS17005,0.0861745205417963
SGL_RS16495,SGL_RS16755,0.08616789159976
SGL_RS06215,SGL_RS03495,0.0861669426697203
SGL_RS11285,SGL_RS06955,0.0861641159417506
SGL_RS10605,SGL_RS06020,0.0861637686721408
SGL_RS05150,SGL_RS10175,0.0861621007492292
SGL_RS17395,SGL_RS10480,0.0861583242406442
SGL_RS01215,SGL_RS16165,0.0861539463370763
SGL_RS07975,SGL_RS13355,0.0861531492037186
SGL_RS06340,SGL_RS13370,0.0861516379460214
SGL_RS12595,SGL_RS02230,0.0861512491532493
SGL_RS03065,SGL_RS08175,0.0861483438876256
SGL_RS00400,SGL_RS10205,0.0861324858532022
SGL_RS04820,SGL_RS03755,0.086111349855987
SGL_RS04055,SGL_RS17830,0.0861080791245016
SGL_RS10605,SGL_RS16940,0.0861028864480725
SGL_RS01625,SGL_RS00550,0.0861010077583057
SGL_RS15245,SGL_RS05860,0.0860971089245499
SGL_RS12430,SGL_RS11330,0.0860912827994195
SGL_RS12595,SGL_RS11845,0.0860891231598826
SGL_RS14385,SGL_RS08045,0.0860763396957322
SGL_RS00455,SGL_RS10040,0.0860723104255033
SGL_RS04725,SGL_RS15440,0.086065908596814
SGL_RS00320,SGL_RS11465,0.086061637874215
SGL_RS04055,SGL_RS08160,0.0860517058819125
SGL_RS01980,SGL_RS00480,0.086037168014464
SGL_RS04450,SGL_RS09665,0.0860323661048298
SGL_RS00515,SGL_RS12305,0.0860303474691188
SGL_RS09285,SGL_RS08570,0.086026372038738
SGL_RS17245,SGL_RS02365,0.0860172475593753
SGL_RS06080,SGL_RS12805,0.0860149951348038
SGL_RS08835,SGL_RS10045,0.086011588480536
SGL_RS10605,SGL_RS17495,0.0860096225671087
SGL_RS01980,SGL_RS19005,0.0860027325437263
SGL_RS01980,SGL_RS03595,0.0859970922258134
SGL_RS07730,SGL_RS14125,0.0859929998767271
SGL_RS16495,SGL_RS14265,0.0859689663470148
SGL_RS13130,SGL_RS03025,0.0859636875699188
SGL_RS14385,SGL_RS06315,0.0859601718447833
SGL_RS08520,SGL_RS01860,0.0859526757762295
SGL_RS10755,SGL_RS06080,0.0859494552565282
SGL_RS12430,SGL_RS11825,0.085948931815485
SGL_RS11370,SGL_RS12065,0.0859375757816669
SGL_RS14610,SGL_RS08820,0.0859267866910071
SGL_RS15805,SGL_RS06015,0.0859216660978918
SGL_RS12430,SGL_RS13705,0.0859203046278609
SGL_RS00455,SGL_RS01715,0.0859156251897756
SGL_RS06410,SGL_RS09805,0.0859111748313823
SGL_RS00670,SGL_RS19675,0.0859104744982799
SGL_RS10820,SGL_RS12700,0.0858982176077843
SGL_RS04450,SGL_RS16910,0.0858970146757475
SGL_RS15210,SGL_RS02440,0.0858958914567018
SGL_RS07535,SGL_RS14280,0.08588976539033
SGL_RS00400,SGL_RS18855,0.0858805691077374
SGL_RS06215,SGL_RS11740,0.0858751162143598
SGL_RS11835,SGL_RS14750,0.0858607026675536
SGL_RS13130,SGL_RS09200,0.0858545139195116
SGL_RS04055,SGL_RS02770,0.0858511317435327
SGL_RS17760,SGL_RS08660,0.0858404066524313
SGL_RS09285,SGL_RS04450,0.0858333310832211
SGL_RS00515,SGL_RS03725,0.0858293429028187
SGL_RS15805,SGL_RS12175,0.0858276158038345
SGL_RS02990,SGL_RS09230,0.0858247625132548
SGL_RS05150,SGL_RS07100,0.0858199817659542
SGL_RS12430,SGL_RS12840,0.0858153678430504
SGL_RS09285,SGL_RS02285,0.0858109976734398
SGL_RS11985,SGL_RS04375,0.0858056096646171
SGL_RS16080,SGL_RS00960,0.0858022709663125
SGL_RS10820,SGL_RS08585,0.0857998216649385
SGL_RS00400,SGL_RS02735,0.0857732065956185
SGL_RS00400,SGL_RS11190,0.0857729642627024
SGL_RS03065,SGL_RS02230,0.0857666660342915
SGL_RS10605,SGL_RS06375,0.085764461447632
SGL_RS04055,SGL_RS17335,0.0857591946041677
SGL_RS15965,SGL_RS09560,0.0857566883700236
SGL_RS15210,SGL_RS11245,0.0857484971280743
SGL_RS04725,SGL_RS01280,0.0857479954255894
SGL_RS12430,SGL_RS12690,0.0857470668642064
SGL_RS12430,SGL_RS10645,0.0857404203950557
SGL_RS16080,SGL_RS00850,0.0857383185980918
SGL_RS17395,SGL_RS05840,0.0857269215038407
SGL_RS06215,SGL_RS14220,0.085714706290458
SGL_RS00400,SGL_RS13585,0.0857109621421847
SGL_RS12430,SGL_RS13000,0.0857085541790082
SGL_RS11370,SGL_RS11475,0.08570300423993
SGL_RS08210,SGL_RS09850,0.0856886205738975
SGL_RS12430,SGL_RS08465,0.0856868222361436
SGL_RS04055,SGL_RS07525,0.085675486202543
SGL_RS06410,SGL_RS02685,0.0856652184344775
SGL_RS10820,SGL_RS09210,0.085648964146026
SGL_RS08210,SGL_RS02740,0.0856467103926772
SGL_RS13820,SGL_RS08510,0.085644093209558
SGL_RS03065,SGL_RS15465,0.0856375040862358
SGL_RS11370,SGL_RS05435,0.085636276301831
SGL_RS16495,SGL_RS00535,0.0856358743271834
SGL_RS10605,SGL_RS06950,0.0856310970041709
SGL_RS06410,SGL_RS11735,0.0856281247229034
SGL_RS07975,SGL_RS05540,0.0856255582901878
SGL_RS13820,SGL_RS18370,0.085625249171218
SGL_RS06410,SGL_RS08900,0.0856249713106976
SGL_RS02510,SGL_RS02190,0.0856144169873826
SGL_RS02510,SGL_RS02130,0.0855986858879296
SGL_RS12430,SGL_RS09775,0.0855976516972599
SGL_RS15805,SGL_RS05900,0.0855923187353576
SGL_RS17395,SGL_RS13790,0.0855884158026743
SGL_RS14385,SGL_RS06015,0.0855687619193507
SGL_RS11370,SGL_RS04510,0.0855660851381073
SGL_RS17760,SGL_RS07360,0.0855656395582007
SGL_RS17395,SGL_RS06340,0.0855599372698141
SGL_RS03065,SGL_RS04015,0.085554080929499
SGL_RS03065,SGL_RS10400,0.0855517396240021
SGL_RS15245,SGL_RS17275,0.0855425779647623
SGL_RS09285,SGL_RS13445,0.0855379561938435
SGL_RS04450,SGL_RS11785,0.085535962815109
SGL_RS11285,SGL_RS02870,0.0855337965986296
SGL_RS02020,SGL_RS01320,0.0855313560320222
SGL_RS02020,SGL_RS09065,0.0855309795519485
SGL_RS00400,SGL_RS00190,0.0855232118267115
SGL_RS17760,SGL_RS07370,0.0855219778297421
SGL_RS05150,SGL_RS01565,0.0855192874714522
SGL_RS06340,SGL_RS17270,0.0855183949133527
SGL_RS06480,SGL_RS18255,0.0855129036888983
SGL_RS08500,SGL_RS04310,0.0855128783950598
SGL_RS12540,SGL_RS04770,0.0854988703022148
SGL_RS08210,SGL_RS03425,0.0854976749862279
SGL_RS01955,SGL_RS00060,0.0854913464944595
SGL_RS06215,SGL_RS05830,0.085483638219011
SGL_RS18290,SGL_RS02225,0.0854760147617058
SGL_RS04725,SGL_RS08660,0.08545838253462
SGL_RS00320,SGL_RS01265,0.0854564265005831
SGL_RS03065,SGL_RS05975,0.0854530975329943
SGL_RS11985,SGL_RS13595,0.0854525802680102
SGL_RS00400,SGL_RS03635,0.085443955689564
SGL_RS00075,SGL_RS09530,0.0854429899626482
SGL_RS12430,SGL_RS13255,0.0854427860819243
SGL_RS15965,SGL_RS01125,0.0854336989621859
SGL_RS12595,SGL_RS07750,0.0854299762579883
SGL_RS08210,SGL_RS03135,0.0854238668729951
SGL_RS02990,SGL_RS02510,0.0854187727989397
SGL_RS06410,SGL_RS06310,0.0854058325681584
SGL_RS00400,SGL_RS11665,0.0853945712284196
SGL_RS13130,SGL_RS12235,0.0853916648966739
SGL_RS03065,SGL_RS16680,0.0853905977947617
SGL_RS17395,SGL_RS05385,0.0853868740331429
SGL_RS06215,SGL_RS12060,0.0853861424768722
SGL_RS12430,SGL_RS08605,0.0853858476549263
SGL_RS12430,SGL_RS16435,0.0853713332856513
SGL_RS14385,SGL_RS15570,0.0853703763126376
SGL_RS08210,SGL_RS05460,0.0853656572713666
SGL_RS01955,SGL_RS09890,0.0853653053929577
SGL_RS12430,SGL_RS11635,0.0853642674516467
SGL_RS17395,SGL_RS09225,0.0853584053269596
SGL_RS15245,SGL_RS03935,0.0853447315464027
SGL_RS06215,SGL_RS06420,0.0853429145684676
SGL_RS00515,SGL_RS20195,0.0853402456763025
SGL_RS08210,SGL_RS07795,0.0853367655357093
SGL_RS13130,SGL_RS04585,0.0853222297347729
SGL_RS02990,SGL_RS05450,0.0853209865366012
SGL_RS01955,SGL_RS13630,0.0853104668792393
SGL_RS08500,SGL_RS03965,0.0852951327446603
SGL_RS15965,SGL_RS10415,0.0852906657065193
SGL_RS00400,SGL_RS11250,0.085283425862254
SGL_RS12430,SGL_RS07730,0.0852825909389578
SGL_RS06080,SGL_RS00890,0.0852798099516486
SGL_RS15245,SGL_RS03355,0.0852702921956668
SGL_RS04615,SGL_RS06095,0.0852657431142008
SGL_RS16080,SGL_RS02160,0.0852631296007258
SGL_RS08080,SGL_RS20100,0.0852600173884518
SGL_RS08165,SGL_RS18960,0.0852506740657132
SGL_RS01215,SGL_RS01290,0.0852491894546158
SGL_RS16495,SGL_RS15040,0.0852469410862531
SGL_RS00400,SGL_RS00195,0.0852462343636418
SGL_RS17440,SGL_RS06730,0.0852461446749454
SGL_RS10605,SGL_RS14630,0.0852331674145276
SGL_RS09285,SGL_RS03305,0.0852238142388319
SGL_RS15965,SGL_RS13775,0.08520630823024
SGL_RS03065,SGL_RS12430,0.0852007201941387
SGL_RS15965,SGL_RS13485,0.0851949991475749
SGL_RS12595,SGL_RS02660,0.0851949686169249
SGL_RS11370,SGL_RS10580,0.08518452451406
SGL_RS15210,SGL_RS10810,0.0851826343202523
SGL_RS15585,SGL_RS11200,0.0851792965913947
SGL_RS09285,SGL_RS16370,0.0851789584256886
SGL_RS16495,SGL_RS08245,0.0851477223562805
SGL_RS01980,SGL_RS09525,0.0851316184416446
SGL_RS01215,SGL_RS01230,0.0851287689261038
SGL_RS14385,SGL_RS07065,0.085121066663678
SGL_RS04615,SGL_RS18170,0.0851197853062302
SGL_RS01980,SGL_RS02165,0.0851120124970624
SGL_RS08835,SGL_RS00060,0.0850962945276201
SGL_RS12430,SGL_RS04705,0.0850899024314595
SGL_RS08835,SGL_RS10415,0.0850830575265257
SGL_RS17760,SGL_RS07400,0.085081813028374
SGL_RS01215,SGL_RS00860,0.085077664806805
SGL_RS05150,SGL_RS10700,0.0850774788342239
SGL_RS00670,SGL_RS01700,0.0850744789333584
SGL_RS06340,SGL_RS17575,0.0850731442927707
SGL_RS15585,SGL_RS02685,0.0850724240424582
SGL_RS12430,SGL_RS12485,0.0850695400535786
SGL_RS12595,SGL_RS08885,0.0850644418326805
SGL_RS15210,SGL_RS04435,0.0850603317133382
SGL_RS13130,SGL_RS15560,0.085060061764642
SGL_RS16080,SGL_RS16960,0.085055036483218
SGL_RS15805,SGL_RS06600,0.08505501650216
SGL_RS17245,SGL_RS04655,0.0850383204866062
SGL_RS10605,SGL_RS14570,0.0850348885489101
SGL_RS13130,SGL_RS05000,0.0850290684099447
SGL_RS04055,SGL_RS13100,0.0850265603969428
SGL_RS13130,SGL_RS05395,0.0850223091429372
SGL_RS15245,SGL_RS13105,0.0850177138139599
SGL_RS17245,SGL_RS05790,0.0850161805380609
SGL_RS00515,SGL_RS01830,0.0850139957894286
SGL_RS12430,SGL_RS15835,0.0850093989229384
SGL_RS01625,SGL_RS07745,0.0850047224214569
SGL_RS09285,SGL_RS14920,0.0850045259097987
SGL_RS06080,SGL_RS01180,0.0849935761745617
SGL_RS16495,SGL_RS13870,0.0849891805917648
SGL_RS15805,SGL_RS10615,0.0849797777504465
SGL_RS04055,SGL_RS06340,0.0849703410571642
SGL_RS04055,SGL_RS10305,0.0849697135806175
SGL_RS10820,SGL_RS02600,0.0849620150395134
SGL_RS08210,SGL_RS16360,0.0849600668514451
SGL_RS06480,SGL_RS03780,0.0849505862010593
SGL_RS06340,SGL_RS09105,0.0849409742096029
SGL_RS12595,SGL_RS14660,0.0849386798290207
SGL_RS00455,SGL_RS19135,0.0849217316731423
SGL_RS04450,SGL_RS02105,0.0849210833695549
SGL_RS15805,SGL_RS15365,0.0849156484441885
SGL_RS03065,SGL_RS05990,0.0849066380923601
SGL_RS18290,SGL_RS10270,0.0849036413796209
SGL_RS04055,SGL_RS07765,0.084900378584755
SGL_RS08210,SGL_RS05990,0.0848939405991127
SGL_RS10820,SGL_RS04085,0.0848927766113785
SGL_RS11285,SGL_RS11310,0.0848907522160026
SGL_RS04055,SGL_RS07825,0.0848904123047441
SGL_RS03065,SGL_RS10435,0.0848879472070754
SGL_RS18290,SGL_RS15700,0.0848772185168876
SGL_RS02470,SGL_RS08610,0.0848665606173263
SGL_RS17395,SGL_RS12900,0.0848510319842624
SGL_RS12005,SGL_RS00605,0.0848446184781593
SGL_RS09285,SGL_RS07135,0.0848419650794997
SGL_RS09285,SGL_RS12575,0.0848344157924482
SGL_RS10820,SGL_RS05375,0.0848338218720181
SGL_RS00320,SGL_RS03590,0.0848279312238331
SGL_RS10820,SGL_RS05055,0.084817181648819
SGL_RS03065,SGL_RS01920,0.0848134983864949
SGL_RS08210,SGL_RS02260,0.0848114720026709
SGL_RS03065,SGL_RS19805,0.0848064446311352
SGL_RS08210,SGL_RS09365,0.0847945756042043
SGL_RS17760,SGL_RS05525,0.0847876864155825
SGL_RS04725,SGL_RS02855,0.0847766193856125
SGL_RS11370,SGL_RS11420,0.0847757899752614
SGL_RS06340,SGL_RS19960,0.084752664056359
SGL_RS17120,SGL_RS14350,0.0847388192087451
SGL_RS00455,SGL_RS00660,0.0847247055321575
SGL_RS15245,SGL_RS09255,0.084708877588761
SGL_RS03065,SGL_RS12725,0.0847065564577734
SGL_RS17245,SGL_RS03380,0.0846999695507729
SGL_RS06410,SGL_RS02700,0.0846967147378896
SGL_RS14540,SGL_RS19310,0.0846933452203009
SGL_RS06340,SGL_RS02990,0.0846833755846007
SGL_RS12430,SGL_RS07290,0.0846806015679261
SGL_RS06480,SGL_RS09810,0.0846673356618251
SGL_RS06215,SGL_RS10640,0.0846654567774394
SGL_RS12430,SGL_RS00750,0.0846617298077888
SGL_RS12430,SGL_RS06670,0.084659224890176
SGL_RS06340,SGL_RS06135,0.0846588533455701
SGL_RS04055,SGL_RS03270,0.0846566207140397
SGL_RS03065,SGL_RS13925,0.0846562301397801
SGL_RS15805,SGL_RS02240,0.0846504724519142
SGL_RS15805,SGL_RS10660,0.0846480582470088
SGL_RS12595,SGL_RS20155,0.084646676465938
SGL_RS12430,SGL_RS17895,0.084645910089026
SGL_RS03065,SGL_RS02330,0.0846374164699805
SGL_RS15245,SGL_RS11295,0.084636464441944
SGL_RS08500,SGL_RS02720,0.0846362134062976
SGL_RS06215,SGL_RS02730,0.0846194503528062
SGL_RS03065,SGL_RS07520,0.0846176947448432
SGL_RS10820,SGL_RS04520,0.084617146370535
SGL_RS01955,SGL_RS10825,0.0846055437001553
SGL_RS01955,SGL_RS15970,0.0846023009693968
SGL_RS04450,SGL_RS16350,0.0845990548072068
SGL_RS04725,SGL_RS13520,0.0845909215298863
SGL_RS17760,SGL_RS02610,0.0845884117854708
SGL_RS17395,SGL_RS19985,0.0845874615806143
SGL_RS13130,SGL_RS12455,0.0845831654510292
SGL_RS06080,SGL_RS19480,0.0845664814718692
SGL_RS12430,SGL_RS13820,0.0845541178689624
SGL_RS09285,SGL_RS06985,0.0845427725662318
SGL_RS03065,SGL_RS11560,0.0845247961404834
SGL_RS18290,SGL_RS13905,0.0845190268278178
SGL_RS06480,SGL_RS02540,0.0845107364139705
SGL_RS13820,SGL_RS08855,0.0844976628876381
SGL_RS14385,SGL_RS06035,0.0844975623961976
SGL_RS18290,SGL_RS09645,0.0844969661379869
SGL_RS01625,SGL_RS01615,0.0844956740184821
SGL_RS04615,SGL_RS05970,0.0844945464899781
SGL_RS12430,SGL_RS06690,0.0844924824009963
SGL_RS15965,SGL_RS14800,0.0844917052278619
SGL_RS08210,SGL_RS14090,0.0844872536343023
SGL_RS17395,SGL_RS09190,0.0844862454268403
SGL_RS15965,SGL_RS08835,0.0844812614269914
SGL_RS17120,SGL_RS12860,0.0844726761992324
SGL_RS15965,SGL_RS01415,0.0844688748921732
SGL_RS10605,SGL_RS09215,0.0844474378093227
SGL_RS13130,SGL_RS13565,0.0844451559231417
SGL_RS11985,SGL_RS16165,0.0844449308749576
SGL_RS10820,SGL_RS09205,0.0844411168167644
SGL_RS09285,SGL_RS19410,0.0844397599524947
SGL_RS12430,SGL_RS15790,0.0844292302254502
SGL_RS10605,SGL_RS16625,0.084425781121857
SGL_RS13130,SGL_RS12910,0.0844190311416835
SGL_RS10820,SGL_RS04530,0.0844096176358068
SGL_RS15310,SGL_RS15140,0.0843964847165002
