regulatoryGene,targetGene,weight
SGL_RS12540,SGL_RS04040,0.18060250978294
SGL_RS01980,SGL_RS01985,0.173637820010539
SGL_RS06410,SGL_RS14825,0.168489848044033
SGL_RS06410,SGL_RS05240,0.16748335820862
SGL_RS06410,SGL_RS09810,0.164794196171957
SGL_RS06410,SGL_RS12135,0.16120576870952
SGL_RS15585,SGL_RS03830,0.15904764056312
SGL_RS12540,SGL_RS08225,0.156432982532038
SGL_RS02020,SGL_RS01990,0.155362130072531
SGL_RS06410,SGL_RS12130,0.154071479397339
SGL_RS06410,SGL_RS07395,0.151543396323142
SGL_RS08165,SGL_RS08155,0.150236641963081
SGL_RS00320,SGL_RS14150,0.150148497731107
SGL_RS02020,SGL_RS02015,0.148367012229248
SGL_RS08165,SGL_RS08160,0.148049369597687
SGL_RS06480,SGL_RS04665,0.14701084465212
SGL_RS15585,SGL_RS14190,0.146127526969273
SGL_RS00400,SGL_RS00335,0.144776311788117
SGL_RS12540,SGL_RS15050,0.144662816666853
SGL_RS00455,SGL_RS01040,0.144646204592102
SGL_RS14610,SGL_RS10460,0.144053603348994
SGL_RS06410,SGL_RS08525,0.143109595920317
SGL_RS00400,SGL_RS00370,0.142287595319238
SGL_RS15585,SGL_RS08395,0.141656727400856
SGL_RS00515,SGL_RS00330,0.141538672827169
SGL_RS00515,SGL_RS10135,0.141259887315785
SGL_RS00320,SGL_RS16385,0.141245872103032
SGL_RS12540,SGL_RS10760,0.141238116264454
SGL_RS00400,SGL_RS00355,0.141054347283117
SGL_RS06410,SGL_RS05235,0.140745927953749
SGL_RS00320,SGL_RS10815,0.140230959078708
SGL_RS16080,SGL_RS16085,0.140224695318965
SGL_RS15585,SGL_RS08400,0.139792954674981
SGL_RS06410,SGL_RS08580,0.139475341196746
SGL_RS00455,SGL_RS00945,0.138950407364138
SGL_RS00320,SGL_RS00350,0.138889866046605
SGL_RS15585,SGL_RS08390,0.138691951771637
SGL_RS06410,SGL_RS06480,0.138574816577639
SGL_RS12430,SGL_RS02250,0.138564657728638
SGL_RS00515,SGL_RS00535,0.138508774966903
SGL_RS00320,SGL_RS09065,0.138426631641326
SGL_RS00075,SGL_RS00530,0.138253483004191
SGL_RS02020,SGL_RS02010,0.138075718018073
SGL_RS00400,SGL_RS06395,0.137733760229078
SGL_RS16495,SGL_RS00515,0.137656612766884
SGL_RS06215,SGL_RS06220,0.137443295137113
SGL_RS00400,SGL_RS00345,0.137351764710755
SGL_RS00075,SGL_RS00065,0.137334559290721
SGL_RS00455,SGL_RS00920,0.136702256211304
SGL_RS16495,SGL_RS11695,0.136598273048976
SGL_RS18290,SGL_RS06665,0.136565200678279
SGL_RS06410,SGL_RS04660,0.13631054803976
SGL_RS00515,SGL_RS16495,0.136031416101466
SGL_RS00400,SGL_RS00280,0.135615515593115
SGL_RS00400,SGL_RS00275,0.135218677224963
SGL_RS00455,SGL_RS00930,0.13484490597334
SGL_RS16495,SGL_RS06930,0.134740216937134
SGL_RS17440,SGL_RS06895,0.134652909785888
SGL_RS12430,SGL_RS06555,0.134588234462931
SGL_RS06410,SGL_RS07375,0.134545410367516
SGL_RS07975,SGL_RS14350,0.134363184751414
SGL_RS00320,SGL_RS11705,0.134356445071357
SGL_RS16495,SGL_RS18320,0.134209993955599
SGL_RS06410,SGL_RS04670,0.134069847422307
SGL_RS12430,SGL_RS02245,0.133776298336296
SGL_RS12430,SGL_RS14360,0.133719010298956
SGL_RS01980,SGL_RS09510,0.133440156166033
SGL_RS00075,SGL_RS07460,0.133377684105016
SGL_RS12430,SGL_RS12175,0.133146680140029
SGL_RS15210,SGL_RS07415,0.133112057113643
SGL_RS00400,SGL_RS00075,0.132906318382863
SGL_RS15805,SGL_RS07060,0.132854730414784
SGL_RS15805,SGL_RS15150,0.132846105796799
SGL_RS01625,SGL_RS01610,0.132844302814048
SGL_RS01980,SGL_RS02320,0.13281652547523
SGL_RS00515,SGL_RS08245,0.132754360604963
SGL_RS06410,SGL_RS09745,0.132385644097707
SGL_RS06410,SGL_RS11935,0.13233330655282
SGL_RS06410,SGL_RS08200,0.13214275491298
SGL_RS12430,SGL_RS08755,0.132130946893339
SGL_RS12430,SGL_RS11780,0.131953954365153
SGL_RS04725,SGL_RS05185,0.1318437091556
SGL_RS12430,SGL_RS07175,0.131611440394311
SGL_RS02020,SGL_RS01980,0.131568885872984
SGL_RS00400,SGL_RS15685,0.131551243606201
SGL_RS01980,SGL_RS04130,0.131381714587932
SGL_RS15805,SGL_RS08230,0.131350005644965
SGL_RS02470,SGL_RS17225,0.131335046545644
SGL_RS12430,SGL_RS02615,0.131220066176009
SGL_RS00400,SGL_RS00575,0.131014200622429
SGL_RS00320,SGL_RS11030,0.130976966126419
SGL_RS07730,SGL_RS07735,0.130750231767048
SGL_RS13820,SGL_RS02375,0.130744622470676
SGL_RS00320,SGL_RS18430,0.130680920559611
SGL_RS06410,SGL_RS05250,0.130599376378174
SGL_RS00455,SGL_RS01425,0.130465091287591
SGL_RS00455,SGL_RS00940,0.130434419653541
SGL_RS05150,SGL_RS13030,0.13035325184945
SGL_RS00400,SGL_RS00265,0.130219134599941
SGL_RS07740,SGL_RS03235,0.130179918441579
SGL_RS06215,SGL_RS14010,0.130178734248015
SGL_RS01980,SGL_RS08830,0.129977815939487
SGL_RS15210,SGL_RS07405,0.12984806841806
SGL_RS08080,SGL_RS08085,0.129826207135913
SGL_RS08845,SGL_RS18840,0.129825179544699
SGL_RS00400,SGL_RS00660,0.129768352758213
SGL_RS06410,SGL_RS02670,0.129661363097195
SGL_RS16495,SGL_RS09025,0.129584996089538
SGL_RS00400,SGL_RS00475,0.12954279743569
SGL_RS00400,SGL_RS00120,0.129417344865129
SGL_RS15965,SGL_RS00020,0.129408103604706
SGL_RS02510,SGL_RS02515,0.129334087578569
SGL_RS06480,SGL_RS06305,0.12923777620304
SGL_RS06410,SGL_RS13415,0.129230518100189
SGL_RS06215,SGL_RS03440,0.128867500637251
SGL_RS02470,SGL_RS02465,0.128607362350983
SGL_RS02470,SGL_RS07245,0.128274390511276
SGL_RS00320,SGL_RS15185,0.12820826775453
SGL_RS06215,SGL_RS10935,0.128141609248808
SGL_RS00320,SGL_RS19550,0.128091321244621
SGL_RS07740,SGL_RS11470,0.127991852565169
SGL_RS01215,SGL_RS01335,0.127887959056993
SGL_RS15805,SGL_RS03975,0.127717903328709
SGL_RS06410,SGL_RS02675,0.127617266116221
SGL_RS06410,SGL_RS13460,0.127558783204586
SGL_RS12005,SGL_RS02435,0.127558469155829
SGL_RS06480,SGL_RS12125,0.127220750860418
SGL_RS00400,SGL_RS00085,0.12715361678335
SGL_RS15805,SGL_RS03125,0.126999144374511
SGL_RS00320,SGL_RS17025,0.12686782920503
SGL_RS02470,SGL_RS10640,0.126756042226015
SGL_RS14165,SGL_RS14170,0.126587378579859
SGL_RS15805,SGL_RS16620,0.126459838698508
SGL_RS06410,SGL_RS08205,0.126422107234676
SGL_RS00455,SGL_RS01430,0.126406365071838
SGL_RS08165,SGL_RS01825,0.12632798028708
SGL_RS15210,SGL_RS11435,0.126134106003571
SGL_RS16495,SGL_RS11725,0.126103138243337
SGL_RS15965,SGL_RS04945,0.125983594724993
SGL_RS12430,SGL_RS07790,0.125897977046591
SGL_RS06410,SGL_RS13200,0.125669272763499
SGL_RS17245,SGL_RS13835,0.125530594097094
SGL_RS00400,SGL_RS00305,0.125494846950198
SGL_RS08210,SGL_RS09040,0.125443654708729
SGL_RS02020,SGL_RS01995,0.125299537888262
SGL_RS06410,SGL_RS06485,0.125229757595433
SGL_RS15210,SGL_RS02880,0.125148149030747
SGL_RS00515,SGL_RS11695,0.125053218921914
SGL_RS07975,SGL_RS05545,0.125017125224718
SGL_RS10605,SGL_RS17470,0.125007964685717
SGL_RS01215,SGL_RS19705,0.124947911791301
SGL_RS00075,SGL_RS11185,0.124901811426528
SGL_RS12430,SGL_RS04650,0.124788856145029
SGL_RS00400,SGL_RS00480,0.12466329783762
SGL_RS15805,SGL_RS15280,0.124510133079232
SGL_RS17760,SGL_RS04920,0.124430910938799
SGL_RS08210,SGL_RS10775,0.124320956386983
SGL_RS17395,SGL_RS15295,0.12429363956848
SGL_RS15210,SGL_RS06775,0.124152458347165
SGL_RS15805,SGL_RS07820,0.124099448903018
SGL_RS12430,SGL_RS09795,0.124067520008828
SGL_RS17395,SGL_RS13850,0.124016999678517
SGL_RS06410,SGL_RS09760,0.124016338383681
SGL_RS15805,SGL_RS09775,0.123991273947151
SGL_RS01980,SGL_RS09515,0.123964054630087
SGL_RS06340,SGL_RS17125,0.123920785035207
SGL_RS12430,SGL_RS16980,0.123871769469023
SGL_RS15805,SGL_RS16835,0.123869338838843
SGL_RS00455,SGL_RS12790,0.123761891697578
SGL_RS00515,SGL_RS19145,0.1237253420999
SGL_RS12430,SGL_RS06460,0.123638448842691
SGL_RS01215,SGL_RS01235,0.123483625510431
SGL_RS01980,SGL_RS04930,0.123439676588745
SGL_RS15210,SGL_RS11735,0.123232478175632
SGL_RS02020,SGL_RS01985,0.123135645296495
SGL_RS00400,SGL_RS00210,0.123053318216763
SGL_RS00455,SGL_RS08305,0.122979472053008
SGL_RS06410,SGL_RS15635,0.122931788562775
SGL_RS00320,SGL_RS02165,0.122819473978617
SGL_RS00320,SGL_RS11875,0.122816374608588
SGL_RS15210,SGL_RS02700,0.122815259916451
SGL_RS02020,SGL_RS17815,0.122681301700765
SGL_RS12430,SGL_RS12680,0.122597244383438
SGL_RS06215,SGL_RS16605,0.122572835232783
SGL_RS12430,SGL_RS06550,0.122525475203029
SGL_RS12540,SGL_RS11615,0.122482872116745
SGL_RS00320,SGL_RS14230,0.122428296592902
SGL_RS00455,SGL_RS00925,0.122416759052847
SGL_RS05150,SGL_RS10180,0.122400900169962
SGL_RS10605,SGL_RS08505,0.122368859759179
SGL_RS15210,SGL_RS02695,0.122255583038494
SGL_RS13820,SGL_RS07490,0.12225165911687
SGL_RS00320,SGL_RS03580,0.122250601170735
SGL_RS06480,SGL_RS19915,0.122158412495952
SGL_RS15805,SGL_RS14905,0.12213571788758
SGL_RS12430,SGL_RS06345,0.122097359937644
SGL_RS06410,SGL_RS05345,0.122081563509646
SGL_RS17395,SGL_RS02805,0.122069384714624
SGL_RS00455,SGL_RS01700,0.122008632994299
SGL_RS12430,SGL_RS11500,0.122007313798795
SGL_RS17395,SGL_RS12550,0.121805632488207
SGL_RS18290,SGL_RS12455,0.121729676504358
SGL_RS02470,SGL_RS06210,0.121669129932774
SGL_RS15585,SGL_RS17790,0.121646985897751
SGL_RS16495,SGL_RS03725,0.121579170235002
SGL_RS03065,SGL_RS07730,0.121516785162665
SGL_RS17395,SGL_RS02300,0.121480374350653
SGL_RS16495,SGL_RS03695,0.121409940290385
SGL_RS06480,SGL_RS06310,0.121232906145767
SGL_RS08210,SGL_RS09875,0.121139389349962
SGL_RS15585,SGL_RS14195,0.12101253581008
SGL_RS12430,SGL_RS01920,0.120892561480585
SGL_RS01980,SGL_RS14475,0.120727523430022
SGL_RS00455,SGL_RS00935,0.12064475466216
SGL_RS18290,SGL_RS12810,0.120624920759138
SGL_RS17395,SGL_RS02475,0.120621517070376
SGL_RS00515,SGL_RS00590,0.120596917279293
SGL_RS17760,SGL_RS04290,0.120590577252499
SGL_RS16495,SGL_RS04980,0.120570286062037
SGL_RS12540,SGL_RS08815,0.120558094699918
SGL_RS15805,SGL_RS08765,0.120534682581904
SGL_RS00320,SGL_RS18475,0.120513113668322
SGL_RS06410,SGL_RS03080,0.120466009716554
SGL_RS12430,SGL_RS15125,0.120408401503399
SGL_RS00400,SGL_RS00285,0.120366620829748
SGL_RS00515,SGL_RS02085,0.120343278064324
SGL_RS00320,SGL_RS14740,0.120334386603885
SGL_RS10820,SGL_RS19625,0.120330449295586
SGL_RS00515,SGL_RS19060,0.120276881678125
SGL_RS12430,SGL_RS06675,0.120249528985783
SGL_RS00320,SGL_RS00975,0.120231796349342
SGL_RS15805,SGL_RS05220,0.120192774303301
SGL_RS04725,SGL_RS07350,0.120182107978257
SGL_RS02470,SGL_RS05740,0.120118551189761
SGL_RS17395,SGL_RS10630,0.120103787433916
SGL_RS00400,SGL_RS00410,0.120089315521245
SGL_RS00455,SGL_RS15930,0.120028739602727
SGL_RS00075,SGL_RS00115,0.119998428215417
SGL_RS04055,SGL_RS18805,0.119908548890197
SGL_RS10605,SGL_RS13580,0.119802436780619
SGL_RS07975,SGL_RS17530,0.119795938531396
SGL_RS00455,SGL_RS09750,0.119770512764452
SGL_RS09285,SGL_RS10015,0.119705615919105
SGL_RS06480,SGL_RS04660,0.11961151471124
SGL_RS06410,SGL_RS17820,0.119600611520112
SGL_RS15805,SGL_RS16430,0.119534203535582
SGL_RS16165,SGL_RS16160,0.119446525326747
SGL_RS12430,SGL_RS07710,0.119330897681174
SGL_RS01980,SGL_RS09485,0.119288336687287
SGL_RS06410,SGL_RS06840,0.119223257702434
SGL_RS18290,SGL_RS10110,0.119138883280989
SGL_RS04725,SGL_RS04915,0.119033822571527
SGL_RS16165,SGL_RS09505,0.118944061056319
SGL_RS04450,SGL_RS11420,0.118932304581686
SGL_RS00320,SGL_RS17350,0.118917856472113
SGL_RS09285,SGL_RS05140,0.118892399730734
SGL_RS06215,SGL_RS05740,0.118839434103701
SGL_RS04820,SGL_RS13975,0.11882988762814
SGL_RS15210,SGL_RS13430,0.118817126771157
SGL_RS06410,SGL_RS04510,0.118793557218229
SGL_RS04055,SGL_RS10260,0.118792286126514
SGL_RS17760,SGL_RS14795,0.118772275330571
SGL_RS09285,SGL_RS12425,0.11871055160601
SGL_RS12430,SGL_RS18090,0.118593862024087
SGL_RS10820,SGL_RS09295,0.118533360605481
SGL_RS08210,SGL_RS10105,0.118467321766889
SGL_RS17245,SGL_RS17715,0.118441059079067
SGL_RS15805,SGL_RS01625,0.118420781304097
SGL_RS02470,SGL_RS10935,0.118419793721335
SGL_RS16495,SGL_RS03720,0.118357451150849
SGL_RS12430,SGL_RS13560,0.11835108991906
SGL_RS00400,SGL_RS00225,0.118348883162454
SGL_RS08835,SGL_RS10705,0.1183317085704
SGL_RS01980,SGL_RS02020,0.118288366095898
SGL_RS05150,SGL_RS15195,0.118232271837394
SGL_RS15805,SGL_RS06260,0.118198119762338
SGL_RS00400,SGL_RS00245,0.118177075137896
SGL_RS00455,SGL_RS01695,0.118169470478652
SGL_RS00320,SGL_RS13125,0.118161405282767
SGL_RS08835,SGL_RS11160,0.118149960838848
SGL_RS06480,SGL_RS12110,0.118143958513849
SGL_RS06215,SGL_RS06210,0.118111324558825
SGL_RS10820,SGL_RS06585,0.118103369839096
SGL_RS12430,SGL_RS10140,0.118020692273243
SGL_RS15805,SGL_RS15570,0.117930277375214
SGL_RS03065,SGL_RS06760,0.117922484837967
SGL_RS10820,SGL_RS11070,0.117889119532832
SGL_RS00075,SGL_RS05530,0.117836915187343
SGL_RS10820,SGL_RS05590,0.117701260681237
SGL_RS12430,SGL_RS10070,0.117680546693922
SGL_RS06480,SGL_RS17080,0.117679836991863
SGL_RS17760,SGL_RS11885,0.117632463876914
SGL_RS12430,SGL_RS05615,0.117583439572647
SGL_RS00400,SGL_RS08015,0.117578414182253
SGL_RS10820,SGL_RS05365,0.117552758960508
SGL_RS01980,SGL_RS09520,0.117424253947196
SGL_RS00455,SGL_RS16190,0.117410842225761
SGL_RS09285,SGL_RS06235,0.117409844549686
SGL_RS15210,SGL_RS08585,0.117368115347751
SGL_RS01980,SGL_RS00385,0.1173421979654
SGL_RS10605,SGL_RS10660,0.117305302083107
SGL_RS06480,SGL_RS06410,0.117208089330354
SGL_RS06215,SGL_RS05845,0.117099680584285
SGL_RS00320,SGL_RS10405,0.117073769077892
SGL_RS17760,SGL_RS17755,0.11705956900925
SGL_RS00455,SGL_RS00450,0.117038432729538
SGL_RS02990,SGL_RS09330,0.117011512783049
SGL_RS06410,SGL_RS07400,0.116920687731511
SGL_RS06215,SGL_RS10500,0.11690698526793
SGL_RS01980,SGL_RS13570,0.116827692514176
SGL_RS06480,SGL_RS12140,0.116612369807423
SGL_RS15805,SGL_RS08790,0.116567299809805
SGL_RS12430,SGL_RS08975,0.116559215884654
SGL_RS00075,SGL_RS00305,0.116539149821827
SGL_RS04725,SGL_RS02875,0.11652549059171
SGL_RS01980,SGL_RS08320,0.116520382237049
SGL_RS15805,SGL_RS04370,0.116512652265918
SGL_RS06410,SGL_RS06780,0.116355670084264
SGL_RS17440,SGL_RS02815,0.116332333392811
SGL_RS12430,SGL_RS08170,0.116330076475463
SGL_RS12430,SGL_RS06560,0.116307174843942
SGL_RS00400,SGL_RS19095,0.116306789289579
SGL_RS17395,SGL_RS10625,0.116165185761981
SGL_RS12540,SGL_RS16955,0.116117156902506
SGL_RS08835,SGL_RS19000,0.116076951854421
SGL_RS16495,SGL_RS11765,0.116061265655925
SGL_RS00320,SGL_RS03700,0.116006786955666
SGL_RS16495,SGL_RS07785,0.115997494458292
SGL_RS17760,SGL_RS16590,0.115993075969231
SGL_RS04820,SGL_RS09225,0.11597044845714
SGL_RS10820,SGL_RS14370,0.115924705551318
SGL_RS13820,SGL_RS13815,0.115913459952247
SGL_RS00400,SGL_RS00385,0.115811951718376
SGL_RS15585,SGL_RS03825,0.115809004050955
SGL_RS15210,SGL_RS02670,0.11571063653497
SGL_RS15805,SGL_RS11390,0.115662336327355
SGL_RS16495,SGL_RS05805,0.115651653562731
SGL_RS17760,SGL_RS14830,0.115602999703829
SGL_RS06480,SGL_RS13450,0.115475554037127
SGL_RS16495,SGL_RS04890,0.115464681044712
SGL_RS12430,SGL_RS03260,0.115460191710606
SGL_RS00515,SGL_RS04500,0.115392570778392
SGL_RS00400,SGL_RS00110,0.115316976725467
SGL_RS00400,SGL_RS04155,0.115252153060359
SGL_RS00515,SGL_RS04235,0.115156558459111
SGL_RS12430,SGL_RS13165,0.115133115131262
SGL_RS10820,SGL_RS03120,0.115083124660571
SGL_RS15805,SGL_RS06215,0.115068926698834
SGL_RS16495,SGL_RS04235,0.115008571192542
SGL_RS00515,SGL_RS17940,0.114973148376486
SGL_RS00515,SGL_RS16425,0.114964528636171
SGL_RS16495,SGL_RS07610,0.114952062370434
SGL_RS15210,SGL_RS11625,0.114907221686146
SGL_RS15805,SGL_RS10430,0.114890603172438
SGL_RS00400,SGL_RS00570,0.11479416380334
SGL_RS06410,SGL_RS06805,0.114793287987083
SGL_RS11985,SGL_RS04560,0.114756934764143
SGL_RS11985,SGL_RS11970,0.114749143098328
SGL_RS05150,SGL_RS05200,0.114731864978175
SGL_RS08500,SGL_RS08125,0.114722490680424
SGL_RS15965,SGL_RS07510,0.114714778505351
SGL_RS15210,SGL_RS09705,0.114649779813307
SGL_RS00320,SGL_RS13675,0.114646682325167
SGL_RS01980,SGL_RS00115,0.114637478878448
SGL_RS10820,SGL_RS08270,0.11458852553559
SGL_RS04725,SGL_RS11495,0.114498470881432
SGL_RS15805,SGL_RS08600,0.114463942489245
SGL_RS00400,SGL_RS15960,0.11438812710418
SGL_RS07740,SGL_RS11215,0.114367620569092
SGL_RS17245,SGL_RS05300,0.114366267129118
SGL_RS06340,SGL_RS00805,0.114364501562691
SGL_RS17760,SGL_RS17995,0.11429105545383
SGL_RS00400,SGL_RS00635,0.11426988890802
SGL_RS16495,SGL_RS10290,0.114269134219186
SGL_RS00400,SGL_RS00080,0.114247166175838
SGL_RS03065,SGL_RS06560,0.114089720951732
SGL_RS17760,SGL_RS01370,0.114066227014756
SGL_RS12595,SGL_RS13880,0.114061140217759
SGL_RS08500,SGL_RS07125,0.11405696775333
SGL_RS15805,SGL_RS08410,0.113999120615382
SGL_RS02510,SGL_RS04900,0.113993329674764
SGL_RS14385,SGL_RS16630,0.113961479537253
SGL_RS15805,SGL_RS12705,0.113913597852128
SGL_RS17440,SGL_RS11545,0.113864511346759
SGL_RS06410,SGL_RS08590,0.113806518578167
SGL_RS12430,SGL_RS07815,0.113787111502731
SGL_RS16495,SGL_RS14890,0.113787037990538
SGL_RS12430,SGL_RS11485,0.113758678534108
SGL_RS00515,SGL_RS07500,0.113712947405665
SGL_RS11370,SGL_RS17200,0.113702820152562
SGL_RS00455,SGL_RS01020,0.113687689484435
SGL_RS08165,SGL_RS15065,0.113592039101671
SGL_RS06215,SGL_RS07590,0.113564017598566
SGL_RS09285,SGL_RS06350,0.113511118485342
SGL_RS12595,SGL_RS10575,0.113491881028271
SGL_RS17440,SGL_RS14490,0.113446613689524
SGL_RS01625,SGL_RS19440,0.113442068935392
SGL_RS08500,SGL_RS14285,0.113440128475628
SGL_RS00400,SGL_RS00600,0.113433737373324
SGL_RS12430,SGL_RS10575,0.113425029270138
SGL_RS04450,SGL_RS10620,0.113419528820984
SGL_RS02020,SGL_RS02000,0.113393080465645
SGL_RS01955,SGL_RS04220,0.11339265004138
SGL_RS15805,SGL_RS08180,0.113370109633865
SGL_RS10820,SGL_RS13590,0.113358867455645
SGL_RS15210,SGL_RS14355,0.113354941455597
SGL_RS16080,SGL_RS19715,0.113353547635211
SGL_RS05150,SGL_RS06890,0.113351684144904
SGL_RS00455,SGL_RS01025,0.113345977640391
SGL_RS00400,SGL_RS00540,0.113299961965963
SGL_RS15210,SGL_RS05550,0.11328435079461
SGL_RS01980,SGL_RS17370,0.113233724621428
SGL_RS00400,SGL_RS00015,0.113156102700018
SGL_RS06480,SGL_RS12120,0.113154629252205
SGL_RS14610,SGL_RS15055,0.113107365142277
SGL_RS15805,SGL_RS12590,0.113082540409442
SGL_RS15805,SGL_RS09820,0.113079900566981
SGL_RS15805,SGL_RS13150,0.113045366454661
SGL_RS15805,SGL_RS18200,0.113045302781989
SGL_RS15965,SGL_RS14845,0.113036695211884
SGL_RS10605,SGL_RS08455,0.113009387529124
SGL_RS00400,SGL_RS04635,0.112994862745617
SGL_RS04450,SGL_RS09160,0.112993228694594
SGL_RS17760,SGL_RS07365,0.112989890967166
SGL_RS10605,SGL_RS14385,0.11290880755017
SGL_RS00320,SGL_RS14720,0.112852240864505
SGL_RS08835,SGL_RS05565,0.112848303626352
SGL_RS08165,SGL_RS05260,0.112836114066074
SGL_RS06215,SGL_RS02830,0.112834659861518
SGL_RS00075,SGL_RS01855,0.112807335544854
SGL_RS17245,SGL_RS17065,0.112783383809186
SGL_RS17760,SGL_RS19535,0.112752202450893
SGL_RS02990,SGL_RS04820,0.112664169692836
SGL_RS12430,SGL_RS04580,0.112640166223889
SGL_RS08835,SGL_RS02945,0.112620317445976
SGL_RS17760,SGL_RS05560,0.112612352347607
SGL_RS12430,SGL_RS12345,0.112610098985572
SGL_RS15245,SGL_RS15250,0.112596048455028
SGL_RS15210,SGL_RS09710,0.112573159230608
SGL_RS12430,SGL_RS15130,0.112567938675042
SGL_RS09285,SGL_RS12760,0.112549691407827
SGL_RS00320,SGL_RS00900,0.112496100434528
SGL_RS08165,SGL_RS20095,0.112493455861546
SGL_RS12430,SGL_RS06545,0.112490638882665
SGL_RS10820,SGL_RS04850,0.112473218626754
SGL_RS15210,SGL_RS02890,0.112429830027158
SGL_RS01980,SGL_RS00320,0.112407133715547
SGL_RS00455,SGL_RS16410,0.112378820991376
SGL_RS12430,SGL_RS18310,0.112375646116042
SGL_RS08210,SGL_RS06920,0.112353515894248
SGL_RS06080,SGL_RS03525,0.112280836131238
SGL_RS17395,SGL_RS06785,0.11227759227732
SGL_RS04450,SGL_RS11645,0.112269086084032
SGL_RS06410,SGL_RS08565,0.112263755891651
SGL_RS06340,SGL_RS06620,0.112230256598209
SGL_RS00400,SGL_RS00615,0.112209501028129
SGL_RS00400,SGL_RS04280,0.112178139161521
SGL_RS00400,SGL_RS00340,0.112166968548576
SGL_RS08080,SGL_RS08075,0.1121293815678
SGL_RS10820,SGL_RS15900,0.112107431113511
SGL_RS17760,SGL_RS18235,0.112080838869353
SGL_RS17120,SGL_RS06010,0.112068709687563
SGL_RS00515,SGL_RS18320,0.112019199165979
SGL_RS17395,SGL_RS13970,0.11201717615499
SGL_RS02020,SGL_RS08955,0.112016356339379
SGL_RS07975,SGL_RS05010,0.111987757812607
SGL_RS15805,SGL_RS15870,0.111947624582942
SGL_RS08835,SGL_RS02525,0.111884686441183
SGL_RS15805,SGL_RS06040,0.111807860212255
SGL_RS09285,SGL_RS11220,0.111743421076485
SGL_RS17395,SGL_RS13370,0.111742581966206
SGL_RS12595,SGL_RS06970,0.111673018395619
SGL_RS12430,SGL_RS03450,0.111630073176787
SGL_RS12430,SGL_RS09320,0.111618711306635
SGL_RS08845,SGL_RS06295,0.111586458225221
SGL_RS12430,SGL_RS02445,0.111580595347624
SGL_RS08210,SGL_RS02565,0.111569532107572
SGL_RS01955,SGL_RS15500,0.111531403378974
SGL_RS12595,SGL_RS12290,0.111490419753515
SGL_RS06410,SGL_RS15005,0.111469808526399
SGL_RS02470,SGL_RS05735,0.111466881620501
SGL_RS10755,SGL_RS10750,0.111463489204242
SGL_RS09285,SGL_RS17230,0.111446090339575
SGL_RS12430,SGL_RS03840,0.11144379375403
SGL_RS01215,SGL_RS00035,0.111433081706582
SGL_RS17395,SGL_RS02280,0.111371232425955
SGL_RS15805,SGL_RS16610,0.111352103342279
SGL_RS15805,SGL_RS10145,0.111324091513026
SGL_RS15965,SGL_RS16210,0.111268733918037
SGL_RS08835,SGL_RS11930,0.111267312231723
SGL_RS16080,SGL_RS09905,0.111245008109302
SGL_RS12430,SGL_RS11610,0.11123172072738
SGL_RS00515,SGL_RS09025,0.111218054183495
SGL_RS00400,SGL_RS00010,0.11121604182101
SGL_RS06215,SGL_RS05940,0.11121475254532
SGL_RS08835,SGL_RS11135,0.111213509225535
SGL_RS06215,SGL_RS18275,0.111147697482835
SGL_RS00400,SGL_RS00770,0.111147195617417
SGL_RS15965,SGL_RS00365,0.111074926293065
SGL_RS15805,SGL_RS15775,0.111060215067331
SGL_RS14610,SGL_RS04040,0.110905817491971
SGL_RS04450,SGL_RS08430,0.110904427291603
SGL_RS15210,SGL_RS04530,0.110869360669641
SGL_RS12430,SGL_RS07285,0.11084789394456
SGL_RS15805,SGL_RS10985,0.110846290003769
SGL_RS06410,SGL_RS12620,0.110811936888207
SGL_RS10820,SGL_RS05515,0.110781964892016
SGL_RS00400,SGL_RS00270,0.110762727370039
SGL_RS00515,SGL_RS11725,0.110739638949492
SGL_RS11370,SGL_RS02100,0.110732372826419
SGL_RS17760,SGL_RS12190,0.11070919361959
SGL_RS00075,SGL_RS13595,0.110671076528324
SGL_RS06410,SGL_RS12210,0.11065745133743
SGL_RS10605,SGL_RS04260,0.110613384815947
SGL_RS01980,SGL_RS11010,0.110605391860719
SGL_RS16495,SGL_RS15550,0.110604845657016
SGL_RS15805,SGL_RS14465,0.110604308686701
SGL_RS14385,SGL_RS07105,0.110595776238337
SGL_RS13130,SGL_RS16905,0.110503635221157
SGL_RS17395,SGL_RS18325,0.110475217808374
SGL_RS00400,SGL_RS00135,0.110462089337663
SGL_RS12430,SGL_RS02725,0.110435916814822
SGL_RS01980,SGL_RS00730,0.110425320279506
SGL_RS08835,SGL_RS11270,0.11042107471991
SGL_RS06410,SGL_RS13205,0.110333312259385
SGL_RS08835,SGL_RS16770,0.110296447584896
SGL_RS06340,SGL_RS08250,0.110293067530924
SGL_RS15805,SGL_RS15785,0.110284858852742
SGL_RS06410,SGL_RS04410,0.110240543062125
SGL_RS15805,SGL_RS18120,0.110208020527388
SGL_RS12430,SGL_RS10400,0.110185860172401
SGL_RS15805,SGL_RS16875,0.110122682747849
SGL_RS00400,SGL_RS01960,0.110104608918945
SGL_RS12430,SGL_RS06540,0.110059205160258
SGL_RS00400,SGL_RS16320,0.110003121043724
SGL_RS12595,SGL_RS03175,0.109972738709723
SGL_RS03065,SGL_RS08260,0.109937868452865
SGL_RS16495,SGL_RS13615,0.109936058562355
SGL_RS16165,SGL_RS16150,0.109932897754545
SGL_RS10605,SGL_RS02255,0.10992388538996
SGL_RS04725,SGL_RS16295,0.109905815502551
SGL_RS06410,SGL_RS07945,0.109853555111483
SGL_RS12430,SGL_RS17465,0.10984426892065
SGL_RS17760,SGL_RS15125,0.109822231649695
SGL_RS00455,SGL_RS01015,0.109725806738357
SGL_RS17245,SGL_RS17115,0.109713775355135
SGL_RS08210,SGL_RS10270,0.109669718148792
SGL_RS16080,SGL_RS19865,0.109647298711196
SGL_RS12430,SGL_RS10445,0.109626206224921
SGL_RS15805,SGL_RS11385,0.109622906683666
SGL_RS04450,SGL_RS05730,0.10961496899271
SGL_RS10820,SGL_RS13240,0.109580463119066
SGL_RS04055,SGL_RS12835,0.109570892837231
SGL_RS15805,SGL_RS07040,0.10953328251986
SGL_RS02470,SGL_RS11200,0.109532817031792
SGL_RS01980,SGL_RS01990,0.109517954464054
SGL_RS08080,SGL_RS15370,0.109498455667847
SGL_RS12430,SGL_RS10995,0.109454437401841
SGL_RS17245,SGL_RS08030,0.109402629184285
SGL_RS10820,SGL_RS18380,0.109397990539313
SGL_RS15965,SGL_RS00270,0.109366662958783
SGL_RS00400,SGL_RS01690,0.109354794183597
SGL_RS08500,SGL_RS10995,0.109344425083845
SGL_RS15805,SGL_RS09860,0.109298845540931
SGL_RS12430,SGL_RS07140,0.109278555813535
SGL_RS09285,SGL_RS14565,0.109255633379453
SGL_RS16495,SGL_RS02370,0.109252229021223
SGL_RS08835,SGL_RS14840,0.109199930510752
SGL_RS15805,SGL_RS07250,0.109116660546839
SGL_RS12430,SGL_RS08175,0.109093368851048
SGL_RS12540,SGL_RS15055,0.109092839186675
SGL_RS15805,SGL_RS05455,0.109075024535312
SGL_RS00515,SGL_RS00565,0.109063079628739
SGL_RS10820,SGL_RS15210,0.109050918272962
SGL_RS11285,SGL_RS04210,0.109047815151167
SGL_RS01980,SGL_RS02015,0.108992261137117
SGL_RS04450,SGL_RS18890,0.108934093259398
SGL_RS15210,SGL_RS19575,0.108931775229806
SGL_RS00515,SGL_RS18635,0.108918729875356
SGL_RS00320,SGL_RS00595,0.108902847521585
SGL_RS15965,SGL_RS19555,0.108872612308569
SGL_RS10755,SGL_RS20160,0.108870983231448
SGL_RS00400,SGL_RS18485,0.108866002795666
SGL_RS10820,SGL_RS02845,0.108839263667718
SGL_RS02470,SGL_RS05725,0.108829864327287
SGL_RS15965,SGL_RS17885,0.108825840402345
SGL_RS01980,SGL_RS03645,0.108804533295416
SGL_RS12430,SGL_RS13380,0.108742451305504
SGL_RS00400,SGL_RS18510,0.108708456749069
SGL_RS08835,SGL_RS04140,0.108692580181485
SGL_RS00320,SGL_RS17385,0.108645126480085
SGL_RS01980,SGL_RS07440,0.108620708341948
SGL_RS15805,SGL_RS06980,0.108588338926434
SGL_RS15210,SGL_RS11675,0.108577059304955
SGL_RS15805,SGL_RS00825,0.108519783051721
SGL_RS16495,SGL_RS02130,0.108487711500284
SGL_RS06410,SGL_RS04530,0.108458906749655
SGL_RS06215,SGL_RS07595,0.108453634336134
SGL_RS07975,SGL_RS07430,0.108450018301032
SGL_RS12430,SGL_RS11600,0.108409037593579
SGL_RS17245,SGL_RS05715,0.10839692821926
SGL_RS12430,SGL_RS12400,0.108374226354546
SGL_RS06215,SGL_RS16665,0.108371010194218
SGL_RS15805,SGL_RS12940,0.108352268495614
SGL_RS01980,SGL_RS05530,0.108322386768649
SGL_RS12595,SGL_RS10140,0.108318106742433
SGL_RS15805,SGL_RS17705,0.108290604377279
SGL_RS17760,SGL_RS09245,0.108289146548742
SGL_RS12430,SGL_RS13885,0.108285955077213
SGL_RS15805,SGL_RS10020,0.108262966308093
SGL_RS10820,SGL_RS02195,0.108233355897573
SGL_RS15210,SGL_RS04095,0.10821793151979
SGL_RS15805,SGL_RS15680,0.108210361116076
SGL_RS04450,SGL_RS12850,0.108199567519689
SGL_RS15805,SGL_RS07810,0.108187253417603
SGL_RS00455,SGL_RS09735,0.108172396409274
SGL_RS04055,SGL_RS18965,0.108166944335866
SGL_RS15805,SGL_RS10610,0.108152004113489
SGL_RS12595,SGL_RS02455,0.108137317142797
SGL_RS04450,SGL_RS10150,0.108078240162052
SGL_RS17395,SGL_RS12770,0.108064575502368
SGL_RS12005,SGL_RS04660,0.10805293017344
SGL_RS12430,SGL_RS10425,0.10805222889109
SGL_RS09285,SGL_RS15305,0.10803175661607
SGL_RS12430,SGL_RS16845,0.108028238408512
SGL_RS00075,SGL_RS04930,0.108024114012905
SGL_RS10605,SGL_RS13435,0.107998893710434
SGL_RS09285,SGL_RS15330,0.107980848428468
SGL_RS15210,SGL_RS06210,0.107978731295205
SGL_RS10605,SGL_RS06415,0.107969543333007
SGL_RS15210,SGL_RS05520,0.107959839728975
SGL_RS10605,SGL_RS06845,0.107939393172078
SGL_RS06340,SGL_RS06940,0.107930239141275
SGL_RS17760,SGL_RS11595,0.10792484998275
SGL_RS10820,SGL_RS01535,0.10792113971205
SGL_RS17395,SGL_RS07825,0.107914151682355
SGL_RS01980,SGL_RS00695,0.107907079459416
SGL_RS17245,SGL_RS12605,0.107893157920067
SGL_RS17440,SGL_RS06720,0.107888943887814
SGL_RS07535,SGL_RS07640,0.107863994821709
SGL_RS12430,SGL_RS07580,0.107853157541109
SGL_RS15805,SGL_RS07065,0.107846409656801
SGL_RS11370,SGL_RS17360,0.107785592613416
SGL_RS08210,SGL_RS07200,0.107768785581924
SGL_RS04055,SGL_RS02900,0.10775648707455
SGL_RS10820,SGL_RS12625,0.107747847366346
SGL_RS09285,SGL_RS17130,0.107745970399116
SGL_RS01255,SGL_RS01215,0.107711941747418
SGL_RS12595,SGL_RS05870,0.107690551015044
SGL_RS14610,SGL_RS07700,0.107684331919887
SGL_RS15805,SGL_RS15235,0.107679672085632
SGL_RS10605,SGL_RS02530,0.10767266066405
SGL_RS01955,SGL_RS11165,0.107672403938407
SGL_RS04725,SGL_RS17535,0.107639412469142
SGL_RS17120,SGL_RS10200,0.107608725268585
SGL_RS15210,SGL_RS06445,0.107607529399413
SGL_RS15805,SGL_RS12970,0.107592506519916
SGL_RS15805,SGL_RS20175,0.107568179961075
SGL_RS01255,SGL_RS01290,0.107549573088455
SGL_RS04055,SGL_RS04985,0.107534887401834
SGL_RS18290,SGL_RS05100,0.107531564305817
SGL_RS06410,SGL_RS04265,0.107526731167533
SGL_RS15210,SGL_RS07410,0.10752541468256
SGL_RS17245,SGL_RS04115,0.107516727101997
SGL_RS10820,SGL_RS00910,0.107497338543752
SGL_RS01955,SGL_RS13525,0.107475008152035
SGL_RS15805,SGL_RS11650,0.107410504297886
SGL_RS08500,SGL_RS04605,0.107407295992778
SGL_RS15805,SGL_RS16370,0.107386336462276
SGL_RS04820,SGL_RS13400,0.107360331570295
SGL_RS06410,SGL_RS07380,0.10733499413277
SGL_RS04725,SGL_RS10665,0.107318000289655
SGL_RS01625,SGL_RS15460,0.107287807913775
SGL_RS09285,SGL_RS09640,0.107280983054901
SGL_RS12430,SGL_RS09325,0.107280523865927
SGL_RS14385,SGL_RS05675,0.107230900424025
SGL_RS15585,SGL_RS19500,0.107168508180255
SGL_RS01255,SGL_RS00950,0.107151216502959
SGL_RS09285,SGL_RS15805,0.107121080962239
SGL_RS17395,SGL_RS09350,0.107109874474044
SGL_RS04055,SGL_RS18285,0.10710642406525
SGL_RS17760,SGL_RS02930,0.107102470537229
SGL_RS00455,SGL_RS01050,0.107075308101549
SGL_RS15805,SGL_RS06035,0.107069744308053
SGL_RS02470,SGL_RS05845,0.107052713797682
SGL_RS12595,SGL_RS12975,0.107047099679087
SGL_RS04725,SGL_RS08125,0.107037506302968
SGL_RS00515,SGL_RS03565,0.107003666697359
SGL_RS00400,SGL_RS00235,0.106998038722336
SGL_RS06410,SGL_RS16480,0.106994199850155
SGL_RS04450,SGL_RS02105,0.10696497196093
SGL_RS15805,SGL_RS10085,0.106962812934345
SGL_RS00455,SGL_RS01600,0.106909526955478
SGL_RS12595,SGL_RS13900,0.106898989011394
SGL_RS13820,SGL_RS15810,0.106888602513482
SGL_RS17760,SGL_RS17645,0.106858803914592
SGL_RS12430,SGL_RS16440,0.106851774423607
SGL_RS06215,SGL_RS10145,0.106824520732747
SGL_RS16495,SGL_RS17940,0.10681868287774
SGL_RS15805,SGL_RS06355,0.106818324639564
SGL_RS15805,SGL_RS06765,0.106807241446092
SGL_RS03065,SGL_RS02225,0.106761176729753
SGL_RS15245,SGL_RS08385,0.106705708330462
SGL_RS04725,SGL_RS04875,0.106700653585154
SGL_RS12430,SGL_RS11755,0.106695498119137
SGL_RS00320,SGL_RS11895,0.106678614922681
SGL_RS15805,SGL_RS02620,0.106669006640712
SGL_RS04055,SGL_RS15375,0.106646152962301
SGL_RS01980,SGL_RS00075,0.106643993099308
SGL_RS00400,SGL_RS01865,0.106640684800722
SGL_RS10820,SGL_RS09080,0.106576991370143
SGL_RS15210,SGL_RS17600,0.106573132142283
SGL_RS01955,SGL_RS16465,0.106559913292052
SGL_RS16165,SGL_RS11180,0.106557657239075
SGL_RS09285,SGL_RS06640,0.106551528341495
SGL_RS11985,SGL_RS13655,0.106539731744603
SGL_RS06410,SGL_RS12125,0.106509716527244
SGL_RS15805,SGL_RS14385,0.106474244221385
SGL_RS10820,SGL_RS10975,0.106473377039835
SGL_RS16165,SGL_RS01410,0.10643589017122
SGL_RS00075,SGL_RS09570,0.106428424178519
SGL_RS16495,SGL_RS09970,0.106424949371123
SGL_RS00400,SGL_RS00330,0.106422888420254
SGL_RS10605,SGL_RS08620,0.106413734317934
SGL_RS17245,SGL_RS04995,0.106347406821297
SGL_RS06215,SGL_RS03990,0.10631570363595
SGL_RS11370,SGL_RS09635,0.10630360458361
SGL_RS15210,SGL_RS08590,0.106299812179391
SGL_RS12430,SGL_RS07845,0.106292209745884
SGL_RS03065,SGL_RS02330,0.106287377023361
SGL_RS12430,SGL_RS02430,0.106262911332365
SGL_RS03065,SGL_RS13545,0.10624790339397
SGL_RS14610,SGL_RS12540,0.106230118359095
SGL_RS06480,SGL_RS12135,0.106217436740992
SGL_RS17395,SGL_RS14025,0.106207904821193
SGL_RS00400,SGL_RS14845,0.106177491781725
SGL_RS00400,SGL_RS16225,0.106177143069226
SGL_RS12430,SGL_RS08765,0.106170243557736
SGL_RS15805,SGL_RS20085,0.106154626960663
SGL_RS02990,SGL_RS19950,0.106132729224453
SGL_RS11285,SGL_RS14655,0.106130090136204
SGL_RS12005,SGL_RS11940,0.106126534718311
SGL_RS15805,SGL_RS13995,0.106107938091202
SGL_RS00455,SGL_RS00990,0.106079940459795
SGL_RS02020,SGL_RS00910,0.106077450379041
SGL_RS01980,SGL_RS02140,0.106076973094637
SGL_RS15805,SGL_RS16775,0.106049907418961
SGL_RS17395,SGL_RS13120,0.105983122194461
SGL_RS11370,SGL_RS11980,0.105970795530281
SGL_RS15805,SGL_RS16940,0.105955413243164
SGL_RS04450,SGL_RS15430,0.105946807812906
SGL_RS06410,SGL_RS05775,0.105936429701494
SGL_RS15805,SGL_RS11515,0.105899860056412
SGL_RS12430,SGL_RS15205,0.105896865755823
SGL_RS15805,SGL_RS16805,0.10588780473336
SGL_RS06410,SGL_RS08585,0.105860537493237
SGL_RS00400,SGL_RS15615,0.105851511943465
SGL_RS10820,SGL_RS03905,0.105850105290753
SGL_RS06410,SGL_RS02600,0.10584228533138
SGL_RS00400,SGL_RS01815,0.105837716003954
SGL_RS00075,SGL_RS09515,0.105831946117068
SGL_RS01980,SGL_RS03650,0.105828108442148
SGL_RS12430,SGL_RS07645,0.105821919978621
SGL_RS09285,SGL_RS08925,0.105821538795663
SGL_RS15965,SGL_RS05160,0.105821133894156
SGL_RS10605,SGL_RS16650,0.105806292830179
SGL_RS08835,SGL_RS11595,0.105803234570151
SGL_RS15805,SGL_RS15070,0.105796803198863
SGL_RS17245,SGL_RS11920,0.105791578300229
SGL_RS07740,SGL_RS06475,0.105773839244807
SGL_RS17440,SGL_RS10335,0.105773418955719
SGL_RS15965,SGL_RS03020,0.105756110841288
SGL_RS10820,SGL_RS08675,0.105743493053116
SGL_RS02990,SGL_RS03800,0.105693218737291
SGL_RS17245,SGL_RS10510,0.105682302331014
SGL_RS01980,SGL_RS06065,0.105673847107766
SGL_RS11985,SGL_RS16165,0.105655496578853
SGL_RS12595,SGL_RS13885,0.105652462522404
SGL_RS11370,SGL_RS15190,0.105608999845239
SGL_RS14610,SGL_RS10760,0.105607635284237
SGL_RS12005,SGL_RS11935,0.10558352287951
SGL_RS08835,SGL_RS14850,0.105574446977691
SGL_RS15805,SGL_RS13730,0.105539193208389
SGL_RS16495,SGL_RS16755,0.10553438139992
SGL_RS10820,SGL_RS05335,0.105522077489023
SGL_RS15805,SGL_RS09985,0.105517344255754
SGL_RS12430,SGL_RS12450,0.105512780674553
SGL_RS01980,SGL_RS09050,0.105500688170176
SGL_RS01980,SGL_RS01975,0.105497185807705
SGL_RS15965,SGL_RS00440,0.105491290978938
SGL_RS00400,SGL_RS11905,0.105487346784267
SGL_RS10605,SGL_RS14110,0.105463803834461
SGL_RS11985,SGL_RS17585,0.105461914592781
SGL_RS13130,SGL_RS11285,0.1054590421573
SGL_RS04725,SGL_RS10805,0.105425508962214
SGL_RS15965,SGL_RS04925,0.105418214633171
SGL_RS15210,SGL_RS07245,0.105406218953597
SGL_RS00320,SGL_RS03610,0.105392058361913
SGL_RS04055,SGL_RS05855,0.10538664799642
SGL_RS15805,SGL_RS14140,0.105347754362062
SGL_RS00670,SGL_RS00475,0.105299780037362
SGL_RS02470,SGL_RS13625,0.105288868532691
SGL_RS08835,SGL_RS12195,0.105244566769898
SGL_RS15805,SGL_RS12285,0.105242688002833
SGL_RS15965,SGL_RS15725,0.105227175034749
SGL_RS11985,SGL_RS10825,0.105218893013602
SGL_RS09285,SGL_RS09375,0.105208145020499
SGL_RS06080,SGL_RS07210,0.105188844953007
SGL_RS12430,SGL_RS16690,0.105184350977852
SGL_RS15965,SGL_RS06075,0.105164457198075
SGL_RS10820,SGL_RS06375,0.105135112811941
SGL_RS09285,SGL_RS16505,0.105125557653755
SGL_RS15805,SGL_RS09375,0.105118797419312
SGL_RS08500,SGL_RS02960,0.105073836386685
SGL_RS12595,SGL_RS05885,0.105044061165109
SGL_RS13130,SGL_RS09825,0.105012060842088
SGL_RS09285,SGL_RS11080,0.104991314259671
SGL_RS11370,SGL_RS13785,0.104962226642781
SGL_RS00515,SGL_RS03720,0.104961131941041
SGL_RS15805,SGL_RS09895,0.104958841525325
SGL_RS04725,SGL_RS07320,0.10493951427243
SGL_RS15965,SGL_RS11250,0.104930800150685
SGL_RS00075,SGL_RS09510,0.104925473525444
SGL_RS15210,SGL_RS02885,0.104920863379161
SGL_RS03065,SGL_RS02740,0.10490826988389
SGL_RS00075,SGL_RS00395,0.104905178658692
SGL_RS17760,SGL_RS11605,0.104904800736549
SGL_RS12005,SGL_RS00680,0.104898215669842
SGL_RS00400,SGL_RS00725,0.104861251950603
SGL_RS16080,SGL_RS13075,0.104860559192044
SGL_RS00320,SGL_RS13570,0.104850130225963
SGL_RS06410,SGL_RS05540,0.104830215501768
SGL_RS15805,SGL_RS07805,0.10481355618276
SGL_RS18290,SGL_RS03425,0.104812129517903
SGL_RS09285,SGL_RS12910,0.104807013433405
SGL_RS06215,SGL_RS06990,0.104766643402746
SGL_RS15805,SGL_RS14135,0.104720895782435
SGL_RS12430,SGL_RS10155,0.104713137158283
SGL_RS06215,SGL_RS15070,0.104679337695846
SGL_RS15245,SGL_RS12310,0.104668772959739
SGL_RS12005,SGL_RS04355,0.104637780025369
SGL_RS00400,SGL_RS03625,0.104615811532613
SGL_RS15215,SGL_RS03415,0.104614817415769
SGL_RS00455,SGL_RS16195,0.10461425960798
SGL_RS10605,SGL_RS20085,0.104599948116264
SGL_RS02020,SGL_RS01945,0.104599385847059
SGL_RS15965,SGL_RS07070,0.104589023888846
SGL_RS01255,SGL_RS16145,0.104561504860028
SGL_RS12430,SGL_RS07600,0.104561364370774
SGL_RS12595,SGL_RS07665,0.104550312737141
SGL_RS12430,SGL_RS10645,0.104525850316302
SGL_RS04725,SGL_RS05300,0.10452405099976
SGL_RS11370,SGL_RS04785,0.104496528960604
SGL_RS17760,SGL_RS15405,0.104476325069991
SGL_RS12005,SGL_RS00445,0.104455053562898
SGL_RS05150,SGL_RS06815,0.104453921620545
SGL_RS06080,SGL_RS10835,0.104447592273299
SGL_RS05150,SGL_RS15650,0.104443555949212
SGL_RS01215,SGL_RS01285,0.104441013424058
SGL_RS09285,SGL_RS08220,0.104388300951641
SGL_RS16495,SGL_RS14670,0.104387095807902
SGL_RS09285,SGL_RS06800,0.104358441233687
SGL_RS06080,SGL_RS04630,0.104352461443319
SGL_RS08835,SGL_RS17775,0.104348855480063
SGL_RS01215,SGL_RS01355,0.104342424694079
SGL_RS00670,SGL_RS05205,0.104334412459584
SGL_RS00670,SGL_RS01815,0.104323734117506
SGL_RS04055,SGL_RS11750,0.104296705302471
SGL_RS12430,SGL_RS18235,0.104295421252191
SGL_RS16495,SGL_RS01030,0.104278795595599
SGL_RS14385,SGL_RS10615,0.104266290360638
SGL_RS08835,SGL_RS08335,0.104255877891716
SGL_RS08210,SGL_RS09420,0.104251055045466
SGL_RS06410,SGL_RS20030,0.10423628593856
SGL_RS13820,SGL_RS16795,0.104219846344523
SGL_RS17245,SGL_RS02655,0.104209371680886
SGL_RS04725,SGL_RS17740,0.104203333297829
SGL_RS12430,SGL_RS05440,0.104197025075906
SGL_RS12430,SGL_RS05560,0.104182247312396
SGL_RS06410,SGL_RS03330,0.104176715260397
SGL_RS08835,SGL_RS11590,0.104168011840514
SGL_RS08835,SGL_RS15465,0.104163670645464
SGL_RS12430,SGL_RS17060,0.104156658844576
SGL_RS00320,SGL_RS11045,0.104144430522692
SGL_RS05150,SGL_RS15140,0.104133219150546
SGL_RS10605,SGL_RS06370,0.104126180585355
SGL_RS02470,SGL_RS05770,0.104110674135926
SGL_RS17395,SGL_RS04985,0.10408359423283
SGL_RS01625,SGL_RS01620,0.104083260454308
SGL_RS17760,SGL_RS15670,0.104081143548924
SGL_RS12430,SGL_RS04370,0.104077137273561
SGL_RS17245,SGL_RS14600,0.104069065492323
SGL_RS12430,SGL_RS13180,0.104068279620613
SGL_RS00400,SGL_RS00655,0.104058355246005
SGL_RS12430,SGL_RS15340,0.104040842307554
SGL_RS18290,SGL_RS17195,0.104032006015505
SGL_RS15805,SGL_RS16615,0.104024616977937
SGL_RS12430,SGL_RS06070,0.104016612805266
SGL_RS17760,SGL_RS08850,0.103988151879843
SGL_RS12005,SGL_RS15195,0.103964537071194
SGL_RS02470,SGL_RS05800,0.103937009615419
SGL_RS12595,SGL_RS06745,0.103932586188293
SGL_RS15245,SGL_RS13855,0.103931171461651
SGL_RS12430,SGL_RS02315,0.103927160902993
SGL_RS01215,SGL_RS19695,0.103925272260565
SGL_RS00455,SGL_RS03630,0.103923477343792
SGL_RS00455,SGL_RS01155,0.103911173319202
SGL_RS06410,SGL_RS05925,0.103909239715336
SGL_RS00075,SGL_RS17785,0.103885129089909
SGL_RS13130,SGL_RS18290,0.103870580144206
SGL_RS00320,SGL_RS07275,0.103865705381624
SGL_RS00400,SGL_RS01725,0.103855162824941
SGL_RS06410,SGL_RS07415,0.103840706186339
SGL_RS15805,SGL_RS15530,0.103819718981747
SGL_RS06215,SGL_RS19460,0.103810597472521
SGL_RS15210,SGL_RS07420,0.103808830910462
SGL_RS04725,SGL_RS13360,0.103797732276219
SGL_RS02020,SGL_RS02005,0.103782833678413
SGL_RS06410,SGL_RS12650,0.10378079588698
SGL_RS12430,SGL_RS05555,0.103768024387051
SGL_RS15210,SGL_RS05250,0.103757552105689
SGL_RS17760,SGL_RS10065,0.103752419741072
SGL_RS10605,SGL_RS13230,0.103739598731668
SGL_RS10820,SGL_RS08665,0.103704447753349
SGL_RS15805,SGL_RS10605,0.103683182217555
SGL_RS12595,SGL_RS09110,0.103657700544161
SGL_RS16165,SGL_RS04560,0.103653799596656
SGL_RS00320,SGL_RS08830,0.103623205243407
SGL_RS10820,SGL_RS16395,0.103604689157205
SGL_RS04450,SGL_RS11085,0.10357282058704
SGL_RS16165,SGL_RS16135,0.103564609329395
SGL_RS04725,SGL_RS02200,0.103558376924452
SGL_RS15245,SGL_RS11860,0.103529460760036
SGL_RS11370,SGL_RS12205,0.103501198362766
SGL_RS06480,SGL_RS09760,0.103489147535225
SGL_RS07535,SGL_RS09875,0.103459947223943
SGL_RS15805,SGL_RS04075,0.103443168497753
SGL_RS00320,SGL_RS20055,0.103426202129163
SGL_RS10605,SGL_RS08630,0.103406577486727
SGL_RS15805,SGL_RS13445,0.103400707018377
SGL_RS08500,SGL_RS05980,0.103399708749378
SGL_RS10820,SGL_RS10685,0.103393562777206
SGL_RS18290,SGL_RS17850,0.103381090569198
SGL_RS08835,SGL_RS17845,0.10336939609395
SGL_RS15805,SGL_RS19440,0.103359190883826
SGL_RS00320,SGL_RS09840,0.103350078183217
SGL_RS15215,SGL_RS13260,0.103345339962349
SGL_RS12430,SGL_RS06970,0.103339816618306
SGL_RS12540,SGL_RS08090,0.103291284980635
SGL_RS15805,SGL_RS07630,0.103280359683332
SGL_RS03065,SGL_RS11510,0.103205079137652
SGL_RS00320,SGL_RS02605,0.10318863710351
SGL_RS12430,SGL_RS07145,0.103184452498738
SGL_RS17760,SGL_RS09315,0.10318043080553
SGL_RS06480,SGL_RS05245,0.103171732903388
SGL_RS15805,SGL_RS14080,0.103155721135753
SGL_RS00400,SGL_RS01840,0.103123433974976
SGL_RS12430,SGL_RS01905,0.103121179869707
SGL_RS14385,SGL_RS15640,0.103115598394775
SGL_RS12430,SGL_RS02705,0.103112490519929
SGL_RS17760,SGL_RS16770,0.103100646320445
SGL_RS00320,SGL_RS16855,0.103100366390677
SGL_RS10820,SGL_RS04400,0.103071159591536
SGL_RS15965,SGL_RS07370,0.103058095837318
SGL_RS17760,SGL_RS09080,0.103051586200933
SGL_RS17395,SGL_RS13790,0.103047160443716
SGL_RS15210,SGL_RS08580,0.103043971197248
SGL_RS12430,SGL_RS10955,0.103034716264767
SGL_RS09285,SGL_RS18160,0.103019733546821
SGL_RS15965,SGL_RS08405,0.103006305609761
SGL_RS06480,SGL_RS06805,0.103000134207208
SGL_RS15805,SGL_RS04845,0.102999962373907
SGL_RS12430,SGL_RS06430,0.102999389091037
SGL_RS15805,SGL_RS09285,0.102976624913634
SGL_RS17760,SGL_RS02955,0.102972641284185
SGL_RS12430,SGL_RS13190,0.102964491521982
SGL_RS13130,SGL_RS07300,0.102963538611947
SGL_RS04055,SGL_RS12470,0.10294791423581
SGL_RS15805,SGL_RS14010,0.10292078542217
SGL_RS12005,SGL_RS14455,0.102904587299328
SGL_RS06410,SGL_RS06310,0.10290085060882
SGL_RS18290,SGL_RS12235,0.102894119058257
SGL_RS01980,SGL_RS12630,0.102824146256658
SGL_RS15805,SGL_RS09320,0.102821041291023
SGL_RS00400,SGL_RS17885,0.102799975120737
SGL_RS10820,SGL_RS04415,0.102798437303211
SGL_RS17395,SGL_RS02990,0.102787951982656
SGL_RS04725,SGL_RS14285,0.10274805955037
SGL_RS12540,SGL_RS09000,0.102738361967999
SGL_RS06340,SGL_RS16530,0.102727782760172
SGL_RS00400,SGL_RS07465,0.102696985130246
SGL_RS08210,SGL_RS14060,0.102691472206471
SGL_RS07740,SGL_RS07555,0.102675196807049
SGL_RS04055,SGL_RS14950,0.102660389072047
SGL_RS06480,SGL_RS12210,0.102651004641037
SGL_RS15805,SGL_RS07195,0.102617072608544
SGL_RS12430,SGL_RS07755,0.102604838454886
SGL_RS12430,SGL_RS06105,0.102563179286933
SGL_RS10820,SGL_RS06445,0.102556074465568
SGL_RS15310,SGL_RS07700,0.102543673134127
SGL_RS08835,SGL_RS02935,0.102535180754557
SGL_RS12430,SGL_RS15390,0.102530918165981
SGL_RS12430,SGL_RS06740,0.102528062511643
SGL_RS00075,SGL_RS02050,0.102503962408855
SGL_RS00515,SGL_RS00050,0.102484747862942
SGL_RS01980,SGL_RS16245,0.102479942400096
SGL_RS00400,SGL_RS03640,0.102468598075848
SGL_RS00400,SGL_RS01445,0.102460237420964
SGL_RS15965,SGL_RS00235,0.102458542450481
SGL_RS12430,SGL_RS10220,0.10242820522031
SGL_RS06340,SGL_RS04195,0.102427917613331
SGL_RS06480,SGL_RS12105,0.102425130567582
SGL_RS00455,SGL_RS00900,0.10241099909915
SGL_RS15805,SGL_RS02095,0.102410462234616
SGL_RS13820,SGL_RS08265,0.10241006557833
SGL_RS10605,SGL_RS06420,0.102385334480408
SGL_RS06410,SGL_RS11735,0.102382068094147
SGL_RS06340,SGL_RS16670,0.102376411328795
SGL_RS17245,SGL_RS13065,0.10235440079734
SGL_RS12430,SGL_RS03460,0.102345245594666
SGL_RS00075,SGL_RS00005,0.102333703296983
SGL_RS10820,SGL_RS10695,0.102330230049973
SGL_RS15245,SGL_RS08440,0.102315399440313
SGL_RS06480,SGL_RS04275,0.102314359326151
SGL_RS08835,SGL_RS12565,0.102306240829895
SGL_RS11985,SGL_RS00500,0.102302266577765
SGL_RS12430,SGL_RS14400,0.102301830510678
SGL_RS00400,SGL_RS00435,0.102284297366117
SGL_RS12005,SGL_RS14810,0.102283997030925
SGL_RS15245,SGL_RS07130,0.102268668463791
SGL_RS15805,SGL_RS11075,0.102237010876585
SGL_RS17395,SGL_RS13975,0.102235855210472
SGL_RS12430,SGL_RS09375,0.102209944038282
SGL_RS00400,SGL_RS19675,0.102181234292489
SGL_RS09285,SGL_RS14870,0.102175105312428
SGL_RS01980,SGL_RS16385,0.102134457797053
SGL_RS12430,SGL_RS04620,0.102122713987967
SGL_RS02470,SGL_RS04320,0.102121302887942
SGL_RS02020,SGL_RS01940,0.102113082525866
SGL_RS12595,SGL_RS08605,0.102107179243567
SGL_RS12430,SGL_RS07170,0.10210567747799
SGL_RS00320,SGL_RS08690,0.102105427565752
SGL_RS12005,SGL_RS11170,0.102101970097449
SGL_RS16165,SGL_RS19355,0.102096987497439
SGL_RS09285,SGL_RS15300,0.102075830483847
SGL_RS04615,SGL_RS05645,0.102070773231672
SGL_RS00670,SGL_RS18470,0.102060683607651
SGL_RS06410,SGL_RS04540,0.102040714988137
SGL_RS12430,SGL_RS08735,0.102038623331614
SGL_RS12430,SGL_RS09235,0.102036260947908
SGL_RS17395,SGL_RS15220,0.102030829840064
SGL_RS12430,SGL_RS04100,0.102019371609413
SGL_RS00320,SGL_RS17370,0.102017935079842
SGL_RS10820,SGL_RS06865,0.102017880395932
SGL_RS10820,SGL_RS02600,0.10198842096859
SGL_RS16495,SGL_RS03240,0.101978137565924
SGL_RS04450,SGL_RS12910,0.101953677017716
SGL_RS07975,SGL_RS07215,0.101949769197268
SGL_RS16495,SGL_RS14935,0.101931046596158
SGL_RS00400,SGL_RS04300,0.101929815659143
SGL_RS04055,SGL_RS05040,0.101904969009657
SGL_RS01255,SGL_RS02030,0.101884377101746
SGL_RS00075,SGL_RS00635,0.101874748663652
SGL_RS08210,SGL_RS08630,0.101872151503767
SGL_RS01980,SGL_RS04150,0.101858399562473
SGL_RS06215,SGL_RS14235,0.101837317588773
SGL_RS11370,SGL_RS04450,0.101815467872574
SGL_RS00455,SGL_RS00995,0.101793212630572
SGL_RS06410,SGL_RS07385,0.101770797827307
SGL_RS17120,SGL_RS06015,0.101767958002221
SGL_RS12430,SGL_RS02665,0.101743442340348
SGL_RS01980,SGL_RS14715,0.101727226708232
SGL_RS12430,SGL_RS08980,0.101715503276447
SGL_RS01980,SGL_RS15010,0.101715199150584
SGL_RS09285,SGL_RS10320,0.101708278985265
SGL_RS08210,SGL_RS15180,0.101708268164965
SGL_RS15210,SGL_RS07390,0.101700176781417
SGL_RS15210,SGL_RS08565,0.101685085097106
SGL_RS01980,SGL_RS02060,0.101673739229741
SGL_RS15210,SGL_RS07395,0.10166559340737
SGL_RS12430,SGL_RS06190,0.101655014744031
SGL_RS12430,SGL_RS18365,0.101649469857833
SGL_RS15805,SGL_RS06020,0.101636540684381
SGL_RS12430,SGL_RS13060,0.101634235328576
SGL_RS12430,SGL_RS13730,0.101626926556825
SGL_RS05150,SGL_RS06855,0.101615473694963
SGL_RS16495,SGL_RS06820,0.101603177849767
SGL_RS12430,SGL_RS14295,0.101555690617951
SGL_RS15805,SGL_RS17495,0.10153343405705
SGL_RS15805,SGL_RS12345,0.10152948498539
SGL_RS02020,SGL_RS01960,0.101522069758582
SGL_RS15805,SGL_RS15225,0.101519061868342
SGL_RS04725,SGL_RS09715,0.101515640959502
SGL_RS12430,SGL_RS02330,0.101515117991396
SGL_RS04450,SGL_RS05930,0.101478394016002
SGL_RS07730,SGL_RS07860,0.101467478520893
SGL_RS18290,SGL_RS02415,0.101457025553285
SGL_RS03065,SGL_RS12430,0.10145204757951
SGL_RS01625,SGL_RS16875,0.101424100879802
SGL_RS02470,SGL_RS15505,0.101410201491639
SGL_RS00320,SGL_RS20180,0.101405947572678
SGL_RS12595,SGL_RS07670,0.101386099534293
SGL_RS10820,SGL_RS15025,0.101382986398751
SGL_RS02990,SGL_RS09350,0.101382950104297
SGL_RS00320,SGL_RS00375,0.101380295836791
SGL_RS09285,SGL_RS08920,0.101352675316967
SGL_RS12430,SGL_RS13735,0.101329712458528
SGL_RS17395,SGL_RS09330,0.101327309144459
SGL_RS12005,SGL_RS04160,0.101321411851543
SGL_RS15245,SGL_RS11505,0.101311031196489
SGL_RS09285,SGL_RS16830,0.101310046757846
SGL_RS06410,SGL_RS07405,0.101309431766588
SGL_RS13820,SGL_RS05425,0.101299011105408
SGL_RS15805,SGL_RS08505,0.101271717986691
SGL_RS15805,SGL_RS03450,0.101238096135799
SGL_RS10820,SGL_RS16990,0.101234998215446
SGL_RS17760,SGL_RS00745,0.101198511854904
SGL_RS08210,SGL_RS03425,0.101185570760499
SGL_RS15965,SGL_RS15675,0.101160738384726
SGL_RS01980,SGL_RS17695,0.101160061802118
SGL_RS17760,SGL_RS14785,0.101153764526249
SGL_RS09285,SGL_RS06425,0.101151208128529
SGL_RS04450,SGL_RS05110,0.101146822492656
SGL_RS15805,SGL_RS13290,0.101143916677528
SGL_RS15965,SGL_RS04640,0.101142167825826
SGL_RS15965,SGL_RS12085,0.101134673048862
SGL_RS16080,SGL_RS19855,0.101133363273894
SGL_RS12595,SGL_RS06605,0.101122640785936
SGL_RS18290,SGL_RS08025,0.101106852048229
SGL_RS07975,SGL_RS16995,0.101102936707752
SGL_RS01980,SGL_RS02325,0.101099803197911
SGL_RS01980,SGL_RS03590,0.101099083841408
SGL_RS18290,SGL_RS13455,0.101090810527297
SGL_RS15805,SGL_RS14460,0.101077537109741
SGL_RS17760,SGL_RS13235,0.101075584047923
SGL_RS00515,SGL_RS00125,0.101053181356589
SGL_RS06215,SGL_RS12000,0.101039842778357
SGL_RS10820,SGL_RS05585,0.101030595220366
SGL_RS08835,SGL_RS19530,0.101025360608479
SGL_RS08835,SGL_RS05525,0.100981485541543
SGL_RS04055,SGL_RS19620,0.100971475526647
SGL_RS08835,SGL_RS09525,0.100968444071625
SGL_RS08210,SGL_RS07535,0.10096604888663
SGL_RS06410,SGL_RS02690,0.100958650318115
SGL_RS00455,SGL_RS08295,0.100957010938653
SGL_RS17395,SGL_RS13100,0.100940471809154
SGL_RS06480,SGL_RS18205,0.100940017227888
SGL_RS00515,SGL_RS14275,0.100937231469084
SGL_RS01625,SGL_RS17720,0.100901147286404
SGL_RS15805,SGL_RS11490,0.10089379397748
SGL_RS07730,SGL_RS11395,0.100875688623222
SGL_RS10605,SGL_RS04315,0.100873012389097
SGL_RS16495,SGL_RS10135,0.100865893817358
SGL_RS15210,SGL_RS07595,0.10086448553416
SGL_RS04450,SGL_RS10005,0.10084948770733
SGL_RS12595,SGL_RS20080,0.100842792684823
SGL_RS09285,SGL_RS17420,0.100838403824325
SGL_RS08835,SGL_RS07445,0.100810398557093
SGL_RS10605,SGL_RS09985,0.10080635228444
SGL_RS15805,SGL_RS03105,0.100804636616442
SGL_RS15805,SGL_RS13690,0.100800606470673
SGL_RS02020,SGL_RS00430,0.100790389443752
SGL_RS15210,SGL_RS06410,0.100782321630952
SGL_RS04055,SGL_RS02800,0.100764731872648
SGL_RS13130,SGL_RS08025,0.100745604228043
SGL_RS10605,SGL_RS17515,0.100733621711268
SGL_RS15210,SGL_RS03350,0.100725613241916
SGL_RS12430,SGL_RS16540,0.100722785220657
SGL_RS06340,SGL_RS17390,0.100720869294952
SGL_RS13130,SGL_RS12255,0.100698625039784
SGL_RS17760,SGL_RS07435,0.100677620131242
SGL_RS12430,SGL_RS12165,0.100639797537576
SGL_RS00515,SGL_RS09970,0.10063863145713
SGL_RS08500,SGL_RS06105,0.100637617646761
SGL_RS08500,SGL_RS16690,0.100597602126669
SGL_RS17760,SGL_RS00750,0.100593624889921
SGL_RS12430,SGL_RS07160,0.100590967432325
SGL_RS01980,SGL_RS02010,0.100589810334664
SGL_RS17760,SGL_RS10695,0.100575433008618
SGL_RS15245,SGL_RS16030,0.100572402445672
SGL_RS17760,SGL_RS09780,0.10056874341388
SGL_RS12430,SGL_RS13050,0.100568576715564
SGL_RS06410,SGL_RS05230,0.100552783509748
SGL_RS12430,SGL_RS15810,0.100551920312135
SGL_RS06215,SGL_RS05830,0.100545032294402
SGL_RS17395,SGL_RS06535,0.10053714898541
SGL_RS08165,SGL_RS18960,0.100514408730934
SGL_RS04725,SGL_RS04480,0.100488066840888
SGL_RS12430,SGL_RS12525,0.100481604667568
SGL_RS00515,SGL_RS04770,0.100474602680858
SGL_RS01625,SGL_RS13150,0.100467062316124
SGL_RS09285,SGL_RS17415,0.100459121860068
SGL_RS09285,SGL_RS03210,0.100455081181411
SGL_RS15210,SGL_RS18115,0.100447947629368
SGL_RS12430,SGL_RS13265,0.100444813300495
SGL_RS01955,SGL_RS18245,0.100418133272173
SGL_RS12540,SGL_RS04110,0.100416258995186
SGL_RS08210,SGL_RS11890,0.100412868012781
SGL_RS17760,SGL_RS04295,0.100390965588682
SGL_RS08500,SGL_RS04875,0.100381790310698
SGL_RS06410,SGL_RS04665,0.100368085389446
SGL_RS12005,SGL_RS05230,0.100365214267413
SGL_RS08500,SGL_RS04865,0.100362488906377
SGL_RS12595,SGL_RS12585,0.100358507636982
SGL_RS06410,SGL_RS05575,0.10035644582252
SGL_RS06480,SGL_RS12130,0.100356147510589
SGL_RS11985,SGL_RS20190,0.100333502601958
SGL_RS00455,SGL_RS01585,0.100311008065733
SGL_RS12430,SGL_RS18095,0.100283243485095
SGL_RS17395,SGL_RS19985,0.100275191685527
SGL_RS17395,SGL_RS14950,0.100273254125156
SGL_RS04725,SGL_RS04655,0.100262289091323
SGL_RS00400,SGL_RS02950,0.100249905066214
SGL_RS15965,SGL_RS00360,0.100245914525677
SGL_RS10605,SGL_RS04680,0.100243119570595
SGL_RS10605,SGL_RS03310,0.100222343543675
SGL_RS00455,SGL_RS00525,0.10021972689309
SGL_RS12005,SGL_RS17985,0.100218869674452
SGL_RS17760,SGL_RS19530,0.100211338788227
SGL_RS15805,SGL_RS09870,0.100202351026683
SGL_RS01980,SGL_RS03675,0.100197730582666
SGL_RS00455,SGL_RS15730,0.100194695121007
SGL_RS17760,SGL_RS04285,0.10018609749441
SGL_RS00075,SGL_RS17585,0.100183978214171
SGL_RS01980,SGL_RS00005,0.100179287256431
SGL_RS07730,SGL_RS03320,0.100156056641888
SGL_RS00455,SGL_RS00975,0.100152501708706
SGL_RS08165,SGL_RS14170,0.100143499288571
SGL_RS14385,SGL_RS18050,0.100137682776761
SGL_RS00400,SGL_RS03040,0.100119965227309
SGL_RS17395,SGL_RS10355,0.100107863047278
SGL_RS00400,SGL_RS18635,0.100096138183102
SGL_RS09285,SGL_RS02360,0.100095683165329
SGL_RS12430,SGL_RS11490,0.100087000450647
SGL_RS16165,SGL_RS16140,0.10003505791094
SGL_RS00400,SGL_RS08730,0.100021969028868
SGL_RS01215,SGL_RS01255,0.0999999319323322
SGL_RS15805,SGL_RS05620,0.0999982094049027
SGL_RS15805,SGL_RS03115,0.0999670237800082
SGL_RS04055,SGL_RS19085,0.0999566063378959
SGL_RS10820,SGL_RS17520,0.0999518933695633
SGL_RS09285,SGL_RS10720,0.0999506807328423
SGL_RS16495,SGL_RS16570,0.0999103770316247
SGL_RS13130,SGL_RS15770,0.0999074390465576
SGL_RS12430,SGL_RS13455,0.0998884389434535
SGL_RS15210,SGL_RS09490,0.0998830058019661
SGL_RS08500,SGL_RS16540,0.0998819387809272
SGL_RS00400,SGL_RS00125,0.099875309901946
SGL_RS12005,SGL_RS10395,0.099872758611627
SGL_RS17395,SGL_RS13870,0.099862219793503
SGL_RS14540,SGL_RS13730,0.0998515155954355
SGL_RS18290,SGL_RS17835,0.099844752715228
SGL_RS09285,SGL_RS07645,0.0998152059661104
SGL_RS15805,SGL_RS11755,0.0998129883286455
SGL_RS08165,SGL_RS01480,0.0998113422112476
SGL_RS12005,SGL_RS09810,0.0997960482547255
SGL_RS12595,SGL_RS15435,0.0997776900119198
SGL_RS06410,SGL_RS02680,0.0997722888839306
SGL_RS09285,SGL_RS13390,0.0997672255128612
SGL_RS10820,SGL_RS05095,0.0997648644505714
SGL_RS15805,SGL_RS15790,0.0997592289728726
SGL_RS12430,SGL_RS17050,0.099757118837077
SGL_RS07535,SGL_RS08940,0.0997517438580562
SGL_RS07730,SGL_RS13090,0.0997333831568856
SGL_RS08165,SGL_RS07525,0.0997309514875955
SGL_RS06410,SGL_RS07390,0.0997234042510904
SGL_RS06340,SGL_RS17400,0.0996981964178695
SGL_RS17760,SGL_RS05085,0.0996965999107263
SGL_RS10820,SGL_RS02610,0.0996904151403479
SGL_RS09285,SGL_RS04845,0.0996870024843502
SGL_RS00400,SGL_RS01715,0.0996647154446468
SGL_RS12595,SGL_RS03390,0.0996632442796145
SGL_RS01955,SGL_RS10370,0.0996617817456247
SGL_RS00400,SGL_RS00470,0.099625177860017
SGL_RS11370,SGL_RS13725,0.0996220532699494
SGL_RS08520,SGL_RS19435,0.0996160603941007
SGL_RS16495,SGL_RS03165,0.0996157531396268
SGL_RS09285,SGL_RS02450,0.0996131687767136
SGL_RS00075,SGL_RS00110,0.0996003827233
SGL_RS04450,SGL_RS10940,0.0995974029489728
SGL_RS13130,SGL_RS03490,0.099594529291706
SGL_RS06410,SGL_RS07410,0.099571185743089
SGL_RS04055,SGL_RS07570,0.0995496837658421
SGL_RS10605,SGL_RS01955,0.0995404086715319
SGL_RS06215,SGL_RS05710,0.0995229447477181
SGL_RS18290,SGL_RS10080,0.0995211823425521
SGL_RS15805,SGL_RS09045,0.0995194989585623
SGL_RS00075,SGL_RS16320,0.0995174864172337
SGL_RS12430,SGL_RS16850,0.0994998008129019
SGL_RS01955,SGL_RS14685,0.0994811350045147
SGL_RS04725,SGL_RS12070,0.0994789550577608
SGL_RS00515,SGL_RS16110,0.0994761305123967
SGL_RS12430,SGL_RS13390,0.0994742337327125
SGL_RS10605,SGL_RS15145,0.09947092284473
SGL_RS18290,SGL_RS09390,0.0994605209188072
SGL_RS09285,SGL_RS10985,0.0994584998879143
SGL_RS15965,SGL_RS04395,0.0994488683962481
SGL_RS04055,SGL_RS12335,0.0994450509656259
SGL_RS01955,SGL_RS10705,0.0994355165285825
SGL_RS09285,SGL_RS18425,0.0994332772185596
SGL_RS05150,SGL_RS14455,0.0994321265795438
SGL_RS15245,SGL_RS06160,0.0994266802637263
SGL_RS02020,SGL_RS00340,0.0994008201564778
SGL_RS11285,SGL_RS13130,0.0993887768039736
SGL_RS02020,SGL_RS01320,0.0993810462069521
SGL_RS15805,SGL_RS03075,0.0993809368420422
SGL_RS01980,SGL_RS13810,0.0993781473606015
SGL_RS15965,SGL_RS07080,0.0993760339383552
SGL_RS12430,SGL_RS13155,0.099370823931892
SGL_RS08500,SGL_RS14390,0.0993321693879575
SGL_RS14385,SGL_RS14590,0.0993256794153702
SGL_RS15805,SGL_RS08750,0.0993230427262269
SGL_RS12005,SGL_RS12160,0.099321267841689
SGL_RS15805,SGL_RS04685,0.0992905894890861
SGL_RS00400,SGL_RS15935,0.0992749966647445
SGL_RS04055,SGL_RS03480,0.0992740888435274
SGL_RS00515,SGL_RS07115,0.0992361346058182
SGL_RS01625,SGL_RS06565,0.0992354112732239
SGL_RS16165,SGL_RS11985,0.0992325517391649
SGL_RS16495,SGL_RS02815,0.0992314958553741
SGL_RS04055,SGL_RS15245,0.0992269876814596
SGL_RS15805,SGL_RS04295,0.0992263674699535
SGL_RS00320,SGL_RS01570,0.0992143542736515
SGL_RS01255,SGL_RS01335,0.0992063153755591
SGL_RS10605,SGL_RS19715,0.0992057156550244
SGL_RS17760,SGL_RS10250,0.0992032842366903
SGL_RS00400,SGL_RS09550,0.099199472314442
SGL_RS00455,SGL_RS02135,0.0991934650806262
SGL_RS04725,SGL_RS09075,0.099157464436369
SGL_RS01215,SGL_RS00880,0.099142468612284
SGL_RS17760,SGL_RS09555,0.0991245124420642
SGL_RS16495,SGL_RS07500,0.0991029784662965
SGL_RS02510,SGL_RS02130,0.0990995190924208
SGL_RS08500,SGL_RS08670,0.0990968935269914
SGL_RS15245,SGL_RS16660,0.0990944441986147
SGL_RS15805,SGL_RS03455,0.0990912093441689
SGL_RS17395,SGL_RS14560,0.0990743485458029
SGL_RS15805,SGL_RS11910,0.0990538850981957
SGL_RS00075,SGL_RS18875,0.0990523063011164
SGL_RS15210,SGL_RS09170,0.0990479853567886
SGL_RS16080,SGL_RS10770,0.099046688292061
SGL_RS11370,SGL_RS07900,0.0990302183184761
SGL_RS00455,SGL_RS01095,0.0990290078456141
SGL_RS17395,SGL_RS11840,0.0990273391498557
SGL_RS10605,SGL_RS16850,0.0990176349295345
SGL_RS04725,SGL_RS04340,0.0990173722507637
SGL_RS00400,SGL_RS01645,0.0990152919647381
SGL_RS08210,SGL_RS15345,0.0990150115960292
SGL_RS01255,SGL_RS00980,0.0989808879588844
SGL_RS04450,SGL_RS04515,0.0989748013299262
SGL_RS10820,SGL_RS13940,0.0989718249885898
SGL_RS12430,SGL_RS10650,0.0989663229440212
SGL_RS15965,SGL_RS01820,0.0989501593109765
SGL_RS15805,SGL_RS17290,0.0989431404042274
SGL_RS15805,SGL_RS03495,0.0989100682094052
SGL_RS04450,SGL_RS14540,0.0988994014860606
SGL_RS15805,SGL_RS15300,0.0988856525048028
SGL_RS17440,SGL_RS06860,0.0988829387324942
SGL_RS14385,SGL_RS16645,0.098871247033964
SGL_RS06215,SGL_RS05315,0.0988675807199942
SGL_RS11370,SGL_RS13385,0.0988568200764284
SGL_RS15245,SGL_RS18805,0.0988559775410892
SGL_RS06410,SGL_RS03350,0.0988505455394422
SGL_RS15805,SGL_RS18215,0.0988413578035675
SGL_RS00320,SGL_RS00470,0.0988379824525539
SGL_RS04055,SGL_RS18725,0.098806565228037
SGL_RS08210,SGL_RS14550,0.0987885267343096
SGL_RS17120,SGL_RS14775,0.0987777437810479
SGL_RS04450,SGL_RS10160,0.0987650365349828
SGL_RS12430,SGL_RS16675,0.0987633125074531
SGL_RS15805,SGL_RS10795,0.0987627920257996
SGL_RS07730,SGL_RS17905,0.0987509664563262
SGL_RS05150,SGL_RS05195,0.0987272465592586
SGL_RS01980,SGL_RS00080,0.0987217058918363
SGL_RS15805,SGL_RS12355,0.0987170217631934
SGL_RS08835,SGL_RS17780,0.0987142807556869
SGL_RS01625,SGL_RS05170,0.098702492762397
SGL_RS04450,SGL_RS11445,0.09869842376807
SGL_RS15805,SGL_RS10955,0.0986977701362028
SGL_RS11285,SGL_RS03435,0.0986976239070535
SGL_RS08500,SGL_RS10910,0.0986889908382878
SGL_RS10605,SGL_RS08065,0.0986829197980314
SGL_RS01215,SGL_RS00965,0.0986761503008374
SGL_RS11985,SGL_RS15120,0.0986711664343028
SGL_RS15210,SGL_RS09980,0.098658366035042
SGL_RS04055,SGL_RS17345,0.098648490890553
SGL_RS03065,SGL_RS18030,0.0986322078327595
SGL_RS10820,SGL_RS14795,0.0986198669853588
SGL_RS06080,SGL_RS19565,0.0986140722877262
SGL_RS03065,SGL_RS15435,0.098594394662502
SGL_RS04450,SGL_RS03845,0.0985916736620165
SGL_RS12430,SGL_RS12465,0.0985862237066097
SGL_RS15965,SGL_RS00280,0.0985860227429696
SGL_RS06215,SGL_RS06230,0.0985709692919625
SGL_RS04055,SGL_RS04050,0.0985525154111101
SGL_RS14385,SGL_RS03105,0.098551412894878
SGL_RS00455,SGL_RS08290,0.0985493633876468
SGL_RS03065,SGL_RS11950,0.0985413085319994
SGL_RS04055,SGL_RS17395,0.0985395898243266
SGL_RS15210,SGL_RS05670,0.0985196469325975
SGL_RS11370,SGL_RS11810,0.0985179256103571
SGL_RS04725,SGL_RS15655,0.0985117249521109
SGL_RS00455,SGL_RS01710,0.0985041251856137
SGL_RS08210,SGL_RS02740,0.0985022470297179
SGL_RS06340,SGL_RS12770,0.0984886494552564
SGL_RS14385,SGL_RS17630,0.0984722793855025
SGL_RS12430,SGL_RS17520,0.0984689696840047
SGL_RS06215,SGL_RS13135,0.0984562497941968
SGL_RS11285,SGL_RS07300,0.0984161702234318
SGL_RS04055,SGL_RS19765,0.0984091329890041
SGL_RS08835,SGL_RS00600,0.0983926360684151
SGL_RS10820,SGL_RS07100,0.0983890398158325
SGL_RS13130,SGL_RS15560,0.0983739164811301
SGL_RS01980,SGL_RS04280,0.0983609282419391
SGL_RS04820,SGL_RS12845,0.0983605700397064
SGL_RS17760,SGL_RS04680,0.0983560056752709
SGL_RS10605,SGL_RS10670,0.0983467330275812
SGL_RS06340,SGL_RS08935,0.0983413719028475
SGL_RS15805,SGL_RS13895,0.0983168054866878
SGL_RS12595,SGL_RS14915,0.0983157116479888
SGL_RS10820,SGL_RS02905,0.0983114383485158
SGL_RS09285,SGL_RS05440,0.0983054446504492
SGL_RS09285,SGL_RS11090,0.0983016507736073
SGL_RS00320,SGL_RS07095,0.0982815873199623
SGL_RS00400,SGL_RS00530,0.098255542879779
SGL_RS14385,SGL_RS15805,0.0982542087877136
SGL_RS00515,SGL_RS06930,0.0982538233722579
SGL_RS12430,SGL_RS08780,0.0982469169014708
SGL_RS10605,SGL_RS01660,0.0982443258161662
SGL_RS04055,SGL_RS10455,0.0982426863102259
SGL_RS06480,SGL_RS17930,0.0982179653695787
SGL_RS12430,SGL_RS07290,0.0982015119097552
SGL_RS08835,SGL_RS02215,0.0981813448984894
SGL_RS05150,SGL_RS09755,0.0981744669294776
SGL_RS15805,SGL_RS16890,0.0981593633923571
SGL_RS17245,SGL_RS03380,0.0981575125643179
SGL_RS17395,SGL_RS05110,0.0981563151443842
SGL_RS00455,SGL_RS00470,0.098145934600604
SGL_RS10605,SGL_RS03455,0.09809332181888
SGL_RS08210,SGL_RS14300,0.0980868160199763
SGL_RS15210,SGL_RS10980,0.0980843924444887
SGL_RS04450,SGL_RS11520,0.0980782317510276
SGL_RS09285,SGL_RS05955,0.0980615586667407
SGL_RS12430,SGL_RS17055,0.0980526232951632
SGL_RS16495,SGL_RS15880,0.0980502005992024
SGL_RS16495,SGL_RS06000,0.0980467248613218
SGL_RS10820,SGL_RS07330,0.0980385537650503
SGL_RS15965,SGL_RS14365,0.0980331910991599
SGL_RS04725,SGL_RS13990,0.0980167088196644
SGL_RS08835,SGL_RS10415,0.0980096536091522
SGL_RS10820,SGL_RS07950,0.0980028404863344
SGL_RS08500,SGL_RS08120,0.0979995250726021
SGL_RS17760,SGL_RS10070,0.0979918147951549
SGL_RS01215,SGL_RS01315,0.0979907896207426
SGL_RS02470,SGL_RS05835,0.0979816930351828
SGL_RS15245,SGL_RS10490,0.0979659661066602
SGL_RS13820,SGL_RS07485,0.0979407871697047
SGL_RS11370,SGL_RS04200,0.0979383164815975
SGL_RS15965,SGL_RS01060,0.0979174409928453
SGL_RS02990,SGL_RS17395,0.0979161530565509
SGL_RS16165,SGL_RS16145,0.0978899059458347
SGL_RS13130,SGL_RS10570,0.0978847632806557
SGL_RS00400,SGL_RS17750,0.0978844566928091
SGL_RS14165,SGL_RS14175,0.0978785495725428
SGL_RS02510,SGL_RS02275,0.0978663453561793
SGL_RS06340,SGL_RS17270,0.0978591164556733
SGL_RS00670,SGL_RS06175,0.0978565801251951
SGL_RS15965,SGL_RS08730,0.0978463449019564
SGL_RS10605,SGL_RS13995,0.0978460724682444
SGL_RS00400,SGL_RS00440,0.0978353198500953
SGL_RS14385,SGL_RS02865,0.0978333315235851
SGL_RS00320,SGL_RS14690,0.0977892567295346
SGL_RS17245,SGL_RS04655,0.0977868923294133
SGL_RS17760,SGL_RS09310,0.0977848986330606
SGL_RS06215,SGL_RS03245,0.0977813449967721
SGL_RS00400,SGL_RS19735,0.0977604693543225
SGL_RS02990,SGL_RS02510,0.0977592930037033
SGL_RS06480,SGL_RS12225,0.0977589607899213
SGL_RS15805,SGL_RS06690,0.0977554802270834
SGL_RS12540,SGL_RS12750,0.0977249962568522
SGL_RS12430,SGL_RS02780,0.0976701795813366
SGL_RS04725,SGL_RS07880,0.0976660666613916
SGL_RS06215,SGL_RS11525,0.0976623444860887
SGL_RS01625,SGL_RS13895,0.0976602469086983
SGL_RS17395,SGL_RS12775,0.0976419378723179
SGL_RS06215,SGL_RS17215,0.0976401433285834
SGL_RS04725,SGL_RS15440,0.0976245457504557
SGL_RS15210,SGL_RS04385,0.0976160902988957
SGL_RS16495,SGL_RS14990,0.0976158515735958
SGL_RS15210,SGL_RS06770,0.09760106646612
SGL_RS15965,SGL_RS04230,0.0975914550061658
SGL_RS08835,SGL_RS15910,0.0975745689202202
SGL_RS07730,SGL_RS06945,0.0975634464308886
SGL_RS10820,SGL_RS06590,0.0975499749172007
SGL_RS17395,SGL_RS16910,0.097538145987798
SGL_RS16495,SGL_RS07115,0.0975229161490232
SGL_RS01980,SGL_RS15540,0.0974859033934212
SGL_RS06410,SGL_RS01140,0.097478449757813
SGL_RS12430,SGL_RS11005,0.0974305882378843
SGL_RS11985,SGL_RS00240,0.0974177080065201
SGL_RS15965,SGL_RS15615,0.0974099242714324
SGL_RS00670,SGL_RS01840,0.0974050610808638
SGL_RS14540,SGL_RS03515,0.0973970789314868
SGL_RS09285,SGL_RS08750,0.0973928786770615
SGL_RS15245,SGL_RS01185,0.0973881379569079
SGL_RS17245,SGL_RS13555,0.0973871776857203
SGL_RS12430,SGL_RS12690,0.0973823901966243
SGL_RS06215,SGL_RS02590,0.0973812555535118
SGL_RS04725,SGL_RS15840,0.0973734239557499
SGL_RS04450,SGL_RS12765,0.0973692160748872
SGL_RS15210,SGL_RS04405,0.0973683627236232
SGL_RS18290,SGL_RS00805,0.097363397639629
SGL_RS10820,SGL_RS11375,0.0973440696667387
SGL_RS03065,SGL_RS12610,0.09734233759377
SGL_RS12430,SGL_RS02395,0.0973296143759246
SGL_RS10820,SGL_RS03335,0.0973162331766628
SGL_RS15965,SGL_RS11865,0.0972966878359723
SGL_RS08835,SGL_RS14835,0.097296332528526
SGL_RS04450,SGL_RS05725,0.0972813130836021
SGL_RS15310,SGL_RS18025,0.0972718309311872
SGL_RS03065,SGL_RS15355,0.0972656690135947
SGL_RS18290,SGL_RS16640,0.0972608877507849
SGL_RS02990,SGL_RS05450,0.0972606099017785
SGL_RS07535,SGL_RS15365,0.0972561033062218
SGL_RS04615,SGL_RS11535,0.0972509459005599
SGL_RS17395,SGL_RS07775,0.0972366977254861
SGL_RS16495,SGL_RS17580,0.0972304227344913
SGL_RS01980,SGL_RS02385,0.097223317691505
SGL_RS09285,SGL_RS15570,0.0972233029019854
SGL_RS15805,SGL_RS07625,0.0972208400580243
SGL_RS12540,SGL_RS08820,0.0971819196939221
SGL_RS12430,SGL_RS02405,0.0971752715131558
SGL_RS02470,SGL_RS05830,0.0971688323110056
SGL_RS00455,SGL_RS00980,0.097162481317588
SGL_RS00400,SGL_RS14735,0.097161003477308
SGL_RS07975,SGL_RS05015,0.0971592711850154
SGL_RS15965,SGL_RS09560,0.0971587262176134
SGL_RS01955,SGL_RS02385,0.0971508025815268
SGL_RS00320,SGL_RS10040,0.0971440999406087
SGL_RS10605,SGL_RS04760,0.0971380256622461
SGL_RS12595,SGL_RS08170,0.0971362595299278
SGL_RS15805,SGL_RS13705,0.0971109091630295
SGL_RS09285,SGL_RS11635,0.0970930258347302
SGL_RS02510,SGL_RS04895,0.0970915104273021
SGL_RS14540,SGL_RS06230,0.0970866537394044
SGL_RS15805,SGL_RS15275,0.0970854426871131
SGL_RS03065,SGL_RS13930,0.0970838099135639
SGL_RS08500,SGL_RS17050,0.0970588219015333
SGL_RS17395,SGL_RS02480,0.0970557050276029
SGL_RS00320,SGL_RS17210,0.0970446775207927
SGL_RS16080,SGL_RS11300,0.0970063210823798
SGL_RS01955,SGL_RS02025,0.0969987555698182
SGL_RS17760,SGL_RS14155,0.096997614530439
SGL_RS00455,SGL_RS15605,0.0969883487035826
SGL_RS10820,SGL_RS03330,0.0969757799850777
SGL_RS16165,SGL_RS01735,0.0969722910273936
SGL_RS13130,SGL_RS07160,0.0969717813153604
SGL_RS04450,SGL_RS12475,0.0969593698244422
SGL_RS08210,SGL_RS11845,0.0969496772548343
SGL_RS15805,SGL_RS07535,0.0969425138850887
SGL_RS07730,SGL_RS18270,0.0969385821029083
SGL_RS04055,SGL_RS15520,0.096936306974733
SGL_RS04450,SGL_RS18185,0.0969338828605433
SGL_RS07740,SGL_RS05130,0.0969257439867864
SGL_RS04450,SGL_RS10800,0.0968644753619919
SGL_RS10605,SGL_RS01655,0.0968148970871372
SGL_RS05150,SGL_RS07930,0.0968148464429384
SGL_RS06410,SGL_RS12120,0.096811876692525
SGL_RS12430,SGL_RS10340,0.0968099994036141
SGL_RS17395,SGL_RS14700,0.0968061175172545
SGL_RS15965,SGL_RS08805,0.0968000161178079
SGL_RS00400,SGL_RS08325,0.0967677804060429
SGL_RS09285,SGL_RS05620,0.0967473550366465
SGL_RS01980,SGL_RS07935,0.0967440401220482
SGL_RS04450,SGL_RS05660,0.0966970376756558
SGL_RS16495,SGL_RS04960,0.0966790261318416
SGL_RS12430,SGL_RS14090,0.0966661218258137
SGL_RS07975,SGL_RS05080,0.0966419775127949
SGL_RS00320,SGL_RS00585,0.0966043694651992
SGL_RS16165,SGL_RS19380,0.0966031254853521
SGL_RS06410,SGL_RS19775,0.0966016844870057
SGL_RS07740,SGL_RS17545,0.0965851130379532
SGL_RS10820,SGL_RS14695,0.0965811457792541
SGL_RS01980,SGL_RS00085,0.0965731305608256
SGL_RS04055,SGL_RS18040,0.0965719042270521
SGL_RS03065,SGL_RS15760,0.0965693348326859
SGL_RS08210,SGL_RS03355,0.0965683825362866
SGL_RS12430,SGL_RS07310,0.096553604796162
SGL_RS14385,SGL_RS11225,0.0965390214807656
SGL_RS08210,SGL_RS04000,0.0965372613864592
SGL_RS16495,SGL_RS11865,0.0965341305267249
SGL_RS15965,SGL_RS07075,0.0965211558918994
SGL_RS00400,SGL_RS00390,0.0965118077965598
SGL_RS15245,SGL_RS04990,0.0964899975266231
SGL_RS10605,SGL_RS13505,0.096484358021468
SGL_RS04450,SGL_RS02450,0.0964734483538229
SGL_RS12430,SGL_RS03395,0.0964703594725042
SGL_RS15805,SGL_RS08755,0.0964701970938548
SGL_RS08210,SGL_RS16840,0.0964657443407902
SGL_RS15805,SGL_RS05440,0.0964638251590622
SGL_RS03065,SGL_RS04470,0.0964206230873046
SGL_RS12430,SGL_RS12675,0.0964188630363172
SGL_RS15965,SGL_RS12160,0.0964156712444267
SGL_RS00455,SGL_RS08300,0.0964107053539649
SGL_RS13130,SGL_RS14290,0.0963986157923656
SGL_RS00320,SGL_RS01830,0.0963835128008135
SGL_RS04055,SGL_RS10480,0.0963685533440921
SGL_RS12595,SGL_RS08915,0.0963681560958561
SGL_RS08835,SGL_RS05225,0.0963675089792809
SGL_RS02510,SGL_RS11055,0.0963636677730651
SGL_RS08500,SGL_RS15170,0.0963628613100885
SGL_RS08165,SGL_RS11065,0.0963539160477287
SGL_RS00400,SGL_RS11250,0.0963513146600812
SGL_RS06340,SGL_RS08235,0.0963387987358209
SGL_RS09285,SGL_RS05870,0.0963256170297986
SGL_RS00455,SGL_RS00720,0.0962967596309435
SGL_RS16165,SGL_RS01680,0.0962617924163626
SGL_RS15965,SGL_RS18485,0.0962565512193108
SGL_RS00400,SGL_RS16425,0.096255185163956
SGL_RS15805,SGL_RS06985,0.0962528173693694
SGL_RS18290,SGL_RS02775,0.0962220044727772
SGL_RS10605,SGL_RS02220,0.0962067686899869
SGL_RS04450,SGL_RS07120,0.0962054547221671
SGL_RS12430,SGL_RS14000,0.096203785106925
SGL_RS15805,SGL_RS17735,0.0961996041786283
SGL_RS01980,SGL_RS14720,0.0961941193951194
SGL_RS16165,SGL_RS17975,0.0961754517190445
SGL_RS03065,SGL_RS07175,0.0961745816346928
SGL_RS16495,SGL_RS02085,0.0961740872795646
SGL_RS12005,SGL_RS12650,0.0961733100839796
SGL_RS02470,SGL_RS10500,0.0961393882207542
SGL_RS17395,SGL_RS03985,0.0961388980222448
SGL_RS10820,SGL_RS06145,0.0961318994123209
SGL_RS04055,SGL_RS07530,0.0961167222248232
SGL_RS12430,SGL_RS11845,0.0961144764293538
SGL_RS06215,SGL_RS15595,0.096111713875024
SGL_RS15805,SGL_RS11850,0.0961091590934813
SGL_RS15965,SGL_RS08325,0.0960953881094671
SGL_RS06340,SGL_RS05465,0.0960918957713294
SGL_RS00515,SGL_RS00230,0.0960725574002341
SGL_RS14385,SGL_RS07180,0.0960679831474053
SGL_RS00515,SGL_RS14670,0.096053923791408
SGL_RS00670,SGL_RS01060,0.0960486867233104
SGL_RS10820,SGL_RS07315,0.0960305205434242
SGL_RS12430,SGL_RS18240,0.0960148549045105
SGL_RS09285,SGL_RS03090,0.0960127223671261
SGL_RS06215,SGL_RS04455,0.0960012044723303
SGL_RS02990,SGL_RS12490,0.0959982995038437
SGL_RS14610,SGL_RS11105,0.095989376665611
SGL_RS08520,SGL_RS01055,0.0959867204505087
SGL_RS03065,SGL_RS16375,0.0959817769160337
SGL_RS01955,SGL_RS00610,0.0959797054485612
SGL_RS01955,SGL_RS06735,0.0959729201459958
SGL_RS00320,SGL_RS03915,0.0959595362258141
SGL_RS01980,SGL_RS00975,0.095935381855583
SGL_RS12430,SGL_RS06510,0.0959190573551292
SGL_RS17760,SGL_RS17675,0.0959028027862659
SGL_RS00400,SGL_RS07075,0.0958912735659852
SGL_RS04820,SGL_RS07775,0.0958755828177976
SGL_RS06410,SGL_RS11340,0.0958736224643343
SGL_RS03065,SGL_RS16340,0.0958585979817372
SGL_RS12430,SGL_RS08740,0.0958573916493764
SGL_RS00320,SGL_RS00560,0.0958517499616487
SGL_RS07730,SGL_RS02405,0.0958474470027483
SGL_RS07730,SGL_RS03065,0.095838053394274
SGL_RS12595,SGL_RS17090,0.0958365722991235
SGL_RS01980,SGL_RS01600,0.0958227520413055
SGL_RS13130,SGL_RS11555,0.0958198046467553
SGL_RS01955,SGL_RS06565,0.0958158005953564
SGL_RS06410,SGL_RS13425,0.0958102001945828
SGL_RS15210,SGL_RS15900,0.095805955077557
SGL_RS12005,SGL_RS04410,0.0958022718241453
SGL_RS15805,SGL_RS15855,0.0957938592227131
SGL_RS12430,SGL_RS03130,0.0957925893613779
SGL_RS08835,SGL_RS16290,0.0957880132327102
SGL_RS16495,SGL_RS19845,0.0957723179708087
SGL_RS08835,SGL_RS11165,0.0957720927999009
SGL_RS15805,SGL_RS03085,0.0957643796214933
SGL_RS15245,SGL_RS00170,0.0957601064187525
SGL_RS12430,SGL_RS14530,0.0957568148215573
SGL_RS08040,SGL_RS01545,0.0957535491850624
SGL_RS00320,SGL_RS00100,0.0957515323854436
SGL_RS04725,SGL_RS05090,0.0957488351411608
SGL_RS15965,SGL_RS16005,0.0957425534095669
SGL_RS00400,SGL_RS01845,0.095724066968041
SGL_RS12430,SGL_RS08570,0.0956952552410705
SGL_RS07740,SGL_RS06050,0.0956847423831313
SGL_RS03065,SGL_RS19935,0.0956832934625317
SGL_RS06410,SGL_RS14575,0.0956775157236199
SGL_RS14385,SGL_RS07065,0.0956544904705153
SGL_RS14540,SGL_RS11855,0.0956290955348408
SGL_RS09285,SGL_RS16610,0.0956290674188039
SGL_RS06215,SGL_RS18315,0.0956276372321217
SGL_RS12595,SGL_RS10615,0.0956267928535421
SGL_RS05150,SGL_RS17980,0.0956257516994921
SGL_RS16495,SGL_RS12225,0.0956199055086039
SGL_RS15805,SGL_RS14420,0.0955854566653446
SGL_RS12430,SGL_RS11275,0.0955749299525889
SGL_RS00515,SGL_RS00355,0.0955579450114865
SGL_RS10605,SGL_RS07250,0.0955539644334035
SGL_RS11370,SGL_RS07995,0.0955492285628531
SGL_RS00400,SGL_RS19370,0.0955426473551937
SGL_RS00515,SGL_RS00655,0.0955403562249486
SGL_RS07730,SGL_RS04885,0.0955360361134665
SGL_RS06080,SGL_RS19425,0.095530970985929
SGL_RS12595,SGL_RS14065,0.095519319853954
SGL_RS00400,SGL_RS00115,0.095517636953645
SGL_RS04450,SGL_RS04715,0.0955099851101602
SGL_RS10820,SGL_RS11240,0.0955088920841378
SGL_RS01625,SGL_RS12285,0.0954957436868602
SGL_RS10605,SGL_RS05600,0.0954877098432451
SGL_RS12005,SGL_RS17175,0.0954761098453563
SGL_RS12430,SGL_RS11330,0.095467046222813
SGL_RS06480,SGL_RS17655,0.0954489614350193
SGL_RS12430,SGL_RS13530,0.0954424295843061
SGL_RS06340,SGL_RS17135,0.0954377026116573
SGL_RS08835,SGL_RS10055,0.095435868371217
SGL_RS10605,SGL_RS13660,0.095433524625364
SGL_RS10820,SGL_RS04385,0.0954197429786246
SGL_RS15805,SGL_RS12975,0.0954060299226377
SGL_RS18290,SGL_RS16735,0.0953960369726193
SGL_RS08835,SGL_RS07475,0.095393011706277
SGL_RS04450,SGL_RS13725,0.0953915843654047
SGL_RS15805,SGL_RS19970,0.0953862617485912
SGL_RS12430,SGL_RS12975,0.0953835913950127
SGL_RS06080,SGL_RS13535,0.0953760635408919
SGL_RS15965,SGL_RS07930,0.0953747592349418
SGL_RS16080,SGL_RS19310,0.0953601473118355
SGL_RS14385,SGL_RS09110,0.0953436433688955
SGL_RS08835,SGL_RS04475,0.0953424928275034
SGL_RS08500,SGL_RS18100,0.0953350655166145
SGL_RS10605,SGL_RS11075,0.0953349318216681
SGL_RS12595,SGL_RS11320,0.0953347714859984
SGL_RS10820,SGL_RS05030,0.0953174025049931
SGL_RS09285,SGL_RS10565,0.0953120873039724
SGL_RS11370,SGL_RS08440,0.0953080755527436
SGL_RS15805,SGL_RS13640,0.0953038808136508
SGL_RS16495,SGL_RS06925,0.0952984300317425
SGL_RS15965,SGL_RS02035,0.0952801556446423
SGL_RS17395,SGL_RS11835,0.0952749747146233
SGL_RS17395,SGL_RS06525,0.0952492940673943
SGL_RS00400,SGL_RS00005,0.0952489322907289
SGL_RS10605,SGL_RS04765,0.0952487790486002
SGL_RS09285,SGL_RS06040,0.0952464652032483
SGL_RS01980,SGL_RS01845,0.0952450139037233
SGL_RS17760,SGL_RS17635,0.0952388004811156
SGL_RS12430,SGL_RS08180,0.0952370602504292
SGL_RS16495,SGL_RS09675,0.0952322561928231
SGL_RS00670,SGL_RS01700,0.0952310641447577
SGL_RS06340,SGL_RS13120,0.0952280164725951
SGL_RS01980,SGL_RS09065,0.0952227521043549
SGL_RS00670,SGL_RS00735,0.0952198324236225
SGL_RS15805,SGL_RS04245,0.0952177150077149
SGL_RS11835,SGL_RS02380,0.0952069654812045
SGL_RS04055,SGL_RS05650,0.0951969662535332
SGL_RS16495,SGL_RS19060,0.0951898312526875
SGL_RS12430,SGL_RS02310,0.0951832604690437
SGL_RS06410,SGL_RS09740,0.0951826558037419
SGL_RS00320,SGL_RS03220,0.0951764071624286
SGL_RS03065,SGL_RS05990,0.0951662042059909
SGL_RS15210,SGL_RS07545,0.0951574152504726
SGL_RS04820,SGL_RS03755,0.0951532476167873
SGL_RS03065,SGL_RS07890,0.0951507809322195
SGL_RS00455,SGL_RS03715,0.0951498690658076
SGL_RS02990,SGL_RS09105,0.0951443632617116
SGL_RS10820,SGL_RS16950,0.0951412190020428
SGL_RS15965,SGL_RS02340,0.0951306111290136
SGL_RS15210,SGL_RS02690,0.0951254374838591
SGL_RS06340,SGL_RS05215,0.0951252875019124
SGL_RS12430,SGL_RS09250,0.0951227231388475
SGL_RS13820,SGL_RS13965,0.0951161668382461
SGL_RS08210,SGL_RS10945,0.0951102639865284
SGL_RS12430,SGL_RS07350,0.0951079605588611
SGL_RS08500,SGL_RS08745,0.0951058122314259
SGL_RS10605,SGL_RS10250,0.0951008457306367
SGL_RS08835,SGL_RS18370,0.0950966660094085
SGL_RS13820,SGL_RS15445,0.0950802826807519
SGL_RS00400,SGL_RS08350,0.0950774792319615
SGL_RS01955,SGL_RS00485,0.0950715762450231
SGL_RS07730,SGL_RS12310,0.0950571459224572
SGL_RS08835,SGL_RS14685,0.0950566177260555
SGL_RS06080,SGL_RS02025,0.0950452240761206
SGL_RS16080,SGL_RS00100,0.0950081874934885
SGL_RS04055,SGL_RS13100,0.0950070070769923
SGL_RS00400,SGL_RS01135,0.0950056486670311
SGL_RS08835,SGL_RS00090,0.0949968097251516
SGL_RS17760,SGL_RS06705,0.0949959832154203
SGL_RS00400,SGL_RS10840,0.0949854289783416
SGL_RS08210,SGL_RS13165,0.09498534098169
SGL_RS17760,SGL_RS09590,0.0949818000570864
SGL_RS08835,SGL_RS10790,0.0949450971537977
SGL_RS01980,SGL_RS07445,0.0949388940115162
SGL_RS15805,SGL_RS15215,0.0949264125828511
SGL_RS12430,SGL_RS09825,0.0949261660897019
SGL_RS17395,SGL_RS17455,0.0949180268680015
SGL_RS07740,SGL_RS04830,0.0949018414467722
SGL_RS10605,SGL_RS08535,0.0948986480270159
SGL_RS04450,SGL_RS05895,0.0948893298099422
SGL_RS09285,SGL_RS06985,0.0948779645025786
SGL_RS12430,SGL_RS17460,0.0948720357780868
SGL_RS15965,SGL_RS00400,0.094846849191791
SGL_RS08165,SGL_RS20100,0.0948455030926865
SGL_RS00320,SGL_RS00525,0.0948419010150191
SGL_RS17245,SGL_RS05720,0.0948252460532533
SGL_RS04450,SGL_RS09205,0.0948146721111144
SGL_RS12430,SGL_RS16945,0.0947979782346407
SGL_RS12430,SGL_RS14815,0.0947969751648311
SGL_RS00670,SGL_RS00775,0.0947799040415553
SGL_RS07730,SGL_RS01120,0.0947555332752706
SGL_RS05150,SGL_RS02185,0.0947542477432107
SGL_RS12430,SGL_RS15105,0.0947522870922814
SGL_RS00400,SGL_RS11180,0.0947474509616493
SGL_RS00075,SGL_RS18470,0.0947396942618119
SGL_RS07730,SGL_RS16745,0.0947375650299563
SGL_RS12595,SGL_RS08000,0.0947287535848928
SGL_RS00515,SGL_RS18960,0.0947257174599389
SGL_RS10605,SGL_RS11775,0.0947176880343419
SGL_RS11285,SGL_RS16905,0.094705745307134
SGL_RS11370,SGL_RS17380,0.094704804770544
SGL_RS01980,SGL_RS11905,0.0947040626889662
SGL_RS10605,SGL_RS16620,0.0947031736054385
SGL_RS11985,SGL_RS05065,0.0946957417772067
SGL_RS00320,SGL_RS01720,0.0946795353160248
SGL_RS06410,SGL_RS12110,0.0946772072559509
SGL_RS17760,SGL_RS06405,0.094675331148707
SGL_RS12430,SGL_RS07485,0.094674028439661
SGL_RS12430,SGL_RS04730,0.094671153870478
SGL_RS17760,SGL_RS09985,0.0946694708167668
SGL_RS12430,SGL_RS10610,0.0946626004013537
SGL_RS00400,SGL_RS16235,0.0946439694766384
SGL_RS07730,SGL_RS12610,0.0946331625225266
SGL_RS01625,SGL_RS17205,0.0946289893457348
SGL_RS05150,SGL_RS05335,0.0946285094637417
SGL_RS10605,SGL_RS04595,0.0946271123829493
SGL_RS14385,SGL_RS10605,0.094614374628588
SGL_RS11285,SGL_RS10865,0.0946066797300452
SGL_RS06215,SGL_RS04080,0.0945963391586025
SGL_RS15965,SGL_RS00680,0.094584996530761
SGL_RS00400,SGL_RS00105,0.094572507860813
SGL_RS10605,SGL_RS18060,0.0945714627644113
SGL_RS11370,SGL_RS08745,0.0945680470100035
SGL_RS10820,SGL_RS05310,0.0945679794644499
SGL_RS04450,SGL_RS15190,0.0945670282399667
SGL_RS00400,SGL_RS10045,0.0945614724924294
SGL_RS13820,SGL_RS13265,0.0945585573772842
SGL_RS08835,SGL_RS04920,0.0945398214158905
SGL_RS15965,SGL_RS00660,0.0945374498705373
SGL_RS10820,SGL_RS13040,0.094522773373945
SGL_RS01955,SGL_RS01940,0.0945191196931394
SGL_RS11985,SGL_RS07460,0.0945174041207736
SGL_RS00320,SGL_RS06255,0.094511028312185
SGL_RS06340,SGL_RS13115,0.094491485686337
SGL_RS00075,SGL_RS00475,0.0944876531219077
SGL_RS08210,SGL_RS07540,0.0944765468384906
SGL_RS10605,SGL_RS15160,0.0944725892975579
SGL_RS12430,SGL_RS15445,0.0944611601551604
SGL_RS00400,SGL_RS00670,0.0944350475658886
SGL_RS12430,SGL_RS04365,0.0944256009323867
SGL_RS15805,SGL_RS17635,0.0944206397753306
SGL_RS17245,SGL_RS10505,0.0944171252130034
SGL_RS03065,SGL_RS11035,0.0944076128091934
SGL_RS11370,SGL_RS09990,0.0943929186061123
SGL_RS15965,SGL_RS14970,0.094390954623059
SGL_RS15965,SGL_RS19770,0.094355568899366
SGL_RS11285,SGL_RS14290,0.094350841786554
SGL_RS09285,SGL_RS06035,0.094344513342463
SGL_RS00320,SGL_RS14880,0.094334511721709
SGL_RS17760,SGL_RS19540,0.0943267021304217
SGL_RS13130,SGL_RS15285,0.0943138335394232
SGL_RS15805,SGL_RS12730,0.0943105047636103
SGL_RS06215,SGL_RS17240,0.0943087656042622
SGL_RS10820,SGL_RS05020,0.094299588955062
SGL_RS09285,SGL_RS02155,0.094292208625093
SGL_RS01980,SGL_RS00570,0.0942894721853608
SGL_RS12430,SGL_RS06455,0.0942741078535098
SGL_RS13130,SGL_RS06700,0.0942703304453787
SGL_RS11285,SGL_RS18045,0.0942621377067783
SGL_RS07740,SGL_RS14315,0.0942546812205956
SGL_RS12430,SGL_RS09850,0.0942504993509934
SGL_RS17245,SGL_RS15260,0.0942492551354691
SGL_RS00400,SGL_RS06385,0.0942366533184015
SGL_RS12430,SGL_RS03115,0.0942350571515031
SGL_RS00455,SGL_RS07265,0.0942303898873561
SGL_RS11370,SGL_RS08120,0.0942285639062398
SGL_RS11370,SGL_RS04510,0.0942274039822036
SGL_RS06480,SGL_RS02435,0.0942195379189356
SGL_RS04615,SGL_RS05970,0.0941890249576107
SGL_RS16165,SGL_RS15995,0.094185797572815
SGL_RS12430,SGL_RS16915,0.0941813989164669
SGL_RS00515,SGL_RS19760,0.0941671276295893
SGL_RS06410,SGL_RS02435,0.0941657982652048
SGL_RS08520,SGL_RS03015,0.094154653986977
SGL_RS06340,SGL_RS03960,0.0941509578543041
SGL_RS10820,SGL_RS16270,0.0941325109690052
SGL_RS12595,SGL_RS14920,0.0941228895145414
SGL_RS06340,SGL_RS03815,0.0941097882465764
SGL_RS12005,SGL_RS17820,0.0941029930691091
SGL_RS15210,SGL_RS05240,0.0940999268223954
SGL_RS10820,SGL_RS15665,0.0940944641050543
SGL_RS04725,SGL_RS03120,0.0940815100463246
SGL_RS01625,SGL_RS00795,0.0940753002419491
SGL_RS01980,SGL_RS10040,0.0940734191032694
SGL_RS08835,SGL_RS11350,0.0940712289132143
SGL_RS07730,SGL_RS12725,0.0940695751373463
SGL_RS15965,SGL_RS10045,0.0940671959486857
SGL_RS16165,SGL_RS15115,0.0940662120679971
SGL_RS03065,SGL_RS10555,0.0940618113479075
SGL_RS08520,SGL_RS17385,0.0940576495833562
SGL_RS12430,SGL_RS16835,0.0940558804639931
SGL_RS12595,SGL_RS07580,0.0940552094558326
SGL_RS13820,SGL_RS11685,0.0940474949618071
SGL_RS12540,SGL_RS12920,0.094031456773969
SGL_RS00400,SGL_RS01450,0.0940309047292363
SGL_RS15210,SGL_RS15670,0.0940224306373373
SGL_RS11370,SGL_RS05855,0.0940059826794588
SGL_RS07975,SGL_RS10690,0.0940036748399384
SGL_RS09285,SGL_RS16630,0.0940025275944277
SGL_RS00455,SGL_RS03675,0.0940003276398114
SGL_RS08835,SGL_RS08680,0.0939896438243672
SGL_RS08500,SGL_RS02630,0.0939845196692307
SGL_RS17395,SGL_RS10510,0.0939807667510573
SGL_RS00455,SGL_RS00120,0.0939657404215075
SGL_RS00400,SGL_RS06180,0.0939646998267226
SGL_RS00400,SGL_RS15965,0.0939611511992433
SGL_RS11285,SGL_RS15840,0.0939607542377874
SGL_RS00515,SGL_RS07615,0.093958647382623
SGL_RS03065,SGL_RS04015,0.0939336005755707
SGL_RS08210,SGL_RS16650,0.0939332777715813
SGL_RS13820,SGL_RS17900,0.093933107077511
SGL_RS06215,SGL_RS13035,0.0939300094812777
SGL_RS15210,SGL_RS10925,0.0939269634546821
SGL_RS00400,SGL_RS01320,0.0939220044768216
SGL_RS15965,SGL_RS04635,0.0939178466185874
SGL_RS17395,SGL_RS14770,0.0939155469872062
SGL_RS12430,SGL_RS13565,0.0939049430992419
SGL_RS01255,SGL_RS01650,0.0939047607366091
SGL_RS14385,SGL_RS01935,0.0938952699920557
SGL_RS00075,SGL_RS00695,0.093874274110416
SGL_RS04055,SGL_RS01270,0.0938722840405289
SGL_RS06410,SGL_RS13450,0.0938564366275464
SGL_RS04450,SGL_RS17085,0.0938529037275852
SGL_RS12430,SGL_RS15110,0.093849811224597
SGL_RS08210,SGL_RS07795,0.093840074063384
SGL_RS12005,SGL_RS01130,0.0938366500819235
SGL_RS04725,SGL_RS09790,0.0938237525790353
SGL_RS16495,SGL_RS16215,0.0938203836609215
SGL_RS12005,SGL_RS12070,0.0938196021438243
SGL_RS16165,SGL_RS12795,0.0938089160588161
SGL_RS01980,SGL_RS14150,0.093793651858941
SGL_RS14385,SGL_RS17705,0.093788317408935
SGL_RS07740,SGL_RS03225,0.0937778376987598
SGL_RS09285,SGL_RS12060,0.0937774881579097
SGL_RS15965,SGL_RS08705,0.093776485936771
SGL_RS10605,SGL_RS07895,0.0937705406651862
SGL_RS15210,SGL_RS05540,0.0937671699396107
SGL_RS08165,SGL_RS19525,0.0937659384140387
SGL_RS04055,SGL_RS16970,0.0937639436880151
SGL_RS08835,SGL_RS07390,0.0937289299493415
SGL_RS17760,SGL_RS00215,0.0937036420325482
SGL_RS04615,SGL_RS14225,0.0937001325179877
SGL_RS00400,SGL_RS03670,0.0936987311212137
SGL_RS06215,SGL_RS19170,0.0936980294247408
SGL_RS06080,SGL_RS19375,0.0936937348708078
SGL_RS17395,SGL_RS11290,0.0936881257432305
SGL_RS04450,SGL_RS05435,0.0936576969594085
SGL_RS00075,SGL_RS00120,0.0936457551365011
SGL_RS12430,SGL_RS07055,0.093644512773432
SGL_RS15965,SGL_RS00010,0.0936242624703935
SGL_RS06410,SGL_RS05370,0.0936217403220025
SGL_RS13130,SGL_RS05190,0.0936201521904509
SGL_RS18290,SGL_RS10495,0.0935924858918719
SGL_RS10820,SGL_RS05340,0.0935848133840876
SGL_RS11285,SGL_RS02850,0.093560914565784
SGL_RS09285,SGL_RS02560,0.093552950397525
SGL_RS03065,SGL_RS17015,0.0935498016902832
SGL_RS18290,SGL_RS03490,0.0935439587521118
SGL_RS18290,SGL_RS08105,0.0935351760859626
SGL_RS12430,SGL_RS14550,0.0935332243976527
SGL_RS07535,SGL_RS11415,0.0935290435093486
SGL_RS17760,SGL_RS07235,0.0935227851834636
SGL_RS02510,SGL_RS03185,0.0935205508977901
SGL_RS01980,SGL_RS00410,0.0935062977397593
SGL_RS12430,SGL_RS10655,0.0935048321355316
SGL_RS10605,SGL_RS02865,0.0935037691179756
SGL_RS01625,SGL_RS14005,0.0934907662940195
SGL_RS15805,SGL_RS17630,0.0934793155796155
SGL_RS16165,SGL_RS15945,0.0934634345350993
SGL_RS00670,SGL_RS00400,0.0934510016260003
SGL_RS02510,SGL_RS02125,0.0934372866511928
SGL_RS04725,SGL_RS11485,0.0934322806553474
SGL_RS12430,SGL_RS11510,0.0934315150441498
SGL_RS17395,SGL_RS16710,0.0934309286964672
SGL_RS03065,SGL_RS02665,0.0934252599250494
SGL_RS09285,SGL_RS06750,0.0934157267785875
SGL_RS06215,SGL_RS03340,0.093414852861901
SGL_RS00320,SGL_RS15255,0.0934015321702511
SGL_RS10820,SGL_RS07135,0.0933917172253603
SGL_RS17245,SGL_RS16710,0.0933882013172881
SGL_RS08210,SGL_RS08640,0.0933842104695925
SGL_RS08835,SGL_RS03885,0.0933728092955258
SGL_RS15805,SGL_RS15365,0.0933727169715588
SGL_RS00515,SGL_RS00040,0.0933592788423097
SGL_RS00320,SGL_RS04770,0.0933560132480741
SGL_RS17245,SGL_RS03445,0.0933347901165594
SGL_RS01625,SGL_RS08885,0.0933331221279261
SGL_RS12430,SGL_RS05445,0.0933327212259399
SGL_RS17760,SGL_RS16395,0.0933241031772932
SGL_RS10820,SGL_RS12735,0.0933066504999352
SGL_RS07730,SGL_RS13220,0.0932994215683056
SGL_RS17395,SGL_RS17430,0.093290545786841
SGL_RS00455,SGL_RS00970,0.0932825765930276
SGL_RS12430,SGL_RS03065,0.0932816998877233
SGL_RS04450,SGL_RS17420,0.0932737501137495
SGL_RS17245,SGL_RS05430,0.0932730804158678
SGL_RS12430,SGL_RS06595,0.0932723970179215
SGL_RS15805,SGL_RS12175,0.093268719383711
SGL_RS07730,SGL_RS14070,0.0932674940759959
SGL_RS03065,SGL_RS16790,0.0932671971424932
SGL_RS17760,SGL_RS16595,0.0932575561854774
SGL_RS14385,SGL_RS10345,0.0932569678671771
SGL_RS12430,SGL_RS08775,0.093256716992943
SGL_RS06480,SGL_RS16170,0.0932540986246216
SGL_RS04450,SGL_RS05765,0.0932219406759797
SGL_RS01980,SGL_RS16320,0.0932134255300652
SGL_RS17760,SGL_RS10195,0.0932066337186006
SGL_RS18290,SGL_RS02755,0.093201554692549
SGL_RS02020,SGL_RS19720,0.0931999615539769
SGL_RS06340,SGL_RS04820,0.0931999260000132
SGL_RS14385,SGL_RS03250,0.0931987940820551
SGL_RS10820,SGL_RS12170,0.093194071971442
SGL_RS01955,SGL_RS13985,0.0931894266932015
SGL_RS15965,SGL_RS03620,0.0931882948293949
SGL_RS12430,SGL_RS03175,0.0931840610976418
SGL_RS04450,SGL_RS07995,0.0931752823107224
SGL_RS18290,SGL_RS11480,0.093164188859179
SGL_RS15805,SGL_RS10320,0.0931617689202947
SGL_RS00515,SGL_RS04960,0.0931530399637125
SGL_RS15965,SGL_RS19195,0.0931476901556047
SGL_RS15210,SGL_RS04920,0.0931465331971722
SGL_RS16080,SGL_RS01270,0.093138075927875
SGL_RS15805,SGL_RS08425,0.0931311745964787
SGL_RS14610,SGL_RS08815,0.0931166669624687
SGL_RS17760,SGL_RS03030,0.0931163478924211
SGL_RS14385,SGL_RS11850,0.0931078788837497
SGL_RS06410,SGL_RS02880,0.0931050896763316
SGL_RS15805,SGL_RS08595,0.093096973404888
SGL_RS11370,SGL_RS16925,0.0930936503824951
SGL_RS10820,SGL_RS04675,0.0930935809138501
SGL_RS12430,SGL_RS15230,0.0930915086953624
SGL_RS15805,SGL_RS11655,0.0930864427006116
SGL_RS06410,SGL_RS17175,0.09307955463451
SGL_RS12430,SGL_RS02955,0.0930718119432568
SGL_RS17760,SGL_RS08270,0.0930615122533755
SGL_RS12430,SGL_RS12025,0.0930570666855459
SGL_RS17245,SGL_RS13100,0.0930557339044861
SGL_RS15805,SGL_RS06425,0.093054079087345
SGL_RS12430,SGL_RS04435,0.0930526712903371
SGL_RS14385,SGL_RS13505,0.0930406733039618
SGL_RS12005,SGL_RS00685,0.0930182858939061
SGL_RS17440,SGL_RS05150,0.0930169491662766
SGL_RS12430,SGL_RS11635,0.0930015871489936
SGL_RS10605,SGL_RS08600,0.0929929467063597
SGL_RS13130,SGL_RS15400,0.092990930664289
SGL_RS03065,SGL_RS17550,0.0929906067036949
SGL_RS09285,SGL_RS15290,0.0929878223807913
SGL_RS04055,SGL_RS17095,0.092974272871265
SGL_RS14385,SGL_RS11660,0.0929729583144319
SGL_RS11370,SGL_RS15245,0.0929639223028852
SGL_RS14385,SGL_RS13195,0.0929600523796312
SGL_RS00400,SGL_RS00590,0.0929585258273166
SGL_RS06410,SGL_RS05685,0.092954679685362
SGL_RS08210,SGL_RS18240,0.0929525477298875
SGL_RS06410,SGL_RS04160,0.0929509848704797
SGL_RS03065,SGL_RS03260,0.0929467856797778
SGL_RS10820,SGL_RS10730,0.0929375813134309
SGL_RS17395,SGL_RS04820,0.0929327212827196
SGL_RS08500,SGL_RS08770,0.0929109324283303
SGL_RS10820,SGL_RS17645,0.0928949142128744
SGL_RS12430,SGL_RS11605,0.092893679915783
SGL_RS12430,SGL_RS04725,0.0928855114267023
SGL_RS02470,SGL_RS15100,0.0928822394359615
SGL_RS04615,SGL_RS03325,0.0928732571215417
SGL_RS02990,SGL_RS16920,0.0928521223538549
SGL_RS04725,SGL_RS07355,0.0928430552941171
SGL_RS16080,SGL_RS09240,0.0928426720334062
SGL_RS17760,SGL_RS14480,0.0928344440304325
SGL_RS10755,SGL_RS19900,0.092833293313901
SGL_RS01215,SGL_RS19310,0.092829755019741
SGL_RS02510,SGL_RS05690,0.0928275769901077
SGL_RS06215,SGL_RS01885,0.0928107488672838
SGL_RS03065,SGL_RS06240,0.0927892185485347
SGL_RS08210,SGL_RS08975,0.0927782417501961
SGL_RS10820,SGL_RS16830,0.0927782071699312
SGL_RS04725,SGL_RS07150,0.0927763068595428
SGL_RS12430,SGL_RS03890,0.0927593781367567
SGL_RS17440,SGL_RS02175,0.0927501253581962
SGL_RS06215,SGL_RS07660,0.0927492393115522
SGL_RS07975,SGL_RS07420,0.0927474218303287
SGL_RS15965,SGL_RS02950,0.0927434549696904
SGL_RS15965,SGL_RS15935,0.0927418229467687
SGL_RS07975,SGL_RS08855,0.0927397377366887
SGL_RS15805,SGL_RS19495,0.092721339103695
SGL_RS03065,SGL_RS13905,0.0927149011127606
SGL_RS15245,SGL_RS13105,0.0926940136568229
SGL_RS06340,SGL_RS09645,0.0926909636487748
SGL_RS12430,SGL_RS04190,0.0926811957187215
SGL_RS07730,SGL_RS10315,0.0926770091809159
SGL_RS07975,SGL_RS04790,0.0926738240434865
SGL_RS12595,SGL_RS06920,0.0926685988183824
SGL_RS16495,SGL_RS04490,0.0926463699759335
SGL_RS12430,SGL_RS13890,0.0926339231056539
SGL_RS00455,SGL_RS01055,0.0926118898773592
SGL_RS14385,SGL_RS16610,0.0926048263646438
SGL_RS00515,SGL_RS18830,0.0926044283718067
SGL_RS17760,SGL_RS14805,0.0926018853557887
SGL_RS12595,SGL_RS12705,0.0925953086019119
SGL_RS17395,SGL_RS17620,0.0925873541713061
SGL_RS10605,SGL_RS10830,0.092587346669957
SGL_RS12595,SGL_RS07750,0.0925782399653312
SGL_RS04055,SGL_RS09675,0.0925709918107485
SGL_RS00400,SGL_RS03620,0.0925682687991556
SGL_RS06410,SGL_RS02700,0.0925597125707976
SGL_RS15805,SGL_RS17130,0.0925493675476118
SGL_RS00075,SGL_RS00385,0.0925463133648976
SGL_RS08520,SGL_RS03535,0.0925259402058375
SGL_RS15805,SGL_RS08055,0.09250479770354
SGL_RS12595,SGL_RS14665,0.0924975737739049
SGL_RS12430,SGL_RS08970,0.0924916053583623
SGL_RS18290,SGL_RS14620,0.0924876865564852
SGL_RS17760,SGL_RS09235,0.0924845236963122
SGL_RS17440,SGL_RS12295,0.092484413612598
SGL_RS13820,SGL_RS17450,0.0924820800388011
SGL_RS12430,SGL_RS12595,0.0924796817670422
SGL_RS17245,SGL_RS13385,0.0924770677872261
SGL_RS14540,SGL_RS00810,0.0924770301447015
SGL_RS01215,SGL_RS01650,0.0924660617035157
SGL_RS12430,SGL_RS07690,0.0924652808888341
SGL_RS15805,SGL_RS03395,0.0924611568246609
SGL_RS15965,SGL_RS10710,0.0924593596908171
SGL_RS10605,SGL_RS19725,0.0924577190731729
SGL_RS15965,SGL_RS01110,0.0924576004449215
SGL_RS15965,SGL_RS16380,0.0924363156326479
SGL_RS15245,SGL_RS03280,0.0924224924137261
SGL_RS03065,SGL_RS10225,0.0924134210162115
SGL_RS04055,SGL_RS09905,0.0924018778280719
SGL_RS04450,SGL_RS04050,0.0924005272812586
SGL_RS06410,SGL_RS05770,0.0923975511798602
SGL_RS04055,SGL_RS10880,0.0923876814126444
SGL_RS10605,SGL_RS10085,0.0923862000039558
SGL_RS06340,SGL_RS02475,0.0923823192694763
SGL_RS10605,SGL_RS11335,0.0923740122682382
SGL_RS00400,SGL_RS15165,0.0923549580042085
SGL_RS01980,SGL_RS00120,0.0923375332850925
SGL_RS12005,SGL_RS13420,0.0923346655214851
SGL_RS00670,SGL_RS00715,0.0923105359210771
SGL_RS10820,SGL_RS05190,0.0923048001923772
SGL_RS10605,SGL_RS12885,0.092303026986306
SGL_RS14385,SGL_RS14080,0.092296648616784
SGL_RS08500,SGL_RS06695,0.0922763525503511
SGL_RS08165,SGL_RS15050,0.092272828492646
SGL_RS04055,SGL_RS16960,0.0922518174825198
SGL_RS15210,SGL_RS12815,0.0922482420919125
SGL_RS10820,SGL_RS18375,0.0922471621425365
SGL_RS00400,SGL_RS16275,0.0922449850714716
SGL_RS06410,SGL_RS02890,0.0922255352847687
SGL_RS02470,SGL_RS05820,0.0922195828800745
SGL_RS17395,SGL_RS12050,0.0922189138405071
SGL_RS15805,SGL_RS05175,0.0922188248514323
SGL_RS15805,SGL_RS14860,0.0921962592947561
SGL_RS01980,SGL_RS02165,0.0921806524511092
SGL_RS04615,SGL_RS03505,0.0921529636969093
SGL_RS07975,SGL_RS05550,0.0921382250741626
SGL_RS03065,SGL_RS10350,0.0921372270521747
SGL_RS17760,SGL_RS16390,0.0921367251379562
SGL_RS11370,SGL_RS04515,0.0921217992420345
SGL_RS11835,SGL_RS15310,0.0921212377973927
SGL_RS07730,SGL_RS02595,0.0921182867013072
SGL_RS00455,SGL_RS03655,0.092117462883168
SGL_RS12430,SGL_RS14065,0.0921147099889298
SGL_RS08835,SGL_RS19195,0.0920999439039496
SGL_RS06340,SGL_RS07715,0.0920976938424857
SGL_RS17760,SGL_RS17630,0.092094535526071
SGL_RS04055,SGL_RS00170,0.092094090913927
SGL_RS13820,SGL_RS03970,0.0920848545616935
SGL_RS04725,SGL_RS03345,0.0920826914211795
SGL_RS04820,SGL_RS03770,0.0920770939004154
SGL_RS12430,SGL_RS04015,0.0920766256625345
SGL_RS00400,SGL_RS07080,0.0920734738102893
SGL_RS17760,SGL_RS06375,0.0920723343751954
SGL_RS00455,SGL_RS02325,0.0920709850530799
SGL_RS09285,SGL_RS12850,0.0920708129392901
SGL_RS11370,SGL_RS14580,0.0920666794141339
SGL_RS11985,SGL_RS15850,0.0920638377768708
SGL_RS01980,SGL_RS07450,0.0920594023934183
SGL_RS06080,SGL_RS17325,0.0920591371232116
SGL_RS06340,SGL_RS02990,0.0920457808549406
SGL_RS15805,SGL_RS12030,0.0920273020416705
SGL_RS15805,SGL_RS12690,0.0920201899097165
SGL_RS04725,SGL_RS01280,0.0920152051819439
SGL_RS12430,SGL_RS03345,0.092014913431377
SGL_RS18290,SGL_RS18755,0.0920136762100954
SGL_RS14385,SGL_RS14250,0.0919809603253203
SGL_RS03065,SGL_RS10420,0.0919789479927733
SGL_RS12005,SGL_RS16170,0.0919764121232614
SGL_RS18290,SGL_RS13490,0.0919513818673725
SGL_RS10605,SGL_RS07630,0.0919453887380215
SGL_RS17395,SGL_RS06340,0.0919391016922649
SGL_RS08845,SGL_RS05350,0.0919333823043512
SGL_RS02990,SGL_RS19945,0.0919315812106989
SGL_RS15805,SGL_RS10615,0.0919242558056708
SGL_RS04450,SGL_RS09635,0.0918854912378164
SGL_RS17760,SGL_RS15950,0.0918850547678273
SGL_RS12595,SGL_RS12360,0.0918661549417356
SGL_RS00400,SGL_RS00775,0.0918660801967568
SGL_RS13130,SGL_RS14620,0.091852780872
SGL_RS02470,SGL_RS07560,0.0918505364450063
SGL_RS10820,SGL_RS05375,0.0918478754693064
SGL_RS10820,SGL_RS04095,0.0918458946096878
SGL_RS11370,SGL_RS06045,0.0918218674598686
SGL_RS00320,SGL_RS00970,0.0918171864281449
SGL_RS14385,SGL_RS15570,0.0918082968418674
SGL_RS15965,SGL_RS16180,0.0918067592749553
SGL_RS08500,SGL_RS12945,0.0918048314650514
SGL_RS12430,SGL_RS02680,0.0918044935723028
SGL_RS12595,SGL_RS09640,0.0918040959539014
SGL_RS17760,SGL_RS09960,0.0918016821335984
SGL_RS17395,SGL_RS06515,0.091799314629792
SGL_RS06340,SGL_RS07850,0.0917974094880638
SGL_RS00075,SGL_RS16275,0.091793872081045
SGL_RS00320,SGL_RS02170,0.0917902433669998
SGL_RS12430,SGL_RS14830,0.0917689844469498
SGL_RS00320,SGL_RS09735,0.0917508818123233
SGL_RS12430,SGL_RS06530,0.0917421859010075
SGL_RS06340,SGL_RS04755,0.0917387357310612
SGL_RS15965,SGL_RS01685,0.0917332329273637
SGL_RS17760,SGL_RS07415,0.091729819715087
SGL_RS14385,SGL_RS04455,0.091728445081343
SGL_RS08210,SGL_RS02595,0.0917282667850093
SGL_RS13130,SGL_RS12455,0.0916965118983208
SGL_RS15805,SGL_RS17405,0.091688528528865
SGL_RS03065,SGL_RS18055,0.0916838207036172
SGL_RS14610,SGL_RS05255,0.0916760136998329
SGL_RS04450,SGL_RS17345,0.0916714399353784
SGL_RS08210,SGL_RS09280,0.0916644713419564
SGL_RS13820,SGL_RS14505,0.0916637515877357
SGL_RS01255,SGL_RS04345,0.0916510863104822
SGL_RS07730,SGL_RS16375,0.0916348190196085
SGL_RS07730,SGL_RS07985,0.0916319526930398
SGL_RS11370,SGL_RS10930,0.0916189035876773
SGL_RS00400,SGL_RS00020,0.0916087516409923
SGL_RS04725,SGL_RS18095,0.0915823475043948
SGL_RS10605,SGL_RS17305,0.0915704519952076
SGL_RS08500,SGL_RS10905,0.0915701958262769
SGL_RS09285,SGL_RS16625,0.0915647248046578
SGL_RS08520,SGL_RS14690,0.0915571881019256
SGL_RS15805,SGL_RS03310,0.0915571127784969
SGL_RS16080,SGL_RS20150,0.0915521763594537
SGL_RS12005,SGL_RS13200,0.0915459745679592
SGL_RS06340,SGL_RS04505,0.091526159438148
SGL_RS10820,SGL_RS06885,0.0915047155687165
SGL_RS15805,SGL_RS15865,0.0914953034845498
SGL_RS08210,SGL_RS12290,0.0914634620225486
SGL_RS04055,SGL_RS05880,0.0914521455327317
SGL_RS02020,SGL_RS08545,0.0914391291625225
SGL_RS09285,SGL_RS17475,0.0914236545658049
SGL_RS12595,SGL_RS11425,0.0914235287300232
SGL_RS11985,SGL_RS13525,0.0914208849916953
SGL_RS03065,SGL_RS07025,0.0914198597441445
SGL_RS16495,SGL_RS17355,0.0914104883956213
SGL_RS12005,SGL_RS14470,0.0914054028528609
SGL_RS17245,SGL_RS12465,0.0913961011371533
SGL_RS03065,SGL_RS19805,0.0913909092208109
SGL_RS04055,SGL_RS07825,0.091386633497474
SGL_RS09285,SGL_RS20165,0.0913818543822844
SGL_RS01215,SGL_RS08355,0.0913808303660895
SGL_RS06080,SGL_RS08140,0.0913647771400342
SGL_RS08500,SGL_RS06730,0.0913586745306209
SGL_RS09285,SGL_RS10655,0.0913546717047985
SGL_RS17760,SGL_RS18225,0.0913481036098074
SGL_RS00320,SGL_RS01265,0.0913428838939743
SGL_RS10605,SGL_RS07050,0.0913312157937703
SGL_RS09285,SGL_RS13445,0.0913228208109401
SGL_RS08080,SGL_RS04995,0.0913164235280268
SGL_RS17395,SGL_RS12765,0.091316107662716
SGL_RS12430,SGL_RS06450,0.0913149538661456
SGL_RS08210,SGL_RS16895,0.0913133784145268
SGL_RS17395,SGL_RS09230,0.0913022303983063
SGL_RS00320,SGL_RS19525,0.0913013006958053
SGL_RS06080,SGL_RS14005,0.0912953949191172
SGL_RS02990,SGL_RS09230,0.0912919701978589
SGL_RS01955,SGL_RS18115,0.091274742107938
SGL_RS04055,SGL_RS16660,0.0912728117747956
SGL_RS15805,SGL_RS03805,0.0912713669721761
SGL_RS17760,SGL_RS02925,0.0912620107446349
SGL_RS07730,SGL_RS00830,0.0912457630442591
SGL_RS00400,SGL_RS00230,0.091243023009529
SGL_RS15585,SGL_RS02685,0.091237070789867
SGL_RS03065,SGL_RS16640,0.0912364928886563
SGL_RS07975,SGL_RS07425,0.0912268917475043
SGL_RS04820,SGL_RS08895,0.0912247440836566
SGL_RS12005,SGL_RS04440,0.0912163362209821
SGL_RS08500,SGL_RS14635,0.0912144503846536
SGL_RS12430,SGL_RS12415,0.091204118765601
SGL_RS16495,SGL_RS18340,0.0912038296967259
SGL_RS11370,SGL_RS11345,0.0912034440993922
SGL_RS00320,SGL_RS09050,0.0912025115527339
SGL_RS00400,SGL_RS01630,0.0912022804543166
SGL_RS09285,SGL_RS03845,0.0911952937127552
SGL_RS14540,SGL_RS02705,0.0911844239338466
SGL_RS01980,SGL_RS03640,0.0911782676578151
SGL_RS13820,SGL_RS16745,0.0911717341624018
SGL_RS08500,SGL_RS06455,0.091169497488595
SGL_RS12430,SGL_RS03210,0.0911626111488834
SGL_RS06410,SGL_RS13990,0.0911625068888685
SGL_RS09285,SGL_RS12675,0.0911577576797345
SGL_RS02510,SGL_RS11060,0.0911519270049471
SGL_RS00455,SGL_RS06835,0.0911467412227836
SGL_RS07535,SGL_RS11355,0.0911456491480334
SGL_RS14540,SGL_RS14210,0.0911455880655776
SGL_RS04055,SGL_RS16030,0.091138295671286
SGL_RS12430,SGL_RS03995,0.0911349385202946
SGL_RS12430,SGL_RS04085,0.0911297913866686
SGL_RS04450,SGL_RS10930,0.091109173011625
SGL_RS07730,SGL_RS17015,0.0911008016340038
SGL_RS08040,SGL_RS16115,0.0910941665164492
SGL_RS09285,SGL_RS11655,0.091081888378335
SGL_RS17395,SGL_RS17400,0.0910760834795732
SGL_RS02990,SGL_RS15170,0.0910758778789932
SGL_RS10820,SGL_RS04340,0.0910733836633032
SGL_RS12430,SGL_RS08905,0.0910554055271076
SGL_RS17395,SGL_RS09635,0.0910511904621763
SGL_RS04725,SGL_RS04250,0.0910489483146917
SGL_RS11985,SGL_RS20140,0.0910416531360994
SGL_RS15965,SGL_RS00355,0.0910391121167005
SGL_RS00400,SGL_RS18855,0.0910190070975061
SGL_RS00400,SGL_RS18690,0.0910148782345666
SGL_RS16080,SGL_RS03525,0.0910017050346752
SGL_RS12430,SGL_RS10950,0.090992161676488
SGL_RS04055,SGL_RS15220,0.0909834246537846
SGL_RS00670,SGL_RS00105,0.0909823205940212
SGL_RS16495,SGL_RS20195,0.0909820850252256
SGL_RS01955,SGL_RS14465,0.0909771445471224
SGL_RS00455,SGL_RS03660,0.0909741848855104
SGL_RS11370,SGL_RS13555,0.0909672948990027
SGL_RS05150,SGL_RS10175,0.0909663144269569
SGL_RS04055,SGL_RS08635,0.0909604365154503
SGL_RS10755,SGL_RS06080,0.0909494759985405
SGL_RS09285,SGL_RS10990,0.0909349097314194
SGL_RS18290,SGL_RS15575,0.0909254253607165
SGL_RS14385,SGL_RS03125,0.090921262934028
SGL_RS09285,SGL_RS09360,0.0909162621873457
SGL_RS10755,SGL_RS09505,0.090914827123695
SGL_RS12595,SGL_RS10960,0.0909067406839548
SGL_RS18290,SGL_RS01470,0.0909051863219108
SGL_RS15805,SGL_RS18180,0.0908970830434847
SGL_RS13130,SGL_RS17190,0.0908753663263528
SGL_RS04055,SGL_RS10265,0.0908686996327333
SGL_RS11370,SGL_RS05730,0.0908601299578642
SGL_RS15245,SGL_RS12835,0.0908550715726928
SGL_RS04450,SGL_RS17880,0.0908538289775906
SGL_RS15805,SGL_RS13660,0.0908463062610626
SGL_RS09285,SGL_RS05495,0.0908331185748675
SGL_RS08080,SGL_RS12605,0.0908230464220833
SGL_RS10820,SGL_RS05150,0.0908203642444726
SGL_RS07730,SGL_RS15525,0.0908166418103949
SGL_RS17760,SGL_RS05590,0.0908162350627695
SGL_RS06080,SGL_RS16240,0.0907933448756265
SGL_RS15965,SGL_RS14265,0.090781619405838
SGL_RS15210,SGL_RS01800,0.0907795192073952
SGL_RS07730,SGL_RS09625,0.0907723893996445
SGL_RS04055,SGL_RS06045,0.0907706392703804
SGL_RS02020,SGL_RS11900,0.0907704118120768
SGL_RS04725,SGL_RS06145,0.0907663498508449
SGL_RS01980,SGL_RS00335,0.0907569526382884
SGL_RS13820,SGL_RS11050,0.0907554107600728
SGL_RS14540,SGL_RS06265,0.090754944603883
SGL_RS12430,SGL_RS07890,0.0907538623454718
SGL_RS15805,SGL_RS13330,0.0907537874637133
SGL_RS04055,SGL_RS02270,0.0907283087162407
SGL_RS06080,SGL_RS01260,0.0907189871059785
SGL_RS07535,SGL_RS06870,0.0907159701332824
SGL_RS00400,SGL_RS02920,0.0907110544639271
SGL_RS12595,SGL_RS13190,0.0906968709898592
SGL_RS15805,SGL_RS08700,0.0906900115367337
SGL_RS10820,SGL_RS01915,0.0906765021960188
SGL_RS03065,SGL_RS04810,0.0906732908700628
SGL_RS12430,SGL_RS12255,0.0906620184549292
SGL_RS08080,SGL_RS20095,0.0906590005622674
SGL_RS11285,SGL_RS04860,0.0906573905051654
SGL_RS01625,SGL_RS08230,0.0906367617264151
SGL_RS07535,SGL_RS10020,0.0906226538466606
SGL_RS14385,SGL_RS10670,0.0906191568669458
SGL_RS17440,SGL_RS14035,0.090616194354723
SGL_RS08210,SGL_RS10075,0.0906108691220159
SGL_RS12430,SGL_RS12360,0.0906064577279375
SGL_RS10820,SGL_RS00915,0.0906005216755491
SGL_RS12430,SGL_RS11825,0.0905958552813965
SGL_RS12430,SGL_RS12685,0.0905739498466441
SGL_RS17760,SGL_RS06545,0.0905716743377811
SGL_RS08210,SGL_RS14280,0.0905616858951715
SGL_RS08835,SGL_RS07450,0.0905601456789816
SGL_RS04820,SGL_RS13865,0.0905599936632818
SGL_RS14385,SGL_RS18355,0.0905598676771184
SGL_RS15965,SGL_RS16220,0.0905533526301384
SGL_RS04055,SGL_RS08240,0.0905506553902615
SGL_RS16165,SGL_RS11565,0.0905480155748309
SGL_RS00320,SGL_RS11465,0.0905353656881921
SGL_RS14540,SGL_RS06610,0.0905316409782123
SGL_RS00400,SGL_RS14145,0.0905301799984714
SGL_RS00400,SGL_RS03035,0.0905276086304515
SGL_RS06480,SGL_RS07945,0.090523275464548
SGL_RS10605,SGL_RS17315,0.0905214166003816
SGL_RS01980,SGL_RS01995,0.0904967463230686
SGL_RS08520,SGL_RS06255,0.0904860028851028
SGL_RS10605,SGL_RS09320,0.090478714006302
SGL_RS14385,SGL_RS16620,0.0904756897199939
SGL_RS15210,SGL_RS10065,0.0904737974079082
SGL_RS15805,SGL_RS09290,0.0904596258706617
SGL_RS12430,SGL_RS16600,0.0904579758598829
SGL_RS15805,SGL_RS14160,0.0904424450071408
SGL_RS15210,SGL_RS02680,0.0904418703979974
SGL_RS01625,SGL_RS13640,0.0904367041549927
SGL_RS18290,SGL_RS06300,0.0904359486931274
SGL_RS00320,SGL_RS16970,0.090431658400154
SGL_RS15965,SGL_RS04155,0.0904234915023825
SGL_RS04450,SGL_RS11855,0.0904208100177343
SGL_RS14385,SGL_RS02095,0.0904191949012686
SGL_RS15805,SGL_RS11335,0.0904049118612888
SGL_RS15245,SGL_RS06945,0.090396265779075
SGL_RS17760,SGL_RS05020,0.0903867056502116
SGL_RS10605,SGL_RS17310,0.090382850566313
SGL_RS08210,SGL_RS08970,0.0903756612698515
SGL_RS10820,SGL_RS03080,0.0903738079358616
SGL_RS15805,SGL_RS06360,0.0903724301487563
SGL_RS03065,SGL_RS07735,0.090362670263763
SGL_RS17395,SGL_RS16500,0.0903594519535217
SGL_RS00400,SGL_RS00175,0.0903501877426155
SGL_RS01980,SGL_RS01865,0.0903476877846308
SGL_RS15965,SGL_RS09535,0.0903430752808544
SGL_RS11370,SGL_RS06275,0.0903404131968089
SGL_RS12430,SGL_RS13490,0.090327766537323
SGL_RS15805,SGL_RS07170,0.0903258031999517
SGL_RS17760,SGL_RS05365,0.0903170855191844
SGL_RS04725,SGL_RS05075,0.0903137314772961
SGL_RS01955,SGL_RS16365,0.0903113477877286
SGL_RS10755,SGL_RS17020,0.0902987278122638
SGL_RS10820,SGL_RS04205,0.0902984047383808
SGL_RS10820,SGL_RS04020,0.0902794240272772
SGL_RS00320,SGL_RS00040,0.0902702189762542
SGL_RS03065,SGL_RS01920,0.0902697448597231
SGL_RS00515,SGL_RS03725,0.090269181322942
SGL_RS15965,SGL_RS15415,0.0902675175895729
SGL_RS16165,SGL_RS17960,0.0902661588355632
SGL_RS00075,SGL_RS17375,0.090252284362164
SGL_RS12430,SGL_RS02560,0.090250725745837
SGL_RS12430,SGL_RS16435,0.0902496460174792
SGL_RS15805,SGL_RS13535,0.0902331584295425
SGL_RS01215,SGL_RS00865,0.0902254269518571
SGL_RS15965,SGL_RS14710,0.0902206860942453
SGL_RS13130,SGL_RS02430,0.0902138468182619
SGL_RS17245,SGL_RS10800,0.0902100904467496
SGL_RS15805,SGL_RS05495,0.0901969376867285
SGL_RS04055,SGL_RS04505,0.0901929683507868
SGL_RS17760,SGL_RS15860,0.0901923251974813
SGL_RS16495,SGL_RS03925,0.0901874303199204
SGL_RS18290,SGL_RS05105,0.0901862555898674
SGL_RS14540,SGL_RS07180,0.0901857047063942
SGL_RS13130,SGL_RS05395,0.0901840368879042
SGL_RS09285,SGL_RS14210,0.0901786698325251
SGL_RS07975,SGL_RS16985,0.0901561869528443
SGL_RS08210,SGL_RS14125,0.0901289603813824
SGL_RS08210,SGL_RS04590,0.090127027591648
SGL_RS11370,SGL_RS17510,0.0901247857194304
SGL_RS01980,SGL_RS20055,0.0901245212177998
SGL_RS08210,SGL_RS03420,0.090120510245117
SGL_RS02020,SGL_RS01965,0.0901201939105918
SGL_RS03065,SGL_RS20145,0.0901096331061999
SGL_RS10755,SGL_RS20150,0.0901041710007411
SGL_RS06410,SGL_RS04740,0.0900992461374872
SGL_RS04820,SGL_RS13845,0.0900934823486498
SGL_RS13130,SGL_RS02090,0.0900905233322362
SGL_RS17760,SGL_RS11675,0.0900881962656332
SGL_RS11285,SGL_RS13955,0.0900868504564658
SGL_RS10820,SGL_RS12740,0.0900766114156096
SGL_RS16165,SGL_RS08360,0.0900584577969376
SGL_RS06080,SGL_RS04075,0.0900415307840792
SGL_RS07730,SGL_RS13840,0.0900377036469402
SGL_RS12595,SGL_RS12840,0.0900145155668888
SGL_RS03065,SGL_RS10435,0.0900138550736641
SGL_RS00400,SGL_RS00730,0.0900085326610172
SGL_RS00400,SGL_RS05410,0.0900062318601411
SGL_RS03065,SGL_RS02660,0.0899967939203811
SGL_RS02470,SGL_RS05850,0.0899892441265377
SGL_RS15210,SGL_RS05445,0.0899859713564824
SGL_RS14540,SGL_RS14760,0.0899839307562061
SGL_RS12430,SGL_RS04290,0.0899814033610629
SGL_RS15965,SGL_RS15095,0.0899778995695455
SGL_RS07740,SGL_RS06470,0.0899766440776016
SGL_RS15210,SGL_RS02440,0.0899764359026513
SGL_RS07535,SGL_RS07650,0.0899710101118051
SGL_RS12430,SGL_RS16590,0.0899580934807983
SGL_RS17760,SGL_RS10830,0.0899578896342465
SGL_RS01980,SGL_RS01965,0.0899525351335448
SGL_RS12430,SGL_RS15075,0.089943070548811
SGL_RS01955,SGL_RS15970,0.0899382172860461
SGL_RS11370,SGL_RS05435,0.0899379714647225
SGL_RS18290,SGL_RS14255,0.0899338638598002
SGL_RS07730,SGL_RS03895,0.089930549012501
SGL_RS15965,SGL_RS07450,0.0899282025582852
SGL_RS16080,SGL_RS18970,0.0899216718238886
SGL_RS00515,SGL_RS12075,0.0899201518078766
SGL_RS12005,SGL_RS02065,0.0899083952202072
SGL_RS10820,SGL_RS15265,0.0899020427429387
SGL_RS08210,SGL_RS07025,0.0898980420010403
SGL_RS01980,SGL_RS19655,0.0898948679685251
SGL_RS18290,SGL_RS09645,0.0898832197413842
SGL_RS15210,SGL_RS14825,0.0898803917329925
SGL_RS17760,SGL_RS18370,0.0898764374891168
SGL_RS18290,SGL_RS13130,0.0898752672883591
SGL_RS12430,SGL_RS04625,0.0898697704200468
SGL_RS08835,SGL_RS10370,0.0898588002710279
SGL_RS00320,SGL_RS03530,0.0898501934452707
SGL_RS17760,SGL_RS09215,0.08984942177517
SGL_RS08835,SGL_RS00435,0.0898450827242433
SGL_RS17245,SGL_RS11440,0.0898408207100511
SGL_RS15210,SGL_RS02675,0.0898387306588394
SGL_RS10820,SGL_RS04640,0.0898386743649848
SGL_RS12595,SGL_RS03170,0.0898293584595903
SGL_RS13130,SGL_RS01915,0.0898263904149958
SGL_RS15965,SGL_RS00605,0.0898041372553006
SGL_RS15805,SGL_RS09110,0.0897820213734265
SGL_RS15210,SGL_RS15450,0.0897791657454487
SGL_RS06215,SGL_RS09165,0.0897779085944461
SGL_RS17760,SGL_RS10705,0.0897674062483889
SGL_RS18290,SGL_RS08915,0.0897596863902721
SGL_RS15805,SGL_RS12805,0.089748515942906
SGL_RS15965,SGL_RS05330,0.0897460145691832
SGL_RS06215,SGL_RS10640,0.0897459845270148
SGL_RS15805,SGL_RS14685,0.0897424540030633
SGL_RS12430,SGL_RS18200,0.0897359654342988
SGL_RS18290,SGL_RS16765,0.0897312056005436
SGL_RS00670,SGL_RS00010,0.0897285881538815
SGL_RS15805,SGL_RS15330,0.089712115863201
SGL_RS15965,SGL_RS17780,0.0897092303372191
SGL_RS18290,SGL_RS12255,0.0896967667304992
SGL_RS12430,SGL_RS14805,0.0896886579107044
SGL_RS12430,SGL_RS10985,0.0896881480380292
SGL_RS16495,SGL_RS15875,0.0896872050426394
SGL_RS02470,SGL_RS05810,0.0896836276219913
SGL_RS15805,SGL_RS02440,0.089680759419508
SGL_RS17760,SGL_RS04805,0.0896758754479322
SGL_RS00400,SGL_RS04145,0.08966043783987
SGL_RS00075,SGL_RS01845,0.0896557024807433
SGL_RS09285,SGL_RS18755,0.0896454149182195
SGL_RS00400,SGL_RS00025,0.0896453811049483
SGL_RS18290,SGL_RS13715,0.0896447340935667
SGL_RS13130,SGL_RS09865,0.0896357091005559
SGL_RS11370,SGL_RS09380,0.0896200351958706
SGL_RS01955,SGL_RS19800,0.0896149791482202
SGL_RS10820,SGL_RS10735,0.0896143104995568
SGL_RS17760,SGL_RS19625,0.0895990461370605
SGL_RS17760,SGL_RS05525,0.0895971878782055
SGL_RS06410,SGL_RS03605,0.0895951188031176
SGL_RS04055,SGL_RS02770,0.0895935733690643
SGL_RS10820,SGL_RS17000,0.0895890177140759
SGL_RS12430,SGL_RS05885,0.0895885672203293
SGL_RS10605,SGL_RS05675,0.0895812594592823
SGL_RS15965,SGL_RS03625,0.0895795960536911
SGL_RS09285,SGL_RS15150,0.0895756040890931
SGL_RS15805,SGL_RS11660,0.089572511429947
SGL_RS03065,SGL_RS02230,0.0895717350234384
SGL_RS01625,SGL_RS17725,0.0895697517376312
SGL_RS15805,SGL_RS06190,0.0895651254872116
SGL_RS17395,SGL_RS14910,0.0895636974755525
SGL_RS06215,SGL_RS02730,0.089562881650611
SGL_RS10820,SGL_RS05345,0.0895615317027371
SGL_RS01980,SGL_RS00290,0.0895514344186087
SGL_RS10820,SGL_RS02930,0.089550786052003
SGL_RS08165,SGL_RS08245,0.0895437708900115
SGL_RS00400,SGL_RS18905,0.0895275502725703
SGL_RS14610,SGL_RS08090,0.0895271717246416
SGL_RS04725,SGL_RS17875,0.0895246906950714
SGL_RS14540,SGL_RS10620,0.089517700004794
SGL_RS01955,SGL_RS17635,0.0895013049821674
SGL_RS15210,SGL_RS08525,0.0894908700161746
SGL_RS01980,SGL_RS00305,0.0894832345952466
SGL_RS15965,SGL_RS16215,0.089479925054466
SGL_RS10605,SGL_RS16940,0.0894777208198216
SGL_RS00455,SGL_RS03595,0.0894702422853811
SGL_RS16080,SGL_RS08140,0.0894443162249216
SGL_RS08500,SGL_RS04310,0.0894307111342093
SGL_RS12595,SGL_RS17850,0.0894161619693325
SGL_RS12430,SGL_RS06690,0.0894085710690965
SGL_RS10605,SGL_RS12815,0.0894047905662676
SGL_RS15805,SGL_RS14570,0.0893946560635302
SGL_RS04450,SGL_RS05295,0.0893938174698024
SGL_RS15585,SGL_RS13015,0.0893900055670503
SGL_RS15805,SGL_RS16630,0.0893870525825942
SGL_RS14385,SGL_RS11800,0.0893722773173874
SGL_RS01980,SGL_RS14730,0.0893560721849797
SGL_RS06340,SGL_RS07760,0.08935168665342
SGL_RS01980,SGL_RS03615,0.0893425181969893
SGL_RS15805,SGL_RS05535,0.0893285305761203
SGL_RS15805,SGL_RS04365,0.0893196325437308
SGL_RS00455,SGL_RS00985,0.0893003247607396
SGL_RS04450,SGL_RS04200,0.0892990646358962
SGL_RS00400,SGL_RS05530,0.0892965061806606
SGL_RS00670,SGL_RS18620,0.0892877872982577
SGL_RS12005,SGL_RS05345,0.0892852830573004
SGL_RS17395,SGL_RS08120,0.0892850485385144
SGL_RS06410,SGL_RS09805,0.0892804547821524
SGL_RS02990,SGL_RS09090,0.0892791518362557
SGL_RS10820,SGL_RS09950,0.0892777160800994
SGL_RS16495,SGL_RS14275,0.0892719732472062
SGL_RS14540,SGL_RS17215,0.089268727974568
SGL_RS02990,SGL_RS06440,0.089261956209983
SGL_RS12430,SGL_RS19470,0.0892604074353065
SGL_RS10820,SGL_RS10700,0.0892521246673215
SGL_RS15805,SGL_RS08185,0.0892499483667592
SGL_RS12430,SGL_RS09170,0.0892478382064797
SGL_RS01955,SGL_RS02020,0.089245832900486
SGL_RS17395,SGL_RS11025,0.0892366442283389
SGL_RS03065,SGL_RS08465,0.0892350176498486
SGL_RS18290,SGL_RS12330,0.0892229550305864
SGL_RS04725,SGL_RS08660,0.0892165379615532
SGL_RS13130,SGL_RS02715,0.0892156757293032
SGL_RS16495,SGL_RS19775,0.0892103584331465
SGL_RS15585,SGL_RS04995,0.0892101356972066
SGL_RS00515,SGL_RS07720,0.0892087900544335
SGL_RS15805,SGL_RS02250,0.0892076300097526
SGL_RS11370,SGL_RS15270,0.0892055347401618
SGL_RS13820,SGL_RS11005,0.0891958884893365
SGL_RS00455,SGL_RS08320,0.0891866927686323
SGL_RS06340,SGL_RS16535,0.0891755409501039
SGL_RS04055,SGL_RS16750,0.0891738134462508
SGL_RS15805,SGL_RS11805,0.0891656890801852
SGL_RS15965,SGL_RS14800,0.0891512031920369
SGL_RS15245,SGL_RS14890,0.089139553538162
SGL_RS15210,SGL_RS11240,0.0891382682220609
SGL_RS08835,SGL_RS08330,0.0891351118439376
SGL_RS10820,SGL_RS10395,0.0891209118165647
SGL_RS06215,SGL_RS03385,0.0891174689264557
SGL_RS08080,SGL_RS03400,0.0891087734855754
SGL_RS04725,SGL_RS15030,0.0891084533082544
SGL_RS09285,SGL_RS15740,0.0891008473379709
SGL_RS12485,SGL_RS02790,0.0890998425554484
SGL_RS13820,SGL_RS05015,0.0890993295059729
SGL_RS08210,SGL_RS10960,0.0890991869843104
SGL_RS15805,SGL_RS03840,0.0890941938861786
SGL_RS12595,SGL_RS14315,0.0890935554084229
SGL_RS10820,SGL_RS04855,0.0890917025865841
SGL_RS11370,SGL_RS18040,0.0890899060394753
SGL_RS17395,SGL_RS02900,0.08908596853363
SGL_RS08835,SGL_RS13480,0.0890764951074665
SGL_RS15965,SGL_RS00225,0.0890743979484252
SGL_RS08210,SGL_RS15700,0.0890734762168819
SGL_RS15805,SGL_RS18280,0.0890709581361793
SGL_RS04055,SGL_RS15490,0.0890641512980841
SGL_RS17760,SGL_RS06575,0.0890624358211953
SGL_RS10820,SGL_RS03540,0.0890611539147782
SGL_RS06410,SGL_RS17655,0.089059947996853
SGL_RS17760,SGL_RS13210,0.0890438917623785
SGL_RS10605,SGL_RS06615,0.0890404736836754
SGL_RS04725,SGL_RS11915,0.0890381760201103
SGL_RS04615,SGL_RS09270,0.0890329939658043
SGL_RS06480,SGL_RS02540,0.0890312507116441
SGL_RS03065,SGL_RS12185,0.0890274160925064
SGL_RS12005,SGL_RS13205,0.0890262142833891
SGL_RS07730,SGL_RS07785,0.0890197844585159
SGL_RS17440,SGL_RS11685,0.0890190168355438
SGL_RS06080,SGL_RS10755,0.0890109306524419
SGL_RS00400,SGL_RS01060,0.0890108508361638
SGL_RS14385,SGL_RS09725,0.089009116862271
SGL_RS06215,SGL_RS17210,0.089007939093773
SGL_RS15210,SGL_RS02685,0.0889852906256328
SGL_RS10820,SGL_RS08850,0.088972623010085
SGL_RS00515,SGL_RS14990,0.0889672360205541
SGL_RS06080,SGL_RS04180,0.0889636708498103
SGL_RS02470,SGL_RS05775,0.0889608632060805
SGL_RS15210,SGL_RS18230,0.0889594463960293
SGL_RS08835,SGL_RS13210,0.0889533053689313
SGL_RS03065,SGL_RS05175,0.0889530603426675
SGL_RS01625,SGL_RS17705,0.0889396405231102
SGL_RS15585,SGL_RS14200,0.0889363795866397
SGL_RS15805,SGL_RS11780,0.0889239195604454
SGL_RS00400,SGL_RS06175,0.0889215938528877
SGL_RS03065,SGL_RS09200,0.0888994993275414
SGL_RS06340,SGL_RS05470,0.0888991439167983
SGL_RS17440,SGL_RS10520,0.0888940938638545
SGL_RS06410,SGL_RS07430,0.088890541615124
SGL_RS15805,SGL_RS09385,0.0888882881818334
SGL_RS13130,SGL_RS08800,0.088886820347512
SGL_RS17760,SGL_RS09710,0.08888580986922
SGL_RS08500,SGL_RS04610,0.0888802439006218
SGL_RS07730,SGL_RS19470,0.0888800683940168
SGL_RS15805,SGL_RS07645,0.0888798462281319
SGL_RS06410,SGL_RS06305,0.0888683216113693
SGL_RS13130,SGL_RS02225,0.088842811265005
SGL_RS17760,SGL_RS12165,0.0888336668871773
SGL_RS06480,SGL_RS12650,0.0888278767678473
SGL_RS06340,SGL_RS02120,0.0888168283380558
SGL_RS12430,SGL_RS05225,0.0888101491976215
SGL_RS15805,SGL_RS03940,0.0888064308691735
SGL_RS10605,SGL_RS08445,0.088803894831432
SGL_RS06410,SGL_RS14355,0.088785727479939
SGL_RS12430,SGL_RS11650,0.0887828425975699
SGL_RS09285,SGL_RS10955,0.0887824437362048
SGL_RS00455,SGL_RS09565,0.0887733355063324
SGL_RS11370,SGL_RS13795,0.0887689854986066
SGL_RS18290,SGL_RS18310,0.0887644995026975
SGL_RS04820,SGL_RS04900,0.0887630513510935
SGL_RS01625,SGL_RS11515,0.088759605582546
SGL_RS08835,SGL_RS17760,0.0887434999154701
SGL_RS18290,SGL_RS01740,0.0887242777214579
SGL_RS17760,SGL_RS16220,0.0887229050391916
SGL_RS00075,SGL_RS00700,0.0887014907213017
SGL_RS15805,SGL_RS13390,0.088692995488708
SGL_RS15210,SGL_RS06780,0.0886920981534281
SGL_RS08835,SGL_RS13645,0.0886881912923482
SGL_RS00400,SGL_RS19655,0.0886801211114386
SGL_RS04725,SGL_RS14290,0.0886714621565765
SGL_RS15805,SGL_RS18275,0.0886689360909042
SGL_RS12540,SGL_RS04770,0.0886689154414788
SGL_RS13820,SGL_RS08020,0.0886624071957134
SGL_RS16495,SGL_RS03690,0.088661810797139
SGL_RS02990,SGL_RS07775,0.0886466635164403
SGL_RS12430,SGL_RS06380,0.0886332881320433
SGL_RS10820,SGL_RS05085,0.0886310796243627
SGL_RS15805,SGL_RS06500,0.0886309413981475
SGL_RS04055,SGL_RS19595,0.0886238933322378
SGL_RS15805,SGL_RS09345,0.0886234305473847
SGL_RS14385,SGL_RS03230,0.0886191618853788
SGL_RS01980,SGL_RS00725,0.0886150756457968
SGL_RS03065,SGL_RS11610,0.0886129598790718
SGL_RS10605,SGL_RS11225,0.0886120708516701
SGL_RS01980,SGL_RS08955,0.0886108490648695
SGL_RS15210,SGL_RS07400,0.0886092056279291
SGL_RS15805,SGL_RS18425,0.0886074172072577
SGL_RS04820,SGL_RS03745,0.0886071266284698
SGL_RS12430,SGL_RS17540,0.0885941741692532
SGL_RS00400,SGL_RS09570,0.0885934226592669
SGL_RS01255,SGL_RS01285,0.0885915587126436
SGL_RS04055,SGL_RS01875,0.0885867559543177
SGL_RS07535,SGL_RS15275,0.0885849407656006
SGL_RS00400,SGL_RS09730,0.088582418148927
SGL_RS13130,SGL_RS06875,0.088581184037962
SGL_RS11370,SGL_RS02065,0.0885686229469152
SGL_RS15210,SGL_RS05235,0.0885644930448356
SGL_RS18290,SGL_RS03420,0.0885481492170933
SGL_RS01215,SGL_RS16160,0.0885419737461883
SGL_RS14385,SGL_RS09895,0.0885298023914854
SGL_RS15965,SGL_RS05305,0.088522306509316
SGL_RS10605,SGL_RS09215,0.0885220438852918
SGL_RS09285,SGL_RS10360,0.0885219446590089
SGL_RS09285,SGL_RS17220,0.0885193735883088
SGL_RS16495,SGL_RS07720,0.0885160523360661
SGL_RS01955,SGL_RS04375,0.0885151612597131
SGL_RS08500,SGL_RS12490,0.0885116691547629
SGL_RS03065,SGL_RS14500,0.0885056871486693
SGL_RS18290,SGL_RS11330,0.0884937548978948
SGL_RS13130,SGL_RS12150,0.0884868304653324
SGL_RS15965,SGL_RS03670,0.0884652671849832
SGL_RS04725,SGL_RS19055,0.0884603719062912
SGL_RS12430,SGL_RS07810,0.0884582049917949
SGL_RS00670,SGL_RS00275,0.0884578490403726
SGL_RS08835,SGL_RS04955,0.088457532223554
SGL_RS13820,SGL_RS15320,0.0884570697393973
SGL_RS12595,SGL_RS11795,0.0884482538991039
SGL_RS17395,SGL_RS08575,0.0884448387774112
SGL_RS11285,SGL_RS12100,0.0884428174454009
SGL_RS11985,SGL_RS04090,0.0884415877003723
SGL_RS13820,SGL_RS10600,0.0884405417018398
SGL_RS13820,SGL_RS09800,0.0884401304154053
SGL_RS01625,SGL_RS12590,0.0884295742248645
SGL_RS01215,SGL_RS01680,0.088428491083599
SGL_RS09285,SGL_RS00760,0.088417314526065
SGL_RS12005,SGL_RS05245,0.0884150806139203
SGL_RS08210,SGL_RS10575,0.0884147814944236
SGL_RS01955,SGL_RS00825,0.0884071530218789
SGL_RS08835,SGL_RS04230,0.0883993003242322
SGL_RS09285,SGL_RS17800,0.0883992942765895
SGL_RS12430,SGL_RS17180,0.0883955854502704
SGL_RS18290,SGL_RS04310,0.0883932688673189
SGL_RS01955,SGL_RS09530,0.0883919074699692
SGL_RS17760,SGL_RS03005,0.0883850274764589
SGL_RS13820,SGL_RS15435,0.0883848181075791
SGL_RS07730,SGL_RS14125,0.0883772493889454
SGL_RS17760,SGL_RS05550,0.0883757618698541
SGL_RS06080,SGL_RS19480,0.0883586795178461
SGL_RS17760,SGL_RS08445,0.0883553610002714
SGL_RS15245,SGL_RS03410,0.0883477656433216
SGL_RS17395,SGL_RS02940,0.0883464014922261
SGL_RS17760,SGL_RS14295,0.0883355574022
SGL_RS17760,SGL_RS14790,0.088333028805212
SGL_RS08210,SGL_RS11655,0.0883326750044498
SGL_RS15805,SGL_RS14630,0.0883284007351312
SGL_RS17395,SGL_RS11095,0.0883237723669166
SGL_RS04450,SGL_RS06115,0.0883126179687438
SGL_RS02510,SGL_RS06860,0.0883077376019712
SGL_RS09285,SGL_RS11800,0.0883075498757094
SGL_RS08080,SGL_RS05120,0.08830401838877
SGL_RS16080,SGL_RS20120,0.0883006153111562
SGL_RS02510,SGL_RS02190,0.0882989481303305
SGL_RS11370,SGL_RS11420,0.0882940723855378
SGL_RS09285,SGL_RS17005,0.0882892306481768
SGL_RS00400,SGL_RS02735,0.0882833304827111
SGL_RS15805,SGL_RS03440,0.0882636926204957
SGL_RS15965,SGL_RS00265,0.0882589853914644
SGL_RS08500,SGL_RS16670,0.0882508345319194
SGL_RS00400,SGL_RS11190,0.088236609586403
SGL_RS15805,SGL_RS17235,0.0882303290889082
SGL_RS16495,SGL_RS13920,0.0882245472293249
SGL_RS04450,SGL_RS07240,0.0882217789571042
SGL_RS01625,SGL_RS07155,0.0882097634531312
SGL_RS04450,SGL_RS14755,0.0882047381945391
SGL_RS15965,SGL_RS01125,0.0882003425860655
SGL_RS15805,SGL_RS13890,0.0881967015101093
SGL_RS09285,SGL_RS07200,0.0881916190633245
SGL_RS14385,SGL_RS15645,0.0881909324040604
SGL_RS15805,SGL_RS04745,0.0881899574392141
SGL_RS14610,SGL_RS15065,0.0881786087207467
SGL_RS04725,SGL_RS18305,0.0881765748219421
SGL_RS12595,SGL_RS11845,0.0881751053361239
SGL_RS15805,SGL_RS11360,0.0881744275138145
SGL_RS01625,SGL_RS19990,0.0881693469025182
SGL_RS15245,SGL_RS11295,0.088167029311769
SGL_RS11370,SGL_RS06205,0.0881657105707853
SGL_RS10755,SGL_RS01650,0.0881652271518592
SGL_RS04725,SGL_RS05670,0.0881596181504923
SGL_RS17395,SGL_RS11820,0.0881540283184754
SGL_RS12430,SGL_RS06705,0.0881525463793858
SGL_RS16495,SGL_RS18220,0.0881524280155423
SGL_RS07535,SGL_RS08210,0.0881515278667588
SGL_RS12430,SGL_RS06140,0.0881349482342651
SGL_RS10820,SGL_RS15830,0.0881237472637303
SGL_RS00400,SGL_RS11015,0.0881189020357247
SGL_RS03065,SGL_RS17465,0.088110464477973
SGL_RS12595,SGL_RS10155,0.0880979571801995
SGL_RS15965,SGL_RS00315,0.0880812309244666
SGL_RS04450,SGL_RS03270,0.0880788615498747
SGL_RS15210,SGL_RS07315,0.0880773863838147
SGL_RS17760,SGL_RS04675,0.0880637791295038
SGL_RS09285,SGL_RS14920,0.0880468162424993
SGL_RS12430,SGL_RS04760,0.0880374819798258
SGL_RS12595,SGL_RS11655,0.088031053542625
SGL_RS15210,SGL_RS15205,0.0880256114372319
SGL_RS15805,SGL_RS17100,0.0879876671207103
SGL_RS15210,SGL_RS10975,0.0879866453477323
SGL_RS15965,SGL_RS01220,0.0879761948306907
SGL_RS11370,SGL_RS18020,0.0879696919847638
SGL_RS03065,SGL_RS03375,0.0879692140396831
SGL_RS07730,SGL_RS19935,0.0879650700035073
SGL_RS00075,SGL_RS00620,0.0879574696030155
SGL_RS04450,SGL_RS11840,0.0879510358742849
SGL_RS06410,SGL_RS16415,0.0879505037436262
SGL_RS08500,SGL_RS02720,0.0879458377926934
SGL_RS14385,SGL_RS12015,0.0879423752044411
SGL_RS00455,SGL_RS01035,0.0879366628532161
SGL_RS08165,SGL_RS20110,0.0879350253807359
SGL_RS17395,SGL_RS15710,0.0879293416214526
SGL_RS12430,SGL_RS02550,0.0879253177338282
SGL_RS12430,SGL_RS04705,0.0879170486976287
SGL_RS01980,SGL_RS02055,0.0879156127544116
SGL_RS15210,SGL_RS16595,0.08791516695676
SGL_RS08835,SGL_RS07370,0.0879105269815794
SGL_RS15805,SGL_RS04455,0.0879057028112822
SGL_RS12005,SGL_RS00360,0.0879054050225584
SGL_RS17395,SGL_RS17300,0.0878906951058974
SGL_RS10605,SGL_RS05180,0.0878895909920695
SGL_RS12430,SGL_RS14060,0.087887624791689
SGL_RS15805,SGL_RS10595,0.0878864148130985
SGL_RS15805,SGL_RS02560,0.0878786459970742
SGL_RS07730,SGL_RS14510,0.0878757321047989
SGL_RS03065,SGL_RS06430,0.0878686506866074
SGL_RS06215,SGL_RS05725,0.087866830005517
SGL_RS15805,SGL_RS13505,0.087852927713402
SGL_RS00670,SGL_RS19675,0.0878443526625448
SGL_RS12005,SGL_RS00365,0.0878356550946355
SGL_RS07535,SGL_RS06240,0.0878305811516407
SGL_RS16495,SGL_RS08245,0.0878246212264456
SGL_RS15965,SGL_RS02135,0.0878243511612558
SGL_RS07730,SGL_RS17150,0.0878242730573565
SGL_RS02020,SGL_RS00705,0.0878018123311305
SGL_RS09285,SGL_RS10330,0.0878015763400253
SGL_RS00515,SGL_RS04495,0.087799713955924
SGL_RS04055,SGL_RS07885,0.0877848974541409
SGL_RS15245,SGL_RS13870,0.0877639797769572
SGL_RS03065,SGL_RS17905,0.0877629663556095
SGL_RS00455,SGL_RS03635,0.0877622128533299
SGL_RS06340,SGL_RS13970,0.0877546375361887
SGL_RS15965,SGL_RS14840,0.0877488105493806
SGL_RS04725,SGL_RS03010,0.087747441466827
SGL_RS06080,SGL_RS04345,0.0877397192359196
SGL_RS11985,SGL_RS14745,0.0877393917171925
SGL_RS06410,SGL_RS15000,0.087734785729197
SGL_RS00455,SGL_RS19655,0.0877318087480962
SGL_RS11985,SGL_RS11960,0.08773083402217
SGL_RS12430,SGL_RS14660,0.0877291499203325
SGL_RS06480,SGL_RS03780,0.0877264861926783
SGL_RS12595,SGL_RS02660,0.0877206136508802
SGL_RS04450,SGL_RS02975,0.0877119707660437
SGL_RS08500,SGL_RS12680,0.087711495021577
SGL_RS12430,SGL_RS07585,0.0877044593846036
SGL_RS09285,SGL_RS12615,0.0876983863880647
SGL_RS09285,SGL_RS02285,0.0876961356954128
SGL_RS01625,SGL_RS09870,0.0876960466614414
SGL_RS18290,SGL_RS13905,0.0876949797618271
SGL_RS15805,SGL_RS06605,0.0876815563204633
SGL_RS02990,SGL_RS14320,0.0876768032200361
SGL_RS00455,SGL_RS01605,0.0876705798467128
SGL_RS15805,SGL_RS12685,0.0876629124685923
SGL_RS14540,SGL_RS15835,0.0876596610744141
SGL_RS06215,SGL_RS12640,0.0876499325294677
SGL_RS00670,SGL_RS07075,0.0876430047056417
SGL_RS13130,SGL_RS18295,0.0876348948322655
SGL_RS06080,SGL_RS09930,0.0876249326181165
SGL_RS12595,SGL_RS17290,0.0876218258340351
SGL_RS07730,SGL_RS13325,0.0876179855307218
SGL_RS15805,SGL_RS12645,0.0876176916594343
SGL_RS02510,SGL_RS19610,0.0876139070743246
SGL_RS04055,SGL_RS03325,0.0876025546383628
SGL_RS10605,SGL_RS16625,0.0875997540785756
SGL_RS12595,SGL_RS02460,0.0875935411701988
SGL_RS04055,SGL_RS08470,0.0875931895990185
SGL_RS15310,SGL_RS06625,0.0875923796773856
SGL_RS03065,SGL_RS06550,0.0875894013757811
SGL_RS15210,SGL_RS11430,0.0875892094294617
SGL_RS00670,SGL_RS01445,0.0875831673993912
SGL_RS04725,SGL_RS18090,0.0875736653971154
SGL_RS17395,SGL_RS17125,0.0875719632845296
SGL_RS15965,SGL_RS09020,0.087568668391821
SGL_RS06215,SGL_RS06355,0.087568157437921
SGL_RS01980,SGL_RS00480,0.08756259826275
SGL_RS13130,SGL_RS15575,0.0875612456115832
SGL_RS15805,SGL_RS07165,0.0875533879405486
SGL_RS16495,SGL_RS18085,0.0875454368883612
SGL_RS12430,SGL_RS04285,0.0875316536423809
SGL_RS00515,SGL_RS15885,0.0875228490528129
SGL_RS16165,SGL_RS16175,0.0874980818736078
SGL_RS06480,SGL_RS09810,0.0874876224810394
SGL_RS11370,SGL_RS13625,0.087482732451983
SGL_RS04725,SGL_RS14830,0.0874783258270424
SGL_RS04055,SGL_RS14890,0.0874768368668496
SGL_RS16495,SGL_RS16500,0.087475332806159
SGL_RS15805,SGL_RS19800,0.0874742402260269
SGL_RS10605,SGL_RS08595,0.0874660362753615
SGL_RS07730,SGL_RS11510,0.087465858416885
SGL_RS15805,SGL_RS03175,0.0874568345133768
SGL_RS00455,SGL_RS15005,0.0874486850490464
SGL_RS02020,SGL_RS18340,0.0874359852165337
SGL_RS17760,SGL_RS17640,0.0874329939268487
SGL_RS10820,SGL_RS02360,0.08743264442909
SGL_RS04055,SGL_RS05265,0.0874273475800274
SGL_RS03065,SGL_RS03945,0.0874206027508969
SGL_RS08210,SGL_RS15380,0.0874202212809249
SGL_RS12005,SGL_RS02070,0.0874152503145395
SGL_RS04450,SGL_RS05970,0.0874133407821059
SGL_RS17760,SGL_RS10370,0.0874024032446466
SGL_RS06080,SGL_RS07780,0.0874011470373412
SGL_RS15245,SGL_RS19385,0.0873931191240076
SGL_RS13820,SGL_RS11600,0.0873673302414414
SGL_RS04615,SGL_RS02895,0.0873614130922156
SGL_RS15805,SGL_RS18175,0.087358009764166
SGL_RS13130,SGL_RS10540,0.087335995537618
SGL_RS08835,SGL_RS15685,0.0873339947154066
SGL_RS00400,SGL_RS11865,0.087326377312733
SGL_RS12595,SGL_RS04650,0.0873247510810734
SGL_RS04725,SGL_RS07485,0.0873232915916361
SGL_RS16495,SGL_RS09540,0.0873014393955907
SGL_RS15805,SGL_RS16845,0.0872986825384888
SGL_RS16495,SGL_RS11830,0.0872855609459206
SGL_RS17760,SGL_RS07135,0.0872842368921131
SGL_RS18290,SGL_RS03135,0.087281953195851
SGL_RS13820,SGL_RS02550,0.0872797835723925
SGL_RS01215,SGL_RS00890,0.0872770898988041
SGL_RS16165,SGL_RS17970,0.087275943425767
SGL_RS04820,SGL_RS03190,0.0872756252932094
SGL_RS15245,SGL_RS15525,0.0872702032247569
SGL_RS13130,SGL_RS00945,0.0872636410949543
SGL_RS12430,SGL_RS08510,0.0872616597646318
SGL_RS06410,SGL_RS07425,0.0872615710686201
SGL_RS06080,SGL_RS05995,0.0872603191724475
SGL_RS15805,SGL_RS07840,0.0872585081577735
SGL_RS06410,SGL_RS05800,0.0872315717585167
SGL_RS11985,SGL_RS13595,0.0872297453618444
SGL_RS15965,SGL_RS00545,0.0872232902540122
SGL_RS15965,SGL_RS09580,0.08720213559885
SGL_RS06215,SGL_RS03495,0.0872002220163162
SGL_RS07730,SGL_RS03410,0.0871996668698962
SGL_RS15805,SGL_RS07660,0.0871909826594479
SGL_RS01625,SGL_RS13070,0.0871845722567177
SGL_RS05150,SGL_RS06860,0.0871826354871372
SGL_RS02990,SGL_RS02855,0.0871720469651478
SGL_RS02020,SGL_RS10035,0.0871689603030328
SGL_RS08210,SGL_RS06645,0.0871565593720118
SGL_RS07975,SGL_RS16350,0.0871432236693786
SGL_RS08210,SGL_RS05105,0.0871371163990436
SGL_RS12430,SGL_RS04845,0.0871081020285868
SGL_RS11370,SGL_RS02985,0.0871065347344777
SGL_RS15965,SGL_RS14850,0.0871034308449613
SGL_RS12430,SGL_RS18120,0.0870995277920642
SGL_RS06340,SGL_RS11305,0.0870974706705972
SGL_RS07730,SGL_RS07725,0.0870933720680675
SGL_RS00320,SGL_RS00455,0.0870896651327074
SGL_RS00320,SGL_RS07955,0.0870868999964346
SGL_RS10820,SGL_RS14705,0.0870653774527449
SGL_RS07975,SGL_RS11440,0.0870535904196917
SGL_RS04450,SGL_RS02555,0.0870487005955716
SGL_RS00400,SGL_RS13585,0.0870459704490989
SGL_RS04725,SGL_RS13565,0.0870452161996981
SGL_RS08520,SGL_RS09885,0.0870449584016424
SGL_RS15965,SGL_RS11600,0.087038138662753
SGL_RS16165,SGL_RS00465,0.087037132421606
SGL_RS01255,SGL_RS02205,0.0870348724756159
SGL_RS15965,SGL_RS04910,0.08702789059701
SGL_RS06215,SGL_RS06985,0.0870275682043312
SGL_RS15805,SGL_RS12375,0.0870108768999228
SGL_RS17440,SGL_RS10895,0.087002295980246
SGL_RS01215,SGL_RS19355,0.0869972369337914
SGL_RS02990,SGL_RS06005,0.0869872612252797
SGL_RS18290,SGL_RS16880,0.0869840433655295
SGL_RS03065,SGL_RS12725,0.0869832070864577
SGL_RS15965,SGL_RS15960,0.0869819133529344
SGL_RS08835,SGL_RS11900,0.0869742650612599
SGL_RS11285,SGL_RS02870,0.086969604319205
SGL_RS12430,SGL_RS17670,0.0869694235561203
SGL_RS12430,SGL_RS16370,0.0869634203233194
SGL_RS17395,SGL_RS15310,0.0869604395869978
SGL_RS17245,SGL_RS17535,0.0869487481235346
SGL_RS06215,SGL_RS10780,0.0869453175689101
SGL_RS10605,SGL_RS14080,0.0869436232946424
SGL_RS00075,SGL_RS00355,0.0869264166165725
SGL_RS17760,SGL_RS04340,0.0869243170688011
SGL_RS04055,SGL_RS05970,0.0869242779712651
SGL_RS15210,SGL_RS04805,0.0869191737396646
SGL_RS06410,SGL_RS13420,0.0869138624671757
SGL_RS12430,SGL_RS15425,0.0869138173614874
SGL_RS04820,SGL_RS03750,0.0869124863128578
SGL_RS16495,SGL_RS16335,0.0869030479664577
SGL_RS00670,SGL_RS01065,0.0868992099742585
SGL_RS03065,SGL_RS08715,0.0868977055871225
SGL_RS17760,SGL_RS11270,0.0868899192813088
SGL_RS15805,SGL_RS11800,0.0868830307042179
SGL_RS17760,SGL_RS04255,0.0868779129028551
SGL_RS02020,SGL_RS01975,0.086871597853693
SGL_RS04615,SGL_RS10450,0.0868709095183569
SGL_RS00455,SGL_RS00350,0.0868628087575033
SGL_RS17760,SGL_RS11925,0.0868587500554538
SGL_RS12430,SGL_RS03470,0.0868552757506067
SGL_RS05150,SGL_RS04160,0.0868544246519102
SGL_RS08210,SGL_RS10155,0.0868459193176363
SGL_RS09285,SGL_RS00815,0.0868380114580311
SGL_RS12595,SGL_RS02665,0.0868358276667675
SGL_RS11985,SGL_RS16045,0.0868343733273197
SGL_RS10820,SGL_RS07325,0.0868230790660913
SGL_RS08835,SGL_RS14790,0.0868206525747989
SGL_RS03065,SGL_RS03060,0.0868139140966535
SGL_RS03065,SGL_RS14070,0.0868017257923216
SGL_RS17245,SGL_RS02365,0.0868002724313253
SGL_RS12595,SGL_RS14100,0.0867927610151445
SGL_RS01980,SGL_RS09530,0.0867885142820191
SGL_RS17395,SGL_RS02295,0.0867810766041388
SGL_RS03065,SGL_RS02405,0.0867771468558429
SGL_RS00400,SGL_RS08340,0.0867613098193171
SGL_RS08835,SGL_RS08020,0.0867547183609095
SGL_RS12430,SGL_RS07575,0.0867494981258544
SGL_RS07730,SGL_RS06760,0.0867487340002165
SGL_RS08210,SGL_RS01120,0.0867321538026763
SGL_RS17395,SGL_RS11280,0.0867248325794085
SGL_RS08210,SGL_RS11795,0.0867217732765651
SGL_RS02020,SGL_RS08960,0.0867184614264102
SGL_RS15805,SGL_RS00550,0.086712583941091
SGL_RS02020,SGL_RS01935,0.086705863651668
SGL_RS15805,SGL_RS07180,0.0867042002967576
SGL_RS00400,SGL_RS06960,0.0867039544554954
SGL_RS12430,SGL_RS14765,0.086702140747258
SGL_RS09285,SGL_RS16975,0.0867008512950552
SGL_RS08835,SGL_RS17755,0.0866898340978175
SGL_RS03065,SGL_RS08175,0.0866895394088958
SGL_RS14385,SGL_RS15360,0.086686167832632
SGL_RS04055,SGL_RS04585,0.0866839803515576
SGL_RS15805,SGL_RS09890,0.0866811139968551
SGL_RS01955,SGL_RS15475,0.0866740902330006
SGL_RS00455,SGL_RS06825,0.0866715829983142
SGL_RS01255,SGL_RS00795,0.0866655689660192
SGL_RS02990,SGL_RS08235,0.0866448255446686
SGL_RS12430,SGL_RS18300,0.086640612850245
SGL_RS01955,SGL_RS00500,0.0866356655664405
SGL_RS15805,SGL_RS08455,0.0866254409632919
SGL_RS13130,SGL_RS06500,0.0866247325230894
SGL_RS12430,SGL_RS08770,0.0866196850466823
SGL_RS15965,SGL_RS04300,0.0866179075733046
SGL_RS11835,SGL_RS14750,0.0866148214682434
SGL_RS13130,SGL_RS14535,0.0866002659468409
SGL_RS10605,SGL_RS19925,0.0865992038323642
SGL_RS00320,SGL_RS19390,0.0865928477219298
SGL_RS12430,SGL_RS02790,0.0865917211519165
SGL_RS15805,SGL_RS02615,0.0865911821538174
SGL_RS11285,SGL_RS06955,0.0865843568525421
SGL_RS12595,SGL_RS15740,0.0865806973087786
SGL_RS04450,SGL_RS12200,0.0865794437790747
SGL_RS00320,SGL_RS08730,0.0865711403492294
SGL_RS13130,SGL_RS06460,0.0865645938257025
SGL_RS02510,SGL_RS09090,0.0865627248710735
SGL_RS00320,SGL_RS05070,0.0865561600201266
SGL_RS12430,SGL_RS10665,0.0865510307310977
SGL_RS15805,SGL_RS05665,0.0865510031092225
SGL_RS17245,SGL_RS07320,0.0865505573447351
SGL_RS11285,SGL_RS05520,0.0865463717291463
SGL_RS00400,SGL_RS11665,0.0865462292776866
SGL_RS15245,SGL_RS10530,0.0865389470949756
SGL_RS10605,SGL_RS08425,0.0865256620397172
SGL_RS01980,SGL_RS02170,0.0865236798514805
SGL_RS15210,SGL_RS10810,0.0865210491563637
SGL_RS12005,SGL_RS05090,0.0865205796625805
SGL_RS12430,SGL_RS02970,0.0865166197340592
SGL_RS09285,SGL_RS15595,0.0865161431780657
SGL_RS04055,SGL_RS12540,0.0865144693206062
SGL_RS14385,SGL_RS02490,0.0865126259447159
SGL_RS17245,SGL_RS14560,0.0865116475494636
SGL_RS12430,SGL_RS09925,0.0864991677466195
SGL_RS15965,SGL_RS00600,0.0864959643312147
SGL_RS04725,SGL_RS17045,0.0864859154437688
SGL_RS04055,SGL_RS03270,0.0864842243592707
SGL_RS10820,SGL_RS08585,0.0864822310460064
SGL_RS15805,SGL_RS03060,0.0864819642018819
SGL_RS06080,SGL_RS17205,0.086477632801253
SGL_RS16495,SGL_RS07525,0.086475726488438
SGL_RS12430,SGL_RS06760,0.0864680227875241
SGL_RS14385,SGL_RS15160,0.0864650693522657
SGL_RS11370,SGL_RS05765,0.0864591172486458
SGL_RS11835,SGL_RS06515,0.0864522570131621
SGL_RS15965,SGL_RS17950,0.0864496392398672
SGL_RS13130,SGL_RS01920,0.0864461868676373
SGL_RS04450,SGL_RS09950,0.086445225449594
SGL_RS10820,SGL_RS15670,0.0864319557740258
SGL_RS03065,SGL_RS07650,0.0864291897907473
SGL_RS12430,SGL_RS13465,0.0864232859027434
SGL_RS14385,SGL_RS16775,0.0864227919740623
SGL_RS06080,SGL_RS06910,0.0864216721485056
SGL_RS06340,SGL_RS10240,0.0864050934723353
SGL_RS04055,SGL_RS18335,0.0864028409530065
SGL_RS12005,SGL_RS14710,0.0864020237846264
SGL_RS00400,SGL_RS00580,0.0863938273482203
SGL_RS12430,SGL_RS18655,0.086391859484666
SGL_RS17395,SGL_RS05970,0.0863842414369736
SGL_RS10605,SGL_RS14570,0.0863824014926802
SGL_RS11370,SGL_RS07980,0.0863787743237765
SGL_RS01955,SGL_RS05600,0.0863775385353547
SGL_RS11835,SGL_RS06535,0.0863726454546413
SGL_RS04615,SGL_RS16455,0.0863699907317795
SGL_RS04055,SGL_RS10300,0.0863437818999317
SGL_RS04450,SGL_RS06150,0.0863412443447007
SGL_RS17395,SGL_RS08500,0.0863360876434852
SGL_RS09285,SGL_RS07710,0.0863111108253681
SGL_RS07730,SGL_RS06560,0.0863107986721023
SGL_RS15805,SGL_RS16850,0.086307054621518
SGL_RS01625,SGL_RS17375,0.0862951010866558
SGL_RS10605,SGL_RS19450,0.0862934693450037
SGL_RS00400,SGL_RS04225,0.0862933131360155
SGL_RS00400,SGL_RS19770,0.0862644581632089
SGL_RS04615,SGL_RS12350,0.0862621453801339
SGL_RS08210,SGL_RS18195,0.0862555449282242
SGL_RS17395,SGL_RS17805,0.0862511238172649
SGL_RS08500,SGL_RS15455,0.0862471595231942
SGL_RS17440,SGL_RS05690,0.0862282278169745
SGL_RS12430,SGL_RS18195,0.0862165264347122
SGL_RS06215,SGL_RS11130,0.0862016893535596
SGL_RS00320,SGL_RS09445,0.0861889011129604
SGL_RS12430,SGL_RS13230,0.0861883856465696
SGL_RS00320,SGL_RS16955,0.0861854996688452
SGL_RS17395,SGL_RS14940,0.0861530328872675
SGL_RS04055,SGL_RS07525,0.0861454894619245
SGL_RS09285,SGL_RS18710,0.0861413558988352
SGL_RS10820,SGL_RS14185,0.0861366584654544
SGL_RS12595,SGL_RS13680,0.0861306339167816
SGL_RS06215,SGL_RS19955,0.0861278386995522
SGL_RS00400,SGL_RS05060,0.0861211879083717
SGL_RS11370,SGL_RS03820,0.0861133832309874
SGL_RS18290,SGL_RS07045,0.0861088454370769
SGL_RS17395,SGL_RS13845,0.086100281260596
SGL_RS12595,SGL_RS12400,0.0860928804215958
SGL_RS17395,SGL_RS02855,0.0860902069632457
SGL_RS15210,SGL_RS13435,0.0860757986781604
SGL_RS09285,SGL_RS03305,0.0860742094058912
SGL_RS17395,SGL_RS12350,0.0860696279514197
SGL_RS10820,SGL_RS10285,0.0860669885283384
SGL_RS06410,SGL_RS03865,0.0860662357495955
SGL_RS18290,SGL_RS15285,0.086065736673393
SGL_RS00455,SGL_RS01445,0.0860490946992005
SGL_RS08500,SGL_RS18310,0.0860421038748241
SGL_RS04820,SGL_RS03765,0.0860402328703898
SGL_RS01625,SGL_RS14905,0.0860400738720043
SGL_RS09285,SGL_RS07145,0.0860382112226108
SGL_RS00400,SGL_RS19430,0.0860304536021097
SGL_RS09285,SGL_RS04465,0.0860293398169222
SGL_RS04055,SGL_RS00850,0.0860284080520315
SGL_RS09285,SGL_RS13000,0.0860251844454446
SGL_RS15965,SGL_RS04710,0.0860218737409545
SGL_RS17120,SGL_RS16900,0.0860187243387658
SGL_RS02020,SGL_RS10815,0.0860166572590412
SGL_RS06340,SGL_RS15155,0.0860130381892268
SGL_RS13130,SGL_RS09700,0.0860107995281424
SGL_RS15965,SGL_RS00720,0.086008032999393
SGL_RS08210,SGL_RS06240,0.0860029075190432
SGL_RS01980,SGL_RS00435,0.0860021868456798
SGL_RS01955,SGL_RS00060,0.0859994435451457
SGL_RS00400,SGL_RS00190,0.0859939120718045
SGL_RS17440,SGL_RS18960,0.0859932412738685
SGL_RS15585,SGL_RS11200,0.0859913234428561
SGL_RS11985,SGL_RS02410,0.0859860601334091
SGL_RS00320,SGL_RS15010,0.0859800620226579
SGL_RS17760,SGL_RS17900,0.0859760492378961
SGL_RS15210,SGL_RS07035,0.085974625732746
SGL_RS10605,SGL_RS11795,0.085964258870196
SGL_RS13130,SGL_RS05100,0.0859641747645174
SGL_RS02990,SGL_RS19960,0.0859627837298081
SGL_RS04450,SGL_RS15665,0.0859596471646755
SGL_RS04055,SGL_RS10410,0.085951219719508
SGL_RS12595,SGL_RS06455,0.0859475597157778
SGL_RS01980,SGL_RS05375,0.085941279177235
SGL_RS04055,SGL_RS09260,0.0859347163322167
SGL_RS15965,SGL_RS00275,0.0859337067474377
SGL_RS00400,SGL_RS01090,0.085930904005804
SGL_RS14385,SGL_RS08790,0.0859214865328438
SGL_RS12430,SGL_RS02570,0.0859068289624488
SGL_RS09285,SGL_RS02095,0.0858982843592798
SGL_RS15805,SGL_RS02240,0.0858959602308309
SGL_RS17395,SGL_RS11990,0.0858827148329481
SGL_RS02990,SGL_RS16535,0.0858811726687203
SGL_RS14385,SGL_RS01940,0.0858654537972287
SGL_RS17245,SGL_RS05930,0.0858473709054545
SGL_RS12430,SGL_RS07250,0.0858339095474924
SGL_RS13820,SGL_RS17905,0.0858254277486698
SGL_RS17760,SGL_RS17695,0.0858131095761953
SGL_RS03065,SGL_RS17735,0.0858110668907399
SGL_RS00455,SGL_RS00675,0.0858063668833571
SGL_RS08845,SGL_RS06285,0.085806320975136
SGL_RS00400,SGL_RS09535,0.0857979591422189
SGL_RS10605,SGL_RS14325,0.085788132063479
SGL_RS10605,SGL_RS07625,0.0857867655498964
SGL_RS17395,SGL_RS17185,0.0857849906741562
SGL_RS08835,SGL_RS05205,0.0857848757180289
SGL_RS13820,SGL_RS02925,0.0857680466250664
SGL_RS17395,SGL_RS16930,0.085763837116086
SGL_RS03065,SGL_RS16745,0.0857513469371581
SGL_RS18290,SGL_RS10270,0.0857498660393131
SGL_RS11370,SGL_RS13790,0.0857453481194803
SGL_RS08500,SGL_RS15135,0.0857310455046757
SGL_RS17120,SGL_RS14350,0.0857062470959389
SGL_RS15965,SGL_RS11270,0.0856949705205606
SGL_RS00670,SGL_RS00700,0.0856926252620599
SGL_RS00455,SGL_RS00050,0.0856858642826122
SGL_RS08835,SGL_RS13355,0.0856850382003163
SGL_RS04450,SGL_RS07900,0.0856807762192855
SGL_RS12430,SGL_RS10125,0.0856745419798602
SGL_RS10820,SGL_RS02040,0.0856726329299916
SGL_RS03065,SGL_RS17835,0.0856688422171382
SGL_RS12595,SGL_RS02315,0.0856685662864028
SGL_RS01980,SGL_RS02520,0.0856674174068205
SGL_RS04055,SGL_RS01265,0.0856604801767326
SGL_RS12430,SGL_RS14790,0.0856597136282651
SGL_RS11285,SGL_RS09720,0.0856586262949689
SGL_RS17760,SGL_RS09990,0.0856578586240988
SGL_RS12595,SGL_RS12945,0.0856561210591951
SGL_RS10605,SGL_RS16805,0.085655239944575
SGL_RS06080,SGL_RS19400,0.085644903510734
SGL_RS14540,SGL_RS11095,0.0856405903833435
SGL_RS12430,SGL_RS13705,0.0856325711167967
SGL_RS03065,SGL_RS08735,0.0856322464638449
SGL_RS16495,SGL_RS13855,0.0856303209518514
SGL_RS00455,SGL_RS17980,0.0856173605507116
SGL_RS15805,SGL_RS08060,0.0856139471852296
SGL_RS06480,SGL_RS18255,0.0855949624405268
SGL_RS12430,SGL_RS09715,0.085593615711731
SGL_RS03065,SGL_RS03145,0.0855912143800028
SGL_RS06215,SGL_RS13635,0.0855838118807446
SGL_RS08500,SGL_RS17510,0.0855816687463606
SGL_RS15965,SGL_RS17365,0.0855761688125566
SGL_RS11370,SGL_RS02825,0.0855424125993323
SGL_RS15805,SGL_RS04750,0.0855368826332554
SGL_RS00320,SGL_RS01575,0.0855352000552742
SGL_RS03065,SGL_RS13935,0.0855334650715473
SGL_RS13130,SGL_RS02840,0.0855303398591157
SGL_RS04615,SGL_RS06115,0.0855268060824606
SGL_RS08500,SGL_RS17540,0.0855152116462783
SGL_RS11285,SGL_RS01915,0.0854950895526356
SGL_RS04055,SGL_RS11785,0.0854923952044232
SGL_RS15805,SGL_RS13135,0.0854851442384453
SGL_RS00320,SGL_RS15520,0.0854757103985842
SGL_RS07535,SGL_RS17505,0.0854669253909231
SGL_RS04450,SGL_RS12055,0.0854635957598788
SGL_RS12005,SGL_RS00925,0.0854612943124662
SGL_RS14540,SGL_RS08950,0.0854609624533025
SGL_RS01215,SGL_RS01290,0.0854561644415981
SGL_RS15805,SGL_RS02285,0.0854431246382416
SGL_RS14385,SGL_RS10085,0.0854402154232373
SGL_RS17395,SGL_RS13145,0.0854384224666361
SGL_RS12430,SGL_RS03135,0.0854118293122845
SGL_RS04450,SGL_RS04520,0.0854115501310507
SGL_RS17395,SGL_RS14320,0.0854050446297128
SGL_RS09285,SGL_RS06680,0.085399639276276
SGL_RS15965,SGL_RS14830,0.0853983833281767
SGL_RS07730,SGL_RS16715,0.0853805913482487
SGL_RS08210,SGL_RS02455,0.085374640338932
SGL_RS08500,SGL_RS10665,0.0853424325440043
SGL_RS08835,SGL_RS13935,0.0853422846445715
SGL_RS15805,SGL_RS13530,0.0853398888588133
SGL_RS15215,SGL_RS14330,0.0853398329996495
SGL_RS08040,SGL_RS18130,0.0853353403159034
SGL_RS11370,SGL_RS12055,0.0853335006383205
SGL_RS12430,SGL_RS15790,0.0853313839630786
SGL_RS09285,SGL_RS18035,0.0853243594957975
SGL_RS14385,SGL_RS11385,0.0853089532247826
SGL_RS06410,SGL_RS10925,0.0853032027069315
SGL_RS04450,SGL_RS05955,0.0852941277854644
SGL_RS00400,SGL_RS11930,0.0852787698410085
SGL_RS09285,SGL_RS12065,0.0852763177691312
SGL_RS15965,SGL_RS13585,0.0852698949616608
SGL_RS15805,SGL_RS11995,0.0852653686592963
SGL_RS17760,SGL_RS08680,0.0852649670048568
SGL_RS11835,SGL_RS14940,0.0852628922366152
SGL_RS12430,SGL_RS17045,0.0852578931355648
SGL_RS02990,SGL_RS08895,0.0852571955615643
SGL_RS02990,SGL_RS03770,0.0852534650270585
SGL_RS00455,SGL_RS18510,0.0852508240862868
SGL_RS13130,SGL_RS05000,0.0852397744976302
SGL_RS09285,SGL_RS13735,0.0852388098552157
SGL_RS17395,SGL_RS17075,0.0852370288422099
SGL_RS12430,SGL_RS16950,0.0852276323833527
SGL_RS10820,SGL_RS04255,0.0852239647899804
SGL_RS17440,SGL_RS13030,0.0852179091525491
SGL_RS08210,SGL_RS16980,0.0852128603071402
SGL_RS16495,SGL_RS19580,0.0852118158068704
SGL_RS14385,SGL_RS02530,0.0852061926312545
SGL_RS04055,SGL_RS02805,0.0852023348529877
SGL_RS12595,SGL_RS02395,0.0851988593047067
SGL_RS11370,SGL_RS13215,0.0851955335616368
SGL_RS03065,SGL_RS05975,0.0851888938384403
SGL_RS08210,SGL_RS08930,0.0851869794110819
SGL_RS16495,SGL_RS00045,0.085182025965109
SGL_RS10820,SGL_RS09210,0.0851813280315225
SGL_RS04055,SGL_RS11420,0.0851738988237225
SGL_RS17395,SGL_RS10505,0.0851616552143133
SGL_RS16495,SGL_RS06725,0.0851553942885441
SGL_RS04725,SGL_RS06055,0.0851534864676154
SGL_RS08210,SGL_RS16075,0.0851419529827166
SGL_RS15965,SGL_RS00245,0.0851358037349465
SGL_RS14385,SGL_RS11945,0.0851347681587798
SGL_RS06340,SGL_RS00800,0.085132252892434
SGL_RS06215,SGL_RS07155,0.0851316715554701
SGL_RS04725,SGL_RS14115,0.0851283119687219
SGL_RS00455,SGL_RS02170,0.0851272215657164
SGL_RS01955,SGL_RS01980,0.0851265189641552
SGL_RS15805,SGL_RS15360,0.0851259511991027
SGL_RS15805,SGL_RS01000,0.0851203399237071
SGL_RS11285,SGL_RS04480,0.0851137171475596
SGL_RS04615,SGL_RS16520,0.0851115157758506
SGL_RS09285,SGL_RS13330,0.0850994816427661
SGL_RS14610,SGL_RS09150,0.0850909278856771
SGL_RS17760,SGL_RS00915,0.0850886952599498
SGL_RS17760,SGL_RS07085,0.0850869380246243
SGL_RS17395,SGL_RS16670,0.0850776831108677
SGL_RS18290,SGL_RS04710,0.0850769140971737
SGL_RS02990,SGL_RS12155,0.0850747743046612
SGL_RS12430,SGL_RS07770,0.0850655147520806
SGL_RS15805,SGL_RS00820,0.0850640143578788
SGL_RS02990,SGL_RS19985,0.0850629941745041
SGL_RS14540,SGL_RS17240,0.0850531478262085
SGL_RS04055,SGL_RS09155,0.0850382400369623
SGL_RS15805,SGL_RS08535,0.0850303625141501
SGL_RS02470,SGL_RS04740,0.0850274184155655
SGL_RS08835,SGL_RS14715,0.085024965996737
SGL_RS14385,SGL_RS14335,0.0850120708784331
SGL_RS09285,SGL_RS08755,0.0849945575484539
SGL_RS17245,SGL_RS16910,0.084990632388928
SGL_RS02020,SGL_RS17030,0.0849834457842258
SGL_RS15805,SGL_RS13550,0.0849814008723024
SGL_RS06215,SGL_RS11740,0.0849809917483046
SGL_RS08500,SGL_RS16945,0.08496862891391
SGL_RS15805,SGL_RS10960,0.0849663862405197
SGL_RS15965,SGL_RS10060,0.0849641510793825
SGL_RS11370,SGL_RS05860,0.0849600440234348
SGL_RS08500,SGL_RS03965,0.0849512118600663
SGL_RS11985,SGL_RS18645,0.0849476054623146
SGL_RS04820,SGL_RS12435,0.0849455719340828
SGL_RS10820,SGL_RS00905,0.0849418052611001
SGL_RS06410,SGL_RS12045,0.0849367132247419
SGL_RS10820,SGL_RS17990,0.0849334770623798
SGL_RS02020,SGL_RS15385,0.0849283423454698
SGL_RS15805,SGL_RS17415,0.0849237910952861
SGL_RS18290,SGL_RS14085,0.084923191689365
SGL_RS07535,SGL_RS05175,0.0849111828116466
SGL_RS15965,SGL_RS16400,0.0849096090169541
SGL_RS15965,SGL_RS17160,0.0849001011420997
SGL_RS15805,SGL_RS02450,0.0848952310782849
SGL_RS04725,SGL_RS05080,0.0848938890300682
SGL_RS12430,SGL_RS09800,0.0848898450012383
SGL_RS08835,SGL_RS14845,0.0848694822386283
SGL_RS09285,SGL_RS11230,0.0848667851574315
SGL_RS15965,SGL_RS15925,0.0848616320595152
SGL_RS17760,SGL_RS05520,0.084857237219904
SGL_RS10820,SGL_RS16325,0.0848482639063047
SGL_RS06215,SGL_RS12735,0.0848459633835361
SGL_RS06340,SGL_RS17430,0.0848305057985974
SGL_RS06340,SGL_RS17575,0.0848284119278246
SGL_RS17395,SGL_RS14930,0.0848190764404242
SGL_RS15805,SGL_RS15565,0.0848078163135424
SGL_RS14385,SGL_RS03455,0.0848035354716451
SGL_RS10820,SGL_RS04520,0.0848016816072961
SGL_RS10755,SGL_RS16240,0.0847988695875967
SGL_RS17760,SGL_RS13465,0.0847965843095849
SGL_RS15965,SGL_RS18250,0.0847944855618798
SGL_RS10605,SGL_RS07820,0.0847930927959675
SGL_RS12005,SGL_RS05685,0.0847873872280383
SGL_RS04450,SGL_RS13790,0.084785980758727
SGL_RS14385,SGL_RS07970,0.0847834546032086
SGL_RS15245,SGL_RS11750,0.0847735900319189
SGL_RS12430,SGL_RS02610,0.0847654907561747
SGL_RS12595,SGL_RS17565,0.0847637961886666
SGL_RS05150,SGL_RS08900,0.084763205369346
SGL_RS12430,SGL_RS17090,0.0847495508724966
SGL_RS10605,SGL_RS12600,0.0847398762812328
SGL_RS15965,SGL_RS01135,0.0847375180033327
SGL_RS06215,SGL_RS18280,0.0847341928326067
SGL_RS08165,SGL_RS09005,0.0847323168594115
SGL_RS01955,SGL_RS00755,0.084731928295472
SGL_RS11285,SGL_RS13465,0.0847316967130615
SGL_RS00515,SGL_RS09670,0.0847274126537032
SGL_RS10820,SGL_RS01570,0.084725744373881
SGL_RS17245,SGL_RS08080,0.0846948687043449
SGL_RS11985,SGL_RS13260,0.0846865230025149
SGL_RS18290,SGL_RS06535,0.0846721686786894
SGL_RS12430,SGL_RS00490,0.0846598578793656
SGL_RS15310,SGL_RS10850,0.0846594718252362
SGL_RS00400,SGL_RS10060,0.0846515138411981
SGL_RS03065,SGL_RS15390,0.0846509630884034
SGL_RS01980,SGL_RS03610,0.0846462511161884
SGL_RS06215,SGL_RS14445,0.0846362577223855
SGL_RS10605,SGL_RS03275,0.0846322014291731
SGL_RS10820,SGL_RS11675,0.0846277669082747
SGL_RS04615,SGL_RS08635,0.0846181917006074
SGL_RS17440,SGL_RS04890,0.0846128939319966
SGL_RS04615,SGL_RS13910,0.0846121622144974
SGL_RS15965,SGL_RS03665,0.0846055597298101
SGL_RS15210,SGL_RS02600,0.0846040547724398
SGL_RS11285,SGL_RS07495,0.0846008400870875
SGL_RS01625,SGL_RS08760,0.0845973213270039
SGL_RS05150,SGL_RS16330,0.0845919248650027
SGL_RS17245,SGL_RS05815,0.0845905619006703
SGL_RS01625,SGL_RS07335,0.0845797313811989
SGL_RS14540,SGL_RS18280,0.0845781280639467
SGL_RS01980,SGL_RS10375,0.084571896967403
SGL_RS04725,SGL_RS04255,0.0845701400528104
SGL_RS12430,SGL_RS14500,0.0845578036871902
SGL_RS16495,SGL_RS10060,0.0845544993688474
SGL_RS12595,SGL_RS08795,0.084553059881789
SGL_RS12595,SGL_RS11825,0.0845521375495483
SGL_RS12595,SGL_RS02230,0.0845518099128975
SGL_RS03065,SGL_RS06070,0.0845460400315034
SGL_RS05150,SGL_RS17660,0.0845437804380842
SGL_RS02990,SGL_RS07125,0.084535040047039
SGL_RS07730,SGL_RS06380,0.0845334642617128
SGL_RS15805,SGL_RS06415,0.0845117103776625
SGL_RS08500,SGL_RS02625,0.0845101702303779
SGL_RS17760,SGL_RS07890,0.0844983629897929
SGL_RS03065,SGL_RS15380,0.0844956767132138
SGL_RS10755,SGL_RS18970,0.0844927015504408
SGL_RS17245,SGL_RS05840,0.0844754245222843
SGL_RS04055,SGL_RS11645,0.0844688926799553
SGL_RS13130,SGL_RS03030,0.0844685394192671
SGL_RS06080,SGL_RS13345,0.0844659421587648
SGL_RS10605,SGL_RS06375,0.0844644395765632
SGL_RS17120,SGL_RS10195,0.0844638871709837
SGL_RS11370,SGL_RS07150,0.0844602429713362
SGL_RS10605,SGL_RS06950,0.0844587909312518
SGL_RS03065,SGL_RS16680,0.0844501341832755
SGL_RS11370,SGL_RS03280,0.0844484091132617
SGL_RS07535,SGL_RS15470,0.0844469319753802
SGL_RS04615,SGL_RS03465,0.0844465749391563
SGL_RS04055,SGL_RS08160,0.084444218782291
SGL_RS15805,SGL_RS14105,0.0844366963535447
SGL_RS11285,SGL_RS07205,0.0844293286872136
SGL_RS17395,SGL_RS02100,0.0844094735311541
SGL_RS09285,SGL_RS10340,0.0844053972118576
SGL_RS12430,SGL_RS10105,0.0843859184897651
SGL_RS04055,SGL_RS07765,0.0843843742492252
SGL_RS02990,SGL_RS05280,0.0843780191608528
SGL_RS18290,SGL_RS19580,0.0843693041934755
SGL_RS10820,SGL_RS07355,0.0843688368262254
SGL_RS08835,SGL_RS04135,0.0843598862880548
SGL_RS15805,SGL_RS16645,0.0843574066978733
SGL_RS12430,SGL_RS13220,0.0843566123231186
SGL_RS01625,SGL_RS08410,0.0843563766706945
SGL_RS08520,SGL_RS16205,0.0843517638747344
SGL_RS04615,SGL_RS16810,0.0843447658267051
SGL_RS15965,SGL_RS03595,0.08434264751007
SGL_RS10820,SGL_RS05195,0.0843413615818436
SGL_RS00320,SGL_RS19005,0.084336828949411
SGL_RS10820,SGL_RS10805,0.0843220961188741
