regulatoryGene,targetGene,weight
SGL_RS12540,SGL_RS04040,0.176013241688141
SGL_RS06410,SGL_RS05240,0.169642509819424
SGL_RS01980,SGL_RS01985,0.165961748067801
SGL_RS06410,SGL_RS14825,0.16128808057324
SGL_RS12540,SGL_RS08225,0.160303905015044
SGL_RS15585,SGL_RS08390,0.156619464589068
SGL_RS15585,SGL_RS03830,0.15474045877083
SGL_RS06410,SGL_RS12130,0.154475877859034
SGL_RS06410,SGL_RS12135,0.154443877434719
SGL_RS12430,SGL_RS02250,0.152603719265366
SGL_RS15585,SGL_RS08395,0.151314181299935
SGL_RS02020,SGL_RS01990,0.150944777426579
SGL_RS00320,SGL_RS14150,0.150823478352691
SGL_RS08165,SGL_RS08160,0.150005810102439
SGL_RS00320,SGL_RS00350,0.149601581141617
SGL_RS14610,SGL_RS10460,0.149082186132249
SGL_RS00515,SGL_RS16495,0.146615709699782
SGL_RS06410,SGL_RS07375,0.146564718449738
SGL_RS12540,SGL_RS10760,0.146466854984006
SGL_RS06410,SGL_RS09810,0.14625981714973
SGL_RS06410,SGL_RS06480,0.145113093611312
SGL_RS06410,SGL_RS05250,0.145109592287742
SGL_RS15210,SGL_RS11735,0.14473386530791
SGL_RS00075,SGL_RS07460,0.144722953700333
SGL_RS15805,SGL_RS08230,0.144465229997991
SGL_RS08165,SGL_RS08155,0.144155846015757
SGL_RS07740,SGL_RS03235,0.143711442023606
SGL_RS00400,SGL_RS00475,0.143512893198331
SGL_RS15585,SGL_RS14190,0.143377739900592
SGL_RS15585,SGL_RS08400,0.14233804864668
SGL_RS17760,SGL_RS04920,0.142071386924684
SGL_RS02020,SGL_RS02010,0.141983490347822
SGL_RS02020,SGL_RS02015,0.141672459602596
SGL_RS06410,SGL_RS06780,0.141112093581901
SGL_RS06410,SGL_RS08580,0.140628296818614
SGL_RS16495,SGL_RS03725,0.1406249220864
SGL_RS06410,SGL_RS07395,0.140216731455514
SGL_RS08080,SGL_RS08085,0.139689250498204
SGL_RS00400,SGL_RS00370,0.13966297089142
SGL_RS00320,SGL_RS11705,0.139593268763011
SGL_RS15210,SGL_RS07415,0.139271611625052
SGL_RS00515,SGL_RS10135,0.139133288084736
SGL_RS00075,SGL_RS11185,0.138965858329775
SGL_RS00515,SGL_RS00535,0.138721882047909
SGL_RS07740,SGL_RS11470,0.138443579199988
SGL_RS02020,SGL_RS17815,0.138372466045799
SGL_RS00455,SGL_RS00920,0.137953837442098
SGL_RS15805,SGL_RS15150,0.137431542167798
SGL_RS16495,SGL_RS00515,0.136858697243301
SGL_RS06410,SGL_RS09745,0.136652463956962
SGL_RS06410,SGL_RS05235,0.136636865783498
SGL_RS16080,SGL_RS16085,0.136155912580613
SGL_RS00400,SGL_RS00335,0.136030197365618
SGL_RS06480,SGL_RS04665,0.135685274756421
SGL_RS18290,SGL_RS06665,0.13564516504347
SGL_RS07730,SGL_RS07735,0.135403248717914
SGL_RS06410,SGL_RS06485,0.135378267031754
SGL_RS06215,SGL_RS06210,0.135147546675295
SGL_RS07975,SGL_RS14350,0.134836725508941
SGL_RS06410,SGL_RS08200,0.134800859667365
SGL_RS06410,SGL_RS04660,0.134726761766657
SGL_RS15210,SGL_RS06775,0.134592189800053
SGL_RS00400,SGL_RS00275,0.134461269417306
SGL_RS06410,SGL_RS07400,0.134385444573984
SGL_RS00455,SGL_RS01040,0.134270905872235
SGL_RS00455,SGL_RS00940,0.13415318086272
SGL_RS16495,SGL_RS18320,0.133866816632987
SGL_RS06410,SGL_RS09760,0.133832865585102
SGL_RS15805,SGL_RS03125,0.133723357296401
SGL_RS00075,SGL_RS00065,0.133665757882147
SGL_RS12430,SGL_RS11780,0.132808920908759
SGL_RS15210,SGL_RS02880,0.132466134849323
SGL_RS12540,SGL_RS11615,0.132441768017406
SGL_RS00320,SGL_RS11030,0.132379942605112
SGL_RS06410,SGL_RS08205,0.132281673928089
SGL_RS00455,SGL_RS01430,0.132018770702971
SGL_RS06410,SGL_RS15635,0.131982902191005
SGL_RS00400,SGL_RS00280,0.131543348818223
SGL_RS02470,SGL_RS10935,0.131384244766122
SGL_RS06410,SGL_RS04670,0.131290541156809
SGL_RS06480,SGL_RS12125,0.131260977032541
SGL_RS00400,SGL_RS15685,0.131171081058466
SGL_RS00455,SGL_RS00945,0.13109027657489
SGL_RS17120,SGL_RS06010,0.130969514737174
SGL_RS14165,SGL_RS14170,0.130967855345162
SGL_RS06410,SGL_RS13460,0.130925993451377
SGL_RS00515,SGL_RS00590,0.130422156371053
SGL_RS15965,SGL_RS04945,0.130359068813498
SGL_RS02020,SGL_RS01985,0.130149682783016
SGL_RS00320,SGL_RS15185,0.130051057021379
SGL_RS15805,SGL_RS08410,0.129903950732121
SGL_RS06215,SGL_RS05845,0.129768921878156
SGL_RS06410,SGL_RS08525,0.129681422150568
SGL_RS02470,SGL_RS07245,0.129464754015536
SGL_RS02470,SGL_RS05735,0.129316385757802
SGL_RS00400,SGL_RS00345,0.129181567664469
SGL_RS00075,SGL_RS00530,0.129135190491295
SGL_RS00515,SGL_RS02085,0.12910103940562
SGL_RS04820,SGL_RS13975,0.128830820134194
SGL_RS00400,SGL_RS00075,0.128608213093205
SGL_RS04725,SGL_RS05185,0.128544213489069
SGL_RS00515,SGL_RS11695,0.128447403721308
SGL_RS01625,SGL_RS01610,0.128431384866555
SGL_RS06410,SGL_RS02670,0.128419706221384
SGL_RS12005,SGL_RS02435,0.128386803254629
SGL_RS00075,SGL_RS00115,0.128333366755386
SGL_RS10605,SGL_RS08505,0.128295225205955
SGL_RS04055,SGL_RS18805,0.128151740117892
SGL_RS00400,SGL_RS00480,0.127901612894434
SGL_RS16165,SGL_RS16160,0.127845294861045
SGL_RS15805,SGL_RS08600,0.127838187419564
SGL_RS00455,SGL_RS01020,0.127830551105685
SGL_RS01980,SGL_RS09515,0.127634988775512
SGL_RS16495,SGL_RS09025,0.127580733695831
SGL_RS06410,SGL_RS17820,0.127481955694866
SGL_RS12540,SGL_RS15050,0.127478661196126
SGL_RS06215,SGL_RS14010,0.127463910103743
SGL_RS15210,SGL_RS02700,0.127246078298511
SGL_RS02470,SGL_RS05740,0.127218081325328
SGL_RS06410,SGL_RS02675,0.127081793591812
SGL_RS00320,SGL_RS10815,0.126892821464153
SGL_RS00400,SGL_RS00305,0.126854745557221
SGL_RS16495,SGL_RS11695,0.126826817900892
SGL_RS12595,SGL_RS07670,0.126652649530226
SGL_RS00455,SGL_RS00935,0.126463089686651
SGL_RS17395,SGL_RS15295,0.126350671643883
SGL_RS15805,SGL_RS01625,0.126312847360771
SGL_RS11370,SGL_RS02100,0.126246993102883
SGL_RS06480,SGL_RS06305,0.126208572827369
SGL_RS00455,SGL_RS12790,0.126032662779031
SGL_RS00320,SGL_RS00975,0.126015574305354
SGL_RS12540,SGL_RS16955,0.125965666963907
SGL_RS00320,SGL_RS16385,0.125864333165574
SGL_RS02020,SGL_RS01980,0.125857443484017
SGL_RS06410,SGL_RS12620,0.125762132129003
SGL_RS06410,SGL_RS11935,0.125725600591684
SGL_RS01980,SGL_RS02320,0.125667985011002
SGL_RS01980,SGL_RS08320,0.125661320096309
SGL_RS00400,SGL_RS00285,0.125624328929515
SGL_RS15805,SGL_RS12590,0.125377271774671
SGL_RS12430,SGL_RS09325,0.125295579807314
SGL_RS00400,SGL_RS00575,0.125138357272972
SGL_RS02510,SGL_RS02515,0.125125979592959
SGL_RS15585,SGL_RS14195,0.125113779254261
SGL_RS06215,SGL_RS06220,0.125095922396957
SGL_RS00515,SGL_RS00330,0.125088252770631
SGL_RS12430,SGL_RS12680,0.12505227114858
SGL_RS09285,SGL_RS10015,0.125020231210307
SGL_RS01980,SGL_RS04130,0.124841894932535
SGL_RS17395,SGL_RS02300,0.124841623664467
SGL_RS12430,SGL_RS11610,0.124717698974778
SGL_RS15805,SGL_RS16620,0.124658470810544
SGL_RS00320,SGL_RS18475,0.124561426640483
SGL_RS01980,SGL_RS00385,0.124432498638686
SGL_RS02470,SGL_RS02465,0.124328127108
SGL_RS12595,SGL_RS12290,0.124076594655587
SGL_RS05150,SGL_RS06890,0.124002758567772
SGL_RS12430,SGL_RS02245,0.123877682460963
SGL_RS15965,SGL_RS00020,0.123808738170808
SGL_RS15210,SGL_RS13430,0.123792319796244
SGL_RS15210,SGL_RS11435,0.123767806574021
SGL_RS15585,SGL_RS03825,0.123748637010968
SGL_RS06215,SGL_RS07590,0.123647278418271
SGL_RS12430,SGL_RS16980,0.123627806231913
SGL_RS06480,SGL_RS17080,0.123563342969268
SGL_RS17395,SGL_RS10630,0.123557102405403
SGL_RS09285,SGL_RS06235,0.123434991621392
SGL_RS03065,SGL_RS03260,0.123370708340903
SGL_RS06215,SGL_RS03440,0.123369982656751
SGL_RS17245,SGL_RS13835,0.123351885979097
SGL_RS10605,SGL_RS17470,0.123233172366345
SGL_RS06480,SGL_RS04660,0.123218351101526
SGL_RS08210,SGL_RS09040,0.123123618632557
SGL_RS00320,SGL_RS18430,0.123108733792417
SGL_RS01215,SGL_RS01235,0.12310288530434
SGL_RS00400,SGL_RS06395,0.123048882006106
SGL_RS12430,SGL_RS12175,0.123037518375655
SGL_RS13820,SGL_RS13815,0.122941202354432
SGL_RS07975,SGL_RS05545,0.122915922155493
SGL_RS00320,SGL_RS14740,0.122914169622174
SGL_RS10820,SGL_RS09295,0.122899928142932
SGL_RS17760,SGL_RS17645,0.122842465986037
SGL_RS15805,SGL_RS13150,0.122763599172098
SGL_RS06410,SGL_RS06840,0.122709018166107
SGL_RS12430,SGL_RS02725,0.122694126982274
SGL_RS00515,SGL_RS11725,0.122686930718042
SGL_RS06410,SGL_RS03080,0.122632267532387
SGL_RS00455,SGL_RS00930,0.122630886136145
SGL_RS15805,SGL_RS14905,0.122621314128657
SGL_RS00320,SGL_RS00900,0.122620321279623
SGL_RS06080,SGL_RS10755,0.122509935578298
SGL_RS15210,SGL_RS02695,0.122422383909311
SGL_RS15805,SGL_RS10605,0.122353383737794
SGL_RS16495,SGL_RS04235,0.122306226771343
SGL_RS04725,SGL_RS10665,0.122235564974132
SGL_RS00320,SGL_RS14230,0.122184814861437
SGL_RS00400,SGL_RS00660,0.12205979402581
SGL_RS15805,SGL_RS07060,0.122055459154472
SGL_RS00400,SGL_RS00355,0.121999052427396
SGL_RS15805,SGL_RS10085,0.121718640382795
SGL_RS17245,SGL_RS12605,0.12169626023954
SGL_RS09285,SGL_RS12425,0.121638144773058
SGL_RS00515,SGL_RS08245,0.121557631825805
SGL_RS12430,SGL_RS09795,0.121521286689582
SGL_RS01955,SGL_RS15500,0.121473890107646
SGL_RS09285,SGL_RS17420,0.121470274807302
SGL_RS10820,SGL_RS05365,0.121385926326267
SGL_RS00400,SGL_RS00570,0.121385835731022
SGL_RS16495,SGL_RS03695,0.121381296216492
SGL_RS11985,SGL_RS11970,0.121333640375422
SGL_RS13820,SGL_RS07490,0.121328187264214
SGL_RS08835,SGL_RS12195,0.121287847171492
SGL_RS00400,SGL_RS00410,0.121241572897512
SGL_RS06215,SGL_RS16605,0.121171344380458
SGL_RS00515,SGL_RS07500,0.121116801646333
SGL_RS02990,SGL_RS09350,0.121102493578246
SGL_RS01215,SGL_RS00035,0.121077453551026
SGL_RS16495,SGL_RS07610,0.121055938806214
SGL_RS01980,SGL_RS07445,0.120954857620505
SGL_RS17760,SGL_RS02930,0.120915674536114
SGL_RS01980,SGL_RS09520,0.12086222918756
SGL_RS08210,SGL_RS09875,0.120709030255463
SGL_RS12430,SGL_RS07710,0.12056412348058
SGL_RS15805,SGL_RS10430,0.120536726135307
SGL_RS02470,SGL_RS06210,0.120503759766056
SGL_RS06215,SGL_RS03990,0.120480988357347
SGL_RS12540,SGL_RS08815,0.120410096108383
SGL_RS06410,SGL_RS08565,0.120396835081815
SGL_RS16165,SGL_RS16150,0.120242029883212
SGL_RS12430,SGL_RS15125,0.1201418130198
SGL_RS00455,SGL_RS01015,0.120116744244981
SGL_RS01980,SGL_RS03650,0.120016728591503
SGL_RS00320,SGL_RS11895,0.119981741450221
SGL_RS00515,SGL_RS19060,0.119972445332087
SGL_RS06480,SGL_RS12140,0.119816486829454
SGL_RS03065,SGL_RS08260,0.119787591491857
SGL_RS06215,SGL_RS05740,0.119743046742415
SGL_RS17760,SGL_RS18235,0.119724537436403
SGL_RS00320,SGL_RS09065,0.119672141174029
SGL_RS04055,SGL_RS10480,0.119661744938071
SGL_RS00515,SGL_RS19145,0.119639822358034
SGL_RS08210,SGL_RS10775,0.119533535859327
SGL_RS12430,SGL_RS06540,0.119461124436346
SGL_RS15585,SGL_RS17790,0.119443299364926
SGL_RS10820,SGL_RS02845,0.119442868627684
SGL_RS16495,SGL_RS02370,0.11943426296932
SGL_RS15805,SGL_RS03975,0.119424983235393
SGL_RS15965,SGL_RS05160,0.119376197811503
SGL_RS02470,SGL_RS17225,0.119351678349038
SGL_RS00455,SGL_RS01695,0.119349466438406
SGL_RS12430,SGL_RS06555,0.119288682949488
SGL_RS01215,SGL_RS19705,0.119265444756903
SGL_RS02990,SGL_RS09330,0.119243236124674
SGL_RS00400,SGL_RS00010,0.119219359900794
SGL_RS15805,SGL_RS06260,0.119191910905701
SGL_RS00400,SGL_RS00120,0.119113198956652
SGL_RS12430,SGL_RS06460,0.119075935968315
SGL_RS01980,SGL_RS01990,0.119015626482232
SGL_RS00400,SGL_RS08730,0.11901383467478
SGL_RS13130,SGL_RS16905,0.119013400550092
SGL_RS00400,SGL_RS04635,0.118973506346554
SGL_RS00400,SGL_RS00245,0.118961117083934
SGL_RS00320,SGL_RS13125,0.118915239068053
SGL_RS12430,SGL_RS11485,0.11890976825045
SGL_RS00455,SGL_RS16190,0.118843612472197
SGL_RS06410,SGL_RS08585,0.118775809828506
SGL_RS10820,SGL_RS06445,0.118764918443235
SGL_RS04450,SGL_RS11645,0.118743244203241
SGL_RS16495,SGL_RS07115,0.118741542378032
SGL_RS00455,SGL_RS15930,0.118709607651333
SGL_RS04725,SGL_RS11495,0.118650067161318
SGL_RS12430,SGL_RS07170,0.118570146830777
SGL_RS06410,SGL_RS13415,0.118550988597495
SGL_RS01980,SGL_RS04930,0.118364909726545
SGL_RS15805,SGL_RS18120,0.118334222275699
SGL_RS15805,SGL_RS08790,0.118291711934256
SGL_RS00455,SGL_RS01700,0.118270950489913
SGL_RS15210,SGL_RS08590,0.118209856318876
SGL_RS07975,SGL_RS07215,0.118191259511522
SGL_RS01255,SGL_RS01215,0.118185246103626
SGL_RS00320,SGL_RS03580,0.11816569638831
SGL_RS05150,SGL_RS13030,0.118057512694259
SGL_RS10820,SGL_RS11070,0.118045374604626
SGL_RS16495,SGL_RS04980,0.118039900109522
SGL_RS15965,SGL_RS15960,0.118020042010853
SGL_RS06410,SGL_RS12650,0.117890834292953
SGL_RS18290,SGL_RS12455,0.117848856226166
SGL_RS16495,SGL_RS11725,0.117846402346885
SGL_RS01980,SGL_RS08830,0.117846261097579
SGL_RS12005,SGL_RS14455,0.117839693770702
SGL_RS17440,SGL_RS06895,0.117802713987301
SGL_RS06410,SGL_RS07945,0.117714111548239
SGL_RS12430,SGL_RS17465,0.117701786377567
SGL_RS12430,SGL_RS14360,0.117701558965587
SGL_RS01215,SGL_RS01335,0.117680679509298
SGL_RS01980,SGL_RS09485,0.117673709342589
SGL_RS06215,SGL_RS10935,0.11765836618347
SGL_RS16080,SGL_RS19855,0.117633821471002
SGL_RS15805,SGL_RS14140,0.117602065057441
SGL_RS04055,SGL_RS04985,0.117529477184902
SGL_RS08835,SGL_RS11160,0.117491685911139
SGL_RS15805,SGL_RS06215,0.117359148861892
SGL_RS01980,SGL_RS11010,0.117305768598029
SGL_RS00455,SGL_RS00450,0.11725131641926
SGL_RS15805,SGL_RS19440,0.117225507642727
SGL_RS01955,SGL_RS13525,0.117212979297851
SGL_RS10755,SGL_RS10750,0.117205470267411
SGL_RS17395,SGL_RS13370,0.11716055189561
SGL_RS15805,SGL_RS10955,0.117107791327951
SGL_RS17245,SGL_RS17715,0.117104564084291
SGL_RS12430,SGL_RS02780,0.116944886319962
SGL_RS00400,SGL_RS00110,0.116891605571589
SGL_RS11285,SGL_RS04210,0.116881554988781
SGL_RS15210,SGL_RS09705,0.11686036453785
SGL_RS10820,SGL_RS13590,0.11682096224763
SGL_RS12430,SGL_RS07790,0.116795223657364
SGL_RS12430,SGL_RS06345,0.116746929716486
SGL_RS04725,SGL_RS07320,0.116716139468506
SGL_RS15805,SGL_RS10985,0.116705028704128
SGL_RS16165,SGL_RS09505,0.116699672922801
SGL_RS12430,SGL_RS12400,0.116682907555937
SGL_RS15805,SGL_RS14385,0.116634810806827
SGL_RS00455,SGL_RS01425,0.116597602571905
SGL_RS00075,SGL_RS09515,0.116590911364
SGL_RS05150,SGL_RS05200,0.116588781452693
SGL_RS11370,SGL_RS17200,0.116575182111988
SGL_RS06410,SGL_RS04410,0.116500195848931
SGL_RS01980,SGL_RS02015,0.116466671710061
SGL_RS17760,SGL_RS16595,0.116444105184039
SGL_RS12430,SGL_RS02615,0.11641912085594
SGL_RS15210,SGL_RS07395,0.116414191040708
SGL_RS15805,SGL_RS16835,0.116401465632517
SGL_RS15805,SGL_RS14860,0.116336718342022
SGL_RS06215,SGL_RS10145,0.116332382156294
SGL_RS17245,SGL_RS05715,0.116223363796368
SGL_RS16495,SGL_RS06930,0.116222738031934
SGL_RS00400,SGL_RS18510,0.116204545950791
SGL_RS12430,SGL_RS02445,0.116100015219838
SGL_RS18290,SGL_RS12810,0.115978812866867
SGL_RS15805,SGL_RS09775,0.11594260111991
SGL_RS00515,SGL_RS18635,0.115925252133677
SGL_RS08210,SGL_RS10105,0.115903353193971
SGL_RS06480,SGL_RS06310,0.115859089264375
SGL_RS10755,SGL_RS20160,0.115743202617358
SGL_RS12430,SGL_RS08180,0.115684835675851
SGL_RS12430,SGL_RS08755,0.115684334559539
SGL_RS10605,SGL_RS17515,0.115614889708492
SGL_RS17395,SGL_RS12550,0.115613824445471
SGL_RS01980,SGL_RS02060,0.115609059808022
SGL_RS00320,SGL_RS13675,0.115594815106835
SGL_RS10605,SGL_RS06415,0.115515256509065
SGL_RS12430,SGL_RS07175,0.115465645564594
SGL_RS17395,SGL_RS02475,0.11544684029419
SGL_RS06480,SGL_RS06410,0.115222227901086
SGL_RS06480,SGL_RS12135,0.115220795422779
SGL_RS17395,SGL_RS14560,0.11520158202446
SGL_RS02020,SGL_RS01995,0.115149248862666
SGL_RS16495,SGL_RS17940,0.115078988731991
SGL_RS12430,SGL_RS15130,0.11502010841139
SGL_RS16495,SGL_RS14890,0.115000982706813
SGL_RS04725,SGL_RS09075,0.11498596583163
SGL_RS00320,SGL_RS19550,0.114955252796937
SGL_RS00400,SGL_RS17885,0.114951177881707
SGL_RS06410,SGL_RS15005,0.114911864507252
SGL_RS09285,SGL_RS12760,0.11487947952396
SGL_RS08210,SGL_RS07200,0.11481074655304
SGL_RS17245,SGL_RS04995,0.114789841512608
SGL_RS00455,SGL_RS16410,0.114754364985524
SGL_RS00515,SGL_RS04500,0.114751381079902
SGL_RS13130,SGL_RS03490,0.114736767629326
SGL_RS17760,SGL_RS12190,0.114646808857032
SGL_RS00400,SGL_RS00210,0.114570706879181
SGL_RS02020,SGL_RS02000,0.114491762463791
SGL_RS15805,SGL_RS10020,0.114454268856384
SGL_RS15210,SGL_RS04530,0.114404936507465
SGL_RS06215,SGL_RS13135,0.114388358033615
SGL_RS00320,SGL_RS17025,0.114359325281714
SGL_RS06410,SGL_RS07380,0.114297971706555
SGL_RS08835,SGL_RS10705,0.114237904871352
SGL_RS02990,SGL_RS04820,0.11423285460166
SGL_RS02470,SGL_RS05725,0.114203684546425
SGL_RS06215,SGL_RS10500,0.114123667389125
SGL_RS03065,SGL_RS13545,0.114091718656864
SGL_RS00400,SGL_RS00265,0.114083369797759
SGL_RS04450,SGL_RS10940,0.114059121546219
SGL_RS12595,SGL_RS03390,0.114035138082454
SGL_RS12430,SGL_RS06675,0.113971090717303
SGL_RS11285,SGL_RS03435,0.113942633702849
SGL_RS15805,SGL_RS08765,0.113929607038297
SGL_RS10820,SGL_RS13040,0.113929382809949
SGL_RS16080,SGL_RS10770,0.11391905705667
SGL_RS15245,SGL_RS04990,0.113896291258886
SGL_RS00515,SGL_RS16425,0.113888261839813
SGL_RS17760,SGL_RS14795,0.11386288285864
SGL_RS12430,SGL_RS06545,0.11383904944321
SGL_RS16495,SGL_RS14990,0.113812035891173
SGL_RS08845,SGL_RS18840,0.113769421472931
SGL_RS00455,SGL_RS15730,0.113725059832911
SGL_RS06340,SGL_RS06620,0.113716123571598
SGL_RS00400,SGL_RS04155,0.113664553354766
SGL_RS15245,SGL_RS08440,0.113634507496706
SGL_RS06215,SGL_RS15595,0.113595482981198
SGL_RS08835,SGL_RS11135,0.113589371211489
SGL_RS13820,SGL_RS02375,0.113583649421285
SGL_RS09285,SGL_RS02450,0.113577897191395
SGL_RS00515,SGL_RS09025,0.113565379416471
SGL_RS09285,SGL_RS16610,0.113515339874141
SGL_RS17245,SGL_RS17115,0.113470500636063
SGL_RS15805,SGL_RS14135,0.113469493568099
SGL_RS03065,SGL_RS02225,0.113456342048464
SGL_RS00400,SGL_RS01865,0.113455754035751
SGL_RS15805,SGL_RS15785,0.113419410029054
SGL_RS11370,SGL_RS11980,0.113413601924862
SGL_RS08835,SGL_RS19000,0.113383067237786
SGL_RS01980,SGL_RS03645,0.11333141040128
SGL_RS01980,SGL_RS09510,0.113330737068096
SGL_RS17440,SGL_RS11545,0.11328446010994
SGL_RS17245,SGL_RS02655,0.11327622381511
SGL_RS00455,SGL_RS00995,0.113213168150195
SGL_RS12430,SGL_RS12975,0.113186785141154
SGL_RS14540,SGL_RS03515,0.113183654519002
SGL_RS15210,SGL_RS07405,0.113121468194453
SGL_RS12430,SGL_RS06550,0.113091938506442
SGL_RS00320,SGL_RS17350,0.11309065919068
SGL_RS12005,SGL_RS11940,0.113063762849989
SGL_RS06480,SGL_RS12120,0.1129883001594
SGL_RS12430,SGL_RS06560,0.112965265622089
SGL_RS04055,SGL_RS17095,0.112931857782307
SGL_RS15805,SGL_RS14465,0.112925277632251
SGL_RS15805,SGL_RS03075,0.11290797811716
SGL_RS12430,SGL_RS07160,0.112851334726449
SGL_RS12430,SGL_RS13380,0.11278665553464
SGL_RS14610,SGL_RS15055,0.112750767822438
SGL_RS15805,SGL_RS15775,0.112750155235189
SGL_RS15805,SGL_RS18200,0.112722603771495
SGL_RS00075,SGL_RS01855,0.112706962392061
SGL_RS15805,SGL_RS16430,0.112605112456426
SGL_RS15805,SGL_RS13995,0.112580511998465
SGL_RS00320,SGL_RS02165,0.112561048785841
SGL_RS15965,SGL_RS04640,0.112531964504848
SGL_RS12430,SGL_RS10070,0.112517958030388
SGL_RS12430,SGL_RS04650,0.112504969210811
SGL_RS00455,SGL_RS03630,0.112443222482815
SGL_RS16495,SGL_RS15550,0.112428070596272
SGL_RS14385,SGL_RS03105,0.112411882691283
SGL_RS00400,SGL_RS00085,0.11227332971028
SGL_RS06410,SGL_RS06805,0.112261689006411
SGL_RS08210,SGL_RS02565,0.112243912701764
SGL_RS09285,SGL_RS05140,0.112232641889041
SGL_RS00400,SGL_RS14845,0.112157937192215
SGL_RS08845,SGL_RS06295,0.11212808225613
SGL_RS18290,SGL_RS02415,0.112127017801398
SGL_RS10605,SGL_RS04765,0.112110640318953
SGL_RS00075,SGL_RS00305,0.112106484066079
SGL_RS02990,SGL_RS17395,0.112072141590067
SGL_RS01980,SGL_RS00115,0.1120581734833
SGL_RS10820,SGL_RS16395,0.112057000268363
SGL_RS15210,SGL_RS04095,0.112056780778979
SGL_RS02470,SGL_RS10640,0.112056430190292
SGL_RS08835,SGL_RS02215,0.112049824243198
SGL_RS00455,SGL_RS01600,0.112008262515752
SGL_RS05150,SGL_RS15650,0.111998690137004
SGL_RS12430,SGL_RS12465,0.111986289696878
SGL_RS15805,SGL_RS06040,0.111886802969132
SGL_RS15805,SGL_RS07040,0.111867849969306
SGL_RS06410,SGL_RS04510,0.111829683585713
SGL_RS08835,SGL_RS02525,0.11177155307291
SGL_RS17395,SGL_RS02805,0.111769575454191
SGL_RS12430,SGL_RS10140,0.111766737863329
SGL_RS17760,SGL_RS19535,0.111723821118855
SGL_RS00320,SGL_RS10405,0.111634480552842
SGL_RS17760,SGL_RS10250,0.111607617561067
SGL_RS02020,SGL_RS08955,0.111594417207178
SGL_RS15805,SGL_RS10610,0.111591559014063
SGL_RS00400,SGL_RS00225,0.111588740844275
SGL_RS06410,SGL_RS04265,0.111509798420658
SGL_RS02990,SGL_RS19950,0.111412684425195
SGL_RS10820,SGL_RS09080,0.111327069795494
SGL_RS04055,SGL_RS15375,0.11131125847741
SGL_RS00400,SGL_RS16235,0.111294335760969
SGL_RS00320,SGL_RS03610,0.111275267913661
SGL_RS15965,SGL_RS16210,0.111272520544208
SGL_RS12430,SGL_RS04370,0.111260141198505
SGL_RS10820,SGL_RS10975,0.111250159876062
SGL_RS06410,SGL_RS13200,0.111244081389825
SGL_RS06480,SGL_RS12210,0.11123322860692
SGL_RS00400,SGL_RS01725,0.111222894587141
SGL_RS00400,SGL_RS15965,0.111220542545017
SGL_RS15805,SGL_RS07810,0.11121277327893
SGL_RS15805,SGL_RS16805,0.111208936143764
SGL_RS00320,SGL_RS17385,0.111189645235313
SGL_RS17760,SGL_RS17755,0.111170213962439
SGL_RS04725,SGL_RS15840,0.111148172597633
SGL_RS01215,SGL_RS01680,0.111099185382928
SGL_RS00320,SGL_RS00595,0.111097814751407
SGL_RS12430,SGL_RS07845,0.111080433589942
SGL_RS06215,SGL_RS12000,0.111066600221871
SGL_RS00400,SGL_RS00725,0.111063250390466
SGL_RS15805,SGL_RS10795,0.111058385281798
SGL_RS00455,SGL_RS01025,0.1110338750223
SGL_RS08500,SGL_RS08125,0.111023243007346
SGL_RS09285,SGL_RS09640,0.110993896226136
SGL_RS12430,SGL_RS13165,0.110975552037584
SGL_RS13130,SGL_RS11285,0.110962853569248
SGL_RS15805,SGL_RS04295,0.110930891688272
SGL_RS00455,SGL_RS08305,0.1109180595151
SGL_RS17395,SGL_RS12770,0.110910646090393
SGL_RS12430,SGL_RS12525,0.110897623578169
SGL_RS12430,SGL_RS15105,0.110893439170557
SGL_RS08835,SGL_RS14850,0.110877434934629
SGL_RS17760,SGL_RS09245,0.1108283742921
SGL_RS09285,SGL_RS08925,0.110798090134694
SGL_RS10605,SGL_RS08455,0.110795585324588
SGL_RS12430,SGL_RS10445,0.110737626765797
SGL_RS08165,SGL_RS05260,0.110711900356851
SGL_RS04450,SGL_RS15430,0.110607748015405
SGL_RS10605,SGL_RS08620,0.110607698864602
SGL_RS13130,SGL_RS15400,0.11056629372674
SGL_RS15805,SGL_RS16875,0.110537087816967
SGL_RS16495,SGL_RS04890,0.110531718199872
SGL_RS01625,SGL_RS13150,0.11053005936686
SGL_RS10605,SGL_RS10660,0.110525311255685
SGL_RS00670,SGL_RS18470,0.110522287382165
SGL_RS07740,SGL_RS05130,0.110519503433494
SGL_RS17245,SGL_RS10510,0.110518862835222
SGL_RS10820,SGL_RS15210,0.110500359843982
SGL_RS07975,SGL_RS05010,0.110491409537026
SGL_RS00455,SGL_RS01050,0.110453795862271
SGL_RS11985,SGL_RS20190,0.110419441314164
SGL_RS15805,SGL_RS11390,0.110375702491844
SGL_RS16165,SGL_RS16135,0.110372744281783
SGL_RS06410,SGL_RS12125,0.110346909487367
SGL_RS10820,SGL_RS16270,0.110328890359915
SGL_RS12430,SGL_RS09375,0.110272618459616
SGL_RS17760,SGL_RS04290,0.110249026747161
SGL_RS12595,SGL_RS03175,0.110152307039912
SGL_RS12430,SGL_RS07645,0.110149216660948
SGL_RS08835,SGL_RS05525,0.110146652415379
SGL_RS15210,SGL_RS09490,0.11011748202686
SGL_RS12540,SGL_RS08090,0.110111369381706
SGL_RS12430,SGL_RS08175,0.110072376903679
SGL_RS15805,SGL_RS07065,0.110061430266468
SGL_RS05150,SGL_RS06855,0.110058991483113
SGL_RS17245,SGL_RS08030,0.110021063847346
SGL_RS04055,SGL_RS12835,0.110010163986158
SGL_RS00400,SGL_RS00015,0.109983386912344
SGL_RS11370,SGL_RS13555,0.109979397364327
SGL_RS06480,SGL_RS17655,0.109978985997602
SGL_RS00455,SGL_RS00525,0.109977862975218
SGL_RS04725,SGL_RS07350,0.109950010298232
SGL_RS08835,SGL_RS17845,0.109876884753696
SGL_RS07535,SGL_RS09875,0.109834897455868
SGL_RS08165,SGL_RS01825,0.109803021275492
SGL_RS12430,SGL_RS04580,0.109790684571274
SGL_RS06480,SGL_RS12110,0.109762260909256
SGL_RS10820,SGL_RS01535,0.109738972632316
SGL_RS06480,SGL_RS19915,0.109706330771493
SGL_RS17440,SGL_RS06720,0.109692481387872
SGL_RS06410,SGL_RS05230,0.109691175287849
SGL_RS12005,SGL_RS14810,0.109669061642427
SGL_RS10820,SGL_RS02195,0.109664759305323
SGL_RS08835,SGL_RS19530,0.109637106431971
SGL_RS12430,SGL_RS07350,0.109630885835296
SGL_RS15210,SGL_RS14355,0.109620427218057
SGL_RS10820,SGL_RS05310,0.109609331092709
SGL_RS15210,SGL_RS10980,0.109538026999085
SGL_RS12595,SGL_RS13880,0.109534917964537
SGL_RS16495,SGL_RS13615,0.109500919368725
SGL_RS12595,SGL_RS06970,0.109491615522089
SGL_RS15805,SGL_RS15280,0.109485314416417
SGL_RS15310,SGL_RS07700,0.109477251361984
SGL_RS10605,SGL_RS13435,0.109425063846574
SGL_RS12430,SGL_RS16600,0.109423442452056
SGL_RS07730,SGL_RS10315,0.109372703751668
SGL_RS15215,SGL_RS03415,0.109370390798023
SGL_RS09285,SGL_RS17130,0.109369618987794
SGL_RS17760,SGL_RS15125,0.109361149254168
SGL_RS04725,SGL_RS17740,0.109319399698378
SGL_RS16165,SGL_RS16140,0.109314322510711
SGL_RS13820,SGL_RS16795,0.109298011666607
SGL_RS10820,SGL_RS05590,0.109284712692813
SGL_RS12430,SGL_RS18090,0.109263515946665
SGL_RS17245,SGL_RS17065,0.109222942260398
SGL_RS00455,SGL_RS01155,0.109220341544734
SGL_RS01980,SGL_RS14475,0.109191442389912
SGL_RS15805,SGL_RS07820,0.109169750326895
SGL_RS08080,SGL_RS08075,0.109141495592549
SGL_RS15805,SGL_RS18280,0.109105655812411
SGL_RS12430,SGL_RS04285,0.10907134101898
SGL_RS17760,SGL_RS14155,0.109013536314422
SGL_RS00320,SGL_RS20055,0.108989818395155
SGL_RS00515,SGL_RS18320,0.108984684700648
SGL_RS00515,SGL_RS00565,0.108931554169078
SGL_RS00400,SGL_RS00385,0.108902666326285
SGL_RS16495,SGL_RS15880,0.108893451277647
SGL_RS15965,SGL_RS06075,0.108882299688761
SGL_RS12430,SGL_RS02705,0.108882129055874
SGL_RS00455,SGL_RS00925,0.10887400868133
SGL_RS00320,SGL_RS14720,0.108871781981261
SGL_RS00400,SGL_RS00615,0.10884070698241
SGL_RS07975,SGL_RS10690,0.108768138442904
SGL_RS00320,SGL_RS11875,0.108745234706803
SGL_RS01625,SGL_RS19440,0.108732595047443
SGL_RS15805,SGL_RS04845,0.108673143680633
SGL_RS12005,SGL_RS10395,0.108640223354066
SGL_RS16080,SGL_RS19715,0.108604454956903
SGL_RS17395,SGL_RS18325,0.108596791628635
SGL_RS08835,SGL_RS05565,0.108582367168991
SGL_RS00075,SGL_RS09510,0.108578527429857
SGL_RS04055,SGL_RS05040,0.108561456907394
SGL_RS15805,SGL_RS13895,0.10855626926627
SGL_RS05150,SGL_RS15195,0.108526018925274
SGL_RS00515,SGL_RS03565,0.108495656250729
SGL_RS06480,SGL_RS18205,0.108463743926664
SGL_RS08835,SGL_RS11270,0.108461499871197
SGL_RS06410,SGL_RS04530,0.108460559800942
SGL_RS00320,SGL_RS10040,0.108432239653473
SGL_RS00400,SGL_RS00600,0.108384570261633
SGL_RS08500,SGL_RS07125,0.10837096565206
SGL_RS12430,SGL_RS07810,0.108367378136413
SGL_RS17760,SGL_RS15670,0.108361684659668
SGL_RS00400,SGL_RS00270,0.108295921112612
SGL_RS12430,SGL_RS14400,0.108271749432609
SGL_RS15210,SGL_RS17600,0.108260567209639
SGL_RS12595,SGL_RS12585,0.108232540209375
SGL_RS10820,SGL_RS04855,0.108199679237625
SGL_RS10820,SGL_RS05515,0.108189659469135
SGL_RS09285,SGL_RS14870,0.108183560177323
SGL_RS12430,SGL_RS11500,0.108060356068878
SGL_RS06410,SGL_RS11340,0.108038692382413
SGL_RS15210,SGL_RS11675,0.108031523759503
SGL_RS00455,SGL_RS09750,0.108002554990398
SGL_RS01980,SGL_RS00480,0.107977223864919
SGL_RS08835,SGL_RS02935,0.107928123761872
SGL_RS05150,SGL_RS09755,0.107924873616479
SGL_RS12005,SGL_RS00445,0.107924836495486
SGL_RS12430,SGL_RS10425,0.107914276712383
SGL_RS15805,SGL_RS15530,0.10782317324848
SGL_RS06340,SGL_RS12770,0.107822351467862
SGL_RS12430,SGL_RS06105,0.107815834137879
SGL_RS06410,SGL_RS07415,0.107793206547565
SGL_RS15805,SGL_RS02620,0.107791843127629
SGL_RS11370,SGL_RS17380,0.107789843669588
SGL_RS15210,SGL_RS08585,0.107781093515072
SGL_RS12540,SGL_RS15055,0.10777382366359
SGL_RS15805,SGL_RS12705,0.107773657231571
SGL_RS15245,SGL_RS15250,0.107769588041612
SGL_RS00515,SGL_RS03720,0.107767190011842
SGL_RS01980,SGL_RS17370,0.1077407119543
SGL_RS15585,SGL_RS19500,0.107712731577478
SGL_RS00320,SGL_RS13570,0.107687562156812
SGL_RS17760,SGL_RS11605,0.107659907444397
SGL_RS15210,SGL_RS05250,0.107592211303265
SGL_RS10605,SGL_RS02530,0.107578638276333
SGL_RS16495,SGL_RS07785,0.107570967482558
SGL_RS03065,SGL_RS07730,0.107558033636684
SGL_RS15210,SGL_RS02670,0.10755369658788
SGL_RS10605,SGL_RS09985,0.107534344558699
SGL_RS01980,SGL_RS00080,0.107526483374498
SGL_RS06410,SGL_RS04540,0.107501812362507
SGL_RS17245,SGL_RS04115,0.107492753513753
SGL_RS15210,SGL_RS05670,0.107489687516246
SGL_RS01980,SGL_RS00335,0.107477974443938
SGL_RS15805,SGL_RS06020,0.107418173463946
SGL_RS12430,SGL_RS15445,0.10741531108765
SGL_RS12005,SGL_RS15195,0.107385489310792
SGL_RS17760,SGL_RS16770,0.107381858208212
SGL_RS01980,SGL_RS04280,0.107379651963885
SGL_RS11985,SGL_RS04560,0.107360659202871
SGL_RS10605,SGL_RS05600,0.107352797711836
SGL_RS04055,SGL_RS18965,0.107340014635899
SGL_RS15805,SGL_RS11515,0.107337756144611
SGL_RS17395,SGL_RS06525,0.10732324303242
SGL_RS15210,SGL_RS09710,0.107323084282765
SGL_RS17395,SGL_RS13870,0.107295518156087
SGL_RS00320,SGL_RS09840,0.107292758265274
SGL_RS06340,SGL_RS06940,0.107257696243266
SGL_RS09285,SGL_RS12910,0.107237906397166
SGL_RS06480,SGL_RS12130,0.107225476451641
SGL_RS17760,SGL_RS09555,0.10721977051844
SGL_RS07730,SGL_RS17905,0.107208109929465
SGL_RS08500,SGL_RS06105,0.107206517852676
SGL_RS10605,SGL_RS04260,0.107179990489248
SGL_RS15210,SGL_RS06210,0.107179821755768
SGL_RS02470,SGL_RS07560,0.107123740668292
SGL_RS08835,SGL_RS16770,0.107122016100417
SGL_RS00455,SGL_RS00720,0.107117814335937
SGL_RS12430,SGL_RS06740,0.107086441070976
SGL_RS15965,SGL_RS12160,0.107073262304002
SGL_RS09285,SGL_RS17230,0.10706586320856
SGL_RS01980,SGL_RS06065,0.107051483999444
SGL_RS03065,SGL_RS11510,0.10703522145873
SGL_RS07740,SGL_RS06475,0.107034765951338
SGL_RS15805,SGL_RS06765,0.106980249815564
SGL_RS10820,SGL_RS05335,0.106974278596924
SGL_RS15245,SGL_RS13855,0.106955160636661
SGL_RS14540,SGL_RS14210,0.106946193272139
SGL_RS04450,SGL_RS08430,0.10692745194775
SGL_RS11370,SGL_RS04450,0.106927407563957
SGL_RS09285,SGL_RS18160,0.106890937796801
SGL_RS15210,SGL_RS06410,0.106843752778306
SGL_RS13130,SGL_RS18290,0.106838964026482
SGL_RS17760,SGL_RS15860,0.106830720239176
SGL_RS15210,SGL_RS08580,0.106803918812585
SGL_RS12595,SGL_RS06745,0.106745630576007
SGL_RS16495,SGL_RS06820,0.106739345497047
SGL_RS00515,SGL_RS04235,0.106733889180954
SGL_RS08210,SGL_RS14060,0.106704673748903
SGL_RS01980,SGL_RS13570,0.106703896752643
SGL_RS06410,SGL_RS02600,0.106688786946082
SGL_RS12430,SGL_RS03840,0.106673343433327
SGL_RS00400,SGL_RS00175,0.106609095441419
SGL_RS10820,SGL_RS01915,0.106600104725796
SGL_RS06340,SGL_RS00805,0.106595440887144
SGL_RS12430,SGL_RS18120,0.106582349213063
SGL_RS12430,SGL_RS06430,0.106570950401657
SGL_RS04055,SGL_RS05855,0.106561197394583
SGL_RS12430,SGL_RS12675,0.106556487853084
SGL_RS17395,SGL_RS07825,0.106494092437217
SGL_RS04450,SGL_RS10620,0.106480703023412
SGL_RS15210,SGL_RS07410,0.106478916588602
SGL_RS16495,SGL_RS11765,0.106463621923695
SGL_RS17760,SGL_RS02955,0.106451727002608
SGL_RS14385,SGL_RS05675,0.106406241747768
SGL_RS01980,SGL_RS01975,0.106392553871277
SGL_RS11370,SGL_RS05730,0.106385635254628
SGL_RS01980,SGL_RS00085,0.106385490534225
SGL_RS12430,SGL_RS16370,0.1063775294452
SGL_RS08500,SGL_RS14390,0.106365521899505
SGL_RS17760,SGL_RS05550,0.106364527789043
SGL_RS00400,SGL_RS01840,0.106334925283699
SGL_RS11985,SGL_RS10825,0.10633285909403
SGL_RS12430,SGL_RS02405,0.106330110243253
SGL_RS08210,SGL_RS15345,0.106325075777248
SGL_RS16495,SGL_RS02130,0.106280559472416
SGL_RS12430,SGL_RS18095,0.106227440206213
SGL_RS08835,SGL_RS10790,0.10622037050398
SGL_RS15805,SGL_RS09290,0.106199204660872
SGL_RS08165,SGL_RS20095,0.106134694356842
SGL_RS12430,SGL_RS10220,0.106118343407366
SGL_RS08500,SGL_RS05980,0.106088094893796
SGL_RS09285,SGL_RS17415,0.106068206207674
SGL_RS15805,SGL_RS09895,0.10606375397848
SGL_RS04055,SGL_RS07885,0.106052446694463
SGL_RS17245,SGL_RS10505,0.105999195014331
SGL_RS00320,SGL_RS08830,0.105987674482816
SGL_RS02020,SGL_RS02005,0.105961679060808
SGL_RS17760,SGL_RS09080,0.105960236195708
SGL_RS04055,SGL_RS02800,0.105960076787652
SGL_RS12430,SGL_RS13735,0.105950702123489
SGL_RS11370,SGL_RS08430,0.105939442076524
SGL_RS14610,SGL_RS04040,0.105923542318505
SGL_RS00075,SGL_RS05530,0.105875089248388
SGL_RS08835,SGL_RS00600,0.105868452687982
SGL_RS12430,SGL_RS01905,0.105864715713376
SGL_RS04725,SGL_RS03120,0.105849355372787
SGL_RS15805,SGL_RS09985,0.105838092348491
SGL_RS00670,SGL_RS00735,0.105831023889608
SGL_RS09285,SGL_RS10320,0.105793683119995
SGL_RS16495,SGL_RS05805,0.105790124822711
SGL_RS16495,SGL_RS04960,0.105787783734057
SGL_RS09285,SGL_RS05955,0.10577750952442
SGL_RS04725,SGL_RS04480,0.10577731586142
SGL_RS15965,SGL_RS07370,0.105764378235494
SGL_RS15805,SGL_RS20175,0.105752935107236
SGL_RS01215,SGL_RS01255,0.105752300542567
SGL_RS06080,SGL_RS03525,0.105722422099372
SGL_RS17395,SGL_RS06785,0.105710906954086
SGL_RS13820,SGL_RS07485,0.105668121435313
SGL_RS01955,SGL_RS18245,0.105645764971359
SGL_RS10820,SGL_RS15900,0.105636682221835
SGL_RS04450,SGL_RS04515,0.105591401487728
SGL_RS00400,SGL_RS18485,0.105590675925429
SGL_RS15210,SGL_RS18115,0.10558517700199
SGL_RS03065,SGL_RS12610,0.105552285014712
SGL_RS00320,SGL_RS08690,0.105541718955592
SGL_RS15210,SGL_RS07420,0.105471007530375
SGL_RS07740,SGL_RS11215,0.105423138929837
SGL_RS00515,SGL_RS09970,0.105388957302736
SGL_RS15965,SGL_RS15725,0.105387958631066
SGL_RS15210,SGL_RS08525,0.105342908387298
SGL_RS06410,SGL_RS05925,0.105318972908266
SGL_RS04450,SGL_RS09160,0.105318920590333
SGL_RS04450,SGL_RS10160,0.10531856501291
SGL_RS15965,SGL_RS00400,0.105295687229769
SGL_RS01215,SGL_RS01355,0.105289268734449
SGL_RS07535,SGL_RS07640,0.105286216036176
SGL_RS10605,SGL_RS16850,0.105268177404436
SGL_RS06410,SGL_RS03350,0.105265230318135
SGL_RS16080,SGL_RS19865,0.1052592350759
SGL_RS06480,SGL_RS13450,0.105235747344158
SGL_RS01955,SGL_RS04220,0.105230629600138
SGL_RS04055,SGL_RS18285,0.105218082265309
SGL_RS17760,SGL_RS16395,0.105175237057182
SGL_RS17760,SGL_RS06705,0.105154678579282
SGL_RS12430,SGL_RS10155,0.105151428783371
SGL_RS06340,SGL_RS17270,0.105147555477748
SGL_RS00455,SGL_RS01710,0.105144977220324
SGL_RS06410,SGL_RS13450,0.10514011517042
SGL_RS12430,SGL_RS12345,0.105127872728665
SGL_RS01625,SGL_RS00795,0.105106128306675
SGL_RS12430,SGL_RS08765,0.105089604769184
SGL_RS16165,SGL_RS15995,0.105058943655596
SGL_RS08500,SGL_RS10995,0.104982841101932
SGL_RS07730,SGL_RS13220,0.104965039317577
SGL_RS00075,SGL_RS17585,0.10491243949568
SGL_RS17245,SGL_RS14600,0.104906997377346
SGL_RS08835,SGL_RS11930,0.104901368758258
SGL_RS08165,SGL_RS07525,0.104899433075926
SGL_RS01255,SGL_RS01290,0.104884779604761
SGL_RS11985,SGL_RS00240,0.104880455992266
SGL_RS00320,SGL_RS07275,0.104869880824531
SGL_RS17760,SGL_RS11595,0.104817926434835
SGL_RS01980,SGL_RS16245,0.104814076464395
SGL_RS00320,SGL_RS03700,0.104807545179722
SGL_RS12595,SGL_RS13900,0.104772608837134
SGL_RS12430,SGL_RS12450,0.104748063578724
SGL_RS04725,SGL_RS09715,0.104711777557753
SGL_RS01625,SGL_RS06565,0.104707003135626
SGL_RS06080,SGL_RS10835,0.104705030116212
SGL_RS16080,SGL_RS09905,0.104694308239939
SGL_RS12595,SGL_RS10140,0.104691796075903
SGL_RS06410,SGL_RS07385,0.104685756598385
SGL_RS18290,SGL_RS13130,0.104664097086141
SGL_RS04725,SGL_RS04915,0.104651260815579
SGL_RS12430,SGL_RS05615,0.10464724640141
SGL_RS06215,SGL_RS13035,0.104645717868909
SGL_RS17760,SGL_RS14835,0.10459855598272
SGL_RS10820,SGL_RS06865,0.104582624161195
SGL_RS17760,SGL_RS10065,0.104581914772401
SGL_RS04450,SGL_RS11840,0.104576789699533
SGL_RS07740,SGL_RS07555,0.104570844791991
SGL_RS13130,SGL_RS01915,0.104569742068211
SGL_RS07975,SGL_RS05080,0.104524356167756
SGL_RS11370,SGL_RS07185,0.104517580306804
SGL_RS08835,SGL_RS08680,0.104509852047955
SGL_RS04725,SGL_RS17535,0.104508003125124
SGL_RS00075,SGL_RS00635,0.104505600502798
SGL_RS04725,SGL_RS07150,0.104473524222563
SGL_RS03065,SGL_RS11610,0.104466918342785
SGL_RS00075,SGL_RS00005,0.10442968969581
SGL_RS00400,SGL_RS00435,0.10442181879832
SGL_RS16165,SGL_RS04560,0.104414805432052
SGL_RS02990,SGL_RS03800,0.104396175371306
SGL_RS06080,SGL_RS13535,0.104367691918986
SGL_RS17440,SGL_RS02815,0.104341317382864
SGL_RS07975,SGL_RS17530,0.104328037326843
SGL_RS04725,SGL_RS05080,0.104327353759557
SGL_RS01980,SGL_RS00730,0.104323920182643
SGL_RS09285,SGL_RS06640,0.104291244389116
SGL_RS02470,SGL_RS05845,0.104268124306135
SGL_RS17760,SGL_RS09315,0.104259354071566
SGL_RS15210,SGL_RS02675,0.104240128161118
SGL_RS09285,SGL_RS08220,0.10422248235185
SGL_RS02470,SGL_RS05835,0.104172495351382
SGL_RS17760,SGL_RS01370,0.10414350862001
SGL_RS00400,SGL_RS15960,0.104135624255109
SGL_RS16495,SGL_RS03720,0.104131123934598
SGL_RS04055,SGL_RS10455,0.104127838160993
SGL_RS04450,SGL_RS02105,0.104101011298789
SGL_RS12430,SGL_RS13565,0.104058648780675
SGL_RS15965,SGL_RS00360,0.104055228861068
SGL_RS00515,SGL_RS06930,0.104041632805292
SGL_RS15965,SGL_RS07080,0.104040920602022
SGL_RS15805,SGL_RS06985,0.104034920643022
SGL_RS15805,SGL_RS20085,0.10401899997336
SGL_RS12595,SGL_RS08915,0.104008427390537
SGL_RS12430,SGL_RS15810,0.103982110813041
SGL_RS15805,SGL_RS11650,0.103947841482336
SGL_RS00400,SGL_RS07465,0.103942285865764
SGL_RS15585,SGL_RS14200,0.1039413133715
SGL_RS10605,SGL_RS04595,0.103937837285052
SGL_RS08835,SGL_RS08020,0.103922208171335
SGL_RS08080,SGL_RS04995,0.103906131923759
SGL_RS01215,SGL_RS19695,0.103879855941946
SGL_RS00670,SGL_RS01815,0.103862181839241
SGL_RS12595,SGL_RS03170,0.103856820936461
SGL_RS15805,SGL_RS08180,0.103838809369045
SGL_RS10820,SGL_RS08665,0.103831397209777
SGL_RS15805,SGL_RS11490,0.103813749493144
SGL_RS16495,SGL_RS14670,0.10380266553786
SGL_RS15805,SGL_RS11660,0.103795706316844
SGL_RS10605,SGL_RS16650,0.10377365872366
SGL_RS14610,SGL_RS10760,0.103749350314858
SGL_RS13130,SGL_RS14535,0.103734722041159
SGL_RS05150,SGL_RS17980,0.103729599311896
SGL_RS00400,SGL_RS08015,0.103728706260761
SGL_RS12005,SGL_RS04660,0.103693180799932
SGL_RS04055,SGL_RS15220,0.103688488535205
SGL_RS13130,SGL_RS09825,0.103682644388356
SGL_RS00515,SGL_RS00125,0.103667271988899
SGL_RS04450,SGL_RS07120,0.103661773002476
SGL_RS12430,SGL_RS10655,0.10365271231495
SGL_RS15805,SGL_RS03395,0.103644998452327
SGL_RS06410,SGL_RS05775,0.103634197676205
SGL_RS02470,SGL_RS11200,0.103610831580722
SGL_RS09285,SGL_RS16830,0.103528658750146
SGL_RS12430,SGL_RS13455,0.103525923120792
SGL_RS15965,SGL_RS00315,0.103508349728821
SGL_RS02510,SGL_RS04900,0.10349863410458
SGL_RS00400,SGL_RS01845,0.103495337192732
SGL_RS12540,SGL_RS04110,0.103494748364872
SGL_RS14540,SGL_RS09290,0.103476322282529
SGL_RS12595,SGL_RS14920,0.103471317028985
SGL_RS04615,SGL_RS14225,0.103461049689597
SGL_RS15805,SGL_RS08755,0.103458534991953
SGL_RS00400,SGL_RS00135,0.103454597181136
SGL_RS00320,SGL_RS09050,0.10345436821369
SGL_RS10820,SGL_RS19625,0.103369095289547
SGL_RS15805,SGL_RS15235,0.103364851969254
SGL_RS11285,SGL_RS15920,0.10335337808876
SGL_RS10820,SGL_RS03120,0.103346393968455
SGL_RS12430,SGL_RS07285,0.103334244635067
SGL_RS07730,SGL_RS07860,0.103327445172061
SGL_RS15210,SGL_RS06770,0.103289135309253
SGL_RS09285,SGL_RS16505,0.103282827141028
SGL_RS15965,SGL_RS12085,0.103276520508727
SGL_RS01955,SGL_RS01940,0.103263476891169
SGL_RS08835,SGL_RS09525,0.103257486195055
SGL_RS00400,SGL_RS00540,0.103246189005652
SGL_RS00320,SGL_RS01830,0.103227977478077
SGL_RS15210,SGL_RS06445,0.103220503812578
SGL_RS00400,SGL_RS19370,0.103220503636351
SGL_RS14385,SGL_RS10670,0.103206297685906
SGL_RS10820,SGL_RS05585,0.103189784437413
SGL_RS08835,SGL_RS11590,0.103153051491668
SGL_RS08165,SGL_RS20100,0.103130025245014
SGL_RS10820,SGL_RS16990,0.10312893245859
SGL_RS00455,SGL_RS08295,0.103123556981649
SGL_RS17440,SGL_RS10335,0.103119487126477
SGL_RS12430,SGL_RS17055,0.103111018702889
SGL_RS13130,SGL_RS08025,0.103085571124815
SGL_RS08080,SGL_RS15370,0.103083960774688
SGL_RS04055,SGL_RS06045,0.10306917512079
SGL_RS03065,SGL_RS11035,0.103068215356634
SGL_RS17760,SGL_RS05560,0.103055069630405
SGL_RS06080,SGL_RS19565,0.103021119323835
SGL_RS15805,SGL_RS16845,0.103017461710242
SGL_RS06215,SGL_RS04455,0.103014060054711
SGL_RS12430,SGL_RS13885,0.103014002202379
SGL_RS06080,SGL_RS07210,0.103012394120707
SGL_RS12540,SGL_RS12750,0.102994357926835
SGL_RS01215,SGL_RS01285,0.102972279618783
SGL_RS15805,SGL_RS15570,0.102962039045827
SGL_RS12430,SGL_RS13730,0.102957074384372
SGL_RS00400,SGL_RS16320,0.102949906727844
SGL_RS15805,SGL_RS15680,0.102944817804208
SGL_RS05150,SGL_RS06815,0.102927933028747
SGL_RS15965,SGL_RS03670,0.102915976963774
SGL_RS17395,SGL_RS19985,0.102894885961818
SGL_RS08040,SGL_RS01545,0.102888451087007
SGL_RS14385,SGL_RS17630,0.102874898772313
SGL_RS12005,SGL_RS11170,0.102867199442214
SGL_RS12595,SGL_RS11795,0.102846031444068
SGL_RS12430,SGL_RS13530,0.102827304244204
SGL_RS00320,SGL_RS01570,0.102823320571445
SGL_RS18290,SGL_RS10270,0.102820889266971
SGL_RS12430,SGL_RS03115,0.102815972611773
SGL_RS15805,SGL_RS06035,0.102808996151942
SGL_RS08835,SGL_RS02945,0.102785782231172
SGL_RS12430,SGL_RS07815,0.102746518192088
SGL_RS14610,SGL_RS03955,0.102680613209188
SGL_RS04450,SGL_RS11520,0.102675421053068
SGL_RS04450,SGL_RS10005,0.102672199188131
SGL_RS12430,SGL_RS10340,0.102660311867491
SGL_RS00075,SGL_RS00395,0.102639333051404
SGL_RS14385,SGL_RS13640,0.10263517896062
SGL_RS14385,SGL_RS15360,0.102606196229693
SGL_RS00075,SGL_RS17375,0.102592865346174
SGL_RS03065,SGL_RS02740,0.102561502441251
SGL_RS00320,SGL_RS03915,0.102551715589115
SGL_RS15965,SGL_RS14830,0.102525961401088
SGL_RS17440,SGL_RS10520,0.102483235830012
SGL_RS05150,SGL_RS10180,0.102479651018047
SGL_RS15805,SGL_RS03105,0.102473795744242
SGL_RS06340,SGL_RS08250,0.102466007936908
SGL_RS04725,SGL_RS14285,0.102464012568523
SGL_RS12430,SGL_RS06970,0.102447659732311
SGL_RS15805,SGL_RS02530,0.102434785689367
SGL_RS17395,SGL_RS13120,0.102432594350166
SGL_RS15210,SGL_RS07390,0.102415689591481
SGL_RS15210,SGL_RS05520,0.102396525363588
SGL_RS17760,SGL_RS00915,0.102392770655846
SGL_RS11370,SGL_RS07900,0.102377557833225
SGL_RS18290,SGL_RS08105,0.102371704461263
SGL_RS17395,SGL_RS17125,0.102367926114173
SGL_RS02020,SGL_RS00910,0.102361772363092
SGL_RS10605,SGL_RS06370,0.102344613136484
SGL_RS15210,SGL_RS11625,0.102341022888953
SGL_RS12430,SGL_RS13560,0.102315560549876
SGL_RS16495,SGL_RS09675,0.102306094967618
SGL_RS15805,SGL_RS12285,0.102304707664744
SGL_RS15805,SGL_RS05220,0.102303504956041
SGL_RS01980,SGL_RS02020,0.102298679412725
SGL_RS02470,SGL_RS15100,0.102296845056314
SGL_RS06410,SGL_RS02880,0.102275452672795
SGL_RS12430,SGL_RS07690,0.10227492515621
SGL_RS15805,SGL_RS16820,0.102271453405134
SGL_RS01980,SGL_RS14730,0.102233398603453
SGL_RS17395,SGL_RS09350,0.102227257680512
SGL_RS00075,SGL_RS02050,0.102214602435475
SGL_RS15210,SGL_RS02685,0.10219595968888
SGL_RS12430,SGL_RS16690,0.102192578657465
SGL_RS09285,SGL_RS10650,0.102185961570825
SGL_RS17760,SGL_RS15405,0.102141118298939
SGL_RS03065,SGL_RS13905,0.102139360756254
SGL_RS14385,SGL_RS07105,0.102123219718256
SGL_RS08210,SGL_RS15180,0.102112326656735
SGL_RS08210,SGL_RS11845,0.102103757494313
SGL_RS14385,SGL_RS18050,0.102091569135903
SGL_RS10820,SGL_RS03335,0.102089837819732
SGL_RS13130,SGL_RS06700,0.102081281076013
SGL_RS02470,SGL_RS15505,0.102066108326879
SGL_RS15210,SGL_RS02690,0.102053083567469
SGL_RS12430,SGL_RS08170,0.102047179846752
SGL_RS06215,SGL_RS06990,0.102044295918725
SGL_RS04615,SGL_RS05645,0.102031141958529
SGL_RS17440,SGL_RS14490,0.102025975021028
SGL_RS15215,SGL_RS13260,0.101995657735586
SGL_RS08210,SGL_RS10945,0.101989662000394
SGL_RS02470,SGL_RS04320,0.10198579874625
SGL_RS17760,SGL_RS08445,0.101979876704039
SGL_RS12430,SGL_RS09320,0.10197532900528
SGL_RS07535,SGL_RS15275,0.10197444416015
SGL_RS12430,SGL_RS02430,0.101963742793697
SGL_RS09285,SGL_RS10985,0.101963410299512
SGL_RS12430,SGL_RS18310,0.101963408586729
SGL_RS15805,SGL_RS11360,0.101944212528372
SGL_RS00400,SGL_RS00330,0.101935213675138
SGL_RS10820,SGL_RS14370,0.101922164135607
SGL_RS06410,SGL_RS08590,0.101919164820775
SGL_RS12430,SGL_RS01920,0.101911702722448
SGL_RS00455,SGL_RS09735,0.101886302260875
SGL_RS06215,SGL_RS18275,0.101882595789213
SGL_RS04450,SGL_RS18185,0.101879620584809
SGL_RS00515,SGL_RS07115,0.10187057410966
SGL_RS00400,SGL_RS03620,0.101849880513284
SGL_RS04725,SGL_RS11915,0.101839352802553
SGL_RS01980,SGL_RS00005,0.101833243906162
SGL_RS04055,SGL_RS19620,0.1018303902247
SGL_RS12430,SGL_RS13155,0.101824380482573
SGL_RS08500,SGL_RS08120,0.101804572248407
SGL_RS17245,SGL_RS05300,0.101772732807173
SGL_RS06410,SGL_RS05345,0.101762256784126
SGL_RS16495,SGL_RS02980,0.101751818630749
SGL_RS15965,SGL_RS00365,0.101751530288881
SGL_RS06410,SGL_RS16480,0.101747948349105
SGL_RS07740,SGL_RS03225,0.101743418253023
SGL_RS00400,SGL_RS00470,0.101717798167472
SGL_RS12430,SGL_RS08975,0.101713749453412
SGL_RS08835,SGL_RS11595,0.101711456865215
SGL_RS09285,SGL_RS11220,0.10167071157942
SGL_RS00455,SGL_RS03675,0.101649728564496
SGL_RS17760,SGL_RS15865,0.101645995679045
SGL_RS10820,SGL_RS02610,0.101644990065592
SGL_RS10820,SGL_RS09950,0.101638606410443
SGL_RS12595,SGL_RS14665,0.101606981801611
SGL_RS04055,SGL_RS15245,0.101602365332437
SGL_RS08835,SGL_RS17775,0.101595852392444
SGL_RS01215,SGL_RS01315,0.101553224685518
SGL_RS12430,SGL_RS03130,0.101543187157352
SGL_RS02470,SGL_RS05820,0.101537998354579
SGL_RS17440,SGL_RS02175,0.101526915349734
SGL_RS12595,SGL_RS05870,0.101494506775373
SGL_RS15210,SGL_RS15900,0.101493960898655
SGL_RS15965,SGL_RS14365,0.101485812039743
SGL_RS10605,SGL_RS08445,0.101475696689611
SGL_RS08835,SGL_RS15910,0.10147335399245
SGL_RS12430,SGL_RS14090,0.101456633457512
SGL_RS10605,SGL_RS14110,0.10145228426871
SGL_RS07740,SGL_RS06050,0.101445876592779
SGL_RS01255,SGL_RS01650,0.101436924838298
SGL_RS15805,SGL_RS12970,0.101407629532318
SGL_RS15805,SGL_RS14010,0.101370892578375
SGL_RS15245,SGL_RS16030,0.101370251014849
SGL_RS16495,SGL_RS17580,0.101362323432748
SGL_RS00400,SGL_RS11905,0.10136150413338
SGL_RS12430,SGL_RS15205,0.101359392370067
SGL_RS00455,SGL_RS08300,0.101346612328823
SGL_RS15805,SGL_RS11850,0.101331569885632
SGL_RS12005,SGL_RS13205,0.101325535421761
SGL_RS15805,SGL_RS09110,0.101293861823897
SGL_RS15965,SGL_RS04230,0.101283866482588
SGL_RS12005,SGL_RS17820,0.101282309082059
SGL_RS17760,SGL_RS07365,0.101262050451863
SGL_RS01955,SGL_RS02025,0.101240663805879
SGL_RS09285,SGL_RS13390,0.1012401431064
SGL_RS15805,SGL_RS04370,0.101237832366082
SGL_RS09285,SGL_RS06750,0.10122273605848
SGL_RS10820,SGL_RS05345,0.101212180316853
SGL_RS11370,SGL_RS13785,0.101203525460072
SGL_RS15805,SGL_RS16775,0.101199180113502
SGL_RS00455,SGL_RS03715,0.101197798207058
SGL_RS12430,SGL_RS07755,0.101193303125253
SGL_RS04725,SGL_RS02200,0.101184475163885
SGL_RS17760,SGL_RS19625,0.101181987308806
SGL_RS15805,SGL_RS09860,0.101178927556729
SGL_RS10820,SGL_RS10695,0.101172514966543
SGL_RS03065,SGL_RS07650,0.101151673228296
SGL_RS12005,SGL_RS04410,0.101147420588867
SGL_RS09285,SGL_RS06425,0.101147298379254
SGL_RS15805,SGL_RS16940,0.101128096473606
SGL_RS17760,SGL_RS08850,0.101104393681011
SGL_RS17395,SGL_RS10510,0.101104351621707
SGL_RS15245,SGL_RS08385,0.101103387335728
SGL_RS12430,SGL_RS07140,0.101103028674004
SGL_RS04450,SGL_RS11420,0.101098765256411
SGL_RS04820,SGL_RS09225,0.101091222569018
SGL_RS00400,SGL_RS15615,0.101072436521667
SGL_RS04725,SGL_RS15030,0.101072290367674
SGL_RS15965,SGL_RS11865,0.101065592240489
SGL_RS10605,SGL_RS06845,0.101060174255824
SGL_RS15805,SGL_RS11385,0.101042782590994
SGL_RS12430,SGL_RS03260,0.101029699985425
SGL_RS06410,SGL_RS20030,0.101017771601998
SGL_RS00400,SGL_RS00655,0.101015092962126
SGL_RS10820,SGL_RS06585,0.100953323468891
SGL_RS15805,SGL_RS13730,0.10094546450929
SGL_RS07730,SGL_RS00830,0.100941601697989
SGL_RS06215,SGL_RS11525,0.100940741520497
SGL_RS12430,SGL_RS05440,0.100931397209015
SGL_RS00320,SGL_RS00720,0.100925294472116
SGL_RS10605,SGL_RS12885,0.100911390187753
SGL_RS00400,SGL_RS09550,0.100910863043841
SGL_RS15965,SGL_RS16000,0.10090799033098
SGL_RS17395,SGL_RS17185,0.100886361756887
SGL_RS17760,SGL_RS14830,0.100878441069145
SGL_RS16165,SGL_RS00465,0.100877803678525
SGL_RS06410,SGL_RS05540,0.100875168964181
SGL_RS10605,SGL_RS08630,0.100847539240329
SGL_RS12540,SGL_RS09000,0.100841696050461
SGL_RS00400,SGL_RS16275,0.100827642674976
SGL_RS04055,SGL_RS07570,0.100819585441209
SGL_RS08835,SGL_RS07370,0.100808626540672
SGL_RS16495,SGL_RS12225,0.100789252750668
SGL_RS00075,SGL_RS09570,0.10078268655901
SGL_RS18290,SGL_RS08025,0.100751240742011
SGL_RS16495,SGL_RS03165,0.100745343502574
SGL_RS16080,SGL_RS18970,0.100739170985802
SGL_RS02470,SGL_RS05770,0.10073365578782
SGL_RS16495,SGL_RS16215,0.100730131061468
SGL_RS12595,SGL_RS09775,0.100727889218886
SGL_RS00320,SGL_RS03220,0.100725235423262
SGL_RS00075,SGL_RS00475,0.100718057802539
SGL_RS04725,SGL_RS07880,0.100713092219851
SGL_RS15805,SGL_RS08055,0.10070806214519
SGL_RS08210,SGL_RS03420,0.100704006750701
SGL_RS17395,SGL_RS17620,0.100702547208747
SGL_RS06080,SGL_RS07780,0.100697151957131
SGL_RS13820,SGL_RS05425,0.100689401840118
SGL_RS17760,SGL_RS16390,0.100658153932391
SGL_RS18290,SGL_RS17195,0.100648190987946
SGL_RS15805,SGL_RS12175,0.100645112136747
SGL_RS00400,SGL_RS07070,0.100643631090142
SGL_RS02470,SGL_RS05830,0.100635363881614
SGL_RS15965,SGL_RS00280,0.100621940559585
SGL_RS07730,SGL_RS04885,0.100588711460459
SGL_RS14385,SGL_RS03250,0.100571841402977
SGL_RS00455,SGL_RS01065,0.100559530552703
SGL_RS04055,SGL_RS07530,0.100558562444636
SGL_RS00075,SGL_RS00695,0.10054900474755
SGL_RS06410,SGL_RS12210,0.100543946572675
SGL_RS04055,SGL_RS08635,0.100530876401445
SGL_RS10605,SGL_RS07250,0.100511622037612
SGL_RS15805,SGL_RS13690,0.100510136776152
SGL_RS04725,SGL_RS08125,0.100507154911226
SGL_RS02510,SGL_RS05690,0.100473587347268
SGL_RS12430,SGL_RS17090,0.100471475696309
SGL_RS14385,SGL_RS16630,0.100462638500433
SGL_RS18290,SGL_RS13490,0.100421888445634
SGL_RS04450,SGL_RS05295,0.100417563235958
SGL_RS00400,SGL_RS04280,0.100413412657466
SGL_RS02990,SGL_RS19945,0.100412863461459
SGL_RS00400,SGL_RS10045,0.100377245604038
SGL_RS17120,SGL_RS10200,0.100370377106834
SGL_RS01955,SGL_RS01360,0.100361259323656
SGL_RS17395,SGL_RS04985,0.10033840866077
SGL_RS15210,SGL_RS02885,0.100337615639411
SGL_RS00400,SGL_RS02920,0.10033668036766
SGL_RS07730,SGL_RS02405,0.10032408031324
SGL_RS15805,SGL_RS12940,0.100311154954358
SGL_RS10605,SGL_RS03275,0.100296643841897
SGL_RS01980,SGL_RS00695,0.100295549037039
SGL_RS12430,SGL_RS14660,0.100295301578928
SGL_RS08500,SGL_RS14635,0.100281786997074
SGL_RS12430,SGL_RS04625,0.100279126220166
SGL_RS01980,SGL_RS04150,0.100277094679975
SGL_RS12430,SGL_RS13465,0.100270559310117
SGL_RS14165,SGL_RS14175,0.100254890701682
SGL_RS06215,SGL_RS05940,0.100218438199231
SGL_RS00400,SGL_RS01645,0.100212094118395
SGL_RS04450,SGL_RS10800,0.100203696075116
SGL_RS17395,SGL_RS02855,0.100196645321606
SGL_RS12430,SGL_RS08740,0.100189151391505
SGL_RS00670,SGL_RS00475,0.100188407284357
SGL_RS17760,SGL_RS10195,0.100178575362922
SGL_RS06215,SGL_RS10640,0.100171795250161
SGL_RS17760,SGL_RS15910,0.100170621201078
SGL_RS12595,SGL_RS14065,0.10015959138758
SGL_RS06215,SGL_RS19460,0.100145952783667
SGL_RS04055,SGL_RS16970,0.100144655122788
SGL_RS00515,SGL_RS17940,0.100119713910537
SGL_RS17245,SGL_RS13385,0.100118193340884
SGL_RS15210,SGL_RS07545,0.100103167870838
SGL_RS08835,SGL_RS11165,0.100097590471312
SGL_RS16165,SGL_RS11985,0.100087636079234
SGL_RS09285,SGL_RS15290,0.100080358708368
SGL_RS14610,SGL_RS11105,0.100063552452565
SGL_RS16165,SGL_RS17970,0.100063403151178
SGL_RS08835,SGL_RS04140,0.100050667671343
SGL_RS11370,SGL_RS09635,0.100038111013578
SGL_RS12430,SGL_RS07145,0.100031058825864
SGL_RS00320,SGL_RS19525,0.100026976333582
SGL_RS00455,SGL_RS00990,0.100014592096675
SGL_RS01980,SGL_RS00320,0.0999865755741843
SGL_RS15965,SGL_RS00440,0.0999818765901317
SGL_RS15805,SGL_RS05535,0.0999745518193503
SGL_RS14540,SGL_RS13730,0.0999736068908916
SGL_RS13820,SGL_RS15810,0.099970422834004
SGL_RS16165,SGL_RS19380,0.0999640088557975
SGL_RS10820,SGL_RS05020,0.0999336134857783
SGL_RS01980,SGL_RS01845,0.0999122445080743
SGL_RS14385,SGL_RS08045,0.0999102987620391
SGL_RS04450,SGL_RS10000,0.0999094552980169
SGL_RS17760,SGL_RS17675,0.0999023988042414
SGL_RS04450,SGL_RS15190,0.0998864089236332
SGL_RS18290,SGL_RS17850,0.0998840849962746
SGL_RS09285,SGL_RS06350,0.0998746816693896
SGL_RS02510,SGL_RS02130,0.0998606571282153
SGL_RS15805,SGL_RS08505,0.0998584077734672
SGL_RS15965,SGL_RS00270,0.0998581827545834
SGL_RS15805,SGL_RS05620,0.0998485487559287
SGL_RS16165,SGL_RS16175,0.0998428125891328
SGL_RS15210,SGL_RS05550,0.0998275074241586
SGL_RS00455,SGL_RS03635,0.0998177251983965
SGL_RS15805,SGL_RS04750,0.0997800522453673
SGL_RS10820,SGL_RS10735,0.0997758196378237
SGL_RS15965,SGL_RS15165,0.0997689132531248
SGL_RS08165,SGL_RS18960,0.0997678355392432
SGL_RS08520,SGL_RS17320,0.099762443142879
SGL_RS17395,SGL_RS05950,0.0997601169906087
SGL_RS01625,SGL_RS00550,0.099759040738144
SGL_RS00455,SGL_RS00900,0.0997499726033114
SGL_RS15805,SGL_RS12345,0.0997484790885012
SGL_RS12430,SGL_RS03450,0.0997205199747749
SGL_RS14385,SGL_RS15640,0.0997183585007869
SGL_RS00400,SGL_RS00105,0.0996765939231329
SGL_RS06080,SGL_RS16240,0.0996692508126618
SGL_RS06410,SGL_RS02435,0.0996654084009475
SGL_RS08210,SGL_RS16840,0.0996588781214688
SGL_RS12430,SGL_RS08980,0.0996468420489941
SGL_RS16495,SGL_RS10290,0.0996423975187694
SGL_RS02470,SGL_RS05800,0.0996258507550044
SGL_RS01980,SGL_RS16385,0.0996258108712197
SGL_RS09285,SGL_RS09375,0.0996082982371342
SGL_RS04055,SGL_RS02900,0.0995845261562557
SGL_RS10605,SGL_RS19715,0.0995761386850274
SGL_RS00400,SGL_RS01690,0.0995370949248406
SGL_RS17760,SGL_RS07235,0.0995330127817516
SGL_RS11370,SGL_RS13385,0.0995307900291588
SGL_RS00400,SGL_RS00005,0.0995287387770555
SGL_RS15210,SGL_RS08565,0.0995085430365756
SGL_RS04450,SGL_RS05730,0.0994904771657068
SGL_RS12430,SGL_RS14550,0.0994756930532151
SGL_RS17395,SGL_RS09635,0.0994599294261221
SGL_RS15965,SGL_RS04155,0.0994123341141474
SGL_RS07730,SGL_RS11395,0.099395925702264
SGL_RS01980,SGL_RS12630,0.0993952650310568
SGL_RS00400,SGL_RS01630,0.0993750826145878
SGL_RS17760,SGL_RS17995,0.099374222312017
SGL_RS04055,SGL_RS16660,0.0993714374701965
SGL_RS00400,SGL_RS00770,0.0993494607448792
SGL_RS07730,SGL_RS18270,0.0993485608115247
SGL_RS17395,SGL_RS12490,0.0993333712290456
SGL_RS12430,SGL_RS07050,0.0993077636327561
SGL_RS12595,SGL_RS12945,0.0992926528913135
SGL_RS08835,SGL_RS10055,0.0992881183070662
SGL_RS17760,SGL_RS02925,0.0992842313266816
SGL_RS16495,SGL_RS16570,0.099257628410309
SGL_RS10605,SGL_RS13230,0.0992518688760236
SGL_RS15805,SGL_RS13055,0.0992508509669908
SGL_RS15805,SGL_RS16615,0.0992467246704781
SGL_RS15965,SGL_RS00680,0.0992324947987447
SGL_RS00515,SGL_RS00355,0.0992212854113263
SGL_RS08500,SGL_RS04875,0.0992060914460139
SGL_RS12005,SGL_RS01130,0.0991909313143964
SGL_RS00400,SGL_RS05160,0.0991867837717685
SGL_RS11985,SGL_RS15850,0.0991732944300913
SGL_RS09285,SGL_RS00815,0.0991711598630597
SGL_RS03065,SGL_RS16340,0.0991375885819403
SGL_RS15965,SGL_RS08325,0.099126919012028
SGL_RS08210,SGL_RS10270,0.0991225067651901
SGL_RS07730,SGL_RS07785,0.0991152509376947
SGL_RS00320,SGL_RS00560,0.0991149590976778
SGL_RS18290,SGL_RS17835,0.0991048354172934
SGL_RS02510,SGL_RS11060,0.099101236242375
SGL_RS04725,SGL_RS04250,0.0991007763686721
SGL_RS12430,SGL_RS13180,0.0990613380535601
SGL_RS04450,SGL_RS07995,0.0990556011377696
SGL_RS09285,SGL_RS15300,0.0990505399693531
SGL_RS15245,SGL_RS16660,0.0990463532509559
SGL_RS12430,SGL_RS06595,0.0990398222102035
SGL_RS04725,SGL_RS03345,0.099038605631815
SGL_RS15805,SGL_RS15330,0.0990267073710062
SGL_RS14385,SGL_RS14250,0.0990042111051962
SGL_RS00515,SGL_RS04960,0.098995132223328
SGL_RS00400,SGL_RS00390,0.0989795107861438
SGL_RS08835,SGL_RS00060,0.0989791775308591
SGL_RS04055,SGL_RS04615,0.0989570875568153
SGL_RS04055,SGL_RS04505,0.0989492330970502
SGL_RS15805,SGL_RS15460,0.0989481346615813
SGL_RS10605,SGL_RS04315,0.098946088800581
SGL_RS15805,SGL_RS06980,0.098945918762761
SGL_RS00515,SGL_RS07720,0.0989351914868333
SGL_RS15805,SGL_RS15225,0.0989248828184615
SGL_RS09285,SGL_RS14565,0.0989237736606905
SGL_RS00320,SGL_RS00040,0.098874439841656
SGL_RS07535,SGL_RS08940,0.0988633526009919
SGL_RS15805,SGL_RS07805,0.0988576930522262
SGL_RS00670,SGL_RS05205,0.0988542990033834
SGL_RS17760,SGL_RS10070,0.0988519726609106
SGL_RS17395,SGL_RS14025,0.0988430867119646
SGL_RS10605,SGL_RS17055,0.0988333114540216
SGL_RS08165,SGL_RS15050,0.098807646597847
SGL_RS15805,SGL_RS13330,0.0987768828891994
SGL_RS15805,SGL_RS04075,0.0987666856350062
SGL_RS00075,SGL_RS17785,0.098760395395609
SGL_RS04450,SGL_RS04715,0.0987602401739569
SGL_RS12430,SGL_RS11510,0.0987416823281949
SGL_RS12005,SGL_RS05230,0.0987197750615506
SGL_RS15805,SGL_RS17495,0.0987145806582449
SGL_RS09285,SGL_RS02155,0.0987068906007838
SGL_RS06410,SGL_RS05770,0.0986957505897896
SGL_RS08210,SGL_RS07535,0.0986957116411616
SGL_RS08845,SGL_RS05350,0.0986890874852782
SGL_RS15805,SGL_RS09320,0.0986807016509073
SGL_RS13820,SGL_RS03970,0.0986650326353599
SGL_RS06215,SGL_RS15070,0.0986501233138188
SGL_RS12430,SGL_RS05560,0.0986488939964966
SGL_RS00075,SGL_RS00120,0.0986365720867718
SGL_RS01625,SGL_RS12285,0.0986305273428715
SGL_RS12430,SGL_RS10400,0.0986247399992269
SGL_RS10605,SGL_RS05675,0.0986238999025612
SGL_RS15805,SGL_RS09820,0.0986146960311802
SGL_RS00400,SGL_RS11180,0.098610630379705
SGL_RS00455,SGL_RS03580,0.0985967707225177
SGL_RS18290,SGL_RS16765,0.0985946102067464
SGL_RS12430,SGL_RS15230,0.0985908751447882
SGL_RS01955,SGL_RS14685,0.0985907053697174
SGL_RS12430,SGL_RS18240,0.0985864829193562
SGL_RS08210,SGL_RS06920,0.0985747344140521
SGL_RS15805,SGL_RS05440,0.0985376501911938
SGL_RS10820,SGL_RS04415,0.0985367009168873
SGL_RS08500,SGL_RS10905,0.0985209882063174
SGL_RS17760,SGL_RS18370,0.0985043417028547
SGL_RS06410,SGL_RS13205,0.0984987336501547
SGL_RS11370,SGL_RS07995,0.0984942966316874
SGL_RS10820,SGL_RS04850,0.0984936616516059
SGL_RS15965,SGL_RS11600,0.0984919657022486
SGL_RS04055,SGL_RS08240,0.0984845812826958
SGL_RS00400,SGL_RS19735,0.0984827343469497
SGL_RS17395,SGL_RS11025,0.098468415744634
SGL_RS10820,SGL_RS12740,0.0984548911990757
SGL_RS04820,SGL_RS12845,0.0984516582125836
SGL_RS09285,SGL_RS05870,0.0984470843320656
SGL_RS04055,SGL_RS01270,0.0984335119100191
SGL_RS11370,SGL_RS12205,0.0984241794286324
SGL_RS06480,SGL_RS17930,0.0984193541519552
SGL_RS11370,SGL_RS15190,0.0984186771948247
SGL_RS09285,SGL_RS10165,0.0983919052199015
SGL_RS14610,SGL_RS07700,0.0983894273126355
SGL_RS17395,SGL_RS14950,0.0983721400481256
SGL_RS17760,SGL_RS16590,0.0983657407703412
SGL_RS12595,SGL_RS11320,0.0983650715011426
SGL_RS17120,SGL_RS14775,0.0983606095312934
SGL_RS06410,SGL_RS13990,0.0983546097962591
SGL_RS04725,SGL_RS10805,0.0983505436670571
SGL_RS15805,SGL_RS18355,0.0983411182579177
SGL_RS00320,SGL_RS15520,0.0983309053387044
SGL_RS00075,SGL_RS04930,0.0983256584288628
SGL_RS06410,SGL_RS07405,0.0983220699509106
SGL_RS11370,SGL_RS18020,0.0983133624025653
SGL_RS10820,SGL_RS06590,0.098302935126889
SGL_RS10820,SGL_RS12625,0.0982976108574712
SGL_RS12430,SGL_RS15390,0.0982966660498452
SGL_RS12430,SGL_RS06450,0.0982899495122958
SGL_RS08835,SGL_RS12565,0.0982710024802749
SGL_RS15965,SGL_RS03620,0.0982697767571748
SGL_RS16495,SGL_RS03240,0.0982695946330512
SGL_RS00400,SGL_RS09535,0.0982682582604166
SGL_RS18290,SGL_RS10110,0.0982577790040332
SGL_RS00400,SGL_RS02950,0.098253622476957
SGL_RS04055,SGL_RS18725,0.098252215684403
SGL_RS15965,SGL_RS15675,0.0982487631692436
SGL_RS12430,SGL_RS09825,0.0982199010550015
SGL_RS18290,SGL_RS13905,0.0982047686785332
SGL_RS00400,SGL_RS00530,0.0981914189358944
SGL_RS00320,SGL_RS05070,0.0981846126338694
SGL_RS15245,SGL_RS12310,0.0981827507499817
SGL_RS06215,SGL_RS06230,0.0981768414836054
SGL_RS04450,SGL_RS03845,0.0981627684970181
SGL_RS15805,SGL_RS15870,0.0981556224325095
SGL_RS18290,SGL_RS11480,0.0981497345946035
SGL_RS08500,SGL_RS18100,0.098145125270796
SGL_RS10605,SGL_RS08600,0.0981381209034359
SGL_RS10820,SGL_RS05190,0.0981146747921399
SGL_RS08210,SGL_RS08970,0.0981112925235078
SGL_RS12430,SGL_RS04085,0.0980970712353028
SGL_RS00320,SGL_RS12635,0.0980812145295553
SGL_RS00400,SGL_RS00340,0.0980804191601058
SGL_RS10820,SGL_RS03905,0.0980654407010458
SGL_RS01955,SGL_RS00500,0.0980638698133369
SGL_RS15805,SGL_RS12685,0.098057368537603
SGL_RS01255,SGL_RS01335,0.0980542366025652
SGL_RS01980,SGL_RS05070,0.0980381115828341
SGL_RS00320,SGL_RS11465,0.098029619438415
SGL_RS00515,SGL_RS00050,0.097962146436722
SGL_RS17760,SGL_RS04680,0.0979562588352642
SGL_RS06215,SGL_RS02830,0.0979307758615125
SGL_RS07740,SGL_RS17545,0.0979157608300099
SGL_RS12430,SGL_RS11275,0.097910132121178
SGL_RS12430,SGL_RS04100,0.0979063525252828
SGL_RS15965,SGL_RS11270,0.0978996112588458
SGL_RS02020,SGL_RS01945,0.0978959014217682
SGL_RS04615,SGL_RS07205,0.0978882720824772
SGL_RS10605,SGL_RS04760,0.0978857119876673
SGL_RS04450,SGL_RS10150,0.0978829458469228
SGL_RS09285,SGL_RS07645,0.0978799573167763
SGL_RS11985,SGL_RS15120,0.0978793814330033
SGL_RS06080,SGL_RS19425,0.0978588244332829
SGL_RS12595,SGL_RS14100,0.0978498027315989
SGL_RS16165,SGL_RS01735,0.0978488421935562
SGL_RS00515,SGL_RS00230,0.0978447622246651
SGL_RS10820,SGL_RS02600,0.0978354611964312
SGL_RS07730,SGL_RS12310,0.0978099587214342
SGL_RS12005,SGL_RS17175,0.0978005855833563
SGL_RS00670,SGL_RS01840,0.0977989779973794
SGL_RS15965,SGL_RS01060,0.097788454046533
SGL_RS03065,SGL_RS07290,0.0977738374944765
SGL_RS04450,SGL_RS06205,0.0977723439362357
SGL_RS06215,SGL_RS06355,0.0977694985394031
SGL_RS17760,SGL_RS05020,0.0977686071787763
SGL_RS18290,SGL_RS16735,0.0977566078170524
SGL_RS02510,SGL_RS11055,0.0977409780982975
SGL_RS12430,SGL_RS16850,0.0977386839086444
SGL_RS08210,SGL_RS15700,0.0977314430100298
SGL_RS00400,SGL_RS01320,0.0977299758657269
SGL_RS06080,SGL_RS16165,0.09772543380809
SGL_RS02020,SGL_RS01320,0.0977243264243354
SGL_RS08500,SGL_RS04865,0.0977213438299202
SGL_RS01625,SGL_RS01620,0.0977177383798315
SGL_RS04450,SGL_RS14540,0.0976933867114948
SGL_RS00515,SGL_RS17580,0.0976865339013887
SGL_RS04725,SGL_RS05300,0.0976833427560334
SGL_RS04055,SGL_RS15520,0.0976660299290713
SGL_RS00515,SGL_RS04770,0.0976544127724134
SGL_RS18290,SGL_RS03425,0.0976327580552803
SGL_RS13820,SGL_RS15435,0.0976290150017157
SGL_RS00515,SGL_RS14275,0.0976086579387997
SGL_RS13130,SGL_RS17835,0.0976072245661607
SGL_RS00400,SGL_RS11665,0.097600989227872
SGL_RS17760,SGL_RS00215,0.0976002435950808
SGL_RS16165,SGL_RS17975,0.0975903095001092
SGL_RS13820,SGL_RS10600,0.0975826116775246
SGL_RS15965,SGL_RS04635,0.0975761394791149
SGL_RS00320,SGL_RS16855,0.0975580010730389
SGL_RS15965,SGL_RS17885,0.0975550129293573
SGL_RS04450,SGL_RS17085,0.0975296091034637
SGL_RS04450,SGL_RS12765,0.0975268169400198
SGL_RS04055,SGL_RS17345,0.0975210384699188
SGL_RS10605,SGL_RS14570,0.097514422513693
SGL_RS00400,SGL_RS01815,0.0975113946859333
SGL_RS00075,SGL_RS13595,0.097506104221457
SGL_RS10820,SGL_RS15025,0.0975055220456101
SGL_RS06340,SGL_RS17125,0.0974921874603902
SGL_RS07730,SGL_RS06790,0.097487409240733
SGL_RS03065,SGL_RS02330,0.097486878236269
SGL_RS12430,SGL_RS10955,0.0974794909844557
SGL_RS17395,SGL_RS11835,0.0974594936696152
SGL_RS12595,SGL_RS02460,0.0974569338338473
SGL_RS06480,SGL_RS04275,0.0974561029959121
SGL_RS12430,SGL_RS02330,0.0974492897065877
SGL_RS02990,SGL_RS06440,0.0974229514165087
SGL_RS06340,SGL_RS14320,0.0974129355815222
SGL_RS16165,SGL_RS19355,0.0974104291113258
SGL_RS00320,SGL_RS00970,0.0974048170096915
SGL_RS09285,SGL_RS16630,0.0973914398686911
SGL_RS00670,SGL_RS00775,0.0973789678952943
SGL_RS16495,SGL_RS06925,0.0973768749104266
SGL_RS04055,SGL_RS12470,0.0973591321320688
SGL_RS13130,SGL_RS13500,0.0973578569665584
SGL_RS00400,SGL_RS05530,0.0973562888683246
SGL_RS04055,SGL_RS03480,0.0973491628888765
SGL_RS09285,SGL_RS10565,0.097345630663884
SGL_RS00400,SGL_RS00235,0.0973292817263459
SGL_RS00400,SGL_RS14735,0.0973267865257586
SGL_RS01955,SGL_RS17635,0.0973208206417284
SGL_RS10820,SGL_RS06375,0.0973075588800407
SGL_RS09285,SGL_RS07145,0.097296402114277
SGL_RS00400,SGL_RS19655,0.0972941042188375
SGL_RS08835,SGL_RS14840,0.0972841075572607
SGL_RS12005,SGL_RS12160,0.0972619472671809
SGL_RS00320,SGL_RS00375,0.097260990213957
SGL_RS06410,SGL_RS12045,0.0972586733417261
SGL_RS15805,SGL_RS05455,0.0972478725851261
SGL_RS00075,SGL_RS00110,0.0972475105048797
SGL_RS09285,SGL_RS11080,0.0972404352317781
SGL_RS01625,SGL_RS13070,0.0972365176880394
SGL_RS01625,SGL_RS05170,0.0972193676484749
SGL_RS15965,SGL_RS18250,0.0972102100265521
SGL_RS15965,SGL_RS07510,0.0972066626272495
SGL_RS15965,SGL_RS00010,0.0972051490220196
SGL_RS11985,SGL_RS11960,0.0971988214578234
SGL_RS17395,SGL_RS09270,0.0971893069460209
SGL_RS06215,SGL_RS07595,0.0971834213912213
SGL_RS18290,SGL_RS05100,0.0971474019441038
SGL_RS08835,SGL_RS10415,0.0971442425025973
SGL_RS12430,SGL_RS03460,0.0971424879795473
SGL_RS10820,SGL_RS01570,0.0971312534826589
SGL_RS01980,SGL_RS14715,0.0971173215651873
SGL_RS06215,SGL_RS17215,0.0971130209830562
SGL_RS06215,SGL_RS06420,0.0971080374177078
SGL_RS14540,SGL_RS11855,0.0970965194541944
SGL_RS01955,SGL_RS04370,0.0970876579196041
SGL_RS12595,SGL_RS12975,0.0970699717629857
SGL_RS15210,SGL_RS07595,0.0970695047120556
SGL_RS02020,SGL_RS10815,0.0970254286019577
SGL_RS15965,SGL_RS02035,0.0970240712449659
SGL_RS17120,SGL_RS06015,0.0970138730476516
SGL_RS17245,SGL_RS05720,0.0970032822533306
SGL_RS17760,SGL_RS02195,0.096994403587243
SGL_RS00320,SGL_RS07095,0.0969927565213813
SGL_RS03065,SGL_RS08735,0.0969684073757494
SGL_RS11370,SGL_RS11420,0.096956444569418
SGL_RS04055,SGL_RS10880,0.0969515541045195
SGL_RS09285,SGL_RS08755,0.0969074871193653
SGL_RS15805,SGL_RS13660,0.0968985557532148
SGL_RS02020,SGL_RS00430,0.0968911139371685
SGL_RS11285,SGL_RS02850,0.09687867669865
SGL_RS00455,SGL_RS08290,0.0968664901710234
SGL_RS15805,SGL_RS13890,0.096856788904027
SGL_RS12430,SGL_RS07580,0.0968528321529824
SGL_RS15210,SGL_RS04405,0.096826577316618
SGL_RS01980,SGL_RS03595,0.0968077191072826
SGL_RS03065,SGL_RS03060,0.0968031262213056
SGL_RS15245,SGL_RS11860,0.0967979666789363
SGL_RS17395,SGL_RS10625,0.0967879724619149
SGL_RS10605,SGL_RS07050,0.0967858755042598
SGL_RS15210,SGL_RS02680,0.0967795010347143
SGL_RS00400,SGL_RS19095,0.0967774404249205
SGL_RS00075,SGL_RS18470,0.0967423423392319
SGL_RS17395,SGL_RS13145,0.096741426041817
SGL_RS06480,SGL_RS02540,0.096712066431352
SGL_RS16495,SGL_RS02085,0.096698402547465
SGL_RS14385,SGL_RS14375,0.0966978293297771
SGL_RS13820,SGL_RS13265,0.0966794163681257
SGL_RS15965,SGL_RS04300,0.0966789706517337
SGL_RS15805,SGL_RS17240,0.0966753602581265
SGL_RS16495,SGL_RS09970,0.0966753040691916
SGL_RS12595,SGL_RS07665,0.0966725868245312
SGL_RS10820,SGL_RS16950,0.0966693816378759
SGL_RS17760,SGL_RS09780,0.0966688017649005
SGL_RS08500,SGL_RS04605,0.0966598440158589
SGL_RS04055,SGL_RS10260,0.0966588139821014
SGL_RS17395,SGL_RS13850,0.0966482466044336
SGL_RS09285,SGL_RS11800,0.0966204354291807
SGL_RS06340,SGL_RS02475,0.0966135277828308
SGL_RS04725,SGL_RS13990,0.0966080865359218
SGL_RS11285,SGL_RS10865,0.0966003424594959
SGL_RS10820,SGL_RS06145,0.0965614674607986
SGL_RS08835,SGL_RS05205,0.0965535140300976
SGL_RS00320,SGL_RS01720,0.0965497481948828
SGL_RS04820,SGL_RS03770,0.0965445147919008
SGL_RS10820,SGL_RS04340,0.0965344269662093
SGL_RS12430,SGL_RS02315,0.0965276699711728
SGL_RS15210,SGL_RS05240,0.096522801986937
SGL_RS11370,SGL_RS10800,0.0965168373081492
SGL_RS10605,SGL_RS13580,0.0965085354244276
SGL_RS15805,SGL_RS13505,0.0965073802220233
SGL_RS12430,SGL_RS03395,0.0965011501088193
SGL_RS15965,SGL_RS16215,0.0964884754404724
SGL_RS10605,SGL_RS02220,0.0964818378904802
SGL_RS04725,SGL_RS16295,0.0964728031119863
SGL_RS16080,SGL_RS09240,0.0964657906185895
SGL_RS00400,SGL_RS16225,0.0964554699694906
SGL_RS15210,SGL_RS06405,0.0964530214891961
SGL_RS13820,SGL_RS09800,0.0964328306169218
SGL_RS06215,SGL_RS02730,0.0964239014601688
SGL_RS15805,SGL_RS12265,0.0964085638332215
SGL_RS14385,SGL_RS18355,0.0963959405824549
SGL_RS04450,SGL_RS14075,0.0963752425196593
SGL_RS01980,SGL_RS03615,0.0963646029314784
SGL_RS10605,SGL_RS16625,0.0963616054382475
SGL_RS17395,SGL_RS02480,0.096346091096498
SGL_RS06410,SGL_RS05370,0.096315206249165
SGL_RS08210,SGL_RS03135,0.0963120352018605
SGL_RS15965,SGL_RS19195,0.0963100573123225
SGL_RS08500,SGL_RS14285,0.0963062670216416
SGL_RS12595,SGL_RS15740,0.0962922117335045
SGL_RS02990,SGL_RS16920,0.0962519661599232
SGL_RS15805,SGL_RS02250,0.0962454324558358
SGL_RS08210,SGL_RS14300,0.0962437107484055
SGL_RS08165,SGL_RS14170,0.0962432256292844
SGL_RS08520,SGL_RS03015,0.0962399061502558
SGL_RS15210,SGL_RS14825,0.0962241238316597
SGL_RS12430,SGL_RS08970,0.0962045845929482
SGL_RS04450,SGL_RS05660,0.0961949635972769
SGL_RS10605,SGL_RS08535,0.0961850910193671
SGL_RS03065,SGL_RS09850,0.0961846683326373
SGL_RS00400,SGL_RS03625,0.0961840220039953
SGL_RS15210,SGL_RS02890,0.0961793018630823
SGL_RS10605,SGL_RS06795,0.0961790710455567
SGL_RS00400,SGL_RS09570,0.0961528123801444
SGL_RS08835,SGL_RS14835,0.0961523985756813
SGL_RS15805,SGL_RS11755,0.0961509588087783
SGL_RS12430,SGL_RS16590,0.0961450670301147
SGL_RS12005,SGL_RS00680,0.0961432113900593
SGL_RS15805,SGL_RS09870,0.096141839906221
SGL_RS00515,SGL_RS16110,0.0961234211550654
SGL_RS05150,SGL_RS10700,0.0961189882215154
SGL_RS01215,SGL_RS00880,0.0961015800166696
SGL_RS00670,SGL_RS00105,0.0960984630853509
SGL_RS10820,SGL_RS04020,0.096082100931252
SGL_RS06340,SGL_RS13970,0.0960791434967709
SGL_RS06410,SGL_RS07430,0.0960709231117135
SGL_RS01980,SGL_RS07440,0.0960689199044806
SGL_RS17760,SGL_RS14775,0.0960672082523912
SGL_RS13820,SGL_RS17900,0.096063472967781
SGL_RS15965,SGL_RS01820,0.0960575048069305
SGL_RS07730,SGL_RS16715,0.0960450896993654
SGL_RS12595,SGL_RS11845,0.0960351299714989
SGL_RS07730,SGL_RS06945,0.0960333399461471
SGL_RS04450,SGL_RS16910,0.0960331565383148
SGL_RS08835,SGL_RS00090,0.0960283829712599
SGL_RS15805,SGL_RS07630,0.0960177823994152
SGL_RS12430,SGL_RS11600,0.0960139594680747
SGL_RS11370,SGL_RS09990,0.0960135253928289
SGL_RS17760,SGL_RS11675,0.0960079069816508
SGL_RS15805,SGL_RS10830,0.0959992020168725
SGL_RS04725,SGL_RS09790,0.0959991376702692
SGL_RS14385,SGL_RS15580,0.0959841014088126
SGL_RS08210,SGL_RS18195,0.0959814764006478
SGL_RS07535,SGL_RS11355,0.0959795127453209
SGL_RS14385,SGL_RS17705,0.09597944971596
SGL_RS07730,SGL_RS03320,0.0959717874928403
SGL_RS07730,SGL_RS13090,0.0959633371221738
SGL_RS12430,SGL_RS10995,0.0959369072403138
SGL_RS02990,SGL_RS02510,0.0959273636161882
SGL_RS12595,SGL_RS13705,0.0959204120649017
SGL_RS02470,SGL_RS10500,0.0959123218775465
SGL_RS10605,SGL_RS11075,0.0959064223298172
SGL_RS03065,SGL_RS16680,0.0958989037016898
SGL_RS12430,SGL_RS16945,0.0958902419986377
SGL_RS13130,SGL_RS07300,0.0958858842254296
SGL_RS06410,SGL_RS05685,0.0958794644875026
SGL_RS12595,SGL_RS10575,0.0958730384011679
SGL_RS15805,SGL_RS16370,0.0958686818780028
SGL_RS06340,SGL_RS04505,0.0958631865735071
SGL_RS03065,SGL_RS19805,0.0958624608659147
SGL_RS12430,SGL_RS11755,0.0958559677555633
SGL_RS04725,SGL_RS07485,0.0958415220587501
SGL_RS00400,SGL_RS04300,0.0958397133086
SGL_RS10605,SGL_RS05180,0.0958385713659302
SGL_RS16495,SGL_RS03925,0.0958371536089151
SGL_RS17395,SGL_RS05110,0.0958260868223652
SGL_RS09285,SGL_RS12060,0.0958249845365552
SGL_RS10820,SGL_RS15665,0.0958215407617333
SGL_RS12430,SGL_RS07310,0.0958184695737976
SGL_RS03065,SGL_RS06760,0.0958173576103592
SGL_RS00075,SGL_RS16275,0.0958138941464027
SGL_RS17760,SGL_RS09590,0.0958137672690468
SGL_RS06410,SGL_RS07390,0.0958016167685863
SGL_RS14385,SGL_RS11225,0.0957940843823752
SGL_RS15245,SGL_RS18805,0.0957880119040493
SGL_RS01980,SGL_RS14720,0.0957808840645787
SGL_RS03065,SGL_RS03145,0.0957673929755712
SGL_RS01980,SGL_RS02325,0.0957512876197237
SGL_RS15965,SGL_RS02950,0.0957445892793225
SGL_RS12595,SGL_RS08605,0.0957429883226514
SGL_RS15805,SGL_RS12690,0.0957414959402662
SGL_RS10820,SGL_RS12700,0.095735318150687
SGL_RS00455,SGL_RS00975,0.0957172690674913
SGL_RS12430,SGL_RS14000,0.0957158106955578
SGL_RS15805,SGL_RS02240,0.0957052201997234
SGL_RS12005,SGL_RS13200,0.0957046702124864
SGL_RS16495,SGL_RS19845,0.095700224658887
SGL_RS12595,SGL_RS06605,0.0956865403065774
SGL_RS15210,SGL_RS09980,0.0956717675727545
SGL_RS15805,SGL_RS16890,0.095656669366643
SGL_RS12430,SGL_RS10575,0.0956531495996204
SGL_RS12430,SGL_RS14155,0.0956512567595477
SGL_RS00400,SGL_RS10060,0.0956509111785767
SGL_RS06410,SGL_RS12120,0.0956462354185096
SGL_RS15805,SGL_RS04245,0.0956269641287052
SGL_RS11285,SGL_RS13945,0.0956183744133943
SGL_RS15805,SGL_RS14685,0.0956169971143112
SGL_RS17395,SGL_RS14750,0.0956152256827511
SGL_RS12430,SGL_RS11650,0.0956077670962849
SGL_RS15805,SGL_RS09890,0.0956075572226687
SGL_RS12430,SGL_RS04435,0.0956074570699274
SGL_RS01980,SGL_RS07450,0.0956022180545425
SGL_RS06480,SGL_RS06805,0.095599169619438
SGL_RS11985,SGL_RS05065,0.0955888276207976
SGL_RS00400,SGL_RS10840,0.0955690257505316
SGL_RS07535,SGL_RS05175,0.0955459753308741
SGL_RS01980,SGL_RS09065,0.0955373881034707
SGL_RS01980,SGL_RS09050,0.0955330844594567
SGL_RS01980,SGL_RS20055,0.0955271588902161
SGL_RS04450,SGL_RS18890,0.095506803206512
SGL_RS17395,SGL_RS16910,0.0955049137675217
SGL_RS08520,SGL_RS17385,0.095504181340099
SGL_RS15805,SGL_RS10960,0.095501853242694
SGL_RS13130,SGL_RS15560,0.095497184736893
SGL_RS12430,SGL_RS15425,0.0954899677070905
SGL_RS13820,SGL_RS02550,0.0954738709664954
SGL_RS03065,SGL_RS11560,0.0954482331676226
SGL_RS07730,SGL_RS13325,0.0954438231358779
SGL_RS08165,SGL_RS15065,0.09543850524108
SGL_RS06340,SGL_RS07850,0.0954324267635765
SGL_RS06340,SGL_RS12830,0.0954270664929033
SGL_RS12430,SGL_RS08775,0.0954203309763197
SGL_RS11370,SGL_RS10260,0.0953949256056688
SGL_RS09285,SGL_RS12575,0.0953683145329695
SGL_RS11985,SGL_RS13655,0.0953682205828309
SGL_RS12430,SGL_RS10610,0.0953621334624757
SGL_RS03065,SGL_RS15760,0.0953553680517558
SGL_RS01980,SGL_RS10040,0.0953545405292661
SGL_RS12430,SGL_RS10645,0.0953466519204927
SGL_RS12430,SGL_RS04460,0.0953457489747489
SGL_RS17245,SGL_RS05815,0.0953446720869431
SGL_RS15805,SGL_RS12355,0.0953101777995476
SGL_RS15310,SGL_RS18025,0.0953000453474641
SGL_RS10605,SGL_RS08065,0.0952989779235097
SGL_RS12595,SGL_RS10960,0.0952946386093026
SGL_RS17760,SGL_RS00750,0.0952906539116979
SGL_RS17395,SGL_RS02280,0.0952814999590029
SGL_RS00670,SGL_RS06175,0.0952772175162306
SGL_RS15805,SGL_RS08710,0.0952727687184816
SGL_RS06410,SGL_RS02890,0.0952678604611645
SGL_RS12430,SGL_RS07290,0.0952529731711718
SGL_RS04725,SGL_RS04875,0.0952393011493624
SGL_RS00515,SGL_RS18830,0.0952371066953437
SGL_RS15965,SGL_RS00235,0.0952307667785217
SGL_RS17760,SGL_RS00745,0.0952254983834389
SGL_RS00320,SGL_RS02605,0.095224253926591
SGL_RS08500,SGL_RS02630,0.0952080068951148
SGL_RS15805,SGL_RS07660,0.0952051446972957
SGL_RS12595,SGL_RS12400,0.0952042211254789
SGL_RS12005,SGL_RS11935,0.0951784470497858
SGL_RS06340,SGL_RS13115,0.0951774775409989
SGL_RS12595,SGL_RS13885,0.0951728004461295
SGL_RS00320,SGL_RS00525,0.0951655295801431
SGL_RS10605,SGL_RS15145,0.095159878644784
SGL_RS12430,SGL_RS03175,0.0951575745941891
SGL_RS17395,SGL_RS17455,0.0951385416524513
SGL_RS08500,SGL_RS08770,0.0951227779298135
SGL_RS11370,SGL_RS11345,0.0951218811075983
SGL_RS11370,SGL_RS08745,0.0950852121940548
SGL_RS00515,SGL_RS14670,0.0950453604807507
SGL_RS10820,SGL_RS16830,0.0950446899093346
SGL_RS06215,SGL_RS16665,0.0950370836281478
SGL_RS12595,SGL_RS08885,0.0950291724315913
SGL_RS00320,SGL_RS00470,0.0950249668160952
SGL_RS10820,SGL_RS13940,0.0950195700280644
SGL_RS12430,SGL_RS13060,0.0950105852968099
SGL_RS12430,SGL_RS16835,0.0950051953666232
SGL_RS08165,SGL_RS11065,0.0950014889319651
SGL_RS06340,SGL_RS03960,0.0949942760327377
SGL_RS04055,SGL_RS10300,0.0949921949772698
SGL_RS08500,SGL_RS14115,0.0949861391339261
SGL_RS05150,SGL_RS14455,0.0949854396391437
SGL_RS13820,SGL_RS15445,0.0949695103524612
SGL_RS15965,SGL_RS00660,0.0949637760450069
SGL_RS07730,SGL_RS12725,0.0949614249722747
SGL_RS00400,SGL_RS00080,0.0949534284032898
SGL_RS15805,SGL_RS02795,0.0949376512610681
SGL_RS18290,SGL_RS02755,0.0949319383638587
SGL_RS10820,SGL_RS05340,0.0949311498662877
SGL_RS01980,SGL_RS14150,0.0949127046633723
SGL_RS18290,SGL_RS06300,0.0949109280490202
SGL_RS15965,SGL_RS16180,0.0949055384782701
SGL_RS16495,SGL_RS14935,0.0948937185240022
SGL_RS16080,SGL_RS00100,0.094879921487849
SGL_RS15805,SGL_RS15855,0.0948751849634209
SGL_RS15245,SGL_RS06160,0.0948730407069769
SGL_RS13130,SGL_RS05395,0.0948713940785243
SGL_RS03065,SGL_RS16375,0.0948701061029926
SGL_RS00320,SGL_RS09445,0.0948694568944903
SGL_RS12430,SGL_RS04725,0.0948581795207921
SGL_RS03065,SGL_RS04470,0.0948525124976438
SGL_RS11370,SGL_RS10930,0.0948477139773807
SGL_RS00400,SGL_RS00670,0.0948470437224764
SGL_RS15210,SGL_RS07315,0.0948307220304408
SGL_RS17245,SGL_RS13555,0.0948229975270873
SGL_RS16165,SGL_RS11565,0.0948197434192737
SGL_RS12430,SGL_RS07055,0.0948188725716878
SGL_RS01980,SGL_RS07935,0.0948134245024912
SGL_RS12430,SGL_RS09250,0.0948086338064317
SGL_RS17395,SGL_RS08120,0.0947972538678225
SGL_RS12430,SGL_RS04015,0.094787666470145
SGL_RS10820,SGL_RS07100,0.09478066903085
SGL_RS06410,SGL_RS13425,0.0947577722308688
SGL_RS00455,SGL_RS03655,0.0947539183257747
SGL_RS00400,SGL_RS04145,0.094751430133878
SGL_RS01255,SGL_RS00980,0.0947511105095007
SGL_RS00400,SGL_RS00635,0.0947498708117176
SGL_RS17760,SGL_RS09710,0.0947455551517814
SGL_RS06340,SGL_RS08935,0.0947429155745586
SGL_RS11370,SGL_RS11810,0.0947393399343568
SGL_RS15965,SGL_RS03665,0.0947188836618174
SGL_RS18290,SGL_RS03110,0.0947144900148146
SGL_RS08210,SGL_RS10155,0.0946991936401188
SGL_RS11835,SGL_RS02380,0.0946983720664571
SGL_RS15245,SGL_RS14890,0.0946945487542024
SGL_RS04725,SGL_RS11020,0.0946906288688692
SGL_RS00400,SGL_RS01715,0.094681400616081
SGL_RS06480,SGL_RS09760,0.0946780953244834
SGL_RS18290,SGL_RS14255,0.0946753164937697
SGL_RS15805,SGL_RS18425,0.0946742831213223
SGL_RS12430,SGL_RS15340,0.0946670230067365
SGL_RS02990,SGL_RS15170,0.0946481266763613
SGL_RS06080,SGL_RS04180,0.094648066241257
SGL_RS12430,SGL_RS04550,0.0946376043510805
SGL_RS09285,SGL_RS15740,0.0946371010255046
SGL_RS02020,SGL_RS01965,0.0946140742720627
SGL_RS06340,SGL_RS09105,0.0946137724667983
SGL_RS07730,SGL_RS11510,0.0946022333268366
SGL_RS00515,SGL_RS18960,0.0946001582334608
SGL_RS15965,SGL_RS03625,0.0945979628284685
SGL_RS15965,SGL_RS07930,0.0945791424879344
SGL_RS15805,SGL_RS02095,0.0945631335365198
SGL_RS15310,SGL_RS04445,0.0945533115860767
SGL_RS15805,SGL_RS13290,0.094535343824913
SGL_RS04615,SGL_RS06095,0.0945261484470898
SGL_RS10605,SGL_RS05220,0.0945258832380805
SGL_RS16495,SGL_RS17355,0.0945225613963974
SGL_RS12430,SGL_RS05555,0.0945103303009116
SGL_RS00400,SGL_RS00440,0.0944826511195211
SGL_RS09285,SGL_RS06260,0.0944714586362654
SGL_RS04725,SGL_RS17045,0.094468890879352
SGL_RS15245,SGL_RS11505,0.0944513698903812
SGL_RS06215,SGL_RS11130,0.0944352780049231
SGL_RS04055,SGL_RS07225,0.0944244500880973
SGL_RS09285,SGL_RS05985,0.0944139252035589
SGL_RS00400,SGL_RS06180,0.0944128824894611
SGL_RS00400,SGL_RS10205,0.0944125361976983
SGL_RS10820,SGL_RS05375,0.0944117136727402
SGL_RS00075,SGL_RS00385,0.0944102254342791
SGL_RS17760,SGL_RS11885,0.0943964357324062
SGL_RS00455,SGL_RS15605,0.0943832644890696
SGL_RS06215,SGL_RS01885,0.0943643960033531
SGL_RS11285,SGL_RS16905,0.0943452590482061
SGL_RS15805,SGL_RS17735,0.0943415347572563
SGL_RS06340,SGL_RS13120,0.0943375216214648
SGL_RS04615,SGL_RS11535,0.0943374129624084
SGL_RS02470,SGL_RS07545,0.0943371058402193
SGL_RS06340,SGL_RS04195,0.094333243581808
SGL_RS12430,SGL_RS13265,0.0943252025450246
SGL_RS15245,SGL_RS03280,0.0943164863617751
SGL_RS10605,SGL_RS07895,0.0943141598819456
SGL_RS17760,SGL_RS13235,0.094305085573719
SGL_RS00400,SGL_RS09580,0.0942922826616524
SGL_RS15805,SGL_RS12860,0.0942914335519412
SGL_RS11370,SGL_RS04515,0.0942826634054593
SGL_RS02990,SGL_RS07775,0.0942731337509333
SGL_RS08835,SGL_RS04920,0.0942723853978711
SGL_RS11835,SGL_RS11820,0.0942718959942704
SGL_RS17760,SGL_RS05525,0.0942716148122897
SGL_RS00455,SGL_RS01055,0.0942684777427189
SGL_RS02020,SGL_RS01970,0.0942662684581785
SGL_RS15805,SGL_RS00820,0.0942634658425251
SGL_RS01980,SGL_RS00075,0.094249735867141
SGL_RS08500,SGL_RS02960,0.0942402006199821
SGL_RS15965,SGL_RS07450,0.0942321663611203
SGL_RS00515,SGL_RS19760,0.0942256347679124
SGL_RS02990,SGL_RS09105,0.0942235310216146
SGL_RS17245,SGL_RS16710,0.0942185456617998
SGL_RS01955,SGL_RS14465,0.094218027219061
SGL_RS14610,SGL_RS08090,0.0941975492148581
SGL_RS14385,SGL_RS15805,0.0941892490573989
SGL_RS17760,SGL_RS14785,0.0941848820113507
SGL_RS10605,SGL_RS01655,0.0941830511516642
SGL_RS09285,SGL_RS06035,0.094165546657201
SGL_RS15245,SGL_RS07130,0.0941637710335538
SGL_RS17395,SGL_RS14555,0.0941554164029793
SGL_RS14385,SGL_RS16645,0.0941432293001891
SGL_RS04055,SGL_RS04050,0.0941423220451631
SGL_RS15585,SGL_RS13015,0.0941239933275256
SGL_RS17395,SGL_RS08575,0.0941161067423231
SGL_RS03065,SGL_RS08465,0.0941007013341339
SGL_RS06410,SGL_RS12110,0.0940988956421646
SGL_RS15805,SGL_RS07575,0.094071533644123
SGL_RS05150,SGL_RS13240,0.0940704027441219
SGL_RS13130,SGL_RS13925,0.094063700887872
SGL_RS04725,SGL_RS02875,0.0940509743346256
SGL_RS03065,SGL_RS12430,0.0940345847068973
SGL_RS07730,SGL_RS14055,0.0940230570087412
SGL_RS00400,SGL_RS17750,0.0940169856088914
SGL_RS00400,SGL_RS03640,0.0940133986981225
SGL_RS11370,SGL_RS02105,0.0940133111712775
SGL_RS15805,SGL_RS13445,0.094001637430785
SGL_RS13130,SGL_RS02225,0.0939980335367382
SGL_RS12595,SGL_RS08000,0.0939974473869425
SGL_RS00075,SGL_RS00265,0.0939879435583952
SGL_RS01980,SGL_RS00975,0.0939798965634567
SGL_RS00455,SGL_RS02325,0.0939774298707864
SGL_RS01215,SGL_RS01650,0.0939665829035893
SGL_RS15965,SGL_RS14710,0.0939654803349266
SGL_RS16080,SGL_RS16960,0.0939648298089525
SGL_RS04450,SGL_RS05110,0.0939487844068853
SGL_RS10820,SGL_RS04385,0.0939486052234309
SGL_RS12430,SGL_RS17995,0.0939407982026464
SGL_RS01625,SGL_RS08885,0.0939392823729628
SGL_RS17245,SGL_RS16550,0.0939350212590813
SGL_RS17395,SGL_RS12775,0.0939243811894891
SGL_RS03065,SGL_RS17015,0.093917492228138
SGL_RS00400,SGL_RS19770,0.0939030634205215
SGL_RS09285,SGL_RS05440,0.0938975603394239
SGL_RS17395,SGL_RS13100,0.0938974929198834
SGL_RS14385,SGL_RS06035,0.0938954476334445
SGL_RS10820,SGL_RS05030,0.0938951815827417
SGL_RS08500,SGL_RS15135,0.0938913180948692
SGL_RS11985,SGL_RS18645,0.0938843203308729
SGL_RS06215,SGL_RS05315,0.0938816194696796
SGL_RS07535,SGL_RS06870,0.0938784993312722
SGL_RS07730,SGL_RS01120,0.0938639080665267
SGL_RS02510,SGL_RS04895,0.0938522601630827
SGL_RS15805,SGL_RS13640,0.0938471970666585
SGL_RS02020,SGL_RS01960,0.0938469282851259
SGL_RS18290,SGL_RS14620,0.0938439607904924
SGL_RS16495,SGL_RS16335,0.0938414999644226
SGL_RS12595,SGL_RS02455,0.0938315243781297
SGL_RS06410,SGL_RS19915,0.0938266130351027
SGL_RS18290,SGL_RS16640,0.0938029920757627
SGL_RS16165,SGL_RS12090,0.0937989613326584
SGL_RS14385,SGL_RS03495,0.0937920180735086
SGL_RS11370,SGL_RS09380,0.0937860891197798
SGL_RS17760,SGL_RS05365,0.0937808132419613
SGL_RS12595,SGL_RS06920,0.0937787078456374
SGL_RS00400,SGL_RS01135,0.0937741199208257
SGL_RS01955,SGL_RS02385,0.0937539985036041
SGL_RS10820,SGL_RS10700,0.0937385229336063
SGL_RS09285,SGL_RS14210,0.0937372868425269
SGL_RS15965,SGL_RS16380,0.0937244073360854
SGL_RS16495,SGL_RS19060,0.0937132699359947
SGL_RS15245,SGL_RS17275,0.0937121791594648
SGL_RS08210,SGL_RS16075,0.0937108287373757
SGL_RS09285,SGL_RS11200,0.0937074869744775
SGL_RS01980,SGL_RS03675,0.0937067181192872
SGL_RS15245,SGL_RS07725,0.0937036352225833
SGL_RS08835,SGL_RS04475,0.0936982828819762
SGL_RS18290,SGL_RS15575,0.0936952145199605
SGL_RS04450,SGL_RS09635,0.0936948839031058
SGL_RS07730,SGL_RS04135,0.0936908437228514
SGL_RS09285,SGL_RS04745,0.0936829581666087
SGL_RS12430,SGL_RS04760,0.0936819602009992
SGL_RS00400,SGL_RS08340,0.0936679298024026
SGL_RS10820,SGL_RS05095,0.0936666799594359
SGL_RS12430,SGL_RS07585,0.0936665568155775
SGL_RS02020,SGL_RS01375,0.0936552170249488
SGL_RS11285,SGL_RS06955,0.0936499782359006
SGL_RS15210,SGL_RS07245,0.0936450705096807
SGL_RS06340,SGL_RS16530,0.0936189046362411
SGL_RS06410,SGL_RS03605,0.0936029156903512
SGL_RS15965,SGL_RS03020,0.0935996863640557
SGL_RS12430,SGL_RS13190,0.0935930417857258
SGL_RS00320,SGL_RS03530,0.0935865491853609
SGL_RS00455,SGL_RS01095,0.093555952503819
SGL_RS01625,SGL_RS14005,0.0935470985977042
SGL_RS11370,SGL_RS04785,0.0935454840849491
SGL_RS00400,SGL_RS11930,0.0935324435921665
SGL_RS00400,SGL_RS19430,0.0935318454393502
SGL_RS12430,SGL_RS12685,0.0935257067691149
SGL_RS17760,SGL_RS12690,0.0935192108724536
SGL_RS04725,SGL_RS05670,0.0935185636351056
SGL_RS00455,SGL_RS01585,0.0934998059083216
SGL_RS15805,SGL_RS06425,0.0934913532942237
SGL_RS17760,SGL_RS06865,0.0934727518340447
SGL_RS09285,SGL_RS08785,0.0934711610063292
SGL_RS15805,SGL_RS11075,0.0934596207022182
SGL_RS14385,SGL_RS15160,0.0934568586041708
SGL_RS01255,SGL_RS00950,0.093443486748358
SGL_RS08210,SGL_RS11890,0.093439639632387
SGL_RS09285,SGL_RS18035,0.0934387435270088
SGL_RS00515,SGL_RS12075,0.0934367125216222
SGL_RS17760,SGL_RS04295,0.0934138791490405
SGL_RS09285,SGL_RS15595,0.0934137997392213
SGL_RS00320,SGL_RS00100,0.0934097334552148
SGL_RS08835,SGL_RS15465,0.0934076861256081
SGL_RS08500,SGL_RS08495,0.0934045108210785
SGL_RS00320,SGL_RS11045,0.0933981176096682
SGL_RS15965,SGL_RS17950,0.0933922144247738
SGL_RS03065,SGL_RS02665,0.0933874104937262
SGL_RS04450,SGL_RS05435,0.0933626425368002
SGL_RS11370,SGL_RS17360,0.0933528419190989
SGL_RS07730,SGL_RS17150,0.0933424026108785
SGL_RS08520,SGL_RS09885,0.0933352758586016
SGL_RS06080,SGL_RS19375,0.0933254818406882
SGL_RS12595,SGL_RS17850,0.0933209983168604
SGL_RS12595,SGL_RS07750,0.0933176376261798
SGL_RS15805,SGL_RS11995,0.0933130153953009
SGL_RS15805,SGL_RS02615,0.0933111919139391
SGL_RS03065,SGL_RS20145,0.0933085907396962
SGL_RS00320,SGL_RS09735,0.093291355094389
SGL_RS15805,SGL_RS17635,0.0932830007450634
SGL_RS02510,SGL_RS03185,0.0932788576723476
SGL_RS15805,SGL_RS13390,0.0932685461131855
SGL_RS12430,SGL_RS12165,0.0932488670273854
SGL_RS15805,SGL_RS16630,0.0932269936948307
SGL_RS15805,SGL_RS07250,0.0932226257564173
SGL_RS09285,SGL_RS08920,0.0932220996511013
SGL_RS08835,SGL_RS00435,0.0932198754593225
SGL_RS17760,SGL_RS08845,0.0932173195768162
SGL_RS17395,SGL_RS16710,0.0932152733062081
SGL_RS01980,SGL_RS00435,0.0932146846637827
SGL_RS15805,SGL_RS13250,0.0932134187820776
SGL_RS10605,SGL_RS14420,0.0932006045752543
SGL_RS12430,SGL_RS07820,0.0931978148116022
SGL_RS04055,SGL_RS16960,0.0931966391789613
SGL_RS04055,SGL_RS08470,0.093196171934405
SGL_RS07730,SGL_RS17015,0.0931893062698068
SGL_RS09285,SGL_RS04845,0.0931875962455199
SGL_RS00400,SGL_RS03040,0.0931722361559449
SGL_RS15965,SGL_RS01135,0.0931579086746416
SGL_RS12430,SGL_RS15785,0.0931451336888303
SGL_RS02020,SGL_RS01950,0.0931249975287777
SGL_RS06410,SGL_RS09740,0.0931057284817603
SGL_RS00320,SGL_RS06255,0.0930892346166566
SGL_RS15805,SGL_RS11655,0.093086183515
SGL_RS10820,SGL_RS11885,0.0930844572320958
SGL_RS16165,SGL_RS11180,0.0930783097702921
SGL_RS16495,SGL_RS06000,0.0930767644859201
SGL_RS01980,SGL_RS05530,0.0930749057432569
SGL_RS12595,SGL_RS14550,0.0930467932072528
SGL_RS03065,SGL_RS06560,0.0930399553617333
SGL_RS12430,SGL_RS13890,0.0930196180772869
SGL_RS15805,SGL_RS07180,0.0930186802918615
SGL_RS17760,SGL_RS09310,0.0929952188390602
SGL_RS18290,SGL_RS09680,0.0929841128994458
SGL_RS08080,SGL_RS05120,0.0929795931395548
SGL_RS01980,SGL_RS20180,0.0929634048978041
SGL_RS16495,SGL_RS18085,0.0929611219864563
SGL_RS12430,SGL_RS13230,0.0929333164918947
SGL_RS15965,SGL_RS16005,0.0929296269449081
SGL_RS15805,SGL_RS03455,0.0929272022194815
SGL_RS12430,SGL_RS04190,0.0929263471765809
SGL_RS17760,SGL_RS17630,0.0929255660458161
SGL_RS10820,SGL_RS17650,0.0929028326296415
SGL_RS04820,SGL_RS03750,0.092892164088041
SGL_RS06340,SGL_RS15155,0.0928903533808292
SGL_RS08500,SGL_RS08670,0.0928858809457016
SGL_RS12430,SGL_RS16890,0.0928826931280759
SGL_RS04450,SGL_RS17345,0.0928802163278682
SGL_RS00320,SGL_RS02170,0.0928781785729261
SGL_RS00400,SGL_RS00775,0.0928677413202703
SGL_RS13130,SGL_RS02430,0.0928588413848547
SGL_RS15805,SGL_RS13735,0.0928574435216666
SGL_RS04055,SGL_RS12335,0.092845456172538
SGL_RS15805,SGL_RS15790,0.0928367148722391
SGL_RS12005,SGL_RS12070,0.0928328352655668
SGL_RS02020,SGL_RS00340,0.0928225728929475
SGL_RS08210,SGL_RS03425,0.0928221945552746
SGL_RS11985,SGL_RS19630,0.0928164764837802
SGL_RS15805,SGL_RS06600,0.0928157110828256
SGL_RS06480,SGL_RS12225,0.0928102773227365
SGL_RS14610,SGL_RS08095,0.0928063166702024
SGL_RS13130,SGL_RS12255,0.0928044787113261
SGL_RS15245,SGL_RS13105,0.0927954390324726
SGL_RS01255,SGL_RS04345,0.0927950212011942
SGL_RS12430,SGL_RS11330,0.0927949294322258
SGL_RS07730,SGL_RS13840,0.0927940907569977
SGL_RS08835,SGL_RS16290,0.0927932654306557
SGL_RS14540,SGL_RS00810,0.092785697671142
SGL_RS17760,SGL_RS16220,0.0927808075508094
SGL_RS09285,SGL_RS10430,0.0927697963575389
SGL_RS10820,SGL_RS00150,0.0927635078316401
SGL_RS12430,SGL_RS14765,0.0927600023545882
SGL_RS06410,SGL_RS07420,0.0927545198044372
SGL_RS14385,SGL_RS11425,0.0927535688480355
SGL_RS17245,SGL_RS17535,0.0927523297237636
SGL_RS06215,SGL_RS04850,0.0927493689752337
SGL_RS12430,SGL_RS06530,0.0927488666742799
SGL_RS09285,SGL_RS02360,0.0927452383485298
SGL_RS17245,SGL_RS11920,0.0927448070136196
SGL_RS10820,SGL_RS08675,0.0927366357179966
SGL_RS12595,SGL_RS12360,0.0927218200967978
SGL_RS17395,SGL_RS02990,0.0927201054228642
SGL_RS13820,SGL_RS11600,0.0927031895852257
SGL_RS12430,SGL_RS06070,0.0926938706848377
SGL_RS15210,SGL_RS10925,0.0926831170354246
SGL_RS01980,SGL_RS02010,0.0926822779353333
SGL_RS12430,SGL_RS12595,0.0926817994341198
SGL_RS06080,SGL_RS12805,0.0926460974570413
SGL_RS04615,SGL_RS16455,0.0926385986895579
SGL_RS17760,SGL_RS07890,0.0926327273992542
SGL_RS15805,SGL_RS16850,0.0926023531293949
SGL_RS15965,SGL_RS08730,0.0926019584006429
SGL_RS08500,SGL_RS07690,0.0925764643926349
SGL_RS08080,SGL_RS20095,0.0925650686952694
SGL_RS15210,SGL_RS15505,0.0925647991964325
SGL_RS04450,SGL_RS04050,0.0925580708785307
SGL_RS10605,SGL_RS17305,0.0925511468427578
SGL_RS12005,SGL_RS04355,0.0925473861391665
SGL_RS15805,SGL_RS14160,0.0925459719013903
SGL_RS10820,SGL_RS13240,0.0925447151759163
SGL_RS03065,SGL_RS16745,0.0925361493449985
SGL_RS17395,SGL_RS10870,0.0925343948349171
SGL_RS13820,SGL_RS16745,0.0925313751262805
SGL_RS06340,SGL_RS07760,0.0925264061385294
SGL_RS00670,SGL_RS01700,0.0925210534898978
SGL_RS12430,SGL_RS06455,0.0925052200708884
SGL_RS05150,SGL_RS15140,0.0925036417730101
SGL_RS12430,SGL_RS13475,0.0925014560942872
SGL_RS00075,SGL_RS00355,0.0924957548150049
SGL_RS04055,SGL_RS16030,0.0924943494507393
SGL_RS15210,SGL_RS12815,0.0924831274418451
SGL_RS06410,SGL_RS14355,0.0924792547941304
SGL_RS14385,SGL_RS14335,0.0924775056324986
SGL_RS18290,SGL_RS08915,0.092472883329703
SGL_RS04055,SGL_RS18040,0.0924722143204625
SGL_RS10605,SGL_RS02255,0.0924563430479618
SGL_RS02510,SGL_RS02125,0.092448991803371
SGL_RS10605,SGL_RS14080,0.0924440625867225
SGL_RS16165,SGL_RS00510,0.0924398709516026
SGL_RS07535,SGL_RS06240,0.0924378403392637
SGL_RS09285,SGL_RS17800,0.0924237283869522
SGL_RS12430,SGL_RS02665,0.0924177669166288
SGL_RS15805,SGL_RS15160,0.0924177305594301
SGL_RS01215,SGL_RS01230,0.092414097316045
SGL_RS06215,SGL_RS12880,0.0924131132804012
SGL_RS01980,SGL_RS13810,0.092410381668865
SGL_RS15805,SGL_RS15300,0.0924060405864785
SGL_RS04725,SGL_RS17520,0.092399543314206
SGL_RS08500,SGL_RS16690,0.0923912329330047
SGL_RS17245,SGL_RS11125,0.0923863449374734
SGL_RS15805,SGL_RS10650,0.0923820517756054
SGL_RS15805,SGL_RS09045,0.0923615732162694
SGL_RS01955,SGL_RS10705,0.0923578486823978
SGL_RS15965,SGL_RS04925,0.0923574579658106
SGL_RS15805,SGL_RS14460,0.0923553297907857
SGL_RS18290,SGL_RS09390,0.0923549376760819
SGL_RS07975,SGL_RS16995,0.0923540634505156
SGL_RS17245,SGL_RS05840,0.0923490364612389
SGL_RS16165,SGL_RS01410,0.0923484142108199
SGL_RS15805,SGL_RS03115,0.0923406106985488
SGL_RS15210,SGL_RS05540,0.0923308513776198
SGL_RS15805,SGL_RS18275,0.0923234974042886
SGL_RS17760,SGL_RS11270,0.0923211978292432
SGL_RS09285,SGL_RS06540,0.0923201329990756
SGL_RS15805,SGL_RS03840,0.0923053535569159
SGL_RS15805,SGL_RS10145,0.092299748526483
SGL_RS06480,SGL_RS12105,0.0922926829153877
SGL_RS06215,SGL_RS03265,0.092281628328017
SGL_RS10820,SGL_RS18380,0.0922706897572268
SGL_RS15805,SGL_RS13080,0.0922674187288771
SGL_RS16080,SGL_RS13075,0.0922611338564994
SGL_RS17395,SGL_RS17335,0.0922575400403589
SGL_RS18290,SGL_RS02310,0.0922572428659882
SGL_RS04450,SGL_RS02555,0.0922506870185051
SGL_RS15805,SGL_RS05975,0.0922487123787951
SGL_RS08835,SGL_RS04230,0.0922375554383305
SGL_RS07730,SGL_RS19490,0.0922246267269747
SGL_RS12430,SGL_RS09235,0.0922016372599212
SGL_RS12595,SGL_RS12705,0.0921934896984188
SGL_RS04450,SGL_RS14415,0.0921894868040418
SGL_RS00400,SGL_RS00125,0.0921746193796171
SGL_RS07730,SGL_RS03065,0.0921694392481255
SGL_RS01625,SGL_RS15460,0.0921365556283251
SGL_RS15965,SGL_RS08805,0.0921243655641964
SGL_RS10820,SGL_RS10685,0.0921162717540141
SGL_RS15965,SGL_RS13585,0.0921112016693268
SGL_RS12595,SGL_RS09110,0.0921090637681337
SGL_RS00455,SGL_RS00470,0.0920992626508459
SGL_RS15805,SGL_RS15565,0.0920963871578916
SGL_RS12430,SGL_RS19470,0.0920956680467921
SGL_RS10605,SGL_RS06420,0.0920929208368903
SGL_RS03065,SGL_RS04810,0.0920923064539662
SGL_RS17395,SGL_RS09660,0.0920780859567048
SGL_RS17245,SGL_RS13015,0.0920744332372941
SGL_RS12430,SGL_RS06510,0.0920716295389998
SGL_RS10820,SGL_RS05055,0.092070298030052
SGL_RS13820,SGL_RS13965,0.0920689386958974
SGL_RS03065,SGL_RS03375,0.0920576757906252
SGL_RS09285,SGL_RS12850,0.0920519483560606
SGL_RS15805,SGL_RS04685,0.0920491871920248
SGL_RS06080,SGL_RS08140,0.092043899493129
SGL_RS13130,SGL_RS07160,0.092039605180049
SGL_RS14540,SGL_RS10990,0.0920383119110806
SGL_RS04820,SGL_RS09330,0.0920361204558222
SGL_RS04055,SGL_RS03215,0.0920355983799854
SGL_RS10820,SGL_RS18375,0.0920236889473337
SGL_RS00400,SGL_RS00405,0.0920142160875544
SGL_RS17395,SGL_RS11095,0.0919942362375115
SGL_RS08835,SGL_RS06575,0.091990462277238
SGL_RS09285,SGL_RS15330,0.0919786665013176
SGL_RS12430,SGL_RS14140,0.0919660659230317
SGL_RS07730,SGL_RS03260,0.0919618563972393
SGL_RS09285,SGL_RS15870,0.0919604883979935
SGL_RS00400,SGL_RS00025,0.0919516957573087
SGL_RS12430,SGL_RS02550,0.0919246983007014
SGL_RS10605,SGL_RS01660,0.0919193154410733
SGL_RS00670,SGL_RS07075,0.0919107754397719
SGL_RS06410,SGL_RS07425,0.0918804941194595
SGL_RS15965,SGL_RS11250,0.0918797980472953
SGL_RS12430,SGL_RS10420,0.0918737751289476
SGL_RS15965,SGL_RS10045,0.0918711761159604
SGL_RS12430,SGL_RS16845,0.0918441522837065
SGL_RS10820,SGL_RS07950,0.0918409587250103
SGL_RS07730,SGL_RS07985,0.0918326946207565
SGL_RS10605,SGL_RS07820,0.0918318256054122
SGL_RS00670,SGL_RS19675,0.0918256462273349
SGL_RS09285,SGL_RS10720,0.0918213170874664
SGL_RS00455,SGL_RS00350,0.0918153770630576
SGL_RS08500,SGL_RS04190,0.0918112968943326
SGL_RS10605,SGL_RS03455,0.091804656373564
SGL_RS16495,SGL_RS01030,0.0918000318756151
SGL_RS04820,SGL_RS03985,0.0917969005440507
SGL_RS01980,SGL_RS15010,0.0917926847496369
SGL_RS02470,SGL_RS14855,0.091790178056737
SGL_RS15805,SGL_RS10615,0.0917900996580612
SGL_RS02020,SGL_RS01940,0.0917889904189655
SGL_RS15965,SGL_RS01110,0.0917775640332381
SGL_RS06340,SGL_RS05465,0.0917709426006521
SGL_RS12595,SGL_RS14315,0.0917657943975537
SGL_RS15805,SGL_RS14250,0.0917599649421643
SGL_RS10820,SGL_RS07135,0.0917587016094479
SGL_RS01625,SGL_RS08230,0.0917508959048242
SGL_RS16080,SGL_RS18670,0.0917410538723161
SGL_RS11985,SGL_RS13595,0.0917328536206641
SGL_RS11285,SGL_RS14655,0.0917326123950609
SGL_RS06080,SGL_RS00555,0.091727947984712
SGL_RS17395,SGL_RS13790,0.0917247535506862
SGL_RS08500,SGL_RS15170,0.091722774176756
SGL_RS08835,SGL_RS10840,0.0917144241119773
SGL_RS06080,SGL_RS06910,0.0917137548067516
SGL_RS00455,SGL_RS16195,0.0917080039608432
SGL_RS01215,SGL_RS00865,0.0916995101748358
SGL_RS04450,SGL_RS05895,0.091694310789876
SGL_RS00320,SGL_RS19005,0.0916907553611253
SGL_RS01980,SGL_RS11905,0.0916870682072214
SGL_RS15210,SGL_RS03350,0.091683855658589
SGL_RS12595,SGL_RS02595,0.091666538497143
SGL_RS14385,SGL_RS02865,0.0916552322939026
SGL_RS03065,SGL_RS17550,0.0916434358328628
SGL_RS12005,SGL_RS00365,0.0916401793900195
SGL_RS10755,SGL_RS17020,0.0916373265832924
SGL_RS04725,SGL_RS17875,0.091630160628969
SGL_RS14540,SGL_RS06230,0.0916216967931755
SGL_RS10820,SGL_RS02360,0.0916150736654591
SGL_RS08835,SGL_RS07475,0.0916106829393826
SGL_RS17760,SGL_RS11925,0.0916094156393776
SGL_RS03065,SGL_RS07890,0.0916067269570756
SGL_RS10820,SGL_RS05085,0.0916030701654619
SGL_RS00320,SGL_RS14690,0.0915941650118307
SGL_RS10820,SGL_RS08270,0.0915881889551227
SGL_RS06340,SGL_RS02120,0.0915872796884785
SGL_RS04450,SGL_RS10990,0.0915813499889432
SGL_RS04055,SGL_RS11750,0.0915789470764902
SGL_RS11285,SGL_RS13955,0.0915753654885078
SGL_RS17440,SGL_RS07110,0.0915726734773432
SGL_RS15805,SGL_RS17130,0.0915702794347334
SGL_RS07730,SGL_RS02595,0.0915612516372086
SGL_RS16165,SGL_RS01680,0.0915581914760342
SGL_RS01980,SGL_RS01995,0.0915580125213312
SGL_RS17395,SGL_RS07775,0.091549928041912
SGL_RS09285,SGL_RS06600,0.09154668376154
SGL_RS10820,SGL_RS14695,0.0915410178794853
SGL_RS10820,SGL_RS05150,0.0915317602765818
SGL_RS14385,SGL_RS10085,0.0915131216691114
SGL_RS12430,SGL_RS04730,0.0915108717215403
SGL_RS17395,SGL_RS14700,0.091509387736975
SGL_RS07975,SGL_RS05540,0.091506603200668
SGL_RS12430,SGL_RS16915,0.0915048941336762
SGL_RS04450,SGL_RS13725,0.0915032283383637
SGL_RS07975,SGL_RS05015,0.0914876849772105
SGL_RS07730,SGL_RS16375,0.0914847033822958
SGL_RS04615,SGL_RS17865,0.0914751863533489
SGL_RS17395,SGL_RS06340,0.0914701417334173
SGL_RS14540,SGL_RS07180,0.0914680461385211
SGL_RS08835,SGL_RS07390,0.0914453457680702
SGL_RS14610,SGL_RS12540,0.0914301361074163
SGL_RS03065,SGL_RS13930,0.091425837530738
SGL_RS14540,SGL_RS04450,0.0914248547006845
SGL_RS16080,SGL_RS11300,0.0914241334223619
SGL_RS10605,SGL_RS10670,0.0914122846569028
SGL_RS04055,SGL_RS00170,0.0913987328804561
SGL_RS04450,SGL_RS10570,0.0913927612883331
SGL_RS08165,SGL_RS20110,0.091376152375688
SGL_RS06215,SGL_RS06125,0.0913691410700034
SGL_RS01980,SGL_RS02055,0.091368089228657
SGL_RS00400,SGL_RS14840,0.0913555853908133
SGL_RS04450,SGL_RS12850,0.0913392689962373
SGL_RS01980,SGL_RS15540,0.0913360956656634
SGL_RS08835,SGL_RS03885,0.0913334662511991
SGL_RS06480,SGL_RS11055,0.0913316667130352
SGL_RS08835,SGL_RS19195,0.0913211833038118
SGL_RS10605,SGL_RS07105,0.0913147078085053
SGL_RS12595,SGL_RS05885,0.0913034010625783
SGL_RS10755,SGL_RS20150,0.0912783095587872
SGL_RS04055,SGL_RS05880,0.0912722381936025
SGL_RS16080,SGL_RS19310,0.0912706347258104
SGL_RS12595,SGL_RS17290,0.0912704421070915
SGL_RS15245,SGL_RS03925,0.0912702368261226
SGL_RS12595,SGL_RS08170,0.0912673639054732
SGL_RS10820,SGL_RS17520,0.0912583297826674
SGL_RS00455,SGL_RS14720,0.0912581013384732
SGL_RS06080,SGL_RS14005,0.0912545147870361
SGL_RS13820,SGL_RS16840,0.091253637294286
SGL_RS04055,SGL_RS09905,0.091248148184604
SGL_RS15805,SGL_RS09375,0.0912446826036847
SGL_RS00455,SGL_RS06825,0.0912312225649127
SGL_RS12005,SGL_RS16170,0.0912249852145529
SGL_RS17395,SGL_RS13975,0.0912224726767254
SGL_RS15805,SGL_RS05175,0.0912222528259824
SGL_RS12430,SGL_RS05885,0.0912136287206071
SGL_RS15210,SGL_RS07400,0.0912097211131745
SGL_RS01980,SGL_RS00120,0.0911952241431248
SGL_RS10820,SGL_RS17990,0.0911862236594301
SGL_RS00515,SGL_RS11715,0.0911834546044009
SGL_RS03065,SGL_RS18030,0.091175294622888
SGL_RS15965,SGL_RS08405,0.0911567134792617
SGL_RS17395,SGL_RS05465,0.0911481091184371
SGL_RS04820,SGL_RS03755,0.0911462289591202
SGL_RS15965,SGL_RS02135,0.0911456788440413
SGL_RS03065,SGL_RS10425,0.091140097904923
SGL_RS05150,SGL_RS05195,0.0911227827841253
SGL_RS08210,SGL_RS10075,0.0911089441055347
SGL_RS08520,SGL_RS06960,0.0911085359723886
SGL_RS04450,SGL_RS05725,0.0910955770221632
SGL_RS04725,SGL_RS05090,0.0910929715934949
SGL_RS12005,SGL_RS13420,0.0910882102161666
SGL_RS01255,SGL_RS00885,0.0910848819850284
SGL_RS08500,SGL_RS04310,0.0910840496700986
SGL_RS01625,SGL_RS17720,0.0910768976152419
SGL_RS15805,SGL_RS19495,0.0910641303841127
SGL_RS04450,SGL_RS12910,0.0910637941081428
SGL_RS08835,SGL_RS13480,0.0910594455904242
SGL_RS16495,SGL_RS02815,0.0910585705364304
SGL_RS00455,SGL_RS09730,0.0910567226340832
SGL_RS03065,SGL_RS01920,0.0910520562377917
SGL_RS04055,SGL_RS19765,0.0910511007329111
SGL_RS18290,SGL_RS12330,0.0910494399026036
SGL_RS08210,SGL_RS14550,0.0910453136880032
SGL_RS15965,SGL_RS15615,0.0910449391155897
SGL_RS09285,SGL_RS12015,0.0910376367629267
SGL_RS02510,SGL_RS02185,0.0910367275609991
SGL_RS14610,SGL_RS08815,0.0910194371962512
SGL_RS10820,SGL_RS15830,0.0910175192648859
SGL_RS17395,SGL_RS14320,0.0910174570085993
SGL_RS01625,SGL_RS07155,0.0910100384586871
SGL_RS15210,SGL_RS19575,0.0910093546281845
SGL_RS07740,SGL_RS06470,0.0910075303556999
SGL_RS01980,SGL_RS06060,0.090990181265316
SGL_RS17760,SGL_RS11135,0.0909743818624619
SGL_RS09285,SGL_RS03305,0.0909694779533961
SGL_RS10820,SGL_RS17645,0.0909640420191601
SGL_RS13820,SGL_RS16475,0.0909603165555749
SGL_RS09285,SGL_RS10620,0.0909558879813766
SGL_RS17395,SGL_RS09230,0.0909497842187094
SGL_RS12430,SGL_RS17050,0.0909435767803543
SGL_RS08500,SGL_RS10665,0.0909417360584499
SGL_RS15805,SGL_RS09285,0.0909338028161295
SGL_RS17395,SGL_RS08500,0.0909325860785723
SGL_RS11285,SGL_RS13130,0.0909311688958851
SGL_RS15805,SGL_RS17405,0.090923651222694
SGL_RS04450,SGL_RS12200,0.0909228869767299
SGL_RS16165,SGL_RS16145,0.0909170047311088
SGL_RS01255,SGL_RS16145,0.0909049268307464
SGL_RS09285,SGL_RS08570,0.0909023096815552
SGL_RS12430,SGL_RS18200,0.0908793439214876
SGL_RS08835,SGL_RS13825,0.0908688364710256
SGL_RS01955,SGL_RS15970,0.0908637935226301
SGL_RS03065,SGL_RS06070,0.0908605172708752
SGL_RS16495,SGL_RS18340,0.0908535753622665
SGL_RS15210,SGL_RS15205,0.090850522603307
SGL_RS14610,SGL_RS15065,0.0908489432681503
SGL_RS14385,SGL_RS16610,0.0908481050399974
SGL_RS08500,SGL_RS17440,0.0908419393769246
SGL_RS00320,SGL_RS17210,0.0908354268028202
SGL_RS17120,SGL_RS07975,0.0908337515936057
SGL_RS17395,SGL_RS04820,0.0908206372922577
SGL_RS06215,SGL_RS05710,0.0908187640461218
SGL_RS03065,SGL_RS13630,0.090808872476638
SGL_RS10605,SGL_RS13995,0.0908062944359226
SGL_RS15965,SGL_RS14970,0.0908032517663375
SGL_RS02020,SGL_RS11900,0.0907989889040101
SGL_RS14540,SGL_RS07225,0.0907936018376257
SGL_RS01625,SGL_RS11515,0.0907865466922174
SGL_RS10820,SGL_RS14795,0.0907803036397099
SGL_RS11370,SGL_RS05435,0.0907753432490027
SGL_RS15805,SGL_RS16650,0.090771943165419
SGL_RS15805,SGL_RS18180,0.0907679719151324
SGL_RS09285,SGL_RS15305,0.0907676907766742
SGL_RS12430,SGL_RS17540,0.0907547726077173
SGL_RS03065,SGL_RS15355,0.0907514739919979
SGL_RS09285,SGL_RS18425,0.0907487123864156
SGL_RS09285,SGL_RS11650,0.0907368525892912
SGL_RS04725,SGL_RS05075,0.0907361067026018
SGL_RS03065,SGL_RS08715,0.0907307014308735
SGL_RS12430,SGL_RS08735,0.0907261240974304
SGL_RS05150,SGL_RS02340,0.0907253144702061
SGL_RS03065,SGL_RS16095,0.0907183873871126
SGL_RS12430,SGL_RS11815,0.0907181840154328
SGL_RS06340,SGL_RS16655,0.0907139935231737
SGL_RS01980,SGL_RS02385,0.0907044851164231
SGL_RS16495,SGL_RS15875,0.0906932569957823
SGL_RS14385,SGL_RS08790,0.0906909520183908
SGL_RS18290,SGL_RS03490,0.0906857012626682
SGL_RS01625,SGL_RS19990,0.0906829539745192
SGL_RS03065,SGL_RS17460,0.0906803522519284
SGL_RS10605,SGL_RS12030,0.0906777607255953
SGL_RS07975,SGL_RS11440,0.0906773037412139
SGL_RS12005,SGL_RS04160,0.0906762416012783
SGL_RS06410,SGL_RS16415,0.090673961955272
SGL_RS15805,SGL_RS04365,0.0906684122479197
SGL_RS10820,SGL_RS12735,0.0906664864133597
SGL_RS04055,SGL_RS02805,0.0906608245178671
SGL_RS12430,SGL_RS12025,0.0906539347064995
SGL_RS00400,SGL_RS01060,0.0906514635550893
SGL_RS10605,SGL_RS08425,0.0906458299306295
SGL_RS12595,SGL_RS13190,0.0906401041134736
SGL_RS15805,SGL_RS15360,0.0906376766364636
SGL_RS16495,SGL_RS12755,0.0906357053052698
SGL_RS12430,SGL_RS13220,0.090626841797982
SGL_RS17760,SGL_RS07360,0.0906248706771602
SGL_RS10605,SGL_RS07630,0.0906088494245908
SGL_RS00400,SGL_RS00115,0.0906064807469615
SGL_RS04725,SGL_RS15440,0.0906030033352306
SGL_RS01625,SGL_RS13895,0.0905962166506618
SGL_RS15805,SGL_RS08595,0.0905954756532942
SGL_RS09285,SGL_RS11230,0.090588953594753
SGL_RS15965,SGL_RS19555,0.0905879045393404
SGL_RS15805,SGL_RS11500,0.0905823548541247
SGL_RS06080,SGL_RS16195,0.0905748208223889
SGL_RS01255,SGL_RS00965,0.090568346085689
SGL_RS12540,SGL_RS08820,0.0905448414536829
SGL_RS01255,SGL_RS02205,0.0905382341358987
SGL_RS11285,SGL_RS14290,0.0905320341839854
SGL_RS15965,SGL_RS01130,0.0905222815074698
SGL_RS06340,SGL_RS17400,0.09052054424704
SGL_RS01980,SGL_RS11175,0.0905202058251107
SGL_RS12430,SGL_RS16675,0.0905196643882078
SGL_RS02020,SGL_RS19350,0.0905177364448417
SGL_RS15805,SGL_RS05630,0.0904874983517902
SGL_RS12485,SGL_RS02790,0.0904873506059518
SGL_RS12430,SGL_RS17640,0.0904869833631317
SGL_RS10605,SGL_RS12815,0.0904730296666129
SGL_RS01980,SGL_RS02165,0.0904713081670838
SGL_RS00515,SGL_RS20195,0.0904586208785238
SGL_RS18290,SGL_RS12235,0.0904433652194405
SGL_RS15805,SGL_RS14080,0.090438652946022
SGL_RS10820,SGL_RS07285,0.0904349735488695
SGL_RS17760,SGL_RS04805,0.0904244149621778
SGL_RS10605,SGL_RS20085,0.0904073903938975
SGL_RS12430,SGL_RS08570,0.0904059505029127
SGL_RS01625,SGL_RS06020,0.090398323490648
SGL_RS06410,SGL_RS08040,0.0903974445214938
SGL_RS10605,SGL_RS13155,0.0903969779733982
SGL_RS04450,SGL_RS13865,0.090393544991415
SGL_RS04450,SGL_RS11445,0.0903912115682457
SGL_RS12540,SGL_RS04770,0.0903907722854009
SGL_RS00400,SGL_RS15165,0.0903852338341831
SGL_RS03065,SGL_RS06380,0.0903849037647903
SGL_RS04725,SGL_RS15655,0.0903771504267888
SGL_RS15805,SGL_RS15070,0.0903751817974864
SGL_RS00455,SGL_RS19445,0.0903698672256056
SGL_RS17395,SGL_RS16555,0.0903528101162207
SGL_RS17245,SGL_RS05745,0.090320674006798
SGL_RS04055,SGL_RS18335,0.0903200690246475
SGL_RS01955,SGL_RS06735,0.0903161186786574
SGL_RS15210,SGL_RS20175,0.0903140564624198
SGL_RS06080,SGL_RS04075,0.0903132401782059
SGL_RS04450,SGL_RS06915,0.0902875469187876
SGL_RS15210,SGL_RS10065,0.0902722481420999
SGL_RS10605,SGL_RS02230,0.0902707086720166
SGL_RS17245,SGL_RS13145,0.0902679236616682
SGL_RS11985,SGL_RS17585,0.0902670810428938
SGL_RS09285,SGL_RS11655,0.0902601624312996
SGL_RS10820,SGL_RS11375,0.0902600883374046
SGL_RS17395,SGL_RS11290,0.0902582918605166
SGL_RS15805,SGL_RS03310,0.090256453932935
SGL_RS15805,SGL_RS14630,0.0902366226049654
SGL_RS18290,SGL_RS05105,0.0902307973321336
SGL_RS03065,SGL_RS15380,0.0902304057097515
SGL_RS00670,SGL_RS01445,0.0902285864223983
SGL_RS01955,SGL_RS10370,0.0902239513355742
SGL_RS06340,SGL_RS02480,0.0902213077900041
SGL_RS03065,SGL_RS06240,0.0902128214967271
SGL_RS02470,SGL_RS17215,0.0902110509108963
SGL_RS11370,SGL_RS11125,0.0901971247390589
SGL_RS12595,SGL_RS10155,0.0901948452339635
SGL_RS08210,SGL_RS09420,0.0901932585169045
SGL_RS17245,SGL_RS16910,0.0901818168432187
SGL_RS00320,SGL_RS11665,0.0901799323790603
SGL_RS06410,SGL_RS02690,0.0901787411878006
SGL_RS17245,SGL_RS13065,0.0901709967150443
SGL_RS12430,SGL_RS10650,0.0901674095950773
SGL_RS00400,SGL_RS01605,0.090164778789561
SGL_RS15805,SGL_RS10595,0.0901400265770541
SGL_RS14385,SGL_RS15145,0.0901333879816545
SGL_RS06340,SGL_RS03815,0.0901283465379235
SGL_RS00515,SGL_RS00040,0.0901274514547264
SGL_RS14385,SGL_RS03090,0.0901211935955476
SGL_RS17395,SGL_RS16670,0.090114909118322
SGL_RS15805,SGL_RS15865,0.0901126201395696
SGL_RS06410,SGL_RS06890,0.0901071541043608
SGL_RS17760,SGL_RS07485,0.0901052011003092
SGL_RS14385,SGL_RS15280,0.0901049181145413
SGL_RS00670,SGL_RS08335,0.0900957277581014
SGL_RS06215,SGL_RS03245,0.0900934178945432
SGL_RS15965,SGL_RS00245,0.0900794386600496
SGL_RS06340,SGL_RS09085,0.0900651816760705
SGL_RS15245,SGL_RS05860,0.0900642988438511
SGL_RS08500,SGL_RS12680,0.0900605388226275
SGL_RS15805,SGL_RS06555,0.090051980297186
SGL_RS01625,SGL_RS09870,0.0900345457889506
SGL_RS00455,SGL_RS02170,0.0900294196987486
SGL_RS12430,SGL_RS16440,0.0900227817104576
SGL_RS18290,SGL_RS00805,0.0900170926076763
SGL_RS12430,SGL_RS07575,0.090005880650463
SGL_RS01955,SGL_RS00825,0.0900010401685043
SGL_RS06340,SGL_RS00800,0.0899976359962756
SGL_RS11370,SGL_RS09980,0.0899833372893381
SGL_RS08500,SGL_RS15455,0.0899791483497919
SGL_RS10605,SGL_RS03310,0.0899773011868882
SGL_RS16080,SGL_RS20120,0.089959409169496
SGL_RS08210,SGL_RS08640,0.0899587872418925
SGL_RS00670,SGL_RS00715,0.0899571204446845
SGL_RS17760,SGL_RS19540,0.0899556932588713
SGL_RS16495,SGL_RS15415,0.0899551059586776
SGL_RS00515,SGL_RS03725,0.0899544446203328
SGL_RS01980,SGL_RS19095,0.0899379292716849
SGL_RS00400,SGL_RS00700,0.089925367252846
SGL_RS00400,SGL_RS01835,0.0899217559964988
SGL_RS12430,SGL_RS17060,0.0899209153639249
SGL_RS09285,SGL_RS12675,0.0899038893826146
SGL_RS07535,SGL_RS15180,0.0898955537454007
SGL_RS15965,SGL_RS08705,0.0898903536599198
SGL_RS10605,SGL_RS01955,0.0898769384340812
SGL_RS00075,SGL_RS16320,0.0898726965947884
SGL_RS03065,SGL_RS17070,0.0898615878252486
SGL_RS12430,SGL_RS07200,0.0898608376088609
SGL_RS03065,SGL_RS11690,0.0898501560840675
SGL_RS09285,SGL_RS15645,0.0898472131792237
SGL_RS10605,SGL_RS08595,0.0898452516402654
SGL_RS09285,SGL_RS14755,0.08984211566853
SGL_RS04055,SGL_RS05435,0.0898385167278403
SGL_RS11285,SGL_RS04860,0.089834951125769
SGL_RS10820,SGL_RS11735,0.0898175655143459
SGL_RS12430,SGL_RS09715,0.0898078338178093
SGL_RS10605,SGL_RS11910,0.0898049132643653
SGL_RS15965,SGL_RS01220,0.0897986980744308
SGL_RS04725,SGL_RS04340,0.0897922686806513
SGL_RS14385,SGL_RS15570,0.0897837971699341
SGL_RS11370,SGL_RS05860,0.089783414515053
SGL_RS16495,SGL_RS11830,0.089780173091881
SGL_RS15210,SGL_RS16595,0.089778001201044
SGL_RS10820,SGL_RS09990,0.0897649072329528
SGL_RS09285,SGL_RS08750,0.0897563170309192
SGL_RS04450,SGL_RS11625,0.0897469935178673
SGL_RS04450,SGL_RS17200,0.0897428018101433
SGL_RS18290,SGL_RS05990,0.0897372696361056
SGL_RS15805,SGL_RS03440,0.0897351128680563
SGL_RS15805,SGL_RS17230,0.0897199955794443
SGL_RS03065,SGL_RS16645,0.0897177902605456
SGL_RS17440,SGL_RS12295,0.0897172817915999
SGL_RS02990,SGL_RS07125,0.0897171002664353
SGL_RS03065,SGL_RS18270,0.0897154530608529
SGL_RS17440,SGL_RS11685,0.0897099085094003
SGL_RS00400,SGL_RS11865,0.0897079667558469
SGL_RS09285,SGL_RS07180,0.0897046028086355
SGL_RS04725,SGL_RS12070,0.0897041441405714
SGL_RS07740,SGL_RS04830,0.0897020417287419
SGL_RS04450,SGL_RS10930,0.089700513023734
SGL_RS08835,SGL_RS13355,0.0896956569198563
SGL_RS08500,SGL_RS10910,0.0896890034304626
SGL_RS10605,SGL_RS15235,0.0896845234305842
SGL_RS12430,SGL_RS16540,0.0896825041894926
SGL_RS10755,SGL_RS19900,0.0896808187474811
SGL_RS04055,SGL_RS11645,0.089678157488896
SGL_RS01625,SGL_RS16875,0.0896732709238892
SGL_RS00515,SGL_RS00655,0.0896692788795855
SGL_RS15965,SGL_RS16695,0.089648075750073
SGL_RS00670,SGL_RS01690,0.0896380414699926
SGL_RS00455,SGL_RS18510,0.0896217595397618
SGL_RS10820,SGL_RS14185,0.0896082955698839
SGL_RS08165,SGL_RS01480,0.0896061017555736
SGL_RS17440,SGL_RS06730,0.0895947853087539
SGL_RS12430,SGL_RS15075,0.0895842659741135
SGL_RS00400,SGL_RS13575,0.0895811998414923
SGL_RS15965,SGL_RS00225,0.0895802809117023
SGL_RS00455,SGL_RS03595,0.0895723778695909
SGL_RS09285,SGL_RS07120,0.0895692760175957
SGL_RS06080,SGL_RS00710,0.0895653224589501
SGL_RS01215,SGL_RS01290,0.0895638413403212
SGL_RS08165,SGL_RS08245,0.0895593668686318
SGL_RS08835,SGL_RS14685,0.0895527476768355
SGL_RS08210,SGL_RS12290,0.0895431417767018
SGL_RS04450,SGL_RS02450,0.0895402912851858
SGL_RS04055,SGL_RS00850,0.0895321385063157
SGL_RS04725,SGL_RS18090,0.0895285984791784
SGL_RS09285,SGL_RS14920,0.0895279380759527
SGL_RS16495,SGL_RS07720,0.0895238208488455
SGL_RS16495,SGL_RS14980,0.0895212526416288
SGL_RS17395,SGL_RS09330,0.0895154556532974
SGL_RS06340,SGL_RS17390,0.0895116750859077
SGL_RS07535,SGL_RS11415,0.0895046077093459
SGL_RS04725,SGL_RS11485,0.0895003211716022
SGL_RS10605,SGL_RS15160,0.0894939534620858
SGL_RS14385,SGL_RS03125,0.0894906296801739
SGL_RS17395,SGL_RS15545,0.0894898753305198
SGL_RS12430,SGL_RS17085,0.0894835933014725
SGL_RS16495,SGL_RS19775,0.0894823030910098
SGL_RS06340,SGL_RS16535,0.0894774288866575
SGL_RS15245,SGL_RS00170,0.0894765951541344
SGL_RS08500,SGL_RS13840,0.0894723347972177
SGL_RS14385,SGL_RS19410,0.0894675392079561
SGL_RS00400,SGL_RS07075,0.0894522775715274
SGL_RS01980,SGL_RS03640,0.0894426121056511
SGL_RS09285,SGL_RS11090,0.0894360077833748
SGL_RS00670,SGL_RS00615,0.0894275832139266
SGL_RS15805,SGL_RS16610,0.0894212172274573
SGL_RS16495,SGL_RS16755,0.0894163027332349
SGL_RS01955,SGL_RS16465,0.0894028398677925
SGL_RS02470,SGL_RS05775,0.089399445286988
SGL_RS15805,SGL_RS07840,0.0893945191746945
SGL_RS15805,SGL_RS08185,0.0893913668117336
SGL_RS17395,SGL_RS17075,0.0893835136279456
SGL_RS10755,SGL_RS05490,0.0893832452422067
SGL_RS16495,SGL_RS03690,0.0893797316485196
SGL_RS11285,SGL_RS15840,0.0893675054007024
SGL_RS15965,SGL_RS04710,0.0893526622433141
SGL_RS14385,SGL_RS10605,0.0893463200969775
SGL_RS10820,SGL_RS15670,0.0893434320674558
SGL_RS12430,SGL_RS18365,0.0893411365500846
SGL_RS06410,SGL_RS05575,0.0893377386247213
SGL_RS17245,SGL_RS11440,0.0893295713902838
SGL_RS12430,SGL_RS04620,0.0893163851047107
SGL_RS07975,SGL_RS07420,0.0893139376432015
SGL_RS00400,SGL_RS01585,0.0893090715636897
SGL_RS04725,SGL_RS18305,0.0893083102247235
SGL_RS15965,SGL_RS00265,0.0893027098666746
SGL_RS02020,SGL_RS15540,0.089281425712384
SGL_RS17760,SGL_RS08660,0.089276557671246
SGL_RS08835,SGL_RS17780,0.089266281962175
SGL_RS04450,SGL_RS11085,0.0892662307541823
SGL_RS15245,SGL_RS08250,0.0892553966006894
SGL_RS07730,SGL_RS12905,0.0892542050561916
SGL_RS01955,SGL_RS13985,0.0892526916927872
SGL_RS00455,SGL_RS09565,0.0892486929866435
SGL_RS06410,SGL_RS05800,0.0892418167723925
SGL_RS03065,SGL_RS02660,0.0892374076452893
SGL_RS15805,SGL_RS03495,0.0892239258984535
SGL_RS17245,SGL_RS05430,0.0892211121786917
SGL_RS03065,SGL_RS11950,0.0892152383547622
SGL_RS12430,SGL_RS02955,0.0892098940363687
SGL_RS12430,SGL_RS10665,0.0892072577652575
SGL_RS15805,SGL_RS13705,0.0892041964021359
SGL_RS09285,SGL_RS06800,0.0892034476279449
SGL_RS06215,SGL_RS12735,0.0891970819655653
SGL_RS01980,SGL_RS01965,0.0891933493246073
SGL_RS16495,SGL_RS02800,0.0891929433379132
SGL_RS01215,SGL_RS16165,0.0891898429165406
SGL_RS13130,SGL_RS14290,0.0891848706063755
SGL_RS06410,SGL_RS04160,0.0891798443866462
SGL_RS00670,SGL_RS18595,0.0891796985356417
SGL_RS06410,SGL_RS03545,0.089177865684069
SGL_RS01980,SGL_RS17695,0.0891740723648126
SGL_RS08210,SGL_RS13530,0.089171647385865
SGL_RS15805,SGL_RS17290,0.0891708531064695
SGL_RS17395,SGL_RS11280,0.0891703095597016
SGL_RS11985,SGL_RS00500,0.0891616629408159
SGL_RS17760,SGL_RS04285,0.0891555914426537
SGL_RS14540,SGL_RS02450,0.0891416750427089
SGL_RS12430,SGL_RS14065,0.0891383407029773
SGL_RS04450,SGL_RS13110,0.0891376997922654
SGL_RS07730,SGL_RS11250,0.0891230288710732
SGL_RS06480,SGL_RS02435,0.0891125664059464
SGL_RS17760,SGL_RS05085,0.0891114031520212
SGL_RS07730,SGL_RS14070,0.089110715375234
SGL_RS08520,SGL_RS19435,0.0891070258573614
SGL_RS11370,SGL_RS07980,0.0891004178321442
SGL_RS08500,SGL_RS04610,0.0890941922544837
SGL_RS01255,SGL_RS02030,0.0890917302234727
SGL_RS04450,SGL_RS17420,0.0890884251934248
SGL_RS15805,SGL_RS17705,0.0890835804897221
SGL_RS12430,SGL_RS06380,0.089080838464298
SGL_RS04725,SGL_RS09705,0.0890743849675232
SGL_RS06410,SGL_RS01140,0.0890706439540888
SGL_RS10820,SGL_RS08585,0.0890677048982055
SGL_RS02990,SGL_RS10725,0.0890640534174074
SGL_RS17395,SGL_RS02940,0.0890610779700571
SGL_RS04725,SGL_RS13265,0.0890533075616647
SGL_RS07730,SGL_RS14595,0.0890413082382294
SGL_RS15965,SGL_RS00600,0.0890302074021679
SGL_RS04450,SGL_RS05765,0.0890203916391078
SGL_RS12595,SGL_RS07580,0.089015018985675
SGL_RS06080,SGL_RS17920,0.089014743937963
SGL_RS12430,SGL_RS12360,0.0890117035877295
SGL_RS15310,SGL_RS06625,0.0890078114396643
SGL_RS17760,SGL_RS04330,0.0890056610299232
SGL_RS10820,SGL_RS02040,0.0889970713990169
SGL_RS13130,SGL_RS12340,0.0889918931245593
SGL_RS05150,SGL_RS06860,0.0889897190528488
SGL_RS14385,SGL_RS01935,0.0889885562146098
SGL_RS08500,SGL_RS02570,0.0889855847684438
SGL_RS16495,SGL_RS16500,0.0889840610875734
SGL_RS18290,SGL_RS19595,0.0889765505921142
SGL_RS01980,SGL_RS04220,0.0889752841833038
SGL_RS12595,SGL_RS02660,0.0889740486542098
SGL_RS00455,SGL_RS00955,0.0889733033937843
SGL_RS04055,SGL_RS01265,0.0889685244791792
SGL_RS14385,SGL_RS02095,0.0889660912396771
SGL_RS14540,SGL_RS15835,0.0889645502131076
SGL_RS08500,SGL_RS06455,0.0889593345213683
SGL_RS17245,SGL_RS12465,0.0889568180470738
SGL_RS15585,SGL_RS04740,0.0889515429794554
SGL_RS00455,SGL_RS00985,0.0889444796788755
SGL_RS08500,SGL_RS02720,0.0889401419093438
SGL_RS03065,SGL_RS10420,0.0889300137654735
SGL_RS04615,SGL_RS03505,0.0889255669657913
SGL_RS06340,SGL_RS05890,0.0889233089168043
SGL_RS06410,SGL_RS07410,0.0889145351135683
SGL_RS15965,SGL_RS10415,0.0889133363261312
SGL_RS17395,SGL_RS17485,0.0889121326677526
SGL_RS05150,SGL_RS02185,0.0889041615154647
SGL_RS15210,SGL_RS10915,0.0889039060354107
SGL_RS12430,SGL_RS04470,0.0888951814287551
SGL_RS04615,SGL_RS05970,0.0888848043461734
SGL_RS15965,SGL_RS01415,0.08886404076071
SGL_RS08835,SGL_RS08335,0.0888566884599796
SGL_RS14540,SGL_RS09205,0.0888401588636813
SGL_RS11370,SGL_RS11475,0.0888356914084337
SGL_RS16165,SGL_RS17960,0.0888238252382333
SGL_RS00075,SGL_RS09770,0.0888199996423915
SGL_RS15965,SGL_RS14265,0.0888174598732346
SGL_RS15965,SGL_RS09560,0.0888133066135502
SGL_RS01955,SGL_RS00610,0.0888074877404603
SGL_RS17395,SGL_RS12765,0.088804331520081
SGL_RS17760,SGL_RS19530,0.0888028320589405
SGL_RS12430,SGL_RS18235,0.0888022329455049
SGL_RS06215,SGL_RS03340,0.08879519852405
SGL_RS06410,SGL_RS06305,0.0887948997872315
SGL_RS09285,SGL_RS15805,0.0887868154880969
SGL_RS03065,SGL_RS04880,0.0887854061340611
SGL_RS12430,SGL_RS12690,0.0887533465617227
SGL_RS18290,SGL_RS01470,0.0887387982946873
SGL_RS11835,SGL_RS06535,0.0887365702039138
SGL_RS15210,SGL_RS09170,0.0887098694209229
SGL_RS15805,SGL_RS19970,0.0887078198669303
SGL_RS12430,SGL_RS11495,0.0887007593537979
SGL_RS17395,SGL_RS11840,0.0886989401779499
SGL_RS08500,SGL_RS18310,0.0886971922207662
SGL_RS06410,SGL_RS03865,0.0886923267538765
SGL_RS00400,SGL_RS17795,0.0886919031613094
SGL_RS06340,SGL_RS08235,0.088685324015031
SGL_RS09285,SGL_RS04405,0.0886846345619773
SGL_RS13130,SGL_RS12395,0.0886840334246094
SGL_RS17440,SGL_RS13030,0.0886690436176631
SGL_RS15805,SGL_RS06355,0.0886638661319566
SGL_RS12595,SGL_RS11655,0.0886621564386213
SGL_RS07975,SGL_RS04790,0.088657863527914
SGL_RS04055,SGL_RS12540,0.0886571059028365
SGL_RS15805,SGL_RS17100,0.0886522627431637
SGL_RS10605,SGL_RS08710,0.0886522561897892
SGL_RS01625,SGL_RS17705,0.0886521177697174
SGL_RS17760,SGL_RS06845,0.0886517343116779
SGL_RS18290,SGL_RS18755,0.0886415594399762
SGL_RS02470,SGL_RS19460,0.0886381216109084
SGL_RS00400,SGL_RS00090,0.0886325756560329
SGL_RS10820,SGL_RS04530,0.0886305394531059
SGL_RS07730,SGL_RS06760,0.0886293576601156
SGL_RS11985,SGL_RS07460,0.088624307604658
SGL_RS16495,SGL_RS15040,0.088616333233102
SGL_RS06215,SGL_RS02590,0.0886152392302671
SGL_RS06215,SGL_RS14235,0.0886030543236084
SGL_RS10820,SGL_RS03585,0.0885998868130688
SGL_RS08040,SGL_RS16115,0.0885988045893939
SGL_RS01980,SGL_RS03590,0.0885942618299834
SGL_RS12430,SGL_RS06190,0.0885825706369077
SGL_RS01955,SGL_RS02495,0.0885821158884616
SGL_RS00400,SGL_RS01090,0.0885596444993044
SGL_RS07730,SGL_RS03895,0.0885591623903937
SGL_RS10605,SGL_RS09315,0.0885588359282109
SGL_RS03065,SGL_RS10400,0.0885501596985666
SGL_RS00455,SGL_RS00980,0.0885485378460269
SGL_RS00455,SGL_RS10040,0.0885447603108767
SGL_RS15805,SGL_RS18215,0.0885321490279296
SGL_RS07535,SGL_RS08210,0.0885093628945505
SGL_RS00400,SGL_RS08350,0.0885077835899667
SGL_RS00400,SGL_RS00230,0.0885057233186476
SGL_RS04055,SGL_RS14950,0.0885030814820692
SGL_RS08835,SGL_RS13210,0.0885030648064723
SGL_RS15210,SGL_RS18230,0.0885021088165862
SGL_RS18290,SGL_RS10080,0.0884799405021244
SGL_RS15805,SGL_RS16645,0.0884787506744809
SGL_RS14385,SGL_RS08600,0.0884762710923085
SGL_RS06340,SGL_RS10240,0.0884700997120917
SGL_RS12430,SGL_RS06575,0.0884700127755438
SGL_RS11985,SGL_RS13260,0.0884696887084019
SGL_RS13820,SGL_RS11005,0.0884673909729322
SGL_RS15805,SGL_RS04650,0.088440931004198
SGL_RS04055,SGL_RS02585,0.0884407902967956
SGL_RS01980,SGL_RS01600,0.0884378906229274
SGL_RS04450,SGL_RS14545,0.088434944385377
SGL_RS12430,SGL_RS17670,0.0884328127618334
SGL_RS15965,SGL_RS04225,0.088429765876958
SGL_RS02990,SGL_RS12490,0.0884272317990199
SGL_RS02470,SGL_RS04740,0.0884249610862365
SGL_RS07975,SGL_RS08855,0.0884183640096823
SGL_RS15965,SGL_RS11155,0.0884177577208131
SGL_RS12430,SGL_RS18300,0.0884174988581134
SGL_RS12595,SGL_RS20080,0.088416015670153
SGL_RS13130,SGL_RS12235,0.088413036858158
SGL_RS00320,SGL_RS00455,0.0883868518912832
SGL_RS01955,SGL_RS00485,0.0883747321012054
SGL_RS10820,SGL_RS08850,0.0883614282255766
SGL_RS11370,SGL_RS04200,0.088348220568469
SGL_RS08210,SGL_RS17565,0.0883331787650716
SGL_RS00455,SGL_RS00050,0.0883329835516373
SGL_RS06340,SGL_RS07875,0.0883321397864487
SGL_RS17395,SGL_RS10355,0.0883315041847775
SGL_RS10820,SGL_RS03540,0.0883226395413896
SGL_RS15245,SGL_RS11295,0.088308905706669
SGL_RS11285,SGL_RS18045,0.0883082203546679
SGL_RS08500,SGL_RS06695,0.0883062090478372
SGL_RS13820,SGL_RS08855,0.0882847500362766
SGL_RS00400,SGL_RS11250,0.088281889152243
SGL_RS16495,SGL_RS00535,0.0882768002776726
SGL_RS15245,SGL_RS03355,0.0882743287879101
SGL_RS15245,SGL_RS03935,0.0882703560172311
SGL_RS09285,SGL_RS13445,0.0882623025523741
SGL_RS15965,SGL_RS10710,0.0882418399352806
SGL_RS08520,SGL_RS04910,0.0882406531620654
SGL_RS12430,SGL_RS06760,0.0882383600235038
SGL_RS07730,SGL_RS06380,0.0882366103465732
SGL_RS10605,SGL_RS13505,0.088235736354395
SGL_RS04725,SGL_RS04255,0.0882260623759725
SGL_RS10605,SGL_RS16900,0.0882237292132803
SGL_RS16080,SGL_RS08140,0.0882209969485136
SGL_RS12430,SGL_RS13820,0.0882199918957697
SGL_RS17395,SGL_RS14930,0.088214765406085
SGL_RS12005,SGL_RS00925,0.0882125760619592
SGL_RS15585,SGL_RS11200,0.0881972899410662
SGL_RS15805,SGL_RS03175,0.0881833892165277
SGL_RS12430,SGL_RS18215,0.088173782667492
SGL_RS12430,SGL_RS11845,0.0881681399369236
SGL_RS17245,SGL_RS03380,0.088160208650534
SGL_RS06080,SGL_RS02025,0.0881580083768829
SGL_RS11370,SGL_RS06270,0.0881341210280807
SGL_RS06410,SGL_RS10915,0.0881338759613132
SGL_RS14385,SGL_RS14620,0.0881289782867078
SGL_RS00400,SGL_RS11190,0.0881257487165048
SGL_RS15805,SGL_RS10660,0.0881253981592723
SGL_RS15210,SGL_RS02600,0.0881159230039486
SGL_RS16495,SGL_RS18960,0.0881050232719898
SGL_RS13130,SGL_RS17190,0.0881027145572898
SGL_RS06215,SGL_RS17210,0.0881021242177975
SGL_RS12595,SGL_RS04650,0.088097259556882
SGL_RS06340,SGL_RS04105,0.0880946895562002
SGL_RS15805,SGL_RS10320,0.0880856629450143
SGL_RS06080,SGL_RS00890,0.0880853749180962
SGL_RS00400,SGL_RS00020,0.0880829168271689
SGL_RS15805,SGL_RS11740,0.0880824561679017
SGL_RS00400,SGL_RS00190,0.0880657685918291
SGL_RS14385,SGL_RS09725,0.0880494608294705
SGL_RS08210,SGL_RS13340,0.0880427550669492
SGL_RS16080,SGL_RS01270,0.0880420895996445
SGL_RS05150,SGL_RS07930,0.0880420822331962
SGL_RS12595,SGL_RS08265,0.0880399737958163
SGL_RS10605,SGL_RS09215,0.0880390618796543
SGL_RS16495,SGL_RS11865,0.088025569676968
SGL_RS00400,SGL_RS09730,0.0880220529458872
SGL_RS01255,SGL_RS00855,0.0880205801639292
SGL_RS15805,SGL_RS12030,0.0880170264589913
SGL_RS07975,SGL_RS17535,0.088014727909932
SGL_RS04055,SGL_RS08435,0.088008884391773
SGL_RS01955,SGL_RS04475,0.0879992651479649
SGL_RS04615,SGL_RS18350,0.0879929045894847
SGL_RS17760,SGL_RS18225,0.0879890940213741
SGL_RS15805,SGL_RS13320,0.0879858179121409
SGL_RS04615,SGL_RS05295,0.0879846092483224
SGL_RS18290,SGL_RS03420,0.0879789823762612
SGL_RS17395,SGL_RS13855,0.0879723536884519
SGL_RS06340,SGL_RS04820,0.0879590871055903
SGL_RS08835,SGL_RS13645,0.0879420497293859
SGL_RS12430,SGL_RS13390,0.0879399845438564
SGL_RS08210,SGL_RS04590,0.0879398148116746
SGL_RS01980,SGL_RS01370,0.0879202607788735
SGL_RS17395,SGL_RS02810,0.0879180298272344
SGL_RS00400,SGL_RS08325,0.0879000327543522
SGL_RS12430,SGL_RS17180,0.0878833528291191
SGL_RS16495,SGL_RS20195,0.0878788528207856
SGL_RS01955,SGL_RS00755,0.0878735051823478
SGL_RS15245,SGL_RS15045,0.0878732810626783
SGL_RS04055,SGL_RS02770,0.0878673177771793
SGL_RS12005,SGL_RS12010,0.0878666327052145
SGL_RS00400,SGL_RS01450,0.0878424798750885
SGL_RS00400,SGL_RS01635,0.0878369608086846
SGL_RS14385,SGL_RS09835,0.0878347688186759
SGL_RS09285,SGL_RS10655,0.0878107615584431
SGL_RS09285,SGL_RS00760,0.0877940624860915
SGL_RS15805,SGL_RS09345,0.0877780662871998
SGL_RS04725,SGL_RS09325,0.0877758252803028
SGL_RS00400,SGL_RS18905,0.0877734916764693
SGL_RS00515,SGL_RS12305,0.0877706124034485
SGL_RS11370,SGL_RS02655,0.0877674081812297
SGL_RS14385,SGL_RS04970,0.0877657733589049
SGL_RS17760,SGL_RS04675,0.0877610684796915
SGL_RS12430,SGL_RS04335,0.0877561974601935
SGL_RS10820,SGL_RS12170,0.0877534307168198
SGL_RS00400,SGL_RS00180,0.0877528358109499
SGL_RS04055,SGL_RS19085,0.087750897235873
SGL_RS06410,SGL_RS19775,0.0877470080076142
SGL_RS13130,SGL_RS14395,0.087741156933171
SGL_RS15805,SGL_RS13530,0.0877377004416312
SGL_RS16080,SGL_RS05995,0.0877375715146057
SGL_RS15245,SGL_RS01185,0.0877338308006487
SGL_RS06410,SGL_RS17655,0.0877318591245566
SGL_RS04725,SGL_RS07355,0.0877311039047957
SGL_RS03065,SGL_RS04025,0.0877212210766999
SGL_RS12595,SGL_RS02665,0.0877108020100674
SGL_RS17395,SGL_RS16500,0.0877080418593157
SGL_RS11985,SGL_RS14745,0.0877030536057963
SGL_RS14385,SGL_RS03230,0.0876985827558471
SGL_RS15965,SGL_RS13485,0.0876894484777954
SGL_RS04450,SGL_RS14895,0.0876883990591163
SGL_RS12005,SGL_RS09975,0.0876848669455904
SGL_RS16495,SGL_RS07500,0.0876813205836694
SGL_RS08520,SGL_RS04940,0.0876769728970714
SGL_RS09285,SGL_RS15570,0.0876689974203612
SGL_RS04725,SGL_RS14115,0.0876685130959725
SGL_RS12430,SGL_RS03065,0.0876651983600769
SGL_RS00075,SGL_RS00700,0.0876550869238805
SGL_RS01980,SGL_RS08955,0.0876481287758201
SGL_RS07730,SGL_RS03155,0.0876379497313121
SGL_RS06480,SGL_RS15715,0.0876377801318179
SGL_RS12430,SGL_RS02720,0.0876327826232292
SGL_RS01255,SGL_RS16035,0.0876323304820314
SGL_RS12430,SGL_RS08700,0.0876309631298584
SGL_RS04055,SGL_RS05970,0.0876294815585914
SGL_RS11370,SGL_RS15245,0.0876204056147956
SGL_RS10820,SGL_RS02905,0.087613499334165
SGL_RS00320,SGL_RS04770,0.0876109907159994
SGL_RS08835,SGL_RS07445,0.087607899283955
SGL_RS12430,SGL_RS09880,0.0876045428713828
SGL_RS10605,SGL_RS13660,0.087603451481793
SGL_RS04450,SGL_RS03905,0.087599483102548
SGL_RS05150,SGL_RS06835,0.0875882905553585
SGL_RS00400,SGL_RS19675,0.0875851025870492
SGL_RS05150,SGL_RS04160,0.0875748535840192
SGL_RS09285,SGL_RS10150,0.0875730769882648
SGL_RS08835,SGL_RS17760,0.0875717975258221
SGL_RS03065,SGL_RS16790,0.0875681165888029
SGL_RS12430,SGL_RS12255,0.0875587929556733
SGL_RS17760,SGL_RS05600,0.0875577536963004
SGL_RS06340,SGL_RS17430,0.087557084129522
SGL_RS15210,SGL_RS01800,0.0875554555175795
SGL_RS11370,SGL_RS02065,0.0875466540255097
SGL_RS06480,SGL_RS09810,0.0875459127742691
SGL_RS07535,SGL_RS17505,0.087541604651214
SGL_RS15965,SGL_RS04325,0.0875368271666397
SGL_RS00400,SGL_RS03035,0.0875212126829985
SGL_RS04725,SGL_RS17040,0.0875183729930888
SGL_RS14385,SGL_RS06250,0.0875171251458043
SGL_RS08500,SGL_RS08745,0.0875121068020673
SGL_RS10820,SGL_RS03340,0.0875105011078465
SGL_RS06480,SGL_RS03780,0.087510251866869
SGL_RS15805,SGL_RS17630,0.0875086879020405
SGL_RS15210,SGL_RS15670,0.0875078216682283
SGL_RS17760,SGL_RS06405,0.0874920201824075
SGL_RS01980,SGL_RS16320,0.0874880662038727
SGL_RS10820,SGL_RS00915,0.0874824324345103
SGL_RS04725,SGL_RS15445,0.0874797362032094
SGL_RS00320,SGL_RS15010,0.0874732297918488
SGL_RS16165,SGL_RS08360,0.0874710515074707
SGL_RS16165,SGL_RS15115,0.0874590391292187
SGL_RS15805,SGL_RS19410,0.0874573463531933
SGL_RS00455,SGL_RS01035,0.0874555151504782
SGL_RS01955,SGL_RS19530,0.0874513019133161
SGL_RS08210,SGL_RS04065,0.0874214264989947
SGL_RS10605,SGL_RS15860,0.0874159313377446
SGL_RS14385,SGL_RS08750,0.0874136300246526
SGL_RS02990,SGL_RS17455,0.0874037087201061
SGL_RS15805,SGL_RS08735,0.0873993522641995
SGL_RS04055,SGL_RS02365,0.0873839600202647
SGL_RS15805,SGL_RS11780,0.0873818143592737
SGL_RS06215,SGL_RS19170,0.087379710244649
SGL_RS00670,SGL_RS08325,0.087379121053017
SGL_RS01215,SGL_RS00860,0.0873784272851599
SGL_RS03065,SGL_RS10435,0.0873773778320701
SGL_RS14540,SGL_RS14760,0.0873755066079945
SGL_RS12595,SGL_RS13530,0.0873732410780644
SGL_RS08080,SGL_RS20100,0.0873723853729535
SGL_RS00455,SGL_RS02135,0.0873681897078919
SGL_RS00320,SGL_RS07955,0.0873617198665244
SGL_RS08080,SGL_RS12605,0.0873607583376599
SGL_RS11285,SGL_RS13465,0.0873599383591332
SGL_RS01980,SGL_RS00725,0.0873598901675946
SGL_RS11370,SGL_RS06205,0.087354500410244
SGL_RS12430,SGL_RS07250,0.087352400241688
SGL_RS06410,SGL_RS15825,0.0873466257394474
SGL_RS00400,SGL_RS07080,0.0873420261341507
SGL_RS14540,SGL_RS06265,0.0873414110389838
SGL_RS15965,SGL_RS15935,0.0873344587009595
SGL_RS15965,SGL_RS07515,0.0873343819484594
SGL_RS15965,SGL_RS03595,0.0873341768018738
SGL_RS16495,SGL_RS10135,0.0873320114250287
SGL_RS00400,SGL_RS15930,0.0873294356917783
SGL_RS10820,SGL_RS15265,0.0873292384884025
SGL_RS14385,SGL_RS02490,0.0873219313156237
SGL_RS09285,SGL_RS11635,0.0873216194279953
SGL_RS17760,SGL_RS09215,0.0873134273808293
SGL_RS00400,SGL_RS04225,0.0873061188295092
SGL_RS04615,SGL_RS16520,0.0873026888742397
SGL_RS15805,SGL_RS10065,0.0873012797060148
SGL_RS18290,SGL_RS10485,0.087300737176324
SGL_RS12430,SGL_RS04250,0.0873002139840872
SGL_RS15965,SGL_RS15095,0.0872989963220762
SGL_RS15965,SGL_RS04880,0.08729045097893
SGL_RS13130,SGL_RS09200,0.087289850101014
SGL_RS01955,SGL_RS06565,0.0872817629668603
SGL_RS08210,SGL_RS02740,0.0872816107937932
SGL_RS09285,SGL_RS17330,0.0872673982658444
SGL_RS15965,SGL_RS00605,0.0872533443724678
SGL_RS08835,SGL_RS05225,0.0872472230794217
SGL_RS09285,SGL_RS02560,0.0872393330639267
SGL_RS15805,SGL_RS06500,0.0872304270496291
SGL_RS08210,SGL_RS08630,0.0872226504656367
SGL_RS15805,SGL_RS07590,0.087214758740179
SGL_RS00670,SGL_RS01585,0.0872130736084673
SGL_RS10605,SGL_RS04680,0.0872074983871262
SGL_RS18290,SGL_RS16905,0.0872041100806749
SGL_RS17440,SGL_RS10680,0.0872033016717811
SGL_RS15215,SGL_RS15235,0.0871998013540317
SGL_RS10820,SGL_RS09725,0.0871905590561694
SGL_RS09285,SGL_RS06765,0.0871803475211028
SGL_RS12005,SGL_RS06000,0.0871742238748951
SGL_RS04450,SGL_RS12055,0.0871632535240162
SGL_RS17760,SGL_RS08270,0.0871583773351025
SGL_RS15965,SGL_RS06395,0.0871415703866164
SGL_RS11285,SGL_RS02870,0.0871359346840869
SGL_RS17760,SGL_RS17990,0.0871348165463982
SGL_RS17395,SGL_RS14770,0.0871344926651458
SGL_RS15805,SGL_RS06990,0.087129387340622
SGL_RS14385,SGL_RS10345,0.0871254979766908
SGL_RS13130,SGL_RS16340,0.0871226558489916
SGL_RS00455,SGL_RS00970,0.0871223902489002
SGL_RS10820,SGL_RS14705,0.0870985203830632
SGL_RS04450,SGL_RS05970,0.0870843474429756
SGL_RS17395,SGL_RS12050,0.0870822978475627
SGL_RS00515,SGL_RS13615,0.0870709116145023
SGL_RS00515,SGL_RS11830,0.0870491668054146
SGL_RS17760,SGL_RS07415,0.087048812477196
SGL_RS02510,SGL_RS02190,0.0870414319097995
SGL_RS04450,SGL_RS11785,0.0870371627987108
SGL_RS12430,SGL_RS07870,0.0870284650844828
SGL_RS15965,SGL_RS10180,0.0870263838931557
SGL_RS04450,SGL_RS18040,0.08702595006095
SGL_RS17760,SGL_RS10695,0.0870258204817664
SGL_RS08210,SGL_RS07025,0.0870102450128026
SGL_RS00400,SGL_RS14640,0.0870090512845227
SGL_RS15585,SGL_RS14855,0.0870074161913464
SGL_RS07535,SGL_RS13440,0.0869974470518774
SGL_RS11370,SGL_RS14580,0.0869954038082935
SGL_RS02990,SGL_RS09230,0.0869929478578332
SGL_RS12430,SGL_RS04290,0.0869742442610774
SGL_RS01625,SGL_RS14905,0.0869707696672824
SGL_RS13130,SGL_RS10495,0.0869656810101153
SGL_RS12430,SGL_RS08465,0.0869633493454628
SGL_RS15965,SGL_RS18485,0.086963109211046
SGL_RS17395,SGL_RS15220,0.0869607011210465
SGL_RS12430,SGL_RS10125,0.0869555039038344
SGL_RS00075,SGL_RS08320,0.086950504589932
SGL_RS08210,SGL_RS08975,0.0869464859436228
SGL_RS15805,SGL_RS11910,0.0869382463987309
SGL_RS04820,SGL_RS13400,0.0869352323020363
SGL_RS15965,SGL_RS04885,0.0869303853351379
SGL_RS15965,SGL_RS00355,0.0869262067295258
SGL_RS11370,SGL_RS11535,0.0869259417463974
SGL_RS13820,SGL_RS07290,0.0869200399717561
SGL_RS06340,SGL_RS06135,0.0869153752703072
SGL_RS09285,SGL_RS02305,0.0869136759308275
SGL_RS13130,SGL_RS01005,0.0869123827605422
SGL_RS10605,SGL_RS18060,0.0869059955200433
SGL_RS01625,SGL_RS12805,0.0868955176055554
SGL_RS15965,SGL_RS07075,0.0868916141600784
SGL_RS12005,SGL_RS12140,0.0868901285716978
SGL_RS07535,SGL_RS06975,0.086888916034425
SGL_RS08210,SGL_RS06645,0.0868817398753615
SGL_RS06340,SGL_RS12655,0.0868709657994973
SGL_RS10820,SGL_RS07355,0.0868645372818595
SGL_RS04055,SGL_RS06365,0.086863140280644
SGL_RS09285,SGL_RS17100,0.0868614219054867
SGL_RS04450,SGL_RS09285,0.086860274978075
SGL_RS08500,SGL_RS08780,0.0868521902087367
SGL_RS10820,SGL_RS01800,0.0868466949387893
SGL_RS15805,SGL_RS11805,0.0868439896838366
SGL_RS06340,SGL_RS17135,0.0868414590851673
SGL_RS04450,SGL_RS03760,0.0868360141317068
SGL_RS08500,SGL_RS17050,0.0868280749107556
SGL_RS06340,SGL_RS03430,0.0868279185346048
SGL_RS09285,SGL_RS06985,0.0868219747844688
SGL_RS10605,SGL_RS14385,0.0868179844624771
SGL_RS04725,SGL_RS09230,0.0868047503619092
SGL_RS06340,SGL_RS05215,0.0867936784191301
SGL_RS01625,SGL_RS17730,0.0867920643089586
SGL_RS01955,SGL_RS11165,0.0867899836607182
SGL_RS06080,SGL_RS10475,0.0867898208194145
SGL_RS15965,SGL_RS00025,0.0867889233844135
SGL_RS06080,SGL_RS16160,0.0867751547003731
SGL_RS00320,SGL_RS20180,0.0867662751081302
SGL_RS13820,SGL_RS11685,0.0867627370006302
SGL_RS00515,SGL_RS05165,0.0867498767716183
SGL_RS08500,SGL_RS02625,0.0867416708423223
SGL_RS09285,SGL_RS17220,0.086738765351418
SGL_RS08845,SGL_RS06285,0.0867328286549538
SGL_RS10820,SGL_RS17000,0.0867318149373026
SGL_RS17395,SGL_RS15710,0.0867199898901403
SGL_RS12430,SGL_RS07470,0.0867052417845929
SGL_RS08165,SGL_RS19525,0.0867047338269574
SGL_RS04820,SGL_RS08895,0.086704684247623
SGL_RS12005,SGL_RS02070,0.0866955225246849
SGL_RS06410,SGL_RS04665,0.0866829371501283
SGL_RS00670,SGL_RS00275,0.0866828093251439
SGL_RS17395,SGL_RS13970,0.0866743375711022
SGL_RS12430,SGL_RS19475,0.0866726445302062
SGL_RS01980,SGL_RS02520,0.0866666523855547
SGL_RS10820,SGL_RS04640,0.0866646374001382
SGL_RS12430,SGL_RS16360,0.0866460327507586
SGL_RS14540,SGL_RS11095,0.0866359389436855
SGL_RS08835,SGL_RS11900,0.0866359199557053
SGL_RS12595,SGL_RS06455,0.0866345982700061
SGL_RS12430,SGL_RS17460,0.0866251334117249
SGL_RS17245,SGL_RS05735,0.0866133714704959
SGL_RS08500,SGL_RS08775,0.0866066480053417
SGL_RS18290,SGL_RS04105,0.086606528532539
SGL_RS14540,SGL_RS17475,0.0865989823848664
SGL_RS14385,SGL_RS14080,0.0865965826530333
SGL_RS17440,SGL_RS05150,0.0865911146719259
SGL_RS13130,SGL_RS16730,0.0865895678790733
SGL_RS04450,SGL_RS17880,0.0865882980150343
SGL_RS10820,SGL_RS04205,0.0865835266905002
SGL_RS17760,SGL_RS10705,0.0865804352146569
SGL_RS16495,SGL_RS14275,0.0865619562089036
SGL_RS10605,SGL_RS11335,0.0865491104120663
SGL_RS08080,SGL_RS03400,0.086534377187243
SGL_RS00400,SGL_RS01015,0.0865159219097392
SGL_RS10820,SGL_RS00910,0.0865118651224518
SGL_RS00400,SGL_RS16425,0.086510570521106
SGL_RS15210,SGL_RS04535,0.0865093767424722
SGL_RS10820,SGL_RS11170,0.0865034153962647
SGL_RS17440,SGL_RS06860,0.0865013063922108
SGL_RS09285,SGL_RS10990,0.086495479390893
SGL_RS00400,SGL_RS11015,0.0864952554552551
SGL_RS15805,SGL_RS07165,0.0864868185566201
SGL_RS06215,SGL_RS15255,0.08648078910767
SGL_RS06215,SGL_RS05140,0.0864704119050606
SGL_RS11370,SGL_RS10880,0.0864694575934964
SGL_RS15805,SGL_RS08750,0.0864686204449182
SGL_RS15805,SGL_RS13550,0.0864685276077476
SGL_RS01625,SGL_RS12590,0.0864677057052912
SGL_RS08210,SGL_RS17505,0.0864655245889446
SGL_RS09285,SGL_RS13730,0.0864589602595612
SGL_RS07730,SGL_RS19935,0.0864571909668547
SGL_RS07730,SGL_RS09625,0.0864508605013079
SGL_RS04450,SGL_RS09665,0.0864443096722576
SGL_RS12430,SGL_RS03345,0.0864412733228249
SGL_RS15805,SGL_RS03085,0.086426655626566
SGL_RS08500,SGL_RS04725,0.0864250366104385
SGL_RS15805,SGL_RS01880,0.0864194379982604
SGL_RS15805,SGL_RS13435,0.0864137800465707
SGL_RS13130,SGL_RS15770,0.0864117460285061
SGL_RS07730,SGL_RS15525,0.086411107954306
SGL_RS08210,SGL_RS19805,0.0864036756437432
SGL_RS12430,SGL_RS05100,0.0863932246557302
SGL_RS12430,SGL_RS12840,0.0863917578621634
SGL_RS15805,SGL_RS02285,0.086387582687387
SGL_RS13130,SGL_RS16735,0.0863734157523735
SGL_RS14385,SGL_RS13195,0.0863652420317676
SGL_RS02470,SGL_RS15585,0.0863637601980585
SGL_RS14385,SGL_RS13505,0.0863633930141584
SGL_RS17395,SGL_RS08840,0.0863607495841405
SGL_RS14385,SGL_RS05440,0.0863596094411922
SGL_RS00400,SGL_RS01455,0.0863596015276551
SGL_RS15210,SGL_RS04385,0.0863506315535669
SGL_RS15245,SGL_RS10490,0.0863428817155503
SGL_RS17395,SGL_RS16735,0.086339140183844
SGL_RS10820,SGL_RS07315,0.0863376113390087
SGL_RS15805,SGL_RS12645,0.0863365414358049
SGL_RS04450,SGL_RS04200,0.0863355219471378
SGL_RS15805,SGL_RS12730,0.0863302241625112
SGL_RS15805,SGL_RS14020,0.0863119388178643
SGL_RS12430,SGL_RS18655,0.0863117609038328
SGL_RS17395,SGL_RS10450,0.0863111508753739
SGL_RS10605,SGL_RS10085,0.0862984259761466
SGL_RS09285,SGL_RS09360,0.0862952020762697
SGL_RS10605,SGL_RS07575,0.0862934914047689
SGL_RS02020,SGL_RS19720,0.0862878666184201
SGL_RS00320,SGL_RS06060,0.0862841329532871
SGL_RS16495,SGL_RS03955,0.0862813085830841
SGL_RS08080,SGL_RS06030,0.0862790773605174
SGL_RS04450,SGL_RS11630,0.0862758635042679
SGL_RS02020,SGL_RS08960,0.0862683874577134
SGL_RS00400,SGL_RS03635,0.0862577309994378
SGL_RS11285,SGL_RS13040,0.0862531529858727
SGL_RS06340,SGL_RS07715,0.0862515522502344
SGL_RS10820,SGL_RS07330,0.0862512774499335
SGL_RS00515,SGL_RS04495,0.0862502111228708
SGL_RS06215,SGL_RS05665,0.0862469100811432
SGL_RS13130,SGL_RS11560,0.0862412990037392
SGL_RS02990,SGL_RS16535,0.0862377549264196
SGL_RS17760,SGL_RS04255,0.0862222852123664
SGL_RS11285,SGL_RS11310,0.086220920417294
SGL_RS01955,SGL_RS05600,0.086217960742101
SGL_RS04450,SGL_RS16350,0.086213198579896
SGL_RS00320,SGL_RS17370,0.0862083530128267
SGL_RS15805,SGL_RS05495,0.0861987652884695
SGL_RS08835,SGL_RS07235,0.0861955168244275
SGL_RS13820,SGL_RS17450,0.0861922251080712
SGL_RS13820,SGL_RS14505,0.0861806741939313
SGL_RS06410,SGL_RS04275,0.0861767386249583
SGL_RS12430,SGL_RS17450,0.0861667650495521
SGL_RS15805,SGL_RS07195,0.0861625363921033
SGL_RS11835,SGL_RS15310,0.0861594132858709
SGL_RS12430,SGL_RS12415,0.0861560280353543
SGL_RS12540,SGL_RS12920,0.0861440341702106
SGL_RS02990,SGL_RS03765,0.0861438274709327
SGL_RS17760,SGL_RS09985,0.0861212433310521
SGL_RS17760,SGL_RS14480,0.0861196818937753
SGL_RS18290,SGL_RS16730,0.0861182910414751
SGL_RS15805,SGL_RS04455,0.0861134921817334
SGL_RS01980,SGL_RS00570,0.0861124655623964
SGL_RS00455,SGL_RS00355,0.0861015845849906
SGL_RS13130,SGL_RS06955,0.0860968038736355
SGL_RS01625,SGL_RS00845,0.0860953387532591
SGL_RS12595,SGL_RS17090,0.0860943281361109
SGL_RS12595,SGL_RS10615,0.0860865805511835
SGL_RS15965,SGL_RS01125,0.0860844756132294
SGL_RS08210,SGL_RS05460,0.0860712823196374
SGL_RS06410,SGL_RS05245,0.0860711706239775
SGL_RS04055,SGL_RS03325,0.0860659714933157
SGL_RS18290,SGL_RS02775,0.0860598537435594
SGL_RS00515,SGL_RS18150,0.0860552978510999
SGL_RS04725,SGL_RS10245,0.0860537435637504
SGL_RS15805,SGL_RS11335,0.0860528927303536
SGL_RS12430,SGL_RS15790,0.0860371982405982
SGL_RS15805,SGL_RS17470,0.0860320275662519
SGL_RS12005,SGL_RS16335,0.0860236262814614
SGL_RS04725,SGL_RS16690,0.0860198370583518
SGL_RS15965,SGL_RS09020,0.0860127352139608
SGL_RS12430,SGL_RS05870,0.0860120780932646
SGL_RS06080,SGL_RS04630,0.0860075491764963
SGL_RS01955,SGL_RS15475,0.0859846684271189
SGL_RS17395,SGL_RS10505,0.085979675514789
SGL_RS08165,SGL_RS07095,0.085976811776431
SGL_RS13130,SGL_RS15285,0.0859746477433964
SGL_RS00320,SGL_RS01365,0.0859741250423143
SGL_RS14385,SGL_RS19955,0.0859704048231427
SGL_RS13130,SGL_RS01920,0.0859646919404999
SGL_RS04725,SGL_RS11000,0.0859487887269352
SGL_RS15210,SGL_RS04410,0.0859426410676295
SGL_RS14385,SGL_RS11850,0.0859400148059462
SGL_RS17395,SGL_RS13495,0.0859360759889205
SGL_RS13820,SGL_RS11050,0.0859210663023682
SGL_RS03065,SGL_RS07735,0.0859170699006146
SGL_RS15210,SGL_RS11430,0.0859148576001528
SGL_RS15210,SGL_RS13235,0.0859126357939147
SGL_RS08835,SGL_RS04125,0.0859045477153276
SGL_RS15965,SGL_RS07070,0.0858894926197434
SGL_RS00075,SGL_RS18875,0.0858849298414455
SGL_RS09285,SGL_RS02235,0.0858830868635623
SGL_RS06215,SGL_RS05830,0.0858608650051257
SGL_RS00515,SGL_RS04890,0.0858483424659481
SGL_RS15965,SGL_RS12090,0.0858416507728528
SGL_RS04725,SGL_RS06145,0.0858374671093226
SGL_RS15965,SGL_RS09535,0.0858236612141054
SGL_RS08835,SGL_RS17840,0.085823372788239
SGL_RS17245,SGL_RS02365,0.0858122700220983
SGL_RS01255,SGL_RS16080,0.0857941349758716
SGL_RS03065,SGL_RS19905,0.0857789806932662
SGL_RS10820,SGL_RS06885,0.0857762265981314
SGL_RS06215,SGL_RS03385,0.0857702291198034
SGL_RS18290,SGL_RS03160,0.0857620087749394
SGL_RS04055,SGL_RS13790,0.0857599013106401
SGL_RS01980,SGL_RS14525,0.0857562227126899
SGL_RS12430,SGL_RS06670,0.0857536889025088
SGL_RS12430,SGL_RS08510,0.0857502414402374
SGL_RS01955,SGL_RS02020,0.085749274366737
SGL_RS10820,SGL_RS04095,0.0857441767108975
SGL_RS14385,SGL_RS09895,0.0857402392248565
SGL_RS17760,SGL_RS13210,0.0857363833964725
SGL_RS12430,SGL_RS14530,0.0857357392843274
SGL_RS15805,SGL_RS11570,0.085727347536287
SGL_RS12430,SGL_RS18195,0.0857195933177282
SGL_RS16165,SGL_RS17920,0.0857041937709181
SGL_RS17440,SGL_RS14030,0.0857003395203053
SGL_RS00455,SGL_RS03645,0.0856956057352586
SGL_RS17245,SGL_RS10625,0.08569220171585
SGL_RS15210,SGL_RS11245,0.0856821474950333
SGL_RS12005,SGL_RS14045,0.0856780162273614
SGL_RS05150,SGL_RS14710,0.0856699589351813
SGL_RS12005,SGL_RS00685,0.0856467894335675
SGL_RS04055,SGL_RS13100,0.0856465685432299
SGL_RS00400,SGL_RS01445,0.0856407821304657
SGL_RS02510,SGL_RS02275,0.0856389385723208
SGL_RS13130,SGL_RS03030,0.0856322628876828
SGL_RS17760,SGL_RS07425,0.0856192680875436
SGL_RS17760,SGL_RS17640,0.0856109712140929
SGL_RS12005,SGL_RS05345,0.0856064024977055
SGL_RS16080,SGL_RS20150,0.0855992973303993
SGL_RS00670,SGL_RS19735,0.0855932856123344
SGL_RS03065,SGL_RS06180,0.0855807152862766
SGL_RS06215,SGL_RS12365,0.0855738701606144
SGL_RS12430,SGL_RS05105,0.0855632323889642
SGL_RS10820,SGL_RS03605,0.0855558996402088
SGL_RS06410,SGL_RS15000,0.0855508794541852
SGL_RS00400,SGL_RS03595,0.0855496529768245
SGL_RS01215,SGL_RS00890,0.0855433904598153
SGL_RS04725,SGL_RS16710,0.0855325818411871
SGL_RS01215,SGL_RS19355,0.0855304956396823
SGL_RS06480,SGL_RS13200,0.0855276197789305
SGL_RS12595,SGL_RS08970,0.0855226752565386
SGL_RS15210,SGL_RS05235,0.0855215020479926
SGL_RS02510,SGL_RS09955,0.0855172852574492
SGL_RS04055,SGL_RS12900,0.085514216251866
SGL_RS13820,SGL_RS05015,0.0855138557571316
SGL_RS16495,SGL_RS13170,0.0855119236525354
SGL_RS13130,SGL_RS00945,0.085506928105768
SGL_RS16495,SGL_RS06725,0.0854978357903837
SGL_RS00400,SGL_RS14145,0.0854961816968372
SGL_RS10820,SGL_RS04255,0.0854790854591058
SGL_RS04450,SGL_RS12445,0.0854722798397202
SGL_RS15965,SGL_RS11930,0.085464461503565
SGL_RS12430,SGL_RS00490,0.0854556494991373
SGL_RS04055,SGL_RS09185,0.0854546422590914
SGL_RS09285,SGL_RS07600,0.0854499478144916
SGL_RS00455,SGL_RS01575,0.0854492398174052
SGL_RS14610,SGL_RS05255,0.0854491507821595
SGL_RS08835,SGL_RS06065,0.0854424131289992
SGL_RS15210,SGL_RS02440,0.0854324547901499
SGL_RS11985,SGL_RS04090,0.0854294926815345
SGL_RS03065,SGL_RS19470,0.0854206865195595
SGL_RS12430,SGL_RS11635,0.085416563399376
SGL_RS10605,SGL_RS11850,0.0854141170979157
SGL_RS14385,SGL_RS04455,0.0854110185476246
SGL_RS00400,SGL_RS01110,0.0854068207554199
SGL_RS08165,SGL_RS09005,0.0854067923242758
SGL_RS00515,SGL_RS19845,0.0854064126212763
SGL_RS08500,SGL_RS06620,0.0854035217895738
SGL_RS06410,SGL_RS05795,0.0853988813966584
SGL_RS06480,SGL_RS16420,0.0853941858507179
SGL_RS04450,SGL_RS07900,0.0853877403122096
SGL_RS14385,SGL_RS15645,0.0853816295777581
SGL_RS15805,SGL_RS05675,0.085374137057628
SGL_RS12005,SGL_RS09810,0.0853675022175295
SGL_RS16165,SGL_RS09015,0.0853615738238989
SGL_RS00320,SGL_RS16970,0.0853394350064923
SGL_RS15805,SGL_RS08910,0.085339242401003
SGL_RS18290,SGL_RS07755,0.0853392189613063
SGL_RS17760,SGL_RS10830,0.0853243944509282
SGL_RS08210,SGL_RS12400,0.0853124406463522
SGL_RS06410,SGL_RS02700,0.0852906444799664
SGL_RS08210,SGL_RS08025,0.0852870407270031
SGL_RS00320,SGL_RS07620,0.085285424901143
SGL_RS18290,SGL_RS18310,0.0852818681382154
SGL_RS09285,SGL_RS02700,0.085276296535044
SGL_RS08835,SGL_RS14640,0.0852544685126432
SGL_RS10820,SGL_RS03330,0.0852087523298779
SGL_RS04450,SGL_RS09950,0.0851982791155768
SGL_RS10605,SGL_RS12940,0.0851966555818198
SGL_RS10820,SGL_RS13355,0.0851925327363185
SGL_RS07535,SGL_RS16790,0.0851920789059879
SGL_RS17760,SGL_RS15450,0.0851831344556282
SGL_RS12595,SGL_RS10220,0.0851787020930757
SGL_RS13130,SGL_RS03025,0.0851768151768443
SGL_RS09285,SGL_RS13330,0.085169868118243
SGL_RS07535,SGL_RS19750,0.0851692097170715
SGL_RS06215,SGL_RS06985,0.0851673103306531
SGL_RS07535,SGL_RS15365,0.0851605402221707
SGL_RS01215,SGL_RS16160,0.0851570515374798
SGL_RS10605,SGL_RS16620,0.0851503021803382
SGL_RS17760,SGL_RS09990,0.0851497757691117
SGL_RS00515,SGL_RS04980,0.0851385653790179
SGL_RS14385,SGL_RS06425,0.0851343204186774
SGL_RS15805,SGL_RS17445,0.0851316578219369
SGL_RS08210,SGL_RS07540,0.0851242375262988
SGL_RS11370,SGL_RS09160,0.0851127640289132
SGL_RS15805,SGL_RS13860,0.0851011346928868
SGL_RS00400,SGL_RS01415,0.0850985075401519
SGL_RS15210,SGL_RS06585,0.0850934443181859
SGL_RS12595,SGL_RS09640,0.0850840453546331
SGL_RS10820,SGL_RS00905,0.0850817681153648
SGL_RS11985,SGL_RS20140,0.0850808792445715
SGL_RS09285,SGL_RS05620,0.085078092689409
SGL_RS10820,SGL_RS02930,0.0850732122353194
SGL_RS15310,SGL_RS15140,0.0850723049415659
SGL_RS03065,SGL_RS12025,0.0850688943615699
SGL_RS06080,SGL_RS19480,0.0850674423395593
SGL_RS10605,SGL_RS09320,0.0850668613737418
SGL_RS00400,SGL_RS01595,0.0850577255070352
SGL_RS06340,SGL_RS19960,0.085057501496557
SGL_RS12005,SGL_RS13215,0.0850541059515234
SGL_RS11285,SGL_RS07300,0.085048049706712
SGL_RS13130,SGL_RS15430,0.0850460514730968
SGL_RS06080,SGL_RS13345,0.085041278099092
SGL_RS00400,SGL_RS19300,0.0850401933355316
SGL_RS15965,SGL_RS00095,0.0850214527223645
SGL_RS17440,SGL_RS10180,0.0850144913362375
SGL_RS15805,SGL_RS09215,0.0850053699667738
SGL_RS09285,SGL_RS03085,0.0850028811394513
SGL_RS08210,SGL_RS08930,0.0849882946129592
SGL_RS17395,SGL_RS05825,0.0849877639054626
SGL_RS04820,SGL_RS03800,0.0849844843044281
SGL_RS17760,SGL_RS04400,0.0849843909174988
SGL_RS03065,SGL_RS09200,0.0849833785643268
SGL_RS12430,SGL_RS11490,0.0849710516453791
SGL_RS00320,SGL_RS08730,0.0849687543496649
SGL_RS00320,SGL_RS14880,0.0849556231655894
SGL_RS08835,SGL_RS02355,0.0849491358008088
SGL_RS00455,SGL_RS03660,0.0849434902752602
SGL_RS02990,SGL_RS16760,0.0849339415101988
SGL_RS17395,SGL_RS10455,0.0849333171636395
SGL_RS17440,SGL_RS14035,0.084930397864597
SGL_RS15805,SGL_RS01000,0.084928760045052
SGL_RS06340,SGL_RS11235,0.0849187498944304
SGL_RS06215,SGL_RS11555,0.0849177759928018
SGL_RS11370,SGL_RS02825,0.0849116067789616
SGL_RS01625,SGL_RS15365,0.0849037968131666
SGL_RS10820,SGL_RS03520,0.0849035798117357
SGL_RS00320,SGL_RS15730,0.0848960029281339
SGL_RS12430,SGL_RS02395,0.0848947430732646
SGL_RS03065,SGL_RS12185,0.0848907205934959
SGL_RS01980,SGL_RS02170,0.0848860747748402
SGL_RS15215,SGL_RS07835,0.0848836752516218
SGL_RS04450,SGL_RS11475,0.0848759056573385
SGL_RS16495,SGL_RS00045,0.0848750209147372
SGL_RS17245,SGL_RS03445,0.0848747694310029
SGL_RS09285,SGL_RS18350,0.0848617138027044
SGL_RS03065,SGL_RS13935,0.0848598559424659
SGL_RS12430,SGL_RS15455,0.0848573574509709
SGL_RS04615,SGL_RS10480,0.0848521403649604
SGL_RS00075,SGL_RS19780,0.0848486881240799
SGL_RS02990,SGL_RS17390,0.0848483309320747
SGL_RS11285,SGL_RS17530,0.0848471703535417
SGL_RS02470,SGL_RS13625,0.0848347641962047
SGL_RS13130,SGL_RS18295,0.0848268258110859
SGL_RS01980,SGL_RS00290,0.0848158378509196
SGL_RS12595,SGL_RS20155,0.0848143618331925
SGL_RS06215,SGL_RS12640,0.0848082759845741
SGL_RS08835,SGL_RS11350,0.0848072979956242
SGL_RS07730,SGL_RS16695,0.0847982067017169
SGL_RS17245,SGL_RS19815,0.0847971053779688
SGL_RS08210,SGL_RS04000,0.0847684690542352
SGL_RS08500,SGL_RS02390,0.0847662189570885
SGL_RS15805,SGL_RS04745,0.0847517322873406
SGL_RS03065,SGL_RS10365,0.0847462097340403
SGL_RS03065,SGL_RS06550,0.0847439371137588
SGL_RS18290,SGL_RS04710,0.0847424880397847
SGL_RS08500,SGL_RS17510,0.0847413005408282
SGL_RS06340,SGL_RS13370,0.08473559544284
SGL_RS04055,SGL_RS11125,0.0847152450660107
SGL_RS17395,SGL_RS05450,0.0847002339580724
SGL_RS00320,SGL_RS09935,0.0846953317657581
SGL_RS04055,SGL_RS16050,0.0846937357200072
SGL_RS12430,SGL_RS15110,0.0846877313765576
SGL_RS10605,SGL_RS17310,0.0846841389062126
SGL_RS00400,SGL_RS13585,0.0846835207205846
SGL_RS15210,SGL_RS01540,0.0846823507133776
SGL_RS15245,SGL_RS09255,0.0846812129298839
SGL_RS09285,SGL_RS16805,0.0846792372802791
SGL_RS02020,SGL_RS15385,0.0846725123640303
SGL_RS00455,SGL_RS07935,0.0846682106186234
SGL_RS11985,SGL_RS16165,0.0846569222617149
SGL_RS03065,SGL_RS14605,0.084648507291979
SGL_RS00670,SGL_RS01060,0.0846395489553886
SGL_RS00075,SGL_RS11905,0.0846305693502748
SGL_RS09285,SGL_RS16975,0.0846299107764161
SGL_RS04725,SGL_RS13520,0.0846294829415957
SGL_RS02990,SGL_RS02855,0.0846259297774857
SGL_RS12430,SGL_RS10950,0.0846206805581089
SGL_RS00455,SGL_RS07265,0.0846149658142175
SGL_RS15805,SGL_RS03275,0.0846030581187745
SGL_RS00320,SGL_RS01265,0.0845950653369071
SGL_RS08520,SGL_RS00625,0.0845939422173268
SGL_RS02510,SGL_RS09090,0.0845828735753498
SGL_RS08210,SGL_RS14530,0.084581376080498
SGL_RS04725,SGL_RS18370,0.084576151043203
SGL_RS11370,SGL_RS15270,0.0845738901915097
SGL_RS04055,SGL_RS13845,0.0845706424743864
SGL_RS17245,SGL_RS13100,0.0845628176931731
SGL_RS04055,SGL_RS12390,0.084560647778595
SGL_RS05150,SGL_RS05335,0.0845598637223835
SGL_RS06480,SGL_RS02125,0.0845536531341884
SGL_RS12595,SGL_RS11100,0.0845502299454149
SGL_RS08210,SGL_RS10575,0.0845497110600842
SGL_RS12485,SGL_RS19495,0.0845461685791729
SGL_RS15210,SGL_RS06780,0.0845449686770718
SGL_RS00400,SGL_RS06175,0.084539869990602
SGL_RS00400,SGL_RS06385,0.0845269054709564
